                        Enregistrements erronés lors du chargement de relevés                    Date :18-SEP-2026  Page : 1

  N°     Contenu   
-------------------------------------------------------------------------------------------------------------------------------
00001 >  0130003    03620EUR2 00020137269  160926                                                  0000000000000{                
 Erreur 025 : Journée manquante (date supérieure à celle du dernier relevé chargé)                                
        001 - 002 code enregistrement  = 01                                                                              
        003 - 005 code banque          = 30003                                                                           
        012 - 005 code guichet         = 03620                                                                           
        017 - 003 devise               = EUR                                                                             
        020 - 001 nombre de décimales  = 2                                                                               
        022 - 011 numéro de compte     = 00020137269                                                                     
        033 - 002 code opération AFB   =                                                                                 
        035 - 006 date d'opération     = 160926                                                                          
        091 - 014 ancien solde         = 0000000000000{                                                                  
00003 >  0130003    02280EUR2 00025150354  160926                                                  0000000000000{                
 Erreur 025 : Journée manquante (date supérieure à celle du dernier relevé chargé)                                
        001 - 002 code enregistrement  = 01                                                                              
        003 - 005 code banque          = 30003                                                                           
        012 - 005 code guichet         = 02280                                                                           
        017 - 003 devise               = EUR                                                                             
        020 - 001 nombre de décimales  = 2                                                                               
        022 - 011 numéro de compte     = 00025150354                                                                     
        033 - 002 code opération AFB   =                                                                                 
        035 - 006 date d'opération     = 160926                                                                          
        091 - 014 ancien solde         = 0000000000000{                                                                  
00005 >  0130003    03620EUR2 00020150049  160926                                                  0000000000000{                
 Erreur 025 : Journée manquante (date supérieure à celle du dernier relevé chargé)                                
        001 - 002 code enregistrement  = 01                                                                              
        003 - 005 code banque          = 30003                                                                           
        012 - 005 code guichet         = 03620                                                                           
        017 - 003 devise               = EUR                                                                             
        020 - 001 nombre de décimales  = 2                                                                               
        022 - 011 numéro de compte     = 00020150049                                                                     
        033 - 002 code opération AFB   =                                                                                 
        035 - 006 date d'opération     = 160926                                                                          
        091 - 014 ancien solde         = 0000000000000{                                                                  
00007 >  0130003    03175EUR2 00020516164  160926                                                  0000000000000{                
 Erreur 025 : Journée manquante (date supérieure à celle du dernier relevé chargé)                                
        001 - 002 code enregistrement  = 01                                                                              
        003 - 005 code banque          = 30003                                                                           
        012 - 005 code guichet         = 03175                                                                           
        017 - 003 devise               = EUR                                                                             
        020 - 001 nombre de décimales  = 2                                                                               
        022 - 011 numéro de compte     = 00020516164                                                                     
        033 - 002 code opération AFB   =                                                                                 
        035 - 006 date d'opération     = 160926                                                                          
        091 - 014 ancien solde         = 0000000000000{                                                                  
                        Enregistrements erronés lors du chargement de relevés                    Date :18-SEP-2026  Page : 2

  N°     Contenu   
-------------------------------------------------------------------------------------------------------------------------------
00036 >  0130003    03620EUR2 00020150056  160926                                                  0000000000000{                
 Erreur 025 : Journée manquante (date supérieure à celle du dernier relevé chargé)                                
        001 - 002 code enregistrement  = 01                                                                              
        003 - 005 code banque          = 30003                                                                           
        012 - 005 code guichet         = 03620                                                                           
        017 - 003 devise               = EUR                                                                             
        020 - 001 nombre de décimales  = 2                                                                               
        022 - 011 numéro de compte     = 00020150056                                                                     
        033 - 002 code opération AFB   =                                                                                 
        035 - 006 date d'opération     = 160926                                                                          
        091 - 014 ancien solde         = 0000000000000{                                                                  
00178 >  0130003    03175EUR2 00020485436  160926                                                  0000000000000{                
 Erreur 025 : Journée manquante (date supérieure à celle du dernier relevé chargé)                                
        001 - 002 code enregistrement  = 01                                                                              
        003 - 005 code banque          = 30003                                                                           
        012 - 005 code guichet         = 03175                                                                           
        017 - 003 devise               = EUR                                                                             
        020 - 001 nombre de décimales  = 2                                                                               
        022 - 011 numéro de compte     = 00020485436                                                                     
        033 - 002 code opération AFB   =                                                                                 
        035 - 006 date d'opération     = 160926                                                                          
        091 - 014 ancien solde         = 0000000000000{                                                                  
00180 >  0130003    01240EUR2 00025151519  160926                                                  0000000000000{                
 Erreur 025 : Journée manquante (date supérieure à celle du dernier relevé chargé)                                
        001 - 002 code enregistrement  = 01                                                                              
        003 - 005 code banque          = 30003                                                                           
        012 - 005 code guichet         = 01240                                                                           
        017 - 003 devise               = EUR                                                                             
        020 - 001 nombre de décimales  = 2                                                                               
        022 - 011 numéro de compte     = 00025151519                                                                     
        033 - 002 code opération AFB   =                                                                                 
        035 - 006 date d'opération     = 160926                                                                          
        091 - 014 ancien solde         = 0000000000000{                                                                  
00197 >  0130003    03175EUR2 00020496532  160926                                                  0000000000000{                
 Erreur 025 : Journée manquante (date supérieure à celle du dernier relevé chargé)                                
        001 - 002 code enregistrement  = 01                                                                              
        003 - 005 code banque          = 30003                                                                           
        012 - 005 code guichet         = 03175                                                                           
        017 - 003 devise               = EUR                                                                             
        020 - 001 nombre de décimales  = 2                                                                               
        022 - 011 numéro de compte     = 00020496532                                                                     
        033 - 002 code opération AFB   =                                                                                 
        035 - 006 date d'opération     = 160926                                                                          
        091 - 014 ancien solde         = 0000000000000{                                                                  
                        Enregistrements erronés lors du chargement de relevés                    Date :18-SEP-2026  Page : 3

  N°     Contenu   
-------------------------------------------------------------------------------------------------------------------------------
00223 >  0130003    03175EUR2 00020354244  160926                                                  0000000000000{                
 Erreur 025 : Journée manquante (date supérieure à celle du dernier relevé chargé)                                
        001 - 002 code enregistrement  = 01                                                                              
        003 - 005 code banque          = 30003                                                                           
        012 - 005 code guichet         = 03175                                                                           
        017 - 003 devise               = EUR                                                                             
        020 - 001 nombre de décimales  = 2                                                                               
        022 - 011 numéro de compte     = 00020354244                                                                     
        033 - 002 code opération AFB   =                                                                                 
        035 - 006 date d'opération     = 160926                                                                          
        091 - 014 ancien solde         = 0000000000000{                                                                  
00260 >  0130003    01100EUR2 00020398294  160926                                                  0000000000000{                
 Erreur 025 : Journée manquante (date supérieure à celle du dernier relevé chargé)                                
        001 - 002 code enregistrement  = 01                                                                              
        003 - 005 code banque          = 30003                                                                           
        012 - 005 code guichet         = 01100                                                                           
        017 - 003 devise               = EUR                                                                             
        020 - 001 nombre de décimales  = 2                                                                               
        022 - 011 numéro de compte     = 00020398294                                                                     
        033 - 002 code opération AFB   =                                                                                 
        035 - 006 date d'opération     = 160926                                                                          
        091 - 014 ancien solde         = 0000000000000{                                                                  
00270 >  0130003    03175EUR2 00020260508  160926                                                  0000000000000{                
 Erreur 025 : Journée manquante (date supérieure à celle du dernier relevé chargé)                                
        001 - 002 code enregistrement  = 01                                                                              
        003 - 005 code banque          = 30003                                                                           
        012 - 005 code guichet         = 03175                                                                           
        017 - 003 devise               = EUR                                                                             
        020 - 001 nombre de décimales  = 2                                                                               
        022 - 011 numéro de compte     = 00020260508                                                                     
        033 - 002 code opération AFB   =                                                                                 
        035 - 006 date d'opération     = 160926                                                                          
        091 - 014 ancien solde         = 0000000000000{                                                                  
00284 >  0130003    03620EUR2 00020150098  160926                                                  0000000000000{                
 Erreur 025 : Journée manquante (date supérieure à celle du dernier relevé chargé)                                
        001 - 002 code enregistrement  = 01                                                                              
        003 - 005 code banque          = 30003                                                                           
        012 - 005 code guichet         = 03620                                                                           
        017 - 003 devise               = EUR                                                                             
        020 - 001 nombre de décimales  = 2                                                                               
        022 - 011 numéro de compte     = 00020150098                                                                     
        033 - 002 code opération AFB   =                                                                                 
        035 - 006 date d'opération     = 160926                                                                          
        091 - 014 ancien solde         = 0000000000000{                                                                  
                        Enregistrements erronés lors du chargement de relevés                    Date :18-SEP-2026  Page : 4

  N°     Contenu   
-------------------------------------------------------------------------------------------------------------------------------
00293 >  0130003    03620EUR2 00020169593  160926                                                  0000000000000{                
 Erreur 025 : Journée manquante (date supérieure à celle du dernier relevé chargé)                                
        001 - 002 code enregistrement  = 01                                                                              
        003 - 005 code banque          = 30003                                                                           
        012 - 005 code guichet         = 03620                                                                           
        017 - 003 devise               = EUR                                                                             
        020 - 001 nombre de décimales  = 2                                                                               
        022 - 011 numéro de compte     = 00020169593                                                                     
        033 - 002 code opération AFB   =                                                                                 
        035 - 006 date d'opération     = 160926                                                                          
        091 - 014 ancien solde         = 0000000000000{                                                                  
00295 >  0130003    01100EUR2 00020410289  160926                                                  0000000000000{                
 Erreur 025 : Journée manquante (date supérieure à celle du dernier relevé chargé)                                
        001 - 002 code enregistrement  = 01                                                                              
        003 - 005 code banque          = 30003                                                                           
        012 - 005 code guichet         = 01100                                                                           
        017 - 003 devise               = EUR                                                                             
        020 - 001 nombre de décimales  = 2                                                                               
        022 - 011 numéro de compte     = 00020410289                                                                     
        033 - 002 code opération AFB   =                                                                                 
        035 - 006 date d'opération     = 160926                                                                          
        091 - 014 ancien solde         = 0000000000000{                                                                  
00297 >  0130003    03175EUR2 00020255979  160926                                                  0000000000000{                
 Erreur 025 : Journée manquante (date supérieure à celle du dernier relevé chargé)                                
        001 - 002 code enregistrement  = 01                                                                              
        003 - 005 code banque          = 30003                                                                           
        012 - 005 code guichet         = 03175                                                                           
        017 - 003 devise               = EUR                                                                             
        020 - 001 nombre de décimales  = 2                                                                               
        022 - 011 numéro de compte     = 00020255979                                                                     
        033 - 002 code opération AFB   =                                                                                 
        035 - 006 date d'opération     = 160926                                                                          
        091 - 014 ancien solde         = 0000000000000{                                                                  
00315 >  0130003    03620EUR2 00020137293  160926                                                  0000000000000{                
 Erreur 025 : Journée manquante (date supérieure à celle du dernier relevé chargé)                                
        001 - 002 code enregistrement  = 01                                                                              
        003 - 005 code banque          = 30003                                                                           
        012 - 005 code guichet         = 03620                                                                           
        017 - 003 devise               = EUR                                                                             
        020 - 001 nombre de décimales  = 2                                                                               
        022 - 011 numéro de compte     = 00020137293                                                                     
        033 - 002 code opération AFB   =                                                                                 
        035 - 006 date d'opération     = 160926                                                                          
        091 - 014 ancien solde         = 0000000000000{                                                                  
                        Enregistrements erronés lors du chargement de relevés                    Date :18-SEP-2026  Page : 5

  N°     Contenu   
-------------------------------------------------------------------------------------------------------------------------------
00317 >  0130003    01240EUR2 00025151626  160926                                                  0000000000000{                
 Erreur 025 : Journée manquante (date supérieure à celle du dernier relevé chargé)                                
        001 - 002 code enregistrement  = 01                                                                              
        003 - 005 code banque          = 30003                                                                           
        012 - 005 code guichet         = 01240                                                                           
        017 - 003 devise               = EUR                                                                             
        020 - 001 nombre de décimales  = 2                                                                               
        022 - 011 numéro de compte     = 00025151626                                                                     
        033 - 002 code opération AFB   =                                                                                 
        035 - 006 date d'opération     = 160926                                                                          
        091 - 014 ancien solde         = 0000000000000{                                                                  
00324 >  0130003    03620EUR2 00020160600  160926                                                  0000000000000{                
 Erreur 025 : Journée manquante (date supérieure à celle du dernier relevé chargé)                                
        001 - 002 code enregistrement  = 01                                                                              
        003 - 005 code banque          = 30003                                                                           
        012 - 005 code guichet         = 03620                                                                           
        017 - 003 devise               = EUR                                                                             
        020 - 001 nombre de décimales  = 2                                                                               
        022 - 011 numéro de compte     = 00020160600                                                                     
        033 - 002 code opération AFB   =                                                                                 
        035 - 006 date d'opération     = 160926                                                                          
        091 - 014 ancien solde         = 0000000000000{                                                                  
00326 >  0130003    03859EUR2 00025150347  160926                                                  0000000000000{                
 Erreur 025 : Journée manquante (date supérieure à celle du dernier relevé chargé)                                
        001 - 002 code enregistrement  = 01                                                                              
        003 - 005 code banque          = 30003                                                                           
        012 - 005 code guichet         = 03859                                                                           
        017 - 003 devise               = EUR                                                                             
        020 - 001 nombre de décimales  = 2                                                                               
        022 - 011 numéro de compte     = 00025150347                                                                     
        033 - 002 code opération AFB   =                                                                                 
        035 - 006 date d'opération     = 160926                                                                          
        091 - 014 ancien solde         = 0000000000000{                                                                  
00766 >  0130003    03175EUR2 00020516107  160926                                                  0000000000000{                
 Erreur 025 : Journée manquante (date supérieure à celle du dernier relevé chargé)                                
        001 - 002 code enregistrement  = 01                                                                              
        003 - 005 code banque          = 30003                                                                           
        012 - 005 code guichet         = 03175                                                                           
        017 - 003 devise               = EUR                                                                             
        020 - 001 nombre de décimales  = 2                                                                               
        022 - 011 numéro de compte     = 00020516107                                                                     
        033 - 002 code opération AFB   =                                                                                 
        035 - 006 date d'opération     = 160926                                                                          
        091 - 014 ancien solde         = 0000000000000{                                                                  
                        Enregistrements erronés lors du chargement de relevés                    Date :18-SEP-2026  Page : 6

  N°     Contenu   
-------------------------------------------------------------------------------------------------------------------------------
00782 >  0130003    01100EUR2 00020415601  160926                                                  0000000000000{                
 Erreur 025 : Journée manquante (date supérieure à celle du dernier relevé chargé)                                
        001 - 002 code enregistrement  = 01                                                                              
        003 - 005 code banque          = 30003                                                                           
        012 - 005 code guichet         = 01100                                                                           
        017 - 003 devise               = EUR                                                                             
        020 - 001 nombre de décimales  = 2                                                                               
        022 - 011 numéro de compte     = 00020415601                                                                     
        033 - 002 code opération AFB   =                                                                                 
        035 - 006 date d'opération     = 160926                                                                          
        091 - 014 ancien solde         = 0000000000000{                                                                  
00791 >  0130003    03175EUR2 00020294374  160926                                                  0000000000000{                
 Erreur 025 : Journée manquante (date supérieure à celle du dernier relevé chargé)                                
        001 - 002 code enregistrement  = 01                                                                              
        003 - 005 code banque          = 30003                                                                           
        012 - 005 code guichet         = 03175                                                                           
        017 - 003 devise               = EUR                                                                             
        020 - 001 nombre de décimales  = 2                                                                               
        022 - 011 numéro de compte     = 00020294374                                                                     
        033 - 002 code opération AFB   =                                                                                 
        035 - 006 date d'opération     = 160926                                                                          
        091 - 014 ancien solde         = 0000000000000{                                                                  
00793 >  0130003    03620EUR2 00020150148  160926                                                  0000000000000{                
 Erreur 025 : Journée manquante (date supérieure à celle du dernier relevé chargé)                                
        001 - 002 code enregistrement  = 01                                                                              
        003 - 005 code banque          = 30003                                                                           
        012 - 005 code guichet         = 03620                                                                           
        017 - 003 devise               = EUR                                                                             
        020 - 001 nombre de décimales  = 2                                                                               
        022 - 011 numéro de compte     = 00020150148                                                                     
        033 - 002 code opération AFB   =                                                                                 
        035 - 006 date d'opération     = 160926                                                                          
        091 - 014 ancien solde         = 0000000000000{                                                                  
00795 >  0130003    03620EUR2 00020674626  160926                                                  0000000000000{                
 Erreur 025 : Journée manquante (date supérieure à celle du dernier relevé chargé)                                
        001 - 002 code enregistrement  = 01                                                                              
        003 - 005 code banque          = 30003                                                                           
        012 - 005 code guichet         = 03620                                                                           
        017 - 003 devise               = EUR                                                                             
        020 - 001 nombre de décimales  = 2                                                                               
        022 - 011 numéro de compte     = 00020674626                                                                     
        033 - 002 code opération AFB   =                                                                                 
        035 - 006 date d'opération     = 160926                                                                          
        091 - 014 ancien solde         = 0000000000000{                                                                  
                        Enregistrements erronés lors du chargement de relevés                    Date :18-SEP-2026  Page : 7

  N°     Contenu   
-------------------------------------------------------------------------------------------------------------------------------
00801 >  0130003    03175EUR2 00020297690  160926                                                  0000000000000{                
 Erreur 025 : Journée manquante (date supérieure à celle du dernier relevé chargé)                                
        001 - 002 code enregistrement  = 01                                                                              
        003 - 005 code banque          = 30003                                                                           
        012 - 005 code guichet         = 03175                                                                           
        017 - 003 devise               = EUR                                                                             
        020 - 001 nombre de décimales  = 2                                                                               
        022 - 011 numéro de compte     = 00020297690                                                                     
        033 - 002 code opération AFB   =                                                                                 
        035 - 006 date d'opération     = 160926                                                                          
        091 - 014 ancien solde         = 0000000000000{                                                                  
00803 >  0130003    02360EUR2 00020117309  160926                                                  0000000000000{                
 Erreur 025 : Journée manquante (date supérieure à celle du dernier relevé chargé)                                
        001 - 002 code enregistrement  = 01                                                                              
        003 - 005 code banque          = 30003                                                                           
        012 - 005 code guichet         = 02360                                                                           
        017 - 003 devise               = EUR                                                                             
        020 - 001 nombre de décimales  = 2                                                                               
        022 - 011 numéro de compte     = 00020117309                                                                     
        033 - 002 code opération AFB   =                                                                                 
        035 - 006 date d'opération     = 160926                                                                          
        091 - 014 ancien solde         = 0000000000000{                                                                  
00903 >  0130003    03620EUR2 00020150031  160926                                                  0000000000000{                
 Erreur 025 : Journée manquante (date supérieure à celle du dernier relevé chargé)                                
        001 - 002 code enregistrement  = 01                                                                              
        003 - 005 code banque          = 30003                                                                           
        012 - 005 code guichet         = 03620                                                                           
        017 - 003 devise               = EUR                                                                             
        020 - 001 nombre de décimales  = 2                                                                               
        022 - 011 numéro de compte     = 00020150031                                                                     
        033 - 002 code opération AFB   =                                                                                 
        035 - 006 date d'opération     = 160926                                                                          
        091 - 014 ancien solde         = 0000000000000{                                                                  
00905 >  0130003    03175EUR2 00020807357  160926                                                  0000000000000{                
 Erreur 025 : Journée manquante (date supérieure à celle du dernier relevé chargé)                                
        001 - 002 code enregistrement  = 01                                                                              
        003 - 005 code banque          = 30003                                                                           
        012 - 005 code guichet         = 03175                                                                           
        017 - 003 devise               = EUR                                                                             
        020 - 001 nombre de décimales  = 2                                                                               
        022 - 011 numéro de compte     = 00020807357                                                                     
        033 - 002 code opération AFB   =                                                                                 
        035 - 006 date d'opération     = 160926                                                                          
        091 - 014 ancien solde         = 0000000000000{                                                                  
                        Enregistrements erronés lors du chargement de relevés                    Date :18-SEP-2026  Page : 8

  N°     Contenu   
-------------------------------------------------------------------------------------------------------------------------------
01149 >  0130003    03175EUR2 00020262181  160926                                                  0000000000000{                
 Erreur 025 : Journée manquante (date supérieure à celle du dernier relevé chargé)                                
        001 - 002 code enregistrement  = 01                                                                              
        003 - 005 code banque          = 30003                                                                           
        012 - 005 code guichet         = 03175                                                                           
        017 - 003 devise               = EUR                                                                             
        020 - 001 nombre de décimales  = 2                                                                               
        022 - 011 numéro de compte     = 00020262181                                                                     
        033 - 002 code opération AFB   =                                                                                 
        035 - 006 date d'opération     = 160926                                                                          
        091 - 014 ancien solde         = 0000000000000{                                                                  
01172 >  0130003    03620EUR2 00020145213  160926                                                  0000000000000{                
 Erreur 025 : Journée manquante (date supérieure à celle du dernier relevé chargé)                                
        001 - 002 code enregistrement  = 01                                                                              
        003 - 005 code banque          = 30003                                                                           
        012 - 005 code guichet         = 03620                                                                           
        017 - 003 devise               = EUR                                                                             
        020 - 001 nombre de décimales  = 2                                                                               
        022 - 011 numéro de compte     = 00020145213                                                                     
        033 - 002 code opération AFB   =                                                                                 
        035 - 006 date d'opération     = 160926                                                                          
        091 - 014 ancien solde         = 0000000000000{                                                                  
01178 >  0130003    03175EUR2 00020444219  160926                                                  0000000000000{                
 Erreur 025 : Journée manquante (date supérieure à celle du dernier relevé chargé)                                
        001 - 002 code enregistrement  = 01                                                                              
        003 - 005 code banque          = 30003                                                                           
        012 - 005 code guichet         = 03175                                                                           
        017 - 003 devise               = EUR                                                                             
        020 - 001 nombre de décimales  = 2                                                                               
        022 - 011 numéro de compte     = 00020444219                                                                     
        033 - 002 code opération AFB   =                                                                                 
        035 - 006 date d'opération     = 160926                                                                          
        091 - 014 ancien solde         = 0000000000000{                                                                  
01195 >  0130003    01100EUR2 00020415619  160926                                                  0000000000000{                
 Erreur 025 : Journée manquante (date supérieure à celle du dernier relevé chargé)                                
        001 - 002 code enregistrement  = 01                                                                              
        003 - 005 code banque          = 30003                                                                           
        012 - 005 code guichet         = 01100                                                                           
        017 - 003 devise               = EUR                                                                             
        020 - 001 nombre de décimales  = 2                                                                               
        022 - 011 numéro de compte     = 00020415619                                                                     
        033 - 002 code opération AFB   =                                                                                 
        035 - 006 date d'opération     = 160926                                                                          
        091 - 014 ancien solde         = 0000000000000{                                                                  
                        Enregistrements erronés lors du chargement de relevés                    Date :18-SEP-2026  Page : 9

  N°     Contenu   
-------------------------------------------------------------------------------------------------------------------------------
01202 >  0130003    01100EUR2 00020410065  160926                                                  0000000000000{                
 Erreur 025 : Journée manquante (date supérieure à celle du dernier relevé chargé)                                
        001 - 002 code enregistrement  = 01                                                                              
        003 - 005 code banque          = 30003                                                                           
        012 - 005 code guichet         = 01100                                                                           
        017 - 003 devise               = EUR                                                                             
        020 - 001 nombre de décimales  = 2                                                                               
        022 - 011 numéro de compte     = 00020410065                                                                     
        033 - 002 code opération AFB   =                                                                                 
        035 - 006 date d'opération     = 160926                                                                          
        091 - 014 ancien solde         = 0000000000000{                                                                  
01211 >  0130003    03620EUR2 00020169544  160926                                                  0000000000000{                
 Erreur 025 : Journée manquante (date supérieure à celle du dernier relevé chargé)                                
        001 - 002 code enregistrement  = 01                                                                              
        003 - 005 code banque          = 30003                                                                           
        012 - 005 code guichet         = 03620                                                                           
        017 - 003 devise               = EUR                                                                             
        020 - 001 nombre de décimales  = 2                                                                               
        022 - 011 numéro de compte     = 00020169544                                                                     
        033 - 002 code opération AFB   =                                                                                 
        035 - 006 date d'opération     = 160926                                                                          
        091 - 014 ancien solde         = 0000000000000{                                                                  
01213 >  0130003    03620EUR2 00020030530  160926                                                  0000000000000{                
 Erreur 025 : Journée manquante (date supérieure à celle du dernier relevé chargé)                                
        001 - 002 code enregistrement  = 01                                                                              
        003 - 005 code banque          = 30003                                                                           
        012 - 005 code guichet         = 03620                                                                           
        017 - 003 devise               = EUR                                                                             
        020 - 001 nombre de décimales  = 2                                                                               
        022 - 011 numéro de compte     = 00020030530                                                                     
        033 - 002 code opération AFB   =                                                                                 
        035 - 006 date d'opération     = 160926                                                                          
        091 - 014 ancien solde         = 0000000000000{                                                                  
01222 >  0130003    00080EUR2 00020343254  160926                                                  0000000000000{                
 Erreur 001 : Compte bancaire erroné                                                                              
        001 - 002 code enregistrement  = 01                                                                              
        003 - 005 code banque          = 30003                                                                           
        012 - 005 code guichet         = 00080                                                                           
        017 - 003 devise               = EUR                                                                             
        020 - 001 nombre de décimales  = 2                                                                               
        022 - 011 numéro de compte     = 00020343254                                                                     
        033 - 002 code opération AFB   =                                                                                 
        035 - 006 date d'opération     = 160926                                                                          
        091 - 014 ancien solde         = 0000000000000{                                                                  
                        Enregistrements erronés lors du chargement de relevés                    Date :18-SEP-2026  Page : 10

  N°     Contenu   
-------------------------------------------------------------------------------------------------------------------------------
02205 >  0130003    03175EUR2 00020288152  160926                                                  0000000000000{                
 Erreur 025 : Journée manquante (date supérieure à celle du dernier relevé chargé)                                
        001 - 002 code enregistrement  = 01                                                                              
        003 - 005 code banque          = 30003                                                                           
        012 - 005 code guichet         = 03175                                                                           
        017 - 003 devise               = EUR                                                                             
        020 - 001 nombre de décimales  = 2                                                                               
        022 - 011 numéro de compte     = 00020288152                                                                     
        033 - 002 code opération AFB   =                                                                                 
        035 - 006 date d'opération     = 160926                                                                          
        091 - 014 ancien solde         = 0000000000000{                                                                  
02207 >  0130003    01467EUR2 00020728976  160926                                                  0000000000000{                
 Erreur 025 : Journée manquante (date supérieure à celle du dernier relevé chargé)                                
        001 - 002 code enregistrement  = 01                                                                              
        003 - 005 code banque          = 30003                                                                           
        012 - 005 code guichet         = 01467                                                                           
        017 - 003 devise               = EUR                                                                             
        020 - 001 nombre de décimales  = 2                                                                               
        022 - 011 numéro de compte     = 00020728976                                                                     
        033 - 002 code opération AFB   =                                                                                 
        035 - 006 date d'opération     = 160926                                                                          
        091 - 014 ancien solde         = 0000000000000{                                                                  
02227 >  0130003    03175EUR2 00020297708  160926                                                  0000000000000{                
 Erreur 025 : Journée manquante (date supérieure à celle du dernier relevé chargé)                                
        001 - 002 code enregistrement  = 01                                                                              
        003 - 005 code banque          = 30003                                                                           
        012 - 005 code guichet         = 03175                                                                           
        017 - 003 devise               = EUR                                                                             
        020 - 001 nombre de décimales  = 2                                                                               
        022 - 011 numéro de compte     = 00020297708                                                                     
        033 - 002 code opération AFB   =                                                                                 
        035 - 006 date d'opération     = 160926                                                                          
        091 - 014 ancien solde         = 0000000000000{                                                                  
02237 >  0130003    01100EUR2 00020415510  160926                                                  0000000000000{                
 Erreur 025 : Journée manquante (date supérieure à celle du dernier relevé chargé)                                
        001 - 002 code enregistrement  = 01                                                                              
        003 - 005 code banque          = 30003                                                                           
        012 - 005 code guichet         = 01100                                                                           
        017 - 003 devise               = EUR                                                                             
        020 - 001 nombre de décimales  = 2                                                                               
        022 - 011 numéro de compte     = 00020415510                                                                     
        033 - 002 code opération AFB   =                                                                                 
        035 - 006 date d'opération     = 160926                                                                          
        091 - 014 ancien solde         = 0000000000000{                                                                  
                        Enregistrements erronés lors du chargement de relevés                    Date :18-SEP-2026  Page : 11

  N°     Contenu   
-------------------------------------------------------------------------------------------------------------------------------
02239 >  0130003    03620EUR2 00020137228  160926                                                  0000000000000{                
 Erreur 025 : Journée manquante (date supérieure à celle du dernier relevé chargé)                                
        001 - 002 code enregistrement  = 01                                                                              
        003 - 005 code banque          = 30003                                                                           
        012 - 005 code guichet         = 03620                                                                           
        017 - 003 devise               = EUR                                                                             
        020 - 001 nombre de décimales  = 2                                                                               
        022 - 011 numéro de compte     = 00020137228                                                                     
        033 - 002 code opération AFB   =                                                                                 
        035 - 006 date d'opération     = 160926                                                                          
        091 - 014 ancien solde         = 0000000000000{                                                                  
02248 >  0130003    01100EUR2 00020410271  160926                                                  0000000000000{                
 Erreur 025 : Journée manquante (date supérieure à celle du dernier relevé chargé)                                
        001 - 002 code enregistrement  = 01                                                                              
        003 - 005 code banque          = 30003                                                                           
        012 - 005 code guichet         = 01100                                                                           
        017 - 003 devise               = EUR                                                                             
        020 - 001 nombre de décimales  = 2                                                                               
        022 - 011 numéro de compte     = 00020410271                                                                     
        033 - 002 code opération AFB   =                                                                                 
        035 - 006 date d'opération     = 160926                                                                          
        091 - 014 ancien solde         = 0000000000000{                                                                  
02250 >  0130003    01785EUR2 00025155114  160926                                                  0000000000000{                
 Erreur 025 : Journée manquante (date supérieure à celle du dernier relevé chargé)                                
        001 - 002 code enregistrement  = 01                                                                              
        003 - 005 code banque          = 30003                                                                           
        012 - 005 code guichet         = 01785                                                                           
        017 - 003 devise               = EUR                                                                             
        020 - 001 nombre de décimales  = 2                                                                               
        022 - 011 numéro de compte     = 00025155114                                                                     
        033 - 002 code opération AFB   =                                                                                 
        035 - 006 date d'opération     = 160926                                                                          
        091 - 014 ancien solde         = 0000000000000{                                                                  
02728 >  0130003    03175EUR2 00020281801  160926                                                  0000000000000{                
 Erreur 025 : Journée manquante (date supérieure à celle du dernier relevé chargé)                                
        001 - 002 code enregistrement  = 01                                                                              
        003 - 005 code banque          = 30003                                                                           
        012 - 005 code guichet         = 03175                                                                           
        017 - 003 devise               = EUR                                                                             
        020 - 001 nombre de décimales  = 2                                                                               
        022 - 011 numéro de compte     = 00020281801                                                                     
        033 - 002 code opération AFB   =                                                                                 
        035 - 006 date d'opération     = 160926                                                                          
        091 - 014 ancien solde         = 0000000000000{                                                                  
                        Enregistrements erronés lors du chargement de relevés                    Date :18-SEP-2026  Page : 12

  N°     Contenu   
-------------------------------------------------------------------------------------------------------------------------------
02741 >  0130003    02280EUR2 00025150164  160926                                                  0000000000000{                
 Erreur 025 : Journée manquante (date supérieure à celle du dernier relevé chargé)                                
        001 - 002 code enregistrement  = 01                                                                              
        003 - 005 code banque          = 30003                                                                           
        012 - 005 code guichet         = 02280                                                                           
        017 - 003 devise               = EUR                                                                             
        020 - 001 nombre de décimales  = 2                                                                               
        022 - 011 numéro de compte     = 00025150164                                                                     
        033 - 002 code opération AFB   =                                                                                 
        035 - 006 date d'opération     = 160926                                                                          
        091 - 014 ancien solde         = 0000000000000{                                                                  
02743 >  0130003    03620EUR2 00020010565  160926                                                  0000000000000{                
 Erreur 025 : Journée manquante (date supérieure à celle du dernier relevé chargé)                                
        001 - 002 code enregistrement  = 01                                                                              
        003 - 005 code banque          = 30003                                                                           
        012 - 005 code guichet         = 03620                                                                           
        017 - 003 devise               = EUR                                                                             
        020 - 001 nombre de décimales  = 2                                                                               
        022 - 011 numéro de compte     = 00020010565                                                                     
        033 - 002 code opération AFB   =                                                                                 
        035 - 006 date d'opération     = 160926                                                                          
        091 - 014 ancien solde         = 0000000000000{                                                                  
02752 >  0130003    03175EUR2 00020471501  160926                                                  0000000000000{                
 Erreur 025 : Journée manquante (date supérieure à celle du dernier relevé chargé)                                
        001 - 002 code enregistrement  = 01                                                                              
        003 - 005 code banque          = 30003                                                                           
        012 - 005 code guichet         = 03175                                                                           
        017 - 003 devise               = EUR                                                                             
        020 - 001 nombre de décimales  = 2                                                                               
        022 - 011 numéro de compte     = 00020471501                                                                     
        033 - 002 code opération AFB   =                                                                                 
        035 - 006 date d'opération     = 160926                                                                          
        091 - 014 ancien solde         = 0000000000000{                                                                  
02758 >  0130003    00550EUR2 00020079388  160926                                                  0000000000000{                
 Erreur 025 : Journée manquante (date supérieure à celle du dernier relevé chargé)                                
        001 - 002 code enregistrement  = 01                                                                              
        003 - 005 code banque          = 30003                                                                           
        012 - 005 code guichet         = 00550                                                                           
        017 - 003 devise               = EUR                                                                             
        020 - 001 nombre de décimales  = 2                                                                               
        022 - 011 numéro de compte     = 00020079388                                                                     
        033 - 002 code opération AFB   =                                                                                 
        035 - 006 date d'opération     = 160926                                                                          
        091 - 014 ancien solde         = 0000000000000{                                                                  
                        Enregistrements erronés lors du chargement de relevés                    Date :18-SEP-2026  Page : 13

  N°     Contenu   
-------------------------------------------------------------------------------------------------------------------------------
02787 >  0130003    01100EUR2 00020409398  160926                                                  0000000000000{                
 Erreur 025 : Journée manquante (date supérieure à celle du dernier relevé chargé)                                
        001 - 002 code enregistrement  = 01                                                                              
        003 - 005 code banque          = 30003                                                                           
        012 - 005 code guichet         = 01100                                                                           
        017 - 003 devise               = EUR                                                                             
        020 - 001 nombre de décimales  = 2                                                                               
        022 - 011 numéro de compte     = 00020409398                                                                     
        033 - 002 code opération AFB   =                                                                                 
        035 - 006 date d'opération     = 160926                                                                          
        091 - 014 ancien solde         = 0000000000000{                                                                  
02826 >  0130003    01469EUR2 00020843989  160926                                                  0000000000000{                
 Erreur 025 : Journée manquante (date supérieure à celle du dernier relevé chargé)                                
        001 - 002 code enregistrement  = 01                                                                              
        003 - 005 code banque          = 30003                                                                           
        012 - 005 code guichet         = 01469                                                                           
        017 - 003 devise               = EUR                                                                             
        020 - 001 nombre de décimales  = 2                                                                               
        022 - 011 numéro de compte     = 00020843989                                                                     
        033 - 002 code opération AFB   =                                                                                 
        035 - 006 date d'opération     = 160926                                                                          
        091 - 014 ancien solde         = 0000000000000{                                                                  
03147 >  0130003    03175EUR2 00020289366  160926                                                  0000000000000{                
 Erreur 025 : Journée manquante (date supérieure à celle du dernier relevé chargé)                                
        001 - 002 code enregistrement  = 01                                                                              
        003 - 005 code banque          = 30003                                                                           
        012 - 005 code guichet         = 03175                                                                           
        017 - 003 devise               = EUR                                                                             
        020 - 001 nombre de décimales  = 2                                                                               
        022 - 011 numéro de compte     = 00020289366                                                                     
        033 - 002 code opération AFB   =                                                                                 
        035 - 006 date d'opération     = 160926                                                                          
        091 - 014 ancien solde         = 0000000000000{                                                                  
03149 >  0130003    03620EUR2 00020010680  160926                                                  0000000000000{                
 Erreur 025 : Journée manquante (date supérieure à celle du dernier relevé chargé)                                
        001 - 002 code enregistrement  = 01                                                                              
        003 - 005 code banque          = 30003                                                                           
        012 - 005 code guichet         = 03620                                                                           
        017 - 003 devise               = EUR                                                                             
        020 - 001 nombre de décimales  = 2                                                                               
        022 - 011 numéro de compte     = 00020010680                                                                     
        033 - 002 code opération AFB   =                                                                                 
        035 - 006 date d'opération     = 160926                                                                          
        091 - 014 ancien solde         = 0000000000000{                                                                  
                        Enregistrements erronés lors du chargement de relevés                    Date :18-SEP-2026  Page : 14

  N°     Contenu   
-------------------------------------------------------------------------------------------------------------------------------
03151 >  0130003    03175EUR2 00020120439  160926                                                  0000000000000{                
 Erreur 025 : Journée manquante (date supérieure à celle du dernier relevé chargé)                                
        001 - 002 code enregistrement  = 01                                                                              
        003 - 005 code banque          = 30003                                                                           
        012 - 005 code guichet         = 03175                                                                           
        017 - 003 devise               = EUR                                                                             
        020 - 001 nombre de décimales  = 2                                                                               
        022 - 011 numéro de compte     = 00020120439                                                                     
        033 - 002 code opération AFB   =                                                                                 
        035 - 006 date d'opération     = 160926                                                                          
        091 - 014 ancien solde         = 0000000000000{                                                                  
03160 >  0130003    03620EUR2 00020010656  160926                                                  0000000000000{                
 Erreur 025 : Journée manquante (date supérieure à celle du dernier relevé chargé)                                
        001 - 002 code enregistrement  = 01                                                                              
        003 - 005 code banque          = 30003                                                                           
        012 - 005 code guichet         = 03620                                                                           
        017 - 003 devise               = EUR                                                                             
        020 - 001 nombre de décimales  = 2                                                                               
        022 - 011 numéro de compte     = 00020010656                                                                     
        033 - 002 code opération AFB   =                                                                                 
        035 - 006 date d'opération     = 160926                                                                          
        091 - 014 ancien solde         = 0000000000000{                                                                  
03168 >  0130003    03175EUR2 00020516081  160926                                                  0000000000000{                
 Erreur 025 : Journée manquante (date supérieure à celle du dernier relevé chargé)                                
        001 - 002 code enregistrement  = 01                                                                              
        003 - 005 code banque          = 30003                                                                           
        012 - 005 code guichet         = 03175                                                                           
        017 - 003 devise               = EUR                                                                             
        020 - 001 nombre de décimales  = 2                                                                               
        022 - 011 numéro de compte     = 00020516081                                                                     
        033 - 002 code opération AFB   =                                                                                 
        035 - 006 date d'opération     = 160926                                                                          
        091 - 014 ancien solde         = 0000000000000{                                                                  
03207 >  0130003    03175EUR2 00020340532  160926                                                  0000000000000{                
 Erreur 025 : Journée manquante (date supérieure à celle du dernier relevé chargé)                                
        001 - 002 code enregistrement  = 01                                                                              
        003 - 005 code banque          = 30003                                                                           
        012 - 005 code guichet         = 03175                                                                           
        017 - 003 devise               = EUR                                                                             
        020 - 001 nombre de décimales  = 2                                                                               
        022 - 011 numéro de compte     = 00020340532                                                                     
        033 - 002 code opération AFB   =                                                                                 
        035 - 006 date d'opération     = 160926                                                                          
        091 - 014 ancien solde         = 0000000000000{                                                                  
                        Enregistrements erronés lors du chargement de relevés                    Date :18-SEP-2026  Page : 15

  N°     Contenu   
-------------------------------------------------------------------------------------------------------------------------------
03250 >  0130003    03175EUR2 00020177637  160926                                                  0000000000000{                
 Erreur 025 : Journée manquante (date supérieure à celle du dernier relevé chargé)                                
        001 - 002 code enregistrement  = 01                                                                              
        003 - 005 code banque          = 30003                                                                           
        012 - 005 code guichet         = 03175                                                                           
        017 - 003 devise               = EUR                                                                             
        020 - 001 nombre de décimales  = 2                                                                               
        022 - 011 numéro de compte     = 00020177637                                                                     
        033 - 002 code opération AFB   =                                                                                 
        035 - 006 date d'opération     = 160926                                                                          
        091 - 014 ancien solde         = 0000000000000{                                                                  
03286 >  0130003    03175EUR2 00020241573  160926                                                  0000000000000{                
 Erreur 025 : Journée manquante (date supérieure à celle du dernier relevé chargé)                                
        001 - 002 code enregistrement  = 01                                                                              
        003 - 005 code banque          = 30003                                                                           
        012 - 005 code guichet         = 03175                                                                           
        017 - 003 devise               = EUR                                                                             
        020 - 001 nombre de décimales  = 2                                                                               
        022 - 011 numéro de compte     = 00020241573                                                                     
        033 - 002 code opération AFB   =                                                                                 
        035 - 006 date d'opération     = 160926                                                                          
        091 - 014 ancien solde         = 0000000000000{                                                                  
03299 >  0130003    01100EUR2 00020410685  160926                                                  0000000000000{                
 Erreur 025 : Journée manquante (date supérieure à celle du dernier relevé chargé)                                
        001 - 002 code enregistrement  = 01                                                                              
        003 - 005 code banque          = 30003                                                                           
        012 - 005 code guichet         = 01100                                                                           
        017 - 003 devise               = EUR                                                                             
        020 - 001 nombre de décimales  = 2                                                                               
        022 - 011 numéro de compte     = 00020410685                                                                     
        033 - 002 code opération AFB   =                                                                                 
        035 - 006 date d'opération     = 160926                                                                          
        091 - 014 ancien solde         = 0000000000000{                                                                  
03301 >  0130003    01100EUR2 00020415486  160926                                                  0000000000000{                
 Erreur 025 : Journée manquante (date supérieure à celle du dernier relevé chargé)                                
        001 - 002 code enregistrement  = 01                                                                              
        003 - 005 code banque          = 30003                                                                           
        012 - 005 code guichet         = 01100                                                                           
        017 - 003 devise               = EUR                                                                             
        020 - 001 nombre de décimales  = 2                                                                               
        022 - 011 numéro de compte     = 00020415486                                                                     
        033 - 002 code opération AFB   =                                                                                 
        035 - 006 date d'opération     = 160926                                                                          
        091 - 014 ancien solde         = 0000000000000{                                                                  
                        Enregistrements erronés lors du chargement de relevés                    Date :18-SEP-2026  Page : 16

  N°     Contenu   
-------------------------------------------------------------------------------------------------------------------------------
03314 >  0130003    01100EUR2 00020418951  160926                                                  0000000000000{                
 Erreur 025 : Journée manquante (date supérieure à celle du dernier relevé chargé)                                
        001 - 002 code enregistrement  = 01                                                                              
        003 - 005 code banque          = 30003                                                                           
        012 - 005 code guichet         = 01100                                                                           
        017 - 003 devise               = EUR                                                                             
        020 - 001 nombre de décimales  = 2                                                                               
        022 - 011 numéro de compte     = 00020418951                                                                     
        033 - 002 code opération AFB   =                                                                                 
        035 - 006 date d'opération     = 160926                                                                          
        091 - 014 ancien solde         = 0000000000000{                                                                  
03339 >  0130003    01100EUR2 00020392081  160926                                                  0000000000000{                
 Erreur 025 : Journée manquante (date supérieure à celle du dernier relevé chargé)                                
        001 - 002 code enregistrement  = 01                                                                              
        003 - 005 code banque          = 30003                                                                           
        012 - 005 code guichet         = 01100                                                                           
        017 - 003 devise               = EUR                                                                             
        020 - 001 nombre de décimales  = 2                                                                               
        022 - 011 numéro de compte     = 00020392081                                                                     
        033 - 002 code opération AFB   =                                                                                 
        035 - 006 date d'opération     = 160926                                                                          
        091 - 014 ancien solde         = 0000000000000{                                                                  
03348 >  0130003    03175EUR2 00020807340  160926                                                  0000000000000{                
 Erreur 025 : Journée manquante (date supérieure à celle du dernier relevé chargé)                                
        001 - 002 code enregistrement  = 01                                                                              
        003 - 005 code banque          = 30003                                                                           
        012 - 005 code guichet         = 03175                                                                           
        017 - 003 devise               = EUR                                                                             
        020 - 001 nombre de décimales  = 2                                                                               
        022 - 011 numéro de compte     = 00020807340                                                                     
        033 - 002 code opération AFB   =                                                                                 
        035 - 006 date d'opération     = 160926                                                                          
        091 - 014 ancien solde         = 0000000000000{                                                                  
03365 >  0130003    03175EUR2 00020283401  160926                                                  0000000000000{                
 Erreur 025 : Journée manquante (date supérieure à celle du dernier relevé chargé)                                
        001 - 002 code enregistrement  = 01                                                                              
        003 - 005 code banque          = 30003                                                                           
        012 - 005 code guichet         = 03175                                                                           
        017 - 003 devise               = EUR                                                                             
        020 - 001 nombre de décimales  = 2                                                                               
        022 - 011 numéro de compte     = 00020283401                                                                     
        033 - 002 code opération AFB   =                                                                                 
        035 - 006 date d'opération     = 160926                                                                          
        091 - 014 ancien solde         = 0000000000000{                                                                  
                        Enregistrements erronés lors du chargement de relevés                    Date :18-SEP-2026  Page : 17

  N°     Contenu   
-------------------------------------------------------------------------------------------------------------------------------
03510 >  0130003    03175EUR2 00020176167  160926                                                  0000000000000{                
 Erreur 025 : Journée manquante (date supérieure à celle du dernier relevé chargé)                                
        001 - 002 code enregistrement  = 01                                                                              
        003 - 005 code banque          = 30003                                                                           
        012 - 005 code guichet         = 03175                                                                           
        017 - 003 devise               = EUR                                                                             
        020 - 001 nombre de décimales  = 2                                                                               
        022 - 011 numéro de compte     = 00020176167                                                                     
        033 - 002 code opération AFB   =                                                                                 
        035 - 006 date d'opération     = 160926                                                                          
        091 - 014 ancien solde         = 0000000000000{                                                                  
03538 >  0130003    03175EUR2 00020317308  160926                                                  0000000000000{                
 Erreur 025 : Journée manquante (date supérieure à celle du dernier relevé chargé)                                
        001 - 002 code enregistrement  = 01                                                                              
        003 - 005 code banque          = 30003                                                                           
        012 - 005 code guichet         = 03175                                                                           
        017 - 003 devise               = EUR                                                                             
        020 - 001 nombre de décimales  = 2                                                                               
        022 - 011 numéro de compte     = 00020317308                                                                     
        033 - 002 code opération AFB   =                                                                                 
        035 - 006 date d'opération     = 160926                                                                          
        091 - 014 ancien solde         = 0000000000000{                                                                  
03548 >  0130003    03175EUR2 00020308026  160926                                                  0000000000000{                
 Erreur 025 : Journée manquante (date supérieure à celle du dernier relevé chargé)                                
        001 - 002 code enregistrement  = 01                                                                              
        003 - 005 code banque          = 30003                                                                           
        012 - 005 code guichet         = 03175                                                                           
        017 - 003 devise               = EUR                                                                             
        020 - 001 nombre de décimales  = 2                                                                               
        022 - 011 numéro de compte     = 00020308026                                                                     
        033 - 002 code opération AFB   =                                                                                 
        035 - 006 date d'opération     = 160926                                                                          
        091 - 014 ancien solde         = 0000000000000{                                                                  
03560 >  0130003    03175EUR2 00020172778  160926                                                  0000000000000{                
 Erreur 025 : Journée manquante (date supérieure à celle du dernier relevé chargé)                                
        001 - 002 code enregistrement  = 01                                                                              
        003 - 005 code banque          = 30003                                                                           
        012 - 005 code guichet         = 03175                                                                           
        017 - 003 devise               = EUR                                                                             
        020 - 001 nombre de décimales  = 2                                                                               
        022 - 011 numéro de compte     = 00020172778                                                                     
        033 - 002 code opération AFB   =                                                                                 
        035 - 006 date d'opération     = 160926                                                                          
        091 - 014 ancien solde         = 0000000000000{                                                                  
                        Enregistrements erronés lors du chargement de relevés                    Date :18-SEP-2026  Page : 18

  N°     Contenu   
-------------------------------------------------------------------------------------------------------------------------------
03584 >  0130003    03175EUR2 00020285125  160926                                                  0000000000000{                
 Erreur 025 : Journée manquante (date supérieure à celle du dernier relevé chargé)                                
        001 - 002 code enregistrement  = 01                                                                              
        003 - 005 code banque          = 30003                                                                           
        012 - 005 code guichet         = 03175                                                                           
        017 - 003 devise               = EUR                                                                             
        020 - 001 nombre de décimales  = 2                                                                               
        022 - 011 numéro de compte     = 00020285125                                                                     
        033 - 002 code opération AFB   =                                                                                 
        035 - 006 date d'opération     = 160926                                                                          
        091 - 014 ancien solde         = 0000000000000{                                                                  
03602 >  0130003    03175EUR2 00020260458  160926                                                  0000000000000{                
 Erreur 025 : Journée manquante (date supérieure à celle du dernier relevé chargé)                                
        001 - 002 code enregistrement  = 01                                                                              
        003 - 005 code banque          = 30003                                                                           
        012 - 005 code guichet         = 03175                                                                           
        017 - 003 devise               = EUR                                                                             
        020 - 001 nombre de décimales  = 2                                                                               
        022 - 011 numéro de compte     = 00020260458                                                                     
        033 - 002 code opération AFB   =                                                                                 
        035 - 006 date d'opération     = 160926                                                                          
        091 - 014 ancien solde         = 0000000000000{                                                                  
03611 >  0130003    01100EUR2 00020389632  160926                                                  0000000000000{                
 Erreur 025 : Journée manquante (date supérieure à celle du dernier relevé chargé)                                
        001 - 002 code enregistrement  = 01                                                                              
        003 - 005 code banque          = 30003                                                                           
        012 - 005 code guichet         = 01100                                                                           
        017 - 003 devise               = EUR                                                                             
        020 - 001 nombre de décimales  = 2                                                                               
        022 - 011 numéro de compte     = 00020389632                                                                     
        033 - 002 code opération AFB   =                                                                                 
        035 - 006 date d'opération     = 160926                                                                          
        091 - 014 ancien solde         = 0000000000000{                                                                  
03624 >  0130003    03175EUR2 00020294630  160926                                                  0000000000000{                
 Erreur 025 : Journée manquante (date supérieure à celle du dernier relevé chargé)                                
        001 - 002 code enregistrement  = 01                                                                              
        003 - 005 code banque          = 30003                                                                           
        012 - 005 code guichet         = 03175                                                                           
        017 - 003 devise               = EUR                                                                             
        020 - 001 nombre de décimales  = 2                                                                               
        022 - 011 numéro de compte     = 00020294630                                                                     
        033 - 002 code opération AFB   =                                                                                 
        035 - 006 date d'opération     = 160926                                                                          
        091 - 014 ancien solde         = 0000000000000{                                                                  
                        Enregistrements erronés lors du chargement de relevés                    Date :18-SEP-2026  Page : 19

  N°     Contenu   
-------------------------------------------------------------------------------------------------------------------------------
03633 >  0130003    03175EUR2 00020340490  160926                                                  0000000000000{                
 Erreur 025 : Journée manquante (date supérieure à celle du dernier relevé chargé)                                
        001 - 002 code enregistrement  = 01                                                                              
        003 - 005 code banque          = 30003                                                                           
        012 - 005 code guichet         = 03175                                                                           
        017 - 003 devise               = EUR                                                                             
        020 - 001 nombre de décimales  = 2                                                                               
        022 - 011 numéro de compte     = 00020340490                                                                     
        033 - 002 code opération AFB   =                                                                                 
        035 - 006 date d'opération     = 160926                                                                          
        091 - 014 ancien solde         = 0000000000000{                                                                  
03639 >  0130003    03175EUR2 00020103112  160926                                                  0000000000000{                
 Erreur 025 : Journée manquante (date supérieure à celle du dernier relevé chargé)                                
        001 - 002 code enregistrement  = 01                                                                              
        003 - 005 code banque          = 30003                                                                           
        012 - 005 code guichet         = 03175                                                                           
        017 - 003 devise               = EUR                                                                             
        020 - 001 nombre de décimales  = 2                                                                               
        022 - 011 numéro de compte     = 00020103112                                                                     
        033 - 002 code opération AFB   =                                                                                 
        035 - 006 date d'opération     = 160926                                                                          
        091 - 014 ancien solde         = 0000000000000{                                                                  
03641 >  0130003    01100EUR2 00020414166  160926                                                  0000000000000{                
 Erreur 025 : Journée manquante (date supérieure à celle du dernier relevé chargé)                                
        001 - 002 code enregistrement  = 01                                                                              
        003 - 005 code banque          = 30003                                                                           
        012 - 005 code guichet         = 01100                                                                           
        017 - 003 devise               = EUR                                                                             
        020 - 001 nombre de décimales  = 2                                                                               
        022 - 011 numéro de compte     = 00020414166                                                                     
        033 - 002 code opération AFB   =                                                                                 
        035 - 006 date d'opération     = 160926                                                                          
        091 - 014 ancien solde         = 0000000000000{                                                                  
03677 >  0130003    03620EUR2 00020575849  160926                                                  0000000000000{                
 Erreur 025 : Journée manquante (date supérieure à celle du dernier relevé chargé)                                
        001 - 002 code enregistrement  = 01                                                                              
        003 - 005 code banque          = 30003                                                                           
        012 - 005 code guichet         = 03620                                                                           
        017 - 003 devise               = EUR                                                                             
        020 - 001 nombre de décimales  = 2                                                                               
        022 - 011 numéro de compte     = 00020575849                                                                     
        033 - 002 code opération AFB   =                                                                                 
        035 - 006 date d'opération     = 160926                                                                          
        091 - 014 ancien solde         = 0000000000000{                                                                  
                        Enregistrements erronés lors du chargement de relevés                    Date :18-SEP-2026  Page : 20

  N°     Contenu   
-------------------------------------------------------------------------------------------------------------------------------
03679 >  0130003    03620EUR2 00020175756  160926                                                  0000000000000{                
 Erreur 025 : Journée manquante (date supérieure à celle du dernier relevé chargé)                                
        001 - 002 code enregistrement  = 01                                                                              
        003 - 005 code banque          = 30003                                                                           
        012 - 005 code guichet         = 03620                                                                           
        017 - 003 devise               = EUR                                                                             
        020 - 001 nombre de décimales  = 2                                                                               
        022 - 011 numéro de compte     = 00020175756                                                                     
        033 - 002 code opération AFB   =                                                                                 
        035 - 006 date d'opération     = 160926                                                                          
        091 - 014 ancien solde         = 0000000000000{                                                                  
03681 >  0130003    03620EUR2 00020139257  160926                                                  0000000000000{                
 Erreur 025 : Journée manquante (date supérieure à celle du dernier relevé chargé)                                
        001 - 002 code enregistrement  = 01                                                                              
        003 - 005 code banque          = 30003                                                                           
        012 - 005 code guichet         = 03620                                                                           
        017 - 003 devise               = EUR                                                                             
        020 - 001 nombre de décimales  = 2                                                                               
        022 - 011 numéro de compte     = 00020139257                                                                     
        033 - 002 code opération AFB   =                                                                                 
        035 - 006 date d'opération     = 160926                                                                          
        091 - 014 ancien solde         = 0000000000000{                                                                  
03691 >  0130003    03175EUR2 00020103096  160926                                                  0000000000000{                
 Erreur 025 : Journée manquante (date supérieure à celle du dernier relevé chargé)                                
        001 - 002 code enregistrement  = 01                                                                              
        003 - 005 code banque          = 30003                                                                           
        012 - 005 code guichet         = 03175                                                                           
        017 - 003 devise               = EUR                                                                             
        020 - 001 nombre de décimales  = 2                                                                               
        022 - 011 numéro de compte     = 00020103096                                                                     
        033 - 002 code opération AFB   =                                                                                 
        035 - 006 date d'opération     = 160926                                                                          
        091 - 014 ancien solde         = 0000000000000{                                                                  
03701 >  0130003    03175EUR2 00020260524  160926                                                  0000000000000{                
 Erreur 025 : Journée manquante (date supérieure à celle du dernier relevé chargé)                                
        001 - 002 code enregistrement  = 01                                                                              
        003 - 005 code banque          = 30003                                                                           
        012 - 005 code guichet         = 03175                                                                           
        017 - 003 devise               = EUR                                                                             
        020 - 001 nombre de décimales  = 2                                                                               
        022 - 011 numéro de compte     = 00020260524                                                                     
        033 - 002 code opération AFB   =                                                                                 
        035 - 006 date d'opération     = 160926                                                                          
        091 - 014 ancien solde         = 0000000000000{                                                                  
                        Enregistrements erronés lors du chargement de relevés                    Date :18-SEP-2026  Page : 21

  N°     Contenu   
-------------------------------------------------------------------------------------------------------------------------------
03711 >  0130003    01469EUR2 00020891376  160926                                                  0000000000000{                
 Erreur 025 : Journée manquante (date supérieure à celle du dernier relevé chargé)                                
        001 - 002 code enregistrement  = 01                                                                              
        003 - 005 code banque          = 30003                                                                           
        012 - 005 code guichet         = 01469                                                                           
        017 - 003 devise               = EUR                                                                             
        020 - 001 nombre de décimales  = 2                                                                               
        022 - 011 numéro de compte     = 00020891376                                                                     
        033 - 002 code opération AFB   =                                                                                 
        035 - 006 date d'opération     = 160926                                                                          
        091 - 014 ancien solde         = 0000000000000{                                                                  
03713 >  0130003    03620EUR2 00020010672  160926                                                  0000000000000{                
 Erreur 025 : Journée manquante (date supérieure à celle du dernier relevé chargé)                                
        001 - 002 code enregistrement  = 01                                                                              
        003 - 005 code banque          = 30003                                                                           
        012 - 005 code guichet         = 03620                                                                           
        017 - 003 devise               = EUR                                                                             
        020 - 001 nombre de décimales  = 2                                                                               
        022 - 011 numéro de compte     = 00020010672                                                                     
        033 - 002 code opération AFB   =                                                                                 
        035 - 006 date d'opération     = 160926                                                                          
        091 - 014 ancien solde         = 0000000000000{                                                                  
03715 >  0130003    02280EUR2 00025720792  160926                                                  0000000000000{                
 Erreur 025 : Journée manquante (date supérieure à celle du dernier relevé chargé)                                
        001 - 002 code enregistrement  = 01                                                                              
        003 - 005 code banque          = 30003                                                                           
        012 - 005 code guichet         = 02280                                                                           
        017 - 003 devise               = EUR                                                                             
        020 - 001 nombre de décimales  = 2                                                                               
        022 - 011 numéro de compte     = 00025720792                                                                     
        033 - 002 code opération AFB   =                                                                                 
        035 - 006 date d'opération     = 160926                                                                          
        091 - 014 ancien solde         = 0000000000000{                                                                  
04301 >  0130003    03223EUR2 00020051099  160926                                                  0000000000000{                
 Erreur 025 : Journée manquante (date supérieure à celle du dernier relevé chargé)                                
        001 - 002 code enregistrement  = 01                                                                              
        003 - 005 code banque          = 30003                                                                           
        012 - 005 code guichet         = 03223                                                                           
        017 - 003 devise               = EUR                                                                             
        020 - 001 nombre de décimales  = 2                                                                               
        022 - 011 numéro de compte     = 00020051099                                                                     
        033 - 002 code opération AFB   =                                                                                 
        035 - 006 date d'opération     = 160926                                                                          
        091 - 014 ancien solde         = 0000000000000{                                                                  
                        Enregistrements erronés lors du chargement de relevés                    Date :18-SEP-2026  Page : 22

  N°     Contenu   
-------------------------------------------------------------------------------------------------------------------------------
04303 >  0130003    03175EUR2 00020807365  160926                                                  0000000000000{                
 Erreur 025 : Journée manquante (date supérieure à celle du dernier relevé chargé)                                
        001 - 002 code enregistrement  = 01                                                                              
        003 - 005 code banque          = 30003                                                                           
        012 - 005 code guichet         = 03175                                                                           
        017 - 003 devise               = EUR                                                                             
        020 - 001 nombre de décimales  = 2                                                                               
        022 - 011 numéro de compte     = 00020807365                                                                     
        033 - 002 code opération AFB   =                                                                                 
        035 - 006 date d'opération     = 160926                                                                          
        091 - 014 ancien solde         = 0000000000000{                                                                  
04305 >  0130003    01100EUR2 00020429297  160926                                                  0000000000000{                
 Erreur 025 : Journée manquante (date supérieure à celle du dernier relevé chargé)                                
        001 - 002 code enregistrement  = 01                                                                              
        003 - 005 code banque          = 30003                                                                           
        012 - 005 code guichet         = 01100                                                                           
        017 - 003 devise               = EUR                                                                             
        020 - 001 nombre de décimales  = 2                                                                               
        022 - 011 numéro de compte     = 00020429297                                                                     
        033 - 002 code opération AFB   =                                                                                 
        035 - 006 date d'opération     = 160926                                                                          
        091 - 014 ancien solde         = 0000000000000{                                                                  
04317 >  0130003    03175EUR2 00020255516  160926                                                  0000000000000{                
 Erreur 025 : Journée manquante (date supérieure à celle du dernier relevé chargé)                                
        001 - 002 code enregistrement  = 01                                                                              
        003 - 005 code banque          = 30003                                                                           
        012 - 005 code guichet         = 03175                                                                           
        017 - 003 devise               = EUR                                                                             
        020 - 001 nombre de décimales  = 2                                                                               
        022 - 011 numéro de compte     = 00020255516                                                                     
        033 - 002 code opération AFB   =                                                                                 
        035 - 006 date d'opération     = 160926                                                                          
        091 - 014 ancien solde         = 0000000000000{                                                                  
04319 >  0130003    03620EUR2 00020160584  160926                                                  0000000000000{                
 Erreur 025 : Journée manquante (date supérieure à celle du dernier relevé chargé)                                
        001 - 002 code enregistrement  = 01                                                                              
        003 - 005 code banque          = 30003                                                                           
        012 - 005 code guichet         = 03620                                                                           
        017 - 003 devise               = EUR                                                                             
        020 - 001 nombre de décimales  = 2                                                                               
        022 - 011 numéro de compte     = 00020160584                                                                     
        033 - 002 code opération AFB   =                                                                                 
        035 - 006 date d'opération     = 160926                                                                          
        091 - 014 ancien solde         = 0000000000000{                                                                  
                        Enregistrements erronés lors du chargement de relevés                    Date :18-SEP-2026  Page : 23

  N°     Contenu   
-------------------------------------------------------------------------------------------------------------------------------
04341 >  0130003    03175EUR2 00020516172  160926                                                  0000000000000{                
 Erreur 025 : Journée manquante (date supérieure à celle du dernier relevé chargé)                                
        001 - 002 code enregistrement  = 01                                                                              
        003 - 005 code banque          = 30003                                                                           
        012 - 005 code guichet         = 03175                                                                           
        017 - 003 devise               = EUR                                                                             
        020 - 001 nombre de décimales  = 2                                                                               
        022 - 011 numéro de compte     = 00020516172                                                                     
        033 - 002 code opération AFB   =                                                                                 
        035 - 006 date d'opération     = 160926                                                                          
        091 - 014 ancien solde         = 0000000000000{                                                                  
04343 >  0130003    01100EUR2 00020273851  160926                                                  0000000000000{                
 Erreur 025 : Journée manquante (date supérieure à celle du dernier relevé chargé)                                
        001 - 002 code enregistrement  = 01                                                                              
        003 - 005 code banque          = 30003                                                                           
        012 - 005 code guichet         = 01100                                                                           
        017 - 003 devise               = EUR                                                                             
        020 - 001 nombre de décimales  = 2                                                                               
        022 - 011 numéro de compte     = 00020273851                                                                     
        033 - 002 code opération AFB   =                                                                                 
        035 - 006 date d'opération     = 160926                                                                          
        091 - 014 ancien solde         = 0000000000000{                                                                  
04345 >  0130003    00400EUR2 00020039818  160926                                                  0000000000000{                
 Erreur 025 : Journée manquante (date supérieure à celle du dernier relevé chargé)                                
        001 - 002 code enregistrement  = 01                                                                              
        003 - 005 code banque          = 30003                                                                           
        012 - 005 code guichet         = 00400                                                                           
        017 - 003 devise               = EUR                                                                             
        020 - 001 nombre de décimales  = 2                                                                               
        022 - 011 numéro de compte     = 00020039818                                                                     
        033 - 002 code opération AFB   =                                                                                 
        035 - 006 date d'opération     = 160926                                                                          
        091 - 014 ancien solde         = 0000000000000{                                                                  
04537 >  0130003    03175EUR2 00020471485  160926                                                  0000000000000{                
 Erreur 025 : Journée manquante (date supérieure à celle du dernier relevé chargé)                                
        001 - 002 code enregistrement  = 01                                                                              
        003 - 005 code banque          = 30003                                                                           
        012 - 005 code guichet         = 03175                                                                           
        017 - 003 devise               = EUR                                                                             
        020 - 001 nombre de décimales  = 2                                                                               
        022 - 011 numéro de compte     = 00020471485                                                                     
        033 - 002 code opération AFB   =                                                                                 
        035 - 006 date d'opération     = 160926                                                                          
        091 - 014 ancien solde         = 0000000000000{                                                                  
                        Enregistrements erronés lors du chargement de relevés                    Date :18-SEP-2026  Page : 24

  N°     Contenu   
-------------------------------------------------------------------------------------------------------------------------------
04546 >  0130003    03175EUR2 00020285000  160926                                                  0000000000000{                
 Erreur 025 : Journée manquante (date supérieure à celle du dernier relevé chargé)                                
        001 - 002 code enregistrement  = 01                                                                              
        003 - 005 code banque          = 30003                                                                           
        012 - 005 code guichet         = 03175                                                                           
        017 - 003 devise               = EUR                                                                             
        020 - 001 nombre de décimales  = 2                                                                               
        022 - 011 numéro de compte     = 00020285000                                                                     
        033 - 002 code opération AFB   =                                                                                 
        035 - 006 date d'opération     = 160926                                                                          
        091 - 014 ancien solde         = 0000000000000{                                                                  
04548 >  0130003    03175EUR2 00020297682  160926                                                  0000000000000{                
 Erreur 025 : Journée manquante (date supérieure à celle du dernier relevé chargé)                                
        001 - 002 code enregistrement  = 01                                                                              
        003 - 005 code banque          = 30003                                                                           
        012 - 005 code guichet         = 03175                                                                           
        017 - 003 devise               = EUR                                                                             
        020 - 001 nombre de décimales  = 2                                                                               
        022 - 011 numéro de compte     = 00020297682                                                                     
        033 - 002 code opération AFB   =                                                                                 
        035 - 006 date d'opération     = 160926                                                                          
        091 - 014 ancien solde         = 0000000000000{                                                                  
04593 >  0130003    03620EUR2 00020010573  160926                                                  0000000000000{                
 Erreur 025 : Journée manquante (date supérieure à celle du dernier relevé chargé)                                
        001 - 002 code enregistrement  = 01                                                                              
        003 - 005 code banque          = 30003                                                                           
        012 - 005 code guichet         = 03620                                                                           
        017 - 003 devise               = EUR                                                                             
        020 - 001 nombre de décimales  = 2                                                                               
        022 - 011 numéro de compte     = 00020010573                                                                     
        033 - 002 code opération AFB   =                                                                                 
        035 - 006 date d'opération     = 160926                                                                          
        091 - 014 ancien solde         = 0000000000000{                                                                  
04595 >  0130003    03620EUR2 00020137285  160926                                                  0000000000000{                
 Erreur 025 : Journée manquante (date supérieure à celle du dernier relevé chargé)                                
        001 - 002 code enregistrement  = 01                                                                              
        003 - 005 code banque          = 30003                                                                           
        012 - 005 code guichet         = 03620                                                                           
        017 - 003 devise               = EUR                                                                             
        020 - 001 nombre de décimales  = 2                                                                               
        022 - 011 numéro de compte     = 00020137285                                                                     
        033 - 002 code opération AFB   =                                                                                 
        035 - 006 date d'opération     = 160926                                                                          
        091 - 014 ancien solde         = 0000000000000{                                                                  
                        Enregistrements erronés lors du chargement de relevés                    Date :18-SEP-2026  Page : 25

  N°     Contenu   
-------------------------------------------------------------------------------------------------------------------------------
04597 >  0130003    01100EUR2 00020073640  160926                                                  0000000000000{                
 Erreur 025 : Journée manquante (date supérieure à celle du dernier relevé chargé)                                
        001 - 002 code enregistrement  = 01                                                                              
        003 - 005 code banque          = 30003                                                                           
        012 - 005 code guichet         = 01100                                                                           
        017 - 003 devise               = EUR                                                                             
        020 - 001 nombre de décimales  = 2                                                                               
        022 - 011 numéro de compte     = 00020073640                                                                     
        033 - 002 code opération AFB   =                                                                                 
        035 - 006 date d'opération     = 160926                                                                          
        091 - 014 ancien solde         = 0000000000000{                                                                  
04599 >  0130003    03175EUR2 00020485410  160926                                                  0000000000000{                
 Erreur 025 : Journée manquante (date supérieure à celle du dernier relevé chargé)                                
        001 - 002 code enregistrement  = 01                                                                              
        003 - 005 code banque          = 30003                                                                           
        012 - 005 code guichet         = 03175                                                                           
        017 - 003 devise               = EUR                                                                             
        020 - 001 nombre de décimales  = 2                                                                               
        022 - 011 numéro de compte     = 00020485410                                                                     
        033 - 002 code opération AFB   =                                                                                 
        035 - 006 date d'opération     = 160926                                                                          
        091 - 014 ancien solde         = 0000000000000{                                                                  
04620 >  0130003    03620EUR2 00020169619  160926                                                  0000000000000{                
 Erreur 025 : Journée manquante (date supérieure à celle du dernier relevé chargé)                                
        001 - 002 code enregistrement  = 01                                                                              
        003 - 005 code banque          = 30003                                                                           
        012 - 005 code guichet         = 03620                                                                           
        017 - 003 devise               = EUR                                                                             
        020 - 001 nombre de décimales  = 2                                                                               
        022 - 011 numéro de compte     = 00020169619                                                                     
        033 - 002 code opération AFB   =                                                                                 
        035 - 006 date d'opération     = 160926                                                                          
        091 - 014 ancien solde         = 0000000000000{                                                                  
04622 >  0130003    01100EUR2 00020407558  160926                                                  0000000000000{                
 Erreur 025 : Journée manquante (date supérieure à celle du dernier relevé chargé)                                
        001 - 002 code enregistrement  = 01                                                                              
        003 - 005 code banque          = 30003                                                                           
        012 - 005 code guichet         = 01100                                                                           
        017 - 003 devise               = EUR                                                                             
        020 - 001 nombre de décimales  = 2                                                                               
        022 - 011 numéro de compte     = 00020407558                                                                     
        033 - 002 code opération AFB   =                                                                                 
        035 - 006 date d'opération     = 160926                                                                          
        091 - 014 ancien solde         = 0000000000000{                                                                  
                        Enregistrements erronés lors du chargement de relevés                    Date :18-SEP-2026  Page : 26

  N°     Contenu   
-------------------------------------------------------------------------------------------------------------------------------
04624 >  0130003    03175EUR2 00020496557  160926                                                  0000000000000{                
 Erreur 025 : Journée manquante (date supérieure à celle du dernier relevé chargé)                                
        001 - 002 code enregistrement  = 01                                                                              
        003 - 005 code banque          = 30003                                                                           
        012 - 005 code guichet         = 03175                                                                           
        017 - 003 devise               = EUR                                                                             
        020 - 001 nombre de décimales  = 2                                                                               
        022 - 011 numéro de compte     = 00020496557                                                                     
        033 - 002 code opération AFB   =                                                                                 
        035 - 006 date d'opération     = 160926                                                                          
        091 - 014 ancien solde         = 0000000000000{                                                                  
04630 >  0130003    00050EUR2 00020022020  160926                                                  0000000000000{                
 Erreur 025 : Journée manquante (date supérieure à celle du dernier relevé chargé)                                
        001 - 002 code enregistrement  = 01                                                                              
        003 - 005 code banque          = 30003                                                                           
        012 - 005 code guichet         = 00050                                                                           
        017 - 003 devise               = EUR                                                                             
        020 - 001 nombre de décimales  = 2                                                                               
        022 - 011 numéro de compte     = 00020022020                                                                     
        033 - 002 code opération AFB   =                                                                                 
        035 - 006 date d'opération     = 160926                                                                          
        091 - 014 ancien solde         = 0000000000000{                                                                  
04632 >  0130003    03175EUR2 00020516180  160926                                                  0000000000000{                
 Erreur 025 : Journée manquante (date supérieure à celle du dernier relevé chargé)                                
        001 - 002 code enregistrement  = 01                                                                              
        003 - 005 code banque          = 30003                                                                           
        012 - 005 code guichet         = 03175                                                                           
        017 - 003 devise               = EUR                                                                             
        020 - 001 nombre de décimales  = 2                                                                               
        022 - 011 numéro de compte     = 00020516180                                                                     
        033 - 002 code opération AFB   =                                                                                 
        035 - 006 date d'opération     = 160926                                                                          
        091 - 014 ancien solde         = 0000000000000{                                                                  
04703 >  0130003    03175EUR2 00020251895  160926                                                  0000000000000{                
 Erreur 025 : Journée manquante (date supérieure à celle du dernier relevé chargé)                                
        001 - 002 code enregistrement  = 01                                                                              
        003 - 005 code banque          = 30003                                                                           
        012 - 005 code guichet         = 03175                                                                           
        017 - 003 devise               = EUR                                                                             
        020 - 001 nombre de décimales  = 2                                                                               
        022 - 011 numéro de compte     = 00020251895                                                                     
        033 - 002 code opération AFB   =                                                                                 
        035 - 006 date d'opération     = 160926                                                                          
        091 - 014 ancien solde         = 0000000000000{                                                                  
                        Enregistrements erronés lors du chargement de relevés                    Date :18-SEP-2026  Page : 27

  N°     Contenu   
-------------------------------------------------------------------------------------------------------------------------------
04784 >  0130003    01469EUR2 00020890485  160926                                                  0000000000000{                
 Erreur 025 : Journée manquante (date supérieure à celle du dernier relevé chargé)                                
        001 - 002 code enregistrement  = 01                                                                              
        003 - 005 code banque          = 30003                                                                           
        012 - 005 code guichet         = 01469                                                                           
        017 - 003 devise               = EUR                                                                             
        020 - 001 nombre de décimales  = 2                                                                               
        022 - 011 numéro de compte     = 00020890485                                                                     
        033 - 002 code opération AFB   =                                                                                 
        035 - 006 date d'opération     = 160926                                                                          
        091 - 014 ancien solde         = 0000000000000{                                                                  
04864 >  0130003    03175EUR2 00020203722  160926                                                  0000000000000{                
 Erreur 025 : Journée manquante (date supérieure à celle du dernier relevé chargé)                                
        001 - 002 code enregistrement  = 01                                                                              
        003 - 005 code banque          = 30003                                                                           
        012 - 005 code guichet         = 03175                                                                           
        017 - 003 devise               = EUR                                                                             
        020 - 001 nombre de décimales  = 2                                                                               
        022 - 011 numéro de compte     = 00020203722                                                                     
        033 - 002 code opération AFB   =                                                                                 
        035 - 006 date d'opération     = 160926                                                                          
        091 - 014 ancien solde         = 0000000000000{                                                                  
04910 >  0130003    03175EUR2 00020258809  160926                                                  0000000000000{                
 Erreur 025 : Journée manquante (date supérieure à celle du dernier relevé chargé)                                
        001 - 002 code enregistrement  = 01                                                                              
        003 - 005 code banque          = 30003                                                                           
        012 - 005 code guichet         = 03175                                                                           
        017 - 003 devise               = EUR                                                                             
        020 - 001 nombre de décimales  = 2                                                                               
        022 - 011 numéro de compte     = 00020258809                                                                     
        033 - 002 code opération AFB   =                                                                                 
        035 - 006 date d'opération     = 160926                                                                          
        091 - 014 ancien solde         = 0000000000000{                                                                  
05020 >  0130003    01100EUR2 00020417011  160926                                                  0000000000000{                
 Erreur 025 : Journée manquante (date supérieure à celle du dernier relevé chargé)                                
        001 - 002 code enregistrement  = 01                                                                              
        003 - 005 code banque          = 30003                                                                           
        012 - 005 code guichet         = 01100                                                                           
        017 - 003 devise               = EUR                                                                             
        020 - 001 nombre de décimales  = 2                                                                               
        022 - 011 numéro de compte     = 00020417011                                                                     
        033 - 002 code opération AFB   =                                                                                 
        035 - 006 date d'opération     = 160926                                                                          
        091 - 014 ancien solde         = 0000000000000{                                                                  
                        Enregistrements erronés lors du chargement de relevés                    Date :18-SEP-2026  Page : 28

  N°     Contenu   
-------------------------------------------------------------------------------------------------------------------------------
05037 >  0130003    03175EUR2 00020468648  160926                                                  0000000000000{                
 Erreur 025 : Journée manquante (date supérieure à celle du dernier relevé chargé)                                
        001 - 002 code enregistrement  = 01                                                                              
        003 - 005 code banque          = 30003                                                                           
        012 - 005 code guichet         = 03175                                                                           
        017 - 003 devise               = EUR                                                                             
        020 - 001 nombre de décimales  = 2                                                                               
        022 - 011 numéro de compte     = 00020468648                                                                     
        033 - 002 code opération AFB   =                                                                                 
        035 - 006 date d'opération     = 160926                                                                          
        091 - 014 ancien solde         = 0000000000000{                                                                  
05046 >  0130003    03175EUR2 00020496565  160926                                                  0000000000000{                
 Erreur 025 : Journée manquante (date supérieure à celle du dernier relevé chargé)                                
        001 - 002 code enregistrement  = 01                                                                              
        003 - 005 code banque          = 30003                                                                           
        012 - 005 code guichet         = 03175                                                                           
        017 - 003 devise               = EUR                                                                             
        020 - 001 nombre de décimales  = 2                                                                               
        022 - 011 numéro de compte     = 00020496565                                                                     
        033 - 002 code opération AFB   =                                                                                 
        035 - 006 date d'opération     = 160926                                                                          
        091 - 014 ancien solde         = 0000000000000{                                                                  
05048 >  0130003    00580EUR2 00020006882  160926                                                  0000000000000{                
 Erreur 025 : Journée manquante (date supérieure à celle du dernier relevé chargé)                                
        001 - 002 code enregistrement  = 01                                                                              
        003 - 005 code banque          = 30003                                                                           
        012 - 005 code guichet         = 00580                                                                           
        017 - 003 devise               = EUR                                                                             
        020 - 001 nombre de décimales  = 2                                                                               
        022 - 011 numéro de compte     = 00020006882                                                                     
        033 - 002 code opération AFB   =                                                                                 
        035 - 006 date d'opération     = 160926                                                                          
        091 - 014 ancien solde         = 0000000000000{                                                                  
05050 >  0130003    01100EUR2 00020411097  160926                                                  0000000000000{                
 Erreur 025 : Journée manquante (date supérieure à celle du dernier relevé chargé)                                
        001 - 002 code enregistrement  = 01                                                                              
        003 - 005 code banque          = 30003                                                                           
        012 - 005 code guichet         = 01100                                                                           
        017 - 003 devise               = EUR                                                                             
        020 - 001 nombre de décimales  = 2                                                                               
        022 - 011 numéro de compte     = 00020411097                                                                     
        033 - 002 code opération AFB   =                                                                                 
        035 - 006 date d'opération     = 160926                                                                          
        091 - 014 ancien solde         = 0000000000000{                                                                  
                        Enregistrements erronés lors du chargement de relevés                    Date :18-SEP-2026  Page : 29

  N°     Contenu   
-------------------------------------------------------------------------------------------------------------------------------
05052 >  0130003    01100EUR2 00020411865  160926                                                  0000000000000{                
 Erreur 025 : Journée manquante (date supérieure à celle du dernier relevé chargé)                                
        001 - 002 code enregistrement  = 01                                                                              
        003 - 005 code banque          = 30003                                                                           
        012 - 005 code guichet         = 01100                                                                           
        017 - 003 devise               = EUR                                                                             
        020 - 001 nombre de décimales  = 2                                                                               
        022 - 011 numéro de compte     = 00020411865                                                                     
        033 - 002 code opération AFB   =                                                                                 
        035 - 006 date d'opération     = 160926                                                                          
        091 - 014 ancien solde         = 0000000000000{                                                                  
05101 >  0130003    03620EUR2 00020166755  160926                                                  0000000000000{                
 Erreur 025 : Journée manquante (date supérieure à celle du dernier relevé chargé)                                
        001 - 002 code enregistrement  = 01                                                                              
        003 - 005 code banque          = 30003                                                                           
        012 - 005 code guichet         = 03620                                                                           
        017 - 003 devise               = EUR                                                                             
        020 - 001 nombre de décimales  = 2                                                                               
        022 - 011 numéro de compte     = 00020166755                                                                     
        033 - 002 code opération AFB   =                                                                                 
        035 - 006 date d'opération     = 160926                                                                          
        091 - 014 ancien solde         = 0000000000000{                                                                  
05107 >  0130003    01100EUR2 00020428349  160926                                                  0000000000000{                
 Erreur 025 : Journée manquante (date supérieure à celle du dernier relevé chargé)                                
        001 - 002 code enregistrement  = 01                                                                              
        003 - 005 code banque          = 30003                                                                           
        012 - 005 code guichet         = 01100                                                                           
        017 - 003 devise               = EUR                                                                             
        020 - 001 nombre de décimales  = 2                                                                               
        022 - 011 numéro de compte     = 00020428349                                                                     
        033 - 002 code opération AFB   =                                                                                 
        035 - 006 date d'opération     = 160926                                                                          
        091 - 014 ancien solde         = 0000000000000{                                                                  
05113 >  0130003    02250EUR2 00020001131  160926                                                  0000000000000{                
 Erreur 025 : Journée manquante (date supérieure à celle du dernier relevé chargé)                                
        001 - 002 code enregistrement  = 01                                                                              
        003 - 005 code banque          = 30003                                                                           
        012 - 005 code guichet         = 02250                                                                           
        017 - 003 devise               = EUR                                                                             
        020 - 001 nombre de décimales  = 2                                                                               
        022 - 011 numéro de compte     = 00020001131                                                                     
        033 - 002 code opération AFB   =                                                                                 
        035 - 006 date d'opération     = 160926                                                                          
        091 - 014 ancien solde         = 0000000000000{                                                                  
                        Enregistrements erronés lors du chargement de relevés                    Date :18-SEP-2026  Page : 30

  N°     Contenu   
-------------------------------------------------------------------------------------------------------------------------------
05165 >  0130003    03620EUR2 00020150163  160926                                                  0000000000000{                
 Erreur 025 : Journée manquante (date supérieure à celle du dernier relevé chargé)                                
        001 - 002 code enregistrement  = 01                                                                              
        003 - 005 code banque          = 30003                                                                           
        012 - 005 code guichet         = 03620                                                                           
        017 - 003 devise               = EUR                                                                             
        020 - 001 nombre de décimales  = 2                                                                               
        022 - 011 numéro de compte     = 00020150163                                                                     
        033 - 002 code opération AFB   =                                                                                 
        035 - 006 date d'opération     = 160926                                                                          
        091 - 014 ancien solde         = 0000000000000{                                                                  
05178 >  0130003    03620EUR2 00020012645  160926                                                  0000000000000{                
 Erreur 025 : Journée manquante (date supérieure à celle du dernier relevé chargé)                                
        001 - 002 code enregistrement  = 01                                                                              
        003 - 005 code banque          = 30003                                                                           
        012 - 005 code guichet         = 03620                                                                           
        017 - 003 devise               = EUR                                                                             
        020 - 001 nombre de décimales  = 2                                                                               
        022 - 011 numéro de compte     = 00020012645                                                                     
        033 - 002 code opération AFB   =                                                                                 
        035 - 006 date d'opération     = 160926                                                                          
        091 - 014 ancien solde         = 0000000000000{                                                                  
05180 >  0130003    04170EUR2 00029067232  160926                                                  0000000000000{                
 Erreur 025 : Journée manquante (date supérieure à celle du dernier relevé chargé)                                
        001 - 002 code enregistrement  = 01                                                                              
        003 - 005 code banque          = 30003                                                                           
        012 - 005 code guichet         = 04170                                                                           
        017 - 003 devise               = EUR                                                                             
        020 - 001 nombre de décimales  = 2                                                                               
        022 - 011 numéro de compte     = 00029067232                                                                     
        033 - 002 code opération AFB   =                                                                                 
        035 - 006 date d'opération     = 160926                                                                          
        091 - 014 ancien solde         = 0000000000000{                                                                  
05202 >  0130003    01100EUR2 00020427820  160926                                                  0000000000000{                
 Erreur 025 : Journée manquante (date supérieure à celle du dernier relevé chargé)                                
        001 - 002 code enregistrement  = 01                                                                              
        003 - 005 code banque          = 30003                                                                           
        012 - 005 code guichet         = 01100                                                                           
        017 - 003 devise               = EUR                                                                             
        020 - 001 nombre de décimales  = 2                                                                               
        022 - 011 numéro de compte     = 00020427820                                                                     
        033 - 002 code opération AFB   =                                                                                 
        035 - 006 date d'opération     = 160926                                                                          
        091 - 014 ancien solde         = 0000000000000{                                                                  
                        Enregistrements erronés lors du chargement de relevés                    Date :18-SEP-2026  Page : 31

  N°     Contenu   
-------------------------------------------------------------------------------------------------------------------------------
05242 >  0130003    01100EUR2 00020070505  160926                                                  0000000000000{                
 Erreur 025 : Journée manquante (date supérieure à celle du dernier relevé chargé)                                
        001 - 002 code enregistrement  = 01                                                                              
        003 - 005 code banque          = 30003                                                                           
        012 - 005 code guichet         = 01100                                                                           
        017 - 003 devise               = EUR                                                                             
        020 - 001 nombre de décimales  = 2                                                                               
        022 - 011 numéro de compte     = 00020070505                                                                     
        033 - 002 code opération AFB   =                                                                                 
        035 - 006 date d'opération     = 160926                                                                          
        091 - 014 ancien solde         = 0000000000000{                                                                  
05244 >  0130003    03175EUR2 00020250681  160926                                                  0000000000000{                
 Erreur 025 : Journée manquante (date supérieure à celle du dernier relevé chargé)                                
        001 - 002 code enregistrement  = 01                                                                              
        003 - 005 code banque          = 30003                                                                           
        012 - 005 code guichet         = 03175                                                                           
        017 - 003 devise               = EUR                                                                             
        020 - 001 nombre de décimales  = 2                                                                               
        022 - 011 numéro de compte     = 00020250681                                                                     
        033 - 002 code opération AFB   =                                                                                 
        035 - 006 date d'opération     = 160926                                                                          
        091 - 014 ancien solde         = 0000000000000{                                                                  
05262 >  0130003    03620EUR2 00020160626  160926                                                  0000000000000{                
 Erreur 025 : Journée manquante (date supérieure à celle du dernier relevé chargé)                                
        001 - 002 code enregistrement  = 01                                                                              
        003 - 005 code banque          = 30003                                                                           
        012 - 005 code guichet         = 03620                                                                           
        017 - 003 devise               = EUR                                                                             
        020 - 001 nombre de décimales  = 2                                                                               
        022 - 011 numéro de compte     = 00020160626                                                                     
        033 - 002 code opération AFB   =                                                                                 
        035 - 006 date d'opération     = 160926                                                                          
        091 - 014 ancien solde         = 0000000000000{                                                                  
05264 >  0130003    01100EUR2 00020414331  160926                                                  0000000000000{                
 Erreur 025 : Journée manquante (date supérieure à celle du dernier relevé chargé)                                
        001 - 002 code enregistrement  = 01                                                                              
        003 - 005 code banque          = 30003                                                                           
        012 - 005 code guichet         = 01100                                                                           
        017 - 003 devise               = EUR                                                                             
        020 - 001 nombre de décimales  = 2                                                                               
        022 - 011 numéro de compte     = 00020414331                                                                     
        033 - 002 code opération AFB   =                                                                                 
        035 - 006 date d'opération     = 160926                                                                          
        091 - 014 ancien solde         = 0000000000000{                                                                  
                        Enregistrements erronés lors du chargement de relevés                    Date :18-SEP-2026  Page : 32

  N°     Contenu   
-------------------------------------------------------------------------------------------------------------------------------
05270 >  0130003    01240EUR2 00025150024  160926                                                  0000000000000{                
 Erreur 025 : Journée manquante (date supérieure à celle du dernier relevé chargé)                                
        001 - 002 code enregistrement  = 01                                                                              
        003 - 005 code banque          = 30003                                                                           
        012 - 005 code guichet         = 01240                                                                           
        017 - 003 devise               = EUR                                                                             
        020 - 001 nombre de décimales  = 2                                                                               
        022 - 011 numéro de compte     = 00025150024                                                                     
        033 - 002 code opération AFB   =                                                                                 
        035 - 006 date d'opération     = 160926                                                                          
        091 - 014 ancien solde         = 0000000000000{                                                                  
05725 >  0130003    02280EUR2 00020405514  160926                                                  0000000000000{                
 Erreur 025 : Journée manquante (date supérieure à celle du dernier relevé chargé)                                
        001 - 002 code enregistrement  = 01                                                                              
        003 - 005 code banque          = 30003                                                                           
        012 - 005 code guichet         = 02280                                                                           
        017 - 003 devise               = EUR                                                                             
        020 - 001 nombre de décimales  = 2                                                                               
        022 - 011 numéro de compte     = 00020405514                                                                     
        033 - 002 code opération AFB   =                                                                                 
        035 - 006 date d'opération     = 160926                                                                          
        091 - 014 ancien solde         = 0000000000000{                                                                  
05737 >  0130003    03175EUR2 00020807423  160926                                                  0000000000000{                
 Erreur 025 : Journée manquante (date supérieure à celle du dernier relevé chargé)                                
        001 - 002 code enregistrement  = 01                                                                              
        003 - 005 code banque          = 30003                                                                           
        012 - 005 code guichet         = 03175                                                                           
        017 - 003 devise               = EUR                                                                             
        020 - 001 nombre de décimales  = 2                                                                               
        022 - 011 numéro de compte     = 00020807423                                                                     
        033 - 002 code opération AFB   =                                                                                 
        035 - 006 date d'opération     = 160926                                                                          
        091 - 014 ancien solde         = 0000000000000{                                                                  
06363 >  0130003    01100EUR2 00020025343  160926                                                  0000000000000{                
 Erreur 025 : Journée manquante (date supérieure à celle du dernier relevé chargé)                                
        001 - 002 code enregistrement  = 01                                                                              
        003 - 005 code banque          = 30003                                                                           
        012 - 005 code guichet         = 01100                                                                           
        017 - 003 devise               = EUR                                                                             
        020 - 001 nombre de décimales  = 2                                                                               
        022 - 011 numéro de compte     = 00020025343                                                                     
        033 - 002 code opération AFB   =                                                                                 
        035 - 006 date d'opération     = 160926                                                                          
        091 - 014 ancien solde         = 0000000000000{                                                                  
                        Enregistrements erronés lors du chargement de relevés                    Date :18-SEP-2026  Page : 33

  N°     Contenu   
-------------------------------------------------------------------------------------------------------------------------------
07496 >  0130003    03620EUR2 00020010581  160926                                                  0000000000000{                
 Erreur 025 : Journée manquante (date supérieure à celle du dernier relevé chargé)                                
        001 - 002 code enregistrement  = 01                                                                              
        003 - 005 code banque          = 30003                                                                           
        012 - 005 code guichet         = 03620                                                                           
        017 - 003 devise               = EUR                                                                             
        020 - 001 nombre de décimales  = 2                                                                               
        022 - 011 numéro de compte     = 00020010581                                                                     
        033 - 002 code opération AFB   =                                                                                 
        035 - 006 date d'opération     = 160926                                                                          
        091 - 014 ancien solde         = 0000000000000{                                                                  
07506 >  0130003    03175EUR2 00020282551  160926                                                  0000000000000{                
 Erreur 025 : Journée manquante (date supérieure à celle du dernier relevé chargé)                                
        001 - 002 code enregistrement  = 01                                                                              
        003 - 005 code banque          = 30003                                                                           
        012 - 005 code guichet         = 03175                                                                           
        017 - 003 devise               = EUR                                                                             
        020 - 001 nombre de décimales  = 2                                                                               
        022 - 011 numéro de compte     = 00020282551                                                                     
        033 - 002 code opération AFB   =                                                                                 
        035 - 006 date d'opération     = 160926                                                                          
        091 - 014 ancien solde         = 0000000000000{                                                                  
07582 >  0130003    01100EUR2 00020394400  160926                                                  0000000000000{                
 Erreur 025 : Journée manquante (date supérieure à celle du dernier relevé chargé)                                
        001 - 002 code enregistrement  = 01                                                                              
        003 - 005 code banque          = 30003                                                                           
        012 - 005 code guichet         = 01100                                                                           
        017 - 003 devise               = EUR                                                                             
        020 - 001 nombre de décimales  = 2                                                                               
        022 - 011 numéro de compte     = 00020394400                                                                     
        033 - 002 code opération AFB   =                                                                                 
        035 - 006 date d'opération     = 160926                                                                          
        091 - 014 ancien solde         = 0000000000000{                                                                  
07601 >  0130003    01785EUR2 00025156641  160926                                                  0000000000000{                
 Erreur 025 : Journée manquante (date supérieure à celle du dernier relevé chargé)                                
        001 - 002 code enregistrement  = 01                                                                              
        003 - 005 code banque          = 30003                                                                           
        012 - 005 code guichet         = 01785                                                                           
        017 - 003 devise               = EUR                                                                             
        020 - 001 nombre de décimales  = 2                                                                               
        022 - 011 numéro de compte     = 00025156641                                                                     
        033 - 002 code opération AFB   =                                                                                 
        035 - 006 date d'opération     = 160926                                                                          
        091 - 014 ancien solde         = 0000000000000{                                                                  
                        Enregistrements erronés lors du chargement de relevés                    Date :18-SEP-2026  Page : 34

  N°     Contenu   
-------------------------------------------------------------------------------------------------------------------------------
07635 >  0130003    02280EUR2 00025150123  160926                                                  0000000000000{                
 Erreur 025 : Journée manquante (date supérieure à celle du dernier relevé chargé)                                
        001 - 002 code enregistrement  = 01                                                                              
        003 - 005 code banque          = 30003                                                                           
        012 - 005 code guichet         = 02280                                                                           
        017 - 003 devise               = EUR                                                                             
        020 - 001 nombre de décimales  = 2                                                                               
        022 - 011 numéro de compte     = 00025150123                                                                     
        033 - 002 code opération AFB   =                                                                                 
        035 - 006 date d'opération     = 160926                                                                          
        091 - 014 ancien solde         = 0000000000000{                                                                  
07637 >  0130003    03175EUR2 00020471493  160926                                                  0000000000000{                
 Erreur 025 : Journée manquante (date supérieure à celle du dernier relevé chargé)                                
        001 - 002 code enregistrement  = 01                                                                              
        003 - 005 code banque          = 30003                                                                           
        012 - 005 code guichet         = 03175                                                                           
        017 - 003 devise               = EUR                                                                             
        020 - 001 nombre de décimales  = 2                                                                               
        022 - 011 numéro de compte     = 00020471493                                                                     
        033 - 002 code opération AFB   =                                                                                 
        035 - 006 date d'opération     = 160926                                                                          
        091 - 014 ancien solde         = 0000000000000{                                                                  
07646 >  0130003    03175EUR2 00020496417  160926                                                  0000000000000{                
 Erreur 025 : Journée manquante (date supérieure à celle du dernier relevé chargé)                                
        001 - 002 code enregistrement  = 01                                                                              
        003 - 005 code banque          = 30003                                                                           
        012 - 005 code guichet         = 03175                                                                           
        017 - 003 devise               = EUR                                                                             
        020 - 001 nombre de décimales  = 2                                                                               
        022 - 011 numéro de compte     = 00020496417                                                                     
        033 - 002 code opération AFB   =                                                                                 
        035 - 006 date d'opération     = 160926                                                                          
        091 - 014 ancien solde         = 0000000000000{                                                                  
07653 >  0130003    01100EUR2 00020411105  160926                                                  0000000000000{                
 Erreur 025 : Journée manquante (date supérieure à celle du dernier relevé chargé)                                
        001 - 002 code enregistrement  = 01                                                                              
        003 - 005 code banque          = 30003                                                                           
        012 - 005 code guichet         = 01100                                                                           
        017 - 003 devise               = EUR                                                                             
        020 - 001 nombre de décimales  = 2                                                                               
        022 - 011 numéro de compte     = 00020411105                                                                     
        033 - 002 code opération AFB   =                                                                                 
        035 - 006 date d'opération     = 160926                                                                          
        091 - 014 ancien solde         = 0000000000000{                                                                  
                        Enregistrements erronés lors du chargement de relevés                    Date :18-SEP-2026  Page : 35

  N°     Contenu   
-------------------------------------------------------------------------------------------------------------------------------
07682 >  0130003    03175EUR2 00020340516  160926                                                  0000000000000{                
 Erreur 025 : Journée manquante (date supérieure à celle du dernier relevé chargé)                                
        001 - 002 code enregistrement  = 01                                                                              
        003 - 005 code banque          = 30003                                                                           
        012 - 005 code guichet         = 03175                                                                           
        017 - 003 devise               = EUR                                                                             
        020 - 001 nombre de décimales  = 2                                                                               
        022 - 011 numéro de compte     = 00020340516                                                                     
        033 - 002 code opération AFB   =                                                                                 
        035 - 006 date d'opération     = 160926                                                                          
        091 - 014 ancien solde         = 0000000000000{                                                                  
07688 >  0130003    03175EUR2 00020254030  160926                                                  0000000000000{                
 Erreur 025 : Journée manquante (date supérieure à celle du dernier relevé chargé)                                
        001 - 002 code enregistrement  = 01                                                                              
        003 - 005 code banque          = 30003                                                                           
        012 - 005 code guichet         = 03175                                                                           
        017 - 003 devise               = EUR                                                                             
        020 - 001 nombre de décimales  = 2                                                                               
        022 - 011 numéro de compte     = 00020254030                                                                     
        033 - 002 code opération AFB   =                                                                                 
        035 - 006 date d'opération     = 160926                                                                          
        091 - 014 ancien solde         = 0000000000000{                                                                  
07718 >  0130003    03175EUR2 00020260581  160926                                                  0000000000000{                
 Erreur 025 : Journée manquante (date supérieure à celle du dernier relevé chargé)                                
        001 - 002 code enregistrement  = 01                                                                              
        003 - 005 code banque          = 30003                                                                           
        012 - 005 code guichet         = 03175                                                                           
        017 - 003 devise               = EUR                                                                             
        020 - 001 nombre de décimales  = 2                                                                               
        022 - 011 numéro de compte     = 00020260581                                                                     
        033 - 002 code opération AFB   =                                                                                 
        035 - 006 date d'opération     = 160926                                                                          
        091 - 014 ancien solde         = 0000000000000{                                                                  
07720 >  0130003    03175EUR2 00020255524  160926                                                  0000000000000{                
 Erreur 025 : Journée manquante (date supérieure à celle du dernier relevé chargé)                                
        001 - 002 code enregistrement  = 01                                                                              
        003 - 005 code banque          = 30003                                                                           
        012 - 005 code guichet         = 03175                                                                           
        017 - 003 devise               = EUR                                                                             
        020 - 001 nombre de décimales  = 2                                                                               
        022 - 011 numéro de compte     = 00020255524                                                                     
        033 - 002 code opération AFB   =                                                                                 
        035 - 006 date d'opération     = 160926                                                                          
        091 - 014 ancien solde         = 0000000000000{                                                                  
                        Enregistrements erronés lors du chargement de relevés                    Date :18-SEP-2026  Page : 36

  N°     Contenu   
-------------------------------------------------------------------------------------------------------------------------------
07765 >  0130003    04170EUR2 00029067075  160926                                                  0000000000000{                
 Erreur 001 : Compte bancaire erroné                                                                              
        001 - 002 code enregistrement  = 01                                                                              
        003 - 005 code banque          = 30003                                                                           
        012 - 005 code guichet         = 04170                                                                           
        017 - 003 devise               = EUR                                                                             
        020 - 001 nombre de décimales  = 2                                                                               
        022 - 011 numéro de compte     = 00029067075                                                                     
        033 - 002 code opération AFB   =                                                                                 
        035 - 006 date d'opération     = 160926                                                                          
        091 - 014 ancien solde         = 0000000000000{                                                                  
07853 >  0130003    03175EUR2 00020496425  160926                                                  0000000000000{                
 Erreur 025 : Journée manquante (date supérieure à celle du dernier relevé chargé)                                
        001 - 002 code enregistrement  = 01                                                                              
        003 - 005 code banque          = 30003                                                                           
        012 - 005 code guichet         = 03175                                                                           
        017 - 003 devise               = EUR                                                                             
        020 - 001 nombre de décimales  = 2                                                                               
        022 - 011 numéro de compte     = 00020496425                                                                     
        033 - 002 code opération AFB   =                                                                                 
        035 - 006 date d'opération     = 160926                                                                          
        091 - 014 ancien solde         = 0000000000000{                                                                  
07855 >  0130003    03175EUR2 00020496540  160926                                                  0000000000000{                
 Erreur 025 : Journée manquante (date supérieure à celle du dernier relevé chargé)                                
        001 - 002 code enregistrement  = 01                                                                              
        003 - 005 code banque          = 30003                                                                           
        012 - 005 code guichet         = 03175                                                                           
        017 - 003 devise               = EUR                                                                             
        020 - 001 nombre de décimales  = 2                                                                               
        022 - 011 numéro de compte     = 00020496540                                                                     
        033 - 002 code opération AFB   =                                                                                 
        035 - 006 date d'opération     = 160926                                                                          
        091 - 014 ancien solde         = 0000000000000{                                                                  
07861 >  0130003    01100EUR2 00020399698  160926                                                  0000000000000{                
 Erreur 025 : Journée manquante (date supérieure à celle du dernier relevé chargé)                                
        001 - 002 code enregistrement  = 01                                                                              
        003 - 005 code banque          = 30003                                                                           
        012 - 005 code guichet         = 01100                                                                           
        017 - 003 devise               = EUR                                                                             
        020 - 001 nombre de décimales  = 2                                                                               
        022 - 011 numéro de compte     = 00020399698                                                                     
        033 - 002 code opération AFB   =                                                                                 
        035 - 006 date d'opération     = 160926                                                                          
        091 - 014 ancien solde         = 0000000000000{                                                                  
                        Enregistrements erronés lors du chargement de relevés                    Date :18-SEP-2026  Page : 37

  N°     Contenu   
-------------------------------------------------------------------------------------------------------------------------------
07885 >  0130003    03620EUR2 00020183636  160926                                                  0000000000000{                
 Erreur 001 : Compte bancaire erroné                                                                              
        001 - 002 code enregistrement  = 01                                                                              
        003 - 005 code banque          = 30003                                                                           
        012 - 005 code guichet         = 03620                                                                           
        017 - 003 devise               = EUR                                                                             
        020 - 001 nombre de décimales  = 2                                                                               
        022 - 011 numéro de compte     = 00020183636                                                                     
        033 - 002 code opération AFB   =                                                                                 
        035 - 006 date d'opération     = 160926                                                                          
        091 - 014 ancien solde         = 0000000000000{                                                                  
07887 >  0130003    03620EUR2 00020160592  160926                                                  0000000000000{                
 Erreur 025 : Journée manquante (date supérieure à celle du dernier relevé chargé)                                
        001 - 002 code enregistrement  = 01                                                                              
        003 - 005 code banque          = 30003                                                                           
        012 - 005 code guichet         = 03620                                                                           
        017 - 003 devise               = EUR                                                                             
        020 - 001 nombre de décimales  = 2                                                                               
        022 - 011 numéro de compte     = 00020160592                                                                     
        033 - 002 code opération AFB   =                                                                                 
        035 - 006 date d'opération     = 160926                                                                          
        091 - 014 ancien solde         = 0000000000000{                                                                  
07889 >  0130003    01112EUR2 00020011356  160926                                                  0000000000000{                
 Erreur 025 : Journée manquante (date supérieure à celle du dernier relevé chargé)                                
        001 - 002 code enregistrement  = 01                                                                              
        003 - 005 code banque          = 30003                                                                           
        012 - 005 code guichet         = 01112                                                                           
        017 - 003 devise               = EUR                                                                             
        020 - 001 nombre de décimales  = 2                                                                               
        022 - 011 numéro de compte     = 00020011356                                                                     
        033 - 002 code opération AFB   =                                                                                 
        035 - 006 date d'opération     = 160926                                                                          
        091 - 014 ancien solde         = 0000000000000{                                                                  
08134 >  0130003    03175EUR2 00020296890  160926                                                  0000000000000{                
 Erreur 025 : Journée manquante (date supérieure à celle du dernier relevé chargé)                                
        001 - 002 code enregistrement  = 01                                                                              
        003 - 005 code banque          = 30003                                                                           
        012 - 005 code guichet         = 03175                                                                           
        017 - 003 devise               = EUR                                                                             
        020 - 001 nombre de décimales  = 2                                                                               
        022 - 011 numéro de compte     = 00020296890                                                                     
        033 - 002 code opération AFB   =                                                                                 
        035 - 006 date d'opération     = 160926                                                                          
        091 - 014 ancien solde         = 0000000000000{                                                                  
                        Enregistrements erronés lors du chargement de relevés                    Date :18-SEP-2026  Page : 38

  N°     Contenu   
-------------------------------------------------------------------------------------------------------------------------------
08152 >  0130003    03620EUR2 00020010540  160926                                                  0000000000000{                
 Erreur 025 : Journée manquante (date supérieure à celle du dernier relevé chargé)                                
        001 - 002 code enregistrement  = 01                                                                              
        003 - 005 code banque          = 30003                                                                           
        012 - 005 code guichet         = 03620                                                                           
        017 - 003 devise               = EUR                                                                             
        020 - 001 nombre de décimales  = 2                                                                               
        022 - 011 numéro de compte     = 00020010540                                                                     
        033 - 002 code opération AFB   =                                                                                 
        035 - 006 date d'opération     = 160926                                                                          
        091 - 014 ancien solde         = 0000000000000{                                                                  
08163 >  0130003    03175EUR2 00020294622  160926                                                  0000000000000{                
 Erreur 025 : Journée manquante (date supérieure à celle du dernier relevé chargé)                                
        001 - 002 code enregistrement  = 01                                                                              
        003 - 005 code banque          = 30003                                                                           
        012 - 005 code guichet         = 03175                                                                           
        017 - 003 devise               = EUR                                                                             
        020 - 001 nombre de décimales  = 2                                                                               
        022 - 011 numéro de compte     = 00020294622                                                                     
        033 - 002 code opération AFB   =                                                                                 
        035 - 006 date d'opération     = 160926                                                                          
        091 - 014 ancien solde         = 0000000000000{                                                                  
08176 >  0130003    01100EUR2 00020404134  160926                                                  0000000000000{                
 Erreur 025 : Journée manquante (date supérieure à celle du dernier relevé chargé)                                
        001 - 002 code enregistrement  = 01                                                                              
        003 - 005 code banque          = 30003                                                                           
        012 - 005 code guichet         = 01100                                                                           
        017 - 003 devise               = EUR                                                                             
        020 - 001 nombre de décimales  = 2                                                                               
        022 - 011 numéro de compte     = 00020404134                                                                     
        033 - 002 code opération AFB   =                                                                                 
        035 - 006 date d'opération     = 160926                                                                          
        091 - 014 ancien solde         = 0000000000000{                                                                  
08202 >  0130003    03175EUR2 00020103104  160926                                                  0000000000000{                
 Erreur 025 : Journée manquante (date supérieure à celle du dernier relevé chargé)                                
        001 - 002 code enregistrement  = 01                                                                              
        003 - 005 code banque          = 30003                                                                           
        012 - 005 code guichet         = 03175                                                                           
        017 - 003 devise               = EUR                                                                             
        020 - 001 nombre de décimales  = 2                                                                               
        022 - 011 numéro de compte     = 00020103104                                                                     
        033 - 002 code opération AFB   =                                                                                 
        035 - 006 date d'opération     = 160926                                                                          
        091 - 014 ancien solde         = 0000000000000{                                                                  
                        Enregistrements erronés lors du chargement de relevés                    Date :18-SEP-2026  Page : 39

  N°     Contenu   
-------------------------------------------------------------------------------------------------------------------------------
08208 >  0130003    00550EUR2 00020086607  160926                                                  0000000000000{                
 Erreur 025 : Journée manquante (date supérieure à celle du dernier relevé chargé)                                
        001 - 002 code enregistrement  = 01                                                                              
        003 - 005 code banque          = 30003                                                                           
        012 - 005 code guichet         = 00550                                                                           
        017 - 003 devise               = EUR                                                                             
        020 - 001 nombre de décimales  = 2                                                                               
        022 - 011 numéro de compte     = 00020086607                                                                     
        033 - 002 code opération AFB   =                                                                                 
        035 - 006 date d'opération     = 160926                                                                          
        091 - 014 ancien solde         = 0000000000000{                                                                  
08543 >  0130003    03175EUR2 00020294366  160926                                                  0000000000000{                
 Erreur 025 : Journée manquante (date supérieure à celle du dernier relevé chargé)                                
        001 - 002 code enregistrement  = 01                                                                              
        003 - 005 code banque          = 30003                                                                           
        012 - 005 code guichet         = 03175                                                                           
        017 - 003 devise               = EUR                                                                             
        020 - 001 nombre de décimales  = 2                                                                               
        022 - 011 numéro de compte     = 00020294366                                                                     
        033 - 002 code opération AFB   =                                                                                 
        035 - 006 date d'opération     = 160926                                                                          
        091 - 014 ancien solde         = 0000000000000{                                                                  
08560 >  0130003    03175EUR2 00020285109  160926                                                  0000000000000{                
 Erreur 025 : Journée manquante (date supérieure à celle du dernier relevé chargé)                                
        001 - 002 code enregistrement  = 01                                                                              
        003 - 005 code banque          = 30003                                                                           
        012 - 005 code guichet         = 03175                                                                           
        017 - 003 devise               = EUR                                                                             
        020 - 001 nombre de décimales  = 2                                                                               
        022 - 011 numéro de compte     = 00020285109                                                                     
        033 - 002 code opération AFB   =                                                                                 
        035 - 006 date d'opération     = 160926                                                                          
        091 - 014 ancien solde         = 0000000000000{                                                                  
08573 >  0130003    03175EUR2 00020485402  160926                                                  0000000000000{                
 Erreur 025 : Journée manquante (date supérieure à celle du dernier relevé chargé)                                
        001 - 002 code enregistrement  = 01                                                                              
        003 - 005 code banque          = 30003                                                                           
        012 - 005 code guichet         = 03175                                                                           
        017 - 003 devise               = EUR                                                                             
        020 - 001 nombre de décimales  = 2                                                                               
        022 - 011 numéro de compte     = 00020485402                                                                     
        033 - 002 code opération AFB   =                                                                                 
        035 - 006 date d'opération     = 160926                                                                          
        091 - 014 ancien solde         = 0000000000000{                                                                  
                        Enregistrements erronés lors du chargement de relevés                    Date :18-SEP-2026  Page : 40

  N°     Contenu   
-------------------------------------------------------------------------------------------------------------------------------
08621 >  0130003    01100EUR2 00020417243  160926                                                  0000000000000{                
 Erreur 025 : Journée manquante (date supérieure à celle du dernier relevé chargé)                                
        001 - 002 code enregistrement  = 01                                                                              
        003 - 005 code banque          = 30003                                                                           
        012 - 005 code guichet         = 01100                                                                           
        017 - 003 devise               = EUR                                                                             
        020 - 001 nombre de décimales  = 2                                                                               
        022 - 011 numéro de compte     = 00020417243                                                                     
        033 - 002 code opération AFB   =                                                                                 
        035 - 006 date d'opération     = 160926                                                                          
        091 - 014 ancien solde         = 0000000000000{                                                                  
08651 >  0130003    03175EUR2 00020516115  160926                                                  0000000000000{                
 Erreur 025 : Journée manquante (date supérieure à celle du dernier relevé chargé)                                
        001 - 002 code enregistrement  = 01                                                                              
        003 - 005 code banque          = 30003                                                                           
        012 - 005 code guichet         = 03175                                                                           
        017 - 003 devise               = EUR                                                                             
        020 - 001 nombre de décimales  = 2                                                                               
        022 - 011 numéro de compte     = 00020516115                                                                     
        033 - 002 code opération AFB   =                                                                                 
        035 - 006 date d'opération     = 160926                                                                          
        091 - 014 ancien solde         = 0000000000000{                                                                  
08653 >  0130003    02280EUR2 00025150149  160926                                                  0000000000000{                
 Erreur 025 : Journée manquante (date supérieure à celle du dernier relevé chargé)                                
        001 - 002 code enregistrement  = 01                                                                              
        003 - 005 code banque          = 30003                                                                           
        012 - 005 code guichet         = 02280                                                                           
        017 - 003 devise               = EUR                                                                             
        020 - 001 nombre de décimales  = 2                                                                               
        022 - 011 numéro de compte     = 00025150149                                                                     
        033 - 002 code opération AFB   =                                                                                 
        035 - 006 date d'opération     = 160926                                                                          
        091 - 014 ancien solde         = 0000000000000{                                                                  
08655 >  0130003    03175EUR2 00020294614  160926                                                  0000000000000{                
 Erreur 025 : Journée manquante (date supérieure à celle du dernier relevé chargé)                                
        001 - 002 code enregistrement  = 01                                                                              
        003 - 005 code banque          = 30003                                                                           
        012 - 005 code guichet         = 03175                                                                           
        017 - 003 devise               = EUR                                                                             
        020 - 001 nombre de décimales  = 2                                                                               
        022 - 011 numéro de compte     = 00020294614                                                                     
        033 - 002 code opération AFB   =                                                                                 
        035 - 006 date d'opération     = 160926                                                                          
        091 - 014 ancien solde         = 0000000000000{                                                                  
                        Enregistrements erronés lors du chargement de relevés                    Date :18-SEP-2026  Page : 41

  N°     Contenu   
-------------------------------------------------------------------------------------------------------------------------------
08664 >  0130003    03175EUR2 00020496391  160926                                                  0000000000000{                
 Erreur 025 : Journée manquante (date supérieure à celle du dernier relevé chargé)                                
        001 - 002 code enregistrement  = 01                                                                              
        003 - 005 code banque          = 30003                                                                           
        012 - 005 code guichet         = 03175                                                                           
        017 - 003 devise               = EUR                                                                             
        020 - 001 nombre de décimales  = 2                                                                               
        022 - 011 numéro de compte     = 00020496391                                                                     
        033 - 002 code opération AFB   =                                                                                 
        035 - 006 date d'opération     = 160926                                                                          
        091 - 014 ancien solde         = 0000000000000{                                                                  
08666 >  0130003    03620EUR2 00020183693  160926                                                  0000000000000{                
 Erreur 001 : Compte bancaire erroné                                                                              
        001 - 002 code enregistrement  = 01                                                                              
        003 - 005 code banque          = 30003                                                                           
        012 - 005 code guichet         = 03620                                                                           
        017 - 003 devise               = EUR                                                                             
        020 - 001 nombre de décimales  = 2                                                                               
        022 - 011 numéro de compte     = 00020183693                                                                     
        033 - 002 code opération AFB   =                                                                                 
        035 - 006 date d'opération     = 160926                                                                          
        091 - 014 ancien solde         = 0000000000000{                                                                  
08668 >  0130003    03620EUR2 00020150197  160926                                                  0000000000000{                
 Erreur 025 : Journée manquante (date supérieure à celle du dernier relevé chargé)                                
        001 - 002 code enregistrement  = 01                                                                              
        003 - 005 code banque          = 30003                                                                           
        012 - 005 code guichet         = 03620                                                                           
        017 - 003 devise               = EUR                                                                             
        020 - 001 nombre de décimales  = 2                                                                               
        022 - 011 numéro de compte     = 00020150197                                                                     
        033 - 002 code opération AFB   =                                                                                 
        035 - 006 date d'opération     = 160926                                                                          
        091 - 014 ancien solde         = 0000000000000{                                                                  
08670 >  0130003    01207EUR2 00020186650  160926                                                  0000000000000{                
 Erreur 025 : Journée manquante (date supérieure à celle du dernier relevé chargé)                                
        001 - 002 code enregistrement  = 01                                                                              
        003 - 005 code banque          = 30003                                                                           
        012 - 005 code guichet         = 01207                                                                           
        017 - 003 devise               = EUR                                                                             
        020 - 001 nombre de décimales  = 2                                                                               
        022 - 011 numéro de compte     = 00020186650                                                                     
        033 - 002 code opération AFB   =                                                                                 
        035 - 006 date d'opération     = 160926                                                                          
        091 - 014 ancien solde         = 0000000000000{                                                                  
                        Enregistrements erronés lors du chargement de relevés                    Date :18-SEP-2026  Page : 42

  N°     Contenu   
-------------------------------------------------------------------------------------------------------------------------------
09036 >  0130003    03175EUR2 00020279391  160926                                                  0000000000000{                
 Erreur 025 : Journée manquante (date supérieure à celle du dernier relevé chargé)                                
        001 - 002 code enregistrement  = 01                                                                              
        003 - 005 code banque          = 30003                                                                           
        012 - 005 code guichet         = 03175                                                                           
        017 - 003 devise               = EUR                                                                             
        020 - 001 nombre de décimales  = 2                                                                               
        022 - 011 numéro de compte     = 00020279391                                                                     
        033 - 002 code opération AFB   =                                                                                 
        035 - 006 date d'opération     = 160926                                                                          
        091 - 014 ancien solde         = 0000000000000{                                                                  
09064 >  0130003    03175EUR2 00020170681  160926                                                  0000000000000{                
 Erreur 025 : Journée manquante (date supérieure à celle du dernier relevé chargé)                                
        001 - 002 code enregistrement  = 01                                                                              
        003 - 005 code banque          = 30003                                                                           
        012 - 005 code guichet         = 03175                                                                           
        017 - 003 devise               = EUR                                                                             
        020 - 001 nombre de décimales  = 2                                                                               
        022 - 011 numéro de compte     = 00020170681                                                                     
        033 - 002 code opération AFB   =                                                                                 
        035 - 006 date d'opération     = 160926                                                                          
        091 - 014 ancien solde         = 0000000000000{                                                                  
09316 >  0130003    01100EUR2 00020416815  160926                                                  0000000000000{                
 Erreur 025 : Journée manquante (date supérieure à celle du dernier relevé chargé)                                
        001 - 002 code enregistrement  = 01                                                                              
        003 - 005 code banque          = 30003                                                                           
        012 - 005 code guichet         = 01100                                                                           
        017 - 003 devise               = EUR                                                                             
        020 - 001 nombre de décimales  = 2                                                                               
        022 - 011 numéro de compte     = 00020416815                                                                     
        033 - 002 code opération AFB   =                                                                                 
        035 - 006 date d'opération     = 160926                                                                          
        091 - 014 ancien solde         = 0000000000000{                                                                  
09318 >  0130003    03175EUR2 00020471519  160926                                                  0000000000000{                
 Erreur 025 : Journée manquante (date supérieure à celle du dernier relevé chargé)                                
        001 - 002 code enregistrement  = 01                                                                              
        003 - 005 code banque          = 30003                                                                           
        012 - 005 code guichet         = 03175                                                                           
        017 - 003 devise               = EUR                                                                             
        020 - 001 nombre de décimales  = 2                                                                               
        022 - 011 numéro de compte     = 00020471519                                                                     
        033 - 002 code opération AFB   =                                                                                 
        035 - 006 date d'opération     = 160926                                                                          
        091 - 014 ancien solde         = 0000000000000{                                                                  
                        Enregistrements erronés lors du chargement de relevés                    Date :18-SEP-2026  Page : 43

  N°     Contenu   
-------------------------------------------------------------------------------------------------------------------------------
09325 >  0130003    03175EUR2 00020260516  160926                                                  0000000000000{                
 Erreur 025 : Journée manquante (date supérieure à celle du dernier relevé chargé)                                
        001 - 002 code enregistrement  = 01                                                                              
        003 - 005 code banque          = 30003                                                                           
        012 - 005 code guichet         = 03175                                                                           
        017 - 003 devise               = EUR                                                                             
        020 - 001 nombre de décimales  = 2                                                                               
        022 - 011 numéro de compte     = 00020260516                                                                     
        033 - 002 code opération AFB   =                                                                                 
        035 - 006 date d'opération     = 160926                                                                          
        091 - 014 ancien solde         = 0000000000000{                                                                  
09449 >  0130003    01100EUR2 00020416740  160926                                                  0000000000000{                
 Erreur 025 : Journée manquante (date supérieure à celle du dernier relevé chargé)                                
        001 - 002 code enregistrement  = 01                                                                              
        003 - 005 code banque          = 30003                                                                           
        012 - 005 code guichet         = 01100                                                                           
        017 - 003 devise               = EUR                                                                             
        020 - 001 nombre de décimales  = 2                                                                               
        022 - 011 numéro de compte     = 00020416740                                                                     
        033 - 002 code opération AFB   =                                                                                 
        035 - 006 date d'opération     = 160926                                                                          
        091 - 014 ancien solde         = 0000000000000{                                                                  
09456 >  0130003    03175EUR2 00020485444  160926                                                  0000000000000{                
 Erreur 025 : Journée manquante (date supérieure à celle du dernier relevé chargé)                                
        001 - 002 code enregistrement  = 01                                                                              
        003 - 005 code banque          = 30003                                                                           
        012 - 005 code guichet         = 03175                                                                           
        017 - 003 devise               = EUR                                                                             
        020 - 001 nombre de décimales  = 2                                                                               
        022 - 011 numéro de compte     = 00020485444                                                                     
        033 - 002 code opération AFB   =                                                                                 
        035 - 006 date d'opération     = 160926                                                                          
        091 - 014 ancien solde         = 0000000000000{                                                                  
09462 >  0130003    00370EUR2 00025100813  160926                                                  0000000000000{                
 Erreur 025 : Journée manquante (date supérieure à celle du dernier relevé chargé)                                
        001 - 002 code enregistrement  = 01                                                                              
        003 - 005 code banque          = 30003                                                                           
        012 - 005 code guichet         = 00370                                                                           
        017 - 003 devise               = EUR                                                                             
        020 - 001 nombre de décimales  = 2                                                                               
        022 - 011 numéro de compte     = 00025100813                                                                     
        033 - 002 code opération AFB   =                                                                                 
        035 - 006 date d'opération     = 160926                                                                          
        091 - 014 ancien solde         = 0000000000000{                                                                  
                        Enregistrements erronés lors du chargement de relevés                    Date :18-SEP-2026  Page : 44

  N°     Contenu   
-------------------------------------------------------------------------------------------------------------------------------
09809 >  0130003    01240EUR2 00020277947  160926                                                  0000000000000{                
 Erreur 025 : Journée manquante (date supérieure à celle du dernier relevé chargé)                                
        001 - 002 code enregistrement  = 01                                                                              
        003 - 005 code banque          = 30003                                                                           
        012 - 005 code guichet         = 01240                                                                           
        017 - 003 devise               = EUR                                                                             
        020 - 001 nombre de décimales  = 2                                                                               
        022 - 011 numéro de compte     = 00020277947                                                                     
        033 - 002 code opération AFB   =                                                                                 
        035 - 006 date d'opération     = 160926                                                                          
        091 - 014 ancien solde         = 0000000000000{                                                                  
10210 >  0130003    01100EUR2 00020394897  160926                                                  0000000000000{                
 Erreur 025 : Journée manquante (date supérieure à celle du dernier relevé chargé)                                
        001 - 002 code enregistrement  = 01                                                                              
        003 - 005 code banque          = 30003                                                                           
        012 - 005 code guichet         = 01100                                                                           
        017 - 003 devise               = EUR                                                                             
        020 - 001 nombre de décimales  = 2                                                                               
        022 - 011 numéro de compte     = 00020394897                                                                     
        033 - 002 code opération AFB   =                                                                                 
        035 - 006 date d'opération     = 160926                                                                          
        091 - 014 ancien solde         = 0000000000000{                                                                  
10220 >  0130003    03620EUR2 00020160634  160926                                                  0000000000000{                
 Erreur 025 : Journée manquante (date supérieure à celle du dernier relevé chargé)                                
        001 - 002 code enregistrement  = 01                                                                              
        003 - 005 code banque          = 30003                                                                           
        012 - 005 code guichet         = 03620                                                                           
        017 - 003 devise               = EUR                                                                             
        020 - 001 nombre de décimales  = 2                                                                               
        022 - 011 numéro de compte     = 00020160634                                                                     
        033 - 002 code opération AFB   =                                                                                 
        035 - 006 date d'opération     = 160926                                                                          
        091 - 014 ancien solde         = 0000000000000{                                                                  
10222 >  0130003    03620EUR2 00020167886  160926                                                  0000000000000{                
 Erreur 025 : Journée manquante (date supérieure à celle du dernier relevé chargé)                                
        001 - 002 code enregistrement  = 01                                                                              
        003 - 005 code banque          = 30003                                                                           
        012 - 005 code guichet         = 03620                                                                           
        017 - 003 devise               = EUR                                                                             
        020 - 001 nombre de décimales  = 2                                                                               
        022 - 011 numéro de compte     = 00020167886                                                                     
        033 - 002 code opération AFB   =                                                                                 
        035 - 006 date d'opération     = 160926                                                                          
        091 - 014 ancien solde         = 0000000000000{                                                                  
                        Enregistrements erronés lors du chargement de relevés                    Date :18-SEP-2026  Page : 45

  N°     Contenu   
-------------------------------------------------------------------------------------------------------------------------------
10224 >  0130003    03620EUR2 00020150023  160926                                                  0000000000000{                
 Erreur 025 : Journée manquante (date supérieure à celle du dernier relevé chargé)                                
        001 - 002 code enregistrement  = 01                                                                              
        003 - 005 code banque          = 30003                                                                           
        012 - 005 code guichet         = 03620                                                                           
        017 - 003 devise               = EUR                                                                             
        020 - 001 nombre de décimales  = 2                                                                               
        022 - 011 numéro de compte     = 00020150023                                                                     
        033 - 002 code opération AFB   =                                                                                 
        035 - 006 date d'opération     = 160926                                                                          
        091 - 014 ancien solde         = 0000000000000{                                                                  
10226 >  0130003    03175EUR2 00020485428  160926                                                  0000000000000{                
 Erreur 025 : Journée manquante (date supérieure à celle du dernier relevé chargé)                                
        001 - 002 code enregistrement  = 01                                                                              
        003 - 005 code banque          = 30003                                                                           
        012 - 005 code guichet         = 03175                                                                           
        017 - 003 devise               = EUR                                                                             
        020 - 001 nombre de décimales  = 2                                                                               
        022 - 011 numéro de compte     = 00020485428                                                                     
        033 - 002 code opération AFB   =                                                                                 
        035 - 006 date d'opération     = 160926                                                                          
        091 - 014 ancien solde         = 0000000000000{                                                                  
10243 >  0130003    03175EUR2 00020288160  160926                                                  0000000000000{                
 Erreur 025 : Journée manquante (date supérieure à celle du dernier relevé chargé)                                
        001 - 002 code enregistrement  = 01                                                                              
        003 - 005 code banque          = 30003                                                                           
        012 - 005 code guichet         = 03175                                                                           
        017 - 003 devise               = EUR                                                                             
        020 - 001 nombre de décimales  = 2                                                                               
        022 - 011 numéro de compte     = 00020288160                                                                     
        033 - 002 code opération AFB   =                                                                                 
        035 - 006 date d'opération     = 160926                                                                          
        091 - 014 ancien solde         = 0000000000000{                                                                  
10245 >  0130003    03175EUR2 00020295249  160926                                                  0000000000000{                
 Erreur 025 : Journée manquante (date supérieure à celle du dernier relevé chargé)                                
        001 - 002 code enregistrement  = 01                                                                              
        003 - 005 code banque          = 30003                                                                           
        012 - 005 code guichet         = 03175                                                                           
        017 - 003 devise               = EUR                                                                             
        020 - 001 nombre de décimales  = 2                                                                               
        022 - 011 numéro de compte     = 00020295249                                                                     
        033 - 002 code opération AFB   =                                                                                 
        035 - 006 date d'opération     = 160926                                                                          
        091 - 014 ancien solde         = 0000000000000{                                                                  
                        Enregistrements erronés lors du chargement de relevés                    Date :18-SEP-2026  Page : 46

  N°     Contenu   
-------------------------------------------------------------------------------------------------------------------------------
10283 >  0130003    04043EUR2 00025150149  160926                                                  0000000000000{                
 Erreur 025 : Journée manquante (date supérieure à celle du dernier relevé chargé)                                
        001 - 002 code enregistrement  = 01                                                                              
        003 - 005 code banque          = 30003                                                                           
        012 - 005 code guichet         = 04043                                                                           
        017 - 003 devise               = EUR                                                                             
        020 - 001 nombre de décimales  = 2                                                                               
        022 - 011 numéro de compte     = 00025150149                                                                     
        033 - 002 code opération AFB   =                                                                                 
        035 - 006 date d'opération     = 160926                                                                          
        091 - 014 ancien solde         = 0000000000000{                                                                  
10306 >  0130003    01112EUR2 00020006513  160926                                                  0000000000000{                
 Erreur 025 : Journée manquante (date supérieure à celle du dernier relevé chargé)                                
        001 - 002 code enregistrement  = 01                                                                              
        003 - 005 code banque          = 30003                                                                           
        012 - 005 code guichet         = 01112                                                                           
        017 - 003 devise               = EUR                                                                             
        020 - 001 nombre de décimales  = 2                                                                               
        022 - 011 numéro de compte     = 00020006513                                                                     
        033 - 002 code opération AFB   =                                                                                 
        035 - 006 date d'opération     = 160926                                                                          
        091 - 014 ancien solde         = 0000000000000{                                                                  
10308 >  0130003    03620EUR2 00020167191  160926                                                  0000000000000{                
 Erreur 025 : Journée manquante (date supérieure à celle du dernier relevé chargé)                                
        001 - 002 code enregistrement  = 01                                                                              
        003 - 005 code banque          = 30003                                                                           
        012 - 005 code guichet         = 03620                                                                           
        017 - 003 devise               = EUR                                                                             
        020 - 001 nombre de décimales  = 2                                                                               
        022 - 011 numéro de compte     = 00020167191                                                                     
        033 - 002 code opération AFB   =                                                                                 
        035 - 006 date d'opération     = 160926                                                                          
        091 - 014 ancien solde         = 0000000000000{                                                                  
10372 >  0130003    03175EUR2 00020288137  160926                                                  0000000000000{                
 Erreur 025 : Journée manquante (date supérieure à celle du dernier relevé chargé)                                
        001 - 002 code enregistrement  = 01                                                                              
        003 - 005 code banque          = 30003                                                                           
        012 - 005 code guichet         = 03175                                                                           
        017 - 003 devise               = EUR                                                                             
        020 - 001 nombre de décimales  = 2                                                                               
        022 - 011 numéro de compte     = 00020288137                                                                     
        033 - 002 code opération AFB   =                                                                                 
        035 - 006 date d'opération     = 160926                                                                          
        091 - 014 ancien solde         = 0000000000000{                                                                  
                        Enregistrements erronés lors du chargement de relevés                    Date :18-SEP-2026  Page : 47

  N°     Contenu   
-------------------------------------------------------------------------------------------------------------------------------
10388 >  0130003    03175EUR2 00020359177  160926                                                  0000000000000{                
 Erreur 025 : Journée manquante (date supérieure à celle du dernier relevé chargé)                                
        001 - 002 code enregistrement  = 01                                                                              
        003 - 005 code banque          = 30003                                                                           
        012 - 005 code guichet         = 03175                                                                           
        017 - 003 devise               = EUR                                                                             
        020 - 001 nombre de décimales  = 2                                                                               
        022 - 011 numéro de compte     = 00020359177                                                                     
        033 - 002 code opération AFB   =                                                                                 
        035 - 006 date d'opération     = 160926                                                                          
        091 - 014 ancien solde         = 0000000000000{                                                                  
10415 >  0130003    01100EUR2 00020415643  160926                                                  0000000000000{                
 Erreur 025 : Journée manquante (date supérieure à celle du dernier relevé chargé)                                
        001 - 002 code enregistrement  = 01                                                                              
        003 - 005 code banque          = 30003                                                                           
        012 - 005 code guichet         = 01100                                                                           
        017 - 003 devise               = EUR                                                                             
        020 - 001 nombre de décimales  = 2                                                                               
        022 - 011 numéro de compte     = 00020415643                                                                     
        033 - 002 code opération AFB   =                                                                                 
        035 - 006 date d'opération     = 160926                                                                          
        091 - 014 ancien solde         = 0000000000000{                                                                  
10417 >  0130003    02280EUR2 00025150107  160926                                                  0000000000000{                
 Erreur 025 : Journée manquante (date supérieure à celle du dernier relevé chargé)                                
        001 - 002 code enregistrement  = 01                                                                              
        003 - 005 code banque          = 30003                                                                           
        012 - 005 code guichet         = 02280                                                                           
        017 - 003 devise               = EUR                                                                             
        020 - 001 nombre de décimales  = 2                                                                               
        022 - 011 numéro de compte     = 00025150107                                                                     
        033 - 002 code opération AFB   =                                                                                 
        035 - 006 date d'opération     = 160926                                                                          
        091 - 014 ancien solde         = 0000000000000{                                                                  
10673 >  0130003    03175EUR2 00020256076  160926                                                  0000000000000{                
 Erreur 025 : Journée manquante (date supérieure à celle du dernier relevé chargé)                                
        001 - 002 code enregistrement  = 01                                                                              
        003 - 005 code banque          = 30003                                                                           
        012 - 005 code guichet         = 03175                                                                           
        017 - 003 devise               = EUR                                                                             
        020 - 001 nombre de décimales  = 2                                                                               
        022 - 011 numéro de compte     = 00020256076                                                                     
        033 - 002 code opération AFB   =                                                                                 
        035 - 006 date d'opération     = 160926                                                                          
        091 - 014 ancien solde         = 0000000000000{                                                                  
                        Enregistrements erronés lors du chargement de relevés                    Date :18-SEP-2026  Page : 48

  N°     Contenu   
-------------------------------------------------------------------------------------------------------------------------------
10675 >  0130003    03620EUR2 00020150189  160926                                                  0000000000000{                
 Erreur 025 : Journée manquante (date supérieure à celle du dernier relevé chargé)                                
        001 - 002 code enregistrement  = 01                                                                              
        003 - 005 code banque          = 30003                                                                           
        012 - 005 code guichet         = 03620                                                                           
        017 - 003 devise               = EUR                                                                             
        020 - 001 nombre de décimales  = 2                                                                               
        022 - 011 numéro de compte     = 00020150189                                                                     
        033 - 002 code opération AFB   =                                                                                 
        035 - 006 date d'opération     = 160926                                                                          
        091 - 014 ancien solde         = 0000000000000{                                                                  
10681 >  0130003    03175EUR2 00020516156  160926                                                  0000000000000{                
 Erreur 025 : Journée manquante (date supérieure à celle du dernier relevé chargé)                                
        001 - 002 code enregistrement  = 01                                                                              
        003 - 005 code banque          = 30003                                                                           
        012 - 005 code guichet         = 03175                                                                           
        017 - 003 devise               = EUR                                                                             
        020 - 001 nombre de décimales  = 2                                                                               
        022 - 011 numéro de compte     = 00020516156                                                                     
        033 - 002 code opération AFB   =                                                                                 
        035 - 006 date d'opération     = 160926                                                                          
        091 - 014 ancien solde         = 0000000000000{                                                                  
10683 >  0130003    03620EUR2 00020551055  160926                                                  0000000000000{                
 Erreur 025 : Journée manquante (date supérieure à celle du dernier relevé chargé)                                
        001 - 002 code enregistrement  = 01                                                                              
        003 - 005 code banque          = 30003                                                                           
        012 - 005 code guichet         = 03620                                                                           
        017 - 003 devise               = EUR                                                                             
        020 - 001 nombre de décimales  = 2                                                                               
        022 - 011 numéro de compte     = 00020551055                                                                     
        033 - 002 code opération AFB   =                                                                                 
        035 - 006 date d'opération     = 160926                                                                          
        091 - 014 ancien solde         = 0000000000000{                                                                  
10685 >  0130003    01100EUR2 00020419371  160926                                                  0000000000000{                
 Erreur 025 : Journée manquante (date supérieure à celle du dernier relevé chargé)                                
        001 - 002 code enregistrement  = 01                                                                              
        003 - 005 code banque          = 30003                                                                           
        012 - 005 code guichet         = 01100                                                                           
        017 - 003 devise               = EUR                                                                             
        020 - 001 nombre de décimales  = 2                                                                               
        022 - 011 numéro de compte     = 00020419371                                                                     
        033 - 002 code opération AFB   =                                                                                 
        035 - 006 date d'opération     = 160926                                                                          
        091 - 014 ancien solde         = 0000000000000{                                                                  
                        Enregistrements erronés lors du chargement de relevés                    Date :18-SEP-2026  Page : 49

  N°     Contenu   
-------------------------------------------------------------------------------------------------------------------------------
10698 >  0130003    03620EUR2 00020150130  160926                                                  0000000000000{                
 Erreur 025 : Journée manquante (date supérieure à celle du dernier relevé chargé)                                
        001 - 002 code enregistrement  = 01                                                                              
        003 - 005 code banque          = 30003                                                                           
        012 - 005 code guichet         = 03620                                                                           
        017 - 003 devise               = EUR                                                                             
        020 - 001 nombre de décimales  = 2                                                                               
        022 - 011 numéro de compte     = 00020150130                                                                     
        033 - 002 code opération AFB   =                                                                                 
        035 - 006 date d'opération     = 160926                                                                          
        091 - 014 ancien solde         = 0000000000000{                                                                  
10700 >  0130003    03620EUR2 00020169601  160926                                                  0000000000000{                
 Erreur 025 : Journée manquante (date supérieure à celle du dernier relevé chargé)                                
        001 - 002 code enregistrement  = 01                                                                              
        003 - 005 code banque          = 30003                                                                           
        012 - 005 code guichet         = 03620                                                                           
        017 - 003 devise               = EUR                                                                             
        020 - 001 nombre de décimales  = 2                                                                               
        022 - 011 numéro de compte     = 00020169601                                                                     
        033 - 002 code opération AFB   =                                                                                 
        035 - 006 date d'opération     = 160926                                                                          
        091 - 014 ancien solde         = 0000000000000{                                                                  
10702 >  0130003    03620EUR2 00020150106  160926                                                  0000000000000{                
 Erreur 025 : Journée manquante (date supérieure à celle du dernier relevé chargé)                                
        001 - 002 code enregistrement  = 01                                                                              
        003 - 005 code banque          = 30003                                                                           
        012 - 005 code guichet         = 03620                                                                           
        017 - 003 devise               = EUR                                                                             
        020 - 001 nombre de décimales  = 2                                                                               
        022 - 011 numéro de compte     = 00020150106                                                                     
        033 - 002 code opération AFB   =                                                                                 
        035 - 006 date d'opération     = 160926                                                                          
        091 - 014 ancien solde         = 0000000000000{                                                                  
10704 >  0130003    01100EUR2 00020398351  160926                                                  0000000000000{                
 Erreur 025 : Journée manquante (date supérieure à celle du dernier relevé chargé)                                
        001 - 002 code enregistrement  = 01                                                                              
        003 - 005 code banque          = 30003                                                                           
        012 - 005 code guichet         = 01100                                                                           
        017 - 003 devise               = EUR                                                                             
        020 - 001 nombre de décimales  = 2                                                                               
        022 - 011 numéro de compte     = 00020398351                                                                     
        033 - 002 code opération AFB   =                                                                                 
        035 - 006 date d'opération     = 160926                                                                          
        091 - 014 ancien solde         = 0000000000000{                                                                  
                        Enregistrements erronés lors du chargement de relevés                    Date :18-SEP-2026  Page : 50

  N°     Contenu   
-------------------------------------------------------------------------------------------------------------------------------
10727 >  0130003    03859EUR2 00025150453  160926                                                  0000000000000{                
 Erreur 025 : Journée manquante (date supérieure à celle du dernier relevé chargé)                                
        001 - 002 code enregistrement  = 01                                                                              
        003 - 005 code banque          = 30003                                                                           
        012 - 005 code guichet         = 03859                                                                           
        017 - 003 devise               = EUR                                                                             
        020 - 001 nombre de décimales  = 2                                                                               
        022 - 011 numéro de compte     = 00025150453                                                                     
        033 - 002 code opération AFB   =                                                                                 
        035 - 006 date d'opération     = 160926                                                                          
        091 - 014 ancien solde         = 0000000000000{                                                                  
10729 >  0130003    03175EUR2 00020304173  160926                                                  0000000000000{                
 Erreur 025 : Journée manquante (date supérieure à celle du dernier relevé chargé)                                
        001 - 002 code enregistrement  = 01                                                                              
        003 - 005 code banque          = 30003                                                                           
        012 - 005 code guichet         = 03175                                                                           
        017 - 003 devise               = EUR                                                                             
        020 - 001 nombre de décimales  = 2                                                                               
        022 - 011 numéro de compte     = 00020304173                                                                     
        033 - 002 code opération AFB   =                                                                                 
        035 - 006 date d'opération     = 160926                                                                          
        091 - 014 ancien solde         = 0000000000000{                                                                  
10759 >  0130003    02190EUR2 00020101501  160926                                                  0000000000000{                
 Erreur 025 : Journée manquante (date supérieure à celle du dernier relevé chargé)                                
        001 - 002 code enregistrement  = 01                                                                              
        003 - 005 code banque          = 30003                                                                           
        012 - 005 code guichet         = 02190                                                                           
        017 - 003 devise               = EUR                                                                             
        020 - 001 nombre de décimales  = 2                                                                               
        022 - 011 numéro de compte     = 00020101501                                                                     
        033 - 002 code opération AFB   =                                                                                 
        035 - 006 date d'opération     = 160926                                                                          
        091 - 014 ancien solde         = 0000000000000{                                                                  
10761 >  0130003    03175EUR2 00020241599  160926                                                  0000000000000{                
 Erreur 025 : Journée manquante (date supérieure à celle du dernier relevé chargé)                                
        001 - 002 code enregistrement  = 01                                                                              
        003 - 005 code banque          = 30003                                                                           
        012 - 005 code guichet         = 03175                                                                           
        017 - 003 devise               = EUR                                                                             
        020 - 001 nombre de décimales  = 2                                                                               
        022 - 011 numéro de compte     = 00020241599                                                                     
        033 - 002 code opération AFB   =                                                                                 
        035 - 006 date d'opération     = 160926                                                                          
        091 - 014 ancien solde         = 0000000000000{                                                                  
                        Enregistrements erronés lors du chargement de relevés                    Date :18-SEP-2026  Page : 51

  N°     Contenu   
-------------------------------------------------------------------------------------------------------------------------------
10772 >  0130003    03620EUR2 00020010714  160926                                                  0000000000000{                
 Erreur 025 : Journée manquante (date supérieure à celle du dernier relevé chargé)                                
        001 - 002 code enregistrement  = 01                                                                              
        003 - 005 code banque          = 30003                                                                           
        012 - 005 code guichet         = 03620                                                                           
        017 - 003 devise               = EUR                                                                             
        020 - 001 nombre de décimales  = 2                                                                               
        022 - 011 numéro de compte     = 00020010714                                                                     
        033 - 002 code opération AFB   =                                                                                 
        035 - 006 date d'opération     = 160926                                                                          
        091 - 014 ancien solde         = 0000000000000{                                                                  
10774 >  0130003    03175EUR2 00020185812  160926                                                  0000000000000{                
 Erreur 025 : Journée manquante (date supérieure à celle du dernier relevé chargé)                                
        001 - 002 code enregistrement  = 01                                                                              
        003 - 005 code banque          = 30003                                                                           
        012 - 005 code guichet         = 03175                                                                           
        017 - 003 devise               = EUR                                                                             
        020 - 001 nombre de décimales  = 2                                                                               
        022 - 011 numéro de compte     = 00020185812                                                                     
        033 - 002 code opération AFB   =                                                                                 
        035 - 006 date d'opération     = 160926                                                                          
        091 - 014 ancien solde         = 0000000000000{                                                                  
10787 >  0130003    03175EUR2 00020175144  160926                                                  0000000000000{                
 Erreur 025 : Journée manquante (date supérieure à celle du dernier relevé chargé)                                
        001 - 002 code enregistrement  = 01                                                                              
        003 - 005 code banque          = 30003                                                                           
        012 - 005 code guichet         = 03175                                                                           
        017 - 003 devise               = EUR                                                                             
        020 - 001 nombre de décimales  = 2                                                                               
        022 - 011 numéro de compte     = 00020175144                                                                     
        033 - 002 code opération AFB   =                                                                                 
        035 - 006 date d'opération     = 160926                                                                          
        091 - 014 ancien solde         = 0000000000000{                                                                  
10878 >  0130003    01100EUR2 00020406238  160926                                                  0000000000000{                
 Erreur 025 : Journée manquante (date supérieure à celle du dernier relevé chargé)                                
        001 - 002 code enregistrement  = 01                                                                              
        003 - 005 code banque          = 30003                                                                           
        012 - 005 code guichet         = 01100                                                                           
        017 - 003 devise               = EUR                                                                             
        020 - 001 nombre de décimales  = 2                                                                               
        022 - 011 numéro de compte     = 00020406238                                                                     
        033 - 002 code opération AFB   =                                                                                 
        035 - 006 date d'opération     = 160926                                                                          
        091 - 014 ancien solde         = 0000000000000{                                                                  
                        Enregistrements erronés lors du chargement de relevés                    Date :18-SEP-2026  Page : 52

  N°     Contenu   
-------------------------------------------------------------------------------------------------------------------------------
10884 >  0130003    03620EUR2 00020183677  160926                                                  0000000000000{                
 Erreur 001 : Compte bancaire erroné                                                                              
        001 - 002 code enregistrement  = 01                                                                              
        003 - 005 code banque          = 30003                                                                           
        012 - 005 code guichet         = 03620                                                                           
        017 - 003 devise               = EUR                                                                             
        020 - 001 nombre de décimales  = 2                                                                               
        022 - 011 numéro de compte     = 00020183677                                                                     
        033 - 002 code opération AFB   =                                                                                 
        035 - 006 date d'opération     = 160926                                                                          
        091 - 014 ancien solde         = 0000000000000{                                                                  
10886 >  0130003    03620EUR2 00020674659  160926                                                  0000000000000{                
 Erreur 025 : Journée manquante (date supérieure à celle du dernier relevé chargé)                                
        001 - 002 code enregistrement  = 01                                                                              
        003 - 005 code banque          = 30003                                                                           
        012 - 005 code guichet         = 03620                                                                           
        017 - 003 devise               = EUR                                                                             
        020 - 001 nombre de décimales  = 2                                                                               
        022 - 011 numéro de compte     = 00020674659                                                                     
        033 - 002 code opération AFB   =                                                                                 
        035 - 006 date d'opération     = 160926                                                                          
        091 - 014 ancien solde         = 0000000000000{                                                                  
10895 >  0130003    03175EUR2 00020496292  160926                                                  0000000000000{                
 Erreur 025 : Journée manquante (date supérieure à celle du dernier relevé chargé)                                
        001 - 002 code enregistrement  = 01                                                                              
        003 - 005 code banque          = 30003                                                                           
        012 - 005 code guichet         = 03175                                                                           
        017 - 003 devise               = EUR                                                                             
        020 - 001 nombre de décimales  = 2                                                                               
        022 - 011 numéro de compte     = 00020496292                                                                     
        033 - 002 code opération AFB   =                                                                                 
        035 - 006 date d'opération     = 160926                                                                          
        091 - 014 ancien solde         = 0000000000000{                                                                  
10897 >  0130003    03620EUR2 00020150064  160926                                                  0000000000000{                
 Erreur 025 : Journée manquante (date supérieure à celle du dernier relevé chargé)                                
        001 - 002 code enregistrement  = 01                                                                              
        003 - 005 code banque          = 30003                                                                           
        012 - 005 code guichet         = 03620                                                                           
        017 - 003 devise               = EUR                                                                             
        020 - 001 nombre de décimales  = 2                                                                               
        022 - 011 numéro de compte     = 00020150064                                                                     
        033 - 002 code opération AFB   =                                                                                 
        035 - 006 date d'opération     = 160926                                                                          
        091 - 014 ancien solde         = 0000000000000{                                                                  
                        Enregistrements erronés lors du chargement de relevés                    Date :18-SEP-2026  Page : 53

  N°     Contenu   
-------------------------------------------------------------------------------------------------------------------------------
10899 >  0130003    03175EUR2 00020250699  160926                                                  0000000000000{                
 Erreur 025 : Journée manquante (date supérieure à celle du dernier relevé chargé)                                
        001 - 002 code enregistrement  = 01                                                                              
        003 - 005 code banque          = 30003                                                                           
        012 - 005 code guichet         = 03175                                                                           
        017 - 003 devise               = EUR                                                                             
        020 - 001 nombre de décimales  = 2                                                                               
        022 - 011 numéro de compte     = 00020250699                                                                     
        033 - 002 code opération AFB   =                                                                                 
        035 - 006 date d'opération     = 160926                                                                          
        091 - 014 ancien solde         = 0000000000000{                                                                  
10915 >  0130003    03620EUR2 00020010664  160926                                                  0000000000000{                
 Erreur 025 : Journée manquante (date supérieure à celle du dernier relevé chargé)                                
        001 - 002 code enregistrement  = 01                                                                              
        003 - 005 code banque          = 30003                                                                           
        012 - 005 code guichet         = 03620                                                                           
        017 - 003 devise               = EUR                                                                             
        020 - 001 nombre de décimales  = 2                                                                               
        022 - 011 numéro de compte     = 00020010664                                                                     
        033 - 002 code opération AFB   =                                                                                 
        035 - 006 date d'opération     = 160926                                                                          
        091 - 014 ancien solde         = 0000000000000{                                                                  
10929 >  0130003    03175EUR2 00020294648  160926                                                  0000000000000{                
 Erreur 025 : Journée manquante (date supérieure à celle du dernier relevé chargé)                                
        001 - 002 code enregistrement  = 01                                                                              
        003 - 005 code banque          = 30003                                                                           
        012 - 005 code guichet         = 03175                                                                           
        017 - 003 devise               = EUR                                                                             
        020 - 001 nombre de décimales  = 2                                                                               
        022 - 011 numéro de compte     = 00020294648                                                                     
        033 - 002 code opération AFB   =                                                                                 
        035 - 006 date d'opération     = 160926                                                                          
        091 - 014 ancien solde         = 0000000000000{                                                                  
10951 >  0130003    03175EUR2 00020340482  160926                                                  0000000000000{                
 Erreur 025 : Journée manquante (date supérieure à celle du dernier relevé chargé)                                
        001 - 002 code enregistrement  = 01                                                                              
        003 - 005 code banque          = 30003                                                                           
        012 - 005 code guichet         = 03175                                                                           
        017 - 003 devise               = EUR                                                                             
        020 - 001 nombre de décimales  = 2                                                                               
        022 - 011 numéro de compte     = 00020340482                                                                     
        033 - 002 code opération AFB   =                                                                                 
        035 - 006 date d'opération     = 160926                                                                          
        091 - 014 ancien solde         = 0000000000000{                                                                  
                        Enregistrements erronés lors du chargement de relevés                    Date :18-SEP-2026  Page : 54

  N°     Contenu   
-------------------------------------------------------------------------------------------------------------------------------
11059 >  0130003    03175EUR2 00020496581  160926                                                  0000000000000{                
 Erreur 025 : Journée manquante (date supérieure à celle du dernier relevé chargé)                                
        001 - 002 code enregistrement  = 01                                                                              
        003 - 005 code banque          = 30003                                                                           
        012 - 005 code guichet         = 03175                                                                           
        017 - 003 devise               = EUR                                                                             
        020 - 001 nombre de décimales  = 2                                                                               
        022 - 011 numéro de compte     = 00020496581                                                                     
        033 - 002 code opération AFB   =                                                                                 
        035 - 006 date d'opération     = 160926                                                                          
        091 - 014 ancien solde         = 0000000000000{                                                                  
                        Synthèse des relevés, chargement N° 1010054                                   Date :18-SEP-2026  Page : 1

Fichier : /data/flf/files/PDBFINP1/data/in/AFB120.txt
Archivé : /data/flf/files/PDBFINP1/data/traite/AFB120.txt
Recyclé : /data/flf/files/PDBFINP1/data/log/AFB120.txt.err

Err. Relevé   Compte                         Dev Date début      Ancien solde  Date fin       Nouveau solde   Mouvements Debut-Fin
-----------------------------------------------------------------------------------------------------------------------------------
1    1        30003.03620.00020137269        EUR 16-SEP-2026             0.00  17-SEP-2026             0.00       0          1-2    
1    2        30003.02280.00025150354        EUR 16-SEP-2026             0.00  17-SEP-2026             0.00       0          3-4    
1    3        30003.03620.00020150049        EUR 16-SEP-2026             0.00  17-SEP-2026             0.00       0          5-6    
1    4        30003.03175.00020516164        EUR 16-SEP-2026             0.00  17-SEP-2026             0.00       6          7-35   
1    5        30003.03620.00020150056        EUR 16-SEP-2026             0.00  17-SEP-2026             0.00       30        36-177  
1    6        30003.03175.00020485436        EUR 16-SEP-2026             0.00  17-SEP-2026             0.00       0        178-179  
1    7        30003.01240.00025151519        EUR 16-SEP-2026             0.00  17-SEP-2026             0.00       3        180-196  
1    8        30003.03175.00020496532        EUR 16-SEP-2026             0.00  17-SEP-2026             0.00       7        197-222  
1    9        30003.03175.00020354244        EUR 16-SEP-2026             0.00  17-SEP-2026             0.00       8        223-259  
1    10       30003.01100.00020398294        EUR 16-SEP-2026             0.00  17-SEP-2026             0.00       2        260-269  
1    11       30003.03175.00020260508        EUR 16-SEP-2026             0.00  17-SEP-2026             0.00       8        270-283  
1    12       30003.03620.00020150098        EUR 16-SEP-2026             0.00  17-SEP-2026             0.00       3        284-292  
1    13       30003.03620.00020169593        EUR 16-SEP-2026             0.00  17-SEP-2026             0.00       0        293-294  
1    14       30003.01100.00020410289        EUR 16-SEP-2026             0.00  17-SEP-2026             0.00       0        295-296  
1    15       30003.03175.00020255979        EUR 16-SEP-2026             0.00  17-SEP-2026             0.00       5        297-314  
1    16       30003.03620.00020137293        EUR 16-SEP-2026             0.00  17-SEP-2026             0.00       0        315-316  
1    17       30003.01240.00025151626        EUR 16-SEP-2026             0.00  17-SEP-2026             0.00       2        317-323  
1    18       30003.03620.00020160600        EUR 16-SEP-2026             0.00  17-SEP-2026             0.00       0        324-325  
1    19       30003.03859.00025150347        EUR 16-SEP-2026             0.00  17-SEP-2026             0.00       95       326-765  
1    20       30003.03175.00020516107        EUR 16-SEP-2026             0.00  17-SEP-2026             0.00       4        766-781  
1    21       30003.01100.00020415601        EUR 16-SEP-2026             0.00  17-SEP-2026             0.00       2        782-790  
1    22       30003.03175.00020294374        EUR 16-SEP-2026             0.00  17-SEP-2026             0.00       0        791-792  
1    23       30003.03620.00020150148        EUR 16-SEP-2026             0.00  17-SEP-2026             0.00       0        793-794  
1    24       30003.03620.00020674626        EUR 16-SEP-2026             0.00  17-SEP-2026             0.00       2        795-800  
1    25       30003.03175.00020297690        EUR 16-SEP-2026             0.00  17-SEP-2026             0.00       0        801-802  
1    26       30003.02360.00020117309        EUR 16-SEP-2026             0.00  17-SEP-2026             0.00       26       803-902  
1    27       30003.03620.00020150031        EUR 16-SEP-2026             0.00  17-SEP-2026             0.00       0        903-904  
1    28       30003.03175.00020807357        EUR 16-SEP-2026             0.00  17-SEP-2026             0.00       43       905-1148 
1    29       30003.03175.00020262181        EUR 16-SEP-2026             0.00  17-SEP-2026             0.00       6       1149-1171 
1    30       30003.03620.00020145213        EUR 16-SEP-2026             0.00  17-SEP-2026             0.00       2       1172-1177 
1    31       30003.03175.00020444219        EUR 16-SEP-2026             0.00  17-SEP-2026             0.00       5       1178-1194 
1    32       30003.01100.00020415619        EUR 16-SEP-2026             0.00  17-SEP-2026             0.00       2       1195-1201 
1    33       30003.01100.00020410065        EUR 16-SEP-2026             0.00  17-SEP-2026             0.00       3       1202-1210 
1    34       30003.03620.00020169544        EUR 16-SEP-2026             0.00  17-SEP-2026             0.00       0       1211-1212 
1    35       30003.03620.00020030530        EUR 16-SEP-2026             0.00  17-SEP-2026             0.00       3       1213-1221 
1    36       30003.00080.00020343254        EUR 16-SEP-2026             0.00  17-SEP-2026             0.00       226     1222-2204 
1    37       30003.03175.00020288152        EUR 16-SEP-2026             0.00  17-SEP-2026             0.00       0       2205-2206 
1    38       30003.01467.00020728976        EUR 16-SEP-2026             0.00  17-SEP-2026             0.00       5       2207-2226 
1    39       30003.03175.00020297708        EUR 16-SEP-2026             0.00  17-SEP-2026             0.00       2       2227-2236 
1    40       30003.01100.00020415510        EUR 16-SEP-2026             0.00  17-SEP-2026             0.00       0       2237-2238 
1    41       30003.03620.00020137228        EUR 16-SEP-2026             0.00  17-SEP-2026             0.00       3       2239-2247 
1    42       30003.01100.00020410271        EUR 16-SEP-2026             0.00  17-SEP-2026             0.00       0       2248-2249 
1    43       30003.01785.00025155114        EUR 16-SEP-2026             0.00  17-SEP-2026             0.00       93      2250-2727 
1    44       30003.03175.00020281801        EUR 16-SEP-2026             0.00  17-SEP-2026             0.00       3       2728-2740 
1    45       30003.02280.00025150164        EUR 16-SEP-2026             0.00  17-SEP-2026             0.00       0       2741-2742 
1    46       30003.03620.00020010565        EUR 16-SEP-2026             0.00  17-SEP-2026             0.00       3       2743-2751 
                        Synthèse des relevés, chargement N° 1010054                                   Date :18-SEP-2026  Page : 2

Fichier : /data/flf/files/PDBFINP1/data/in/AFB120.txt
Archivé : /data/flf/files/PDBFINP1/data/traite/AFB120.txt
Recyclé : /data/flf/files/PDBFINP1/data/log/AFB120.txt.err

Err. Relevé   Compte                         Dev Date début      Ancien solde  Date fin       Nouveau solde   Mouvements Debut-Fin
-----------------------------------------------------------------------------------------------------------------------------------
1    47       30003.03175.00020471501        EUR 16-SEP-2026             0.00  17-SEP-2026             0.00       2       2752-2757 
1    48       30003.00550.00020079388        EUR 16-SEP-2026             0.00  17-SEP-2026             0.00       7       2758-2786 
1    49       30003.01100.00020409398        EUR 16-SEP-2026             0.00  17-SEP-2026             0.00       10      2787-2825 
1    50       30003.01469.00020843989        EUR 16-SEP-2026             0.00  17-SEP-2026             0.00       69      2826-3146 
1    51       30003.03175.00020289366        EUR 16-SEP-2026             0.00  17-SEP-2026             0.00       0       3147-3148 
1    52       30003.03620.00020010680        EUR 16-SEP-2026             0.00  17-SEP-2026             0.00       0       3149-3150 
1    53       30003.03175.00020120439        EUR 16-SEP-2026             0.00  17-SEP-2026             0.00       3       3151-3159 
1    54       30003.03620.00020010656        EUR 16-SEP-2026             0.00  17-SEP-2026             0.00       2       3160-3167 
1    55       30003.03175.00020516081        EUR 16-SEP-2026             0.00  17-SEP-2026             0.00       9       3168-3206 
1    56       30003.03175.00020340532        EUR 16-SEP-2026             0.00  17-SEP-2026             0.00       9       3207-3249 
1    57       30003.03175.00020177637        EUR 16-SEP-2026             0.00  17-SEP-2026             0.00       8       3250-3285 
1    58       30003.03175.00020241573        EUR 16-SEP-2026             0.00  17-SEP-2026             0.00       4       3286-3298 
1    59       30003.01100.00020410685        EUR 16-SEP-2026             0.00  17-SEP-2026             0.00       0       3299-3300 
1    60       30003.01100.00020415486        EUR 16-SEP-2026             0.00  17-SEP-2026             0.00       4       3301-3313 
1    61       30003.01100.00020418951        EUR 16-SEP-2026             0.00  17-SEP-2026             0.00       6       3314-3338 
1    62       30003.01100.00020392081        EUR 16-SEP-2026             0.00  17-SEP-2026             0.00       3       3339-3347 
1    63       30003.03175.00020807340        EUR 16-SEP-2026             0.00  17-SEP-2026             0.00       4       3348-3364 
1    64       30003.03175.00020283401        EUR 16-SEP-2026             0.00  17-SEP-2026             0.00       33      3365-3509 
1    65       30003.03175.00020176167        EUR 16-SEP-2026             0.00  17-SEP-2026             0.00       7       3510-3537 
1    66       30003.03175.00020317308        EUR 16-SEP-2026             0.00  17-SEP-2026             0.00       3       3538-3547 
1    67       30003.03175.00020308026        EUR 16-SEP-2026             0.00  17-SEP-2026             0.00       3       3548-3559 
1    68       30003.03175.00020172778        EUR 16-SEP-2026             0.00  17-SEP-2026             0.00       6       3560-3583 
1    69       30003.03175.00020285125        EUR 16-SEP-2026             0.00  17-SEP-2026             0.00       4       3584-3601 
1    70       30003.03175.00020260458        EUR 16-SEP-2026             0.00  17-SEP-2026             0.00       3       3602-3610 
1    71       30003.01100.00020389632        EUR 16-SEP-2026             0.00  17-SEP-2026             0.00       4       3611-3623 
1    72       30003.03175.00020294630        EUR 16-SEP-2026             0.00  17-SEP-2026             0.00       3       3624-3632 
1    73       30003.03175.00020340490        EUR 16-SEP-2026             0.00  17-SEP-2026             0.00       2       3633-3638 
1    74       30003.03175.00020103112        EUR 16-SEP-2026             0.00  17-SEP-2026             0.00       0       3639-3640 
1    75       30003.01100.00020414166        EUR 16-SEP-2026             0.00  17-SEP-2026             0.00       9       3641-3676 
1    76       30003.03620.00020575849        EUR 16-SEP-2026             0.00  17-SEP-2026             0.00       0       3677-3678 
1    77       30003.03620.00020175756        EUR 16-SEP-2026             0.00  17-SEP-2026             0.00       0       3679-3680 
1    78       30003.03620.00020139257        EUR 16-SEP-2026             0.00  17-SEP-2026             0.00       2       3681-3690 
1    79       30003.03175.00020103096        EUR 16-SEP-2026             0.00  17-SEP-2026             0.00       3       3691-3700 
1    80       30003.03175.00020260524        EUR 16-SEP-2026             0.00  17-SEP-2026             0.00       3       3701-3710 
1    81       30003.01469.00020891376        EUR 16-SEP-2026             0.00  17-SEP-2026             0.00       0       3711-3712 
1    82       30003.03620.00020010672        EUR 16-SEP-2026             0.00  17-SEP-2026             0.00       0       3713-3714 
1    83       30003.02280.00025720792        EUR 16-SEP-2026             0.00  17-SEP-2026             0.00       121     3715-4300 
1    84       30003.03223.00020051099        EUR 16-SEP-2026             0.00  17-SEP-2026             0.00       0       4301-4302 
1    85       30003.03175.00020807365        EUR 16-SEP-2026             0.00  17-SEP-2026             0.00       0       4303-4304 
1    86       30003.01100.00020429297        EUR 16-SEP-2026             0.00  17-SEP-2026             0.00       3       4305-4316 
1    87       30003.03175.00020255516        EUR 16-SEP-2026             0.00  17-SEP-2026             0.00       0       4317-4318 
1    88       30003.03620.00020160584        EUR 16-SEP-2026             0.00  17-SEP-2026             0.00       5       4319-4340 
1    89       30003.03175.00020516172        EUR 16-SEP-2026             0.00  17-SEP-2026             0.00       0       4341-4342 
1    90       30003.01100.00020273851        EUR 16-SEP-2026             0.00  17-SEP-2026             0.00       0       4343-4344 
1    91       30003.00400.00020039818        EUR 16-SEP-2026             0.00  17-SEP-2026             0.00       29      4345-4536 
1    92       30003.03175.00020471485        EUR 16-SEP-2026             0.00  17-SEP-2026             0.00       3       4537-4545 
1    93       30003.03175.00020285000        EUR 16-SEP-2026             0.00  17-SEP-2026             0.00       0       4546-4547 
                        Synthèse des relevés, chargement N° 1010054                                   Date :18-SEP-2026  Page : 3

Fichier : /data/flf/files/PDBFINP1/data/in/AFB120.txt
Archivé : /data/flf/files/PDBFINP1/data/traite/AFB120.txt
Recyclé : /data/flf/files/PDBFINP1/data/log/AFB120.txt.err

Err. Relevé   Compte                         Dev Date début      Ancien solde  Date fin       Nouveau solde   Mouvements Debut-Fin
-----------------------------------------------------------------------------------------------------------------------------------
1    94       30003.03175.00020297682        EUR 16-SEP-2026             0.00  17-SEP-2026             0.00       9       4548-4592 
1    95       30003.03620.00020010573        EUR 16-SEP-2026             0.00  17-SEP-2026             0.00       0       4593-4594 
1    96       30003.03620.00020137285        EUR 16-SEP-2026             0.00  17-SEP-2026             0.00       0       4595-4596 
1    97       30003.01100.00020073640        EUR 16-SEP-2026             0.00  17-SEP-2026             0.00       0       4597-4598 
1    98       30003.03175.00020485410        EUR 16-SEP-2026             0.00  17-SEP-2026             0.00       6       4599-4619 
1    99       30003.03620.00020169619        EUR 16-SEP-2026             0.00  17-SEP-2026             0.00       0       4620-4621 
1    100      30003.01100.00020407558        EUR 16-SEP-2026             0.00  17-SEP-2026             0.00       0       4622-4623 
1    101      30003.03175.00020496557        EUR 16-SEP-2026             0.00  17-SEP-2026             0.00       2       4624-4629 
1    102      30003.00050.00020022020        EUR 16-SEP-2026             0.00  17-SEP-2026             0.00       0       4630-4631 
1    103      30003.03175.00020516180        EUR 16-SEP-2026             0.00  17-SEP-2026             0.00       17      4632-4702 
1    104      30003.03175.00020251895        EUR 16-SEP-2026             0.00  17-SEP-2026             0.00       17      4703-4783 
1    105      30003.01469.00020890485        EUR 16-SEP-2026             0.00  17-SEP-2026             0.00       12      4784-4863 
1    106      30003.03175.00020203722        EUR 16-SEP-2026             0.00  17-SEP-2026             0.00       11      4864-4909 
1    107      30003.03175.00020258809        EUR 16-SEP-2026             0.00  17-SEP-2026             0.00       18      4910-5019 
1    108      30003.01100.00020417011        EUR 16-SEP-2026             0.00  17-SEP-2026             0.00       5       5020-5036 
1    109      30003.03175.00020468648        EUR 16-SEP-2026             0.00  17-SEP-2026             0.00       2       5037-5045 
1    110      30003.03175.00020496565        EUR 16-SEP-2026             0.00  17-SEP-2026             0.00       0       5046-5047 
1    111      30003.00580.00020006882        EUR 16-SEP-2026             0.00  17-SEP-2026             0.00       0       5048-5049 
1    112      30003.01100.00020411097        EUR 16-SEP-2026             0.00  17-SEP-2026             0.00       0       5050-5051 
1    113      30003.01100.00020411865        EUR 16-SEP-2026             0.00  17-SEP-2026             0.00       11      5052-5100 
1    114      30003.03620.00020166755        EUR 16-SEP-2026             0.00  17-SEP-2026             0.00       2       5101-5106 
1    115      30003.01100.00020428349        EUR 16-SEP-2026             0.00  17-SEP-2026             0.00       2       5107-5112 
1    116      30003.02250.00020001131        EUR 16-SEP-2026             0.00  17-SEP-2026             0.00       13      5113-5164 
1    117      30003.03620.00020150163        EUR 16-SEP-2026             0.00  17-SEP-2026             0.00       4       5165-5177 
1    118      30003.03620.00020012645        EUR 16-SEP-2026             0.00  17-SEP-2026             0.00       0       5178-5179 
1    119      30003.04170.00029067232        EUR 16-SEP-2026             0.00  17-SEP-2026             0.00       6       5180-5201 
1    120      30003.01100.00020427820        EUR 16-SEP-2026             0.00  17-SEP-2026             0.00       9       5202-5241 
1    121      30003.01100.00020070505        EUR 16-SEP-2026             0.00  17-SEP-2026             0.00       0       5242-5243 
1    122      30003.03175.00020250681        EUR 16-SEP-2026             0.00  17-SEP-2026             0.00       5       5244-5261 
1    123      30003.03620.00020160626        EUR 16-SEP-2026             0.00  17-SEP-2026             0.00       0       5262-5263 
1    124      30003.01100.00020414331        EUR 16-SEP-2026             0.00  17-SEP-2026             0.00       2       5264-5269 
1    125      30003.01240.00025150024        EUR 16-SEP-2026             0.00  17-SEP-2026             0.00       95      5270-5724 
1    126      30003.02280.00020405514        EUR 16-SEP-2026             0.00  17-SEP-2026             0.00       4       5725-5736 
1    127      30003.03175.00020807423        EUR 16-SEP-2026             0.00  17-SEP-2026             0.00       136     5737-6362 
1    128      30003.01100.00020025343        EUR 16-SEP-2026             0.00  17-SEP-2026             0.00       345     6363-7495 
1    129      30003.03620.00020010581        EUR 16-SEP-2026             0.00  17-SEP-2026             0.00       3       7496-7505 
1    130      30003.03175.00020282551        EUR 16-SEP-2026             0.00  17-SEP-2026             0.00       17      7506-7581 
1    131      30003.01100.00020394400        EUR 16-SEP-2026             0.00  17-SEP-2026             0.00       5       7582-7600 
1    132      30003.01785.00025156641        EUR 16-SEP-2026             0.00  17-SEP-2026             0.00       6       7601-7634 
1    133      30003.02280.00025150123        EUR 16-SEP-2026             0.00  17-SEP-2026             0.00       0       7635-7636 
1    134      30003.03175.00020471493        EUR 16-SEP-2026             0.00  17-SEP-2026             0.00       3       7637-7645 
1    135      30003.03175.00020496417        EUR 16-SEP-2026             0.00  17-SEP-2026             0.00       2       7646-7652 
1    136      30003.01100.00020411105        EUR 16-SEP-2026             0.00  17-SEP-2026             0.00       6       7653-7681 
1    137      30003.03175.00020340516        EUR 16-SEP-2026             0.00  17-SEP-2026             0.00       2       7682-7687 
1    138      30003.03175.00020254030        EUR 16-SEP-2026             0.00  17-SEP-2026             0.00       6       7688-7717 
1    139      30003.03175.00020260581        EUR 16-SEP-2026             0.00  17-SEP-2026             0.00       0       7718-7719 
1    140      30003.03175.00020255524        EUR 16-SEP-2026             0.00  17-SEP-2026             0.00       7       7720-7764 
                        Synthèse des relevés, chargement N° 1010054                                   Date :18-SEP-2026  Page : 4

Fichier : /data/flf/files/PDBFINP1/data/in/AFB120.txt
Archivé : /data/flf/files/PDBFINP1/data/traite/AFB120.txt
Recyclé : /data/flf/files/PDBFINP1/data/log/AFB120.txt.err

Err. Relevé   Compte                         Dev Date début      Ancien solde  Date fin       Nouveau solde   Mouvements Debut-Fin
-----------------------------------------------------------------------------------------------------------------------------------
1    141      30003.04170.00029067075        EUR 16-SEP-2026             0.00  17-SEP-2026             0.00       21      7765-7852 
1    142      30003.03175.00020496425        EUR 16-SEP-2026             0.00  17-SEP-2026             0.00       0       7853-7854 
1    143      30003.03175.00020496540        EUR 16-SEP-2026             0.00  17-SEP-2026             0.00       2       7855-7860 
1    144      30003.01100.00020399698        EUR 16-SEP-2026             0.00  17-SEP-2026             0.00       22      7861-7884 
1    145      30003.03620.00020183636        EUR 16-SEP-2026             0.00  17-SEP-2026             0.00       0       7885-7886 
1    146      30003.03620.00020160592        EUR 16-SEP-2026             0.00  17-SEP-2026             0.00       0       7887-7888 
1    147      30003.01112.00020011356        EUR 16-SEP-2026             0.00  17-SEP-2026             0.00       52      7889-8133 
1    148      30003.03175.00020296890        EUR 16-SEP-2026             0.00  17-SEP-2026             0.00       4       8134-8151 
1    149      30003.03620.00020010540        EUR 16-SEP-2026             0.00  17-SEP-2026             0.00       3       8152-8162 
1    150      30003.03175.00020294622        EUR 16-SEP-2026             0.00  17-SEP-2026             0.00       3       8163-8175 
1    151      30003.01100.00020404134        EUR 16-SEP-2026             0.00  17-SEP-2026             0.00       7       8176-8201 
1    152      30003.03175.00020103104        EUR 16-SEP-2026             0.00  17-SEP-2026             0.00       2       8202-8207 
1    153      30003.00550.00020086607        EUR 16-SEP-2026             0.00  17-SEP-2026             0.00       75      8208-8542 
1    154      30003.03175.00020294366        EUR 16-SEP-2026             0.00  17-SEP-2026             0.00       3       8543-8559 
1    155      30003.03175.00020285109        EUR 16-SEP-2026             0.00  17-SEP-2026             0.00       4       8560-8572 
1    156      30003.03175.00020485402        EUR 16-SEP-2026             0.00  17-SEP-2026             0.00       10      8573-8620 
1    157      30003.01100.00020417243        EUR 16-SEP-2026             0.00  17-SEP-2026             0.00       7       8621-8650 
1    158      30003.03175.00020516115        EUR 16-SEP-2026             0.00  17-SEP-2026             0.00       0       8651-8652 
1    159      30003.02280.00025150149        EUR 16-SEP-2026             0.00  17-SEP-2026             0.00       0       8653-8654 
1    160      30003.03175.00020294614        EUR 16-SEP-2026             0.00  17-SEP-2026             0.00       3       8655-8663 
1    161      30003.03175.00020496391        EUR 16-SEP-2026             0.00  17-SEP-2026             0.00       0       8664-8665 
1    162      30003.03620.00020183693        EUR 16-SEP-2026             0.00  17-SEP-2026             0.00       0       8666-8667 
1    163      30003.03620.00020150197        EUR 16-SEP-2026             0.00  17-SEP-2026             0.00       0       8668-8669 
1    164      30003.01207.00020186650        EUR 16-SEP-2026             0.00  17-SEP-2026             0.00       86      8670-9035 
1    165      30003.03175.00020279391        EUR 16-SEP-2026             0.00  17-SEP-2026             0.00       7       9036-9063 
1    166      30003.03175.00020170681        EUR 16-SEP-2026             0.00  17-SEP-2026             0.00       48      9064-9315 
1    167      30003.01100.00020416815        EUR 16-SEP-2026             0.00  17-SEP-2026             0.00       0       9316-9317 
1    168      30003.03175.00020471519        EUR 16-SEP-2026             0.00  17-SEP-2026             0.00       2       9318-9324 
1    169      30003.03175.00020260516        EUR 16-SEP-2026             0.00  17-SEP-2026             0.00       30      9325-9448 
1    170      30003.01100.00020416740        EUR 16-SEP-2026             0.00  17-SEP-2026             0.00       2       9449-9455 
1    171      30003.03175.00020485444        EUR 16-SEP-2026             0.00  17-SEP-2026             0.00       2       9456-9461 
1    172      30003.00370.00025100813        EUR 16-SEP-2026             0.00  17-SEP-2026             0.00       77      9462-9808 
1    173      30003.01240.00020277947        EUR 16-SEP-2026             0.00  17-SEP-2026             0.00       60      9809-10209
1    174      30003.01100.00020394897        EUR 16-SEP-2026             0.00  17-SEP-2026             0.00       3      10210-10219
1    175      30003.03620.00020160634        EUR 16-SEP-2026             0.00  17-SEP-2026             0.00       0      10220-10221
1    176      30003.03620.00020167886        EUR 16-SEP-2026             0.00  17-SEP-2026             0.00       0      10222-10223
1    177      30003.03620.00020150023        EUR 16-SEP-2026             0.00  17-SEP-2026             0.00       0      10224-10225
1    178      30003.03175.00020485428        EUR 16-SEP-2026             0.00  17-SEP-2026             0.00       5      10226-10242
1    179      30003.03175.00020288160        EUR 16-SEP-2026             0.00  17-SEP-2026             0.00       0      10243-10244
1    180      30003.03175.00020295249        EUR 16-SEP-2026             0.00  17-SEP-2026             0.00       9      10245-10282
1    181      30003.04043.00025150149        EUR 16-SEP-2026             0.00  17-SEP-2026             0.00       5      10283-10305
1    182      30003.01112.00020006513        EUR 16-SEP-2026             0.00  17-SEP-2026             0.00       0      10306-10307
1    183      30003.03620.00020167191        EUR 16-SEP-2026             0.00  17-SEP-2026             0.00       15     10308-10371
1    184      30003.03175.00020288137        EUR 16-SEP-2026             0.00  17-SEP-2026             0.00       3      10372-10387
1    185      30003.03175.00020359177        EUR 16-SEP-2026             0.00  17-SEP-2026             0.00       8      10388-10414
1    186      30003.01100.00020415643        EUR 16-SEP-2026             0.00  17-SEP-2026             0.00       0      10415-10416
1    187      30003.02280.00025150107        EUR 16-SEP-2026             0.00  17-SEP-2026             0.00       38     10417-10672
                        Synthèse des relevés, chargement N° 1010054                                   Date :18-SEP-2026  Page : 5

Fichier : /data/flf/files/PDBFINP1/data/in/AFB120.txt
Archivé : /data/flf/files/PDBFINP1/data/traite/AFB120.txt
Recyclé : /data/flf/files/PDBFINP1/data/log/AFB120.txt.err

Err. Relevé   Compte                         Dev Date début      Ancien solde  Date fin       Nouveau solde   Mouvements Debut-Fin
-----------------------------------------------------------------------------------------------------------------------------------
1    188      30003.03175.00020256076        EUR 16-SEP-2026             0.00  17-SEP-2026             0.00       0      10673-10674
1    189      30003.03620.00020150189        EUR 16-SEP-2026             0.00  17-SEP-2026             0.00       2      10675-10680
1    190      30003.03175.00020516156        EUR 16-SEP-2026             0.00  17-SEP-2026             0.00       0      10681-10682
1    191      30003.03620.00020551055        EUR 16-SEP-2026             0.00  17-SEP-2026             0.00       0      10683-10684
1    192      30003.01100.00020419371        EUR 16-SEP-2026             0.00  17-SEP-2026             0.00       4      10685-10697
1    193      30003.03620.00020150130        EUR 16-SEP-2026             0.00  17-SEP-2026             0.00       0      10698-10699
1    194      30003.03620.00020169601        EUR 16-SEP-2026             0.00  17-SEP-2026             0.00       0      10700-10701
1    195      30003.03620.00020150106        EUR 16-SEP-2026             0.00  17-SEP-2026             0.00       0      10702-10703
1    196      30003.01100.00020398351        EUR 16-SEP-2026             0.00  17-SEP-2026             0.00       6      10704-10726
1    197      30003.03859.00025150453        EUR 16-SEP-2026             0.00  17-SEP-2026             0.00       0      10727-10728
1    198      30003.03175.00020304173        EUR 16-SEP-2026             0.00  17-SEP-2026             0.00       7      10729-10758
1    199      30003.02190.00020101501        EUR 16-SEP-2026             0.00  17-SEP-2026             0.00       0      10759-10760
1    200      30003.03175.00020241599        EUR 16-SEP-2026             0.00  17-SEP-2026             0.00       3      10761-10771
1    201      30003.03620.00020010714        EUR 16-SEP-2026             0.00  17-SEP-2026             0.00       0      10772-10773
1    202      30003.03175.00020185812        EUR 16-SEP-2026             0.00  17-SEP-2026             0.00       3      10774-10786
1    203      30003.03175.00020175144        EUR 16-SEP-2026             0.00  17-SEP-2026             0.00       18     10787-10877
1    204      30003.01100.00020406238        EUR 16-SEP-2026             0.00  17-SEP-2026             0.00       2      10878-10883
1    205      30003.03620.00020183677        EUR 16-SEP-2026             0.00  17-SEP-2026             0.00       0      10884-10885
1    206      30003.03620.00020674659        EUR 16-SEP-2026             0.00  17-SEP-2026             0.00       3      10886-10894
1    207      30003.03175.00020496292        EUR 16-SEP-2026             0.00  17-SEP-2026             0.00       0      10895-10896
1    208      30003.03620.00020150064        EUR 16-SEP-2026             0.00  17-SEP-2026             0.00       0      10897-10898
1    209      30003.03175.00020250699        EUR 16-SEP-2026             0.00  17-SEP-2026             0.00       4      10899-10914
1    210      30003.03620.00020010664        EUR 16-SEP-2026             0.00  17-SEP-2026             0.00       4      10915-10928
1    211      30003.03175.00020294648        EUR 16-SEP-2026             0.00  17-SEP-2026             0.00       6      10929-10950
1    212      30003.03175.00020340482        EUR 16-SEP-2026             0.00  17-SEP-2026             0.00       23     10951-11058
1    213      30003.03175.00020496581        EUR 16-SEP-2026             0.00  17-SEP-2026             0.00       0      11059-11060
-----------------------------------------------------------------------------------------------------------------------------------
                                             Relevés chargés 0        Lignes chargées 0     
                                                     erreurs 213              erreurs 2481  
                                                     total   213              total   2481  
