                        Enregistrements erronés lors du chargement de relevés                    Date :17-SEP-2026  Page : 1

  N°     Contenu   
-------------------------------------------------------------------------------------------------------------------------------
00001 >  0130003    01100EUR2 00020398294  150926                                                  0000000000000{                
 Erreur 025 : Journée manquante (date supérieure à celle du dernier relevé chargé)                                
        001 - 002 code enregistrement  = 01                                                                              
        003 - 005 code banque          = 30003                                                                           
        012 - 005 code guichet         = 01100                                                                           
        017 - 003 devise               = EUR                                                                             
        020 - 001 nombre de décimales  = 2                                                                               
        022 - 011 numéro de compte     = 00020398294                                                                     
        033 - 002 code opération AFB   =                                                                                 
        035 - 006 date d'opération     = 150926                                                                          
        091 - 014 ancien solde         = 0000000000000{                                                                  
00003 >  0130003    03175EUR2 00020254030  150926                                                  0000000000000{                
 Erreur 025 : Journée manquante (date supérieure à celle du dernier relevé chargé)                                
        001 - 002 code enregistrement  = 01                                                                              
        003 - 005 code banque          = 30003                                                                           
        012 - 005 code guichet         = 03175                                                                           
        017 - 003 devise               = EUR                                                                             
        020 - 001 nombre de décimales  = 2                                                                               
        022 - 011 numéro de compte     = 00020254030                                                                     
        033 - 002 code opération AFB   =                                                                                 
        035 - 006 date d'opération     = 150926                                                                          
        091 - 014 ancien solde         = 0000000000000{                                                                  
00005 >  0130003    00370EUR2 00025100813  150926                                                  0000000000000{                
 Erreur 025 : Journée manquante (date supérieure à celle du dernier relevé chargé)                                
        001 - 002 code enregistrement  = 01                                                                              
        003 - 005 code banque          = 30003                                                                           
        012 - 005 code guichet         = 00370                                                                           
        017 - 003 devise               = EUR                                                                             
        020 - 001 nombre de décimales  = 2                                                                               
        022 - 011 numéro de compte     = 00025100813                                                                     
        033 - 002 code opération AFB   =                                                                                 
        035 - 006 date d'opération     = 150926                                                                          
        091 - 014 ancien solde         = 0000000000000{                                                                  
00261 >  0130003    02280EUR2 00025150107  150926                                                  0000000000000{                
 Erreur 025 : Journée manquante (date supérieure à celle du dernier relevé chargé)                                
        001 - 002 code enregistrement  = 01                                                                              
        003 - 005 code banque          = 30003                                                                           
        012 - 005 code guichet         = 02280                                                                           
        017 - 003 devise               = EUR                                                                             
        020 - 001 nombre de décimales  = 2                                                                               
        022 - 011 numéro de compte     = 00025150107                                                                     
        033 - 002 code opération AFB   =                                                                                 
        035 - 006 date d'opération     = 150926                                                                          
        091 - 014 ancien solde         = 0000000000000{                                                                  
                        Enregistrements erronés lors du chargement de relevés                    Date :17-SEP-2026  Page : 2

  N°     Contenu   
-------------------------------------------------------------------------------------------------------------------------------
00361 >  0130003    03175EUR2 00020354244  150926                                                  0000000000000{                
 Erreur 025 : Journée manquante (date supérieure à celle du dernier relevé chargé)                                
        001 - 002 code enregistrement  = 01                                                                              
        003 - 005 code banque          = 30003                                                                           
        012 - 005 code guichet         = 03175                                                                           
        017 - 003 devise               = EUR                                                                             
        020 - 001 nombre de décimales  = 2                                                                               
        022 - 011 numéro de compte     = 00020354244                                                                     
        033 - 002 code opération AFB   =                                                                                 
        035 - 006 date d'opération     = 150926                                                                          
        091 - 014 ancien solde         = 0000000000000{                                                                  
00372 >  0130003    03620EUR2 00020160592  150926                                                  0000000000000{                
 Erreur 025 : Journée manquante (date supérieure à celle du dernier relevé chargé)                                
        001 - 002 code enregistrement  = 01                                                                              
        003 - 005 code banque          = 30003                                                                           
        012 - 005 code guichet         = 03620                                                                           
        017 - 003 devise               = EUR                                                                             
        020 - 001 nombre de décimales  = 2                                                                               
        022 - 011 numéro de compte     = 00020160592                                                                     
        033 - 002 code opération AFB   =                                                                                 
        035 - 006 date d'opération     = 150926                                                                          
        091 - 014 ancien solde         = 0000000000000{                                                                  
00374 >  0130003    03620EUR2 00020169593  150926                                                  0000000000000{                
 Erreur 025 : Journée manquante (date supérieure à celle du dernier relevé chargé)                                
        001 - 002 code enregistrement  = 01                                                                              
        003 - 005 code banque          = 30003                                                                           
        012 - 005 code guichet         = 03620                                                                           
        017 - 003 devise               = EUR                                                                             
        020 - 001 nombre de décimales  = 2                                                                               
        022 - 011 numéro de compte     = 00020169593                                                                     
        033 - 002 code opération AFB   =                                                                                 
        035 - 006 date d'opération     = 150926                                                                          
        091 - 014 ancien solde         = 0000000000000{                                                                  
00376 >  0130003    02360EUR2 00020117309  150926                                                  0000000000000{                
 Erreur 025 : Journée manquante (date supérieure à celle du dernier relevé chargé)                                
        001 - 002 code enregistrement  = 01                                                                              
        003 - 005 code banque          = 30003                                                                           
        012 - 005 code guichet         = 02360                                                                           
        017 - 003 devise               = EUR                                                                             
        020 - 001 nombre de décimales  = 2                                                                               
        022 - 011 numéro de compte     = 00020117309                                                                     
        033 - 002 code opération AFB   =                                                                                 
        035 - 006 date d'opération     = 150926                                                                          
        091 - 014 ancien solde         = 0000000000000{                                                                  
                        Enregistrements erronés lors du chargement de relevés                    Date :17-SEP-2026  Page : 3

  N°     Contenu   
-------------------------------------------------------------------------------------------------------------------------------
00529 >  0130003    03620EUR2 00020150148  150926                                                  0000000000000{                
 Erreur 025 : Journée manquante (date supérieure à celle du dernier relevé chargé)                                
        001 - 002 code enregistrement  = 01                                                                              
        003 - 005 code banque          = 30003                                                                           
        012 - 005 code guichet         = 03620                                                                           
        017 - 003 devise               = EUR                                                                             
        020 - 001 nombre de décimales  = 2                                                                               
        022 - 011 numéro de compte     = 00020150148                                                                     
        033 - 002 code opération AFB   =                                                                                 
        035 - 006 date d'opération     = 150926                                                                          
        091 - 014 ancien solde         = 0000000000000{                                                                  
00531 >  0130003    03175EUR2 00020282551  150926                                                  0000000000000{                
 Erreur 025 : Journée manquante (date supérieure à celle du dernier relevé chargé)                                
        001 - 002 code enregistrement  = 01                                                                              
        003 - 005 code banque          = 30003                                                                           
        012 - 005 code guichet         = 03175                                                                           
        017 - 003 devise               = EUR                                                                             
        020 - 001 nombre de décimales  = 2                                                                               
        022 - 011 numéro de compte     = 00020282551                                                                     
        033 - 002 code opération AFB   =                                                                                 
        035 - 006 date d'opération     = 150926                                                                          
        091 - 014 ancien solde         = 0000000000000{                                                                  
00567 >  0130003    03620EUR2 00020010656  150926                                                  0000000000000{                
 Erreur 025 : Journée manquante (date supérieure à celle du dernier relevé chargé)                                
        001 - 002 code enregistrement  = 01                                                                              
        003 - 005 code banque          = 30003                                                                           
        012 - 005 code guichet         = 03620                                                                           
        017 - 003 devise               = EUR                                                                             
        020 - 001 nombre de décimales  = 2                                                                               
        022 - 011 numéro de compte     = 00020010656                                                                     
        033 - 002 code opération AFB   =                                                                                 
        035 - 006 date d'opération     = 150926                                                                          
        091 - 014 ancien solde         = 0000000000000{                                                                  
00569 >  0130003    03175EUR2 00020496557  150926                                                  0000000000000{                
 Erreur 025 : Journée manquante (date supérieure à celle du dernier relevé chargé)                                
        001 - 002 code enregistrement  = 01                                                                              
        003 - 005 code banque          = 30003                                                                           
        012 - 005 code guichet         = 03175                                                                           
        017 - 003 devise               = EUR                                                                             
        020 - 001 nombre de décimales  = 2                                                                               
        022 - 011 numéro de compte     = 00020496557                                                                     
        033 - 002 code opération AFB   =                                                                                 
        035 - 006 date d'opération     = 150926                                                                          
        091 - 014 ancien solde         = 0000000000000{                                                                  
                        Enregistrements erronés lors du chargement de relevés                    Date :17-SEP-2026  Page : 4

  N°     Contenu   
-------------------------------------------------------------------------------------------------------------------------------
00571 >  0130003    03175EUR2 00020807340  150926                                                  0000000000000{                
 Erreur 025 : Journée manquante (date supérieure à celle du dernier relevé chargé)                                
        001 - 002 code enregistrement  = 01                                                                              
        003 - 005 code banque          = 30003                                                                           
        012 - 005 code guichet         = 03175                                                                           
        017 - 003 devise               = EUR                                                                             
        020 - 001 nombre de décimales  = 2                                                                               
        022 - 011 numéro de compte     = 00020807340                                                                     
        033 - 002 code opération AFB   =                                                                                 
        035 - 006 date d'opération     = 150926                                                                          
        091 - 014 ancien solde         = 0000000000000{                                                                  
00592 >  0130003    02280EUR2 00025150164  150926                                                  0000000000000{                
 Erreur 025 : Journée manquante (date supérieure à celle du dernier relevé chargé)                                
        001 - 002 code enregistrement  = 01                                                                              
        003 - 005 code banque          = 30003                                                                           
        012 - 005 code guichet         = 02280                                                                           
        017 - 003 devise               = EUR                                                                             
        020 - 001 nombre de décimales  = 2                                                                               
        022 - 011 numéro de compte     = 00025150164                                                                     
        033 - 002 code opération AFB   =                                                                                 
        035 - 006 date d'opération     = 150926                                                                          
        091 - 014 ancien solde         = 0000000000000{                                                                  
00594 >  0130003    03620EUR2 00020150064  150926                                                  0000000000000{                
 Erreur 025 : Journée manquante (date supérieure à celle du dernier relevé chargé)                                
        001 - 002 code enregistrement  = 01                                                                              
        003 - 005 code banque          = 30003                                                                           
        012 - 005 code guichet         = 03620                                                                           
        017 - 003 devise               = EUR                                                                             
        020 - 001 nombre de décimales  = 2                                                                               
        022 - 011 numéro de compte     = 00020150064                                                                     
        033 - 002 code opération AFB   =                                                                                 
        035 - 006 date d'opération     = 150926                                                                          
        091 - 014 ancien solde         = 0000000000000{                                                                  
00596 >  0130003    03620EUR2 00020139257  150926                                                  0000000000000{                
 Erreur 025 : Journée manquante (date supérieure à celle du dernier relevé chargé)                                
        001 - 002 code enregistrement  = 01                                                                              
        003 - 005 code banque          = 30003                                                                           
        012 - 005 code guichet         = 03620                                                                           
        017 - 003 devise               = EUR                                                                             
        020 - 001 nombre de décimales  = 2                                                                               
        022 - 011 numéro de compte     = 00020139257                                                                     
        033 - 002 code opération AFB   =                                                                                 
        035 - 006 date d'opération     = 150926                                                                          
        091 - 014 ancien solde         = 0000000000000{                                                                  
                        Enregistrements erronés lors du chargement de relevés                    Date :17-SEP-2026  Page : 5

  N°     Contenu   
-------------------------------------------------------------------------------------------------------------------------------
00598 >  0130003    03175EUR2 00020468648  150926                                                  0000000000000{                
 Erreur 025 : Journée manquante (date supérieure à celle du dernier relevé chargé)                                
        001 - 002 code enregistrement  = 01                                                                              
        003 - 005 code banque          = 30003                                                                           
        012 - 005 code guichet         = 03175                                                                           
        017 - 003 devise               = EUR                                                                             
        020 - 001 nombre de décimales  = 2                                                                               
        022 - 011 numéro de compte     = 00020468648                                                                     
        033 - 002 code opération AFB   =                                                                                 
        035 - 006 date d'opération     = 150926                                                                          
        091 - 014 ancien solde         = 0000000000000{                                                                  
00600 >  0130003    03175EUR2 00020485444  150926                                                  0000000000000{                
 Erreur 025 : Journée manquante (date supérieure à celle du dernier relevé chargé)                                
        001 - 002 code enregistrement  = 01                                                                              
        003 - 005 code banque          = 30003                                                                           
        012 - 005 code guichet         = 03175                                                                           
        017 - 003 devise               = EUR                                                                             
        020 - 001 nombre de décimales  = 2                                                                               
        022 - 011 numéro de compte     = 00020485444                                                                     
        033 - 002 code opération AFB   =                                                                                 
        035 - 006 date d'opération     = 150926                                                                          
        091 - 014 ancien solde         = 0000000000000{                                                                  
00602 >  0130003    03175EUR2 00020288152  150926                                                  0000000000000{                
 Erreur 025 : Journée manquante (date supérieure à celle du dernier relevé chargé)                                
        001 - 002 code enregistrement  = 01                                                                              
        003 - 005 code banque          = 30003                                                                           
        012 - 005 code guichet         = 03175                                                                           
        017 - 003 devise               = EUR                                                                             
        020 - 001 nombre de décimales  = 2                                                                               
        022 - 011 numéro de compte     = 00020288152                                                                     
        033 - 002 code opération AFB   =                                                                                 
        035 - 006 date d'opération     = 150926                                                                          
        091 - 014 ancien solde         = 0000000000000{                                                                  
00604 >  0130003    01100EUR2 00020410289  150926                                                  0000000000000{                
 Erreur 025 : Journée manquante (date supérieure à celle du dernier relevé chargé)                                
        001 - 002 code enregistrement  = 01                                                                              
        003 - 005 code banque          = 30003                                                                           
        012 - 005 code guichet         = 01100                                                                           
        017 - 003 devise               = EUR                                                                             
        020 - 001 nombre de décimales  = 2                                                                               
        022 - 011 numéro de compte     = 00020410289                                                                     
        033 - 002 code opération AFB   =                                                                                 
        035 - 006 date d'opération     = 150926                                                                          
        091 - 014 ancien solde         = 0000000000000{                                                                  
                        Enregistrements erronés lors du chargement de relevés                    Date :17-SEP-2026  Page : 6

  N°     Contenu   
-------------------------------------------------------------------------------------------------------------------------------
00606 >  0130003    03620EUR2 00020010664  150926                                                  0000000000000{                
 Erreur 025 : Journée manquante (date supérieure à celle du dernier relevé chargé)                                
        001 - 002 code enregistrement  = 01                                                                              
        003 - 005 code banque          = 30003                                                                           
        012 - 005 code guichet         = 03620                                                                           
        017 - 003 devise               = EUR                                                                             
        020 - 001 nombre de décimales  = 2                                                                               
        022 - 011 numéro de compte     = 00020010664                                                                     
        033 - 002 code opération AFB   =                                                                                 
        035 - 006 date d'opération     = 150926                                                                          
        091 - 014 ancien solde         = 0000000000000{                                                                  
00639 >  0130003    03175EUR2 00020294622  150926                                                  0000000000000{                
 Erreur 025 : Journée manquante (date supérieure à celle du dernier relevé chargé)                                
        001 - 002 code enregistrement  = 01                                                                              
        003 - 005 code banque          = 30003                                                                           
        012 - 005 code guichet         = 03175                                                                           
        017 - 003 devise               = EUR                                                                             
        020 - 001 nombre de décimales  = 2                                                                               
        022 - 011 numéro de compte     = 00020294622                                                                     
        033 - 002 code opération AFB   =                                                                                 
        035 - 006 date d'opération     = 150926                                                                          
        091 - 014 ancien solde         = 0000000000000{                                                                  
00641 >  0130003    03620EUR2 00020137293  150926                                                  0000000000000{                
 Erreur 025 : Journée manquante (date supérieure à celle du dernier relevé chargé)                                
        001 - 002 code enregistrement  = 01                                                                              
        003 - 005 code banque          = 30003                                                                           
        012 - 005 code guichet         = 03620                                                                           
        017 - 003 devise               = EUR                                                                             
        020 - 001 nombre de décimales  = 2                                                                               
        022 - 011 numéro de compte     = 00020137293                                                                     
        033 - 002 code opération AFB   =                                                                                 
        035 - 006 date d'opération     = 150926                                                                          
        091 - 014 ancien solde         = 0000000000000{                                                                  
00643 >  0130003    03175EUR2 00020288160  150926                                                  0000000000000{                
 Erreur 025 : Journée manquante (date supérieure à celle du dernier relevé chargé)                                
        001 - 002 code enregistrement  = 01                                                                              
        003 - 005 code banque          = 30003                                                                           
        012 - 005 code guichet         = 03175                                                                           
        017 - 003 devise               = EUR                                                                             
        020 - 001 nombre de décimales  = 2                                                                               
        022 - 011 numéro de compte     = 00020288160                                                                     
        033 - 002 code opération AFB   =                                                                                 
        035 - 006 date d'opération     = 150926                                                                          
        091 - 014 ancien solde         = 0000000000000{                                                                  
                        Enregistrements erronés lors du chargement de relevés                    Date :17-SEP-2026  Page : 7

  N°     Contenu   
-------------------------------------------------------------------------------------------------------------------------------
00645 >  0130003    03620EUR2 00020150056  150926                                                  0000000000000{                
 Erreur 025 : Journée manquante (date supérieure à celle du dernier relevé chargé)                                
        001 - 002 code enregistrement  = 01                                                                              
        003 - 005 code banque          = 30003                                                                           
        012 - 005 code guichet         = 03620                                                                           
        017 - 003 devise               = EUR                                                                             
        020 - 001 nombre de décimales  = 2                                                                               
        022 - 011 numéro de compte     = 00020150056                                                                     
        033 - 002 code opération AFB   =                                                                                 
        035 - 006 date d'opération     = 150926                                                                          
        091 - 014 ancien solde         = 0000000000000{                                                                  
00708 >  0130003    03175EUR2 00020308026  150926                                                  0000000000000{                
 Erreur 025 : Journée manquante (date supérieure à celle du dernier relevé chargé)                                
        001 - 002 code enregistrement  = 01                                                                              
        003 - 005 code banque          = 30003                                                                           
        012 - 005 code guichet         = 03175                                                                           
        017 - 003 devise               = EUR                                                                             
        020 - 001 nombre de décimales  = 2                                                                               
        022 - 011 numéro de compte     = 00020308026                                                                     
        033 - 002 code opération AFB   =                                                                                 
        035 - 006 date d'opération     = 150926                                                                          
        091 - 014 ancien solde         = 0000000000000{                                                                  
00716 >  0130003    03175EUR2 00020496292  150926                                                  0000000000000{                
 Erreur 025 : Journée manquante (date supérieure à celle du dernier relevé chargé)                                
        001 - 002 code enregistrement  = 01                                                                              
        003 - 005 code banque          = 30003                                                                           
        012 - 005 code guichet         = 03175                                                                           
        017 - 003 devise               = EUR                                                                             
        020 - 001 nombre de décimales  = 2                                                                               
        022 - 011 numéro de compte     = 00020496292                                                                     
        033 - 002 code opération AFB   =                                                                                 
        035 - 006 date d'opération     = 150926                                                                          
        091 - 014 ancien solde         = 0000000000000{                                                                  
00718 >  0130003    01240EUR2 00025150024  150926                                                  0000000000000{                
 Erreur 025 : Journée manquante (date supérieure à celle du dernier relevé chargé)                                
        001 - 002 code enregistrement  = 01                                                                              
        003 - 005 code banque          = 30003                                                                           
        012 - 005 code guichet         = 01240                                                                           
        017 - 003 devise               = EUR                                                                             
        020 - 001 nombre de décimales  = 2                                                                               
        022 - 011 numéro de compte     = 00025150024                                                                     
        033 - 002 code opération AFB   =                                                                                 
        035 - 006 date d'opération     = 150926                                                                          
        091 - 014 ancien solde         = 0000000000000{                                                                  
                        Enregistrements erronés lors du chargement de relevés                    Date :17-SEP-2026  Page : 8

  N°     Contenu   
-------------------------------------------------------------------------------------------------------------------------------
01229 >  0130003    03175EUR2 00020471519  150926                                                  0000000000000{                
 Erreur 025 : Journée manquante (date supérieure à celle du dernier relevé chargé)                                
        001 - 002 code enregistrement  = 01                                                                              
        003 - 005 code banque          = 30003                                                                           
        012 - 005 code guichet         = 03175                                                                           
        017 - 003 devise               = EUR                                                                             
        020 - 001 nombre de décimales  = 2                                                                               
        022 - 011 numéro de compte     = 00020471519                                                                     
        033 - 002 code opération AFB   =                                                                                 
        035 - 006 date d'opération     = 150926                                                                          
        091 - 014 ancien solde         = 0000000000000{                                                                  
01231 >  0130003    01100EUR2 00020418951  150926                                                  0000000000000{                
 Erreur 025 : Journée manquante (date supérieure à celle du dernier relevé chargé)                                
        001 - 002 code enregistrement  = 01                                                                              
        003 - 005 code banque          = 30003                                                                           
        012 - 005 code guichet         = 01100                                                                           
        017 - 003 devise               = EUR                                                                             
        020 - 001 nombre de décimales  = 2                                                                               
        022 - 011 numéro de compte     = 00020418951                                                                     
        033 - 002 code opération AFB   =                                                                                 
        035 - 006 date d'opération     = 150926                                                                          
        091 - 014 ancien solde         = 0000000000000{                                                                  
01249 >  0130003    03620EUR2 00020010672  150926                                                  0000000000000{                
 Erreur 025 : Journée manquante (date supérieure à celle du dernier relevé chargé)                                
        001 - 002 code enregistrement  = 01                                                                              
        003 - 005 code banque          = 30003                                                                           
        012 - 005 code guichet         = 03620                                                                           
        017 - 003 devise               = EUR                                                                             
        020 - 001 nombre de décimales  = 2                                                                               
        022 - 011 numéro de compte     = 00020010672                                                                     
        033 - 002 code opération AFB   =                                                                                 
        035 - 006 date d'opération     = 150926                                                                          
        091 - 014 ancien solde         = 0000000000000{                                                                  
01251 >  0130003    03620EUR2 00020150023  150926                                                  0000000000000{                
 Erreur 025 : Journée manquante (date supérieure à celle du dernier relevé chargé)                                
        001 - 002 code enregistrement  = 01                                                                              
        003 - 005 code banque          = 30003                                                                           
        012 - 005 code guichet         = 03620                                                                           
        017 - 003 devise               = EUR                                                                             
        020 - 001 nombre de décimales  = 2                                                                               
        022 - 011 numéro de compte     = 00020150023                                                                     
        033 - 002 code opération AFB   =                                                                                 
        035 - 006 date d'opération     = 150926                                                                          
        091 - 014 ancien solde         = 0000000000000{                                                                  
                        Enregistrements erronés lors du chargement de relevés                    Date :17-SEP-2026  Page : 9

  N°     Contenu   
-------------------------------------------------------------------------------------------------------------------------------
01259 >  0130003    03620EUR2 00020150130  150926                                                  0000000000000{                
 Erreur 025 : Journée manquante (date supérieure à celle du dernier relevé chargé)                                
        001 - 002 code enregistrement  = 01                                                                              
        003 - 005 code banque          = 30003                                                                           
        012 - 005 code guichet         = 03620                                                                           
        017 - 003 devise               = EUR                                                                             
        020 - 001 nombre de décimales  = 2                                                                               
        022 - 011 numéro de compte     = 00020150130                                                                     
        033 - 002 code opération AFB   =                                                                                 
        035 - 006 date d'opération     = 150926                                                                          
        091 - 014 ancien solde         = 0000000000000{                                                                  
01261 >  0130003    03175EUR2 00020260508  150926                                                  0000000000000{                
 Erreur 025 : Journée manquante (date supérieure à celle du dernier relevé chargé)                                
        001 - 002 code enregistrement  = 01                                                                              
        003 - 005 code banque          = 30003                                                                           
        012 - 005 code guichet         = 03175                                                                           
        017 - 003 devise               = EUR                                                                             
        020 - 001 nombre de décimales  = 2                                                                               
        022 - 011 numéro de compte     = 00020260508                                                                     
        033 - 002 code opération AFB   =                                                                                 
        035 - 006 date d'opération     = 150926                                                                          
        091 - 014 ancien solde         = 0000000000000{                                                                  
01267 >  0130003    01100EUR2 00020070505  150926                                                  0000000000000{                
 Erreur 025 : Journée manquante (date supérieure à celle du dernier relevé chargé)                                
        001 - 002 code enregistrement  = 01                                                                              
        003 - 005 code banque          = 30003                                                                           
        012 - 005 code guichet         = 01100                                                                           
        017 - 003 devise               = EUR                                                                             
        020 - 001 nombre de décimales  = 2                                                                               
        022 - 011 numéro de compte     = 00020070505                                                                     
        033 - 002 code opération AFB   =                                                                                 
        035 - 006 date d'opération     = 150926                                                                          
        091 - 014 ancien solde         = 0000000000000{                                                                  
01269 >  0130003    02280EUR2 00020405514  150926                                                  0000000000000{                
 Erreur 025 : Journée manquante (date supérieure à celle du dernier relevé chargé)                                
        001 - 002 code enregistrement  = 01                                                                              
        003 - 005 code banque          = 30003                                                                           
        012 - 005 code guichet         = 02280                                                                           
        017 - 003 devise               = EUR                                                                             
        020 - 001 nombre de décimales  = 2                                                                               
        022 - 011 numéro de compte     = 00020405514                                                                     
        033 - 002 code opération AFB   =                                                                                 
        035 - 006 date d'opération     = 150926                                                                          
        091 - 014 ancien solde         = 0000000000000{                                                                  
                        Enregistrements erronés lors du chargement de relevés                    Date :17-SEP-2026  Page : 10

  N°     Contenu   
-------------------------------------------------------------------------------------------------------------------------------
01332 >  0130003    03175EUR2 00020471493  150926                                                  0000000000000{                
 Erreur 025 : Journée manquante (date supérieure à celle du dernier relevé chargé)                                
        001 - 002 code enregistrement  = 01                                                                              
        003 - 005 code banque          = 30003                                                                           
        012 - 005 code guichet         = 03175                                                                           
        017 - 003 devise               = EUR                                                                             
        020 - 001 nombre de décimales  = 2                                                                               
        022 - 011 numéro de compte     = 00020471493                                                                     
        033 - 002 code opération AFB   =                                                                                 
        035 - 006 date d'opération     = 150926                                                                          
        091 - 014 ancien solde         = 0000000000000{                                                                  
01349 >  0130003    03620EUR2 00020137269  150926                                                  0000000000000{                
 Erreur 025 : Journée manquante (date supérieure à celle du dernier relevé chargé)                                
        001 - 002 code enregistrement  = 01                                                                              
        003 - 005 code banque          = 30003                                                                           
        012 - 005 code guichet         = 03620                                                                           
        017 - 003 devise               = EUR                                                                             
        020 - 001 nombre de décimales  = 2                                                                               
        022 - 011 numéro de compte     = 00020137269                                                                     
        033 - 002 code opération AFB   =                                                                                 
        035 - 006 date d'opération     = 150926                                                                          
        091 - 014 ancien solde         = 0000000000000{                                                                  
01351 >  0130003    03175EUR2 00020250699  150926                                                  0000000000000{                
 Erreur 025 : Journée manquante (date supérieure à celle du dernier relevé chargé)                                
        001 - 002 code enregistrement  = 01                                                                              
        003 - 005 code banque          = 30003                                                                           
        012 - 005 code guichet         = 03175                                                                           
        017 - 003 devise               = EUR                                                                             
        020 - 001 nombre de décimales  = 2                                                                               
        022 - 011 numéro de compte     = 00020250699                                                                     
        033 - 002 code opération AFB   =                                                                                 
        035 - 006 date d'opération     = 150926                                                                          
        091 - 014 ancien solde         = 0000000000000{                                                                  
01363 >  0130003    03175EUR2 00020807357  150926                                                  0000000000000{                
 Erreur 025 : Journée manquante (date supérieure à celle du dernier relevé chargé)                                
        001 - 002 code enregistrement  = 01                                                                              
        003 - 005 code banque          = 30003                                                                           
        012 - 005 code guichet         = 03175                                                                           
        017 - 003 devise               = EUR                                                                             
        020 - 001 nombre de décimales  = 2                                                                               
        022 - 011 numéro de compte     = 00020807357                                                                     
        033 - 002 code opération AFB   =                                                                                 
        035 - 006 date d'opération     = 150926                                                                          
        091 - 014 ancien solde         = 0000000000000{                                                                  
                        Enregistrements erronés lors du chargement de relevés                    Date :17-SEP-2026  Page : 11

  N°     Contenu   
-------------------------------------------------------------------------------------------------------------------------------
01386 >  0130003    01469EUR2 00020843989  150926                                                  0000000000000{                
 Erreur 025 : Journée manquante (date supérieure à celle du dernier relevé chargé)                                
        001 - 002 code enregistrement  = 01                                                                              
        003 - 005 code banque          = 30003                                                                           
        012 - 005 code guichet         = 01469                                                                           
        017 - 003 devise               = EUR                                                                             
        020 - 001 nombre de décimales  = 2                                                                               
        022 - 011 numéro de compte     = 00020843989                                                                     
        033 - 002 code opération AFB   =                                                                                 
        035 - 006 date d'opération     = 150926                                                                          
        091 - 014 ancien solde         = 0000000000000{                                                                  
01985 >  0130003    01469EUR2 00020891376  150926                                                  0000000000000{                
 Erreur 025 : Journée manquante (date supérieure à celle du dernier relevé chargé)                                
        001 - 002 code enregistrement  = 01                                                                              
        003 - 005 code banque          = 30003                                                                           
        012 - 005 code guichet         = 01469                                                                           
        017 - 003 devise               = EUR                                                                             
        020 - 001 nombre de décimales  = 2                                                                               
        022 - 011 numéro de compte     = 00020891376                                                                     
        033 - 002 code opération AFB   =                                                                                 
        035 - 006 date d'opération     = 150926                                                                          
        091 - 014 ancien solde         = 0000000000000{                                                                  
01987 >  0130003    03175EUR2 00020294630  150926                                                  0000000000000{                
 Erreur 025 : Journée manquante (date supérieure à celle du dernier relevé chargé)                                
        001 - 002 code enregistrement  = 01                                                                              
        003 - 005 code banque          = 30003                                                                           
        012 - 005 code guichet         = 03175                                                                           
        017 - 003 devise               = EUR                                                                             
        020 - 001 nombre de décimales  = 2                                                                               
        022 - 011 numéro de compte     = 00020294630                                                                     
        033 - 002 code opération AFB   =                                                                                 
        035 - 006 date d'opération     = 150926                                                                          
        091 - 014 ancien solde         = 0000000000000{                                                                  
01989 >  0130003    02280EUR2 00025150149  150926                                                  0000000000000{                
 Erreur 025 : Journée manquante (date supérieure à celle du dernier relevé chargé)                                
        001 - 002 code enregistrement  = 01                                                                              
        003 - 005 code banque          = 30003                                                                           
        012 - 005 code guichet         = 02280                                                                           
        017 - 003 devise               = EUR                                                                             
        020 - 001 nombre de décimales  = 2                                                                               
        022 - 011 numéro de compte     = 00025150149                                                                     
        033 - 002 code opération AFB   =                                                                                 
        035 - 006 date d'opération     = 150926                                                                          
        091 - 014 ancien solde         = 0000000000000{                                                                  
                        Enregistrements erronés lors du chargement de relevés                    Date :17-SEP-2026  Page : 12

  N°     Contenu   
-------------------------------------------------------------------------------------------------------------------------------
01991 >  0130003    03620EUR2 00020137285  150926                                                  0000000000000{                
 Erreur 025 : Journée manquante (date supérieure à celle du dernier relevé chargé)                                
        001 - 002 code enregistrement  = 01                                                                              
        003 - 005 code banque          = 30003                                                                           
        012 - 005 code guichet         = 03620                                                                           
        017 - 003 devise               = EUR                                                                             
        020 - 001 nombre de décimales  = 2                                                                               
        022 - 011 numéro de compte     = 00020137285                                                                     
        033 - 002 code opération AFB   =                                                                                 
        035 - 006 date d'opération     = 150926                                                                          
        091 - 014 ancien solde         = 0000000000000{                                                                  
01993 >  0130003    01240EUR2 00020277947  150926                                                  0000000000000{                
 Erreur 025 : Journée manquante (date supérieure à celle du dernier relevé chargé)                                
        001 - 002 code enregistrement  = 01                                                                              
        003 - 005 code banque          = 30003                                                                           
        012 - 005 code guichet         = 01240                                                                           
        017 - 003 devise               = EUR                                                                             
        020 - 001 nombre de décimales  = 2                                                                               
        022 - 011 numéro de compte     = 00020277947                                                                     
        033 - 002 code opération AFB   =                                                                                 
        035 - 006 date d'opération     = 150926                                                                          
        091 - 014 ancien solde         = 0000000000000{                                                                  
02020 >  0130003    03175EUR2 00020103096  150926                                                  0000000000000{                
 Erreur 025 : Journée manquante (date supérieure à celle du dernier relevé chargé)                                
        001 - 002 code enregistrement  = 01                                                                              
        003 - 005 code banque          = 30003                                                                           
        012 - 005 code guichet         = 03175                                                                           
        017 - 003 devise               = EUR                                                                             
        020 - 001 nombre de décimales  = 2                                                                               
        022 - 011 numéro de compte     = 00020103096                                                                     
        033 - 002 code opération AFB   =                                                                                 
        035 - 006 date d'opération     = 150926                                                                          
        091 - 014 ancien solde         = 0000000000000{                                                                  
02022 >  0130003    03175EUR2 00020471485  150926                                                  0000000000000{                
 Erreur 025 : Journée manquante (date supérieure à celle du dernier relevé chargé)                                
        001 - 002 code enregistrement  = 01                                                                              
        003 - 005 code banque          = 30003                                                                           
        012 - 005 code guichet         = 03175                                                                           
        017 - 003 devise               = EUR                                                                             
        020 - 001 nombre de décimales  = 2                                                                               
        022 - 011 numéro de compte     = 00020471485                                                                     
        033 - 002 code opération AFB   =                                                                                 
        035 - 006 date d'opération     = 150926                                                                          
        091 - 014 ancien solde         = 0000000000000{                                                                  
                        Enregistrements erronés lors du chargement de relevés                    Date :17-SEP-2026  Page : 13

  N°     Contenu   
-------------------------------------------------------------------------------------------------------------------------------
02024 >  0130003    01100EUR2 00020417011  150926                                                  0000000000000{                
 Erreur 025 : Journée manquante (date supérieure à celle du dernier relevé chargé)                                
        001 - 002 code enregistrement  = 01                                                                              
        003 - 005 code banque          = 30003                                                                           
        012 - 005 code guichet         = 01100                                                                           
        017 - 003 devise               = EUR                                                                             
        020 - 001 nombre de décimales  = 2                                                                               
        022 - 011 numéro de compte     = 00020417011                                                                     
        033 - 002 code opération AFB   =                                                                                 
        035 - 006 date d'opération     = 150926                                                                          
        091 - 014 ancien solde         = 0000000000000{                                                                  
02046 >  0130003    03175EUR2 00020250681  150926                                                  0000000000000{                
 Erreur 025 : Journée manquante (date supérieure à celle du dernier relevé chargé)                                
        001 - 002 code enregistrement  = 01                                                                              
        003 - 005 code banque          = 30003                                                                           
        012 - 005 code guichet         = 03175                                                                           
        017 - 003 devise               = EUR                                                                             
        020 - 001 nombre de décimales  = 2                                                                               
        022 - 011 numéro de compte     = 00020250681                                                                     
        033 - 002 code opération AFB   =                                                                                 
        035 - 006 date d'opération     = 150926                                                                          
        091 - 014 ancien solde         = 0000000000000{                                                                  
02106 >  0130003    03620EUR2 00020674659  150926                                                  0000000000000{                
 Erreur 025 : Journée manquante (date supérieure à celle du dernier relevé chargé)                                
        001 - 002 code enregistrement  = 01                                                                              
        003 - 005 code banque          = 30003                                                                           
        012 - 005 code guichet         = 03620                                                                           
        017 - 003 devise               = EUR                                                                             
        020 - 001 nombre de décimales  = 2                                                                               
        022 - 011 numéro de compte     = 00020674659                                                                     
        033 - 002 code opération AFB   =                                                                                 
        035 - 006 date d'opération     = 150926                                                                          
        091 - 014 ancien solde         = 0000000000000{                                                                  
02108 >  0130003    03620EUR2 00020012645  150926                                                  0000000000000{                
 Erreur 025 : Journée manquante (date supérieure à celle du dernier relevé chargé)                                
        001 - 002 code enregistrement  = 01                                                                              
        003 - 005 code banque          = 30003                                                                           
        012 - 005 code guichet         = 03620                                                                           
        017 - 003 devise               = EUR                                                                             
        020 - 001 nombre de décimales  = 2                                                                               
        022 - 011 numéro de compte     = 00020012645                                                                     
        033 - 002 code opération AFB   =                                                                                 
        035 - 006 date d'opération     = 150926                                                                          
        091 - 014 ancien solde         = 0000000000000{                                                                  
                        Enregistrements erronés lors du chargement de relevés                    Date :17-SEP-2026  Page : 14

  N°     Contenu   
-------------------------------------------------------------------------------------------------------------------------------
02110 >  0130003    03175EUR2 00020203722  150926                                                  0000000000000{                
 Erreur 025 : Journée manquante (date supérieure à celle du dernier relevé chargé)                                
        001 - 002 code enregistrement  = 01                                                                              
        003 - 005 code banque          = 30003                                                                           
        012 - 005 code guichet         = 03175                                                                           
        017 - 003 devise               = EUR                                                                             
        020 - 001 nombre de décimales  = 2                                                                               
        022 - 011 numéro de compte     = 00020203722                                                                     
        033 - 002 code opération AFB   =                                                                                 
        035 - 006 date d'opération     = 150926                                                                          
        091 - 014 ancien solde         = 0000000000000{                                                                  
02125 >  0130003    01100EUR2 00020273851  150926                                                  0000000000000{                
 Erreur 025 : Journée manquante (date supérieure à celle du dernier relevé chargé)                                
        001 - 002 code enregistrement  = 01                                                                              
        003 - 005 code banque          = 30003                                                                           
        012 - 005 code guichet         = 01100                                                                           
        017 - 003 devise               = EUR                                                                             
        020 - 001 nombre de décimales  = 2                                                                               
        022 - 011 numéro de compte     = 00020273851                                                                     
        033 - 002 code opération AFB   =                                                                                 
        035 - 006 date d'opération     = 150926                                                                          
        091 - 014 ancien solde         = 0000000000000{                                                                  
02127 >  0130003    03620EUR2 00020160584  150926                                                  0000000000000{                
 Erreur 025 : Journée manquante (date supérieure à celle du dernier relevé chargé)                                
        001 - 002 code enregistrement  = 01                                                                              
        003 - 005 code banque          = 30003                                                                           
        012 - 005 code guichet         = 03620                                                                           
        017 - 003 devise               = EUR                                                                             
        020 - 001 nombre de décimales  = 2                                                                               
        022 - 011 numéro de compte     = 00020160584                                                                     
        033 - 002 code opération AFB   =                                                                                 
        035 - 006 date d'opération     = 150926                                                                          
        091 - 014 ancien solde         = 0000000000000{                                                                  
02136 >  0130003    03175EUR2 00020295249  150926                                                  0000000000000{                
 Erreur 025 : Journée manquante (date supérieure à celle du dernier relevé chargé)                                
        001 - 002 code enregistrement  = 01                                                                              
        003 - 005 code banque          = 30003                                                                           
        012 - 005 code guichet         = 03175                                                                           
        017 - 003 devise               = EUR                                                                             
        020 - 001 nombre de décimales  = 2                                                                               
        022 - 011 numéro de compte     = 00020295249                                                                     
        033 - 002 code opération AFB   =                                                                                 
        035 - 006 date d'opération     = 150926                                                                          
        091 - 014 ancien solde         = 0000000000000{                                                                  
                        Enregistrements erronés lors du chargement de relevés                    Date :17-SEP-2026  Page : 15

  N°     Contenu   
-------------------------------------------------------------------------------------------------------------------------------
02151 >  0130003    01467EUR2 00020728976  150926                                                  0000000000000{                
 Erreur 025 : Journée manquante (date supérieure à celle du dernier relevé chargé)                                
        001 - 002 code enregistrement  = 01                                                                              
        003 - 005 code banque          = 30003                                                                           
        012 - 005 code guichet         = 01467                                                                           
        017 - 003 devise               = EUR                                                                             
        020 - 001 nombre de décimales  = 2                                                                               
        022 - 011 numéro de compte     = 00020728976                                                                     
        033 - 002 code opération AFB   =                                                                                 
        035 - 006 date d'opération     = 150926                                                                          
        091 - 014 ancien solde         = 0000000000000{                                                                  
02186 >  0130003    03620EUR2 00020175756  150926                                                  0000000000000{                
 Erreur 025 : Journée manquante (date supérieure à celle du dernier relevé chargé)                                
        001 - 002 code enregistrement  = 01                                                                              
        003 - 005 code banque          = 30003                                                                           
        012 - 005 code guichet         = 03620                                                                           
        017 - 003 devise               = EUR                                                                             
        020 - 001 nombre de décimales  = 2                                                                               
        022 - 011 numéro de compte     = 00020175756                                                                     
        033 - 002 code opération AFB   =                                                                                 
        035 - 006 date d'opération     = 150926                                                                          
        091 - 014 ancien solde         = 0000000000000{                                                                  
02188 >  0130003    01100EUR2 00020389632  150926                                                  0000000000000{                
 Erreur 025 : Journée manquante (date supérieure à celle du dernier relevé chargé)                                
        001 - 002 code enregistrement  = 01                                                                              
        003 - 005 code banque          = 30003                                                                           
        012 - 005 code guichet         = 01100                                                                           
        017 - 003 devise               = EUR                                                                             
        020 - 001 nombre de décimales  = 2                                                                               
        022 - 011 numéro de compte     = 00020389632                                                                     
        033 - 002 code opération AFB   =                                                                                 
        035 - 006 date d'opération     = 150926                                                                          
        091 - 014 ancien solde         = 0000000000000{                                                                  
02192 >  0130003    03620EUR2 00020160626  150926                                                  0000000000000{                
 Erreur 025 : Journée manquante (date supérieure à celle du dernier relevé chargé)                                
        001 - 002 code enregistrement  = 01                                                                              
        003 - 005 code banque          = 30003                                                                           
        012 - 005 code guichet         = 03620                                                                           
        017 - 003 devise               = EUR                                                                             
        020 - 001 nombre de décimales  = 2                                                                               
        022 - 011 numéro de compte     = 00020160626                                                                     
        033 - 002 code opération AFB   =                                                                                 
        035 - 006 date d'opération     = 150926                                                                          
        091 - 014 ancien solde         = 0000000000000{                                                                  
                        Enregistrements erronés lors du chargement de relevés                    Date :17-SEP-2026  Page : 16

  N°     Contenu   
-------------------------------------------------------------------------------------------------------------------------------
02194 >  0130003    03620EUR2 00020183636  150926                                                  0000000000000{                
 Erreur 001 : Compte bancaire erroné                                                                              
        001 - 002 code enregistrement  = 01                                                                              
        003 - 005 code banque          = 30003                                                                           
        012 - 005 code guichet         = 03620                                                                           
        017 - 003 devise               = EUR                                                                             
        020 - 001 nombre de décimales  = 2                                                                               
        022 - 011 numéro de compte     = 00020183636                                                                     
        033 - 002 code opération AFB   =                                                                                 
        035 - 006 date d'opération     = 150926                                                                          
        091 - 014 ancien solde         = 0000000000000{                                                                  
02196 >  0130003    03175EUR2 00020340490  150926                                                  0000000000000{                
 Erreur 025 : Journée manquante (date supérieure à celle du dernier relevé chargé)                                
        001 - 002 code enregistrement  = 01                                                                              
        003 - 005 code banque          = 30003                                                                           
        012 - 005 code guichet         = 03175                                                                           
        017 - 003 devise               = EUR                                                                             
        020 - 001 nombre de décimales  = 2                                                                               
        022 - 011 numéro de compte     = 00020340490                                                                     
        033 - 002 code opération AFB   =                                                                                 
        035 - 006 date d'opération     = 150926                                                                          
        091 - 014 ancien solde         = 0000000000000{                                                                  
02207 >  0130003    03175EUR2 00020258809  150926                                                  0000000000000{                
 Erreur 025 : Journée manquante (date supérieure à celle du dernier relevé chargé)                                
        001 - 002 code enregistrement  = 01                                                                              
        003 - 005 code banque          = 30003                                                                           
        012 - 005 code guichet         = 03175                                                                           
        017 - 003 devise               = EUR                                                                             
        020 - 001 nombre de décimales  = 2                                                                               
        022 - 011 numéro de compte     = 00020258809                                                                     
        033 - 002 code opération AFB   =                                                                                 
        035 - 006 date d'opération     = 150926                                                                          
        091 - 014 ancien solde         = 0000000000000{                                                                  
02220 >  0130003    01100EUR2 00020411105  150926                                                  0000000000000{                
 Erreur 025 : Journée manquante (date supérieure à celle du dernier relevé chargé)                                
        001 - 002 code enregistrement  = 01                                                                              
        003 - 005 code banque          = 30003                                                                           
        012 - 005 code guichet         = 01100                                                                           
        017 - 003 devise               = EUR                                                                             
        020 - 001 nombre de décimales  = 2                                                                               
        022 - 011 numéro de compte     = 00020411105                                                                     
        033 - 002 code opération AFB   =                                                                                 
        035 - 006 date d'opération     = 150926                                                                          
        091 - 014 ancien solde         = 0000000000000{                                                                  
                        Enregistrements erronés lors du chargement de relevés                    Date :17-SEP-2026  Page : 17

  N°     Contenu   
-------------------------------------------------------------------------------------------------------------------------------
02227 >  0130003    01100EUR2 00020414166  150926                                                  0000000000000{                
 Erreur 025 : Journée manquante (date supérieure à celle du dernier relevé chargé)                                
        001 - 002 code enregistrement  = 01                                                                              
        003 - 005 code banque          = 30003                                                                           
        012 - 005 code guichet         = 01100                                                                           
        017 - 003 devise               = EUR                                                                             
        020 - 001 nombre de décimales  = 2                                                                               
        022 - 011 numéro de compte     = 00020414166                                                                     
        033 - 002 code opération AFB   =                                                                                 
        035 - 006 date d'opération     = 150926                                                                          
        091 - 014 ancien solde         = 0000000000000{                                                                  
02229 >  0130003    01100EUR2 00020407558  150926                                                  0000000000000{                
 Erreur 025 : Journée manquante (date supérieure à celle du dernier relevé chargé)                                
        001 - 002 code enregistrement  = 01                                                                              
        003 - 005 code banque          = 30003                                                                           
        012 - 005 code guichet         = 01100                                                                           
        017 - 003 devise               = EUR                                                                             
        020 - 001 nombre de décimales  = 2                                                                               
        022 - 011 numéro de compte     = 00020407558                                                                     
        033 - 002 code opération AFB   =                                                                                 
        035 - 006 date d'opération     = 150926                                                                          
        091 - 014 ancien solde         = 0000000000000{                                                                  
02231 >  0130003    03620EUR2 00020169601  150926                                                  0000000000000{                
 Erreur 025 : Journée manquante (date supérieure à celle du dernier relevé chargé)                                
        001 - 002 code enregistrement  = 01                                                                              
        003 - 005 code banque          = 30003                                                                           
        012 - 005 code guichet         = 03620                                                                           
        017 - 003 devise               = EUR                                                                             
        020 - 001 nombre de décimales  = 2                                                                               
        022 - 011 numéro de compte     = 00020169601                                                                     
        033 - 002 code opération AFB   =                                                                                 
        035 - 006 date d'opération     = 150926                                                                          
        091 - 014 ancien solde         = 0000000000000{                                                                  
02233 >  0130003    03175EUR2 00020516081  150926                                                  0000000000000{                
 Erreur 025 : Journée manquante (date supérieure à celle du dernier relevé chargé)                                
        001 - 002 code enregistrement  = 01                                                                              
        003 - 005 code banque          = 30003                                                                           
        012 - 005 code guichet         = 03175                                                                           
        017 - 003 devise               = EUR                                                                             
        020 - 001 nombre de décimales  = 2                                                                               
        022 - 011 numéro de compte     = 00020516081                                                                     
        033 - 002 code opération AFB   =                                                                                 
        035 - 006 date d'opération     = 150926                                                                          
        091 - 014 ancien solde         = 0000000000000{                                                                  
                        Enregistrements erronés lors du chargement de relevés                    Date :17-SEP-2026  Page : 18

  N°     Contenu   
-------------------------------------------------------------------------------------------------------------------------------
02241 >  0130003    03175EUR2 00020340482  150926                                                  0000000000000{                
 Erreur 025 : Journée manquante (date supérieure à celle du dernier relevé chargé)                                
        001 - 002 code enregistrement  = 01                                                                              
        003 - 005 code banque          = 30003                                                                           
        012 - 005 code guichet         = 03175                                                                           
        017 - 003 devise               = EUR                                                                             
        020 - 001 nombre de décimales  = 2                                                                               
        022 - 011 numéro de compte     = 00020340482                                                                     
        033 - 002 code opération AFB   =                                                                                 
        035 - 006 date d'opération     = 150926                                                                          
        091 - 014 ancien solde         = 0000000000000{                                                                  
02271 >  0130003    03620EUR2 00020150197  150926                                                  0000000000000{                
 Erreur 025 : Journée manquante (date supérieure à celle du dernier relevé chargé)                                
        001 - 002 code enregistrement  = 01                                                                              
        003 - 005 code banque          = 30003                                                                           
        012 - 005 code guichet         = 03620                                                                           
        017 - 003 devise               = EUR                                                                             
        020 - 001 nombre de décimales  = 2                                                                               
        022 - 011 numéro de compte     = 00020150197                                                                     
        033 - 002 code opération AFB   =                                                                                 
        035 - 006 date d'opération     = 150926                                                                          
        091 - 014 ancien solde         = 0000000000000{                                                                  
02273 >  0130003    03175EUR2 00020359177  150926                                                  0000000000000{                
 Erreur 025 : Journée manquante (date supérieure à celle du dernier relevé chargé)                                
        001 - 002 code enregistrement  = 01                                                                              
        003 - 005 code banque          = 30003                                                                           
        012 - 005 code guichet         = 03175                                                                           
        017 - 003 devise               = EUR                                                                             
        020 - 001 nombre de décimales  = 2                                                                               
        022 - 011 numéro de compte     = 00020359177                                                                     
        033 - 002 code opération AFB   =                                                                                 
        035 - 006 date d'opération     = 150926                                                                          
        091 - 014 ancien solde         = 0000000000000{                                                                  
02303 >  0130003    03620EUR2 00020674626  150926                                                  0000000000000{                
 Erreur 025 : Journée manquante (date supérieure à celle du dernier relevé chargé)                                
        001 - 002 code enregistrement  = 01                                                                              
        003 - 005 code banque          = 30003                                                                           
        012 - 005 code guichet         = 03620                                                                           
        017 - 003 devise               = EUR                                                                             
        020 - 001 nombre de décimales  = 2                                                                               
        022 - 011 numéro de compte     = 00020674626                                                                     
        033 - 002 code opération AFB   =                                                                                 
        035 - 006 date d'opération     = 150926                                                                          
        091 - 014 ancien solde         = 0000000000000{                                                                  
                        Enregistrements erronés lors du chargement de relevés                    Date :17-SEP-2026  Page : 19

  N°     Contenu   
-------------------------------------------------------------------------------------------------------------------------------
02305 >  0130003    02280EUR2 00025720792  150926                                                  0000000000000{                
 Erreur 025 : Journée manquante (date supérieure à celle du dernier relevé chargé)                                
        001 - 002 code enregistrement  = 01                                                                              
        003 - 005 code banque          = 30003                                                                           
        012 - 005 code guichet         = 02280                                                                           
        017 - 003 devise               = EUR                                                                             
        020 - 001 nombre de décimales  = 2                                                                               
        022 - 011 numéro de compte     = 00025720792                                                                     
        033 - 002 code opération AFB   =                                                                                 
        035 - 006 date d'opération     = 150926                                                                          
        091 - 014 ancien solde         = 0000000000000{                                                                  
02980 >  0130003    03175EUR2 00020294374  150926                                                  0000000000000{                
 Erreur 025 : Journée manquante (date supérieure à celle du dernier relevé chargé)                                
        001 - 002 code enregistrement  = 01                                                                              
        003 - 005 code banque          = 30003                                                                           
        012 - 005 code guichet         = 03175                                                                           
        017 - 003 devise               = EUR                                                                             
        020 - 001 nombre de décimales  = 2                                                                               
        022 - 011 numéro de compte     = 00020294374                                                                     
        033 - 002 code opération AFB   =                                                                                 
        035 - 006 date d'opération     = 150926                                                                          
        091 - 014 ancien solde         = 0000000000000{                                                                  
02982 >  0130003    01207EUR2 00020186650  150926                                                  0000000000000{                
 Erreur 025 : Journée manquante (date supérieure à celle du dernier relevé chargé)                                
        001 - 002 code enregistrement  = 01                                                                              
        003 - 005 code banque          = 30003                                                                           
        012 - 005 code guichet         = 01207                                                                           
        017 - 003 devise               = EUR                                                                             
        020 - 001 nombre de décimales  = 2                                                                               
        022 - 011 numéro de compte     = 00020186650                                                                     
        033 - 002 code opération AFB   =                                                                                 
        035 - 006 date d'opération     = 150926                                                                          
        091 - 014 ancien solde         = 0000000000000{                                                                  
03559 >  0130003    03620EUR2 00020010565  150926                                                  0000000000000{                
 Erreur 025 : Journée manquante (date supérieure à celle du dernier relevé chargé)                                
        001 - 002 code enregistrement  = 01                                                                              
        003 - 005 code banque          = 30003                                                                           
        012 - 005 code guichet         = 03620                                                                           
        017 - 003 devise               = EUR                                                                             
        020 - 001 nombre de décimales  = 2                                                                               
        022 - 011 numéro de compte     = 00020010565                                                                     
        033 - 002 code opération AFB   =                                                                                 
        035 - 006 date d'opération     = 150926                                                                          
        091 - 014 ancien solde         = 0000000000000{                                                                  
                        Enregistrements erronés lors du chargement de relevés                    Date :17-SEP-2026  Page : 20

  N°     Contenu   
-------------------------------------------------------------------------------------------------------------------------------
03568 >  0130003    03620EUR2 00020137228  150926                                                  0000000000000{                
 Erreur 025 : Journée manquante (date supérieure à celle du dernier relevé chargé)                                
        001 - 002 code enregistrement  = 01                                                                              
        003 - 005 code banque          = 30003                                                                           
        012 - 005 code guichet         = 03620                                                                           
        017 - 003 devise               = EUR                                                                             
        020 - 001 nombre de décimales  = 2                                                                               
        022 - 011 numéro de compte     = 00020137228                                                                     
        033 - 002 code opération AFB   =                                                                                 
        035 - 006 date d'opération     = 150926                                                                          
        091 - 014 ancien solde         = 0000000000000{                                                                  
03581 >  0130003    01112EUR2 00020006513  150926                                                  0000000000000{                
 Erreur 025 : Journée manquante (date supérieure à celle du dernier relevé chargé)                                
        001 - 002 code enregistrement  = 01                                                                              
        003 - 005 code banque          = 30003                                                                           
        012 - 005 code guichet         = 01112                                                                           
        017 - 003 devise               = EUR                                                                             
        020 - 001 nombre de décimales  = 2                                                                               
        022 - 011 numéro de compte     = 00020006513                                                                     
        033 - 002 code opération AFB   =                                                                                 
        035 - 006 date d'opération     = 150926                                                                          
        091 - 014 ancien solde         = 0000000000000{                                                                  
03583 >  0130003    03175EUR2 00020516107  150926                                                  0000000000000{                
 Erreur 025 : Journée manquante (date supérieure à celle du dernier relevé chargé)                                
        001 - 002 code enregistrement  = 01                                                                              
        003 - 005 code banque          = 30003                                                                           
        012 - 005 code guichet         = 03175                                                                           
        017 - 003 devise               = EUR                                                                             
        020 - 001 nombre de décimales  = 2                                                                               
        022 - 011 numéro de compte     = 00020516107                                                                     
        033 - 002 code opération AFB   =                                                                                 
        035 - 006 date d'opération     = 150926                                                                          
        091 - 014 ancien solde         = 0000000000000{                                                                  
03616 >  0130003    01100EUR2 00020415601  150926                                                  0000000000000{                
 Erreur 025 : Journée manquante (date supérieure à celle du dernier relevé chargé)                                
        001 - 002 code enregistrement  = 01                                                                              
        003 - 005 code banque          = 30003                                                                           
        012 - 005 code guichet         = 01100                                                                           
        017 - 003 devise               = EUR                                                                             
        020 - 001 nombre de décimales  = 2                                                                               
        022 - 011 numéro de compte     = 00020415601                                                                     
        033 - 002 code opération AFB   =                                                                                 
        035 - 006 date d'opération     = 150926                                                                          
        091 - 014 ancien solde         = 0000000000000{                                                                  
                        Enregistrements erronés lors du chargement de relevés                    Date :17-SEP-2026  Page : 21

  N°     Contenu   
-------------------------------------------------------------------------------------------------------------------------------
03618 >  0130003    03175EUR2 00020516164  150926                                                  0000000000000{                
 Erreur 025 : Journée manquante (date supérieure à celle du dernier relevé chargé)                                
        001 - 002 code enregistrement  = 01                                                                              
        003 - 005 code banque          = 30003                                                                           
        012 - 005 code guichet         = 03175                                                                           
        017 - 003 devise               = EUR                                                                             
        020 - 001 nombre de décimales  = 2                                                                               
        022 - 011 numéro de compte     = 00020516164                                                                     
        033 - 002 code opération AFB   =                                                                                 
        035 - 006 date d'opération     = 150926                                                                          
        091 - 014 ancien solde         = 0000000000000{                                                                  
03636 >  0130003    03175EUR2 00020496425  150926                                                  0000000000000{                
 Erreur 025 : Journée manquante (date supérieure à celle du dernier relevé chargé)                                
        001 - 002 code enregistrement  = 01                                                                              
        003 - 005 code banque          = 30003                                                                           
        012 - 005 code guichet         = 03175                                                                           
        017 - 003 devise               = EUR                                                                             
        020 - 001 nombre de décimales  = 2                                                                               
        022 - 011 numéro de compte     = 00020496425                                                                     
        033 - 002 code opération AFB   =                                                                                 
        035 - 006 date d'opération     = 150926                                                                          
        091 - 014 ancien solde         = 0000000000000{                                                                  
03645 >  0130003    03620EUR2 00020167886  150926                                                  0000000000000{                
 Erreur 025 : Journée manquante (date supérieure à celle du dernier relevé chargé)                                
        001 - 002 code enregistrement  = 01                                                                              
        003 - 005 code banque          = 30003                                                                           
        012 - 005 code guichet         = 03620                                                                           
        017 - 003 devise               = EUR                                                                             
        020 - 001 nombre de décimales  = 2                                                                               
        022 - 011 numéro de compte     = 00020167886                                                                     
        033 - 002 code opération AFB   =                                                                                 
        035 - 006 date d'opération     = 150926                                                                          
        091 - 014 ancien solde         = 0000000000000{                                                                  
03647 >  0130003    03175EUR2 00020285109  150926                                                  0000000000000{                
 Erreur 025 : Journée manquante (date supérieure à celle du dernier relevé chargé)                                
        001 - 002 code enregistrement  = 01                                                                              
        003 - 005 code banque          = 30003                                                                           
        012 - 005 code guichet         = 03175                                                                           
        017 - 003 devise               = EUR                                                                             
        020 - 001 nombre de décimales  = 2                                                                               
        022 - 011 numéro de compte     = 00020285109                                                                     
        033 - 002 code opération AFB   =                                                                                 
        035 - 006 date d'opération     = 150926                                                                          
        091 - 014 ancien solde         = 0000000000000{                                                                  
                        Enregistrements erronés lors du chargement de relevés                    Date :17-SEP-2026  Page : 22

  N°     Contenu   
-------------------------------------------------------------------------------------------------------------------------------
03649 >  0130003    03175EUR2 00020251895  150926                                                  0000000000000{                
 Erreur 025 : Journée manquante (date supérieure à celle du dernier relevé chargé)                                
        001 - 002 code enregistrement  = 01                                                                              
        003 - 005 code banque          = 30003                                                                           
        012 - 005 code guichet         = 03175                                                                           
        017 - 003 devise               = EUR                                                                             
        020 - 001 nombre de décimales  = 2                                                                               
        022 - 011 numéro de compte     = 00020251895                                                                     
        033 - 002 code opération AFB   =                                                                                 
        035 - 006 date d'opération     = 150926                                                                          
        091 - 014 ancien solde         = 0000000000000{                                                                  
03651 >  0130003    03175EUR2 00020241573  150926                                                  0000000000000{                
 Erreur 025 : Journée manquante (date supérieure à celle du dernier relevé chargé)                                
        001 - 002 code enregistrement  = 01                                                                              
        003 - 005 code banque          = 30003                                                                           
        012 - 005 code guichet         = 03175                                                                           
        017 - 003 devise               = EUR                                                                             
        020 - 001 nombre de décimales  = 2                                                                               
        022 - 011 numéro de compte     = 00020241573                                                                     
        033 - 002 code opération AFB   =                                                                                 
        035 - 006 date d'opération     = 150926                                                                          
        091 - 014 ancien solde         = 0000000000000{                                                                  
03684 >  0130003    01100EUR2 00020429297  150926                                                  0000000000000{                
 Erreur 025 : Journée manquante (date supérieure à celle du dernier relevé chargé)                                
        001 - 002 code enregistrement  = 01                                                                              
        003 - 005 code banque          = 30003                                                                           
        012 - 005 code guichet         = 01100                                                                           
        017 - 003 devise               = EUR                                                                             
        020 - 001 nombre de décimales  = 2                                                                               
        022 - 011 numéro de compte     = 00020429297                                                                     
        033 - 002 code opération AFB   =                                                                                 
        035 - 006 date d'opération     = 150926                                                                          
        091 - 014 ancien solde         = 0000000000000{                                                                  
03686 >  0130003    00550EUR2 00020086607  150926                                                  0000000000000{                
 Erreur 025 : Journée manquante (date supérieure à celle du dernier relevé chargé)                                
        001 - 002 code enregistrement  = 01                                                                              
        003 - 005 code banque          = 30003                                                                           
        012 - 005 code guichet         = 00550                                                                           
        017 - 003 devise               = EUR                                                                             
        020 - 001 nombre de décimales  = 2                                                                               
        022 - 011 numéro de compte     = 00020086607                                                                     
        033 - 002 code opération AFB   =                                                                                 
        035 - 006 date d'opération     = 150926                                                                          
        091 - 014 ancien solde         = 0000000000000{                                                                  
                        Enregistrements erronés lors du chargement de relevés                    Date :17-SEP-2026  Page : 23

  N°     Contenu   
-------------------------------------------------------------------------------------------------------------------------------
03692 >  0130003    01100EUR2 00020409398  150926                                                  0000000000000{                
 Erreur 025 : Journée manquante (date supérieure à celle du dernier relevé chargé)                                
        001 - 002 code enregistrement  = 01                                                                              
        003 - 005 code banque          = 30003                                                                           
        012 - 005 code guichet         = 01100                                                                           
        017 - 003 devise               = EUR                                                                             
        020 - 001 nombre de décimales  = 2                                                                               
        022 - 011 numéro de compte     = 00020409398                                                                     
        033 - 002 code opération AFB   =                                                                                 
        035 - 006 date d'opération     = 150926                                                                          
        091 - 014 ancien solde         = 0000000000000{                                                                  
03694 >  0130003    03175EUR2 00020496391  150926                                                  0000000000000{                
 Erreur 025 : Journée manquante (date supérieure à celle du dernier relevé chargé)                                
        001 - 002 code enregistrement  = 01                                                                              
        003 - 005 code banque          = 30003                                                                           
        012 - 005 code guichet         = 03175                                                                           
        017 - 003 devise               = EUR                                                                             
        020 - 001 nombre de décimales  = 2                                                                               
        022 - 011 numéro de compte     = 00020496391                                                                     
        033 - 002 code opération AFB   =                                                                                 
        035 - 006 date d'opération     = 150926                                                                          
        091 - 014 ancien solde         = 0000000000000{                                                                  
03703 >  0130003    00580EUR2 00020006882  150926                                                  0000000000000{                
 Erreur 025 : Journée manquante (date supérieure à celle du dernier relevé chargé)                                
        001 - 002 code enregistrement  = 01                                                                              
        003 - 005 code banque          = 30003                                                                           
        012 - 005 code guichet         = 00580                                                                           
        017 - 003 devise               = EUR                                                                             
        020 - 001 nombre de décimales  = 2                                                                               
        022 - 011 numéro de compte     = 00020006882                                                                     
        033 - 002 code opération AFB   =                                                                                 
        035 - 006 date d'opération     = 150926                                                                          
        091 - 014 ancien solde         = 0000000000000{                                                                  
03705 >  0130003    03175EUR2 00020496581  150926                                                  0000000000000{                
 Erreur 025 : Journée manquante (date supérieure à celle du dernier relevé chargé)                                
        001 - 002 code enregistrement  = 01                                                                              
        003 - 005 code banque          = 30003                                                                           
        012 - 005 code guichet         = 03175                                                                           
        017 - 003 devise               = EUR                                                                             
        020 - 001 nombre de décimales  = 2                                                                               
        022 - 011 numéro de compte     = 00020496581                                                                     
        033 - 002 code opération AFB   =                                                                                 
        035 - 006 date d'opération     = 150926                                                                          
        091 - 014 ancien solde         = 0000000000000{                                                                  
                        Enregistrements erronés lors du chargement de relevés                    Date :17-SEP-2026  Page : 24

  N°     Contenu   
-------------------------------------------------------------------------------------------------------------------------------
03707 >  0130003    03175EUR2 00020103104  150926                                                  0000000000000{                
 Erreur 025 : Journée manquante (date supérieure à celle du dernier relevé chargé)                                
        001 - 002 code enregistrement  = 01                                                                              
        003 - 005 code banque          = 30003                                                                           
        012 - 005 code guichet         = 03175                                                                           
        017 - 003 devise               = EUR                                                                             
        020 - 001 nombre de décimales  = 2                                                                               
        022 - 011 numéro de compte     = 00020103104                                                                     
        033 - 002 code opération AFB   =                                                                                 
        035 - 006 date d'opération     = 150926                                                                          
        091 - 014 ancien solde         = 0000000000000{                                                                  
03709 >  0130003    01100EUR2 00020404134  150926                                                  0000000000000{                
 Erreur 025 : Journée manquante (date supérieure à celle du dernier relevé chargé)                                
        001 - 002 code enregistrement  = 01                                                                              
        003 - 005 code banque          = 30003                                                                           
        012 - 005 code guichet         = 01100                                                                           
        017 - 003 devise               = EUR                                                                             
        020 - 001 nombre de décimales  = 2                                                                               
        022 - 011 numéro de compte     = 00020404134                                                                     
        033 - 002 code opération AFB   =                                                                                 
        035 - 006 date d'opération     = 150926                                                                          
        091 - 014 ancien solde         = 0000000000000{                                                                  
03711 >  0130003    03175EUR2 00020294614  150926                                                  0000000000000{                
 Erreur 025 : Journée manquante (date supérieure à celle du dernier relevé chargé)                                
        001 - 002 code enregistrement  = 01                                                                              
        003 - 005 code banque          = 30003                                                                           
        012 - 005 code guichet         = 03175                                                                           
        017 - 003 devise               = EUR                                                                             
        020 - 001 nombre de décimales  = 2                                                                               
        022 - 011 numéro de compte     = 00020294614                                                                     
        033 - 002 code opération AFB   =                                                                                 
        035 - 006 date d'opération     = 150926                                                                          
        091 - 014 ancien solde         = 0000000000000{                                                                  
03716 >  0130003    03175EUR2 00020289366  150926                                                  0000000000000{                
 Erreur 025 : Journée manquante (date supérieure à celle du dernier relevé chargé)                                
        001 - 002 code enregistrement  = 01                                                                              
        003 - 005 code banque          = 30003                                                                           
        012 - 005 code guichet         = 03175                                                                           
        017 - 003 devise               = EUR                                                                             
        020 - 001 nombre de décimales  = 2                                                                               
        022 - 011 numéro de compte     = 00020289366                                                                     
        033 - 002 code opération AFB   =                                                                                 
        035 - 006 date d'opération     = 150926                                                                          
        091 - 014 ancien solde         = 0000000000000{                                                                  
                        Enregistrements erronés lors du chargement de relevés                    Date :17-SEP-2026  Page : 25

  N°     Contenu   
-------------------------------------------------------------------------------------------------------------------------------
03718 >  0130003    03175EUR2 00020304173  150926                                                  0000000000000{                
 Erreur 025 : Journée manquante (date supérieure à celle du dernier relevé chargé)                                
        001 - 002 code enregistrement  = 01                                                                              
        003 - 005 code banque          = 30003                                                                           
        012 - 005 code guichet         = 03175                                                                           
        017 - 003 devise               = EUR                                                                             
        020 - 001 nombre de décimales  = 2                                                                               
        022 - 011 numéro de compte     = 00020304173                                                                     
        033 - 002 code opération AFB   =                                                                                 
        035 - 006 date d'opération     = 150926                                                                          
        091 - 014 ancien solde         = 0000000000000{                                                                  
03727 >  0130003    01785EUR2 00025156641  150926                                                  0000000000000{                
 Erreur 025 : Journée manquante (date supérieure à celle du dernier relevé chargé)                                
        001 - 002 code enregistrement  = 01                                                                              
        003 - 005 code banque          = 30003                                                                           
        012 - 005 code guichet         = 01785                                                                           
        017 - 003 devise               = EUR                                                                             
        020 - 001 nombre de décimales  = 2                                                                               
        022 - 011 numéro de compte     = 00025156641                                                                     
        033 - 002 code opération AFB   =                                                                                 
        035 - 006 date d'opération     = 150926                                                                          
        091 - 014 ancien solde         = 0000000000000{                                                                  
03729 >  0130003    01785EUR2 00025155114  150926                                                  0000000000000{                
 Erreur 025 : Journée manquante (date supérieure à celle du dernier relevé chargé)                                
        001 - 002 code enregistrement  = 01                                                                              
        003 - 005 code banque          = 30003                                                                           
        012 - 005 code guichet         = 01785                                                                           
        017 - 003 devise               = EUR                                                                             
        020 - 001 nombre de décimales  = 2                                                                               
        022 - 011 numéro de compte     = 00025155114                                                                     
        033 - 002 code opération AFB   =                                                                                 
        035 - 006 date d'opération     = 150926                                                                          
        091 - 014 ancien solde         = 0000000000000{                                                                  
04231 >  0130003    03620EUR2 00020010581  150926                                                  0000000000000{                
 Erreur 025 : Journée manquante (date supérieure à celle du dernier relevé chargé)                                
        001 - 002 code enregistrement  = 01                                                                              
        003 - 005 code banque          = 30003                                                                           
        012 - 005 code guichet         = 03620                                                                           
        017 - 003 devise               = EUR                                                                             
        020 - 001 nombre de décimales  = 2                                                                               
        022 - 011 numéro de compte     = 00020010581                                                                     
        033 - 002 code opération AFB   =                                                                                 
        035 - 006 date d'opération     = 150926                                                                          
        091 - 014 ancien solde         = 0000000000000{                                                                  
                        Enregistrements erronés lors du chargement de relevés                    Date :17-SEP-2026  Page : 26

  N°     Contenu   
-------------------------------------------------------------------------------------------------------------------------------
04245 >  0130003    01240EUR2 00025151626  150926                                                  0000000000000{                
 Erreur 025 : Journée manquante (date supérieure à celle du dernier relevé chargé)                                
        001 - 002 code enregistrement  = 01                                                                              
        003 - 005 code banque          = 30003                                                                           
        012 - 005 code guichet         = 01240                                                                           
        017 - 003 devise               = EUR                                                                             
        020 - 001 nombre de décimales  = 2                                                                               
        022 - 011 numéro de compte     = 00025151626                                                                     
        033 - 002 code opération AFB   =                                                                                 
        035 - 006 date d'opération     = 150926                                                                          
        091 - 014 ancien solde         = 0000000000000{                                                                  
04254 >  0130003    01100EUR2 00020416740  150926                                                  0000000000000{                
 Erreur 025 : Journée manquante (date supérieure à celle du dernier relevé chargé)                                
        001 - 002 code enregistrement  = 01                                                                              
        003 - 005 code banque          = 30003                                                                           
        012 - 005 code guichet         = 01100                                                                           
        017 - 003 devise               = EUR                                                                             
        020 - 001 nombre de décimales  = 2                                                                               
        022 - 011 numéro de compte     = 00020416740                                                                     
        033 - 002 code opération AFB   =                                                                                 
        035 - 006 date d'opération     = 150926                                                                          
        091 - 014 ancien solde         = 0000000000000{                                                                  
04256 >  0130003    03620EUR2 00020150163  150926                                                  0000000000000{                
 Erreur 025 : Journée manquante (date supérieure à celle du dernier relevé chargé)                                
        001 - 002 code enregistrement  = 01                                                                              
        003 - 005 code banque          = 30003                                                                           
        012 - 005 code guichet         = 03620                                                                           
        017 - 003 devise               = EUR                                                                             
        020 - 001 nombre de décimales  = 2                                                                               
        022 - 011 numéro de compte     = 00020150163                                                                     
        033 - 002 code opération AFB   =                                                                                 
        035 - 006 date d'opération     = 150926                                                                          
        091 - 014 ancien solde         = 0000000000000{                                                                  
04283 >  0130003    03223EUR2 00020051099  150926                                                  0000000000000{                
 Erreur 025 : Journée manquante (date supérieure à celle du dernier relevé chargé)                                
        001 - 002 code enregistrement  = 01                                                                              
        003 - 005 code banque          = 30003                                                                           
        012 - 005 code guichet         = 03223                                                                           
        017 - 003 devise               = EUR                                                                             
        020 - 001 nombre de décimales  = 2                                                                               
        022 - 011 numéro de compte     = 00020051099                                                                     
        033 - 002 code opération AFB   =                                                                                 
        035 - 006 date d'opération     = 150926                                                                          
        091 - 014 ancien solde         = 0000000000000{                                                                  
                        Enregistrements erronés lors du chargement de relevés                    Date :17-SEP-2026  Page : 27

  N°     Contenu   
-------------------------------------------------------------------------------------------------------------------------------
04285 >  0130003    03620EUR2 00020030530  150926                                                  0000000000000{                
 Erreur 025 : Journée manquante (date supérieure à celle du dernier relevé chargé)                                
        001 - 002 code enregistrement  = 01                                                                              
        003 - 005 code banque          = 30003                                                                           
        012 - 005 code guichet         = 03620                                                                           
        017 - 003 devise               = EUR                                                                             
        020 - 001 nombre de décimales  = 2                                                                               
        022 - 011 numéro de compte     = 00020030530                                                                     
        033 - 002 code opération AFB   =                                                                                 
        035 - 006 date d'opération     = 150926                                                                          
        091 - 014 ancien solde         = 0000000000000{                                                                  
04287 >  0130003    03175EUR2 00020177637  150926                                                  0000000000000{                
 Erreur 025 : Journée manquante (date supérieure à celle du dernier relevé chargé)                                
        001 - 002 code enregistrement  = 01                                                                              
        003 - 005 code banque          = 30003                                                                           
        012 - 005 code guichet         = 03175                                                                           
        017 - 003 devise               = EUR                                                                             
        020 - 001 nombre de décimales  = 2                                                                               
        022 - 011 numéro de compte     = 00020177637                                                                     
        033 - 002 code opération AFB   =                                                                                 
        035 - 006 date d'opération     = 150926                                                                          
        091 - 014 ancien solde         = 0000000000000{                                                                  
04308 >  0130003    03175EUR2 00020516180  150926                                                  0000000000000{                
 Erreur 025 : Journée manquante (date supérieure à celle du dernier relevé chargé)                                
        001 - 002 code enregistrement  = 01                                                                              
        003 - 005 code banque          = 30003                                                                           
        012 - 005 code guichet         = 03175                                                                           
        017 - 003 devise               = EUR                                                                             
        020 - 001 nombre de décimales  = 2                                                                               
        022 - 011 numéro de compte     = 00020516180                                                                     
        033 - 002 code opération AFB   =                                                                                 
        035 - 006 date d'opération     = 150926                                                                          
        091 - 014 ancien solde         = 0000000000000{                                                                  
04329 >  0130003    03175EUR2 00020485402  150926                                                  0000000000000{                
 Erreur 025 : Journée manquante (date supérieure à celle du dernier relevé chargé)                                
        001 - 002 code enregistrement  = 01                                                                              
        003 - 005 code banque          = 30003                                                                           
        012 - 005 code guichet         = 03175                                                                           
        017 - 003 devise               = EUR                                                                             
        020 - 001 nombre de décimales  = 2                                                                               
        022 - 011 numéro de compte     = 00020485402                                                                     
        033 - 002 code opération AFB   =                                                                                 
        035 - 006 date d'opération     = 150926                                                                          
        091 - 014 ancien solde         = 0000000000000{                                                                  
                        Enregistrements erronés lors du chargement de relevés                    Date :17-SEP-2026  Page : 28

  N°     Contenu   
-------------------------------------------------------------------------------------------------------------------------------
04366 >  0130003    03620EUR2 00020166755  150926                                                  0000000000000{                
 Erreur 025 : Journée manquante (date supérieure à celle du dernier relevé chargé)                                
        001 - 002 code enregistrement  = 01                                                                              
        003 - 005 code banque          = 30003                                                                           
        012 - 005 code guichet         = 03620                                                                           
        017 - 003 devise               = EUR                                                                             
        020 - 001 nombre de décimales  = 2                                                                               
        022 - 011 numéro de compte     = 00020166755                                                                     
        033 - 002 code opération AFB   =                                                                                 
        035 - 006 date d'opération     = 150926                                                                          
        091 - 014 ancien solde         = 0000000000000{                                                                  
04368 >  0130003    03620EUR2 00020010540  150926                                                  0000000000000{                
 Erreur 025 : Journée manquante (date supérieure à celle du dernier relevé chargé)                                
        001 - 002 code enregistrement  = 01                                                                              
        003 - 005 code banque          = 30003                                                                           
        012 - 005 code guichet         = 03620                                                                           
        017 - 003 devise               = EUR                                                                             
        020 - 001 nombre de décimales  = 2                                                                               
        022 - 011 numéro de compte     = 00020010540                                                                     
        033 - 002 code opération AFB   =                                                                                 
        035 - 006 date d'opération     = 150926                                                                          
        091 - 014 ancien solde         = 0000000000000{                                                                  
04379 >  0130003    03175EUR2 00020281801  150926                                                  0000000000000{                
 Erreur 025 : Journée manquante (date supérieure à celle du dernier relevé chargé)                                
        001 - 002 code enregistrement  = 01                                                                              
        003 - 005 code banque          = 30003                                                                           
        012 - 005 code guichet         = 03175                                                                           
        017 - 003 devise               = EUR                                                                             
        020 - 001 nombre de décimales  = 2                                                                               
        022 - 011 numéro de compte     = 00020281801                                                                     
        033 - 002 code opération AFB   =                                                                                 
        035 - 006 date d'opération     = 150926                                                                          
        091 - 014 ancien solde         = 0000000000000{                                                                  
04388 >  0130003    01100EUR2 00020415643  150926                                                  0000000000000{                
 Erreur 025 : Journée manquante (date supérieure à celle du dernier relevé chargé)                                
        001 - 002 code enregistrement  = 01                                                                              
        003 - 005 code banque          = 30003                                                                           
        012 - 005 code guichet         = 01100                                                                           
        017 - 003 devise               = EUR                                                                             
        020 - 001 nombre de décimales  = 2                                                                               
        022 - 011 numéro de compte     = 00020415643                                                                     
        033 - 002 code opération AFB   =                                                                                 
        035 - 006 date d'opération     = 150926                                                                          
        091 - 014 ancien solde         = 0000000000000{                                                                  
                        Enregistrements erronés lors du chargement de relevés                    Date :17-SEP-2026  Page : 29

  N°     Contenu   
-------------------------------------------------------------------------------------------------------------------------------
04390 >  0130003    03859EUR2 00025150453  150926                                                  0000000000000{                
 Erreur 025 : Journée manquante (date supérieure à celle du dernier relevé chargé)                                
        001 - 002 code enregistrement  = 01                                                                              
        003 - 005 code banque          = 30003                                                                           
        012 - 005 code guichet         = 03859                                                                           
        017 - 003 devise               = EUR                                                                             
        020 - 001 nombre de décimales  = 2                                                                               
        022 - 011 numéro de compte     = 00025150453                                                                     
        033 - 002 code opération AFB   =                                                                                 
        035 - 006 date d'opération     = 150926                                                                          
        091 - 014 ancien solde         = 0000000000000{                                                                  
04392 >  0130003    01100EUR2 00020415619  150926                                                  0000000000000{                
 Erreur 025 : Journée manquante (date supérieure à celle du dernier relevé chargé)                                
        001 - 002 code enregistrement  = 01                                                                              
        003 - 005 code banque          = 30003                                                                           
        012 - 005 code guichet         = 01100                                                                           
        017 - 003 devise               = EUR                                                                             
        020 - 001 nombre de décimales  = 2                                                                               
        022 - 011 numéro de compte     = 00020415619                                                                     
        033 - 002 code opération AFB   =                                                                                 
        035 - 006 date d'opération     = 150926                                                                          
        091 - 014 ancien solde         = 0000000000000{                                                                  
04394 >  0130003    01100EUR2 00020416815  150926                                                  0000000000000{                
 Erreur 025 : Journée manquante (date supérieure à celle du dernier relevé chargé)                                
        001 - 002 code enregistrement  = 01                                                                              
        003 - 005 code banque          = 30003                                                                           
        012 - 005 code guichet         = 01100                                                                           
        017 - 003 devise               = EUR                                                                             
        020 - 001 nombre de décimales  = 2                                                                               
        022 - 011 numéro de compte     = 00020416815                                                                     
        033 - 002 code opération AFB   =                                                                                 
        035 - 006 date d'opération     = 150926                                                                          
        091 - 014 ancien solde         = 0000000000000{                                                                  
04396 >  0130003    03620EUR2 00020160634  150926                                                  0000000000000{                
 Erreur 025 : Journée manquante (date supérieure à celle du dernier relevé chargé)                                
        001 - 002 code enregistrement  = 01                                                                              
        003 - 005 code banque          = 30003                                                                           
        012 - 005 code guichet         = 03620                                                                           
        017 - 003 devise               = EUR                                                                             
        020 - 001 nombre de décimales  = 2                                                                               
        022 - 011 numéro de compte     = 00020160634                                                                     
        033 - 002 code opération AFB   =                                                                                 
        035 - 006 date d'opération     = 150926                                                                          
        091 - 014 ancien solde         = 0000000000000{                                                                  
                        Enregistrements erronés lors du chargement de relevés                    Date :17-SEP-2026  Page : 30

  N°     Contenu   
-------------------------------------------------------------------------------------------------------------------------------
04398 >  0130003    00080EUR2 00020343254  150926                                                  0000000000000{                
 Erreur 001 : Compte bancaire erroné                                                                              
        001 - 002 code enregistrement  = 01                                                                              
        003 - 005 code banque          = 30003                                                                           
        012 - 005 code guichet         = 00080                                                                           
        017 - 003 devise               = EUR                                                                             
        020 - 001 nombre de décimales  = 2                                                                               
        022 - 011 numéro de compte     = 00020343254                                                                     
        033 - 002 code opération AFB   =                                                                                 
        035 - 006 date d'opération     = 150926                                                                          
        091 - 014 ancien solde         = 0000000000000{                                                                  
05405 >  0130003    01112EUR2 00020011356  150926                                                  0000000000000{                
 Erreur 025 : Journée manquante (date supérieure à celle du dernier relevé chargé)                                
        001 - 002 code enregistrement  = 01                                                                              
        003 - 005 code banque          = 30003                                                                           
        012 - 005 code guichet         = 01112                                                                           
        017 - 003 devise               = EUR                                                                             
        020 - 001 nombre de décimales  = 2                                                                               
        022 - 011 numéro de compte     = 00020011356                                                                     
        033 - 002 code opération AFB   =                                                                                 
        035 - 006 date d'opération     = 150926                                                                          
        091 - 014 ancien solde         = 0000000000000{                                                                  
06203 >  0130003    00550EUR2 00020079388  150926                                                  0000000000000{                
 Erreur 025 : Journée manquante (date supérieure à celle du dernier relevé chargé)                                
        001 - 002 code enregistrement  = 01                                                                              
        003 - 005 code banque          = 30003                                                                           
        012 - 005 code guichet         = 00550                                                                           
        017 - 003 devise               = EUR                                                                             
        020 - 001 nombre de décimales  = 2                                                                               
        022 - 011 numéro de compte     = 00020079388                                                                     
        033 - 002 code opération AFB   =                                                                                 
        035 - 006 date d'opération     = 150926                                                                          
        091 - 014 ancien solde         = 0000000000000{                                                                  
06214 >  0130003    03175EUR2 00020485410  150926                                                  0000000000000{                
 Erreur 025 : Journée manquante (date supérieure à celle du dernier relevé chargé)                                
        001 - 002 code enregistrement  = 01                                                                              
        003 - 005 code banque          = 30003                                                                           
        012 - 005 code guichet         = 03175                                                                           
        017 - 003 devise               = EUR                                                                             
        020 - 001 nombre de décimales  = 2                                                                               
        022 - 011 numéro de compte     = 00020485410                                                                     
        033 - 002 code opération AFB   =                                                                                 
        035 - 006 date d'opération     = 150926                                                                          
        091 - 014 ancien solde         = 0000000000000{                                                                  
                        Enregistrements erronés lors du chargement de relevés                    Date :17-SEP-2026  Page : 31

  N°     Contenu   
-------------------------------------------------------------------------------------------------------------------------------
06251 >  0130003    03175EUR2 00020807423  150926                                                  0000000000000{                
 Erreur 025 : Journée manquante (date supérieure à celle du dernier relevé chargé)                                
        001 - 002 code enregistrement  = 01                                                                              
        003 - 005 code banque          = 30003                                                                           
        012 - 005 code guichet         = 03175                                                                           
        017 - 003 devise               = EUR                                                                             
        020 - 001 nombre de décimales  = 2                                                                               
        022 - 011 numéro de compte     = 00020807423                                                                     
        033 - 002 code opération AFB   =                                                                                 
        035 - 006 date d'opération     = 150926                                                                          
        091 - 014 ancien solde         = 0000000000000{                                                                  
06253 >  0130003    01100EUR2 00020394400  150926                                                  0000000000000{                
 Erreur 025 : Journée manquante (date supérieure à celle du dernier relevé chargé)                                
        001 - 002 code enregistrement  = 01                                                                              
        003 - 005 code banque          = 30003                                                                           
        012 - 005 code guichet         = 01100                                                                           
        017 - 003 devise               = EUR                                                                             
        020 - 001 nombre de décimales  = 2                                                                               
        022 - 011 numéro de compte     = 00020394400                                                                     
        033 - 002 code opération AFB   =                                                                                 
        035 - 006 date d'opération     = 150926                                                                          
        091 - 014 ancien solde         = 0000000000000{                                                                  
06255 >  0130003    01100EUR2 00020419371  150926                                                  0000000000000{                
 Erreur 025 : Journée manquante (date supérieure à celle du dernier relevé chargé)                                
        001 - 002 code enregistrement  = 01                                                                              
        003 - 005 code banque          = 30003                                                                           
        012 - 005 code guichet         = 01100                                                                           
        017 - 003 devise               = EUR                                                                             
        020 - 001 nombre de décimales  = 2                                                                               
        022 - 011 numéro de compte     = 00020419371                                                                     
        033 - 002 code opération AFB   =                                                                                 
        035 - 006 date d'opération     = 150926                                                                          
        091 - 014 ancien solde         = 0000000000000{                                                                  
06286 >  0130003    03620EUR2 00020010714  150926                                                  0000000000000{                
 Erreur 025 : Journée manquante (date supérieure à celle du dernier relevé chargé)                                
        001 - 002 code enregistrement  = 01                                                                              
        003 - 005 code banque          = 30003                                                                           
        012 - 005 code guichet         = 03620                                                                           
        017 - 003 devise               = EUR                                                                             
        020 - 001 nombre de décimales  = 2                                                                               
        022 - 011 numéro de compte     = 00020010714                                                                     
        033 - 002 code opération AFB   =                                                                                 
        035 - 006 date d'opération     = 150926                                                                          
        091 - 014 ancien solde         = 0000000000000{                                                                  
                        Enregistrements erronés lors du chargement de relevés                    Date :17-SEP-2026  Page : 32

  N°     Contenu   
-------------------------------------------------------------------------------------------------------------------------------
06288 >  0130003    01100EUR2 00020415510  150926                                                  0000000000000{                
 Erreur 025 : Journée manquante (date supérieure à celle du dernier relevé chargé)                                
        001 - 002 code enregistrement  = 01                                                                              
        003 - 005 code banque          = 30003                                                                           
        012 - 005 code guichet         = 01100                                                                           
        017 - 003 devise               = EUR                                                                             
        020 - 001 nombre de décimales  = 2                                                                               
        022 - 011 numéro de compte     = 00020415510                                                                     
        033 - 002 code opération AFB   =                                                                                 
        035 - 006 date d'opération     = 150926                                                                          
        091 - 014 ancien solde         = 0000000000000{                                                                  
06290 >  0130003    01100EUR2 00020392081  150926                                                  0000000000000{                
 Erreur 025 : Journée manquante (date supérieure à celle du dernier relevé chargé)                                
        001 - 002 code enregistrement  = 01                                                                              
        003 - 005 code banque          = 30003                                                                           
        012 - 005 code guichet         = 01100                                                                           
        017 - 003 devise               = EUR                                                                             
        020 - 001 nombre de décimales  = 2                                                                               
        022 - 011 numéro de compte     = 00020392081                                                                     
        033 - 002 code opération AFB   =                                                                                 
        035 - 006 date d'opération     = 150926                                                                          
        091 - 014 ancien solde         = 0000000000000{                                                                  
06299 >  0130003    03175EUR2 00020172778  150926                                                  0000000000000{                
 Erreur 025 : Journée manquante (date supérieure à celle du dernier relevé chargé)                                
        001 - 002 code enregistrement  = 01                                                                              
        003 - 005 code banque          = 30003                                                                           
        012 - 005 code guichet         = 03175                                                                           
        017 - 003 devise               = EUR                                                                             
        020 - 001 nombre de décimales  = 2                                                                               
        022 - 011 numéro de compte     = 00020172778                                                                     
        033 - 002 code opération AFB   =                                                                                 
        035 - 006 date d'opération     = 150926                                                                          
        091 - 014 ancien solde         = 0000000000000{                                                                  
06313 >  0130003    03175EUR2 00020260516  150926                                                  0000000000000{                
 Erreur 025 : Journée manquante (date supérieure à celle du dernier relevé chargé)                                
        001 - 002 code enregistrement  = 01                                                                              
        003 - 005 code banque          = 30003                                                                           
        012 - 005 code guichet         = 03175                                                                           
        017 - 003 devise               = EUR                                                                             
        020 - 001 nombre de décimales  = 2                                                                               
        022 - 011 numéro de compte     = 00020260516                                                                     
        033 - 002 code opération AFB   =                                                                                 
        035 - 006 date d'opération     = 150926                                                                          
        091 - 014 ancien solde         = 0000000000000{                                                                  
                        Enregistrements erronés lors du chargement de relevés                    Date :17-SEP-2026  Page : 33

  N°     Contenu   
-------------------------------------------------------------------------------------------------------------------------------
06336 >  0130003    03175EUR2 00020260458  150926                                                  0000000000000{                
 Erreur 025 : Journée manquante (date supérieure à celle du dernier relevé chargé)                                
        001 - 002 code enregistrement  = 01                                                                              
        003 - 005 code banque          = 30003                                                                           
        012 - 005 code guichet         = 03175                                                                           
        017 - 003 devise               = EUR                                                                             
        020 - 001 nombre de décimales  = 2                                                                               
        022 - 011 numéro de compte     = 00020260458                                                                     
        033 - 002 code opération AFB   =                                                                                 
        035 - 006 date d'opération     = 150926                                                                          
        091 - 014 ancien solde         = 0000000000000{                                                                  
06338 >  0130003    03175EUR2 00020340532  150926                                                  0000000000000{                
 Erreur 025 : Journée manquante (date supérieure à celle du dernier relevé chargé)                                
        001 - 002 code enregistrement  = 01                                                                              
        003 - 005 code banque          = 30003                                                                           
        012 - 005 code guichet         = 03175                                                                           
        017 - 003 devise               = EUR                                                                             
        020 - 001 nombre de décimales  = 2                                                                               
        022 - 011 numéro de compte     = 00020340532                                                                     
        033 - 002 code opération AFB   =                                                                                 
        035 - 006 date d'opération     = 150926                                                                          
        091 - 014 ancien solde         = 0000000000000{                                                                  
06353 >  0130003    03620EUR2 00020150098  150926                                                  0000000000000{                
 Erreur 025 : Journée manquante (date supérieure à celle du dernier relevé chargé)                                
        001 - 002 code enregistrement  = 01                                                                              
        003 - 005 code banque          = 30003                                                                           
        012 - 005 code guichet         = 03620                                                                           
        017 - 003 devise               = EUR                                                                             
        020 - 001 nombre de décimales  = 2                                                                               
        022 - 011 numéro de compte     = 00020150098                                                                     
        033 - 002 code opération AFB   =                                                                                 
        035 - 006 date d'opération     = 150926                                                                          
        091 - 014 ancien solde         = 0000000000000{                                                                  
06371 >  0130003    03175EUR2 00020471501  150926                                                  0000000000000{                
 Erreur 025 : Journée manquante (date supérieure à celle du dernier relevé chargé)                                
        001 - 002 code enregistrement  = 01                                                                              
        003 - 005 code banque          = 30003                                                                           
        012 - 005 code guichet         = 03175                                                                           
        017 - 003 devise               = EUR                                                                             
        020 - 001 nombre de décimales  = 2                                                                               
        022 - 011 numéro de compte     = 00020471501                                                                     
        033 - 002 code opération AFB   =                                                                                 
        035 - 006 date d'opération     = 150926                                                                          
        091 - 014 ancien solde         = 0000000000000{                                                                  
                        Enregistrements erronés lors du chargement de relevés                    Date :17-SEP-2026  Page : 34

  N°     Contenu   
-------------------------------------------------------------------------------------------------------------------------------
06545 >  0130003    03175EUR2 00020260524  150926                                                  0000000000000{                
 Erreur 025 : Journée manquante (date supérieure à celle du dernier relevé chargé)                                
        001 - 002 code enregistrement  = 01                                                                              
        003 - 005 code banque          = 30003                                                                           
        012 - 005 code guichet         = 03175                                                                           
        017 - 003 devise               = EUR                                                                             
        020 - 001 nombre de décimales  = 2                                                                               
        022 - 011 numéro de compte     = 00020260524                                                                     
        033 - 002 code opération AFB   =                                                                                 
        035 - 006 date d'opération     = 150926                                                                          
        091 - 014 ancien solde         = 0000000000000{                                                                  
06554 >  0130003    03175EUR2 00020807365  150926                                                  0000000000000{                
 Erreur 025 : Journée manquante (date supérieure à celle du dernier relevé chargé)                                
        001 - 002 code enregistrement  = 01                                                                              
        003 - 005 code banque          = 30003                                                                           
        012 - 005 code guichet         = 03175                                                                           
        017 - 003 devise               = EUR                                                                             
        020 - 001 nombre de décimales  = 2                                                                               
        022 - 011 numéro de compte     = 00020807365                                                                     
        033 - 002 code opération AFB   =                                                                                 
        035 - 006 date d'opération     = 150926                                                                          
        091 - 014 ancien solde         = 0000000000000{                                                                  
06556 >  0130003    03175EUR2 00020485428  150926                                                  0000000000000{                
 Erreur 025 : Journée manquante (date supérieure à celle du dernier relevé chargé)                                
        001 - 002 code enregistrement  = 01                                                                              
        003 - 005 code banque          = 30003                                                                           
        012 - 005 code guichet         = 03175                                                                           
        017 - 003 devise               = EUR                                                                             
        020 - 001 nombre de décimales  = 2                                                                               
        022 - 011 numéro de compte     = 00020485428                                                                     
        033 - 002 code opération AFB   =                                                                                 
        035 - 006 date d'opération     = 150926                                                                          
        091 - 014 ancien solde         = 0000000000000{                                                                  
06563 >  0130003    01100EUR2 00020410065  150926                                                  0000000000000{                
 Erreur 025 : Journée manquante (date supérieure à celle du dernier relevé chargé)                                
        001 - 002 code enregistrement  = 01                                                                              
        003 - 005 code banque          = 30003                                                                           
        012 - 005 code guichet         = 01100                                                                           
        017 - 003 devise               = EUR                                                                             
        020 - 001 nombre de décimales  = 2                                                                               
        022 - 011 numéro de compte     = 00020410065                                                                     
        033 - 002 code opération AFB   =                                                                                 
        035 - 006 date d'opération     = 150926                                                                          
        091 - 014 ancien solde         = 0000000000000{                                                                  
                        Enregistrements erronés lors du chargement de relevés                    Date :17-SEP-2026  Page : 35

  N°     Contenu   
-------------------------------------------------------------------------------------------------------------------------------
06571 >  0130003    03175EUR2 00020294648  150926                                                  0000000000000{                
 Erreur 025 : Journée manquante (date supérieure à celle du dernier relevé chargé)                                
        001 - 002 code enregistrement  = 01                                                                              
        003 - 005 code banque          = 30003                                                                           
        012 - 005 code guichet         = 03175                                                                           
        017 - 003 devise               = EUR                                                                             
        020 - 001 nombre de décimales  = 2                                                                               
        022 - 011 numéro de compte     = 00020294648                                                                     
        033 - 002 code opération AFB   =                                                                                 
        035 - 006 date d'opération     = 150926                                                                          
        091 - 014 ancien solde         = 0000000000000{                                                                  
06573 >  0130003    03620EUR2 00020150031  150926                                                  0000000000000{                
 Erreur 025 : Journée manquante (date supérieure à celle du dernier relevé chargé)                                
        001 - 002 code enregistrement  = 01                                                                              
        003 - 005 code banque          = 30003                                                                           
        012 - 005 code guichet         = 03620                                                                           
        017 - 003 devise               = EUR                                                                             
        020 - 001 nombre de décimales  = 2                                                                               
        022 - 011 numéro de compte     = 00020150031                                                                     
        033 - 002 code opération AFB   =                                                                                 
        035 - 006 date d'opération     = 150926                                                                          
        091 - 014 ancien solde         = 0000000000000{                                                                  
06575 >  0130003    02190EUR2 00020101501  150926                                                  0000000000000{                
 Erreur 025 : Journée manquante (date supérieure à celle du dernier relevé chargé)                                
        001 - 002 code enregistrement  = 01                                                                              
        003 - 005 code banque          = 30003                                                                           
        012 - 005 code guichet         = 02190                                                                           
        017 - 003 devise               = EUR                                                                             
        020 - 001 nombre de décimales  = 2                                                                               
        022 - 011 numéro de compte     = 00020101501                                                                     
        033 - 002 code opération AFB   =                                                                                 
        035 - 006 date d'opération     = 150926                                                                          
        091 - 014 ancien solde         = 0000000000000{                                                                  
06577 >  0130003    03175EUR2 00020516172  150926                                                  0000000000000{                
 Erreur 025 : Journée manquante (date supérieure à celle du dernier relevé chargé)                                
        001 - 002 code enregistrement  = 01                                                                              
        003 - 005 code banque          = 30003                                                                           
        012 - 005 code guichet         = 03175                                                                           
        017 - 003 devise               = EUR                                                                             
        020 - 001 nombre de décimales  = 2                                                                               
        022 - 011 numéro de compte     = 00020516172                                                                     
        033 - 002 code opération AFB   =                                                                                 
        035 - 006 date d'opération     = 150926                                                                          
        091 - 014 ancien solde         = 0000000000000{                                                                  
                        Enregistrements erronés lors du chargement de relevés                    Date :17-SEP-2026  Page : 36

  N°     Contenu   
-------------------------------------------------------------------------------------------------------------------------------
06579 >  0130003    01100EUR2 00020415486  150926                                                  0000000000000{                
 Erreur 025 : Journée manquante (date supérieure à celle du dernier relevé chargé)                                
        001 - 002 code enregistrement  = 01                                                                              
        003 - 005 code banque          = 30003                                                                           
        012 - 005 code guichet         = 01100                                                                           
        017 - 003 devise               = EUR                                                                             
        020 - 001 nombre de décimales  = 2                                                                               
        022 - 011 numéro de compte     = 00020415486                                                                     
        033 - 002 code opération AFB   =                                                                                 
        035 - 006 date d'opération     = 150926                                                                          
        091 - 014 ancien solde         = 0000000000000{                                                                  
06587 >  0130003    03620EUR2 00020150106  150926                                                  0000000000000{                
 Erreur 025 : Journée manquante (date supérieure à celle du dernier relevé chargé)                                
        001 - 002 code enregistrement  = 01                                                                              
        003 - 005 code banque          = 30003                                                                           
        012 - 005 code guichet         = 03620                                                                           
        017 - 003 devise               = EUR                                                                             
        020 - 001 nombre de décimales  = 2                                                                               
        022 - 011 numéro de compte     = 00020150106                                                                     
        033 - 002 code opération AFB   =                                                                                 
        035 - 006 date d'opération     = 150926                                                                          
        091 - 014 ancien solde         = 0000000000000{                                                                  
06589 >  0130003    02280EUR2 00025150123  150926                                                  0000000000000{                
 Erreur 025 : Journée manquante (date supérieure à celle du dernier relevé chargé)                                
        001 - 002 code enregistrement  = 01                                                                              
        003 - 005 code banque          = 30003                                                                           
        012 - 005 code guichet         = 02280                                                                           
        017 - 003 devise               = EUR                                                                             
        020 - 001 nombre de décimales  = 2                                                                               
        022 - 011 numéro de compte     = 00025150123                                                                     
        033 - 002 code opération AFB   =                                                                                 
        035 - 006 date d'opération     = 150926                                                                          
        091 - 014 ancien solde         = 0000000000000{                                                                  
06591 >  0130003    01100EUR2 00020428349  150926                                                  0000000000000{                
 Erreur 025 : Journée manquante (date supérieure à celle du dernier relevé chargé)                                
        001 - 002 code enregistrement  = 01                                                                              
        003 - 005 code banque          = 30003                                                                           
        012 - 005 code guichet         = 01100                                                                           
        017 - 003 devise               = EUR                                                                             
        020 - 001 nombre de décimales  = 2                                                                               
        022 - 011 numéro de compte     = 00020428349                                                                     
        033 - 002 code opération AFB   =                                                                                 
        035 - 006 date d'opération     = 150926                                                                          
        091 - 014 ancien solde         = 0000000000000{                                                                  
                        Enregistrements erronés lors du chargement de relevés                    Date :17-SEP-2026  Page : 37

  N°     Contenu   
-------------------------------------------------------------------------------------------------------------------------------
06600 >  0130003    01100EUR2 00020398351  150926                                                  0000000000000{                
 Erreur 025 : Journée manquante (date supérieure à celle du dernier relevé chargé)                                
        001 - 002 code enregistrement  = 01                                                                              
        003 - 005 code banque          = 30003                                                                           
        012 - 005 code guichet         = 01100                                                                           
        017 - 003 devise               = EUR                                                                             
        020 - 001 nombre de décimales  = 2                                                                               
        022 - 011 numéro de compte     = 00020398351                                                                     
        033 - 002 code opération AFB   =                                                                                 
        035 - 006 date d'opération     = 150926                                                                          
        091 - 014 ancien solde         = 0000000000000{                                                                  
06619 >  0130003    03620EUR2 00020551055  150926                                                  0000000000000{                
 Erreur 025 : Journée manquante (date supérieure à celle du dernier relevé chargé)                                
        001 - 002 code enregistrement  = 01                                                                              
        003 - 005 code banque          = 30003                                                                           
        012 - 005 code guichet         = 03620                                                                           
        017 - 003 devise               = EUR                                                                             
        020 - 001 nombre de décimales  = 2                                                                               
        022 - 011 numéro de compte     = 00020551055                                                                     
        033 - 002 code opération AFB   =                                                                                 
        035 - 006 date d'opération     = 150926                                                                          
        091 - 014 ancien solde         = 0000000000000{                                                                  
06621 >  0130003    04170EUR2 00029067075  150926                                                  0000000000000{                
 Erreur 001 : Compte bancaire erroné                                                                              
        001 - 002 code enregistrement  = 01                                                                              
        003 - 005 code banque          = 30003                                                                           
        012 - 005 code guichet         = 04170                                                                           
        017 - 003 devise               = EUR                                                                             
        020 - 001 nombre de décimales  = 2                                                                               
        022 - 011 numéro de compte     = 00029067075                                                                     
        033 - 002 code opération AFB   =                                                                                 
        035 - 006 date d'opération     = 150926                                                                          
        091 - 014 ancien solde         = 0000000000000{                                                                  
06664 >  0130003    03175EUR2 00020485436  150926                                                  0000000000000{                
 Erreur 025 : Journée manquante (date supérieure à celle du dernier relevé chargé)                                
        001 - 002 code enregistrement  = 01                                                                              
        003 - 005 code banque          = 30003                                                                           
        012 - 005 code guichet         = 03175                                                                           
        017 - 003 devise               = EUR                                                                             
        020 - 001 nombre de décimales  = 2                                                                               
        022 - 011 numéro de compte     = 00020485436                                                                     
        033 - 002 code opération AFB   =                                                                                 
        035 - 006 date d'opération     = 150926                                                                          
        091 - 014 ancien solde         = 0000000000000{                                                                  
                        Enregistrements erronés lors du chargement de relevés                    Date :17-SEP-2026  Page : 38

  N°     Contenu   
-------------------------------------------------------------------------------------------------------------------------------
06666 >  0130003    03620EUR2 00020183693  150926                                                  0000000000000{                
 Erreur 001 : Compte bancaire erroné                                                                              
        001 - 002 code enregistrement  = 01                                                                              
        003 - 005 code banque          = 30003                                                                           
        012 - 005 code guichet         = 03620                                                                           
        017 - 003 devise               = EUR                                                                             
        020 - 001 nombre de décimales  = 2                                                                               
        022 - 011 numéro de compte     = 00020183693                                                                     
        033 - 002 code opération AFB   =                                                                                 
        035 - 006 date d'opération     = 150926                                                                          
        091 - 014 ancien solde         = 0000000000000{                                                                  
06668 >  0130003    00050EUR2 00020022020  150926                                                  0000000000000{                
 Erreur 025 : Journée manquante (date supérieure à celle du dernier relevé chargé)                                
        001 - 002 code enregistrement  = 01                                                                              
        003 - 005 code banque          = 30003                                                                           
        012 - 005 code guichet         = 00050                                                                           
        017 - 003 devise               = EUR                                                                             
        020 - 001 nombre de décimales  = 2                                                                               
        022 - 011 numéro de compte     = 00020022020                                                                     
        033 - 002 code opération AFB   =                                                                                 
        035 - 006 date d'opération     = 150926                                                                          
        091 - 014 ancien solde         = 0000000000000{                                                                  
06676 >  0130003    03175EUR2 00020496417  150926                                                  0000000000000{                
 Erreur 025 : Journée manquante (date supérieure à celle du dernier relevé chargé)                                
        001 - 002 code enregistrement  = 01                                                                              
        003 - 005 code banque          = 30003                                                                           
        012 - 005 code guichet         = 03175                                                                           
        017 - 003 devise               = EUR                                                                             
        020 - 001 nombre de décimales  = 2                                                                               
        022 - 011 numéro de compte     = 00020496417                                                                     
        033 - 002 code opération AFB   =                                                                                 
        035 - 006 date d'opération     = 150926                                                                          
        091 - 014 ancien solde         = 0000000000000{                                                                  
06678 >  0130003    03175EUR2 00020283401  150926                                                  0000000000000{                
 Erreur 025 : Journée manquante (date supérieure à celle du dernier relevé chargé)                                
        001 - 002 code enregistrement  = 01                                                                              
        003 - 005 code banque          = 30003                                                                           
        012 - 005 code guichet         = 03175                                                                           
        017 - 003 devise               = EUR                                                                             
        020 - 001 nombre de décimales  = 2                                                                               
        022 - 011 numéro de compte     = 00020283401                                                                     
        033 - 002 code opération AFB   =                                                                                 
        035 - 006 date d'opération     = 150926                                                                          
        091 - 014 ancien solde         = 0000000000000{                                                                  
                        Enregistrements erronés lors du chargement de relevés                    Date :17-SEP-2026  Page : 39

  N°     Contenu   
-------------------------------------------------------------------------------------------------------------------------------
06687 >  0130003    01100EUR2 00020411097  150926                                                  0000000000000{                
 Erreur 025 : Journée manquante (date supérieure à celle du dernier relevé chargé)                                
        001 - 002 code enregistrement  = 01                                                                              
        003 - 005 code banque          = 30003                                                                           
        012 - 005 code guichet         = 01100                                                                           
        017 - 003 devise               = EUR                                                                             
        020 - 001 nombre de décimales  = 2                                                                               
        022 - 011 numéro de compte     = 00020411097                                                                     
        033 - 002 code opération AFB   =                                                                                 
        035 - 006 date d'opération     = 150926                                                                          
        091 - 014 ancien solde         = 0000000000000{                                                                  
06689 >  0130003    03175EUR2 00020285125  150926                                                  0000000000000{                
 Erreur 025 : Journée manquante (date supérieure à celle du dernier relevé chargé)                                
        001 - 002 code enregistrement  = 01                                                                              
        003 - 005 code banque          = 30003                                                                           
        012 - 005 code guichet         = 03175                                                                           
        017 - 003 devise               = EUR                                                                             
        020 - 001 nombre de décimales  = 2                                                                               
        022 - 011 numéro de compte     = 00020285125                                                                     
        033 - 002 code opération AFB   =                                                                                 
        035 - 006 date d'opération     = 150926                                                                          
        091 - 014 ancien solde         = 0000000000000{                                                                  
06702 >  0130003    03620EUR2 00020145213  150926                                                  0000000000000{                
 Erreur 025 : Journée manquante (date supérieure à celle du dernier relevé chargé)                                
        001 - 002 code enregistrement  = 01                                                                              
        003 - 005 code banque          = 30003                                                                           
        012 - 005 code guichet         = 03620                                                                           
        017 - 003 devise               = EUR                                                                             
        020 - 001 nombre de décimales  = 2                                                                               
        022 - 011 numéro de compte     = 00020145213                                                                     
        033 - 002 code opération AFB   =                                                                                 
        035 - 006 date d'opération     = 150926                                                                          
        091 - 014 ancien solde         = 0000000000000{                                                                  
06716 >  0130003    03620EUR2 00020150189  150926                                                  0000000000000{                
 Erreur 025 : Journée manquante (date supérieure à celle du dernier relevé chargé)                                
        001 - 002 code enregistrement  = 01                                                                              
        003 - 005 code banque          = 30003                                                                           
        012 - 005 code guichet         = 03620                                                                           
        017 - 003 devise               = EUR                                                                             
        020 - 001 nombre de décimales  = 2                                                                               
        022 - 011 numéro de compte     = 00020150189                                                                     
        033 - 002 code opération AFB   =                                                                                 
        035 - 006 date d'opération     = 150926                                                                          
        091 - 014 ancien solde         = 0000000000000{                                                                  
                        Enregistrements erronés lors du chargement de relevés                    Date :17-SEP-2026  Page : 40

  N°     Contenu   
-------------------------------------------------------------------------------------------------------------------------------
06718 >  0130003    03175EUR2 00020296890  150926                                                  0000000000000{                
 Erreur 025 : Journée manquante (date supérieure à celle du dernier relevé chargé)                                
        001 - 002 code enregistrement  = 01                                                                              
        003 - 005 code banque          = 30003                                                                           
        012 - 005 code guichet         = 03175                                                                           
        017 - 003 devise               = EUR                                                                             
        020 - 001 nombre de décimales  = 2                                                                               
        022 - 011 numéro de compte     = 00020296890                                                                     
        033 - 002 code opération AFB   =                                                                                 
        035 - 006 date d'opération     = 150926                                                                          
        091 - 014 ancien solde         = 0000000000000{                                                                  
06734 >  0130003    03175EUR2 00020103112  150926                                                  0000000000000{                
 Erreur 025 : Journée manquante (date supérieure à celle du dernier relevé chargé)                                
        001 - 002 code enregistrement  = 01                                                                              
        003 - 005 code banque          = 30003                                                                           
        012 - 005 code guichet         = 03175                                                                           
        017 - 003 devise               = EUR                                                                             
        020 - 001 nombre de décimales  = 2                                                                               
        022 - 011 numéro de compte     = 00020103112                                                                     
        033 - 002 code opération AFB   =                                                                                 
        035 - 006 date d'opération     = 150926                                                                          
        091 - 014 ancien solde         = 0000000000000{                                                                  
06741 >  0130003    03175EUR2 00020297708  150926                                                  0000000000000{                
 Erreur 025 : Journée manquante (date supérieure à celle du dernier relevé chargé)                                
        001 - 002 code enregistrement  = 01                                                                              
        003 - 005 code banque          = 30003                                                                           
        012 - 005 code guichet         = 03175                                                                           
        017 - 003 devise               = EUR                                                                             
        020 - 001 nombre de décimales  = 2                                                                               
        022 - 011 numéro de compte     = 00020297708                                                                     
        033 - 002 code opération AFB   =                                                                                 
        035 - 006 date d'opération     = 150926                                                                          
        091 - 014 ancien solde         = 0000000000000{                                                                  
06750 >  0130003    03175EUR2 00020255979  150926                                                  0000000000000{                
 Erreur 025 : Journée manquante (date supérieure à celle du dernier relevé chargé)                                
        001 - 002 code enregistrement  = 01                                                                              
        003 - 005 code banque          = 30003                                                                           
        012 - 005 code guichet         = 03175                                                                           
        017 - 003 devise               = EUR                                                                             
        020 - 001 nombre de décimales  = 2                                                                               
        022 - 011 numéro de compte     = 00020255979                                                                     
        033 - 002 code opération AFB   =                                                                                 
        035 - 006 date d'opération     = 150926                                                                          
        091 - 014 ancien solde         = 0000000000000{                                                                  
                        Enregistrements erronés lors du chargement de relevés                    Date :17-SEP-2026  Page : 41

  N°     Contenu   
-------------------------------------------------------------------------------------------------------------------------------
06752 >  0130003    03620EUR2 00020169619  150926                                                  0000000000000{                
 Erreur 025 : Journée manquante (date supérieure à celle du dernier relevé chargé)                                
        001 - 002 code enregistrement  = 01                                                                              
        003 - 005 code banque          = 30003                                                                           
        012 - 005 code guichet         = 03620                                                                           
        017 - 003 devise               = EUR                                                                             
        020 - 001 nombre de décimales  = 2                                                                               
        022 - 011 numéro de compte     = 00020169619                                                                     
        033 - 002 code opération AFB   =                                                                                 
        035 - 006 date d'opération     = 150926                                                                          
        091 - 014 ancien solde         = 0000000000000{                                                                  
06754 >  0130003    03859EUR2 00025150347  150926                                                  0000000000000{                
 Erreur 025 : Journée manquante (date supérieure à celle du dernier relevé chargé)                                
        001 - 002 code enregistrement  = 01                                                                              
        003 - 005 code banque          = 30003                                                                           
        012 - 005 code guichet         = 03859                                                                           
        017 - 003 devise               = EUR                                                                             
        020 - 001 nombre de décimales  = 2                                                                               
        022 - 011 numéro de compte     = 00025150347                                                                     
        033 - 002 code opération AFB   =                                                                                 
        035 - 006 date d'opération     = 150926                                                                          
        091 - 014 ancien solde         = 0000000000000{                                                                  
07379 >  0130003    03175EUR2 00020262181  150926                                                  0000000000000{                
 Erreur 025 : Journée manquante (date supérieure à celle du dernier relevé chargé)                                
        001 - 002 code enregistrement  = 01                                                                              
        003 - 005 code banque          = 30003                                                                           
        012 - 005 code guichet         = 03175                                                                           
        017 - 003 devise               = EUR                                                                             
        020 - 001 nombre de décimales  = 2                                                                               
        022 - 011 numéro de compte     = 00020262181                                                                     
        033 - 002 code opération AFB   =                                                                                 
        035 - 006 date d'opération     = 150926                                                                          
        091 - 014 ancien solde         = 0000000000000{                                                                  
07388 >  0130003    01100EUR2 00020417243  150926                                                  0000000000000{                
 Erreur 025 : Journée manquante (date supérieure à celle du dernier relevé chargé)                                
        001 - 002 code enregistrement  = 01                                                                              
        003 - 005 code banque          = 30003                                                                           
        012 - 005 code guichet         = 01100                                                                           
        017 - 003 devise               = EUR                                                                             
        020 - 001 nombre de décimales  = 2                                                                               
        022 - 011 numéro de compte     = 00020417243                                                                     
        033 - 002 code opération AFB   =                                                                                 
        035 - 006 date d'opération     = 150926                                                                          
        091 - 014 ancien solde         = 0000000000000{                                                                  
                        Enregistrements erronés lors du chargement de relevés                    Date :17-SEP-2026  Page : 42

  N°     Contenu   
-------------------------------------------------------------------------------------------------------------------------------
07395 >  0130003    03175EUR2 00020294366  150926                                                  0000000000000{                
 Erreur 025 : Journée manquante (date supérieure à celle du dernier relevé chargé)                                
        001 - 002 code enregistrement  = 01                                                                              
        003 - 005 code banque          = 30003                                                                           
        012 - 005 code guichet         = 03175                                                                           
        017 - 003 devise               = EUR                                                                             
        020 - 001 nombre de décimales  = 2                                                                               
        022 - 011 numéro de compte     = 00020294366                                                                     
        033 - 002 code opération AFB   =                                                                                 
        035 - 006 date d'opération     = 150926                                                                          
        091 - 014 ancien solde         = 0000000000000{                                                                  
07397 >  0130003    01100EUR2 00020073640  150926                                                  0000000000000{                
 Erreur 025 : Journée manquante (date supérieure à celle du dernier relevé chargé)                                
        001 - 002 code enregistrement  = 01                                                                              
        003 - 005 code banque          = 30003                                                                           
        012 - 005 code guichet         = 01100                                                                           
        017 - 003 devise               = EUR                                                                             
        020 - 001 nombre de décimales  = 2                                                                               
        022 - 011 numéro de compte     = 00020073640                                                                     
        033 - 002 code opération AFB   =                                                                                 
        035 - 006 date d'opération     = 150926                                                                          
        091 - 014 ancien solde         = 0000000000000{                                                                  
07399 >  0130003    03175EUR2 00020340516  150926                                                  0000000000000{                
 Erreur 025 : Journée manquante (date supérieure à celle du dernier relevé chargé)                                
        001 - 002 code enregistrement  = 01                                                                              
        003 - 005 code banque          = 30003                                                                           
        012 - 005 code guichet         = 03175                                                                           
        017 - 003 devise               = EUR                                                                             
        020 - 001 nombre de décimales  = 2                                                                               
        022 - 011 numéro de compte     = 00020340516                                                                     
        033 - 002 code opération AFB   =                                                                                 
        035 - 006 date d'opération     = 150926                                                                          
        091 - 014 ancien solde         = 0000000000000{                                                                  
07415 >  0130003    03175EUR2 00020285000  150926                                                  0000000000000{                
 Erreur 025 : Journée manquante (date supérieure à celle du dernier relevé chargé)                                
        001 - 002 code enregistrement  = 01                                                                              
        003 - 005 code banque          = 30003                                                                           
        012 - 005 code guichet         = 03175                                                                           
        017 - 003 devise               = EUR                                                                             
        020 - 001 nombre de décimales  = 2                                                                               
        022 - 011 numéro de compte     = 00020285000                                                                     
        033 - 002 code opération AFB   =                                                                                 
        035 - 006 date d'opération     = 150926                                                                          
        091 - 014 ancien solde         = 0000000000000{                                                                  
                        Enregistrements erronés lors du chargement de relevés                    Date :17-SEP-2026  Page : 43

  N°     Contenu   
-------------------------------------------------------------------------------------------------------------------------------
07424 >  0130003    03175EUR2 00020288137  150926                                                  0000000000000{                
 Erreur 025 : Journée manquante (date supérieure à celle du dernier relevé chargé)                                
        001 - 002 code enregistrement  = 01                                                                              
        003 - 005 code banque          = 30003                                                                           
        012 - 005 code guichet         = 03175                                                                           
        017 - 003 devise               = EUR                                                                             
        020 - 001 nombre de décimales  = 2                                                                               
        022 - 011 numéro de compte     = 00020288137                                                                     
        033 - 002 code opération AFB   =                                                                                 
        035 - 006 date d'opération     = 150926                                                                          
        091 - 014 ancien solde         = 0000000000000{                                                                  
07440 >  0130003    03175EUR2 00020516115  150926                                                  0000000000000{                
 Erreur 025 : Journée manquante (date supérieure à celle du dernier relevé chargé)                                
        001 - 002 code enregistrement  = 01                                                                              
        003 - 005 code banque          = 30003                                                                           
        012 - 005 code guichet         = 03175                                                                           
        017 - 003 devise               = EUR                                                                             
        020 - 001 nombre de décimales  = 2                                                                               
        022 - 011 numéro de compte     = 00020516115                                                                     
        033 - 002 code opération AFB   =                                                                                 
        035 - 006 date d'opération     = 150926                                                                          
        091 - 014 ancien solde         = 0000000000000{                                                                  
07442 >  0130003    03620EUR2 00020183677  150926                                                  0000000000000{                
 Erreur 001 : Compte bancaire erroné                                                                              
        001 - 002 code enregistrement  = 01                                                                              
        003 - 005 code banque          = 30003                                                                           
        012 - 005 code guichet         = 03620                                                                           
        017 - 003 devise               = EUR                                                                             
        020 - 001 nombre de décimales  = 2                                                                               
        022 - 011 numéro de compte     = 00020183677                                                                     
        033 - 002 code opération AFB   =                                                                                 
        035 - 006 date d'opération     = 150926                                                                          
        091 - 014 ancien solde         = 0000000000000{                                                                  
07444 >  0130003    01100EUR2 00020406238  150926                                                  0000000000000{                
 Erreur 025 : Journée manquante (date supérieure à celle du dernier relevé chargé)                                
        001 - 002 code enregistrement  = 01                                                                              
        003 - 005 code banque          = 30003                                                                           
        012 - 005 code guichet         = 01100                                                                           
        017 - 003 devise               = EUR                                                                             
        020 - 001 nombre de décimales  = 2                                                                               
        022 - 011 numéro de compte     = 00020406238                                                                     
        033 - 002 code opération AFB   =                                                                                 
        035 - 006 date d'opération     = 150926                                                                          
        091 - 014 ancien solde         = 0000000000000{                                                                  
                        Enregistrements erronés lors du chargement de relevés                    Date :17-SEP-2026  Page : 44

  N°     Contenu   
-------------------------------------------------------------------------------------------------------------------------------
07446 >  0130003    03175EUR2 00020317308  150926                                                  0000000000000{                
 Erreur 025 : Journée manquante (date supérieure à celle du dernier relevé chargé)                                
        001 - 002 code enregistrement  = 01                                                                              
        003 - 005 code banque          = 30003                                                                           
        012 - 005 code guichet         = 03175                                                                           
        017 - 003 devise               = EUR                                                                             
        020 - 001 nombre de décimales  = 2                                                                               
        022 - 011 numéro de compte     = 00020317308                                                                     
        033 - 002 code opération AFB   =                                                                                 
        035 - 006 date d'opération     = 150926                                                                          
        091 - 014 ancien solde         = 0000000000000{                                                                  
07448 >  0130003    03175EUR2 00020120439  150926                                                  0000000000000{                
 Erreur 025 : Journée manquante (date supérieure à celle du dernier relevé chargé)                                
        001 - 002 code enregistrement  = 01                                                                              
        003 - 005 code banque          = 30003                                                                           
        012 - 005 code guichet         = 03175                                                                           
        017 - 003 devise               = EUR                                                                             
        020 - 001 nombre de décimales  = 2                                                                               
        022 - 011 numéro de compte     = 00020120439                                                                     
        033 - 002 code opération AFB   =                                                                                 
        035 - 006 date d'opération     = 150926                                                                          
        091 - 014 ancien solde         = 0000000000000{                                                                  
07459 >  0130003    03175EUR2 00020444219  150926                                                  0000000000000{                
 Erreur 025 : Journée manquante (date supérieure à celle du dernier relevé chargé)                                
        001 - 002 code enregistrement  = 01                                                                              
        003 - 005 code banque          = 30003                                                                           
        012 - 005 code guichet         = 03175                                                                           
        017 - 003 devise               = EUR                                                                             
        020 - 001 nombre de décimales  = 2                                                                               
        022 - 011 numéro de compte     = 00020444219                                                                     
        033 - 002 code opération AFB   =                                                                                 
        035 - 006 date d'opération     = 150926                                                                          
        091 - 014 ancien solde         = 0000000000000{                                                                  
07468 >  0130003    03175EUR2 00020241599  150926                                                  0000000000000{                
 Erreur 025 : Journée manquante (date supérieure à celle du dernier relevé chargé)                                
        001 - 002 code enregistrement  = 01                                                                              
        003 - 005 code banque          = 30003                                                                           
        012 - 005 code guichet         = 03175                                                                           
        017 - 003 devise               = EUR                                                                             
        020 - 001 nombre de décimales  = 2                                                                               
        022 - 011 numéro de compte     = 00020241599                                                                     
        033 - 002 code opération AFB   =                                                                                 
        035 - 006 date d'opération     = 150926                                                                          
        091 - 014 ancien solde         = 0000000000000{                                                                  
                        Enregistrements erronés lors du chargement de relevés                    Date :17-SEP-2026  Page : 45

  N°     Contenu   
-------------------------------------------------------------------------------------------------------------------------------
07476 >  0130003    03620EUR2 00020160600  150926                                                  0000000000000{                
 Erreur 025 : Journée manquante (date supérieure à celle du dernier relevé chargé)                                
        001 - 002 code enregistrement  = 01                                                                              
        003 - 005 code banque          = 30003                                                                           
        012 - 005 code guichet         = 03620                                                                           
        017 - 003 devise               = EUR                                                                             
        020 - 001 nombre de décimales  = 2                                                                               
        022 - 011 numéro de compte     = 00020160600                                                                     
        033 - 002 code opération AFB   =                                                                                 
        035 - 006 date d'opération     = 150926                                                                          
        091 - 014 ancien solde         = 0000000000000{                                                                  
07478 >  0130003    01240EUR2 00025151519  150926                                                  0000000000000{                
 Erreur 025 : Journée manquante (date supérieure à celle du dernier relevé chargé)                                
        001 - 002 code enregistrement  = 01                                                                              
        003 - 005 code banque          = 30003                                                                           
        012 - 005 code guichet         = 01240                                                                           
        017 - 003 devise               = EUR                                                                             
        020 - 001 nombre de décimales  = 2                                                                               
        022 - 011 numéro de compte     = 00025151519                                                                     
        033 - 002 code opération AFB   =                                                                                 
        035 - 006 date d'opération     = 150926                                                                          
        091 - 014 ancien solde         = 0000000000000{                                                                  
07480 >  0130003    02280EUR2 00025150354  150926                                                  0000000000000{                
 Erreur 025 : Journée manquante (date supérieure à celle du dernier relevé chargé)                                
        001 - 002 code enregistrement  = 01                                                                              
        003 - 005 code banque          = 30003                                                                           
        012 - 005 code guichet         = 02280                                                                           
        017 - 003 devise               = EUR                                                                             
        020 - 001 nombre de décimales  = 2                                                                               
        022 - 011 numéro de compte     = 00025150354                                                                     
        033 - 002 code opération AFB   =                                                                                 
        035 - 006 date d'opération     = 150926                                                                          
        091 - 014 ancien solde         = 0000000000000{                                                                  
07489 >  0130003    01100EUR2 00020427820  150926                                                  0000000000000{                
 Erreur 025 : Journée manquante (date supérieure à celle du dernier relevé chargé)                                
        001 - 002 code enregistrement  = 01                                                                              
        003 - 005 code banque          = 30003                                                                           
        012 - 005 code guichet         = 01100                                                                           
        017 - 003 devise               = EUR                                                                             
        020 - 001 nombre de décimales  = 2                                                                               
        022 - 011 numéro de compte     = 00020427820                                                                     
        033 - 002 code opération AFB   =                                                                                 
        035 - 006 date d'opération     = 150926                                                                          
        091 - 014 ancien solde         = 0000000000000{                                                                  
                        Enregistrements erronés lors du chargement de relevés                    Date :17-SEP-2026  Page : 46

  N°     Contenu   
-------------------------------------------------------------------------------------------------------------------------------
07505 >  0130003    01100EUR2 00020410685  150926                                                  0000000000000{                
 Erreur 025 : Journée manquante (date supérieure à celle du dernier relevé chargé)                                
        001 - 002 code enregistrement  = 01                                                                              
        003 - 005 code banque          = 30003                                                                           
        012 - 005 code guichet         = 01100                                                                           
        017 - 003 devise               = EUR                                                                             
        020 - 001 nombre de décimales  = 2                                                                               
        022 - 011 numéro de compte     = 00020410685                                                                     
        033 - 002 code opération AFB   =                                                                                 
        035 - 006 date d'opération     = 150926                                                                          
        091 - 014 ancien solde         = 0000000000000{                                                                  
07507 >  0130003    01100EUR2 00020399698  150926                                                  0000000000000{                
 Erreur 025 : Journée manquante (date supérieure à celle du dernier relevé chargé)                                
        001 - 002 code enregistrement  = 01                                                                              
        003 - 005 code banque          = 30003                                                                           
        012 - 005 code guichet         = 01100                                                                           
        017 - 003 devise               = EUR                                                                             
        020 - 001 nombre de décimales  = 2                                                                               
        022 - 011 numéro de compte     = 00020399698                                                                     
        033 - 002 code opération AFB   =                                                                                 
        035 - 006 date d'opération     = 150926                                                                          
        091 - 014 ancien solde         = 0000000000000{                                                                  
07531 >  0130003    03175EUR2 00020297682  150926                                                  0000000000000{                
 Erreur 025 : Journée manquante (date supérieure à celle du dernier relevé chargé)                                
        001 - 002 code enregistrement  = 01                                                                              
        003 - 005 code banque          = 30003                                                                           
        012 - 005 code guichet         = 03175                                                                           
        017 - 003 devise               = EUR                                                                             
        020 - 001 nombre de décimales  = 2                                                                               
        022 - 011 numéro de compte     = 00020297682                                                                     
        033 - 002 code opération AFB   =                                                                                 
        035 - 006 date d'opération     = 150926                                                                          
        091 - 014 ancien solde         = 0000000000000{                                                                  
07551 >  0130003    03620EUR2 00020010680  150926                                                  0000000000000{                
 Erreur 025 : Journée manquante (date supérieure à celle du dernier relevé chargé)                                
        001 - 002 code enregistrement  = 01                                                                              
        003 - 005 code banque          = 30003                                                                           
        012 - 005 code guichet         = 03620                                                                           
        017 - 003 devise               = EUR                                                                             
        020 - 001 nombre de décimales  = 2                                                                               
        022 - 011 numéro de compte     = 00020010680                                                                     
        033 - 002 code opération AFB   =                                                                                 
        035 - 006 date d'opération     = 150926                                                                          
        091 - 014 ancien solde         = 0000000000000{                                                                  
                        Enregistrements erronés lors du chargement de relevés                    Date :17-SEP-2026  Page : 47

  N°     Contenu   
-------------------------------------------------------------------------------------------------------------------------------
07553 >  0130003    01100EUR2 00020411865  150926                                                  0000000000000{                
 Erreur 025 : Journée manquante (date supérieure à celle du dernier relevé chargé)                                
        001 - 002 code enregistrement  = 01                                                                              
        003 - 005 code banque          = 30003                                                                           
        012 - 005 code guichet         = 01100                                                                           
        017 - 003 devise               = EUR                                                                             
        020 - 001 nombre de décimales  = 2                                                                               
        022 - 011 numéro de compte     = 00020411865                                                                     
        033 - 002 code opération AFB   =                                                                                 
        035 - 006 date d'opération     = 150926                                                                          
        091 - 014 ancien solde         = 0000000000000{                                                                  
07714 >  0130003    03620EUR2 00020575849  150926                                                  0000000000000{                
 Erreur 025 : Journée manquante (date supérieure à celle du dernier relevé chargé)                                
        001 - 002 code enregistrement  = 01                                                                              
        003 - 005 code banque          = 30003                                                                           
        012 - 005 code guichet         = 03620                                                                           
        017 - 003 devise               = EUR                                                                             
        020 - 001 nombre de décimales  = 2                                                                               
        022 - 011 numéro de compte     = 00020575849                                                                     
        033 - 002 code opération AFB   =                                                                                 
        035 - 006 date d'opération     = 150926                                                                          
        091 - 014 ancien solde         = 0000000000000{                                                                  
07739 >  0130003    03620EUR2 00020169544  150926                                                  0000000000000{                
 Erreur 025 : Journée manquante (date supérieure à celle du dernier relevé chargé)                                
        001 - 002 code enregistrement  = 01                                                                              
        003 - 005 code banque          = 30003                                                                           
        012 - 005 code guichet         = 03620                                                                           
        017 - 003 devise               = EUR                                                                             
        020 - 001 nombre de décimales  = 2                                                                               
        022 - 011 numéro de compte     = 00020169544                                                                     
        033 - 002 code opération AFB   =                                                                                 
        035 - 006 date d'opération     = 150926                                                                          
        091 - 014 ancien solde         = 0000000000000{                                                                  
07741 >  0130003    01100EUR2 00020025343  150926                                                  0000000000000{                
 Erreur 025 : Journée manquante (date supérieure à celle du dernier relevé chargé)                                
        001 - 002 code enregistrement  = 01                                                                              
        003 - 005 code banque          = 30003                                                                           
        012 - 005 code guichet         = 01100                                                                           
        017 - 003 devise               = EUR                                                                             
        020 - 001 nombre de décimales  = 2                                                                               
        022 - 011 numéro de compte     = 00020025343                                                                     
        033 - 002 code opération AFB   =                                                                                 
        035 - 006 date d'opération     = 150926                                                                          
        091 - 014 ancien solde         = 0000000000000{                                                                  
                        Enregistrements erronés lors du chargement de relevés                    Date :17-SEP-2026  Page : 48

  N°     Contenu   
-------------------------------------------------------------------------------------------------------------------------------
07915 >  0130003    01100EUR2 00020394897  150926                                                  0000000000000{                
 Erreur 025 : Journée manquante (date supérieure à celle du dernier relevé chargé)                                
        001 - 002 code enregistrement  = 01                                                                              
        003 - 005 code banque          = 30003                                                                           
        012 - 005 code guichet         = 01100                                                                           
        017 - 003 devise               = EUR                                                                             
        020 - 001 nombre de décimales  = 2                                                                               
        022 - 011 numéro de compte     = 00020394897                                                                     
        033 - 002 code opération AFB   =                                                                                 
        035 - 006 date d'opération     = 150926                                                                          
        091 - 014 ancien solde         = 0000000000000{                                                                  
07924 >  0130003    01100EUR2 00020410271  150926                                                  0000000000000{                
 Erreur 025 : Journée manquante (date supérieure à celle du dernier relevé chargé)                                
        001 - 002 code enregistrement  = 01                                                                              
        003 - 005 code banque          = 30003                                                                           
        012 - 005 code guichet         = 01100                                                                           
        017 - 003 devise               = EUR                                                                             
        020 - 001 nombre de décimales  = 2                                                                               
        022 - 011 numéro de compte     = 00020410271                                                                     
        033 - 002 code opération AFB   =                                                                                 
        035 - 006 date d'opération     = 150926                                                                          
        091 - 014 ancien solde         = 0000000000000{                                                                  
07926 >  0130003    03620EUR2 00020010573  150926                                                  0000000000000{                
 Erreur 025 : Journée manquante (date supérieure à celle du dernier relevé chargé)                                
        001 - 002 code enregistrement  = 01                                                                              
        003 - 005 code banque          = 30003                                                                           
        012 - 005 code guichet         = 03620                                                                           
        017 - 003 devise               = EUR                                                                             
        020 - 001 nombre de décimales  = 2                                                                               
        022 - 011 numéro de compte     = 00020010573                                                                     
        033 - 002 code opération AFB   =                                                                                 
        035 - 006 date d'opération     = 150926                                                                          
        091 - 014 ancien solde         = 0000000000000{                                                                  
07928 >  0130003    03620EUR2 00020150049  150926                                                  0000000000000{                
 Erreur 025 : Journée manquante (date supérieure à celle du dernier relevé chargé)                                
        001 - 002 code enregistrement  = 01                                                                              
        003 - 005 code banque          = 30003                                                                           
        012 - 005 code guichet         = 03620                                                                           
        017 - 003 devise               = EUR                                                                             
        020 - 001 nombre de décimales  = 2                                                                               
        022 - 011 numéro de compte     = 00020150049                                                                     
        033 - 002 code opération AFB   =                                                                                 
        035 - 006 date d'opération     = 150926                                                                          
        091 - 014 ancien solde         = 0000000000000{                                                                  
                        Enregistrements erronés lors du chargement de relevés                    Date :17-SEP-2026  Page : 49

  N°     Contenu   
-------------------------------------------------------------------------------------------------------------------------------
07930 >  0130003    00400EUR2 00020039818  150926                                                  0000000000000{                
 Erreur 025 : Journée manquante (date supérieure à celle du dernier relevé chargé)                                
        001 - 002 code enregistrement  = 01                                                                              
        003 - 005 code banque          = 30003                                                                           
        012 - 005 code guichet         = 00400                                                                           
        017 - 003 devise               = EUR                                                                             
        020 - 001 nombre de décimales  = 2                                                                               
        022 - 011 numéro de compte     = 00020039818                                                                     
        033 - 002 code opération AFB   =                                                                                 
        035 - 006 date d'opération     = 150926                                                                          
        091 - 014 ancien solde         = 0000000000000{                                                                  
07961 >  0130003    03175EUR2 00020170681  150926                                                  0000000000000{                
 Erreur 025 : Journée manquante (date supérieure à celle du dernier relevé chargé)                                
        001 - 002 code enregistrement  = 01                                                                              
        003 - 005 code banque          = 30003                                                                           
        012 - 005 code guichet         = 03175                                                                           
        017 - 003 devise               = EUR                                                                             
        020 - 001 nombre de décimales  = 2                                                                               
        022 - 011 numéro de compte     = 00020170681                                                                     
        033 - 002 code opération AFB   =                                                                                 
        035 - 006 date d'opération     = 150926                                                                          
        091 - 014 ancien solde         = 0000000000000{                                                                  
08033 >  0130003    03175EUR2 00020260581  150926                                                  0000000000000{                
 Erreur 025 : Journée manquante (date supérieure à celle du dernier relevé chargé)                                
        001 - 002 code enregistrement  = 01                                                                              
        003 - 005 code banque          = 30003                                                                           
        012 - 005 code guichet         = 03175                                                                           
        017 - 003 devise               = EUR                                                                             
        020 - 001 nombre de décimales  = 2                                                                               
        022 - 011 numéro de compte     = 00020260581                                                                     
        033 - 002 code opération AFB   =                                                                                 
        035 - 006 date d'opération     = 150926                                                                          
        091 - 014 ancien solde         = 0000000000000{                                                                  
08035 >  0130003    03175EUR2 00020176167  150926                                                  0000000000000{                
 Erreur 025 : Journée manquante (date supérieure à celle du dernier relevé chargé)                                
        001 - 002 code enregistrement  = 01                                                                              
        003 - 005 code banque          = 30003                                                                           
        012 - 005 code guichet         = 03175                                                                           
        017 - 003 devise               = EUR                                                                             
        020 - 001 nombre de décimales  = 2                                                                               
        022 - 011 numéro de compte     = 00020176167                                                                     
        033 - 002 code opération AFB   =                                                                                 
        035 - 006 date d'opération     = 150926                                                                          
        091 - 014 ancien solde         = 0000000000000{                                                                  
                        Enregistrements erronés lors du chargement de relevés                    Date :17-SEP-2026  Page : 50

  N°     Contenu   
-------------------------------------------------------------------------------------------------------------------------------
08037 >  0130003    03175EUR2 00020516156  150926                                                  0000000000000{                
 Erreur 025 : Journée manquante (date supérieure à celle du dernier relevé chargé)                                
        001 - 002 code enregistrement  = 01                                                                              
        003 - 005 code banque          = 30003                                                                           
        012 - 005 code guichet         = 03175                                                                           
        017 - 003 devise               = EUR                                                                             
        020 - 001 nombre de décimales  = 2                                                                               
        022 - 011 numéro de compte     = 00020516156                                                                     
        033 - 002 code opération AFB   =                                                                                 
        035 - 006 date d'opération     = 150926                                                                          
        091 - 014 ancien solde         = 0000000000000{                                                                  
08039 >  0130003    03175EUR2 00020297690  150926                                                  0000000000000{                
 Erreur 025 : Journée manquante (date supérieure à celle du dernier relevé chargé)                                
        001 - 002 code enregistrement  = 01                                                                              
        003 - 005 code banque          = 30003                                                                           
        012 - 005 code guichet         = 03175                                                                           
        017 - 003 devise               = EUR                                                                             
        020 - 001 nombre de décimales  = 2                                                                               
        022 - 011 numéro de compte     = 00020297690                                                                     
        033 - 002 code opération AFB   =                                                                                 
        035 - 006 date d'opération     = 150926                                                                          
        091 - 014 ancien solde         = 0000000000000{                                                                  
08048 >  0130003    03175EUR2 00020175144  150926                                                  0000000000000{                
 Erreur 025 : Journée manquante (date supérieure à celle du dernier relevé chargé)                                
        001 - 002 code enregistrement  = 01                                                                              
        003 - 005 code banque          = 30003                                                                           
        012 - 005 code guichet         = 03175                                                                           
        017 - 003 devise               = EUR                                                                             
        020 - 001 nombre de décimales  = 2                                                                               
        022 - 011 numéro de compte     = 00020175144                                                                     
        033 - 002 code opération AFB   =                                                                                 
        035 - 006 date d'opération     = 150926                                                                          
        091 - 014 ancien solde         = 0000000000000{                                                                  
08157 >  0130003    03175EUR2 00020185812  150926                                                  0000000000000{                
 Erreur 025 : Journée manquante (date supérieure à celle du dernier relevé chargé)                                
        001 - 002 code enregistrement  = 01                                                                              
        003 - 005 code banque          = 30003                                                                           
        012 - 005 code guichet         = 03175                                                                           
        017 - 003 devise               = EUR                                                                             
        020 - 001 nombre de décimales  = 2                                                                               
        022 - 011 numéro de compte     = 00020185812                                                                     
        033 - 002 code opération AFB   =                                                                                 
        035 - 006 date d'opération     = 150926                                                                          
        091 - 014 ancien solde         = 0000000000000{                                                                  
                        Enregistrements erronés lors du chargement de relevés                    Date :17-SEP-2026  Page : 51

  N°     Contenu   
-------------------------------------------------------------------------------------------------------------------------------
08159 >  0130003    03175EUR2 00020255524  150926                                                  0000000000000{                
 Erreur 025 : Journée manquante (date supérieure à celle du dernier relevé chargé)                                
        001 - 002 code enregistrement  = 01                                                                              
        003 - 005 code banque          = 30003                                                                           
        012 - 005 code guichet         = 03175                                                                           
        017 - 003 devise               = EUR                                                                             
        020 - 001 nombre de décimales  = 2                                                                               
        022 - 011 numéro de compte     = 00020255524                                                                     
        033 - 002 code opération AFB   =                                                                                 
        035 - 006 date d'opération     = 150926                                                                          
        091 - 014 ancien solde         = 0000000000000{                                                                  
08161 >  0130003    03175EUR2 00020256076  150926                                                  0000000000000{                
 Erreur 025 : Journée manquante (date supérieure à celle du dernier relevé chargé)                                
        001 - 002 code enregistrement  = 01                                                                              
        003 - 005 code banque          = 30003                                                                           
        012 - 005 code guichet         = 03175                                                                           
        017 - 003 devise               = EUR                                                                             
        020 - 001 nombre de décimales  = 2                                                                               
        022 - 011 numéro de compte     = 00020256076                                                                     
        033 - 002 code opération AFB   =                                                                                 
        035 - 006 date d'opération     = 150926                                                                          
        091 - 014 ancien solde         = 0000000000000{                                                                  
08163 >  0130003    04043EUR2 00025150149  150926                                                  0000000000000{                
 Erreur 025 : Journée manquante (date supérieure à celle du dernier relevé chargé)                                
        001 - 002 code enregistrement  = 01                                                                              
        003 - 005 code banque          = 30003                                                                           
        012 - 005 code guichet         = 04043                                                                           
        017 - 003 devise               = EUR                                                                             
        020 - 001 nombre de décimales  = 2                                                                               
        022 - 011 numéro de compte     = 00025150149                                                                     
        033 - 002 code opération AFB   =                                                                                 
        035 - 006 date d'opération     = 150926                                                                          
        091 - 014 ancien solde         = 0000000000000{                                                                  
08186 >  0130003    02250EUR2 00020001131  150926                                                  0000000000000{                
 Erreur 025 : Journée manquante (date supérieure à celle du dernier relevé chargé)                                
        001 - 002 code enregistrement  = 01                                                                              
        003 - 005 code banque          = 30003                                                                           
        012 - 005 code guichet         = 02250                                                                           
        017 - 003 devise               = EUR                                                                             
        020 - 001 nombre de décimales  = 2                                                                               
        022 - 011 numéro de compte     = 00020001131                                                                     
        033 - 002 code opération AFB   =                                                                                 
        035 - 006 date d'opération     = 150926                                                                          
        091 - 014 ancien solde         = 0000000000000{                                                                  
                        Enregistrements erronés lors du chargement de relevés                    Date :17-SEP-2026  Page : 52

  N°     Contenu   
-------------------------------------------------------------------------------------------------------------------------------
08195 >  0130003    01100EUR2 00020414331  150926                                                  0000000000000{                
 Erreur 025 : Journée manquante (date supérieure à celle du dernier relevé chargé)                                
        001 - 002 code enregistrement  = 01                                                                              
        003 - 005 code banque          = 30003                                                                           
        012 - 005 code guichet         = 01100                                                                           
        017 - 003 devise               = EUR                                                                             
        020 - 001 nombre de décimales  = 2                                                                               
        022 - 011 numéro de compte     = 00020414331                                                                     
        033 - 002 code opération AFB   =                                                                                 
        035 - 006 date d'opération     = 150926                                                                          
        091 - 014 ancien solde         = 0000000000000{                                                                  
08215 >  0130003    03175EUR2 00020279391  150926                                                  0000000000000{                
 Erreur 025 : Journée manquante (date supérieure à celle du dernier relevé chargé)                                
        001 - 002 code enregistrement  = 01                                                                              
        003 - 005 code banque          = 30003                                                                           
        012 - 005 code guichet         = 03175                                                                           
        017 - 003 devise               = EUR                                                                             
        020 - 001 nombre de décimales  = 2                                                                               
        022 - 011 numéro de compte     = 00020279391                                                                     
        033 - 002 code opération AFB   =                                                                                 
        035 - 006 date d'opération     = 150926                                                                          
        091 - 014 ancien solde         = 0000000000000{                                                                  
08228 >  0130003    03175EUR2 00020496565  150926                                                  0000000000000{                
 Erreur 025 : Journée manquante (date supérieure à celle du dernier relevé chargé)                                
        001 - 002 code enregistrement  = 01                                                                              
        003 - 005 code banque          = 30003                                                                           
        012 - 005 code guichet         = 03175                                                                           
        017 - 003 devise               = EUR                                                                             
        020 - 001 nombre de décimales  = 2                                                                               
        022 - 011 numéro de compte     = 00020496565                                                                     
        033 - 002 code opération AFB   =                                                                                 
        035 - 006 date d'opération     = 150926                                                                          
        091 - 014 ancien solde         = 0000000000000{                                                                  
08230 >  0130003    01469EUR2 00020890485  150926                                                  0000000000000{                
 Erreur 025 : Journée manquante (date supérieure à celle du dernier relevé chargé)                                
        001 - 002 code enregistrement  = 01                                                                              
        003 - 005 code banque          = 30003                                                                           
        012 - 005 code guichet         = 01469                                                                           
        017 - 003 devise               = EUR                                                                             
        020 - 001 nombre de décimales  = 2                                                                               
        022 - 011 numéro de compte     = 00020890485                                                                     
        033 - 002 code opération AFB   =                                                                                 
        035 - 006 date d'opération     = 150926                                                                          
        091 - 014 ancien solde         = 0000000000000{                                                                  
                        Enregistrements erronés lors du chargement de relevés                    Date :17-SEP-2026  Page : 53

  N°     Contenu   
-------------------------------------------------------------------------------------------------------------------------------
08232 >  0130003    03175EUR2 00020255516  150926                                                  0000000000000{                
 Erreur 025 : Journée manquante (date supérieure à celle du dernier relevé chargé)                                
        001 - 002 code enregistrement  = 01                                                                              
        003 - 005 code banque          = 30003                                                                           
        012 - 005 code guichet         = 03175                                                                           
        017 - 003 devise               = EUR                                                                             
        020 - 001 nombre de décimales  = 2                                                                               
        022 - 011 numéro de compte     = 00020255516                                                                     
        033 - 002 code opération AFB   =                                                                                 
        035 - 006 date d'opération     = 150926                                                                          
        091 - 014 ancien solde         = 0000000000000{                                                                  
08234 >  0130003    03175EUR2 00020496540  150926                                                  0000000000000{                
 Erreur 025 : Journée manquante (date supérieure à celle du dernier relevé chargé)                                
        001 - 002 code enregistrement  = 01                                                                              
        003 - 005 code banque          = 30003                                                                           
        012 - 005 code guichet         = 03175                                                                           
        017 - 003 devise               = EUR                                                                             
        020 - 001 nombre de décimales  = 2                                                                               
        022 - 011 numéro de compte     = 00020496540                                                                     
        033 - 002 code opération AFB   =                                                                                 
        035 - 006 date d'opération     = 150926                                                                          
        091 - 014 ancien solde         = 0000000000000{                                                                  
08236 >  0130003    03620EUR2 00020167191  150926                                                  0000000000000{                
 Erreur 025 : Journée manquante (date supérieure à celle du dernier relevé chargé)                                
        001 - 002 code enregistrement  = 01                                                                              
        003 - 005 code banque          = 30003                                                                           
        012 - 005 code guichet         = 03620                                                                           
        017 - 003 devise               = EUR                                                                             
        020 - 001 nombre de décimales  = 2                                                                               
        022 - 011 numéro de compte     = 00020167191                                                                     
        033 - 002 code opération AFB   =                                                                                 
        035 - 006 date d'opération     = 150926                                                                          
        091 - 014 ancien solde         = 0000000000000{                                                                  
08263 >  0130003    03175EUR2 00020496532  150926                                                  0000000000000{                
 Erreur 025 : Journée manquante (date supérieure à celle du dernier relevé chargé)                                
        001 - 002 code enregistrement  = 01                                                                              
        003 - 005 code banque          = 30003                                                                           
        012 - 005 code guichet         = 03175                                                                           
        017 - 003 devise               = EUR                                                                             
        020 - 001 nombre de décimales  = 2                                                                               
        022 - 011 numéro de compte     = 00020496532                                                                     
        033 - 002 code opération AFB   =                                                                                 
        035 - 006 date d'opération     = 150926                                                                          
        091 - 014 ancien solde         = 0000000000000{                                                                  
                        Enregistrements erronés lors du chargement de relevés                    Date :17-SEP-2026  Page : 54

  N°     Contenu   
-------------------------------------------------------------------------------------------------------------------------------
08265 >  0130003    04170EUR2 00029067232  150926                                                  0000000000000{                
 Erreur 025 : Journée manquante (date supérieure à celle du dernier relevé chargé)                                
        001 - 002 code enregistrement  = 01                                                                              
        003 - 005 code banque          = 30003                                                                           
        012 - 005 code guichet         = 04170                                                                           
        017 - 003 devise               = EUR                                                                             
        020 - 001 nombre de décimales  = 2                                                                               
        022 - 011 numéro de compte     = 00029067232                                                                     
        033 - 002 code opération AFB   =                                                                                 
        035 - 006 date d'opération     = 150926                                                                          
        091 - 014 ancien solde         = 0000000000000{                                                                  
                        Synthèse des relevés, chargement N° 1010051                                   Date :17-SEP-2026  Page : 1

Fichier : /data/flf/files/PDBFINP1/data/in/AFB120.txt
Archivé : /data/flf/files/PDBFINP1/data/traite/AFB120.txt
Recyclé : /data/flf/files/PDBFINP1/data/log/AFB120.txt.err

Err. Relevé   Compte                         Dev Date début      Ancien solde  Date fin       Nouveau solde   Mouvements Debut-Fin
-----------------------------------------------------------------------------------------------------------------------------------
1    1        30003.01100.00020398294        EUR 15-SEP-2026             0.00  16-SEP-2026             0.00       0          1-2    
1    2        30003.03175.00020254030        EUR 15-SEP-2026             0.00  16-SEP-2026             0.00       0          3-4    
1    3        30003.00370.00025100813        EUR 15-SEP-2026             0.00  16-SEP-2026             0.00       58         5-260  
1    4        30003.02280.00025150107        EUR 15-SEP-2026             0.00  16-SEP-2026             0.00       17       261-360  
1    5        30003.03175.00020354244        EUR 15-SEP-2026             0.00  16-SEP-2026             0.00       3        361-371  
1    6        30003.03620.00020160592        EUR 15-SEP-2026             0.00  16-SEP-2026             0.00       0        372-373  
1    7        30003.03620.00020169593        EUR 15-SEP-2026             0.00  16-SEP-2026             0.00       0        374-375  
1    8        30003.02360.00020117309        EUR 15-SEP-2026             0.00  16-SEP-2026             0.00       30       376-528  
1    9        30003.03620.00020150148        EUR 15-SEP-2026             0.00  16-SEP-2026             0.00       0        529-530  
1    10       30003.03175.00020282551        EUR 15-SEP-2026             0.00  16-SEP-2026             0.00       7        531-566  
1    11       30003.03620.00020010656        EUR 15-SEP-2026             0.00  16-SEP-2026             0.00       0        567-568  
1    12       30003.03175.00020496557        EUR 15-SEP-2026             0.00  16-SEP-2026             0.00       0        569-570  
1    13       30003.03175.00020807340        EUR 15-SEP-2026             0.00  16-SEP-2026             0.00       6        571-591  
1    14       30003.02280.00025150164        EUR 15-SEP-2026             0.00  16-SEP-2026             0.00       0        592-593  
1    15       30003.03620.00020150064        EUR 15-SEP-2026             0.00  16-SEP-2026             0.00       0        594-595  
1    16       30003.03620.00020139257        EUR 15-SEP-2026             0.00  16-SEP-2026             0.00       0        596-597  
1    17       30003.03175.00020468648        EUR 15-SEP-2026             0.00  16-SEP-2026             0.00       0        598-599  
1    18       30003.03175.00020485444        EUR 15-SEP-2026             0.00  16-SEP-2026             0.00       0        600-601  
1    19       30003.03175.00020288152        EUR 15-SEP-2026             0.00  16-SEP-2026             0.00       0        602-603  
1    20       30003.01100.00020410289        EUR 15-SEP-2026             0.00  16-SEP-2026             0.00       0        604-605  
1    21       30003.03620.00020010664        EUR 15-SEP-2026             0.00  16-SEP-2026             0.00       7        606-638  
1    22       30003.03175.00020294622        EUR 15-SEP-2026             0.00  16-SEP-2026             0.00       0        639-640  
1    23       30003.03620.00020137293        EUR 15-SEP-2026             0.00  16-SEP-2026             0.00       0        641-642  
1    24       30003.03175.00020288160        EUR 15-SEP-2026             0.00  16-SEP-2026             0.00       0        643-644  
1    25       30003.03620.00020150056        EUR 15-SEP-2026             0.00  16-SEP-2026             0.00       15       645-707  
1    26       30003.03175.00020308026        EUR 15-SEP-2026             0.00  16-SEP-2026             0.00       2        708-715  
1    27       30003.03175.00020496292        EUR 15-SEP-2026             0.00  16-SEP-2026             0.00       0        716-717  
1    28       30003.01240.00025150024        EUR 15-SEP-2026             0.00  16-SEP-2026             0.00       113      718-1228 
1    29       30003.03175.00020471519        EUR 15-SEP-2026             0.00  16-SEP-2026             0.00       0       1229-1230 
1    30       30003.01100.00020418951        EUR 15-SEP-2026             0.00  16-SEP-2026             0.00       4       1231-1248 
1    31       30003.03620.00020010672        EUR 15-SEP-2026             0.00  16-SEP-2026             0.00       0       1249-1250 
1    32       30003.03620.00020150023        EUR 15-SEP-2026             0.00  16-SEP-2026             0.00       2       1251-1258 
1    33       30003.03620.00020150130        EUR 15-SEP-2026             0.00  16-SEP-2026             0.00       0       1259-1260 
1    34       30003.03175.00020260508        EUR 15-SEP-2026             0.00  16-SEP-2026             0.00       4       1261-1266 
1    35       30003.01100.00020070505        EUR 15-SEP-2026             0.00  16-SEP-2026             0.00       0       1267-1268 
1    36       30003.02280.00020405514        EUR 15-SEP-2026             0.00  16-SEP-2026             0.00       11      1269-1331 
1    37       30003.03175.00020471493        EUR 15-SEP-2026             0.00  16-SEP-2026             0.00       4       1332-1348 
1    38       30003.03620.00020137269        EUR 15-SEP-2026             0.00  16-SEP-2026             0.00       0       1349-1350 
1    39       30003.03175.00020250699        EUR 15-SEP-2026             0.00  16-SEP-2026             0.00       3       1351-1362 
1    40       30003.03175.00020807357        EUR 15-SEP-2026             0.00  16-SEP-2026             0.00       5       1363-1385 
1    41       30003.01469.00020843989        EUR 15-SEP-2026             0.00  16-SEP-2026             0.00       127     1386-1984 
1    42       30003.01469.00020891376        EUR 15-SEP-2026             0.00  16-SEP-2026             0.00       0       1985-1986 
1    43       30003.03175.00020294630        EUR 15-SEP-2026             0.00  16-SEP-2026             0.00       0       1987-1988 
1    44       30003.02280.00025150149        EUR 15-SEP-2026             0.00  16-SEP-2026             0.00       0       1989-1990 
1    45       30003.03620.00020137285        EUR 15-SEP-2026             0.00  16-SEP-2026             0.00       0       1991-1992 
1    46       30003.01240.00020277947        EUR 15-SEP-2026             0.00  16-SEP-2026             0.00       6       1993-2019 
                        Synthèse des relevés, chargement N° 1010051                                   Date :17-SEP-2026  Page : 2

Fichier : /data/flf/files/PDBFINP1/data/in/AFB120.txt
Archivé : /data/flf/files/PDBFINP1/data/traite/AFB120.txt
Recyclé : /data/flf/files/PDBFINP1/data/log/AFB120.txt.err

Err. Relevé   Compte                         Dev Date début      Ancien solde  Date fin       Nouveau solde   Mouvements Debut-Fin
-----------------------------------------------------------------------------------------------------------------------------------
1    47       30003.03175.00020103096        EUR 15-SEP-2026             0.00  16-SEP-2026             0.00       0       2020-2021 
1    48       30003.03175.00020471485        EUR 15-SEP-2026             0.00  16-SEP-2026             0.00       0       2022-2023 
1    49       30003.01100.00020417011        EUR 15-SEP-2026             0.00  16-SEP-2026             0.00       5       2024-2045 
1    50       30003.03175.00020250681        EUR 15-SEP-2026             0.00  16-SEP-2026             0.00       13      2046-2105 
1    51       30003.03620.00020674659        EUR 15-SEP-2026             0.00  16-SEP-2026             0.00       0       2106-2107 
1    52       30003.03620.00020012645        EUR 15-SEP-2026             0.00  16-SEP-2026             0.00       0       2108-2109 
1    53       30003.03175.00020203722        EUR 15-SEP-2026             0.00  16-SEP-2026             0.00       3       2110-2124 
1    54       30003.01100.00020273851        EUR 15-SEP-2026             0.00  16-SEP-2026             0.00       0       2125-2126 
1    55       30003.03620.00020160584        EUR 15-SEP-2026             0.00  16-SEP-2026             0.00       2       2127-2135 
1    56       30003.03175.00020295249        EUR 15-SEP-2026             0.00  16-SEP-2026             0.00       3       2136-2150 
1    57       30003.01467.00020728976        EUR 15-SEP-2026             0.00  16-SEP-2026             0.00       7       2151-2185 
1    58       30003.03620.00020175756        EUR 15-SEP-2026             0.00  16-SEP-2026             0.00       0       2186-2187 
1    59       30003.01100.00020389632        EUR 15-SEP-2026             0.00  16-SEP-2026             0.00       2       2188-2191 
1    60       30003.03620.00020160626        EUR 15-SEP-2026             0.00  16-SEP-2026             0.00       0       2192-2193 
1    61       30003.03620.00020183636        EUR 15-SEP-2026             0.00  16-SEP-2026             0.00       0       2194-2195 
1    62       30003.03175.00020340490        EUR 15-SEP-2026             0.00  16-SEP-2026             0.00       3       2196-2206 
1    63       30003.03175.00020258809        EUR 15-SEP-2026             0.00  16-SEP-2026             0.00       3       2207-2219 
1    64       30003.01100.00020411105        EUR 15-SEP-2026             0.00  16-SEP-2026             0.00       2       2220-2226 
1    65       30003.01100.00020414166        EUR 15-SEP-2026             0.00  16-SEP-2026             0.00       0       2227-2228 
1    66       30003.01100.00020407558        EUR 15-SEP-2026             0.00  16-SEP-2026             0.00       0       2229-2230 
1    67       30003.03620.00020169601        EUR 15-SEP-2026             0.00  16-SEP-2026             0.00       0       2231-2232 
1    68       30003.03175.00020516081        EUR 15-SEP-2026             0.00  16-SEP-2026             0.00       2       2233-2240 
1    69       30003.03175.00020340482        EUR 15-SEP-2026             0.00  16-SEP-2026             0.00       7       2241-2270 
1    70       30003.03620.00020150197        EUR 15-SEP-2026             0.00  16-SEP-2026             0.00       0       2271-2272 
1    71       30003.03175.00020359177        EUR 15-SEP-2026             0.00  16-SEP-2026             0.00       6       2273-2302 
1    72       30003.03620.00020674626        EUR 15-SEP-2026             0.00  16-SEP-2026             0.00       0       2303-2304 
1    73       30003.02280.00025720792        EUR 15-SEP-2026             0.00  16-SEP-2026             0.00       150     2305-2979 
1    74       30003.03175.00020294374        EUR 15-SEP-2026             0.00  16-SEP-2026             0.00       0       2980-2981 
1    75       30003.01207.00020186650        EUR 15-SEP-2026             0.00  16-SEP-2026             0.00       135     2982-3558 
1    76       30003.03620.00020010565        EUR 15-SEP-2026             0.00  16-SEP-2026             0.00       2       3559-3567 
1    77       30003.03620.00020137228        EUR 15-SEP-2026             0.00  16-SEP-2026             0.00       4       3568-3580 
1    78       30003.01112.00020006513        EUR 15-SEP-2026             0.00  16-SEP-2026             0.00       0       3581-3582 
1    79       30003.03175.00020516107        EUR 15-SEP-2026             0.00  16-SEP-2026             0.00       7       3583-3615 
1    80       30003.01100.00020415601        EUR 15-SEP-2026             0.00  16-SEP-2026             0.00       0       3616-3617 
1    81       30003.03175.00020516164        EUR 15-SEP-2026             0.00  16-SEP-2026             0.00       4       3618-3635 
1    82       30003.03175.00020496425        EUR 15-SEP-2026             0.00  16-SEP-2026             0.00       2       3636-3644 
1    83       30003.03620.00020167886        EUR 15-SEP-2026             0.00  16-SEP-2026             0.00       0       3645-3646 
1    84       30003.03175.00020285109        EUR 15-SEP-2026             0.00  16-SEP-2026             0.00       0       3647-3648 
1    85       30003.03175.00020251895        EUR 15-SEP-2026             0.00  16-SEP-2026             0.00       0       3649-3650 
1    86       30003.03175.00020241573        EUR 15-SEP-2026             0.00  16-SEP-2026             0.00       6       3651-3683 
1    87       30003.01100.00020429297        EUR 15-SEP-2026             0.00  16-SEP-2026             0.00       0       3684-3685 
1    88       30003.00550.00020086607        EUR 15-SEP-2026             0.00  16-SEP-2026             0.00       4       3686-3691 
1    89       30003.01100.00020409398        EUR 15-SEP-2026             0.00  16-SEP-2026             0.00       0       3692-3693 
1    90       30003.03175.00020496391        EUR 15-SEP-2026             0.00  16-SEP-2026             0.00       2       3694-3702 
1    91       30003.00580.00020006882        EUR 15-SEP-2026             0.00  16-SEP-2026             0.00       0       3703-3704 
1    92       30003.03175.00020496581        EUR 15-SEP-2026             0.00  16-SEP-2026             0.00       0       3705-3706 
1    93       30003.03175.00020103104        EUR 15-SEP-2026             0.00  16-SEP-2026             0.00       0       3707-3708 
                        Synthèse des relevés, chargement N° 1010051                                   Date :17-SEP-2026  Page : 3

Fichier : /data/flf/files/PDBFINP1/data/in/AFB120.txt
Archivé : /data/flf/files/PDBFINP1/data/traite/AFB120.txt
Recyclé : /data/flf/files/PDBFINP1/data/log/AFB120.txt.err

Err. Relevé   Compte                         Dev Date début      Ancien solde  Date fin       Nouveau solde   Mouvements Debut-Fin
-----------------------------------------------------------------------------------------------------------------------------------
1    94       30003.01100.00020404134        EUR 15-SEP-2026             0.00  16-SEP-2026             0.00       0       3709-3710 
1    95       30003.03175.00020294614        EUR 15-SEP-2026             0.00  16-SEP-2026             0.00       2       3711-3715 
1    96       30003.03175.00020289366        EUR 15-SEP-2026             0.00  16-SEP-2026             0.00       0       3716-3717 
1    97       30003.03175.00020304173        EUR 15-SEP-2026             0.00  16-SEP-2026             0.00       2       3718-3726 
1    98       30003.01785.00025156641        EUR 15-SEP-2026             0.00  16-SEP-2026             0.00       0       3727-3728 
1    99       30003.01785.00025155114        EUR 15-SEP-2026             0.00  16-SEP-2026             0.00       110     3729-4230 
1    100      30003.03620.00020010581        EUR 15-SEP-2026             0.00  16-SEP-2026             0.00       4       4231-4244 
1    101      30003.01240.00025151626        EUR 15-SEP-2026             0.00  16-SEP-2026             0.00       2       4245-4253 
1    102      30003.01100.00020416740        EUR 15-SEP-2026             0.00  16-SEP-2026             0.00       0       4254-4255 
1    103      30003.03620.00020150163        EUR 15-SEP-2026             0.00  16-SEP-2026             0.00       7       4256-4282 
1    104      30003.03223.00020051099        EUR 15-SEP-2026             0.00  16-SEP-2026             0.00       0       4283-4284 
1    105      30003.03620.00020030530        EUR 15-SEP-2026             0.00  16-SEP-2026             0.00       0       4285-4286 
1    106      30003.03175.00020177637        EUR 15-SEP-2026             0.00  16-SEP-2026             0.00       5       4287-4307 
1    107      30003.03175.00020516180        EUR 15-SEP-2026             0.00  16-SEP-2026             0.00       4       4308-4328 
1    108      30003.03175.00020485402        EUR 15-SEP-2026             0.00  16-SEP-2026             0.00       8       4329-4365 
1    109      30003.03620.00020166755        EUR 15-SEP-2026             0.00  16-SEP-2026             0.00       0       4366-4367 
1    110      30003.03620.00020010540        EUR 15-SEP-2026             0.00  16-SEP-2026             0.00       3       4368-4378 
1    111      30003.03175.00020281801        EUR 15-SEP-2026             0.00  16-SEP-2026             0.00       3       4379-4387 
1    112      30003.01100.00020415643        EUR 15-SEP-2026             0.00  16-SEP-2026             0.00       0       4388-4389 
1    113      30003.03859.00025150453        EUR 15-SEP-2026             0.00  16-SEP-2026             0.00       0       4390-4391 
1    114      30003.01100.00020415619        EUR 15-SEP-2026             0.00  16-SEP-2026             0.00       0       4392-4393 
1    115      30003.01100.00020416815        EUR 15-SEP-2026             0.00  16-SEP-2026             0.00       0       4394-4395 
1    116      30003.03620.00020160634        EUR 15-SEP-2026             0.00  16-SEP-2026             0.00       0       4396-4397 
1    117      30003.00080.00020343254        EUR 15-SEP-2026             0.00  16-SEP-2026             0.00       249     4398-5404 
1    118      30003.01112.00020011356        EUR 15-SEP-2026             0.00  16-SEP-2026             0.00       185     5405-6202 
1    119      30003.00550.00020079388        EUR 15-SEP-2026             0.00  16-SEP-2026             0.00       4       6203-6213 
1    120      30003.03175.00020485410        EUR 15-SEP-2026             0.00  16-SEP-2026             0.00       9       6214-6250 
1    121      30003.03175.00020807423        EUR 15-SEP-2026             0.00  16-SEP-2026             0.00       0       6251-6252 
1    122      30003.01100.00020394400        EUR 15-SEP-2026             0.00  16-SEP-2026             0.00       0       6253-6254 
1    123      30003.01100.00020419371        EUR 15-SEP-2026             0.00  16-SEP-2026             0.00       9       6255-6285 
1    124      30003.03620.00020010714        EUR 15-SEP-2026             0.00  16-SEP-2026             0.00       0       6286-6287 
1    125      30003.01100.00020415510        EUR 15-SEP-2026             0.00  16-SEP-2026             0.00       0       6288-6289 
1    126      30003.01100.00020392081        EUR 15-SEP-2026             0.00  16-SEP-2026             0.00       2       6290-6298 
1    127      30003.03175.00020172778        EUR 15-SEP-2026             0.00  16-SEP-2026             0.00       3       6299-6312 
1    128      30003.03175.00020260516        EUR 15-SEP-2026             0.00  16-SEP-2026             0.00       6       6313-6335 
1    129      30003.03175.00020260458        EUR 15-SEP-2026             0.00  16-SEP-2026             0.00       0       6336-6337 
1    130      30003.03175.00020340532        EUR 15-SEP-2026             0.00  16-SEP-2026             0.00       3       6338-6352 
1    131      30003.03620.00020150098        EUR 15-SEP-2026             0.00  16-SEP-2026             0.00       4       6353-6370 
1    132      30003.03175.00020471501        EUR 15-SEP-2026             0.00  16-SEP-2026             0.00       31      6371-6544 
1    133      30003.03175.00020260524        EUR 15-SEP-2026             0.00  16-SEP-2026             0.00       2       6545-6553 
1    134      30003.03175.00020807365        EUR 15-SEP-2026             0.00  16-SEP-2026             0.00       0       6554-6555 
1    135      30003.03175.00020485428        EUR 15-SEP-2026             0.00  16-SEP-2026             0.00       2       6556-6562 
1    136      30003.01100.00020410065        EUR 15-SEP-2026             0.00  16-SEP-2026             0.00       2       6563-6570 
1    137      30003.03175.00020294648        EUR 15-SEP-2026             0.00  16-SEP-2026             0.00       0       6571-6572 
1    138      30003.03620.00020150031        EUR 15-SEP-2026             0.00  16-SEP-2026             0.00       0       6573-6574 
1    139      30003.02190.00020101501        EUR 15-SEP-2026             0.00  16-SEP-2026             0.00       0       6575-6576 
1    140      30003.03175.00020516172        EUR 15-SEP-2026             0.00  16-SEP-2026             0.00       0       6577-6578 
                        Synthèse des relevés, chargement N° 1010051                                   Date :17-SEP-2026  Page : 4

Fichier : /data/flf/files/PDBFINP1/data/in/AFB120.txt
Archivé : /data/flf/files/PDBFINP1/data/traite/AFB120.txt
Recyclé : /data/flf/files/PDBFINP1/data/log/AFB120.txt.err

Err. Relevé   Compte                         Dev Date début      Ancien solde  Date fin       Nouveau solde   Mouvements Debut-Fin
-----------------------------------------------------------------------------------------------------------------------------------
1    141      30003.01100.00020415486        EUR 15-SEP-2026             0.00  16-SEP-2026             0.00       2       6579-6586 
1    142      30003.03620.00020150106        EUR 15-SEP-2026             0.00  16-SEP-2026             0.00       0       6587-6588 
1    143      30003.02280.00025150123        EUR 15-SEP-2026             0.00  16-SEP-2026             0.00       0       6589-6590 
1    144      30003.01100.00020428349        EUR 15-SEP-2026             0.00  16-SEP-2026             0.00       2       6591-6599 
1    145      30003.01100.00020398351        EUR 15-SEP-2026             0.00  16-SEP-2026             0.00       4       6600-6618 
1    146      30003.03620.00020551055        EUR 15-SEP-2026             0.00  16-SEP-2026             0.00       0       6619-6620 
1    147      30003.04170.00029067075        EUR 15-SEP-2026             0.00  16-SEP-2026             0.00       11      6621-6663 
1    148      30003.03175.00020485436        EUR 15-SEP-2026             0.00  16-SEP-2026             0.00       0       6664-6665 
1    149      30003.03620.00020183693        EUR 15-SEP-2026             0.00  16-SEP-2026             0.00       0       6666-6667 
1    150      30003.00050.00020022020        EUR 15-SEP-2026             0.00  16-SEP-2026             0.00       2       6668-6675 
1    151      30003.03175.00020496417        EUR 15-SEP-2026             0.00  16-SEP-2026             0.00       0       6676-6677 
1    152      30003.03175.00020283401        EUR 15-SEP-2026             0.00  16-SEP-2026             0.00       2       6678-6686 
1    153      30003.01100.00020411097        EUR 15-SEP-2026             0.00  16-SEP-2026             0.00       0       6687-6688 
1    154      30003.03175.00020285125        EUR 15-SEP-2026             0.00  16-SEP-2026             0.00       3       6689-6701 
1    155      30003.03620.00020145213        EUR 15-SEP-2026             0.00  16-SEP-2026             0.00       4       6702-6715 
1    156      30003.03620.00020150189        EUR 15-SEP-2026             0.00  16-SEP-2026             0.00       0       6716-6717 
1    157      30003.03175.00020296890        EUR 15-SEP-2026             0.00  16-SEP-2026             0.00       5       6718-6733 
1    158      30003.03175.00020103112        EUR 15-SEP-2026             0.00  16-SEP-2026             0.00       2       6734-6740 
1    159      30003.03175.00020297708        EUR 15-SEP-2026             0.00  16-SEP-2026             0.00       2       6741-6749 
1    160      30003.03175.00020255979        EUR 15-SEP-2026             0.00  16-SEP-2026             0.00       0       6750-6751 
1    161      30003.03620.00020169619        EUR 15-SEP-2026             0.00  16-SEP-2026             0.00       0       6752-6753 
1    162      30003.03859.00025150347        EUR 15-SEP-2026             0.00  16-SEP-2026             0.00       133     6754-7378 
1    163      30003.03175.00020262181        EUR 15-SEP-2026             0.00  16-SEP-2026             0.00       2       7379-7387 
1    164      30003.01100.00020417243        EUR 15-SEP-2026             0.00  16-SEP-2026             0.00       2       7388-7394 
1    165      30003.03175.00020294366        EUR 15-SEP-2026             0.00  16-SEP-2026             0.00       0       7395-7396 
1    166      30003.01100.00020073640        EUR 15-SEP-2026             0.00  16-SEP-2026             0.00       0       7397-7398 
1    167      30003.03175.00020340516        EUR 15-SEP-2026             0.00  16-SEP-2026             0.00       3       7399-7414 
1    168      30003.03175.00020285000        EUR 15-SEP-2026             0.00  16-SEP-2026             0.00       2       7415-7423 
1    169      30003.03175.00020288137        EUR 15-SEP-2026             0.00  16-SEP-2026             0.00       3       7424-7439 
1    170      30003.03175.00020516115        EUR 15-SEP-2026             0.00  16-SEP-2026             0.00       0       7440-7441 
1    171      30003.03620.00020183677        EUR 15-SEP-2026             0.00  16-SEP-2026             0.00       0       7442-7443 
1    172      30003.01100.00020406238        EUR 15-SEP-2026             0.00  16-SEP-2026             0.00       0       7444-7445 
1    173      30003.03175.00020317308        EUR 15-SEP-2026             0.00  16-SEP-2026             0.00       0       7446-7447 
1    174      30003.03175.00020120439        EUR 15-SEP-2026             0.00  16-SEP-2026             0.00       3       7448-7458 
1    175      30003.03175.00020444219        EUR 15-SEP-2026             0.00  16-SEP-2026             0.00       2       7459-7467 
1    176      30003.03175.00020241599        EUR 15-SEP-2026             0.00  16-SEP-2026             0.00       2       7468-7475 
1    177      30003.03620.00020160600        EUR 15-SEP-2026             0.00  16-SEP-2026             0.00       0       7476-7477 
1    178      30003.01240.00025151519        EUR 15-SEP-2026             0.00  16-SEP-2026             0.00       0       7478-7479 
1    179      30003.02280.00025150354        EUR 15-SEP-2026             0.00  16-SEP-2026             0.00       2       7480-7488 
1    180      30003.01100.00020427820        EUR 15-SEP-2026             0.00  16-SEP-2026             0.00       4       7489-7504 
1    181      30003.01100.00020410685        EUR 15-SEP-2026             0.00  16-SEP-2026             0.00       0       7505-7506 
1    182      30003.01100.00020399698        EUR 15-SEP-2026             0.00  16-SEP-2026             0.00       22      7507-7530 
1    183      30003.03175.00020297682        EUR 15-SEP-2026             0.00  16-SEP-2026             0.00       4       7531-7550 
1    184      30003.03620.00020010680        EUR 15-SEP-2026             0.00  16-SEP-2026             0.00       0       7551-7552 
1    185      30003.01100.00020411865        EUR 15-SEP-2026             0.00  16-SEP-2026             0.00       32      7553-7713 
1    186      30003.03620.00020575849        EUR 15-SEP-2026             0.00  16-SEP-2026             0.00       6       7714-7738 
1    187      30003.03620.00020169544        EUR 15-SEP-2026             0.00  16-SEP-2026             0.00       0       7739-7740 
                        Synthèse des relevés, chargement N° 1010051                                   Date :17-SEP-2026  Page : 5

Fichier : /data/flf/files/PDBFINP1/data/in/AFB120.txt
Archivé : /data/flf/files/PDBFINP1/data/traite/AFB120.txt
Recyclé : /data/flf/files/PDBFINP1/data/log/AFB120.txt.err

Err. Relevé   Compte                         Dev Date début      Ancien solde  Date fin       Nouveau solde   Mouvements Debut-Fin
-----------------------------------------------------------------------------------------------------------------------------------
1    188      30003.01100.00020025343        EUR 15-SEP-2026             0.00  16-SEP-2026             0.00       119     7741-7914 
1    189      30003.01100.00020394897        EUR 15-SEP-2026             0.00  16-SEP-2026             0.00       2       7915-7923 
1    190      30003.01100.00020410271        EUR 15-SEP-2026             0.00  16-SEP-2026             0.00       0       7924-7925 
1    191      30003.03620.00020010573        EUR 15-SEP-2026             0.00  16-SEP-2026             0.00       0       7926-7927 
1    192      30003.03620.00020150049        EUR 15-SEP-2026             0.00  16-SEP-2026             0.00       0       7928-7929 
1    193      30003.00400.00020039818        EUR 15-SEP-2026             0.00  16-SEP-2026             0.00       6       7930-7960 
1    194      30003.03175.00020170681        EUR 15-SEP-2026             0.00  16-SEP-2026             0.00       15      7961-8032 
1    195      30003.03175.00020260581        EUR 15-SEP-2026             0.00  16-SEP-2026             0.00       0       8033-8034 
1    196      30003.03175.00020176167        EUR 15-SEP-2026             0.00  16-SEP-2026             0.00       0       8035-8036 
1    197      30003.03175.00020516156        EUR 15-SEP-2026             0.00  16-SEP-2026             0.00       0       8037-8038 
1    198      30003.03175.00020297690        EUR 15-SEP-2026             0.00  16-SEP-2026             0.00       2       8039-8047 
1    199      30003.03175.00020175144        EUR 15-SEP-2026             0.00  16-SEP-2026             0.00       23      8048-8156 
1    200      30003.03175.00020185812        EUR 15-SEP-2026             0.00  16-SEP-2026             0.00       0       8157-8158 
1    201      30003.03175.00020255524        EUR 15-SEP-2026             0.00  16-SEP-2026             0.00       0       8159-8160 
1    202      30003.03175.00020256076        EUR 15-SEP-2026             0.00  16-SEP-2026             0.00       0       8161-8162 
1    203      30003.04043.00025150149        EUR 15-SEP-2026             0.00  16-SEP-2026             0.00       5       8163-8185 
1    204      30003.02250.00020001131        EUR 15-SEP-2026             0.00  16-SEP-2026             0.00       2       8186-8194 
1    205      30003.01100.00020414331        EUR 15-SEP-2026             0.00  16-SEP-2026             0.00       5       8195-8214 
1    206      30003.03175.00020279391        EUR 15-SEP-2026             0.00  16-SEP-2026             0.00       3       8215-8227 
1    207      30003.03175.00020496565        EUR 15-SEP-2026             0.00  16-SEP-2026             0.00       0       8228-8229 
1    208      30003.01469.00020890485        EUR 15-SEP-2026             0.00  16-SEP-2026             0.00       0       8230-8231 
1    209      30003.03175.00020255516        EUR 15-SEP-2026             0.00  16-SEP-2026             0.00       0       8232-8233 
1    210      30003.03175.00020496540        EUR 15-SEP-2026             0.00  16-SEP-2026             0.00       0       8234-8235 
1    211      30003.03620.00020167191        EUR 15-SEP-2026             0.00  16-SEP-2026             0.00       7       8236-8262 
1    212      30003.03175.00020496532        EUR 15-SEP-2026             0.00  16-SEP-2026             0.00       0       8263-8264 
1    213      30003.04170.00029067232        EUR 15-SEP-2026             0.00  16-SEP-2026             0.00       5       8265-8285 
-----------------------------------------------------------------------------------------------------------------------------------
                                             Relevés chargés 0        Lignes chargées 0     
                                                     erreurs 213              erreurs 1914  
                                                     total   213              total   1914  
