Application;Group Name;Job Name;Odate;Start Time;End Time;Run Time;Status;Description;Member Name;Task Type;Deleted;Rerun Counter;Cyclic;CONTROL-M Name;Table;Run as User;Hostname;Nodegroup;Order id;
CEL-CELERIS;CELALA_J13INT_05_Q;CELALA_J13INT_05_IMP01_Q;"August 14, 2026";"August 14, 2026 1:30:11 PM";"August 14, 2026 1:30:23 PM";;Wait for Event;CELERIS Integration des factures fournisseur ALADIN;lance_Traitement_Interne.bat;Job;No;1;Yes;CTMSRV;CELALA_J13INT_05_Q;svce_cm;wdkcelp12;A_W_CEL12;3y8md
CEL-CELERIS;CELCEL_E11STP_01_Q;CELCEL_E11STP_01_ARR01_Q;"August 14, 2026";;;;Wait for Event;CELERIS: STOP IIS (Front);Start_Stop_Celeris.bat;Job;No;0;No;CTMSRV;CELCEL_E11STP_01_Q;svce_cm;A_W_CEL11;A_W_CEL11;3y958
CEL-CELERIS;CELCEL_E11STP_01_Q;CELCEL_E11STP_01_ARR02_Q;"August 14, 2026";;;;Wait for Event;CELERIS: STOP IIS (Back);Start_Stop_Celeris.bat;Job;No;0;No;CTMSRV;CELCEL_E11STP_01_Q;svce_cm;A_W_CEL12;A_W_CEL12;3y959
CEL-CELERIS;CELCEL_E11STR_02_Q;CELCEL_E11STR_02_DEM01_Q;"August 14, 2026";;;;Wait for Event;CELERIS : START IIS (Front);Start_Stop_Celeris.bat;Job;No;0;No;CTMSRV;CELCEL_E11STR_02_Q;svce_cm;A_W_CEL11;A_W_CEL11;3y8t5
CEL-CELERIS;CELCEL_E11STR_02_Q;CELCEL_E11STR_02_DEM02_Q;"August 14, 2026";;;;Wait for Event;CELERIS : START IIS (Back);Start_Stop_Celeris.bat;Job;No;0;No;CTMSRV;CELCEL_E11STR_02_Q;svce_cm;A_W_CEL12;A_W_CEL12;3y8t6
CEL-CELERIS;CELCEL_E11TEC_04_Q;CELCEL_E11TEC_04_FIN01_Q;"August 14, 2026";;;;Wait for Event;CELERIS Fin des traitements batch;;Dummy;No;0;No;CTMSRV;CELCEL_E11TEC_04_Q;svce_cm;;;3y9ns
CEL-CELERIS;CELCEL_F10TRT_04_Q;CELCEL_F10TRT_04_Q;"August 14, 2026";"August 14, 2026 1:30:11 PM";;;Executing;CELERIS : Rejeu de l'intégration des TF;;SMART Table;No;1;No;CTMSRV;CELCEL_F10TRT_04_Q;;;;3y996
CEL-CELERIS;CELCEL_F10TRT_04_Q;CELCEL_F10TRT_04_WRK01_Q;"August 14, 2026";"August 14, 2026 1:30:12 PM";"August 14, 2026 1:34:06 PM";1630;Wait for Event;CELERIS : Rejeu de l'intégration des TF;RejeuEai.bat;Job;No;1;Yes;CTMSRV;CELCEL_F10TRT_04_Q;svce_cm;wdkcelp12;A_W_CEL12;3y997
CEL-CELERIS;CELCEL_F10TRT_04_Q;CELCEL_F10TRT_04_WRK01_Q;"August 14, 2026";;;1125;Wait for Event;CELERIS : Rejeu de l'intégration des TF;RejeuEai.bat;Job;No;0;Yes;CTMSRV;CELCEL_F10TRT_04_Q;svce_cm;A_W_CEL12;A_W_CEL12;3y998
CEL-CELERIS;CELCEL_J11INT_05_Q;CELCEL_J11INT_05_LIM01_Q;"August 14, 2026";;;;Wait for Event;CELERIS : limitation horaire 21h15;;Dummy;No;0;No;CTMSRV;CELCEL_J11INT_05_Q;DUMMYUSR;;;3y838
CEL-CELERIS;CELCEL_J11INT_05_Q;CELCEL_J11INT_05_MOV01_Q;"August 14, 2026";;;;Wait for Event;CELERIS : Copie Factures dematerialisees sur CELERIS depuis PFE;MOV_Generique_DKA.bat;Job;No;0;No;CTMSRV;CELCEL_J11INT_05_Q;svce_cm;A_W_CEL12;A_W_CEL12;3y835
CEL-CELERIS;CELCEL_J11INT_05_Q;CELCEL_J11INT_05_WRK01_Q;"August 14, 2026";;;;Wait for Event;CELERIS : integration facture dematerialisees;lance_Traitement_Interne.bat;Job;No;0;No;CTMSRV;CELCEL_J11INT_05_Q;svce_cm;A_W_CEL12;A_W_CEL12;3y837
CEL-CELERIS;CELCEL_J11INT_05_Q;CELCEL_J11INT_05_ZIP01_Q;"August 14, 2026";;;;Wait for Event;CELERIS : Decompression facture dematerialisees;DZIP_ARC_CEL_V2.bat;Job;No;0;No;CTMSRV;CELCEL_J11INT_05_Q;svce_cm;A_W_CEL12;A_W_CEL12;3y836
CEL-CELERIS;CELCEL_J11TRT_04_Q;CELCEL_J11TRT_04_WRK01_Q;"August 14, 2026";;;;Wait for Event;CELERIS Basculement de cycle des factures;lance_Traitement_Interne.bat;Job;No;0;No;CTMSRV;CELCEL_J11TRT_04_Q;svce_cm;A_W_CEL12;A_W_CEL12;3y87w
CEL-CELERIS;CELCEL_J12TRT_04_Q;CELCEL_J12TRT_04_CAL01_Q;"August 14, 2026";;;;Wait for Event;CELERIS Calcul des factures;lance_Traitement_Interne.bat;Job;No;0;No;CTMSRV;CELCEL_J12TRT_04_Q;svce_cm;A_W_CEL12;A_W_CEL12;3y8bx
CEL-CELERIS;CELCEL_J13TRT_04_Q;CELCEL_J13TRT_04_WRK01_Q;"August 14, 2026";;;;Wait for Event;CELERIS Prolongation des contrats;lance_Traitement_Interne.bat;Job;No;0;No;CTMSRV;CELCEL_J13TRT_04_Q;svce_cm;A_W_CEL12;A_W_CEL12;3y7ns
CEL-CELERIS;CELCEL_J14TRT_04_Q;CELCEL_J14TRT_04_WRK01_Q;"August 14, 2026";;;;Wait for Event;CELERIS Mise a jour des compteurs;lance_Traitement_Interne.bat;Job;No;0;No;CTMSRV;CELCEL_J14TRT_04_Q;svce_cm;A_W_CEL13;A_W_CEL13;3y8bo
CEL-CELERIS;CELCEL_J15TRT_04_Q;CELCEL_J15TRT_04_WRK01_Q;"August 14, 2026";;;;Wait for Event;CELERIS Traitement des cycles facture;lance_Traitement_Interne.bat;Job;No;0;No;CTMSRV;CELCEL_J15TRT_04_Q;svce_cm;A_W_CEL12;A_W_CEL12;3y9el
CEL-CELERIS;CELCEL_J17TRT_04_Q;CELCEL_J17TRT_04_WRK01_Q;"August 14, 2026";;;;Wait for Event;CELERIS - EndNuitApplicative;EndNuitApplicative.bat;Job;No;0;No;CTMSRV;CELCEL_J17TRT_04_Q;svce_cm;A_W_CEL12;A_W_CEL12;3y85a
CEL-CELERIS;CELCID_J11GEN_06_Q;CELCID_J11GEN_06_EXP01_Q;"August 14, 2026";;;;Wait for Event;Génération du fichier de refacturation (CEL01_SRC_ERF_*);ExportRefacturationCelCid.bat;Job;No;0;No;CTMSRV;CELCID_J11GEN_06_Q;svce_cm;A_W_CEL12;A_W_CEL12;3y8yk
CEL-CELERIS;CELCID_J11GEN_06_Q;CELCID_J11GEN_06_MOV01_Q;"August 14, 2026";;;;Wait for Event;CELERIS : Déplacement du fichier de refacturation vers la PFE;MOV_Generique_DKA.bat;Job;No;0;No;CTMSRV;CELCID_J11GEN_06_Q;svce_cm;A_W_CEL12;A_W_CEL12;3y8yl
CEL-CELERIS;CELCID_J11GEN_06_Q;CELCID_J11GEN_06_Q;"August 14, 2026";"August 14, 2026 1:30:11 PM";;;Executing;Génération et déplacement du fichier de refacturation;;SMART Table;No;1;No;CTMSRV;CELCID_J11GEN_06_Q;;;;3y8yj
CEL-CELERIS;CELCID_J11INT_05_Q;CELCID_J11INT_05_IMP01_Q;"August 14, 2026";;;2310;Wait for Event;CELERIS Integration des donnees du fichier du referentiel partage CID;lance_Traitement_Interne.bat;Job;No;0;No;CTMSRV;CELCID_J11INT_05_Q;svce_cm;A_W_CEL12;A_W_CEL12;3y9dk
CEL-CELERIS;CELCID_J11INT_05_Q;CELCID_J11INT_05_LIM01_Q;"August 14, 2026";;;;Wait for Event;CELERIS Limite horaire Integration des donnees du fichier du referentiel partage CID;;Dummy;No;0;No;CTMSRV;CELCID_J11INT_05_Q;svce_cm;A_W_CEL12;A_W_CEL12;3y9dl
CEL-CELERIS;CELCID_J12INT_05_Q;CELCID_J12INT_05_IMP01_Q;"August 14, 2026";;;2250;Wait for Event;CELERIS Integration des liens PCECompteurs en provenance de CID;lance_Traitement_Interne.bat;Job;No;0;No;CTMSRV;CELCID_J12INT_05_Q;svce_cm;A_W_CEL12;A_W_CEL12;3y924
CEL-CELERIS;CELCID_J12INT_05_Q;CELCID_J12INT_05_LIM01_Q;"August 14, 2026";;;;Wait for Event;CELERIS Limite horaire Integration des liens PCECompteurs en provenance de CID;;Dummy;No;0;No;CTMSRV;CELCID_J12INT_05_Q;svce_cm;A_W_CEL12;A_W_CEL12;3y925
CEL-CELERIS;CELCRT_J11INT_05_Q;CELCRT_J11INT_05_IMP01_Q;"August 14, 2026";;;0000;Wait for Event;CELERIS Integration des donnees du fichier des releves compteur CRT;lance_Traitement_Interne.bat;Job;No;0;No;CTMSRV;CELCRT_J11INT_05_Q;svce_cm;A_W_CEL13;A_W_CEL13;3y8pg
CEL-CELERIS;CELCRT_J11INT_05_Q;CELCRT_J11INT_05_LIM01_Q;"August 14, 2026";;;;Wait for Event;CELERIS Limite horaire Integration des donnees du fichier des releves compteur CRT;;Dummy;No;0;No;CTMSRV;CELCRT_J11INT_05_Q;svce_cm;A_W_CEL13;A_W_CEL13;3y8ph
CEL-CELERIS;CELNRJ_J11GEN_06_Q;CELNRJ_J11GEN_06_EXP01_Q;"August 14, 2026";;;;Wait for Event;CELERIS Export des liens PTA PCS;lance_Traitement_Interne.bat;Job;No;0;No;CTMSRV;CELNRJ_J11GEN_06_Q;svce_cm;A_W_CEL12;A_W_CEL12;3y86n
CEL-CELERIS;CELNRJ_J16INT_05_Q;CELNRJ_J16INT_05_FW01_Q;"August 14, 2026";;;;Wait for Event;CELERIS : Scrutation du fichier PATRIMOINEENERGY_*.xml de la PFE au serveur CELERIS;FileWatcher.bat;Job;No;0;No;CTMSRV;CELNRJ_J16INT_05_Q;svce_cm;A_W_CEL13;A_W_CEL13;3y9h4
CEL-CELERIS;CELNRJ_J16INT_05_Q;CELNRJ_J16INT_05_FW02_Q;"August 14, 2026";;;;Wait for Event;CELERIS : Scrutation du fichier PATRIMOINEENERGY_*.xml  de la PFE au serveur CELERIS;FileWatcher.bat;Job;No;0;No;CTMSRV;CELNRJ_J16INT_05_Q;svce_cm;A_W_CEL13;A_W_CEL13;3y9h7
CEL-CELERIS;CELNRJ_J16INT_05_Q;CELNRJ_J16INT_05_FW03_Q;"August 14, 2026";;;;Wait for Event;CELERIS : Scrutation du fichier EVENEMENTSENERGY_*.xml de la PFE au serveur CELERIS;FileWatcher.bat;Job;No;0;No;CTMSRV;CELNRJ_J16INT_05_Q;svce_cm;A_W_CEL13;A_W_CEL13;3y9h6
CEL-CELERIS;CELNRJ_J16INT_05_Q;CELNRJ_J16INT_05_FW04_Q;"August 14, 2026";;;;Wait for Event;CELERIS : Scrutation du fichier EVENEMENTSENERGY_*.xml de la PFE au serveur CELERIS;FileWatcher.bat;Job;No;0;No;CTMSRV;CELNRJ_J16INT_05_Q;svce_cm;A_W_CEL13;A_W_CEL13;3y9h5
CEL-CELERIS;CELNRJ_J16INT_05_Q;CELNRJ_J16INT_05_IMP01_Q;"August 14, 2026";;;;Wait for Event;CELERIS : Intégration du fichier PATRIMOINEENERGY dans CELERIS;lance_Traitement_Interne.bat;Job;No;0;No;CTMSRV;CELNRJ_J16INT_05_Q;svce_cm;A_W_CEL13;A_W_CEL13;3y9h0
CEL-CELERIS;CELNRJ_J16INT_05_Q;CELNRJ_J16INT_05_IMP02_Q;"August 14, 2026";;;;Wait for Event;CELERIS : Intégration du fichier EVENEMENTSENERGY dans CELERIS;lance_Traitement_Interne.bat;Job;No;0;No;CTMSRV;CELNRJ_J16INT_05_Q;svce_cm;A_W_CEL13;A_W_CEL13;3y9h3
CEL-CELERIS;CELNRJ_J16INT_05_Q;CELNRJ_J16INT_05_MOV01_Q;"August 14, 2026";;;;Wait for Event;CELERIS : Deplacement du fichier PATRIMOINEENERGY_*.xml depuis le NAS EDF;MOV_Multi_Generique_DKA.bat;Job;No;0;No;CTMSRV;CELNRJ_J16INT_05_Q;svce_cm;A_W_CEL13;A_W_CEL13;3y9h1
CEL-CELERIS;CELNRJ_J16INT_05_Q;CELNRJ_J16INT_05_MOV02_Q;"August 14, 2026";;;;Wait for Event;CELERIS : Deplacement du fichier EVENEMENTSENERGY_*.xml depuis le NAS EDF;MOV_Multi_Generique_DKA.bat;Job;No;0;No;CTMSRV;CELNRJ_J16INT_05_Q;svce_cm;A_W_CEL13;A_W_CEL13;3y9h2
CEL-CELERIS;CELNRJ_J16INT_05_Q;CELNRJ_J16INT_05_Q;"August 14, 2026";;;;Wait for Event;SEE CEL01: Gestion des flux PATRIMOINEENERGY et EVENEMENTSENERGY;;SMART Table;No;0;No;CTMSRV;CELNRJ_J16INT_05_Q;;;;3y9gz
CEL-CELERIS;CELOAF_J11GEN_06_Q;CELOAF_J11GEN_06_EXP01_Q;"August 14, 2026";;;;Wait for Event;CELERIS Export des ecritures comptables AP et GL;lance_Traitement_Interne.bat;Job;No;0;No;CTMSRV;CELOAF_J11GEN_06_Q;svce_cm;A_W_CEL12;A_W_CEL12;3y9y7
CEL-CELERIS;CELOAF_J11GEN_06_Q;CELOAF_J11GEN_06_MOV01_Q;"August 14, 2026";;;;Wait for Event;CELERIS : Deplacement des fichiers donnees Ecritures AP vers EAI;MOV_Generique_DKA.bat;Job;No;0;No;CTMSRV;CELOAF_J11GEN_06_Q;svce_cm;A_W_CEL12;A_W_CEL12;3y9y8
CEL-CELERIS;CELOAF_J11GEN_06_Q;CELOAF_J11GEN_06_MOV02_Q;"August 14, 2026";;;;Wait for Event;CELERIS : Deplacement des fichiers controle Ecritures AP vers EAI;MOV_Generique_DKA.bat;Job;No;0;No;CTMSRV;CELOAF_J11GEN_06_Q;svce_cm;A_W_CEL12;A_W_CEL12;3y9y9
CEL-CELERIS;CELOAF_J12INT_05_Q;CELOAF_J12INT_05_IMP01_Q;"August 14, 2026";;;0000;Wait for Event;CELERIS Integration des donnees du fichier des fournisseurs;lance_Traitement_Interne.bat;Job;No;0;No;CTMSRV;CELOAF_J12INT_05_Q;svce_cm;A_W_CEL13;A_W_CEL13;3y7r4
CEL-CELERIS;CELOAF_J12INT_05_Q;CELOAF_J12INT_05_LIM01_Q;"August 14, 2026";;;;Wait for Event;CELERIS Limite horaire Integration des donnees du fichier des fournisseurs;;Dummy;No;0;No;CTMSRV;CELOAF_J12INT_05_Q;svce_cm;A_W_CEL12;A_W_CEL12;3y7r5
CEL-CELERIS;CELOAF_J12INT_05_Q;CELOAF_J12INT_05_MOV01_Q;"August 14, 2026";;;;Wait for Event;CELERIS : Deplacement du fichier fournisseur de l'EAI vers repertoire donnees entrantes;MOV_Generique_DKA.bat;Job;No;0;No;CTMSRV;CELOAF_J12INT_05_Q;svce_cm;A_W_CEL13;A_W_CEL13;3y7r6
CEL-CELERIS;CELXXX_J11GEN_06_Q;CELXXX_J11GEN_06_MOV01_Q;"August 14, 2026";;;;Wait for Event;CELERIS : Deplacement dU fichier ALADIN vers PFE;MOV_Generique_DKA.bat;Job;No;0;No;CTMSRV;CELXXX_J11GEN_06_Q;svce_cm;A_W_CEL12;A_W_CEL12;3y9bb
CEL-CELERIS;CELXXX_J11GEN_06_Q;CELXXX_J11GEN_06_Q;"August 14, 2026";"August 14, 2026 1:30:11 PM";;;Executing;;;SMART Table;No;1;No;CTMSRV;CELXXX_J11GEN_06_Q;;;;3y9b9
CEL-CELERIS;CELXXX_J11GEN_06_Q;CELXXX_J11GEN_06_ZIP01_Q;"August 14, 2026";;;;Wait for Event;compression des fichiers TIF et PDF dans aladin-tif.zip;ZIP_ALA_FACT.bat;Job;No;0;No;CTMSRV;CELXXX_J11GEN_06_Q;svce_cm;A_W_CEL12;A_W_CEL12;3y9ba
CID-CONTRACTUAL INVO;CIDCEL_F11GEN_06_Q;CIDCEL_F11GEN_06_EXP01_Q;"August 14, 2026";;;;Wait for Event;CID Export donnees du referentiel partage CID vers CELERIS;lance_Traitement_Interne.bat;Job;No;0;No;CTMSRV;CIDCEL_F11GEN_06_Q;svce_cm;A_W_CID12;A_W_CID12;3y9jp
CID-CONTRACTUAL INVO;CIDCEL_F11GEN_06_Q;CIDCEL_F11GEN_06_MOV01_Q;"August 14, 2026";;;;Wait for Event;Move du fichier depuis le repertoire CID vers PFE;MOVE_IN_TO_OUT.bat;Job;No;0;No;CTMSRV;CIDCEL_F11GEN_06_Q;svce_cm;A_W_CID12;A_W_CID12;3y9jq
CID-CONTRACTUAL INVO;CIDCEL_F11INT_05_Q;CIDCEL_F11INT_05_INT01_Q;"August 14, 2026";;;;Wait for Event;CONTRACTUAL INVO : Intégration du fichier de refacturation;ImportRefacturationCelCid.bat;Job;No;0;No;CTMSRV;CIDCEL_F11INT_05_Q;svce_cm;A_W_CID12;A_W_CID12;3y80c
CID-CONTRACTUAL INVO;CIDCEL_F11INT_05_Q;CIDCEL_F11INT_05_MOV01_Q;"August 14, 2026";;;;Wait for Event;CID : Déplacement du fichier de refacturation : PFE > CID;MOV_Generique_DKA.bat;Job;No;0;No;CTMSRV;CIDCEL_F11INT_05_Q;svce_cm;A_W_CID12;A_W_CID12;3y80d
CID-CONTRACTUAL INVO;CIDCEL_F11INT_05_Q;CIDCEL_F11INT_05_Q;"August 14, 2026";"August 14, 2026 1:30:10 PM";;;Executing;Déplacement du fichier de refacturation vers CID;;SMART Table;No;1;No;CTMSRV;CIDCEL_F11INT_05_Q;;;;3y80b
CID-CONTRACTUAL INVO;CIDCEL_J11GEN_06_Q;CIDCEL_J11GEN_06_EXP01_Q;"August 14, 2026";;;;Wait for Event;CID Generation du fichier PCE Compteur vers CELERIS;lance_Traitement_Interne.bat;Job;No;0;No;CTMSRV;CIDCEL_J11GEN_06_Q;svce_cm;A_W_CID12;A_W_CID12;3y86h
CID-CONTRACTUAL INVO;CIDCEL_J11GEN_06_Q;CIDCEL_J11GEN_06_MOV01_Q;"August 14, 2026";;;;Wait for Event;CID Deplacement du fichier PCECompteur vers PFE;MOVE_IN_TO_OUT.bat;Job;No;0;No;CTMSRV;CIDCEL_J11GEN_06_Q;svce_cm;A_W_CID12;A_W_CID12;3y86i
CID-CONTRACTUAL INVO;CIDCID_E11STP_01_Q;CIDCID_E11STP_01_ATP01_Q;"August 14, 2026";;;;Wait for Event;Arret de l'application CID sur WDKCIDP11;start_stop_appli_CID.bat;Job;No;0;No;CTMSRV;CIDCID_E11STP_01_Q;svce_cm;A_W_CID11;A_W_CID11;3y9a8
CID-CONTRACTUAL INVO;CIDCID_E11STR_02_Q;CIDCID_E11STR_02_DTP01_Q;"August 14, 2026";;;;Wait for Event;Demarrage de l'application CID sur WDKCIDP11;start_stop_appli_CID.bat;Job;No;0;No;CTMSRV;CIDCID_E11STR_02_Q;svce_cm;A_W_CID11;A_W_CID11;3y9xg
CID-CONTRACTUAL INVO;CIDCID_F11TEC_04_Q;CIDCID_F11TEC_04_DEB01_Q;"August 14, 2026";;;;Wait for Event;Jalon de demarrage de la production CID;CID_PROD_START_ALL_001J;Dummy;No;0;No;CTMSRV;CIDCID_F11TEC_04_Q;svce_cm;;;3y91v
CID-CONTRACTUAL INVO;CIDCID_F11TEC_04_Q;CIDCID_F11TEC_04_FIN99_Q;"August 14, 2026";;;;Wait for Event;Jalon de fin de la production CID;CID_PROD_END_ALL_001J;Dummy;No;0;No;CTMSRV;CIDCID_F11TEC_04_Q;svce_cm;;;3y91u
CID-CONTRACTUAL INVO;CIDCID_F11TEC_04_Q;CIDCID_F11TEC_04_FJA97_Q;"August 14, 2026";;;;Wait for Event;G1 G2 G3  fin des interfaces ENTRANTES;CIDFIN_INT_ENTRANT;Dummy;No;0;No;CTMSRV;CIDCID_F11TEC_04_Q;svce_cm;A_W_CID13;A_W_CID13;3y91x
CID-CONTRACTUAL INVO;CIDCID_F11TEC_04_Q;CIDCID_F11TEC_04_FJA98_Q;"August 14, 2026";;;;Wait for Event;G5 fin des traitements INTERNE;FIN_TRT_INTERNE;Dummy;No;0;No;CTMSRV;CIDCID_F11TEC_04_Q;svce_cm;A_W_CID13;A_W_CID13;3y91z
CID-CONTRACTUAL INVO;CIDCID_F11TEC_04_Q;CIDCID_F11TEC_04_FJA99_Q;"August 14, 2026";;;;Wait for Event;G4 G6 G8 G9 fin des interfaces SORTANTES;CIDFIN_INT_SORTANT;Dummy;No;0;No;CTMSRV;CIDCID_F11TEC_04_Q;svce_cm;A_W_CID13;A_W_CID13;3y91y
CID-CONTRACTUAL INVO;CIDCID_F11TEC_04_Q;CIDCID_F11TEC_04_SC001_Q;"August 14, 2026";;;;Wait for Event;"CID ; TEST PRESENCE COND SC_WCID107_OK";SC_WCID107_OK;Dummy;No;0;No;CTMSRV;CIDCID_F11TEC_04_Q;root;;;3y91w
CID-CONTRACTUAL INVO;CIDCID_F12TRT_04_Q;CIDCID_F12TRT_04_CAL01_Q;"August 14, 2026";;;;Wait for Event;G5 calcul type affiné;lance_Traitement_Interne.bat;Job;No;0;No;CTMSRV;CIDCID_F12TRT_04_Q;svce_cm;A_W_CID12;A_W_CID12;3y9nn
CID-CONTRACTUAL INVO;CIDCID_F13TRT_04_Q;CIDCID_F13TRT_04_WRK01_Q;"August 14, 2026";;;;Wait for Event;G5 raj et substitution indices;lance_Traitement_Interne.bat;Job;No;0;No;CTMSRV;CIDCID_F13TRT_04_Q;svce_cm;A_W_CID12;A_W_CID12;3y7w6
CID-CONTRACTUAL INVO;CIDCID_F14TRT_04_Q;CIDCID_F14TRT_04_CAL01_Q;"August 14, 2026";;;;Wait for Event;G5  calcul des factures regie Negoces;lance_Traitement_Interne.bat;Job;No;0;No;CTMSRV;CIDCID_F14TRT_04_Q;svce_cm;A_W_CID12;A_W_CID12;3y7zg
CID-CONTRACTUAL INVO;CIDCID_F14TRT_04_Q;CIDCID_F14TRT_04_Q;"August 14, 2026";"August 14, 2026 1:30:11 PM";;;Executing;;;SMART Table;No;1;No;CTMSRV;CIDCID_F14TRT_04_Q;;;;3y7zf
CID-CONTRACTUAL INVO;CIDCID_F15TRT_04_Q;CIDCID_F15TRT_04_CAL01_Q;"August 14, 2026";;;;Wait for Event;G5 calcul des factures;lance_Traitement_Interne.bat;Job;No;0;No;CTMSRV;CIDCID_F15TRT_04_Q;svce_cm;A_W_CID12;A_W_CID12;3y94d
CID-CONTRACTUAL INVO;CIDCID_F15TRT_04_Q;CIDCID_F15TRT_04_CAL02_Q;"August 14, 2026";;;;Wait for Event;G5 calcul facture individuel;lance_Traitement_Interne.bat;Job;No;0;No;CTMSRV;CIDCID_F15TRT_04_Q;svce_cm;A_W_CID12;A_W_CID12;3y94e
CID-CONTRACTUAL INVO;CIDCID_F15TRT_04_Q;CIDCID_F15TRT_04_CAL03_Q;"August 14, 2026";;;;Wait for Event;G5 calcul des factures specifique;CalculFactureSpecifique.bat;Job;No;0;No;CTMSRV;CIDCID_F15TRT_04_Q;svce_cm;A_W_CID12;A_W_CID12;3y94f
CID-CONTRACTUAL INVO;CIDCID_F18TRT_04_Q;CIDCID_F18TRT_04_WRK01_Q;"August 14, 2026";;;;Wait for Event;G5 Relance Instance;lance_Traitement_Interne.bat;Job;No;0;No;CTMSRV;CIDCID_F18TRT_04_Q;svce_cm;A_W_CID12;A_W_CID12;3y8uh
CID-CONTRACTUAL INVO;CIDCID_F19TRT_04_H;CIDCID_F19TRT_04_WRK01_H;"August 14, 2026";;;;Wait for Event;G5 proposition de relance;lance_Traitement_Interne.bat;Job;No;0;No;CTMSRV;CIDCID_F19TRT_04_H;svce_cm;A_W_CID12;A_W_CID12;3y9ye
CID-CONTRACTUAL INVO;CIDCID_F19TRT_04_Q;CIDCID_F19TRT_04_WRK01_Q;"August 14, 2026";;;;Wait for Event;CID Reinitialise les donnees de la nuit applicative precedente;lance_Traitement_Interne.bat;Job;No;0;No;CTMSRV;CIDCID_F19TRT_04_Q;svce_cm;A_W_CID12;A_W_CID12;3y7po
CID-CONTRACTUAL INVO;CIDCID_F20TRT_04_Q;CIDCID_F20TRT_04_WRK01_Q;"August 14, 2026";"August 14, 2026 1:30:11 PM";"August 14, 2026 1:30:51 PM";1812;Wait for Event;CID batch rejeu;RejeuEai.bat;Job;No;1;Yes;CTMSRV;CIDCID_F20TRT_04_Q;svce_cm;wdkcidp12;A_W_CID12;3y8gk
CID-CONTRACTUAL INVO;CIDCID_F21TRT_04_H;CIDCID_F21TRT_04_CAL01_H;"August 14, 2026";;;;Wait for Event;CID ::Calculer Simu Effet Prix;CalculerSimuEffetPrix.bat;Job;No;0;No;CTMSRV;CIDCID_F21TRT_04_H;svce_cm;A_W_CID12;A_W_CID12;3ya06
CID-CONTRACTUAL INVO;CIDCID_F21TRT_04_H;CIDCID_F21TRT_04_EXT01_H;"August 14, 2026";;;;Wait for Event;CID ::extraction Simu Effet Prix;ExtractionSimuEffetPrix.bat;Job;No;0;No;CTMSRV;CIDCID_F21TRT_04_H;svce_cm;A_W_CID12;A_W_CID12;3ya05
CID-CONTRACTUAL INVO;CIDCID_F21TRT_04_H;CIDCID_F21TRT_04_H;"August 14, 2026";"August 14, 2026 1:30:12 PM";;;Executing;CID ::Simu Effet Prix;;SMART Table;No;1;No;CTMSRV;CIDCID_F21TRT_04_H;;;;3ya04
CID-CONTRACTUAL INVO;CIDCID_F21TRT_04_Q;CIDCID_F21TRT_04_CAL01_Q;"August 14, 2026";;;;Wait for Event;CID : Calcul Vente Forfaitaire;lance_Traitement_Interne.bat;Job;No;0;No;CTMSRV;CIDCID_F21TRT_04_Q;svce_cm;A_W_CID12;A_W_CID12;3y89n
CID-CONTRACTUAL INVO;CIDCID_F21TRT_04_Q;CIDCID_F21TRT_04_Q;"August 14, 2026";"August 14, 2026 1:30:11 PM";;;Executing;;;SMART Table;No;1;No;CTMSRV;CIDCID_F21TRT_04_Q;;;;3y89m
CID-CONTRACTUAL INVO;CIDCID_F23TRT_04_Q;CIDCID_F23TRT_04_CAL01_Q;"August 14, 2026";;;;Wait for Event;RECALCUL DES DATES CIBLE;RecalculDateCible.bat;Job;No;0;No;CTMSRV;CIDCID_F23TRT_04_Q;svce_cm;A_W_CID12;A_W_CID12;3y9r6
CID-CONTRACTUAL INVO;CIDCID_J11TRT_04_Q;CIDCID_J11TRT_04_Q;"August 14, 2026";"August 14, 2026 1:30:11 PM";;;Executing;Traitement Indexation Meilisearch;;SMART Table;No;1;No;CTMSRV;CIDCID_J11TRT_04_Q;;;;3y990
CID-CONTRACTUAL INVO;CIDCID_J11TRT_04_Q;CIDCID_J11TRT_04_WRK01_Q;"August 14, 2026";;;;Wait for Event;Traitement Indexation Meilisearch;IndexationMeilisearch.bat;Job;No;0;No;CTMSRV;CIDCID_J11TRT_04_Q;svce_cm;A_W_CID12;A_W_CID12;3y991
CID-CONTRACTUAL INVO;CIDCID_K12SVG_03_Q;CIDCID_K12SVG_03_FWT01_Q;"August 14, 2026";;;;Wait for Event;Controle dump log apres 20h sur wdkcidp03;test_fin_dump.bat;Dummy;No;0;No;CTMSRV;CIDCID_K12SVG_03_Q;svce_cm;NOTEXIST;NOTEXIST;3y9p7
CID-CONTRACTUAL INVO;CIDCID_K12SVG_03_Q;CIDCID_K12SVG_03_FWT02_Q;"August 14, 2026";;;;Wait for Event;Controle dump log apres 04h sur wdkcidp03;test_fin_dump.bat;Dummy;No;0;No;CTMSRV;CIDCID_K12SVG_03_Q;svce_cm;NOTEXIST;NOTEXIST;3y9p6
CID-CONTRACTUAL INVO;CIDCID_K12SVG_03_Q;CIDCID_K12SVG_03_NBU01_Q;"August 14, 2026";;;;Wait for Event;Sauvegarde Incremental NBU du serveur WDKCIDP01;NetbackupRemoteCtm_Incr.ksh;Dummy;No;0;No;CTMSRV;CIDCID_K12SVG_03_Q;root;NOTEXIST;NOTEXIST;3y9p8
CID-CONTRACTUAL INVO;CIDCID_K12SVG_03_Q;CIDCID_K12SVG_03_NBU02_Q;"August 14, 2026";;;;Wait for Event;Sauvegarde Incremental NBU du serveur WDKCIDP02;NetbackupRemoteCtm_Incr.ksh;Dummy;No;0;No;CTMSRV;CIDCID_K12SVG_03_Q;root;NOTEXIST;NOTEXIST;3y9p9
CID-CONTRACTUAL INVO;CIDCID_K12SVG_03_Q;CIDCID_K12SVG_03_NBU03_Q;"August 14, 2026";;;;Wait for Event;Sauvegarde Incremental NBU du serveur WDKCIDP03;NetbackupRemoteCtm_Incr.ksh;Dummy;No;0;No;CTMSRV;CIDCID_K12SVG_03_Q;root;NOTEXIST;NOTEXIST;3y9pa
CID-CONTRACTUAL INVO;CIDDTR_F11GEN_06_Q;CIDDTR_F11GEN_06_EXP01_Q;"August 14, 2026";;;;Wait for Event;Genration fichier DTR_CONTRAT;Lance_INTERFACE.bat;Job;No;0;No;CTMSRV;CIDDTR_F11GEN_06_Q;svce_cm;A_W_CID13;A_W_CID13;3y9n9
CID-CONTRACTUAL INVO;CIDDTR_F11GEN_06_Q;CIDDTR_F11GEN_06_EXP02_Q;"August 14, 2026";;;;Wait for Event;Generation du fichier DTR_SLP_VPR;Lance_INTERFACE.bat;Job;No;0;No;CTMSRV;CIDDTR_F11GEN_06_Q;svce_cm;A_W_CID13;A_W_CID13;3y9na
CID-CONTRACTUAL INVO;CIDDTR_F11GEN_06_Q;CIDDTR_F11GEN_06_EXP03_Q;"August 14, 2026";;;;Wait for Event;Generation fichier DTR_SLP_ATT;Lance_INTERFACE.bat;Job;No;0;No;CTMSRV;CIDDTR_F11GEN_06_Q;svce_cm;A_W_CID13;A_W_CID13;3y9nb
CID-CONTRACTUAL INVO;CIDDTR_F11GEN_06_Q;CIDDTR_F11GEN_06_EXP04_Q;"August 14, 2026";;;;Wait for Event;Generation fichier DTR_SLP_IMP;Lance_INTERFACE.bat;Job;No;0;No;CTMSRV;CIDDTR_F11GEN_06_Q;svce_cm;A_W_CID13;A_W_CID13;3y9nc
CID-CONTRACTUAL INVO;CIDDTR_F11GEN_06_Q;CIDDTR_F11GEN_06_EXP05_Q;"August 14, 2026";;;;Wait for Event;Generation fichier DTR_SLP_DT;Lance_INTERFACE.bat;Job;No;0;No;CTMSRV;CIDDTR_F11GEN_06_Q;svce_cm;A_W_CID13;A_W_CID13;3y9nd
CID-CONTRACTUAL INVO;CIDDTR_F11GEN_06_Q;CIDDTR_F11GEN_06_EXP06_Q;"August 14, 2026";;;;Wait for Event;Generation fichier DTR_SLP_DR;Lance_INTERFACE.bat;Job;No;0;No;CTMSRV;CIDDTR_F11GEN_06_Q;svce_cm;A_W_CID13;A_W_CID13;3y9ne
CID-CONTRACTUAL INVO;CIDDTR_F11GEN_06_Q;CIDDTR_F11GEN_06_EXP07_Q;"August 14, 2026";;;;Wait for Event;Generation fichier DTR_SLP_DA;Lance_INTERFACE.bat;Job;No;0;No;CTMSRV;CIDDTR_F11GEN_06_Q;svce_cm;A_W_CID13;A_W_CID13;3y9nf
CID-CONTRACTUAL INVO;CIDDTR_F11GEN_06_Q;CIDDTR_F11GEN_06_EXP08_Q;"August 14, 2026";;;;Wait for Event;Generation fichier DTR_SLP_RFAC;Lance_INTERFACE.bat;Job;No;0;No;CTMSRV;CIDDTR_F11GEN_06_Q;svce_cm;A_W_CID13;A_W_CID13;3y9ng
CID-CONTRACTUAL INVO;CIDDTR_F11GEN_06_Q;CIDDTR_F11GEN_06_EXP09_Q;"August 14, 2026";;;;Wait for Event;Generation fichier DTR_COEF_BLOQUE;Lance_INTERFACE.bat;Job;No;0;No;CTMSRV;CIDDTR_F11GEN_06_Q;svce_cm;A_W_CID13;A_W_CID13;3y9nh
CID-CONTRACTUAL INVO;CIDDTR_F11GEN_06_Q;CIDDTR_F11GEN_06_EXP10_Q;"August 14, 2026";;;;Wait for Event;Generation fichier DTR_VIN;Lance_INTERFACE.bat;Job;No;0;No;CTMSRV;CIDDTR_F11GEN_06_Q;svce_cm;A_W_CID13;A_W_CID13;3y9ni
CID-CONTRACTUAL INVO;CIDECO_F11INT_05_Q;CIDECO_F11INT_05_LIM01_Q;"August 14, 2026";;;;Wait for Event;limite horaire 00H00 CID si pb A00ON  ECO;W512_LIMITCID0200;Dummy;No;0;No;CTMSRV;CIDECO_F11INT_05_Q;root;;;3y7nj
CID-CONTRACTUAL INVO;CIDEXT_F11GEN_06_Q;CIDEXT_F11GEN_06_EXP01_Q;"August 14, 2026";;;;Wait for Event;Prélèvement vers Next;Lance_INTERFACE.bat;Job;No;0;No;CTMSRV;CIDEXT_F11GEN_06_Q;svce_cm;A_W_CID13;A_W_CID13;3y7n7
CID-CONTRACTUAL INVO;CIDEXT_F11GEN_06_Q;CIDEXT_F11GEN_06_Q;"August 14, 2026";"August 14, 2026 1:30:12 PM";;;Executing;;;SMART Table;No;1;No;CTMSRV;CIDEXT_F11GEN_06_Q;;;;3y7n6
CID-CONTRACTUAL INVO;CIDEXT_F12FLX_07_Q;CIDEXT_F12FLX_07_FWT03_Q;"August 14, 2026";;;0700;Wait for Event;Scrutation fichier pilote fact couleur  & generation du zip sur NAS PFE;nFW_Fac_DOCAPOST.bat;Job;No;0;Yes;CTMSRV;CIDEXT_F12FLX_07_Q;svce_cm;A_W_CID12;A_W_CID12;3y7pj
CID-CONTRACTUAL INVO;CIDEXT_F13FLX_07_Q;CIDEXT_F13FLX_07_ARC01_Q;"August 14, 2026";;;;Wait for Event;Archiver les fichiers EDI;CIDEXT_F13FLX_07_ARC01_Q.bat;Job;No;0;No;CTMSRV;CIDEXT_F13FLX_07_Q;svce_cm;A_W_CID12;A_W_CID12;3y91f
CID-CONTRACTUAL INVO;CIDEXT_F13FLX_07_Q;CIDEXT_F13FLX_07_FWT01_Q;"August 14, 2026";;;0700;Wait for Event;Scrutation du fichier FLAG;CIDEXT_F13FLX_07_FWT01_Q.bat;Job;No;0;Yes;CTMSRV;CIDEXT_F13FLX_07_Q;svce_cm;A_W_CID12;A_W_CID12;3y91c
CID-CONTRACTUAL INVO;CIDEXT_F13FLX_07_Q;CIDEXT_F13FLX_07_MOV01_Q;"August 14, 2026";;;;Wait for Event;Move de Factures_EDI_*.zip vers PFE;CIDEXT_F13FLX_07_MOV01_Q.bat;Job;No;0;No;CTMSRV;CIDEXT_F13FLX_07_Q;svce_cm;A_W_CID12;A_W_CID12;3y91e
CID-CONTRACTUAL INVO;CIDEXT_F13FLX_07_Q;CIDEXT_F13FLX_07_PUR01_Q;"August 14, 2026";;;;Wait for Event;Purge des fichiers EDI xml;CIDEXT_F13FLX_07_PUR01_Q.bat;Job;No;0;No;CTMSRV;CIDEXT_F13FLX_07_Q;svce_cm;A_W_CID12;A_W_CID12;3y91g
CID-CONTRACTUAL INVO;CIDEXT_F13FLX_07_Q;CIDEXT_F13FLX_07_PUR02_Q;"August 14, 2026";;;;Wait for Event;Purge des fichiers ZIP -15 jours;CIDEXT_F13FLX_07_PUR02_Q.bat;Job;No;0;No;CTMSRV;CIDEXT_F13FLX_07_Q;svce_cm;A_W_CID12;A_W_CID12;3y91h
CID-CONTRACTUAL INVO;CIDEXT_F13FLX_07_Q;CIDEXT_F13FLX_07_ZIP01_Q;"August 14, 2026";;;;Wait for Event;CID : Création du fichier Factures_EDI_aaaammjj.zip;CIDEXT_F13FLX_07_ZIP01_Q.bat;Job;No;0;No;CTMSRV;CIDEXT_F13FLX_07_Q;svce_cm;A_W_CID12;A_W_CID12;3y91d
CID-CONTRACTUAL INVO;CIDEXT_F13GEN_06_Q;CIDEXT_F13GEN_06_CPY01_Q;"August 14, 2026";;;;Wait for Event;Copie du fichier depuis le repertoire CID vers EAI;MOV_Generique_DKA.bat;Job;No;0;No;CTMSRV;CIDEXT_F13GEN_06_Q;svce_cm;A_W_CID13;A_W_CID13;3y93s
CID-CONTRACTUAL INVO;CIDEXT_F13GEN_06_Q;CIDEXT_F13GEN_06_EXP01_Q;"August 14, 2026";;;;Wait for Event;Generation du fichier Lien partenaire Code D;Lance_INTERFACE.bat;Job;No;0;No;CTMSRV;CIDEXT_F13GEN_06_Q;svce_cm;A_W_CID13;A_W_CID13;3y93r
CID-CONTRACTUAL INVO;CIDEXT_J11INT_05_Q;CIDEXT_J11INT_05_MOV01_Q;"August 14, 2026";;;;Wait for Event;CID : deplacement ALADIN-TIF.ZIP depuis PFE;MOV_Generique_DKA.bat;Job;No;0;No;CTMSRV;CIDEXT_J11INT_05_Q;svce_cm;A_W_CID13;A_W_CID13;3y8xu
CID-CONTRACTUAL INVO;CIDEXT_J11INT_05_Q;CIDEXT_J11INT_05_Q;"August 14, 2026";"August 14, 2026 1:30:11 PM";;;Executing;;;SMART Table;No;1;No;CTMSRV;CIDEXT_J11INT_05_Q;;;;3y8xt
CID-CONTRACTUAL INVO;CIDEXT_J11INT_05_Q;CIDEXT_J11INT_05_TRT01_Q;"August 14, 2026";;;;Wait for Event;CIDY : traitement permettant le transfert aladin_tif sur le NAS_EDF;DeplacementImage.bat;Job;No;0;No;CTMSRV;CIDEXT_J11INT_05_Q;svce_cm;A_W_CID13;A_W_CID13;3y8xw
CID-CONTRACTUAL INVO;CIDEXT_J11INT_05_Q;CIDEXT_J11INT_05_ZIP01_Q;"August 14, 2026";;;;Wait for Event;CID : Decompression ALADIN-TIF.ZIP;DZIP_ALA_CID.bat;Job;No;0;No;CTMSRV;CIDEXT_J11INT_05_Q;svce_cm;A_W_CID13;A_W_CID13;3y8xv
CID-CONTRACTUAL INVO;CIDEXT_J12INT_05_Q;CIDEXT_J12INT_05_FW01_Q;"August 14, 2026";;;0000;Wait for Event;CID : Scrutation du fichier CHORUS STATUTSSERENSIA.FAC02   de la  PFE au serveur CITY;FileWatcher.bat;Job;No;0;Yes;CTMSRV;CIDEXT_J12INT_05_Q;svce_cm;A_W_CID12;A_W_CID12;3y92o
CID-CONTRACTUAL INVO;CIDEXT_J12INT_05_Q;CIDEXT_J12INT_05_FW02_Q;"August 14, 2026";;;0000;Wait for Event;CID : Scrutation du fichier CHORUS STATUTSSERENSIA.FAC02 pour intégration;FileWatcher.bat;Job;No;0;Yes;CTMSRV;CIDEXT_J12INT_05_Q;svce_cm;A_W_CID12;A_W_CID12;3y92p
CID-CONTRACTUAL INVO;CIDEXT_J12INT_05_Q;CIDEXT_J12INT_05_IMP01_Q;"August 14, 2026";;;;Wait for Event;CID :integration  fchier  STATUTSSERENSIA.FAC02;ImportFluxRetourSerensia.bat;Job;No;0;Yes;CTMSRV;CIDEXT_J12INT_05_Q;svce_cm;A_W_CID12;A_W_CID12;3y92n
CID-CONTRACTUAL INVO;CIDEXT_J12INT_05_Q;CIDEXT_J12INT_05_MOV01_Q;"August 14, 2026";;;0000;Wait for Event;CID : Transfert du fichier  STATUTSSERENSIA.FAC02   de la  PFE au serveur CID;MOVOUT_Generique_DKA.bat;Job;No;0;Yes;CTMSRV;CIDEXT_J12INT_05_Q;svce_cm;A_W_CID12;A_W_CID12;3y92m
CID-CONTRACTUAL INVO;CIDGRT_F11INT_05_Q;CIDGRT_F11INT_05_CON01_Q;"August 14, 2026";;;;Wait for Event;Controle du type de fichier recu et ren _ concat;CIDConcat.cmd;Job;No;0;No;CTMSRV;CIDGRT_F11INT_05_Q;svce_cm;A_W_CID13;A_W_CID13;3y8hk
CID-CONTRACTUAL INVO;CIDGRT_F11INT_05_Q;CIDGRT_F11INT_05_FWT01_Q;"August 14, 2026";;;;Wait for Event;Scrutation du fichier CTGCID_QTEGST;FileWatcher_CID.bat;Job;No;0;No;CTMSRV;CIDGRT_F11INT_05_Q;svce_cm;A_W_CID13;A_W_CID13;3y8hj
CID-CONTRACTUAL INVO;CIDGRT_F11INT_05_Q;CIDGRT_F11INT_05_IMP01_Q;"August 14, 2026";;;;Wait for Event;integ CTGCID_QTEGST  du fichier Donnees Gen;Lance_INTERFACE.bat;Job;No;0;No;CTMSRV;CIDGRT_F11INT_05_Q;svce_cm;A_W_CID13;A_W_CID13;3y8hl
CID-CONTRACTUAL INVO;CIDMDM_J11TRT_04_Q;CIDMDM_J11TRT_04_WRK01_Q;"August 14, 2026";;;;Wait for Event;CID : Batch appel du WS de MDM360 pour envoyer les maj des contrats;lance_Traitement_Interne.bat;Job;No;0;No;CTMSRV;CIDMDM_J11TRT_04_Q;svce_cm;A_W_CID12;A_W_CID12;3y8yq
CID-CONTRACTUAL INVO;CIDMEC_F11INT_05_Q;CIDMEC_F11INT_05_IMP01_Q;"August 14, 2026";;;;Wait for Event;Integration du Fichier ContratTop;Lance_INTERFACE.bat;Job;No;0;No;CTMSRV;CIDMEC_F11INT_05_Q;svce_cm;A_W_CID13;A_W_CID13;3y8ba
CID-CONTRACTUAL INVO;CIDMEC_F11INT_05_Q;CIDMEC_F11INT_05_Q;"August 14, 2026";"August 14, 2026 1:30:11 PM";;;Executing;;;SMART Table;No;1;No;CTMSRV;CIDMEC_F11INT_05_Q;;;;3y8b9
CID-CONTRACTUAL INVO;CIDMEC_F11INT_05_Q;CIDMEC_F11INT_05_WRK01_Q;"August 14, 2026";;;;Wait for Event;Migration formule;lance_Traitement_Interne.bat;Job;No;0;No;CTMSRV;CIDMEC_F11INT_05_Q;svce_cm;A_W_CID12;A_W_CID12;3y8bb
CID-CONTRACTUAL INVO;CIDNRJ_F11INT_05_Q;CIDNRJ_F11INT_05_CON01_Q;"August 14, 2026";;;;Wait for Event;Controle du type de fichier recu et ren _ concat;CIDConcat.cmd;Job;No;0;No;CTMSRV;CIDNRJ_F11INT_05_Q;svce_cm;A_W_CID13;A_W_CID13;3y8rm
CID-CONTRACTUAL INVO;CIDNRJ_F11INT_05_Q;CIDNRJ_F11INT_05_FWT01_Q;"August 14, 2026";;;;Wait for Event;Scrutation du fichier;FileWatcher_CID.bat;Job;No;0;No;CTMSRV;CIDNRJ_F11INT_05_Q;svce_cm;A_W_CID13;A_W_CID13;3y8rl
CID-CONTRACTUAL INVO;CIDNRJ_F11INT_05_Q;CIDNRJ_F11INT_05_IMP01_Q;"August 14, 2026";;;;Wait for Event;integration ene_station   du fichier L00YL_NF;Lance_INTERFACE.bat;Job;No;0;No;CTMSRV;CIDNRJ_F11INT_05_Q;svce_cm;A_W_CID13;A_W_CID13;3y8rn
CID-CONTRACTUAL INVO;CIDNRJ_F12INT_05_Q;CIDNRJ_F12INT_05_CON01_Q;"August 14, 2026";;;;Wait for Event;Controle du type de fichier recu et ren _ concat;CIDConcat.cmd;Job;No;0;No;CTMSRV;CIDNRJ_F12INT_05_Q;svce_cm;A_W_CID13;A_W_CID13;3y9or
CID-CONTRACTUAL INVO;CIDNRJ_F12INT_05_Q;CIDNRJ_F12INT_05_FWT01_Q;"August 14, 2026";;;;Wait for Event;Scrutation du fichier;FileWatcher_CID.bat;Job;No;0;No;CTMSRV;CIDNRJ_F12INT_05_Q;svce_cm;A_W_CID13;A_W_CID13;3y9oq
CID-CONTRACTUAL INVO;CIDNRJ_F12INT_05_Q;CIDNRJ_F12INT_05_IMP01_Q;"August 14, 2026";;;;Wait for Event;integration ene_station   du fichier L00YM_NF_*;Lance_INTERFACE.bat;Job;No;0;No;CTMSRV;CIDNRJ_F12INT_05_Q;svce_cm;A_W_CID13;A_W_CID13;3y9os
CID-CONTRACTUAL INVO;CIDNRJ_J11INT_05_Q;CIDNRJ_J11INT_05_FW01_Q;"August 14, 2026";;;;Wait for Event;CID : Scrutation du fichier PATRIMOINEENERGYde la PFE au serveur CID;FileWatcher.bat;Job;No;0;No;CTMSRV;CIDNRJ_J11INT_05_Q;svce_cm;A_W_CID13;A_W_CID13;3y9rl
CID-CONTRACTUAL INVO;CIDNRJ_J11INT_05_Q;CIDNRJ_J11INT_05_FW02_Q;"August 14, 2026";;;;Wait for Event;CID : Scrutation du fichier CEFM_.*xmll de la PFE au serveur CID;FileWatcher.bat;Job;No;0;No;CTMSRV;CIDNRJ_J11INT_05_Q;svce_cm;A_W_CID13;A_W_CID13;3y9rm
CID-CONTRACTUAL INVO;CIDNRJ_J11INT_05_Q;CIDNRJ_J11INT_05_FW03_Q;"August 14, 2026";;;;Wait for Event;CID : Scrutation du fichier EVENEMENTSENERGY de la PFE au serveur CID (20h30);FileWatcher.bat;Job;No;0;No;CTMSRV;CIDNRJ_J11INT_05_Q;svce_cm;A_W_CID13;A_W_CID13;3y9rn
CID-CONTRACTUAL INVO;CIDNRJ_J11INT_05_Q;CIDNRJ_J11INT_05_FW04_Q;"August 14, 2026";;;;Wait for Event;CID : Scrutation du fichier EVENEMENTSENERGY de la PFE au serveur CID;FileWatcher.bat;Job;No;0;No;CTMSRV;CIDNRJ_J11INT_05_Q;svce_cm;A_W_CID13;A_W_CID13;3y9ro
CID-CONTRACTUAL INVO;CIDNRJ_J11INT_05_Q;CIDNRJ_J11INT_05_FW05_Q;"August 14, 2026";;;;Wait for Event;CID : Scrutation du fichier EVENEMENTSENERGY de la PFE au serveur CID (22h45);FileWatcher.bat;Job;No;0;No;CTMSRV;CIDNRJ_J11INT_05_Q;svce_cm;A_W_CID13;A_W_CID13;3y9rq
CID-CONTRACTUAL INVO;CIDNRJ_J11INT_05_Q;CIDNRJ_J11INT_05_FW06_Q;"August 14, 2026";;;;Wait for Event;CID : Scrutation du fichier EVENEMENTSENERGY de la PFE au serveur CID;FileWatcher.bat;Job;No;0;No;CTMSRV;CIDNRJ_J11INT_05_Q;svce_cm;A_W_CID13;A_W_CID13;3y9rs
CID-CONTRACTUAL INVO;CIDNRJ_J11INT_05_Q;CIDNRJ_J11INT_05_IMP01_Q;"August 14, 2026";;;;Wait for Event;CONTRACTUAL INVO : Intégration du fichier PATRIMOINEENERGY dans CID;lance_INTERFACE.bat;Job;No;0;No;CTMSRV;CIDNRJ_J11INT_05_Q;svce_cm;A_W_CID13;A_W_CID13;3y9rh
CID-CONTRACTUAL INVO;CIDNRJ_J11INT_05_Q;CIDNRJ_J11INT_05_IMP02_Q;"August 14, 2026";;;;Wait for Event;CONTRACTUAL INVO : Intégration du fichier EVENEMENTSENERGY dans CID (20h30);lance_INTERFACE.bat;Job;No;0;No;CTMSRV;CIDNRJ_J11INT_05_Q;svce_cm;A_W_CID13;A_W_CID13;3y9rk
CID-CONTRACTUAL INVO;CIDNRJ_J11INT_05_Q;CIDNRJ_J11INT_05_IMP03_Q;"August 14, 2026";;;;Wait for Event;CONTRACTUAL INVO : Intégration du fichier EVENEMENTSENERGY dans CID (22h45);lance_INTERFACE.bat;Job;No;0;No;CTMSRV;CIDNRJ_J11INT_05_Q;svce_cm;A_W_CID13;A_W_CID13;3y9rp
CID-CONTRACTUAL INVO;CIDNRJ_J11INT_05_Q;CIDNRJ_J11INT_05_MOV01_Q;"August 14, 2026";;;;Wait for Event;CID : Deplacement du fichier PATRIMOINEENERGY_*.xml depuis le NAS EDF;MOV_Multi_Generique_DKA.bat;Job;No;0;No;CTMSRV;CIDNRJ_J11INT_05_Q;svce_cm;A_W_CID13;A_W_CID13;3y9ri
CID-CONTRACTUAL INVO;CIDNRJ_J11INT_05_Q;CIDNRJ_J11INT_05_MOV02_Q;"August 14, 2026";;;;Wait for Event;CID : Deplacement du fichier EVENEMENTSENERGY_*.xml depuis le NAS EDF (20h30);MOV_Multi_Generique_DKA.bat;Job;No;0;No;CTMSRV;CIDNRJ_J11INT_05_Q;svce_cm;A_W_CID13;A_W_CID13;3y9rj
CID-CONTRACTUAL INVO;CIDNRJ_J11INT_05_Q;CIDNRJ_J11INT_05_MOV03_Q;"August 14, 2026";;;;Wait for Event;CID : Deplacement du fichier EVENEMENTSENERGY_*.xml depuis le NAS EDF (22h45);MOV_Multi_Generique_DKA.bat;Job;No;0;No;CTMSRV;CIDNRJ_J11INT_05_Q;svce_cm;A_W_CID13;A_W_CID13;3y9rr
CID-CONTRACTUAL INVO;CIDNRJ_J11INT_05_Q;CIDNRJ_J11INT_05_Q;"August 14, 2026";;;;Wait for Event;SEE FAC02: Gestion des flux PATRIMOINEENERGY et EVENEMENTSENERGY;;SMART Table;No;0;No;CTMSRV;CIDNRJ_J11INT_05_Q;;;;3y9rg
CID-CONTRACTUAL INVO;CIDOAP_F11GEN_06_Q;CIDOAP_F11GEN_06_EXP01_Q;"August 14, 2026";;;;Wait for Event;CID Export des ecritures comptables AR;BATCH_Generique_DKA.bat;Job;No;0;No;CTMSRV;CIDOAP_F11GEN_06_Q;svce_cm;A_W_CID12;A_W_CID12;3y8mj
CID-CONTRACTUAL INVO;CIDOAP_F11GEN_06_Q;CIDOAP_F11GEN_06_EXP02_Q;"August 14, 2026";;;;Wait for Event;CID Export des ecritures comptables AP;BATCH_Generique_DKA.bat;Job;No;0;No;CTMSRV;CIDOAP_F11GEN_06_Q;svce_cm;A_W_CID12;A_W_CID12;3y8mk
CID-CONTRACTUAL INVO;CIDOAP_F11GEN_06_Q;CIDOAP_F11GEN_06_EXP03_Q;"August 14, 2026";;;;Wait for Event;CID Export des ecritures comptables GL (Individuelle);BATCH_Generique_DKA.bat;Job;No;0;No;CTMSRV;CIDOAP_F11GEN_06_Q;svce_cm;A_W_CID12;A_W_CID12;3y8ml
CID-CONTRACTUAL INVO;CIDOAP_F11GEN_06_Q;CIDOAP_F11GEN_06_MOV01_Q;"August 14, 2026";;;;Wait for Event;CID : Deplacement des fichiers donnees Ecritures AR vers EAI;MOV_Generique_DKA.bat;Job;No;0;No;CTMSRV;CIDOAP_F11GEN_06_Q;svce_cm;A_W_CID12;A_W_CID12;3y8mm
CID-CONTRACTUAL INVO;CIDOAP_F11GEN_06_Q;CIDOAP_F11GEN_06_MOV02_Q;"August 14, 2026";;;;Wait for Event;CID : Deplacement des fichiers donnees Ecritures AR vers EAI;MOV_Generique_DKA.bat;Job;No;0;No;CTMSRV;CIDOAP_F11GEN_06_Q;svce_cm;A_W_CID12;A_W_CID12;3y8mn
CID-CONTRACTUAL INVO;CIDOAP_F11GEN_06_Q;CIDOAP_F11GEN_06_MOV03_Q;"August 14, 2026";;;;Wait for Event;CID : Deplacement des fichiers donnees Ecritures AP vers EAI;MOV_Generique_DKA.bat;Job;No;0;No;CTMSRV;CIDOAP_F11GEN_06_Q;svce_cm;A_W_CID12;A_W_CID12;3y8mo
CID-CONTRACTUAL INVO;CIDOAP_F11GEN_06_Q;CIDOAP_F11GEN_06_MOV04_Q;"August 14, 2026";;;;Wait for Event;CID : Deplacement des fichiers donnees Ecritures AP vers EAI;MOV_Generique_DKA.bat;Job;No;0;No;CTMSRV;CIDOAP_F11GEN_06_Q;svce_cm;A_W_CID12;A_W_CID12;3y8mp
CID-CONTRACTUAL INVO;CIDOAP_F11GEN_06_Q;CIDOAP_F11GEN_06_MOV05_Q;"August 14, 2026";;;;Wait for Event;CID : Deplacement des fichiers donnees Ecritures GL vers EAI (Individuelle);MOV_Generique_DKA.bat;Job;No;0;No;CTMSRV;CIDOAP_F11GEN_06_Q;svce_cm;A_W_CID12;A_W_CID12;3y8mq
CID-CONTRACTUAL INVO;CIDOAP_F11GEN_06_Q;CIDOAP_F11GEN_06_MOV06_Q;"August 14, 2026";;;;Wait for Event;CID : Deplacement des fichiers donnees Ecritures GL vers EAI (Individuelle);MOV_Generique_DKA.bat;Job;No;0;No;CTMSRV;CIDOAP_F11GEN_06_Q;svce_cm;A_W_CID12;A_W_CID12;3y8mr
CID-CONTRACTUAL INVO;CIDOAP_F11GEN_06_Q;CIDOAP_F11GEN_06_Q;"August 14, 2026";"August 14, 2026 1:30:11 PM";;;Executing;;;SMART Table;No;1;No;CTMSRV;CIDOAP_F11GEN_06_Q;;;;3y8mi
CID-CONTRACTUAL INVO;CIDPEL_F11GEN_06_Q;CIDPEL_F11GEN_06_CPY01_Q;"August 14, 2026";;;;Wait for Event;G9 DTR  PEL facturation - copie local du fichier PEC_FACTURE;Copy_CID_local.bat;Job;No;0;No;CTMSRV;CIDPEL_F11GEN_06_Q;svce_cm;A_W_CID13;A_W_CID13;3y9kw
CID-CONTRACTUAL INVO;CIDPEL_F11GEN_06_Q;CIDPEL_F11GEN_06_EXP01_Q;"August 14, 2026";;;;Wait for Event;G9 DTR  PEL contrat prestation;Lance_INTERFACE.bat;Job;No;0;No;CTMSRV;CIDPEL_F11GEN_06_Q;svce_cm;A_W_CID13;A_W_CID13;3y9kk
CID-CONTRACTUAL INVO;CIDPEL_F11GEN_06_Q;CIDPEL_F11GEN_06_EXP02_Q;"August 14, 2026";;;;Wait for Event;G9 DTR  PEL Affaire;Lance_INTERFACE.bat;Job;No;0;No;CTMSRV;CIDPEL_F11GEN_06_Q;svce_cm;A_W_CID13;A_W_CID13;3y9kl
CID-CONTRACTUAL INVO;CIDPEL_F11GEN_06_Q;CIDPEL_F11GEN_06_EXP03_Q;"August 14, 2026";;;;Wait for Event;G9 DTR  PEL FCP COMPTEUR;Lance_INTERFACE.bat;Job;No;0;No;CTMSRV;CIDPEL_F11GEN_06_Q;svce_cm;A_W_CID13;A_W_CID13;3y9km
CID-CONTRACTUAL INVO;CIDPEL_F11GEN_06_Q;CIDPEL_F11GEN_06_EXP04_Q;"August 14, 2026";;;;Wait for Event;G9 DTR  PEL indice de revision;Lance_INTERFACE.bat;Job;No;0;No;CTMSRV;CIDPEL_F11GEN_06_Q;svce_cm;A_W_CID13;A_W_CID13;3y9kn
CID-CONTRACTUAL INVO;CIDPEL_F11GEN_06_Q;CIDPEL_F11GEN_06_EXP05_Q;"August 14, 2026";;;;Wait for Event;G9 DTR  PEL facturation;Lance_INTERFACE.bat;Job;No;0;No;CTMSRV;CIDPEL_F11GEN_06_Q;svce_cm;A_W_CID13;A_W_CID13;3y9ko
CID-CONTRACTUAL INVO;CIDPEL_F11GEN_06_Q;CIDPEL_F11GEN_06_EXP07_Q;"August 14, 2026";;;;Wait for Event;G9 DTR  PEL Interessement;Lance_INTERFACE.bat;Job;No;0;No;CTMSRV;CIDPEL_F11GEN_06_Q;svce_cm;A_W_CID13;A_W_CID13;3y9kp
CID-CONTRACTUAL INVO;CIDPEL_F11GEN_06_Q;CIDPEL_F11GEN_06_EXP08_Q;"August 14, 2026";;;;Wait for Event;G9 DTR  PEL valeur Indice;Lance_INTERFACE.bat;Job;No;0;No;CTMSRV;CIDPEL_F11GEN_06_Q;svce_cm;A_W_CID13;A_W_CID13;3y9kq
CID-CONTRACTUAL INVO;CIDPEL_F11GEN_06_Q;CIDPEL_F11GEN_06_EXP09_Q;"August 14, 2026";;;;Wait for Event;G9 DTR  PEL Utilisateur;Lance_INTERFACE.bat;Job;No;0;No;CTMSRV;CIDPEL_F11GEN_06_Q;svce_cm;A_W_CID13;A_W_CID13;3y9kr
CID-CONTRACTUAL INVO;CIDPEL_F11GEN_06_Q;CIDPEL_F11GEN_06_EXP10_Q;"August 14, 2026";;;;Wait for Event;G9 DTR  PEL BAPC;Lance_INTERFACE.bat;Job;No;0;No;CTMSRV;CIDPEL_F11GEN_06_Q;svce_cm;A_W_CID13;A_W_CID13;3y9ks
CID-CONTRACTUAL INVO;CIDPEL_F11GEN_06_Q;CIDPEL_F11GEN_06_EXP11_Q;"August 14, 2026";;;;Wait for Event;G9 DTR  PEL Instances;Lance_INTERFACE.bat;Job;No;0;No;CTMSRV;CIDPEL_F11GEN_06_Q;svce_cm;A_W_CID13;A_W_CID13;3y9kt
CID-CONTRACTUAL INVO;CIDPEL_F11GEN_06_Q;CIDPEL_F11GEN_06_EXP12_Q;"August 14, 2026";;;;Wait for Event;G9 DTR  PEL lignes Instances;Lance_INTERFACE.bat;Job;No;0;No;CTMSRV;CIDPEL_F11GEN_06_Q;svce_cm;A_W_CID13;A_W_CID13;3y9ku
CID-CONTRACTUAL INVO;CIDPEL_F11GEN_06_Q;CIDPEL_F11GEN_06_EXP13_Q;"August 14, 2026";;;;Wait for Event;G9 DTR  PEL BUDGET des ventes;Lance_INTERFACE.bat;Job;No;0;No;CTMSRV;CIDPEL_F11GEN_06_Q;svce_cm;A_W_CID13;A_W_CID13;3y9kv
CID-CONTRACTUAL INVO;CIDPEL_F11GEN_06_Q;CIDPEL_F11GEN_06_MOV01_Q;"August 14, 2026";;;;Wait for Event;CID :Transfert du fichier PEL FACTURE depuis CID pour FAC02.FACTURATIONCID;MOV_Multi_Generique_DKA.bat;Job;No;0;No;CTMSRV;CIDPEL_F11GEN_06_Q;svce_cm;A_W_CID13;A_W_CID13;3y9kx
CID-CONTRACTUAL INVO;CIDPEL_F11GEN_06_Q;CIDPEL_F11GEN_06_Q;"August 14, 2026";"August 14, 2026 1:30:11 PM";;;Executing;;;SMART Table;No;1;No;CTMSRV;CIDPEL_F11GEN_06_Q;;;;3y9kj
CID-CONTRACTUAL INVO;CIDPRN_J11GEN_06_Q;CIDPRN_J11GEN_06_EXP01_Q;"August 14, 2026";;;;Wait for Event;CID : G6 interface extraction indice revision  P2 P3;Lance_INTERFACE.bat;Job;No;0;No;CTMSRV;CIDPRN_J11GEN_06_Q;svce_cm;A_W_CID13;A_W_CID13;3y9o9
CID-CONTRACTUAL INVO;CIDPRN_J11INT_05_Q;CIDPRN_J11INT_05_IMP01_Q;"August 14, 2026";;;;Wait for Event;CID Integration des avis reçu pendant la journee;Lance_INTERFACE.bat;Job;No;0;No;CTMSRV;CIDPRN_J11INT_05_Q;svce_cm;A_W_CID13;A_W_CID13;3y7rk
CID-CONTRACTUAL INVO;CIDSIC_F11GEN_06_Q;CIDSIC_F11GEN_06_EXP01_Q;"August 14, 2026";;;;Wait for Event;G4 interface extraction contrat1;Lance_INTERFACE.bat;Job;No;0;No;CTMSRV;CIDSIC_F11GEN_06_Q;svce_cm;A_W_CID13;A_W_CID13;3y8yw
CID-CONTRACTUAL INVO;CIDSIC_F11GEN_06_Q;CIDSIC_F11GEN_06_EXP02_Q;"August 14, 2026";;;;Wait for Event;G4 interface extraction contrat2;Lance_INTERFACE.bat;Job;No;0;No;CTMSRV;CIDSIC_F11GEN_06_Q;svce_cm;A_W_CID13;A_W_CID13;3y8yx
CID-CONTRACTUAL INVO;CIDSIC_F11GEN_06_Q;CIDSIC_F11GEN_06_EXP03_Q;"August 14, 2026";;;;Wait for Event;G4 interface extraction contrat3;Lance_INTERFACE.bat;Job;No;0;No;CTMSRV;CIDSIC_F11GEN_06_Q;svce_cm;A_W_CID13;A_W_CID13;3y8yy
CID-CONTRACTUAL INVO;CIDSIC_F11GEN_06_Q;CIDSIC_F11GEN_06_EXP05_Q;"August 14, 2026";;;;Wait for Event;G4 interface extraction contrat5;Lance_INTERFACE.bat;Job;No;0;No;CTMSRV;CIDSIC_F11GEN_06_Q;svce_cm;A_W_CID13;A_W_CID13;3y8yz
CID-CONTRACTUAL INVO;CIDSIC_F11GEN_06_Q;CIDSIC_F11GEN_06_Q;"August 14, 2026";"August 14, 2026 1:30:11 PM";;;Executing;;;SMART Table;No;1;No;CTMSRV;CIDSIC_F11GEN_06_Q;;;;3y8yv
CIT-CITY;CITCID_J11INT_05_Q;CITCID_J11INT_05_CPY01_Q;"August 14, 2026";;;;Wait for Event;Copie du fichier liens projet-partenaire de PFE vers repertoire donnees entrantes CITY;Copy_EAI_CIT.bat;Job;No;0;No;CTMSRV;CITCID_J11INT_05_Q;svce_cm;A_W_CIT12;A_W_CIT12;3y8cc
CIT-CITY;CITCID_J11INT_05_Q;CITCID_J11INT_05_FWT01_Q;"August 14, 2026";;;;Wait for Event;CITY Scrutation du fichier LienPartenaireProjet_yyyyMMdd.csv sur PFE;FileWatcher.bat;Job;No;0;No;CTMSRV;CITCID_J11INT_05_Q;svce_cm;A_W_CIT12;A_W_CIT12;3y8cb
CIT-CITY;CITCID_J11INT_05_Q;CITCID_J11INT_05_IMP01_Q;"August 14, 2026";;;;Wait for Event;Integration donnees du fichier lien code D-client dans l'application CITY;lance_Traitement_Interne.bat;Job;No;0;No;CTMSRV;CITCID_J11INT_05_Q;adm-citbatch;A_W_CIT12;A_W_CIT12;3y8cd
CIT-CITY;CITCIT_E11STP_01_Q;CITCIT_E11STP_01_ARR01_Q;"August 14, 2026";;;;Wait for Event;ARRET  city : STOP  (WDKCITP11);application.stop.bat;Job;No;0;No;CTMSRV;CITCIT_E11STP_01_Q;svce_cm;A_W_CIT11;A_W_CIT11;3y90z
CIT-CITY;CITCIT_E11STR_02_Q;CITCIT_E11STR_02_DEM01_Q;"August 14, 2026";;;;Wait for Event;DEMMARAGE city: START (WDKCITP11);application.start.bat;Job;No;0;No;CTMSRV;CITCIT_E11STR_02_Q;svce_cm;A_W_CIT11;A_W_CIT11;3y7sw
CIT-CITY;CITCIT_J11TEC_04_Q;CITCIT_J11TEC_04_DEB01_Q;"August 14, 2026";;;;Wait for Event;Jalon de demarrage 01h00 de la production CITY;Jalon de demarrage 01h00 de la production CITY;Dummy;No;0;No;CTMSRV;CITCIT_J11TEC_04_Q;svce_cm;;;3y9mi
CIT-CITY;CITCIT_J11TRT_04_Q;CITCIT_J11TRT_04_WRK01_Q;"August 14, 2026";;;;Wait for Event;CITY Numerotation des factures validees;lance_Traitement_Interne.bat;Job;No;0;No;CTMSRV;CITCIT_J11TRT_04_Q;adm-citbatch;A_W_CIT12;A_W_CIT12;3y9ql
CIT-CITY;CITCIT_J12TEC_04_Q;CITCIT_J12TEC_04_FJA01_Q;"August 14, 2026";;;;Wait for Event;CITY Fin des interfaces ENTRANTES;CITY Fin des interfaces ENTRANTES;Dummy;No;0;No;CTMSRV;CITCIT_J12TEC_04_Q;svce_cm;;;3y7q2
CIT-CITY;CITCIT_J12TRT_04_Q;CITCIT_J12TRT_04_WRK01_Q;"August 14, 2026";;;;Wait for Event;CITY Production des fichiers pdf pour les factures precedemment numerotees;lance_Traitement_Interne.bat;Job;No;0;No;CTMSRV;CITCIT_J12TRT_04_Q;adm-citbatch;A_W_CIT12;A_W_CIT12;3y8ih
CIT-CITY;CITCIT_J13TEC_04_Q;CITCIT_J13TEC_04_DEB01_Q;"August 14, 2026";;;;Wait for Event;CITY Debut des sortants Docapost et amonts;CITY Debut des sortants Docapost et amonts;Dummy;No;0;No;CTMSRV;CITCIT_J13TEC_04_Q;svce_cm;;;3y88l
CIT-CITY;CITCIT_J14TEC_04_Q;CITCIT_J14TEC_04_DEB01_Q;"August 14, 2026";;;;Wait for Event;CITY Debut des sortants compta et décisionnel;CITY Debut des sortants compta et décisionnel;Dummy;No;0;No;CTMSRV;CITCIT_J14TEC_04_Q;svce_cm;;;3y9hc
CIT-CITY;CITCIT_J15TEC_04_Q;CITCIT_J15TEC_04_FJA01_Q;"August 14, 2026";;;;Wait for Event;CITY Fin des interfaces SORTANTES;CITY Fin des interfaces SORTANTES;Dummy;No;0;No;CTMSRV;CITCIT_J15TEC_04_Q;svce_cm;;;3y7sn
CIT-CITY;CITCIT_J16TEC_04_Q;CITCIT_J16TEC_04_FJA01_Q;"August 14, 2026";;;;Wait for Event;CITY Jalon de fin de la production;CITY Jalon de fin de la production;Dummy;No;0;No;CTMSRV;CITCIT_J16TEC_04_Q;svce_cm;;;3y9lw
CIT-CITY;CITEXT_J11GEN_06_Q;CITEXT_J11GEN_06_CPY02_Q;"August 14, 2026";;;;Wait for Event;CITY Deplacement du fichier Factures_EDI_travaux_aaaammjj.zip vers NAS;CITEXT_J11GEN_06_CPY02_Q.bat;Job;No;0;No;CTMSRV;CITEXT_J11GEN_06_Q;svce_cm;A_W_CIT12;A_W_CIT12;3y90h
CIT-CITY;CITEXT_J11GEN_06_Q;CITEXT_J11GEN_06_WRK01_Q;"August 14, 2026";;;;Wait for Event;CITY Generation du fichier pilote;lance_Traitement_Interne.bat;Job;No;0;No;CTMSRV;CITEXT_J11GEN_06_Q;adm-citbatch;A_W_CIT12;A_W_CIT12;3y90f
CIT-CITY;CITEXT_J11GEN_06_Q;CITEXT_J11GEN_06_ZIP02_Q;"August 14, 2026";;;;Wait for Event;CITY Creation du fichier Factures_EDI_travaux_aaaammjj.zip;CITEXT_J11GEN_06_ZIP02_Q.bat;Job;No;0;No;CTMSRV;CITEXT_J11GEN_06_Q;svce_cm;A_W_CIT12;A_W_CIT12;3y90g
CIT-CITY;CITEXT_J12INT_05_Q;CITEXT_J12INT_05_IMP01_Q;"August 14, 2026";;;;Wait for Event;CITY: Integration fichier STATUTSSERENSIA.FAC02;FluxRetourSerensia.bat;Job;No;0;No;CTMSRV;CITEXT_J12INT_05_Q;svce_cm;A_W_CIT12;A_W_CIT12;3y821
CIT-CITY;CITEXT_J12INT_05_Q;CITEXT_J12INT_05_MOV01_Q;"August 14, 2026";;;0000;Wait for Event;CITY : Transfert du fichier  STATUTSSERENSIA.HEF01 de la PFE vers le serveur CITY;MOVOUT_Generique_DKA.bat;Job;No;0;No;CTMSRV;CITEXT_J12INT_05_Q;svce_cm;A_W_CIT12;A_W_CIT12;3y820
CIT-CITY;CITOAF_J11GEN_06_Q;CITOAF_J11GEN_06_MOV01_Q;"August 14, 2026";;;;Wait for Event;CITY : Deplacement des fichiers donnees Ecritures AR vers EAI;MOV_Generique_DKA.bat;Job;No;0;No;CTMSRV;CITOAF_J11GEN_06_Q;svce_cm;A_W_CIT12;A_W_CIT12;3y9ao
CIT-CITY;CITOAF_J11GEN_06_Q;CITOAF_J11GEN_06_MOV02_Q;"August 14, 2026";;;;Wait for Event;CITY : Deplacement des fichiers controle Ecritures AR vers EAI;MOV_Generique_DKA.bat;Job;No;0;No;CTMSRV;CITOAF_J11GEN_06_Q;svce_cm;A_W_CIT12;A_W_CIT12;3y9ap
CIT-CITY;CITOAF_J11GEN_06_Q;CITOAF_J11GEN_06_MOV03_Q;"August 14, 2026";;;;Wait for Event;CITY : Deplacement des fichiers donnees Ecritures AP vers EAI;MOV_Generique_DKA.bat;Job;No;0;No;CTMSRV;CITOAF_J11GEN_06_Q;svce_cm;A_W_CIT12;A_W_CIT12;3y9aq
CIT-CITY;CITOAF_J11GEN_06_Q;CITOAF_J11GEN_06_MOV04_Q;"August 14, 2026";;;;Wait for Event;CITY : Deplacement des fichiers controle Ecritures AP vers EAI;MOV_Generique_DKA.bat;Job;No;0;No;CTMSRV;CITOAF_J11GEN_06_Q;svce_cm;A_W_CIT12;A_W_CIT12;3y9ar
CIT-CITY;CITOAF_J11GEN_06_Q;CITOAF_J11GEN_06_WRK01_Q;"August 14, 2026";;;;Wait for Event;CITY Generation des fichiers pour la compta Vente (AR);lance_Traitement_Interne.bat;Job;No;0;No;CTMSRV;CITOAF_J11GEN_06_Q;adm-citbatch;A_W_CIT12;A_W_CIT12;3y9as
CIT-CITY;CITOAF_J11GEN_06_Q;CITOAF_J11GEN_06_WRK02_Q;"August 14, 2026";;;;Wait for Event;CITY Generation des fichiers pour la compta Achat (AP);lance_Traitement_Interne.bat;Job;No;0;No;CTMSRV;CITOAF_J11GEN_06_Q;adm-citbatch;A_W_CIT12;A_W_CIT12;3y9an
CIT-CITY;CITOAF_J11INT_05_Q;CITOAF_J11INT_05_IMP01_Q;"August 14, 2026";;;;Wait for Event;Integration donnees du fichier societe dans l'application CITY;lance_Traitement_Interne.bat;Dummy;No;0;No;CTMSRV;CITOAF_J11INT_05_Q;adm-citbatch;A_W_CIT12;A_W_CIT12;3y8gz
CIT-CITY;CITOAF_J11INT_05_Q;CITOAF_J11INT_05_MOV01_Q;"August 14, 2026";;;;Wait for Event;CITY Deplacement du fichier societe de l'EAI vers repertoire donnees entrantes;MOV_REN_Generique_DKA.bat;Dummy;No;0;No;CTMSRV;CITOAF_J11INT_05_Q;svce_cm;A_W_CIT12;A_W_CIT12;3y8gy
CIT-CITY;CITPEL_J11GEN_06_Q;CITPEL_J11GEN_06_CPY01_Q;"August 14, 2026";;;;Wait for Event;CITY Copie des fichiers DOSSIER pour les applications amont;MOV_REN_Generique_DKA.bat;Job;No;0;No;CTMSRV;CITPEL_J11GEN_06_Q;adm-citbatch;A_W_CIT12;A_W_CIT12;3y7vs
CIT-CITY;CITPEL_J11GEN_06_Q;CITPEL_J11GEN_06_CPY02_Q;"August 14, 2026";;;;Wait for Event;CITY Copie des fichiers DEVIS pour les applications amont;MOV_REN_Generique_DKA.bat;Job;No;0;No;CTMSRV;CITPEL_J11GEN_06_Q;adm-citbatch;A_W_CIT12;A_W_CIT12;3y7vt
CIT-CITY;CITPEL_J11GEN_06_Q;CITPEL_J11GEN_06_CPY03_Q;"August 14, 2026";;;;Wait for Event;CITY Copie des fichiers FACTURE pour les applications amont;MOV_REN_Generique_DKA.bat;Job;No;0;No;CTMSRV;CITPEL_J11GEN_06_Q;adm-citbatch;A_W_CIT12;A_W_CIT12;3y7vu
CIT-CITY;CITPEL_J11GEN_06_Q;CITPEL_J11GEN_06_CPY04_Q;"August 14, 2026";;;;Wait for Event;CITY Copie des fichiers CTL DOSSIER pour les applications amont;MOV_REN_Generique_DKA.bat;Job;No;0;No;CTMSRV;CITPEL_J11GEN_06_Q;adm-citbatch;A_W_CIT12;A_W_CIT12;3y7vv
CIT-CITY;CITPEL_J11GEN_06_Q;CITPEL_J11GEN_06_CPY05_Q;"August 14, 2026";;;;Wait for Event;CITY Copie des fichiers CTL DEVIS pour les applications amont;MOV_REN_Generique_DKA.bat;Job;No;0;No;CTMSRV;CITPEL_J11GEN_06_Q;adm-citbatch;A_W_CIT12;A_W_CIT12;3y7vw
CIT-CITY;CITPEL_J11GEN_06_Q;CITPEL_J11GEN_06_CPY06_Q;"August 14, 2026";;;;Wait for Event;CITY Copie des fichiers CTL FACTURE pour les applications amont;MOV_REN_Generique_DKA.bat;Job;No;0;No;CTMSRV;CITPEL_J11GEN_06_Q;adm-citbatch;A_W_CIT12;A_W_CIT12;3y7vx
CIT-CITY;CITPEL_J11GEN_06_Q;CITPEL_J11GEN_06_WRK01_Q;"August 14, 2026";;;;Wait for Event;CITY Generation des fichiers pour les applications amont;lance_Traitement_Interne.bat;Job;No;0;No;CTMSRV;CITPEL_J11GEN_06_Q;adm-citbatch;A_W_CIT12;A_W_CIT12;3y7vr
CIT-CITY;CITXXX_J11FLX_07_Q;CITXXX_J11FLX_07_FTP01_Q;"August 14, 2026";;;;Wait for Event;CITY Copie des fichiers pdf vers le serveur de fichier EAI;lance_Traitement_Interne.bat;Job;No;0;No;CTMSRV;CITXXX_J11FLX_07_Q;svce_cm;A_W_CIT12;A_W_CIT12;3y84h
CIT-CITY;CITXXX_J11GEN_06_Q;CITXXX_J11GEN_06_CPY01_Q;"August 14, 2026";;;;Wait for Event;CITY Copie du fichier xml facture vers PFE;MOV_Generique_DKA.bat;Job;No;0;No;CTMSRV;CITXXX_J11GEN_06_Q;svce_cm;A_W_CIT12;A_W_CIT12;3y8n1
CIT-CITY;CITXXX_J11GEN_06_Q;CITXXX_J11GEN_06_WRK01_Q;"August 14, 2026";;;;Wait for Event;CITY Generation du fichier xml facture pour les amonts devis;lance_Traitement_Interne.bat;Job;No;0;No;CTMSRV;CITXXX_J11GEN_06_Q;svce_cm;A_W_CIT12;A_W_CIT12;3y8n0
CIT-CITY;CITXXX_J11TEC_07_Q;CITXXX_J11TEC_07_ARC01_Q;"August 14, 2026";;;;Wait for Event;Archivage du fichier Factures_EDI_travaux_*.zip;CITXXX_J11TEC_07_ARC01_Q.bat;Job;No;0;No;CTMSRV;CITXXX_J11TEC_07_Q;svce_cm;A_W_CIT12;A_W_CIT12;3y9s5
CIT-CITY;CITXXX_J11TEC_07_Q;CITXXX_J11TEC_07_PUR01_Q;"August 14, 2026";;;;Wait for Event;Purge de fichier .pdf .txt;CITXXX_J11TEC_07_PUR01_Q.bat;Job;No;0;No;CTMSRV;CITXXX_J11TEC_07_Q;svce_cm;A_W_CIT12;A_W_CIT12;3y9s4
CIT-CITY;CITXXX_J11TEC_07_Q;CITXXX_J11TEC_07_PUR02_Q;"August 14, 2026";;;;Wait for Event;Purge de fichier zip;CITXXX_J11TEC_07_PUR02_Q.bat;Job;No;0;No;CTMSRV;CITXXX_J11TEC_07_Q;svce_cm;A_W_CIT12;A_W_CIT12;3y9s6
CRT-CRT;CRTCRT_E21TEC_V1_Q;CRTCRT_E21TEC_V1_PUR01_Q;"August 14, 2026";;;;Wait for Event;Purge des logs;PURGE_FICHIER.exe;Job;No;0;No;CTMSRV;CRTCRT_E21TEC_V1_Q;crtuser;wdkcrtv1p03;wdkcrtv1p03;3y93y
CRT-CRT;CRTCRT_E21TEC_V1_Q;CRTCRT_E21TEC_V1_Q;"August 14, 2026";"August 14, 2026 1:30:12 PM";;;Executing;Chaine de purge  des logs sur le serveur WDKMOSVP03;;SMART Table;No;1;No;CTMSRV;CRTCRT_E21TEC_V1_Q;;;;3y93x
CRT-CRT;CRTCRT_E21TEC_XX_Q;CRTCRT_E21TEC_XX_ARC01_Q;"August 14, 2026";"August 14, 2026 1:30:10 PM";"August 14, 2026 1:30:12 PM";;Wait for Event;Archivage des logs;Archivage_Logs_BridgeClient.bat;Job;No;1;Yes;CTMSRV;CRTCRT_E21TEC_XX_Q;crtuser;wdkcrttdp01;wdkcrttdp01;3y7xg
CRT-CRT;CRTCRT_E21TEC_XX_Q;CRTCRT_E21TEC_XX_ARC01_Q;"August 14, 2026";"August 14, 2026 1:30:10 PM";"August 14, 2026 1:30:13 PM";;Wait for Event;Archivage des logs;Archivage_Logs_BridgeClient.bat;Job;No;1;Yes;CTMSRV;CRTCRT_E21TEC_XX_Q;crtuser;wdkcrttdp02;wdkcrttdp02;3y7xh
CRT-CRT;CRTCRT_E21TEC_XX_Q;CRTCRT_E21TEC_XX_ARC01_Q;"August 14, 2026";"August 14, 2026 1:30:10 PM";"August 14, 2026 1:30:13 PM";;Wait for Event;Archivage des logs;Archivage_Logs_BridgeClient.bat;Job;No;1;Yes;CTMSRV;CRTCRT_E21TEC_XX_Q;crtuser;wdkcrttdp03;wdkcrttdp03;3y7xi
CRT-CRT;CRTCRT_E21TEC_XX_Q;CRTCRT_E21TEC_XX_ARC01_Q;"August 14, 2026";"August 14, 2026 1:30:10 PM";"August 14, 2026 1:30:13 PM";;Wait for Event;Archivage des logs;Archivage_Logs_BridgeClient.bat;Job;No;1;Yes;CTMSRV;CRTCRT_E21TEC_XX_Q;crtuser;wdkcrttmp01;wdkcrttmp01;3y7xn
CRT-CRT;CRTCRT_E21TEC_XX_Q;CRTCRT_E21TEC_XX_ARC01_Q;"August 14, 2026";"August 14, 2026 1:30:10 PM";"August 14, 2026 1:30:13 PM";;Wait for Event;Archivage des logs;Archivage_Logs_BridgeClient.bat;Job;No;1;Yes;CTMSRV;CRTCRT_E21TEC_XX_Q;crtuser;wdkcrttmp02;wdkcrttmp02;3y7xo
CRT-CRT;CRTCRT_E21TEC_XX_Q;CRTCRT_E21TEC_XX_ARC01_Q;"August 14, 2026";"August 14, 2026 1:30:10 PM";"August 14, 2026 1:30:14 PM";;Wait for Event;Archivage des logs;Archivage_Logs_BridgeClient.bat;Job;No;1;Yes;CTMSRV;CRTCRT_E21TEC_XX_Q;crtuser;wdkcrtbcp01;wdkcrtbcp01;3y7x9
CRT-CRT;CRTCRT_E21TEC_XX_Q;CRTCRT_E21TEC_XX_ARC01_Q;"August 14, 2026";"August 14, 2026 1:30:10 PM";"August 14, 2026 1:30:18 PM";;Wait for Event;Archivage des logs;Archivage_Logs_BridgeClient.bat;Job;No;1;Yes;CTMSRV;CRTCRT_E21TEC_XX_Q;crtuser;wdkcrtbcp02;wdkcrtbcp02;3y7xa
CRT-CRT;CRTCRT_E21TEC_XX_Q;CRTCRT_E21TEC_XX_ARC01_Q;"August 14, 2026";"August 14, 2026 1:30:10 PM";"August 14, 2026 1:30:18 PM";;Wait for Event;Archivage des logs;Archivage_Logs_BridgeClient.bat;Job;No;1;Yes;CTMSRV;CRTCRT_E21TEC_XX_Q;crtuser;wdkcrtbcp03;wdkcrtbcp03;3y7xb
CRT-CRT;CRTCRT_E21TEC_XX_Q;CRTCRT_E21TEC_XX_ARC01_Q;"August 14, 2026";"August 14, 2026 1:30:10 PM";"August 14, 2026 1:30:18 PM";;Wait for Event;Archivage des logs;Archivage_Logs_BridgeClient.bat;Job;No;1;Yes;CTMSRV;CRTCRT_E21TEC_XX_Q;crtuser;wdkcrttcp02;wdkcrttcp02;3y7xe
CRT-CRT;CRTCRT_E21TEC_XX_Q;CRTCRT_E21TEC_XX_ARC01_Q;"August 14, 2026";"August 14, 2026 1:30:10 PM";"August 14, 2026 1:30:18 PM";;Wait for Event;Archivage des logs;Archivage_Logs_BridgeClient.bat;Job;No;1;Yes;CTMSRV;CRTCRT_E21TEC_XX_Q;crtuser;wdkcrttdp04;wdkcrttdp04;3y7xj
CRT-CRT;CRTCRT_E21TEC_XX_Q;CRTCRT_E21TEC_XX_ARC01_Q;"August 14, 2026";"August 14, 2026 1:30:10 PM";"August 14, 2026 1:30:18 PM";;Wait for Event;Archivage des logs;Archivage_Logs_BridgeClient.bat;Job;No;1;Yes;CTMSRV;CRTCRT_E21TEC_XX_Q;crtuser;wdkcrttdp05;wdkcrttdp05;3y7xk
CRT-CRT;CRTCRT_E21TEC_XX_Q;CRTCRT_E21TEC_XX_ARC01_Q;"August 14, 2026";"August 14, 2026 1:30:10 PM";"August 14, 2026 1:30:18 PM";;Wait for Event;Archivage des logs;Archivage_Logs_BridgeClient.bat;Job;No;1;Yes;CTMSRV;CRTCRT_E21TEC_XX_Q;crtuser;wdkcrttdp06;wdkcrttdp06;3y7xl
CRT-CRT;CRTCRT_E21TEC_XX_Q;CRTCRT_E21TEC_XX_ARC01_Q;"August 14, 2026";"August 14, 2026 1:30:10 PM";"August 14, 2026 1:30:18 PM";;Wait for Event;Archivage des logs;Archivage_Logs_BridgeClient.bat;Job;No;1;Yes;CTMSRV;CRTCRT_E21TEC_XX_Q;crtuser;wdkcrttgp01;wdkcrttgp01;3y7xm
CRT-CRT;CRTCRT_E21TEC_XX_Q;CRTCRT_E21TEC_XX_ARC01_Q;"August 14, 2026";"August 14, 2026 1:30:10 PM";"August 14, 2026 1:30:20 PM";;Wait for Event;Archivage des logs;Archivage_Logs_BridgeClient.bat;Job;No;1;Yes;CTMSRV;CRTCRT_E21TEC_XX_Q;crtuser;wdkcrtbcp04;wdkcrtbcp04;3y7xc
CRT-CRT;CRTCRT_E21TEC_XX_Q;CRTCRT_E21TEC_XX_ARC01_Q;"August 14, 2026";"August 14, 2026 1:30:10 PM";"August 14, 2026 1:30:20 PM";;Wait for Event;Archivage des logs;Archivage_Logs_BridgeClient.bat;Job;No;1;Yes;CTMSRV;CRTCRT_E21TEC_XX_Q;crtuser;wdkcrttcp01;wdkcrttcp01;3y7xd
CRT-CRT;CRTCRT_E21TEC_XX_Q;CRTCRT_E21TEC_XX_ARC01_Q;"August 14, 2026";"August 14, 2026 1:30:10 PM";"August 14, 2026 1:30:20 PM";;Wait for Event;Archivage des logs;Archivage_Logs_BridgeClient.bat;Job;No;1;Yes;CTMSRV;CRTCRT_E21TEC_XX_Q;crtuser;wdkcrttcp03;wdkcrttcp03;3y7xf
CRT-CRT;CRTCRT_E21TEC_XX_Q;CRTCRT_E21TEC_XX_ARC01_Q;"August 14, 2026";"August 14, 2026 1:30:11 PM";"August 14, 2026 1:30:12 PM";;Wait for Event;Archivage des logs;Archivage_Logs_BridgeClient.bat;Job;No;1;Yes;CTMSRV;CRTCRT_E21TEC_XX_Q;crtuser;wdkcrttmp03;wdkcrttmp03;3y7xp
CRT-CRT;CRTCRT_E21TEC_XX_Q;CRTCRT_E21TEC_XX_ARC01_Q;"August 14, 2026";"August 14, 2026 1:30:11 PM";"August 14, 2026 1:30:12 PM";;Wait for Event;Archivage des logs;Archivage_Logs_BridgeClient.bat;Job;No;1;Yes;CTMSRV;CRTCRT_E21TEC_XX_Q;crtuser;wdkcrttmp05;wdkcrttmp05;3y7xr
CRT-CRT;CRTCRT_E21TEC_XX_Q;CRTCRT_E21TEC_XX_ARC01_Q;"August 14, 2026";"August 14, 2026 1:30:11 PM";"August 14, 2026 1:30:20 PM";;Wait for Event;Archivage des logs;Archivage_Logs_BridgeClient.bat;Job;No;1;Yes;CTMSRV;CRTCRT_E21TEC_XX_Q;crtuser;wdkcrttmp04;wdkcrttmp04;3y7xq
CRT-CRT;CRTCRT_E21TEC_XX_Q;CRTCRT_E21TEC_XX_PUR01_Q;"August 14, 2026";;;;Wait for Event;Purge des logs;PURGE_FICHIER.exe;Job;No;0;No;CTMSRV;CRTCRT_E21TEC_XX_Q;crtuser;wdkcrtb2p01;wdkcrtb2p01;3y7wc
CRT-CRT;CRTCRT_E21TEC_XX_Q;CRTCRT_E21TEC_XX_PUR01_Q;"August 14, 2026";;;;Wait for Event;Purge des logs;PURGE_FICHIER.exe;Job;No;0;No;CTMSRV;CRTCRT_E21TEC_XX_Q;crtuser;wdkcrtbcp01;wdkcrtbcp01;3y7wd
CRT-CRT;CRTCRT_E21TEC_XX_Q;CRTCRT_E21TEC_XX_PUR01_Q;"August 14, 2026";;;;Wait for Event;Purge des logs;PURGE_FICHIER.exe;Job;No;0;No;CTMSRV;CRTCRT_E21TEC_XX_Q;crtuser;wdkcrtbcp02;wdkcrtbcp02;3y7we
CRT-CRT;CRTCRT_E21TEC_XX_Q;CRTCRT_E21TEC_XX_PUR01_Q;"August 14, 2026";;;;Wait for Event;Purge des logs;PURGE_FICHIER.exe;Job;No;0;No;CTMSRV;CRTCRT_E21TEC_XX_Q;crtuser;wdkcrtbcp03;wdkcrtbcp03;3y7wf
CRT-CRT;CRTCRT_E21TEC_XX_Q;CRTCRT_E21TEC_XX_PUR01_Q;"August 14, 2026";;;;Wait for Event;Purge des logs;PURGE_FICHIER.exe;Job;No;0;No;CTMSRV;CRTCRT_E21TEC_XX_Q;crtuser;wdkcrtbcp04;wdkcrtbcp04;3y7wg
CRT-CRT;CRTCRT_E21TEC_XX_Q;CRTCRT_E21TEC_XX_PUR01_Q;"August 14, 2026";;;;Wait for Event;Purge des logs;PURGE_FICHIER.exe;Job;No;0;No;CTMSRV;CRTCRT_E21TEC_XX_Q;crtuser;wdkcrtbcp05;wdkcrtbcp05;3y7wh
CRT-CRT;CRTCRT_E21TEC_XX_Q;CRTCRT_E21TEC_XX_PUR01_Q;"August 14, 2026";;;;Wait for Event;Purge des logs;PURGE_FICHIER.exe;Job;No;0;No;CTMSRV;CRTCRT_E21TEC_XX_Q;crtuser;wdkcrtbgp01;wdkcrtbgp01;3y7wi
CRT-CRT;CRTCRT_E21TEC_XX_Q;CRTCRT_E21TEC_XX_PUR01_Q;"August 14, 2026";;;;Wait for Event;Purge des logs;PURGE_FICHIER.exe;Job;No;0;No;CTMSRV;CRTCRT_E21TEC_XX_Q;crtuser;wdkcrtecp01;wdkcrtecp01;3y7wj
CRT-CRT;CRTCRT_E21TEC_XX_Q;CRTCRT_E21TEC_XX_PUR01_Q;"August 14, 2026";;;;Wait for Event;Purge des logs;PURGE_FICHIER.exe;Job;No;0;No;CTMSRV;CRTCRT_E21TEC_XX_Q;crtuser;wdkcrtecp02;wdkcrtecp02;3y7wk
CRT-CRT;CRTCRT_E21TEC_XX_Q;CRTCRT_E21TEC_XX_PUR01_Q;"August 14, 2026";;;;Wait for Event;Purge des logs;PURGE_FICHIER.exe;Job;No;0;No;CTMSRV;CRTCRT_E21TEC_XX_Q;crtuser;wdkcrtexp01;wdkcrtexp01;3y7wl
CRT-CRT;CRTCRT_E21TEC_XX_Q;CRTCRT_E21TEC_XX_PUR01_Q;"August 14, 2026";;;;Wait for Event;Purge des logs;PURGE_FICHIER.exe;Job;No;0;No;CTMSRV;CRTCRT_E21TEC_XX_Q;crtuser;wdkcrtg2p01;wdkcrtg2p01;3y7wm
CRT-CRT;CRTCRT_E21TEC_XX_Q;CRTCRT_E21TEC_XX_PUR01_Q;"August 14, 2026";;;;Wait for Event;Purge des logs;PURGE_FICHIER.exe;Job;No;0;No;CTMSRV;CRTCRT_E21TEC_XX_Q;crtuser;wdkcrtg2p02;wdkcrtg2p02;3y7wn
CRT-CRT;CRTCRT_E21TEC_XX_Q;CRTCRT_E21TEC_XX_PUR01_Q;"August 14, 2026";;;;Wait for Event;Purge des logs;PURGE_FICHIER.exe;Job;No;0;No;CTMSRV;CRTCRT_E21TEC_XX_Q;crtuser;wdkcrtinp01;wdkcrtinp01;3y7wo
CRT-CRT;CRTCRT_E21TEC_XX_Q;CRTCRT_E21TEC_XX_PUR01_Q;"August 14, 2026";;;;Wait for Event;Purge des logs;PURGE_FICHIER.exe;Job;No;0;No;CTMSRV;CRTCRT_E21TEC_XX_Q;crtuser;wdkcrttcp01;wdkcrttcp01;3y7wp
CRT-CRT;CRTCRT_E21TEC_XX_Q;CRTCRT_E21TEC_XX_PUR01_Q;"August 14, 2026";;;;Wait for Event;Purge des logs;PURGE_FICHIER.exe;Job;No;0;No;CTMSRV;CRTCRT_E21TEC_XX_Q;crtuser;wdkcrttcp02;wdkcrttcp02;3y7wq
CRT-CRT;CRTCRT_E21TEC_XX_Q;CRTCRT_E21TEC_XX_PUR01_Q;"August 14, 2026";;;;Wait for Event;Purge des logs;PURGE_FICHIER.exe;Job;No;0;No;CTMSRV;CRTCRT_E21TEC_XX_Q;crtuser;wdkcrttcp03;wdkcrttcp03;3y7wr
CRT-CRT;CRTCRT_E21TEC_XX_Q;CRTCRT_E21TEC_XX_PUR01_Q;"August 14, 2026";;;;Wait for Event;Purge des logs;PURGE_FICHIER.exe;Job;No;0;No;CTMSRV;CRTCRT_E21TEC_XX_Q;crtuser;wdkcrttdp01;wdkcrttdp01;3y7ws
CRT-CRT;CRTCRT_E21TEC_XX_Q;CRTCRT_E21TEC_XX_PUR01_Q;"August 14, 2026";;;;Wait for Event;Purge des logs;PURGE_FICHIER.exe;Job;No;0;No;CTMSRV;CRTCRT_E21TEC_XX_Q;crtuser;wdkcrttdp02;wdkcrttdp02;3y7wt
CRT-CRT;CRTCRT_E21TEC_XX_Q;CRTCRT_E21TEC_XX_PUR01_Q;"August 14, 2026";;;;Wait for Event;Purge des logs;PURGE_FICHIER.exe;Job;No;0;No;CTMSRV;CRTCRT_E21TEC_XX_Q;crtuser;wdkcrttdp03;wdkcrttdp03;3y7wu
CRT-CRT;CRTCRT_E21TEC_XX_Q;CRTCRT_E21TEC_XX_PUR01_Q;"August 14, 2026";;;;Wait for Event;Purge des logs;PURGE_FICHIER.exe;Job;No;0;No;CTMSRV;CRTCRT_E21TEC_XX_Q;crtuser;wdkcrttdp04;wdkcrttdp04;3y7wv
CRT-CRT;CRTCRT_E21TEC_XX_Q;CRTCRT_E21TEC_XX_PUR01_Q;"August 14, 2026";;;;Wait for Event;Purge des logs;PURGE_FICHIER.exe;Job;No;0;No;CTMSRV;CRTCRT_E21TEC_XX_Q;crtuser;wdkcrttdp05;wdkcrttdp05;3y7ww
CRT-CRT;CRTCRT_E21TEC_XX_Q;CRTCRT_E21TEC_XX_PUR01_Q;"August 14, 2026";;;;Wait for Event;Purge des logs;PURGE_FICHIER.exe;Job;No;0;No;CTMSRV;CRTCRT_E21TEC_XX_Q;crtuser;wdkcrttdp06;wdkcrttdp06;3y7wx
CRT-CRT;CRTCRT_E21TEC_XX_Q;CRTCRT_E21TEC_XX_PUR01_Q;"August 14, 2026";;;;Wait for Event;Purge des logs;PURGE_FICHIER.exe;Job;No;0;No;CTMSRV;CRTCRT_E21TEC_XX_Q;crtuser;wdkcrttgp01;wdkcrttgp01;3y7wy
CRT-CRT;CRTCRT_E21TEC_XX_Q;CRTCRT_E21TEC_XX_PUR01_Q;"August 14, 2026";;;;Wait for Event;Purge des logs;PURGE_FICHIER.exe;Job;No;0;No;CTMSRV;CRTCRT_E21TEC_XX_Q;crtuser;wdkcrttmp01;wdkcrttmp01;3y7wz
CRT-CRT;CRTCRT_E21TEC_XX_Q;CRTCRT_E21TEC_XX_PUR01_Q;"August 14, 2026";;;;Wait for Event;Purge des logs;PURGE_FICHIER.exe;Job;No;0;No;CTMSRV;CRTCRT_E21TEC_XX_Q;crtuser;wdkcrttmp02;wdkcrttmp02;3y7x0
CRT-CRT;CRTCRT_E21TEC_XX_Q;CRTCRT_E21TEC_XX_PUR01_Q;"August 14, 2026";;;;Wait for Event;Purge des logs;PURGE_FICHIER.exe;Job;No;0;No;CTMSRV;CRTCRT_E21TEC_XX_Q;crtuser;wdkcrttmp03;wdkcrttmp03;3y7x1
CRT-CRT;CRTCRT_E21TEC_XX_Q;CRTCRT_E21TEC_XX_PUR01_Q;"August 14, 2026";;;;Wait for Event;Purge des logs;PURGE_FICHIER.exe;Job;No;0;No;CTMSRV;CRTCRT_E21TEC_XX_Q;crtuser;wdkcrttmp04;wdkcrttmp04;3y7x2
CRT-CRT;CRTCRT_E21TEC_XX_Q;CRTCRT_E21TEC_XX_PUR01_Q;"August 14, 2026";;;;Wait for Event;Purge des logs;PURGE_FICHIER.exe;Job;No;0;No;CTMSRV;CRTCRT_E21TEC_XX_Q;crtuser;wdkcrttmp05;wdkcrttmp05;3y7x3
CRT-CRT;CRTCRT_E21TEC_XX_Q;CRTCRT_E21TEC_XX_PUR01_Q;"August 14, 2026";;;;Wait for Event;Purge des logs;PURGE_FICHIER.exe;Job;No;0;No;CTMSRV;CRTCRT_E21TEC_XX_Q;crtuser;wdkcrttsp01;wdkcrttsp01;3y7x4
CRT-CRT;CRTCRT_E21TEC_XX_Q;CRTCRT_E21TEC_XX_PUR01_Q;"August 14, 2026";;;;Wait for Event;Purge des logs;PURGE_FICHIER.exe;Job;No;0;No;CTMSRV;CRTCRT_E21TEC_XX_Q;crtuser;wdkcrttwp01;wdkcrttwp01;3y7x5
CRT-CRT;CRTCRT_E21TEC_XX_Q;CRTCRT_E21TEC_XX_PUR01_Q;"August 14, 2026";;;;Wait for Event;Purge des logs;PURGE_FICHIER.exe;Job;No;0;No;CTMSRV;CRTCRT_E21TEC_XX_Q;crtuser;wdkcrtwbp01;wdkcrtwbp01;3y7x6
CRT-CRT;CRTCRT_E21TEC_XX_Q;CRTCRT_E21TEC_XX_PUR01_Q;"August 14, 2026";;;;Wait for Event;Purge des logs;PURGE_FICHIER.exe;Job;No;0;No;CTMSRV;CRTCRT_E21TEC_XX_Q;crtuser;wdkcrtwbp02;wdkcrtwbp02;3y7x7
CRT-CRT;CRTCRT_E21TEC_XX_Q;CRTCRT_E21TEC_XX_PUR01_Q;"August 14, 2026";;;;Wait for Event;Purge des logs;PURGE_FICHIER.exe;Job;No;0;No;CTMSRV;CRTCRT_E21TEC_XX_Q;crtuser;wdkcrtwbp03;wdkcrtwbp03;3y7x8
CRT-CRT;CRTCRT_E21TEC_XX_Q;CRTCRT_E21TEC_XX_Q;"August 14, 2026";"August 14, 2026 1:30:10 PM";;;Executing;Chaine de purge et archivage  des logs sur les serveurs CRT;;SMART Table;No;1;No;CTMSRV;CRTCRT_E21TEC_XX_Q;;;;3y7wb
CRT-CRT;CRTCRT_E21TRT_TW_Q;CRTCRT_E21TRT_TW_Q;"August 14, 2026";;;;Wait for Event;Lancement du module de détection de trous d'historique CRT - 15h et 21h;;SMART Table;No;0;No;CTMSRV;CRTCRT_E21TRT_TW_Q;;;;3y8h9
CRT-CRT;CRTCRT_E21TRT_TW_Q;CRTCRT_E21TRT_TW_WRK01_Q;"August 14, 2026";;;;Wait for Event;Lancement du module de détection de trous d'historique CRT - 15h et 21h;historique_recherche_trou.bat;Job;No;0;Yes;CTMSRV;CRTCRT_E21TRT_TW_Q;crtuser;wdkcrttwp01;wdkcrttwp01;3y8ha
CRT-CRT;CRTCRT_EXPLOI_XX_Q;CRTCRT_E22TEC_BC_CTL01_Q;"August 14, 2026";;;;Wait for Event;WDKCRTBCxxx : Check Service PanoAdmin;CRT_CHECK_BRIDGECTRL;Command;No;0;No;CTMSRV;CRTCRT_EXPLOI_XX_Q/CRTCRT_E22TEC_BC_Q;crtuser;wdkcrtbcp01;wdkcrtbcp01;3y8dh
CRT-CRT;CRTCRT_EXPLOI_XX_Q;CRTCRT_E22TEC_BC_CTL01_Q;"August 14, 2026";;;;Wait for Event;WDKCRTBCxxx : Check Service PanoAdmin;CRT_CHECK_BRIDGECTRL;Command;No;0;No;CTMSRV;CRTCRT_EXPLOI_XX_Q/CRTCRT_E22TEC_BC_Q;crtuser;wdkcrtbcp02;wdkcrtbcp02;3y8di
CRT-CRT;CRTCRT_EXPLOI_XX_Q;CRTCRT_E22TEC_BC_CTL01_Q;"August 14, 2026";;;;Wait for Event;WDKCRTBCxxx : Check Service PanoAdmin;CRT_CHECK_BRIDGECTRL;Command;No;0;No;CTMSRV;CRTCRT_EXPLOI_XX_Q/CRTCRT_E22TEC_BC_Q;crtuser;wdkcrtbcp03;wdkcrtbcp03;3y8dj
CRT-CRT;CRTCRT_EXPLOI_XX_Q;CRTCRT_E22TEC_BC_CTL01_Q;"August 14, 2026";;;;Wait for Event;WDKCRTBCxxx : Check Service PanoAdmin;CRT_CHECK_BRIDGECTRL;Command;No;0;No;CTMSRV;CRTCRT_EXPLOI_XX_Q/CRTCRT_E22TEC_BC_Q;crtuser;wdkcrtbcp04;wdkcrtbcp04;3y8dk
CRT-CRT;CRTCRT_EXPLOI_XX_Q;CRTCRT_E22TEC_BC_CTL01_Q;"August 14, 2026";;;;Wait for Event;WDKCRTBCxxx : Check Service PanoAdmin;CRT_CHECK_BRIDGECTRL;Command;No;0;No;CTMSRV;CRTCRT_EXPLOI_XX_Q/CRTCRT_E22TEC_BC_Q;crtuser;wdkcrtbcp05;wdkcrtbcp05;3y8dl
CRT-CRT;CRTCRT_EXPLOI_XX_Q;CRTCRT_E22TEC_BC_CTL02_Q;"August 14, 2026";;;;Wait for Event;WDKCRTBCxxx : Check Service Composer;CRT_CHECK_BRIDGECTRL;Command;No;0;No;CTMSRV;CRTCRT_EXPLOI_XX_Q/CRTCRT_E22TEC_BC_Q;crtuser;wdkcrtbcp01;wdkcrtbcp01;3y8dm
CRT-CRT;CRTCRT_EXPLOI_XX_Q;CRTCRT_E22TEC_BC_CTL02_Q;"August 14, 2026";;;;Wait for Event;WDKCRTBCxxx : Check Service Composer;CRT_CHECK_BRIDGECTRL;Command;No;0;No;CTMSRV;CRTCRT_EXPLOI_XX_Q/CRTCRT_E22TEC_BC_Q;crtuser;wdkcrtbcp02;wdkcrtbcp02;3y8dn
CRT-CRT;CRTCRT_EXPLOI_XX_Q;CRTCRT_E22TEC_BC_CTL02_Q;"August 14, 2026";;;;Wait for Event;WDKCRTBCxxx : Check Service Composer;CRT_CHECK_BRIDGECTRL;Command;No;0;No;CTMSRV;CRTCRT_EXPLOI_XX_Q/CRTCRT_E22TEC_BC_Q;crtuser;wdkcrtbcp03;wdkcrtbcp03;3y8do
CRT-CRT;CRTCRT_EXPLOI_XX_Q;CRTCRT_E22TEC_BC_CTL02_Q;"August 14, 2026";;;;Wait for Event;WDKCRTBCxxx : Check Service Composer;CRT_CHECK_BRIDGECTRL;Command;No;0;No;CTMSRV;CRTCRT_EXPLOI_XX_Q/CRTCRT_E22TEC_BC_Q;crtuser;wdkcrtbcp04;wdkcrtbcp04;3y8dp
CRT-CRT;CRTCRT_EXPLOI_XX_Q;CRTCRT_E22TEC_BC_CTL02_Q;"August 14, 2026";;;;Wait for Event;WDKCRTBCxxx : Check Service Composer;CRT_CHECK_BRIDGECTRL;Command;No;0;No;CTMSRV;CRTCRT_EXPLOI_XX_Q/CRTCRT_E22TEC_BC_Q;crtuser;wdkcrtbcp05;wdkcrtbcp05;3y8dq
CRT-CRT;CRTCRT_EXPLOI_XX_Q;CRTCRT_E22TEC_BC_Q;"August 14, 2026";;;;Wait for Event;Controle Service BACNET;;Sub-Table;No;0;No;CTMSRV;CRTCRT_EXPLOI_XX_Q;crtuser;;;3y8dg
CRT-CRT;CRTCRT_EXPLOI_XX_Q;CRTCRT_E22TEC_BG_CTL01_Q;"August 14, 2026";;;;Wait for Event;WDKCRTBGx01 : Check BridgeCtrl.exe STATUS;CRT_CHECK_BRIDGECTRL;Command;No;0;No;CTMSRV;CRTCRT_EXPLOI_XX_Q/CRTCRT_E22TEC_BG_Q;crtuser;A_W_CRTTW01;A_W_CRTTW01;3y8ds
CRT-CRT;CRTCRT_EXPLOI_XX_Q;CRTCRT_E22TEC_BG_Q;"August 14, 2026";;;;Wait for Event;Controle Bridge Clients  et les CRTs;;Sub-Table;No;0;No;CTMSRV;CRTCRT_EXPLOI_XX_Q;crtuser;;;3y8dr
CRT-CRT;CRTCRT_EXPLOI_XX_Q;CRTCRT_E22TEC_BS_CTL01_Q;"August 14, 2026";;;;Wait for Event;LDKCRTBSx01 : Check KafkaZookeeper;AllKafkaZookeeper.sh;Command;No;0;No;CTMSRV;CRTCRT_EXPLOI_XX_Q/CRTCRT_E22TEC_BS_Q;crt-admin;A_L_CRTBA01;A_L_CRTBA01;3y8du
CRT-CRT;CRTCRT_EXPLOI_XX_Q;CRTCRT_E22TEC_BS_CTL02_Q;"August 14, 2026";;;;Wait for Event;LDKCRTBSx01 : Check Worker et Master;spark-cluster-status;Command;No;0;No;CTMSRV;CRTCRT_EXPLOI_XX_Q/CRTCRT_E22TEC_BS_Q;busadm;A_L_CRTBS01;A_L_CRTBS01;3y8dv
CRT-CRT;CRTCRT_EXPLOI_XX_Q;CRTCRT_E22TEC_BS_CTL03_Q;"August 14, 2026";;;;Wait for Event;LDKCRTBSx01 : Check Applications;spark-apps-status;Command;No;0;No;CTMSRV;CRTCRT_EXPLOI_XX_Q/CRTCRT_E22TEC_BS_Q;busadm;A_L_CRTBS01;A_L_CRTBS01;3y8dw
CRT-CRT;CRTCRT_EXPLOI_XX_Q;CRTCRT_E22TEC_BS_Q;"August 14, 2026";;;;Wait for Event;Controle du Bus Streaming;;Sub-Table;No;0;No;CTMSRV;CRTCRT_EXPLOI_XX_Q;busadm;;;3y8dt
CRT-CRT;CRTCRT_EXPLOI_XX_Q;CRTCRT_E22TEC_EC_CTL01_Q;"August 14, 2026";;;;Wait for Event;WDKCRTECxxx : Check Service CRT TransFTP;CRT_CHECK_BRIDGECTRL;Command;No;0;No;CTMSRV;CRTCRT_EXPLOI_XX_Q/CRTCRT_E22TEC_EC_Q;crtuser;wdkcrtecp01;wdkcrtecp01;3y8dy
CRT-CRT;CRTCRT_EXPLOI_XX_Q;CRTCRT_E22TEC_EC_CTL01_Q;"August 14, 2026";;;;Wait for Event;WDKCRTECxxx : Check Service CRT TransFTP;CRT_CHECK_BRIDGECTRL;Command;No;0;No;CTMSRV;CRTCRT_EXPLOI_XX_Q/CRTCRT_E22TEC_EC_Q;crtuser;wdkcrtecp02;wdkcrtecp02;3y8dz
CRT-CRT;CRTCRT_EXPLOI_XX_Q;CRTCRT_E22TEC_EC_Q;"August 14, 2026";;;;Wait for Event;Controle Service CRT TransFTP;;Sub-Table;No;0;No;CTMSRV;CRTCRT_EXPLOI_XX_Q;crtuser;;;3y8dx
CRT-CRT;CRTCRT_EXPLOI_XX_Q;CRTCRT_E22TEC_MS_CTL01_Q;"August 14, 2026";;;;Wait for Event;LDKCRTMSxxx : Check des commandes curl MicroServices;check_microservices.ksh;Job;No;0;No;CTMSRV;CRTCRT_EXPLOI_XX_Q/CRTCRT_E22TEC_MS_Q;root;ldkcrtmsp01;ldkcrtmsp01;3y8e1
CRT-CRT;CRTCRT_EXPLOI_XX_Q;CRTCRT_E22TEC_MS_CTL01_Q;"August 14, 2026";;;;Wait for Event;LDKCRTMSxxx : Check des commandes curl MicroServices;check_microservices.ksh;Job;No;0;No;CTMSRV;CRTCRT_EXPLOI_XX_Q/CRTCRT_E22TEC_MS_Q;root;ldkcrtmsp02;ldkcrtmsp02;3y8e2
CRT-CRT;CRTCRT_EXPLOI_XX_Q;CRTCRT_E22TEC_MS_Q;"August 14, 2026";;;;Wait for Event;Controle des MicroServices;;Sub-Table;No;0;No;CTMSRV;CRTCRT_EXPLOI_XX_Q;root;;;3y8e0
CRT-CRT;CRTCRT_EXPLOI_XX_Q;CRTCRT_E22TEC_TD_CTL01_Q;"August 14, 2026";;;;Wait for Event;WDKCRTTDxxx : Check Service datarelay;CRT_CHECK_BRIDGECTRL;Command;No;0;No;CTMSRV;CRTCRT_EXPLOI_XX_Q/CRTCRT_E22TEC_TD_Q;crtuser;wdkcrttdp01;wdkcrttdp01;3y8e4
CRT-CRT;CRTCRT_EXPLOI_XX_Q;CRTCRT_E22TEC_TD_CTL01_Q;"August 14, 2026";;;;Wait for Event;WDKCRTTDxxx : Check Service datarelay;CRT_CHECK_BRIDGECTRL;Command;No;0;No;CTMSRV;CRTCRT_EXPLOI_XX_Q/CRTCRT_E22TEC_TD_Q;crtuser;wdkcrttdp02;wdkcrttdp02;3y8e5
CRT-CRT;CRTCRT_EXPLOI_XX_Q;CRTCRT_E22TEC_TD_CTL01_Q;"August 14, 2026";;;;Wait for Event;WDKCRTTDxxx : Check Service datarelay;CRT_CHECK_BRIDGECTRL;Command;No;0;No;CTMSRV;CRTCRT_EXPLOI_XX_Q/CRTCRT_E22TEC_TD_Q;crtuser;wdkcrttdp03;wdkcrttdp03;3y8e6
CRT-CRT;CRTCRT_EXPLOI_XX_Q;CRTCRT_E22TEC_TD_CTL01_Q;"August 14, 2026";;;;Wait for Event;WDKCRTTDxxx : Check Service datarelay;CRT_CHECK_BRIDGECTRL;Command;No;0;No;CTMSRV;CRTCRT_EXPLOI_XX_Q/CRTCRT_E22TEC_TD_Q;crtuser;wdkcrttdp04;wdkcrttdp04;3y8e7
CRT-CRT;CRTCRT_EXPLOI_XX_Q;CRTCRT_E22TEC_TD_CTL01_Q;"August 14, 2026";;;;Wait for Event;WDKCRTTDxxx : Check Service datarelay;CRT_CHECK_BRIDGECTRL;Command;No;0;No;CTMSRV;CRTCRT_EXPLOI_XX_Q/CRTCRT_E22TEC_TD_Q;crtuser;wdkcrttdp05;wdkcrttdp05;3y8e8
CRT-CRT;CRTCRT_EXPLOI_XX_Q;CRTCRT_E22TEC_TD_CTL01_Q;"August 14, 2026";;;;Wait for Event;WDKCRTTDxxx : Check Service datarelay;CRT_CHECK_BRIDGECTRL;Command;No;0;No;CTMSRV;CRTCRT_EXPLOI_XX_Q/CRTCRT_E22TEC_TD_Q;crtuser;wdkcrttdp06;wdkcrttdp06;3y8e9
CRT-CRT;CRTCRT_EXPLOI_XX_Q;CRTCRT_E22TEC_TD_Q;"August 14, 2026";;;;Wait for Event;Controle Service Trend;;Sub-Table;No;0;No;CTMSRV;CRTCRT_EXPLOI_XX_Q;crtuser;;;3y8e3
CRT-CRT;CRTCRT_EXPLOI_XX_Q;CRTCRT_E22TEC_TW_CTL01_Q;"August 14, 2026";;;;Wait for Event;WDKCRTTWx01 : Check Service CRT SpvApp;CRT_CHECK_BRIDGECTRL;Command;No;0;No;CTMSRV;CRTCRT_EXPLOI_XX_Q/CRTCRT_E22TEC_TW_Q;crtuser;wdkcrttwp01;wdkcrttwp01;3y8eb
CRT-CRT;CRTCRT_EXPLOI_XX_Q;CRTCRT_E22TEC_TW_Q;"August 14, 2026";;;;Wait for Event;Controle Service CRT SpvApp;;Sub-Table;No;0;No;CTMSRV;CRTCRT_EXPLOI_XX_Q;crtuser;;;3y8ea
CRT-CRT;CRTCRT_EXPLOI_XX_Q;CRTCRT_E23TEC_BG_CTL01_Q;"August 14, 2026";;;;Wait for Event;WDKCRTBGxxx : Check Service Tomcat7  Bridge générique;CRT_CHECK_BRIDGECTRL;Dummy;No;0;No;CTMSRV;CRTCRT_EXPLOI_XX_Q/CRTCRT_E23TEC_BG_Q;crtuser;A_W_CRTBG01;A_W_CRTBG01;3y8ed
CRT-CRT;CRTCRT_EXPLOI_XX_Q;CRTCRT_E23TEC_BG_CTL02_Q;"August 14, 2026";;;;Wait for Event;WDKCRTBGxxx : Check Service CRTService Bridge générique;CRT_CHECK_BRIDGECTRL;Dummy;No;0;No;CTMSRV;CRTCRT_EXPLOI_XX_Q/CRTCRT_E23TEC_BG_Q;crtuser;A_W_CRTBG01;A_W_CRTBG01;3y8ee
CRT-CRT;CRTCRT_EXPLOI_XX_Q;CRTCRT_E23TEC_BG_Q;"August 14, 2026";;;;Wait for Event;Controle Services Bridge Générique;;Sub-Table;No;0;No;CTMSRV;CRTCRT_EXPLOI_XX_Q;crtuser;;;3y8ec
CRT-CRT;CRTCRT_EXPLOI_XX_Q;CRTCRT_E23TEC_TS_CTL01_Q;"August 14, 2026";;;;Wait for Event;WDKCRTTSx01 : Check Service Tomcat7;CRT_CHECK_BRIDGECTRL;Command;No;0;No;CTMSRV;CRTCRT_EXPLOI_XX_Q/CRTCRT_E23TEC_TS_Q;crtuser;A_W_CRTTS01;A_W_CRTTS01;3y8eg
CRT-CRT;CRTCRT_EXPLOI_XX_Q;CRTCRT_E23TEC_TS_CTL02_Q;"August 14, 2026";;;;Wait for Event;WDKCRTTSx01 : Check Service CRT CipRip;CRT_CHECK_BRIDGECTRL;Command;No;0;No;CTMSRV;CRTCRT_EXPLOI_XX_Q/CRTCRT_E23TEC_TS_Q;crtuser;A_W_CRTTS01;A_W_CRTTS01;3y8eh
CRT-CRT;CRTCRT_EXPLOI_XX_Q;CRTCRT_E23TEC_TS_Q;"August 14, 2026";;;;Wait for Event;Controle Services Bridge Générique;;Sub-Table;No;0;No;CTMSRV;CRTCRT_EXPLOI_XX_Q;crtuser;;;3y8ef
CRT-CRT;CRTCRT_EXPLOI_XX_Q;CRTCRT_EXPLOI_XX_Q;"August 14, 2026";;;;Wait for Event;CRT : Controle de la plateforme CRT;;SMART Table;No;0;No;CTMSRV;CRTCRT_EXPLOI_XX_Q;crtuser;;;3y8df
CRT-CRT;CRTCRT_J11TRT_04_Q;CRTCRT_J11TRT_04_CAL01_Q;"August 14, 2026";;;;Wait for Event;CRT : Module Calcul;;Command;No;0;No;CTMSRV;CRTCRT_J11TRT_04_Q;crtuser;A_W_CRTTS01;A_W_CRTTS01;3y9y0
CRT-CRT;CRTCRT_J11TRT_04_Q;CRTCRT_J11TRT_04_CAL02_Q;"August 14, 2026";;;;Wait for Event;CRT : ModuleCalculSansEchec;;Command;No;0;No;CTMSRV;CRTCRT_J11TRT_04_Q;crtuser;A_W_CRTTS01;A_W_CRTTS01;3y9y1
CRT-CRT;CRTCRT_J11TRT_04_Q;CRTCRT_J11TRT_04_CAL03_Q;"August 14, 2026";"August 14, 2026 1:30:12 PM";"August 14, 2026 1:32:04 PM";;Ended OK;CRT : ModuleCalculTMA;;Command;No;1;No;CTMSRV;CRTCRT_J11TRT_04_Q;crtuser;wdkcrttsp01;A_W_CRTTS01;3y9y2
CRT-CRT;CRTCRT_J11TRT_04_Q;CRTCRT_J11TRT_04_Q;"August 14, 2026";"August 14, 2026 1:30:12 PM";;;Executing;CRT : Batchs APP CRT;;SMART Table;No;1;No;CTMSRV;CRTCRT_J11TRT_04_Q;crtuser;;;3y9xx
CRT-CRT;CRTCRT_J11TRT_04_Q;CRTCRT_J11TRT_04_WRK01_Q;"August 14, 2026";;;;Wait for Event;CRT : Memory_Check;;Command;No;0;Yes;CTMSRV;CRTCRT_J11TRT_04_Q;crtuser;A_W_CRTG201;A_W_CRTG201;3y9xy
CRT-CRT;CRTCRT_J11TRT_04_Q;CRTCRT_J11TRT_04_WRK02_Q;"August 14, 2026";;;;Wait for Event;CRT : Memory_Check;;Command;No;0;Yes;CTMSRV;CRTCRT_J11TRT_04_Q;crtuser;A_W_CRTG202;A_W_CRTG202;3y9xz
CRT-CRT;CRTCRT_J12TRT_04_Q;CRTCRT_J12TRT_04_EXP27_Q;"August 14, 2026";;;;Wait for Event;CRT : Lancement de l'export hierarchie CRT;ExportHisto.bat;Job;No;0;No;CTMSRV;CRTCRT_J12TRT_04_Q;crtuser;A_W_CRTEX01;A_W_CRTEX01;3y81q
CRT-CRT;CRTCRT_J12TRT_04_Q;CRTCRT_J12TRT_04_Q;"August 14, 2026";"August 14, 2026 1:30:11 PM";;;Executing;CRT : Batchs Echanges CRT;;SMART Table;No;1;No;CTMSRV;CRTCRT_J12TRT_04_Q;crtuser;;;3y81n
CRT-CRT;CRTCRT_J12TRT_04_Q;CRTCRT_J12TRT_04_WRK06_Q;"August 14, 2026";;;;Wait for Event;Déplacement des fichiers courbes de charges de valeurs corrigée mensuel pour prodelec;;Command;No;0;No;CTMSRV;CRTCRT_J12TRT_04_Q;crtuser;A_W_CRTIN01;A_W_CRTIN01;3y81o
CRT-CRT;CRTCRT_J12TRT_04_Q;CRTCRT_J12TRT_04_WRK07_Q;"August 14, 2026";;;;Wait for Event;Traitement des fichiers d'Energie de Strasbourg;;Command;No;0;Yes;CTMSRV;CRTCRT_J12TRT_04_Q;crtuser;A_W_CRTIN01;A_W_CRTIN01;3y81p
CRT-CRT;CRTCRT_J13TRT_04_Q;CRTCRT_J13TRT_04_EXP01_Q;"August 14, 2026";;;;Wait for Event;CRT : Export_TLC;;Command;No;0;No;CTMSRV;CRTCRT_J13TRT_04_Q;crtuser;wdkcrttcp01;wdkcrttcp01;3y9u9
CRT-CRT;CRTCRT_J13TRT_04_Q;CRTCRT_J13TRT_04_EXP01_Q;"August 14, 2026";;;;Wait for Event;CRT : Export_TLC;;Command;No;0;No;CTMSRV;CRTCRT_J13TRT_04_Q;crtuser;wdkcrttcp02;wdkcrttcp02;3y9ua
CRT-CRT;CRTCRT_J13TRT_04_Q;CRTCRT_J13TRT_04_EXP01_Q;"August 14, 2026";;;;Wait for Event;CRT : Export_TLC;;Command;No;0;No;CTMSRV;CRTCRT_J13TRT_04_Q;crtuser;wdkcrttcp03;wdkcrttcp03;3y9ub
CRT-CRT;CRTCRT_J13TRT_04_Q;CRTCRT_J13TRT_04_Q;"August 14, 2026";"August 14, 2026 1:30:12 PM";;;Executing;CRT : Batchs Frontaux CRT;;SMART Table;No;1;No;CTMSRV;CRTCRT_J13TRT_04_Q;crtuser;;;3y9u2
CRT-CRT;CRTCRT_J13TRT_04_Q;CRTCRT_J13TRT_04_WRK01_Q;"August 14, 2026";"August 14, 2026 1:45:00 PM";"August 14, 2026 1:45:04 PM";;Wait for Event;CRT : Suivi_Mémoire_Frontal_BACnet;;Command;No;16;Yes;CTMSRV;CRTCRT_J13TRT_04_Q;crtuser;wdkcrtbcp04;wdkcrtbcp04;3y9u6
CRT-CRT;CRTCRT_J13TRT_04_Q;CRTCRT_J13TRT_04_WRK01_Q;"August 14, 2026";"August 14, 2026 1:45:00 PM";"August 14, 2026 1:45:05 PM";;Wait for Event;CRT : Suivi_Mémoire_Frontal_BACnet;;Command;No;16;Yes;CTMSRV;CRTCRT_J13TRT_04_Q;crtuser;wdkcrtbcp01;wdkcrtbcp01;3y9u3
CRT-CRT;CRTCRT_J13TRT_04_Q;CRTCRT_J13TRT_04_WRK01_Q;"August 14, 2026";"August 14, 2026 1:45:00 PM";"August 14, 2026 1:45:05 PM";;Wait for Event;CRT : Suivi_Mémoire_Frontal_BACnet;;Command;No;16;Yes;CTMSRV;CRTCRT_J13TRT_04_Q;crtuser;wdkcrtbcp02;wdkcrtbcp02;3y9u4
CRT-CRT;CRTCRT_J13TRT_04_Q;CRTCRT_J13TRT_04_WRK01_Q;"August 14, 2026";"August 14, 2026 1:45:00 PM";"August 14, 2026 1:45:05 PM";;Wait for Event;CRT : Suivi_Mémoire_Frontal_BACnet;;Command;No;16;Yes;CTMSRV;CRTCRT_J13TRT_04_Q;crtuser;wdkcrtbcp03;wdkcrtbcp03;3y9u5
CRT-CRT;CRTCRT_J13TRT_04_Q;CRTCRT_J13TRT_04_WRK01_Q;"August 14, 2026";"August 14, 2026 1:45:00 PM";"August 14, 2026 1:45:05 PM";;Wait for Event;CRT : Suivi_Mémoire_Frontal_BACnet;;Command;No;16;Yes;CTMSRV;CRTCRT_J13TRT_04_Q;crtuser;wdkcrtbcp05;wdkcrtbcp05;3y9u7
CRT-CRT;CRTCRT_J13TRT_04_Q;CRTCRT_J13TRT_04_WRK02_Q;"August 14, 2026";"August 14, 2026 1:45:00 PM";"August 14, 2026 1:45:00 PM";;Wait for Event;CRT : Suivi_Mémoire_Frontal_TeleMetry;;Dummy;No;16;Yes;CTMSRV;CRTCRT_J13TRT_04_Q;crtuser;;wdkcrtcwp01;3y9u8
CRT-CRT;CRTCRT_J13TRT_04_Q;CRTCRT_J13TRT_04_WRK03_Q;"August 14, 2026";"August 14, 2026 1:45:00 PM";"August 14, 2026 1:45:02 PM";;Wait for Event;CRT : Suivi_Mémoire_Frontal_Trend;;Command;No;16;Yes;CTMSRV;CRTCRT_J13TRT_04_Q;crtuser;wdkcrttdp01;wdkcrttdp01;3y9uc
CRT-CRT;CRTCRT_J13TRT_04_Q;CRTCRT_J13TRT_04_WRK03_Q;"August 14, 2026";"August 14, 2026 1:45:00 PM";"August 14, 2026 1:45:02 PM";;Wait for Event;CRT : Suivi_Mémoire_Frontal_Trend;;Command;No;16;Yes;CTMSRV;CRTCRT_J13TRT_04_Q;crtuser;wdkcrttdp03;wdkcrttdp03;3y9ue
CRT-CRT;CRTCRT_J13TRT_04_Q;CRTCRT_J13TRT_04_WRK03_Q;"August 14, 2026";"August 14, 2026 1:45:00 PM";"August 14, 2026 1:45:02 PM";;Wait for Event;CRT : Suivi_Mémoire_Frontal_Trend;;Command;No;16;Yes;CTMSRV;CRTCRT_J13TRT_04_Q;crtuser;wdkcrttdp04;wdkcrttdp04;3y9uf
CRT-CRT;CRTCRT_J13TRT_04_Q;CRTCRT_J13TRT_04_WRK03_Q;"August 14, 2026";"August 14, 2026 1:45:00 PM";"August 14, 2026 1:45:02 PM";;Wait for Event;CRT : Suivi_Mémoire_Frontal_Trend;;Command;No;16;Yes;CTMSRV;CRTCRT_J13TRT_04_Q;crtuser;wdkcrttdp05;wdkcrttdp05;3y9ug
CRT-CRT;CRTCRT_J13TRT_04_Q;CRTCRT_J13TRT_04_WRK03_Q;"August 14, 2026";"August 14, 2026 1:45:00 PM";"August 14, 2026 1:45:02 PM";;Wait for Event;CRT : Suivi_Mémoire_Frontal_Trend;;Command;No;16;Yes;CTMSRV;CRTCRT_J13TRT_04_Q;crtuser;wdkcrttdp06;wdkcrttdp06;3y9uh
CRT-CRT;CRTCRT_J13TRT_04_Q;CRTCRT_J13TRT_04_WRK03_Q;"August 14, 2026";"August 14, 2026 1:45:00 PM";"August 14, 2026 1:45:03 PM";;Wait for Event;CRT : Suivi_Mémoire_Frontal_Trend;;Command;No;16;Yes;CTMSRV;CRTCRT_J13TRT_04_Q;crtuser;wdkcrttdp02;wdkcrttdp02;3y9ud
CRT-CRT;CRTCRT_J13TRT_04_Q;CRTCRT_J13TRT_04_WRK04_Q;"August 14, 2026";"August 14, 2026 1:45:00 PM";"August 14, 2026 1:45:03 PM";;Wait for Event;CRT : Suivi_Mémoire_Frontal_Telemetry;;Command;No;16;Yes;CTMSRV;CRTCRT_J13TRT_04_Q;crtuser;wdkcrttmp01;wdkcrttmp01;3y9ui
CRT-CRT;CRTCRT_J13TRT_04_Q;CRTCRT_J13TRT_04_WRK04_Q;"August 14, 2026";"August 14, 2026 1:45:00 PM";"August 14, 2026 1:45:03 PM";;Wait for Event;CRT : Suivi_Mémoire_Frontal_Telemetry;;Command;No;16;Yes;CTMSRV;CRTCRT_J13TRT_04_Q;crtuser;wdkcrttmp02;wdkcrttmp02;3y9uj
CRT-CRT;CRTCRT_J13TRT_04_Q;CRTCRT_J13TRT_04_WRK04_Q;"August 14, 2026";"August 14, 2026 1:45:00 PM";"August 14, 2026 1:45:03 PM";;Wait for Event;CRT : Suivi_Mémoire_Frontal_Telemetry;;Command;No;16;Yes;CTMSRV;CRTCRT_J13TRT_04_Q;crtuser;wdkcrttmp03;wdkcrttmp03;3y9uk
CRT-CRT;CRTCRT_J13TRT_04_Q;CRTCRT_J13TRT_04_WRK04_Q;"August 14, 2026";"August 14, 2026 1:45:00 PM";"August 14, 2026 1:45:03 PM";;Wait for Event;CRT : Suivi_Mémoire_Frontal_Telemetry;;Command;No;16;Yes;CTMSRV;CRTCRT_J13TRT_04_Q;crtuser;wdkcrttmp05;wdkcrttmp05;3y9um
CRT-CRT;CRTCRT_J13TRT_04_Q;CRTCRT_J13TRT_04_WRK04_Q;"August 14, 2026";"August 14, 2026 1:45:00 PM";"August 14, 2026 1:45:04 PM";;Wait for Event;CRT : Suivi_Mémoire_Frontal_Telemetry;;Command;No;16;Yes;CTMSRV;CRTCRT_J13TRT_04_Q;crtuser;wdkcrttmp04;wdkcrttmp04;3y9ul
CTM-CONTROL-M;CTMCTM_E11AJF_08_A;CTMCTM_E11AJF_08_AJF01_A;"August 14, 2026";"August 14, 2026 1:30:10 PM";"August 14, 2026 1:30:10 PM";;Ended OK;AJF tables Annuelles (CTMPA);U512AJF010;Dummy;No;1;No;CTMSRV;CTMCTM_E11AJF_08_A;controlm;;SRV_PRIMAIRE;3y8xo
CTM-CONTROL-M;CTMCTM_E11AJF_08_H;CTMCTM_E11AJF_08_AJF01_H;"August 14, 2026";"August 14, 2026 1:30:38 PM";"August 14, 2026 1:30:38 PM";;Ended OK;AJF tables Hebdomadaires (CTMPH);U512AJF010;Dummy;No;1;No;CTMSRV;CTMCTM_E11AJF_08_H;controlm;;SRV_PRIMAIRE;3y9cb
CTM-CONTROL-M;CTMCTM_E11AJF_08_H;CTMCTM_E11AJF_08_AJF03_H;"August 14, 2026";"August 14, 2026 1:30:39 PM";"August 14, 2026 1:30:39 PM";;Ended OK;AJF tables Hebdomadaires CSCPH (CSC);U512AJF556;Dummy;No;1;No;CTMSRV;CTMCTM_E11AJF_08_H;controlm;;SRV_PRIMAIRE;3y9cc
CTM-CONTROL-M;CTMCTM_E11AJF_08_H;CTMCTM_E11AJF_08_AJF04_H;"August 14, 2026";"August 14, 2026 1:30:42 PM";"August 14, 2026 1:30:42 PM";;Ended OK;AJF tables Hebdomadaires DIS (Dispatch);U512AJF556;Dummy;No;1;No;CTMSRV;CTMCTM_E11AJF_08_H;controlm;;SRV_PRIMAIRE;3y9cd
CTM-CONTROL-M;CTMCTM_E11AJF_08_M;CTMCTM_E11AJF_08_AJF01_M;"August 14, 2026";"August 14, 2026 1:30:13 PM";"August 14, 2026 1:30:13 PM";;Ended OK;AJF tables Mensuelles (CTMPM);U512AJF010;Dummy;No;1;No;CTMSRV;CTMCTM_E11AJF_08_M;controlm;;SRV_PRIMAIRE;3y99d
CTM-CONTROL-M;CTMCTM_E11AJF_08_Q;CTMCTM_E11AJF_08_AJF01_Q;"August 14, 2026";"August 14, 2026 1:30:27 PM";"August 14, 2026 1:30:27 PM";;Ended OK;AJF tables Quotidiennes (CTMPQ);U512AJF010;Dummy;No;1;No;CTMSRV;CTMCTM_E11AJF_08_Q;controlm;;SRV_PRIMAIRE;3y95x
CTM-CONTROL-M;CTMCTM_E11AJF_08_Q;CTMCTM_E11AJF_08_AJF04_Q;"August 14, 2026";"August 14, 2026 1:30:13 PM";"August 14, 2026 1:30:13 PM";;Ended OK;AJF tables Quotidiennes ETRM;U512AJF025;Dummy;No;1;No;CTMSRV;CTMCTM_E11AJF_08_Q;controlm;;SRV_PRIMAIRE;3y95e
CTM-CONTROL-M;CTMCTM_E11AJF_08_Q;CTMCTM_E11AJF_08_AJF04_Q;"August 14, 2026";"August 14, 2026 1:30:43 PM";"August 14, 2026 1:30:43 PM";;Ended OK;AJF tables Quotidiennes ETRM;U512AJF025;Dummy;No;1;No;CTMSRV;CTMCTM_E11AJF_08_Q;controlm;;SRV_PRIMAIRE;3y967
CTM-CONTROL-M;CTMCTM_E11AJF_08_Q;CTMCTM_E11AJF_08_AJF06_Q;"August 14, 2026";"August 14, 2026 1:30:14 PM";"August 14, 2026 1:30:14 PM";;Ended OK;AJF tables Journalieres DWH;U512AJF080;Dummy;No;1;No;CTMSRV;CTMCTM_E11AJF_08_Q;controlm;;SRV_PRIMAIRE;3y95f
CTM-CONTROL-M;CTMCTM_E11AJF_08_Q;CTMCTM_E11AJF_08_AJF09_Q;"August 14, 2026";"August 14, 2026 1:30:15 PM";"August 14, 2026 1:30:15 PM";;Ended OK;AJF tables Journalieres ALADIN;U512AJF100;Dummy;No;1;No;CTMSRV;CTMCTM_E11AJF_08_Q;controlm;;SRV_PRIMAIRE;3y95g
CTM-CONTROL-M;CTMCTM_E11AJF_08_Q;CTMCTM_E11AJF_08_AJF12_Q;"August 14, 2026";"August 14, 2026 1:30:14 PM";"August 14, 2026 1:30:14 PM";;Ended OK;AJF tables Journalieres ECO;U512AJF120;Dummy;No;1;No;CTMSRV;CTMCTM_E11AJF_08_Q;controlm;;SRV_PRIMAIRE;3y95h
CTM-CONTROL-M;CTMCTM_E11AJF_08_Q;CTMCTM_E11AJF_08_AJF15_Q;"August 14, 2026";"August 14, 2026 1:30:21 PM";"August 14, 2026 1:30:21 PM";;Ended OK;AJF tables Journalieres MDM;U512AJF170;Dummy;No;1;No;CTMSRV;CTMCTM_E11AJF_08_Q;controlm;;SRV_PRIMAIRE;3y95i
CTM-CONTROL-M;CTMCTM_E11AJF_08_Q;CTMCTM_E11AJF_08_AJF20_Q;"August 14, 2026";"August 14, 2026 1:30:20 PM";"August 14, 2026 1:30:20 PM";;Ended OK;AJF tables Quotidiennes CID;U512AJF550;Dummy;No;1;No;CTMSRV;CTMCTM_E11AJF_08_Q;controlm;;SRV_PRIMAIRE;3y95j
CTM-CONTROL-M;CTMCTM_E11AJF_08_Q;CTMCTM_E11AJF_08_AJF21_Q;"August 14, 2026";"August 14, 2026 1:30:18 PM";"August 14, 2026 1:30:18 PM";;Ended OK;AJF tables Quoditiennes CID DEMANDE;U512AJF550;Dummy;No;1;No;CTMSRV;CTMCTM_E11AJF_08_Q;controlm;;SRV_PRIMAIRE;3y95k
CTM-CONTROL-M;CTMCTM_E11AJF_08_Q;CTMCTM_E11AJF_08_AJF23_Q;"August 14, 2026";"August 14, 2026 1:30:26 PM";"August 14, 2026 1:30:26 PM";;Ended OK;AJF tables Quotidiennes CSC;U512AJF556;Dummy;No;1;No;CTMSRV;CTMCTM_E11AJF_08_Q;controlm;;SRV_PRIMAIRE;3y95l
CTM-CONTROL-M;CTMCTM_E11AJF_08_Q;CTMCTM_E11AJF_08_AJF24_Q;"August 14, 2026";"August 14, 2026 1:31:00 PM";"August 14, 2026 1:31:00 PM";;Ended OK;ADD COND DWH a la montee au plan;U512AJF010;Dummy;No;1;No;CTMSRV;CTMCTM_E11AJF_08_Q;controlm;;SRV_PRIMAIRE;3y95m
CTM-CONTROL-M;CTMCTM_E11AJF_08_Q;CTMCTM_E11AJF_08_AJF27_Q;"August 14, 2026";"August 14, 2026 1:30:29 PM";"August 14, 2026 1:30:29 PM";;Ended OK;AJF tables Quotidiennes DISPATCH;U512AJF556;Dummy;No;1;No;CTMSRV;CTMCTM_E11AJF_08_Q;controlm;;SRV_PRIMAIRE;3y95y
CTM-CONTROL-M;CTMCTM_E11AJF_08_Q;CTMCTM_E11AJF_08_AJF28_Q;"August 14, 2026";"August 14, 2026 1:31:01 PM";"August 14, 2026 1:31:01 PM";;Ended OK;AJF tables Quotidiennes DTR;U512AJF080;Dummy;No;1;No;CTMSRV;CTMCTM_E11AJF_08_Q;controlm;;SRV_PRIMAIRE;3y95n
CTM-CONTROL-M;CTMCTM_E11AJF_08_Q;CTMCTM_E11AJF_08_AJF30_Q;"August 14, 2026";"August 14, 2026 1:30:23 PM";"August 14, 2026 1:30:23 PM";;Ended OK;AJF tables Journalieres PELICAN;U512AJF020;Dummy;No;1;No;CTMSRV;CTMCTM_E11AJF_08_Q;controlm;;SRV_PRIMAIRE;3y95o
CTM-CONTROL-M;CTMCTM_E11AJF_08_Q;CTMCTM_E11AJF_08_AJF39_Q;"August 14, 2026";"August 14, 2026 1:30:21 PM";"August 14, 2026 1:30:21 PM";;Ended OK;ADD COND SIGMA a la montee au plan;U512AJF010;Dummy;No;1;No;CTMSRV;CTMCTM_E11AJF_08_Q;controlm;;SRV_PRIMAIRE;3y95p
CTM-CONTROL-M;CTMCTM_E11AJF_08_Q;CTMCTM_E11AJF_08_AJF40_Q;"August 14, 2026";"August 14, 2026 1:30:33 PM";"August 14, 2026 1:30:33 PM";;Ended OK;AJF tables Journalieres SIGMA;U512AJF020;Dummy;No;1;No;CTMSRV;CTMCTM_E11AJF_08_Q;controlm;;SRV_PRIMAIRE;3y95q
CTM-CONTROL-M;CTMCTM_E11AJF_08_Q;CTMCTM_E11AJF_08_AJF432_Q;"August 14, 2026";"August 14, 2026 1:30:30 PM";"August 14, 2026 1:30:30 PM";;Ended OK;AJF tables Journalieres ENERGY sauf Samedi;U512AJF410;Dummy;No;1;No;CTMSRV;CTMCTM_E11AJF_08_Q;controlm;;SRV_PRIMAIRE;3y95z
CTM-CONTROL-M;CTMCTM_E11AJF_08_Q;CTMCTM_E11AJF_08_AJF43_Q;"August 14, 2026";"August 14, 2026 1:30:23 PM";"August 14, 2026 1:30:23 PM";;Ended OK;AJF tables Journalieres ENERGY;U512AJF410;Dummy;No;1;No;CTMSRV;CTMCTM_E11AJF_08_Q;controlm;;SRV_PRIMAIRE;3y95r
CTM-CONTROL-M;CTMCTM_E11AJF_08_Q;CTMCTM_E11AJF_08_AJF47_Q;"August 14, 2026";"August 14, 2026 1:30:22 PM";"August 14, 2026 1:30:22 PM";;Ended OK;ADD COND OAP a la montee au plan;U512AJF010;Dummy;No;1;No;CTMSRV;CTMCTM_E11AJF_08_Q;controlm;;SRV_PRIMAIRE;3y95s
CTM-CONTROL-M;CTMCTM_E11AJF_08_Q;CTMCTM_E11AJF_08_AJF48_Q;"August 14, 2026";"August 14, 2026 1:30:24 PM";"August 14, 2026 1:30:24 PM";;Ended OK;AJF tables Journalieres OAP;U512AJF020;Dummy;No;1;No;CTMSRV;CTMCTM_E11AJF_08_Q;controlm;;SRV_PRIMAIRE;3y95t
CTM-CONTROL-M;CTMCTM_E11AJF_08_Q;CTMCTM_E11AJF_08_AJF51_Q;"August 14, 2026";"August 14, 2026 1:30:25 PM";"August 14, 2026 1:30:25 PM";;Ended OK;AJF tables Quotidiennes OAP sauf L1;U512AJF180;Dummy;No;1;No;CTMSRV;CTMCTM_E11AJF_08_Q;controlm;;SRV_PRIMAIRE;3y95u
CTM-CONTROL-M;CTMCTM_E11AJF_08_Q;CTMCTM_E11AJF_08_AJF52_Q;"August 14, 2026";"August 14, 2026 1:30:28 PM";"August 14, 2026 1:30:28 PM";;Ended OK;AJF tables Journalieres SIC;U512AJF410;Dummy;No;1;No;CTMSRV;CTMCTM_E11AJF_08_Q;controlm;;SRV_PRIMAIRE;3y95v
CTM-CONTROL-M;CTMCTM_E11AJF_08_Q;CTMCTM_E11AJF_08_AJF55_Q;"August 14, 2026";"August 14, 2026 1:30:26 PM";"August 14, 2026 1:30:26 PM";;Ended OK;ADD COND OFA a la montee au plan;U512AJF010;Dummy;No;1;No;CTMSRV;CTMCTM_E11AJF_08_Q;controlm;;SRV_PRIMAIRE;3y95w
CTM-CONTROL-M;CTMCTM_E11AJF_08_Q;CTMCTM_E11AJF_08_AJF58_Q;"August 14, 2026";"August 14, 2026 1:30:32 PM";"August 14, 2026 1:30:32 PM";;Ended OK;AJF tables Journalieres KDR;U512AJF170;Dummy;No;1;No;CTMSRV;CTMCTM_E11AJF_08_Q;controlm;;SRV_PRIMAIRE;3y960
CTM-CONTROL-M;CTMCTM_E11AJF_08_Q;CTMCTM_E11AJF_08_AJF59_Q;"August 14, 2026";"August 14, 2026 1:30:34 PM";"August 14, 2026 1:30:34 PM";;Ended OK;AJF tables Journalieres FINANCE;U512AJF170;Dummy;No;1;No;CTMSRV;CTMCTM_E11AJF_08_Q;controlm;;SRV_PRIMAIRE;3y962
CTM-CONTROL-M;CTMCTM_E11AJF_08_Q;CTMCTM_E11AJF_08_AJF60_Q;"August 14, 2026";"August 14, 2026 1:30:31 PM";"August 14, 2026 1:30:31 PM";;Ended OK;AJF tables Journaliere PREDTR;U512AJF170;Dummy;No;1;No;CTMSRV;CTMCTM_E11AJF_08_Q;controlm;;SRV_PRIMAIRE;3y961
CTM-CONTROL-M;CTMCTM_E11AJF_08_Q;CTMCTM_E11AJF_08_AJF61_Q;"August 14, 2026";"August 14, 2026 1:30:36 PM";"August 14, 2026 1:30:36 PM";;Ended OK;AJF tables Journalieres ARS;U512AJF170;Dummy;No;1;No;CTMSRV;CTMCTM_E11AJF_08_Q;controlm;;SRV_PRIMAIRE;3y963
CTM-CONTROL-M;CTMCTM_E11AJF_08_Q;CTMCTM_E11AJF_08_AJF62_Q;"August 14, 2026";"August 14, 2026 1:30:40 PM";"August 14, 2026 1:30:40 PM";;Ended OK;AJF tables Journalieres MBB;U512AJF170;Dummy;No;1;No;CTMSRV;CTMCTM_E11AJF_08_Q;controlm;;SRV_PRIMAIRE;3y964
CTM-CONTROL-M;CTMCTM_E11AJF_08_Q;CTMCTM_E11AJF_08_AJF63_Q;"August 14, 2026";"August 14, 2026 1:30:35 PM";"August 14, 2026 1:30:35 PM";;Ended OK;AJF tables Quotidiennes GDR;U512AJF025;Dummy;No;1;No;CTMSRV;CTMCTM_E11AJF_08_Q;controlm;;SRV_PRIMAIRE;3y965
CTM-CONTROL-M;CTMCTM_E11AJF_08_Q;CTMCTM_E11AJF_08_AJF64_Q;"August 14, 2026";"August 14, 2026 1:30:37 PM";"August 14, 2026 1:30:37 PM";;Ended OK;AJF tables Quotidiennes PKI;U512AJF025;Dummy;No;1;No;CTMSRV;CTMCTM_E11AJF_08_Q;controlm;;SRV_PRIMAIRE;3y966
CTM-CONTROL-M;CTMCTM_E11AJF_08_S;CTMCTM_E11AJF_08_AJF01_S;"August 14, 2026";"August 14, 2026 1:30:41 PM";"August 14, 2026 1:30:41 PM";;Ended OK;AJF tables Semestrielles (CTMPS);U512AJF010;Dummy;No;1;No;CTMSRV;CTMCTM_E11AJF_08_S;controlm;;SRV_PRIMAIRE;3y9dq
CTM-CONTROL-M;CTMCTM_E11STP_01_Q;CTMCTM_E11STP_01_SUB02_Q;"August 14, 2026";;;;Wait for Event;Arret du serveur UDKEMB;ARRET_UDKEMB;Dummy;No;0;No;CTMSRV;CTMCTM_E11STP_01_Q;root;;;3y8h4
CTM-CONTROL-M;CTMCTM_E11TEC_04_Q;CTMCTM_E11TEC_04_SUB01_Q;"August 14, 2026";;;;Wait for Event;Soumission scripts DWH a 00h05;SUBT0005 DWH;Dummy;No;0;No;CTMSRV;CTMCTM_E11TEC_04_Q;svce_cm;;;3y87i
CTM-CONTROL-M;CTMCTM_E11TEC_04_Q;CTMCTM_E11TEC_04_SUB02_Q;"August 14, 2026";;;;Wait for Event;Soumission scripts CITY a 01h00;CITY SUBT0200;Dummy;No;0;No;CTMSRV;CTMCTM_E11TEC_04_Q;svce_cm;;;3y87j
CTM-CONTROL-M;CTMCTM_E11TEC_04_Q;CTMCTM_E11TEC_04_SUB03_Q;"August 14, 2026";;;;Wait for Event;Soumission deblocage scripts HERCULE a 03h00;HERCULE SUBT0300 start  prod;Dummy;No;0;No;CTMSRV;CTMCTM_E11TEC_04_Q;svce_cm;;;3y87k
CTM-CONTROL-M;CTMCTM_E11TEC_04_Q;CTMCTM_E11TEC_04_SUB10_Q;"August 14, 2026";"August 14, 2026 1:30:11 PM";"August 14, 2026 1:30:11 PM";;Ended OK;Soumission scripts a 13H30;SUBT1330;Dummy;No;1;No;CTMSRV;CTMCTM_E11TEC_04_Q;svce_cm;;;3y87l
CTM-CONTROL-M;CTMCTM_E11TEC_04_Q;CTMCTM_E11TEC_04_SUB11_Q;"August 14, 2026";;;;Wait for Event;Soumission scripts a 14h00;SUBT1400;Dummy;No;0;No;CTMSRV;CTMCTM_E11TEC_04_Q;svce_cm;;;3y87m
CTM-CONTROL-M;CTMCTM_E11TEC_04_Q;CTMCTM_E11TEC_04_SUB12_Q;"August 14, 2026";;;;Wait for Event;Soumission scripts a 15h00;SUBT1500;Dummy;No;0;No;CTMSRV;CTMCTM_E11TEC_04_Q;svce_cm;;;3y87n
CTM-CONTROL-M;CTMCTM_E11TEC_04_Q;CTMCTM_E11TEC_04_SUB16_Q;"August 14, 2026";;;;Wait for Event;Soumission start service HERCULE à 07h00;HERCULE SUBT0700 stop prod;Dummy;No;0;No;CTMSRV;CTMCTM_E11TEC_04_Q;root;;;3y87o
CTM-CONTROL-M;CTMCTM_E11TEC_04_Q;CTMCTM_E11TEC_04_SUB28_Q;"August 14, 2026";;;;Wait for Event;Soumission scripts à 14h00;SUBT1400;Dummy;No;0;No;CTMSRV;CTMCTM_E11TEC_04_Q;root;;;3y87p
CTM-CONTROL-M;CTMCTM_E11TEC_04_Q;CTMCTM_E11TEC_04_SUB29_Q;"August 14, 2026";;;;Wait for Event;Soumission scripts à 15h00;SUBT1500;Dummy;No;0;No;CTMSRV;CTMCTM_E11TEC_04_Q;root;;;3y87q
CTM-CONTROL-M;CTMCTM_E11TEC_04_Q;CTMCTM_E11TEC_04_SUB34_Q;"August 14, 2026";;;;Wait for Event;Soumission scripts à 21H30;SUBT2130;Dummy;No;0;No;CTMSRV;CTMCTM_E11TEC_04_Q;root;;;3y87r
CTM-CONTROL-M;CTMCTM_E12AJF_08_Q;CTMCTM_E12AJF_08_ACC01_Q;"August 14, 2026";;;;Wait for Event;Accumulation des statistiques control_m;U512AJF510;Command;No;0;No;CTMSRV;CTMCTM_E12AJF_08_Q;controlm;SRV_PRIMAIRE;SRV_PRIMAIRE;3y8nc
CTM-CONTROL-M;CTMCTM_E12AJF_08_Q;CTMCTM_E12AJF_08_DEL01_Q;"August 14, 2026";"August 14, 2026 1:30:13 PM";"August 14, 2026 1:31:16 PM";;Ended OK;Delete des conditions anterieures a 7 jours;U512AJF500;Command;No;1;No;CTMSRV;CTMCTM_E12AJF_08_Q;controlm;ldkctmp50;SRV_PRIMAIRE;3y8nb
CTM-CONTROL-M;CTMCTM_E12AJF_08_Q;CTMCTM_E12AJF_08_EXT01_Q;"August 14, 2026";;;;Wait for Event;ctmldnrs: creation fic. conditions AJF absentes nof U514;U512AJF800;Command;No;0;No;CTMSRV;CTMCTM_E12AJF_08_Q;controlm;SRV_PRIMAIRE;SRV_PRIMAIRE;3y8ni
CTM-CONTROL-M;CTMCTM_E12AJF_08_Q;CTMCTM_E12AJF_08_ORP01_Q;"August 14, 2026";;;;Wait for Event;ctmldnrs: load des conditions AJF absentes (VEH*);U512AJF820;Command;No;0;No;CTMSRV;CTMCTM_E12AJF_08_Q;controlm;SRV_PRIMAIRE;SRV_PRIMAIRE;3y8nj
CTM-CONTROL-M;CTMCTM_E12AJF_08_Q;CTMCTM_E12AJF_08_ORP02_Q;"August 14, 2026";;;;Wait for Event;ctmldnrs: load des conditions AJF absentes (PRE*);U512AJF810;Command;No;0;No;CTMSRV;CTMCTM_E12AJF_08_Q;controlm;SRV_PRIMAIRE;SRV_PRIMAIRE;3y8nd
CTM-CONTROL-M;CTMCTM_E12AJF_08_Q;CTMCTM_E12AJF_08_ORP03_Q;"August 14, 2026";;;;Wait for Event;ctmldnrs: load des conditions AJF absentes (CID*);U512AJF811;Command;No;0;No;CTMSRV;CTMCTM_E12AJF_08_Q;controlm;SRV_PRIMAIRE;SRV_PRIMAIRE;3y8ne
CTM-CONTROL-M;CTMCTM_E12AJF_08_Q;CTMCTM_E12AJF_08_ORP04_Q;"August 14, 2026";;;;Wait for Event;ctmldnrs: load des conditions AJF absentes (EAI*);U512AJF812;Command;No;0;No;CTMSRV;CTMCTM_E12AJF_08_Q;controlm;SRV_PRIMAIRE;SRV_PRIMAIRE;3y8nf
CTM-CONTROL-M;CTMCTM_E12AJF_08_Q;CTMCTM_E12AJF_08_ORP05_Q;"August 14, 2026";;;;Wait for Event;ctmldnrs: load des conditions AJF absentes (ETR*);U512AJF813;Command;No;0;No;CTMSRV;CTMCTM_E12AJF_08_Q;controlm;SRV_PRIMAIRE;SRV_PRIMAIRE;3y8ng
CTM-CONTROL-M;CTMCTM_E12AJF_08_Q;CTMCTM_E12AJF_08_ORP06_Q;"August 14, 2026";;;;Wait for Event;ctmldnrs: load des conditions AJF absentes (BOC*);U512AJF815;Command;No;0;No;CTMSRV;CTMCTM_E12AJF_08_Q;controlm;SRV_PRIMAIRE;SRV_PRIMAIRE;3y8nh
CTM-CONTROL-M;CTMCTM_E12AJF_08_Q;CTMCTM_E12AJF_08_ORP07_Q;"August 14, 2026";;;;Wait for Event;ctmldnrs: load des conditions AJF absentes (OAP*);AJF_CTM_860;Command;No;0;No;CTMSRV;CTMCTM_E12AJF_08_Q;controlm;SRV_PRIMAIRE;SRV_PRIMAIRE;3y8no
CTM-CONTROL-M;CTMCTM_E12AJF_08_Q;CTMCTM_E12AJF_08_ORP08_Q;"August 14, 2026";;;;Wait for Event;ctmldnrs: load des conditions AJF absentes (ECO*);AJF_CTM_820;Command;No;0;No;CTMSRV;CTMCTM_E12AJF_08_Q;controlm;SRV_PRIMAIRE;SRV_PRIMAIRE;3y8nk
CTM-CONTROL-M;CTMCTM_E12AJF_08_Q;CTMCTM_E12AJF_08_ORP09_Q;"August 14, 2026";;;;Wait for Event;ctmldnrs: load des conditions AJF absentes (XFB*);AJF_CTM_830;Command;No;0;No;CTMSRV;CTMCTM_E12AJF_08_Q;controlm;SRV_PRIMAIRE;SRV_PRIMAIRE;3y8nl
CTM-CONTROL-M;CTMCTM_E12AJF_08_Q;CTMCTM_E12AJF_08_ORP10_Q;"August 14, 2026";;;;Wait for Event;ctmldnrs: load des conditions AJF absentes (ALA*);AJF_CTM_840;Command;No;0;No;CTMSRV;CTMCTM_E12AJF_08_Q;controlm;SRV_PRIMAIRE;SRV_PRIMAIRE;3y8nm
CTM-CONTROL-M;CTMCTM_E12AJF_08_Q;CTMCTM_E12AJF_08_ORP11_Q;"August 14, 2026";;;;Wait for Event;ctmldnrs: load des conditions AJF absentes (SIG*);AJF_CTM_850;Command;No;0;No;CTMSRV;CTMCTM_E12AJF_08_Q;controlm;SRV_PRIMAIRE;SRV_PRIMAIRE;3y8nn
CTM-CONTROL-M;CTMCTM_E12AJF_08_Q;CTMCTM_E12AJF_08_ORP12_Q;"August 14, 2026";;;;Wait for Event;ctmldnrs: load des conditions AJF absentes (SAG*);AJF_CTM_850;Command;No;0;No;CTMSRV;CTMCTM_E12AJF_08_Q;controlm;SRV_PRIMAIRE;SRV_PRIMAIRE;3y8np
CTM-CONTROL-M;CTMCTM_E12AJF_08_Q;CTMCTM_E12AJF_08_ORP13_Q;"August 14, 2026";;;;Wait for Event;ctmldnrs: load des conditions AJF absentes (HRA*);AJF_CTM_850;Command;No;0;No;CTMSRV;CTMCTM_E12AJF_08_Q;controlm;SRV_PRIMAIRE;SRV_PRIMAIRE;3y8nq
CTM-CONTROL-M;CTMCTM_E12AJF_08_Q;CTMCTM_E12AJF_08_ORP14_Q;"August 14, 2026";;;;Wait for Event;ctmldnrs: load des conditions AJF absentes (DWH*);AJF_CTM_850;Command;No;0;No;CTMSRV;CTMCTM_E12AJF_08_Q;controlm;SRV_PRIMAIRE;SRV_PRIMAIRE;3y8nr
CTM-CONTROL-M;CTMCTM_E12AJF_08_Q;CTMCTM_E12AJF_08_ORP15_Q;"August 14, 2026";;;;Wait for Event;ctmldnrs: load des conditions AJF absentes (CSC*);AJF_CTM_850;Command;No;0;No;CTMSRV;CTMCTM_E12AJF_08_Q;controlm;SRV_PRIMAIRE;SRV_PRIMAIRE;3y8ns
CTM-CONTROL-M;CTMCTM_E12AJF_08_Q;CTMCTM_E12AJF_08_ORP16_Q;"August 14, 2026";;;;Wait for Event;ctmldnrs: load des conditions AJF absentes (MDM*);AJF_CTM_850;Command;No;0;No;CTMSRV;CTMCTM_E12AJF_08_Q;controlm;SRV_PRIMAIRE;SRV_PRIMAIRE;3y8nt
CTM-CONTROL-M;CTMCTM_E12AJF_08_Q;CTMCTM_E12AJF_08_ORP17_Q;"August 14, 2026";;;;Wait for Event;ctmldnrs: load des conditions AJF absentes (HA8*);AJF_CTM_850;Command;No;0;No;CTMSRV;CTMCTM_E12AJF_08_Q;controlm;SRV_PRIMAIRE;SRV_PRIMAIRE;3y8nu
CTM-CONTROL-M;CTMCTM_E12AJF_08_Q;CTMCTM_E12AJF_08_ORP18_Q;"August 14, 2026";;;;Wait for Event;ctmldnrs: load des conditions AJF absentes (NRJ*);AJF_CTM_850;Command;No;0;No;CTMSRV;CTMCTM_E12AJF_08_Q;controlm;SRV_PRIMAIRE;SRV_PRIMAIRE;3y8nv
CTM-CONTROL-M;CTMCTM_E12AJF_08_Q;CTMCTM_E12AJF_08_ORP19_Q;"August 14, 2026";;;;Wait for Event;ctmldnrs: load des conditions AJF absentes (OAF*);AJF_CTM_850;Command;No;0;No;CTMSRV;CTMCTM_E12AJF_08_Q;controlm;SRV_PRIMAIRE;SRV_PRIMAIRE;3y8nw
CTM-CONTROL-M;CTMCTM_E12AJF_08_Q;CTMCTM_E12AJF_08_ORP20_Q;"August 14, 2026";;;;Wait for Event;ctmldnrs: load des conditions AJF absentes (OPM*);AJF_CTM_850;Command;No;0;No;CTMSRV;CTMCTM_E12AJF_08_Q;controlm;SRV_PRIMAIRE;SRV_PRIMAIRE;3y8nx
CTM-CONTROL-M;CTMCTM_E12AJF_08_Q;CTMCTM_E12AJF_08_ORP21_Q;"August 14, 2026";;;;Wait for Event;ctmldnrs: load des conditions AJF absentes (OAA*);AJF_CTM_850;Command;No;0;No;CTMSRV;CTMCTM_E12AJF_08_Q;controlm;SRV_PRIMAIRE;SRV_PRIMAIRE;3y8ny
CTM-CONTROL-M;CTMCTM_E12AJF_08_Q;CTMCTM_E12AJF_08_ORP22_Q;"August 14, 2026";;;;Wait for Event;ctmldnrs: load des conditions AJF absentes (PRO*);AJF_CTM_850;Command;No;0;No;CTMSRV;CTMCTM_E12AJF_08_Q;controlm;SRV_PRIMAIRE;SRV_PRIMAIRE;3y8nz
CTM-CONTROL-M;CTMCTM_E12AJF_08_Q;CTMCTM_E12AJF_08_ORP23_Q;"August 14, 2026";;;;Wait for Event;ctmldnrs: load des conditions AJF absentes (DWS*);AJF_CTM_850;Command;No;0;No;CTMSRV;CTMCTM_E12AJF_08_Q;controlm;SRV_PRIMAIRE;SRV_PRIMAIRE;3y8o0
CTM-CONTROL-M;CTMCTM_E12AJF_08_Q;CTMCTM_E12AJF_08_ORP24_Q;"August 14, 2026";;;;Wait for Event;ctmldnrs: load des conditions AJF absentes (DWA*);AJF_CTM_850;Command;No;0;No;CTMSRV;CTMCTM_E12AJF_08_Q;controlm;SRV_PRIMAIRE;SRV_PRIMAIRE;3y8o1
CTM-CONTROL-M;CTMCTM_E12AJF_08_Q;CTMCTM_E12AJF_08_ORP25_Q;"August 14, 2026";;;;Wait for Event;ctmldnrs: load des conditions AJF absentes (DWF*);AJF_CTM_850;Command;No;0;No;CTMSRV;CTMCTM_E12AJF_08_Q;controlm;SRV_PRIMAIRE;SRV_PRIMAIRE;3y8o2
CTM-CONTROL-M;CTMCTM_E12AJF_08_Q;CTMCTM_E12AJF_08_ORP26_Q;"August 14, 2026";;;;Wait for Event;ctmldnrs: load des conditions AJF absentes (OPT*);AJF_CTM_850;Command;No;0;No;CTMSRV;CTMCTM_E12AJF_08_Q;controlm;SRV_PRIMAIRE;SRV_PRIMAIRE;3y8o3
CTM-CONTROL-M;CTMCTM_E12AJF_08_Q;CTMCTM_E12AJF_08_ORP27_Q;"August 14, 2026";;;;Wait for Event;ctmldnrs: load des conditions AJF absentes (GTG*);AJF_CTM_850;Command;No;0;No;CTMSRV;CTMCTM_E12AJF_08_Q;controlm;SRV_PRIMAIRE;SRV_PRIMAIRE;3y8o4
CTM-CONTROL-M;CTMCTM_E12AJF_08_Q;CTMCTM_E12AJF_08_ORP28_Q;"August 14, 2026";;;;Wait for Event;ctmldnrs: load des conditions AJF absentes (ARI*);AJF_CTM_850;Command;No;0;No;CTMSRV;CTMCTM_E12AJF_08_Q;controlm;SRV_PRIMAIRE;SRV_PRIMAIRE;3y8o5
CTM-CONTROL-M;CTMCTM_E12AJF_08_Q;CTMCTM_E12AJF_08_ORP29_Q;"August 14, 2026";;;;Wait for Event;ctmldnrs: load des conditions AJF absentes (SRV*);AJF_CTM_850;Command;No;0;No;CTMSRV;CTMCTM_E12AJF_08_Q;controlm;SRV_PRIMAIRE;SRV_PRIMAIRE;3y8o6
CTM-CONTROL-M;CTMCTM_E12AJF_08_Q;CTMCTM_E12AJF_08_ORP30_Q;"August 14, 2026";;;;Wait for Event;ctmldnrs: load des conditions AJF absentes (FST*);AJF_CTM_850;Command;No;0;No;CTMSRV;CTMCTM_E12AJF_08_Q;controlm;SRV_PRIMAIRE;SRV_PRIMAIRE;3y8o7
CTM-CONTROL-M;CTMCTM_E12AJF_08_Q;CTMCTM_E12AJF_08_ORP31_Q;"August 14, 2026";;;;Wait for Event;ctmldnrs: load des conditions AJF absentes (PIC*);AJF_CTM_850;Command;No;0;No;CTMSRV;CTMCTM_E12AJF_08_Q;controlm;SRV_PRIMAIRE;SRV_PRIMAIRE;3y8o8
CTM-CONTROL-M;CTMCTM_E12AJF_08_Q;CTMCTM_E12AJF_08_ORP32_Q;"August 14, 2026";;;;Wait for Event;ctmldnrs: load des conditions AJF absentes (SES*);AJF_CTM_850;Command;No;0;No;CTMSRV;CTMCTM_E12AJF_08_Q;controlm;SRV_PRIMAIRE;SRV_PRIMAIRE;3y8o9
CTM-CONTROL-M;CTMCTM_E12AJF_08_Q;CTMCTM_E12AJF_08_ORP33_Q;"August 14, 2026";;;;Wait for Event;ctmldnrs: load des conditions AJF absentes (DIS*);AJF_CTM_850;Command;No;0;No;CTMSRV;CTMCTM_E12AJF_08_Q;controlm;SRV_PRIMAIRE;SRV_PRIMAIRE;3y8oa
CTM-CONTROL-M;CTMCTM_E12AJF_08_Q;CTMCTM_E12AJF_08_ORP34_Q;"August 14, 2026";;;;Wait for Event;ctmldnrs: load des conditions AJF absentes (DIC*);AJF_CTM_850;Command;No;0;No;CTMSRV;CTMCTM_E12AJF_08_Q;controlm;SRV_PRIMAIRE;SRV_PRIMAIRE;3y8ob
CTM-CONTROL-M;CTMCTM_E12AJF_08_Q;CTMCTM_E12AJF_08_ORP35_Q;"August 14, 2026";;;;Wait for Event;ctmldnrs: load des conditions AJF absentes (HAM*);AJF_CTM_850;Command;No;0;No;CTMSRV;CTMCTM_E12AJF_08_Q;controlm;SRV_PRIMAIRE;SRV_PRIMAIRE;3y8oc
CTM-CONTROL-M;CTMCTM_E12AJF_08_Q;CTMCTM_E12AJF_08_ORP36_Q;"August 14, 2026";;;;Wait for Event;ctmldnrs: load des conditions AJF absentes (DWC*);AJF_CTM_850;Command;No;0;No;CTMSRV;CTMCTM_E12AJF_08_Q;controlm;SRV_PRIMAIRE;SRV_PRIMAIRE;3y8od
CTM-CONTROL-M;CTMCTM_E12AJF_08_Q;CTMCTM_E12AJF_08_ORP37_Q;"August 14, 2026";;;;Wait for Event;ctmldnrs: load des conditions AJF absentes (DTR*);AJF_CTM_850;Command;No;0;No;CTMSRV;CTMCTM_E12AJF_08_Q;controlm;SRV_PRIMAIRE;SRV_PRIMAIRE;3y8oe
CTM-CONTROL-M;CTMCTM_E12AJF_08_Q;CTMCTM_E12AJF_08_ORP38_Q;"August 14, 2026";;;;Wait for Event;ctmldnrs: load des conditions AJF absentes (PEL*);AJF_CTM_850;Command;No;0;No;CTMSRV;CTMCTM_E12AJF_08_Q;controlm;SRV_PRIMAIRE;SRV_PRIMAIRE;3y8of
CTM-CONTROL-M;CTMCTM_E12AJF_08_Q;CTMCTM_E12AJF_08_ORP39_Q;"August 14, 2026";;;;Wait for Event;ctmldnrs: load des conditions AJF absentes (HAV*);AJF_CTM_850;Command;No;0;No;CTMSRV;CTMCTM_E12AJF_08_Q;controlm;SRV_PRIMAIRE;SRV_PRIMAIRE;3y8og
CTM-CONTROL-M;CTMCTM_E12AJF_08_Q;CTMCTM_E12AJF_08_ORP40_Q;"August 14, 2026";;;;Wait for Event;ctmldnrs: load des conditions AJF absentes (HO*) HOLD et HOLD2;AJF_CTM_850;Command;No;0;No;CTMSRV;CTMCTM_E12AJF_08_Q;controlm;SRV_PRIMAIRE;SRV_PRIMAIRE;3y8oh
CTM-CONTROL-M;CTMCTM_E12AJF_08_Q;CTMCTM_E12AJF_08_ORP41_Q;"August 14, 2026";;;;Wait for Event;ctmldnrs: load des conditions AJF absentes (SIC*);AJF_CTM_850;Command;No;0;No;CTMSRV;CTMCTM_E12AJF_08_Q;controlm;SRV_PRIMAIRE;SRV_PRIMAIRE;3y8oi
CTM-CONTROL-M;CTMCTM_E12AJF_08_Q;CTMCTM_E12AJF_08_ORP42_Q;"August 14, 2026";;;;Wait for Event;ctmldnrs: load des conditions AJF absentes (OFA*);AJF_CTM_850;Command;No;0;No;CTMSRV;CTMCTM_E12AJF_08_Q;controlm;SRV_PRIMAIRE;SRV_PRIMAIRE;3y8oj
CTM-CONTROL-M;CTMCTM_E12AJF_08_Q;CTMCTM_E12AJF_08_ORP43_Q;"August 14, 2026";;;;Wait for Event;ctmldnrs: load des conditions AJF absentes (AGG*);AJF_CTM_850;Command;No;0;No;CTMSRV;CTMCTM_E12AJF_08_Q;controlm;SRV_PRIMAIRE;SRV_PRIMAIRE;3y8ok
CTM-CONTROL-M;CTMCTM_E12AJF_08_Q;CTMCTM_E12AJF_08_ORP44_Q;"August 14, 2026";;;;Wait for Event;ctmldnrs: load des conditions AJF absentes (GRT*);AJF_CTM_850;Command;No;0;No;CTMSRV;CTMCTM_E12AJF_08_Q;controlm;SRV_PRIMAIRE;SRV_PRIMAIRE;3y8ol
CTM-CONTROL-M;CTMCTM_E12AJF_08_Q;CTMCTM_E12AJF_08_ORP45_Q;"August 14, 2026";;;;Wait for Event;ctmldnrs: load des conditions AJF absentes (NSI*);AJF_CTM_850;Command;No;0;No;CTMSRV;CTMCTM_E12AJF_08_Q;controlm;SRV_PRIMAIRE;SRV_PRIMAIRE;3y8om
CTM-CONTROL-M;CTMCTM_E12AJF_08_Q;CTMCTM_E12AJF_08_ORP46_Q;"August 14, 2026";;;;Wait for Event;ctmldnrs: load des conditions AJF absentes (C2E*);AJF_CTM_850;Command;No;0;No;CTMSRV;CTMCTM_E12AJF_08_Q;controlm;SRV_PRIMAIRE;SRV_PRIMAIRE;3y8on
CTM-CONTROL-M;CTMCTM_E12AJF_08_Q;CTMCTM_E12AJF_08_ORP47_Q;"August 14, 2026";;;;Wait for Event;ctmldnrs: load des conditions AJF absentes (MYD*);AJF_CTM_850;Command;No;0;No;CTMSRV;CTMCTM_E12AJF_08_Q;controlm;SRV_PRIMAIRE;SRV_PRIMAIRE;3y8oo
CTM-CONTROL-M;CTMCTM_E12AJF_08_Q;CTMCTM_E12AJF_08_ORP48_Q;"August 14, 2026";;;;Wait for Event;ctmldnrs: load des conditions AJF absentes (DEC*);AJF_CTM_850;Command;No;0;No;CTMSRV;CTMCTM_E12AJF_08_Q;controlm;SRV_PRIMAIRE;SRV_PRIMAIRE;3y8op
CTM-CONTROL-M;CTMCTM_E12AJF_08_Q;CTMCTM_E12AJF_08_ORP49_Q;"August 14, 2026";;;;Wait for Event;ctmldnrs: load des conditions AJF absentes (CTX*);AJF_CTM_850;Command;No;0;No;CTMSRV;CTMCTM_E12AJF_08_Q;controlm;SRV_PRIMAIRE;SRV_PRIMAIRE;3y8oq
CTM-CONTROL-M;CTMCTM_E12AJF_08_Q;CTMCTM_E12AJF_08_ORP50_Q;"August 14, 2026";;;;Wait for Event;ctmldnrs: load des conditions AJF absentes (FAX*);AJF_CTM_850;Command;No;0;No;CTMSRV;CTMCTM_E12AJF_08_Q;controlm;SRV_PRIMAIRE;SRV_PRIMAIRE;3y8or
CTM-CONTROL-M;CTMCTM_E12AJF_08_Q;CTMCTM_E12AJF_08_ORP51_Q;"August 14, 2026";;;;Wait for Event;ctmldnrs: load des conditions AJF absentes (ALP*);AJF_CTM_850;Command;No;0;No;CTMSRV;CTMCTM_E12AJF_08_Q;controlm;SRV_PRIMAIRE;SRV_PRIMAIRE;3y8os
CTM-CONTROL-M;CTMCTM_E12AJF_08_Q;CTMCTM_E12AJF_08_ORP52_Q;"August 14, 2026";;;;Wait for Event;ctmldnrs: load des conditions AJF absentes (HAD*);AJF_CTM_850;Command;No;0;No;CTMSRV;CTMCTM_E12AJF_08_Q;controlm;SRV_PRIMAIRE;SRV_PRIMAIRE;3y8ot
CTM-CONTROL-M;CTMCTM_E12AJF_08_Q;CTMCTM_E12AJF_08_ORP53_Q;"August 14, 2026";;;;Wait for Event;ctmldnrs: load des conditions AJF absentes (BDM*);AJF_CTM_850;Command;No;0;No;CTMSRV;CTMCTM_E12AJF_08_Q;controlm;SRV_PRIMAIRE;SRV_PRIMAIRE;3y8ou
CTM-CONTROL-M;CTMCTM_E12AJF_08_Q;CTMCTM_E12AJF_08_ORP54_Q;"August 14, 2026";;;;Wait for Event;ctmldnrs: load des conditions AJF absentes (BAB*);AJF_CTM_850;Command;No;0;No;CTMSRV;CTMCTM_E12AJF_08_Q;controlm;SRV_PRIMAIRE;SRV_PRIMAIRE;3y8ov
CTM-CONTROL-M;CTMCTM_E12AJF_08_Q;CTMCTM_E12AJF_08_ORP55_Q;"August 14, 2026";;;;Wait for Event;ctmldnrs: load des conditions AJF absentes (ECA*);AJF_CTM_850;Command;No;0;No;CTMSRV;CTMCTM_E12AJF_08_Q;controlm;SRV_PRIMAIRE;SRV_PRIMAIRE;3y8ow
CTM-CONTROL-M;CTMCTM_E12AJF_08_Q;CTMCTM_E12AJF_08_ORP56_Q;"August 14, 2026";;;;Wait for Event;ctmldnrs: load des conditions AJF absentes (CTM*);AJF_CTM_850;Command;No;0;No;CTMSRV;CTMCTM_E12AJF_08_Q;controlm;SRV_PRIMAIRE;SRV_PRIMAIRE;3y8ox
CTM-CONTROL-M;CTMCTM_E12AJF_08_Q;CTMCTM_E12AJF_08_ORP57_Q;"August 14, 2026";;;;Wait for Event;ctmldnrs: load des conditions AJF absentes (NES*);AJF_CTM_850;Command;No;0;No;CTMSRV;CTMCTM_E12AJF_08_Q;controlm;SRV_PRIMAIRE;SRV_PRIMAIRE;3y8oy
CTM-CONTROL-M;CTMCTM_E12AJF_08_Q;CTMCTM_E12AJF_08_ORP58_Q;"August 14, 2026";;;;Wait for Event;ctmldnrs: load des conditions AJF absentes (V4D*);CTMCTM_E12AJF_08_ORP58_Q;Command;No;0;No;CTMSRV;CTMCTM_E12AJF_08_Q;controlm;SRV_PRIMAIRE;SRV_PRIMAIRE;3y8p0
CTM-CONTROL-M;CTMCTM_E12AJF_08_Q;CTMCTM_E12AJF_08_ORP59_Q;"August 14, 2026";;;;Wait for Event;ctmldnrs: load des conditions AJF absentes (REF*);CTMCTM_E12AJF_08_ORP59_Q;Command;No;0;No;CTMSRV;CTMCTM_E12AJF_08_Q;controlm;SRV_PRIMAIRE;SRV_PRIMAIRE;3y8oz
CTM-CONTROL-M;CTMCTM_E12AJF_08_Q;CTMCTM_E12AJF_08_ORP60_Q;"August 14, 2026";;;;Wait for Event;ctmldnrs: load des conditions AJF absentes (CIT*);CTMCTM_E12AJF_08_ORP60_Q;Command;No;0;No;CTMSRV;CTMCTM_E12AJF_08_Q;controlm;SRV_PRIMAIRE;SRV_PRIMAIRE;3y8p2
CTM-CONTROL-M;CTMCTM_E12AJF_08_Q;CTMCTM_E12AJF_08_ORP61_Q;"August 14, 2026";;;;Wait for Event;ctmldnrs: load des conditions AJF absentes (HEC*);CTMCTM_E12AJF_08_ORP61_Q;Command;No;0;No;CTMSRV;CTMCTM_E12AJF_08_Q;controlm;SRV_PRIMAIRE;SRV_PRIMAIRE;3y8p1
CTM-CONTROL-M;CTMCTM_E12AJF_08_Q;CTMCTM_E12AJF_08_ORP62_Q;"August 14, 2026";;;;Wait for Event;ctmldnrs: load des conditions AJF absentes (CEL*);CTMCTM_E12AJF_08_ORP62_Q;Command;No;0;No;CTMSRV;CTMCTM_E12AJF_08_Q;controlm;SRV_PRIMAIRE;SRV_PRIMAIRE;3y8p3
CTM-CONTROL-M;CTMCTM_E12AJF_08_Q;CTMCTM_E12AJF_08_ORP63_Q;"August 14, 2026";;;;Wait for Event;ctmldnrs: load des conditions AJF absentes (GTN*);CTMCTM_E12AJF_08_ORP62_Q;Command;No;0;No;CTMSRV;CTMCTM_E12AJF_08_Q;controlm;SRV_PRIMAIRE;SRV_PRIMAIRE;3y8p4
CTM-CONTROL-M;CTMCTM_E12AJF_08_Q;CTMCTM_E12AJF_08_ORP64_Q;"August 14, 2026";;;;Wait for Event;ctmldnrs: load des conditions AJF absentes (FIN*);CTMCTM_E12AJF_08_ORP62_Q;Command;No;0;No;CTMSRV;CTMCTM_E12AJF_08_Q;controlm;SRV_PRIMAIRE;SRV_PRIMAIRE;3y8p5
CTM-CONTROL-M;CTMCTM_E12AJF_08_Q;CTMCTM_E12AJF_08_ORP65_Q;"August 14, 2026";;;;Wait for Event;ctmldnrs: load des conditions AJF absentes (PFE*);CTMCTM_E12AJF_08_ORP62_Q;Command;No;0;No;CTMSRV;CTMCTM_E12AJF_08_Q;controlm;SRV_PRIMAIRE;SRV_PRIMAIRE;3y8p6
CTM-CONTROL-M;CTMCTM_E12AJF_08_Q;CTMCTM_E12AJF_08_ORP66_Q;"August 14, 2026";;;;Wait for Event;ctmldnrs: load des conditions AJF absentes (KDR*);CTMCTM_E12AJF_08_ORP62_Q;Command;No;0;No;CTMSRV;CTMCTM_E12AJF_08_Q;controlm;SRV_PRIMAIRE;SRV_PRIMAIRE;3y8p7
CTM-CONTROL-M;CTMCTM_E12TEC_04_Q;CTMCTM_E12TEC_04_SUB16_Q;"August 14, 2026";;;;Wait for Event;Soumission scripts DWH à 04h00;SUBT0400 DWH;Dummy;No;0;No;CTMSRV;CTMCTM_E12TEC_04_Q;root;;;3y9x7
CTM-CONTROL-M;CTMCTM_E12TEC_04_Q;CTMCTM_E12TEC_04_SUB24_Q;"August 14, 2026";;;;Wait for Event;Soumission scripts XFB à 06h30;SUBT0630 XFB;Dummy;No;0;No;CTMSRV;CTMCTM_E12TEC_04_Q;root;;;3y9x8
CTM-CONTROL-M;CTMCTM_E12TEC_04_Q;CTMCTM_E12TEC_04_SUB27_Q;"August 14, 2026";;;;Wait for Event;Soumission scripts DWH à 07h40;SUBT0740 DWH;Dummy;No;0;No;CTMSRV;CTMCTM_E12TEC_04_Q;root;;;3y9x9
CTM-CONTROL-M;CTMCTM_E12TEC_04_Q;CTMCTM_E12TEC_04_SUB28_Q;"August 14, 2026";;;;Wait for Event;Soumission scripts DWH à 08h00;SUBT0800 DWH;Dummy;No;0;No;CTMSRV;CTMCTM_E12TEC_04_Q;root;;;3y9xa
CTM-CONTROL-M;CTMCTM_E12TEC_04_Q;CTMCTM_E12TEC_04_SUB30_Q;"August 14, 2026";;;;Wait for Event;Soumission scripts à 11h00 DWH;SUBT1100 DWH;Dummy;No;0;No;CTMSRV;CTMCTM_E12TEC_04_Q;root;;;3y9xb
CTM-CONTROL-M;CTMCTM_E13TEC_04_Q;CTMCTM_E13TEC_04_SUB38_Q;"August 14, 2026";;;;Wait for Event;Soumission scripts PEL à 03h30;SUBT0330 PEL;Dummy;No;0;No;CTMSRV;CTMCTM_E13TEC_04_Q;root;;;3y7yi
CTM-CONTROL-M;CTMCTM_E13TEC_04_Q;CTMCTM_E13TEC_04_SUB39_Q;"August 14, 2026";;;;Wait for Event;Soumission scripts à 04h00 PEL;SUBT0400 PEL;Dummy;No;0;No;CTMSRV;CTMCTM_E13TEC_04_Q;root;;;3y7yj
CTM-CONTROL-M;CTMCTM_E13TEC_04_Q;CTMCTM_E13TEC_04_SUB40_Q;"August 14, 2026";;;;Wait for Event;Soumission scripts PEL à 04h30;SUBT0430 PEL;Dummy;No;0;No;CTMSRV;CTMCTM_E13TEC_04_Q;root;;;3y7yk
CTM-CONTROL-M;CTMCTM_E13TEC_04_Q;CTMCTM_E13TEC_04_SUB42_Q;"August 14, 2026";;;;Wait for Event;Soumission scripts PEL à 04h15;SUBT0530 PEL;Dummy;No;0;No;CTMSRV;CTMCTM_E13TEC_04_Q;root;;;3y7yl
CTM-CONTROL-M;CTMCTM_E13TEC_04_Q;CTMCTM_E13TEC_04_SUB43_Q;"August 14, 2026";;;;Wait for Event;Lancement PEL 06h00;SUBT0600 PEL;Dummy;No;0;No;CTMSRV;CTMCTM_E13TEC_04_Q;root;;;3y7ym
CTM-CONTROL-M;CTMCTM_E13TEC_04_Q;CTMCTM_E13TEC_04_SUB44_Q;"August 14, 2026";;;;Wait for Event;Lancement PEL 06h15;SUBT0615 PEL;Dummy;No;0;No;CTMSRV;CTMCTM_E13TEC_04_Q;root;;;3y7yn
CTM-CONTROL-M;CTMCTM_E13TEC_04_Q;CTMCTM_E13TEC_04_SUB45_Q;"August 14, 2026";;;;Wait for Event;Lancement PEL 06h30;SUBT0630 PEL;Dummy;No;0;No;CTMSRV;CTMCTM_E13TEC_04_Q;root;;;3y7yo
CTM-CONTROL-M;CTMCTM_E13TEC_04_Q;CTMCTM_E13TEC_04_SUB46_Q;"August 14, 2026";;;;Wait for Event;Lancement PEL 07h00;SUBT0700 PEL;Dummy;No;0;No;CTMSRV;CTMCTM_E13TEC_04_Q;root;;;3y7yp
CTM-CONTROL-M;CTMCTM_E13TEC_04_Q;CTMCTM_E13TEC_04_SUB47_Q;"August 14, 2026";;;;Wait for Event;Lancement PEL 07h15;SUBT0715 PEL;Dummy;No;0;No;CTMSRV;CTMCTM_E13TEC_04_Q;root;;;3y7yq
CTM-CONTROL-M;CTMCTM_E13TEC_04_Q;CTMCTM_E13TEC_04_SUB51_Q;"August 14, 2026";;;;Wait for Event;Soumission scripts PEL  à 21h00;SUBT2100 PEL;Dummy;No;0;No;CTMSRV;CTMCTM_E13TEC_04_Q;root;;;3y7yr
CTM-CONTROL-M;CTMCTM_E14TEC_04_Q;CTMCTM_E14TEC_04_EXP01_Q;"August 14, 2026";;;0810;Wait for Event;ExtractJobsCTM  &  Envoi : Suivi + PrairieCloture;ExtractCsvPlanCurrent_HELIOS_V9.ksh;Job;No;0;Yes;CTMSRV;CTMCTM_E14TEC_04_Q;controlm;SRV_PRIMAIRE;SRV_PRIMAIRE;3y8v1
CTM-CONTROL-M;CTMCTM_E14TEC_04_Q;CTMCTM_E14TEC_04_EXP02_Q;"August 14, 2026";"August 14, 2026 1:45:22 PM";"August 14, 2026 1:45:22 PM";;Ended OK;ExtractCsvPlanArch => Extract_Full_YYYYMM.csv;ExtractCsvPlanArch.ksh;Dummy;No;1;No;CTMSRV;CTMCTM_E14TEC_04_Q;controlm;;SRV_PRIMAIRE;3y8v2
CTM-CONTROL-M;CTMCTM_E14TEC_04_Q;CTMCTM_E14TEC_04_EXP03_Q;"August 14, 2026";;;;Wait for Event;ExtractCTMIndicMens => ODAT: yymmjj.csv;ExtractCTMIndicMens.ksh;Job;No;0;No;CTMSRV;CTMCTM_E14TEC_04_Q;controlm;SRV_PRIMAIRE;SRV_PRIMAIRE;3y8v3
CTM-CONTROL-M;CTMCTM_E14TEC_04_Q;CTMCTM_E14TEC_04_EXP04_Q;"August 14, 2026";;;;Wait for Event;ExtractJobsCTM Manuelle : Suivi + PrairieCloture;ExtractCsvPlanCurrent_HELIOS_V9.ksh;Job;No;0;Yes;CTMSRV;CTMCTM_E14TEC_04_Q;controlm;SRV_PRIMAIRE;SRV_PRIMAIRE;3y8v5
CTM-CONTROL-M;CTMCTM_E14TEC_04_Q;CTMCTM_E14TEC_04_EXP06_Q;"August 14, 2026";;;;Wait for Event;ExtractJobsCTM Plan -1  : Suivi + PrairieCloture;ExtractCsvPlanCurrent_Jm1.ksh;Job;No;0;No;CTMSRV;CTMCTM_E14TEC_04_Q;controlm;SRV_PRIMAIRE;SRV_PRIMAIRE;3y8v4
CTM-CONTROL-M;CTMCTM_E14TEC_04_Q;CTMCTM_E14TEC_04_EXP12_Q;"August 14, 2026";;;;Wait for Event;ExtractJobsCTM  &  Envoi : Suivi + PrairieCloture  DTR;ExtractCsvPlanCurrent_HELIOS_DTR_V9.ksh;Job;No;0;Yes;CTMSRV;CTMCTM_E14TEC_04_Q;controlm;SRV_PRIMAIRE;SRV_PRIMAIRE;3y8va
CTM-CONTROL-M;CTMCTM_E14TEC_04_Q;CTMCTM_E14TEC_04_EXP13_Q;"August 14, 2026";;;;Wait for Event;ExtractJobsCTM  &  Envoi : Suivi + PrairieCloture Finance;ExtractCsvPlanCurrent_HELIOS_Finance_V9.ksh;Job;No;0;Yes;CTMSRV;CTMCTM_E14TEC_04_Q;controlm;SRV_PRIMAIRE;SRV_PRIMAIRE;3y8vc
CTM-CONTROL-M;CTMCTM_E14TEC_04_Q;CTMCTM_E14TEC_04_SUB04_Q;"August 14, 2026";;;;Wait for Event;declenchement des travaux batch a 14h00;SUBT1400;Dummy;No;0;No;CTMSRV;CTMCTM_E14TEC_04_Q;root;;;3y8uy
CTM-CONTROL-M;CTMCTM_E14TEC_04_Q;CTMCTM_E14TEC_04_SUB05_Q;"August 14, 2026";;;;Wait for Event;declenchement des travaux batch a 17h00;SUBT1700;Dummy;No;0;No;CTMSRV;CTMCTM_E14TEC_04_Q;root;;;3y8uz
CTM-CONTROL-M;CTMCTM_E14TEC_04_Q;CTMCTM_E14TEC_04_SUB08_Q;"August 14, 2026";"August 14, 2026 1:30:11 PM";"August 14, 2026 1:30:11 PM";;Ended OK;Go lancement prod sur ECS;UEMASUB_GO_ECS;Dummy;No;1;No;CTMSRV;CTMCTM_E14TEC_04_Q;root;;;3y8v0
CTM-CONTROL-M;CTMCTM_E14TEC_04_Q;CTMCTM_E14TEC_04_WRK01_Q;"August 14, 2026";;;0810;Wait for Event;START FIRST : ExtractCsvPlanCourant ReportingFacility V8;Reporting_ctm_courant_csv_v9.bat;Job;No;0;Yes;CTMSRV;CTMCTM_E14TEC_04_Q;svce_cm;A_W_PMAD01;A_W_PMAD01;3y8v8
CTM-CONTROL-M;CTMCTM_E14TEC_04_Q;CTMCTM_E14TEC_04_WRK02_Q;"August 14, 2026";"August 14, 2026 1:45:00 PM";"August 14, 2026 1:45:22 PM";;Ended OK;START FIRST : ExtractCsvPlanArch ReportingFacility V8;Reporting_ctm_archiv_csv_v9 .bat;Job;No;1;No;CTMSRV;CTMCTM_E14TEC_04_Q;svce_cm;wdkpmadp01;A_W_PMAD01;3y8v6
CTM-CONTROL-M;CTMCTM_E14TEC_04_Q;CTMCTM_E14TEC_04_WRK04_Q;"August 14, 2026";"August 14, 2026 1:45:24 PM";;;Executing;START FIRST : ExtractCsvPlanCourant ReportingFacility V8;Reporting_ctm_courant_csv_v9.bat;Job;No;1;Yes;CTMSRV;CTMCTM_E14TEC_04_Q;svce_cm;wdkpmadp01;A_W_PMAD01;3y8v7
CTM-CONTROL-M;CTMCTM_E14TEC_04_Q;CTMCTM_E14TEC_04_WRK12_Q;"August 14, 2026";;;;Wait for Event;START FIRST : ExtractCsvPlanCourant ReportingFacility V8 DTR;Reporting_ctm_courant_csv_v9.bat;Job;No;0;Yes;CTMSRV;CTMCTM_E14TEC_04_Q;svce_cm;A_W_PMAD01;A_W_PMAD01;3y8v9
CTM-CONTROL-M;CTMCTM_E14TEC_04_Q;CTMCTM_E14TEC_04_WRK13_Q;"August 14, 2026";;;;Wait for Event;START FIRST : ExtractCsvPlanCourant ReportingFacility V8 Finance;Reporting_ctm_courant_csv_v9.bat;Job;No;0;Yes;CTMSRV;CTMCTM_E14TEC_04_Q;svce_cm;A_W_PMAD01;A_W_PMAD01;3y8vb
CTM-CONTROL-M;CTMCTM_E15TEC_04_Q;CTMCTM_E15TEC_04_SUB04_Q;"August 14, 2026";;;;Wait for Event;declenchement des travaux SES  batchs a 14h00;SUBT1400 SESAME;Dummy;No;0;No;CTMSRV;CTMCTM_E15TEC_04_Q;root;;;3y7zp
CTM-CONTROL-M;CTMCTM_E17TEC_04_Q;CTMCTM_E17TEC_04_SUB08_Q;"August 14, 2026";"August 14, 2026 1:30:11 PM";"August 14, 2026 1:30:11 PM";;Ended OK;Go lancement prod sur SESAME;UEMBSUB_GO_SESAME;Dummy;No;1;No;CTMSRV;CTMCTM_E17TEC_04_Q;root;;;3y84v
CTM-CONTROL-M;CTMCTM_E18TEC_04_Q;CTMCTM_E18TEC_04_SUB53_Q;"August 14, 2026";;;;Wait for Event;job de soumission batch HAV 06h00;SUBT0600 HAV;Dummy;No;0;No;CTMSRV;CTMCTM_E18TEC_04_Q;CONTROLM;;;3y81v
CTM-CONTROL-M;CTMCTM_E19TEC_04_Q;CTMCTM_E19TEC_04_SUB63_Q;"August 14, 2026";;;;Wait for Event;Soumission scripts  DPRHORA a 06h00;SUBT0700  DPRHORA;Dummy;No;0;No;CTMSRV;CTMCTM_E19TEC_04_Q;root;;;3y9pv
CTM-CONTROL-M;CTMCTM_E1ATEC_04_Q;CTMCTM_E1ATEC_04_SUB1G_Q;"August 14, 2026";;;;Wait for Event;Soumission scripts NRJ NES a 11h00;SUBT1100 NRJ NES;Dummy;No;0;No;CTMSRV;CTMCTM_E1ATEC_04_Q;root;;;3y9d4
CTM-CONTROL-M;CTMCTM_E1ATEC_04_Q;CTMCTM_E1ATEC_04_SUB1R_Q;"August 14, 2026";;;;Wait for Event;Soumission scripts a 14h00 HOL SIG NES NRJ;SUBT1400 HOL SIG NES NRJ;Dummy;No;0;No;CTMSRV;CTMCTM_E1ATEC_04_Q;root;;;3y9d5
CTM-CONTROL-M;CTMCTM_E1ATEC_04_Q;CTMCTM_E1ATEC_04_SUB2A_Q;"August 14, 2026";;;;Wait for Event;Soumission scripts NEJ NES  a 17h00;SUBT1700 NRJ NES;Dummy;No;0;No;CTMSRV;CTMCTM_E1ATEC_04_Q;root;;;3y9d6
CTM-CONTROL-M;CTMCTM_E1ATEC_04_Q;CTMCTM_E1ATEC_04_SUB86_Q;"August 14, 2026";;;;Wait for Event;Soumission scripts HOLD a 00h15;SUBT0015 HOLD;Dummy;No;0;No;CTMSRV;CTMCTM_E1ATEC_04_Q;root;;;3y9cx
CTM-CONTROL-M;CTMCTM_E1ATEC_04_Q;CTMCTM_E1ATEC_04_SUB87_Q;"August 14, 2026";;;;Wait for Event;Soumission scripts NRJ NES a 02h00;SUBT0200 NRJ NES;Dummy;No;0;No;CTMSRV;CTMCTM_E1ATEC_04_Q;root;;;3y9cy
CTM-CONTROL-M;CTMCTM_E1ATEC_04_Q;CTMCTM_E1ATEC_04_SUB90_Q;"August 14, 2026";;;;Wait for Event;Soumission scripts HOLD  a 06h00;SUBT0600 HOLD;Dummy;No;0;No;CTMSRV;CTMCTM_E1ATEC_04_Q;root;;;3y9cz
CTM-CONTROL-M;CTMCTM_E1ATEC_04_Q;CTMCTM_E1ATEC_04_SUB91_Q;"August 14, 2026";;;;Wait for Event;Soumission scripts XFB  a 06h30;SUBT0630 XFB;Dummy;No;0;No;CTMSRV;CTMCTM_E1ATEC_04_Q;root;;;3y9d0
CTM-CONTROL-M;CTMCTM_E1ATEC_04_Q;CTMCTM_E1ATEC_04_SUB92_Q;"August 14, 2026";;;;Wait for Event;Soumission scripts SIG a 07h00;SUBT0700 SIG;Dummy;No;0;No;CTMSRV;CTMCTM_E1ATEC_04_Q;root;;;3y9d1
CTM-CONTROL-M;CTMCTM_E1ATEC_04_Q;CTMCTM_E1ATEC_04_SUB93_Q;"August 14, 2026";;;;Wait for Event;Soumission scripts HOLD a 07h15;SUBT0715 HOLD;Dummy;No;0;No;CTMSRV;CTMCTM_E1ATEC_04_Q;root;;;3y9d2
CTM-CONTROL-M;CTMCTM_E1ATEC_04_Q;CTMCTM_E1ATEC_04_SUB96_Q;"August 14, 2026";;;;Wait for Event;Soumission scripts NRJ NES a 08h00;SUBT0800 NRJ NES;Dummy;No;0;No;CTMSRV;CTMCTM_E1ATEC_04_Q;root;;;3y9d3
CTM-CONTROL-M;CTMCTM_E1BTEC_04_Q;CTMCTM_E1BTEC_04_SUB2Q_Q;"August 14, 2026";;;;Wait for Event;Soumission scripts OAP a 00h05;SUBT0005 OAP;Dummy;No;0;No;CTMSRV;CTMCTM_E1BTEC_04_Q;root;;;3y8vh
CTM-CONTROL-M;CTMCTM_E1BTEC_04_Q;CTMCTM_E1BTEC_04_SUB2R_Q;"August 14, 2026";;;;Wait for Event;Soumission scripts  OAP  a 03h00;SUBT0300  OAP;Dummy;No;0;No;CTMSRV;CTMCTM_E1BTEC_04_Q;root;;;3y8vi
CTM-CONTROL-M;CTMCTM_E1BTEC_04_Q;CTMCTM_E1BTEC_04_SUB2U_Q;"August 14, 2026";;;;Wait for Event;Soumission  OAP  scripts a 06h00;SUBT0600  OAP;Dummy;No;0;No;CTMSRV;CTMCTM_E1BTEC_04_Q;root;;;3y8vj
CTM-CONTROL-M;CTMCTM_E1BTEC_04_Q;CTMCTM_E1BTEC_04_SUB2V_Q;"August 14, 2026";;;;Wait for Event;Soumission scripts OAP a 06h30;SUBT0630  OAP;Dummy;No;0;No;CTMSRV;CTMCTM_E1BTEC_04_Q;root;;;3y8vk
CTM-CONTROL-M;CTMCTM_E1BTEC_04_Q;CTMCTM_E1BTEC_04_SUB2W_Q;"August 14, 2026";;;;Wait for Event;Soumission scripts  OAP a 07h00;SUBT0700  OAP;Dummy;No;0;No;CTMSRV;CTMCTM_E1BTEC_04_Q;root;;;3y8vl
CTM-CONTROL-M;CTMCTM_E1BTEC_04_Q;CTMCTM_E1BTEC_04_SUB3A_Q;"August 14, 2026";;;;Wait for Event;Soumission scripts  OAP a 08h00;SUBT0805  OAP;Dummy;No;0;No;CTMSRV;CTMCTM_E1BTEC_04_Q;root;;;3y8vm
CTM-CONTROL-M;CTMCTM_E1BTEC_04_Q;CTMCTM_E1BTEC_04_SUB3D_Q;"August 14, 2026";;;;Wait for Event;Soumission scripts  OAP a 08h45;SUBT0845  OAP;Dummy;No;0;No;CTMSRV;CTMCTM_E1BTEC_04_Q;root;;;3y8vn
CTM-CONTROL-M;CTMCTM_E1BTEC_04_Q;CTMCTM_E1BTEC_04_SUB3H_Q;"August 14, 2026";;;;Wait for Event;Soumission scripts  OAP a 11h00;SUBT1100  OAP;Dummy;No;0;No;CTMSRV;CTMCTM_E1BTEC_04_Q;root;;;3y8vo
CTM-CONTROL-M;CTMCTM_E1BTEC_04_Q;CTMCTM_E1BTEC_04_SUB3K_Q;"August 14, 2026";;;;Wait for Event;Soumission scripts  OAP  a 12h00;SUBT1200  OAP;Dummy;No;0;No;CTMSRV;CTMCTM_E1BTEC_04_Q;root;;;3y8vp
CTM-CONTROL-M;CTMCTM_E1BTEC_04_Q;CTMCTM_E1BTEC_04_SUB3N_Q;"August 14, 2026";"August 14, 2026 1:45:00 PM";"August 14, 2026 1:45:00 PM";;Ended OK;Soumission scripts  OAP a 13h45;SUBT1345  OAP;Dummy;No;1;No;CTMSRV;CTMCTM_E1BTEC_04_Q;root;;;3y8vq
CTM-CONTROL-M;CTMCTM_E1BTEC_04_Q;CTMCTM_E1BTEC_04_SUB3P_Q;"August 14, 2026";;;;Wait for Event;Soumission scripts  OAP a 14h00;SUBT1400  OAP;Dummy;No;0;No;CTMSRV;CTMCTM_E1BTEC_04_Q;root;;;3y8vr
CTM-CONTROL-M;CTMCTM_E1BTEC_04_Q;CTMCTM_E1BTEC_04_SUB3S_Q;"August 14, 2026";;;;Wait for Event;Soumission scripts  OAP a 17h00;SUBT1700  OAP;Dummy;No;0;No;CTMSRV;CTMCTM_E1BTEC_04_Q;root;;;3y8vs
CTM-CONTROL-M;CTMCTM_E1BTEC_04_Q;CTMCTM_E1BTEC_04_SUB3W_Q;"August 14, 2026";;;;Wait for Event;Soumission scripts  OAP a 18h30;SUBT1830  OAP;Dummy;No;0;No;CTMSRV;CTMCTM_E1BTEC_04_Q;root;;;3y8vt
CTM-CONTROL-M;CTMCTM_E1DTEC_04_Q;CTMCTM_E1DTEC_04_SUB4F_Q;"August 14, 2026";;;;Wait for Event;Soumission scripts OAF  à 00h15;SUBT0015 OAF;Dummy;No;0;No;CTMSRV;CTMCTM_E1DTEC_04_Q;root;;;3y80x
CTM-CONTROL-M;CTMCTM_E1DTEC_04_Q;CTMCTM_E1DTEC_04_SUB4P_Q;"August 14, 2026";;;;Wait for Event;Soumission scripts OAF à 06h30;SUBT0630 OAF;Dummy;No;0;No;CTMSRV;CTMCTM_E1DTEC_04_Q;root;;;3y80y
CTM-CONTROL-M;CTMCTM_E1DTEC_04_Q;CTMCTM_E1DTEC_04_SUB4R_Q;"August 14, 2026";;;;Wait for Event;Soumission scripts OAF à 06h55;SUBT0655 OAF;Dummy;No;0;No;CTMSRV;CTMCTM_E1DTEC_04_Q;root;;;3y80z
CTM-CONTROL-M;CTMCTM_E1DTEC_04_Q;CTMCTM_E1DTEC_04_SUB4S_Q;"August 14, 2026";;;;Wait for Event;Soumission scripts OAF  à 08h00;SUBT0800 OAF;Dummy;No;0;No;CTMSRV;CTMCTM_E1DTEC_04_Q;root;;;3y810
CTM-CONTROL-M;CTMCTM_E1DTEC_04_Q;CTMCTM_E1DTEC_04_SUB4U_Q;"August 14, 2026";;;;Wait for Event;Soumission scripts OAF à 11h00;SUBT1100 OAF;Dummy;No;0;No;CTMSRV;CTMCTM_E1DTEC_04_Q;root;;;3y811
CTM-CONTROL-M;CTMCTM_E1ETEC_04_Q;CTMCTM_E1ETEC_04_SUB5B_Q;"August 14, 2026";;;;Wait for Event;Soumission scripts a 00h15;SUBT0015;Dummy;No;0;No;CTMSRV;CTMCTM_E1ETEC_04_Q;root;;;3y92y
CTM-CONTROL-M;CTMCTM_E1ETEC_04_Q;CTMCTM_E1ETEC_04_SUB5C_Q;"August 14, 2026";;;;Wait for Event;Soumission scripts a 01h00;SUBT0100;Dummy;No;0;No;CTMSRV;CTMCTM_E1ETEC_04_Q;root;;;3y92z
CTM-CONTROL-M;CTMCTM_E1ETEC_04_Q;CTMCTM_E1ETEC_04_SUB5D_Q;"August 14, 2026";;;;Wait for Event;Soumission scripts a 02h00;SUBT0200;Dummy;No;0;No;CTMSRV;CTMCTM_E1ETEC_04_Q;root;;;3y930
CTM-CONTROL-M;CTMCTM_E1ETEC_04_Q;CTMCTM_E1ETEC_04_SUB5E_Q;"August 14, 2026";;;;Wait for Event;Soumission scripts a 03h00;SUBT0300;Dummy;No;0;No;CTMSRV;CTMCTM_E1ETEC_04_Q;root;;;3y931
CTM-CONTROL-M;CTMCTM_E1ETEC_04_Q;CTMCTM_E1ETEC_04_SUB5R_Q;"August 14, 2026";;;;Wait for Event;Soumission scripts a 11h00;SUBT1100;Dummy;No;0;No;CTMSRV;CTMCTM_E1ETEC_04_Q;root;;;3y932
CTM-CONTROL-M;CTMCTM_E1ETEC_04_Q;CTMCTM_E1ETEC_04_SUB5Z_Q;"August 14, 2026";;;;Wait for Event;Soumission scripts a 19h00;SUBT1900;Dummy;No;0;No;CTMSRV;CTMCTM_E1ETEC_04_Q;root;;;3y933
CTM-CONTROL-M;CTMCTM_E1ETEC_04_Q;CTMCTM_E1ETEC_04_SUB6B_Q;"August 14, 2026";;;;Wait for Event;Soumission scripts a 20h50;SUBT2100;Dummy;No;0;No;CTMSRV;CTMCTM_E1ETEC_04_Q;root;;;3y934
CTM-CONTROL-M;CTMCTM_E1ETEC_04_Q;CTMCTM_E1ETEC_04_SUB6C_Q;"August 14, 2026";;;;Wait for Event;Soumission scripts a 22h00;SUBT2200;Dummy;No;0;No;CTMSRV;CTMCTM_E1ETEC_04_Q;root;;;3y935
CTM-CONTROL-M;CTMCTM_E1GTEC_04_Q;CTMCTM_E1GTEC_04_LIM04_Q;"August 14, 2026";;;;Wait for Event;Heure limite de soumission des batchs;LIMITBATCH;Dummy;No;0;No;CTMSRV;CTMCTM_E1GTEC_04_Q;root;;;3y85k
CTM-CONTROL-M;CTMCTM_E1GTEC_04_Q;CTMCTM_E1GTEC_04_LIM05_Q;"August 14, 2026";;;;Wait for Event;Heure limite de soumission des batchs;LIMITE0015;Dummy;No;0;No;CTMSRV;CTMCTM_E1GTEC_04_Q;root;;;3y85l
CTM-CONTROL-M;CTMCTM_E1GTEC_04_Q;CTMCTM_E1GTEC_04_LIM06_Q;"August 14, 2026";;;;Wait for Event;Heure limite de soumission des batchs;LIMITE0130;Dummy;No;0;No;CTMSRV;CTMCTM_E1GTEC_04_Q;root;;;3y85m
CTM-CONTROL-M;CTMCTM_E1GTEC_04_Q;CTMCTM_E1GTEC_04_LIM07_Q;"August 14, 2026";;;;Wait for Event;Heure limite de soumission des batchs;LIMITE0200;Dummy;No;0;No;CTMSRV;CTMCTM_E1GTEC_04_Q;root;;;3y85n
CTM-CONTROL-M;CTMCTM_E1GTEC_04_Q;CTMCTM_E1GTEC_04_LIM08_Q;"August 14, 2026";;;;Wait for Event;Heure limite de soumission des batchs;LIMITE0300;Dummy;No;0;No;CTMSRV;CTMCTM_E1GTEC_04_Q;root;;;3y85o
CTM-CONTROL-M;CTMCTM_E1GTEC_04_Q;CTMCTM_E1GTEC_04_LIM09_Q;"August 14, 2026";;;;Wait for Event;Heure limite de soumission des batchs;LIMITE0345;Dummy;No;0;No;CTMSRV;CTMCTM_E1GTEC_04_Q;root;;;3y85p
CTM-CONTROL-M;CTMCTM_E1GTEC_04_Q;CTMCTM_E1GTEC_04_LIM10_Q;"August 14, 2026";;;;Wait for Event;Heure limite de soumission des batchs;LIMITE0400;Dummy;No;0;No;CTMSRV;CTMCTM_E1GTEC_04_Q;root;;;3y85q
CTM-CONTROL-M;CTMCTM_E1GTEC_04_Q;CTMCTM_E1GTEC_04_LIM11_Q;"August 14, 2026";;;;Wait for Event;Heure limite de soumission des batchs;LIMITE0500;Dummy;No;0;No;CTMSRV;CTMCTM_E1GTEC_04_Q;root;;;3y85r
CTM-CONTROL-M;CTMCTM_E1GTEC_04_Q;CTMCTM_E1GTEC_04_LIM12_Q;"August 14, 2026";;;;Wait for Event;Heure limite de soumission des batchs;LIMITE2345;Dummy;No;0;No;CTMSRV;CTMCTM_E1GTEC_04_Q;root;;;3y85s
CTM-CONTROL-M;CTMCTM_E1GTEC_04_Q;CTMCTM_E1GTEC_04_SUB85_Q;"August 14, 2026";;;;Wait for Event;Soumission scripts a 07h30;SBTU512H16;Dummy;No;0;No;CTMSRV;CTMCTM_E1GTEC_04_Q;root;;;3y85t
CTM-CONTROL-M;CTMCTM_E1HTEC_04_Q;CTMCTM_E1HTEC_04_LIM13_Q;"August 14, 2026";;;;Wait for Event;Heure limite de soumission des batchs;LIMITBATCH;Dummy;No;0;No;CTMSRV;CTMCTM_E1HTEC_04_Q;root;;;3y9l2
CTM-CONTROL-M;CTMCTM_E1HTEC_04_Q;CTMCTM_E1HTEC_04_LIM14_Q;"August 14, 2026";;;;Wait for Event;Heure limite de soumission batch;LIMITE0100;Dummy;No;0;No;CTMSRV;CTMCTM_E1HTEC_04_Q;root;;;3y9l3
CTM-CONTROL-M;CTMCTM_E1HTEC_04_Q;CTMCTM_E1HTEC_04_LIM15_Q;"August 14, 2026";;;;Wait for Event;Heure limite de soumission batch 04h00;LIMITE0500;Dummy;No;0;No;CTMSRV;CTMCTM_E1HTEC_04_Q;root;;;3y9l4
CTM-CONTROL-M;CTMCTM_E1HTEC_04_Q;CTMCTM_E1HTEC_04_LIM16_Q;"August 14, 2026";;;;Wait for Event;Heure limite de soumission batch;LIMITE0600;Dummy;No;0;No;CTMSRV;CTMCTM_E1HTEC_04_Q;root;;;3y9l5
CTM-CONTROL-M;CTMCTM_E1HTEC_04_Q;CTMCTM_E1HTEC_04_LIM17_Q;"August 14, 2026";;;;Wait for Event;Heure limite de soumission batch;LIMITE0900;Dummy;No;0;No;CTMSRV;CTMCTM_E1HTEC_04_Q;root;;;3y9l6
CTM-CONTROL-M;CTMCTM_E1HTEC_04_Q;CTMCTM_E1HTEC_04_LIM18_Q;"August 14, 2026";;;;Wait for Event;Heure limite de soumission batch;LIMITE2000;Dummy;No;0;No;CTMSRV;CTMCTM_E1HTEC_04_Q;root;;;3y9l7
CTM-CONTROL-M;CTMCTM_E1HTEC_04_Q;CTMCTM_E1HTEC_04_LIM19_Q;"August 14, 2026";;;;Wait for Event;Heure limite de soumission batch;LIMITE2200;Dummy;No;0;No;CTMSRV;CTMCTM_E1HTEC_04_Q;root;;;3y9l8
CTM-CONTROL-M;CTMCTM_E1RTEC_04_Q;CTMCTM_E1RTEC_04_DEL01_Q;"August 14, 2026";;;;Wait for Event;SERVITUDE : Purge des log Control-M EM;;Command;No;0;No;CTMSRV;CTMCTM_E1RTEC_04_Q;emuser;A_L_CTM01;A_L_CTM01;3y9ss
CTM-CONTROL-M;CTMCTM_E1RTEC_04_Q;CTMCTM_E1RTEC_04_DEL02_Q;"August 14, 2026";;;;Wait for Event;SERVITUDE : Purge les logs et travaux present dans la directory /opt/exploit/;;Dummy;No;0;No;CTMSRV;CTMCTM_E1RTEC_04_Q;emuser;A_L_CTM01;A_L_CTM01;3y9st
CTM-CONTROL-M;CTMCTM_E1ZTEC_04_Q;CTMCTM_E1ZTEC_04_CTL01_Q;"August 14, 2026";;;;Wait for Event;Controle execution des jobs avec Condition PREV;;Dummy;No;0;No;CTMSRV;CTMCTM_E1ZTEC_04_Q;root;;;3y9tk
CTM-CONTROL-M;CTMCTM_E1ZTEC_04_Q;CTMCTM_E1ZTEC_04_CTL02_Q;"August 14, 2026";;;;Wait for Event;Controle d'activité du mirroir controlm serveur;CONTROLM SERVITUDES CONTROLE MIRROIR;Dummy;No;0;No;CTMSRV;CTMCTM_E1ZTEC_04_Q;controlm;;;3y9tm
CTM-CONTROL-M;CTMCTM_E1ZTEC_04_Q;CTMCTM_E1ZTEC_04_CTL03_Q;"August 14, 2026";;;1730;Wait for Event;CONTROLM : Controle des calendriers non upload;CTM_controle_calendar_not_upload;Dummy;No;0;Yes;CTMSRV;CTMCTM_E1ZTEC_04_Q;emuser;;;3y9tl
CTM-CONTROL-M;CTMCTM_E1ZTEC_04_Q;CTMCTM_E1ZTEC_04_CTL04_Q;"August 14, 2026";;;;Wait for Event;CONTROLM : Controle hebdomadaire des tables locked;CTM_controle_table_locked.;Dummy;No;0;No;CTMSRV;CTMCTM_E1ZTEC_04_Q;emuser;;;3y9tn
CTM-CONTROL-M;CTMSRV_J1YTEC_04_Q;CTMSRV_J1YTEC_04_00000_Q;"August 14, 2026";"August 14, 2026 1:30:11 PM";"August 14, 2026 1:30:11 PM";;Ended OK;Chaîne : Historisation des logs;U512010;Dummy;No;1;No;CTMSRV;CTMSRV_J1YTEC_04_Q;root;;;3y8k2
CTM-CONTROL-M;CTMSRV_J1YTEC_04_Q;CTMSRV_J1YTEC_04_99999_Q;"August 14, 2026";"August 14, 2026 1:30:13 PM";"August 14, 2026 1:30:13 PM";;Ended OK;Fin : Historisation des logs;U512010999;Dummy;No;1;No;CTMSRV;CTMSRV_J1YTEC_04_Q;root;;;3y8k1
CTM-CONTROL-M;CTMSRV_J1YTEC_04_Q;CTMSRV_J1YTEC_04_HIS01_Q;"August 14, 2026";"August 14, 2026 1:30:13 PM";"August 14, 2026 1:30:13 PM";;Ended OK;Historisation des logs;U512010010.sh;Dummy;No;1;No;CTMSRV;CTMSRV_J1YTEC_04_Q;root;;NOTEXIST;3y8k0
DTR-DECISIONNEL TRAN;DTRCID_J11INT_05_Q;DTRCID_J11INT_05_IMP01_Q;"August 14, 2026";;;;Wait for Event;Lancement des plans d'execution DTR_FACTURE_PLAN;Lance_Interface_DTR_CID.ksh;Job;No;0;No;CTMSRV;DTRCID_J11INT_05_Q;root;M_L_DTR01;M_L_DTR01;3y8wj
DTR-DECISIONNEL TRAN;DTRCID_J13INT_05_Q;DTRCID_J13INT_05_FWT01_Q;"August 14, 2026";;;;Wait for Event;FWT : Controle sur le serveur DTR de la presence des fichiers CID et CIT;FileWatcher_Mult_Fic.ksh;Job;No;0;Yes;CTMSRV;DTRCID_J13INT_05_Q;ctmag900;M_L_DTR01;M_L_DTR01;3y7nz
DTR-DECISIONNEL TRAN;DTRCID_J13INT_05_Q;DTRCID_J13INT_05_IMP01_Q;"August 14, 2026";;;;Wait for Event;Lancement des plans d execution DTR_SOCLE_EMPLOYE_FAC_PLAN (projet DTR_SOCLE);Lance_Interface_DTR_CID.ksh;Job;No;0;No;CTMSRV;DTRCID_J13INT_05_Q;root;M_L_DTR01;M_L_DTR01;3y7ny
DTR-DECISIONNEL TRAN;DTRCID_J13INT_05_Q;DTRCID_J13INT_05_MOV01_Q;"August 14, 2026";;;;Wait for Event;DTR : Deplacer les fichiers provenant de l'application CID/CITY;MOVE_GENERIQUE_2.sh;Job;No;0;No;CTMSRV;DTRCID_J13INT_05_Q;root;M_L_DTR01;M_L_DTR01;3y7nx
DTR-DECISIONNEL TRAN;DTRCID_J15INT_05_Q;DTRCID_J15INT_05_IMP01_Q;"August 14, 2026";;;;Wait for Event;Lancement des plans d execution DTR_SOCLE_CONTRAT_FAC_PLAN;Lance_Interface_DTR_CID.ksh;Job;No;0;No;CTMSRV;DTRCID_J15INT_05_Q;root;M_L_DTR01;M_L_DTR01;3y9za
DTR-DECISIONNEL TRAN;DTRCID_J18INT_05_Q;DTRCID_J18INT_05_IMP01_Q;"August 14, 2026";;;;Wait for Event;Lancement des plans d'execution TAC_SOCLE_SLP_NR_DAILY_PLAN;Lance_Interface_DTR_CID.ksh;Job;No;0;No;CTMSRV;DTRCID_J18INT_05_Q;root;M_L_DTR01;M_L_DTR01;3y84q
DTR-DECISIONNEL TRAN;DTRCRT_J11INT_05_Q;DTRCRT_J11INT_05_CPY01_Q;"August 14, 2026";;;;Wait for Event;déplace les fichier de /data/EAI/in/crt vers /bi/data/in/common;DTRCRT_J11INT_05_CPY01_Q.sh;Job;No;0;No;CTMSRV;DTRCRT_J11INT_05_Q;root;M_L_DTR01;M_L_DTR01;3y8sz
DTR-DECISIONNEL TRAN;DTRCRT_J11INT_05_Q;DTRCRT_J11INT_05_FWT01_Q;"August 14, 2026";;;;Wait for Event;Scrutation des fichiers dans FWparam_DTRCRT_J11INT_05_FWT01_Q.parm (DTR01);FileWatcher_Mult_Fic.ksh;Job;No;0;Yes;CTMSRV;DTRCRT_J11INT_05_Q;ctmag900;M_L_DTR01;M_L_DTR01;3y8sy
DTR-DECISIONNEL TRAN;DTRCRT_J11INT_05_Q;DTRCRT_J11INT_05_IMP01_Q;"August 14, 2026";;;;Wait for Event;Lancement des plans d'execution TAC_TSAR_CRT_DAILY_PLAN;Lance_Interface_DTR_CRT.ksh;Job;No;0;No;CTMSRV;DTRCRT_J11INT_05_Q;root;M_L_DTR01;M_L_DTR01;3y8t0
DTR-DECISIONNEL TRAN;DTRDTR_E11REB_12_Q;DTRDTR_E11REB_12_CTL01_Q;"August 14, 2026";;;;Wait for Event;Redemarrage DTR : TEST si serveur demarre (wdkdtrp12);dir;Command;No;0;No;CTMSRV;DTRDTR_E11REB_12_Q;svce_cm;A_W_DTR12;A_W_DTR12;3y8fg
DTR-DECISIONNEL TRAN;DTRDTR_E11REB_12_Q;DTRDTR_E11REB_12_CTL02_Q;"August 14, 2026";;;;Wait for Event;Info sur le Redemarrage DTR BI4 :  (WDKDTRP12);net statistics WORKSTATION;Command;No;0;No;CTMSRV;DTRDTR_E11REB_12_Q;svce_cm;A_W_DTR12;A_W_DTR12;3y8fs
DTR-DECISIONNEL TRAN;DTRDTR_E11REB_12_Q;DTRDTR_E11REB_12_CTL03_Q;"August 14, 2026";;;;Wait for Event;Redemarrage DTR : TEST si serveur demarre (WDKDTRP13);dir;Command;No;0;No;CTMSRV;DTRDTR_E11REB_12_Q;svce_cm;A_W_DTR13;A_W_DTR13;3y8fo
DTR-DECISIONNEL TRAN;DTRDTR_E11REB_12_Q;DTRDTR_E11REB_12_CTL04_Q;"August 14, 2026";;;;Wait for Event;Info sur le Redemarrage DTR :  (WDKDTRP14);net statistics WORKSTATION;Command;No;0;No;CTMSRV;DTRDTR_E11REB_12_Q;svce_cm;A_W_DTR14;A_W_DTR14;3y8fx
DTR-DECISIONNEL TRAN;DTRDTR_E11REB_12_Q;DTRDTR_E11REB_12_CTL04_Q;"August 14, 2026";;;;Wait for Event;Info sur le Redemarrage DTR BI4 :  (WDKDTRP13);net statistics WORKSTATION;Command;No;0;No;CTMSRV;DTRDTR_E11REB_12_Q;svce_cm;A_W_DTR13;A_W_DTR13;3y8ft
DTR-DECISIONNEL TRAN;DTRDTR_E11REB_12_Q;DTRDTR_E11REB_12_MEL01_Q;"August 14, 2026";;;;Wait for Event;"DTR SAP BI: Notification Mail DEBUT Plan de Maintenance quotidien des serveur WDKDTRP12 ; WDKDTRP13";Notification_Plan_Maintenance.ksh;Job;No;0;No;CTMSRV;DTRDTR_E11REB_12_Q;root;SRV_PRIMAIRE;SRV_PRIMAIRE;3y8fu
DTR-DECISIONNEL TRAN;DTRDTR_E11REB_12_Q;DTRDTR_E11REB_12_MEL02_Q;"August 14, 2026";;;;Wait for Event;DTR SAP BI : Notification Mail FIN Plan de Maintenance quotidien des serveurs WDKDTRP12 et WDKDTRP13;Notification_Plan_Maintenance.ksh;Job;No;0;No;CTMSRV;DTRDTR_E11REB_12_Q;root;SRV_PRIMAIRE;SRV_PRIMAIRE;3y8fv
DTR-DECISIONNEL TRAN;DTRDTR_E11REB_12_Q;DTRDTR_E11REB_12_NAS12_Q;"August 14, 2026";;;;Wait for Event;Mapper le Disque NAS EDF;Mapper  Disque NAS EDF;Command;No;0;Yes;CTMSRV;DTRDTR_E11REB_12_Q;svc_sapbi;A_W_DTR12;A_W_DTR12;3y8fh
DTR-DECISIONNEL TRAN;DTRDTR_E11REB_12_Q;DTRDTR_E11REB_12_NAS13_Q;"August 14, 2026";;;;Wait for Event;Mapper le Disque NAS EDF;Mapper  Disque NAS EDF;Command;No;0;Yes;CTMSRV;DTRDTR_E11REB_12_Q;svc_sapbi;A_W_DTR13;A_W_DTR13;3y8fp
DTR-DECISIONNEL TRAN;DTRDTR_E11REB_12_Q;DTRDTR_E11REB_12_Q;"August 14, 2026";;;;Wait for Event;Plan de Maintenance quotidien des serveurs DTR SAP BI;;SMART Table;No;0;No;CTMSRV;DTRDTR_E11REB_12_Q;;;;3y8fb
DTR-DECISIONNEL TRAN;DTRDTR_E11REB_12_Q;DTRDTR_E11REB_12_REB12_Q;"August 14, 2026";;;;Wait for Event;Redemarrage DTR BI4: REBOOT du serveur (wdkdtrp12);Shutdown_wdkdtrp12;Command;No;0;No;CTMSRV;DTRDTR_E11REB_12_Q;svce_cm;A_W_DTR12;A_W_DTR12;3y8fe
DTR-DECISIONNEL TRAN;DTRDTR_E11REB_12_Q;DTRDTR_E11REB_12_REB13_Q;"August 14, 2026";;;;Wait for Event;Redemarrage DTR BI4: REBOOT du serveur (WDKDTRP13);Shutdown WDKDTRP13;Command;No;0;No;CTMSRV;DTRDTR_E11REB_12_Q;svce_cm;A_W_DTR13;A_W_DTR13;3y8fm
DTR-DECISIONNEL TRAN;DTRDTR_E11REB_12_Q;DTRDTR_E11REB_12_REB14_Q;"August 14, 2026";;;;Wait for Event;Redemarrage DTR : REBOOT du serveur (WDKDTRP14);Shutdown WDKDTRP14;Command;No;0;No;CTMSRV;DTRDTR_E11REB_12_Q;svce_cm;A_W_DTR14;A_W_DTR14;3y8fw
DTR-DECISIONNEL TRAN;DTRDTR_E11REB_12_Q;DTRDTR_E11REB_12_SLP12_Q;"August 14, 2026";;;;Wait for Event;Redemarrage DTR BI4 : SLEEP pour test si serveur demarre (wdkdtrp12);sleep 200_et_test;Command;No;0;No;CTMSRV;DTRDTR_E11REB_12_Q;root;SRV_PRIMAIRE;SRV_PRIMAIRE;3y8ff
DTR-DECISIONNEL TRAN;DTRDTR_E11REB_12_Q;DTRDTR_E11REB_12_SLP13_Q;"August 14, 2026";;;;Wait for Event;Redemarrage DTR BI4 : SLEEP pour test si serveur demarre (WDKDTRP13);sleep 200_et_test;Command;No;0;No;CTMSRV;DTRDTR_E11REB_12_Q;root;SRV_PRIMAIRE;SRV_PRIMAIRE;3y8fn
DTR-DECISIONNEL TRAN;DTRDTR_E11REB_12_Q;DTRDTR_E11REB_12_STP01_Q;"August 14, 2026";;;;Wait for Event;ARRET  BOEXI40SIAWDKDTRP12: STOP  (WDKDTRP12);stop BO_WDKDTRP12;Command;No;0;No;CTMSRV;DTRDTR_E11REB_12_Q;svc_sapbi;A_W_DTR12;A_W_DTR12;3y8fc
DTR-DECISIONNEL TRAN;DTRDTR_E11REB_12_Q;DTRDTR_E11REB_12_STP02_Q;"August 14, 2026";;;;Wait for Event;ARRET  BOEXI40Tomcat: STOP  (WDKDTRP12);stop_Tomcat_WDKDTRP12;Command;No;0;No;CTMSRV;DTRDTR_E11REB_12_Q;svc_sapbi;A_W_DTR12;A_W_DTR12;3y8fd
DTR-DECISIONNEL TRAN;DTRDTR_E11REB_12_Q;DTRDTR_E11REB_12_STP03_Q;"August 14, 2026";;;;Wait for Event;ARRET  BOEXI40SIAWDKDTRE13: STOP  (WDKDTRP13);stop BO_WDKDTRP13;Command;No;0;No;CTMSRV;DTRDTR_E11REB_12_Q;svc_sapbi;A_W_DTR13;A_W_DTR13;3y8fk
DTR-DECISIONNEL TRAN;DTRDTR_E11REB_12_Q;DTRDTR_E11REB_12_STP04_Q;"August 14, 2026";;;;Wait for Event;ARRET  BOEXI40Tomcat: STOP  (WDKDTRP13);stop Tomcat WDKDTRP13;Command;No;0;No;CTMSRV;DTRDTR_E11REB_12_Q;svc_sapbi;A_W_DTR13;A_W_DTR13;3y8fl
DTR-DECISIONNEL TRAN;DTRDTR_E11REB_12_Q;DTRDTR_E11REB_12_STR01_Q;"August 14, 2026";;;;Wait for Event;DEMARRAGE  BOEXI40SIAWDKDTRE12: START  (WDKDTRP12);start BO_WDKDTRP12;Command;No;0;No;CTMSRV;DTRDTR_E11REB_12_Q;svc_sapbi;A_W_DTR12;A_W_DTR12;3y8fj
DTR-DECISIONNEL TRAN;DTRDTR_E11REB_12_Q;DTRDTR_E11REB_12_STR02_Q;"August 14, 2026";;;;Wait for Event;DEMARRAGE  BOEXI40Tomcat: START  (WDKDTRP12);start Tomcat WDKDTRP12;Dummy;No;0;No;CTMSRV;DTRDTR_E11REB_12_Q;svc_sapbi;A_W_DTR12;A_W_DTR12;3y8fi
DTR-DECISIONNEL TRAN;DTRDTR_E11REB_12_Q;DTRDTR_E11REB_12_STR03_Q;"August 14, 2026";;;;Wait for Event;DEMARRAGE  BOEXI40SIAWDKDTRP13: START  (WDKDTRP13);start BO_WDKDTRP13;Command;No;0;No;CTMSRV;DTRDTR_E11REB_12_Q;svc_sapbi;A_W_DTR13;A_W_DTR13;3y8fr
DTR-DECISIONNEL TRAN;DTRDTR_E11REB_12_Q;DTRDTR_E11REB_12_STR04_Q;"August 14, 2026";;;;Wait for Event;DEMARRAGE  BOEXI40Tomcat: START  (WDKDTRP13);start Tomcat WDKDTRP13;Dummy;No;0;No;CTMSRV;DTRDTR_E11REB_12_Q;svc_sapbi;A_W_DTR13;A_W_DTR13;3y8fq
DTR-DECISIONNEL TRAN;DTRDTR_J11TEC_04_Q;DTRDTR_J11TEC_04_CTL01_Q;"August 14, 2026";;;;Wait for Event;Jalon de controle des COND PREV postees (Plan de prod DTR precedent termine);;Dummy;No;0;No;CTMSRV;DTRDTR_J11TEC_04_Q;root;NOTEXIST;NOTEXIST;3y8tp
DTR-DECISIONNEL TRAN;DTRDTR_J11TEC_04_Q;DTRDTR_J11TEC_04_FLG01_Q;"August 14, 2026";;;;Wait for Event;DTR : Jalon de fin de la production DTRP01;UDTR_PROD_ENDED;Dummy;No;0;No;CTMSRV;DTRDTR_J11TEC_04_Q;svce_cm;NOTEXIST;NOTEXIST;3y8tn
DTR-DECISIONNEL TRAN;DTRDTR_J11TEC_04_Q;DTRDTR_J11TEC_04_FLG04_Q;"August 14, 2026";;;;Wait for Event;Jalon de demarrage de la production DTRP01;UDTR_PROD_START_001J;Dummy;No;0;No;CTMSRV;DTRDTR_J11TEC_04_Q;svce_cm;NOTEXIST;NOTEXIST;3y8to
DTR-DECISIONNEL TRAN;DTRDTR_J11TRT_05_Q;DTRDTR_J11TRT_05_IMP01_Q;"August 14, 2026";;;;Wait for Event;Lancement des plans d'execution TAC_SOCLE_MAJ_SLP_DAILY_PLAN;Lance_Interface_DTR_SLP.ksh;Job;No;0;No;CTMSRV;DTRDTR_J11TRT_05_Q;root;M_L_DTR01;M_L_DTR01;3y9jz
DTR-DECISIONNEL TRAN;DTRDTR_J12TRT_05_Q;DTRDTR_J12TRT_05_IMP01_Q;"August 14, 2026";;;;Wait for Event;Lancement des plans d'execution TAC_SOCLE_ALIM_PIVOT_DAILY_PLAN;Lance_Interface_DTR_PIVOT.ksh;Job;No;0;No;CTMSRV;DTRDTR_J12TRT_05_Q;root;M_L_DTR01;M_L_DTR01;3y7qh
DTR-DECISIONNEL TRAN;DTRFIN_J15TRT_04_Q;DTRFIN_J15TRT_04_FLG01_Q;"August 14, 2026";;;;Wait for Event;DTR : Creation Flag TOP_FIN_ALIM_OK_FINANCE_ACHATS_DWH.txt;;Command;No;0;No;CTMSRV;DTRFIN_J15TRT_04_Q;svc_sapbi;M_W_DTR00;M_W_DTR00;3y9t5
DTR-DECISIONNEL TRAN;DTRFIN_J15TRT_04_Q;DTRFIN_J15TRT_04_FLG02_Q;"August 14, 2026";;;;Wait for Event;DTR : Creation Flag TOP_FIN_ALIM_OK_FINANCE_ACHATS_DTM_GESTION_ANALYTIQUE.txt;;Command;No;0;No;CTMSRV;DTRFIN_J15TRT_04_Q;svc_sapbi;M_W_DTR00;M_W_DTR00;3y9t7
DTR-DECISIONNEL TRAN;DTRFIN_J15TRT_04_Q;DTRFIN_J15TRT_04_FLG03_Q;"August 14, 2026";;;;Wait for Event;DTR : Creation Flag TOP_FIN_ALIM_OK_FINANCE_ACHATS_DTM_FACTURE_CLIENT.txt;;Command;No;0;No;CTMSRV;DTRFIN_J15TRT_04_Q;svc_sapbi;M_W_DTR00;M_W_DTR00;3y9td
DTR-DECISIONNEL TRAN;DTRFIN_J15TRT_04_Q;DTRFIN_J15TRT_04_FLG04_Q;"August 14, 2026";;;;Wait for Event;DTR : Creation Flag TOP_FIN_ALIM_OK_FINANCE_ACHATS_P2P.txt;;Command;No;0;No;CTMSRV;DTRFIN_J15TRT_04_Q;svc_sapbi;M_W_DTR00;M_W_DTR00;3y9t9
DTR-DECISIONNEL TRAN;DTRFIN_J15TRT_04_Q;DTRFIN_J15TRT_04_FLG05_Q;"August 14, 2026";;;;Wait for Event;DTR : Creation Flag TOP_FIN_ALIM_OK_FINANCE_ACHATS_DTM_AUTRE.txt;;Command;No;0;No;CTMSRV;DTRFIN_J15TRT_04_Q;svc_sapbi;M_W_DTR00;M_W_DTR00;3y9te
DTR-DECISIONNEL TRAN;DTRFIN_J15TRT_04_Q;DTRFIN_J15TRT_04_FLG06_Q;"August 14, 2026";;;;Wait for Event;DTR : Creation Flag TOP_FIN_ALIM_OK_FINANCE_ACHATS_DTM_FIN.txt;;Command;No;0;No;CTMSRV;DTRFIN_J15TRT_04_Q;svc_sapbi;M_W_DTR00;M_W_DTR00;3y9tf
DTR-DECISIONNEL TRAN;DTRFIN_J15TRT_04_Q;DTRFIN_J15TRT_04_FWT01_Q;"August 14, 2026";;;;Wait for Event;FWT : Controle sur le serveur DTR de la presence des fichiers DTR_FINANCE;FileWatcher_Mult_Fic.ksh;Job;No;0;Yes;CTMSRV;DTRFIN_J15TRT_04_Q;ctmag900;A_L_DTR07;A_L_DTR07;3y9t1
DTR-DECISIONNEL TRAN;DTRFIN_J15TRT_04_Q;DTRFIN_J15TRT_04_FWT02_Q;"August 14, 2026";;;;Wait for Event;FWT : Controle sur le serveur Talend de la presence des fichiers CE-BANK-BRANCHES-V et DTR-AR-EVENTS-V;FileWatcher_Mult_Fic.ksh;Job;No;0;Yes;CTMSRV;DTRFIN_J15TRT_04_Q;ctmag900;M_L_DTR01;M_L_DTR01;3y9t3
DTR-DECISIONNEL TRAN;DTRFIN_J15TRT_04_Q;DTRFIN_J15TRT_04_LIM01_Q;"August 14, 2026";;;;Wait for Event;Limite horaire 1h30 du matin;;Dummy;No;0;No;CTMSRV;DTRFIN_J15TRT_04_Q;ctmag900;M_L_DTR01;M_L_DTR01;3y9t2
DTR-DECISIONNEL TRAN;DTRFIN_J15TRT_04_Q;DTRFIN_J15TRT_04_MOV01_Q;"August 14, 2026";;;;Wait for Event;Copie des fichiers FINANCE du NAS EAI vers le DTR;MOVE_GENERIQUE.sh;Job;No;0;No;CTMSRV;DTRFIN_J15TRT_04_Q;root;A_L_DTR07;A_L_DTR07;3y9t0
DTR-DECISIONNEL TRAN;DTRFIN_J15TRT_04_Q;DTRFIN_J15TRT_04_MOV02_Q;"August 14, 2026";;;;Wait for Event;Copie des fichiers FINANCE du NAS EAI vers le DTR;MOVE_GENERIQUE.sh;Job;No;0;No;CTMSRV;DTRFIN_J15TRT_04_Q;root;M_L_DTR01;M_L_DTR01;3y9t4
DTR-DECISIONNEL TRAN;DTRFIN_J15TRT_04_Q;DTRFIN_J15TRT_04_TAL01_Q;"August 14, 2026";;;;Wait for Event;Lancement DTR_FINANCE_DWH_PLAN;Lance_Interface_DTR_KDR.ksh;Job;No;0;No;CTMSRV;DTRFIN_J15TRT_04_Q;root;M_L_DTR01;M_L_DTR01;3y9sz
DTR-DECISIONNEL TRAN;DTRFIN_J15TRT_04_Q;DTRFIN_J15TRT_04_TAL02_Q;"August 14, 2026";;;;Wait for Event;Lancement du plan  execution DTM_GESTION_ANALYTIQUE_PLAN;Lance_Interface_DTR_KDR.ksh;Job;No;0;No;CTMSRV;DTRFIN_J15TRT_04_Q;root;M_L_DTR01;M_L_DTR01;3y9t6
DTR-DECISIONNEL TRAN;DTRFIN_J15TRT_04_Q;DTRFIN_J15TRT_04_TAL03_Q;"August 14, 2026";;;;Wait for Event;Lancement du plan  execution DTM_FACTURE_CLIENT_PLAN;Lance_Interface_DTR_KDR.ksh;Job;No;0;No;CTMSRV;DTRFIN_J15TRT_04_Q;root;M_L_DTR01;M_L_DTR01;3y9ta
DTR-DECISIONNEL TRAN;DTRFIN_J15TRT_04_Q;DTRFIN_J15TRT_04_TAL04_Q;"August 14, 2026";;;;Wait for Event;Lancement DTR_FINANCE_P2P_PLAN;Lance_Interface_DTR_KDR.ksh;Job;No;0;No;CTMSRV;DTRFIN_J15TRT_04_Q;root;M_L_DTR01;M_L_DTR01;3y9t8
DTR-DECISIONNEL TRAN;DTRFIN_J15TRT_04_Q;DTRFIN_J15TRT_04_TAL05_Q;"August 14, 2026";;;;Wait for Event;Lancement du plan  execution DTM_AUTRE_PLAN;Lance_Interface_DTR_KDR.ksh;Job;No;0;No;CTMSRV;DTRFIN_J15TRT_04_Q;root;M_L_DTR01;M_L_DTR01;3y9tb
DTR-DECISIONNEL TRAN;DTRFIN_J15TRT_04_Q;DTRFIN_J15TRT_04_TAL06_Q;"August 14, 2026";;;;Wait for Event;Lancement du plan  execution DTM_FIN_PLAN;Lance_Interface_DTR_KDR.ksh;Job;No;0;No;CTMSRV;DTRFIN_J15TRT_04_Q;root;M_L_DTR01;M_L_DTR01;3y9tc
DTR-DECISIONNEL TRAN;DTRFIN_J15TRT_04_Q;DTRFIN_J15TRT_04_WRK01_Q;"August 14, 2026";;;;Wait for Event;Lance le plan d' execution DTR_REF_COPY_4_FINANCE_PLAN;Lance_Interface_DTR_KDR.ksh;Job;No;0;No;CTMSRV;DTRFIN_J15TRT_04_Q;root;M_L_DTR01;M_L_DTR01;3y9sy
DTR-DECISIONNEL TRAN;DTRFIN_J16TRT_04_Q;DTRFIN_J16TRT_04_FLG01_Q;"August 14, 2026";;;;Wait for Event;DTR : Creation Flag TOP_OK_FINANCE_ACHATS_P2P.txt;;Dummy;No;0;No;CTMSRV;DTRFIN_J16TRT_04_Q;root;NOTEXIST;NOTEXIST;3y9lr
DTR-DECISIONNEL TRAN;DTRFIN_J16TRT_04_Q;DTRFIN_J16TRT_04_TAL01_Q;"August 14, 2026";;;;Wait for Event;Lance le plan d'execution DTR_FINANCE_P2P_PLAN du job talend DTR_FINANCE_P2P du Projet DTR_FINANCE;Lance_Interface_DTR_KDR.ksh;Dummy;No;0;No;CTMSRV;DTRFIN_J16TRT_04_Q;root;M_L_DTR01;M_L_DTR01;3y9lq
DTR-DECISIONNEL TRAN;DTRFIN_J17TRT_04_Q;DTRFIN_J17TRT_04_WRK01_Q;"August 14, 2026";;;;Wait for Event;Lance le plan d' execution  DTR_HEC_COPY_4_FINANCE_PLAN;Lance_Interface_DTR_KDR.ksh;Job;No;0;No;CTMSRV;DTRFIN_J17TRT_04_Q;root;M_L_DTR01;M_L_DTR01;3y9r1
DTR-DECISIONNEL TRAN;DTRHEC_J11INT_05_Q;DTRHEC_J11INT_05_IMP01_Q;"August 14, 2026";;;;Wait for Event;DTR : Lancement du plan d' execution  DTR_HERCULE_REC_PLAN;Lance_Interface_DTR_KDR.ksh;Job;No;0;No;CTMSRV;DTRHEC_J11INT_05_Q;root;M_L_DTR01;M_L_DTR01;3y8ck
DTR-DECISIONNEL TRAN;DTRHEC_J11INT_05_Q;DTRHEC_J11INT_05_IMP02_Q;"August 14, 2026";;;;Wait for Event;DTR : Lancement du plan d' execution  DTR_HERCULE_REC_COPIE_PLAN;Lance_Interface_DTR_KDR.ksh;Job;No;0;No;CTMSRV;DTRHEC_J11INT_05_Q;root;M_L_DTR01;M_L_DTR01;3y8cl
DTR-DECISIONNEL TRAN;DTRHEC_J11INT_05_Q;DTRHEC_J11INT_05_IMP03_Q;"August 14, 2026";;;;Wait for Event;DTR : Lancement du plan d' execution  DTR_HERCULE_REC_P2_PLAN;Lance_Interface_DTR_KDR.ksh;Job;No;0;No;CTMSRV;DTRHEC_J11INT_05_Q;root;M_L_DTR01;M_L_DTR01;3y8cm
DTR-DECISIONNEL TRAN;DTRHEC_J11INT_05_Q;DTRHEC_J11INT_05_IMP04_Q;"August 14, 2026";;;;Wait for Event;DTR : Lancement du plan d' execution  DTR_HERCULE_REC_COPIE_P2_PLAN;Lance_Interface_DTR_KDR.ksh;Job;No;0;No;CTMSRV;DTRHEC_J11INT_05_Q;root;M_L_DTR01;M_L_DTR01;3y8cn
DTR-DECISIONNEL TRAN;DTRHEC_J11INT_05_Q;DTRHEC_J11INT_05_MOV01_Q;"August 14, 2026";;;;Wait for Event;Deplacer les fichiers du NAS vers DTR;MOVE_GENERIQUE.sh;Job;No;0;No;CTMSRV;DTRHEC_J11INT_05_Q;root;M_L_DTR01;M_L_DTR01;3y8cj
DTR-DECISIONNEL TRAN;DTRHEC_J11INT_05_Q;DTRHEC_J11INT_05_Q;"August 14, 2026";"August 14, 2026 1:30:11 PM";;;Executing;DTR : Integration des Donnees HEC;;SMART Table;No;1;No;CTMSRV;DTRHEC_J11INT_05_Q;root;;;3y8ci
DTR-DECISIONNEL TRAN;DTRKDR_J12INT_05_Q;DTRKDR_J12INT_05_IMP01_Q;"August 14, 2026";;;;Wait for Event;DTR : Lancement du plan d' execution  DTR_REFERENTIEL_REC_PLAN;Lance_Interface_DTR_KDR.ksh;Job;No;0;No;CTMSRV;DTRKDR_J12INT_05_Q;root;M_L_DTR01;M_L_DTR01;3y9jg
DTR-DECISIONNEL TRAN;DTRKDR_J12INT_05_Q;DTRKDR_J12INT_05_IMP02_Q;"August 14, 2026";;;;Wait for Event;DTR : Lancement du plan d' execution  DTR_REFERENTIEL_REC_COPIE_PLAN;Lance_Interface_DTR_KDR.ksh;Job;No;0;No;CTMSRV;DTRKDR_J12INT_05_Q;root;M_L_DTR01;M_L_DTR01;3y9jh
DTR-DECISIONNEL TRAN;DTRKDR_J12INT_05_Q;DTRKDR_J12INT_05_IMP03_Q;"August 14, 2026";;;;Wait for Event;DTR : Lancement du plan d' execution  DTR_REFERENTIEL_REC_P2_PLAN;Lance_Interface_DTR_KDR.ksh;Job;No;0;No;CTMSRV;DTRKDR_J12INT_05_Q;root;M_L_DTR01;M_L_DTR01;3y9ji
DTR-DECISIONNEL TRAN;DTRKDR_J12INT_05_Q;DTRKDR_J12INT_05_IMP04_Q;"August 14, 2026";;;;Wait for Event;DTR : Lancement du plan d' execution  DTR_REFERENTIEL_REC_COPIE_P2_PLAN;Lance_Interface_DTR_KDR.ksh;Job;No;0;No;CTMSRV;DTRKDR_J12INT_05_Q;root;M_L_DTR01;M_L_DTR01;3y9jj
DTR-DECISIONNEL TRAN;DTRKDR_J12INT_05_Q;DTRKDR_J12INT_05_MOV01_Q;"August 14, 2026";;;;Wait for Event;Deplacer les fichiers du NAS vers DTR;DTRKDR_J12INT_05_MOV01_Q.ksh;Job;No;0;No;CTMSRV;DTRKDR_J12INT_05_Q;root;M_L_DTR01;M_L_DTR01;3y9jk
DTR-DECISIONNEL TRAN;DTRKDR_J13INT_05_Q;DTRKDR_J13INT_05_IMP01_Q;"August 14, 2026";;;;Wait for Event;DTR : Lancement du plan d'execution DTR_REFERENTIEL_REC_TRANSCOS_PLAN;Lance_Interface_DTR_KDR.ksh;Job;No;0;No;CTMSRV;DTRKDR_J13INT_05_Q;root;M_L_DTR01;M_L_DTR01;3y8b4
DTR-DECISIONNEL TRAN;DTRKDR_J13INT_05_Q;DTRKDR_J13INT_05_MOV01_Q;"August 14, 2026";;;;Wait for Event;Deplacer les fichiers du NAS vers DTR;MOVE_GENERIQUE.sh;Job;No;0;No;CTMSRV;DTRKDR_J13INT_05_Q;root;M_L_DTR01;M_L_DTR01;3y8b3
DTR-DECISIONNEL TRAN;DTRKDR_J14INT_05_Q;DTRKDR_J14INT_05_IMP01_Q;"August 14, 2026";;;;Wait for Event;DTR : Lancement du plan d'exécution DTR_REFERENTIEL_REC_RESSOURCE_PLAN;Lance_Interface_DTR_KDR.ksh;Job;No;0;No;CTMSRV;DTRKDR_J14INT_05_Q;root;M_L_DTR01;M_L_DTR01;3y8xc
DTR-DECISIONNEL TRAN;DTRKDR_J14INT_05_Q;DTRKDR_J14INT_05_MOV01_Q;"August 14, 2026";;;;Wait for Event;Deplacer les fichiers du NAS vers DTR;DTRKDR_J14INT_05_MOV01_Q.ksh;Job;No;0;No;CTMSRV;DTRKDR_J14INT_05_Q;root;M_L_DTR01;M_L_DTR01;3y8xb
DTR-DECISIONNEL TRAN;DTRKDR_J15INT_05_Q;DTRKDR_J15INT_05_IMP01_Q;"August 14, 2026";;;;Wait for Event;DTR : Lancement du plan d'exécution DTR_REFERENTIEL_REC_PARTENAIRE_PLAN;Lance_Interface_DTR_KDR.ksh;Job;No;0;No;CTMSRV;DTRKDR_J15INT_05_Q;root;M_L_DTR01;M_L_DTR01;3y8ev
DTR-DECISIONNEL TRAN;DTRKDR_J15INT_05_Q;DTRKDR_J15INT_05_MOV01_Q;"August 14, 2026";;;;Wait for Event;Deplacer les fichiers du NAS vers DTR;DTRKDR_J15INT_05_MOV01_Q.ksh;Job;No;0;No;CTMSRV;DTRKDR_J15INT_05_Q;root;M_L_DTR01;M_L_DTR01;3y8eu
DTR-DECISIONNEL TRAN;DTRKDR_J16INT_05_Q;DTRKDR_J16INT_05_IMP01_Q;"August 14, 2026";;;;Wait for Event;DTR : Lancement du plan d'execution DTR_REFERENTIEL_REC_SEE_PLAN;Lance_Interface_DTR_KDR.ksh;Job;No;0;No;CTMSRV;DTRKDR_J16INT_05_Q;root;M_L_DTR01;M_L_DTR01;3y916
DTR-DECISIONNEL TRAN;DTRKDR_J16INT_05_Q;DTRKDR_J16INT_05_IMP02_Q;"August 14, 2026";;;;Wait for Event;DTR : Lancement du plan d'execution DTR_REFERENTIEL_REC_TRANSCOS_SEE_PLAN;Lance_Interface_DTR_KDR.ksh;Job;No;0;No;CTMSRV;DTRKDR_J16INT_05_Q;root;M_L_DTR01;M_L_DTR01;3y917
DTR-DECISIONNEL TRAN;DTRKDR_J16INT_05_Q;DTRKDR_J16INT_05_MOV01_Q;"August 14, 2026";;;;Wait for Event;Deplacer les fichiers zip du NAS vers DTR;DTRKDR_J16INT_05_MOV01_Q.ksh;Job;No;0;No;CTMSRV;DTRKDR_J16INT_05_Q;root;M_L_DTR01;M_L_DTR01;3y915
DTR-DECISIONNEL TRAN;DTRKDR_J16INT_05_Q;DTRKDR_J16INT_05_Q;"August 14, 2026";"August 14, 2026 1:30:11 PM";;;Executing;DTR: Projet DTR_REFERENTIEL;;SMART Table;No;1;No;CTMSRV;DTRKDR_J16INT_05_Q;;;;3y914
DTR-DECISIONNEL TRAN;DTRMDM_J11INT_05_Q;DTRMDM_J11INT_05_FWT04_Q;"August 14, 2026";;;0800;Wait for Event;Scrutation des fichiers MDM;FileWatcher_Mult_Fic.ksh;Job;No;0;Yes;CTMSRV;DTRMDM_J11INT_05_Q;ctmag900;M_L_DTR01;M_L_DTR01;3y9wt
DTR-DECISIONNEL TRAN;DTRMDM_J11INT_05_Q;DTRMDM_J11INT_05_IMP05_Q;"August 14, 2026";;;;Wait for Event;Plan d'execution transfert Fichier;Lance_Interface_DTR_MDM.ksh;Job;No;0;No;CTMSRV;DTRMDM_J11INT_05_Q;root;M_L_DTR01;M_L_DTR01;3y9wu
DTR-DECISIONNEL TRAN;DTRMDM_J11INT_05_Q;DTRMDM_J11INT_05_IMP06_Q;"August 14, 2026";;;;Wait for Event;Lancement des plans d'execution SOCLE;Lance_Interface_DTR_MDM.ksh;Job;No;0;No;CTMSRV;DTRMDM_J11INT_05_Q;root;M_L_DTR01;M_L_DTR01;3y9wv
DTR-DECISIONNEL TRAN;DTRMDM_J11INT_05_Q;DTRMDM_J11INT_05_IMP07_Q;"August 14, 2026";;;;Wait for Event;Lancement des plans d'execution MAIEXP;Lance_Interface_DTR_MDM.ksh;Job;No;0;No;CTMSRV;DTRMDM_J11INT_05_Q;root;M_L_DTR01;M_L_DTR01;3y9ww
DTR-DECISIONNEL TRAN;DTRMDM_J11INT_05_Q;DTRMDM_J11INT_05_LIM01_Q;"August 14, 2026";;;;Wait for Event;Limite horaire 0h40 du matin;;Dummy;No;0;No;CTMSRV;DTRMDM_J11INT_05_Q;ctmag900;M_L_DTR01;M_L_DTR01;3y9wx
DTR-DECISIONNEL TRAN;DTRNRJ_J11INT_05_Q;DTRNRJ_J11INT_05_IMP01_Q;"August 14, 2026";;;;Wait for Event;Traitement DTR ENERGY Quotidien;Lance_Interface_DTR_EGY.ksh;Job;No;0;No;CTMSRV;DTRNRJ_J11INT_05_Q;root;M_L_DTR01;M_L_DTR01;3y8un
DTR-DECISIONNEL TRAN;DTRNRJ_J11INT_05_Q;DTRNRJ_J11INT_05_IMP02_Q;"August 14, 2026";;;;Wait for Event;Intégration du DUMP Energy dans l'ODS;dtrenergy_datapump.sh;Job;No;0;No;CTMSRV;DTRNRJ_J11INT_05_Q;root;A_L_DTR07;A_L_DTR07;3y8um
DTR-DECISIONNEL TRAN;DTRNRJ_J11INT_05_Q;DTRNRJ_J11INT_05_IMP03_Q;"August 14, 2026";;;;Wait for Event;Traitement DTR ENERGY EGY_FAIT;Lance_Interface_DTR_EGY.ksh;Job;No;0;No;CTMSRV;DTRNRJ_J11INT_05_Q;root;M_L_DTR01;M_L_DTR01;3y8uo
EAI-EAI;EAIEAI_E11TEC_04_Q;EAIEAI_E11TEC_04_WRK01_Q;"August 14, 2026";;;;Wait for Event;Envoi ODATE vers PFE \\prod.dalkia.org\PFE\APPS\EAI\filesharing\ODATE\ODATE.txt;CreateOdate.bat;Job;No;0;No;CTMSRV;EAIEAI_E11TEC_04_Q;svce_cm;A_W_PFE13;A_W_PFE13;3y9e6
ETR-ETRM;ETRMEC_J11FLX_07_Q;ETRMEC_J11FLX_07_MOV01_Q;"August 14, 2026";;;;Wait for Event;"PFE : Deplacement des fichiers ""MEC.zip"" depuis PFE vers ETRM";MOV_Generique_DKA.bat;Job;No;0;No;CTMSRV;ETRMEC_J11FLX_07_Q;svce_cm;A_W_ETR24;A_W_ETR24;3y94y
ETR-ETRM;ETRMEC_J11FLX_07_Q;ETRMEC_J11FLX_07_Q;"August 14, 2026";"August 14, 2026 1:30:11 PM";;;Executing;PFE : Flux MEC;;SMART Table;No;1;No;CTMSRV;ETRMEC_J11FLX_07_Q;svce_cm;;;3y94x
FIN-FINANCE;FINDTR_J11GEN_06_Q;FINDTR_J11GEN_06_EXP01_Q;"August 14, 2026";;;;Wait for Event;FINANCE : Extraction Datapump Oracle pour DTR;BATCH_Generique_DKA.ksh;Job;No;0;No;CTMSRV;FINDTR_J11GEN_06_Q;opdtpump;M_L_FIN12;M_L_FIN12;3y9q7
FIN-FINANCE;FINDTR_J11GEN_06_Q;FINDTR_J11GEN_06_EXP02_Q;"August 14, 2026";;;;Wait for Event;FINANCE : Extraction des banques et agences pour DTR;;Job;No;0;No;CTMSRV;FINDTR_J11GEN_06_Q;EXPLOITATION;M_L_FIN12;M_L_FIN12;3y9q8
FIN-FINANCE;FINDTR_J11GEN_06_Q;FINDTR_J11GEN_06_EXP03_Q;"August 14, 2026";;;;Wait for Event;FINANCE : Extraction des evenements AR pour DTR;;Job;No;0;No;CTMSRV;FINDTR_J11GEN_06_Q;EXPLOITATION;M_L_FIN12;M_L_FIN12;3y9qa
FIN-FINANCE;FINDTR_J11GEN_06_Q;FINDTR_J11GEN_06_MOV01_Q;"August 14, 2026";;;;Wait for Event;FINANCE : Move du fichier FIN01*.tar.gz vers le NAS;MOV_OUT_PUMP_DKA.ksh;Job;No;0;No;CTMSRV;FINDTR_J11GEN_06_Q;opfinbac;M_L_FIN12;M_L_FIN12;3y9q6
FIN-FINANCE;FINDTR_J11GEN_06_Q;FINDTR_J11GEN_06_MOV02_Q;"August 14, 2026";;;;Wait for Event;FINANCE : Move du fichier FIN01_*CE-BANK-BRANCHES-V_001_*.csv vers le NAS;MOV_OUT_PUMP_DKA.ksh;Job;No;0;No;CTMSRV;FINDTR_J11GEN_06_Q;opfinbac;M_L_FIN12;M_L_FIN12;3y9q9
FIN-FINANCE;FINDTR_J11GEN_06_Q;FINDTR_J11GEN_06_MOV03_Q;"August 14, 2026";;;;Wait for Event;FINANCE : Move du fichier FIN01_*DTR-AR-EVENTS-V_001_*.csv vers le NAS;MOV_OUT_PUMP_DKA.ksh;Job;No;0;No;CTMSRV;FINDTR_J11GEN_06_Q;opfinbac;M_L_FIN12;M_L_FIN12;3y9qb
FIN-FINANCE;FINDTR_J11GEN_06_Q;FINDTR_J11GEN_06_Q;"August 14, 2026";;;;Wait for Event;FINANCE : Extraction Datapump Oracle pour DTR;;SMART Table;No;0;No;CTMSRV;FINDTR_J11GEN_06_Q;opdtpump;;;3y9q5
FIN-FINANCE;FINDTR_J11TEC_04_Q;FINDTR_J11TEC_04_Q;"August 14, 2026";;;;Wait for Event;FINANCE : Ajout date derniere DATAPUMP dans Libmemsym pour DTR;;SMART Table;No;0;No;CTMSRV;FINDTR_J11TEC_04_Q;root;;;3y7ub
FIN-FINANCE;FINDTR_J11TEC_04_Q;FINDTR_J11TEC_04_WRK01_Q;"August 14, 2026";;;;Wait for Event;FINANCE : Ajout date derniere DATAPUMP dans Libmemsym pour DTR;SED_LAST_DATAPUMPDTR.ksh;Job;No;0;No;CTMSRV;FINDTR_J11TEC_04_Q;controlm;SRV_PRIMAIRE;SRV_PRIMAIRE;3y7uc
FIN-FINANCE;FINEXT_J11GEN_06_Q;FINEXT_J11GEN_06_EXP01_Q;"August 14, 2026";;;;Wait for Event;Exportation Commandes XEROX et Tradeshift;;Job;No;0;No;CTMSRV;FINEXT_J11GEN_06_Q;EXPLOITATION;M_L_FIN12;M_L_FIN12;3y7t6
FIN-FINANCE;FINEXT_J11GEN_06_Q;FINEXT_J11GEN_06_MOV01_Q;"August 14, 2026";;;;Wait for Event;FINANCE : Move du fichier DK1.DAL.CDE.* vers le NAS;MOV_OUT_Generique_DKA.ksh;Job;No;0;No;CTMSRV;FINEXT_J11GEN_06_Q;opfinbac;M_L_FIN12;M_L_FIN12;3y7t7
FIN-FINANCE;FINEXT_J11GEN_06_Q;FINEXT_J11GEN_06_Q;"August 14, 2026";;;;Wait for Event;FINANCE : Exportation Commandes XEROX et Tradeshift;;SMART Table;No;0;No;CTMSRV;FINEXT_J11GEN_06_Q;opfinbac;;;3y7t5
FIN-FINANCE;FINEXT_J11INT_05_Q;FINEXT_J11INT_05_CON01_Q;"August 14, 2026";;;;Wait for Event;FINANCE : Concatener les fichiers VE1.DAL*.TR1 dans un fichier VE1_DAL.csv;CON_Generique_DKA.ksh;Job;No;0;No;CTMSRV;FINEXT_J11INT_05_Q;opfinbac;M_L_FIN12;M_L_FIN12;3y9vf
FIN-FINANCE;FINEXT_J11INT_05_Q;FINEXT_J11INT_05_CON02_Q;"August 14, 2026";;;;Wait for Event;FINANCE : Concatener les fichiers CSV_DAL*.csv en CONTROL.csv;FINEXT_J11INT_05_CON02_Q.ksh;Job;No;0;No;CTMSRV;FINEXT_J11INT_05_Q;opfinbac;M_L_FIN12;M_L_FIN12;3y9vg
FIN-FINANCE;FINEXT_J11INT_05_Q;FINEXT_J11INT_05_IMP01_Q;"August 14, 2026";;;;Wait for Event;XEROX : Chargement factures;;Job;No;0;No;CTMSRV;FINEXT_J11INT_05_Q;EXPLOITATION;M_L_FIN12;M_L_FIN12;3y9va
FIN-FINANCE;FINEXT_J11INT_05_Q;FINEXT_J11INT_05_IMP03_Q;"August 14, 2026";;;;Wait for Event;XEROX : Chargement CONTROL.csv;;Job;No;0;No;CTMSRV;FINEXT_J11INT_05_Q;EXPLOITATION;M_L_FIN12;M_L_FIN12;3y9vc
FIN-FINANCE;FINEXT_J11INT_05_Q;FINEXT_J11INT_05_LIM01_Q;"August 14, 2026";;;;Wait for Event;FINANCE : Limite horaire notification PFE XEROX;;Dummy;No;0;No;CTMSRV;FINEXT_J11INT_05_Q;opfinbac;M_L_FIN12;M_L_FIN12;3y9vj
FIN-FINANCE;FINEXT_J11INT_05_Q;FINEXT_J11INT_05_MOV01_Q;"August 14, 2026";;;;Wait for Event;FINANCE : Move du fichier TRA_DAL*.zip depuis le NAS;MOV_IN_Generique_DKA.ksh;Job;No;0;No;CTMSRV;FINEXT_J11INT_05_Q;opfinbac;M_L_FIN12;M_L_FIN12;3y9v9
FIN-FINANCE;FINEXT_J11INT_05_Q;FINEXT_J11INT_05_MOV02_Q;"August 14, 2026";;;2220;Wait for Event;FINANCE : Move du fichier CSV_DAL*.ZIP depuis le NAS;MOV_IN_Generique_DKA.ksh;Job;No;0;No;CTMSRV;FINEXT_J11INT_05_Q;opfinbac;M_L_FIN12;M_L_FIN12;3y9vh
FIN-FINANCE;FINEXT_J11INT_05_Q;FINEXT_J11INT_05_Q;"August 14, 2026";;;2230;Wait for Event;FINANCE : Chargement factures Xerox;;SMART Table;No;0;No;CTMSRV;FINEXT_J11INT_05_Q;opfinbac;;;3y9v8
FIN-FINANCE;FINEXT_J11INT_05_Q;FINEXT_J11INT_05_WRK02_Q;"August 14, 2026";;;;Wait for Event;XEROX : Intégration factures;;Job;No;0;No;CTMSRV;FINEXT_J11INT_05_Q;EXPLOITATION;M_L_FIN12;M_L_FIN12;3y9vd
FIN-FINANCE;FINEXT_J11INT_05_Q;FINEXT_J11INT_05_WRK04_Q;"August 14, 2026";;;;Wait for Event;XEROX : Contrôle de flux;;Job;No;0;No;CTMSRV;FINEXT_J11INT_05_Q;EXPLOITATION;M_L_FIN12;M_L_FIN12;3y9ve
FIN-FINANCE;FINEXT_J11INT_05_Q;FINEXT_J11INT_05_ZIP01_Q;"August 14, 2026";;;;Wait for Event;FINANCE : Decompression du fichier TRA_DAL*.zip;DEZIP_Generique_DKA.ksh;Job;No;0;No;CTMSRV;FINEXT_J11INT_05_Q;opfinbac;M_L_FIN12;M_L_FIN12;3y9vb
FIN-FINANCE;FINEXT_J11INT_05_Q;FINEXT_J11INT_05_ZIP02_Q;"August 14, 2026";;;;Wait for Event;FINANCE : Decompression du fichier CSV_DAL*.zip;DEZIP_Generique_DKA.ksh;Job;No;0;No;CTMSRV;FINEXT_J11INT_05_Q;opfinbac;M_L_FIN12;M_L_FIN12;3y9vi
FIN-FINANCE;FINEXT_J12GEN_06_Q;FINEXT_J12GEN_06_EXP01_Q;"August 14, 2026";;;;Wait for Event;FINANCE : Export du référentiel employé vers NOTILUS;;Job;No;0;No;CTMSRV;FINEXT_J12GEN_06_Q;EXPLOITATION;M_L_FIN12;M_L_FIN12;3y9of
FIN-FINANCE;FINEXT_J12GEN_06_Q;FINEXT_J12GEN_06_MOV01_Q;"August 14, 2026";;;;Wait for Event;FINANCE : Move du fichier EMPLOYES_AAAAMMJJ.csv  vers le NAS;MOV_OUT_Generique_DKA.ksh;Job;No;0;No;CTMSRV;FINEXT_J12GEN_06_Q;opfinbac;M_L_FIN12;M_L_FIN12;3y9og
FIN-FINANCE;FINEXT_J12GEN_06_Q;FINEXT_J12GEN_06_Q;"August 14, 2026";;;;Wait for Event;FINANCE : Export du referentiel employe vers NOTILUS;;SMART Table;No;0;No;CTMSRV;FINEXT_J12GEN_06_Q;opfinbac;;;3y9oe
FIN-FINANCE;FINEXT_J12INT_05_Q;FINEXT_J12INT_05_CON01_Q;"August 14, 2026";;;;Wait for Event;FINANCE : Concaténer les fichiers L56VFRTDSPAR*.TR1 dans un fichier ZCI_DAL.csv;CON_Generique_DKA.ksh;Job;No;0;No;CTMSRV;FINEXT_J12INT_05_Q;opfinbac;M_L_FIN12;M_L_FIN12;3y9z3
FIN-FINANCE;FINEXT_J12INT_05_Q;FINEXT_J12INT_05_CTL01_Q;"August 14, 2026";;;;Wait for Event;FINANCE : Controle de fichiers L56VFRTDSPAR*.TIF;CON_Generique_DKA.ksh;Command;No;0;No;CTMSRV;FINEXT_J12INT_05_Q;opfinbac;M_L_FIN12;M_L_FIN12;3y9z4
FIN-FINANCE;FINEXT_J12INT_05_Q;FINEXT_J12INT_05_FIN01_Q;"August 14, 2026";;;;Wait for Event;FINANCE : Fin de Chaine TradeShift;;Dummy;No;0;No;CTMSRV;FINEXT_J12INT_05_Q;opfinbac;M_L_FIN12;M_L_FIN12;3y9z5
FIN-FINANCE;FINEXT_J12INT_05_Q;FINEXT_J12INT_05_IMP01_Q;"August 14, 2026";;;;Wait for Event;TRADESHIFT : Chargement factures;;Job;No;0;No;CTMSRV;FINEXT_J12INT_05_Q;EXPLOITATION;M_L_FIN12;M_L_FIN12;3y9z1
FIN-FINANCE;FINEXT_J12INT_05_Q;FINEXT_J12INT_05_MOV01_Q;"August 14, 2026";;;2228;Wait for Event;FINANCE : Move du fichier L56VFRTDSPAR__DLK* depuis NAS;MOV_IN_Generique_DKA.ksh;Job;No;0;No;CTMSRV;FINEXT_J12INT_05_Q;opfinbac;M_L_FIN12;M_L_FIN12;3y9z0
FIN-FINANCE;FINEXT_J12INT_05_Q;FINEXT_J12INT_05_Q;"August 14, 2026";;;2230;Wait for Event;FINANCE : Chargement factures TradeShift;;SMART Table;No;0;No;CTMSRV;FINEXT_J12INT_05_Q;opfinbac;;;3y9yz
FIN-FINANCE;FINEXT_J12INT_05_Q;FINEXT_J12INT_05_ZIP01_Q;"August 14, 2026";;;;Wait for Event;FINANCE : Decompression du fichier L56VFRTDSPAR__DLK*.zip;DEZIP_Generique_DKA.ksh;Job;No;0;No;CTMSRV;FINEXT_J12INT_05_Q;opfinbac;M_L_FIN12;M_L_FIN12;3y9z2
FIN-FINANCE;FINEXT_J13GEN_06_Q;FINEXT_J13GEN_06_EXP01_Q;"August 14, 2026";;;;Wait for Event;FINANCE : Export Recouvrement;;Job;No;0;No;CTMSRV;FINEXT_J13GEN_06_Q;EXPLOITATION;M_L_FIN12;M_L_FIN12;3y9j4
FIN-FINANCE;FINEXT_J13GEN_06_Q;FINEXT_J13GEN_06_MOV01_Q;"August 14, 2026";;;;Wait for Event;FINANCE : Move du fichier ENCOURS_RECOUVREMENT_*.csv vers le NAS;MOV_OUT_Generique_DKA.ksh;Job;No;0;No;CTMSRV;FINEXT_J13GEN_06_Q;opfinbac;M_L_FIN12;M_L_FIN12;3y9j5
FIN-FINANCE;FINEXT_J13GEN_06_Q;FINEXT_J13GEN_06_Q;"August 14, 2026";;;;Wait for Event;FINANCE : Export Recouvrement;;SMART Table;No;0;No;CTMSRV;FINEXT_J13GEN_06_Q;opfinbac;;;3y9j3
FIN-FINANCE;FINEXT_J13INT_05_Q;FINEXT_J13INT_05_IMP01_Q;"August 14, 2026";;;;Wait for Event;Importation des Employes de GXP;;Job;No;0;No;CTMSRV;FINEXT_J13INT_05_Q;EXPLOITATION;M_L_FIN12;M_L_FIN12;3y8wp
FIN-FINANCE;FINEXT_J13INT_05_Q;FINEXT_J13INT_05_Q;"August 14, 2026";;;;Wait for Event;FINANCE : Importation des Employes de GXP;;SMART Table;No;0;No;CTMSRV;FINEXT_J13INT_05_Q;opfinbac;;;3y8wo
FIN-FINANCE;FINEXT_J14GEN_06_M;FINEXT_J14GEN_06_EXP01_M;"August 14, 2026";;;;Wait for Event;FINANCE : Campagne GROUPE : Creation fichiers AP Import;;Job;No;0;No;CTMSRV;FINEXT_J14GEN_06_M;EXPLOITATION;M_L_FIN12;M_L_FIN12;3y8zi
FIN-FINANCE;FINEXT_J14GEN_06_M;FINEXT_J14GEN_06_M;"August 14, 2026";;;;Wait for Event;FINANCE : Campagne GROUPE : Calcul du poids;;SMART Table;No;0;No;CTMSRV;FINEXT_J14GEN_06_M;opfinbac;;;3y8zd
FIN-FINANCE;FINEXT_J14GEN_06_M;FINEXT_J14GEN_06_MEL01_M;"August 14, 2026";;;;Wait for Event;FINANCE : Campagne GROUPE : Avis de virement par mail;;Job;No;0;No;CTMSRV;FINEXT_J14GEN_06_M;EXPLOITATION;M_L_FIN12;M_L_FIN12;3y8zh
FIN-FINANCE;FINEXT_J14GEN_06_M;FINEXT_J14GEN_06_MOV01_M;"August 14, 2026";;;;Wait for Event;FINANCE : Move du fichier DK*GPE*.txt vers le NAS;MOV_OUT_Generique_DKA.ksh;Job;No;0;No;CTMSRV;FINEXT_J14GEN_06_M;opfinbac;M_L_FIN12;M_L_FIN12;3y8zj
FIN-FINANCE;FINEXT_J14GEN_06_M;FINEXT_J14GEN_06_WRK01_M;"August 14, 2026";;;;Wait for Event;FINANCE : Campagne GROUPE : Reglements automatiques;;Job;No;0;No;CTMSRV;FINEXT_J14GEN_06_M;EXPLOITATION;M_L_FIN12;M_L_FIN12;3y8zg
FIN-FINANCE;FINEXT_J14GEN_06_M;FINEXT_J14GEN_06_WRK02_M;"August 14, 2026";;;;Wait for Event;FINANCE : Campagne GROUPE : Alimentation AP Import;;Job;No;0;No;CTMSRV;FINEXT_J14GEN_06_M;EXPLOITATION;M_L_FIN12;M_L_FIN12;3y8zf
FIN-FINANCE;FINEXT_J14GEN_06_M;FINEXT_J14GEN_06_WRK03_M;"August 14, 2026";;;;Wait for Event;FINANCE : Campagne GROUPE : Calcul du poids;;Job;No;0;No;CTMSRV;FINEXT_J14GEN_06_M;EXPLOITATION;M_L_FIN12;M_L_FIN12;3y8ze
FIN-FINANCE;FINEXT_J14GEN_06_Q;FINEXT_J14GEN_06_EXP01_Q;"August 14, 2026";;;;Wait for Event;FINANCE : Extraction du Contrôle de Flux vers l'EAI;;Job;No;0;No;CTMSRV;FINEXT_J14GEN_06_Q;EXPLOITATION;M_L_FIN12;M_L_FIN12;3y9ik
FIN-FINANCE;FINEXT_J14GEN_06_Q;FINEXT_J14GEN_06_MOV01_Q;"August 14, 2026";;;;Wait for Event;FINANCE : Move du fichier FIN01_CTL_ECRITURES* vers le NAS;MOV_OUT_Generique_DKA.ksh;Job;No;0;No;CTMSRV;FINEXT_J14GEN_06_Q;opfinbac;M_L_FIN12;M_L_FIN12;3y9il
FIN-FINANCE;FINEXT_J14GEN_06_Q;FINEXT_J14GEN_06_Q;"August 14, 2026";;;;Wait for Event;FINANCE : Extraction du Controle de Flux vers lEAI;;SMART Table;No;0;No;CTMSRV;FINEXT_J14GEN_06_Q;opfinbac;;;3y9ij
FIN-FINANCE;FINEXT_J14INT_05_Q;FINEXT_J14INT_05_CON01_Q;"August 14, 2026";;;;Wait for Event;FINANCE : Concaténer les fichiers Compteur*.txt dans un fichier AFB120.txt;CON_Generique_DKA.ksh;Job;No;0;No;CTMSRV;FINEXT_J14INT_05_Q;opfinbac;M_L_FIN12;M_L_FIN12;3y7s0
FIN-FINANCE;FINEXT_J14INT_05_Q;FINEXT_J14INT_05_IMP01_Q;"August 14, 2026";;;;Wait for Event;RB : Importation relevés dans RB;;Job;No;0;No;CTMSRV;FINEXT_J14INT_05_Q;EXPLOITATION;M_L_FIN12;M_L_FIN12;3y7ru
FIN-FINANCE;FINEXT_J14INT_05_Q;FINEXT_J14INT_05_LIM01_Q;"August 14, 2026";;;;Wait for Event;FINANCE :  Limite Horaire;;Dummy;No;0;No;CTMSRV;FINEXT_J14INT_05_Q;DUMMYUSR;;;3y7s1
FIN-FINANCE;FINEXT_J14INT_05_Q;FINEXT_J14INT_05_MEL01_Q;"August 14, 2026";;;;Wait for Event;RB : Edition des releves manquants par mail;;Job;No;0;No;CTMSRV;FINEXT_J14INT_05_Q;EXPLOITATION;M_L_FIN12;M_L_FIN12;3y7rx
FIN-FINANCE;FINEXT_J14INT_05_Q;FINEXT_J14INT_05_MOV01_Q;"August 14, 2026";;;;Wait for Event;FINANCE : Move du fichier Compteur.zip depuis NAS;MOV_IN_Generique_DKA.ksh;Job;No;0;No;CTMSRV;FINEXT_J14INT_05_Q;opfinbac;M_L_FIN12;M_L_FIN12;3y7ry
FIN-FINANCE;FINEXT_J14INT_05_Q;FINEXT_J14INT_05_Q;"August 14, 2026";;;;Wait for Event;FINANCE : Import des releves dans RB;;SMART Table;No;0;No;CTMSRV;FINEXT_J14INT_05_Q;opfinbac;;;3y7rt
FIN-FINANCE;FINEXT_J14INT_05_Q;FINEXT_J14INT_05_WRK01_Q;"August 14, 2026";;;;Wait for Event;RB : Filtre du fichier AFB120.txt;;Dummy;No;0;No;CTMSRV;FINEXT_J14INT_05_Q;EXPLOITATION;M_L_FIN12;M_L_FIN12;3y7rv
FIN-FINANCE;FINEXT_J14INT_05_Q;FINEXT_J14INT_05_WRK02_Q;"August 14, 2026";;;;Wait for Event;RB : Edition des releves bancaires pour les CSP;;Job;No;0;No;CTMSRV;FINEXT_J14INT_05_Q;EXPLOITATION;M_L_FIN12;M_L_FIN12;3y7rw
FIN-FINANCE;FINEXT_J14INT_05_Q;FINEXT_J14INT_05_ZIP01_Q;"August 14, 2026";;;;Wait for Event;FINANCE : Decompression du fichier Compteur.zip;DEZIP_Generique_DKA.ksh;Job;No;0;No;CTMSRV;FINEXT_J14INT_05_Q;opfinbac;M_L_FIN12;M_L_FIN12;3y7rz
FIN-FINANCE;FINEXT_J14INT_06_Q;FINEXT_J14INT_06_CON01_Q;"August 14, 2026";;;;Wait for Event;FINANCE : Concaténer les fichiers Compteur*.txt dans un fichier AFB120.txt;CON_Generique_DKA.ksh;Job;No;0;Yes;CTMSRV;FINEXT_J14INT_06_Q;opfinbac;M_L_FIN12;M_L_FIN12;3y8da
FIN-FINANCE;FINEXT_J14INT_06_Q;FINEXT_J14INT_06_IMP01_Q;"August 14, 2026";;;;Wait for Event;RB : Importation relevés dans RB;;Job;No;0;Yes;CTMSRV;FINEXT_J14INT_06_Q;EXPLOITATION;M_L_FIN12;M_L_FIN12;3y8d4
FIN-FINANCE;FINEXT_J14INT_06_Q;FINEXT_J14INT_06_MEL01_Q;"August 14, 2026";;;;Wait for Event;RB : Edition des releves manquants par mail;;Job;No;0;Yes;CTMSRV;FINEXT_J14INT_06_Q;EXPLOITATION;M_L_FIN12;M_L_FIN12;3y8d7
FIN-FINANCE;FINEXT_J14INT_06_Q;FINEXT_J14INT_06_MOV01_Q;"August 14, 2026";;;;Wait for Event;FINANCE : Move du fichier Compteur.zip depuis NAS;MOV_IN_Generique_DKA.ksh;Job;No;0;Yes;CTMSRV;FINEXT_J14INT_06_Q;opfinbac;M_L_FIN12;M_L_FIN12;3y8d8
FIN-FINANCE;FINEXT_J14INT_06_Q;FINEXT_J14INT_06_Q;"August 14, 2026";"August 14, 2026 1:30:11 PM";;;Executing;FINANCE : Import des releves dans RB partie Cyclique démarrant à 8h après la chaîne FINEXT_J14INT_05_Q;;SMART Table;No;1;No;CTMSRV;FINEXT_J14INT_06_Q;opfinbac;;;3y8d3
FIN-FINANCE;FINEXT_J14INT_06_Q;FINEXT_J14INT_06_WRK01_Q;"August 14, 2026";;;;Wait for Event;RB : Filtre du fichier AFB120.txt;;Dummy;No;0;Yes;CTMSRV;FINEXT_J14INT_06_Q;EXPLOITATION;M_L_FIN12;M_L_FIN12;3y8d5
FIN-FINANCE;FINEXT_J14INT_06_Q;FINEXT_J14INT_06_WRK02_Q;"August 14, 2026";;;;Wait for Event;RB : Edition des releves bancaires pour les CSP;;Job;No;0;Yes;CTMSRV;FINEXT_J14INT_06_Q;EXPLOITATION;M_L_FIN12;M_L_FIN12;3y8d6
FIN-FINANCE;FINEXT_J14INT_06_Q;FINEXT_J14INT_06_ZIP01_Q;"August 14, 2026";;;;Wait for Event;FINANCE : Decompression du fichier Compteur.zip;DEZIP_Generique_DKA.ksh;Job;No;0;Yes;CTMSRV;FINEXT_J14INT_06_Q;opfinbac;M_L_FIN12;M_L_FIN12;3y8d9
FIN-FINANCE;FINEXT_J15INT_05_Q;FINEXT_J15INT_05_IMP01_Q;"August 14, 2026";;;;Wait for Event;FINANCE : Interface d'import des fournisseurs dans Oracle (soir);;Job;No;0;No;CTMSRV;FINEXT_J15INT_05_Q;EXPLOITATION;M_L_FIN12;M_L_FIN12;3y8qd
FIN-FINANCE;FINEXT_J15INT_05_Q;FINEXT_J15INT_05_IMP03_Q;"August 14, 2026";;;;Wait for Event;FINANCE : Interface d'import des fournisseurs homologations dans Oracle (soir);;Job;No;0;No;CTMSRV;FINEXT_J15INT_05_Q;EXPLOITATION;M_L_FIN12;M_L_FIN12;3y8qf
FIN-FINANCE;FINEXT_J15INT_05_Q;FINEXT_J15INT_05_MOV01_Q;"August 14, 2026";;;;Wait for Event;FINANCE : Deplacement des fichiers fournisseurs DSP01_SUP*.csv dans Oracle (soir);MOV_IN_Generique_DKA.ksh;Job;No;0;No;CTMSRV;FINEXT_J15INT_05_Q;opfinbac;M_L_FIN12;M_L_FIN12;3y8qc
FIN-FINANCE;FINEXT_J15INT_05_Q;FINEXT_J15INT_05_MOV03_Q;"August 14, 2026";;;;Wait for Event;FINANCE : Deplacement des fichiers fournisseurs DSP01_SUP_HOMOLOGATIONS.csv dans Oracle (soir);MOV_IN_Generique_DKA.ksh;Job;No;0;No;CTMSRV;FINEXT_J15INT_05_Q;opfinbac;M_L_FIN12;M_L_FIN12;3y8qe
FIN-FINANCE;FINEXT_J15INT_05_Q;FINEXT_J15INT_05_Q;"August 14, 2026";"August 14, 2026 1:30:11 PM";;;Executing;FINANCE : Interface d'import des fournisseurs dans Oracle;;SMART Table;No;1;No;CTMSRV;FINEXT_J15INT_05_Q;opfinbac;;;3y8qb
FIN-FINANCE;FINEXT_J17GEN_06_M;FINEXT_J17GEN_06_EXP01_M;"August 14, 2026";;;;Wait for Event;FINANCE : Campagne TIERS EXPRESS : Creation fichiers AP Import;;Job;No;0;No;CTMSRV;FINEXT_J17GEN_06_M;EXPLOITATION;M_L_FIN12;M_L_FIN12;3y83h
FIN-FINANCE;FINEXT_J17GEN_06_M;FINEXT_J17GEN_06_M;"August 14, 2026";;;;Wait for Event;FINANCE : Campagne TIERS EXPRESS : Alimentation AP Import;;SMART Table;No;0;No;CTMSRV;FINEXT_J17GEN_06_M;opfinbac;;;3y83d
FIN-FINANCE;FINEXT_J17GEN_06_M;FINEXT_J17GEN_06_MEL01_M;"August 14, 2026";;;;Wait for Event;FINANCE : Campagne TIERS EXPRESS : Avis de virement par mail;;Job;No;0;No;CTMSRV;FINEXT_J17GEN_06_M;EXPLOITATION;M_L_FIN12;M_L_FIN12;3y83g
FIN-FINANCE;FINEXT_J17GEN_06_M;FINEXT_J17GEN_06_MOV01_M;"August 14, 2026";;;;Wait for Event;FINANCE : Move du fichier DK*EXP*.txt vers le NAS;MOV_OUT_Generique_DKA.ksh;Job;No;0;No;CTMSRV;FINEXT_J17GEN_06_M;opfinbac;M_L_FIN12;M_L_FIN12;3y83i
FIN-FINANCE;FINEXT_J17GEN_06_M;FINEXT_J17GEN_06_WRK01_M;"August 14, 2026";;;;Wait for Event;FINANCE : Campagne TIERS EXPRESS : Reglements automatiques;;Job;No;0;No;CTMSRV;FINEXT_J17GEN_06_M;EXPLOITATION;M_L_FIN12;M_L_FIN12;3y83f
FIN-FINANCE;FINEXT_J17GEN_06_M;FINEXT_J17GEN_06_WRK02_M;"August 14, 2026";;;;Wait for Event;FINANCE : Campagne TIERS EXPRESS : Alimentation AP Import;;Job;No;0;No;CTMSRV;FINEXT_J17GEN_06_M;EXPLOITATION;M_L_FIN12;M_L_FIN12;3y83e
FIN-FINANCE;FINEXT_J17GEN_06_M;FINEXT_J17GEN_06_WRK03_M;"August 14, 2026";;;;Wait for Event;FINANCE : Campagne TIERS EXPRESS : Calcul du poids;;Job;No;0;No;CTMSRV;FINEXT_J17GEN_06_M;EXPLOITATION;M_L_FIN12;M_L_FIN12;3y83j
FIN-FINANCE;FINEXT_J17GEN_06_Q;FINEXT_J17GEN_06_EXP01_Q;"August 14, 2026";;;;Wait for Event;FINANCE : Export des factures pour Tradeshift vers PFE;;Job;No;0;No;CTMSRV;FINEXT_J17GEN_06_Q;EXPLOITATION;M_L_FIN12;M_L_FIN12;3y8yd
FIN-FINANCE;FINEXT_J17GEN_06_Q;FINEXT_J17GEN_06_MOV01_Q;"August 14, 2026";;;;Wait for Event;FINANCE : Move du fichier STATUTSFACTURES_*.csv vers le NAS;MOV_OUT_Generique_DKA.ksh;Job;No;0;No;CTMSRV;FINEXT_J17GEN_06_Q;opfinbac;M_L_FIN12;M_L_FIN12;3y8ye
FIN-FINANCE;FINEXT_J17GEN_06_Q;FINEXT_J17GEN_06_Q;"August 14, 2026";;;;Wait for Event;FINANCE : Export des factures pour Tradeshift vers PFE;;SMART Table;No;0;No;CTMSRV;FINEXT_J17GEN_06_Q;opfinbac;;;3y8yc
FIN-FINANCE;FINEXT_J17INT_05_Q;FINEXT_J17INT_05_IMP01_Q;"August 14, 2026";;;;Wait for Event;FINANCE : Interface d'import des commandes iValua (soir);;Job;No;0;No;CTMSRV;FINEXT_J17INT_05_Q;EXPLOITATION;M_L_FIN12;M_L_FIN12;3y86u
FIN-FINANCE;FINEXT_J17INT_05_Q;FINEXT_J17INT_05_IMP03_Q;"August 14, 2026";;;;Wait for Event;FINANCE: chargement des contrats SSTR venant d'Ivalua;;Job;No;0;No;CTMSRV;FINEXT_J17INT_05_Q;EXPLOITATION;M_L_FIN12;M_L_FIN12;3y86v
FIN-FINANCE;FINEXT_J17INT_05_Q;FINEXT_J17INT_05_MOV01_Q;"August 14, 2026";;;;Wait for Event;FINANCE : Deplacement des fichiers commandes DSP01_PO*.csv dans Oracle (soir);MOV_IN_Generique_DKA.ksh;Job;No;0;No;CTMSRV;FINEXT_J17INT_05_Q;opfinbac;M_L_FIN12;M_L_FIN12;3y86t
FIN-FINANCE;FINEXT_J17INT_05_Q;FINEXT_J17INT_05_Q;"August 14, 2026";"August 14, 2026 1:30:11 PM";;;Executing;FINANCE : Interface d'import des commandes iValua;;SMART Table;No;1;No;CTMSRV;FINEXT_J17INT_05_Q;opfinbac;;;3y86s
FIN-FINANCE;FINEXT_J18GEN_06_M;FINEXT_J18GEN_06_EXP01_M;"August 14, 2026";;;;Wait for Event;FINANCE : Campagne GROUPE EXPRESS : Creation fichiers AP Import;;Job;No;0;No;CTMSRV;FINEXT_J18GEN_06_M;EXPLOITATION;M_L_FIN12;M_L_FIN12;3y88y
FIN-FINANCE;FINEXT_J18GEN_06_M;FINEXT_J18GEN_06_M;"August 14, 2026";;;;Wait for Event;FINANCE : Campagne GROUPE EXPRESS;;SMART Table;No;0;No;CTMSRV;FINEXT_J18GEN_06_M;opfinbac;;;3y88u
FIN-FINANCE;FINEXT_J18GEN_06_M;FINEXT_J18GEN_06_MEL01_M;"August 14, 2026";;;;Wait for Event;FINANCE : Campagne GROUPE EXPRESS : Avis de virement par mail;;Job;No;0;No;CTMSRV;FINEXT_J18GEN_06_M;EXPLOITATION;M_L_FIN12;M_L_FIN12;3y88x
FIN-FINANCE;FINEXT_J18GEN_06_M;FINEXT_J18GEN_06_MOV01_M;"August 14, 2026";;;;Wait for Event;FINANCE : Move du fichier DK*GPX.txt vers le NAS;MOV_OUT_Generique_DKA.ksh;Job;No;0;No;CTMSRV;FINEXT_J18GEN_06_M;opfinbac;M_L_FIN12;M_L_FIN12;3y88z
FIN-FINANCE;FINEXT_J18GEN_06_M;FINEXT_J18GEN_06_WRK01_M;"August 14, 2026";;;;Wait for Event;FINANCE : Campagne GROUPE EXPRESS : Reglements automatiques;;Job;No;0;No;CTMSRV;FINEXT_J18GEN_06_M;EXPLOITATION;M_L_FIN12;M_L_FIN12;3y88w
FIN-FINANCE;FINEXT_J18GEN_06_M;FINEXT_J18GEN_06_WRK02_M;"August 14, 2026";;;;Wait for Event;FINANCE : Campagne GROUPE EXPRESS : Alimentation AP Import;;Job;No;0;No;CTMSRV;FINEXT_J18GEN_06_M;EXPLOITATION;M_L_FIN12;M_L_FIN12;3y88v
FIN-FINANCE;FINEXT_J18GEN_06_M;FINEXT_J18GEN_06_WRK03_M;"August 14, 2026";;;;Wait for Event;FINANCE : Campagne GROUPE EXPRESS : Calcul du poids;;Job;No;0;No;CTMSRV;FINEXT_J18GEN_06_M;EXPLOITATION;M_L_FIN12;M_L_FIN12;3y890
FIN-FINANCE;FINEXT_J18INT_05_Q;FINEXT_J18INT_05_IMP01_Q;"August 14, 2026";;;;Wait for Event;FINANCE : Interface d'import des receptions iValua (soir);;Job;No;0;No;CTMSRV;FINEXT_J18INT_05_Q;EXPLOITATION;M_L_FIN12;M_L_FIN12;3y8uc
FIN-FINANCE;FINEXT_J18INT_05_Q;FINEXT_J18INT_05_MOV01_Q;"August 14, 2026";;;;Wait for Event;FINANCE : Deplacement des fichiers receptions DSP01_REC*.csv dans Oracle (soir);MOV_IN_Generique_DKA.ksh;Job;No;0;No;CTMSRV;FINEXT_J18INT_05_Q;opfinbac;M_L_FIN12;M_L_FIN12;3y8ub
FIN-FINANCE;FINEXT_J18INT_05_Q;FINEXT_J18INT_05_Q;"August 14, 2026";"August 14, 2026 1:30:11 PM";;;Executing;FINANCE : Interface d'import des réceptions;;SMART Table;No;1;No;CTMSRV;FINEXT_J18INT_05_Q;opfinbac;;;3y8ua
FIN-FINANCE;FINEXT_J19INT_05_Q;FINEXT_J19INT_05_IMP01_Q;"August 14, 2026";;;;Wait for Event;Import des codes de déblocage facture depuis iValua;;Job;No;0;No;CTMSRV;FINEXT_J19INT_05_Q;EXPLOITATION;M_L_FIN12;M_L_FIN12;3y8ag
FIN-FINANCE;FINEXT_J19INT_05_Q;FINEXT_J19INT_05_MOV01_Q;"August 14, 2026";;;;Wait for Event;FINANCE : Move des Factures deblocage depuis le NAS;MOV_IN_Generique_DKA.ksh;Job;No;0;No;CTMSRV;FINEXT_J19INT_05_Q;opfinbac;M_L_FIN12;M_L_FIN12;3y8ah
FIN-FINANCE;FINEXT_J19INT_05_Q;FINEXT_J19INT_05_Q;"August 14, 2026";"August 14, 2026 1:30:11 PM";;;Executing;FINANCE : Import des codes de déblocage facture depuis iValua;;SMART Table;No;1;No;CTMSRV;FINEXT_J19INT_05_Q;opfinbac;;;3y8af
FIN-FINANCE;FINEXT_J20GEN_06_Q;FINEXT_J20GEN_06_EXP01_Q;"August 14, 2026";;;;Wait for Event;"Export et envoi vers DATALAKE des Entêtes; Lignes et Règlements de factures fournisseurs";;Job;No;0;No;CTMSRV;FINEXT_J20GEN_06_Q;EXPLOITATION;M_L_FIN12;M_L_FIN12;3ya0t
FIN-FINANCE;FINEXT_J20GEN_06_Q;FINEXT_J20GEN_06_EXP02_Q;"August 14, 2026";;;;Wait for Event;Export et envoi vers DATALAKE des blocages;;Job;No;0;No;CTMSRV;FINEXT_J20GEN_06_Q;EXPLOITATION;M_L_FIN12;M_L_FIN12;3ya0u
FIN-FINANCE;FINEXT_J20GEN_06_Q;FINEXT_J20GEN_06_MOV01_Q;"August 14, 2026";;;;Wait for Event;FINANCE : Move du fichier DKA_EXP_FACTURE_ENTETE_ddMMYYYY-HHMMss.csv vers le NAS;MOV_OUT_Generique_DKA.ksh;Job;No;0;No;CTMSRV;FINEXT_J20GEN_06_Q;opfinbac;M_L_FIN12;M_L_FIN12;3ya0w
FIN-FINANCE;FINEXT_J20GEN_06_Q;FINEXT_J20GEN_06_MOV02_Q;"August 14, 2026";;;;Wait for Event;FINANCE : Move du fichier DKA_EXP_FACTURE_LIGNE_ddMMYYYY-HHMMss.csv vers le NAS;MOV_OUT_Generique_DKA.ksh;Job;No;0;No;CTMSRV;FINEXT_J20GEN_06_Q;opfinbac;M_L_FIN12;M_L_FIN12;3ya0v
FIN-FINANCE;FINEXT_J20GEN_06_Q;FINEXT_J20GEN_06_MOV03_Q;"August 14, 2026";;;;Wait for Event;FINANCE : Move du fichier DKA_EXP_FACTURE_LIGNE_ddMMYYYY-HHMMss.csv vers le NAS;MOV_OUT_Generique_DKA.ksh;Job;No;0;No;CTMSRV;FINEXT_J20GEN_06_Q;opfinbac;M_L_FIN12;M_L_FIN12;3ya0x
FIN-FINANCE;FINEXT_J20GEN_06_Q;FINEXT_J20GEN_06_MOV04_Q;"August 14, 2026";;;;Wait for Event;FINANCE : Move du fichier DKA_EXP_BLOCAGE_ddMMYYYY-HHMMss.csv vers le NAS;MOV_OUT_Generique_DKA.ksh;Job;No;0;No;CTMSRV;FINEXT_J20GEN_06_Q;opfinbac;M_L_FIN12;M_L_FIN12;3ya0y
FIN-FINANCE;FINEXT_J20GEN_06_Q;FINEXT_J20GEN_06_Q;"August 14, 2026";;;;Wait for Event;"FINANCE : Export des données fdes Entêtes; Lignes; blocages et Règlements de factures fournisseurs";;SMART Table;No;0;No;CTMSRV;FINEXT_J20GEN_06_Q;opfinbac;;;3ya0s
FIN-FINANCE;FINEXT_J20INT_05_Q;FINEXT_J20INT_05_IMP01_Q;"August 14, 2026";;;;Wait for Event;IVALUA : Chargement CONTROL_DSP.CSV;;Job;No;0;No;CTMSRV;FINEXT_J20INT_05_Q;EXPLOITATION;M_L_FIN12;M_L_FIN12;3y9my
FIN-FINANCE;FINEXT_J20INT_05_Q;FINEXT_J20INT_05_IMP02_Q;"August 14, 2026";;;;Wait for Event;IVALUA : Chargement factures PO FLIP;;Job;No;0;No;CTMSRV;FINEXT_J20INT_05_Q;EXPLOITATION;M_L_FIN12;M_L_FIN12;3y9n4
FIN-FINANCE;FINEXT_J20INT_05_Q;FINEXT_J20INT_05_MOV01_Q;"August 14, 2026";;;2220;Wait for Event;FINANCE : Move du fichier DKA.DSP.CONTROL.*.csv depuis la PFE;MOV_IN_Generique_DKA.ksh;Job;No;0;No;CTMSRV;FINEXT_J20INT_05_Q;opfinbac;M_L_FIN12;M_L_FIN12;3y9mw
FIN-FINANCE;FINEXT_J20INT_05_Q;FINEXT_J20INT_05_MOV02_Q;"August 14, 2026";;;;Wait for Event;FINANCE : Move du fichier DKA.DSP.*.TR1 depuis la PFE;MOV_IN_Generique_DKA.ksh;Job;No;0;No;CTMSRV;FINEXT_J20INT_05_Q;opfinbac;M_L_FIN12;M_L_FIN12;3y9n0
FIN-FINANCE;FINEXT_J20INT_05_Q;FINEXT_J20INT_05_MOV03_Q;"August 14, 2026";;;;Wait for Event;FINANCE : Move du fichier DKA.DSP.IMAGE depuis la PFE;MOV_IN_Generique_DKA.ksh;Job;No;0;No;CTMSRV;FINEXT_J20INT_05_Q;opfinbac;M_L_FIN12;M_L_FIN12;3y9n2
FIN-FINANCE;FINEXT_J20INT_05_Q;FINEXT_J20INT_05_Q;"August 14, 2026";;;1114;Wait for Event;IVALUA : Chargement CONTROL_DSP.CSV;;SMART Table;No;0;No;CTMSRV;FINEXT_J20INT_05_Q;;;;3y9mv
FIN-FINANCE;FINEXT_J20INT_05_Q;FINEXT_J20INT_05_WRK01_Q;"August 14, 2026";;;;Wait for Event;IVALUA : Contrôle de flux PO FLIP;;Job;No;0;No;CTMSRV;FINEXT_J20INT_05_Q;EXPLOITATION;M_L_FIN12;M_L_FIN12;3y9mz
FIN-FINANCE;FINEXT_J20INT_05_Q;FINEXT_J20INT_05_ZIP01_Q;"August 14, 2026";;;;Wait for Event;FINANCE : Decompression du fichier DKA.DSP.IMAGE.*.zip;FINEXT_J20INT_05_ZIP01_Q.ksh;Job;No;0;No;CTMSRV;FINEXT_J20INT_05_Q;opfinbac;M_L_FIN12;M_L_FIN12;3y9n3
FIN-FINANCE;FINEXT_J20INT_05_Q;FINEXT_J20NT_05_CON01_Q;"August 14, 2026";;;;Wait for Event;FINANCE : Concatener les fichiers DKA.DSP.CONTROL*.csv en CONTROL_DSP.csv;FINEXT_J20INT_05_CON01_Q.ksh;Job;No;0;No;CTMSRV;FINEXT_J20INT_05_Q;opfinbac;M_L_FIN12;M_L_FIN12;3y9mx
FIN-FINANCE;FINEXT_J20INT_05_Q;FINEXT_J20NT_05_CON02_Q;"August 14, 2026";;;;Wait for Event;FINANCE : Concatener les fichiers DKA.DSP.*.TR1 en DSP_DAL.csv;CON_Generique_DKA.ksh;Job;No;0;No;CTMSRV;FINEXT_J20INT_05_Q;opfinbac;M_L_FIN12;M_L_FIN12;3y9n1
FIN-FINANCE;FINEXT_J21GEN_06_Q;FINEXT_J21GEN_06_EXP01_Q;"August 14, 2026";;;;Wait for Event;FINANCE : Campagne Prelevement (Q) : Remises en banque;;Job;No;0;No;CTMSRV;FINEXT_J21GEN_06_Q;EXPLOITATION;M_L_FIN12;M_L_FIN12;3y89b
FIN-FINANCE;FINEXT_J21GEN_06_Q;FINEXT_J21GEN_06_MOV01_Q;"August 14, 2026";;;;Wait for Event;FINANCE : Move du fichier DK*PCX*.txt vers le NAS;MOV_OUT_Generique_DKA.ksh;Job;No;0;No;CTMSRV;FINEXT_J21GEN_06_Q;opfinbac;M_L_FIN12;M_L_FIN12;3y89c
FIN-FINANCE;FINEXT_J21GEN_06_Q;FINEXT_J21GEN_06_Q;"August 14, 2026";;;;Wait for Event;FINANCE : Campagne Prelevement (Q) : Avis de prelevement;;SMART Table;No;0;No;CTMSRV;FINEXT_J21GEN_06_Q;opfinbac;;;3y899
FIN-FINANCE;FINEXT_J21GEN_06_Q;FINEXT_J21GEN_06_WRK01_Q;"August 14, 2026";;;;Wait for Event;FINANCE : Campagne Prelevement (Q) : Avis de prelevement;;Job;No;0;No;CTMSRV;FINEXT_J21GEN_06_Q;EXPLOITATION;M_L_FIN12;M_L_FIN12;3y89a
FIN-FINANCE;FINEXT_J21GEN_06_Q;FINEXT_J21GEN_06_WRK02_Q;"August 14, 2026";;;;Wait for Event;FINANCE : Campagne Prélèvement (Q) : Etats de remise en banque et envoi aux régions;;Job;No;0;No;CTMSRV;FINEXT_J21GEN_06_Q;EXPLOITATION;M_L_FIN12;M_L_FIN12;3y89d
FIN-FINANCE;FINFIN_E11STP_01_Q;FINFIN_E11STP_01_ARR01_Q;"August 14, 2026";;;;Wait for Event;Fermeture TP R12 - Stop OHS no 1;ebsstop.ksh;Job;No;0;No;CTMSRV;FINFIN_E11STP_01_Q;opfinbac;A_L_FIN06;A_L_FIN06;3y9qs
FIN-FINANCE;FINFIN_E11STP_01_Q;FINFIN_E11STP_01_ARR02_Q;"August 14, 2026";;;;Wait for Event;Fermeture TP R12 - Stop OHS no 2;ebsstop.ksh;Job;No;0;No;CTMSRV;FINFIN_E11STP_01_Q;opfinbac;A_L_FIN05;A_L_FIN05;3y9qu
FIN-FINANCE;FINFIN_E11STP_01_Q;FINFIN_E11STP_01_ARR03_Q;"August 14, 2026";;;;Wait for Event;ARRET des MS sur le %%hostname;ebskillfmrweb.ksh;Job;No;0;No;CTMSRV;FINFIN_E11STP_01_Q;opfinbac;A_L_FIN03;A_L_FIN03;3y9qv
FIN-FINANCE;FINFIN_E11STP_01_Q;FINFIN_E11STP_01_ARR04_Q;"August 14, 2026";;;;Wait for Event;ARRET des MS sur le %%hostname;ebskillfmrweb.ksh;Job;No;0;No;CTMSRV;FINFIN_E11STP_01_Q;opfinbac;A_L_FIN04;A_L_FIN04;3y9qw
FIN-FINANCE;FINFIN_E11STP_01_Q;FINFIN_E11STP_01_ATP01_Q;"August 14, 2026";;;;Wait for Event;Fermeture TP R12 - Lock USERS;LOCK_USERS.ksh;Dummy;No;0;No;CTMSRV;FINFIN_E11STP_01_Q;opfinbac;NOTEXIST;NOTEXIST;3y9qt
FIN-FINANCE;FINFIN_E11STP_01_Q;FINFIN_E11STP_01_Q;"August 14, 2026";;;;Wait for Event;FINANCE : Fermeture TP OracleR12;;SMART Table;No;0;No;CTMSRV;FINFIN_E11STP_01_Q;opfinbac;;;3y9qq
FIN-FINANCE;FINFIN_E11STP_01_Q;FINFIN_E11STP_01_WRK01_Q;"August 14, 2026";;;;Wait for Event;Fermeture TP R12 - Flag TP;;Job;No;0;No;CTMSRV;FINFIN_E11STP_01_Q;EXPLOITATION;M_L_FIN12;M_L_FIN12;3y9qr
FIN-FINANCE;FINFIN_E11STR_02_Q;FINFIN_E11STR_02_Q;"August 14, 2026";;;;Wait for Event;FINANCE : Ouverture TP OracleR12;;SMART Table;No;0;No;CTMSRV;FINFIN_E11STR_02_Q;opfinbac;;;3y8w3
FIN-FINANCE;FINFIN_E12STR_02_Q;FINFIN_E12STR_02_DEM01_Q;"August 14, 2026";;;;Wait for Event;Ouverture TP R12 - Start OHS no 1;ebsstart.ksh;Job;No;0;No;CTMSRV;FINFIN_E12STR_02_Q;opfinbac;A_L_FIN06;A_L_FIN06;3y9co
FIN-FINANCE;FINFIN_E12STR_02_Q;FINFIN_E12STR_02_DEM02_Q;"August 14, 2026";;;;Wait for Event;Ouverture TP R12 - Start OHS no 2;ebsstart.ksh;Job;No;0;No;CTMSRV;FINFIN_E12STR_02_Q;opfinbac;A_L_FIN05;A_L_FIN05;3y9cn
FIN-FINANCE;FINFIN_E12STR_02_Q;FINFIN_E12STR_02_Q;"August 14, 2026";;;;Wait for Event;FINANCE : Ouverture TP OracleR12;;SMART Table;No;0;No;CTMSRV;FINFIN_E12STR_02_Q;opfinfrt;;;3y9cm
FIN-FINANCE;FINFIN_J11TEC_04_DEB01_Q;FINFIN_J11TEC_04_DEB01_Q;"August 14, 2026";;;;Wait for Event;FINANCE : Jalon Debut Finance;;SMART Table;No;0;No;CTMSRV;FINFIN_J11TEC_04_DEB01_Q;opfinbac;;;3y9md
FIN-FINANCE;FINFIN_J11TEC_04_DEB02_Q;FINFIN_J11TEC_04_DEB02_Q;"August 14, 2026";;;;Wait for Event;FINANCE : Jalon Debut Confirmation des règlements pour prélèvements;;SMART Table;No;0;No;CTMSRV;FINFIN_J11TEC_04_DEB02_Q;opfinbac;;;3y8n6
FIN-FINANCE;FINFIN_J11TEC_04_FCL01_Q;FINFIN_J11TEC_04_FCL01_Q;"August 14, 2026";;;;Wait for Event;FINANCE : Jalon fin Cloture;;SMART Table;No;0;No;CTMSRV;FINFIN_J11TEC_04_FCL01_Q;opfinbac;;;3y8gt
FIN-FINANCE;FINFIN_J11TEC_04_FIN01_Q;FINFIN_J11TEC_04_FIN01_Q;"August 14, 2026";;;;Wait for Event;FINANCE : Jalon fin Finance;;SMART Table;No;0;No;CTMSRV;FINFIN_J11TEC_04_FIN01_Q;opfinbac;;;3y862
FIN-FINANCE;FINFIN_J11TEC_04_FJA01_Q;FINFIN_J11TEC_04_FJA01_Q;"August 14, 2026";;;;Wait for Event;FINANCE : Debut des campagnes de reglements ();;SMART Table;No;0;No;CTMSRV;FINFIN_J11TEC_04_FJA01_Q;opfinbac;;;3y90q
FIN-FINANCE;FINFIN_J11TEC_04_FJA02_Q;FINFIN_J11TEC_04_FJA02_Q;"August 14, 2026";;;;Wait for Event;FINANCE : Jalon campagnes de reglements (Bloc 1);;SMART Table;No;0;No;CTMSRV;FINFIN_J11TEC_04_FJA02_Q;opfinbac;;;3y9hw
FIN-FINANCE;FINFIN_J11TEC_04_FJA03_Q;FINFIN_J11TEC_04_FJA03_Q;"August 14, 2026";;;;Wait for Event;FINANCE : Jalon campagnes de reglements (Bloc 2);;SMART Table;No;0;No;CTMSRV;FINFIN_J11TEC_04_FJA03_Q;opfinbac;;;3y9rb
FIN-FINANCE;FINFIN_J11TEC_04_FJA04_Q;FINFIN_J11TEC_04_FJA04_Q;"August 14, 2026";;;;Wait for Event;FINANCE : Jalon Campagnes de reglements (Bloc 3);;SMART Table;No;0;No;CTMSRV;FINFIN_J11TEC_04_FJA04_Q;opfinbac;;;3y8ll
FIN-FINANCE;FINFIN_J11TEC_04_FJA05_Q;FINFIN_J11TEC_04_FJA05_Q;"August 14, 2026";;;;Wait for Event;FINANCE : Jalon Campagnes de reglements (Bloc 4);;SMART Table;No;0;No;CTMSRV;FINFIN_J11TEC_04_FJA05_Q;opfinbac;;;3y806
FIN-FINANCE;FINFIN_J11TEC_04_FJA06_Q;FINFIN_J11TEC_04_FJA06_Q;"August 14, 2026";;;;Wait for Event;FINANCE : Fin des campagnes de reglements;;SMART Table;No;0;No;CTMSRV;FINFIN_J11TEC_04_FJA06_Q;opfinbac;;;3y953
FIN-FINANCE;FINFIN_J11TEC_04_FJO01_Q;FINFIN_J11TEC_04_FJO01_Q;"August 14, 2026";;;;Wait for Event;FINANCE : Jalon fin Journaliere;;SMART Table;No;0;No;CTMSRV;FINFIN_J11TEC_04_FJO01_Q;opfinbac;;;3y94o
FIN-FINANCE;FINFIN_J11TEC_04_FPE01_Q;FINFIN_J11TEC_04_FPE01_Q;"August 14, 2026";;;;Wait for Event;FINANCE : Jalon fin des Periodique;;SMART Table;No;0;No;CTMSRV;FINFIN_J11TEC_04_FPE01_Q;opfinbac;;;3y8z4
FIN-FINANCE;FINFIN_J11TEC_04_FRE01_Q;FINFIN_J11TEC_04_FRE01_Q;"August 14, 2026";;;;Wait for Event;FINANCE : Jalon fin Referentiel;;SMART Table;No;0;No;CTMSRV;FINFIN_J11TEC_04_FRE01_Q;opfinbac;;;3y8qr
FIN-FINANCE;FINFIN_J12TEC_04_Q;FINFIN_J12TEC_04_PUR01_Q;"August 14, 2026";;;;Wait for Event;"Archivage des repertoires IN; OUT et OUT_SEPA";FINFIN_J12TEC_04_PUR01_Q.ksh;Job;No;0;No;CTMSRV;FINFIN_J12TEC_04_Q;opfinbac;M_L_FIN12;M_L_FIN12;3y8u4
FIN-FINANCE;FINFIN_J12TEC_04_Q;FINFIN_J12TEC_04_PUR02_Q;"August 14, 2026";;;;Wait for Event;"Archivage des repertoires IN; OUT et OUT_SEPA";FINFIN_J12TEC_04_PUR01_Q.ksh;Job;No;0;No;CTMSRV;FINFIN_J12TEC_04_Q;opfinbac;M_L_FIN12;M_L_FIN12;3y8u5
FIN-FINANCE;FINFIN_J12TEC_04_Q;FINFIN_J12TEC_04_Q;"August 14, 2026";"August 14, 2026 1:30:11 PM";;;Executing;"FINANCE : Archivage des repertoires IN; OUT et OUT_SEPA";;SMART Table;No;1;No;CTMSRV;FINFIN_J12TEC_04_Q;root;;;3y8u3
FIN-FINANCE;FINFIN_J12TRT_04_Q;FINFIN_J12TRT_04_Q;"August 14, 2026";;;;Wait for Event;FINANCE : Prise en compte GL/AP/AR du jour;;SMART Table;No;0;No;CTMSRV;FINFIN_J12TRT_04_Q;opfinbac;;;3y7p1
FIN-FINANCE;FINFIN_J12TRT_04_Q;FINFIN_J12TRT_04_WRK01_Q;"August 14, 2026";;;;Wait for Event;Prise en compte AR du jour;;Job;No;0;No;CTMSRV;FINFIN_J12TRT_04_Q;EXPLOITATION;M_L_FIN12;M_L_FIN12;3y7p2
FIN-FINANCE;FINFIN_J12TRT_04_Q;FINFIN_J12TRT_04_WRK02_Q;"August 14, 2026";;;;Wait for Event;Prise en compte AP du jour;;Job;No;0;No;CTMSRV;FINFIN_J12TRT_04_Q;EXPLOITATION;M_L_FIN12;M_L_FIN12;3y7p3
FIN-FINANCE;FINFIN_J12TRT_04_Q;FINFIN_J12TRT_04_WRK03_Q;"August 14, 2026";;;;Wait for Event;Prise en compte GL du jour;;Job;No;0;No;CTMSRV;FINFIN_J12TRT_04_Q;EXPLOITATION;M_L_FIN12;M_L_FIN12;3y7p4
FIN-FINANCE;FINFIN_J12TRT_04_Q;FINFIN_J12TRT_04_WRK04_Q;"August 14, 2026";;;;Wait for Event;Prise en compte AR du jour;;Job;No;0;No;CTMSRV;FINFIN_J12TRT_04_Q;EXPLOITATION;M_L_FIN12;M_L_FIN12;3y7p5
FIN-FINANCE;FINFIN_J12TRT_04_Q;FINFIN_J12TRT_04_WRK05_Q;"August 14, 2026";;;;Wait for Event;Prise en compte AR du jour;;Job;No;0;No;CTMSRV;FINFIN_J12TRT_04_Q;EXPLOITATION;M_L_FIN12;M_L_FIN12;3y7p6
FIN-FINANCE;FINFIN_J13TRT_04_H;FINFIN_J13TRT_04_H;"August 14, 2026";;;;Wait for Event;FINANCE : Echeancier provisoire EMPLOYES;;SMART Table;No;0;No;CTMSRV;FINFIN_J13TRT_04_H;opfinbac;;;3y80m
FIN-FINANCE;FINFIN_J13TRT_04_H;FINFIN_J13TRT_04_WRK01_H;"August 14, 2026";;;;Wait for Event;FINANCE : Echeancier provisoire EMPLOYES;;Job;No;0;No;CTMSRV;FINFIN_J13TRT_04_H;EXPLOITATION;M_L_FIN12;M_L_FIN12;3y80n
FIN-FINANCE;FINFIN_J13TRT_04_Q;FINFIN_J13TRT_04_Q;"August 14, 2026";;;;Wait for Event;FINANCE : Workflow validation factures;;SMART Table;No;0;No;CTMSRV;FINFIN_J13TRT_04_Q;opfinbac;;;3y7sa
FIN-FINANCE;FINFIN_J13TRT_04_Q;FINFIN_J13TRT_04_WRK01_Q;"August 14, 2026";;;;Wait for Event;FINANCE : Workflow validation factures;;Job;No;0;No;CTMSRV;FINFIN_J13TRT_04_Q;EXPLOITATION;M_L_FIN12;M_L_FIN12;3y7sb
FIN-FINANCE;FINFIN_J13TRT_04_Q;FINFIN_J13TRT_04_WRK02_Q;"August 14, 2026";;;;Wait for Event;FINANCE : Approbation auto des notifications;;Job;No;0;No;CTMSRV;FINFIN_J13TRT_04_Q;EXPLOITATION;M_L_FIN12;M_L_FIN12;3y7sc
FIN-FINANCE;FINFIN_J13TRT_04_Q;FINFIN_J13TRT_04_WRK03_Q;"August 14, 2026";;;;Wait for Event;FINANCE : Workflow en arriere plan DKACSP;;Job;No;0;No;CTMSRV;FINFIN_J13TRT_04_Q;EXPLOITATION;M_L_FIN12;M_L_FIN12;3y7sd
FIN-FINANCE;FINFIN_J13TRT_04_Q;FINFIN_J13TRT_04_WRK04_Q;"August 14, 2026";;;;Wait for Event;FINANCE : Reporting des mvts sans image;;Job;No;0;No;CTMSRV;FINFIN_J13TRT_04_Q;EXPLOITATION;M_L_FIN12;M_L_FIN12;3y7se
FIN-FINANCE;FINFIN_J13TRT_04_Q;FINFIN_J13TRT_04_WRK05_Q;"August 14, 2026";;;;Wait for Event;FINANCE : Suivi des notifications ouvertes;;Job;No;0;No;CTMSRV;FINFIN_J13TRT_04_Q;EXPLOITATION;M_L_FIN12;M_L_FIN12;3y7si
FIN-FINANCE;FINFIN_J13TRT_04_Q;FINFIN_J13TRT_04_WRK06_Q;"August 14, 2026";;;;Wait for Event;FINANCE : Purge des workflow obsoletes;;Job;No;0;No;CTMSRV;FINFIN_J13TRT_04_Q;EXPLOITATION;M_L_FIN12;M_L_FIN12;3y7sf
FIN-FINANCE;FINFIN_J13TRT_04_Q;FINFIN_J13TRT_04_WRK07_Q;"August 14, 2026";;;;Wait for Event;FINANCE : Automatisation des etapes d'encaissement;;Job;No;0;No;CTMSRV;FINFIN_J13TRT_04_Q;EXPLOITATION;M_L_FIN12;M_L_FIN12;3y7sg
FIN-FINANCE;FINFIN_J13TRT_04_Q;FINFIN_J13TRT_04_WRK08_Q;"August 14, 2026";;;;Wait for Event;FINANCE : Annulation des notifications obsoletes CSP;;Job;No;0;No;CTMSRV;FINFIN_J13TRT_04_Q;EXPLOITATION;M_L_FIN12;M_L_FIN12;3y7sh
FIN-FINANCE;FINFIN_J14TRT_04_Q;FINFIN_J14TRT_04_Q;"August 14, 2026";;;;Wait for Event;FINANCE : Importation des donnees GL dans RB;;SMART Table;No;0;No;CTMSRV;FINFIN_J14TRT_04_Q;opfinbac;;;3y8ga
FIN-FINANCE;FINFIN_J14TRT_04_Q;FINFIN_J14TRT_04_WRK01_Q;"August 14, 2026";;;;Wait for Event;RB : Importation des donnees GL dans RB;;Job;No;0;No;CTMSRV;FINFIN_J14TRT_04_Q;EXPLOITATION;M_L_FIN12;M_L_FIN12;3y8gb
FIN-FINANCE;FINFIN_J15TRT_04_Q;FINFIN_J15TRT_04_Q;"August 14, 2026";;;;Wait for Event;FINANCE : Rapprochement bancaire automatique;;SMART Table;No;0;No;CTMSRV;FINFIN_J15TRT_04_Q;opfinbac;;;3y947
FIN-FINANCE;FINFIN_J15TRT_04_Q;FINFIN_J15TRT_04_WRK01_Q;"August 14, 2026";;;1300;Wait for Event;RB : rapprochement automatique;;Job;No;0;Yes;CTMSRV;FINFIN_J15TRT_04_Q;EXPLOITATION;M_L_FIN12;M_L_FIN12;3y948
FIN-FINANCE;FINFIN_J17TRT_04_M;FINFIN_J17TRT_04_M;"August 14, 2026";;;;Wait for Event;FINANCE : Contre-passation -- 2eme vendredi du mois;;SMART Table;No;0;No;CTMSRV;FINFIN_J17TRT_04_M;opfinbac;;;3y9gk
FIN-FINANCE;FINFIN_J17TRT_04_M;FINFIN_J17TRT_04_WRK01_M;"August 14, 2026";;;;Wait for Event;FINANCE : Contre-passation -- 2eme vendredi du mois;;Job;No;0;No;CTMSRV;FINFIN_J17TRT_04_M;EXPLOITATION;M_L_FIN12;M_L_FIN12;3y9gl
FIN-FINANCE;FINFIN_J17TRT_04_Q;FINFIN_J17TRT_04_Q;"August 14, 2026";;;;Wait for Event;FINANCE : Securisation du workflow POAPPRV/REQAPPRV;;SMART Table;No;0;No;CTMSRV;FINFIN_J17TRT_04_Q;opfinbac;;;3y9k8
FIN-FINANCE;FINFIN_J17TRT_04_Q;FINFIN_J17TRT_04_WRK01_Q;"August 14, 2026";;;;Wait for Event;WF : Securisation du workflow POAPPRV;;Job;No;0;No;CTMSRV;FINFIN_J17TRT_04_Q;EXPLOITATION;M_L_FIN12;M_L_FIN12;3y9k9
FIN-FINANCE;FINFIN_J17TRT_04_Q;FINFIN_J17TRT_04_WRK02_Q;"August 14, 2026";;;;Wait for Event;WF : Securisation du workflow REQAPPRV;;Job;No;0;No;CTMSRV;FINFIN_J17TRT_04_Q;EXPLOITATION;M_L_FIN12;M_L_FIN12;3y9ka
FIN-FINANCE;FINFIN_J18TRT_04_Q;FINFIN_J18TRT_04_IMP02_Q;"August 14, 2026";"August 14, 2026 1:45:00 PM";;1900;Executing;Import des projets dans PA (Apres-midi);;Job;No;2;Yes;CTMSRV;FINFIN_J18TRT_04_Q;EXPLOITATION;ldkfinp01;M_L_FIN12;3y9jb
FIN-FINANCE;FINFIN_J18TRT_04_Q;FINFIN_J18TRT_04_Q;"August 14, 2026";"August 14, 2026 1:30:11 PM";;;Executing;FINANCE : Import des projets dans PA;;SMART Table;No;1;No;CTMSRV;FINFIN_J18TRT_04_Q;opfinbac;;;3y9ja
FIN-FINANCE;FINFIN_J20TRT_04_Q;FINFIN_J20TRT_04_Q;"August 14, 2026";;;;Wait for Event;FINANCE : Prise en compte FA du jour;;SMART Table;No;0;No;CTMSRV;FINFIN_J20TRT_04_Q;opfinbac;;;3y9eb
FIN-FINANCE;FINFIN_J20TRT_04_Q;FINFIN_J20TRT_04_WRK01_Q;"August 14, 2026";;;;Wait for Event;Prise en compte FA du jour;;Job;No;0;No;CTMSRV;FINFIN_J20TRT_04_Q;EXPLOITATION;M_L_FIN12;M_L_FIN12;3y9ec
FIN-FINANCE;FINFIN_J21TRT_04_Q;FINFIN_J21TRT_04_Q;"August 14, 2026";;;;Wait for Event;FINANCE : Chargement catalogue;;SMART Table;No;0;No;CTMSRV;FINFIN_J21TRT_04_Q;opfinbac;;;3y8sh
FIN-FINANCE;FINFIN_J21TRT_04_Q;FINFIN_J21TRT_04_WRK01_Q;"August 14, 2026";;;;Wait for Event;FINANCE : Chargement catalogue;;Job;No;0;No;CTMSRV;FINFIN_J21TRT_04_Q;EXPLOITATION;M_L_FIN12;M_L_FIN12;3y8si
FIN-FINANCE;FINFIN_J22TRT_04_Q;FINFIN_J22TRT_04_Q;"August 14, 2026";"August 14, 2026 1:30:11 PM";;;Executing;FINANCE : Duplication des sites fournisseurs;;SMART Table;No;1;No;CTMSRV;FINFIN_J22TRT_04_Q;opfinbac;;;3y8lu
FIN-FINANCE;FINFIN_J22TRT_04_Q;FINFIN_J22TRT_04_WRK02_Q;"August 14, 2026";"August 14, 2026 1:45:00 PM";;1900;Executing;FINANCE : Duplication des sites fournisseurs (midi);;Job;No;2;Yes;CTMSRV;FINFIN_J22TRT_04_Q;EXPLOITATION;ldkfinp11;M_L_FIN12;3y8lv
FIN-FINANCE;FINFIN_J23TRT_04_Q;FINFIN_J23TRT_04_WRK01_Q;"August 14, 2026";;;;Wait for Event;lettrage a ZERO dans le module AR;;Job;No;0;No;CTMSRV;FINFIN_J23TRT_04_Q;EXPLOITATION;M_L_FIN12;M_L_FIN12;3y8ic
FIN-FINANCE;FINFIN_J23TRT_06_Q;FINFIN_J23TRT_06_CTL01_Q;"August 14, 2026";;;;Wait for Event;REFERENTIEL: Extraction SQL MOA - AP;;Job;No;0;No;CTMSRV;FINFIN_J23TRT_06_Q;EXPLOITATION;M_L_FIN12;M_L_FIN12;3y9ez
FIN-FINANCE;FINFIN_J23TRT_06_Q;FINFIN_J23TRT_06_CTL02_Q;"August 14, 2026";;;;Wait for Event;REFERENTIEL: Extraction SQL MOA - AR;;Job;No;0;No;CTMSRV;FINFIN_J23TRT_06_Q;EXPLOITATION;M_L_FIN12;M_L_FIN12;3y9f0
FIN-FINANCE;FINFIN_J23TRT_06_Q;FINFIN_J23TRT_06_CTL03_Q;"August 14, 2026";;;;Wait for Event;REFERENTIEL: Extraction SQL MOA - GL;;Job;No;0;No;CTMSRV;FINFIN_J23TRT_06_Q;EXPLOITATION;M_L_FIN12;M_L_FIN12;3y9f1
FIN-FINANCE;FINFIN_J23TRT_06_Q;FINFIN_J23TRT_06_CTL04_Q;"August 14, 2026";;;;Wait for Event;REFERENTIEL: Extraction SQL MOA - CSP;;Job;No;0;No;CTMSRV;FINFIN_J23TRT_06_Q;EXPLOITATION;M_L_FIN12;M_L_FIN12;3y9f2
FIN-FINANCE;FINFIN_J23TRT_06_Q;FINFIN_J23TRT_06_Q;"August 14, 2026";"August 14, 2026 1:30:11 PM";;;Executing;REFERENTIEL : Extraction SQL MOA;;SMART Table;No;1;No;CTMSRV;FINFIN_J23TRT_06_Q;opfinbac;;;3y9ey
FIN-FINANCE;FINFIN_J32TRT_05_Q;FINFIN_J32TRT_05_Q;"August 14, 2026";"August 14, 2026 1:30:11 PM";;;Executing;;;SMART Table;No;1;No;CTMSRV;FINFIN_J32TRT_05_Q;;;;3y97s
FIN-FINANCE;FINFIN_J32TRT_05_Q;FINFIN_J32TRT_05_WRK01_Q;"August 14, 2026";;;;Wait for Event;Automatisation des prélèvements fournisseurs - Sélection références bancaires;;Job;No;0;No;CTMSRV;FINFIN_J32TRT_05_Q;EXPLOITATION;M_L_FIN12;M_L_FIN12;3y97t
FIN-FINANCE;FINFIN_J32TRT_05_Q;FINFIN_J32TRT_05_WRK02_Q;"August 14, 2026";;;;Wait for Event;Automatisation des prélèvements fournisseurs - Recherche factures;;Job;No;0;No;CTMSRV;FINFIN_J32TRT_05_Q;EXPLOITATION;M_L_FIN12;M_L_FIN12;3y97u
FIN-FINANCE;FINFIN_J32TRT_05_Q;FINFIN_J32TRT_05_WRK03_Q;"August 14, 2026";;;;Wait for Event;Automatisation des prélèvements fournisseurs - Création règlements;;Job;No;0;No;CTMSRV;FINFIN_J32TRT_05_Q;EXPLOITATION;M_L_FIN12;M_L_FIN12;3y97v
FIN-FINANCE;FINFIN_J32TRT_05_Q;FINFIN_J32TRT_05_WRK04_Q;"August 14, 2026";;;;Wait for Event;Automatisation des prélèvements fournisseurs - Comptabilisation règlements;;Job;No;0;No;CTMSRV;FINFIN_J32TRT_05_Q;EXPLOITATION;M_L_FIN12;M_L_FIN12;3y97w
FIN-FINANCE;FINFIN_J32TRT_05_Q;FINFIN_J32TRT_05_WRK05_Q;"August 14, 2026";;;;Wait for Event;Automatisation des prélèvements fournisseurs - Ajout référence lettrage;;Job;No;0;No;CTMSRV;FINFIN_J32TRT_05_Q;EXPLOITATION;M_L_FIN12;M_L_FIN12;3y97x
FIN-FINANCE;FINFIN_J32TRT_05_Q;FINFIN_J32TRT_05_WRK06_Q;"August 14, 2026";;;;Wait for Event;Automatisation des prélèvements fournisseurs - Génération des états et envoi par mail;;Job;No;0;No;CTMSRV;FINFIN_J32TRT_05_Q;EXPLOITATION;M_L_FIN12;M_L_FIN12;3y97y
FIN-FINANCE;FINFIN_J33TRT_04_Q;FINFIN_J33TRT_04_Q;"August 14, 2026";"August 14, 2026 1:30:12 PM";;;Executing;;;SMART Table;No;1;No;CTMSRV;FINFIN_J33TRT_04_Q;;;;3y9vo
FIN-FINANCE;FINFIN_J33TRT_04_Q;FINFIN_J33TRT_04_WRK01_Q;"August 14, 2026";;;;Wait for Event;"Collecter les statistiques de la table AP; AP_INVOICES_INTERFACE";;Job;No;0;No;CTMSRV;FINFIN_J33TRT_04_Q;EXPLOITATION;M_L_FIN12;M_L_FIN12;3y9vp
FIN-FINANCE;FINFIN_J33TRT_04_Q;FINFIN_J33TRT_04_WRK02_Q;"August 14, 2026";;;;Wait for Event;"Collecter les statistiques de la table AP; AP_INVOICES_ALL";;Job;No;0;No;CTMSRV;FINFIN_J33TRT_04_Q;EXPLOITATION;M_L_FIN12;M_L_FIN12;3y9vq
FIN-FINANCE;FINFIN_J33TRT_04_Q;FINFIN_J33TRT_04_WRK03_Q;"August 14, 2026";;;;Wait for Event;Collecter les statistiques du schéma  APPLSYS;;Job;No;0;No;CTMSRV;FINFIN_J33TRT_04_Q;EXPLOITATION;M_L_FIN12;M_L_FIN12;3y9vr
FIN-FINANCE;FINFIN_J35TRT_04_H;FINFIN_J35TRT_04_H;"August 14, 2026";"August 14, 2026 1:30:11 PM";"August 14, 2026 1:30:13 PM";;Ended OK;;;SMART Table;No;1;No;CTMSRV;FINFIN_J35TRT_04_H;;;;3y8we
FIN-FINANCE;FINFIN_J36TRT_04_H;FINFIN_J36TRT_04_H;"August 14, 2026";"August 14, 2026 1:30:12 PM";"August 14, 2026 1:30:13 PM";;Ended OK;;;SMART Table;No;1;No;CTMSRV;FINFIN_J36TRT_04_H;;;;3y9q0
FIN-FINANCE;FINHEC_J11GEN_06_Q;FINHEC_J11GEN_06_EXP01_Q;"August 14, 2026";;;;Wait for Event;FINANCE : Interface des engages vers Hercule;;Job;No;0;No;CTMSRV;FINHEC_J11GEN_06_Q;EXPLOITATION;M_L_FIN12;M_L_FIN12;3y8cx
FIN-FINANCE;FINHEC_J11GEN_06_Q;FINHEC_J11GEN_06_MOV01_Q;"August 14, 2026";;;;Wait for Event;FINANCE : Move du fichier Engages_ORACLE_*.zip vers le NAS;MOV_OUT_Generique_DKA.ksh;Job;No;0;No;CTMSRV;FINHEC_J11GEN_06_Q;opfinbac;M_L_FIN12;M_L_FIN12;3y8cy
FIN-FINANCE;FINHEC_J11GEN_06_Q;FINHEC_J11GEN_06_Q;"August 14, 2026";;;;Wait for Event;FINANCE : Interface des engages vers Hercule;;SMART Table;No;0;No;CTMSRV;FINHEC_J11GEN_06_Q;opfinbac;;;3y8cw
FIN-FINANCE;FINHEC_J13GEN_06_M;FINHEC_J13GEN_06_M;"August 14, 2026";"August 14, 2026 1:30:12 PM";"August 14, 2026 1:30:13 PM";;Ended OK;FINANCE EXPORT Encaissement Client D1 D8 L7 L1;;SMART Table;No;1;No;CTMSRV;FINHEC_J13GEN_06_M;opfinbac;;;3y9zj
FIN-FINANCE;FINHEC_J13GEN_06_Q;FINHEC_J13GEN_06_EXP01_Q;"August 14, 2026";;;;Wait for Event;FINANCE : Interface Export des encaissements clients vers Hercule (Quotidien);;Job;No;0;No;CTMSRV;FINHEC_J13GEN_06_Q;EXPLOITATION;M_L_FIN12;M_L_FIN12;3y8f5
FIN-FINANCE;FINHEC_J13GEN_06_Q;FINHEC_J13GEN_06_MOV01_Q;"August 14, 2026";;;;Wait for Event;FINANCE : Move du fichier ENCAISSEMENTS_CLIENTS_*.csv vers le NAS PFE (Quotidien);MOV_OUT_Generique_DKA.ksh;Job;No;0;No;CTMSRV;FINHEC_J13GEN_06_Q;opfinbac;M_L_FIN12;M_L_FIN12;3y8f6
FIN-FINANCE;FINHEC_J13GEN_06_Q;FINHEC_J13GEN_06_Q;"August 14, 2026";"August 14, 2026 1:30:12 PM";;;Executing;FINANCE EXPORT Encaissement Client - Quotidien;;SMART Table;No;1;No;CTMSRV;FINHEC_J13GEN_06_Q;;;;3y8f4
FIN-FINANCE;FINSIC_J11INT_05_Q;FINSIC_J11INT_05_IMP01_Q;"August 14, 2026";;;;Wait for Event;Importation des clients;;Job;No;0;No;CTMSRV;FINSIC_J11INT_05_Q;EXPLOITATION;M_L_FIN12;M_L_FIN12;3y99n
FIN-FINANCE;FINSIC_J11INT_05_Q;FINSIC_J11INT_05_Q;"August 14, 2026";;;;Wait for Event;FINANCE : Importation des clients;;SMART Table;No;0;No;CTMSRV;FINSIC_J11INT_05_Q;opfinbac;;;3y99m
FIN-FINANCE;FINXXX_J11GEN_06_Q;FINXXX_J11GEN_06_EXP01_Q;"August 14, 2026";;;;Wait for Event;Export Fournisseur (Delta);;Job;No;0;No;CTMSRV;FINXXX_J11GEN_06_Q;EXPLOITATION;M_L_FIN12;M_L_FIN12;3y844
FIN-FINANCE;FINXXX_J11GEN_06_Q;FINXXX_J11GEN_06_MOV01_Q;"August 14, 2026";;;;Wait for Event;FINANCE : Move le flux FOURNISSEURS_*DELTA* vers EAI;MOV_OUT_Generique_DKA.ksh;Job;No;0;No;CTMSRV;FINXXX_J11GEN_06_Q;opfinbac;M_L_FIN12;M_L_FIN12;3y845
FIN-FINANCE;FINXXX_J11GEN_06_Q;FINXXX_J11GEN_06_Q;"August 14, 2026";;;;Wait for Event;FINANCE : Export Fournisseur (Delta);;SMART Table;No;0;No;CTMSRV;FINXXX_J11GEN_06_Q;opfinbac;;;3y843
FIN-FINANCE;FINXXX_J11INT_05_Q;FINXXX_J11INT_05_IMP01_Q;"August 14, 2026";;;;Wait for Event;Import factures AP;;Job;No;0;No;CTMSRV;FINXXX_J11INT_05_Q;EXPLOITATION;M_L_FIN12;M_L_FIN12;3y8pn
FIN-FINANCE;FINXXX_J11INT_05_Q;FINXXX_J11INT_05_Q;"August 14, 2026";;;;Wait for Event;FINANCE : Import factures AP;;SMART Table;No;0;No;CTMSRV;FINXXX_J11INT_05_Q;opfinbac;;;3y8pm
FIN-FINANCE;FINXXX_J12INT_05_Q;FINXXX_J12INT_05_IMP01_Q;"August 14, 2026";;;;Wait for Event;Importation des donnees GL_INTERFACE;;Job;No;0;No;CTMSRV;FINXXX_J12INT_05_Q;EXPLOITATION;M_L_FIN12;M_L_FIN12;3y9e1
FIN-FINANCE;FINXXX_J12INT_05_Q;FINXXX_J12INT_05_Q;"August 14, 2026";;;;Wait for Event;FINANCE : Importation des données GL_INTERFACE;;SMART Table;No;0;No;CTMSRV;FINXXX_J12INT_05_Q;opfinbac;;;3y9e0
FIN-FINANCE;FINXXX_J13INT_05_Q;FINXXX_J13INT_05_IMP01_Q;"August 14, 2026";;;;Wait for Event;Import Factures Clients AR;;Job;No;0;No;CTMSRV;FINXXX_J13INT_05_Q;EXPLOITATION;M_L_FIN12;M_L_FIN12;3y9i2
FIN-FINANCE;FINXXX_J13INT_05_Q;FINXXX_J13INT_05_Q;"August 14, 2026";;;;Wait for Event;FINANCE : Import Factures Clients AR;;SMART Table;No;0;No;CTMSRV;FINXXX_J13INT_05_Q;opfinbac;;;3y9i1
FIN-FINANCE;FINXXX_J14INT_05_Q;FINXXX_J14INT_05_MOV01_Q;"August 14, 2026";;;;Wait for Event;FINANCE : MOV du fichier MAG_DAL*.zip.;MOV_IN_Generique_DKA.ksh;Job;No;0;No;CTMSRV;FINXXX_J14INT_05_Q;opfinbac;M_L_FIN12;M_L_FIN12;3y9sk
FIN-FINANCE;FINXXX_J14INT_05_Q;FINXXX_J14INT_05_MOV02_Q;"August 14, 2026";;;;Wait for Event;FINANCE : Move du fichier aladin_tif_*  de NAS;MOV_IN_Generique_DKA.ksh;Job;No;0;No;CTMSRV;FINXXX_J14INT_05_Q;opfinbac;M_L_FIN12;M_L_FIN12;3y9si
FIN-FINANCE;FINXXX_J14INT_05_Q;FINXXX_J14INT_05_MOV03_Q;"August 14, 2026";;;;Wait for Event;FINANCE : Move du fichier PRN01_SRC_FACTURESFOURNISSEURS_*.zip  de NAS;MOV_IN_Generique_DKA.ksh;Job;No;0;No;CTMSRV;FINXXX_J14INT_05_Q;opfinbac;M_L_FIN12;M_L_FIN12;3y9sm
FIN-FINANCE;FINXXX_J14INT_05_Q;FINXXX_J14INT_05_Q;"August 14, 2026";;;;Wait for Event;FINANCE : Rattachement des images XEROX/ALADIN;;SMART Table;No;0;No;CTMSRV;FINXXX_J14INT_05_Q;opfinbac;;;3y9sf
FIN-FINANCE;FINXXX_J14INT_05_Q;FINXXX_J14INT_05_WRK01_Q;"August 14, 2026";;;;Wait for Event;Rattachement des images XEROX - Tradeshift;;Job;No;0;No;CTMSRV;FINXXX_J14INT_05_Q;EXPLOITATION;M_L_FIN12;M_L_FIN12;3y9sg
FIN-FINANCE;FINXXX_J14INT_05_Q;FINXXX_J14INT_05_WRK02_Q;"August 14, 2026";;;;Wait for Event;Rattachement des images ALADIN;;Job;No;0;No;CTMSRV;FINXXX_J14INT_05_Q;EXPLOITATION;M_L_FIN12;M_L_FIN12;3y9sh
FIN-FINANCE;FINXXX_J14INT_05_Q;FINXXX_J14INT_05_ZIP01_Q;"August 14, 2026";;;;Wait for Event;FINANCE : Decompression du fichiers MAG_DAL*.zip;FINXXX_J14INT_05_ZIP01_Q.ksh;Job;No;0;No;CTMSRV;FINXXX_J14INT_05_Q;opfinbac;M_L_FIN12;M_L_FIN12;3y9sl
FIN-FINANCE;FINXXX_J14INT_05_Q;FINXXX_J14INT_05_ZIP02_Q;"August 14, 2026";;;;Wait for Event;FINANCE : Decompression du fichiers aladin_tif_*.zip;FINXXX_J14INT_05_ZIP02V02_Q.new.ksh;Job;No;0;No;CTMSRV;FINXXX_J14INT_05_Q;opfinbac;M_L_FIN12;M_L_FIN12;3y9sj
FIN-FINANCE;FINXXX_J14INT_05_Q;FINXXX_J14INT_05_ZIP03_Q;"August 14, 2026";;;;Wait for Event;FINANCE : Decompression du fichiers PRN01_SRC_FACTURESFOURNISSEURS_*.zip;FINXXX_J14INT_05_ZIP03V2_Q.ksh;Job;No;0;No;CTMSRV;FINXXX_J14INT_05_Q;opfinbac;M_L_FIN12;M_L_FIN12;3y9sn
FTP-FTP;FTPFTP_E12REB_02_M;FTPFTP_E12REB_02_CTL01_M;"August 14, 2026";;;;Wait for Event;Redemarrage  FTP  : TEST si serveur demarre (LDKFTPP02);CTL_REB_LDKFTPP02;Command;No;0;No;CTMSRV;FTPFTP_E12REB_02_M;root;A_L_FTP02;A_L_FTP02;3y8sa
FTP-FTP;FTPFTP_E12REB_02_M;FTPFTP_E12REB_02_M;"August 14, 2026";;;;Wait for Event;Plan de Maintenance du serveur LINUX LDKFTPP02;;SMART Table;No;0;No;CTMSRV;FTPFTP_E12REB_02_M;;;;3y8s7
FTP-FTP;FTPFTP_E12REB_02_M;FTPFTP_E12REB_02_MEL01_M;"August 14, 2026";;;;Wait for Event;FTP : Notification Mail DEBUT Plan de Maintenance du serveur LINUX  LDKFTPP02;Notification_Plan_Maintenance.ksh;Job;No;0;No;CTMSRV;FTPFTP_E12REB_02_M;root;SRV_PRIMAIRE;SRV_PRIMAIRE;3y8sb
FTP-FTP;FTPFTP_E12REB_02_M;FTPFTP_E12REB_02_MEL04_M;"August 14, 2026";;;;Wait for Event;FTP : Notification Mail FIN Plan de Maintenance des serveur Linux LDKFTPP02;Notification_Plan_Maintenance.ksh;Job;No;0;No;CTMSRV;FTPFTP_E12REB_02_M;root;SRV_PRIMAIRE;SRV_PRIMAIRE;3y8sc
FTP-FTP;FTPFTP_E12REB_02_M;FTPFTP_E12REB_02_REB01_M;"August 14, 2026";;;;Wait for Event;Redemarrage  FTP : REBOOT du serveur (LDKFTPP02);REBOOT_ LDKFTPP02;Command;No;0;No;CTMSRV;FTPFTP_E12REB_02_M;root;A_L_FTP02;A_L_FTP02;3y8s8
FTP-FTP;FTPFTP_E12REB_02_M;FTPFTP_E12REB_02_WAI01_M;"August 14, 2026";;;;Wait for Event;Redemarrage FTP  : SLEEP pour test si serveur demarre (LDKFTPP02);SLEEP_REB_LDKFTPP02;Command;No;0;No;CTMSRV;FTPFTP_E12REB_02_M;root;SRV_PRIMAIRE;SRV_PRIMAIRE;3y8s9
GDC-GESTION CONSIGNE;GDCREF_J11INT_05_Q;GDCREF_J11INT_05_DEL01_Q;"August 14, 2026";;;;Wait for Event;Consignes : Menage A00YH.dat suite traitement ok;GDCREF_J11INT_05_DEL00_Q.ksh;Job;No;0;No;CTMSRV;GDCREF_J11INT_05_Q;dispatch;NOTEXIST;NOTEXIST;3y7y1
GDC-GESTION CONSIGNE;GDCREF_J11INT_05_Q;GDCREF_J11INT_05_DEL02_Q;"August 14, 2026";;;;Wait for Event;Consignes : Menage A00YG.dat suite traitement ok;GDCREF_J11INT_05_DEL00_Q.ksh;Job;No;0;No;CTMSRV;GDCREF_J11INT_05_Q;dispatch;NOTEXIST;NOTEXIST;3y7y2
GDC-GESTION CONSIGNE;GDCREF_J11INT_05_Q;GDCREF_J11INT_05_DEL03_Q;"August 14, 2026";;;;Wait for Event;Consignes : Menage A00YA.dat suite traitement ok;GDCREF_J11INT_05_DEL00_Q.ksh;Job;No;0;No;CTMSRV;GDCREF_J11INT_05_Q;dispatch;NOTEXIST;NOTEXIST;3y7y3
GDC-GESTION CONSIGNE;GDCREF_J11INT_05_Q;GDCREF_J11INT_05_DEL04_Q;"August 14, 2026";;;;Wait for Event;Consignes : Menage REFAYL.csv suite traitement ok;GDCREF_J11INT_05_DEL00_Q.ksh;Job;No;0;No;CTMSRV;GDCREF_J11INT_05_Q;dispatch;NOTEXIST;NOTEXIST;3y7y4
GDC-GESTION CONSIGNE;GDCREF_J11INT_05_Q;GDCREF_J11INT_05_IMP01_Q;"August 14, 2026";;;;Wait for Event;Consignes : Integration des fichiers en provenance du referentiel appartenances;GDCREF_J11INT_05_IMP01_Q.ksh;Job;No;0;No;CTMSRV;GDCREF_J11INT_05_Q;dispatch;NOTEXIST;NOTEXIST;3y7y0
GDR-GESTION DES REJETS;GDRFIN_J11GEN_06_Q;GDRFIN_J11GEN_06_EXP01_Q;"August 14, 2026";;;;Wait for Event;Export de l'ensemble des factures corrigees vers la PFE pour tous les types de factures à destination d'Oracle;lance_Traitement_Interne_GDR.bat;Job;No;0;Yes;CTMSRV;GDRFIN_J11GEN_06_Q;uSvcAppGDR;A_W_GDR01;A_W_GDR01;3y8ti
GDR-GESTION DES REJETS;GDRFIN_J11GEN_06_Q;GDRFIN_J11GEN_06_Q;"August 14, 2026";"August 14, 2026 1:30:11 PM";;;Executing;Export des factures corrigées;;SMART Table;No;1;No;CTMSRV;GDRFIN_J11GEN_06_Q;uSvcGDR;;;3y8th
GDR-GESTION DES REJETS;GDRFIN_J11INT_05_Q;GDRFIN_J11INT_05_IMP01_Q;"August 14, 2026";;;;Wait for Event;Integre les fichiers de type EcritureComptable GL depuis la PFE vers GDR;lance_Traitement_Interne_GDR.bat;Job;No;0;Yes;CTMSRV;GDRFIN_J11INT_05_Q;svce_cm;A_W_GDR01;A_W_GDR01;3y9gb
GDR-GESTION DES REJETS;GDRFIN_J11INT_05_Q;GDRFIN_J11INT_05_IMP02_Q;"August 14, 2026";"August 14, 2026 1:45:10 PM";"August 14, 2026 1:45:16 PM";2000;Wait for Event;Integre les fichiers de type EcritureComptable GL depuis la PFE vers GDR;lance_Traitement_Interne_GDR.bat;Job;No;2;Yes;CTMSRV;GDRFIN_J11INT_05_Q;svce_cm;wdkgdrctlpa01;A_W_GDR01;3y9gc
GDR-GESTION DES REJETS;GDRFIN_J11INT_05_Q;GDRFIN_J11INT_05_IMP03_Q;"August 14, 2026";;;;Wait for Event;Integre les fichiers de type Factures Client depuis la PFE vers GDR;lance_Traitement_Interne_GDR.bat;Job;No;0;Yes;CTMSRV;GDRFIN_J11INT_05_Q;svce_cm;A_W_GDR01;A_W_GDR01;3y9g8
GDR-GESTION DES REJETS;GDRFIN_J11INT_05_Q;GDRFIN_J11INT_05_IMP04_Q;"August 14, 2026";"August 14, 2026 1:45:00 PM";"August 14, 2026 1:45:09 PM";2000;Wait for Event;Integre les fichiers de type Factures Client depuis la PFE vers GDR;lance_Traitement_Interne_GDR.bat;Job;No;2;Yes;CTMSRV;GDRFIN_J11INT_05_Q;svce_cm;wdkgdrctlpa01;A_W_GDR01;3y9gd
GDR-GESTION DES REJETS;GDRFIN_J11INT_05_Q;GDRFIN_J11INT_05_IMP05_Q;"August 14, 2026";;;;Wait for Event;Integre les fichiers de type Factures Fournisseur depuis la PFE vers GDR;lance_Traitement_Interne_GDR.bat;Job;No;0;Yes;CTMSRV;GDRFIN_J11INT_05_Q;svce_cm;A_W_GDR01;A_W_GDR01;3y9g9
GDR-GESTION DES REJETS;GDRFIN_J11INT_05_Q;GDRFIN_J11INT_05_IMP06_Q;"August 14, 2026";"August 14, 2026 1:45:17 PM";"August 14, 2026 1:45:24 PM";2000;Wait for Event;Integre les fichiers de type Factures Fournisseur depuis la PFE vers GDR;lance_Traitement_Interne_GDR.bat;Job;No;2;Yes;CTMSRV;GDRFIN_J11INT_05_Q;svce_cm;wdkgdrctlpa01;A_W_GDR01;3y9ge
GDR-GESTION DES REJETS;GDRFIN_J11INT_05_Q;GDRFIN_J11INT_05_IMP07_Q;"August 14, 2026";;;;Wait for Event;Integre les fichiers de type Factures Erreur Source depuis la PFE vers GDR;lance_Traitement_Interne_GDR.bat;Job;No;0;Yes;CTMSRV;GDRFIN_J11INT_05_Q;svce_cm;A_W_GDR01;A_W_GDR01;3y9ga
GDR-GESTION DES REJETS;GDRFIN_J11INT_05_Q;GDRFIN_J11INT_05_IMP08_Q;"August 14, 2026";"August 14, 2026 1:45:25 PM";;2000;Executing;Integre les fichiers de type Factures Erreur Source depuis la PFE vers GDR;lance_Traitement_Interne_GDR.bat;Job;No;2;Yes;CTMSRV;GDRFIN_J11INT_05_Q;svce_cm;wdkgdrctlpa01;A_W_GDR01;3y9gf
GDR-GESTION DES REJETS;GDRFIN_J11INT_05_Q;GDRFIN_J11INT_05_Q;"August 14, 2026";"August 14, 2026 1:30:11 PM";;;Executing;Intégration des fichiers de type facture;;SMART Table;No;1;No;CTMSRV;GDRFIN_J11INT_05_Q;svce_cm;;;3y9g7
GDR-GESTION DES REJETS;GDRGDR_J11TRT_04_Q;GDRGDR_J11TRT_04_Q;"August 14, 2026";"August 14, 2026 1:30:11 PM";;;Executing;Listing des factures restantes à corriger;;SMART Table;No;1;No;CTMSRV;GDRGDR_J11TRT_04_Q;uSvcGDR;;;3y9c1
GDR-GESTION DES REJETS;GDRGDR_J11TRT_04_Q;GDRGDR_J11TRT_04_WRK02_Q;"August 14, 2026";;;;Wait for Event;Liste dans un fichier csv les factures restantes à corriger pour chaque région (apres midi);lance_Traitement_Interne_GDR.bat;Job;No;0;No;CTMSRV;GDRGDR_J11TRT_04_Q;uSvcAppGDR;A_W_GDR01;A_W_GDR01;3y9c2
HEC-HERCULE CHIFFRAG;HECCID_J11INT_05_Q;HECCID_J11INT_05_CPY01_Q;"August 14, 2026";;;;Wait for Event;Copie fichierliens Code D-clients de PFE vers repertoire donnees entrantes HERCULE CHIFFRAGE;Copy_EAI_HEC.bat;Job;No;0;No;CTMSRV;HECCID_J11INT_05_Q;svce_cm;A_W_HEC11;A_W_HEC11;3y8pt
HEC-HERCULE CHIFFRAG;HECCID_J11INT_05_Q;HECCID_J11INT_05_FWT01_Q;"August 14, 2026";;;;Wait for Event;HERCULE Scrutation du fichier LienPartenaireProjet_yyyyMMdd.csv sur PFE;FileWatcher.bat;Job;No;0;No;CTMSRV;HECCID_J11INT_05_Q;svce_cm;A_W_HEC11;A_W_HEC11;3y8ps
HEC-HERCULE CHIFFRAG;HECCID_J11INT_05_Q;HECCID_J11INT_05_IMP01_Q;"August 14, 2026";;;;Wait for Event;Integration donnees du fichier lien code D client dans l'application HERCULE CHIFFRAGE;lance_Traitement_Interne.bat;Job;No;0;No;CTMSRV;HECCID_J11INT_05_Q;uSvcHEC-p;A_W_HEC11;A_W_HEC11;3y8pu
HEC-HERCULE CHIFFRAG;HECCID_J12INT_05_Q;HECCID_J12INT_05_CPY01_Q;"August 14, 2026";;;;Wait for Event;Copie fichier zip  PELFACTURE de PFE vers repertoire donnees entrantes PELFACTURE;Copy_EAI_HEC.bat;Job;No;0;Yes;CTMSRV;HECCID_J12INT_05_Q;svce_cm;A_W_HEC11;A_W_HEC11;3y9fo
HEC-HERCULE CHIFFRAG;HECCID_J12INT_05_Q;HECCID_J12INT_05_FWT01_Q;"August 14, 2026";;;;Wait for Event;HERCULE Scrutation du fichier zip  DONNEECID sur PFE;FileWatcher.bat;Job;No;0;Yes;CTMSRV;HECCID_J12INT_05_Q;svce_cm;A_W_HEC11;A_W_HEC11;3y9fn
HEC-HERCULE CHIFFRAG;HECCID_J12INT_05_Q;HECCID_J12INT_05_IMP01_Q;"August 14, 2026";;;;Wait for Event;Integration donnees du fichier PELFACTURE dans l'application PELFACTURE;lance_Traitement_Interne.bat;Job;No;0;Yes;CTMSRV;HECCID_J12INT_05_Q;uSvcHEC-p;A_W_HEC11;A_W_HEC11;3y9fp
HEC-HERCULE CHIFFRAG;HECCIT_J11INT_05_Q;HECCIT_J11INT_05_CPY01_Q;"August 14, 2026";;;;Wait for Event;Copie fichierliens factures travaux de PFE vers repertoire donnees entrantes HERCULE CHIFFRAGE;Copy_EAI_HEC.bat;Job;No;0;No;CTMSRV;HECCIT_J11INT_05_Q;svce_cm;A_W_HEC11;A_W_HEC11;3y83x
HEC-HERCULE CHIFFRAG;HECCIT_J11INT_05_Q;HECCIT_J11INT_05_FWT01_Q;"August 14, 2026";;;;Wait for Event;HERCULE Scrutation du fichier CITY_FACTURE_yyyymmdd.xml sur PFE;FileWatcher.bat;Job;No;0;No;CTMSRV;HECCIT_J11INT_05_Q;svce_cm;A_W_HEC11;A_W_HEC11;3y83w
HEC-HERCULE CHIFFRAG;HECCIT_J11INT_05_Q;HECCIT_J11INT_05_IMP01_Q;"August 14, 2026";;;;Wait for Event;Integration donnees du fichier CITY_FACTURE dans l'application HERCULE CHIFFRAGE;lance_Traitement_Interne.bat;Job;No;0;No;CTMSRV;HECCIT_J11INT_05_Q;uSvcHEC-p;A_W_HEC11;A_W_HEC11;3y83y
HEC-HERCULE CHIFFRAG;HECDTR_J11GEN_05_Q;HECDTR_J11GEN_05_EXP01_Q;"August 14, 2026";;;;Wait for Event;HEC : Generation applicative;lance_Traitement_Interne.bat;Job;No;0;No;CTMSRV;HECDTR_J11GEN_05_Q;uSvcHEC-p;A_W_HEC11;A_W_HEC11;3y7ol
HEC-HERCULE CHIFFRAG;HECDTR_J11GEN_05_Q;HECDTR_J11GEN_05_MOV01_Q;"August 14, 2026";;;;Wait for Event;HERCULE : Transfert du fichier HER01_*.csv vers PFE;MOV_Generique_DKA.bat;Job;No;0;No;CTMSRV;HECDTR_J11GEN_05_Q;svce_cm;A_W_HEC11;A_W_HEC11;3y7om
HEC-HERCULE CHIFFRAG;HECDTR_J11GEN_05_Q;HECDTR_J11GEN_05_Q;"August 14, 2026";"August 14, 2026 1:30:12 PM";;;Executing;HERCULE : Export des Donnees DTR;;SMART Table;No;1;No;CTMSRV;HECDTR_J11GEN_05_Q;;;;3y7ok
HEC-HERCULE CHIFFRAG;HECEXT_J11INT_05_Q;HECEXT_J11INT_05_CPY01_Q;"August 14, 2026";;;;Wait for Event;Copie fichier EXPORT_SOLVABILITE*.csv vers repertoire donnees entrantes HERCULE CHIFFRAGE D:\data\flf\in\RECOUVREMENT;Copy_EAI_HEC.bat;Job;No;0;No;CTMSRV;HECEXT_J11INT_05_Q;svce_cm;A_W_HEC11;A_W_HEC11;3y7qb
HEC-HERCULE CHIFFRAG;HECEXT_J11INT_05_Q;HECEXT_J11INT_05_IMP01_Q;"August 14, 2026";;;;Wait for Event;Integration donnees du fichier Recouvrement dans l'application HERCULE CHIFFRAGE;lance_Traitement_Interne.bat;Job;No;0;No;CTMSRV;HECEXT_J11INT_05_Q;uSvcHEC-p;A_W_HEC11;A_W_HEC11;3y7qc
HEC-HERCULE CHIFFRAG;HECFIN_J11FLX_07_Q ;HECFIN_J11FLX_07_MOV01_Q;"August 14, 2026";;;;Wait for Event;PFE : Job de déplacement de l'archive vers HEC;MOV_Generique_DKA.bat;Job;No;0;No;CTMSRV;HECFIN_J11FLX_07_Q ;svce_cm;A_W_HEC11;A_W_HEC11;3y9iy
HEC-HERCULE CHIFFRAG;HECFIN_J12INT_05_Q;HECFIN_J12INT_05_MOV01_Q;"August 14, 2026";;;;Wait for Event;HERCULE : Transfert du fichier ENCAISSEMENTS_CLIENTS_*.csv vers HEC;MOVOUT_Generique_DKA.bat;Job;No;0;No;CTMSRV;HECFIN_J12INT_05_Q;svce_cm;A_W_HEC11;A_W_HEC11;3y9hm
HEC-HERCULE CHIFFRAG;HECFIN_J12INT_05_Q;HECFIN_J12INT_05_Q;"August 14, 2026";"August 14, 2026 1:30:11 PM";;;Executing;;;SMART Table;No;1;No;CTMSRV;HECFIN_J12INT_05_Q;;;;3y9hl
HEC-HERCULE CHIFFRAG;HECFIN_J12INT_05_Q;HECFIN_J12INT_05_WRK01_Q;"August 14, 2026";;;;Wait for Event;HEC : Integration applicative du fichier ENCAISSEMENTS_CLIENTS_*.csv;lance_Traitement_Interne.bat;Job;No;0;No;CTMSRV;HECFIN_J12INT_05_Q;uSvcHEC-p;A_W_HEC11;A_W_HEC11;3y9hn
HEC-HERCULE CHIFFRAG;HECHEC_E11STP_01_Q;HECHEC_E11STP_01_ARR01_Q;"August 14, 2026";;;;Wait for Event;Redemarrage Hercule: STOP IIS (WDKHECP11);Start_Stop_Hercules.bat;Job;No;0;No;CTMSRV;HECHEC_E11STP_01_Q;svce_cm;A_W_HEC11;A_W_HEC11;3y7px
HEC-HERCULE CHIFFRAG;HECHEC_E11STR_02_Q;HECHEC_E11STR_02_DEM01_Q;"August 14, 2026";;;;Wait for Event;Redemarrage Hercule: START IIS (WDKHECP11);Start_Stop_Hercules.bat;Job;No;0;No;CTMSRV;HECHEC_E11STR_02_Q;svce_cm;A_W_HEC11;A_W_HEC11;3y7of
HEC-HERCULE CHIFFRAG;HECHEC_J11TEC_04_Q;HECHEC_J11TEC_04_DEB01_Q;"August 14, 2026";;;;Wait for Event;Jalon de demarrage 03h00 de la production HERCULE CHIFFRAGE;Jalon de demarrage 03h00 HERCULE;Dummy;No;0;No;CTMSRV;HECHEC_J11TEC_04_Q;svce_cm;;;3y7rf
HEC-HERCULE CHIFFRAG;HECHEC_J11TRT_04_Q;HECHEC_J11TRT_04_LIM01_Q;"August 14, 2026";;;;Wait for Event;Limite Horaire 0200;;Dummy;No;0;No;CTMSRV;HECHEC_J11TRT_04_Q;uSvcHEC-p;A_W_HEC11;A_W_HEC11;3y8tc
HEC-HERCULE CHIFFRAG;HECHEC_J11TRT_04_Q;HECHEC_J11TRT_04_WRK01_Q;"August 14, 2026";;;;Wait for Event;Daily Hercule;HECHEC_J11TRT_04_WRK01_Q.bat;Job;No;0;No;CTMSRV;HECHEC_J11TRT_04_Q;uSvcHEC-p;A_W_HEC11;A_W_HEC11;3y8tb
HEC-HERCULE CHIFFRAG;HECHEC_J12TEC_04_Q;HECHEC_J12TEC_04_FJA01_Q;"August 14, 2026";;;;Wait for Event;HERCULE Fin des interfaces ENTRANTES;HERCULE Fin des interfaces ENTRANTES;Dummy;No;0;No;CTMSRV;HECHEC_J12TEC_04_Q;svce_cm;;;3y93e
HEC-HERCULE CHIFFRAG;HECHEC_J12TRT_04_Q;HECHEC_J12TRT_04_WRK01_Q;"August 14, 2026";;;;Wait for Event;HEC : Integration applicative;lance_Traitement_Interne.bat;Job;No;0;No;CTMSRV;HECHEC_J12TRT_04_Q;uSvcHEC-p;A_W_HEC11;A_W_HEC11;3y7tl
HEC-HERCULE CHIFFRAG;HECHEC_J12TRT_04_Q;HECHEC_J12TRT_04_ZIP01_Q;"August 14, 2026";;;;Wait for Event;HEC : unzip archive;DZIP_GEN_HEC.bat;Job;No;0;No;CTMSRV;HECHEC_J12TRT_04_Q;svce_cm;A_W_HEC11;A_W_HEC11;3y7tk
KDR-KADOR;KDREXT_J12INT_05_Q;KDREXT_J12INT_05_IMP01_Q;"August 14, 2026";;;;Wait for Event;KDR : Process Ressource Insert;BATCH_Generique_DKA.ksh;Job;No;0;No;CTMSRV;KDREXT_J12INT_05_Q;dalkia-adm;A_L_MDM21;A_L_MDM21;3y92g
KDR-KADOR;KDREXT_J12INT_05_Q;KDREXT_J12INT_05_MOV01_Q;"August 14, 2026";;;;Wait for Event;KDR : Deplacement du fichier *.zip vers KDR;MOV_IN_Generique_DKA.ksh;Job;No;0;No;CTMSRV;KDREXT_J12INT_05_Q;root;A_L_MDM21;A_L_MDM21;3y92h
KDR-KADOR;KDREXT_J12INT_05_Q;KDREXT_J12INT_05_Q;"August 14, 2026";;;;Wait for Event;KADOR : Process Ressource Insert;;SMART Table;No;0;No;CTMSRV;KDREXT_J12INT_05_Q;dalkia-adm;;;3y92f
KDR-KADOR;KDREXT_J13INT_05_Q;KDREXT_J13INT_05_IMP01_Q;"August 14, 2026";;;;Wait for Event;KDR - JDV : Import du fichier de JEUXDEVALEURS;executeBatchImportGXPLOV.sh;Job;No;0;No;CTMSRV;KDREXT_J13INT_05_Q;dalkia-adm;A_L_MDM21;A_L_MDM21;3y96d
KDR-KADOR;KDREXT_J13INT_05_Q;KDREXT_J13INT_05_MOV01_Q;"August 14, 2026";;;;Wait for Event;KDR - JDV : Deplacement du fichier *.ZIP vers KDR;MOV_IN_DKA.ksh;Job;No;0;No;CTMSRV;KDREXT_J13INT_05_Q;dalkia-adm;A_L_MDM21;A_L_MDM21;3y96c
KDR-KADOR;KDRKDR_J11TRT_04_Q;KDRKDR_J11TRT_04_MOV01_Q;"August 14, 2026";;;;Wait for Event;Transfert du zip des donnees FULL FINANCE vers NAS PFE (TEMP);MOV_OUT_Generique_DKA.ksh;Job;No;0;No;CTMSRV;KDRKDR_J11TRT_04_Q;root;A_L_MDM21;A_L_MDM21;3y82r
KDR-KADOR;KDRKDR_J11TRT_04_Q;KDRKDR_J11TRT_04_MOV02_Q;"August 14, 2026";;;;Wait for Event;Transfert du zip des donnees FULL FINANCE vers NAS PFE;;Command;No;0;No;CTMSRV;KDRKDR_J11TRT_04_Q;root;A_L_MDM21;A_L_MDM21;3y82s
KDR-KADOR;KDRKDR_J11TRT_04_Q;KDRKDR_J11TRT_04_Q;"August 14, 2026";;;;Wait for Event;KDR : Bascule Statut Objet;;SMART Table;No;0;No;CTMSRV;KDRKDR_J11TRT_04_Q;infadm;;;3y82o
KDR-KADOR;KDRKDR_J11TRT_04_Q;KDRKDR_J11TRT_04_WRK01_Q;"August 14, 2026";;;;Wait for Event;Bascule Statut Objet;BATCH_Generique_DKA.ksh;Job;No;0;No;CTMSRV;KDRKDR_J11TRT_04_Q;dalkia-adm;A_L_MDM21;A_L_MDM21;3y82p
KDR-KADOR;KDRKDR_J11TRT_04_Q;KDRKDR_J11TRT_04_WRK02_Q;"August 14, 2026";;;;Wait for Event;Export full finance;BATCH_Generique_DKA.ksh;Job;No;0;No;CTMSRV;KDRKDR_J11TRT_04_Q;dalkia-adm;A_L_MDM21;A_L_MDM21;3y82q
KDR-KADOR;KDRKDR_J16TRT_04_Q;KDRKDR_J16TRT_04_EXP01_Q;"August 14, 2026";;;;Wait for Event;Export full RH;BATCH_Generique_DKA.ksh;Job;No;0;No;CTMSRV;KDRKDR_J16TRT_04_Q;dalkia-adm;A_L_MDM21;A_L_MDM21;3y8c5
KDR-KADOR;KDRKDR_J16TRT_04_Q;KDRKDR_J16TRT_04_MOV01_Q;"August 14, 2026";;;;Wait for Event;Move des fichiers FULL RH vers le NAS;MOV_OUT_Generique_DKA.ksh;Job;No;0;No;CTMSRV;KDRKDR_J16TRT_04_Q;root;A_L_MDM21;A_L_MDM21;3y8c6
KDR-KADOR;KDRKDR_J16TRT_04_Q;KDRKDR_J16TRT_04_Q;"August 14, 2026";;;;Wait for Event;KDR : Bascule Statut Objet;;SMART Table;No;0;No;CTMSRV;KDRKDR_J16TRT_04_Q;infadm;;;3y8c2
KDR-KADOR;KDRKDR_J16TRT_04_Q;KDRKDR_J16TRT_04_WRK01_Q;"August 14, 2026";;;;Wait for Event;Chaine CALCUL_RESSOURCE_ORGA;BATCH_Generique_DKA.ksh;Job;No;0;No;CTMSRV;KDRKDR_J16TRT_04_Q;dalkia-adm;A_L_MDM21;A_L_MDM21;3y8c3
KDR-KADOR;KDRKDR_J16TRT_04_Q;KDRKDR_J16TRT_04_WRK02_Q;"August 14, 2026";;;;Wait for Event;Chaine DIFFUSION_RESSOURCE_ORGA;BATCH_Generique_DKA.ksh;Job;No;0;No;CTMSRV;KDRKDR_J16TRT_04_Q;dalkia-adm;A_L_MDM21;A_L_MDM21;3y8c4
KDR-KADOR;KDRXXX_J11GEN_06_Q;KDRXXX_J11GEN_06_EXP01_Q;"August 14, 2026";;;;Wait for Event;KDR : Export XML en deltas quotidiens par objets a destination du DTR Affaire;BATCH_Generique_DKA.ksh;Job;No;0;No;CTMSRV;KDRXXX_J11GEN_06_Q;dalkia-adm;A_L_MDM21;A_L_MDM21;3y8km
KDR-KADOR;KDRXXX_J11GEN_06_Q;KDRXXX_J11GEN_06_MOV01_Q;"August 14, 2026";;;;Wait for Event;KDR : Move des fichiers REF02_*_AFFAIRE-Q_001_*.xml vers le NAS;MOV_OUT_Generique_DKA.ksh;Job;No;0;No;CTMSRV;KDRXXX_J11GEN_06_Q;root;A_L_MDM21;A_L_MDM21;3y8kn
KDR-KADOR;KDRXXX_J11GEN_06_Q;KDRXXX_J11GEN_06_Q;"August 14, 2026";;;;Wait for Event;KDR : Exports a destination de PFE;;SMART Table;No;0;No;CTMSRV;KDRXXX_J11GEN_06_Q;dalkia-adm;;;3y8kl
KDR-KADOR;KDRXXX_J11TEC_04_Q;KDRXXX_J11TEC_04_Q;"August 14, 2026";;;;Wait for Event;KDR : Ajout date derniere extraction dans Libmemsym;;SMART Table;No;0;No;CTMSRV;KDRXXX_J11TEC_04_Q;infadm;;;3y84a
KDR-KADOR;KDRXXX_J11TEC_04_Q;KDRXXX_J11TEC_04_WRK01_Q;"August 14, 2026";;;;Wait for Event;KDR : Ajout date derniere extraction dans Libmemsym;;Command;No;0;No;CTMSRV;KDRXXX_J11TEC_04_Q;controlm;SRV_PRIMAIRE;SRV_PRIMAIRE;3y84b
KDR-KADOR;KDRXXX_J11TEC_04_Q;KDRXXX_J11TEC_04_WRK02_Q;"August 14, 2026";;;;Wait for Event;KDR : Ajout date derniere extraction dans Libmemsym;SED_libmemsym_DALKIA_KDR_libmemsym_DALKIA.ksh;Job;No;0;No;CTMSRV;KDRXXX_J11TEC_04_Q;controlm;SRV_PRIMAIRE;SRV_PRIMAIRE;3y84c
KDR-KADOR;KDRXXX_J18GEN_06_Q;KDRXXX_J18GEN_06_EXP01_Q;"August 14, 2026";;;;Wait for Event;KDR : Export au format XML des Centres Finance modifies dans le Referentiel;BATCH_Generique_DKA.ksh;Job;No;0;No;CTMSRV;KDRXXX_J18GEN_06_Q;dalkia-adm;A_L_MDM21;A_L_MDM21;3ya0c
KDR-KADOR;KDRXXX_J18GEN_06_Q;KDRXXX_J18GEN_06_MOV01_Q;"August 14, 2026";;;;Wait for Event;KDR : Move des fichiers REF02_*_CENTRE-FINANCE-Q_001_*_*.xml vers le NAS;MOV_OUT_Generique_DKA.ksh;Job;No;0;No;CTMSRV;KDRXXX_J18GEN_06_Q;root;A_L_MDM21;A_L_MDM21;3ya0d
KDR-KADOR;KDRXXX_J18GEN_06_Q;KDRXXX_J18GEN_06_Q;"August 14, 2026";;;;Wait for Event;;;SMART Table;No;0;No;CTMSRV;KDRXXX_J18GEN_06_Q;;;;3ya0b
KDR-KADOR;KDRXXX_J19GEN_06_Q;KDRXXX_J19GEN_06_EXP01_Q;"August 14, 2026";;;;Wait for Event;KDR : Export au format XML les Projets Finance modifies dans le Referentiel depuis une date passee en parametre;BATCH_Generique_DKA.ksh;Job;No;0;No;CTMSRV;KDRXXX_J19GEN_06_Q;dalkia-adm;A_L_MDM21;A_L_MDM21;3y9f8
KDR-KADOR;KDRXXX_J19GEN_06_Q;KDRXXX_J19GEN_06_MOV01_Q;"August 14, 2026";;;;Wait for Event;KDR : Move des fichiers REF02_*_PROJET-FINANCE-Q_001_*_*.xml vers le NAS;MOV_OUT_Generique_DKA.ksh;Job;No;0;No;CTMSRV;KDRXXX_J19GEN_06_Q;root;A_L_MDM21;A_L_MDM21;3y9f9
KDR-KADOR;KDRXXX_J19GEN_06_Q;KDRXXX_J19GEN_06_Q;"August 14, 2026";;;;Wait for Event;;;SMART Table;No;0;No;CTMSRV;KDRXXX_J19GEN_06_Q;;;;3y9f7
KDR-KADOR;KDRXXX_J20GEN_06_Q;KDRXXX_J20GEN_06_EXP01_Q;"August 14, 2026";;;;Wait for Event;KDR : Export au format XML les Taches Finance modifiees dans le Referentiel depuis une date passee en parametre;BATCH_Generique_DKA.ksh;Job;No;0;No;CTMSRV;KDRXXX_J20GEN_06_Q;dalkia-adm;A_L_MDM21;A_L_MDM21;3y8xi
KDR-KADOR;KDRXXX_J20GEN_06_Q;KDRXXX_J20GEN_06_MOV01_Q;"August 14, 2026";;;;Wait for Event;KDR : Move des fichiers REF02_*_TACHE-FINANCE-Q_001_*_*.xml vers le NAS;MOV_OUT_Generique_DKA.ksh;Job;No;0;No;CTMSRV;KDRXXX_J20GEN_06_Q;root;A_L_MDM21;A_L_MDM21;3y8xj
KDR-KADOR;KDRXXX_J20GEN_06_Q;KDRXXX_J20GEN_06_Q;"August 14, 2026";;;;Wait for Event;;;SMART Table;No;0;No;CTMSRV;KDRXXX_J20GEN_06_Q;;;;3y8xh
KDR-KADOR;KDRXXX_J22GEN_06_Q;KDRXXX_J22GEN_06_EXP01_Q;"August 14, 2026";;;;Wait for Event;KDR : Export au format XML les Organisations modifiees dans le Referentiel depuis une date passee en parametre;BATCH_Generique_DKA.ksh;Job;No;0;No;CTMSRV;KDRXXX_J22GEN_06_Q;dalkia-adm;A_L_MDM21;A_L_MDM21;3y8ql
KDR-KADOR;KDRXXX_J22GEN_06_Q;KDRXXX_J22GEN_06_MOV01_Q;"August 14, 2026";;;;Wait for Event;KDR : Move des fichiers REF02_*_ORGANISATION-Q_001_*_*.xml vers le NAS;MOV_OUT_Generique_DKA.ksh;Job;No;0;No;CTMSRV;KDRXXX_J22GEN_06_Q;root;A_L_MDM21;A_L_MDM21;3y8qm
KDR-KADOR;KDRXXX_J22GEN_06_Q;KDRXXX_J22GEN_06_Q;"August 14, 2026";;;;Wait for Event;;;SMART Table;No;0;No;CTMSRV;KDRXXX_J22GEN_06_Q;;;;3y8qk
KDR-KADOR;KDRXXX_J23GEN_06_Q;KDRXXX_J23GEN_06_EXP01_Q;"August 14, 2026";;;;Wait for Event;KDR : Export au format XML les Ressources modifiees dans le Referentiel depuis une date passee en parametre;BATCH_Generique_DKA.ksh;Job;No;0;No;CTMSRV;KDRXXX_J23GEN_06_Q;dalkia-adm;A_L_MDM21;A_L_MDM21;3y974
KDR-KADOR;KDRXXX_J23GEN_06_Q;KDRXXX_J23GEN_06_MOV01_Q;"August 14, 2026";;;;Wait for Event;KDR :  Move des fichiers REF02_*_RESSOURCE-RESTREINT-Q_001_*_*.xml vers le NAS;MOV_OUT_Generique_DKA.ksh;Job;No;0;No;CTMSRV;KDRXXX_J23GEN_06_Q;root;A_L_MDM21;A_L_MDM21;3y973
KDR-KADOR;KDRXXX_J23GEN_06_Q;KDRXXX_J23GEN_06_MOV02_Q;"August 14, 2026";;;;Wait for Event;KDR :  Move des fichiers REF02_*_RESSOURCE-Q_001_*_*.xml vers le NAS;MOV_OUT_Generique_DKA.ksh;Job;No;0;No;CTMSRV;KDRXXX_J23GEN_06_Q;root;A_L_MDM21;A_L_MDM21;3y975
KDR-KADOR;KDRXXX_J23GEN_06_Q;KDRXXX_J23GEN_06_Q;"August 14, 2026";;;;Wait for Event;;;SMART Table;No;0;No;CTMSRV;KDRXXX_J23GEN_06_Q;;;;3y972
KDR-KADOR;KDRXXX_J24GEN_06_Q;KDRXXX_J24GEN_06_EXP01_Q;"August 14, 2026";;;;Wait for Event;KDR : Export au format XML les Jeux de Valeurs modifies dans le Referentiel depuis une date passee en parametre;BATCH_Generique_DKA.ksh;Job;No;0;No;CTMSRV;KDRXXX_J24GEN_06_Q;dalkia-adm;A_L_MDM21;A_L_MDM21;3y9wn
KDR-KADOR;KDRXXX_J24GEN_06_Q;KDRXXX_J24GEN_06_MOV01_Q;"August 14, 2026";;;;Wait for Event;KDR :  Move des fichiers REF02_*_JDV-Q_001_*_*.xml vers le NAS;MOV_OUT_Generique_DKA.ksh;Job;No;0;No;CTMSRV;KDRXXX_J24GEN_06_Q;root;A_L_MDM21;A_L_MDM21;3y9wo
KDR-KADOR;KDRXXX_J24GEN_06_Q;KDRXXX_J24GEN_06_Q;"August 14, 2026";;;;Wait for Event;;;SMART Table;No;0;No;CTMSRV;KDRXXX_J24GEN_06_Q;;;;3y9wm
KDR-KADOR;KDRXXX_J25GEN_06_Q;KDRXXX_J25GEN_06_EXP01_Q;"August 14, 2026";;;;Wait for Event;KDR : Export CSV en FULL quotidien des transcodifications a destination du DTR Referentiel et de la plateforme d echanges;BATCH_Generique_DKA.ksh;Dummy;No;0;No;CTMSRV;KDRXXX_J25GEN_06_Q;dalkia-adm;A_L_MDM21;A_L_MDM21;3y9dc
KDR-KADOR;KDRXXX_J25GEN_06_Q;KDRXXX_J25GEN_06_MOV01_Q;"August 14, 2026";;;;Wait for Event;KDR : Move des fichiers REF02_*_TRANSCO-TF-ORG*.csv vers le NAS;MOV_OUT_Generique_DKA.ksh;Dummy;No;0;No;CTMSRV;KDRXXX_J25GEN_06_Q;root;A_L_MDM21;A_L_MDM21;3y9df
KDR-KADOR;KDRXXX_J25GEN_06_Q;KDRXXX_J25GEN_06_MOV02_Q;"August 14, 2026";;;;Wait for Event;KDR : Move des fichiers REF02_*_TRANSCO-*.csv vers le NAS;MOV_OUT_Generique_DKA.ksh;Dummy;No;0;No;CTMSRV;KDRXXX_J25GEN_06_Q;root;A_L_MDM21;A_L_MDM21;3y9dd
KDR-KADOR;KDRXXX_J25GEN_06_Q;KDRXXX_J25GEN_06_Q;"August 14, 2026";;;;Wait for Event;;;SMART Table;No;0;No;CTMSRV;KDRXXX_J25GEN_06_Q;;;;3y9db
KDR-KADOR;KDRXXX_J25GEN_06_Q;KDRXXX_J25GEN_06_WAI01_Q;"August 14, 2026";;;;Wait for Event;KDR : WAIT PFE;MOV_OUT_Generique_DKA.ksh;Dummy;No;0;No;CTMSRV;KDRXXX_J25GEN_06_Q;root;A_L_MDM21;A_L_MDM21;3y9de
KDR-KADOR;KDRXXX_J26GEN_06_Q;KDRXXX_J26GEN_06_PUR01_Q;"August 14, 2026";;;;Wait for Event;KDR : Purge des exports de plus de 30 jours;PURGE_EXPORT_TRAITE.ksh;Job;No;0;No;CTMSRV;KDRXXX_J26GEN_06_Q;dalkia-adm;A_L_MDM21;A_L_MDM21;3y8ss
KDR-KADOR;KDRXXX_J26GEN_06_Q;KDRXXX_J26GEN_06_PUR02_Q;"August 14, 2026";;;;Wait for Event;"KDR : le premier du mois; génère une archive zippée; supprime tous les fichiers datant de plus de 1 semaine";manageArchives.sh;Job;No;0;No;CTMSRV;KDRXXX_J26GEN_06_Q;dalkia-adm;A_L_MDM21;A_L_MDM21;3y8st
KDR-KADOR;KDRXXX_J26GEN_06_Q;KDRXXX_J26GEN_06_Q;"August 14, 2026";"August 14, 2026 1:30:12 PM";;;Executing;;;SMART Table;No;1;No;CTMSRV;KDRXXX_J26GEN_06_Q;;;;3y8sr
KDR-KADOR;SEEREF_J11INT_05_Q;SEEREF_J11INT_05_IMP01_Q;"August 14, 2026";;;;Wait for Event;Importation des partenaires;importPartenaire.sh;Job;No;0;No;CTMSRV;SEEREF_J11INT_05_Q;dalkia-adm;A_L_MDM21;A_L_MDM21;3y7v2
KDR-KADOR;SEEREF_J11INT_05_Q;SEEREF_J11INT_05_MOV01_Q;"August 14, 2026";;;;Wait for Event;Move du ou des fichiers SEE01_*_PARTENAIRE-* de /data/flf/shares/files/REF02/INBOUND/SEE01.C_DELTA_PARTENAIRE vers input DTR /app/echanges/kador/import/kds/partenaire/input/;MOV_IN_DKA.ksh;Job;No;0;No;CTMSRV;SEEREF_J11INT_05_Q;dalkia-adm;A_L_MDM21;A_L_MDM21;3y7v1
KDR-KADOR;SEEREF_J12INT_05_Q;SEEREF_J12INT_05_IMP01_Q;"August 14, 2026";;;;Wait for Event;Importation des societes;importSociete.sh;Job;No;0;No;CTMSRV;SEEREF_J12INT_05_Q;dalkia-adm;A_L_MDM21;A_L_MDM21;3y8zt
KDR-KADOR;SEEREF_J12INT_05_Q;SEEREF_J12INT_05_MOV01_Q;"August 14, 2026";;;;Wait for Event;Move du fichier *.zip de /data/flf/shares/files/REF02/INBOUND/SEE01.C_DELTA_SOCIETE vers input DTR /app/echanges/kador/import/kds/societe/input/;MOV_IN_DKA.ksh;Job;No;0;No;CTMSRV;SEEREF_J12INT_05_Q;dalkia-adm;A_L_MDM21;A_L_MDM21;3y8zs
MBB-MOBILITE BANCAIRE;MBBEXT_J11FLX_07_Q;MBBEXT_J11FLX_07_FTP01_Q;"August 14, 2026";;;;Wait for Event;FLUX : EDF01.SG.MOBILITEBANCAIRE PFE vers MBB;MOV_Generique_DKA.bat;Job;No;0;No;CTMSRV;MBBEXT_J11FLX_07_Q;svce_cm;A_W_MBB01;A_W_MBB01;3y851
MBB-MOBILITE BANCAIRE;MBBEXT_J11FLX_07_Q;MBBEXT_J11FLX_07_Q;"August 14, 2026";;;;Wait for Event;FLUX : EDF01.SG.MOBILITEBANCAIRE PFE vers MBB;;SMART Table;No;0;No;CTMSRV;MBBEXT_J11FLX_07_Q;svce_cm;;;3y850
MBB-MOBILITE BANCAIRE;MBBMBB_J01INT_05_Q;MBBMBB_J01INT_05_Q;"August 14, 2026";;;;Wait for Event;INT : Integration applicative Mobilité Bancaire;;SMART Table;No;0;No;CTMSRV;MBBMBB_J01INT_05_Q;svce_cm;;;3y8w8
MBB-MOBILITE BANCAIRE;MBBMBB_J01INT_05_Q;MBBMBB_J01INT_05_WRK01_Q;"August 14, 2026";;;;Wait for Event;WRK : Integration applicative Mobilité Bancaire;Dalkia.MoveBank.BatchListener.exe;Job;No;0;No;CTMSRV;MBBMBB_J01INT_05_Q;svce_cm;A_W_MBB01;A_W_MBB01;3y8w9
MOS-MOS PI;MOSMOS_E21TEC_PI_Q;MOSMOS_E21TEC_PI_PUR01_Q;"August 14, 2026";;;;Wait for Event;Purge des logs;PURGE_FICHIER.exe;Job;No;0;No;CTMSRV;MOSMOS_E21TEC_PI_Q;crtuser;wdkmosinp01;wdkmosinp01;3y8k8
MOS-MOS PI;MOSMOS_E21TEC_PI_Q;MOSMOS_E21TEC_PI_Q;"August 14, 2026";"August 14, 2026 1:30:11 PM";;;Executing;Chaine de purge  des logs sur le serveur WDKMOSINP01;;SMART Table;No;1;No;CTMSRV;MOSMOS_E21TEC_PI_Q;;;;3y8k7
NRJ-ENERGY;NRJBDM_J13GEN_06_Q;NRJBDM_J13GEN_06_CVN01_Q;"August 14, 2026";;;;Wait for Event;NRJ Script de conversion de fichier LFLUB;killcr.sh;Dummy;No;0;No;CTMSRV;NRJBDM_J13GEN_06_Q;root;A_L_ENE12;A_L_ENE12;3ya18
NRJ-ENERGY;NRJBDM_J13GEN_06_Q;NRJBDM_J13GEN_06_CVN02_Q;"August 14, 2026";;;;Wait for Event;NRJ Script de conversion de fichier LR0YM;killcr.sh;Dummy;No;0;No;CTMSRV;NRJBDM_J13GEN_06_Q;root;A_L_ENE12;A_L_ENE12;3ya19
NRJ-ENERGY;NRJBDM_J13GEN_06_Q;NRJBDM_J13GEN_06_FTP03_Q;"August 14, 2026";;;;Wait for Event;NRJ copie fichier LFLUB vers PFE;FTP_GENERIQUE.ksh;Dummy;No;0;No;CTMSRV;NRJBDM_J13GEN_06_Q;root;A_L_PFE11;A_L_PFE11;3ya1a
NRJ-ENERGY;NRJBDM_J13GEN_06_Q;NRJBDM_J13GEN_06_FTP04_Q;"August 14, 2026";;;;Wait for Event;NRJ copie fichier LR0YM vers PFE;FTP_GENERIQUE.ksh;Dummy;No;0;No;CTMSRV;NRJBDM_J13GEN_06_Q;root;A_L_PFE11;A_L_PFE11;3ya1b
NRJ-ENERGY;NRJBDM_J13GEN_06_Q;NRJBDM_J13GEN_06_FTP05_Q;"August 14, 2026";;;;Wait for Event;NRJ copie fichier L00YM_NF vers PFE;FTP_GENERIQUE.ksh;Job;No;0;No;CTMSRV;NRJBDM_J13GEN_06_Q;root;A_L_PFE11;A_L_PFE11;3ya1c
NRJ-ENERGY;NRJBDM_J13GEN_06_Q;NRJBDM_J13GEN_06_FTP06_Q;"August 14, 2026";;;;Wait for Event;NRJ copie fichier L00YL_NF vers PFE;FTP_GENERIQUE.ksh;Job;No;0;No;CTMSRV;NRJBDM_J13GEN_06_Q;root;A_L_PFE11;A_L_PFE11;3ya1d
NRJ-ENERGY;NRJBDM_J13GEN_06_Q;NRJBDM_J13GEN_06_WRK01_Q;"August 14, 2026";;;;Wait for Event;NRJ Interf sortante retroalim. donnees bd meteo;NRJBDM_J13GEN_06_WRK01_Q.ksh;Job;No;0;No;CTMSRV;NRJBDM_J13GEN_06_Q;dbanrj;A_L_ENE12;A_L_ENE12;3ya17
NRJ-ENERGY;NRJBDM_J14GEN_06_Q;NRJBDM_J14GEN_06_WRK01_Q;"August 14, 2026";;;;Wait for Event;SPEGYMET2 : BD meteo - traitement de nuit;U112068010.sh;Job;No;0;No;CTMSRV;NRJBDM_J14GEN_06_Q;root;A_L_ENE12;A_L_ENE12;3y9dv
NRJ-ENERGY;NRJCEL_J12INT_05_Q;NRJCEL_J12INT_05_FLG01_Q;"August 14, 2026";;;;Wait for Event;Fin trait : interface entrante Quantite livree;;Dummy;No;0;No;CTMSRV;NRJCEL_J12INT_05_Q;ctmagv7;A_L_ENE12;A_L_ENE12;3y7uq
NRJ-ENERGY;NRJCEL_J12INT_05_Q;NRJCEL_J12INT_05_FTP01_Q;"August 14, 2026";;;2300;Wait for Event;NRJ Transfert du fichier DFR01_QUANTITESLIVREES_*.txt depuis PFE;FTP_MULTI_GENERIQUE.ksh;Job;No;0;No;CTMSRV;NRJCEL_J12INT_05_Q;root;A_L_PFE11;A_L_PFE11;3y7ur
NRJ-ENERGY;NRJCEL_J12INT_05_Q;NRJCEL_J12INT_05_LIM01_Q;"August 14, 2026";;;;Wait for Event;NRJ : Limite horaire;;Dummy;No;0;No;CTMSRV;NRJCEL_J12INT_05_Q;root;A_L_ENE12;A_L_ENE12;3y7us
NRJ-ENERGY;NRJCEL_J12INT_05_Q;NRJCEL_J12INT_05_WRK01_Q;"August 14, 2026";;;2300;Wait for Event;Interf entrante quantite livree;NRJCEL_J12INT_05_WRK01_Q.ksh;Job;No;0;No;CTMSRV;NRJCEL_J12INT_05_Q;dbanrj;A_L_ENE12;A_L_ENE12;3y7up
NRJ-ENERGY;NRJCID_J12GEN_06_Q;NRJCID_J12GEN_06_WRK01_Q;"August 14, 2026";;;;Wait for Event;SPEGYMET1 : BD meteo - traitement de nuit;U112062010.sh;Job;No;0;No;CTMSRV;NRJCID_J12GEN_06_Q;root;A_L_ENE12;A_L_ENE12;3y906
NRJ-ENERGY;NRJCRT_J11INT_05_Q;NRJCRT_J11INT_05_FTP01_Q;"August 14, 2026";;;;Wait for Event;NRJ : Envoi FTP des fichiers index*gaz*.csv depuis PFE;FTP_MULTI_GENERIQUE.ksh;Job;No;0;Yes;CTMSRV;NRJCRT_J11INT_05_Q;root;A_L_PFE11;A_L_PFE11;3y96s
NRJ-ENERGY;NRJCRT_J11INT_05_Q;NRJCRT_J11INT_05_IMP01_Q;"August 14, 2026";;;;Wait for Event;NRJ : Interface sortante indexes des compteurs gaz et hors gaz pour CRT;IICRTEGY01.sh;Job;No;0;Yes;CTMSRV;NRJCRT_J11INT_05_Q;dbanrj;A_L_ENE12;A_L_ENE12;3y96t
NRJ-ENERGY;NRJCRT_J11INT_05_Q;NRJCRT_J11INT_05_Q;"August 14, 2026";"August 14, 2026 1:30:11 PM";;;Executing;;;SMART Table;No;1;No;CTMSRV;NRJCRT_J11INT_05_Q;;;;3y96r
NRJ-ENERGY;NRJDTR_J11GEN_06_Q;NRJDTR_J11GEN_06_EXP01_Q;"August 14, 2026";;;;Wait for Event;Extraction data Energy vers DWHBI EAI;U112441010.sh;Job;No;0;No;CTMSRV;NRJDTR_J11GEN_06_Q;root;A_L_ENE12;A_L_ENE12;3y9lj
NRJ-ENERGY;NRJDTR_J11GEN_06_Q;NRJDTR_J11GEN_06_EXP02_Q;"August 14, 2026";;;;Wait for Event;lancement IEEGYDTR01_ExportBDD;U112441020.sh;Job;No;0;No;CTMSRV;NRJDTR_J11GEN_06_Q;root;A_L_ENE12;A_L_ENE12;3y9lk
NRJ-ENERGY;NRJDTR_J11GEN_06_Q;NRJDTR_J11GEN_06_EXP03_Q;"August 14, 2026";;;;Wait for Event;Transfert ftp;U503IXX900.sh;Job;No;0;No;CTMSRV;NRJDTR_J11GEN_06_Q;dbanrj;A_L_ENE12;A_L_ENE12;3y9ll
NRJ-ENERGY;NRJEXT_J13INT_05_Q;NRJEXT_J13INT_05_IMP01_Q;"August 14, 2026";;;;Wait for Event;Interface : intégrations des données météo issues de Météo France;NRJEXT_J13INT_05_IMP01_Q.ksh;Job;No;0;No;CTMSRV;NRJEXT_J13INT_05_Q;dbanrj;A_L_ENE12;A_L_ENE12;3y81f
NRJ-ENERGY;NRJEXT_J13INT_05_Q;NRJEXT_J13INT_05_IMP02_Q;"August 14, 2026";;;;Wait for Event;Interface : intégrations des données météo issues de Météo France;NRJEXT_J13INT_05_IMP02_Q.ksh;Job;No;0;No;CTMSRV;NRJEXT_J13INT_05_Q;dbanrj;A_L_ENE12;A_L_ENE12;3y81g
NRJ-ENERGY;NRJEXT_J13INT_05_Q;NRJEXT_J13INT_05_IMP03_Q;"August 14, 2026";;;;Wait for Event;Interface : intégrations des données météo issues de Météo France;NRJEXT_J13INT_05_IMP03_Q.ksh;Job;No;0;No;CTMSRV;NRJEXT_J13INT_05_Q;dbanrj;A_L_ENE12;A_L_ENE12;3y81h
NRJ-ENERGY;NRJEXT_J13INT_05_Q;NRJEXT_J13INT_05_IMP04_Q;"August 14, 2026";;;;Wait for Event;Interface : intégrations des données météo issues de Météo France;NRJEXT_J13INT_05_IMP04_Q.ksh;Job;No;0;No;CTMSRV;NRJEXT_J13INT_05_Q;dbanrj;A_L_ENE12;A_L_ENE12;3y81i
NRJ-ENERGY;NRJEXT_J13INT_05_Q;NRJEXT_J13INT_05_Q;"August 14, 2026";"August 14, 2026 1:30:11 PM";;;Executing;;;SMART Table;No;1;No;CTMSRV;NRJEXT_J13INT_05_Q;;;;3y81e
NRJ-ENERGY;NRJEXT_J14INT_05_Q;NRJEXT_J14INT_05_IMP01_Q;"August 14, 2026";;;;Wait for Event;Import TPV2_Jxxxxxxxxx_YYYYMMDD_*.csv;IIGDDEGY01.sh;Job;No;0;No;CTMSRV;NRJEXT_J14INT_05_Q;dbanrj;A_L_ENE12;A_L_ENE12;3y9yk
NRJ-ENERGY;NRJEXT_J14INT_05_Q;NRJEXT_J14INT_05_MOV01_Q;"August 14, 2026";;;0100;Wait for Event;NRJ : Envoi FTP TPV2_Jxxxxxxxxx_YYYYMMDD_Customer.csv depuis NAS EDF vers Energy;FTP_MULTI_GENERIQUE.ksh;Job;No;0;Yes;CTMSRV;NRJEXT_J14INT_05_Q;root;A_L_PFE11;A_L_PFE11;3y9yl
NRJ-ENERGY;NRJEXT_J14INT_05_Q;NRJEXT_J14INT_05_Q;"August 14, 2026";"August 14, 2026 1:30:12 PM";;;Executing;;;SMART Table;No;1;No;CTMSRV;NRJEXT_J14INT_05_Q;;;;3y9yj
NRJ-ENERGY;NRJLAK_J11GEN_06_Q;NRJLAK_J11GEN_06_EXP01_Q;"August 14, 2026";;;;Wait for Event;NRJ : Interface sortante des données ENERGY pour DataLAKE;IEEGYLAK01.sh;Job;No;0;Yes;CTMSRV;NRJLAK_J11GEN_06_Q;dbanrj;A_L_ENE12;A_L_ENE12;3y8i1
NRJ-ENERGY;NRJLAK_J11GEN_06_Q;NRJLAK_J11GEN_06_FTP01_Q;"August 14, 2026";;;;Wait for Event;NRJ : Envoi FTP du INDICATEURSENERGY_*.xml vers PFE;FTP_MULTI_GENERIQUE.ksh;Job;No;0;Yes;CTMSRV;NRJLAK_J11GEN_06_Q;root;A_L_PFE11;A_L_PFE11;3y8i0
NRJ-ENERGY;NRJLAK_J11GEN_06_Q;NRJLAK_J11GEN_06_FTP02_Q;"August 14, 2026";;;;Wait for Event;NRJ : Envoi FTP du EVENEMENTSENERGY_*.xml vers PFE;FTP_MULTI_GENERIQUE.ksh;Job;No;0;Yes;CTMSRV;NRJLAK_J11GEN_06_Q;root;A_L_PFE11;A_L_PFE11;3y8i2
NRJ-ENERGY;NRJLAK_J11GEN_06_Q;NRJLAK_J11GEN_06_FTP03_Q;"August 14, 2026";;;;Wait for Event;NRJ : Envoi FTP du INDICATEURSELEMENTENERGY_*.xml vers PFE;FTP_MULTI_GENERIQUE.ksh;Job;No;0;Yes;CTMSRV;NRJLAK_J11GEN_06_Q;root;A_L_PFE11;A_L_PFE11;3y8i3
NRJ-ENERGY;NRJLAK_J11GEN_06_Q;NRJLAK_J11GEN_06_Q;"August 14, 2026";"August 14, 2026 1:30:11 PM";;;Executing;NRJ : Interface sortante des données ENERGY pour DataLAKE;;SMART Table;No;1;No;CTMSRV;NRJLAK_J11GEN_06_Q;dbanrj;;;3y8hz
NRJ-ENERGY;NRJLAK_J11GEN_06_Q;NRJLAK_J12GEN_06_Q;"August 14, 2026";"August 14, 2026 1:30:12 PM";;;Executing;;;SMART Table;No;1;No;CTMSRV;NRJLAK_J12GEN_06_Q;;;;3y9uv
NRJ-ENERGY;NRJLAK_J12GEN_06_Q;NRJLAK_J12GEN_06_FTP01_Q;"August 14, 2026";;;;Wait for Event;NRJ : Envoi FTP du DATA_BRUT_LIENELEMENT_*.tar.gz vers PFE;FTP_MULTI_GENERIQUE.ksh;Job;No;0;No;CTMSRV;NRJLAK_J12GEN_06_Q;root;A_L_PFE11;A_L_PFE11;3y9uw
NRJ-ENERGY;NRJLAK_J12GEN_06_Q;NRJLAK_J12GEN_06_FTP02_Q;"August 14, 2026";;;;Wait for Event;NRJ : Envoi FTP du DATA_BRUT_PROPDATE_*.tar.gz vers PFE;FTP_MULTI_GENERIQUE.ksh;Job;No;0;No;CTMSRV;NRJLAK_J12GEN_06_Q;root;A_L_PFE11;A_L_PFE11;3y9ux
NRJ-ENERGY;NRJLAK_J12GEN_06_Q;NRJLAK_J12GEN_06_MOV01_Q;"August 14, 2026";;;;Wait for Event;NRJ : MOVE du fichier DATA_BRUT_LIENELEMENT_*.tar.gz du répertoire temporaire vers le répertoire cible;MOV_DKA.ksh;Job;No;0;No;CTMSRV;NRJLAK_J12GEN_06_Q;root;A_L_PFE11;A_L_PFE11;3y9uy
NRJ-ENERGY;NRJLAK_J12GEN_06_Q;NRJLAK_J12GEN_06_MOV02_Q;"August 14, 2026";;;;Wait for Event;NRJ : MOVE du fichier DATA_BRUT_LIENELEMENT_*.tar.gz du répertoire temporaire vers le répertoire cible;MOV_DKA.ksh;Job;No;0;No;CTMSRV;NRJLAK_J12GEN_06_Q;root;A_L_PFE11;A_L_PFE11;3y9uz
NRJ-ENERGY;NRJNRJ_B11TEC_04_Q;NRJNRJ_B11TEC_04_FJA96_Q;"August 14, 2026";;;;Wait for Event;Fin trait. Valorisation Budget NRJ;U112_BUDGET;Dummy;No;0;No;CTMSRV;NRJNRJ_B11TEC_04_Q;ctmuser;;;3y7yd
NRJ-ENERGY;NRJNRJ_B12TRT_04_Q;NRJNRJ_B12TRT_04_99999_Q;"August 14, 2026";;;;Wait for Event;Traitement des Calcul du budget des quantites;U112510999;Dummy;No;0;No;CTMSRV;NRJNRJ_B12TRT_04_Q;root;;;3y8m0
NRJ-ENERGY;NRJNRJ_B12TRT_04_Q;NRJNRJ_B12TRT_04_CAL01_Q;"August 14, 2026";;;;Wait for Event;SPEGYBUD3 : Calcul du budget des quantites FR03;U112510010.cmd;Job;No;0;No;CTMSRV;NRJNRJ_B12TRT_04_Q;svce_cm;A_W_ENE11;A_W_ENE11;3y8m4
NRJ-ENERGY;NRJNRJ_B12TRT_04_Q;NRJNRJ_B12TRT_04_CAL02_Q;"August 14, 2026";;;;Wait for Event;SPEGYBUD3 : Calcul du budget des quantites FR02;U112510020.cmd;Job;No;0;No;CTMSRV;NRJNRJ_B12TRT_04_Q;svce_cm;A_W_ENE12;A_W_ENE12;3y8m1
NRJ-ENERGY;NRJNRJ_B12TRT_04_Q;NRJNRJ_B12TRT_04_CAL03_Q;"August 14, 2026";;;;Wait for Event;SPEGYBUD3 : Calcul du budget des quantites FR12;U112510030.cmd;Job;No;0;No;CTMSRV;NRJNRJ_B12TRT_04_Q;svce_cm;A_W_ENE13;A_W_ENE13;3y8m2
NRJ-ENERGY;NRJNRJ_B12TRT_04_Q;NRJNRJ_B12TRT_04_CAL04_Q;"August 14, 2026";;;;Wait for Event;SPEGYBUD3 : Calcul du budget des quantites FR13;U112510040.cmd;Job;No;0;No;CTMSRV;NRJNRJ_B12TRT_04_Q;svce_cm;A_W_ENE14;A_W_ENE14;3y8m3
NRJ-ENERGY;NRJNRJ_E01TEC_04_Q;NRJNRJ_E01TEC_04_STA01_Q;"August 14, 2026";;;;Wait for Event;Statistiques quotidiennes Oracle sur la base dprnrj;NRJNRJ_E01TEC_04_STA01_Q.sh;Job;No;0;No;CTMSRV;NRJNRJ_E01TEC_04_Q;root;A_L_ENE12;A_L_ENE12;3y8ut
NRJ-ENERGY;NRJNRJ_E11STP_01_Q;NRJNRJ_E11STP_01_99999_Q;"August 14, 2026";;;;Wait for Event;Fin : Fermeture des TP ENERGY;U112001999;Dummy;No;0;No;CTMSRV;NRJNRJ_E11STP_01_Q;ENERGY;;;3y8iv
NRJ-ENERGY;NRJNRJ_E11STP_01_Q;NRJNRJ_E11STP_01_ARR01_Q;"August 14, 2026";;;;Wait for Event;"Arrêt du service ""SPEGYEVT7"" A_W_ENE14";stop_service.cmd;Job;No;0;No;CTMSRV;NRJNRJ_E11STP_01_Q;ENERGY;A_W_ENE14;A_W_ENE14;3y8j3
NRJ-ENERGY;NRJNRJ_E11STP_01_Q;NRJNRJ_E11STP_01_ARR03_Q;"August 14, 2026";;;;Wait for Event;"Arrêt du service ""IIEAIEGY01"" A_W_ENE14";stop_service.cmd;Job;No;0;No;CTMSRV;NRJNRJ_E11STP_01_Q;ENERGY;A_W_ENE14;A_W_ENE14;3y8j4
NRJ-ENERGY;NRJNRJ_E11STP_01_Q;NRJNRJ_E11STP_01_ARR08_Q;"August 14, 2026";;;;Wait for Event;Arrêt des sites ENERGY sur WDKNRJP04;STOP_SITE_ENERGY;Command;No;0;No;CTMSRV;NRJNRJ_E11STP_01_Q;svce_cm;A_W_ENE14;A_W_ENE14;3y8jb
NRJ-ENERGY;NRJNRJ_E11STP_01_Q;NRJNRJ_E11STP_01_ARR71_Q;"August 14, 2026";;;;Wait for Event;"Arrêt du service ""SPEGYEVT7""  A_W_ENE11";stop_service.cmd;Job;No;0;No;CTMSRV;NRJNRJ_E11STP_01_Q;ENERGY;A_W_ENE11;A_W_ENE11;3y8iw
NRJ-ENERGY;NRJNRJ_E11STP_01_Q;NRJNRJ_E11STP_01_ARR78_Q;"August 14, 2026";;;;Wait for Event;Arrêt des sites ENERGY sur le seveur WDKNRJx01;STOP_SITE_ENERGY;Command;No;0;No;CTMSRV;NRJNRJ_E11STP_01_Q;svce_cm;A_W_ENE11;A_W_ENE11;3y8jc
NRJ-ENERGY;NRJNRJ_E11STP_01_Q;NRJNRJ_E11STP_01_ARR81_Q;"August 14, 2026";;;;Wait for Event;"Arrêt du service ""SPEGYEVT7"" A_W_ENE12";stop_service.cmd;Job;No;0;No;CTMSRV;NRJNRJ_E11STP_01_Q;ENERGY;A_W_ENE12;A_W_ENE12;3y8iy
NRJ-ENERGY;NRJNRJ_E11STP_01_Q;NRJNRJ_E11STP_01_ARR83_Q;"August 14, 2026";;;;Wait for Event;"Arrêt du service ""IEEGYELT01"" A_W_ENE12";stop_service.cmd;Job;No;0;No;CTMSRV;NRJNRJ_E11STP_01_Q;ENERGY;A_W_ENE12;A_W_ENE12;3y8iz
NRJ-ENERGY;NRJNRJ_E11STP_01_Q;NRJNRJ_E11STP_01_ARR87_Q;"August 14, 2026";;;;Wait for Event;"Arrêt du service ""IIEAIEGY01"" A_W_ENE12";stop_service.cmd;Job;No;0;No;CTMSRV;NRJNRJ_E11STP_01_Q;ENERGY;A_W_ENE12;A_W_ENE12;3y8j7
NRJ-ENERGY;NRJNRJ_E11STP_01_Q;NRJNRJ_E11STP_01_ARR88_Q;"August 14, 2026";;;;Wait for Event;Arrêt des sites ENERGY sur le seveur WDKNRJx02;STOP_SITE_ENERGY;Command;No;0;No;CTMSRV;NRJNRJ_E11STP_01_Q;svce_cm;A_W_ENE12;A_W_ENE12;3y8je
NRJ-ENERGY;NRJNRJ_E11STP_01_Q;NRJNRJ_E11STP_01_ARR91_Q;"August 14, 2026";;;;Wait for Event;"Arrêt du service ""SPEGYEVT7"" A_W_ENE13";stop_service.cmd;Job;No;0;No;CTMSRV;NRJNRJ_E11STP_01_Q;ENERGY;A_W_ENE13;A_W_ENE13;3y8j1
NRJ-ENERGY;NRJNRJ_E11STP_01_Q;NRJNRJ_E11STP_01_ARR93_Q;"August 14, 2026";;;;Wait for Event;Arrêt des sites ENERGY sur le seveur WDKNRJx03;STOP_SITE_ENERGY;Command;No;0;No;CTMSRV;NRJNRJ_E11STP_01_Q;svce_cm;A_W_ENE13;A_W_ENE13;3y8jd
NRJ-ENERGY;NRJNRJ_E11STP_01_Q;NRJNRJ_E11STP_01_ARR97_Q;"August 14, 2026";;;;Wait for Event;"Arrêt du service ""SPEGYTBT3"" A_W_ENE13";stop_service.cmd;Job;No;0;No;CTMSRV;NRJNRJ_E11STP_01_Q;ENERGY;A_W_ENE13;A_W_ENE13;3y8j8
NRJ-ENERGY;NRJNRJ_E11STP_01_Q;NRJNRJ_E11STP_01_ARR98_Q;"August 14, 2026";;;;Wait for Event;"Arrêt du service ""SPEGYBUD6"" A_W_ENE13";stop_service.cmd;Job;No;0;No;CTMSRV;NRJNRJ_E11STP_01_Q;ENERGY;A_W_ENE13;A_W_ENE13;3y8j9
NRJ-ENERGY;NRJNRJ_E11STP_01_Q;NRJNRJ_E11STP_01_ARR99_Q;"August 14, 2026";;;;Wait for Event;"Arrêt du service ""IEEGYAPI01"" A_W_ENE13";stop_service.cmd;Job;No;0;No;CTMSRV;NRJNRJ_E11STP_01_Q;ENERGY;A_W_ENE13;A_W_ENE13;3y8jf
NRJ-ENERGY;NRJNRJ_E11STP_01_Q;NRJNRJ_E11STP_01_PUR07_Q;"August 14, 2026";;;;Wait for Event;Purge Fichier PNG A_W_ENE14;Purge_PNG.cmd;Job;No;0;No;CTMSRV;NRJNRJ_E11STP_01_Q;ENERGY;A_W_ENE14;A_W_ENE14;3y8j5
NRJ-ENERGY;NRJNRJ_E11STP_01_Q;NRJNRJ_E11STP_01_PUR77_Q;"August 14, 2026";;;;Wait for Event;Purge Fichier PNG A_W_ENE11;Purge_PNG.cmd;Job;No;0;No;CTMSRV;NRJNRJ_E11STP_01_Q;ENERGY;A_W_ENE11;A_W_ENE11;3y8ix
NRJ-ENERGY;NRJNRJ_E11STP_01_Q;NRJNRJ_E11STP_01_PUR87_Q;"August 14, 2026";;;;Wait for Event;Purge Fichier PNG A_W_ENE12;Purge_PNG.cmd;Job;No;0;No;CTMSRV;NRJNRJ_E11STP_01_Q;ENERGY;A_W_ENE12;A_W_ENE12;3y8j0
NRJ-ENERGY;NRJNRJ_E11STP_01_Q;NRJNRJ_E11STP_01_PUR97_Q;"August 14, 2026";;;;Wait for Event;Purge Fichier PNG A_W_ENE13;Purge_PNG.cmd;Job;No;0;No;CTMSRV;NRJNRJ_E11STP_01_Q;ENERGY;A_W_ENE13;A_W_ENE13;3y8j2
NRJ-ENERGY;NRJNRJ_E11STP_01_Q;NRJNRJ_E11STP_01_Q;"August 14, 2026";"August 14, 2026 1:30:11 PM";;;Executing;ENERGY: stop applicatif;;SMART Table;No;1;No;CTMSRV;NRJNRJ_E11STP_01_Q;;;;3y8iu
NRJ-ENERGY;NRJNRJ_E11STP_01_Q;NRJNRJ_E11STP_01_SUB01_Q;"August 14, 2026";;;;Wait for Event;Arret des Interactifs ENERGY;Arret des Interactifs ENERGY;Dummy;No;0;No;CTMSRV;NRJNRJ_E11STP_01_Q;root;;;3y8j6
NRJ-ENERGY;NRJNRJ_E11STP_01_Q;NRJNRJ_E11STP_01_WRK01_Q;"August 14, 2026";;;;Wait for Event;NRJ : Affectation des droits sur energy;U512010120;Command;No;0;No;CTMSRV;NRJNRJ_E11STP_01_Q;root;A_L_ENE12;A_L_ENE12;3y8ja
NRJ-ENERGY;NRJNRJ_J11TEC_04_Q;NRJNRJ_J11TEC_04_FBA99_Q;"August 14, 2026";;;;Wait for Event;controle heure fin trait.  DPRNRJ;FIN_BATCH;Dummy;No;0;No;CTMSRV;NRJNRJ_J11TEC_04_Q;eblondez;;;3y7qo
NRJ-ENERGY;NRJNRJ_J11TEC_04_Q;NRJNRJ_J11TEC_04_FBV99_Q;"August 14, 2026";"August 14, 2026 1:30:12 PM";"August 14, 2026 1:30:12 PM";;Ended OK;controle heure fin trait.  DPRNRJ;FIN_BATCH_VEILLE;Dummy;No;1;No;CTMSRV;NRJNRJ_J11TEC_04_Q;eblondez;;;3y7qp
NRJ-ENERGY;NRJNRJ_J11TEC_04_Q;NRJNRJ_J11TEC_04_FIN99_Q;"August 14, 2026";;;;Wait for Event;Fin trait. NRJ;U112_FIN;Dummy;No;0;No;CTMSRV;NRJNRJ_J11TEC_04_Q;ctmuser;;;3y7qs
NRJ-ENERGY;NRJNRJ_J11TEC_04_Q;NRJNRJ_J11TEC_04_FJA97_Q;"August 14, 2026";;;;Wait for Event;Fin trait. Interfaces entrantes NRJ;U112_INTERFACE_ENT;Dummy;No;0;No;CTMSRV;NRJNRJ_J11TEC_04_Q;ctmuser;;;3y7qt
NRJ-ENERGY;NRJNRJ_J11TEC_04_Q;NRJNRJ_J11TEC_04_FJA98_Q;"August 14, 2026";;;;Wait for Event;Fin trait. Interfaces sortantes NRJ;U112_INTERFACE_SOR;Dummy;No;0;No;CTMSRV;NRJNRJ_J11TEC_04_Q;ctmuser;;;3y7qu
NRJ-ENERGY;NRJNRJ_J11TEC_04_Q;NRJNRJ_J11TEC_04_FJA99_Q;"August 14, 2026";;;;Wait for Event;Fin trait. specifiques NRJ (hors trait harry );U112_TRAIT;Dummy;No;0;No;CTMSRV;NRJNRJ_J11TEC_04_Q;ctmuser;;;3y7qv
NRJ-ENERGY;NRJNRJ_J11TEC_04_Q;NRJNRJ_J11TEC_04_FRE99_Q;"August 14, 2026";;;;Wait for Event;controle heure fin refer.  DPRNRJ;FIN_112430;Dummy;No;0;No;CTMSRV;NRJNRJ_J11TEC_04_Q;eblondez;;;3y7qn
NRJ-ENERGY;NRJNRJ_J11TEC_04_Q;NRJNRJ_J11TEC_04_Q;"August 14, 2026";"August 14, 2026 1:30:12 PM";;;Executing;ENERGY: JALON;;SMART Table;No;1;No;CTMSRV;NRJNRJ_J11TEC_04_Q;;;;3y7qm
NRJ-ENERGY;NRJNRJ_J11TEC_04_Q;NRJNRJ_J11TEC_04_SC001_Q;"August 14, 2026";;;;Wait for Event;TEST PRESENCE COND  SC_U503I_OK;SC_U503I;Dummy;No;0;No;CTMSRV;NRJNRJ_J11TEC_04_Q;root;;;3y7qq
NRJ-ENERGY;NRJNRJ_J11TEC_04_Q;NRJNRJ_J11TEC_04_SC002_Q;"August 14, 2026";;;;Wait for Event;"NRJ; TEST PRESENCE COND  SC_U512NRJ_OK";SC_U512NRJ;Dummy;No;0;No;CTMSRV;NRJNRJ_J11TEC_04_Q;root;;;3y7qr
NRJ-ENERGY;NRJNRJ_J11TRT_04_Q;NRJNRJ_J11TRT_04_00000_Q;"August 14, 2026";;;;Wait for Event;SPEGYPMT1: calcul des previsions a long terme;U112680;Dummy;No;0;No;CTMSRV;NRJNRJ_J11TRT_04_Q;root;;;3y9w9
NRJ-ENERGY;NRJNRJ_J11TRT_04_Q;NRJNRJ_J11TRT_04_99999_Q;"August 14, 2026";;;;Wait for Event;Fin chne SPEGYPMT1: calcul des previsions lg terme;U112680999;Dummy;No;0;No;CTMSRV;NRJNRJ_J11TRT_04_Q;root;;;3y9w8
NRJ-ENERGY;NRJNRJ_J11TRT_04_Q;NRJNRJ_J11TRT_04_CAL10_Q;"August 14, 2026";;;;Wait for Event;SPEGYPMT1: calcul des previsions long terme;U112680040.cmd;Job;No;0;No;CTMSRV;NRJNRJ_J11TRT_04_Q;svce_cm;A_W_ENE14;A_W_ENE14;3y9w3
NRJ-ENERGY;NRJNRJ_J11TRT_04_Q;NRJNRJ_J11TRT_04_CAL97_Q;"August 14, 2026";;;;Wait for Event;SPEGYPMT1: calcul des previsions long terme;U112680010.cmd;Job;No;0;No;CTMSRV;NRJNRJ_J11TRT_04_Q;svce_cm;A_W_ENE11;A_W_ENE11;3y9w0
NRJ-ENERGY;NRJNRJ_J11TRT_04_Q;NRJNRJ_J11TRT_04_CAL98_Q;"August 14, 2026";;;;Wait for Event;SPEGYPMT1: calcul des previsions long terme;U112680020.cmd;Job;No;0;No;CTMSRV;NRJNRJ_J11TRT_04_Q;svce_cm;A_W_ENE12;A_W_ENE12;3y9w1
NRJ-ENERGY;NRJNRJ_J11TRT_04_Q;NRJNRJ_J11TRT_04_CAL99_Q;"August 14, 2026";;;;Wait for Event;SPEGYPMT1: calcul des previsions long terme;U112680030.cmd;Job;No;0;No;CTMSRV;NRJNRJ_J11TRT_04_Q;svce_cm;A_W_ENE13;A_W_ENE13;3y9w2
NRJ-ENERGY;NRJNRJ_J11TRT_04_Q;NRJNRJ_J11TRT_04_FLG01_Q;"August 14, 2026";;;;Wait for Event;Fin chne SPEGYPMT1: calcul des previsions lg terme;U112680199;Dummy;No;0;No;CTMSRV;NRJNRJ_J11TRT_04_Q;root;;;3y9w4
NRJ-ENERGY;NRJNRJ_J11TRT_04_Q;NRJNRJ_J11TRT_04_FLG02_Q;"August 14, 2026";;;;Wait for Event;Fin chne SPEGYPMT1: calcul des previsions lg terme;U112680299;Dummy;No;0;No;CTMSRV;NRJNRJ_J11TRT_04_Q;root;;;3y9w5
NRJ-ENERGY;NRJNRJ_J11TRT_04_Q;NRJNRJ_J11TRT_04_FLG03_Q;"August 14, 2026";;;;Wait for Event;Fin chne SPEGYPMT1: calcul des previsions lg terme;U112680399;Dummy;No;0;No;CTMSRV;NRJNRJ_J11TRT_04_Q;root;;;3y9w6
NRJ-ENERGY;NRJNRJ_J11TRT_04_Q;NRJNRJ_J11TRT_04_FLG04_Q;"August 14, 2026";;;;Wait for Event;Fin chne SPEGYPMT1: calcul des previsions lg terme;U112680499;Dummy;No;0;No;CTMSRV;NRJNRJ_J11TRT_04_Q;root;;;3y9w7
NRJ-ENERGY;NRJNRJ_J12TEC_04_Q;NRJNRJ_J12TEC_04_CPY03_Q;"August 14, 2026";;;;Wait for Event;Copie fichiers IN-OUT FIN DE BATCH sur DKA_IMNORD;U512012220;Dummy;No;0;No;CTMSRV;NRJNRJ_J12TEC_04_Q;root;A_L_ENE12;A_L_ENE12;3y9gs
NRJ-ENERGY;NRJNRJ_J12TEC_04_Q;NRJNRJ_J12TEC_04_DEL04_Q;"August 14, 2026";;;;Wait for Event;"delete des /index/admin/DPRNRJ/[b;c]dump/*.trc";U512012230.sh;Dummy;No;0;No;CTMSRV;NRJNRJ_J12TEC_04_Q;root;A_L_ENE12;A_L_ENE12;3y9gt
NRJ-ENERGY;NRJNRJ_J12TEC_04_Q;NRJNRJ_J12TEC_04_LOG01_Q;"August 14, 2026";;;;Wait for Event;Mise A DISPO LOGS EN FIN DE BATCH sur DKA_IMNORD;U512012210;Dummy;No;0;No;CTMSRV;NRJNRJ_J12TEC_04_Q;root;A_L_ENE12;A_L_ENE12;3y9gq
NRJ-ENERGY;NRJNRJ_J12TEC_04_Q;NRJNRJ_J12TEC_04_MOV02_Q;"August 14, 2026";;;;Wait for Event;DEPLACEMENT DES FIC7* dans /index/energy/ficharry;U512012215.sh;Dummy;No;0;No;CTMSRV;NRJNRJ_J12TEC_04_Q;root;A_L_ENE12;A_L_ENE12;3y9gr
NRJ-ENERGY;NRJNRJ_J12TEC_04_Q;NRJNRJ_J12TEC_04_PUR01_Q;"August 14, 2026";;;;Wait for Event;Purge des logs apres transfert sur DKA_IMNORD;Purge_Log.sh;Job;No;0;No;CTMSRV;NRJNRJ_J12TEC_04_Q;root;A_L_ENE12;A_L_ENE12;3y9gu
NRJ-ENERGY;NRJNRJ_J12TRT_04_M;NRJNRJ_J12TRT_04_CAL97_M;"August 14, 2026";;;;Wait for Event;Execution recalcul des conso. des stocks;U112140010.cmd;Job;No;0;No;CTMSRV;NRJNRJ_J12TRT_04_M;svce_cm;A_W_ENE11;A_W_ENE11;3y8wy
NRJ-ENERGY;NRJNRJ_J13TRT_04_H;NRJNRJ_J13TRT_04_PUR01_H;"August 14, 2026";;;;Wait for Event;SPEGYPUR1 : Purge tables TRACE et LOG ACCESS;U112445010.sh;Job;No;0;No;CTMSRV;NRJNRJ_J13TRT_04_H;root;A_L_ENE12;A_L_ENE12;3y8ks
NRJ-ENERGY;NRJNRJ_J13TRT_04_Q;NRJNRJ_J13TRT_04_EXP97_Q;"August 14, 2026";;;;Wait for Event;NRJ : SPEGYEVT4 : Generation releves compteurs fictifs;U112410010.cmd;Job;No;0;No;CTMSRV;NRJNRJ_J13TRT_04_Q;svce_cm;A_W_ENE11;A_W_ENE11;3y9fu
NRJ-ENERGY;NRJNRJ_J14TRT_04_M;NRJNRJ_J14TRT_04_CAL97_M;"August 14, 2026";;;;Wait for Event;Execution recalcul des conso. des stocks;U112142010.cmd;Job;No;0;No;CTMSRV;NRJNRJ_J14TRT_04_M;svce_cm;A_W_ENE11;A_W_ENE11;3y8ay
NRJ-ENERGY;NRJNRJ_J14TRT_04_Q;NRJNRJ_J14TRT_04_WRK01_Q;"August 14, 2026";;;;Wait for Event;NRJ : SPEGYEVT2 : Detection releves complets;U112420010.sh;Job;No;0;No;CTMSRV;NRJNRJ_J14TRT_04_Q;root;A_L_ENE12;A_L_ENE12;3y96i
NRJ-ENERGY;NRJNRJ_J15TRT_04_Q;NRJNRJ_J15TRT_04_WRK01_Q;"August 14, 2026";;;;Wait for Event;NRJ : SPEGYEVT3 : Detection releves manquants;U112430010.sh;Job;No;0;No;CTMSRV;NRJNRJ_J15TRT_04_Q;root;A_L_ENE12;A_L_ENE12;3y9m1
NRJ-ENERGY;NRJNRJ_J16TRT_04_Q;NRJNRJ_J16TRT_04_00000_Q;"August 14, 2026";;;;Wait for Event;SPEGYTBT1 : Debut Chaine : Tableaux de bord;U112440;Dummy;No;0;No;CTMSRV;NRJNRJ_J16TRT_04_Q;root;;;3y8ry
NRJ-ENERGY;NRJNRJ_J16TRT_04_Q;NRJNRJ_J16TRT_04_99999_Q;"August 14, 2026";;;;Wait for Event;SPEGYTBT1 : Fin de chaîne : Tableaux de bord;U112440999;Dummy;No;0;No;CTMSRV;NRJNRJ_J16TRT_04_Q;root;;;3y8rx
NRJ-ENERGY;NRJNRJ_J16TRT_04_Q;NRJNRJ_J16TRT_04_CAL10_Q;"August 14, 2026";;;;Wait for Event;SPEGYTBT1 : Execution calcul tableaux de bord techniques FR04;U112440040.cmd;Job;No;0;No;CTMSRV;NRJNRJ_J16TRT_04_Q;DCDKETI/svce_cm;A_W_ENE14;A_W_ENE14;3y8rv
NRJ-ENERGY;NRJNRJ_J16TRT_04_Q;NRJNRJ_J16TRT_04_CAL97_Q;"August 14, 2026";;;;Wait for Event;SPEGYTBT1 : Execution calcul tableaux de bord techniques;U112440010.cmd;Job;No;0;No;CTMSRV;NRJNRJ_J16TRT_04_Q;svce_cm;A_W_ENE11;A_W_ENE11;3y8rs
NRJ-ENERGY;NRJNRJ_J16TRT_04_Q;NRJNRJ_J16TRT_04_CAL98_Q;"August 14, 2026";;;;Wait for Event;SPEGYTBT1 : Execution calcul tableaux de bord techniques FR02;U112440020.cmd;Job;No;0;No;CTMSRV;NRJNRJ_J16TRT_04_Q;svce_cm;A_W_ENE12;A_W_ENE12;3y8rt
NRJ-ENERGY;NRJNRJ_J16TRT_04_Q;NRJNRJ_J16TRT_04_CAL99_Q;"August 14, 2026";;;;Wait for Event;SPEGYTBT1 : Execution calcul tableaux de bord techniques FR01;U112440030.cmd;Job;No;0;No;CTMSRV;NRJNRJ_J16TRT_04_Q;svce_cm;A_W_ENE13;A_W_ENE13;3y8ru
NRJ-ENERGY;NRJNRJ_J16TRT_04_Q;NRJNRJ_J16TRT_04_LIM01_Q;"August 14, 2026";;;;Wait for Event;SPEGYTBT1 : limite horaire;U112440990;Dummy;No;0;No;CTMSRV;NRJNRJ_J16TRT_04_Q;root;;;3y8rw
NRJ-ENERGY;NRJNRJ_J17TRT_04_Q;NRJNRJ_J17TRT_04_00000_Q;"August 14, 2026";;;;Wait for Event;NRJ : SPEGYINT1 : Calcul de l interessement et suivi contractuel;U112460;Dummy;No;0;No;CTMSRV;NRJNRJ_J17TRT_04_Q;root;;;3y86c
NRJ-ENERGY;NRJNRJ_J17TRT_04_Q;NRJNRJ_J17TRT_04_99999_Q;"August 14, 2026";;;;Wait for Event;NRJ : SPEGYINT1 : Calcul de l interessement et suivi contractuel;U112460999;Dummy;No;0;No;CTMSRV;NRJNRJ_J17TRT_04_Q;root;;;3y86b
NRJ-ENERGY;NRJNRJ_J17TRT_04_Q;NRJNRJ_J17TRT_04_CAL10_Q;"August 14, 2026";;;;Wait for Event;NRJ : SPEGYINT1 : Calcul de l interessement et suivi contractuel;U112460040.cmd;Job;No;0;No;CTMSRV;NRJNRJ_J17TRT_04_Q;svce_cm;A_W_ENE14;A_W_ENE14;3y86a
NRJ-ENERGY;NRJNRJ_J17TRT_04_Q;NRJNRJ_J17TRT_04_CAL97_Q;"August 14, 2026";;;;Wait for Event;NRJ : SPEGYINT1 : Calcul de l interessement et suivi contractuel;U112460010.cmd;Job;No;0;No;CTMSRV;NRJNRJ_J17TRT_04_Q;svce_cm;A_W_ENE11;A_W_ENE11;3y867
NRJ-ENERGY;NRJNRJ_J17TRT_04_Q;NRJNRJ_J17TRT_04_CAL98_Q;"August 14, 2026";;;;Wait for Event;NRJ : SPEGYINT1 : Calcul de l interessement et suivi contractuel;U112460020.cmd;Job;No;0;No;CTMSRV;NRJNRJ_J17TRT_04_Q;svce_cm;A_W_ENE12;A_W_ENE12;3y868
NRJ-ENERGY;NRJNRJ_J17TRT_04_Q;NRJNRJ_J17TRT_04_CAL99_Q;"August 14, 2026";;;;Wait for Event;NRJ : SPEGYINT1 : Calcul de l interessement et suivi contractuel;U112460030.cmd;Job;No;0;No;CTMSRV;NRJNRJ_J17TRT_04_Q;svce_cm;A_W_ENE13;A_W_ENE13;3y869
NRJ-ENERGY;NRJNRJ_J18TRT_04_Q;NRJNRJ_J18TRT_04_CPY01_Q;"August 14, 2026";;;;Wait for Event;NRJ : SPEGYCAL1 : Recopie donnees calendrier chauffage;U112505010.sh;Job;No;0;No;CTMSRV;NRJNRJ_J18TRT_04_Q;root;A_L_ENE12;A_L_ENE12;3y881
NRJ-ENERGY;NRJNRJ_J1ITRT_04_Q;NRJNRJ_J1ITRT_04_00000_Q;"August 14, 2026";;;;Wait for Event;NRJ : Debut Chaine : Tableaux de bord;U112440;Dummy;No;0;No;CTMSRV;NRJNRJ_J1ITRT_04_Q;root;;;3y8a1
NRJ-ENERGY;NRJNRJ_J1ITRT_04_Q;NRJNRJ_J1ITRT_04_99999_Q;"August 14, 2026";;;;Wait for Event;NRJ : Fin de chaîne : Tableaux de bord;U112440999;Dummy;No;0;No;CTMSRV;NRJNRJ_J1ITRT_04_Q;root;;;3y8a0
NRJ-ENERGY;NRJNRJ_J1ITRT_04_Q;NRJNRJ_J1ITRT_04_CAL10_Q;"August 14, 2026";;;;Wait for Event;NRJ : SPEGYTBT1 : 2eme passes calcul tableaux de bord;U112440040.cmd;Job;No;0;No;CTMSRV;NRJNRJ_J1ITRT_04_Q;svce_cm;A_W_ENE14;A_W_ENE14;3y89v
NRJ-ENERGY;NRJNRJ_J1ITRT_04_Q;NRJNRJ_J1ITRT_04_CAL97_Q;"August 14, 2026";;;;Wait for Event;NRJ : SPEGYTBT1 : 2eme passes calcul tableaux de bord;U112440010.cmd;Job;No;0;No;CTMSRV;NRJNRJ_J1ITRT_04_Q;svce_cm;A_W_ENE11;A_W_ENE11;3y89s
NRJ-ENERGY;NRJNRJ_J1ITRT_04_Q;NRJNRJ_J1ITRT_04_CAL98_Q;"August 14, 2026";;;;Wait for Event;NRJ : SPEGYTBT1 : 2eme passes calcul tableaux de bord;U112440020.cmd;Job;No;0;No;CTMSRV;NRJNRJ_J1ITRT_04_Q;svce_cm;A_W_ENE12;A_W_ENE12;3y89t
NRJ-ENERGY;NRJNRJ_J1ITRT_04_Q;NRJNRJ_J1ITRT_04_CAL99_Q;"August 14, 2026";;;;Wait for Event;NRJ : SPEGYTBT1 : 2eme passes calcul tableaux de bord;U112440030.cmd;Job;No;0;No;CTMSRV;NRJNRJ_J1ITRT_04_Q;svce_cm;A_W_ENE13;A_W_ENE13;3y89u
NRJ-ENERGY;NRJNRJ_J1ITRT_04_Q;NRJNRJ_J1ITRT_04_FLG01_Q;"August 14, 2026";;;;Wait for Event;Fin de chaîne : Tableaux de bord FR01;U112440399;Dummy;No;0;No;CTMSRV;NRJNRJ_J1ITRT_04_Q;root;;;3y89y
NRJ-ENERGY;NRJNRJ_J1ITRT_04_Q;NRJNRJ_J1ITRT_04_FLG02_Q;"August 14, 2026";;;;Wait for Event;Fin de chaîne : Tableaux de bord FR02;U112440299;Dummy;No;0;No;CTMSRV;NRJNRJ_J1ITRT_04_Q;root;;;3y89x
NRJ-ENERGY;NRJNRJ_J1ITRT_04_Q;NRJNRJ_J1ITRT_04_FLG03_Q;"August 14, 2026";;;;Wait for Event;Fin de chaîne : Tableaux de bord FR03;U112440199;Dummy;No;0;No;CTMSRV;NRJNRJ_J1ITRT_04_Q;root;;;3y89w
NRJ-ENERGY;NRJNRJ_J1ITRT_04_Q;NRJNRJ_J1ITRT_04_FLG04_Q;"August 14, 2026";;;;Wait for Event;Fin de chaîne : Tableaux de bord FR04;U112440499;Dummy;No;0;No;CTMSRV;NRJNRJ_J1ITRT_04_Q;root;;;3y89z
NRJ-ENERGY;NRJNRJ_J20TRT_04_Q;NRJNRJ_J20TRT_04_WRK01_Q;"August 14, 2026";;;0500;Wait for Event;ENERGY suppression elements jamais actives;NRJNRJ_J20TRT_04_WRK01_Q.ksh;Job;No;0;No;CTMSRV;NRJNRJ_J20TRT_04_Q;dbanrj;A_L_ENE12;A_L_ENE12;3y9p1
NRJ-ENERGY;NRJNRJ_J23TRT_04_Q;NRJNRJ_J23TRT_04_WRK01_Q;"August 14, 2026";;;;Wait for Event;NRJ : SPEGYEVT9;NRJNRJ_J23TRT_04_WRK01_Q.ksh;Job;No;0;No;CTMSRV;NRJNRJ_J23TRT_04_Q;dbanrj;A_L_ENE12;A_L_ENE12;3y9x2
NRJ-ENERGY;NRJNRJ_J24TRT_04_Q;NRJNRJ_J24TRT_04_99999_Q;"August 14, 2026";;;;Wait for Event;NRJ : Fin de Chaine : SPEGYPBR1;Fin de chaine SPEGYPBR1;Dummy;No;0;No;CTMSRV;NRJNRJ_J24TRT_04_Q;root;;;3y97f
NRJ-ENERGY;NRJNRJ_J24TRT_04_Q;NRJNRJ_J24TRT_04_CAL10_Q;"August 14, 2026";;;;Wait for Event;SPEGYPBR1.exe: calcul des estimations compteur suivant base référence technique (wdknrji04);NRJNRJ_J24TRT_04_CAL10_Q.cmd;Job;No;0;No;CTMSRV;NRJNRJ_J24TRT_04_Q;svce_cm;A_W_ENE14;A_W_ENE14;3y97c
NRJ-ENERGY;NRJNRJ_J24TRT_04_Q;NRJNRJ_J24TRT_04_CAL97_Q;"August 14, 2026";;;;Wait for Event;SPEGYPBR1.exe: calcul des estimations compteur suivant base référence technique (wdknrji01);NRJNRJ_J24TRT_04_CAL97_Q.cmd;Job;No;0;No;CTMSRV;NRJNRJ_J24TRT_04_Q;svce_cm;A_W_ENE11;A_W_ENE11;3y97d
NRJ-ENERGY;NRJNRJ_J24TRT_04_Q;NRJNRJ_J24TRT_04_CAL98_Q;"August 14, 2026";;;;Wait for Event;SPEGYPBR1.exe: calcul des estimations compteur suivant base référence technique (wdknrji02);NRJNRJ_J24TRT_04_CAL98_Q.cmd;Job;No;0;No;CTMSRV;NRJNRJ_J24TRT_04_Q;svce_cm;A_W_ENE12;A_W_ENE12;3y97e
NRJ-ENERGY;NRJNRJ_J24TRT_04_Q;NRJNRJ_J24TRT_04_CAL99_Q;"August 14, 2026";;;;Wait for Event;SPEGYPBR1.exe: calcul des estimations compteur suivant base référence technique (wdknrji03);NRJNRJ_J24TRT_04_CAL99_Q.cmd;Job;No;0;No;CTMSRV;NRJNRJ_J24TRT_04_Q;svce_cm;A_W_ENE13;A_W_ENE13;3y97b
NRJ-ENERGY;NRJNRJ_J24TRT_04_Q;NRJNRJ_J24TRT_04_Q;"August 14, 2026";;;;Wait for Event;SPEGYPBR1:  calcul des estimations compteur suivant base référence technique;;SMART Table;No;0;No;CTMSRV;NRJNRJ_J24TRT_04_Q;;;;3y97a
NRJ-ENERGY;NRJNRJ_J25TRT_04_Q;NRJNRJ_J25TRT_04_WRK01_Q;"August 14, 2026";;;;Wait for Event;NRJ : Consolidation des index estimés à partir des estimations;SPEGYPBR2.sh;Job;No;0;No;CTMSRV;NRJNRJ_J25TRT_04_Q;dbanrj;A_L_ENE12;A_L_ENE12;3y92a
NRJ-ENERGY;NRJNRJ_J26TRT_04_Q;NRJNRJ_J26TRT_04_99999_Q;"August 14, 2026";;;;Wait for Event;SPEGYEVT10 : Fin de chaîne : Tableaux de bord;U112440999;Dummy;No;0;No;CTMSRV;NRJNRJ_J26TRT_04_Q;root;;;3y9yu
NRJ-ENERGY;NRJNRJ_J26TRT_04_Q;NRJNRJ_J26TRT_04_WRK01_Q;"August 14, 2026";;;;Wait for Event;NRJ : injection automatique des données;SPEGYEVT10.exe;Job;No;0;No;CTMSRV;NRJNRJ_J26TRT_04_Q;dbanrj;A_W_ENE11;A_W_ENE11;3y9yq
NRJ-ENERGY;NRJNRJ_J26TRT_04_Q;NRJNRJ_J26TRT_04_WRK02_Q;"August 14, 2026";;;;Wait for Event;NRJ : injection automatique des données;SPEGYEVT10.exe;Job;No;0;No;CTMSRV;NRJNRJ_J26TRT_04_Q;dbanrj;A_W_ENE13;A_W_ENE13;3y9yt
NRJ-ENERGY;NRJNRJ_J26TRT_04_Q;NRJNRJ_J26TRT_04_WRK03_Q;"August 14, 2026";;;;Wait for Event;NRJ : injection automatique des données;SPEGYEVT10.exe;Job;No;0;No;CTMSRV;NRJNRJ_J26TRT_04_Q;dbanrj;A_W_ENE12;A_W_ENE12;3y9yr
NRJ-ENERGY;NRJNRJ_J26TRT_04_Q;NRJNRJ_J26TRT_04_WRK04_Q;"August 14, 2026";;;;Wait for Event;NRJ : injection automatique des données;SPEGYEVT10.exe;Job;No;0;No;CTMSRV;NRJNRJ_J26TRT_04_Q;dbanrj;A_W_ENE14;A_W_ENE14;3y9ys
NRJ-ENERGY;NRJNRJ_J27TRT_04_Q;NRJNRJ_J27TRT_04_99999_Q;"August 14, 2026";;;;Wait for Event;SPEGYEVT10 : Fin de chaîne : Tableaux de bord;U112440999;Dummy;No;0;No;CTMSRV;NRJNRJ_J27TRT_04_Q;root;;;3y87d
NRJ-ENERGY;NRJNRJ_J27TRT_04_Q;NRJNRJ_J27TRT_04_WRK01_Q;"August 14, 2026";;;;Wait for Event;NRJ : calcul ratio réel;SPEGYCAL2.exe;Job;No;0;No;CTMSRV;NRJNRJ_J27TRT_04_Q;dbanrj;A_W_ENE11;A_W_ENE11;3y879
NRJ-ENERGY;NRJNRJ_J27TRT_04_Q;NRJNRJ_J27TRT_04_WRK02_Q;"August 14, 2026";;;;Wait for Event;NRJ :calcul ratio réel;SPEGYCAL2.exe;Job;No;0;No;CTMSRV;NRJNRJ_J27TRT_04_Q;dbanrj;A_W_ENE13;A_W_ENE13;3y87c
NRJ-ENERGY;NRJNRJ_J27TRT_04_Q;NRJNRJ_J27TRT_04_WRK03_Q;"August 14, 2026";;;;Wait for Event;NRJ : calcul ratio réel;SPEGYCAL2.exe;Job;No;0;No;CTMSRV;NRJNRJ_J27TRT_04_Q;dbanrj;A_W_ENE12;A_W_ENE12;3y87a
NRJ-ENERGY;NRJNRJ_J27TRT_04_Q;NRJNRJ_J27TRT_04_WRK04_Q;"August 14, 2026";;;;Wait for Event;NRJ : calcul ratio réel;SPEGYCAL2.exe;Job;No;0;No;CTMSRV;NRJNRJ_J27TRT_04_Q;dbanrj;A_W_ENE14;A_W_ENE14;3y87b
NRJ-ENERGY;NRJNRJ_J28TRT_04_Q;NRJNRJ_J28TRT_04_WRK01_Q;"August 14, 2026";;;;Wait for Event;NRJ : SPEGYPLA1 :  Orchestration des OT RP1 par Energy dans Orion;SPEGYPLA1.sh;Job;No;0;No;CTMSRV;NRJNRJ_J28TRT_04_Q;dbanrj;A_L_ENE12;A_L_ENE12;3y9fi
NRJ-ENERGY;NRJNRJ_K12SVG_03_Q;NRJNRJ_K12SVG_03_ARC01_Q;"August 14, 2026";"August 14, 2026 1:30:10 PM";"August 14, 2026 1:30:10 PM";1300;Wait for Event;Sauvegarde Archivelogs de DBONRJP1  (Base 10g) -;backup_rman_10.sh;Dummy;No;1;Yes;CTMSRV;NRJNRJ_K12SVG_03_Q;oracle;;NOTEXIST;3y8rb
NRJ-ENERGY;NRJNRJ_K12SVG_03_Q;NRJNRJ_K12SVG_03_AVA01_Q;"August 14, 2026";;;;Wait for Event;Sauvegarde AVAMAR du serveur UDKNRJP01:serveur decomm depuis le 14062019;LaunchSave.sh;Dummy;No;0;No;CTMSRV;NRJNRJ_K12SVG_03_Q;root;NOTEXIST;NOTEXIST;3y8ra
NRJ-ENERGY;NRJNRJ_K12SVG_03_Q;NRJNRJ_K12SVG_03_FLG01_Q;"August 14, 2026";;;;Wait for Event;"Fin des sauvegardes av Batch; base DPRNRJ";U512003910;Dummy;No;0;No;CTMSRV;NRJNRJ_K12SVG_03_Q;root;;;3y8rc
NRJ-ENERGY;NRJNRJ_K12SVG_03_Q;NRJNRJ_K12SVG_03_FLG02_Q;"August 14, 2026";;;;Wait for Event;Fin Save av batch redemarrage  DPRNRJ;U512003919;Dummy;No;0;No;CTMSRV;NRJNRJ_K12SVG_03_Q;root;;;3y8rd
NRJ-ENERGY;NRJNRJ_K12SVG_03_Q;NRJNRJ_K12SVG_03_NBU02_Q;"August 14, 2026";;;;Wait for Event;Save NBK jour de DPRNRJ sur UDKIFP01;BackupNetbackupRemote.ksh;Dummy;No;0;No;CTMSRV;NRJNRJ_K12SVG_03_Q;root;NOTEXIST;NOTEXIST;3y8re
NRJ-ENERGY;NRJNRJ_K12SVG_03_Q;NRJNRJ_K12SVG_03_NBU10_Q;"August 14, 2026";;;;Wait for Event;Save Netbackup jour de DKAFR-MS100;NetbackupRemoteWinFull.ksh;Dummy;No;0;No;CTMSRV;NRJNRJ_K12SVG_03_Q;root;NOTEXIST;NOTEXIST;3y8rg
NRJ-ENERGY;NRJNRJ_K12SVG_03_Q;NRJNRJ_K12SVG_03_NBU99_Q;"August 14, 2026";;;;Wait for Event;Save Netbackup jour de DKAFR-MS099;NetbackupRemoteWinFull.ksh;Dummy;No;0;No;CTMSRV;NRJNRJ_K12SVG_03_Q;root;NOTEXIST;NOTEXIST;3y8rf
NRJ-ENERGY;NRJNRJ_K12SVG_03_Q;NRJNRJ_K12SVG_03_RMA01_Q;"August 14, 2026";;;;Wait for Event;Sauvegarde RMAN sur disque de DBONRJP1 (Base 10g) -;backup_rman_10.sh;Dummy;No;0;No;CTMSRV;NRJNRJ_K12SVG_03_Q;oracle;NOTEXIST;NOTEXIST;3y8r8
NRJ-ENERGY;NRJNRJ_K12SVG_03_Q;NRJNRJ_K12SVG_03_RMA02_Q;"August 14, 2026";;;>;Wait for Event;Sauvegarde RMAN sur bande de DBONRJP1 (Base 10g) -;backup_rman_10.sh;Dummy;No;0;No;CTMSRV;NRJNRJ_K12SVG_03_Q;oracle;NOTEXIST;NOTEXIST;3y8r9
NRJ-ENERGY;NRJXXX_J11GEN_06_Q;NRJXXX_J11GEN_06_EXP01_Q;"August 14, 2026";;;1900;Wait for Event;NRJ : Interface sortante des données PATRIMOINE ENERGY pour DACTECH CID CELERIS PIRENE;IEEGYDTE01.sh;Job;No;0;Yes;CTMSRV;NRJXXX_J11GEN_06_Q;dbanrj;A_L_ENE12;A_L_ENE12;3y7z2
NRJ-ENERGY;NRJXXX_J11GEN_06_Q;NRJXXX_J11GEN_06_FTP01_Q;"August 14, 2026";;;1900;Wait for Event;NRJ : Envoi FTP du PATRIMOINEENERGY*.xml vers PFE;FTP_MULTI_GENERIQUE.ksh;Job;No;0;Yes;CTMSRV;NRJXXX_J11GEN_06_Q;root;A_L_PFE11;A_L_PFE11;3y7z1
NRJ-ENERGY;NRJXXX_J11GEN_06_Q;NRJXXX_J11GEN_06_Q;"August 14, 2026";"August 14, 2026 1:30:10 PM";;;Executing;NRJ : Interface sortante des données PATRIMOINE ENERGY pour DACTECH CID CELERIS PIRENE;;SMART Table;No;1;No;CTMSRV;NRJXXX_J11GEN_06_Q;dbanrj;;;3y7z0
NRJ-ENERGY;NRJXXX_J15GEN_06_H;NRJXXX_J15GEN_06_EXP02_H;"August 14, 2026";;;;Wait for Event;Export full des stations météo le samedi;NRJXXX_J15GEN_06_EXP02_H.ksh;Job;No;0;No;CTMSRV;NRJXXX_J15GEN_06_H;dbanrj;A_L_ENE12;A_L_ENE12;3y9bg
NRJ-ENERGY;NRJXXX_J15GEN_06_Q;NRJXXX_J15GEN_06_EXP01_Q;"August 14, 2026";;;;Wait for Event;Export full des stations météo une fois par jour ( parm2 = 5);NRJXXX_J15GEN_06_EXP01_Q.ksh;Job;No;0;No;CTMSRV;NRJXXX_J15GEN_06_Q;dbanrj;A_L_ENE12;A_L_ENE12;3y9m7
NRJ-ENERGY;NRJXXX_J15GEN_06_Q;NRJXXX_J15GEN_06_FTP01_Q;"August 14, 2026";;;;Wait for Event;NRJ : Envoi FTP du stationsmeteo vers PFE;FTP_MULTI_GENERIQUE.ksh;Job;No;0;No;CTMSRV;NRJXXX_J15GEN_06_Q;root;A_L_PFE11;A_L_PFE11;3y9m8
NRJ-ENERGY;NRJXXX_J15GEN_06_Q;NRJXXX_J15GEN_06_Q;"August 14, 2026";"August 14, 2026 1:30:12 PM";;;Executing;Export full des stations météo une fois par jour;;SMART Table;No;1;No;CTMSRV;NRJXXX_J15GEN_06_Q;;;;3y9m6
NRJ-ENERGY;NRJXXX_J16GEN_06_Q;NRJXXX_J16GEN_06_EXP01_Q;"August 14, 2026";;;;Wait for Event;Quotidien : Export des données météo (PARAM=05);NRJXXX_J16GEN_06_EXP01_Q.ksh;Job;No;0;No;CTMSRV;NRJXXX_J16GEN_06_Q;dbanrj;A_L_ENE12;A_L_ENE12;3y88f
NRJ-ENERGY;NRJXXX_J16GEN_06_Q;NRJXXX_J16GEN_06_FTP01_Q;"August 14, 2026";;;;Wait for Event;NRJ Transfert de donneesmeteo_* vers PFE;FTP_MULTI_GENERIQUE.ksh;Job;No;0;No;CTMSRV;NRJXXX_J16GEN_06_Q;root;A_L_PFE11;A_L_PFE11;3y88g
NRJ-ENERGY;NRJXXX_J16GEN_06_Q;NRJXXX_J16GEN_06_Q;"August 14, 2026";"August 14, 2026 1:30:12 PM";;;Executing;;;SMART Table;No;1;No;CTMSRV;NRJXXX_J16GEN_06_Q;;;;3y88e
NRJ-ENERGY;NRJXXX_J17GEN_06_Q;NRJXXX_J17GEN_06_EXP01_Q;"August 14, 2026";;;;Wait for Event;Horaire : Export des données météo (PARAM=14);NRJXXX_J17GEN_06_EXP01_Q.ksh;Job;No;0;No;CTMSRV;NRJXXX_J17GEN_06_Q;dbanrj;A_L_ENE12;A_L_ENE12;3y7o5
NRJ-ENERGY;NRJXXX_J17GEN_06_Q;NRJXXX_J17GEN_06_FTP01_Q;"August 14, 2026";;;;Wait for Event;NRJ Transfert de donneesmeteo_* vers PFE;FTP_MULTI_GENERIQUE.ksh;Job;No;0;No;CTMSRV;NRJXXX_J17GEN_06_Q;root;A_L_PFE11;A_L_PFE11;3y7o6
NRJ-ENERGY;NRJXXX_J17GEN_06_Q;NRJXXX_J17GEN_06_Q;"August 14, 2026";"August 14, 2026 1:30:12 PM";;;Executing;;;SMART Table;No;1;No;CTMSRV;NRJXXX_J17GEN_06_Q;;;;3y7o4
NRJ-ENERGY;NRJXXX_J18GEN_06_Q;NRJXXX_J18GEN_06_EXP01_Q;"August 14, 2026";;;;Wait for Event;Tri horaire : Export des données météo (PARAM=18);NRJXXX_J18GEN_06_EXP01_Q.ksh;Job;No;0;No;CTMSRV;NRJXXX_J18GEN_06_Q;dbanrj;A_L_ENE12;A_L_ENE12;3y7nd
NRJ-ENERGY;NRJXXX_J18GEN_06_Q;NRJXXX_J18GEN_06_FTP01_Q;"August 14, 2026";;;;Wait for Event;NRJ Transfert de donneesmeteo_* vers PFE;FTP_MULTI_GENERIQUE.ksh;Job;No;0;No;CTMSRV;NRJXXX_J18GEN_06_Q;root;A_L_PFE11;A_L_PFE11;3y7ne
NRJ-ENERGY;NRJXXX_J18GEN_06_Q;NRJXXX_J18GEN_06_Q;"August 14, 2026";"August 14, 2026 1:30:12 PM";;;Executing;;;SMART Table;No;1;No;CTMSRV;NRJXXX_J18GEN_06_Q;;;;3y7nc
NRJ-ENERGY;NRJXXX_J19GEN_06_H;NRJXXX_J19GEN_06_EXP01_H;"August 14, 2026";;;;Wait for Event;Tri horaire : Export des données météo (PARAM=10);NRJXXX_J19GEN_06_EXP01_H.ksh;Job;No;0;No;CTMSRV;NRJXXX_J19GEN_06_H;dbanrj;A_L_ENE12;A_L_ENE12;3y9ld
NRJ-ENERGY;NRJXXX_J19GEN_06_H;NRJXXX_J19GEN_06_FTP01_H;"August 14, 2026";;;;Wait for Event;NRJ Transfert de donneesmeteo_* vers PFE;FTP_MULTI_GENERIQUE.ksh;Job;No;0;No;CTMSRV;NRJXXX_J19GEN_06_H;root;A_L_PFE11;A_L_PFE11;3y9le
NRJ-ENERGY;NRJXXX_J19GEN_06_Q;NRJXXX_J19GEN_06_EXP01_Q;"August 14, 2026";;;;Wait for Event;NRJ : Interface sortante des données ENERGY pour INDICATEUR ENERGY INDICATEUR ELEMENT ENERGY ET EVENEMENT ENERGY POUR DATALAKE EVENEMENT ENERGY POUR CID CELERIS PIRENE;IEEGYLAK01.sh;Job;No;0;No;CTMSRV;NRJXXX_J19GEN_06_Q;dbanrj;A_L_ENE12;A_L_ENE12;3y7u4
NRJ-ENERGY;NRJXXX_J19GEN_06_Q;NRJXXX_J19GEN_06_FTP01_Q;"August 14, 2026";;;;Wait for Event;NRJ : Envoi FTP du INDICATEURSENERGY_*.xml vers PFE;FTP_MULTI_GENERIQUE.ksh;Job;No;0;No;CTMSRV;NRJXXX_J19GEN_06_Q;root;A_L_PFE11;A_L_PFE11;3y7u3
NRJ-ENERGY;NRJXXX_J19GEN_06_Q;NRJXXX_J19GEN_06_FTP02_Q;"August 14, 2026";;;;Wait for Event;NRJ : Envoi FTP du EVENEMENTSENERGY_*.xml vers PFE;FTP_MULTI_GENERIQUE.ksh;Job;No;0;No;CTMSRV;NRJXXX_J19GEN_06_Q;root;A_L_PFE11;A_L_PFE11;3y7u5
NRJ-ENERGY;NRJXXX_J19GEN_06_Q;NRJXXX_J19GEN_06_FTP03_Q;"August 14, 2026";;;;Wait for Event;NRJ : Envoi FTP du INDICATEURSELEMENTENERGY_*.xml vers PFE;FTP_MULTI_GENERIQUE.ksh;Job;No;0;No;CTMSRV;NRJXXX_J19GEN_06_Q;root;A_L_PFE11;A_L_PFE11;3y7u6
NRJ-ENERGY;NRJXXX_J19GEN_06_Q;NRJXXX_J19GEN_06_Q;"August 14, 2026";"August 14, 2026 1:30:10 PM";;;Executing;NRJ : Interface sortante des données ENERGY pour INDICATEUR ENERGY INDICATEUR ELEMENT ENERGY ET EVENEMENT ENERGY POUR DATALAKE EVENEMENT ENERGY POUR CID CELERIS PIRENE;;SMART Table;No;1;No;CTMSRV;NRJXXX_J19GEN_06_Q;dbanrj;;;3y7u2
NRJ-ENERGY;NRJXXX_J20GEN_06_Q;NRJXXX_J20GEN_06_EXP01_Q;"August 14, 2026";;;;Wait for Event;Tri horaire : Export des données météo (PARAM=09);NRJXXX_J20GEN_06_EXP01_Q.ksh;Job;No;0;No;CTMSRV;NRJXXX_J20GEN_06_Q;dbanrj;A_L_ENE12;A_L_ENE12;3y7ov
NRJ-ENERGY;NRJXXX_J20GEN_06_Q;NRJXXX_J20GEN_06_FTP01_Q;"August 14, 2026";;;;Wait for Event;NRJ Transfert de donneesmeteo_* vers PFE;FTP_MULTI_GENERIQUE.ksh;Job;No;0;No;CTMSRV;NRJXXX_J20GEN_06_Q;root;A_L_PFE11;A_L_PFE11;3y7ow
OCPU;OCPARR_E11STP_01;OCPARR_E11STP_01;"August 14, 2026";;;;Wait for Event;;;SMART Table;No;0;No;CTMSRV;OCPARR_E11STP_01;oracle;;;3y9ts
OCPU;OCPARR_E11STP_01;ORAOCP_E11STP_00_STP01_Q;"August 14, 2026";;;;Wait for Event;arret des  OCPU  GESTION  --mis en dummy tempo --;opc-action.ksh;Job;No;0;No;CTMSRV;OCPARR_E11STP_01;root;A_L_OEM02;A_L_OEM02;3y9tt
OCPU;OCPETI_E11ARR_01;OCPETI_E11ARR_01;"August 14, 2026";;;;Wait for Event;;;SMART Table;No;0;No;CTMSRV;OCPETI_E11ARR_01;;;;3y8a6
OCPU;OCPETI_E11ARR_01;OCPETI_E11ARR_11_FLAG01_Q;"August 14, 2026";;;;Wait for Event;arret des OCPU sur la pre-production;flags-opc.ksh;Job;No;0;No;CTMSRV;OCPETI_E11ARR_01;ocpuflags;A_L_OEM02;A_L_OEM02;3y8a9
OCPU;OCPETI_E11ARR_01;OCPETI_E11ARR_12_ARR02_Q;"August 14, 2026";;;;Wait for Event;mail ::diminution des OCPU sur la  eti -mis en dummy tempo --;opc-action.ksh;Job;No;0;No;CTMSRV;OCPETI_E11ARR_01;root;A_L_OEM02;A_L_OEM02;3y8a7
OCPU;OCPETI_E11ARR_01;OCPETI_E11ARR_13_TST02_Q;"August 14, 2026";;;;Wait for Event;mail ::test diminution des OCPU sur la  eti -mis en dummy tempo --;opc-action.ksh;Job;No;0;No;CTMSRV;OCPETI_E11ARR_01;root;A_L_OEM02;A_L_OEM02;3y8aa
OCPU;OCPETI_E11ARR_01;OCPETI_E11ARR_15_FLAG01_Q;"August 14, 2026";;;;Wait for Event;mail ::diminution des OCPU sur la  eti;flags-opc.ksh;Job;No;0;No;CTMSRV;OCPETI_E11ARR_01;ocpuflags;A_L_OEM02;A_L_OEM02;3y8a8
ORA-ORA;CDBCRT_K13SVG_01_Q;CDBCRT_K13SVG_02_ARCH_Q;"August 14, 2026";;;;Wait for Event;Sauvegarde EXACC : Backup Arch -CRT standby;;Command;No;0;No;CTMSRV;CDBCRT_K13SVG_01_Q1;oracle;A_L_OEM03;A_L_OEM03;3y870
ORA-ORA;CDBDTR_K13SVG_01_Q;CDBDTR_K13SVG_02_INC01_Q;"August 14, 2026";;;;Wait for Event;Sauvegarde EXACC : TEST;;Command;No;0;No;CTMSRV;CDBDTR_K13SVG_01_Q;oracle;A_L_OEM02;A_L_OEM02;3y9ol
ORA-ORA;CDBFIN_K13SVG_01_Q;CDBFIN_K13SVG_02_ARCH_Q;"August 14, 2026";;;;Wait for Event;Sauvegarde EXACC : Backup Finance archive rman intermediaire;;Command;No;0;No;CTMSRV;CDBFIN_K13SVG_01_Q;oracle;A_L_OEM02;A_L_OEM02;3y8vy
ORA-ORA;CDBNRJ_K13SVG_01_Q;CDBNRJ_K13SVG_02_INC01_Q;"August 14, 2026";;;;Wait for Event;Sauvegarde EXACC : backup NRJ inc1 quotidienne en semaine du lundi au samedi;;Command;No;0;No;CTMSRV;CDBNRJ_K13SVG_01_H;oracle;A_L_OEM02;A_L_OEM02;3y9qg
ORA-ORA;CDBPFE_K13SVG_01_Q;CDBPFE_K13SVG_02_INC01_Q;"August 14, 2026";;;;Wait for Event;Sauvegarde EXACC : Backup Full - inc1 PFE;;Command;No;0;No;CTMSRV;CDBPFE_K13SVG_01_Q;oracle;A_L_OEM02;A_L_OEM02;3y80s
ORA-ORA;CDBSSO_K13SVG_01_Q;CDBSSO_K13SVG_02_INC01_Q;"August 14, 2026";;;;Wait for Event;Sauvegarde EXACC : Backup Full - inc1 SSO;;Command;No;0;No;CTMSRV;CDBSSO_K13SVG_01_Q1;oracle;A_L_OEM02;A_L_OEM02;3y8tu
PFE-PFE;PFEPFE_E13PRG_13_Q;PFEPFE_E13PRG_13_PFE01_Q;"August 14, 2026";"August 14, 2026 1:30:11 PM";"August 14, 2026 1:30:12 PM";;Ended OK;PURGE 01;Purg-LogsEMS LDKPFEP01;Command;No;1;No;CTMSRV;PFEPFE_E13PRG_13_Q;root;ldkpfep11;A_L_PFE11;3y82e
PFE-PFE;PFEPFE_E13PRG_13_Q;PFEPFE_E13PRG_13_PFE02_Q;"August 14, 2026";"August 14, 2026 1:30:11 PM";"August 14, 2026 1:30:12 PM";;Ended OK;PURGE 01;Purg-LogsEMS LDKPFEP02;Command;No;1;No;CTMSRV;PFEPFE_E13PRG_13_Q;root;ldkpfep12;A_L_PFE12;3y82f
PFE-PFE;PFEPFE_E13PRG_13_Q;PFEPFE_E13PRG_13_PFE03_Q;"August 14, 2026";"August 14, 2026 1:30:11 PM";"August 14, 2026 1:30:12 PM";;Ended OK;PURGE 01;Purg-LogsEMS LDKPFEP03;Command;No;1;No;CTMSRV;PFEPFE_E13PRG_13_Q;root;ldkpfep13;A_L_PFE13;3y82g
PFE-PFE;PFEPFE_E13PRG_13_Q;PFEPFE_E13PRG_13_PFE04_Q;"August 14, 2026";"August 14, 2026 1:30:11 PM";"August 14, 2026 1:30:12 PM";;Ended OK;PURGE 01;Purg-LogsEMS LDKPFEP04;Command;No;1;No;CTMSRV;PFEPFE_E13PRG_13_Q;root;ldkpfep14;A_L_PFE14;3y82h
PFE-PFE;PFEPFE_E13PRG_13_Q;PFEPFE_E13PRG_13_PFE05_Q;"August 14, 2026";"August 14, 2026 1:30:11 PM";"August 14, 2026 1:30:12 PM";;Ended OK;PURGE 01;Purg-LogsEMS LDKPFEP05;Command;No;1;No;CTMSRV;PFEPFE_E13PRG_13_Q;root;ldkpfep15;A_L_PFE15;3y82i
PFE-PFE;PFEPFE_E13PRG_13_Q;PFEPFE_E13PRG_13_PFE06_Q;"August 14, 2026";"August 14, 2026 1:30:11 PM";"August 14, 2026 1:30:12 PM";;Ended OK;PURGE 01;Purg-LogsEMS LDKPFEP06;Command;No;1;No;CTMSRV;PFEPFE_E13PRG_13_Q;root;ldkpfep16;A_L_PFE16;3y82j
PKI-PKI;CRTPKI_J11TRT_04_Q;CRTPKI_J11_TRT_04_PRT_Q;"August 14, 2026";"August 14, 2026 1:45:00 PM";"August 14, 2026 1:45:06 PM";2359;Wait for Event;script sofrel ::Sofrel.ps1;"powershell -command ""Sofrel.ps1""";Command;No;4;Yes;CTMSRV;CRTPKI_J11TRT_04_Q;WDKCRTSFP01\NETWORK SERVICE;wdkcrtsfp01;A_W_CRTSF01;3y85f
PKI-PKI;PKICRT_J11TRT_04_Q;PKICRT_J11TRT_04_Q;"August 14, 2026";"August 14, 2026 1:30:11 PM";;;Executing;;;SMART Table;No;1;No;CTMSRV;PKICRT_J11TRT_04_Q;;;;3y9ad
PKI-PKI;PKICRT_J11TRT_04_Q;PKICRT_J11_TRT_04_PRT_Q;"August 14, 2026";;;>;Wait for Event;generation de la CRL;;Command;No;0;No;CTMSRV;PKICRT_J11TRT_04_Q;crtprd\pki-adm-srv;A_W_CRTPK10;A_W_CRTPK10;3y9ae
PKI-PKI;PKIPKI_EXPLOI_04_Q;PKIPKI_EXPLOI_04_GEN01_Q;"August 14, 2026";;;;Wait for Event;Génération de la CRL;certutil.exe;Command;No;0;No;CTMSRV;PKIPKI_EXPLOI_04_Q;svce_cm;A_W_PKI10;A_W_PKI10;3y98d
PKI-PKI;PKIPKI_EXPLOI_04_Q;PKIPKI_EXPLOI_04_MDB01_Q;"August 14, 2026";;;;Wait for Event;Maintenance de la Base de donnée;maintenance_DB.ps1;Command;No;0;No;CTMSRV;PKIPKI_EXPLOI_04_Q;svce_cm;A_W_PKI10;A_W_PKI10;3y98f
PKI-PKI;PKIPKI_EXPLOI_04_Q;PKIPKI_EXPLOI_04_PUR01_Q;"August 14, 2026";;;;Wait for Event;Purge des sauvegardes de logs;Purge_des_fichiers_de_logs.ps1;Command;No;0;No;CTMSRV;PKIPKI_EXPLOI_04_Q;svce_cm;A_W_PKI10;A_W_PKI10;3y98c
PKI-PKI;PKIPKI_EXPLOI_04_Q;PKIPKI_EXPLOI_04_Q;"August 14, 2026";"August 14, 2026 1:30:11 PM";;;Executing;Traitement en interne pour l'application PKI avec reboot;;SMART Table;No;1;No;CTMSRV;PKIPKI_EXPLOI_04_Q;;;;3y98b
PKI-PKI;PKIPKI_EXPLOI_04_Q;PKIPKI_EXPLOI_04_SVG01_Q;"August 14, 2026";;;;Wait for Event;Sauvegarde;Backup.ps1;Command;No;0;No;CTMSRV;PKIPKI_EXPLOI_04_Q;svce_cm;A_W_PKI10;A_W_PKI10;3y98e
PKI-PKI;PKIPKI_K11SVG_03_Q;PKIPKI_K11SVG_03_Q;"August 14, 2026";"August 14, 2026 1:30:11 PM";"August 14, 2026 1:32:28 PM";;Ended OK;;;SMART Table;No;1;No;CTMSRV;PKIPKI_K11SVG_03_Q;;ldkctmp50;;3ya0m
PKI-PKI;PKIPKI_K11SVG_03_Q;PKIPKI_K11SVG_03_SAV_Q;"August 14, 2026";"August 14, 2026 1:30:12 PM";"August 14, 2026 1:32:27 PM";0100;Ended OK;Backup de l'enviroment PKI;backup.cmd;Job;No;1;No;CTMSRV;PKIPKI_K11SVG_03_Q;crtprd\pki-adm-srv;wdkcrtpkp10;A_W_CRTPK10;3ya0n
SI-GESTION;MAINTENANCE_OEM_GESTION;MAINTENANCE_OEM_GESTION;"August 14, 2026";"August 14, 2026 1:30:11 PM";"August 14, 2026 1:30:13 PM";;Ended OK;MAINTENANCE_OEM_GESTION;;SMART Table;No;1;No;CTMSRV;MAINTENANCE_OEM_GESTION;;;;3y8hu
SRN-SIRENE;SRNSRN_J11FLX_07_Q;SRNSRN_J11FLX_07_MOV01_Q;"August 14, 2026";"August 14, 2026 1:33:41 PM";"August 14, 2026 1:33:44 PM";;Ended Not OK;SRN : Move du fichier SIRENE_Etablissement_*.csv vers la PFE;;Command;No;1;No;CTMSRV;SRNSRN_J11FLX_07_Q;root;ldksrnp01;A_L_SRN01;3y9ry
SRN-SIRENE;SRNSRN_J11FLX_07_Q;SRNSRN_J11FLX_07_MOV02_Q;"August 14, 2026";;;;Wait for Event;SRN : Move du fichier SIRENE_Entreprise_*.csv vers la PFE;;Command;No;0;No;CTMSRV;SRNSRN_J11FLX_07_Q;root;A_L_SRN01;A_L_SRN01;3y9rz
SRN-SIRENE;SRNSRN_J11FLX_07_Q;SRNSRN_J11FLX_07_Q;"August 14, 2026";"August 14, 2026 1:33:41 PM";;;Executing;;;SMART Table;No;1;No;CTMSRV;SRNSRN_J11FLX_07_Q;;ldkctmp50;;3y9rx
SRN-SIRENE;SRNSRN_J11TRT_04_Q;SRNSRN_J11TRT_04_Q;"August 14, 2026";"August 14, 2026 1:30:11 PM";"August 14, 2026 1:33:41 PM";;Ended OK;;;SMART Table;No;1;No;CTMSRV;SRNSRN_J11TRT_04_Q;;ldkctmp50;;3y8y1
SRN-SIRENE;SRNSRN_J11TRT_04_Q;SRNSRN_J11TRT_04_WRK01_Q;"August 14, 2026";"August 14, 2026 1:30:11 PM";"August 14, 2026 1:33:22 PM";;Ended OK;SRN : Batch de mise a jour depuis la base INSEE;insee.sh;Job;No;1;No;CTMSRV;SRNSRN_J11TRT_04_Q;dalkia-adm;ldksrnp01;A_L_SRN01;3y8y2
SRN-SIRENE;SRNSRN_J11TRT_04_Q;SRNSRN_J11TRT_04_WRK02_Q;"August 14, 2026";"August 14, 2026 1:33:23 PM";"August 14, 2026 1:33:41 PM";;Ended OK;SRN : Batch de diffusion des mises a jour partenaires;diffusion-quotidienne.sh;Job;No;1;No;CTMSRV;SRNSRN_J11TRT_04_Q;dalkia-adm;ldksrnp01;A_L_SRN01;3y8y3
