Application;Group Name;Job Name;Odate;Start Time;End Time;Run Time;Status;Description;Member Name;Task Type;Deleted;Rerun Counter;Cyclic;CONTROL-M Name;Table;Run as User;Hostname;Nodegroup;Order id;
CEL-CELERIS;CELALA_J13INT_05_Q;CELALA_J13INT_05_IMP01_Q;"May 22, 2026";"May 22, 2026 1:30:10 PM";"May 22, 2026 1:30:22 PM";;Wait for Event;CELERIS Integration des factures fournisseur ALADIN;lance_Traitement_Interne.bat;Job;No;1;Yes;CTMSRV;CELALA_J13INT_05_Q;svce_cm;wdkcelp12;A_W_CEL12;3snni
CEL-CELERIS;CELCEL_B11TRT_04_P;CELCEL_B11TRT_04_P;"May 22, 2026";"May 22, 2026 1:30:11 PM";;;Executing;;;SMART Table;No;1;No;CTMSRV;CELCEL_B11TRT_04_P;;;;3sour
CEL-CELERIS;CELCEL_B11TRT_04_P;CELCEL_B11TRT_04_WRK01_P;"May 22, 2026";;;;Wait for Event;CELERIS Calcul du budget;lance_Traitement_Interne.bat;Job;No;0;No;CTMSRV;CELCEL_B11TRT_04_P;svce_cm;A_W_CEL12;A_W_CEL12;3sous
CEL-CELERIS;CELCEL_E11STP_01_Q;CELCEL_E11STP_01_ARR01_Q;"May 22, 2026";;;;Wait for Event;CELERIS: STOP IIS (Front);Start_Stop_Celeris.bat;Job;No;0;No;CTMSRV;CELCEL_E11STP_01_Q;svce_cm;A_W_CEL11;A_W_CEL11;3so89
CEL-CELERIS;CELCEL_E11STP_01_Q;CELCEL_E11STP_01_ARR02_Q;"May 22, 2026";;;;Wait for Event;CELERIS: STOP IIS (Back);Start_Stop_Celeris.bat;Job;No;0;No;CTMSRV;CELCEL_E11STP_01_Q;svce_cm;A_W_CEL12;A_W_CEL12;3so8a
CEL-CELERIS;CELCEL_E11STR_02_Q;CELCEL_E11STR_02_DEM01_Q;"May 22, 2026";;;;Wait for Event;CELERIS : START IIS (Front);Start_Stop_Celeris.bat;Job;No;0;No;CTMSRV;CELCEL_E11STR_02_Q;svce_cm;A_W_CEL11;A_W_CEL11;3snv0
CEL-CELERIS;CELCEL_E11STR_02_Q;CELCEL_E11STR_02_DEM02_Q;"May 22, 2026";;;;Wait for Event;CELERIS : START IIS (Back);Start_Stop_Celeris.bat;Job;No;0;No;CTMSRV;CELCEL_E11STR_02_Q;svce_cm;A_W_CEL12;A_W_CEL12;3snv1
CEL-CELERIS;CELCEL_E11TEC_04_Q;CELCEL_E11TEC_04_FIN01_Q;"May 22, 2026";;;;Wait for Event;CELERIS Fin des traitements batch;;Dummy;No;0;No;CTMSRV;CELCEL_E11TEC_04_Q;svce_cm;;;3sopo
CEL-CELERIS;CELCEL_F10TRT_04_Q;CELCEL_F10TRT_04_Q;"May 22, 2026";"May 22, 2026 1:30:11 PM";;;Executing;CELERIS : Rejeu de l'intégration des TF;;SMART Table;No;1;No;CTMSRV;CELCEL_F10TRT_04_Q;;;;3sob4
CEL-CELERIS;CELCEL_F10TRT_04_Q;CELCEL_F10TRT_04_WRK01_Q;"May 22, 2026";"May 22, 2026 1:30:11 PM";"May 22, 2026 1:38:34 PM";1630;Wait for Event;CELERIS : Rejeu de l'intégration des TF;RejeuEai.bat;Job;No;1;Yes;CTMSRV;CELCEL_F10TRT_04_Q;svce_cm;wdkcelp12;A_W_CEL12;3sob5
CEL-CELERIS;CELCEL_F10TRT_04_Q;CELCEL_F10TRT_04_WRK01_Q;"May 22, 2026";;;1125;Wait for Event;CELERIS : Rejeu de l'intégration des TF;RejeuEai.bat;Job;No;0;Yes;CTMSRV;CELCEL_F10TRT_04_Q;svce_cm;A_W_CEL12;A_W_CEL12;3sob6
CEL-CELERIS;CELCEL_J11INT_05_Q;CELCEL_J11INT_05_LIM01_Q;"May 22, 2026";;;;Wait for Event;CELERIS : limitation horaire 21h15;;Dummy;No;0;No;CTMSRV;CELCEL_J11INT_05_Q;DUMMYUSR;;;3sn4c
CEL-CELERIS;CELCEL_J11INT_05_Q;CELCEL_J11INT_05_MOV01_Q;"May 22, 2026";;;;Wait for Event;CELERIS : Copie Factures dematerialisees sur CELERIS depuis PFE;MOV_Generique_DKA.bat;Job;No;0;No;CTMSRV;CELCEL_J11INT_05_Q;svce_cm;A_W_CEL12;A_W_CEL12;3sn49
CEL-CELERIS;CELCEL_J11INT_05_Q;CELCEL_J11INT_05_WRK01_Q;"May 22, 2026";;;;Wait for Event;CELERIS : integration facture dematerialisees;lance_Traitement_Interne.bat;Job;No;0;No;CTMSRV;CELCEL_J11INT_05_Q;svce_cm;A_W_CEL12;A_W_CEL12;3sn4b
CEL-CELERIS;CELCEL_J11INT_05_Q;CELCEL_J11INT_05_ZIP01_Q;"May 22, 2026";;;;Wait for Event;CELERIS : Decompression facture dematerialisees;DZIP_ARC_CEL_V2.bat;Job;No;0;No;CTMSRV;CELCEL_J11INT_05_Q;svce_cm;A_W_CEL12;A_W_CEL12;3sn4a
CEL-CELERIS;CELCEL_J11TRT_04_Q;CELCEL_J11TRT_04_WRK01_Q;"May 22, 2026";;;;Wait for Event;CELERIS Basculement de cycle des factures;lance_Traitement_Interne.bat;Job;No;0;No;CTMSRV;CELCEL_J11TRT_04_Q;svce_cm;A_W_CEL12;A_W_CEL12;3sn96
CEL-CELERIS;CELCEL_J12TRT_04_Q;CELCEL_J12TRT_04_CAL01_Q;"May 22, 2026";;;;Wait for Event;CELERIS Calcul des factures;lance_Traitement_Interne.bat;Job;No;0;No;CTMSRV;CELCEL_J12TRT_04_Q;svce_cm;A_W_CEL12;A_W_CEL12;3sncz
CEL-CELERIS;CELCEL_J13TRT_04_Q;CELCEL_J13TRT_04_WRK01_Q;"May 22, 2026";;;;Wait for Event;CELERIS Prolongation des contrats;lance_Traitement_Interne.bat;Job;No;0;No;CTMSRV;CELCEL_J13TRT_04_Q;svce_cm;A_W_CEL12;A_W_CEL12;3smoe
CEL-CELERIS;CELCEL_J14TRT_04_Q;CELCEL_J14TRT_04_WRK01_Q;"May 22, 2026";;;;Wait for Event;CELERIS Mise a jour des compteurs;lance_Traitement_Interne.bat;Job;No;0;No;CTMSRV;CELCEL_J14TRT_04_Q;svce_cm;A_W_CEL13;A_W_CEL13;3sndb
CEL-CELERIS;CELCEL_J15TRT_04_Q;CELCEL_J15TRT_04_WRK01_Q;"May 22, 2026";;;;Wait for Event;CELERIS Traitement des cycles facture;lance_Traitement_Interne.bat;Job;No;0;No;CTMSRV;CELCEL_J15TRT_04_Q;svce_cm;A_W_CEL12;A_W_CEL12;3sogq
CEL-CELERIS;CELCEL_J17TRT_04_Q;CELCEL_J17TRT_04_WRK01_Q;"May 22, 2026";;;;Wait for Event;CELERIS - EndNuitApplicative;EndNuitApplicative.bat;Job;No;0;No;CTMSRV;CELCEL_J17TRT_04_Q;svce_cm;A_W_CEL12;A_W_CEL12;3sn7i
CEL-CELERIS;CELCID_B11GEN_06_P;CELCID_B11GEN_06_EXP01_P;"May 22, 2026";;;;Wait for Event;CELERIS export refacturation dans Celeris;lance_Traitement_Interne.bat;Job;No;0;No;CTMSRV;CELCID_B11GEN_06_P;svce_cm;A_W_CEL12;A_W_CEL12;3somb
CEL-CELERIS;CELCID_B11GEN_06_P;CELCID_B11GEN_06_MOV01_P;"May 22, 2026";;;;Wait for Event;CELERIS Transfert du fichier Refac de CELERIS a la PFE;MOV_Generique_DKA.bat;Job;No;0;No;CTMSRV;CELCID_B11GEN_06_P;svce_cm;A_W_CEL12;A_W_CEL12;3somc
CEL-CELERIS;CELCID_B11GEN_06_P;CELCID_B11GEN_06_P;"May 22, 2026";"May 22, 2026 1:30:11 PM";;;Executing;;;SMART Table;No;1;No;CTMSRV;CELCID_B11GEN_06_P;;;;3soma
CEL-CELERIS;CELCID_J11GEN_06_Q;CELCID_J11GEN_06_EXP01_Q;"May 22, 2026";;;;Wait for Event;Génération du fichier de refacturation (CEL01_SRC_ERF_*);ExportRefacturationCelCid.bat;Job;No;0;No;CTMSRV;CELCID_J11GEN_06_Q;svce_cm;A_W_CEL12;A_W_CEL12;3so0h
CEL-CELERIS;CELCID_J11GEN_06_Q;CELCID_J11GEN_06_MOV01_Q;"May 22, 2026";;;;Wait for Event;CELERIS : Déplacement du fichier de refacturation vers la PFE;MOV_Generique_DKA.bat;Job;No;0;No;CTMSRV;CELCID_J11GEN_06_Q;svce_cm;A_W_CEL12;A_W_CEL12;3so0i
CEL-CELERIS;CELCID_J11GEN_06_Q;CELCID_J11GEN_06_Q;"May 22, 2026";"May 22, 2026 1:30:11 PM";;;Executing;Génération et déplacement du fichier de refacturation;;SMART Table;No;1;No;CTMSRV;CELCID_J11GEN_06_Q;;;;3so0g
CEL-CELERIS;CELCID_J11INT_05_Q;CELCID_J11INT_05_IMP01_Q;"May 22, 2026";;;2310;Wait for Event;CELERIS Integration des donnees du fichier du referentiel partage CID;lance_Traitement_Interne.bat;Job;No;0;No;CTMSRV;CELCID_J11INT_05_Q;svce_cm;A_W_CEL12;A_W_CEL12;3sof7
CEL-CELERIS;CELCID_J11INT_05_Q;CELCID_J11INT_05_LIM01_Q;"May 22, 2026";;;;Wait for Event;CELERIS Limite horaire Integration des donnees du fichier du referentiel partage CID;;Dummy;No;0;No;CTMSRV;CELCID_J11INT_05_Q;svce_cm;A_W_CEL12;A_W_CEL12;3sof8
CEL-CELERIS;CELCID_J12INT_05_Q;CELCID_J12INT_05_IMP01_Q;"May 22, 2026";;;2250;Wait for Event;CELERIS Integration des liens PCECompteurs en provenance de CID;lance_Traitement_Interne.bat;Job;No;0;No;CTMSRV;CELCID_J12INT_05_Q;svce_cm;A_W_CEL12;A_W_CEL12;3so3f
CEL-CELERIS;CELCID_J12INT_05_Q;CELCID_J12INT_05_LIM01_Q;"May 22, 2026";;;;Wait for Event;CELERIS Limite horaire Integration des liens PCECompteurs en provenance de CID;;Dummy;No;0;No;CTMSRV;CELCID_J12INT_05_Q;svce_cm;A_W_CEL12;A_W_CEL12;3so3g
CEL-CELERIS;CELCRT_J11INT_05_Q;CELCRT_J11INT_05_IMP01_Q;"May 22, 2026";;;0000;Wait for Event;CELERIS Integration des donnees du fichier des releves compteur CRT;lance_Traitement_Interne.bat;Job;No;0;No;CTMSRV;CELCRT_J11INT_05_Q;svce_cm;A_W_CEL13;A_W_CEL13;3snqr
CEL-CELERIS;CELCRT_J11INT_05_Q;CELCRT_J11INT_05_LIM01_Q;"May 22, 2026";;;;Wait for Event;CELERIS Limite horaire Integration des donnees du fichier des releves compteur CRT;;Dummy;No;0;No;CTMSRV;CELCRT_J11INT_05_Q;svce_cm;A_W_CEL13;A_W_CEL13;3snqs
CEL-CELERIS;CELHYP_B11GEN_06_P;CELHYP_B11GEN_06_EXP01_P;"May 22, 2026";;;;Wait for Event;CELERIS Export des données calculées du Budget;lance_Traitement_Interne.bat;Job;No;0;No;CTMSRV;CELHYP_B11GEN_06_P;svce_cm;A_W_CEL12;A_W_CEL12;3snty
CEL-CELERIS;CELHYP_B11GEN_06_P;CELHYP_B11GEN_06_MOV01_P;"May 22, 2026";;;;Wait for Event;CELERIS Deplacement du fichier Ecriture Budgetaire vers PFE;MOV_Generique_DKA.bat;Job;No;0;No;CTMSRV;CELHYP_B11GEN_06_P;svce_cm;A_W_CEL12;A_W_CEL12;3sntz
CEL-CELERIS;CELHYP_B11GEN_06_P;CELHYP_B11GEN_06_P;"May 22, 2026";"May 22, 2026 1:30:10 PM";;;Executing;;;SMART Table;No;1;No;CTMSRV;CELHYP_B11GEN_06_P;;;;3sntx
CEL-CELERIS;CELNRJ_B16INT_05_P;CELNRJ_B16INT_05_FW01_P;"May 22, 2026";;;;Wait for Event;CELERIS : Scrutation du fichier BUDGETENERGY_xml de la PFE au serveur CELERIS;FileWatcher.bat;Job;No;0;No;CTMSRV;CELNRJ_B16INT_05_P;svce_cm;A_W_CEL13;A_W_CEL13;3sn25
CEL-CELERIS;CELNRJ_B16INT_05_P;CELNRJ_B16INT_05_IMP01_P;"May 22, 2026";;;;Wait for Event;CELERIS: Intégration du fichier BUDGETENERGY_xml dans CELERIS;lance_Traitement_Interne.bat;Job;No;0;No;CTMSRV;CELNRJ_B16INT_05_P;svce_cm;A_W_CEL13;A_W_CEL13;3sn24
CEL-CELERIS;CELNRJ_B16INT_05_P;CELNRJ_B16INT_05_MOV01_P;"May 22, 2026";;;;Wait for Event;CELERIS: Deplacement du fichier BUDGETENERGY_xml depuis le NAS EDF;MOV_Multi_Generique_DKA.bat;Job;No;0;No;CTMSRV;CELNRJ_B16INT_05_P;svce_cm;A_W_CEL13;A_W_CEL13;3sn23
CEL-CELERIS;CELNRJ_B16INT_05_P;CELNRJ_B16INT_05_P;"May 22, 2026";;;0000;Wait for Event;SEE CEL01: Gestion du flux BUDGETENERGY;;SMART Table;No;0;No;CTMSRV;CELNRJ_B16INT_05_P;;;;3sn22
CEL-CELERIS;CELNRJ_J116NT_05_M;CELNRJ_J16INT_05_M;"May 22, 2026";;;;Wait for Event;SEE CEL01: Gestion du flux CEFMENERGY;;SMART Table;No;0;No;CTMSRV;CELNRJ_J16INT_05_M;;;;3sobq
CEL-CELERIS;CELNRJ_J11GEN_06_Q;CELNRJ_J11GEN_06_EXP01_Q;"May 22, 2026";;;;Wait for Event;CELERIS Export des liens PTA PCS;lance_Traitement_Interne.bat;Job;No;0;No;CTMSRV;CELNRJ_J11GEN_06_Q;svce_cm;A_W_CEL12;A_W_CEL12;3sn7x
CEL-CELERIS;CELNRJ_J16INT_05_M;CELNRJ_J16INT_05_FW01_M;"May 22, 2026";;;;Wait for Event;CELERIS : Scrutation du fichier CEFM de la PFE au serveur CELERIS;FileWatcher.bat;Job;No;0;Yes;CTMSRV;CELNRJ_J16INT_05_M;svce_cm;A_W_CEL13;A_W_CEL13;3sobt
CEL-CELERIS;CELNRJ_J16INT_05_M;CELNRJ_J16INT_05_FW02_M;"May 22, 2026";;;;Wait for Event;CELERIS : Scrutation du fichier CEFM de la PFE au serveur CELERIS;FileWatcher.bat;Job;No;0;Yes;CTMSRV;CELNRJ_J16INT_05_M;svce_cm;A_W_CEL13;A_W_CEL13;3sobu
CEL-CELERIS;CELNRJ_J16INT_05_M;CELNRJ_J16INT_05_IMP01_M;"May 22, 2026";;;;Wait for Event;CELERIS : Intégration du fichier CEFM dans CELERIS;lance_Traitement_Interne.bat;Job;No;0;No;CTMSRV;CELNRJ_J16INT_05_M;svce_cm;A_W_CEL13;A_W_CEL13;3sobs
CEL-CELERIS;CELNRJ_J16INT_05_M;CELNRJ_J16INT_05_MOV01_M;"May 22, 2026";;;;Wait for Event;CELERIS : Deplacement du fichier CEFM_.*xml depuis le NAS EDF;MOV_Multi_Generique_DKA.bat;Job;No;0;No;CTMSRV;CELNRJ_J16INT_05_M;svce_cm;A_W_CEL13;A_W_CEL13;3sobr
CEL-CELERIS;CELNRJ_J16INT_05_Q;CELNRJ_J16INT_05_FW01_Q;"May 22, 2026";;;;Wait for Event;CELERIS : Scrutation du fichier PATRIMOINEENERGY_*.xml de la PFE au serveur CELERIS;FileWatcher.bat;Job;No;0;No;CTMSRV;CELNRJ_J16INT_05_Q;svce_cm;A_W_CEL13;A_W_CEL13;3soj8
CEL-CELERIS;CELNRJ_J16INT_05_Q;CELNRJ_J16INT_05_FW02_Q;"May 22, 2026";;;;Wait for Event;CELERIS : Scrutation du fichier PATRIMOINEENERGY_*.xml  de la PFE au serveur CELERIS;FileWatcher.bat;Job;No;0;No;CTMSRV;CELNRJ_J16INT_05_Q;svce_cm;A_W_CEL13;A_W_CEL13;3sojb
CEL-CELERIS;CELNRJ_J16INT_05_Q;CELNRJ_J16INT_05_FW03_Q;"May 22, 2026";;;;Wait for Event;CELERIS : Scrutation du fichier EVENEMENTSENERGY_*.xml de la PFE au serveur CELERIS;FileWatcher.bat;Job;No;0;No;CTMSRV;CELNRJ_J16INT_05_Q;svce_cm;A_W_CEL13;A_W_CEL13;3soja
CEL-CELERIS;CELNRJ_J16INT_05_Q;CELNRJ_J16INT_05_FW04_Q;"May 22, 2026";;;;Wait for Event;CELERIS : Scrutation du fichier EVENEMENTSENERGY_*.xml de la PFE au serveur CELERIS;FileWatcher.bat;Job;No;0;No;CTMSRV;CELNRJ_J16INT_05_Q;svce_cm;A_W_CEL13;A_W_CEL13;3soj9
CEL-CELERIS;CELNRJ_J16INT_05_Q;CELNRJ_J16INT_05_IMP01_Q;"May 22, 2026";;;;Wait for Event;CELERIS : Intégration du fichier PATRIMOINEENERGY dans CELERIS;lance_Traitement_Interne.bat;Job;No;0;No;CTMSRV;CELNRJ_J16INT_05_Q;svce_cm;A_W_CEL13;A_W_CEL13;3soj4
CEL-CELERIS;CELNRJ_J16INT_05_Q;CELNRJ_J16INT_05_IMP02_Q;"May 22, 2026";;;;Wait for Event;CELERIS : Intégration du fichier EVENEMENTSENERGY dans CELERIS;lance_Traitement_Interne.bat;Job;No;0;No;CTMSRV;CELNRJ_J16INT_05_Q;svce_cm;A_W_CEL13;A_W_CEL13;3soj7
CEL-CELERIS;CELNRJ_J16INT_05_Q;CELNRJ_J16INT_05_MOV01_Q;"May 22, 2026";;;;Wait for Event;CELERIS : Deplacement du fichier PATRIMOINEENERGY_*.xml depuis le NAS EDF;MOV_Multi_Generique_DKA.bat;Job;No;0;No;CTMSRV;CELNRJ_J16INT_05_Q;svce_cm;A_W_CEL13;A_W_CEL13;3soj5
CEL-CELERIS;CELNRJ_J16INT_05_Q;CELNRJ_J16INT_05_MOV02_Q;"May 22, 2026";;;;Wait for Event;CELERIS : Deplacement du fichier EVENEMENTSENERGY_*.xml depuis le NAS EDF;MOV_Multi_Generique_DKA.bat;Job;No;0;No;CTMSRV;CELNRJ_J16INT_05_Q;svce_cm;A_W_CEL13;A_W_CEL13;3soj6
CEL-CELERIS;CELNRJ_J16INT_05_Q;CELNRJ_J16INT_05_Q;"May 22, 2026";;;;Wait for Event;SEE CEL01: Gestion des flux PATRIMOINEENERGY et EVENEMENTSENERGY;;SMART Table;No;0;No;CTMSRV;CELNRJ_J16INT_05_Q;;;;3soj3
CEL-CELERIS;CELOAF_J11GEN_06_Q;CELOAF_J11GEN_06_EXP01_Q;"May 22, 2026";;;;Wait for Event;CELERIS Export des ecritures comptables AP et GL;lance_Traitement_Interne.bat;Job;No;0;No;CTMSRV;CELOAF_J11GEN_06_Q;svce_cm;A_W_CEL12;A_W_CEL12;3sp0z
CEL-CELERIS;CELOAF_J11GEN_06_Q;CELOAF_J11GEN_06_MOV01_Q;"May 22, 2026";;;;Wait for Event;CELERIS : Deplacement des fichiers donnees Ecritures AP vers EAI;MOV_Generique_DKA.bat;Job;No;0;No;CTMSRV;CELOAF_J11GEN_06_Q;svce_cm;A_W_CEL12;A_W_CEL12;3sp10
CEL-CELERIS;CELOAF_J11GEN_06_Q;CELOAF_J11GEN_06_MOV02_Q;"May 22, 2026";;;;Wait for Event;CELERIS : Deplacement des fichiers controle Ecritures AP vers EAI;MOV_Generique_DKA.bat;Job;No;0;No;CTMSRV;CELOAF_J11GEN_06_Q;svce_cm;A_W_CEL12;A_W_CEL12;3sp11
CEL-CELERIS;CELOAF_J12INT_05_Q;CELOAF_J12INT_05_IMP01_Q;"May 22, 2026";;;0000;Wait for Event;CELERIS Integration des donnees du fichier des fournisseurs;lance_Traitement_Interne.bat;Job;No;0;No;CTMSRV;CELOAF_J12INT_05_Q;svce_cm;A_W_CEL13;A_W_CEL13;3smrt
CEL-CELERIS;CELOAF_J12INT_05_Q;CELOAF_J12INT_05_LIM01_Q;"May 22, 2026";;;;Wait for Event;CELERIS Limite horaire Integration des donnees du fichier des fournisseurs;;Dummy;No;0;No;CTMSRV;CELOAF_J12INT_05_Q;svce_cm;A_W_CEL12;A_W_CEL12;3smru
CEL-CELERIS;CELOAF_J12INT_05_Q;CELOAF_J12INT_05_MOV01_Q;"May 22, 2026";;;;Wait for Event;CELERIS : Deplacement du fichier fournisseur de l'EAI vers repertoire donnees entrantes;MOV_Generique_DKA.bat;Job;No;0;No;CTMSRV;CELOAF_J12INT_05_Q;svce_cm;A_W_CEL13;A_W_CEL13;3smrv
CEL-CELERIS;CELXXX_J11GEN_06_Q;CELXXX_J11GEN_06_MOV01_Q;"May 22, 2026";;;;Wait for Event;CELERIS : Deplacement dU fichier ALADIN vers PFE;MOV_Generique_DKA.bat;Job;No;0;No;CTMSRV;CELXXX_J11GEN_06_Q;svce_cm;A_W_CEL12;A_W_CEL12;3sod8
CEL-CELERIS;CELXXX_J11GEN_06_Q;CELXXX_J11GEN_06_Q;"May 22, 2026";"May 22, 2026 1:30:11 PM";;;Executing;;;SMART Table;No;1;No;CTMSRV;CELXXX_J11GEN_06_Q;;;;3sod6
CEL-CELERIS;CELXXX_J11GEN_06_Q;CELXXX_J11GEN_06_ZIP01_Q;"May 22, 2026";;;;Wait for Event;compression des fichiers TIF et PDF dans aladin-tif.zip;ZIP_ALA_FACT.bat;Job;No;0;No;CTMSRV;CELXXX_J11GEN_06_Q;svce_cm;A_W_CEL12;A_W_CEL12;3sod7
CID-CONTRACTUAL INVO;CIDCEL_B11INT_05_P;CIDCEL_B11INT_05_IMP01_P;"May 22, 2026";;;;Wait for Event;CID :integration  refacturation dans CID;lance_Traitement_Interne.bat;Job;No;0;No;CTMSRV;CIDCEL_B11INT_05_P;svce_cm;A_W_CID12;A_W_CID12;3sor0
CID-CONTRACTUAL INVO;CIDCEL_B11INT_05_P;CIDCEL_B11INT_05_MOV01_P;"May 22, 2026";;;;Wait for Event;CID :Transfert du fichier Refac depuis la PFE pour CID;MOV_Generique_DKA.bat;Job;No;0;No;CTMSRV;CIDCEL_B11INT_05_P;svce_cm;A_W_CID12;A_W_CID12;3soqz
CID-CONTRACTUAL INVO;CIDCEL_B11INT_05_P;CIDCEL_B11INT_05_P;"May 22, 2026";"May 22, 2026 1:30:12 PM";;;Executing;;;SMART Table;No;1;No;CTMSRV;CIDCEL_B11INT_05_P;;;;3soqy
CID-CONTRACTUAL INVO;CIDCEL_F11GEN_06_Q;CIDCEL_F11GEN_06_EXP01_Q;"May 22, 2026";;;;Wait for Event;CID Export donnees du referentiel partage CID vers CELERIS;lance_Traitement_Interne.bat;Job;No;0;No;CTMSRV;CIDCEL_F11GEN_06_Q;svce_cm;A_W_CID12;A_W_CID12;3solo
CID-CONTRACTUAL INVO;CIDCEL_F11GEN_06_Q;CIDCEL_F11GEN_06_MOV01_Q;"May 22, 2026";;;;Wait for Event;Move du fichier depuis le repertoire CID vers PFE;MOVE_IN_TO_OUT.bat;Job;No;0;No;CTMSRV;CIDCEL_F11GEN_06_Q;svce_cm;A_W_CID12;A_W_CID12;3solp
CID-CONTRACTUAL INVO;CIDCEL_F11INT_05_Q;CIDCEL_F11INT_05_INT01_Q;"May 22, 2026";;;;Wait for Event;CONTRACTUAL INVO : Intégration du fichier de refacturation;ImportRefacturationCelCid.bat;Job;No;0;No;CTMSRV;CIDCEL_F11INT_05_Q;svce_cm;A_W_CID12;A_W_CID12;3sn1q
CID-CONTRACTUAL INVO;CIDCEL_F11INT_05_Q;CIDCEL_F11INT_05_MOV01_Q;"May 22, 2026";;;;Wait for Event;CID : Déplacement du fichier de refacturation : PFE > CID;MOV_Generique_DKA.bat;Job;No;0;No;CTMSRV;CIDCEL_F11INT_05_Q;svce_cm;A_W_CID12;A_W_CID12;3sn1r
CID-CONTRACTUAL INVO;CIDCEL_F11INT_05_Q;CIDCEL_F11INT_05_Q;"May 22, 2026";"May 22, 2026 1:30:10 PM";;;Executing;Déplacement du fichier de refacturation vers CID;;SMART Table;No;1;No;CTMSRV;CIDCEL_F11INT_05_Q;;;;3sn1p
CID-CONTRACTUAL INVO;CIDCEL_J11GEN_06_Q;CIDCEL_J11GEN_06_EXP01_Q;"May 22, 2026";;;;Wait for Event;CID Generation du fichier PCE Compteur vers CELERIS;lance_Traitement_Interne.bat;Job;No;0;No;CTMSRV;CIDCEL_J11GEN_06_Q;svce_cm;A_W_CID12;A_W_CID12;3sn7r
CID-CONTRACTUAL INVO;CIDCEL_J11GEN_06_Q;CIDCEL_J11GEN_06_MOV01_Q;"May 22, 2026";;;;Wait for Event;CID Deplacement du fichier PCECompteur vers PFE;MOVE_IN_TO_OUT.bat;Job;No;0;No;CTMSRV;CIDCEL_J11GEN_06_Q;svce_cm;A_W_CID12;A_W_CID12;3sn7s
CID-CONTRACTUAL INVO;CIDCID_B11TRT_04_P;CIDCID_B11TRT_04_CAL01_P;"May 22, 2026";;;;Wait for Event;G5 calcul budget des ventes;lance_Traitement_Interne.bat;Job;No;0;No;CTMSRV;CIDCID_B11TRT_04_P;svce_cm;A_W_CID12;A_W_CID12;3snbp
CID-CONTRACTUAL INVO;CIDCID_E11STP_01_Q;CIDCID_E11STP_01_ATP01_Q;"May 22, 2026";;;;Wait for Event;Arret de l'application CID sur WDKCIDP11;start_stop_appli_CID.bat;Job;No;0;No;CTMSRV;CIDCID_E11STP_01_Q;svce_cm;A_W_CID11;A_W_CID11;3soc7
CID-CONTRACTUAL INVO;CIDCID_E11STR_02_Q;CIDCID_E11STR_02_DTP01_Q;"May 22, 2026";;;;Wait for Event;Demarrage de l'application CID sur WDKCIDP11;start_stop_appli_CID.bat;Job;No;0;No;CTMSRV;CIDCID_E11STR_02_Q;svce_cm;A_W_CID11;A_W_CID11;3sp0h
CID-CONTRACTUAL INVO;CIDCID_F11TEC_04_Q;CIDCID_F11TEC_04_DEB01_Q;"May 22, 2026";;;;Wait for Event;Jalon de demarrage de la production CID;CID_PROD_START_ALL_001J;Dummy;No;0;No;CTMSRV;CIDCID_F11TEC_04_Q;svce_cm;;;3so3r
CID-CONTRACTUAL INVO;CIDCID_F11TEC_04_Q;CIDCID_F11TEC_04_FIN99_Q;"May 22, 2026";;;;Wait for Event;Jalon de fin de la production CID;CID_PROD_END_ALL_001J;Dummy;No;0;No;CTMSRV;CIDCID_F11TEC_04_Q;svce_cm;;;3so3q
CID-CONTRACTUAL INVO;CIDCID_F11TEC_04_Q;CIDCID_F11TEC_04_FJA97_Q;"May 22, 2026";;;;Wait for Event;G1 G2 G3  fin des interfaces ENTRANTES;CIDFIN_INT_ENTRANT;Dummy;No;0;No;CTMSRV;CIDCID_F11TEC_04_Q;svce_cm;A_W_CID13;A_W_CID13;3so3t
CID-CONTRACTUAL INVO;CIDCID_F11TEC_04_Q;CIDCID_F11TEC_04_FJA98_Q;"May 22, 2026";;;;Wait for Event;G5 fin des traitements INTERNE;FIN_TRT_INTERNE;Dummy;No;0;No;CTMSRV;CIDCID_F11TEC_04_Q;svce_cm;A_W_CID13;A_W_CID13;3so3v
CID-CONTRACTUAL INVO;CIDCID_F11TEC_04_Q;CIDCID_F11TEC_04_FJA99_Q;"May 22, 2026";;;;Wait for Event;G4 G6 G8 G9 fin des interfaces SORTANTES;CIDFIN_INT_SORTANT;Dummy;No;0;No;CTMSRV;CIDCID_F11TEC_04_Q;svce_cm;A_W_CID13;A_W_CID13;3so3u
CID-CONTRACTUAL INVO;CIDCID_F11TEC_04_Q;CIDCID_F11TEC_04_SC001_Q;"May 22, 2026";;;;Wait for Event;"CID ; TEST PRESENCE COND SC_WCID107_OK";SC_WCID107_OK;Dummy;No;0;No;CTMSRV;CIDCID_F11TEC_04_Q;root;;;3so3s
CID-CONTRACTUAL INVO;CIDCID_F12TRT_04_Q;CIDCID_F12TRT_04_CAL01_Q;"May 22, 2026";;;;Wait for Event;G5 calcul type affiné;lance_Traitement_Interne.bat;Job;No;0;No;CTMSRV;CIDCID_F12TRT_04_Q;svce_cm;A_W_CID12;A_W_CID12;3sop1
CID-CONTRACTUAL INVO;CIDCID_F13TRT_04_Q;CIDCID_F13TRT_04_WRK01_Q;"May 22, 2026";;;;Wait for Event;G5 raj et substitution indices;lance_Traitement_Interne.bat;Job;No;0;No;CTMSRV;CIDCID_F13TRT_04_Q;svce_cm;A_W_CID12;A_W_CID12;3smz6
CID-CONTRACTUAL INVO;CIDCID_F14TRT_04_Q;CIDCID_F14TRT_04_CAL01_Q;"May 22, 2026";;;;Wait for Event;G5  calcul des factures regie Negoces;lance_Traitement_Interne.bat;Job;No;0;No;CTMSRV;CIDCID_F14TRT_04_Q;svce_cm;A_W_CID12;A_W_CID12;3sn0v
CID-CONTRACTUAL INVO;CIDCID_F14TRT_04_Q;CIDCID_F14TRT_04_Q;"May 22, 2026";"May 22, 2026 1:30:10 PM";;;Executing;;;SMART Table;No;1;No;CTMSRV;CIDCID_F14TRT_04_Q;;;;3sn0u
CID-CONTRACTUAL INVO;CIDCID_F15TRT_04_Q;CIDCID_F15TRT_04_CAL01_Q;"May 22, 2026";;;;Wait for Event;G5 calcul des factures;lance_Traitement_Interne.bat;Job;No;0;No;CTMSRV;CIDCID_F15TRT_04_Q;svce_cm;A_W_CID12;A_W_CID12;3so5o
CID-CONTRACTUAL INVO;CIDCID_F15TRT_04_Q;CIDCID_F15TRT_04_CAL02_Q;"May 22, 2026";;;;Wait for Event;G5 calcul facture individuel;lance_Traitement_Interne.bat;Job;No;0;No;CTMSRV;CIDCID_F15TRT_04_Q;svce_cm;A_W_CID12;A_W_CID12;3so5p
CID-CONTRACTUAL INVO;CIDCID_F15TRT_04_Q;CIDCID_F15TRT_04_CAL03_Q;"May 22, 2026";;;;Wait for Event;G5 calcul des factures specifique;CalculFactureSpecifique.bat;Job;No;0;No;CTMSRV;CIDCID_F15TRT_04_Q;svce_cm;A_W_CID12;A_W_CID12;3so5q
CID-CONTRACTUAL INVO;CIDCID_F18TRT_04_Q;CIDCID_F18TRT_04_WRK01_Q;"May 22, 2026";;;;Wait for Event;G5 Relance Instance;lance_Traitement_Interne.bat;Job;No;0;No;CTMSRV;CIDCID_F18TRT_04_Q;svce_cm;A_W_CID12;A_W_CID12;3snw7
CID-CONTRACTUAL INVO;CIDCID_F19TRT_04_H;CIDCID_F19TRT_04_WRK01_H;"May 22, 2026";;;;Wait for Event;G5 proposition de relance;lance_Traitement_Interne.bat;Job;No;0;No;CTMSRV;CIDCID_F19TRT_04_H;svce_cm;A_W_CID12;A_W_CID12;3sp2k
CID-CONTRACTUAL INVO;CIDCID_F19TRT_04_Q;CIDCID_F19TRT_04_WRK01_Q;"May 22, 2026";;;;Wait for Event;CID Reinitialise les donnees de la nuit applicative precedente;lance_Traitement_Interne.bat;Job;No;0;No;CTMSRV;CIDCID_F19TRT_04_Q;svce_cm;A_W_CID12;A_W_CID12;3smq4
CID-CONTRACTUAL INVO;CIDCID_F20TRT_04_Q;CIDCID_F20TRT_04_WRK01_Q;"May 22, 2026";"May 22, 2026 1:30:10 PM";"May 22, 2026 1:31:01 PM";1812;Wait for Event;CID batch rejeu;RejeuEai.bat;Job;No;1;Yes;CTMSRV;CIDCID_F20TRT_04_Q;svce_cm;wdkcidp12;A_W_CID12;3snhn
CID-CONTRACTUAL INVO;CIDCID_F21TRT_04_H;CIDCID_F21TRT_04_CAL01_H;"May 22, 2026";;;;Wait for Event;CID ::Calculer Simu Effet Prix;CalculerSimuEffetPrix.bat;Job;No;0;No;CTMSRV;CIDCID_F21TRT_04_H;svce_cm;A_W_CID12;A_W_CID12;3sp3w
CID-CONTRACTUAL INVO;CIDCID_F21TRT_04_H;CIDCID_F21TRT_04_EXT01_H;"May 22, 2026";;;;Wait for Event;CID ::extraction Simu Effet Prix;ExtractionSimuEffetPrix.bat;Job;No;0;No;CTMSRV;CIDCID_F21TRT_04_H;svce_cm;A_W_CID12;A_W_CID12;3sp3v
CID-CONTRACTUAL INVO;CIDCID_F21TRT_04_H;CIDCID_F21TRT_04_H;"May 22, 2026";"May 22, 2026 1:30:11 PM";;;Executing;CID ::Simu Effet Prix;;SMART Table;No;1;No;CTMSRV;CIDCID_F21TRT_04_H;;;;3sp3u
CID-CONTRACTUAL INVO;CIDCID_F21TRT_04_Q;CIDCID_F21TRT_04_CAL01_Q;"May 22, 2026";;;;Wait for Event;CID : Calcul Vente Forfaitaire;lance_Traitement_Interne.bat;Job;No;0;No;CTMSRV;CIDCID_F21TRT_04_Q;svce_cm;A_W_CID12;A_W_CID12;3snbb
CID-CONTRACTUAL INVO;CIDCID_F21TRT_04_Q;CIDCID_F21TRT_04_Q;"May 22, 2026";"May 22, 2026 1:30:10 PM";;;Executing;;;SMART Table;No;1;No;CTMSRV;CIDCID_F21TRT_04_Q;;;;3snba
CID-CONTRACTUAL INVO;CIDCID_F23TRT_04_Q;CIDCID_F23TRT_04_CAL01_Q;"May 22, 2026";;;;Wait for Event;RECALCUL DES DATES CIBLE;RecalculDateCible.bat;Job;No;0;No;CTMSRV;CIDCID_F23TRT_04_Q;svce_cm;A_W_CID12;A_W_CID12;3soto
CID-CONTRACTUAL INVO;CIDCID_J11TRT_04_Q;CIDCID_J11TRT_04_Q;"May 22, 2026";"May 22, 2026 1:30:11 PM";;;Executing;Traitement Indexation Meilisearch;;SMART Table;No;1;No;CTMSRV;CIDCID_J11TRT_04_Q;;;;3soaq
CID-CONTRACTUAL INVO;CIDCID_J11TRT_04_Q;CIDCID_J11TRT_04_WRK01_Q;"May 22, 2026";;;;Wait for Event;Traitement Indexation Meilisearch;IndexationMeilisearch.bat;Job;No;0;No;CTMSRV;CIDCID_J11TRT_04_Q;svce_cm;A_W_CID12;A_W_CID12;3soar
CID-CONTRACTUAL INVO;CIDCID_K12SVG_03_Q;CIDCID_K12SVG_03_FWT01_Q;"May 22, 2026";;;;Wait for Event;Controle dump log apres 20h sur wdkcidp03;test_fin_dump.bat;Dummy;No;0;No;CTMSRV;CIDCID_K12SVG_03_Q;svce_cm;NOTEXIST;NOTEXIST;3sorb
CID-CONTRACTUAL INVO;CIDCID_K12SVG_03_Q;CIDCID_K12SVG_03_FWT02_Q;"May 22, 2026";;;;Wait for Event;Controle dump log apres 04h sur wdkcidp03;test_fin_dump.bat;Dummy;No;0;No;CTMSRV;CIDCID_K12SVG_03_Q;svce_cm;NOTEXIST;NOTEXIST;3sora
CID-CONTRACTUAL INVO;CIDCID_K12SVG_03_Q;CIDCID_K12SVG_03_NBU01_Q;"May 22, 2026";;;;Wait for Event;Sauvegarde Incremental NBU du serveur WDKCIDP01;NetbackupRemoteCtm_Incr.ksh;Dummy;No;0;No;CTMSRV;CIDCID_K12SVG_03_Q;root;NOTEXIST;NOTEXIST;3sorc
CID-CONTRACTUAL INVO;CIDCID_K12SVG_03_Q;CIDCID_K12SVG_03_NBU02_Q;"May 22, 2026";;;;Wait for Event;Sauvegarde Incremental NBU du serveur WDKCIDP02;NetbackupRemoteCtm_Incr.ksh;Dummy;No;0;No;CTMSRV;CIDCID_K12SVG_03_Q;root;NOTEXIST;NOTEXIST;3sord
CID-CONTRACTUAL INVO;CIDCID_K12SVG_03_Q;CIDCID_K12SVG_03_NBU03_Q;"May 22, 2026";;;;Wait for Event;Sauvegarde Incremental NBU du serveur WDKCIDP03;NetbackupRemoteCtm_Incr.ksh;Dummy;No;0;No;CTMSRV;CIDCID_K12SVG_03_Q;root;NOTEXIST;NOTEXIST;3sore
CID-CONTRACTUAL INVO;CIDDTR_F11GEN_06_Q;CIDDTR_F11GEN_06_EXP01_Q;"May 22, 2026";;;;Wait for Event;Genration fichier DTR_CONTRAT;Lance_INTERFACE.bat;Job;No;0;No;CTMSRV;CIDDTR_F11GEN_06_Q;svce_cm;A_W_CID13;A_W_CID13;3sopt
CID-CONTRACTUAL INVO;CIDDTR_F11GEN_06_Q;CIDDTR_F11GEN_06_EXP02_Q;"May 22, 2026";;;;Wait for Event;Generation du fichier DTR_SLP_VPR;Lance_INTERFACE.bat;Job;No;0;No;CTMSRV;CIDDTR_F11GEN_06_Q;svce_cm;A_W_CID13;A_W_CID13;3sopu
CID-CONTRACTUAL INVO;CIDDTR_F11GEN_06_Q;CIDDTR_F11GEN_06_EXP03_Q;"May 22, 2026";;;;Wait for Event;Generation fichier DTR_SLP_ATT;Lance_INTERFACE.bat;Job;No;0;No;CTMSRV;CIDDTR_F11GEN_06_Q;svce_cm;A_W_CID13;A_W_CID13;3sopv
CID-CONTRACTUAL INVO;CIDDTR_F11GEN_06_Q;CIDDTR_F11GEN_06_EXP04_Q;"May 22, 2026";;;;Wait for Event;Generation fichier DTR_SLP_IMP;Lance_INTERFACE.bat;Job;No;0;No;CTMSRV;CIDDTR_F11GEN_06_Q;svce_cm;A_W_CID13;A_W_CID13;3sopw
CID-CONTRACTUAL INVO;CIDDTR_F11GEN_06_Q;CIDDTR_F11GEN_06_EXP05_Q;"May 22, 2026";;;;Wait for Event;Generation fichier DTR_SLP_DT;Lance_INTERFACE.bat;Job;No;0;No;CTMSRV;CIDDTR_F11GEN_06_Q;svce_cm;A_W_CID13;A_W_CID13;3sopx
CID-CONTRACTUAL INVO;CIDDTR_F11GEN_06_Q;CIDDTR_F11GEN_06_EXP06_Q;"May 22, 2026";;;;Wait for Event;Generation fichier DTR_SLP_DR;Lance_INTERFACE.bat;Job;No;0;No;CTMSRV;CIDDTR_F11GEN_06_Q;svce_cm;A_W_CID13;A_W_CID13;3sopy
CID-CONTRACTUAL INVO;CIDDTR_F11GEN_06_Q;CIDDTR_F11GEN_06_EXP07_Q;"May 22, 2026";;;;Wait for Event;Generation fichier DTR_SLP_DA;Lance_INTERFACE.bat;Job;No;0;No;CTMSRV;CIDDTR_F11GEN_06_Q;svce_cm;A_W_CID13;A_W_CID13;3sopz
CID-CONTRACTUAL INVO;CIDDTR_F11GEN_06_Q;CIDDTR_F11GEN_06_EXP08_Q;"May 22, 2026";;;;Wait for Event;Generation fichier DTR_SLP_RFAC;Lance_INTERFACE.bat;Job;No;0;No;CTMSRV;CIDDTR_F11GEN_06_Q;svce_cm;A_W_CID13;A_W_CID13;3soq0
CID-CONTRACTUAL INVO;CIDDTR_F11GEN_06_Q;CIDDTR_F11GEN_06_EXP09_Q;"May 22, 2026";;;;Wait for Event;Generation fichier DTR_COEF_BLOQUE;Lance_INTERFACE.bat;Job;No;0;No;CTMSRV;CIDDTR_F11GEN_06_Q;svce_cm;A_W_CID13;A_W_CID13;3soq1
CID-CONTRACTUAL INVO;CIDDTR_F11GEN_06_Q;CIDDTR_F11GEN_06_EXP10_Q;"May 22, 2026";;;;Wait for Event;Generation fichier DTR_VIN;Lance_INTERFACE.bat;Job;No;0;No;CTMSRV;CIDDTR_F11GEN_06_Q;svce_cm;A_W_CID13;A_W_CID13;3soq2
CID-CONTRACTUAL INVO;CIDECO_F11INT_05_Q;CIDECO_F11INT_05_LIM01_Q;"May 22, 2026";;;;Wait for Event;limite horaire 00H00 CID si pb A00ON  ECO;W512_LIMITCID0200;Dummy;No;0;No;CTMSRV;CIDECO_F11INT_05_Q;root;;;3smnr
CID-CONTRACTUAL INVO;CIDEXT_F11GEN_06_Q;CIDEXT_F11GEN_06_EXP01_Q;"May 22, 2026";;;;Wait for Event;Prélèvement vers Next;Lance_INTERFACE.bat;Job;No;0;No;CTMSRV;CIDEXT_F11GEN_06_Q;svce_cm;A_W_CID13;A_W_CID13;3smnm
CID-CONTRACTUAL INVO;CIDEXT_F11GEN_06_Q;CIDEXT_F11GEN_06_Q;"May 22, 2026";"May 22, 2026 1:30:12 PM";;;Executing;;;SMART Table;No;1;No;CTMSRV;CIDEXT_F11GEN_06_Q;;;;3smnl
CID-CONTRACTUAL INVO;CIDEXT_F12FLX_07_Q;CIDEXT_F12FLX_07_FWT03_Q;"May 22, 2026";;;0700;Wait for Event;Scrutation fichier pilote fact couleur  & generation du zip sur NAS PFE;nFW_Fac_DOCAPOST.bat;Job;No;0;Yes;CTMSRV;CIDEXT_F12FLX_07_Q;svce_cm;A_W_CID12;A_W_CID12;3smq9
CID-CONTRACTUAL INVO;CIDEXT_F13FLX_07_Q;CIDEXT_F13FLX_07_ARC01_Q;"May 22, 2026";;;;Wait for Event;Archiver les fichiers EDI;CIDEXT_F13FLX_07_ARC01_Q.bat;Job;No;0;No;CTMSRV;CIDEXT_F13FLX_07_Q;svce_cm;A_W_CID12;A_W_CID12;3so2r
CID-CONTRACTUAL INVO;CIDEXT_F13FLX_07_Q;CIDEXT_F13FLX_07_FWT01_Q;"May 22, 2026";;;0700;Wait for Event;Scrutation du fichier FLAG;CIDEXT_F13FLX_07_FWT01_Q.bat;Job;No;0;Yes;CTMSRV;CIDEXT_F13FLX_07_Q;svce_cm;A_W_CID12;A_W_CID12;3so2o
CID-CONTRACTUAL INVO;CIDEXT_F13FLX_07_Q;CIDEXT_F13FLX_07_MOV01_Q;"May 22, 2026";;;;Wait for Event;Move de Factures_EDI_*.zip vers PFE;CIDEXT_F13FLX_07_MOV01_Q.bat;Job;No;0;No;CTMSRV;CIDEXT_F13FLX_07_Q;svce_cm;A_W_CID12;A_W_CID12;3so2q
CID-CONTRACTUAL INVO;CIDEXT_F13FLX_07_Q;CIDEXT_F13FLX_07_PUR01_Q;"May 22, 2026";;;;Wait for Event;Purge des fichiers EDI xml;CIDEXT_F13FLX_07_PUR01_Q.bat;Job;No;0;No;CTMSRV;CIDEXT_F13FLX_07_Q;svce_cm;A_W_CID12;A_W_CID12;3so2s
CID-CONTRACTUAL INVO;CIDEXT_F13FLX_07_Q;CIDEXT_F13FLX_07_PUR02_Q;"May 22, 2026";;;;Wait for Event;Purge des fichiers ZIP -15 jours;CIDEXT_F13FLX_07_PUR02_Q.bat;Job;No;0;No;CTMSRV;CIDEXT_F13FLX_07_Q;svce_cm;A_W_CID12;A_W_CID12;3so2t
CID-CONTRACTUAL INVO;CIDEXT_F13FLX_07_Q;CIDEXT_F13FLX_07_ZIP01_Q;"May 22, 2026";;;;Wait for Event;CID : Création du fichier Factures_EDI_aaaammjj.zip;CIDEXT_F13FLX_07_ZIP01_Q.bat;Job;No;0;No;CTMSRV;CIDEXT_F13FLX_07_Q;svce_cm;A_W_CID12;A_W_CID12;3so2p
CID-CONTRACTUAL INVO;CIDEXT_F13GEN_06_Q;CIDEXT_F13GEN_06_CPY01_Q;"May 22, 2026";;;;Wait for Event;Copie du fichier depuis le repertoire CID vers EAI;MOV_Generique_DKA.bat;Job;No;0;No;CTMSRV;CIDEXT_F13GEN_06_Q;svce_cm;A_W_CID13;A_W_CID13;3so59
CID-CONTRACTUAL INVO;CIDEXT_F13GEN_06_Q;CIDEXT_F13GEN_06_EXP01_Q;"May 22, 2026";;;;Wait for Event;Generation du fichier Lien partenaire Code D;Lance_INTERFACE.bat;Job;No;0;No;CTMSRV;CIDEXT_F13GEN_06_Q;svce_cm;A_W_CID13;A_W_CID13;3so58
CID-CONTRACTUAL INVO;CIDEXT_J11INT_05_Q;CIDEXT_J11INT_05_MOV01_Q;"May 22, 2026";;;;Wait for Event;CID : deplacement ALADIN-TIF.ZIP depuis PFE;MOV_Generique_DKA.bat;Job;No;0;No;CTMSRV;CIDEXT_J11INT_05_Q;svce_cm;A_W_CID13;A_W_CID13;3snyx
CID-CONTRACTUAL INVO;CIDEXT_J11INT_05_Q;CIDEXT_J11INT_05_Q;"May 22, 2026";"May 22, 2026 1:30:11 PM";;;Executing;;;SMART Table;No;1;No;CTMSRV;CIDEXT_J11INT_05_Q;;;;3snyw
CID-CONTRACTUAL INVO;CIDEXT_J11INT_05_Q;CIDEXT_J11INT_05_TRT01_Q;"May 22, 2026";;;;Wait for Event;CIDY : traitement permettant le transfert aladin_tif sur le NAS_EDF;DeplacementImage.bat;Job;No;0;No;CTMSRV;CIDEXT_J11INT_05_Q;svce_cm;A_W_CID13;A_W_CID13;3snyz
CID-CONTRACTUAL INVO;CIDEXT_J11INT_05_Q;CIDEXT_J11INT_05_ZIP01_Q;"May 22, 2026";;;;Wait for Event;CID : Decompression ALADIN-TIF.ZIP;DZIP_ALA_CID.bat;Job;No;0;No;CTMSRV;CIDEXT_J11INT_05_Q;svce_cm;A_W_CID13;A_W_CID13;3snyy
CID-CONTRACTUAL INVO;CIDEXT_J12INT_05_Q;CIDEXT_J12INT_05_FW01_Q;"May 22, 2026";;;0000;Wait for Event;CID : Scrutation du fichier CHORUS STATUTSSERENSIA.FAC02   de la  PFE au serveur CITY;FileWatcher.bat;Job;No;0;Yes;CTMSRV;CIDEXT_J12INT_05_Q;svce_cm;A_W_CID12;A_W_CID12;3so4p
CID-CONTRACTUAL INVO;CIDEXT_J12INT_05_Q;CIDEXT_J12INT_05_FW02_Q;"May 22, 2026";;;0000;Wait for Event;CID : Scrutation du fichier CHORUS STATUTSSERENSIA.FAC02 pour intégration;FileWatcher.bat;Job;No;0;Yes;CTMSRV;CIDEXT_J12INT_05_Q;svce_cm;A_W_CID12;A_W_CID12;3so4q
CID-CONTRACTUAL INVO;CIDEXT_J12INT_05_Q;CIDEXT_J12INT_05_IMP01_Q;"May 22, 2026";;;;Wait for Event;CID :integration  fchier  STATUTSSERENSIA.FAC02;ImportFluxRetourSerensia.bat;Job;No;0;Yes;CTMSRV;CIDEXT_J12INT_05_Q;svce_cm;A_W_CID12;A_W_CID12;3so4o
CID-CONTRACTUAL INVO;CIDEXT_J12INT_05_Q;CIDEXT_J12INT_05_MOV01_Q;"May 22, 2026";;;0000;Wait for Event;CID : Transfert du fichier  STATUTSSERENSIA.FAC02   de la  PFE au serveur CID;MOVOUT_Generique_DKA.bat;Job;No;0;Yes;CTMSRV;CIDEXT_J12INT_05_Q;svce_cm;A_W_CID12;A_W_CID12;3so4n
CID-CONTRACTUAL INVO;CIDGRT_F11INT_05_Q;CIDGRT_F11INT_05_CON01_Q;"May 22, 2026";;;;Wait for Event;Controle du type de fichier recu et ren _ concat;CIDConcat.cmd;Job;No;0;No;CTMSRV;CIDGRT_F11INT_05_Q;svce_cm;A_W_CID13;A_W_CID13;3sniy
CID-CONTRACTUAL INVO;CIDGRT_F11INT_05_Q;CIDGRT_F11INT_05_FWT01_Q;"May 22, 2026";;;;Wait for Event;Scrutation du fichier CTGCID_QTEGST;FileWatcher_CID.bat;Job;No;0;No;CTMSRV;CIDGRT_F11INT_05_Q;svce_cm;A_W_CID13;A_W_CID13;3snix
CID-CONTRACTUAL INVO;CIDGRT_F11INT_05_Q;CIDGRT_F11INT_05_IMP01_Q;"May 22, 2026";;;;Wait for Event;integ CTGCID_QTEGST  du fichier Donnees Gen;Lance_INTERFACE.bat;Job;No;0;No;CTMSRV;CIDGRT_F11INT_05_Q;svce_cm;A_W_CID13;A_W_CID13;3sniz
CID-CONTRACTUAL INVO;CIDHYP_B12GEN_06_P;CIDHYP_B12GEN_06_EXP01_P;"May 22, 2026";;;;Wait for Event;G10 interface extraction budget des ventes;Lance_INTERFACE.bat;Job;No;0;No;CTMSRV;CIDHYP_B12GEN_06_P;svce_cm;A_W_CID13;A_W_CID13;3smyx
CID-CONTRACTUAL INVO;CIDHYP_B12GEN_06_P;CIDHYP_B12GEN_06_EXP02_P;"May 22, 2026";;;;Wait for Event;G10 interface extraction budget des achats;Lance_INTERFACE.bat;Job;No;0;No;CTMSRV;CIDHYP_B12GEN_06_P;svce_cm;A_W_CID13;A_W_CID13;3smyy
CID-CONTRACTUAL INVO;CIDHYP_B12GEN_06_P;CIDHYP_B12GEN_06_MOV01_P;"May 22, 2026";;;;Wait for Event;CID Deplacement du Budget previsionnel vers PFE;MOV_Generique_DKA.bat;Job;No;0;No;CTMSRV;CIDHYP_B12GEN_06_P;svce_cm;A_W_CID13;A_W_CID13;3smyz
CID-CONTRACTUAL INVO;CIDHYP_B12GEN_06_P;CIDHYP_B12GEN_06_MOV02_P;"May 22, 2026";;;;Wait for Event;CID Deplacement du fichier de controle budget previsionnel vers PFE;MOV_Generique_DKA.bat;Dummy;No;0;No;CTMSRV;CIDHYP_B12GEN_06_P;svce_cm;A_W_CID13;A_W_CID13;3smz0
CID-CONTRACTUAL INVO;CIDHYP_B12GEN_06_P;CIDHYP_B12GEN_06_MOV03_P;"May 22, 2026";;;;Wait for Event;CID Deplacement du Controle du Budget Previsionnel vers PFE pour Hyperion;MOV_Generique_DKA.bat;Job;No;0;No;CTMSRV;CIDHYP_B12GEN_06_P;svce_cm;A_W_CID13;A_W_CID13;3smz1
CID-CONTRACTUAL INVO;CIDMDM_J11TRT_04_Q;CIDMDM_J11TRT_04_WRK01_Q;"May 22, 2026";;;;Wait for Event;CID : Batch appel du WS de MDM360 pour envoyer les maj des contrats;lance_Traitement_Interne.bat;Job;No;0;No;CTMSRV;CIDMDM_J11TRT_04_Q;svce_cm;A_W_CID12;A_W_CID12;3so02
CID-CONTRACTUAL INVO;CIDMEC_F11INT_05_Q;CIDMEC_F11INT_05_IMP01_Q;"May 22, 2026";;;;Wait for Event;Integration du Fichier ContratTop;Lance_INTERFACE.bat;Job;No;0;No;CTMSRV;CIDMEC_F11INT_05_Q;svce_cm;A_W_CID13;A_W_CID13;3sncd
CID-CONTRACTUAL INVO;CIDMEC_F11INT_05_Q;CIDMEC_F11INT_05_Q;"May 22, 2026";"May 22, 2026 1:30:10 PM";;;Executing;;;SMART Table;No;1;No;CTMSRV;CIDMEC_F11INT_05_Q;;;;3sncc
CID-CONTRACTUAL INVO;CIDMEC_F11INT_05_Q;CIDMEC_F11INT_05_WRK01_Q;"May 22, 2026";;;;Wait for Event;Migration formule;lance_Traitement_Interne.bat;Job;No;0;No;CTMSRV;CIDMEC_F11INT_05_Q;svce_cm;A_W_CID12;A_W_CID12;3snce
CID-CONTRACTUAL INVO;CIDNRJ_B11INT_05_P;CIDNRJ_B11INT_05_FW01_P;"May 22, 2026";;;;Wait for Event;CID : Scrutation du fichier BUDGETENERGY_xml de la PFE au serveur CID;FileWatcher.bat;Job;No;0;No;CTMSRV;CIDNRJ_B11INT_05_P;svce_cm;A_W_CID13;A_W_CID13;3smyr
CID-CONTRACTUAL INVO;CIDNRJ_B11INT_05_P;CIDNRJ_B11INT_05_FW02_P;"May 22, 2026";;;;Wait for Event;CID : Scrutation du fichier BUDGETENERGY_xml depuis serveur CID;FileWatcher.bat;Job;No;0;No;CTMSRV;CIDNRJ_B11INT_05_P;svce_cm;A_W_CID13;A_W_CID13;3smys
CID-CONTRACTUAL INVO;CIDNRJ_B11INT_05_P;CIDNRJ_B11INT_05_IMP01_P;"May 22, 2026";;;;Wait for Event;CONTRACTUAL INVO : Intégration du fichier BUDGETENERGY_xml dans CID;lance_INTERFACE.bat;Job;No;0;No;CTMSRV;CIDNRJ_B11INT_05_P;svce_cm;A_W_CID13;A_W_CID13;3smyq
CID-CONTRACTUAL INVO;CIDNRJ_B11INT_05_P;CIDNRJ_B11INT_05_MOV01_P;"May 22, 2026";;;;Wait for Event;CID : Deplacement du fichier BUDGETENERGY_xml depuis le NAS EDF;MOV_Multi_Generique_DKA.bat;Job;No;0;No;CTMSRV;CIDNRJ_B11INT_05_P;svce_cm;A_W_CID13;A_W_CID13;3smyp
CID-CONTRACTUAL INVO;CIDNRJ_B11INT_05_P;CIDNRJ_B11INT_05_P;"May 22, 2026";;;0000;Wait for Event;SEE FAC02: Gestion du flux BUDGETENERGY;;SMART Table;No;0;No;CTMSRV;CIDNRJ_B11INT_05_P;;;;3smyo
CID-CONTRACTUAL INVO;CIDNRJ_F11INT_05_Q;CIDNRJ_F11INT_05_CON01_Q;"May 22, 2026";;;;Wait for Event;Controle du type de fichier recu et ren _ concat;CIDConcat.cmd;Job;No;0;No;CTMSRV;CIDNRJ_F11INT_05_Q;svce_cm;A_W_CID13;A_W_CID13;3snt6
CID-CONTRACTUAL INVO;CIDNRJ_F11INT_05_Q;CIDNRJ_F11INT_05_FWT01_Q;"May 22, 2026";;;;Wait for Event;Scrutation du fichier;FileWatcher_CID.bat;Job;No;0;No;CTMSRV;CIDNRJ_F11INT_05_Q;svce_cm;A_W_CID13;A_W_CID13;3snt5
CID-CONTRACTUAL INVO;CIDNRJ_F11INT_05_Q;CIDNRJ_F11INT_05_IMP01_Q;"May 22, 2026";;;;Wait for Event;integration ene_station   du fichier L00YL_NF;Lance_INTERFACE.bat;Job;No;0;No;CTMSRV;CIDNRJ_F11INT_05_Q;svce_cm;A_W_CID13;A_W_CID13;3snt7
CID-CONTRACTUAL INVO;CIDNRJ_F12INT_05_Q;CIDNRJ_F12INT_05_CON01_Q;"May 22, 2026";;;;Wait for Event;Controle du type de fichier recu et ren _ concat;CIDConcat.cmd;Job;No;0;No;CTMSRV;CIDNRJ_F12INT_05_Q;svce_cm;A_W_CID13;A_W_CID13;3soqs
CID-CONTRACTUAL INVO;CIDNRJ_F12INT_05_Q;CIDNRJ_F12INT_05_FWT01_Q;"May 22, 2026";;;;Wait for Event;Scrutation du fichier;FileWatcher_CID.bat;Job;No;0;No;CTMSRV;CIDNRJ_F12INT_05_Q;svce_cm;A_W_CID13;A_W_CID13;3soqr
CID-CONTRACTUAL INVO;CIDNRJ_F12INT_05_Q;CIDNRJ_F12INT_05_IMP01_Q;"May 22, 2026";;;;Wait for Event;integration ene_station   du fichier L00YM_NF_*;Lance_INTERFACE.bat;Job;No;0;No;CTMSRV;CIDNRJ_F12INT_05_Q;svce_cm;A_W_CID13;A_W_CID13;3soqt
CID-CONTRACTUAL INVO;CIDNRJ_J11INT_05_Q;CIDNRJ_J11INT_05_FW01_Q;"May 22, 2026";;;;Wait for Event;CID : Scrutation du fichier PATRIMOINEENERGYde la PFE au serveur CID;FileWatcher.bat;Job;No;0;No;CTMSRV;CIDNRJ_J11INT_05_Q;svce_cm;A_W_CID13;A_W_CID13;3sou3
CID-CONTRACTUAL INVO;CIDNRJ_J11INT_05_Q;CIDNRJ_J11INT_05_FW02_Q;"May 22, 2026";;;;Wait for Event;CID : Scrutation du fichier CEFM_.*xmll de la PFE au serveur CID;FileWatcher.bat;Job;No;0;No;CTMSRV;CIDNRJ_J11INT_05_Q;svce_cm;A_W_CID13;A_W_CID13;3sou4
CID-CONTRACTUAL INVO;CIDNRJ_J11INT_05_Q;CIDNRJ_J11INT_05_FW03_Q;"May 22, 2026";;;;Wait for Event;CID : Scrutation du fichier EVENEMENTSENERGY de la PFE au serveur CID (20h30);FileWatcher.bat;Job;No;0;No;CTMSRV;CIDNRJ_J11INT_05_Q;svce_cm;A_W_CID13;A_W_CID13;3sou5
CID-CONTRACTUAL INVO;CIDNRJ_J11INT_05_Q;CIDNRJ_J11INT_05_FW04_Q;"May 22, 2026";;;;Wait for Event;CID : Scrutation du fichier EVENEMENTSENERGY de la PFE au serveur CID;FileWatcher.bat;Job;No;0;No;CTMSRV;CIDNRJ_J11INT_05_Q;svce_cm;A_W_CID13;A_W_CID13;3sou6
CID-CONTRACTUAL INVO;CIDNRJ_J11INT_05_Q;CIDNRJ_J11INT_05_FW05_Q;"May 22, 2026";;;;Wait for Event;CID : Scrutation du fichier EVENEMENTSENERGY de la PFE au serveur CID (22h45);FileWatcher.bat;Job;No;0;No;CTMSRV;CIDNRJ_J11INT_05_Q;svce_cm;A_W_CID13;A_W_CID13;3sou8
CID-CONTRACTUAL INVO;CIDNRJ_J11INT_05_Q;CIDNRJ_J11INT_05_FW06_Q;"May 22, 2026";;;;Wait for Event;CID : Scrutation du fichier EVENEMENTSENERGY de la PFE au serveur CID;FileWatcher.bat;Job;No;0;No;CTMSRV;CIDNRJ_J11INT_05_Q;svce_cm;A_W_CID13;A_W_CID13;3soua
CID-CONTRACTUAL INVO;CIDNRJ_J11INT_05_Q;CIDNRJ_J11INT_05_IMP01_Q;"May 22, 2026";;;;Wait for Event;CONTRACTUAL INVO : Intégration du fichier PATRIMOINEENERGY dans CID;lance_INTERFACE.bat;Job;No;0;No;CTMSRV;CIDNRJ_J11INT_05_Q;svce_cm;A_W_CID13;A_W_CID13;3sotz
CID-CONTRACTUAL INVO;CIDNRJ_J11INT_05_Q;CIDNRJ_J11INT_05_IMP02_Q;"May 22, 2026";;;;Wait for Event;CONTRACTUAL INVO : Intégration du fichier EVENEMENTSENERGY dans CID (20h30);lance_INTERFACE.bat;Job;No;0;No;CTMSRV;CIDNRJ_J11INT_05_Q;svce_cm;A_W_CID13;A_W_CID13;3sou2
CID-CONTRACTUAL INVO;CIDNRJ_J11INT_05_Q;CIDNRJ_J11INT_05_IMP03_Q;"May 22, 2026";;;;Wait for Event;CONTRACTUAL INVO : Intégration du fichier EVENEMENTSENERGY dans CID (22h45);lance_INTERFACE.bat;Job;No;0;No;CTMSRV;CIDNRJ_J11INT_05_Q;svce_cm;A_W_CID13;A_W_CID13;3sou7
CID-CONTRACTUAL INVO;CIDNRJ_J11INT_05_Q;CIDNRJ_J11INT_05_MOV01_Q;"May 22, 2026";;;;Wait for Event;CID : Deplacement du fichier PATRIMOINEENERGY_*.xml depuis le NAS EDF;MOV_Multi_Generique_DKA.bat;Job;No;0;No;CTMSRV;CIDNRJ_J11INT_05_Q;svce_cm;A_W_CID13;A_W_CID13;3sou0
CID-CONTRACTUAL INVO;CIDNRJ_J11INT_05_Q;CIDNRJ_J11INT_05_MOV02_Q;"May 22, 2026";;;;Wait for Event;CID : Deplacement du fichier EVENEMENTSENERGY_*.xml depuis le NAS EDF (20h30);MOV_Multi_Generique_DKA.bat;Job;No;0;No;CTMSRV;CIDNRJ_J11INT_05_Q;svce_cm;A_W_CID13;A_W_CID13;3sou1
CID-CONTRACTUAL INVO;CIDNRJ_J11INT_05_Q;CIDNRJ_J11INT_05_MOV03_Q;"May 22, 2026";;;;Wait for Event;CID : Deplacement du fichier EVENEMENTSENERGY_*.xml depuis le NAS EDF (22h45);MOV_Multi_Generique_DKA.bat;Job;No;0;No;CTMSRV;CIDNRJ_J11INT_05_Q;svce_cm;A_W_CID13;A_W_CID13;3sou9
CID-CONTRACTUAL INVO;CIDNRJ_J11INT_05_Q;CIDNRJ_J11INT_05_Q;"May 22, 2026";;;;Wait for Event;SEE FAC02: Gestion des flux PATRIMOINEENERGY et EVENEMENTSENERGY;;SMART Table;No;0;No;CTMSRV;CIDNRJ_J11INT_05_Q;;;;3soty
CID-CONTRACTUAL INVO;CIDOAP_F11GEN_06_Q;CIDOAP_F11GEN_06_EXP01_Q;"May 22, 2026";;;;Wait for Event;CID Export des ecritures comptables AR;BATCH_Generique_DKA.bat;Job;No;0;No;CTMSRV;CIDOAP_F11GEN_06_Q;svce_cm;A_W_CID12;A_W_CID12;3snno
CID-CONTRACTUAL INVO;CIDOAP_F11GEN_06_Q;CIDOAP_F11GEN_06_EXP02_Q;"May 22, 2026";;;;Wait for Event;CID Export des ecritures comptables AP;BATCH_Generique_DKA.bat;Job;No;0;No;CTMSRV;CIDOAP_F11GEN_06_Q;svce_cm;A_W_CID12;A_W_CID12;3snnp
CID-CONTRACTUAL INVO;CIDOAP_F11GEN_06_Q;CIDOAP_F11GEN_06_EXP03_Q;"May 22, 2026";;;;Wait for Event;CID Export des ecritures comptables GL (Individuelle);BATCH_Generique_DKA.bat;Job;No;0;No;CTMSRV;CIDOAP_F11GEN_06_Q;svce_cm;A_W_CID12;A_W_CID12;3snnq
CID-CONTRACTUAL INVO;CIDOAP_F11GEN_06_Q;CIDOAP_F11GEN_06_MOV01_Q;"May 22, 2026";;;;Wait for Event;CID : Deplacement des fichiers donnees Ecritures AR vers EAI;MOV_Generique_DKA.bat;Job;No;0;No;CTMSRV;CIDOAP_F11GEN_06_Q;svce_cm;A_W_CID12;A_W_CID12;3snnr
CID-CONTRACTUAL INVO;CIDOAP_F11GEN_06_Q;CIDOAP_F11GEN_06_MOV02_Q;"May 22, 2026";;;;Wait for Event;CID : Deplacement des fichiers donnees Ecritures AR vers EAI;MOV_Generique_DKA.bat;Job;No;0;No;CTMSRV;CIDOAP_F11GEN_06_Q;svce_cm;A_W_CID12;A_W_CID12;3snns
CID-CONTRACTUAL INVO;CIDOAP_F11GEN_06_Q;CIDOAP_F11GEN_06_MOV03_Q;"May 22, 2026";;;;Wait for Event;CID : Deplacement des fichiers donnees Ecritures AP vers EAI;MOV_Generique_DKA.bat;Job;No;0;No;CTMSRV;CIDOAP_F11GEN_06_Q;svce_cm;A_W_CID12;A_W_CID12;3snnt
CID-CONTRACTUAL INVO;CIDOAP_F11GEN_06_Q;CIDOAP_F11GEN_06_MOV04_Q;"May 22, 2026";;;;Wait for Event;CID : Deplacement des fichiers donnees Ecritures AP vers EAI;MOV_Generique_DKA.bat;Job;No;0;No;CTMSRV;CIDOAP_F11GEN_06_Q;svce_cm;A_W_CID12;A_W_CID12;3snnu
CID-CONTRACTUAL INVO;CIDOAP_F11GEN_06_Q;CIDOAP_F11GEN_06_MOV05_Q;"May 22, 2026";;;;Wait for Event;CID : Deplacement des fichiers donnees Ecritures GL vers EAI (Individuelle);MOV_Generique_DKA.bat;Job;No;0;No;CTMSRV;CIDOAP_F11GEN_06_Q;svce_cm;A_W_CID12;A_W_CID12;3snnv
CID-CONTRACTUAL INVO;CIDOAP_F11GEN_06_Q;CIDOAP_F11GEN_06_MOV06_Q;"May 22, 2026";;;;Wait for Event;CID : Deplacement des fichiers donnees Ecritures GL vers EAI (Individuelle);MOV_Generique_DKA.bat;Job;No;0;No;CTMSRV;CIDOAP_F11GEN_06_Q;svce_cm;A_W_CID12;A_W_CID12;3snnw
CID-CONTRACTUAL INVO;CIDOAP_F11GEN_06_Q;CIDOAP_F11GEN_06_Q;"May 22, 2026";"May 22, 2026 1:30:12 PM";;;Executing;;;SMART Table;No;1;No;CTMSRV;CIDOAP_F11GEN_06_Q;;;;3snnn
CID-CONTRACTUAL INVO;CIDPEL_F11GEN_06_Q;CIDPEL_F11GEN_06_CPY01_Q;"May 22, 2026";;;;Wait for Event;G9 DTR  PEL facturation - copie local du fichier PEC_FACTURE;Copy_CID_local.bat;Job;No;0;No;CTMSRV;CIDPEL_F11GEN_06_Q;svce_cm;A_W_CID13;A_W_CID13;3somy
CID-CONTRACTUAL INVO;CIDPEL_F11GEN_06_Q;CIDPEL_F11GEN_06_EXP01_Q;"May 22, 2026";;;;Wait for Event;G9 DTR  PEL contrat prestation;Lance_INTERFACE.bat;Job;No;0;No;CTMSRV;CIDPEL_F11GEN_06_Q;svce_cm;A_W_CID13;A_W_CID13;3somm
CID-CONTRACTUAL INVO;CIDPEL_F11GEN_06_Q;CIDPEL_F11GEN_06_EXP02_Q;"May 22, 2026";;;;Wait for Event;G9 DTR  PEL Affaire;Lance_INTERFACE.bat;Job;No;0;No;CTMSRV;CIDPEL_F11GEN_06_Q;svce_cm;A_W_CID13;A_W_CID13;3somn
CID-CONTRACTUAL INVO;CIDPEL_F11GEN_06_Q;CIDPEL_F11GEN_06_EXP03_Q;"May 22, 2026";;;;Wait for Event;G9 DTR  PEL FCP COMPTEUR;Lance_INTERFACE.bat;Job;No;0;No;CTMSRV;CIDPEL_F11GEN_06_Q;svce_cm;A_W_CID13;A_W_CID13;3somo
CID-CONTRACTUAL INVO;CIDPEL_F11GEN_06_Q;CIDPEL_F11GEN_06_EXP04_Q;"May 22, 2026";;;;Wait for Event;G9 DTR  PEL indice de revision;Lance_INTERFACE.bat;Job;No;0;No;CTMSRV;CIDPEL_F11GEN_06_Q;svce_cm;A_W_CID13;A_W_CID13;3somp
CID-CONTRACTUAL INVO;CIDPEL_F11GEN_06_Q;CIDPEL_F11GEN_06_EXP05_Q;"May 22, 2026";;;;Wait for Event;G9 DTR  PEL facturation;Lance_INTERFACE.bat;Job;No;0;No;CTMSRV;CIDPEL_F11GEN_06_Q;svce_cm;A_W_CID13;A_W_CID13;3somq
CID-CONTRACTUAL INVO;CIDPEL_F11GEN_06_Q;CIDPEL_F11GEN_06_EXP07_Q;"May 22, 2026";;;;Wait for Event;G9 DTR  PEL Interessement;Lance_INTERFACE.bat;Job;No;0;No;CTMSRV;CIDPEL_F11GEN_06_Q;svce_cm;A_W_CID13;A_W_CID13;3somr
CID-CONTRACTUAL INVO;CIDPEL_F11GEN_06_Q;CIDPEL_F11GEN_06_EXP08_Q;"May 22, 2026";;;;Wait for Event;G9 DTR  PEL valeur Indice;Lance_INTERFACE.bat;Job;No;0;No;CTMSRV;CIDPEL_F11GEN_06_Q;svce_cm;A_W_CID13;A_W_CID13;3soms
CID-CONTRACTUAL INVO;CIDPEL_F11GEN_06_Q;CIDPEL_F11GEN_06_EXP09_Q;"May 22, 2026";;;;Wait for Event;G9 DTR  PEL Utilisateur;Lance_INTERFACE.bat;Job;No;0;No;CTMSRV;CIDPEL_F11GEN_06_Q;svce_cm;A_W_CID13;A_W_CID13;3somt
CID-CONTRACTUAL INVO;CIDPEL_F11GEN_06_Q;CIDPEL_F11GEN_06_EXP10_Q;"May 22, 2026";;;;Wait for Event;G9 DTR  PEL BAPC;Lance_INTERFACE.bat;Job;No;0;No;CTMSRV;CIDPEL_F11GEN_06_Q;svce_cm;A_W_CID13;A_W_CID13;3somu
CID-CONTRACTUAL INVO;CIDPEL_F11GEN_06_Q;CIDPEL_F11GEN_06_EXP11_Q;"May 22, 2026";;;;Wait for Event;G9 DTR  PEL Instances;Lance_INTERFACE.bat;Job;No;0;No;CTMSRV;CIDPEL_F11GEN_06_Q;svce_cm;A_W_CID13;A_W_CID13;3somv
CID-CONTRACTUAL INVO;CIDPEL_F11GEN_06_Q;CIDPEL_F11GEN_06_EXP12_Q;"May 22, 2026";;;;Wait for Event;G9 DTR  PEL lignes Instances;Lance_INTERFACE.bat;Job;No;0;No;CTMSRV;CIDPEL_F11GEN_06_Q;svce_cm;A_W_CID13;A_W_CID13;3somw
CID-CONTRACTUAL INVO;CIDPEL_F11GEN_06_Q;CIDPEL_F11GEN_06_EXP13_Q;"May 22, 2026";;;;Wait for Event;G9 DTR  PEL BUDGET des ventes;Lance_INTERFACE.bat;Job;No;0;No;CTMSRV;CIDPEL_F11GEN_06_Q;svce_cm;A_W_CID13;A_W_CID13;3somx
CID-CONTRACTUAL INVO;CIDPEL_F11GEN_06_Q;CIDPEL_F11GEN_06_MOV01_Q;"May 22, 2026";;;;Wait for Event;CID :Transfert du fichier PEL FACTURE depuis CID pour FAC02.FACTURATIONCID;MOV_Multi_Generique_DKA.bat;Job;No;0;No;CTMSRV;CIDPEL_F11GEN_06_Q;svce_cm;A_W_CID13;A_W_CID13;3somz
CID-CONTRACTUAL INVO;CIDPEL_F11GEN_06_Q;CIDPEL_F11GEN_06_Q;"May 22, 2026";"May 22, 2026 1:30:11 PM";;;Executing;;;SMART Table;No;1;No;CTMSRV;CIDPEL_F11GEN_06_Q;;;;3soml
CID-CONTRACTUAL INVO;CIDPRN_J11GEN_06_Q;CIDPRN_J11GEN_06_EXP01_Q;"May 22, 2026";;;;Wait for Event;CID : G6 interface extraction indice revision  P2 P3;Lance_INTERFACE.bat;Job;No;0;No;CTMSRV;CIDPRN_J11GEN_06_Q;svce_cm;A_W_CID13;A_W_CID13;3soqi
CID-CONTRACTUAL INVO;CIDPRN_J11INT_05_Q;CIDPRN_J11INT_05_IMP01_Q;"May 22, 2026";;;;Wait for Event;CID Integration des avis reçu pendant la journee;Lance_INTERFACE.bat;Job;No;0;No;CTMSRV;CIDPRN_J11INT_05_Q;svce_cm;A_W_CID13;A_W_CID13;3smsl
CID-CONTRACTUAL INVO;CIDSIC_F11GEN_06_Q;CIDSIC_F11GEN_06_EXP01_Q;"May 22, 2026";;;;Wait for Event;G4 interface extraction contrat1;Lance_INTERFACE.bat;Job;No;0;No;CTMSRV;CIDSIC_F11GEN_06_Q;svce_cm;A_W_CID13;A_W_CID13;3so08
CID-CONTRACTUAL INVO;CIDSIC_F11GEN_06_Q;CIDSIC_F11GEN_06_EXP02_Q;"May 22, 2026";;;;Wait for Event;G4 interface extraction contrat2;Lance_INTERFACE.bat;Job;No;0;No;CTMSRV;CIDSIC_F11GEN_06_Q;svce_cm;A_W_CID13;A_W_CID13;3so09
CID-CONTRACTUAL INVO;CIDSIC_F11GEN_06_Q;CIDSIC_F11GEN_06_EXP03_Q;"May 22, 2026";;;;Wait for Event;G4 interface extraction contrat3;Lance_INTERFACE.bat;Job;No;0;No;CTMSRV;CIDSIC_F11GEN_06_Q;svce_cm;A_W_CID13;A_W_CID13;3so0a
CID-CONTRACTUAL INVO;CIDSIC_F11GEN_06_Q;CIDSIC_F11GEN_06_EXP05_Q;"May 22, 2026";;;;Wait for Event;G4 interface extraction contrat5;Lance_INTERFACE.bat;Job;No;0;No;CTMSRV;CIDSIC_F11GEN_06_Q;svce_cm;A_W_CID13;A_W_CID13;3so0b
CID-CONTRACTUAL INVO;CIDSIC_F11GEN_06_Q;CIDSIC_F11GEN_06_Q;"May 22, 2026";"May 22, 2026 1:30:11 PM";;;Executing;;;SMART Table;No;1;No;CTMSRV;CIDSIC_F11GEN_06_Q;;;;3so07
CIT-CITY;CITCID_J11INT_05_Q;CITCID_J11INT_05_CPY01_Q;"May 22, 2026";;;;Wait for Event;Copie du fichier liens projet-partenaire de PFE vers repertoire donnees entrantes CITY;Copy_EAI_CIT.bat;Job;No;0;No;CTMSRV;CITCID_J11INT_05_Q;svce_cm;A_W_CIT12;A_W_CIT12;3snd5
CIT-CITY;CITCID_J11INT_05_Q;CITCID_J11INT_05_FWT01_Q;"May 22, 2026";;;;Wait for Event;CITY Scrutation du fichier LienPartenaireProjet_yyyyMMdd.csv sur PFE;FileWatcher.bat;Job;No;0;No;CTMSRV;CITCID_J11INT_05_Q;svce_cm;A_W_CIT12;A_W_CIT12;3snd4
CIT-CITY;CITCID_J11INT_05_Q;CITCID_J11INT_05_IMP01_Q;"May 22, 2026";;;;Wait for Event;Integration donnees du fichier lien code D-client dans l'application CITY;lance_Traitement_Interne.bat;Job;No;0;No;CTMSRV;CITCID_J11INT_05_Q;adm-citbatch;A_W_CIT12;A_W_CIT12;3snd6
CIT-CITY;CITCIT_E11STP_01_Q;CITCIT_E11STP_01_ARR01_Q;"May 22, 2026";;;;Wait for Event;ARRET  city : STOP  (WDKCITP11);application.stop.bat;Job;No;0;No;CTMSRV;CITCIT_E11STP_01_Q;svce_cm;A_W_CIT11;A_W_CIT11;3so2f
CIT-CITY;CITCIT_E11STR_02_Q;CITCIT_E11STR_02_DEM01_Q;"May 22, 2026";;;;Wait for Event;DEMMARAGE city: START (WDKCITP11);application.start.bat;Job;No;0;No;CTMSRV;CITCIT_E11STR_02_Q;svce_cm;A_W_CIT11;A_W_CIT11;3smtk
CIT-CITY;CITCIT_J11TEC_04_Q;CITCIT_J11TEC_04_DEB01_Q;"May 22, 2026";;;;Wait for Event;Jalon de demarrage 01h00 de la production CITY;Jalon de demarrage 01h00 de la production CITY;Dummy;No;0;No;CTMSRV;CITCIT_J11TEC_04_Q;svce_cm;;;3sooj
CIT-CITY;CITCIT_J11TRT_04_Q;CITCIT_J11TRT_04_WRK01_Q;"May 22, 2026";;;;Wait for Event;CITY Numerotation des factures validees;lance_Traitement_Interne.bat;Job;No;0;No;CTMSRV;CITCIT_J11TRT_04_Q;adm-citbatch;A_W_CIT12;A_W_CIT12;3sotc
CIT-CITY;CITCIT_J12TEC_04_Q;CITCIT_J12TEC_04_FJA01_Q;"May 22, 2026";;;;Wait for Event;CITY Fin des interfaces ENTRANTES;CITY Fin des interfaces ENTRANTES;Dummy;No;0;No;CTMSRV;CITCIT_J12TEC_04_Q;svce_cm;;;3smr1
CIT-CITY;CITCIT_J12TRT_04_Q;CITCIT_J12TRT_04_WRK01_Q;"May 22, 2026";;;;Wait for Event;CITY Production des fichiers pdf pour les factures precedemment numerotees;lance_Traitement_Interne.bat;Job;No;0;No;CTMSRV;CITCIT_J12TRT_04_Q;adm-citbatch;A_W_CIT12;A_W_CIT12;3snjl
CIT-CITY;CITCIT_J13TEC_04_Q;CITCIT_J13TEC_04_DEB01_Q;"May 22, 2026";;;;Wait for Event;CITY Debut des sortants Docapost et amonts;CITY Debut des sortants Docapost et amonts;Dummy;No;0;No;CTMSRV;CITCIT_J13TEC_04_Q;svce_cm;;;3sna3
CIT-CITY;CITCIT_J14TEC_04_Q;CITCIT_J14TEC_04_DEB01_Q;"May 22, 2026";;;;Wait for Event;CITY Debut des sortants compta et décisionnel;CITY Debut des sortants compta et décisionnel;Dummy;No;0;No;CTMSRV;CITCIT_J14TEC_04_Q;svce_cm;;;3soip
CIT-CITY;CITCIT_J15TEC_04_Q;CITCIT_J15TEC_04_FJA01_Q;"May 22, 2026";;;;Wait for Event;CITY Fin des interfaces SORTANTES;CITY Fin des interfaces SORTANTES;Dummy;No;0;No;CTMSRV;CITCIT_J15TEC_04_Q;svce_cm;;;3smtt
CIT-CITY;CITCIT_J16TEC_04_Q;CITCIT_J16TEC_04_FJA01_Q;"May 22, 2026";;;;Wait for Event;CITY Jalon de fin de la production;CITY Jalon de fin de la production;Dummy;No;0;No;CTMSRV;CITCIT_J16TEC_04_Q;svce_cm;;;3soo2
CIT-CITY;CITEXT_J11GEN_06_Q;CITEXT_J11GEN_06_CPY02_Q;"May 22, 2026";;;;Wait for Event;CITY Deplacement du fichier Factures_EDI_travaux_aaaammjj.zip vers NAS;CITEXT_J11GEN_06_CPY02_Q.bat;Job;No;0;No;CTMSRV;CITEXT_J11GEN_06_Q;svce_cm;A_W_CIT12;A_W_CIT12;3so26
CIT-CITY;CITEXT_J11GEN_06_Q;CITEXT_J11GEN_06_WRK01_Q;"May 22, 2026";;;;Wait for Event;CITY Generation du fichier pilote;lance_Traitement_Interne.bat;Job;No;0;No;CTMSRV;CITEXT_J11GEN_06_Q;adm-citbatch;A_W_CIT12;A_W_CIT12;3so24
CIT-CITY;CITEXT_J11GEN_06_Q;CITEXT_J11GEN_06_ZIP02_Q;"May 22, 2026";;;;Wait for Event;CITY Creation du fichier Factures_EDI_travaux_aaaammjj.zip;CITEXT_J11GEN_06_ZIP02_Q.bat;Job;No;0;No;CTMSRV;CITEXT_J11GEN_06_Q;svce_cm;A_W_CIT12;A_W_CIT12;3so25
CIT-CITY;CITEXT_J12INT_05_Q;CITEXT_J12INT_05_IMP01_Q;"May 22, 2026";;;;Wait for Event;CITY: Integration fichier STATUTSSERENSIA.FAC02;FluxRetourSerensia.bat;Job;No;0;No;CTMSRV;CITEXT_J12INT_05_Q;svce_cm;A_W_CIT12;A_W_CIT12;3sn3s
CIT-CITY;CITEXT_J12INT_05_Q;CITEXT_J12INT_05_MOV01_Q;"May 22, 2026";;;0000;Wait for Event;CITY : Transfert du fichier  STATUTSSERENSIA.HEF01 de la PFE vers le serveur CITY;MOVOUT_Generique_DKA.bat;Job;No;0;No;CTMSRV;CITEXT_J12INT_05_Q;svce_cm;A_W_CIT12;A_W_CIT12;3sn3r
CIT-CITY;CITOAF_J11GEN_06_Q;CITOAF_J11GEN_06_MOV01_Q;"May 22, 2026";;;;Wait for Event;CITY : Deplacement des fichiers donnees Ecritures AR vers EAI;MOV_Generique_DKA.bat;Job;No;0;No;CTMSRV;CITOAF_J11GEN_06_Q;svce_cm;A_W_CIT12;A_W_CIT12;3socr
CIT-CITY;CITOAF_J11GEN_06_Q;CITOAF_J11GEN_06_MOV02_Q;"May 22, 2026";;;;Wait for Event;CITY : Deplacement des fichiers controle Ecritures AR vers EAI;MOV_Generique_DKA.bat;Job;No;0;No;CTMSRV;CITOAF_J11GEN_06_Q;svce_cm;A_W_CIT12;A_W_CIT12;3socs
CIT-CITY;CITOAF_J11GEN_06_Q;CITOAF_J11GEN_06_MOV03_Q;"May 22, 2026";;;;Wait for Event;CITY : Deplacement des fichiers donnees Ecritures AP vers EAI;MOV_Generique_DKA.bat;Job;No;0;No;CTMSRV;CITOAF_J11GEN_06_Q;svce_cm;A_W_CIT12;A_W_CIT12;3soct
CIT-CITY;CITOAF_J11GEN_06_Q;CITOAF_J11GEN_06_MOV04_Q;"May 22, 2026";;;;Wait for Event;CITY : Deplacement des fichiers controle Ecritures AP vers EAI;MOV_Generique_DKA.bat;Job;No;0;No;CTMSRV;CITOAF_J11GEN_06_Q;svce_cm;A_W_CIT12;A_W_CIT12;3socu
CIT-CITY;CITOAF_J11GEN_06_Q;CITOAF_J11GEN_06_WRK01_Q;"May 22, 2026";;;;Wait for Event;CITY Generation des fichiers pour la compta Vente (AR);lance_Traitement_Interne.bat;Job;No;0;No;CTMSRV;CITOAF_J11GEN_06_Q;adm-citbatch;A_W_CIT12;A_W_CIT12;3socv
CIT-CITY;CITOAF_J11GEN_06_Q;CITOAF_J11GEN_06_WRK02_Q;"May 22, 2026";;;;Wait for Event;CITY Generation des fichiers pour la compta Achat (AP);lance_Traitement_Interne.bat;Job;No;0;No;CTMSRV;CITOAF_J11GEN_06_Q;adm-citbatch;A_W_CIT12;A_W_CIT12;3socq
CIT-CITY;CITOAF_J11INT_05_Q;CITOAF_J11INT_05_IMP01_Q;"May 22, 2026";;;;Wait for Event;Integration donnees du fichier societe dans l'application CITY;lance_Traitement_Interne.bat;Dummy;No;0;No;CTMSRV;CITOAF_J11INT_05_Q;adm-citbatch;A_W_CIT12;A_W_CIT12;3snht
CIT-CITY;CITOAF_J11INT_05_Q;CITOAF_J11INT_05_MOV01_Q;"May 22, 2026";;;;Wait for Event;CITY Deplacement du fichier societe de l'EAI vers repertoire donnees entrantes;MOV_REN_Generique_DKA.bat;Dummy;No;0;No;CTMSRV;CITOAF_J11INT_05_Q;svce_cm;A_W_CIT12;A_W_CIT12;3snhs
CIT-CITY;CITPEL_J11GEN_06_Q;CITPEL_J11GEN_06_CPY01_Q;"May 22, 2026";;;;Wait for Event;CITY Copie des fichiers DOSSIER pour les applications amont;MOV_REN_Generique_DKA.bat;Job;No;0;No;CTMSRV;CITPEL_J11GEN_06_Q;adm-citbatch;A_W_CIT12;A_W_CIT12;3smya
CIT-CITY;CITPEL_J11GEN_06_Q;CITPEL_J11GEN_06_CPY02_Q;"May 22, 2026";;;;Wait for Event;CITY Copie des fichiers DEVIS pour les applications amont;MOV_REN_Generique_DKA.bat;Job;No;0;No;CTMSRV;CITPEL_J11GEN_06_Q;adm-citbatch;A_W_CIT12;A_W_CIT12;3smyb
CIT-CITY;CITPEL_J11GEN_06_Q;CITPEL_J11GEN_06_CPY03_Q;"May 22, 2026";;;;Wait for Event;CITY Copie des fichiers FACTURE pour les applications amont;MOV_REN_Generique_DKA.bat;Job;No;0;No;CTMSRV;CITPEL_J11GEN_06_Q;adm-citbatch;A_W_CIT12;A_W_CIT12;3smyc
CIT-CITY;CITPEL_J11GEN_06_Q;CITPEL_J11GEN_06_CPY04_Q;"May 22, 2026";;;;Wait for Event;CITY Copie des fichiers CTL DOSSIER pour les applications amont;MOV_REN_Generique_DKA.bat;Job;No;0;No;CTMSRV;CITPEL_J11GEN_06_Q;adm-citbatch;A_W_CIT12;A_W_CIT12;3smyd
CIT-CITY;CITPEL_J11GEN_06_Q;CITPEL_J11GEN_06_CPY05_Q;"May 22, 2026";;;;Wait for Event;CITY Copie des fichiers CTL DEVIS pour les applications amont;MOV_REN_Generique_DKA.bat;Job;No;0;No;CTMSRV;CITPEL_J11GEN_06_Q;adm-citbatch;A_W_CIT12;A_W_CIT12;3smye
CIT-CITY;CITPEL_J11GEN_06_Q;CITPEL_J11GEN_06_CPY06_Q;"May 22, 2026";;;;Wait for Event;CITY Copie des fichiers CTL FACTURE pour les applications amont;MOV_REN_Generique_DKA.bat;Job;No;0;No;CTMSRV;CITPEL_J11GEN_06_Q;adm-citbatch;A_W_CIT12;A_W_CIT12;3smyf
CIT-CITY;CITPEL_J11GEN_06_Q;CITPEL_J11GEN_06_WRK01_Q;"May 22, 2026";;;;Wait for Event;CITY Generation des fichiers pour les applications amont;lance_Traitement_Interne.bat;Job;No;0;No;CTMSRV;CITPEL_J11GEN_06_Q;adm-citbatch;A_W_CIT12;A_W_CIT12;3smy9
CIT-CITY;CITXXX_J11FLX_07_Q;CITXXX_J11FLX_07_FTP01_Q;"May 22, 2026";;;;Wait for Event;CITY Copie des fichiers pdf vers le serveur de fichier EAI;lance_Traitement_Interne.bat;Job;No;0;No;CTMSRV;CITXXX_J11FLX_07_Q;svce_cm;A_W_CIT12;A_W_CIT12;3sn5c
CIT-CITY;CITXXX_J11GEN_06_Q;CITXXX_J11GEN_06_CPY01_Q;"May 22, 2026";;;;Wait for Event;CITY Copie du fichier xml facture vers PFE;MOV_Generique_DKA.bat;Job;No;0;No;CTMSRV;CITXXX_J11GEN_06_Q;svce_cm;A_W_CIT12;A_W_CIT12;3snqi
CIT-CITY;CITXXX_J11GEN_06_Q;CITXXX_J11GEN_06_WRK01_Q;"May 22, 2026";;;;Wait for Event;CITY Generation du fichier xml facture pour les amonts devis;lance_Traitement_Interne.bat;Job;No;0;No;CTMSRV;CITXXX_J11GEN_06_Q;svce_cm;A_W_CIT12;A_W_CIT12;3snqh
CIT-CITY;CITXXX_J11TEC_07_Q;CITXXX_J11TEC_07_ARC01_Q;"May 22, 2026";;;;Wait for Event;Archivage du fichier Factures_EDI_travaux_*.zip;CITXXX_J11TEC_07_ARC01_Q.bat;Job;No;0;No;CTMSRV;CITXXX_J11TEC_07_Q;svce_cm;A_W_CIT12;A_W_CIT12;3sovi
CIT-CITY;CITXXX_J11TEC_07_Q;CITXXX_J11TEC_07_PUR01_Q;"May 22, 2026";;;;Wait for Event;Purge de fichier .pdf .txt;CITXXX_J11TEC_07_PUR01_Q.bat;Job;No;0;No;CTMSRV;CITXXX_J11TEC_07_Q;svce_cm;A_W_CIT12;A_W_CIT12;3sovh
CIT-CITY;CITXXX_J11TEC_07_Q;CITXXX_J11TEC_07_PUR02_Q;"May 22, 2026";;;;Wait for Event;Purge de fichier zip;CITXXX_J11TEC_07_PUR02_Q.bat;Job;No;0;No;CTMSRV;CITXXX_J11TEC_07_Q;svce_cm;A_W_CIT12;A_W_CIT12;3sovj
CRT-CRT;CRTCRT_E21TEC_V1_Q;CRTCRT_E21TEC_V1_PUR01_Q;"May 22, 2026";;;;Wait for Event;Purge des logs;PURGE_FICHIER.exe;Job;No;0;No;CTMSRV;CRTCRT_E21TEC_V1_Q;crtuser;wdkcrtv1p03;wdkcrtv1p03;3so5j
CRT-CRT;CRTCRT_E21TEC_V1_Q;CRTCRT_E21TEC_V1_Q;"May 22, 2026";"May 22, 2026 1:30:11 PM";;;Executing;Chaine de purge  des logs sur le serveur WDKMOSVP03;;SMART Table;No;1;No;CTMSRV;CRTCRT_E21TEC_V1_Q;;;;3so5i
CRT-CRT;CRTCRT_E21TEC_XX_Q;CRTCRT_E21TEC_XX_ARC01_Q;"May 22, 2026";"May 22, 2026 1:30:10 PM";"May 22, 2026 1:30:12 PM";;Wait for Event;Archivage des logs;Archivage_Logs_BridgeClient.bat;Job;No;1;Yes;CTMSRV;CRTCRT_E21TEC_XX_Q;crtuser;wdkcrttdp03;wdkcrttdp03;3smxq
CRT-CRT;CRTCRT_E21TEC_XX_Q;CRTCRT_E21TEC_XX_ARC01_Q;"May 22, 2026";"May 22, 2026 1:30:10 PM";"May 22, 2026 1:30:12 PM";;Wait for Event;Archivage des logs;Archivage_Logs_BridgeClient.bat;Job;No;1;Yes;CTMSRV;CRTCRT_E21TEC_XX_Q;crtuser;wdkcrttmp01;wdkcrttmp01;3smxw
CRT-CRT;CRTCRT_E21TEC_XX_Q;CRTCRT_E21TEC_XX_ARC01_Q;"May 22, 2026";"May 22, 2026 1:30:10 PM";"May 22, 2026 1:30:12 PM";;Wait for Event;Archivage des logs;Archivage_Logs_BridgeClient.bat;Job;No;1;Yes;CTMSRV;CRTCRT_E21TEC_XX_Q;crtuser;wdkcrttmp03;wdkcrttmp03;3smxy
CRT-CRT;CRTCRT_E21TEC_XX_Q;CRTCRT_E21TEC_XX_ARC01_Q;"May 22, 2026";"May 22, 2026 1:30:10 PM";"May 22, 2026 1:30:13 PM";;Wait for Event;Archivage des logs;Archivage_Logs_BridgeClient.bat;Job;No;1;Yes;CTMSRV;CRTCRT_E21TEC_XX_Q;crtuser;wdkcrttdp01;wdkcrttdp01;3smxo
CRT-CRT;CRTCRT_E21TEC_XX_Q;CRTCRT_E21TEC_XX_ARC01_Q;"May 22, 2026";"May 22, 2026 1:30:10 PM";"May 22, 2026 1:30:13 PM";;Wait for Event;Archivage des logs;Archivage_Logs_BridgeClient.bat;Job;No;1;Yes;CTMSRV;CRTCRT_E21TEC_XX_Q;crtuser;wdkcrttmp02;wdkcrttmp02;3smxx
CRT-CRT;CRTCRT_E21TEC_XX_Q;CRTCRT_E21TEC_XX_ARC01_Q;"May 22, 2026";"May 22, 2026 1:30:10 PM";"May 22, 2026 1:30:13 PM";;Wait for Event;Archivage des logs;Archivage_Logs_BridgeClient.bat;Job;No;1;Yes;CTMSRV;CRTCRT_E21TEC_XX_Q;crtuser;wdkcrttmp05;wdkcrttmp05;3smy0
CRT-CRT;CRTCRT_E21TEC_XX_Q;CRTCRT_E21TEC_XX_ARC01_Q;"May 22, 2026";"May 22, 2026 1:30:10 PM";"May 22, 2026 1:30:14 PM";;Wait for Event;Archivage des logs;Archivage_Logs_BridgeClient.bat;Job;No;1;Yes;CTMSRV;CRTCRT_E21TEC_XX_Q;crtuser;wdkcrttdp04;wdkcrttdp04;3smxr
CRT-CRT;CRTCRT_E21TEC_XX_Q;CRTCRT_E21TEC_XX_ARC01_Q;"May 22, 2026";"May 22, 2026 1:30:10 PM";"May 22, 2026 1:30:14 PM";;Wait for Event;Archivage des logs;Archivage_Logs_BridgeClient.bat;Job;No;1;Yes;CTMSRV;CRTCRT_E21TEC_XX_Q;crtuser;wdkcrttdp05;wdkcrttdp05;3smxs
CRT-CRT;CRTCRT_E21TEC_XX_Q;CRTCRT_E21TEC_XX_ARC01_Q;"May 22, 2026";"May 22, 2026 1:30:10 PM";"May 22, 2026 1:30:14 PM";;Wait for Event;Archivage des logs;Archivage_Logs_BridgeClient.bat;Job;No;1;Yes;CTMSRV;CRTCRT_E21TEC_XX_Q;crtuser;wdkcrttdp06;wdkcrttdp06;3smxt
CRT-CRT;CRTCRT_E21TEC_XX_Q;CRTCRT_E21TEC_XX_ARC01_Q;"May 22, 2026";"May 22, 2026 1:30:10 PM";"May 22, 2026 1:30:16 PM";;Wait for Event;Archivage des logs;Archivage_Logs_BridgeClient.bat;Job;No;1;Yes;CTMSRV;CRTCRT_E21TEC_XX_Q;crtuser;wdkcrttcp02;wdkcrttcp02;3smxm
CRT-CRT;CRTCRT_E21TEC_XX_Q;CRTCRT_E21TEC_XX_ARC01_Q;"May 22, 2026";"May 22, 2026 1:30:10 PM";"May 22, 2026 1:30:16 PM";;Wait for Event;Archivage des logs;Archivage_Logs_BridgeClient.bat;Job;No;1;Yes;CTMSRV;CRTCRT_E21TEC_XX_Q;crtuser;wdkcrttdp02;wdkcrttdp02;3smxp
CRT-CRT;CRTCRT_E21TEC_XX_Q;CRTCRT_E21TEC_XX_ARC01_Q;"May 22, 2026";"May 22, 2026 1:30:10 PM";"May 22, 2026 1:30:16 PM";;Wait for Event;Archivage des logs;Archivage_Logs_BridgeClient.bat;Job;No;1;Yes;CTMSRV;CRTCRT_E21TEC_XX_Q;crtuser;wdkcrttgp01;wdkcrttgp01;3smxv
CRT-CRT;CRTCRT_E21TEC_XX_Q;CRTCRT_E21TEC_XX_ARC01_Q;"May 22, 2026";"May 22, 2026 1:30:10 PM";"May 22, 2026 1:30:17 PM";;Wait for Event;Archivage des logs;Archivage_Logs_BridgeClient.bat;Job;No;1;Yes;CTMSRV;CRTCRT_E21TEC_XX_Q;crtuser;wdkcrttcp01;wdkcrttcp01;3smxl
CRT-CRT;CRTCRT_E21TEC_XX_Q;CRTCRT_E21TEC_XX_ARC01_Q;"May 22, 2026";"May 22, 2026 1:30:10 PM";"May 22, 2026 1:30:17 PM";;Wait for Event;Archivage des logs;Archivage_Logs_BridgeClient.bat;Job;No;1;Yes;CTMSRV;CRTCRT_E21TEC_XX_Q;crtuser;wdkcrttcp03;wdkcrttcp03;3smxn
CRT-CRT;CRTCRT_E21TEC_XX_Q;CRTCRT_E21TEC_XX_ARC01_Q;"May 22, 2026";"May 22, 2026 1:30:10 PM";"May 22, 2026 1:30:17 PM";;Wait for Event;Archivage des logs;Archivage_Logs_BridgeClient.bat;Job;No;1;Yes;CTMSRV;CRTCRT_E21TEC_XX_Q;crtuser;wdkcrttmp04;wdkcrttmp04;3smxz
CRT-CRT;CRTCRT_E21TEC_XX_Q;CRTCRT_E21TEC_XX_ARC01_Q;"May 22, 2026";"May 22, 2026 1:30:10 PM";"May 22, 2026 1:30:22 PM";;Wait for Event;Archivage des logs;Archivage_Logs_BridgeClient.bat;Job;No;1;Yes;CTMSRV;CRTCRT_E21TEC_XX_Q;crtuser;wdkcrtbcp03;wdkcrtbcp03;3smxi
CRT-CRT;CRTCRT_E21TEC_XX_Q;CRTCRT_E21TEC_XX_ARC01_Q;"May 22, 2026";"May 22, 2026 1:30:10 PM";"May 22, 2026 1:30:23 PM";;Wait for Event;Archivage des logs;Archivage_Logs_BridgeClient.bat;Job;No;1;Yes;CTMSRV;CRTCRT_E21TEC_XX_Q;crtuser;wdkcrtbcp02;wdkcrtbcp02;3smxh
CRT-CRT;CRTCRT_E21TEC_XX_Q;CRTCRT_E21TEC_XX_ARC01_Q;"May 22, 2026";"May 22, 2026 1:30:10 PM";"May 22, 2026 1:30:24 PM";;Wait for Event;Archivage des logs;Archivage_Logs_BridgeClient.bat;Job;No;1;Yes;CTMSRV;CRTCRT_E21TEC_XX_Q;crtuser;wdkcrtbcp01;wdkcrtbcp01;3smxg
CRT-CRT;CRTCRT_E21TEC_XX_Q;CRTCRT_E21TEC_XX_ARC01_Q;"May 22, 2026";"May 22, 2026 1:30:10 PM";"May 22, 2026 1:30:24 PM";;Wait for Event;Archivage des logs;Archivage_Logs_BridgeClient.bat;Job;No;1;Yes;CTMSRV;CRTCRT_E21TEC_XX_Q;crtuser;wdkcrtbcp04;wdkcrtbcp04;3smxj
CRT-CRT;CRTCRT_E21TEC_XX_Q;CRTCRT_E21TEC_XX_ARC01_Q;"May 22, 2026";;;;Wait Host;Archivage des logs;Archivage_Logs_BridgeClient.bat;Job;No;0;Yes;CTMSRV;CRTCRT_E21TEC_XX_Q;crtuser;wdkcrtcwp01;wdkcrtcwp01;3smxk
CRT-CRT;CRTCRT_E21TEC_XX_Q;CRTCRT_E21TEC_XX_ARC01_Q;"May 22, 2026";;;;Wait Host;Archivage des logs;Archivage_Logs_BridgeClient.bat;Job;No;0;Yes;CTMSRV;CRTCRT_E21TEC_XX_Q;crtuser;wdkcrttep01;wdkcrttep01;3smxu
CRT-CRT;CRTCRT_E21TEC_XX_Q;CRTCRT_E21TEC_XX_PUR01_Q;"May 22, 2026";;;;Wait for Event;Purge des logs;PURGE_FICHIER.exe;Job;No;0;No;CTMSRV;CRTCRT_E21TEC_XX_Q;crtuser;wdkcrtb2p01;wdkcrtb2p01;3smwj
CRT-CRT;CRTCRT_E21TEC_XX_Q;CRTCRT_E21TEC_XX_PUR01_Q;"May 22, 2026";;;;Wait for Event;Purge des logs;PURGE_FICHIER.exe;Job;No;0;No;CTMSRV;CRTCRT_E21TEC_XX_Q;crtuser;wdkcrtbcp01;wdkcrtbcp01;3smwk
CRT-CRT;CRTCRT_E21TEC_XX_Q;CRTCRT_E21TEC_XX_PUR01_Q;"May 22, 2026";;;;Wait for Event;Purge des logs;PURGE_FICHIER.exe;Job;No;0;No;CTMSRV;CRTCRT_E21TEC_XX_Q;crtuser;wdkcrtbcp02;wdkcrtbcp02;3smwl
CRT-CRT;CRTCRT_E21TEC_XX_Q;CRTCRT_E21TEC_XX_PUR01_Q;"May 22, 2026";;;;Wait for Event;Purge des logs;PURGE_FICHIER.exe;Job;No;0;No;CTMSRV;CRTCRT_E21TEC_XX_Q;crtuser;wdkcrtbcp03;wdkcrtbcp03;3smwm
CRT-CRT;CRTCRT_E21TEC_XX_Q;CRTCRT_E21TEC_XX_PUR01_Q;"May 22, 2026";;;;Wait for Event;Purge des logs;PURGE_FICHIER.exe;Job;No;0;No;CTMSRV;CRTCRT_E21TEC_XX_Q;crtuser;wdkcrtbcp04;wdkcrtbcp04;3smwn
CRT-CRT;CRTCRT_E21TEC_XX_Q;CRTCRT_E21TEC_XX_PUR01_Q;"May 22, 2026";;;;Wait for Event;Purge des logs;PURGE_FICHIER.exe;Job;No;0;No;CTMSRV;CRTCRT_E21TEC_XX_Q;crtuser;wdkcrtbcp05;wdkcrtbcp05;3smwo
CRT-CRT;CRTCRT_E21TEC_XX_Q;CRTCRT_E21TEC_XX_PUR01_Q;"May 22, 2026";;;;Wait for Event;Purge des logs;PURGE_FICHIER.exe;Job;No;0;No;CTMSRV;CRTCRT_E21TEC_XX_Q;crtuser;wdkcrtbgp01;wdkcrtbgp01;3smwp
CRT-CRT;CRTCRT_E21TEC_XX_Q;CRTCRT_E21TEC_XX_PUR01_Q;"May 22, 2026";;;;Wait for Event;Purge des logs;PURGE_FICHIER.exe;Job;No;0;No;CTMSRV;CRTCRT_E21TEC_XX_Q;crtuser;wdkcrtecp01;wdkcrtecp01;3smwq
CRT-CRT;CRTCRT_E21TEC_XX_Q;CRTCRT_E21TEC_XX_PUR01_Q;"May 22, 2026";;;;Wait for Event;Purge des logs;PURGE_FICHIER.exe;Job;No;0;No;CTMSRV;CRTCRT_E21TEC_XX_Q;crtuser;wdkcrtecp02;wdkcrtecp02;3smwr
CRT-CRT;CRTCRT_E21TEC_XX_Q;CRTCRT_E21TEC_XX_PUR01_Q;"May 22, 2026";;;;Wait for Event;Purge des logs;PURGE_FICHIER.exe;Job;No;0;No;CTMSRV;CRTCRT_E21TEC_XX_Q;crtuser;wdkcrtexp01;wdkcrtexp01;3smws
CRT-CRT;CRTCRT_E21TEC_XX_Q;CRTCRT_E21TEC_XX_PUR01_Q;"May 22, 2026";;;;Wait for Event;Purge des logs;PURGE_FICHIER.exe;Job;No;0;No;CTMSRV;CRTCRT_E21TEC_XX_Q;crtuser;wdkcrtg2p01;wdkcrtg2p01;3smwt
CRT-CRT;CRTCRT_E21TEC_XX_Q;CRTCRT_E21TEC_XX_PUR01_Q;"May 22, 2026";;;;Wait for Event;Purge des logs;PURGE_FICHIER.exe;Job;No;0;No;CTMSRV;CRTCRT_E21TEC_XX_Q;crtuser;wdkcrtg2p02;wdkcrtg2p02;3smwu
CRT-CRT;CRTCRT_E21TEC_XX_Q;CRTCRT_E21TEC_XX_PUR01_Q;"May 22, 2026";;;;Wait for Event;Purge des logs;PURGE_FICHIER.exe;Job;No;0;No;CTMSRV;CRTCRT_E21TEC_XX_Q;crtuser;wdkcrtinp01;wdkcrtinp01;3smwv
CRT-CRT;CRTCRT_E21TEC_XX_Q;CRTCRT_E21TEC_XX_PUR01_Q;"May 22, 2026";;;;Wait for Event;Purge des logs;PURGE_FICHIER.exe;Job;No;0;No;CTMSRV;CRTCRT_E21TEC_XX_Q;crtuser;wdkcrttcp01;wdkcrttcp01;3smww
CRT-CRT;CRTCRT_E21TEC_XX_Q;CRTCRT_E21TEC_XX_PUR01_Q;"May 22, 2026";;;;Wait for Event;Purge des logs;PURGE_FICHIER.exe;Job;No;0;No;CTMSRV;CRTCRT_E21TEC_XX_Q;crtuser;wdkcrttcp02;wdkcrttcp02;3smwx
CRT-CRT;CRTCRT_E21TEC_XX_Q;CRTCRT_E21TEC_XX_PUR01_Q;"May 22, 2026";;;;Wait for Event;Purge des logs;PURGE_FICHIER.exe;Job;No;0;No;CTMSRV;CRTCRT_E21TEC_XX_Q;crtuser;wdkcrttcp03;wdkcrttcp03;3smwy
CRT-CRT;CRTCRT_E21TEC_XX_Q;CRTCRT_E21TEC_XX_PUR01_Q;"May 22, 2026";;;;Wait for Event;Purge des logs;PURGE_FICHIER.exe;Job;No;0;No;CTMSRV;CRTCRT_E21TEC_XX_Q;crtuser;wdkcrttdp01;wdkcrttdp01;3smwz
CRT-CRT;CRTCRT_E21TEC_XX_Q;CRTCRT_E21TEC_XX_PUR01_Q;"May 22, 2026";;;;Wait for Event;Purge des logs;PURGE_FICHIER.exe;Job;No;0;No;CTMSRV;CRTCRT_E21TEC_XX_Q;crtuser;wdkcrttdp02;wdkcrttdp02;3smx0
CRT-CRT;CRTCRT_E21TEC_XX_Q;CRTCRT_E21TEC_XX_PUR01_Q;"May 22, 2026";;;;Wait for Event;Purge des logs;PURGE_FICHIER.exe;Job;No;0;No;CTMSRV;CRTCRT_E21TEC_XX_Q;crtuser;wdkcrttdp03;wdkcrttdp03;3smx1
CRT-CRT;CRTCRT_E21TEC_XX_Q;CRTCRT_E21TEC_XX_PUR01_Q;"May 22, 2026";;;;Wait for Event;Purge des logs;PURGE_FICHIER.exe;Job;No;0;No;CTMSRV;CRTCRT_E21TEC_XX_Q;crtuser;wdkcrttdp04;wdkcrttdp04;3smx2
CRT-CRT;CRTCRT_E21TEC_XX_Q;CRTCRT_E21TEC_XX_PUR01_Q;"May 22, 2026";;;;Wait for Event;Purge des logs;PURGE_FICHIER.exe;Job;No;0;No;CTMSRV;CRTCRT_E21TEC_XX_Q;crtuser;wdkcrttdp05;wdkcrttdp05;3smx3
CRT-CRT;CRTCRT_E21TEC_XX_Q;CRTCRT_E21TEC_XX_PUR01_Q;"May 22, 2026";;;;Wait for Event;Purge des logs;PURGE_FICHIER.exe;Job;No;0;No;CTMSRV;CRTCRT_E21TEC_XX_Q;crtuser;wdkcrttdp06;wdkcrttdp06;3smx4
CRT-CRT;CRTCRT_E21TEC_XX_Q;CRTCRT_E21TEC_XX_PUR01_Q;"May 22, 2026";;;;Wait for Event;Purge des logs;PURGE_FICHIER.exe;Job;No;0;No;CTMSRV;CRTCRT_E21TEC_XX_Q;crtuser;wdkcrttgp01;wdkcrttgp01;3smx5
CRT-CRT;CRTCRT_E21TEC_XX_Q;CRTCRT_E21TEC_XX_PUR01_Q;"May 22, 2026";;;;Wait for Event;Purge des logs;PURGE_FICHIER.exe;Job;No;0;No;CTMSRV;CRTCRT_E21TEC_XX_Q;crtuser;wdkcrttmp01;wdkcrttmp01;3smx6
CRT-CRT;CRTCRT_E21TEC_XX_Q;CRTCRT_E21TEC_XX_PUR01_Q;"May 22, 2026";;;;Wait for Event;Purge des logs;PURGE_FICHIER.exe;Job;No;0;No;CTMSRV;CRTCRT_E21TEC_XX_Q;crtuser;wdkcrttmp02;wdkcrttmp02;3smx7
CRT-CRT;CRTCRT_E21TEC_XX_Q;CRTCRT_E21TEC_XX_PUR01_Q;"May 22, 2026";;;;Wait for Event;Purge des logs;PURGE_FICHIER.exe;Job;No;0;No;CTMSRV;CRTCRT_E21TEC_XX_Q;crtuser;wdkcrttmp03;wdkcrttmp03;3smx8
CRT-CRT;CRTCRT_E21TEC_XX_Q;CRTCRT_E21TEC_XX_PUR01_Q;"May 22, 2026";;;;Wait for Event;Purge des logs;PURGE_FICHIER.exe;Job;No;0;No;CTMSRV;CRTCRT_E21TEC_XX_Q;crtuser;wdkcrttmp04;wdkcrttmp04;3smx9
CRT-CRT;CRTCRT_E21TEC_XX_Q;CRTCRT_E21TEC_XX_PUR01_Q;"May 22, 2026";;;;Wait for Event;Purge des logs;PURGE_FICHIER.exe;Job;No;0;No;CTMSRV;CRTCRT_E21TEC_XX_Q;crtuser;wdkcrttmp05;wdkcrttmp05;3smxa
CRT-CRT;CRTCRT_E21TEC_XX_Q;CRTCRT_E21TEC_XX_PUR01_Q;"May 22, 2026";;;;Wait for Event;Purge des logs;PURGE_FICHIER.exe;Job;No;0;No;CTMSRV;CRTCRT_E21TEC_XX_Q;crtuser;wdkcrttsp01;wdkcrttsp01;3smxb
CRT-CRT;CRTCRT_E21TEC_XX_Q;CRTCRT_E21TEC_XX_PUR01_Q;"May 22, 2026";;;;Wait for Event;Purge des logs;PURGE_FICHIER.exe;Job;No;0;No;CTMSRV;CRTCRT_E21TEC_XX_Q;crtuser;wdkcrttwp01;wdkcrttwp01;3smxc
CRT-CRT;CRTCRT_E21TEC_XX_Q;CRTCRT_E21TEC_XX_PUR01_Q;"May 22, 2026";;;;Wait for Event;Purge des logs;PURGE_FICHIER.exe;Job;No;0;No;CTMSRV;CRTCRT_E21TEC_XX_Q;crtuser;wdkcrtwbp01;wdkcrtwbp01;3smxd
CRT-CRT;CRTCRT_E21TEC_XX_Q;CRTCRT_E21TEC_XX_PUR01_Q;"May 22, 2026";;;;Wait for Event;Purge des logs;PURGE_FICHIER.exe;Job;No;0;No;CTMSRV;CRTCRT_E21TEC_XX_Q;crtuser;wdkcrtwbp02;wdkcrtwbp02;3smxe
CRT-CRT;CRTCRT_E21TEC_XX_Q;CRTCRT_E21TEC_XX_PUR01_Q;"May 22, 2026";;;;Wait for Event;Purge des logs;PURGE_FICHIER.exe;Job;No;0;No;CTMSRV;CRTCRT_E21TEC_XX_Q;crtuser;wdkcrtwbp03;wdkcrtwbp03;3smxf
CRT-CRT;CRTCRT_E21TEC_XX_Q;CRTCRT_E21TEC_XX_Q;"May 22, 2026";"May 22, 2026 1:30:10 PM";;;Executing;Chaine de purge et archivage  des logs sur les serveurs CRT;;SMART Table;No;1;No;CTMSRV;CRTCRT_E21TEC_XX_Q;;;;3smwi
CRT-CRT;CRTCRT_E21TRT_TW_Q;CRTCRT_E21TRT_TW_Q;"May 22, 2026";;;;Wait for Event;Lancement du module de détection de trous d'historique CRT - 15h et 21h;;SMART Table;No;0;No;CTMSRV;CRTCRT_E21TRT_TW_Q;;;;3snir
CRT-CRT;CRTCRT_E21TRT_TW_Q;CRTCRT_E21TRT_TW_WRK01_Q;"May 22, 2026";;;;Wait for Event;Lancement du module de détection de trous d'historique CRT - 15h et 21h;historique_recherche_trou.bat;Job;No;0;Yes;CTMSRV;CRTCRT_E21TRT_TW_Q;crtuser;wdkcrttwp01;wdkcrttwp01;3snis
CRT-CRT;CRTCRT_EXPLOI_XX_Q;CRTCRT_E22TEC_BC_CTL01_Q;"May 22, 2026";;;;Wait for Event;WDKCRTBCxxx : Check Service PanoAdmin;CRT_CHECK_BRIDGECTRL;Command;No;0;No;CTMSRV;CRTCRT_EXPLOI_XX_Q/CRTCRT_E22TEC_BC_Q;crtuser;wdkcrtbcp01;wdkcrtbcp01;3snes
CRT-CRT;CRTCRT_EXPLOI_XX_Q;CRTCRT_E22TEC_BC_CTL01_Q;"May 22, 2026";;;;Wait for Event;WDKCRTBCxxx : Check Service PanoAdmin;CRT_CHECK_BRIDGECTRL;Command;No;0;No;CTMSRV;CRTCRT_EXPLOI_XX_Q/CRTCRT_E22TEC_BC_Q;crtuser;wdkcrtbcp02;wdkcrtbcp02;3snet
CRT-CRT;CRTCRT_EXPLOI_XX_Q;CRTCRT_E22TEC_BC_CTL01_Q;"May 22, 2026";;;;Wait for Event;WDKCRTBCxxx : Check Service PanoAdmin;CRT_CHECK_BRIDGECTRL;Command;No;0;No;CTMSRV;CRTCRT_EXPLOI_XX_Q/CRTCRT_E22TEC_BC_Q;crtuser;wdkcrtbcp03;wdkcrtbcp03;3sneu
CRT-CRT;CRTCRT_EXPLOI_XX_Q;CRTCRT_E22TEC_BC_CTL01_Q;"May 22, 2026";;;;Wait for Event;WDKCRTBCxxx : Check Service PanoAdmin;CRT_CHECK_BRIDGECTRL;Command;No;0;No;CTMSRV;CRTCRT_EXPLOI_XX_Q/CRTCRT_E22TEC_BC_Q;crtuser;wdkcrtbcp04;wdkcrtbcp04;3snev
CRT-CRT;CRTCRT_EXPLOI_XX_Q;CRTCRT_E22TEC_BC_CTL01_Q;"May 22, 2026";;;;Wait for Event;WDKCRTBCxxx : Check Service PanoAdmin;CRT_CHECK_BRIDGECTRL;Command;No;0;No;CTMSRV;CRTCRT_EXPLOI_XX_Q/CRTCRT_E22TEC_BC_Q;crtuser;wdkcrtbcp05;wdkcrtbcp05;3snew
CRT-CRT;CRTCRT_EXPLOI_XX_Q;CRTCRT_E22TEC_BC_CTL02_Q;"May 22, 2026";;;;Wait for Event;WDKCRTBCxxx : Check Service Composer;CRT_CHECK_BRIDGECTRL;Command;No;0;No;CTMSRV;CRTCRT_EXPLOI_XX_Q/CRTCRT_E22TEC_BC_Q;crtuser;wdkcrtbcp01;wdkcrtbcp01;3snex
CRT-CRT;CRTCRT_EXPLOI_XX_Q;CRTCRT_E22TEC_BC_CTL02_Q;"May 22, 2026";;;;Wait for Event;WDKCRTBCxxx : Check Service Composer;CRT_CHECK_BRIDGECTRL;Command;No;0;No;CTMSRV;CRTCRT_EXPLOI_XX_Q/CRTCRT_E22TEC_BC_Q;crtuser;wdkcrtbcp02;wdkcrtbcp02;3sney
CRT-CRT;CRTCRT_EXPLOI_XX_Q;CRTCRT_E22TEC_BC_CTL02_Q;"May 22, 2026";;;;Wait for Event;WDKCRTBCxxx : Check Service Composer;CRT_CHECK_BRIDGECTRL;Command;No;0;No;CTMSRV;CRTCRT_EXPLOI_XX_Q/CRTCRT_E22TEC_BC_Q;crtuser;wdkcrtbcp03;wdkcrtbcp03;3snez
CRT-CRT;CRTCRT_EXPLOI_XX_Q;CRTCRT_E22TEC_BC_CTL02_Q;"May 22, 2026";;;;Wait for Event;WDKCRTBCxxx : Check Service Composer;CRT_CHECK_BRIDGECTRL;Command;No;0;No;CTMSRV;CRTCRT_EXPLOI_XX_Q/CRTCRT_E22TEC_BC_Q;crtuser;wdkcrtbcp04;wdkcrtbcp04;3snf0
CRT-CRT;CRTCRT_EXPLOI_XX_Q;CRTCRT_E22TEC_BC_CTL02_Q;"May 22, 2026";;;;Wait for Event;WDKCRTBCxxx : Check Service Composer;CRT_CHECK_BRIDGECTRL;Command;No;0;No;CTMSRV;CRTCRT_EXPLOI_XX_Q/CRTCRT_E22TEC_BC_Q;crtuser;wdkcrtbcp05;wdkcrtbcp05;3snf1
CRT-CRT;CRTCRT_EXPLOI_XX_Q;CRTCRT_E22TEC_BC_Q;"May 22, 2026";;;;Wait for Event;Controle Service BACNET;;Sub-Table;No;0;No;CTMSRV;CRTCRT_EXPLOI_XX_Q;crtuser;;;3sner
CRT-CRT;CRTCRT_EXPLOI_XX_Q;CRTCRT_E22TEC_BG_CTL01_Q;"May 22, 2026";;;;Wait for Event;WDKCRTBGx01 : Check BridgeCtrl.exe STATUS;CRT_CHECK_BRIDGECTRL;Command;No;0;No;CTMSRV;CRTCRT_EXPLOI_XX_Q/CRTCRT_E22TEC_BG_Q;crtuser;A_W_CRTTW01;A_W_CRTTW01;3snf3
CRT-CRT;CRTCRT_EXPLOI_XX_Q;CRTCRT_E22TEC_BG_Q;"May 22, 2026";;;;Wait for Event;Controle Bridge Clients  et les CRTs;;Sub-Table;No;0;No;CTMSRV;CRTCRT_EXPLOI_XX_Q;crtuser;;;3snf2
CRT-CRT;CRTCRT_EXPLOI_XX_Q;CRTCRT_E22TEC_BS_CTL01_Q;"May 22, 2026";;;;Wait for Event;LDKCRTBSx01 : Check KafkaZookeeper;AllKafkaZookeeper.sh;Command;No;0;No;CTMSRV;CRTCRT_EXPLOI_XX_Q/CRTCRT_E22TEC_BS_Q;crt-admin;A_L_CRTBA01;A_L_CRTBA01;3snf5
CRT-CRT;CRTCRT_EXPLOI_XX_Q;CRTCRT_E22TEC_BS_CTL02_Q;"May 22, 2026";;;;Wait for Event;LDKCRTBSx01 : Check Worker et Master;spark-cluster-status;Command;No;0;No;CTMSRV;CRTCRT_EXPLOI_XX_Q/CRTCRT_E22TEC_BS_Q;busadm;A_L_CRTBS01;A_L_CRTBS01;3snf6
CRT-CRT;CRTCRT_EXPLOI_XX_Q;CRTCRT_E22TEC_BS_CTL03_Q;"May 22, 2026";;;;Wait for Event;LDKCRTBSx01 : Check Applications;spark-apps-status;Command;No;0;No;CTMSRV;CRTCRT_EXPLOI_XX_Q/CRTCRT_E22TEC_BS_Q;busadm;A_L_CRTBS01;A_L_CRTBS01;3snf7
CRT-CRT;CRTCRT_EXPLOI_XX_Q;CRTCRT_E22TEC_BS_Q;"May 22, 2026";;;;Wait for Event;Controle du Bus Streaming;;Sub-Table;No;0;No;CTMSRV;CRTCRT_EXPLOI_XX_Q;busadm;;;3snf4
CRT-CRT;CRTCRT_EXPLOI_XX_Q;CRTCRT_E22TEC_EC_CTL01_Q;"May 22, 2026";;;;Wait for Event;WDKCRTECxxx : Check Service CRT TransFTP;CRT_CHECK_BRIDGECTRL;Command;No;0;No;CTMSRV;CRTCRT_EXPLOI_XX_Q/CRTCRT_E22TEC_EC_Q;crtuser;wdkcrtecp01;wdkcrtecp01;3snf9
CRT-CRT;CRTCRT_EXPLOI_XX_Q;CRTCRT_E22TEC_EC_CTL01_Q;"May 22, 2026";;;;Wait for Event;WDKCRTECxxx : Check Service CRT TransFTP;CRT_CHECK_BRIDGECTRL;Command;No;0;No;CTMSRV;CRTCRT_EXPLOI_XX_Q/CRTCRT_E22TEC_EC_Q;crtuser;wdkcrtecp02;wdkcrtecp02;3snfa
CRT-CRT;CRTCRT_EXPLOI_XX_Q;CRTCRT_E22TEC_EC_Q;"May 22, 2026";;;;Wait for Event;Controle Service CRT TransFTP;;Sub-Table;No;0;No;CTMSRV;CRTCRT_EXPLOI_XX_Q;crtuser;;;3snf8
CRT-CRT;CRTCRT_EXPLOI_XX_Q;CRTCRT_E22TEC_MS_CTL01_Q;"May 22, 2026";;;;Wait for Event;LDKCRTMSxxx : Check des commandes curl MicroServices;check_microservices.ksh;Job;No;0;No;CTMSRV;CRTCRT_EXPLOI_XX_Q/CRTCRT_E22TEC_MS_Q;root;ldkcrtmsp01;ldkcrtmsp01;3snfc
CRT-CRT;CRTCRT_EXPLOI_XX_Q;CRTCRT_E22TEC_MS_CTL01_Q;"May 22, 2026";;;;Wait for Event;LDKCRTMSxxx : Check des commandes curl MicroServices;check_microservices.ksh;Job;No;0;No;CTMSRV;CRTCRT_EXPLOI_XX_Q/CRTCRT_E22TEC_MS_Q;root;ldkcrtmsp02;ldkcrtmsp02;3snfd
CRT-CRT;CRTCRT_EXPLOI_XX_Q;CRTCRT_E22TEC_MS_Q;"May 22, 2026";;;;Wait for Event;Controle des MicroServices;;Sub-Table;No;0;No;CTMSRV;CRTCRT_EXPLOI_XX_Q;root;;;3snfb
CRT-CRT;CRTCRT_EXPLOI_XX_Q;CRTCRT_E22TEC_TD_CTL01_Q;"May 22, 2026";;;;Wait for Event;WDKCRTTDxxx : Check Service datarelay;CRT_CHECK_BRIDGECTRL;Command;No;0;No;CTMSRV;CRTCRT_EXPLOI_XX_Q/CRTCRT_E22TEC_TD_Q;crtuser;wdkcrttdp01;wdkcrttdp01;3snff
CRT-CRT;CRTCRT_EXPLOI_XX_Q;CRTCRT_E22TEC_TD_CTL01_Q;"May 22, 2026";;;;Wait for Event;WDKCRTTDxxx : Check Service datarelay;CRT_CHECK_BRIDGECTRL;Command;No;0;No;CTMSRV;CRTCRT_EXPLOI_XX_Q/CRTCRT_E22TEC_TD_Q;crtuser;wdkcrttdp02;wdkcrttdp02;3snfg
CRT-CRT;CRTCRT_EXPLOI_XX_Q;CRTCRT_E22TEC_TD_CTL01_Q;"May 22, 2026";;;;Wait for Event;WDKCRTTDxxx : Check Service datarelay;CRT_CHECK_BRIDGECTRL;Command;No;0;No;CTMSRV;CRTCRT_EXPLOI_XX_Q/CRTCRT_E22TEC_TD_Q;crtuser;wdkcrttdp03;wdkcrttdp03;3snfh
CRT-CRT;CRTCRT_EXPLOI_XX_Q;CRTCRT_E22TEC_TD_CTL01_Q;"May 22, 2026";;;;Wait for Event;WDKCRTTDxxx : Check Service datarelay;CRT_CHECK_BRIDGECTRL;Command;No;0;No;CTMSRV;CRTCRT_EXPLOI_XX_Q/CRTCRT_E22TEC_TD_Q;crtuser;wdkcrttdp04;wdkcrttdp04;3snfi
CRT-CRT;CRTCRT_EXPLOI_XX_Q;CRTCRT_E22TEC_TD_CTL01_Q;"May 22, 2026";;;;Wait for Event;WDKCRTTDxxx : Check Service datarelay;CRT_CHECK_BRIDGECTRL;Command;No;0;No;CTMSRV;CRTCRT_EXPLOI_XX_Q/CRTCRT_E22TEC_TD_Q;crtuser;wdkcrttdp05;wdkcrttdp05;3snfj
CRT-CRT;CRTCRT_EXPLOI_XX_Q;CRTCRT_E22TEC_TD_CTL01_Q;"May 22, 2026";;;;Wait for Event;WDKCRTTDxxx : Check Service datarelay;CRT_CHECK_BRIDGECTRL;Command;No;0;No;CTMSRV;CRTCRT_EXPLOI_XX_Q/CRTCRT_E22TEC_TD_Q;crtuser;wdkcrttdp06;wdkcrttdp06;3snfk
CRT-CRT;CRTCRT_EXPLOI_XX_Q;CRTCRT_E22TEC_TD_Q;"May 22, 2026";;;;Wait for Event;Controle Service Trend;;Sub-Table;No;0;No;CTMSRV;CRTCRT_EXPLOI_XX_Q;crtuser;;;3snfe
CRT-CRT;CRTCRT_EXPLOI_XX_Q;CRTCRT_E22TEC_TW_CTL01_Q;"May 22, 2026";;;;Wait for Event;WDKCRTTWx01 : Check Service CRT SpvApp;CRT_CHECK_BRIDGECTRL;Command;No;0;No;CTMSRV;CRTCRT_EXPLOI_XX_Q/CRTCRT_E22TEC_TW_Q;crtuser;wdkcrttwp01;wdkcrttwp01;3snfm
CRT-CRT;CRTCRT_EXPLOI_XX_Q;CRTCRT_E22TEC_TW_Q;"May 22, 2026";;;;Wait for Event;Controle Service CRT SpvApp;;Sub-Table;No;0;No;CTMSRV;CRTCRT_EXPLOI_XX_Q;crtuser;;;3snfl
CRT-CRT;CRTCRT_EXPLOI_XX_Q;CRTCRT_E23TEC_BG_CTL01_Q;"May 22, 2026";;;;Wait for Event;WDKCRTBGxxx : Check Service Tomcat7  Bridge générique;CRT_CHECK_BRIDGECTRL;Dummy;No;0;No;CTMSRV;CRTCRT_EXPLOI_XX_Q/CRTCRT_E23TEC_BG_Q;crtuser;A_W_CRTBG01;A_W_CRTBG01;3snfo
CRT-CRT;CRTCRT_EXPLOI_XX_Q;CRTCRT_E23TEC_BG_CTL02_Q;"May 22, 2026";;;;Wait for Event;WDKCRTBGxxx : Check Service CRTService Bridge générique;CRT_CHECK_BRIDGECTRL;Dummy;No;0;No;CTMSRV;CRTCRT_EXPLOI_XX_Q/CRTCRT_E23TEC_BG_Q;crtuser;A_W_CRTBG01;A_W_CRTBG01;3snfp
CRT-CRT;CRTCRT_EXPLOI_XX_Q;CRTCRT_E23TEC_BG_Q;"May 22, 2026";;;;Wait for Event;Controle Services Bridge Générique;;Sub-Table;No;0;No;CTMSRV;CRTCRT_EXPLOI_XX_Q;crtuser;;;3snfn
CRT-CRT;CRTCRT_EXPLOI_XX_Q;CRTCRT_E23TEC_TS_CTL01_Q;"May 22, 2026";;;;Wait for Event;WDKCRTTSx01 : Check Service Tomcat7;CRT_CHECK_BRIDGECTRL;Command;No;0;No;CTMSRV;CRTCRT_EXPLOI_XX_Q/CRTCRT_E23TEC_TS_Q;crtuser;A_W_CRTTS01;A_W_CRTTS01;3snfr
CRT-CRT;CRTCRT_EXPLOI_XX_Q;CRTCRT_E23TEC_TS_CTL02_Q;"May 22, 2026";;;;Wait for Event;WDKCRTTSx01 : Check Service CRT CipRip;CRT_CHECK_BRIDGECTRL;Command;No;0;No;CTMSRV;CRTCRT_EXPLOI_XX_Q/CRTCRT_E23TEC_TS_Q;crtuser;A_W_CRTTS01;A_W_CRTTS01;3snfs
CRT-CRT;CRTCRT_EXPLOI_XX_Q;CRTCRT_E23TEC_TS_Q;"May 22, 2026";;;;Wait for Event;Controle Services Bridge Générique;;Sub-Table;No;0;No;CTMSRV;CRTCRT_EXPLOI_XX_Q;crtuser;;;3snfq
CRT-CRT;CRTCRT_EXPLOI_XX_Q;CRTCRT_EXPLOI_XX_Q;"May 22, 2026";;;;Wait for Event;CRT : Controle de la plateforme CRT;;SMART Table;No;0;No;CTMSRV;CRTCRT_EXPLOI_XX_Q;crtuser;;;3sneq
CRT-CRT;CRTCRT_J11TRT_04_Q;CRTCRT_J11TRT_04_CAL01_Q;"May 22, 2026";;;;Wait for Event;CRT : Module Calcul;;Command;No;0;No;CTMSRV;CRTCRT_J11TRT_04_Q;crtuser;A_W_CRTTS01;A_W_CRTTS01;3sp19
CRT-CRT;CRTCRT_J11TRT_04_Q;CRTCRT_J11TRT_04_CAL02_Q;"May 22, 2026";;;;Wait for Event;CRT : ModuleCalculSansEchec;;Command;No;0;No;CTMSRV;CRTCRT_J11TRT_04_Q;crtuser;A_W_CRTTS01;A_W_CRTTS01;3sp1a
CRT-CRT;CRTCRT_J11TRT_04_Q;CRTCRT_J11TRT_04_CAL03_Q;"May 22, 2026";"May 22, 2026 1:30:12 PM";"May 22, 2026 1:32:10 PM";;Ended OK;CRT : ModuleCalculTMA;;Command;No;1;No;CTMSRV;CRTCRT_J11TRT_04_Q;crtuser;wdkcrttsp01;A_W_CRTTS01;3sp1b
CRT-CRT;CRTCRT_J11TRT_04_Q;CRTCRT_J11TRT_04_Q;"May 22, 2026";"May 22, 2026 1:30:12 PM";;;Executing;CRT : Batchs APP CRT;;SMART Table;No;1;No;CTMSRV;CRTCRT_J11TRT_04_Q;crtuser;;;3sp16
CRT-CRT;CRTCRT_J11TRT_04_Q;CRTCRT_J11TRT_04_WRK01_Q;"May 22, 2026";;;;Wait for Event;CRT : Memory_Check;;Command;No;0;Yes;CTMSRV;CRTCRT_J11TRT_04_Q;crtuser;A_W_CRTG201;A_W_CRTG201;3sp17
CRT-CRT;CRTCRT_J11TRT_04_Q;CRTCRT_J11TRT_04_WRK02_Q;"May 22, 2026";;;;Wait for Event;CRT : Memory_Check;;Command;No;0;Yes;CTMSRV;CRTCRT_J11TRT_04_Q;crtuser;A_W_CRTG202;A_W_CRTG202;3sp18
CRT-CRT;CRTCRT_J12TRT_04_Q;CRTCRT_J12TRT_04_EXP27_Q;"May 22, 2026";;;;Wait for Event;CRT : Lancement de l'export hierarchie CRT;ExportHisto.bat;Job;No;0;No;CTMSRV;CRTCRT_J12TRT_04_Q;crtuser;A_W_CRTEX01;A_W_CRTEX01;3sn34
CRT-CRT;CRTCRT_J12TRT_04_Q;CRTCRT_J12TRT_04_Q;"May 22, 2026";"May 22, 2026 1:30:10 PM";;;Executing;CRT : Batchs Echanges CRT;;SMART Table;No;1;No;CTMSRV;CRTCRT_J12TRT_04_Q;crtuser;;;3sn31
CRT-CRT;CRTCRT_J12TRT_04_Q;CRTCRT_J12TRT_04_WRK06_Q;"May 22, 2026";;;;Wait for Event;Déplacement des fichiers courbes de charges de valeurs corrigée mensuel pour prodelec;;Command;No;0;No;CTMSRV;CRTCRT_J12TRT_04_Q;crtuser;A_W_CRTIN01;A_W_CRTIN01;3sn32
CRT-CRT;CRTCRT_J12TRT_04_Q;CRTCRT_J12TRT_04_WRK07_Q;"May 22, 2026";;;;Wait for Event;Traitement des fichiers d'Energie de Strasbourg;;Command;No;0;Yes;CTMSRV;CRTCRT_J12TRT_04_Q;crtuser;A_W_CRTIN01;A_W_CRTIN01;3sn33
CRT-CRT;CRTCRT_J13TRT_04_Q;CRTCRT_J13TRT_04_EXP01_Q;"May 22, 2026";;;;Wait for Event;CRT : Export_TLC;;Command;No;0;No;CTMSRV;CRTCRT_J13TRT_04_Q;crtuser;wdkcrttcp01;wdkcrttcp01;3soxd
CRT-CRT;CRTCRT_J13TRT_04_Q;CRTCRT_J13TRT_04_EXP01_Q;"May 22, 2026";;;;Wait for Event;CRT : Export_TLC;;Command;No;0;No;CTMSRV;CRTCRT_J13TRT_04_Q;crtuser;wdkcrttcp02;wdkcrttcp02;3soxe
CRT-CRT;CRTCRT_J13TRT_04_Q;CRTCRT_J13TRT_04_EXP01_Q;"May 22, 2026";;;;Wait for Event;CRT : Export_TLC;;Command;No;0;No;CTMSRV;CRTCRT_J13TRT_04_Q;crtuser;wdkcrttcp03;wdkcrttcp03;3soxf
CRT-CRT;CRTCRT_J13TRT_04_Q;CRTCRT_J13TRT_04_Q;"May 22, 2026";"May 22, 2026 1:30:11 PM";;;Executing;CRT : Batchs Frontaux CRT;;SMART Table;No;1;No;CTMSRV;CRTCRT_J13TRT_04_Q;crtuser;;;3sox6
CRT-CRT;CRTCRT_J13TRT_04_Q;CRTCRT_J13TRT_04_WRK01_Q;"May 22, 2026";"May 22, 2026 1:45:00 PM";"May 22, 2026 1:45:07 PM";;Wait for Event;CRT : Suivi_Mémoire_Frontal_BACnet;;Command;No;16;Yes;CTMSRV;CRTCRT_J13TRT_04_Q;crtuser;wdkcrtbcp04;wdkcrtbcp04;3soxa
CRT-CRT;CRTCRT_J13TRT_04_Q;CRTCRT_J13TRT_04_WRK01_Q;"May 22, 2026";"May 22, 2026 1:45:00 PM";;;Executing;CRT : Suivi_Mémoire_Frontal_BACnet;;Command;No;16;Yes;CTMSRV;CRTCRT_J13TRT_04_Q;crtuser;wdkcrtbcp01;wdkcrtbcp01;3sox7
CRT-CRT;CRTCRT_J13TRT_04_Q;CRTCRT_J13TRT_04_WRK01_Q;"May 22, 2026";"May 22, 2026 1:45:00 PM";;;Executing;CRT : Suivi_Mémoire_Frontal_BACnet;;Command;No;16;Yes;CTMSRV;CRTCRT_J13TRT_04_Q;crtuser;wdkcrtbcp02;wdkcrtbcp02;3sox8
CRT-CRT;CRTCRT_J13TRT_04_Q;CRTCRT_J13TRT_04_WRK01_Q;"May 22, 2026";"May 22, 2026 1:45:00 PM";;;Executing;CRT : Suivi_Mémoire_Frontal_BACnet;;Command;No;16;Yes;CTMSRV;CRTCRT_J13TRT_04_Q;crtuser;wdkcrtbcp03;wdkcrtbcp03;3sox9
CRT-CRT;CRTCRT_J13TRT_04_Q;CRTCRT_J13TRT_04_WRK01_Q;"May 22, 2026";"May 22, 2026 1:45:00 PM";;;Executing;CRT : Suivi_Mémoire_Frontal_BACnet;;Command;No;16;Yes;CTMSRV;CRTCRT_J13TRT_04_Q;crtuser;wdkcrtbcp05;wdkcrtbcp05;3soxb
CRT-CRT;CRTCRT_J13TRT_04_Q;CRTCRT_J13TRT_04_WRK02_Q;"May 22, 2026";;;;Wait Host;CRT : Suivi_Mémoire_Frontal_TeleMetry;;Command;No;0;Yes;CTMSRV;CRTCRT_J13TRT_04_Q;crtuser;wdkcrtcwp01;wdkcrtcwp01;3soxc
CRT-CRT;CRTCRT_J13TRT_04_Q;CRTCRT_J13TRT_04_WRK03_Q;"May 22, 2026";"May 22, 2026 1:45:00 PM";"May 22, 2026 1:45:02 PM";;Wait for Event;CRT : Suivi_Mémoire_Frontal_Trend;;Command;No;16;Yes;CTMSRV;CRTCRT_J13TRT_04_Q;crtuser;wdkcrttdp04;wdkcrttdp04;3soxj
CRT-CRT;CRTCRT_J13TRT_04_Q;CRTCRT_J13TRT_04_WRK03_Q;"May 22, 2026";"May 22, 2026 1:45:00 PM";"May 22, 2026 1:45:03 PM";;Wait for Event;CRT : Suivi_Mémoire_Frontal_Trend;;Command;No;16;Yes;CTMSRV;CRTCRT_J13TRT_04_Q;crtuser;wdkcrttdp01;wdkcrttdp01;3soxg
CRT-CRT;CRTCRT_J13TRT_04_Q;CRTCRT_J13TRT_04_WRK03_Q;"May 22, 2026";"May 22, 2026 1:45:00 PM";"May 22, 2026 1:45:03 PM";;Wait for Event;CRT : Suivi_Mémoire_Frontal_Trend;;Command;No;16;Yes;CTMSRV;CRTCRT_J13TRT_04_Q;crtuser;wdkcrttdp02;wdkcrttdp02;3soxh
CRT-CRT;CRTCRT_J13TRT_04_Q;CRTCRT_J13TRT_04_WRK03_Q;"May 22, 2026";"May 22, 2026 1:45:00 PM";"May 22, 2026 1:45:03 PM";;Wait for Event;CRT : Suivi_Mémoire_Frontal_Trend;;Command;No;16;Yes;CTMSRV;CRTCRT_J13TRT_04_Q;crtuser;wdkcrttdp03;wdkcrttdp03;3soxi
CRT-CRT;CRTCRT_J13TRT_04_Q;CRTCRT_J13TRT_04_WRK03_Q;"May 22, 2026";"May 22, 2026 1:45:00 PM";"May 22, 2026 1:45:03 PM";;Wait for Event;CRT : Suivi_Mémoire_Frontal_Trend;;Command;No;16;Yes;CTMSRV;CRTCRT_J13TRT_04_Q;crtuser;wdkcrttdp05;wdkcrttdp05;3soxk
CRT-CRT;CRTCRT_J13TRT_04_Q;CRTCRT_J13TRT_04_WRK03_Q;"May 22, 2026";"May 22, 2026 1:45:00 PM";"May 22, 2026 1:45:03 PM";;Wait for Event;CRT : Suivi_Mémoire_Frontal_Trend;;Command;No;16;Yes;CTMSRV;CRTCRT_J13TRT_04_Q;crtuser;wdkcrttdp06;wdkcrttdp06;3soxl
CRT-CRT;CRTCRT_J13TRT_04_Q;CRTCRT_J13TRT_04_WRK04_Q;"May 22, 2026";"May 22, 2026 1:45:00 PM";"May 22, 2026 1:45:03 PM";;Wait for Event;CRT : Suivi_Mémoire_Frontal_Telemetry;;Command;No;16;Yes;CTMSRV;CRTCRT_J13TRT_04_Q;crtuser;wdkcrttmp01;wdkcrttmp01;3soxm
CRT-CRT;CRTCRT_J13TRT_04_Q;CRTCRT_J13TRT_04_WRK04_Q;"May 22, 2026";"May 22, 2026 1:45:00 PM";"May 22, 2026 1:45:03 PM";;Wait for Event;CRT : Suivi_Mémoire_Frontal_Telemetry;;Command;No;16;Yes;CTMSRV;CRTCRT_J13TRT_04_Q;crtuser;wdkcrttmp02;wdkcrttmp02;3soxn
CRT-CRT;CRTCRT_J13TRT_04_Q;CRTCRT_J13TRT_04_WRK04_Q;"May 22, 2026";"May 22, 2026 1:45:00 PM";"May 22, 2026 1:45:03 PM";;Wait for Event;CRT : Suivi_Mémoire_Frontal_Telemetry;;Command;No;16;Yes;CTMSRV;CRTCRT_J13TRT_04_Q;crtuser;wdkcrttmp03;wdkcrttmp03;3soxo
CRT-CRT;CRTCRT_J13TRT_04_Q;CRTCRT_J13TRT_04_WRK04_Q;"May 22, 2026";"May 22, 2026 1:45:00 PM";"May 22, 2026 1:45:03 PM";;Wait for Event;CRT : Suivi_Mémoire_Frontal_Telemetry;;Command;No;16;Yes;CTMSRV;CRTCRT_J13TRT_04_Q;crtuser;wdkcrttmp05;wdkcrttmp05;3soxq
CRT-CRT;CRTCRT_J13TRT_04_Q;CRTCRT_J13TRT_04_WRK04_Q;"May 22, 2026";"May 22, 2026 1:45:00 PM";"May 22, 2026 1:45:04 PM";;Wait for Event;CRT : Suivi_Mémoire_Frontal_Telemetry;;Command;No;16;Yes;CTMSRV;CRTCRT_J13TRT_04_Q;crtuser;wdkcrttmp04;wdkcrttmp04;3soxp
CTM-CONTROL-M;CTMCTM_E11AJF_08_A;CTMCTM_E11AJF_08_AJF01_A;"May 22, 2026";"May 22, 2026 1:30:10 PM";"May 22, 2026 1:30:10 PM";;Ended OK;AJF tables Annuelles (CTMPA);U512AJF010;Dummy;No;1;No;CTMSRV;CTMCTM_E11AJF_08_A;controlm;;SRV_PRIMAIRE;3snzq
CTM-CONTROL-M;CTMCTM_E11AJF_08_H;CTMCTM_E11AJF_08_AJF01_H;"May 22, 2026";"May 22, 2026 1:30:22 PM";"May 22, 2026 1:30:22 PM";;Ended OK;AJF tables Hebdomadaires (CTMPH);U512AJF010;Dummy;No;1;No;CTMSRV;CTMCTM_E11AJF_08_H;controlm;;SRV_PRIMAIRE;3soe8
CTM-CONTROL-M;CTMCTM_E11AJF_08_H;CTMCTM_E11AJF_08_AJF03_H;"May 22, 2026";"May 22, 2026 1:30:44 PM";"May 22, 2026 1:30:44 PM";;Ended OK;AJF tables Hebdomadaires CSCPH (CSC);U512AJF556;Dummy;No;1;No;CTMSRV;CTMCTM_E11AJF_08_H;controlm;;SRV_PRIMAIRE;3soe9
CTM-CONTROL-M;CTMCTM_E11AJF_08_H;CTMCTM_E11AJF_08_AJF04_H;"May 22, 2026";"May 22, 2026 1:30:45 PM";"May 22, 2026 1:30:45 PM";;Ended OK;AJF tables Hebdomadaires DIS (Dispatch);U512AJF556;Dummy;No;1;No;CTMSRV;CTMCTM_E11AJF_08_H;controlm;;SRV_PRIMAIRE;3soea
CTM-CONTROL-M;CTMCTM_E11AJF_08_M;CTMCTM_E11AJF_08_AJF01_M;"May 22, 2026";"May 22, 2026 1:30:31 PM";"May 22, 2026 1:30:31 PM";;Ended OK;AJF tables Mensuelles (CTMPM);U512AJF010;Dummy;No;1;No;CTMSRV;CTMCTM_E11AJF_08_M;controlm;;SRV_PRIMAIRE;3sobl
CTM-CONTROL-M;CTMCTM_E11AJF_08_Q;CTMCTM_E11AJF_08_AJF01_Q;"May 22, 2026";"May 22, 2026 1:30:32 PM";"May 22, 2026 1:30:32 PM";;Ended OK;AJF tables Quotidiennes (CTMPQ);U512AJF010;Dummy;No;1;No;CTMSRV;CTMCTM_E11AJF_08_Q;controlm;;SRV_PRIMAIRE;3so7a
CTM-CONTROL-M;CTMCTM_E11AJF_08_Q;CTMCTM_E11AJF_08_AJF04_Q;"May 22, 2026";"May 22, 2026 1:30:16 PM";"May 22, 2026 1:30:16 PM";;Ended OK;AJF tables Quotidiennes ETRM;U512AJF025;Dummy;No;1;No;CTMSRV;CTMCTM_E11AJF_08_Q;controlm;;SRV_PRIMAIRE;3so6q
CTM-CONTROL-M;CTMCTM_E11AJF_08_Q;CTMCTM_E11AJF_08_AJF04_Q;"May 22, 2026";"May 22, 2026 1:30:46 PM";"May 22, 2026 1:30:46 PM";;Ended OK;AJF tables Quotidiennes ETRM;U512AJF025;Dummy;No;1;No;CTMSRV;CTMCTM_E11AJF_08_Q;controlm;;SRV_PRIMAIRE;3so7k
CTM-CONTROL-M;CTMCTM_E11AJF_08_Q;CTMCTM_E11AJF_08_AJF06_Q;"May 22, 2026";"May 22, 2026 1:30:16 PM";"May 22, 2026 1:30:16 PM";;Ended OK;AJF tables Journalieres DWH;U512AJF080;Dummy;No;1;No;CTMSRV;CTMCTM_E11AJF_08_Q;controlm;;SRV_PRIMAIRE;3so6r
CTM-CONTROL-M;CTMCTM_E11AJF_08_Q;CTMCTM_E11AJF_08_AJF09_Q;"May 22, 2026";"May 22, 2026 1:30:18 PM";"May 22, 2026 1:30:18 PM";;Ended OK;AJF tables Journalieres ALADIN;U512AJF100;Dummy;No;1;No;CTMSRV;CTMCTM_E11AJF_08_Q;controlm;;SRV_PRIMAIRE;3so6s
CTM-CONTROL-M;CTMCTM_E11AJF_08_Q;CTMCTM_E11AJF_08_AJF12_Q;"May 22, 2026";"May 22, 2026 1:30:17 PM";"May 22, 2026 1:30:17 PM";;Ended OK;AJF tables Journalieres ECO;U512AJF120;Dummy;No;1;No;CTMSRV;CTMCTM_E11AJF_08_Q;controlm;;SRV_PRIMAIRE;3so6t
CTM-CONTROL-M;CTMCTM_E11AJF_08_Q;CTMCTM_E11AJF_08_AJF15_Q;"May 22, 2026";"May 22, 2026 1:30:17 PM";"May 22, 2026 1:30:17 PM";;Ended OK;AJF tables Journalieres MDM;U512AJF170;Dummy;No;1;No;CTMSRV;CTMCTM_E11AJF_08_Q;controlm;;SRV_PRIMAIRE;3so6u
CTM-CONTROL-M;CTMCTM_E11AJF_08_Q;CTMCTM_E11AJF_08_AJF20_Q;"May 22, 2026";"May 22, 2026 1:30:18 PM";"May 22, 2026 1:30:18 PM";;Ended OK;AJF tables Quotidiennes CID;U512AJF550;Dummy;No;1;No;CTMSRV;CTMCTM_E11AJF_08_Q;controlm;;SRV_PRIMAIRE;3so6v
CTM-CONTROL-M;CTMCTM_E11AJF_08_Q;CTMCTM_E11AJF_08_AJF21_Q;"May 22, 2026";"May 22, 2026 1:30:24 PM";"May 22, 2026 1:30:24 PM";;Ended OK;AJF tables Quoditiennes CID DEMANDE;U512AJF550;Dummy;No;1;No;CTMSRV;CTMCTM_E11AJF_08_Q;controlm;;SRV_PRIMAIRE;3so6w
CTM-CONTROL-M;CTMCTM_E11AJF_08_Q;CTMCTM_E11AJF_08_AJF23_Q;"May 22, 2026";"May 22, 2026 1:30:23 PM";"May 22, 2026 1:30:23 PM";;Ended OK;AJF tables Quotidiennes CSC;U512AJF556;Dummy;No;1;No;CTMSRV;CTMCTM_E11AJF_08_Q;controlm;;SRV_PRIMAIRE;3so6x
CTM-CONTROL-M;CTMCTM_E11AJF_08_Q;CTMCTM_E11AJF_08_AJF24_Q;"May 22, 2026";"May 22, 2026 1:31:00 PM";"May 22, 2026 1:31:00 PM";;Ended OK;ADD COND DWH a la montee au plan;U512AJF010;Dummy;No;1;No;CTMSRV;CTMCTM_E11AJF_08_Q;controlm;;SRV_PRIMAIRE;3so6y
CTM-CONTROL-M;CTMCTM_E11AJF_08_Q;CTMCTM_E11AJF_08_AJF27_Q;"May 22, 2026";"May 22, 2026 1:30:36 PM";"May 22, 2026 1:30:36 PM";;Ended OK;AJF tables Quotidiennes DISPATCH;U512AJF556;Dummy;No;1;No;CTMSRV;CTMCTM_E11AJF_08_Q;controlm;;SRV_PRIMAIRE;3so7b
CTM-CONTROL-M;CTMCTM_E11AJF_08_Q;CTMCTM_E11AJF_08_AJF28_Q;"May 22, 2026";"May 22, 2026 1:31:01 PM";"May 22, 2026 1:31:01 PM";;Ended OK;AJF tables Quotidiennes DTR;U512AJF080;Dummy;No;1;No;CTMSRV;CTMCTM_E11AJF_08_Q;controlm;;SRV_PRIMAIRE;3so6z
CTM-CONTROL-M;CTMCTM_E11AJF_08_Q;CTMCTM_E11AJF_08_AJF30_Q;"May 22, 2026";"May 22, 2026 1:30:24 PM";"May 22, 2026 1:30:24 PM";;Ended OK;AJF tables Journalieres PELICAN;U512AJF020;Dummy;No;1;No;CTMSRV;CTMCTM_E11AJF_08_Q;controlm;;SRV_PRIMAIRE;3so70
CTM-CONTROL-M;CTMCTM_E11AJF_08_Q;CTMCTM_E11AJF_08_AJF39_Q;"May 22, 2026";"May 22, 2026 1:30:15 PM";"May 22, 2026 1:30:15 PM";;Ended OK;ADD COND SIGMA a la montee au plan;U512AJF010;Dummy;No;1;No;CTMSRV;CTMCTM_E11AJF_08_Q;controlm;;SRV_PRIMAIRE;3so71
CTM-CONTROL-M;CTMCTM_E11AJF_08_Q;CTMCTM_E11AJF_08_AJF40_Q;"May 22, 2026";"May 22, 2026 1:30:27 PM";"May 22, 2026 1:30:27 PM";;Ended OK;AJF tables Journalieres SIGMA;U512AJF020;Dummy;No;1;No;CTMSRV;CTMCTM_E11AJF_08_Q;controlm;;SRV_PRIMAIRE;3so72
CTM-CONTROL-M;CTMCTM_E11AJF_08_Q;CTMCTM_E11AJF_08_AJF432_Q;"May 22, 2026";"May 22, 2026 1:30:33 PM";"May 22, 2026 1:30:33 PM";;Ended OK;AJF tables Journalieres ENERGY sauf Samedi;U512AJF410;Dummy;No;1;No;CTMSRV;CTMCTM_E11AJF_08_Q;controlm;;SRV_PRIMAIRE;3so7c
CTM-CONTROL-M;CTMCTM_E11AJF_08_Q;CTMCTM_E11AJF_08_AJF43_Q;"May 22, 2026";"May 22, 2026 1:30:30 PM";"May 22, 2026 1:30:30 PM";;Ended OK;AJF tables Journalieres ENERGY;U512AJF410;Dummy;No;1;No;CTMSRV;CTMCTM_E11AJF_08_Q;controlm;;SRV_PRIMAIRE;3so73
CTM-CONTROL-M;CTMCTM_E11AJF_08_Q;CTMCTM_E11AJF_08_AJF47_Q;"May 22, 2026";"May 22, 2026 1:30:25 PM";"May 22, 2026 1:30:25 PM";;Ended OK;ADD COND OAP a la montee au plan;U512AJF010;Dummy;No;1;No;CTMSRV;CTMCTM_E11AJF_08_Q;controlm;;SRV_PRIMAIRE;3so74
CTM-CONTROL-M;CTMCTM_E11AJF_08_Q;CTMCTM_E11AJF_08_AJF48_Q;"May 22, 2026";"May 22, 2026 1:30:28 PM";"May 22, 2026 1:30:28 PM";;Ended OK;AJF tables Journalieres OAP;U512AJF020;Dummy;No;1;No;CTMSRV;CTMCTM_E11AJF_08_Q;controlm;;SRV_PRIMAIRE;3so75
CTM-CONTROL-M;CTMCTM_E11AJF_08_Q;CTMCTM_E11AJF_08_AJF49_Q;"May 22, 2026";"May 22, 2026 1:30:29 PM";"May 22, 2026 1:30:29 PM";;Ended OK;AJF tables Journalieres matin OAP;U512AJF030;Dummy;No;1;No;CTMSRV;CTMCTM_E11AJF_08_Q;controlm;;SRV_PRIMAIRE;3so76
CTM-CONTROL-M;CTMCTM_E11AJF_08_Q;CTMCTM_E11AJF_08_AJF51_Q;"May 22, 2026";"May 22, 2026 1:30:30 PM";"May 22, 2026 1:30:30 PM";;Ended OK;AJF tables Quotidiennes OAP sauf L1;U512AJF180;Dummy;No;1;No;CTMSRV;CTMCTM_E11AJF_08_Q;controlm;;SRV_PRIMAIRE;3so77
CTM-CONTROL-M;CTMCTM_E11AJF_08_Q;CTMCTM_E11AJF_08_AJF52_Q;"May 22, 2026";"May 22, 2026 1:30:34 PM";"May 22, 2026 1:30:34 PM";;Ended OK;AJF tables Journalieres SIC;U512AJF410;Dummy;No;1;No;CTMSRV;CTMCTM_E11AJF_08_Q;controlm;;SRV_PRIMAIRE;3so78
CTM-CONTROL-M;CTMCTM_E11AJF_08_Q;CTMCTM_E11AJF_08_AJF55_Q;"May 22, 2026";"May 22, 2026 1:30:26 PM";"May 22, 2026 1:30:26 PM";;Ended OK;ADD COND OFA a la montee au plan;U512AJF010;Dummy;No;1;No;CTMSRV;CTMCTM_E11AJF_08_Q;controlm;;SRV_PRIMAIRE;3so79
CTM-CONTROL-M;CTMCTM_E11AJF_08_Q;CTMCTM_E11AJF_08_AJF58_Q;"May 22, 2026";"May 22, 2026 1:30:34 PM";"May 22, 2026 1:30:34 PM";;Ended OK;AJF tables Journalieres KDR;U512AJF170;Dummy;No;1;No;CTMSRV;CTMCTM_E11AJF_08_Q;controlm;;SRV_PRIMAIRE;3so7d
CTM-CONTROL-M;CTMCTM_E11AJF_08_Q;CTMCTM_E11AJF_08_AJF59_Q;"May 22, 2026";"May 22, 2026 1:30:35 PM";"May 22, 2026 1:30:35 PM";;Ended OK;AJF tables Journalieres FINANCE;U512AJF170;Dummy;No;1;No;CTMSRV;CTMCTM_E11AJF_08_Q;controlm;;SRV_PRIMAIRE;3so7f
CTM-CONTROL-M;CTMCTM_E11AJF_08_Q;CTMCTM_E11AJF_08_AJF60_Q;"May 22, 2026";"May 22, 2026 1:30:40 PM";"May 22, 2026 1:30:40 PM";;Ended OK;AJF tables Journaliere PREDTR;U512AJF170;Dummy;No;1;No;CTMSRV;CTMCTM_E11AJF_08_Q;controlm;;SRV_PRIMAIRE;3so7e
CTM-CONTROL-M;CTMCTM_E11AJF_08_Q;CTMCTM_E11AJF_08_AJF61_Q;"May 22, 2026";"May 22, 2026 1:30:37 PM";"May 22, 2026 1:30:37 PM";;Ended OK;AJF tables Journalieres ARS;U512AJF170;Dummy;No;1;No;CTMSRV;CTMCTM_E11AJF_08_Q;controlm;;SRV_PRIMAIRE;3so7g
CTM-CONTROL-M;CTMCTM_E11AJF_08_Q;CTMCTM_E11AJF_08_AJF62_Q;"May 22, 2026";"May 22, 2026 1:30:43 PM";"May 22, 2026 1:30:43 PM";;Ended OK;AJF tables Journalieres MBB;U512AJF170;Dummy;No;1;No;CTMSRV;CTMCTM_E11AJF_08_Q;controlm;;SRV_PRIMAIRE;3so7h
CTM-CONTROL-M;CTMCTM_E11AJF_08_Q;CTMCTM_E11AJF_08_AJF63_Q;"May 22, 2026";"May 22, 2026 1:30:38 PM";"May 22, 2026 1:30:38 PM";;Ended OK;AJF tables Quotidiennes GDR;U512AJF025;Dummy;No;1;No;CTMSRV;CTMCTM_E11AJF_08_Q;controlm;;SRV_PRIMAIRE;3so7i
CTM-CONTROL-M;CTMCTM_E11AJF_08_Q;CTMCTM_E11AJF_08_AJF64_Q;"May 22, 2026";"May 22, 2026 1:30:41 PM";"May 22, 2026 1:30:41 PM";;Ended OK;AJF tables Quotidiennes PKI;U512AJF025;Dummy;No;1;No;CTMSRV;CTMCTM_E11AJF_08_Q;controlm;;SRV_PRIMAIRE;3so7j
CTM-CONTROL-M;CTMCTM_E11AJF_08_S;CTMCTM_E11AJF_08_AJF01_S;"May 22, 2026";"May 22, 2026 1:30:42 PM";"May 22, 2026 1:30:42 PM";;Ended OK;AJF tables Semestrielles (CTMPS);U512AJF010;Dummy;No;1;No;CTMSRV;CTMCTM_E11AJF_08_S;controlm;;SRV_PRIMAIRE;3sofd
CTM-CONTROL-M;CTMCTM_E11STP_01_Q;CTMCTM_E11STP_01_SUB02_Q;"May 22, 2026";;;;Wait for Event;Arret du serveur UDKEMB;ARRET_UDKEMB;Dummy;No;0;No;CTMSRV;CTMCTM_E11STP_01_Q;root;;;3sni7
CTM-CONTROL-M;CTMCTM_E11TEC_04_Q;CTMCTM_E11TEC_04_SUB01_Q;"May 22, 2026";;;;Wait for Event;Soumission scripts DWH a 00h05;SUBT0005 DWH;Dummy;No;0;No;CTMSRV;CTMCTM_E11TEC_04_Q;svce_cm;;;3sn8o
CTM-CONTROL-M;CTMCTM_E11TEC_04_Q;CTMCTM_E11TEC_04_SUB02_Q;"May 22, 2026";;;;Wait for Event;Soumission scripts CITY a 01h00;CITY SUBT0200;Dummy;No;0;No;CTMSRV;CTMCTM_E11TEC_04_Q;svce_cm;;;3sn8p
CTM-CONTROL-M;CTMCTM_E11TEC_04_Q;CTMCTM_E11TEC_04_SUB03_Q;"May 22, 2026";;;;Wait for Event;Soumission deblocage scripts HERCULE a 03h00;HERCULE SUBT0300 start  prod;Dummy;No;0;No;CTMSRV;CTMCTM_E11TEC_04_Q;svce_cm;;;3sn8q
CTM-CONTROL-M;CTMCTM_E11TEC_04_Q;CTMCTM_E11TEC_04_SUB10_Q;"May 22, 2026";"May 22, 2026 1:30:10 PM";"May 22, 2026 1:30:10 PM";;Ended OK;Soumission scripts a 13H30;SUBT1330;Dummy;No;1;No;CTMSRV;CTMCTM_E11TEC_04_Q;svce_cm;;;3sn8r
CTM-CONTROL-M;CTMCTM_E11TEC_04_Q;CTMCTM_E11TEC_04_SUB11_Q;"May 22, 2026";;;;Wait for Event;Soumission scripts a 14h00;SUBT1400;Dummy;No;0;No;CTMSRV;CTMCTM_E11TEC_04_Q;svce_cm;;;3sn8s
CTM-CONTROL-M;CTMCTM_E11TEC_04_Q;CTMCTM_E11TEC_04_SUB12_Q;"May 22, 2026";;;;Wait for Event;Soumission scripts a 15h00;SUBT1500;Dummy;No;0;No;CTMSRV;CTMCTM_E11TEC_04_Q;svce_cm;;;3sn8t
CTM-CONTROL-M;CTMCTM_E11TEC_04_Q;CTMCTM_E11TEC_04_SUB16_Q;"May 22, 2026";;;;Wait for Event;Soumission start service HERCULE à 07h00;HERCULE SUBT0700 stop prod;Dummy;No;0;No;CTMSRV;CTMCTM_E11TEC_04_Q;root;;;3sn8u
CTM-CONTROL-M;CTMCTM_E11TEC_04_Q;CTMCTM_E11TEC_04_SUB28_Q;"May 22, 2026";;;;Wait for Event;Soumission scripts à 14h00;SUBT1400;Dummy;No;0;No;CTMSRV;CTMCTM_E11TEC_04_Q;root;;;3sn8v
CTM-CONTROL-M;CTMCTM_E11TEC_04_Q;CTMCTM_E11TEC_04_SUB29_Q;"May 22, 2026";;;;Wait for Event;Soumission scripts à 15h00;SUBT1500;Dummy;No;0;No;CTMSRV;CTMCTM_E11TEC_04_Q;root;;;3sn8w
CTM-CONTROL-M;CTMCTM_E11TEC_04_Q;CTMCTM_E11TEC_04_SUB34_Q;"May 22, 2026";;;;Wait for Event;Soumission scripts à 21H30;SUBT2130;Dummy;No;0;No;CTMSRV;CTMCTM_E11TEC_04_Q;root;;;3sn8x
CTM-CONTROL-M;CTMCTM_E12AJF_08_Q;CTMCTM_E12AJF_08_ACC01_Q;"May 22, 2026";;;;Wait for Event;Accumulation des statistiques control_m;U512AJF510;Command;No;0;No;CTMSRV;CTMCTM_E12AJF_08_Q;controlm;SRV_PRIMAIRE;SRV_PRIMAIRE;3snoh
CTM-CONTROL-M;CTMCTM_E12AJF_08_Q;CTMCTM_E12AJF_08_DEL01_Q;"May 22, 2026";"May 22, 2026 1:30:15 PM";"May 22, 2026 1:30:18 PM";;Ended OK;Delete des conditions anterieures a 7 jours;U512AJF500;Command;No;1;No;CTMSRV;CTMCTM_E12AJF_08_Q;controlm;ldkctmp50;SRV_PRIMAIRE;3snog
CTM-CONTROL-M;CTMCTM_E12AJF_08_Q;CTMCTM_E12AJF_08_EXT01_Q;"May 22, 2026";;;;Wait for Event;ctmldnrs: creation fic. conditions AJF absentes nof U514;U512AJF800;Command;No;0;No;CTMSRV;CTMCTM_E12AJF_08_Q;controlm;SRV_PRIMAIRE;SRV_PRIMAIRE;3snon
CTM-CONTROL-M;CTMCTM_E12AJF_08_Q;CTMCTM_E12AJF_08_ORP01_Q;"May 22, 2026";;;;Wait for Event;ctmldnrs: load des conditions AJF absentes (VEH*);U512AJF820;Command;No;0;No;CTMSRV;CTMCTM_E12AJF_08_Q;controlm;SRV_PRIMAIRE;SRV_PRIMAIRE;3snoo
CTM-CONTROL-M;CTMCTM_E12AJF_08_Q;CTMCTM_E12AJF_08_ORP02_Q;"May 22, 2026";;;;Wait for Event;ctmldnrs: load des conditions AJF absentes (PRE*);U512AJF810;Command;No;0;No;CTMSRV;CTMCTM_E12AJF_08_Q;controlm;SRV_PRIMAIRE;SRV_PRIMAIRE;3snoi
CTM-CONTROL-M;CTMCTM_E12AJF_08_Q;CTMCTM_E12AJF_08_ORP03_Q;"May 22, 2026";;;;Wait for Event;ctmldnrs: load des conditions AJF absentes (CID*);U512AJF811;Command;No;0;No;CTMSRV;CTMCTM_E12AJF_08_Q;controlm;SRV_PRIMAIRE;SRV_PRIMAIRE;3snoj
CTM-CONTROL-M;CTMCTM_E12AJF_08_Q;CTMCTM_E12AJF_08_ORP04_Q;"May 22, 2026";;;;Wait for Event;ctmldnrs: load des conditions AJF absentes (EAI*);U512AJF812;Command;No;0;No;CTMSRV;CTMCTM_E12AJF_08_Q;controlm;SRV_PRIMAIRE;SRV_PRIMAIRE;3snok
CTM-CONTROL-M;CTMCTM_E12AJF_08_Q;CTMCTM_E12AJF_08_ORP05_Q;"May 22, 2026";;;;Wait for Event;ctmldnrs: load des conditions AJF absentes (ETR*);U512AJF813;Command;No;0;No;CTMSRV;CTMCTM_E12AJF_08_Q;controlm;SRV_PRIMAIRE;SRV_PRIMAIRE;3snol
CTM-CONTROL-M;CTMCTM_E12AJF_08_Q;CTMCTM_E12AJF_08_ORP06_Q;"May 22, 2026";;;;Wait for Event;ctmldnrs: load des conditions AJF absentes (BOC*);U512AJF815;Command;No;0;No;CTMSRV;CTMCTM_E12AJF_08_Q;controlm;SRV_PRIMAIRE;SRV_PRIMAIRE;3snom
CTM-CONTROL-M;CTMCTM_E12AJF_08_Q;CTMCTM_E12AJF_08_ORP07_Q;"May 22, 2026";;;;Wait for Event;ctmldnrs: load des conditions AJF absentes (OAP*);AJF_CTM_860;Command;No;0;No;CTMSRV;CTMCTM_E12AJF_08_Q;controlm;SRV_PRIMAIRE;SRV_PRIMAIRE;3snot
CTM-CONTROL-M;CTMCTM_E12AJF_08_Q;CTMCTM_E12AJF_08_ORP08_Q;"May 22, 2026";;;;Wait for Event;ctmldnrs: load des conditions AJF absentes (ECO*);AJF_CTM_820;Command;No;0;No;CTMSRV;CTMCTM_E12AJF_08_Q;controlm;SRV_PRIMAIRE;SRV_PRIMAIRE;3snop
CTM-CONTROL-M;CTMCTM_E12AJF_08_Q;CTMCTM_E12AJF_08_ORP09_Q;"May 22, 2026";;;;Wait for Event;ctmldnrs: load des conditions AJF absentes (XFB*);AJF_CTM_830;Command;No;0;No;CTMSRV;CTMCTM_E12AJF_08_Q;controlm;SRV_PRIMAIRE;SRV_PRIMAIRE;3snoq
CTM-CONTROL-M;CTMCTM_E12AJF_08_Q;CTMCTM_E12AJF_08_ORP10_Q;"May 22, 2026";;;;Wait for Event;ctmldnrs: load des conditions AJF absentes (ALA*);AJF_CTM_840;Command;No;0;No;CTMSRV;CTMCTM_E12AJF_08_Q;controlm;SRV_PRIMAIRE;SRV_PRIMAIRE;3snor
CTM-CONTROL-M;CTMCTM_E12AJF_08_Q;CTMCTM_E12AJF_08_ORP11_Q;"May 22, 2026";;;;Wait for Event;ctmldnrs: load des conditions AJF absentes (SIG*);AJF_CTM_850;Command;No;0;No;CTMSRV;CTMCTM_E12AJF_08_Q;controlm;SRV_PRIMAIRE;SRV_PRIMAIRE;3snos
CTM-CONTROL-M;CTMCTM_E12AJF_08_Q;CTMCTM_E12AJF_08_ORP12_Q;"May 22, 2026";;;;Wait for Event;ctmldnrs: load des conditions AJF absentes (SAG*);AJF_CTM_850;Command;No;0;No;CTMSRV;CTMCTM_E12AJF_08_Q;controlm;SRV_PRIMAIRE;SRV_PRIMAIRE;3snou
CTM-CONTROL-M;CTMCTM_E12AJF_08_Q;CTMCTM_E12AJF_08_ORP13_Q;"May 22, 2026";;;;Wait for Event;ctmldnrs: load des conditions AJF absentes (HRA*);AJF_CTM_850;Command;No;0;No;CTMSRV;CTMCTM_E12AJF_08_Q;controlm;SRV_PRIMAIRE;SRV_PRIMAIRE;3snov
CTM-CONTROL-M;CTMCTM_E12AJF_08_Q;CTMCTM_E12AJF_08_ORP14_Q;"May 22, 2026";;;;Wait for Event;ctmldnrs: load des conditions AJF absentes (DWH*);AJF_CTM_850;Command;No;0;No;CTMSRV;CTMCTM_E12AJF_08_Q;controlm;SRV_PRIMAIRE;SRV_PRIMAIRE;3snow
CTM-CONTROL-M;CTMCTM_E12AJF_08_Q;CTMCTM_E12AJF_08_ORP15_Q;"May 22, 2026";;;;Wait for Event;ctmldnrs: load des conditions AJF absentes (CSC*);AJF_CTM_850;Command;No;0;No;CTMSRV;CTMCTM_E12AJF_08_Q;controlm;SRV_PRIMAIRE;SRV_PRIMAIRE;3snox
CTM-CONTROL-M;CTMCTM_E12AJF_08_Q;CTMCTM_E12AJF_08_ORP16_Q;"May 22, 2026";;;;Wait for Event;ctmldnrs: load des conditions AJF absentes (MDM*);AJF_CTM_850;Command;No;0;No;CTMSRV;CTMCTM_E12AJF_08_Q;controlm;SRV_PRIMAIRE;SRV_PRIMAIRE;3snoy
CTM-CONTROL-M;CTMCTM_E12AJF_08_Q;CTMCTM_E12AJF_08_ORP17_Q;"May 22, 2026";;;;Wait for Event;ctmldnrs: load des conditions AJF absentes (HA8*);AJF_CTM_850;Command;No;0;No;CTMSRV;CTMCTM_E12AJF_08_Q;controlm;SRV_PRIMAIRE;SRV_PRIMAIRE;3snoz
CTM-CONTROL-M;CTMCTM_E12AJF_08_Q;CTMCTM_E12AJF_08_ORP18_Q;"May 22, 2026";;;;Wait for Event;ctmldnrs: load des conditions AJF absentes (NRJ*);AJF_CTM_850;Command;No;0;No;CTMSRV;CTMCTM_E12AJF_08_Q;controlm;SRV_PRIMAIRE;SRV_PRIMAIRE;3snp0
CTM-CONTROL-M;CTMCTM_E12AJF_08_Q;CTMCTM_E12AJF_08_ORP19_Q;"May 22, 2026";;;;Wait for Event;ctmldnrs: load des conditions AJF absentes (OAF*);AJF_CTM_850;Command;No;0;No;CTMSRV;CTMCTM_E12AJF_08_Q;controlm;SRV_PRIMAIRE;SRV_PRIMAIRE;3snp1
CTM-CONTROL-M;CTMCTM_E12AJF_08_Q;CTMCTM_E12AJF_08_ORP20_Q;"May 22, 2026";;;;Wait for Event;ctmldnrs: load des conditions AJF absentes (OPM*);AJF_CTM_850;Command;No;0;No;CTMSRV;CTMCTM_E12AJF_08_Q;controlm;SRV_PRIMAIRE;SRV_PRIMAIRE;3snp2
CTM-CONTROL-M;CTMCTM_E12AJF_08_Q;CTMCTM_E12AJF_08_ORP21_Q;"May 22, 2026";;;;Wait for Event;ctmldnrs: load des conditions AJF absentes (OAA*);AJF_CTM_850;Command;No;0;No;CTMSRV;CTMCTM_E12AJF_08_Q;controlm;SRV_PRIMAIRE;SRV_PRIMAIRE;3snp3
CTM-CONTROL-M;CTMCTM_E12AJF_08_Q;CTMCTM_E12AJF_08_ORP22_Q;"May 22, 2026";;;;Wait for Event;ctmldnrs: load des conditions AJF absentes (PRO*);AJF_CTM_850;Command;No;0;No;CTMSRV;CTMCTM_E12AJF_08_Q;controlm;SRV_PRIMAIRE;SRV_PRIMAIRE;3snp4
CTM-CONTROL-M;CTMCTM_E12AJF_08_Q;CTMCTM_E12AJF_08_ORP23_Q;"May 22, 2026";;;;Wait for Event;ctmldnrs: load des conditions AJF absentes (DWS*);AJF_CTM_850;Command;No;0;No;CTMSRV;CTMCTM_E12AJF_08_Q;controlm;SRV_PRIMAIRE;SRV_PRIMAIRE;3snp5
CTM-CONTROL-M;CTMCTM_E12AJF_08_Q;CTMCTM_E12AJF_08_ORP24_Q;"May 22, 2026";;;;Wait for Event;ctmldnrs: load des conditions AJF absentes (DWA*);AJF_CTM_850;Command;No;0;No;CTMSRV;CTMCTM_E12AJF_08_Q;controlm;SRV_PRIMAIRE;SRV_PRIMAIRE;3snp6
CTM-CONTROL-M;CTMCTM_E12AJF_08_Q;CTMCTM_E12AJF_08_ORP25_Q;"May 22, 2026";;;;Wait for Event;ctmldnrs: load des conditions AJF absentes (DWF*);AJF_CTM_850;Command;No;0;No;CTMSRV;CTMCTM_E12AJF_08_Q;controlm;SRV_PRIMAIRE;SRV_PRIMAIRE;3snp7
CTM-CONTROL-M;CTMCTM_E12AJF_08_Q;CTMCTM_E12AJF_08_ORP26_Q;"May 22, 2026";;;;Wait for Event;ctmldnrs: load des conditions AJF absentes (OPT*);AJF_CTM_850;Command;No;0;No;CTMSRV;CTMCTM_E12AJF_08_Q;controlm;SRV_PRIMAIRE;SRV_PRIMAIRE;3snp8
CTM-CONTROL-M;CTMCTM_E12AJF_08_Q;CTMCTM_E12AJF_08_ORP27_Q;"May 22, 2026";;;;Wait for Event;ctmldnrs: load des conditions AJF absentes (GTG*);AJF_CTM_850;Command;No;0;No;CTMSRV;CTMCTM_E12AJF_08_Q;controlm;SRV_PRIMAIRE;SRV_PRIMAIRE;3snp9
CTM-CONTROL-M;CTMCTM_E12AJF_08_Q;CTMCTM_E12AJF_08_ORP28_Q;"May 22, 2026";;;;Wait for Event;ctmldnrs: load des conditions AJF absentes (ARI*);AJF_CTM_850;Command;No;0;No;CTMSRV;CTMCTM_E12AJF_08_Q;controlm;SRV_PRIMAIRE;SRV_PRIMAIRE;3snpa
CTM-CONTROL-M;CTMCTM_E12AJF_08_Q;CTMCTM_E12AJF_08_ORP29_Q;"May 22, 2026";;;;Wait for Event;ctmldnrs: load des conditions AJF absentes (SRV*);AJF_CTM_850;Command;No;0;No;CTMSRV;CTMCTM_E12AJF_08_Q;controlm;SRV_PRIMAIRE;SRV_PRIMAIRE;3snpb
CTM-CONTROL-M;CTMCTM_E12AJF_08_Q;CTMCTM_E12AJF_08_ORP30_Q;"May 22, 2026";;;;Wait for Event;ctmldnrs: load des conditions AJF absentes (FST*);AJF_CTM_850;Command;No;0;No;CTMSRV;CTMCTM_E12AJF_08_Q;controlm;SRV_PRIMAIRE;SRV_PRIMAIRE;3snpc
CTM-CONTROL-M;CTMCTM_E12AJF_08_Q;CTMCTM_E12AJF_08_ORP31_Q;"May 22, 2026";;;;Wait for Event;ctmldnrs: load des conditions AJF absentes (PIC*);AJF_CTM_850;Command;No;0;No;CTMSRV;CTMCTM_E12AJF_08_Q;controlm;SRV_PRIMAIRE;SRV_PRIMAIRE;3snpd
CTM-CONTROL-M;CTMCTM_E12AJF_08_Q;CTMCTM_E12AJF_08_ORP32_Q;"May 22, 2026";;;;Wait for Event;ctmldnrs: load des conditions AJF absentes (SES*);AJF_CTM_850;Command;No;0;No;CTMSRV;CTMCTM_E12AJF_08_Q;controlm;SRV_PRIMAIRE;SRV_PRIMAIRE;3snpe
CTM-CONTROL-M;CTMCTM_E12AJF_08_Q;CTMCTM_E12AJF_08_ORP33_Q;"May 22, 2026";;;;Wait for Event;ctmldnrs: load des conditions AJF absentes (DIS*);AJF_CTM_850;Command;No;0;No;CTMSRV;CTMCTM_E12AJF_08_Q;controlm;SRV_PRIMAIRE;SRV_PRIMAIRE;3snpf
CTM-CONTROL-M;CTMCTM_E12AJF_08_Q;CTMCTM_E12AJF_08_ORP34_Q;"May 22, 2026";;;;Wait for Event;ctmldnrs: load des conditions AJF absentes (DIC*);AJF_CTM_850;Command;No;0;No;CTMSRV;CTMCTM_E12AJF_08_Q;controlm;SRV_PRIMAIRE;SRV_PRIMAIRE;3snpg
CTM-CONTROL-M;CTMCTM_E12AJF_08_Q;CTMCTM_E12AJF_08_ORP35_Q;"May 22, 2026";;;;Wait for Event;ctmldnrs: load des conditions AJF absentes (HAM*);AJF_CTM_850;Command;No;0;No;CTMSRV;CTMCTM_E12AJF_08_Q;controlm;SRV_PRIMAIRE;SRV_PRIMAIRE;3snph
CTM-CONTROL-M;CTMCTM_E12AJF_08_Q;CTMCTM_E12AJF_08_ORP36_Q;"May 22, 2026";;;;Wait for Event;ctmldnrs: load des conditions AJF absentes (DWC*);AJF_CTM_850;Command;No;0;No;CTMSRV;CTMCTM_E12AJF_08_Q;controlm;SRV_PRIMAIRE;SRV_PRIMAIRE;3snpi
CTM-CONTROL-M;CTMCTM_E12AJF_08_Q;CTMCTM_E12AJF_08_ORP37_Q;"May 22, 2026";;;;Wait for Event;ctmldnrs: load des conditions AJF absentes (DTR*);AJF_CTM_850;Command;No;0;No;CTMSRV;CTMCTM_E12AJF_08_Q;controlm;SRV_PRIMAIRE;SRV_PRIMAIRE;3snpj
CTM-CONTROL-M;CTMCTM_E12AJF_08_Q;CTMCTM_E12AJF_08_ORP38_Q;"May 22, 2026";;;;Wait for Event;ctmldnrs: load des conditions AJF absentes (PEL*);AJF_CTM_850;Command;No;0;No;CTMSRV;CTMCTM_E12AJF_08_Q;controlm;SRV_PRIMAIRE;SRV_PRIMAIRE;3snpk
CTM-CONTROL-M;CTMCTM_E12AJF_08_Q;CTMCTM_E12AJF_08_ORP39_Q;"May 22, 2026";;;;Wait for Event;ctmldnrs: load des conditions AJF absentes (HAV*);AJF_CTM_850;Command;No;0;No;CTMSRV;CTMCTM_E12AJF_08_Q;controlm;SRV_PRIMAIRE;SRV_PRIMAIRE;3snpl
CTM-CONTROL-M;CTMCTM_E12AJF_08_Q;CTMCTM_E12AJF_08_ORP40_Q;"May 22, 2026";;;;Wait for Event;ctmldnrs: load des conditions AJF absentes (HO*) HOLD et HOLD2;AJF_CTM_850;Command;No;0;No;CTMSRV;CTMCTM_E12AJF_08_Q;controlm;SRV_PRIMAIRE;SRV_PRIMAIRE;3snpm
CTM-CONTROL-M;CTMCTM_E12AJF_08_Q;CTMCTM_E12AJF_08_ORP41_Q;"May 22, 2026";;;;Wait for Event;ctmldnrs: load des conditions AJF absentes (SIC*);AJF_CTM_850;Command;No;0;No;CTMSRV;CTMCTM_E12AJF_08_Q;controlm;SRV_PRIMAIRE;SRV_PRIMAIRE;3snpn
CTM-CONTROL-M;CTMCTM_E12AJF_08_Q;CTMCTM_E12AJF_08_ORP42_Q;"May 22, 2026";;;;Wait for Event;ctmldnrs: load des conditions AJF absentes (OFA*);AJF_CTM_850;Command;No;0;No;CTMSRV;CTMCTM_E12AJF_08_Q;controlm;SRV_PRIMAIRE;SRV_PRIMAIRE;3snpo
CTM-CONTROL-M;CTMCTM_E12AJF_08_Q;CTMCTM_E12AJF_08_ORP43_Q;"May 22, 2026";;;;Wait for Event;ctmldnrs: load des conditions AJF absentes (AGG*);AJF_CTM_850;Command;No;0;No;CTMSRV;CTMCTM_E12AJF_08_Q;controlm;SRV_PRIMAIRE;SRV_PRIMAIRE;3snpp
CTM-CONTROL-M;CTMCTM_E12AJF_08_Q;CTMCTM_E12AJF_08_ORP44_Q;"May 22, 2026";;;;Wait for Event;ctmldnrs: load des conditions AJF absentes (GRT*);AJF_CTM_850;Command;No;0;No;CTMSRV;CTMCTM_E12AJF_08_Q;controlm;SRV_PRIMAIRE;SRV_PRIMAIRE;3snpq
CTM-CONTROL-M;CTMCTM_E12AJF_08_Q;CTMCTM_E12AJF_08_ORP45_Q;"May 22, 2026";;;;Wait for Event;ctmldnrs: load des conditions AJF absentes (NSI*);AJF_CTM_850;Command;No;0;No;CTMSRV;CTMCTM_E12AJF_08_Q;controlm;SRV_PRIMAIRE;SRV_PRIMAIRE;3snpr
CTM-CONTROL-M;CTMCTM_E12AJF_08_Q;CTMCTM_E12AJF_08_ORP46_Q;"May 22, 2026";;;;Wait for Event;ctmldnrs: load des conditions AJF absentes (C2E*);AJF_CTM_850;Command;No;0;No;CTMSRV;CTMCTM_E12AJF_08_Q;controlm;SRV_PRIMAIRE;SRV_PRIMAIRE;3snps
CTM-CONTROL-M;CTMCTM_E12AJF_08_Q;CTMCTM_E12AJF_08_ORP47_Q;"May 22, 2026";;;;Wait for Event;ctmldnrs: load des conditions AJF absentes (MYD*);AJF_CTM_850;Command;No;0;No;CTMSRV;CTMCTM_E12AJF_08_Q;controlm;SRV_PRIMAIRE;SRV_PRIMAIRE;3snpt
CTM-CONTROL-M;CTMCTM_E12AJF_08_Q;CTMCTM_E12AJF_08_ORP48_Q;"May 22, 2026";;;;Wait for Event;ctmldnrs: load des conditions AJF absentes (DEC*);AJF_CTM_850;Command;No;0;No;CTMSRV;CTMCTM_E12AJF_08_Q;controlm;SRV_PRIMAIRE;SRV_PRIMAIRE;3snpu
CTM-CONTROL-M;CTMCTM_E12AJF_08_Q;CTMCTM_E12AJF_08_ORP49_Q;"May 22, 2026";;;;Wait for Event;ctmldnrs: load des conditions AJF absentes (CTX*);AJF_CTM_850;Command;No;0;No;CTMSRV;CTMCTM_E12AJF_08_Q;controlm;SRV_PRIMAIRE;SRV_PRIMAIRE;3snpv
CTM-CONTROL-M;CTMCTM_E12AJF_08_Q;CTMCTM_E12AJF_08_ORP50_Q;"May 22, 2026";;;;Wait for Event;ctmldnrs: load des conditions AJF absentes (FAX*);AJF_CTM_850;Command;No;0;No;CTMSRV;CTMCTM_E12AJF_08_Q;controlm;SRV_PRIMAIRE;SRV_PRIMAIRE;3snpw
CTM-CONTROL-M;CTMCTM_E12AJF_08_Q;CTMCTM_E12AJF_08_ORP51_Q;"May 22, 2026";;;;Wait for Event;ctmldnrs: load des conditions AJF absentes (ALP*);AJF_CTM_850;Command;No;0;No;CTMSRV;CTMCTM_E12AJF_08_Q;controlm;SRV_PRIMAIRE;SRV_PRIMAIRE;3snpx
CTM-CONTROL-M;CTMCTM_E12AJF_08_Q;CTMCTM_E12AJF_08_ORP52_Q;"May 22, 2026";;;;Wait for Event;ctmldnrs: load des conditions AJF absentes (HAD*);AJF_CTM_850;Command;No;0;No;CTMSRV;CTMCTM_E12AJF_08_Q;controlm;SRV_PRIMAIRE;SRV_PRIMAIRE;3snpy
CTM-CONTROL-M;CTMCTM_E12AJF_08_Q;CTMCTM_E12AJF_08_ORP53_Q;"May 22, 2026";;;;Wait for Event;ctmldnrs: load des conditions AJF absentes (BDM*);AJF_CTM_850;Command;No;0;No;CTMSRV;CTMCTM_E12AJF_08_Q;controlm;SRV_PRIMAIRE;SRV_PRIMAIRE;3snpz
CTM-CONTROL-M;CTMCTM_E12AJF_08_Q;CTMCTM_E12AJF_08_ORP54_Q;"May 22, 2026";;;;Wait for Event;ctmldnrs: load des conditions AJF absentes (BAB*);AJF_CTM_850;Command;No;0;No;CTMSRV;CTMCTM_E12AJF_08_Q;controlm;SRV_PRIMAIRE;SRV_PRIMAIRE;3snq0
CTM-CONTROL-M;CTMCTM_E12AJF_08_Q;CTMCTM_E12AJF_08_ORP55_Q;"May 22, 2026";;;;Wait for Event;ctmldnrs: load des conditions AJF absentes (ECA*);AJF_CTM_850;Command;No;0;No;CTMSRV;CTMCTM_E12AJF_08_Q;controlm;SRV_PRIMAIRE;SRV_PRIMAIRE;3snq1
CTM-CONTROL-M;CTMCTM_E12AJF_08_Q;CTMCTM_E12AJF_08_ORP56_Q;"May 22, 2026";;;;Wait for Event;ctmldnrs: load des conditions AJF absentes (CTM*);AJF_CTM_850;Command;No;0;No;CTMSRV;CTMCTM_E12AJF_08_Q;controlm;SRV_PRIMAIRE;SRV_PRIMAIRE;3snq2
CTM-CONTROL-M;CTMCTM_E12AJF_08_Q;CTMCTM_E12AJF_08_ORP57_Q;"May 22, 2026";;;;Wait for Event;ctmldnrs: load des conditions AJF absentes (NES*);AJF_CTM_850;Command;No;0;No;CTMSRV;CTMCTM_E12AJF_08_Q;controlm;SRV_PRIMAIRE;SRV_PRIMAIRE;3snq3
CTM-CONTROL-M;CTMCTM_E12AJF_08_Q;CTMCTM_E12AJF_08_ORP58_Q;"May 22, 2026";;;;Wait for Event;ctmldnrs: load des conditions AJF absentes (V4D*);CTMCTM_E12AJF_08_ORP58_Q;Command;No;0;No;CTMSRV;CTMCTM_E12AJF_08_Q;controlm;SRV_PRIMAIRE;SRV_PRIMAIRE;3snq5
CTM-CONTROL-M;CTMCTM_E12AJF_08_Q;CTMCTM_E12AJF_08_ORP59_Q;"May 22, 2026";;;;Wait for Event;ctmldnrs: load des conditions AJF absentes (REF*);CTMCTM_E12AJF_08_ORP59_Q;Command;No;0;No;CTMSRV;CTMCTM_E12AJF_08_Q;controlm;SRV_PRIMAIRE;SRV_PRIMAIRE;3snq4
CTM-CONTROL-M;CTMCTM_E12AJF_08_Q;CTMCTM_E12AJF_08_ORP60_Q;"May 22, 2026";;;;Wait for Event;ctmldnrs: load des conditions AJF absentes (CIT*);CTMCTM_E12AJF_08_ORP60_Q;Command;No;0;No;CTMSRV;CTMCTM_E12AJF_08_Q;controlm;SRV_PRIMAIRE;SRV_PRIMAIRE;3snq7
CTM-CONTROL-M;CTMCTM_E12AJF_08_Q;CTMCTM_E12AJF_08_ORP61_Q;"May 22, 2026";;;;Wait for Event;ctmldnrs: load des conditions AJF absentes (HEC*);CTMCTM_E12AJF_08_ORP61_Q;Command;No;0;No;CTMSRV;CTMCTM_E12AJF_08_Q;controlm;SRV_PRIMAIRE;SRV_PRIMAIRE;3snq6
CTM-CONTROL-M;CTMCTM_E12AJF_08_Q;CTMCTM_E12AJF_08_ORP62_Q;"May 22, 2026";;;;Wait for Event;ctmldnrs: load des conditions AJF absentes (CEL*);CTMCTM_E12AJF_08_ORP62_Q;Command;No;0;No;CTMSRV;CTMCTM_E12AJF_08_Q;controlm;SRV_PRIMAIRE;SRV_PRIMAIRE;3snq8
CTM-CONTROL-M;CTMCTM_E12AJF_08_Q;CTMCTM_E12AJF_08_ORP63_Q;"May 22, 2026";;;;Wait for Event;ctmldnrs: load des conditions AJF absentes (GTN*);CTMCTM_E12AJF_08_ORP62_Q;Command;No;0;No;CTMSRV;CTMCTM_E12AJF_08_Q;controlm;SRV_PRIMAIRE;SRV_PRIMAIRE;3snq9
CTM-CONTROL-M;CTMCTM_E12AJF_08_Q;CTMCTM_E12AJF_08_ORP64_Q;"May 22, 2026";;;;Wait for Event;ctmldnrs: load des conditions AJF absentes (FIN*);CTMCTM_E12AJF_08_ORP62_Q;Command;No;0;No;CTMSRV;CTMCTM_E12AJF_08_Q;controlm;SRV_PRIMAIRE;SRV_PRIMAIRE;3snqa
CTM-CONTROL-M;CTMCTM_E12AJF_08_Q;CTMCTM_E12AJF_08_ORP65_Q;"May 22, 2026";;;;Wait for Event;ctmldnrs: load des conditions AJF absentes (PFE*);CTMCTM_E12AJF_08_ORP62_Q;Command;No;0;No;CTMSRV;CTMCTM_E12AJF_08_Q;controlm;SRV_PRIMAIRE;SRV_PRIMAIRE;3snqb
CTM-CONTROL-M;CTMCTM_E12AJF_08_Q;CTMCTM_E12AJF_08_ORP66_Q;"May 22, 2026";;;;Wait for Event;ctmldnrs: load des conditions AJF absentes (KDR*);CTMCTM_E12AJF_08_ORP62_Q;Command;No;0;No;CTMSRV;CTMCTM_E12AJF_08_Q;controlm;SRV_PRIMAIRE;SRV_PRIMAIRE;3snqc
CTM-CONTROL-M;CTMCTM_E12TEC_04_Q;CTMCTM_E12TEC_04_SUB16_Q;"May 22, 2026";;;;Wait for Event;Soumission scripts DWH à 04h00;SUBT0400 DWH;Dummy;No;0;No;CTMSRV;CTMCTM_E12TEC_04_Q;root;;;3sp08
CTM-CONTROL-M;CTMCTM_E12TEC_04_Q;CTMCTM_E12TEC_04_SUB24_Q;"May 22, 2026";;;;Wait for Event;Soumission scripts XFB à 06h30;SUBT0630 XFB;Dummy;No;0;No;CTMSRV;CTMCTM_E12TEC_04_Q;root;;;3sp09
CTM-CONTROL-M;CTMCTM_E12TEC_04_Q;CTMCTM_E12TEC_04_SUB27_Q;"May 22, 2026";;;;Wait for Event;Soumission scripts DWH à 07h40;SUBT0740 DWH;Dummy;No;0;No;CTMSRV;CTMCTM_E12TEC_04_Q;root;;;3sp0a
CTM-CONTROL-M;CTMCTM_E12TEC_04_Q;CTMCTM_E12TEC_04_SUB28_Q;"May 22, 2026";;;;Wait for Event;Soumission scripts DWH à 08h00;SUBT0800 DWH;Dummy;No;0;No;CTMSRV;CTMCTM_E12TEC_04_Q;root;;;3sp0b
CTM-CONTROL-M;CTMCTM_E12TEC_04_Q;CTMCTM_E12TEC_04_SUB30_Q;"May 22, 2026";;;;Wait for Event;Soumission scripts à 11h00 DWH;SUBT1100 DWH;Dummy;No;0;No;CTMSRV;CTMCTM_E12TEC_04_Q;root;;;3sp0c
CTM-CONTROL-M;CTMCTM_E13TEC_04_Q;CTMCTM_E13TEC_04_SUB38_Q;"May 22, 2026";;;;Wait for Event;Soumission scripts PEL à 03h30;SUBT0330 PEL;Dummy;No;0;No;CTMSRV;CTMCTM_E13TEC_04_Q;root;;;3smzs
CTM-CONTROL-M;CTMCTM_E13TEC_04_Q;CTMCTM_E13TEC_04_SUB39_Q;"May 22, 2026";;;;Wait for Event;Soumission scripts à 04h00 PEL;SUBT0400 PEL;Dummy;No;0;No;CTMSRV;CTMCTM_E13TEC_04_Q;root;;;3smzt
CTM-CONTROL-M;CTMCTM_E13TEC_04_Q;CTMCTM_E13TEC_04_SUB40_Q;"May 22, 2026";;;;Wait for Event;Soumission scripts PEL à 04h30;SUBT0430 PEL;Dummy;No;0;No;CTMSRV;CTMCTM_E13TEC_04_Q;root;;;3smzu
CTM-CONTROL-M;CTMCTM_E13TEC_04_Q;CTMCTM_E13TEC_04_SUB42_Q;"May 22, 2026";;;;Wait for Event;Soumission scripts PEL à 04h15;SUBT0530 PEL;Dummy;No;0;No;CTMSRV;CTMCTM_E13TEC_04_Q;root;;;3smzv
CTM-CONTROL-M;CTMCTM_E13TEC_04_Q;CTMCTM_E13TEC_04_SUB43_Q;"May 22, 2026";;;;Wait for Event;Lancement PEL 06h00;SUBT0600 PEL;Dummy;No;0;No;CTMSRV;CTMCTM_E13TEC_04_Q;root;;;3smzw
CTM-CONTROL-M;CTMCTM_E13TEC_04_Q;CTMCTM_E13TEC_04_SUB44_Q;"May 22, 2026";;;;Wait for Event;Lancement PEL 06h15;SUBT0615 PEL;Dummy;No;0;No;CTMSRV;CTMCTM_E13TEC_04_Q;root;;;3smzx
CTM-CONTROL-M;CTMCTM_E13TEC_04_Q;CTMCTM_E13TEC_04_SUB45_Q;"May 22, 2026";;;;Wait for Event;Lancement PEL 06h30;SUBT0630 PEL;Dummy;No;0;No;CTMSRV;CTMCTM_E13TEC_04_Q;root;;;3smzy
CTM-CONTROL-M;CTMCTM_E13TEC_04_Q;CTMCTM_E13TEC_04_SUB46_Q;"May 22, 2026";;;;Wait for Event;Lancement PEL 07h00;SUBT0700 PEL;Dummy;No;0;No;CTMSRV;CTMCTM_E13TEC_04_Q;root;;;3smzz
CTM-CONTROL-M;CTMCTM_E13TEC_04_Q;CTMCTM_E13TEC_04_SUB47_Q;"May 22, 2026";;;;Wait for Event;Lancement PEL 07h15;SUBT0715 PEL;Dummy;No;0;No;CTMSRV;CTMCTM_E13TEC_04_Q;root;;;3sn00
CTM-CONTROL-M;CTMCTM_E13TEC_04_Q;CTMCTM_E13TEC_04_SUB51_Q;"May 22, 2026";;;;Wait for Event;Soumission scripts PEL  à 21h00;SUBT2100 PEL;Dummy;No;0;No;CTMSRV;CTMCTM_E13TEC_04_Q;root;;;3sn01
CTM-CONTROL-M;CTMCTM_E14TEC_04_Q;CTMCTM_E14TEC_04_EXP01_Q;"May 22, 2026";;;0810;Wait for Event;ExtractJobsCTM  &  Envoi : Suivi + PrairieCloture;ExtractCsvPlanCurrent_HELIOS_V9.ksh;Job;No;0;Yes;CTMSRV;CTMCTM_E14TEC_04_Q;controlm;SRV_PRIMAIRE;SRV_PRIMAIRE;3snwf
CTM-CONTROL-M;CTMCTM_E14TEC_04_Q;CTMCTM_E14TEC_04_EXP02_Q;"May 22, 2026";"May 22, 2026 1:45:23 PM";"May 22, 2026 1:45:23 PM";;Ended OK;ExtractCsvPlanArch => Extract_Full_YYYYMM.csv;ExtractCsvPlanArch.ksh;Dummy;No;1;No;CTMSRV;CTMCTM_E14TEC_04_Q;controlm;;SRV_PRIMAIRE;3snwg
CTM-CONTROL-M;CTMCTM_E14TEC_04_Q;CTMCTM_E14TEC_04_EXP03_Q;"May 22, 2026";;;;Wait for Event;ExtractCTMIndicMens => ODAT: yymmjj.csv;ExtractCTMIndicMens.ksh;Job;No;0;No;CTMSRV;CTMCTM_E14TEC_04_Q;controlm;SRV_PRIMAIRE;SRV_PRIMAIRE;3snwh
CTM-CONTROL-M;CTMCTM_E14TEC_04_Q;CTMCTM_E14TEC_04_EXP04_Q;"May 22, 2026";;;;Wait for Event;ExtractJobsCTM Manuelle : Suivi + PrairieCloture;ExtractCsvPlanCurrent_HELIOS_V9.ksh;Job;No;0;Yes;CTMSRV;CTMCTM_E14TEC_04_Q;controlm;SRV_PRIMAIRE;SRV_PRIMAIRE;3snwj
CTM-CONTROL-M;CTMCTM_E14TEC_04_Q;CTMCTM_E14TEC_04_EXP06_Q;"May 22, 2026";;;;Wait for Event;ExtractJobsCTM Plan -1  : Suivi + PrairieCloture;ExtractCsvPlanCurrent_Jm1.ksh;Job;No;0;No;CTMSRV;CTMCTM_E14TEC_04_Q;controlm;SRV_PRIMAIRE;SRV_PRIMAIRE;3snwi
CTM-CONTROL-M;CTMCTM_E14TEC_04_Q;CTMCTM_E14TEC_04_EXP12_Q;"May 22, 2026";;;;Wait for Event;ExtractJobsCTM  &  Envoi : Suivi + PrairieCloture  DTR;ExtractCsvPlanCurrent_HELIOS_DTR_V9.ksh;Job;No;0;Yes;CTMSRV;CTMCTM_E14TEC_04_Q;controlm;SRV_PRIMAIRE;SRV_PRIMAIRE;3snwo
CTM-CONTROL-M;CTMCTM_E14TEC_04_Q;CTMCTM_E14TEC_04_EXP13_Q;"May 22, 2026";;;;Wait for Event;ExtractJobsCTM  &  Envoi : Suivi + PrairieCloture Finance;ExtractCsvPlanCurrent_HELIOS_Finance_V9.ksh;Job;No;0;Yes;CTMSRV;CTMCTM_E14TEC_04_Q;controlm;SRV_PRIMAIRE;SRV_PRIMAIRE;3snwq
CTM-CONTROL-M;CTMCTM_E14TEC_04_Q;CTMCTM_E14TEC_04_SUB04_Q;"May 22, 2026";;;;Wait for Event;declenchement des travaux batch a 14h00;SUBT1400;Dummy;No;0;No;CTMSRV;CTMCTM_E14TEC_04_Q;root;;;3snwc
CTM-CONTROL-M;CTMCTM_E14TEC_04_Q;CTMCTM_E14TEC_04_SUB05_Q;"May 22, 2026";;;;Wait for Event;declenchement des travaux batch a 17h00;SUBT1700;Dummy;No;0;No;CTMSRV;CTMCTM_E14TEC_04_Q;root;;;3snwd
CTM-CONTROL-M;CTMCTM_E14TEC_04_Q;CTMCTM_E14TEC_04_SUB08_Q;"May 22, 2026";"May 22, 2026 1:30:11 PM";"May 22, 2026 1:30:11 PM";;Ended OK;Go lancement prod sur ECS;UEMASUB_GO_ECS;Dummy;No;1;No;CTMSRV;CTMCTM_E14TEC_04_Q;root;;;3snwe
CTM-CONTROL-M;CTMCTM_E14TEC_04_Q;CTMCTM_E14TEC_04_WRK01_Q;"May 22, 2026";;;0810;Wait for Event;START FIRST : ExtractCsvPlanCourant ReportingFacility V8;Reporting_ctm_courant_csv_v9.bat;Job;No;0;Yes;CTMSRV;CTMCTM_E14TEC_04_Q;svce_cm;A_W_PMAD01;A_W_PMAD01;3snwm
CTM-CONTROL-M;CTMCTM_E14TEC_04_Q;CTMCTM_E14TEC_04_WRK02_Q;"May 22, 2026";"May 22, 2026 1:45:00 PM";"May 22, 2026 1:45:22 PM";;Ended OK;START FIRST : ExtractCsvPlanArch ReportingFacility V8;Reporting_ctm_archiv_csv_v9 .bat;Job;No;1;No;CTMSRV;CTMCTM_E14TEC_04_Q;svce_cm;wdkpmadp01;A_W_PMAD01;3snwk
CTM-CONTROL-M;CTMCTM_E14TEC_04_Q;CTMCTM_E14TEC_04_WRK04_Q;"May 22, 2026";"May 22, 2026 1:45:24 PM";;;Executing;START FIRST : ExtractCsvPlanCourant ReportingFacility V8;Reporting_ctm_courant_csv_v9.bat;Job;No;1;Yes;CTMSRV;CTMCTM_E14TEC_04_Q;svce_cm;wdkpmadp01;A_W_PMAD01;3snwl
CTM-CONTROL-M;CTMCTM_E14TEC_04_Q;CTMCTM_E14TEC_04_WRK12_Q;"May 22, 2026";;;;Wait for Event;START FIRST : ExtractCsvPlanCourant ReportingFacility V8 DTR;Reporting_ctm_courant_csv_v9.bat;Job;No;0;Yes;CTMSRV;CTMCTM_E14TEC_04_Q;svce_cm;A_W_PMAD01;A_W_PMAD01;3snwn
CTM-CONTROL-M;CTMCTM_E14TEC_04_Q;CTMCTM_E14TEC_04_WRK13_Q;"May 22, 2026";;;;Wait for Event;START FIRST : ExtractCsvPlanCourant ReportingFacility V8 Finance;Reporting_ctm_courant_csv_v9.bat;Job;No;0;Yes;CTMSRV;CTMCTM_E14TEC_04_Q;svce_cm;A_W_PMAD01;A_W_PMAD01;3snwp
CTM-CONTROL-M;CTMCTM_E15TEC_04_Q;CTMCTM_E15TEC_04_SUB04_Q;"May 22, 2026";;;;Wait for Event;declenchement des travaux SES  batchs a 14h00;SUBT1400 SESAME;Dummy;No;0;No;CTMSRV;CTMCTM_E15TEC_04_Q;root;;;3sn1k
CTM-CONTROL-M;CTMCTM_E17TEC_04_Q;CTMCTM_E17TEC_04_SUB08_Q;"May 22, 2026";"May 22, 2026 1:30:10 PM";"May 22, 2026 1:30:10 PM";;Ended OK;Go lancement prod sur SESAME;UEMBSUB_GO_SESAME;Dummy;No;1;No;CTMSRV;CTMCTM_E17TEC_04_Q;root;;;3sn5w
CTM-CONTROL-M;CTMCTM_E18TEC_04_Q;CTMCTM_E18TEC_04_SUB53_Q;"May 22, 2026";;;;Wait for Event;job de soumission batch HAV 06h00;SUBT0600 HAV;Dummy;No;0;No;CTMSRV;CTMCTM_E18TEC_04_Q;CONTROLM;;;3sn39
CTM-CONTROL-M;CTMCTM_E19TEC_04_Q;CTMCTM_E19TEC_04_SUB63_Q;"May 22, 2026";;;;Wait for Event;Soumission scripts  DPRHORA a 06h00;SUBT0700  DPRHORA;Dummy;No;0;No;CTMSRV;CTMCTM_E19TEC_04_Q;root;;;3sosg
CTM-CONTROL-M;CTMCTM_E1ATEC_04_Q;CTMCTM_E1ATEC_04_SUB1G_Q;"May 22, 2026";;;;Wait for Event;Soumission scripts NRJ NES a 11h00;SUBT1100 NRJ NES;Dummy;No;0;No;CTMSRV;CTMCTM_E1ATEC_04_Q;root;;;3sofp
CTM-CONTROL-M;CTMCTM_E1ATEC_04_Q;CTMCTM_E1ATEC_04_SUB1R_Q;"May 22, 2026";;;;Wait for Event;Soumission scripts a 14h00 HOL SIG NES NRJ;SUBT1400 HOL SIG NES NRJ;Dummy;No;0;No;CTMSRV;CTMCTM_E1ATEC_04_Q;root;;;3sofq
CTM-CONTROL-M;CTMCTM_E1ATEC_04_Q;CTMCTM_E1ATEC_04_SUB2A_Q;"May 22, 2026";;;;Wait for Event;Soumission scripts NEJ NES  a 17h00;SUBT1700 NRJ NES;Dummy;No;0;No;CTMSRV;CTMCTM_E1ATEC_04_Q;root;;;3sofr
CTM-CONTROL-M;CTMCTM_E1ATEC_04_Q;CTMCTM_E1ATEC_04_SUB86_Q;"May 22, 2026";;;;Wait for Event;Soumission scripts HOLD a 00h15;SUBT0015 HOLD;Dummy;No;0;No;CTMSRV;CTMCTM_E1ATEC_04_Q;root;;;3sofi
CTM-CONTROL-M;CTMCTM_E1ATEC_04_Q;CTMCTM_E1ATEC_04_SUB87_Q;"May 22, 2026";;;;Wait for Event;Soumission scripts NRJ NES a 02h00;SUBT0200 NRJ NES;Dummy;No;0;No;CTMSRV;CTMCTM_E1ATEC_04_Q;root;;;3sofj
CTM-CONTROL-M;CTMCTM_E1ATEC_04_Q;CTMCTM_E1ATEC_04_SUB90_Q;"May 22, 2026";;;;Wait for Event;Soumission scripts HOLD  a 06h00;SUBT0600 HOLD;Dummy;No;0;No;CTMSRV;CTMCTM_E1ATEC_04_Q;root;;;3sofk
CTM-CONTROL-M;CTMCTM_E1ATEC_04_Q;CTMCTM_E1ATEC_04_SUB91_Q;"May 22, 2026";;;;Wait for Event;Soumission scripts XFB  a 06h30;SUBT0630 XFB;Dummy;No;0;No;CTMSRV;CTMCTM_E1ATEC_04_Q;root;;;3sofl
CTM-CONTROL-M;CTMCTM_E1ATEC_04_Q;CTMCTM_E1ATEC_04_SUB92_Q;"May 22, 2026";;;;Wait for Event;Soumission scripts SIG a 07h00;SUBT0700 SIG;Dummy;No;0;No;CTMSRV;CTMCTM_E1ATEC_04_Q;root;;;3sofm
CTM-CONTROL-M;CTMCTM_E1ATEC_04_Q;CTMCTM_E1ATEC_04_SUB93_Q;"May 22, 2026";;;;Wait for Event;Soumission scripts HOLD a 07h15;SUBT0715 HOLD;Dummy;No;0;No;CTMSRV;CTMCTM_E1ATEC_04_Q;root;;;3sofn
CTM-CONTROL-M;CTMCTM_E1ATEC_04_Q;CTMCTM_E1ATEC_04_SUB96_Q;"May 22, 2026";;;;Wait for Event;Soumission scripts NRJ NES a 08h00;SUBT0800 NRJ NES;Dummy;No;0;No;CTMSRV;CTMCTM_E1ATEC_04_Q;root;;;3sofo
CTM-CONTROL-M;CTMCTM_E1BTEC_04_Q;CTMCTM_E1BTEC_04_SUB2Q_Q;"May 22, 2026";;;;Wait for Event;Soumission scripts OAP a 00h05;SUBT0005 OAP;Dummy;No;0;No;CTMSRV;CTMCTM_E1BTEC_04_Q;root;;;3snx0
CTM-CONTROL-M;CTMCTM_E1BTEC_04_Q;CTMCTM_E1BTEC_04_SUB2R_Q;"May 22, 2026";;;;Wait for Event;Soumission scripts  OAP  a 03h00;SUBT0300  OAP;Dummy;No;0;No;CTMSRV;CTMCTM_E1BTEC_04_Q;root;;;3snx1
CTM-CONTROL-M;CTMCTM_E1BTEC_04_Q;CTMCTM_E1BTEC_04_SUB2U_Q;"May 22, 2026";;;;Wait for Event;Soumission  OAP  scripts a 06h00;SUBT0600  OAP;Dummy;No;0;No;CTMSRV;CTMCTM_E1BTEC_04_Q;root;;;3snx2
CTM-CONTROL-M;CTMCTM_E1BTEC_04_Q;CTMCTM_E1BTEC_04_SUB2V_Q;"May 22, 2026";;;;Wait for Event;Soumission scripts OAP a 06h30;SUBT0630  OAP;Dummy;No;0;No;CTMSRV;CTMCTM_E1BTEC_04_Q;root;;;3snx3
CTM-CONTROL-M;CTMCTM_E1BTEC_04_Q;CTMCTM_E1BTEC_04_SUB2W_Q;"May 22, 2026";;;;Wait for Event;Soumission scripts  OAP a 07h00;SUBT0700  OAP;Dummy;No;0;No;CTMSRV;CTMCTM_E1BTEC_04_Q;root;;;3snx4
CTM-CONTROL-M;CTMCTM_E1BTEC_04_Q;CTMCTM_E1BTEC_04_SUB3A_Q;"May 22, 2026";;;;Wait for Event;Soumission scripts  OAP a 08h00;SUBT0805  OAP;Dummy;No;0;No;CTMSRV;CTMCTM_E1BTEC_04_Q;root;;;3snx5
CTM-CONTROL-M;CTMCTM_E1BTEC_04_Q;CTMCTM_E1BTEC_04_SUB3D_Q;"May 22, 2026";;;;Wait for Event;Soumission scripts  OAP a 08h45;SUBT0845  OAP;Dummy;No;0;No;CTMSRV;CTMCTM_E1BTEC_04_Q;root;;;3snx6
CTM-CONTROL-M;CTMCTM_E1BTEC_04_Q;CTMCTM_E1BTEC_04_SUB3H_Q;"May 22, 2026";;;;Wait for Event;Soumission scripts  OAP a 11h00;SUBT1100  OAP;Dummy;No;0;No;CTMSRV;CTMCTM_E1BTEC_04_Q;root;;;3snx7
CTM-CONTROL-M;CTMCTM_E1BTEC_04_Q;CTMCTM_E1BTEC_04_SUB3K_Q;"May 22, 2026";;;;Wait for Event;Soumission scripts  OAP  a 12h00;SUBT1200  OAP;Dummy;No;0;No;CTMSRV;CTMCTM_E1BTEC_04_Q;root;;;3snx8
CTM-CONTROL-M;CTMCTM_E1BTEC_04_Q;CTMCTM_E1BTEC_04_SUB3N_Q;"May 22, 2026";"May 22, 2026 1:45:00 PM";"May 22, 2026 1:45:00 PM";;Ended OK;Soumission scripts  OAP a 13h45;SUBT1345  OAP;Dummy;No;1;No;CTMSRV;CTMCTM_E1BTEC_04_Q;root;;;3snx9
CTM-CONTROL-M;CTMCTM_E1BTEC_04_Q;CTMCTM_E1BTEC_04_SUB3P_Q;"May 22, 2026";;;;Wait for Event;Soumission scripts  OAP a 14h00;SUBT1400  OAP;Dummy;No;0;No;CTMSRV;CTMCTM_E1BTEC_04_Q;root;;;3snxa
CTM-CONTROL-M;CTMCTM_E1BTEC_04_Q;CTMCTM_E1BTEC_04_SUB3S_Q;"May 22, 2026";;;;Wait for Event;Soumission scripts  OAP a 17h00;SUBT1700  OAP;Dummy;No;0;No;CTMSRV;CTMCTM_E1BTEC_04_Q;root;;;3snxb
CTM-CONTROL-M;CTMCTM_E1BTEC_04_Q;CTMCTM_E1BTEC_04_SUB3W_Q;"May 22, 2026";;;;Wait for Event;Soumission scripts  OAP a 18h30;SUBT1830  OAP;Dummy;No;0;No;CTMSRV;CTMCTM_E1BTEC_04_Q;root;;;3snxc
CTM-CONTROL-M;CTMCTM_E1DTEC_04_Q;CTMCTM_E1DTEC_04_SUB4F_Q;"May 22, 2026";;;;Wait for Event;Soumission scripts OAF  à 00h15;SUBT0015 OAF;Dummy;No;0;No;CTMSRV;CTMCTM_E1DTEC_04_Q;root;;;3sn2f
CTM-CONTROL-M;CTMCTM_E1DTEC_04_Q;CTMCTM_E1DTEC_04_SUB4P_Q;"May 22, 2026";;;;Wait for Event;Soumission scripts OAF à 06h30;SUBT0630 OAF;Dummy;No;0;No;CTMSRV;CTMCTM_E1DTEC_04_Q;root;;;3sn2g
CTM-CONTROL-M;CTMCTM_E1DTEC_04_Q;CTMCTM_E1DTEC_04_SUB4R_Q;"May 22, 2026";;;;Wait for Event;Soumission scripts OAF à 06h55;SUBT0655 OAF;Dummy;No;0;No;CTMSRV;CTMCTM_E1DTEC_04_Q;root;;;3sn2h
CTM-CONTROL-M;CTMCTM_E1DTEC_04_Q;CTMCTM_E1DTEC_04_SUB4S_Q;"May 22, 2026";;;;Wait for Event;Soumission scripts OAF  à 08h00;SUBT0800 OAF;Dummy;No;0;No;CTMSRV;CTMCTM_E1DTEC_04_Q;root;;;3sn2i
CTM-CONTROL-M;CTMCTM_E1DTEC_04_Q;CTMCTM_E1DTEC_04_SUB4U_Q;"May 22, 2026";;;;Wait for Event;Soumission scripts OAF à 11h00;SUBT1100 OAF;Dummy;No;0;No;CTMSRV;CTMCTM_E1DTEC_04_Q;root;;;3sn2j
CTM-CONTROL-M;CTMCTM_E1ETEC_04_Q;CTMCTM_E1ETEC_04_SUB5B_Q;"May 22, 2026";;;;Wait for Event;Soumission scripts a 00h15;SUBT0015;Dummy;No;0;No;CTMSRV;CTMCTM_E1ETEC_04_Q;root;;;3so47
CTM-CONTROL-M;CTMCTM_E1ETEC_04_Q;CTMCTM_E1ETEC_04_SUB5C_Q;"May 22, 2026";;;;Wait for Event;Soumission scripts a 01h00;SUBT0100;Dummy;No;0;No;CTMSRV;CTMCTM_E1ETEC_04_Q;root;;;3so48
CTM-CONTROL-M;CTMCTM_E1ETEC_04_Q;CTMCTM_E1ETEC_04_SUB5D_Q;"May 22, 2026";;;;Wait for Event;Soumission scripts a 02h00;SUBT0200;Dummy;No;0;No;CTMSRV;CTMCTM_E1ETEC_04_Q;root;;;3so49
CTM-CONTROL-M;CTMCTM_E1ETEC_04_Q;CTMCTM_E1ETEC_04_SUB5E_Q;"May 22, 2026";;;;Wait for Event;Soumission scripts a 03h00;SUBT0300;Dummy;No;0;No;CTMSRV;CTMCTM_E1ETEC_04_Q;root;;;3so4a
CTM-CONTROL-M;CTMCTM_E1ETEC_04_Q;CTMCTM_E1ETEC_04_SUB5R_Q;"May 22, 2026";;;;Wait for Event;Soumission scripts a 11h00;SUBT1100;Dummy;No;0;No;CTMSRV;CTMCTM_E1ETEC_04_Q;root;;;3so4b
CTM-CONTROL-M;CTMCTM_E1ETEC_04_Q;CTMCTM_E1ETEC_04_SUB5Z_Q;"May 22, 2026";;;;Wait for Event;Soumission scripts a 19h00;SUBT1900;Dummy;No;0;No;CTMSRV;CTMCTM_E1ETEC_04_Q;root;;;3so4c
CTM-CONTROL-M;CTMCTM_E1ETEC_04_Q;CTMCTM_E1ETEC_04_SUB6B_Q;"May 22, 2026";;;;Wait for Event;Soumission scripts a 20h50;SUBT2100;Dummy;No;0;No;CTMSRV;CTMCTM_E1ETEC_04_Q;root;;;3so4d
CTM-CONTROL-M;CTMCTM_E1ETEC_04_Q;CTMCTM_E1ETEC_04_SUB6C_Q;"May 22, 2026";;;;Wait for Event;Soumission scripts a 22h00;SUBT2200;Dummy;No;0;No;CTMSRV;CTMCTM_E1ETEC_04_Q;root;;;3so4e
CTM-CONTROL-M;CTMCTM_E1GTEC_04_Q;CTMCTM_E1GTEC_04_LIM04_Q;"May 22, 2026";;;;Wait for Event;Heure limite de soumission des batchs;LIMITBATCH;Dummy;No;0;No;CTMSRV;CTMCTM_E1GTEC_04_Q;root;;;3sn6k
CTM-CONTROL-M;CTMCTM_E1GTEC_04_Q;CTMCTM_E1GTEC_04_LIM05_Q;"May 22, 2026";;;;Wait for Event;Heure limite de soumission des batchs;LIMITE0015;Dummy;No;0;No;CTMSRV;CTMCTM_E1GTEC_04_Q;root;;;3sn6l
CTM-CONTROL-M;CTMCTM_E1GTEC_04_Q;CTMCTM_E1GTEC_04_LIM06_Q;"May 22, 2026";;;;Wait for Event;Heure limite de soumission des batchs;LIMITE0130;Dummy;No;0;No;CTMSRV;CTMCTM_E1GTEC_04_Q;root;;;3sn6m
CTM-CONTROL-M;CTMCTM_E1GTEC_04_Q;CTMCTM_E1GTEC_04_LIM07_Q;"May 22, 2026";;;;Wait for Event;Heure limite de soumission des batchs;LIMITE0200;Dummy;No;0;No;CTMSRV;CTMCTM_E1GTEC_04_Q;root;;;3sn6n
CTM-CONTROL-M;CTMCTM_E1GTEC_04_Q;CTMCTM_E1GTEC_04_LIM08_Q;"May 22, 2026";;;;Wait for Event;Heure limite de soumission des batchs;LIMITE0300;Dummy;No;0;No;CTMSRV;CTMCTM_E1GTEC_04_Q;root;;;3sn6o
CTM-CONTROL-M;CTMCTM_E1GTEC_04_Q;CTMCTM_E1GTEC_04_LIM09_Q;"May 22, 2026";;;;Wait for Event;Heure limite de soumission des batchs;LIMITE0345;Dummy;No;0;No;CTMSRV;CTMCTM_E1GTEC_04_Q;root;;;3sn6p
CTM-CONTROL-M;CTMCTM_E1GTEC_04_Q;CTMCTM_E1GTEC_04_LIM10_Q;"May 22, 2026";;;;Wait for Event;Heure limite de soumission des batchs;LIMITE0400;Dummy;No;0;No;CTMSRV;CTMCTM_E1GTEC_04_Q;root;;;3sn6q
CTM-CONTROL-M;CTMCTM_E1GTEC_04_Q;CTMCTM_E1GTEC_04_LIM11_Q;"May 22, 2026";;;;Wait for Event;Heure limite de soumission des batchs;LIMITE0500;Dummy;No;0;No;CTMSRV;CTMCTM_E1GTEC_04_Q;root;;;3sn6r
CTM-CONTROL-M;CTMCTM_E1GTEC_04_Q;CTMCTM_E1GTEC_04_LIM12_Q;"May 22, 2026";;;;Wait for Event;Heure limite de soumission des batchs;LIMITE2345;Dummy;No;0;No;CTMSRV;CTMCTM_E1GTEC_04_Q;root;;;3sn6s
CTM-CONTROL-M;CTMCTM_E1GTEC_04_Q;CTMCTM_E1GTEC_04_SUB85_Q;"May 22, 2026";;;;Wait for Event;Soumission scripts a 07h30;SBTU512H16;Dummy;No;0;No;CTMSRV;CTMCTM_E1GTEC_04_Q;root;;;3sn6t
CTM-CONTROL-M;CTMCTM_E1HTEC_04_Q;CTMCTM_E1HTEC_04_LIM13_Q;"May 22, 2026";;;;Wait for Event;Heure limite de soumission des batchs;LIMITBATCH;Dummy;No;0;No;CTMSRV;CTMCTM_E1HTEC_04_Q;root;;;3sonr
CTM-CONTROL-M;CTMCTM_E1HTEC_04_Q;CTMCTM_E1HTEC_04_LIM14_Q;"May 22, 2026";;;;Wait for Event;Heure limite de soumission batch;LIMITE0100;Dummy;No;0;No;CTMSRV;CTMCTM_E1HTEC_04_Q;root;;;3sons
CTM-CONTROL-M;CTMCTM_E1HTEC_04_Q;CTMCTM_E1HTEC_04_LIM15_Q;"May 22, 2026";;;;Wait for Event;Heure limite de soumission batch 04h00;LIMITE0500;Dummy;No;0;No;CTMSRV;CTMCTM_E1HTEC_04_Q;root;;;3sont
CTM-CONTROL-M;CTMCTM_E1HTEC_04_Q;CTMCTM_E1HTEC_04_LIM16_Q;"May 22, 2026";;;;Wait for Event;Heure limite de soumission batch;LIMITE0600;Dummy;No;0;No;CTMSRV;CTMCTM_E1HTEC_04_Q;root;;;3sonu
CTM-CONTROL-M;CTMCTM_E1HTEC_04_Q;CTMCTM_E1HTEC_04_LIM17_Q;"May 22, 2026";;;;Wait for Event;Heure limite de soumission batch;LIMITE0900;Dummy;No;0;No;CTMSRV;CTMCTM_E1HTEC_04_Q;root;;;3sonv
CTM-CONTROL-M;CTMCTM_E1HTEC_04_Q;CTMCTM_E1HTEC_04_LIM18_Q;"May 22, 2026";;;;Wait for Event;Heure limite de soumission batch;LIMITE2000;Dummy;No;0;No;CTMSRV;CTMCTM_E1HTEC_04_Q;root;;;3sonw
CTM-CONTROL-M;CTMCTM_E1HTEC_04_Q;CTMCTM_E1HTEC_04_LIM19_Q;"May 22, 2026";;;;Wait for Event;Heure limite de soumission batch;LIMITE2200;Dummy;No;0;No;CTMSRV;CTMCTM_E1HTEC_04_Q;root;;;3sonx
CTM-CONTROL-M;CTMCTM_E1RTEC_04_Q;CTMCTM_E1RTEC_04_DEL01_Q;"May 22, 2026";;;;Wait for Event;SERVITUDE : Purge des log Control-M EM;;Command;No;0;No;CTMSRV;CTMCTM_E1RTEC_04_Q;emuser;A_L_CTM01;A_L_CTM01;3sovs
CTM-CONTROL-M;CTMCTM_E1RTEC_04_Q;CTMCTM_E1RTEC_04_DEL02_Q;"May 22, 2026";;;;Wait for Event;SERVITUDE : Purge les logs et travaux present dans la directory /opt/exploit/;;Dummy;No;0;No;CTMSRV;CTMCTM_E1RTEC_04_Q;emuser;A_L_CTM01;A_L_CTM01;3sovt
CTM-CONTROL-M;CTMCTM_E1ZTEC_04_Q;CTMCTM_E1ZTEC_04_CTL01_Q;"May 22, 2026";;;;Wait for Event;Controle execution des jobs avec Condition PREV;;Dummy;No;0;No;CTMSRV;CTMCTM_E1ZTEC_04_Q;root;;;3sowu
CTM-CONTROL-M;CTMCTM_E1ZTEC_04_Q;CTMCTM_E1ZTEC_04_CTL02_Q;"May 22, 2026";;;;Wait for Event;Controle d'activité du mirroir controlm serveur;CONTROLM SERVITUDES CONTROLE MIRROIR;Dummy;No;0;No;CTMSRV;CTMCTM_E1ZTEC_04_Q;controlm;;;3soww
CTM-CONTROL-M;CTMCTM_E1ZTEC_04_Q;CTMCTM_E1ZTEC_04_CTL03_Q;"May 22, 2026";;;1730;Wait for Event;CONTROLM : Controle des calendriers non upload;CTM_controle_calendar_not_upload;Dummy;No;0;Yes;CTMSRV;CTMCTM_E1ZTEC_04_Q;emuser;;;3sowv
CTM-CONTROL-M;CTMCTM_E1ZTEC_04_Q;CTMCTM_E1ZTEC_04_CTL04_Q;"May 22, 2026";;;;Wait for Event;CONTROLM : Controle hebdomadaire des tables locked;CTM_controle_table_locked.;Dummy;No;0;No;CTMSRV;CTMCTM_E1ZTEC_04_Q;emuser;;;3sowx
CTM-CONTROL-M;CTMSRV_J1YTEC_04_Q;CTMSRV_J1YTEC_04_00000_Q;"May 22, 2026";"May 22, 2026 1:30:10 PM";"May 22, 2026 1:30:10 PM";;Ended OK;Chaîne : Historisation des logs;U512010;Dummy;No;1;No;CTMSRV;CTMSRV_J1YTEC_04_Q;root;;;3snlf
CTM-CONTROL-M;CTMSRV_J1YTEC_04_Q;CTMSRV_J1YTEC_04_99999_Q;"May 22, 2026";"May 22, 2026 1:30:15 PM";"May 22, 2026 1:30:15 PM";;Ended OK;Fin : Historisation des logs;U512010999;Dummy;No;1;No;CTMSRV;CTMSRV_J1YTEC_04_Q;root;;;3snle
CTM-CONTROL-M;CTMSRV_J1YTEC_04_Q;CTMSRV_J1YTEC_04_HIS01_Q;"May 22, 2026";"May 22, 2026 1:30:15 PM";"May 22, 2026 1:30:15 PM";;Ended OK;Historisation des logs;U512010010.sh;Dummy;No;1;No;CTMSRV;CTMSRV_J1YTEC_04_Q;root;;NOTEXIST;3snld
DTR-DECISIONNEL TRAN;DTRCID_J11INT_05_Q;DTRCID_J11INT_05_IMP01_Q;"May 22, 2026";;;;Wait for Event;Lancement des plans d'execution DTR_FACTURE_PLAN;Lance_Interface_DTR_CID.ksh;Job;No;0;No;CTMSRV;DTRCID_J11INT_05_Q;root;M_L_DTR01;M_L_DTR01;3sny2
DTR-DECISIONNEL TRAN;DTRCID_J13INT_05_Q;DTRCID_J13INT_05_FWT01_Q;"May 22, 2026";;;;Wait for Event;FWT : Controle sur le serveur DTR de la presence des fichiers CID et CIT;FileWatcher_Mult_Fic.ksh;Job;No;0;Yes;CTMSRV;DTRCID_J13INT_05_Q;ctmag900;M_L_DTR01;M_L_DTR01;3smo9
DTR-DECISIONNEL TRAN;DTRCID_J13INT_05_Q;DTRCID_J13INT_05_IMP01_Q;"May 22, 2026";;;;Wait for Event;Lancement des plans d execution DTR_SOCLE_EMPLOYE_FAC_PLAN (projet DTR_SOCLE);Lance_Interface_DTR_CID.ksh;Job;No;0;No;CTMSRV;DTRCID_J13INT_05_Q;root;M_L_DTR01;M_L_DTR01;3smo8
DTR-DECISIONNEL TRAN;DTRCID_J13INT_05_Q;DTRCID_J13INT_05_MOV01_Q;"May 22, 2026";;;;Wait for Event;DTR : Deplacer les fichiers provenant de l'application CID/CITY;MOVE_GENERIQUE_2.sh;Job;No;0;No;CTMSRV;DTRCID_J13INT_05_Q;root;M_L_DTR01;M_L_DTR01;3smo7
DTR-DECISIONNEL TRAN;DTRCID_J15INT_05_Q;DTRCID_J15INT_05_IMP01_Q;"May 22, 2026";;;;Wait for Event;Lancement des plans d execution DTR_SOCLE_CONTRAT_FAC_PLAN;Lance_Interface_DTR_CID.ksh;Job;No;0;No;CTMSRV;DTRCID_J15INT_05_Q;root;M_L_DTR01;M_L_DTR01;3sp2a
DTR-DECISIONNEL TRAN;DTRCID_J18INT_05_Q;DTRCID_J18INT_05_IMP01_Q;"May 22, 2026";;;;Wait for Event;Lancement des plans d'execution TAC_SOCLE_SLP_NR_DAILY_PLAN;Lance_Interface_DTR_CID.ksh;Job;No;0;No;CTMSRV;DTRCID_J18INT_05_Q;root;M_L_DTR01;M_L_DTR01;3sn67
DTR-DECISIONNEL TRAN;DTRCRT_J11INT_05_Q;DTRCRT_J11INT_05_CPY01_Q;"May 22, 2026";;;;Wait for Event;déplace les fichier de /data/EAI/in/crt vers /bi/data/in/common;DTRCRT_J11INT_05_CPY01_Q.sh;Job;No;0;No;CTMSRV;DTRCRT_J11INT_05_Q;root;M_L_DTR01;M_L_DTR01;3snui
DTR-DECISIONNEL TRAN;DTRCRT_J11INT_05_Q;DTRCRT_J11INT_05_FWT01_Q;"May 22, 2026";;;;Wait for Event;Scrutation des fichiers dans FWparam_DTRCRT_J11INT_05_FWT01_Q.parm (DTR01);FileWatcher_Mult_Fic.ksh;Job;No;0;Yes;CTMSRV;DTRCRT_J11INT_05_Q;ctmag900;M_L_DTR01;M_L_DTR01;3snuh
DTR-DECISIONNEL TRAN;DTRCRT_J11INT_05_Q;DTRCRT_J11INT_05_IMP01_Q;"May 22, 2026";;;;Wait for Event;Lancement des plans d'execution TAC_TSAR_CRT_DAILY_PLAN;Lance_Interface_DTR_CRT.ksh;Job;No;0;No;CTMSRV;DTRCRT_J11INT_05_Q;root;M_L_DTR01;M_L_DTR01;3snuj
DTR-DECISIONNEL TRAN;DTRDTR_E11REB_12_Q;DTRDTR_E11REB_12_CTL01_Q;"May 22, 2026";;;;Wait for Event;Redemarrage DTR : TEST si serveur demarre (wdkdtrp12);dir;Command;No;0;No;CTMSRV;DTRDTR_E11REB_12_Q;svce_cm;A_W_DTR12;A_W_DTR12;3sngr
DTR-DECISIONNEL TRAN;DTRDTR_E11REB_12_Q;DTRDTR_E11REB_12_CTL02_Q;"May 22, 2026";;;;Wait for Event;Info sur le Redemarrage DTR BI4 :  (WDKDTRP12);net statistics WORKSTATION;Command;No;0;No;CTMSRV;DTRDTR_E11REB_12_Q;svce_cm;A_W_DTR12;A_W_DTR12;3snh3
DTR-DECISIONNEL TRAN;DTRDTR_E11REB_12_Q;DTRDTR_E11REB_12_CTL03_Q;"May 22, 2026";;;;Wait for Event;Redemarrage DTR : TEST si serveur demarre (WDKDTRP13);dir;Command;No;0;No;CTMSRV;DTRDTR_E11REB_12_Q;svce_cm;A_W_DTR13;A_W_DTR13;3sngz
DTR-DECISIONNEL TRAN;DTRDTR_E11REB_12_Q;DTRDTR_E11REB_12_CTL04_Q;"May 22, 2026";;;;Wait for Event;Info sur le Redemarrage DTR :  (WDKDTRP14);net statistics WORKSTATION;Command;No;0;No;CTMSRV;DTRDTR_E11REB_12_Q;svce_cm;A_W_DTR14;A_W_DTR14;3snh8
DTR-DECISIONNEL TRAN;DTRDTR_E11REB_12_Q;DTRDTR_E11REB_12_CTL04_Q;"May 22, 2026";;;;Wait for Event;Info sur le Redemarrage DTR BI4 :  (WDKDTRP13);net statistics WORKSTATION;Command;No;0;No;CTMSRV;DTRDTR_E11REB_12_Q;svce_cm;A_W_DTR13;A_W_DTR13;3snh4
DTR-DECISIONNEL TRAN;DTRDTR_E11REB_12_Q;DTRDTR_E11REB_12_MEL01_Q;"May 22, 2026";;;;Wait for Event;"DTR SAP BI: Notification Mail DEBUT Plan de Maintenance quotidien des serveur WDKDTRP12 ; WDKDTRP13";Notification_Plan_Maintenance.ksh;Job;No;0;No;CTMSRV;DTRDTR_E11REB_12_Q;root;SRV_PRIMAIRE;SRV_PRIMAIRE;3snh5
DTR-DECISIONNEL TRAN;DTRDTR_E11REB_12_Q;DTRDTR_E11REB_12_MEL02_Q;"May 22, 2026";;;;Wait for Event;DTR SAP BI : Notification Mail FIN Plan de Maintenance quotidien des serveurs WDKDTRP12 et WDKDTRP13;Notification_Plan_Maintenance.ksh;Job;No;0;No;CTMSRV;DTRDTR_E11REB_12_Q;root;SRV_PRIMAIRE;SRV_PRIMAIRE;3snh6
DTR-DECISIONNEL TRAN;DTRDTR_E11REB_12_Q;DTRDTR_E11REB_12_NAS12_Q;"May 22, 2026";;;;Wait for Event;Mapper le Disque NAS EDF;Mapper  Disque NAS EDF;Command;No;0;Yes;CTMSRV;DTRDTR_E11REB_12_Q;svc_sapbi;A_W_DTR12;A_W_DTR12;3sngs
DTR-DECISIONNEL TRAN;DTRDTR_E11REB_12_Q;DTRDTR_E11REB_12_NAS13_Q;"May 22, 2026";;;;Wait for Event;Mapper le Disque NAS EDF;Mapper  Disque NAS EDF;Command;No;0;Yes;CTMSRV;DTRDTR_E11REB_12_Q;svc_sapbi;A_W_DTR13;A_W_DTR13;3snh0
DTR-DECISIONNEL TRAN;DTRDTR_E11REB_12_Q;DTRDTR_E11REB_12_Q;"May 22, 2026";;;;Wait for Event;Plan de Maintenance quotidien des serveurs DTR SAP BI;;SMART Table;No;0;No;CTMSRV;DTRDTR_E11REB_12_Q;;;;3sngm
DTR-DECISIONNEL TRAN;DTRDTR_E11REB_12_Q;DTRDTR_E11REB_12_REB12_Q;"May 22, 2026";;;;Wait for Event;Redemarrage DTR BI4: REBOOT du serveur (wdkdtrp12);Shutdown_wdkdtrp12;Command;No;0;No;CTMSRV;DTRDTR_E11REB_12_Q;svce_cm;A_W_DTR12;A_W_DTR12;3sngp
DTR-DECISIONNEL TRAN;DTRDTR_E11REB_12_Q;DTRDTR_E11REB_12_REB13_Q;"May 22, 2026";;;;Wait for Event;Redemarrage DTR BI4: REBOOT du serveur (WDKDTRP13);Shutdown WDKDTRP13;Command;No;0;No;CTMSRV;DTRDTR_E11REB_12_Q;svce_cm;A_W_DTR13;A_W_DTR13;3sngx
DTR-DECISIONNEL TRAN;DTRDTR_E11REB_12_Q;DTRDTR_E11REB_12_REB14_Q;"May 22, 2026";;;;Wait for Event;Redemarrage DTR : REBOOT du serveur (WDKDTRP14);Shutdown WDKDTRP14;Command;No;0;No;CTMSRV;DTRDTR_E11REB_12_Q;svce_cm;A_W_DTR14;A_W_DTR14;3snh7
DTR-DECISIONNEL TRAN;DTRDTR_E11REB_12_Q;DTRDTR_E11REB_12_SLP12_Q;"May 22, 2026";;;;Wait for Event;Redemarrage DTR BI4 : SLEEP pour test si serveur demarre (wdkdtrp12);sleep 200_et_test;Command;No;0;No;CTMSRV;DTRDTR_E11REB_12_Q;root;SRV_PRIMAIRE;SRV_PRIMAIRE;3sngq
DTR-DECISIONNEL TRAN;DTRDTR_E11REB_12_Q;DTRDTR_E11REB_12_SLP13_Q;"May 22, 2026";;;;Wait for Event;Redemarrage DTR BI4 : SLEEP pour test si serveur demarre (WDKDTRP13);sleep 200_et_test;Command;No;0;No;CTMSRV;DTRDTR_E11REB_12_Q;root;SRV_PRIMAIRE;SRV_PRIMAIRE;3sngy
DTR-DECISIONNEL TRAN;DTRDTR_E11REB_12_Q;DTRDTR_E11REB_12_STP01_Q;"May 22, 2026";;;;Wait for Event;ARRET  BOEXI40SIAWDKDTRP12: STOP  (WDKDTRP12);stop BO_WDKDTRP12;Command;No;0;No;CTMSRV;DTRDTR_E11REB_12_Q;svc_sapbi;A_W_DTR12;A_W_DTR12;3sngn
DTR-DECISIONNEL TRAN;DTRDTR_E11REB_12_Q;DTRDTR_E11REB_12_STP02_Q;"May 22, 2026";;;;Wait for Event;ARRET  BOEXI40Tomcat: STOP  (WDKDTRP12);stop_Tomcat_WDKDTRP12;Command;No;0;No;CTMSRV;DTRDTR_E11REB_12_Q;svc_sapbi;A_W_DTR12;A_W_DTR12;3sngo
DTR-DECISIONNEL TRAN;DTRDTR_E11REB_12_Q;DTRDTR_E11REB_12_STP03_Q;"May 22, 2026";;;;Wait for Event;ARRET  BOEXI40SIAWDKDTRE13: STOP  (WDKDTRP13);stop BO_WDKDTRP13;Command;No;0;No;CTMSRV;DTRDTR_E11REB_12_Q;svc_sapbi;A_W_DTR13;A_W_DTR13;3sngv
DTR-DECISIONNEL TRAN;DTRDTR_E11REB_12_Q;DTRDTR_E11REB_12_STP04_Q;"May 22, 2026";;;;Wait for Event;ARRET  BOEXI40Tomcat: STOP  (WDKDTRP13);stop Tomcat WDKDTRP13;Command;No;0;No;CTMSRV;DTRDTR_E11REB_12_Q;svc_sapbi;A_W_DTR13;A_W_DTR13;3sngw
DTR-DECISIONNEL TRAN;DTRDTR_E11REB_12_Q;DTRDTR_E11REB_12_STR01_Q;"May 22, 2026";;;;Wait for Event;DEMARRAGE  BOEXI40SIAWDKDTRE12: START  (WDKDTRP12);start BO_WDKDTRP12;Command;No;0;No;CTMSRV;DTRDTR_E11REB_12_Q;svc_sapbi;A_W_DTR12;A_W_DTR12;3sngu
DTR-DECISIONNEL TRAN;DTRDTR_E11REB_12_Q;DTRDTR_E11REB_12_STR02_Q;"May 22, 2026";;;;Wait for Event;DEMARRAGE  BOEXI40Tomcat: START  (WDKDTRP12);start Tomcat WDKDTRP12;Dummy;No;0;No;CTMSRV;DTRDTR_E11REB_12_Q;svc_sapbi;A_W_DTR12;A_W_DTR12;3sngt
DTR-DECISIONNEL TRAN;DTRDTR_E11REB_12_Q;DTRDTR_E11REB_12_STR03_Q;"May 22, 2026";;;;Wait for Event;DEMARRAGE  BOEXI40SIAWDKDTRP13: START  (WDKDTRP13);start BO_WDKDTRP13;Command;No;0;No;CTMSRV;DTRDTR_E11REB_12_Q;svc_sapbi;A_W_DTR13;A_W_DTR13;3snh2
DTR-DECISIONNEL TRAN;DTRDTR_E11REB_12_Q;DTRDTR_E11REB_12_STR04_Q;"May 22, 2026";;;;Wait for Event;DEMARRAGE  BOEXI40Tomcat: START  (WDKDTRP13);start Tomcat WDKDTRP13;Dummy;No;0;No;CTMSRV;DTRDTR_E11REB_12_Q;svc_sapbi;A_W_DTR13;A_W_DTR13;3snh1
DTR-DECISIONNEL TRAN;DTRDTR_J11TEC_04_Q;DTRDTR_J11TEC_04_CTL01_Q;"May 22, 2026";;;;Wait for Event;Jalon de controle des COND PREV postees (Plan de prod DTR precedent termine);;Dummy;No;0;No;CTMSRV;DTRDTR_J11TEC_04_Q;root;NOTEXIST;NOTEXIST;3snv8
DTR-DECISIONNEL TRAN;DTRDTR_J11TEC_04_Q;DTRDTR_J11TEC_04_FLG01_Q;"May 22, 2026";;;;Wait for Event;DTR : Jalon de fin de la production DTRP01;UDTR_PROD_ENDED;Dummy;No;0;No;CTMSRV;DTRDTR_J11TEC_04_Q;svce_cm;NOTEXIST;NOTEXIST;3snv6
DTR-DECISIONNEL TRAN;DTRDTR_J11TEC_04_Q;DTRDTR_J11TEC_04_FLG04_Q;"May 22, 2026";;;;Wait for Event;Jalon de demarrage de la production DTRP01;UDTR_PROD_START_001J;Dummy;No;0;No;CTMSRV;DTRDTR_J11TEC_04_Q;svce_cm;NOTEXIST;NOTEXIST;3snv7
DTR-DECISIONNEL TRAN;DTRDTR_J11TRT_05_Q;DTRDTR_J11TRT_05_IMP01_Q;"May 22, 2026";;;;Wait for Event;Lancement des plans d'execution TAC_SOCLE_MAJ_SLP_DAILY_PLAN;Lance_Interface_DTR_SLP.ksh;Job;No;0;No;CTMSRV;DTRDTR_J11TRT_05_Q;root;M_L_DTR01;M_L_DTR01;3soly
DTR-DECISIONNEL TRAN;DTRDTR_J12TRT_05_Q;DTRDTR_J12TRT_05_IMP01_Q;"May 22, 2026";;;;Wait for Event;Lancement des plans d'execution TAC_SOCLE_ALIM_PIVOT_DAILY_PLAN;Lance_Interface_DTR_PIVOT.ksh;Job;No;0;No;CTMSRV;DTRDTR_J12TRT_05_Q;root;M_L_DTR01;M_L_DTR01;3smr6
DTR-DECISIONNEL TRAN;DTRFIN_J15TRT_04_Q;DTRFIN_J15TRT_04_FLG01_Q;"May 22, 2026";;;;Wait for Event;DTR : Creation Flag TOP_FIN_ALIM_OK_FINANCE_ACHATS_DWH.txt;;Command;No;0;No;CTMSRV;DTRFIN_J15TRT_04_Q;svc_sapbi;M_W_DTR00;M_W_DTR00;3sowb
DTR-DECISIONNEL TRAN;DTRFIN_J15TRT_04_Q;DTRFIN_J15TRT_04_FLG02_Q;"May 22, 2026";;;;Wait for Event;DTR : Creation Flag TOP_FIN_ALIM_OK_FINANCE_ACHATS_DTM_GESTION_ANALYTIQUE.txt;;Command;No;0;No;CTMSRV;DTRFIN_J15TRT_04_Q;svc_sapbi;M_W_DTR00;M_W_DTR00;3sowd
DTR-DECISIONNEL TRAN;DTRFIN_J15TRT_04_Q;DTRFIN_J15TRT_04_FLG03_Q;"May 22, 2026";;;;Wait for Event;DTR : Creation Flag TOP_FIN_ALIM_OK_FINANCE_ACHATS_DTM_FACTURE_CLIENT.txt;;Command;No;0;No;CTMSRV;DTRFIN_J15TRT_04_Q;svc_sapbi;M_W_DTR00;M_W_DTR00;3sowj
DTR-DECISIONNEL TRAN;DTRFIN_J15TRT_04_Q;DTRFIN_J15TRT_04_FLG04_Q;"May 22, 2026";;;;Wait for Event;DTR : Creation Flag TOP_FIN_ALIM_OK_FINANCE_ACHATS_P2P.txt;;Command;No;0;No;CTMSRV;DTRFIN_J15TRT_04_Q;svc_sapbi;M_W_DTR00;M_W_DTR00;3sowf
DTR-DECISIONNEL TRAN;DTRFIN_J15TRT_04_Q;DTRFIN_J15TRT_04_FLG05_Q;"May 22, 2026";;;;Wait for Event;DTR : Creation Flag TOP_FIN_ALIM_OK_FINANCE_ACHATS_DTM_AUTRE.txt;;Command;No;0;No;CTMSRV;DTRFIN_J15TRT_04_Q;svc_sapbi;M_W_DTR00;M_W_DTR00;3sowk
DTR-DECISIONNEL TRAN;DTRFIN_J15TRT_04_Q;DTRFIN_J15TRT_04_FLG06_Q;"May 22, 2026";;;;Wait for Event;DTR : Creation Flag TOP_FIN_ALIM_OK_FINANCE_ACHATS_DTM_FIN.txt;;Command;No;0;No;CTMSRV;DTRFIN_J15TRT_04_Q;svc_sapbi;M_W_DTR00;M_W_DTR00;3sowl
DTR-DECISIONNEL TRAN;DTRFIN_J15TRT_04_Q;DTRFIN_J15TRT_04_FWT01_Q;"May 22, 2026";;;;Wait for Event;FWT : Controle sur le serveur DTR de la presence des fichiers DTR_FINANCE;FileWatcher_Mult_Fic.ksh;Job;No;0;Yes;CTMSRV;DTRFIN_J15TRT_04_Q;ctmag900;A_L_DTR07;A_L_DTR07;3sow7
DTR-DECISIONNEL TRAN;DTRFIN_J15TRT_04_Q;DTRFIN_J15TRT_04_FWT02_Q;"May 22, 2026";;;;Wait for Event;FWT : Controle sur le serveur Talend de la presence des fichiers CE-BANK-BRANCHES-V et DTR-AR-EVENTS-V;FileWatcher_Mult_Fic.ksh;Job;No;0;Yes;CTMSRV;DTRFIN_J15TRT_04_Q;ctmag900;M_L_DTR01;M_L_DTR01;3sow9
DTR-DECISIONNEL TRAN;DTRFIN_J15TRT_04_Q;DTRFIN_J15TRT_04_LIM01_Q;"May 22, 2026";;;;Wait for Event;Limite horaire 1h30 du matin;;Dummy;No;0;No;CTMSRV;DTRFIN_J15TRT_04_Q;ctmag900;M_L_DTR01;M_L_DTR01;3sow8
DTR-DECISIONNEL TRAN;DTRFIN_J15TRT_04_Q;DTRFIN_J15TRT_04_MOV01_Q;"May 22, 2026";;;;Wait for Event;Copie des fichiers FINANCE du NAS EAI vers le DTR;MOVE_GENERIQUE.sh;Job;No;0;No;CTMSRV;DTRFIN_J15TRT_04_Q;root;A_L_DTR07;A_L_DTR07;3sow6
DTR-DECISIONNEL TRAN;DTRFIN_J15TRT_04_Q;DTRFIN_J15TRT_04_MOV02_Q;"May 22, 2026";;;;Wait for Event;Copie des fichiers FINANCE du NAS EAI vers le DTR;MOVE_GENERIQUE.sh;Job;No;0;No;CTMSRV;DTRFIN_J15TRT_04_Q;root;M_L_DTR01;M_L_DTR01;3sowa
DTR-DECISIONNEL TRAN;DTRFIN_J15TRT_04_Q;DTRFIN_J15TRT_04_TAL01_Q;"May 22, 2026";;;;Wait for Event;Lancement DTR_FINANCE_DWH_PLAN;Lance_Interface_DTR_KDR.ksh;Job;No;0;No;CTMSRV;DTRFIN_J15TRT_04_Q;root;M_L_DTR01;M_L_DTR01;3sow5
DTR-DECISIONNEL TRAN;DTRFIN_J15TRT_04_Q;DTRFIN_J15TRT_04_TAL02_Q;"May 22, 2026";;;;Wait for Event;Lancement du plan  execution DTM_GESTION_ANALYTIQUE_PLAN;Lance_Interface_DTR_KDR.ksh;Job;No;0;No;CTMSRV;DTRFIN_J15TRT_04_Q;root;M_L_DTR01;M_L_DTR01;3sowc
DTR-DECISIONNEL TRAN;DTRFIN_J15TRT_04_Q;DTRFIN_J15TRT_04_TAL03_Q;"May 22, 2026";;;;Wait for Event;Lancement du plan  execution DTM_FACTURE_CLIENT_PLAN;Lance_Interface_DTR_KDR.ksh;Job;No;0;No;CTMSRV;DTRFIN_J15TRT_04_Q;root;M_L_DTR01;M_L_DTR01;3sowg
DTR-DECISIONNEL TRAN;DTRFIN_J15TRT_04_Q;DTRFIN_J15TRT_04_TAL04_Q;"May 22, 2026";;;;Wait for Event;Lancement DTR_FINANCE_P2P_PLAN;Lance_Interface_DTR_KDR.ksh;Job;No;0;No;CTMSRV;DTRFIN_J15TRT_04_Q;root;M_L_DTR01;M_L_DTR01;3sowe
DTR-DECISIONNEL TRAN;DTRFIN_J15TRT_04_Q;DTRFIN_J15TRT_04_TAL05_Q;"May 22, 2026";;;;Wait for Event;Lancement du plan  execution DTM_AUTRE_PLAN;Lance_Interface_DTR_KDR.ksh;Job;No;0;No;CTMSRV;DTRFIN_J15TRT_04_Q;root;M_L_DTR01;M_L_DTR01;3sowh
DTR-DECISIONNEL TRAN;DTRFIN_J15TRT_04_Q;DTRFIN_J15TRT_04_TAL06_Q;"May 22, 2026";;;;Wait for Event;Lancement du plan  execution DTM_FIN_PLAN;Lance_Interface_DTR_KDR.ksh;Job;No;0;No;CTMSRV;DTRFIN_J15TRT_04_Q;root;M_L_DTR01;M_L_DTR01;3sowi
DTR-DECISIONNEL TRAN;DTRFIN_J15TRT_04_Q;DTRFIN_J15TRT_04_WRK01_Q;"May 22, 2026";;;;Wait for Event;Lance le plan d' execution DTR_REF_COPY_4_FINANCE_PLAN;Lance_Interface_DTR_KDR.ksh;Job;No;0;No;CTMSRV;DTRFIN_J15TRT_04_Q;root;M_L_DTR01;M_L_DTR01;3sow4
DTR-DECISIONNEL TRAN;DTRFIN_J16TRT_04_Q;DTRFIN_J16TRT_04_FLG01_Q;"May 22, 2026";;;;Wait for Event;DTR : Creation Flag TOP_OK_FINANCE_ACHATS_P2P.txt;;Dummy;No;0;No;CTMSRV;DTRFIN_J16TRT_04_Q;root;NOTEXIST;NOTEXIST;3sonf
DTR-DECISIONNEL TRAN;DTRFIN_J16TRT_04_Q;DTRFIN_J16TRT_04_TAL01_Q;"May 22, 2026";;;;Wait for Event;Lance le plan d'execution DTR_FINANCE_P2P_PLAN du job talend DTR_FINANCE_P2P du Projet DTR_FINANCE;Lance_Interface_DTR_KDR.ksh;Dummy;No;0;No;CTMSRV;DTRFIN_J16TRT_04_Q;root;M_L_DTR01;M_L_DTR01;3sone
DTR-DECISIONNEL TRAN;DTRFIN_J17TRT_04_Q;DTRFIN_J17TRT_04_WRK01_Q;"May 22, 2026";;;;Wait for Event;Lance le plan d' execution  DTR_HEC_COPY_4_FINANCE_PLAN;Lance_Interface_DTR_KDR.ksh;Job;No;0;No;CTMSRV;DTRFIN_J17TRT_04_Q;root;M_L_DTR01;M_L_DTR01;3souf
DTR-DECISIONNEL TRAN;DTRHEC_J11INT_05_Q;DTRHEC_J11INT_05_IMP01_Q;"May 22, 2026";;;;Wait for Event;DTR : Lancement du plan d' execution  DTR_HERCULE_REC_PLAN;Lance_Interface_DTR_KDR.ksh;Job;No;0;No;CTMSRV;DTRHEC_J11INT_05_Q;root;M_L_DTR01;M_L_DTR01;3sndv
DTR-DECISIONNEL TRAN;DTRHEC_J11INT_05_Q;DTRHEC_J11INT_05_IMP02_Q;"May 22, 2026";;;;Wait for Event;DTR : Lancement du plan d' execution  DTR_HERCULE_REC_COPIE_PLAN;Lance_Interface_DTR_KDR.ksh;Job;No;0;No;CTMSRV;DTRHEC_J11INT_05_Q;root;M_L_DTR01;M_L_DTR01;3sndw
DTR-DECISIONNEL TRAN;DTRHEC_J11INT_05_Q;DTRHEC_J11INT_05_IMP03_Q;"May 22, 2026";;;;Wait for Event;DTR : Lancement du plan d' execution  DTR_HERCULE_REC_P2_PLAN;Lance_Interface_DTR_KDR.ksh;Job;No;0;No;CTMSRV;DTRHEC_J11INT_05_Q;root;M_L_DTR01;M_L_DTR01;3sndx
DTR-DECISIONNEL TRAN;DTRHEC_J11INT_05_Q;DTRHEC_J11INT_05_IMP04_Q;"May 22, 2026";;;;Wait for Event;DTR : Lancement du plan d' execution  DTR_HERCULE_REC_COPIE_P2_PLAN;Lance_Interface_DTR_KDR.ksh;Job;No;0;No;CTMSRV;DTRHEC_J11INT_05_Q;root;M_L_DTR01;M_L_DTR01;3sndy
DTR-DECISIONNEL TRAN;DTRHEC_J11INT_05_Q;DTRHEC_J11INT_05_MOV01_Q;"May 22, 2026";;;;Wait for Event;Deplacer les fichiers du NAS vers DTR;MOVE_GENERIQUE.sh;Job;No;0;No;CTMSRV;DTRHEC_J11INT_05_Q;root;M_L_DTR01;M_L_DTR01;3sndu
DTR-DECISIONNEL TRAN;DTRHEC_J11INT_05_Q;DTRHEC_J11INT_05_Q;"May 22, 2026";"May 22, 2026 1:30:10 PM";;;Executing;DTR : Integration des Donnees HEC;;SMART Table;No;1;No;CTMSRV;DTRHEC_J11INT_05_Q;root;;;3sndt
DTR-DECISIONNEL TRAN;DTRKDR_J12INT_05_Q;DTRKDR_J12INT_05_IMP01_Q;"May 22, 2026";;;;Wait for Event;DTR : Lancement du plan d' execution  DTR_REFERENTIEL_REC_PLAN;Lance_Interface_DTR_KDR.ksh;Job;No;0;No;CTMSRV;DTRKDR_J12INT_05_Q;root;M_L_DTR01;M_L_DTR01;3sol2
DTR-DECISIONNEL TRAN;DTRKDR_J12INT_05_Q;DTRKDR_J12INT_05_IMP02_Q;"May 22, 2026";;;;Wait for Event;DTR : Lancement du plan d' execution  DTR_REFERENTIEL_REC_COPIE_PLAN;Lance_Interface_DTR_KDR.ksh;Job;No;0;No;CTMSRV;DTRKDR_J12INT_05_Q;root;M_L_DTR01;M_L_DTR01;3sol3
DTR-DECISIONNEL TRAN;DTRKDR_J12INT_05_Q;DTRKDR_J12INT_05_IMP03_Q;"May 22, 2026";;;;Wait for Event;DTR : Lancement du plan d' execution  DTR_REFERENTIEL_REC_P2_PLAN;Lance_Interface_DTR_KDR.ksh;Job;No;0;No;CTMSRV;DTRKDR_J12INT_05_Q;root;M_L_DTR01;M_L_DTR01;3sol4
DTR-DECISIONNEL TRAN;DTRKDR_J12INT_05_Q;DTRKDR_J12INT_05_IMP04_Q;"May 22, 2026";;;;Wait for Event;DTR : Lancement du plan d' execution  DTR_REFERENTIEL_REC_COPIE_P2_PLAN;Lance_Interface_DTR_KDR.ksh;Job;No;0;No;CTMSRV;DTRKDR_J12INT_05_Q;root;M_L_DTR01;M_L_DTR01;3sol5
DTR-DECISIONNEL TRAN;DTRKDR_J12INT_05_Q;DTRKDR_J12INT_05_MOV01_Q;"May 22, 2026";;;;Wait for Event;Deplacer les fichiers du NAS vers DTR;DTRKDR_J12INT_05_MOV01_Q.ksh;Job;No;0;No;CTMSRV;DTRKDR_J12INT_05_Q;root;M_L_DTR01;M_L_DTR01;3sol6
DTR-DECISIONNEL TRAN;DTRKDR_J13INT_05_Q;DTRKDR_J13INT_05_IMP01_Q;"May 22, 2026";;;;Wait for Event;DTR : Lancement du plan d'execution DTR_REFERENTIEL_REC_TRANSCOS_PLAN;Lance_Interface_DTR_KDR.ksh;Job;No;0;No;CTMSRV;DTRKDR_J13INT_05_Q;root;M_L_DTR01;M_L_DTR01;3snc7
DTR-DECISIONNEL TRAN;DTRKDR_J13INT_05_Q;DTRKDR_J13INT_05_MOV01_Q;"May 22, 2026";;;;Wait for Event;Deplacer les fichiers du NAS vers DTR;MOVE_GENERIQUE.sh;Job;No;0;No;CTMSRV;DTRKDR_J13INT_05_Q;root;M_L_DTR01;M_L_DTR01;3snc6
DTR-DECISIONNEL TRAN;DTRKDR_J14INT_05_Q;DTRKDR_J14INT_05_IMP01_Q;"May 22, 2026";;;;Wait for Event;DTR : Lancement du plan d'exécution DTR_REFERENTIEL_REC_RESSOURCE_PLAN;Lance_Interface_DTR_KDR.ksh;Job;No;0;No;CTMSRV;DTRKDR_J14INT_05_Q;root;M_L_DTR01;M_L_DTR01;3snyr
DTR-DECISIONNEL TRAN;DTRKDR_J14INT_05_Q;DTRKDR_J14INT_05_MOV01_Q;"May 22, 2026";;;;Wait for Event;Deplacer les fichiers du NAS vers DTR;DTRKDR_J14INT_05_MOV01_Q.ksh;Job;No;0;No;CTMSRV;DTRKDR_J14INT_05_Q;root;M_L_DTR01;M_L_DTR01;3snyq
DTR-DECISIONNEL TRAN;DTRKDR_J15INT_05_Q;DTRKDR_J15INT_05_IMP01_Q;"May 22, 2026";;;;Wait for Event;DTR : Lancement du plan d'exécution DTR_REFERENTIEL_REC_PARTENAIRE_PLAN;Lance_Interface_DTR_KDR.ksh;Job;No;0;No;CTMSRV;DTRKDR_J15INT_05_Q;root;M_L_DTR01;M_L_DTR01;3sngh
DTR-DECISIONNEL TRAN;DTRKDR_J15INT_05_Q;DTRKDR_J15INT_05_MOV01_Q;"May 22, 2026";;;;Wait for Event;Deplacer les fichiers du NAS vers DTR;DTRKDR_J15INT_05_MOV01_Q.ksh;Job;No;0;No;CTMSRV;DTRKDR_J15INT_05_Q;root;M_L_DTR01;M_L_DTR01;3sngg
DTR-DECISIONNEL TRAN;DTRKDR_J16INT_05_Q;DTRKDR_J16INT_05_IMP01_Q;"May 22, 2026";;;;Wait for Event;DTR : Lancement du plan d'execution DTR_REFERENTIEL_REC_SEE_PLAN;Lance_Interface_DTR_KDR.ksh;Job;No;0;No;CTMSRV;DTRKDR_J16INT_05_Q;root;M_L_DTR01;M_L_DTR01;3so35
DTR-DECISIONNEL TRAN;DTRKDR_J16INT_05_Q;DTRKDR_J16INT_05_IMP02_Q;"May 22, 2026";;;;Wait for Event;DTR : Lancement du plan d'execution DTR_REFERENTIEL_REC_TRANSCOS_SEE_PLAN;Lance_Interface_DTR_KDR.ksh;Job;No;0;No;CTMSRV;DTRKDR_J16INT_05_Q;root;M_L_DTR01;M_L_DTR01;3so36
DTR-DECISIONNEL TRAN;DTRKDR_J16INT_05_Q;DTRKDR_J16INT_05_MOV01_Q;"May 22, 2026";;;;Wait for Event;Deplacer les fichiers zip du NAS vers DTR;DTRKDR_J16INT_05_MOV01_Q.ksh;Job;No;0;No;CTMSRV;DTRKDR_J16INT_05_Q;root;M_L_DTR01;M_L_DTR01;3so34
DTR-DECISIONNEL TRAN;DTRKDR_J16INT_05_Q;DTRKDR_J16INT_05_Q;"May 22, 2026";"May 22, 2026 1:30:11 PM";;;Executing;DTR: Projet DTR_REFERENTIEL;;SMART Table;No;1;No;CTMSRV;DTRKDR_J16INT_05_Q;;;;3so33
DTR-DECISIONNEL TRAN;DTRMDM_J11INT_05_Q;DTRMDM_J11INT_05_FWT04_Q;"May 22, 2026";;;0800;Wait for Event;Scrutation des fichiers MDM;FileWatcher_Mult_Fic.ksh;Job;No;0;Yes;CTMSRV;DTRMDM_J11INT_05_Q;ctmag900;M_L_DTR01;M_L_DTR01;3sozz
DTR-DECISIONNEL TRAN;DTRMDM_J11INT_05_Q;DTRMDM_J11INT_05_IMP05_Q;"May 22, 2026";;;;Wait for Event;Plan d'execution transfert Fichier;Lance_Interface_DTR_MDM.ksh;Job;No;0;No;CTMSRV;DTRMDM_J11INT_05_Q;root;M_L_DTR01;M_L_DTR01;3sp00
DTR-DECISIONNEL TRAN;DTRMDM_J11INT_05_Q;DTRMDM_J11INT_05_IMP06_Q;"May 22, 2026";;;;Wait for Event;Lancement des plans d'execution SOCLE;Lance_Interface_DTR_MDM.ksh;Job;No;0;No;CTMSRV;DTRMDM_J11INT_05_Q;root;M_L_DTR01;M_L_DTR01;3sp01
DTR-DECISIONNEL TRAN;DTRMDM_J11INT_05_Q;DTRMDM_J11INT_05_IMP07_Q;"May 22, 2026";;;;Wait for Event;Lancement des plans d'execution MAIEXP;Lance_Interface_DTR_MDM.ksh;Job;No;0;No;CTMSRV;DTRMDM_J11INT_05_Q;root;M_L_DTR01;M_L_DTR01;3sp02
DTR-DECISIONNEL TRAN;DTRMDM_J11INT_05_Q;DTRMDM_J11INT_05_LIM01_Q;"May 22, 2026";;;;Wait for Event;Limite horaire 0h40 du matin;;Dummy;No;0;No;CTMSRV;DTRMDM_J11INT_05_Q;ctmag900;M_L_DTR01;M_L_DTR01;3sp03
DTR-DECISIONNEL TRAN;DTRNRJ_J11INT_05_Q;DTRNRJ_J11INT_05_IMP01_Q;"May 22, 2026";;;;Wait for Event;Traitement DTR ENERGY Quotidien;Lance_Interface_DTR_EGY.ksh;Job;No;0;No;CTMSRV;DTRNRJ_J11INT_05_Q;root;M_L_DTR01;M_L_DTR01;3snw1
DTR-DECISIONNEL TRAN;DTRNRJ_J11INT_05_Q;DTRNRJ_J11INT_05_IMP02_Q;"May 22, 2026";;;;Wait for Event;Intégration du DUMP Energy dans l'ODS;dtrenergy_datapump.sh;Job;No;0;No;CTMSRV;DTRNRJ_J11INT_05_Q;root;A_L_DTR07;A_L_DTR07;3snw0
DTR-DECISIONNEL TRAN;DTRNRJ_J11INT_05_Q;DTRNRJ_J11INT_05_IMP03_Q;"May 22, 2026";;;;Wait for Event;Traitement DTR ENERGY EGY_FAIT;Lance_Interface_DTR_EGY.ksh;Job;No;0;No;CTMSRV;DTRNRJ_J11INT_05_Q;root;M_L_DTR01;M_L_DTR01;3snw2
EAI-EAI;EAIEAI_E11TEC_04_Q;EAIEAI_E11TEC_04_WRK01_Q;"May 22, 2026";;;;Wait for Event;Envoi ODATE vers PFE \\prod.dalkia.org\PFE\APPS\EAI\filesharing\ODATE\ODATE.txt;CreateOdate.bat;Job;No;0;No;CTMSRV;EAIEAI_E11TEC_04_Q;svce_cm;A_W_PFE13;A_W_PFE13;3sog7
ETR-ETRM;ETRMEC_J11FLX_07_Q;ETRMEC_J11FLX_07_MOV01_Q;"May 22, 2026";;;;Wait for Event;"PFE : Deplacement des fichiers ""MEC.zip"" depuis PFE vers ETRM";MOV_Generique_DKA.bat;Job;No;0;No;CTMSRV;ETRMEC_J11FLX_07_Q;svce_cm;A_W_ETR24;A_W_ETR24;3so6g
ETR-ETRM;ETRMEC_J11FLX_07_Q;ETRMEC_J11FLX_07_Q;"May 22, 2026";"May 22, 2026 1:30:11 PM";;;Executing;PFE : Flux MEC;;SMART Table;No;1;No;CTMSRV;ETRMEC_J11FLX_07_Q;svce_cm;;;3so6f
FIN-FINANCE;FINDTR_J11GEN_06_Q;FINDTR_J11GEN_06_EXP01_Q;"May 22, 2026";;;;Wait for Event;FINANCE : Extraction Datapump Oracle pour DTR;BATCH_Generique_DKA.ksh;Job;No;0;No;CTMSRV;FINDTR_J11GEN_06_Q;opdtpump;M_L_FIN12;M_L_FIN12;3soss
FIN-FINANCE;FINDTR_J11GEN_06_Q;FINDTR_J11GEN_06_EXP02_Q;"May 22, 2026";;;;Wait for Event;FINANCE : Extraction des banques et agences pour DTR;;Job;No;0;No;CTMSRV;FINDTR_J11GEN_06_Q;EXPLOITATION;M_L_FIN12;M_L_FIN12;3sost
FIN-FINANCE;FINDTR_J11GEN_06_Q;FINDTR_J11GEN_06_EXP03_Q;"May 22, 2026";;;;Wait for Event;FINANCE : Extraction des evenements AR pour DTR;;Job;No;0;No;CTMSRV;FINDTR_J11GEN_06_Q;EXPLOITATION;M_L_FIN12;M_L_FIN12;3sosv
FIN-FINANCE;FINDTR_J11GEN_06_Q;FINDTR_J11GEN_06_MOV01_Q;"May 22, 2026";;;;Wait for Event;FINANCE : Move du fichier FIN01*.tar.gz vers le NAS;MOV_OUT_PUMP_DKA.ksh;Job;No;0;No;CTMSRV;FINDTR_J11GEN_06_Q;opfinbac;M_L_FIN12;M_L_FIN12;3sosr
FIN-FINANCE;FINDTR_J11GEN_06_Q;FINDTR_J11GEN_06_MOV02_Q;"May 22, 2026";;;;Wait for Event;FINANCE : Move du fichier FIN01_*CE-BANK-BRANCHES-V_001_*.csv vers le NAS;MOV_OUT_PUMP_DKA.ksh;Job;No;0;No;CTMSRV;FINDTR_J11GEN_06_Q;opfinbac;M_L_FIN12;M_L_FIN12;3sosu
FIN-FINANCE;FINDTR_J11GEN_06_Q;FINDTR_J11GEN_06_MOV03_Q;"May 22, 2026";;;;Wait for Event;FINANCE : Move du fichier FIN01_*DTR-AR-EVENTS-V_001_*.csv vers le NAS;MOV_OUT_PUMP_DKA.ksh;Job;No;0;No;CTMSRV;FINDTR_J11GEN_06_Q;opfinbac;M_L_FIN12;M_L_FIN12;3sosw
FIN-FINANCE;FINDTR_J11GEN_06_Q;FINDTR_J11GEN_06_Q;"May 22, 2026";;;;Wait for Event;FINANCE : Extraction Datapump Oracle pour DTR;;SMART Table;No;0;No;CTMSRV;FINDTR_J11GEN_06_Q;opdtpump;;;3sosq
FIN-FINANCE;FINDTR_J11TEC_04_Q;FINDTR_J11TEC_04_Q;"May 22, 2026";;;;Wait for Event;FINANCE : Ajout date derniere DATAPUMP dans Libmemsym pour DTR;;SMART Table;No;0;No;CTMSRV;FINDTR_J11TEC_04_Q;root;;;3smv0
FIN-FINANCE;FINDTR_J11TEC_04_Q;FINDTR_J11TEC_04_WRK01_Q;"May 22, 2026";;;;Wait for Event;FINANCE : Ajout date derniere DATAPUMP dans Libmemsym pour DTR;SED_LAST_DATAPUMPDTR.ksh;Job;No;0;No;CTMSRV;FINDTR_J11TEC_04_Q;controlm;SRV_PRIMAIRE;SRV_PRIMAIRE;3smv1
FIN-FINANCE;FINEXT_J11GEN_06_Q;FINEXT_J11GEN_06_EXP01_Q;"May 22, 2026";;;;Wait for Event;Exportation Commandes XEROX et Tradeshift;;Job;No;0;No;CTMSRV;FINEXT_J11GEN_06_Q;EXPLOITATION;M_L_FIN12;M_L_FIN12;3smtz
FIN-FINANCE;FINEXT_J11GEN_06_Q;FINEXT_J11GEN_06_MOV01_Q;"May 22, 2026";;;;Wait for Event;FINANCE : Move du fichier DK1.DAL.CDE.* vers le NAS;MOV_OUT_Generique_DKA.ksh;Job;No;0;No;CTMSRV;FINEXT_J11GEN_06_Q;opfinbac;M_L_FIN12;M_L_FIN12;3smu0
FIN-FINANCE;FINEXT_J11GEN_06_Q;FINEXT_J11GEN_06_Q;"May 22, 2026";;;;Wait for Event;FINANCE : Exportation Commandes XEROX et Tradeshift;;SMART Table;No;0;No;CTMSRV;FINEXT_J11GEN_06_Q;opfinbac;;;3smty
FIN-FINANCE;FINEXT_J11INT_05_Q;FINEXT_J11INT_05_CON01_Q;"May 22, 2026";;;;Wait for Event;FINANCE : Concatener les fichiers VE1.DAL*.TR1 dans un fichier VE1_DAL.csv;CON_Generique_DKA.ksh;Job;No;0;No;CTMSRV;FINEXT_J11INT_05_Q;opfinbac;M_L_FIN12;M_L_FIN12;3sozb
FIN-FINANCE;FINEXT_J11INT_05_Q;FINEXT_J11INT_05_CON02_Q;"May 22, 2026";;;;Wait for Event;FINANCE : Concatener les fichiers CSV_DAL*.csv en CONTROL.csv;FINEXT_J11INT_05_CON02_Q.ksh;Job;No;0;No;CTMSRV;FINEXT_J11INT_05_Q;opfinbac;M_L_FIN12;M_L_FIN12;3sozc
FIN-FINANCE;FINEXT_J11INT_05_Q;FINEXT_J11INT_05_IMP01_Q;"May 22, 2026";;;;Wait for Event;XEROX : Chargement factures;;Job;No;0;No;CTMSRV;FINEXT_J11INT_05_Q;EXPLOITATION;M_L_FIN12;M_L_FIN12;3soz6
FIN-FINANCE;FINEXT_J11INT_05_Q;FINEXT_J11INT_05_IMP03_Q;"May 22, 2026";;;;Wait for Event;XEROX : Chargement CONTROL.csv;;Job;No;0;No;CTMSRV;FINEXT_J11INT_05_Q;EXPLOITATION;M_L_FIN12;M_L_FIN12;3soz8
FIN-FINANCE;FINEXT_J11INT_05_Q;FINEXT_J11INT_05_LIM01_Q;"May 22, 2026";;;;Wait for Event;FINANCE : Limite horaire notification PFE XEROX;;Dummy;No;0;No;CTMSRV;FINEXT_J11INT_05_Q;opfinbac;M_L_FIN12;M_L_FIN12;3sozf
FIN-FINANCE;FINEXT_J11INT_05_Q;FINEXT_J11INT_05_MOV01_Q;"May 22, 2026";;;;Wait for Event;FINANCE : Move du fichier TRA_DAL*.zip depuis le NAS;MOV_IN_Generique_DKA.ksh;Job;No;0;No;CTMSRV;FINEXT_J11INT_05_Q;opfinbac;M_L_FIN12;M_L_FIN12;3soz5
FIN-FINANCE;FINEXT_J11INT_05_Q;FINEXT_J11INT_05_MOV02_Q;"May 22, 2026";;;2220;Wait for Event;FINANCE : Move du fichier CSV_DAL*.ZIP depuis le NAS;MOV_IN_Generique_DKA.ksh;Job;No;0;No;CTMSRV;FINEXT_J11INT_05_Q;opfinbac;M_L_FIN12;M_L_FIN12;3sozd
FIN-FINANCE;FINEXT_J11INT_05_Q;FINEXT_J11INT_05_Q;"May 22, 2026";;;2230;Wait for Event;FINANCE : Chargement factures Xerox;;SMART Table;No;0;No;CTMSRV;FINEXT_J11INT_05_Q;opfinbac;;;3soz4
FIN-FINANCE;FINEXT_J11INT_05_Q;FINEXT_J11INT_05_WRK02_Q;"May 22, 2026";;;;Wait for Event;XEROX : Intégration factures;;Job;No;0;No;CTMSRV;FINEXT_J11INT_05_Q;EXPLOITATION;M_L_FIN12;M_L_FIN12;3soz9
FIN-FINANCE;FINEXT_J11INT_05_Q;FINEXT_J11INT_05_WRK04_Q;"May 22, 2026";;;;Wait for Event;XEROX : Contrôle de flux;;Job;No;0;No;CTMSRV;FINEXT_J11INT_05_Q;EXPLOITATION;M_L_FIN12;M_L_FIN12;3soza
FIN-FINANCE;FINEXT_J11INT_05_Q;FINEXT_J11INT_05_ZIP01_Q;"May 22, 2026";;;;Wait for Event;FINANCE : Decompression du fichier TRA_DAL*.zip;DEZIP_Generique_DKA.ksh;Job;No;0;No;CTMSRV;FINEXT_J11INT_05_Q;opfinbac;M_L_FIN12;M_L_FIN12;3soz7
FIN-FINANCE;FINEXT_J11INT_05_Q;FINEXT_J11INT_05_ZIP02_Q;"May 22, 2026";;;;Wait for Event;FINANCE : Decompression du fichier CSV_DAL*.zip;DEZIP_Generique_DKA.ksh;Job;No;0;No;CTMSRV;FINEXT_J11INT_05_Q;opfinbac;M_L_FIN12;M_L_FIN12;3soze
FIN-FINANCE;FINEXT_J12GEN_06_Q;FINEXT_J12GEN_06_EXP01_Q;"May 22, 2026";;;;Wait for Event;FINANCE : Export du référentiel employé vers NOTILUS;;Job;No;0;No;CTMSRV;FINEXT_J12GEN_06_Q;EXPLOITATION;M_L_FIN12;M_L_FIN12;3soqc
FIN-FINANCE;FINEXT_J12GEN_06_Q;FINEXT_J12GEN_06_MOV01_Q;"May 22, 2026";;;;Wait for Event;FINANCE : Move du fichier EMPLOYES_AAAAMMJJ.csv  vers le NAS;MOV_OUT_Generique_DKA.ksh;Job;No;0;No;CTMSRV;FINEXT_J12GEN_06_Q;opfinbac;M_L_FIN12;M_L_FIN12;3soqd
FIN-FINANCE;FINEXT_J12GEN_06_Q;FINEXT_J12GEN_06_Q;"May 22, 2026";;;;Wait for Event;FINANCE : Export du referentiel employe vers NOTILUS;;SMART Table;No;0;No;CTMSRV;FINEXT_J12GEN_06_Q;opfinbac;;;3soqb
FIN-FINANCE;FINEXT_J12INT_05_Q;FINEXT_J12INT_05_CON01_Q;"May 22, 2026";;;;Wait for Event;FINANCE : Concaténer les fichiers L56VFRTDSPAR*.TR1 dans un fichier ZCI_DAL.csv;CON_Generique_DKA.ksh;Job;No;0;No;CTMSRV;FINEXT_J12INT_05_Q;opfinbac;M_L_FIN12;M_L_FIN12;3sp2t
FIN-FINANCE;FINEXT_J12INT_05_Q;FINEXT_J12INT_05_CTL01_Q;"May 22, 2026";;;;Wait for Event;FINANCE : Controle de fichiers L56VFRTDSPAR*.TIF;CON_Generique_DKA.ksh;Command;No;0;No;CTMSRV;FINEXT_J12INT_05_Q;opfinbac;M_L_FIN12;M_L_FIN12;3sp2u
FIN-FINANCE;FINEXT_J12INT_05_Q;FINEXT_J12INT_05_FIN01_Q;"May 22, 2026";;;;Wait for Event;FINANCE : Fin de Chaine TradeShift;;Dummy;No;0;No;CTMSRV;FINEXT_J12INT_05_Q;opfinbac;M_L_FIN12;M_L_FIN12;3sp2v
FIN-FINANCE;FINEXT_J12INT_05_Q;FINEXT_J12INT_05_IMP01_Q;"May 22, 2026";;;;Wait for Event;TRADESHIFT : Chargement factures;;Job;No;0;No;CTMSRV;FINEXT_J12INT_05_Q;EXPLOITATION;M_L_FIN12;M_L_FIN12;3sp2r
FIN-FINANCE;FINEXT_J12INT_05_Q;FINEXT_J12INT_05_MOV01_Q;"May 22, 2026";;;2228;Wait for Event;FINANCE : Move du fichier L56VFRTDSPAR__DLK* depuis NAS;MOV_IN_Generique_DKA.ksh;Job;No;0;No;CTMSRV;FINEXT_J12INT_05_Q;opfinbac;M_L_FIN12;M_L_FIN12;3sp2q
FIN-FINANCE;FINEXT_J12INT_05_Q;FINEXT_J12INT_05_Q;"May 22, 2026";;;2230;Wait for Event;FINANCE : Chargement factures TradeShift;;SMART Table;No;0;No;CTMSRV;FINEXT_J12INT_05_Q;opfinbac;;;3sp2p
FIN-FINANCE;FINEXT_J12INT_05_Q;FINEXT_J12INT_05_ZIP01_Q;"May 22, 2026";;;;Wait for Event;FINANCE : Decompression du fichier L56VFRTDSPAR__DLK*.zip;DEZIP_Generique_DKA.ksh;Job;No;0;No;CTMSRV;FINEXT_J12INT_05_Q;opfinbac;M_L_FIN12;M_L_FIN12;3sp2s
FIN-FINANCE;FINEXT_J13GEN_06_Q;FINEXT_J13GEN_06_EXP01_Q;"May 22, 2026";;;;Wait for Event;FINANCE : Export Recouvrement;;Job;No;0;No;CTMSRV;FINEXT_J13GEN_06_Q;EXPLOITATION;M_L_FIN12;M_L_FIN12;3soli
FIN-FINANCE;FINEXT_J13GEN_06_Q;FINEXT_J13GEN_06_MOV01_Q;"May 22, 2026";;;;Wait for Event;FINANCE : Move du fichier ENCOURS_RECOUVREMENT_*.csv vers le NAS;MOV_OUT_Generique_DKA.ksh;Job;No;0;No;CTMSRV;FINEXT_J13GEN_06_Q;opfinbac;M_L_FIN12;M_L_FIN12;3solj
FIN-FINANCE;FINEXT_J13GEN_06_Q;FINEXT_J13GEN_06_Q;"May 22, 2026";;;;Wait for Event;FINANCE : Export Recouvrement;;SMART Table;No;0;No;CTMSRV;FINEXT_J13GEN_06_Q;opfinbac;;;3solh
FIN-FINANCE;FINEXT_J13INT_05_Q;FINEXT_J13INT_05_IMP01_Q;"May 22, 2026";;;;Wait for Event;Importation des Employes de GXP;;Job;No;0;No;CTMSRV;FINEXT_J13INT_05_Q;EXPLOITATION;M_L_FIN12;M_L_FIN12;3sny8
FIN-FINANCE;FINEXT_J13INT_05_Q;FINEXT_J13INT_05_Q;"May 22, 2026";;;;Wait for Event;FINANCE : Importation des Employes de GXP;;SMART Table;No;0;No;CTMSRV;FINEXT_J13INT_05_Q;opfinbac;;;3sny7
FIN-FINANCE;FINEXT_J14GEN_06_Q;FINEXT_J14GEN_06_EXP01_Q;"May 22, 2026";;;;Wait for Event;FINANCE : Extraction du Contrôle de Flux vers l'EAI;;Job;No;0;No;CTMSRV;FINEXT_J14GEN_06_Q;EXPLOITATION;M_L_FIN12;M_L_FIN12;3sokw
FIN-FINANCE;FINEXT_J14GEN_06_Q;FINEXT_J14GEN_06_MOV01_Q;"May 22, 2026";;;;Wait for Event;FINANCE : Move du fichier FIN01_CTL_ECRITURES* vers le NAS;MOV_OUT_Generique_DKA.ksh;Job;No;0;No;CTMSRV;FINEXT_J14GEN_06_Q;opfinbac;M_L_FIN12;M_L_FIN12;3sokx
FIN-FINANCE;FINEXT_J14GEN_06_Q;FINEXT_J14GEN_06_Q;"May 22, 2026";;;;Wait for Event;FINANCE : Extraction du Controle de Flux vers lEAI;;SMART Table;No;0;No;CTMSRV;FINEXT_J14GEN_06_Q;opfinbac;;;3sokv
FIN-FINANCE;FINEXT_J14INT_05_Q;FINEXT_J14INT_05_CON01_Q;"May 22, 2026";;;;Wait for Event;FINANCE : Concaténer les fichiers Compteur*.txt dans un fichier AFB120.txt;CON_Generique_DKA.ksh;Job;No;0;No;CTMSRV;FINEXT_J14INT_05_Q;opfinbac;M_L_FIN12;M_L_FIN12;3smta
FIN-FINANCE;FINEXT_J14INT_05_Q;FINEXT_J14INT_05_IMP01_Q;"May 22, 2026";;;;Wait for Event;RB : Importation relevés dans RB;;Job;No;0;No;CTMSRV;FINEXT_J14INT_05_Q;EXPLOITATION;M_L_FIN12;M_L_FIN12;3smt4
FIN-FINANCE;FINEXT_J14INT_05_Q;FINEXT_J14INT_05_LIM01_Q;"May 22, 2026";;;;Wait for Event;FINANCE :  Limite Horaire;;Dummy;No;0;No;CTMSRV;FINEXT_J14INT_05_Q;DUMMYUSR;;;3smtb
FIN-FINANCE;FINEXT_J14INT_05_Q;FINEXT_J14INT_05_MEL01_Q;"May 22, 2026";;;;Wait for Event;RB : Edition des releves manquants par mail;;Job;No;0;No;CTMSRV;FINEXT_J14INT_05_Q;EXPLOITATION;M_L_FIN12;M_L_FIN12;3smt7
FIN-FINANCE;FINEXT_J14INT_05_Q;FINEXT_J14INT_05_MOV01_Q;"May 22, 2026";;;;Wait for Event;FINANCE : Move du fichier Compteur.zip depuis NAS;MOV_IN_Generique_DKA.ksh;Job;No;0;No;CTMSRV;FINEXT_J14INT_05_Q;opfinbac;M_L_FIN12;M_L_FIN12;3smt8
FIN-FINANCE;FINEXT_J14INT_05_Q;FINEXT_J14INT_05_Q;"May 22, 2026";;;;Wait for Event;FINANCE : Import des releves dans RB;;SMART Table;No;0;No;CTMSRV;FINEXT_J14INT_05_Q;opfinbac;;;3smt3
FIN-FINANCE;FINEXT_J14INT_05_Q;FINEXT_J14INT_05_WRK01_Q;"May 22, 2026";;;;Wait for Event;RB : Filtre du fichier AFB120.txt;;Dummy;No;0;No;CTMSRV;FINEXT_J14INT_05_Q;EXPLOITATION;M_L_FIN12;M_L_FIN12;3smt5
FIN-FINANCE;FINEXT_J14INT_05_Q;FINEXT_J14INT_05_WRK02_Q;"May 22, 2026";;;;Wait for Event;RB : Edition des releves bancaires pour les CSP;;Job;No;0;No;CTMSRV;FINEXT_J14INT_05_Q;EXPLOITATION;M_L_FIN12;M_L_FIN12;3smt6
FIN-FINANCE;FINEXT_J14INT_05_Q;FINEXT_J14INT_05_ZIP01_Q;"May 22, 2026";;;;Wait for Event;FINANCE : Decompression du fichier Compteur.zip;DEZIP_Generique_DKA.ksh;Job;No;0;No;CTMSRV;FINEXT_J14INT_05_Q;opfinbac;M_L_FIN12;M_L_FIN12;3smt9
FIN-FINANCE;FINEXT_J14INT_06_Q;FINEXT_J14INT_06_CON01_Q;"May 22, 2026";;;;Wait for Event;FINANCE : Concaténer les fichiers Compteur*.txt dans un fichier AFB120.txt;CON_Generique_DKA.ksh;Job;No;0;Yes;CTMSRV;FINEXT_J14INT_06_Q;opfinbac;M_L_FIN12;M_L_FIN12;3snel
FIN-FINANCE;FINEXT_J14INT_06_Q;FINEXT_J14INT_06_IMP01_Q;"May 22, 2026";;;;Wait for Event;RB : Importation relevés dans RB;;Job;No;0;Yes;CTMSRV;FINEXT_J14INT_06_Q;EXPLOITATION;M_L_FIN12;M_L_FIN12;3snef
FIN-FINANCE;FINEXT_J14INT_06_Q;FINEXT_J14INT_06_MEL01_Q;"May 22, 2026";;;;Wait for Event;RB : Edition des releves manquants par mail;;Job;No;0;Yes;CTMSRV;FINEXT_J14INT_06_Q;EXPLOITATION;M_L_FIN12;M_L_FIN12;3snei
FIN-FINANCE;FINEXT_J14INT_06_Q;FINEXT_J14INT_06_MOV01_Q;"May 22, 2026";;;;Wait for Event;FINANCE : Move du fichier Compteur.zip depuis NAS;MOV_IN_Generique_DKA.ksh;Job;No;0;Yes;CTMSRV;FINEXT_J14INT_06_Q;opfinbac;M_L_FIN12;M_L_FIN12;3snej
FIN-FINANCE;FINEXT_J14INT_06_Q;FINEXT_J14INT_06_Q;"May 22, 2026";"May 22, 2026 1:30:10 PM";;;Executing;FINANCE : Import des releves dans RB partie Cyclique démarrant à 8h après la chaîne FINEXT_J14INT_05_Q;;SMART Table;No;1;No;CTMSRV;FINEXT_J14INT_06_Q;opfinbac;;;3snee
FIN-FINANCE;FINEXT_J14INT_06_Q;FINEXT_J14INT_06_WRK01_Q;"May 22, 2026";;;;Wait for Event;RB : Filtre du fichier AFB120.txt;;Dummy;No;0;Yes;CTMSRV;FINEXT_J14INT_06_Q;EXPLOITATION;M_L_FIN12;M_L_FIN12;3sneg
FIN-FINANCE;FINEXT_J14INT_06_Q;FINEXT_J14INT_06_WRK02_Q;"May 22, 2026";;;;Wait for Event;RB : Edition des releves bancaires pour les CSP;;Job;No;0;Yes;CTMSRV;FINEXT_J14INT_06_Q;EXPLOITATION;M_L_FIN12;M_L_FIN12;3sneh
FIN-FINANCE;FINEXT_J14INT_06_Q;FINEXT_J14INT_06_ZIP01_Q;"May 22, 2026";;;;Wait for Event;FINANCE : Decompression du fichier Compteur.zip;DEZIP_Generique_DKA.ksh;Job;No;0;Yes;CTMSRV;FINEXT_J14INT_06_Q;opfinbac;M_L_FIN12;M_L_FIN12;3snek
FIN-FINANCE;FINEXT_J15GEN_06_M;FINEXT_J15GEN_06_EXP01_M;"May 22, 2026";;;;Wait for Event;FINANCE : Campagne TIERS (L5) : Creation fichiers AP Import;;Job;No;0;No;CTMSRV;FINEXT_J15GEN_06_M;EXPLOITATION;M_L_FIN12;M_L_FIN12;3sorx
FIN-FINANCE;FINEXT_J15GEN_06_M;FINEXT_J15GEN_06_M;"May 22, 2026";;;;Wait for Event;FINANCE : Campagne TIERS (L5) : Calcul du poids;;SMART Table;No;0;No;CTMSRV;FINEXT_J15GEN_06_M;opfinbac;;;3sors
FIN-FINANCE;FINEXT_J15GEN_06_M;FINEXT_J15GEN_06_MEL01_M;"May 22, 2026";;;;Wait for Event;FINANCE : Campagne TIERS (L5) : Avis de virement par mail;;Job;No;0;No;CTMSRV;FINEXT_J15GEN_06_M;EXPLOITATION;M_L_FIN12;M_L_FIN12;3sorw
FIN-FINANCE;FINEXT_J15GEN_06_M;FINEXT_J15GEN_06_MOV01_M;"May 22, 2026";;;;Wait for Event;FINANCE : Move du fichier DK*TIE*.txt vers le NAS;MOV_OUT_Generique_DKA.ksh;Job;No;0;No;CTMSRV;FINEXT_J15GEN_06_M;opfinbac;M_L_FIN12;M_L_FIN12;3sory
FIN-FINANCE;FINEXT_J15GEN_06_M;FINEXT_J15GEN_06_WRK01_M;"May 22, 2026";;;;Wait for Event;FINANCE : Campagne TIERS (L5) : Recalcul reglements;;Job;No;0;No;CTMSRV;FINEXT_J15GEN_06_M;EXPLOITATION;M_L_FIN12;M_L_FIN12;3sorv
FIN-FINANCE;FINEXT_J15GEN_06_M;FINEXT_J15GEN_06_WRK02_M;"May 22, 2026";;;;Wait for Event;FINANCE : Campagne TIERS (L5) : Alimentation AP Import;;Job;No;0;No;CTMSRV;FINEXT_J15GEN_06_M;EXPLOITATION;M_L_FIN12;M_L_FIN12;3soru
FIN-FINANCE;FINEXT_J15GEN_06_M;FINEXT_J15GEN_06_WRK03_M;"May 22, 2026";;;;Wait for Event;FINANCE : Campagne TIERS (L5) : Calcul du poids;;Job;No;0;No;CTMSRV;FINEXT_J15GEN_06_M;EXPLOITATION;M_L_FIN12;M_L_FIN12;3sort
FIN-FINANCE;FINEXT_J15INT_05_Q;FINEXT_J15INT_05_IMP01_Q;"May 22, 2026";;;;Wait for Event;FINANCE : Interface d'import des fournisseurs dans Oracle (soir);;Job;No;0;No;CTMSRV;FINEXT_J15INT_05_Q;EXPLOITATION;M_L_FIN12;M_L_FIN12;3snrt
FIN-FINANCE;FINEXT_J15INT_05_Q;FINEXT_J15INT_05_IMP03_Q;"May 22, 2026";;;;Wait for Event;FINANCE : Interface d'import des fournisseurs homologations dans Oracle (soir);;Job;No;0;No;CTMSRV;FINEXT_J15INT_05_Q;EXPLOITATION;M_L_FIN12;M_L_FIN12;3snrv
FIN-FINANCE;FINEXT_J15INT_05_Q;FINEXT_J15INT_05_MOV01_Q;"May 22, 2026";;;;Wait for Event;FINANCE : Deplacement des fichiers fournisseurs DSP01_SUP*.csv dans Oracle (soir);MOV_IN_Generique_DKA.ksh;Job;No;0;No;CTMSRV;FINEXT_J15INT_05_Q;opfinbac;M_L_FIN12;M_L_FIN12;3snrs
FIN-FINANCE;FINEXT_J15INT_05_Q;FINEXT_J15INT_05_MOV03_Q;"May 22, 2026";;;;Wait for Event;FINANCE : Deplacement des fichiers fournisseurs DSP01_SUP_HOMOLOGATIONS.csv dans Oracle (soir);MOV_IN_Generique_DKA.ksh;Job;No;0;No;CTMSRV;FINEXT_J15INT_05_Q;opfinbac;M_L_FIN12;M_L_FIN12;3snru
FIN-FINANCE;FINEXT_J15INT_05_Q;FINEXT_J15INT_05_Q;"May 22, 2026";"May 22, 2026 1:30:10 PM";;;Executing;FINANCE : Interface d'import des fournisseurs dans Oracle;;SMART Table;No;1;No;CTMSRV;FINEXT_J15INT_05_Q;opfinbac;;;3snrr
FIN-FINANCE;FINEXT_J16GEN_06_Q;FINEXT_J16GEN_06_EXP01_Q;"May 22, 2026";;;;Wait for Event;FINANCE : Exportation GL vers HYPERION;;Job;No;0;No;CTMSRV;FINEXT_J16GEN_06_Q;EXPLOITATION;M_L_FIN12;M_L_FIN12;3sp31
FIN-FINANCE;FINEXT_J16GEN_06_Q;FINEXT_J16GEN_06_MOV01_Q;"May 22, 2026";;;;Wait for Event;FINANCE : Move du fichier HYPERION_*_*.txt vers le NAS;MOV_OUT_Generique_DKA.ksh;Job;No;0;No;CTMSRV;FINEXT_J16GEN_06_Q;opfinbac;M_L_FIN12;M_L_FIN12;3sp32
FIN-FINANCE;FINEXT_J16GEN_06_Q;FINEXT_J16GEN_06_Q;"May 22, 2026";;;;Wait for Event;FINANCE : Exportation GL vers Séléné -- Quotidien;;SMART Table;No;0;No;CTMSRV;FINEXT_J16GEN_06_Q;opfinbac;;;3sp30
FIN-FINANCE;FINEXT_J17GEN_06_Q;FINEXT_J17GEN_06_EXP01_Q;"May 22, 2026";;;;Wait for Event;FINANCE : Export des factures pour Tradeshift vers PFE;;Job;No;0;No;CTMSRV;FINEXT_J17GEN_06_Q;EXPLOITATION;M_L_FIN12;M_L_FIN12;3snzw
FIN-FINANCE;FINEXT_J17GEN_06_Q;FINEXT_J17GEN_06_MOV01_Q;"May 22, 2026";;;;Wait for Event;FINANCE : Move du fichier STATUTSFACTURES_*.csv vers le NAS;MOV_OUT_Generique_DKA.ksh;Job;No;0;No;CTMSRV;FINEXT_J17GEN_06_Q;opfinbac;M_L_FIN12;M_L_FIN12;3snzx
FIN-FINANCE;FINEXT_J17GEN_06_Q;FINEXT_J17GEN_06_Q;"May 22, 2026";;;;Wait for Event;FINANCE : Export des factures pour Tradeshift vers PFE;;SMART Table;No;0;No;CTMSRV;FINEXT_J17GEN_06_Q;opfinbac;;;3snzv
FIN-FINANCE;FINEXT_J17INT_05_Q;FINEXT_J17INT_05_IMP01_Q;"May 22, 2026";;;;Wait for Event;FINANCE : Interface d'import des commandes iValua (soir);;Job;No;0;No;CTMSRV;FINEXT_J17INT_05_Q;EXPLOITATION;M_L_FIN12;M_L_FIN12;3sn84
FIN-FINANCE;FINEXT_J17INT_05_Q;FINEXT_J17INT_05_IMP03_Q;"May 22, 2026";;;;Wait for Event;FINANCE: chargement des contrats SSTR venant d'Ivalua;;Job;No;0;No;CTMSRV;FINEXT_J17INT_05_Q;EXPLOITATION;M_L_FIN12;M_L_FIN12;3sn85
FIN-FINANCE;FINEXT_J17INT_05_Q;FINEXT_J17INT_05_MOV01_Q;"May 22, 2026";;;;Wait for Event;FINANCE : Deplacement des fichiers commandes DSP01_PO*.csv dans Oracle (soir);MOV_IN_Generique_DKA.ksh;Job;No;0;No;CTMSRV;FINEXT_J17INT_05_Q;opfinbac;M_L_FIN12;M_L_FIN12;3sn83
FIN-FINANCE;FINEXT_J17INT_05_Q;FINEXT_J17INT_05_Q;"May 22, 2026";"May 22, 2026 1:30:10 PM";;;Executing;FINANCE : Interface d'import des commandes iValua;;SMART Table;No;1;No;CTMSRV;FINEXT_J17INT_05_Q;opfinbac;;;3sn82
FIN-FINANCE;FINEXT_J18INT_05_Q;FINEXT_J18INT_05_IMP01_Q;"May 22, 2026";;;;Wait for Event;FINANCE : Interface d'import des receptions iValua (soir);;Job;No;0;No;CTMSRV;FINEXT_J18INT_05_Q;EXPLOITATION;M_L_FIN12;M_L_FIN12;3snvv
FIN-FINANCE;FINEXT_J18INT_05_Q;FINEXT_J18INT_05_MOV01_Q;"May 22, 2026";;;;Wait for Event;FINANCE : Deplacement des fichiers receptions DSP01_REC*.csv dans Oracle (soir);MOV_IN_Generique_DKA.ksh;Job;No;0;No;CTMSRV;FINEXT_J18INT_05_Q;opfinbac;M_L_FIN12;M_L_FIN12;3snvu
FIN-FINANCE;FINEXT_J18INT_05_Q;FINEXT_J18INT_05_Q;"May 22, 2026";"May 22, 2026 1:30:10 PM";;;Executing;FINANCE : Interface d'import des réceptions;;SMART Table;No;1;No;CTMSRV;FINEXT_J18INT_05_Q;opfinbac;;;3snvt
FIN-FINANCE;FINEXT_J19GEN_06_Q;FINEXT_J19GEN_06_EXP01_Q;"May 22, 2026";;;;Wait for Event;Export et envoi vers IVALUA des transferts de commandes à un tiers;;Dummy;No;0;No;CTMSRV;FINEXT_J19GEN_06_Q;EXPLOITATION;M_L_FIN12;M_L_FIN12;3sod1
FIN-FINANCE;FINEXT_J19GEN_06_Q;FINEXT_J19GEN_06_Q;"May 22, 2026";"May 22, 2026 1:30:11 PM";;;Executing;FINANCE : Export des données factures vers iValua;;SMART Table;No;1;No;CTMSRV;FINEXT_J19GEN_06_Q;opfinbac;;;3sod0
FIN-FINANCE;FINEXT_J19INT_05_Q;FINEXT_J19INT_05_IMP01_Q;"May 22, 2026";;;;Wait for Event;Import des codes de déblocage facture depuis iValua;;Job;No;0;No;CTMSRV;FINEXT_J19INT_05_Q;EXPLOITATION;M_L_FIN12;M_L_FIN12;3snb4
FIN-FINANCE;FINEXT_J19INT_05_Q;FINEXT_J19INT_05_MOV01_Q;"May 22, 2026";;;;Wait for Event;FINANCE : Move des Factures deblocage depuis le NAS;MOV_IN_Generique_DKA.ksh;Job;No;0;No;CTMSRV;FINEXT_J19INT_05_Q;opfinbac;M_L_FIN12;M_L_FIN12;3snb5
FIN-FINANCE;FINEXT_J19INT_05_Q;FINEXT_J19INT_05_Q;"May 22, 2026";"May 22, 2026 1:30:12 PM";;;Executing;FINANCE : Import des codes de déblocage facture depuis iValua;;SMART Table;No;1;No;CTMSRV;FINEXT_J19INT_05_Q;opfinbac;;;3snb3
FIN-FINANCE;FINEXT_J20GEN_06_Q;FINEXT_J20GEN_06_EXP01_Q;"May 22, 2026";;;;Wait for Event;"Export et envoi vers DATALAKE des Entêtes; Lignes et Règlements de factures fournisseurs";;Job;No;0;No;CTMSRV;FINEXT_J20GEN_06_Q;EXPLOITATION;M_L_FIN12;M_L_FIN12;3sp42
FIN-FINANCE;FINEXT_J20GEN_06_Q;FINEXT_J20GEN_06_EXP02_Q;"May 22, 2026";;;;Wait for Event;Export et envoi vers DATALAKE des blocages;;Job;No;0;No;CTMSRV;FINEXT_J20GEN_06_Q;EXPLOITATION;M_L_FIN12;M_L_FIN12;3sp43
FIN-FINANCE;FINEXT_J20GEN_06_Q;FINEXT_J20GEN_06_MOV01_Q;"May 22, 2026";;;;Wait for Event;FINANCE : Move du fichier DKA_EXP_FACTURE_ENTETE_ddMMYYYY-HHMMss.csv vers le NAS;MOV_OUT_Generique_DKA.ksh;Job;No;0;No;CTMSRV;FINEXT_J20GEN_06_Q;opfinbac;M_L_FIN12;M_L_FIN12;3sp45
FIN-FINANCE;FINEXT_J20GEN_06_Q;FINEXT_J20GEN_06_MOV02_Q;"May 22, 2026";;;;Wait for Event;FINANCE : Move du fichier DKA_EXP_FACTURE_LIGNE_ddMMYYYY-HHMMss.csv vers le NAS;MOV_OUT_Generique_DKA.ksh;Job;No;0;No;CTMSRV;FINEXT_J20GEN_06_Q;opfinbac;M_L_FIN12;M_L_FIN12;3sp44
FIN-FINANCE;FINEXT_J20GEN_06_Q;FINEXT_J20GEN_06_MOV03_Q;"May 22, 2026";;;;Wait for Event;FINANCE : Move du fichier DKA_EXP_FACTURE_LIGNE_ddMMYYYY-HHMMss.csv vers le NAS;MOV_OUT_Generique_DKA.ksh;Job;No;0;No;CTMSRV;FINEXT_J20GEN_06_Q;opfinbac;M_L_FIN12;M_L_FIN12;3sp46
FIN-FINANCE;FINEXT_J20GEN_06_Q;FINEXT_J20GEN_06_MOV04_Q;"May 22, 2026";;;;Wait for Event;FINANCE : Move du fichier DKA_EXP_BLOCAGE_ddMMYYYY-HHMMss.csv vers le NAS;MOV_OUT_Generique_DKA.ksh;Job;No;0;No;CTMSRV;FINEXT_J20GEN_06_Q;opfinbac;M_L_FIN12;M_L_FIN12;3sp47
FIN-FINANCE;FINEXT_J20GEN_06_Q;FINEXT_J20GEN_06_Q;"May 22, 2026";;;;Wait for Event;"FINANCE : Export des données fdes Entêtes; Lignes; blocages et Règlements de factures fournisseurs";;SMART Table;No;0;No;CTMSRV;FINEXT_J20GEN_06_Q;opfinbac;;;3sp41
FIN-FINANCE;FINEXT_J20INT_05_Q;FINEXT_J20INT_05_IMP01_Q;"May 22, 2026";;;;Wait for Event;IVALUA : Chargement CONTROL_DSP.CSV;;Job;No;0;No;CTMSRV;FINEXT_J20INT_05_Q;EXPLOITATION;M_L_FIN12;M_L_FIN12;3sop9
FIN-FINANCE;FINEXT_J20INT_05_Q;FINEXT_J20INT_05_IMP02_Q;"May 22, 2026";;;;Wait for Event;IVALUA : Chargement factures PO FLIP;;Job;No;0;No;CTMSRV;FINEXT_J20INT_05_Q;EXPLOITATION;M_L_FIN12;M_L_FIN12;3sopf
FIN-FINANCE;FINEXT_J20INT_05_Q;FINEXT_J20INT_05_MOV01_Q;"May 22, 2026";;;2220;Wait for Event;FINANCE : Move du fichier DKA.DSP.CONTROL.*.csv depuis la PFE;MOV_IN_Generique_DKA.ksh;Job;No;0;No;CTMSRV;FINEXT_J20INT_05_Q;opfinbac;M_L_FIN12;M_L_FIN12;3sop7
FIN-FINANCE;FINEXT_J20INT_05_Q;FINEXT_J20INT_05_MOV02_Q;"May 22, 2026";;;;Wait for Event;FINANCE : Move du fichier DKA.DSP.*.TR1 depuis la PFE;MOV_IN_Generique_DKA.ksh;Job;No;0;No;CTMSRV;FINEXT_J20INT_05_Q;opfinbac;M_L_FIN12;M_L_FIN12;3sopb
FIN-FINANCE;FINEXT_J20INT_05_Q;FINEXT_J20INT_05_MOV03_Q;"May 22, 2026";;;;Wait for Event;FINANCE : Move du fichier DKA.DSP.IMAGE depuis la PFE;MOV_IN_Generique_DKA.ksh;Job;No;0;No;CTMSRV;FINEXT_J20INT_05_Q;opfinbac;M_L_FIN12;M_L_FIN12;3sopd
FIN-FINANCE;FINEXT_J20INT_05_Q;FINEXT_J20INT_05_Q;"May 22, 2026";;;1114;Wait for Event;IVALUA : Chargement CONTROL_DSP.CSV;;SMART Table;No;0;No;CTMSRV;FINEXT_J20INT_05_Q;;;;3sop6
FIN-FINANCE;FINEXT_J20INT_05_Q;FINEXT_J20INT_05_WRK01_Q;"May 22, 2026";;;;Wait for Event;IVALUA : Contrôle de flux PO FLIP;;Job;No;0;No;CTMSRV;FINEXT_J20INT_05_Q;EXPLOITATION;M_L_FIN12;M_L_FIN12;3sopa
FIN-FINANCE;FINEXT_J20INT_05_Q;FINEXT_J20INT_05_ZIP01_Q;"May 22, 2026";;;;Wait for Event;FINANCE : Decompression du fichier DKA.DSP.IMAGE.*.zip;FINEXT_J20INT_05_ZIP01_Q.ksh;Job;No;0;No;CTMSRV;FINEXT_J20INT_05_Q;opfinbac;M_L_FIN12;M_L_FIN12;3sope
FIN-FINANCE;FINEXT_J20INT_05_Q;FINEXT_J20NT_05_CON01_Q;"May 22, 2026";;;;Wait for Event;FINANCE : Concatener les fichiers DKA.DSP.CONTROL*.csv en CONTROL_DSP.csv;FINEXT_J20INT_05_CON01_Q.ksh;Job;No;0;No;CTMSRV;FINEXT_J20INT_05_Q;opfinbac;M_L_FIN12;M_L_FIN12;3sop8
FIN-FINANCE;FINEXT_J20INT_05_Q;FINEXT_J20NT_05_CON02_Q;"May 22, 2026";;;;Wait for Event;FINANCE : Concatener les fichiers DKA.DSP.*.TR1 en DSP_DAL.csv;CON_Generique_DKA.ksh;Job;No;0;No;CTMSRV;FINEXT_J20INT_05_Q;opfinbac;M_L_FIN12;M_L_FIN12;3sopc
FIN-FINANCE;FINEXT_J21GEN_06_Q;FINEXT_J21GEN_06_EXP01_Q;"May 22, 2026";;;;Wait for Event;FINANCE : Campagne Prelevement (Q) : Remises en banque;;Job;No;0;No;CTMSRV;FINEXT_J21GEN_06_Q;EXPLOITATION;M_L_FIN12;M_L_FIN12;3snbi
FIN-FINANCE;FINEXT_J21GEN_06_Q;FINEXT_J21GEN_06_MOV01_Q;"May 22, 2026";;;;Wait for Event;FINANCE : Move du fichier DK*PCX*.txt vers le NAS;MOV_OUT_Generique_DKA.ksh;Job;No;0;No;CTMSRV;FINEXT_J21GEN_06_Q;opfinbac;M_L_FIN12;M_L_FIN12;3snbj
FIN-FINANCE;FINEXT_J21GEN_06_Q;FINEXT_J21GEN_06_Q;"May 22, 2026";;;;Wait for Event;FINANCE : Campagne Prelevement (Q) : Avis de prelevement;;SMART Table;No;0;No;CTMSRV;FINEXT_J21GEN_06_Q;opfinbac;;;3snbg
FIN-FINANCE;FINEXT_J21GEN_06_Q;FINEXT_J21GEN_06_WRK01_Q;"May 22, 2026";;;;Wait for Event;FINANCE : Campagne Prelevement (Q) : Avis de prelevement;;Job;No;0;No;CTMSRV;FINEXT_J21GEN_06_Q;EXPLOITATION;M_L_FIN12;M_L_FIN12;3snbh
FIN-FINANCE;FINEXT_J21GEN_06_Q;FINEXT_J21GEN_06_WRK02_Q;"May 22, 2026";;;;Wait for Event;FINANCE : Campagne Prélèvement (Q) : Etats de remise en banque et envoi aux régions;;Job;No;0;No;CTMSRV;FINEXT_J21GEN_06_Q;EXPLOITATION;M_L_FIN12;M_L_FIN12;3snbk
FIN-FINANCE;FINFIN_C18TRT_04_M;FINFIN_C18TRT_04_M;"May 22, 2026";;;;Wait for Event;"FINANCE : Prise en compte GL (Cloture) - L1; L2; L3; L4; L5; L6";;SMART Table;No;0;No;CTMSRV;FINFIN_C18TRT_04_M;opfinbac;;;3sosb
FIN-FINANCE;FINFIN_C1JTRT_04_M;FINFIN_C1JTRT_04_M;"May 22, 2026";;;;Wait for Event;FINANCE : Generation des Abonnements;;SMART Table;No;0;No;CTMSRV;FINFIN_C1JTRT_04_M;opfinbac;;;3so1y
FIN-FINANCE;FINFIN_C1JTRT_04_M;FINFIN_C1JTRT_04_WRK01_M;"May 22, 2026";;;;Wait for Event;Generation des Abonnements;;Job;No;0;No;CTMSRV;FINFIN_C1JTRT_04_M;EXPLOITATION;M_L_FIN12;M_L_FIN12;3so1z
FIN-FINANCE;FINFIN_C1STRT_04_M;FINFIN_C1STRT_04_M;"May 22, 2026";;;;Wait for Event;"FINANCE : Prise en compte GL (Cloture) - L2; L3; L4; L5; L6";;SMART Table;No;0;No;CTMSRV;FINFIN_C1STRT_04_M;opfinbac;;;3so69
FIN-FINANCE;FINFIN_C1STRT_04_M;FINFIN_C1STRT_04_WRK01_M;"May 22, 2026";;;;Wait for Event;Prise en compte GL (Cloture);;Job;No;0;No;CTMSRV;FINFIN_C1STRT_04_M;EXPLOITATION;M_L_FIN12;M_L_FIN12;3so6a
FIN-FINANCE;FINFIN_E11STP_01_Q;FINFIN_E11STP_01_ARR01_Q;"May 22, 2026";;;;Wait for Event;Fermeture TP R12 - Stop OHS no 1;ebsstop.ksh;Job;No;0;No;CTMSRV;FINFIN_E11STP_01_Q;opfinbac;A_L_FIN06;A_L_FIN06;3sot3
FIN-FINANCE;FINFIN_E11STP_01_Q;FINFIN_E11STP_01_ARR02_Q;"May 22, 2026";;;;Wait for Event;Fermeture TP R12 - Stop OHS no 2;ebsstop.ksh;Job;No;0;No;CTMSRV;FINFIN_E11STP_01_Q;opfinbac;A_L_FIN05;A_L_FIN05;3sot5
FIN-FINANCE;FINFIN_E11STP_01_Q;FINFIN_E11STP_01_ARR03_Q;"May 22, 2026";;;;Wait for Event;ARRET des MS sur le %%hostname;ebskillfmrweb.ksh;Job;No;0;No;CTMSRV;FINFIN_E11STP_01_Q;opfinbac;A_L_FIN03;A_L_FIN03;3sot6
FIN-FINANCE;FINFIN_E11STP_01_Q;FINFIN_E11STP_01_ARR04_Q;"May 22, 2026";;;;Wait for Event;ARRET des MS sur le %%hostname;ebskillfmrweb.ksh;Job;No;0;No;CTMSRV;FINFIN_E11STP_01_Q;opfinbac;A_L_FIN04;A_L_FIN04;3sot7
FIN-FINANCE;FINFIN_E11STP_01_Q;FINFIN_E11STP_01_ATP01_Q;"May 22, 2026";;;;Wait for Event;Fermeture TP R12 - Lock USERS;LOCK_USERS.ksh;Dummy;No;0;No;CTMSRV;FINFIN_E11STP_01_Q;opfinbac;NOTEXIST;NOTEXIST;3sot4
FIN-FINANCE;FINFIN_E11STP_01_Q;FINFIN_E11STP_01_Q;"May 22, 2026";;;;Wait for Event;FINANCE : Fermeture TP OracleR12;;SMART Table;No;0;No;CTMSRV;FINFIN_E11STP_01_Q;opfinbac;;;3sot1
FIN-FINANCE;FINFIN_E11STP_01_Q;FINFIN_E11STP_01_WRK01_Q;"May 22, 2026";;;;Wait for Event;Fermeture TP R12 - Flag TP;;Job;No;0;No;CTMSRV;FINFIN_E11STP_01_Q;EXPLOITATION;M_L_FIN12;M_L_FIN12;3sot2
FIN-FINANCE;FINFIN_E11STR_02_Q;FINFIN_E11STR_02_Q;"May 22, 2026";;;;Wait for Event;FINANCE : Ouverture TP OracleR12;;SMART Table;No;0;No;CTMSRV;FINFIN_E11STR_02_Q;opfinbac;;;3snxh
FIN-FINANCE;FINFIN_E12STR_02_Q;FINFIN_E12STR_02_DEM01_Q;"May 22, 2026";;;;Wait for Event;Ouverture TP R12 - Start OHS no 1;ebsstart.ksh;Job;No;0;No;CTMSRV;FINFIN_E12STR_02_Q;opfinbac;A_L_FIN06;A_L_FIN06;3soep
FIN-FINANCE;FINFIN_E12STR_02_Q;FINFIN_E12STR_02_DEM02_Q;"May 22, 2026";;;;Wait for Event;Ouverture TP R12 - Start OHS no 2;ebsstart.ksh;Job;No;0;No;CTMSRV;FINFIN_E12STR_02_Q;opfinbac;A_L_FIN05;A_L_FIN05;3soeo
FIN-FINANCE;FINFIN_E12STR_02_Q;FINFIN_E12STR_02_Q;"May 22, 2026";;;;Wait for Event;FINANCE : Ouverture TP OracleR12;;SMART Table;No;0;No;CTMSRV;FINFIN_E12STR_02_Q;opfinfrt;;;3soen
FIN-FINANCE;FINFIN_J11TEC_04_DEB01_Q;FINFIN_J11TEC_04_DEB01_Q;"May 22, 2026";;;;Wait for Event;FINANCE : Jalon Debut Finance;;SMART Table;No;0;No;CTMSRV;FINFIN_J11TEC_04_DEB01_Q;opfinbac;;;3sooo
FIN-FINANCE;FINFIN_J11TEC_04_DEB02_Q;FINFIN_J11TEC_04_DEB02_Q;"May 22, 2026";;;;Wait for Event;FINANCE : Jalon Debut Confirmation des règlements pour prélèvements;;SMART Table;No;0;No;CTMSRV;FINFIN_J11TEC_04_DEB02_Q;opfinbac;;;3snob
FIN-FINANCE;FINFIN_J11TEC_04_FCL01_Q;FINFIN_J11TEC_04_FCL01_Q;"May 22, 2026";;;;Wait for Event;FINANCE : Jalon fin Cloture;;SMART Table;No;0;No;CTMSRV;FINFIN_J11TEC_04_FCL01_Q;opfinbac;;;3sni2
FIN-FINANCE;FINFIN_J11TEC_04_FIN01_Q;FINFIN_J11TEC_04_FIN01_Q;"May 22, 2026";;;;Wait for Event;FINANCE : Jalon fin Finance;;SMART Table;No;0;No;CTMSRV;FINFIN_J11TEC_04_FIN01_Q;opfinbac;;;3sn73
FIN-FINANCE;FINFIN_J11TEC_04_FJA01_Q;FINFIN_J11TEC_04_FJA01_Q;"May 22, 2026";;;;Wait for Event;FINANCE : Debut des campagnes de reglements ();;SMART Table;No;0;No;CTMSRV;FINFIN_J11TEC_04_FJA01_Q;opfinbac;;;3so2y
FIN-FINANCE;FINFIN_J11TEC_04_FJA02_Q;FINFIN_J11TEC_04_FJA02_Q;"May 22, 2026";;;;Wait for Event;FINANCE : Jalon campagnes de reglements (Bloc 1);;SMART Table;No;0;No;CTMSRV;FINFIN_J11TEC_04_FJA02_Q;opfinbac;;;3sojv
FIN-FINANCE;FINFIN_J11TEC_04_FJA03_Q;FINFIN_J11TEC_04_FJA03_Q;"May 22, 2026";;;;Wait for Event;FINANCE : Jalon campagnes de reglements (Bloc 2);;SMART Table;No;0;No;CTMSRV;FINFIN_J11TEC_04_FJA03_Q;opfinbac;;;3sott
FIN-FINANCE;FINFIN_J11TEC_04_FJA04_Q;FINFIN_J11TEC_04_FJA04_Q;"May 22, 2026";;;;Wait for Event;FINANCE : Jalon Campagnes de reglements (Bloc 3);;SMART Table;No;0;No;CTMSRV;FINFIN_J11TEC_04_FJA04_Q;opfinbac;;;3snmq
FIN-FINANCE;FINFIN_J11TEC_04_FJA05_Q;FINFIN_J11TEC_04_FJA05_Q;"May 22, 2026";;;;Wait for Event;FINANCE : Jalon Campagnes de reglements (Bloc 4);;SMART Table;No;0;No;CTMSRV;FINFIN_J11TEC_04_FJA05_Q;opfinbac;;;3sn2s
FIN-FINANCE;FINFIN_J11TEC_04_FJA06_Q;FINFIN_J11TEC_04_FJA06_Q;"May 22, 2026";;;;Wait for Event;FINANCE : Fin des campagnes de reglements;;SMART Table;No;0;No;CTMSRV;FINFIN_J11TEC_04_FJA06_Q;opfinbac;;;3so7p
FIN-FINANCE;FINFIN_J11TEC_04_FJO01_Q;FINFIN_J11TEC_04_FJO01_Q;"May 22, 2026";;;;Wait for Event;FINANCE : Jalon fin Journaliere;;SMART Table;No;0;No;CTMSRV;FINFIN_J11TEC_04_FJO01_Q;opfinbac;;;3so6l
FIN-FINANCE;FINFIN_J11TEC_04_FPE01_Q;FINFIN_J11TEC_04_FPE01_Q;"May 22, 2026";;;;Wait for Event;FINANCE : Jalon fin des Periodique;;SMART Table;No;0;No;CTMSRV;FINFIN_J11TEC_04_FPE01_Q;opfinbac;;;3so0v
FIN-FINANCE;FINFIN_J11TEC_04_FRE01_Q;FINFIN_J11TEC_04_FRE01_Q;"May 22, 2026";;;;Wait for Event;FINANCE : Jalon fin Referentiel;;SMART Table;No;0;No;CTMSRV;FINFIN_J11TEC_04_FRE01_Q;opfinbac;;;3snrm
FIN-FINANCE;FINFIN_J12TEC_04_Q;FINFIN_J12TEC_04_PUR01_Q;"May 22, 2026";;;;Wait for Event;"Archivage des repertoires IN; OUT et OUT_SEPA";FINFIN_J12TEC_04_PUR01_Q.ksh;Job;No;0;No;CTMSRV;FINFIN_J12TEC_04_Q;opfinbac;M_L_FIN12;M_L_FIN12;3snvn
FIN-FINANCE;FINFIN_J12TEC_04_Q;FINFIN_J12TEC_04_PUR02_Q;"May 22, 2026";;;;Wait for Event;"Archivage des repertoires IN; OUT et OUT_SEPA";FINFIN_J12TEC_04_PUR01_Q.ksh;Job;No;0;No;CTMSRV;FINFIN_J12TEC_04_Q;opfinbac;M_L_FIN12;M_L_FIN12;3snvo
FIN-FINANCE;FINFIN_J12TEC_04_Q;FINFIN_J12TEC_04_Q;"May 22, 2026";"May 22, 2026 1:30:11 PM";;;Executing;"FINANCE : Archivage des repertoires IN; OUT et OUT_SEPA";;SMART Table;No;1;No;CTMSRV;FINFIN_J12TEC_04_Q;root;;;3snvm
FIN-FINANCE;FINFIN_J12TRT_04_Q;FINFIN_J12TRT_04_Q;"May 22, 2026";;;;Wait for Event;FINANCE : Prise en compte GL/AP/AR du jour;;SMART Table;No;0;No;CTMSRV;FINFIN_J12TRT_04_Q;opfinbac;;;3smpq
FIN-FINANCE;FINFIN_J12TRT_04_Q;FINFIN_J12TRT_04_WRK01_Q;"May 22, 2026";;;;Wait for Event;Prise en compte AR du jour;;Job;No;0;No;CTMSRV;FINFIN_J12TRT_04_Q;EXPLOITATION;M_L_FIN12;M_L_FIN12;3smpr
FIN-FINANCE;FINFIN_J12TRT_04_Q;FINFIN_J12TRT_04_WRK02_Q;"May 22, 2026";;;;Wait for Event;Prise en compte AP du jour;;Job;No;0;No;CTMSRV;FINFIN_J12TRT_04_Q;EXPLOITATION;M_L_FIN12;M_L_FIN12;3smps
FIN-FINANCE;FINFIN_J12TRT_04_Q;FINFIN_J12TRT_04_WRK03_Q;"May 22, 2026";;;;Wait for Event;Prise en compte GL du jour;;Job;No;0;No;CTMSRV;FINFIN_J12TRT_04_Q;EXPLOITATION;M_L_FIN12;M_L_FIN12;3smpt
FIN-FINANCE;FINFIN_J12TRT_04_Q;FINFIN_J12TRT_04_WRK04_Q;"May 22, 2026";;;;Wait for Event;Prise en compte AR du jour;;Job;No;0;No;CTMSRV;FINFIN_J12TRT_04_Q;EXPLOITATION;M_L_FIN12;M_L_FIN12;3smpu
FIN-FINANCE;FINFIN_J12TRT_04_Q;FINFIN_J12TRT_04_WRK05_Q;"May 22, 2026";;;;Wait for Event;Prise en compte AR du jour;;Job;No;0;No;CTMSRV;FINFIN_J12TRT_04_Q;EXPLOITATION;M_L_FIN12;M_L_FIN12;3smpv
FIN-FINANCE;FINFIN_J13TRT_04_H;FINFIN_J13TRT_04_H;"May 22, 2026";;;;Wait for Event;FINANCE : Echeancier provisoire EMPLOYES;;SMART Table;No;0;No;CTMSRV;FINFIN_J13TRT_04_H;opfinbac;;;3sn1w
FIN-FINANCE;FINFIN_J13TRT_04_H;FINFIN_J13TRT_04_WRK01_H;"May 22, 2026";;;;Wait for Event;FINANCE : Echeancier provisoire EMPLOYES;;Job;No;0;No;CTMSRV;FINFIN_J13TRT_04_H;EXPLOITATION;M_L_FIN12;M_L_FIN12;3sn1x
FIN-FINANCE;FINFIN_J13TRT_04_Q;FINFIN_J13TRT_04_Q;"May 22, 2026";;;;Wait for Event;FINANCE : Workflow validation factures;;SMART Table;No;0;No;CTMSRV;FINFIN_J13TRT_04_Q;opfinbac;;;3smsq
FIN-FINANCE;FINFIN_J13TRT_04_Q;FINFIN_J13TRT_04_WRK01_Q;"May 22, 2026";;;;Wait for Event;FINANCE : Workflow validation factures;;Job;No;0;No;CTMSRV;FINFIN_J13TRT_04_Q;EXPLOITATION;M_L_FIN12;M_L_FIN12;3smsr
FIN-FINANCE;FINFIN_J13TRT_04_Q;FINFIN_J13TRT_04_WRK02_Q;"May 22, 2026";;;;Wait for Event;FINANCE : Approbation auto des notifications;;Job;No;0;No;CTMSRV;FINFIN_J13TRT_04_Q;EXPLOITATION;M_L_FIN12;M_L_FIN12;3smss
FIN-FINANCE;FINFIN_J13TRT_04_Q;FINFIN_J13TRT_04_WRK03_Q;"May 22, 2026";;;;Wait for Event;FINANCE : Workflow en arriere plan DKACSP;;Job;No;0;No;CTMSRV;FINFIN_J13TRT_04_Q;EXPLOITATION;M_L_FIN12;M_L_FIN12;3smst
FIN-FINANCE;FINFIN_J13TRT_04_Q;FINFIN_J13TRT_04_WRK04_Q;"May 22, 2026";;;;Wait for Event;FINANCE : Reporting des mvts sans image;;Job;No;0;No;CTMSRV;FINFIN_J13TRT_04_Q;EXPLOITATION;M_L_FIN12;M_L_FIN12;3smsu
FIN-FINANCE;FINFIN_J13TRT_04_Q;FINFIN_J13TRT_04_WRK05_Q;"May 22, 2026";;;;Wait for Event;FINANCE : Suivi des notifications ouvertes;;Job;No;0;No;CTMSRV;FINFIN_J13TRT_04_Q;EXPLOITATION;M_L_FIN12;M_L_FIN12;3smsy
FIN-FINANCE;FINFIN_J13TRT_04_Q;FINFIN_J13TRT_04_WRK06_Q;"May 22, 2026";;;;Wait for Event;FINANCE : Purge des workflow obsoletes;;Job;No;0;No;CTMSRV;FINFIN_J13TRT_04_Q;EXPLOITATION;M_L_FIN12;M_L_FIN12;3smsv
FIN-FINANCE;FINFIN_J13TRT_04_Q;FINFIN_J13TRT_04_WRK07_Q;"May 22, 2026";;;;Wait for Event;FINANCE : Automatisation des etapes d'encaissement;;Job;No;0;No;CTMSRV;FINFIN_J13TRT_04_Q;EXPLOITATION;M_L_FIN12;M_L_FIN12;3smsw
FIN-FINANCE;FINFIN_J13TRT_04_Q;FINFIN_J13TRT_04_WRK08_Q;"May 22, 2026";;;;Wait for Event;FINANCE : Annulation des notifications obsoletes CSP;;Job;No;0;No;CTMSRV;FINFIN_J13TRT_04_Q;EXPLOITATION;M_L_FIN12;M_L_FIN12;3smsx
FIN-FINANCE;FINFIN_J14TRT_04_Q;FINFIN_J14TRT_04_Q;"May 22, 2026";;;;Wait for Event;FINANCE : Importation des donnees GL dans RB;;SMART Table;No;0;No;CTMSRV;FINFIN_J14TRT_04_Q;opfinbac;;;3snhd
FIN-FINANCE;FINFIN_J14TRT_04_Q;FINFIN_J14TRT_04_WRK01_Q;"May 22, 2026";;;;Wait for Event;RB : Importation des donnees GL dans RB;;Job;No;0;No;CTMSRV;FINFIN_J14TRT_04_Q;EXPLOITATION;M_L_FIN12;M_L_FIN12;3snhe
FIN-FINANCE;FINFIN_J15TRT_04_Q;FINFIN_J15TRT_04_Q;"May 22, 2026";;;;Wait for Event;FINANCE : Rapprochement bancaire automatique;;SMART Table;No;0;No;CTMSRV;FINFIN_J15TRT_04_Q;opfinbac;;;3so5v
FIN-FINANCE;FINFIN_J15TRT_04_Q;FINFIN_J15TRT_04_WRK01_Q;"May 22, 2026";;;1300;Wait for Event;RB : rapprochement automatique;;Job;No;0;Yes;CTMSRV;FINFIN_J15TRT_04_Q;EXPLOITATION;M_L_FIN12;M_L_FIN12;3so5w
FIN-FINANCE;FINFIN_J17TRT_04_Q;FINFIN_J17TRT_04_Q;"May 22, 2026";;;;Wait for Event;FINANCE : Securisation du workflow POAPPRV/REQAPPRV;;SMART Table;No;0;No;CTMSRV;FINFIN_J17TRT_04_Q;opfinbac;;;3som3
FIN-FINANCE;FINFIN_J17TRT_04_Q;FINFIN_J17TRT_04_WRK01_Q;"May 22, 2026";;;;Wait for Event;WF : Securisation du workflow POAPPRV;;Job;No;0;No;CTMSRV;FINFIN_J17TRT_04_Q;EXPLOITATION;M_L_FIN12;M_L_FIN12;3som4
FIN-FINANCE;FINFIN_J17TRT_04_Q;FINFIN_J17TRT_04_WRK02_Q;"May 22, 2026";;;;Wait for Event;WF : Securisation du workflow REQAPPRV;;Job;No;0;No;CTMSRV;FINFIN_J17TRT_04_Q;EXPLOITATION;M_L_FIN12;M_L_FIN12;3som5
FIN-FINANCE;FINFIN_J18TRT_04_Q;FINFIN_J18TRT_04_IMP02_Q;"May 22, 2026";"May 22, 2026 1:45:00 PM";;1900;Executing;Import des projets dans PA (Apres-midi);;Job;No;2;Yes;CTMSRV;FINFIN_J18TRT_04_Q;EXPLOITATION;ldkfinp01;M_L_FIN12;3solc
FIN-FINANCE;FINFIN_J18TRT_04_Q;FINFIN_J18TRT_04_Q;"May 22, 2026";"May 22, 2026 1:30:11 PM";;;Executing;FINANCE : Import des projets dans PA;;SMART Table;No;1;No;CTMSRV;FINFIN_J18TRT_04_Q;opfinbac;;;3solb
FIN-FINANCE;FINFIN_J19TRT_04_Q;FINFIN_J19TRT_04_Q;"May 22, 2026";;;;Wait for Event;FINANCE : Extraction des status factures AP;;SMART Table;No;0;No;CTMSRV;FINFIN_J19TRT_04_Q;opfinbac;;;3sntg
FIN-FINANCE;FINFIN_J19TRT_04_Q;FINFIN_J19TRT_04_WRK01_Q;"May 22, 2026";;;;Wait for Event;Extraction des status factures AP;;Job;No;0;No;CTMSRV;FINFIN_J19TRT_04_Q;EXPLOITATION;M_L_FIN12;M_L_FIN12;3snth
FIN-FINANCE;FINFIN_J1OTRT_04_M;FINFIN_J1OTRT_04_CTL01_M;"May 22, 2026";;;;Wait for Event;FINANCE : Controle de pre-cloture - AMONTS;;Job;No;0;No;CTMSRV;FINFIN_J1OTRT_04_M;EXPLOITATION;M_L_FIN12;M_L_FIN12;3sp1h
FIN-FINANCE;FINFIN_J1OTRT_04_M;FINFIN_J1OTRT_04_CTL02_M;"May 22, 2026";;;;Wait for Event;FINANCE : Controle de pre-cloture - AP;;Job;No;0;No;CTMSRV;FINFIN_J1OTRT_04_M;EXPLOITATION;M_L_FIN12;M_L_FIN12;3sp1i
FIN-FINANCE;FINFIN_J1OTRT_04_M;FINFIN_J1OTRT_04_CTL03_M;"May 22, 2026";;;;Wait for Event;FINANCE : Controle de pre-cloture - AR;;Job;No;0;No;CTMSRV;FINFIN_J1OTRT_04_M;EXPLOITATION;M_L_FIN12;M_L_FIN12;3sp1j
FIN-FINANCE;FINFIN_J1OTRT_04_M;FINFIN_J1OTRT_04_CTL04_M;"May 22, 2026";;;;Wait for Event;FINANCE : Controle de pre-cloture - DIVERS;;Job;No;0;No;CTMSRV;FINFIN_J1OTRT_04_M;EXPLOITATION;M_L_FIN12;M_L_FIN12;3sp1k
FIN-FINANCE;FINFIN_J1OTRT_04_M;FINFIN_J1OTRT_04_CTL06_M;"May 22, 2026";;;;Wait for Event;FINANCE : Controle de pre-cloture - GL;;Job;No;0;No;CTMSRV;FINFIN_J1OTRT_04_M;EXPLOITATION;M_L_FIN12;M_L_FIN12;3sp1l
FIN-FINANCE;FINFIN_J1OTRT_04_M;FINFIN_J1OTRT_04_CTL07_M;"May 22, 2026";;;;Wait for Event;FINANCE : Controle de pre-cloture - PA;;Job;No;0;No;CTMSRV;FINFIN_J1OTRT_04_M;EXPLOITATION;M_L_FIN12;M_L_FIN12;3sp1m
FIN-FINANCE;FINFIN_J1OTRT_04_M;FINFIN_J1OTRT_04_CTL08_M;"May 22, 2026";;;;Wait for Event;FINANCE : Controle de pre-cloture - PO;;Job;No;0;No;CTMSRV;FINFIN_J1OTRT_04_M;EXPLOITATION;M_L_FIN12;M_L_FIN12;3sp1n
FIN-FINANCE;FINFIN_J1OTRT_04_M;FINFIN_J1OTRT_04_CTL09_M;"May 22, 2026";;;;Wait for Event;FINANCE : Controle de pre-cloture - REFAC;;Job;No;0;No;CTMSRV;FINFIN_J1OTRT_04_M;EXPLOITATION;M_L_FIN12;M_L_FIN12;3sp1o
FIN-FINANCE;FINFIN_J1OTRT_04_M;FINFIN_J1OTRT_04_CTL10_M;"May 22, 2026";;;;Wait for Event;FINANCE : Controle de pre-cloture - SLA;;Job;No;0;No;CTMSRV;FINFIN_J1OTRT_04_M;EXPLOITATION;M_L_FIN12;M_L_FIN12;3sp1p
FIN-FINANCE;FINFIN_J1OTRT_04_M;FINFIN_J1OTRT_04_M;"May 22, 2026";;;;Wait for Event;FINANCE : Controles pre-cloture;;SMART Table;No;0;No;CTMSRV;FINFIN_J1OTRT_04_M;opfinbac;;;3sp1g
FIN-FINANCE;FINFIN_J20TRT_04_Q;FINFIN_J20TRT_04_Q;"May 22, 2026";;;;Wait for Event;FINANCE : Prise en compte FA du jour;;SMART Table;No;0;No;CTMSRV;FINFIN_J20TRT_04_Q;opfinbac;;;3sogg
FIN-FINANCE;FINFIN_J20TRT_04_Q;FINFIN_J20TRT_04_WRK01_Q;"May 22, 2026";;;;Wait for Event;Prise en compte FA du jour;;Job;No;0;No;CTMSRV;FINFIN_J20TRT_04_Q;EXPLOITATION;M_L_FIN12;M_L_FIN12;3sogh
FIN-FINANCE;FINFIN_J21TRT_04_Q;FINFIN_J21TRT_04_Q;"May 22, 2026";;;;Wait for Event;FINANCE : Chargement catalogue;;SMART Table;No;0;No;CTMSRV;FINFIN_J21TRT_04_Q;opfinbac;;;3snu4
FIN-FINANCE;FINFIN_J21TRT_04_Q;FINFIN_J21TRT_04_WRK01_Q;"May 22, 2026";;;;Wait for Event;FINANCE : Chargement catalogue;;Job;No;0;No;CTMSRV;FINFIN_J21TRT_04_Q;EXPLOITATION;M_L_FIN12;M_L_FIN12;3snu5
FIN-FINANCE;FINFIN_J22TRT_04_Q;FINFIN_J22TRT_04_Q;"May 22, 2026";"May 22, 2026 1:30:10 PM";;;Executing;FINANCE : Duplication des sites fournisseurs;;SMART Table;No;1;No;CTMSRV;FINFIN_J22TRT_04_Q;opfinbac;;;3snmz
FIN-FINANCE;FINFIN_J22TRT_04_Q;FINFIN_J22TRT_04_WRK02_Q;"May 22, 2026";"May 22, 2026 1:45:00 PM";;1900;Executing;FINANCE : Duplication des sites fournisseurs (midi);;Job;No;2;Yes;CTMSRV;FINFIN_J22TRT_04_Q;EXPLOITATION;ldkfinp11;M_L_FIN12;3snn0
FIN-FINANCE;FINFIN_J23TRT_04_Q;FINFIN_J23TRT_04_WRK01_Q;"May 22, 2026";;;;Wait for Event;lettrage a ZERO dans le module AR;;Job;No;0;No;CTMSRV;FINFIN_J23TRT_04_Q;EXPLOITATION;M_L_FIN12;M_L_FIN12;3snjq
FIN-FINANCE;FINFIN_J23TRT_06_Q;FINFIN_J23TRT_06_CTL01_Q;"May 22, 2026";;;;Wait for Event;REFERENTIEL: Extraction SQL MOA - AP;;Job;No;0;No;CTMSRV;FINFIN_J23TRT_06_Q;EXPLOITATION;M_L_FIN12;M_L_FIN12;3sogw
FIN-FINANCE;FINFIN_J23TRT_06_Q;FINFIN_J23TRT_06_CTL02_Q;"May 22, 2026";;;;Wait for Event;REFERENTIEL: Extraction SQL MOA - AR;;Job;No;0;No;CTMSRV;FINFIN_J23TRT_06_Q;EXPLOITATION;M_L_FIN12;M_L_FIN12;3sogx
FIN-FINANCE;FINFIN_J23TRT_06_Q;FINFIN_J23TRT_06_CTL03_Q;"May 22, 2026";;;;Wait for Event;REFERENTIEL: Extraction SQL MOA - GL;;Job;No;0;No;CTMSRV;FINFIN_J23TRT_06_Q;EXPLOITATION;M_L_FIN12;M_L_FIN12;3sogy
FIN-FINANCE;FINFIN_J23TRT_06_Q;FINFIN_J23TRT_06_CTL04_Q;"May 22, 2026";;;;Wait for Event;REFERENTIEL: Extraction SQL MOA - CSP;;Job;No;0;No;CTMSRV;FINFIN_J23TRT_06_Q;EXPLOITATION;M_L_FIN12;M_L_FIN12;3sogz
FIN-FINANCE;FINFIN_J23TRT_06_Q;FINFIN_J23TRT_06_Q;"May 22, 2026";"May 22, 2026 1:30:11 PM";;;Executing;REFERENTIEL : Extraction SQL MOA;;SMART Table;No;1;No;CTMSRV;FINFIN_J23TRT_06_Q;opfinbac;;;3sogv
FIN-FINANCE;FINFIN_J32TRT_05_Q;FINFIN_J32TRT_05_Q;"May 22, 2026";"May 22, 2026 1:30:11 PM";;;Executing;;;SMART Table;No;1;No;CTMSRV;FINFIN_J32TRT_05_Q;;;;3so9o
FIN-FINANCE;FINFIN_J32TRT_05_Q;FINFIN_J32TRT_05_WRK01_Q;"May 22, 2026";;;;Wait for Event;Automatisation des prélèvements fournisseurs - Sélection références bancaires;;Job;No;0;No;CTMSRV;FINFIN_J32TRT_05_Q;EXPLOITATION;M_L_FIN12;M_L_FIN12;3so9p
FIN-FINANCE;FINFIN_J32TRT_05_Q;FINFIN_J32TRT_05_WRK02_Q;"May 22, 2026";;;;Wait for Event;Automatisation des prélèvements fournisseurs - Recherche factures;;Job;No;0;No;CTMSRV;FINFIN_J32TRT_05_Q;EXPLOITATION;M_L_FIN12;M_L_FIN12;3so9q
FIN-FINANCE;FINFIN_J32TRT_05_Q;FINFIN_J32TRT_05_WRK03_Q;"May 22, 2026";;;;Wait for Event;Automatisation des prélèvements fournisseurs - Création règlements;;Job;No;0;No;CTMSRV;FINFIN_J32TRT_05_Q;EXPLOITATION;M_L_FIN12;M_L_FIN12;3so9r
FIN-FINANCE;FINFIN_J32TRT_05_Q;FINFIN_J32TRT_05_WRK04_Q;"May 22, 2026";;;;Wait for Event;Automatisation des prélèvements fournisseurs - Comptabilisation règlements;;Job;No;0;No;CTMSRV;FINFIN_J32TRT_05_Q;EXPLOITATION;M_L_FIN12;M_L_FIN12;3so9s
FIN-FINANCE;FINFIN_J32TRT_05_Q;FINFIN_J32TRT_05_WRK05_Q;"May 22, 2026";;;;Wait for Event;Automatisation des prélèvements fournisseurs - Ajout référence lettrage;;Job;No;0;No;CTMSRV;FINFIN_J32TRT_05_Q;EXPLOITATION;M_L_FIN12;M_L_FIN12;3so9t
FIN-FINANCE;FINFIN_J32TRT_05_Q;FINFIN_J32TRT_05_WRK06_Q;"May 22, 2026";;;;Wait for Event;Automatisation des prélèvements fournisseurs - Génération des états et envoi par mail;;Job;No;0;No;CTMSRV;FINFIN_J32TRT_05_Q;EXPLOITATION;M_L_FIN12;M_L_FIN12;3so9u
FIN-FINANCE;FINFIN_J33TRT_04_Q;FINFIN_J33TRT_04_Q;"May 22, 2026";"May 22, 2026 1:30:10 PM";;;Executing;;;SMART Table;No;1;No;CTMSRV;FINFIN_J33TRT_04_Q;;;;3soye
FIN-FINANCE;FINFIN_J33TRT_04_Q;FINFIN_J33TRT_04_WRK01_Q;"May 22, 2026";;;;Wait for Event;"Collecter les statistiques de la table AP; AP_INVOICES_INTERFACE";;Job;No;0;No;CTMSRV;FINFIN_J33TRT_04_Q;EXPLOITATION;M_L_FIN12;M_L_FIN12;3soyf
FIN-FINANCE;FINFIN_J33TRT_04_Q;FINFIN_J33TRT_04_WRK02_Q;"May 22, 2026";;;;Wait for Event;"Collecter les statistiques de la table AP; AP_INVOICES_ALL";;Job;No;0;No;CTMSRV;FINFIN_J33TRT_04_Q;EXPLOITATION;M_L_FIN12;M_L_FIN12;3soyg
FIN-FINANCE;FINFIN_J33TRT_04_Q;FINFIN_J33TRT_04_WRK03_Q;"May 22, 2026";;;;Wait for Event;Collecter les statistiques du schéma  APPLSYS;;Job;No;0;No;CTMSRV;FINFIN_J33TRT_04_Q;EXPLOITATION;M_L_FIN12;M_L_FIN12;3soyh
FIN-FINANCE;FINFIN_J35TRT_04_H;FINFIN_J35TRT_04_H;"May 22, 2026";"May 22, 2026 1:30:11 PM";"May 22, 2026 1:30:15 PM";;Ended OK;;;SMART Table;No;1;No;CTMSRV;FINFIN_J35TRT_04_H;;;;3snxr
FIN-FINANCE;FINFIN_J36TRT_04_H;FINFIN_J36TRT_04_H;"May 22, 2026";"May 22, 2026 1:30:11 PM";;;Executing;;;SMART Table;No;1;No;CTMSRV;FINFIN_J36TRT_04_H;;;;3soth
FIN-FINANCE;FINFIN_J36TRT_04_H;FINFIN_J36TRT_04_WRK01_H;"May 22, 2026";;;;Wait for Event;FINANCE - Solde des avoirs a Rembourser dans AR et de créer dans AP une Demande de règlement pour faire le virement Client -D5 D11 L5;;Job;No;0;No;CTMSRV;FINFIN_J36TRT_04_H;EXPLOITATION;M_L_FIN12;M_L_FIN12;3soti
FIN-FINANCE;FINFIN_J36TRT_04_H;FINFIN_J36TRT_04_WRK02_H;"May 22, 2026";;;;Wait for Event;FINANCE - Envoi  mail aux régions avec les Rembts avoirs validés par le Resp Recouvrement -D5 D11 L5;;Job;No;0;No;CTMSRV;FINFIN_J36TRT_04_H;EXPLOITATION;M_L_FIN12;M_L_FIN12;3sotj
FIN-FINANCE;FINHEC_J11GEN_06_Q;FINHEC_J11GEN_06_EXP01_Q;"May 22, 2026";;;;Wait for Event;FINANCE : Interface des engages vers Hercule;;Job;No;0;No;CTMSRV;FINHEC_J11GEN_06_Q;EXPLOITATION;M_L_FIN12;M_L_FIN12;3sne8
FIN-FINANCE;FINHEC_J11GEN_06_Q;FINHEC_J11GEN_06_MOV01_Q;"May 22, 2026";;;;Wait for Event;FINANCE : Move du fichier Engages_ORACLE_*.zip vers le NAS;MOV_OUT_Generique_DKA.ksh;Job;No;0;No;CTMSRV;FINHEC_J11GEN_06_Q;opfinbac;M_L_FIN12;M_L_FIN12;3sne9
FIN-FINANCE;FINHEC_J11GEN_06_Q;FINHEC_J11GEN_06_Q;"May 22, 2026";;;;Wait for Event;FINANCE : Interface des engages vers Hercule;;SMART Table;No;0;No;CTMSRV;FINHEC_J11GEN_06_Q;opfinbac;;;3sne7
FIN-FINANCE;FINHEC_J13GEN_06_M;FINHEC_J13GEN_06_M;"May 22, 2026";"May 22, 2026 1:30:12 PM";"May 22, 2026 1:30:15 PM";;Ended OK;FINANCE EXPORT Encaissement Client D1 D8 L7 L1;;SMART Table;No;1;No;CTMSRV;FINHEC_J13GEN_06_M;opfinbac;;;3sp2f
FIN-FINANCE;FINHEC_J13GEN_06_Q;FINHEC_J13GEN_06_EXP01_Q;"May 22, 2026";;;;Wait for Event;FINANCE : Interface Export des encaissements clients vers Hercule (Quotidien);;Job;No;0;No;CTMSRV;FINHEC_J13GEN_06_Q;EXPLOITATION;M_L_FIN12;M_L_FIN12;3snga
FIN-FINANCE;FINHEC_J13GEN_06_Q;FINHEC_J13GEN_06_MOV01_Q;"May 22, 2026";;;;Wait for Event;FINANCE : Move du fichier ENCAISSEMENTS_CLIENTS_*.csv vers le NAS PFE (Quotidien);MOV_OUT_Generique_DKA.ksh;Job;No;0;No;CTMSRV;FINHEC_J13GEN_06_Q;opfinbac;M_L_FIN12;M_L_FIN12;3sngb
FIN-FINANCE;FINHEC_J13GEN_06_Q;FINHEC_J13GEN_06_Q;"May 22, 2026";"May 22, 2026 1:30:10 PM";;;Executing;FINANCE EXPORT Encaissement Client - Quotidien;;SMART Table;No;1;No;CTMSRV;FINHEC_J13GEN_06_Q;;;;3sng9
FIN-FINANCE;FINSIC_J11INT_05_Q;FINSIC_J11INT_05_IMP01_Q;"May 22, 2026";;;;Wait for Event;Importation des clients;;Job;No;0;No;CTMSRV;FINSIC_J11INT_05_Q;EXPLOITATION;M_L_FIN12;M_L_FIN12;3sobg
FIN-FINANCE;FINSIC_J11INT_05_Q;FINSIC_J11INT_05_Q;"May 22, 2026";;;;Wait for Event;FINANCE : Importation des clients;;SMART Table;No;0;No;CTMSRV;FINSIC_J11INT_05_Q;opfinbac;;;3sobf
FIN-FINANCE;FINXXX_J11GEN_06_Q;FINXXX_J11GEN_06_EXP01_Q;"May 22, 2026";;;;Wait for Event;Export Fournisseur (Delta);;Job;No;0;No;CTMSRV;FINXXX_J11GEN_06_Q;EXPLOITATION;M_L_FIN12;M_L_FIN12;3sn56
FIN-FINANCE;FINXXX_J11GEN_06_Q;FINXXX_J11GEN_06_MOV01_Q;"May 22, 2026";;;;Wait for Event;FINANCE : Move le flux FOURNISSEURS_*DELTA* vers EAI;MOV_OUT_Generique_DKA.ksh;Job;No;0;No;CTMSRV;FINXXX_J11GEN_06_Q;opfinbac;M_L_FIN12;M_L_FIN12;3sn57
FIN-FINANCE;FINXXX_J11GEN_06_Q;FINXXX_J11GEN_06_Q;"May 22, 2026";;;;Wait for Event;FINANCE : Export Fournisseur (Delta);;SMART Table;No;0;No;CTMSRV;FINXXX_J11GEN_06_Q;opfinbac;;;3sn55
FIN-FINANCE;FINXXX_J11INT_05_Q;FINXXX_J11INT_05_IMP01_Q;"May 22, 2026";;;;Wait for Event;Import factures AP;;Job;No;0;No;CTMSRV;FINXXX_J11INT_05_Q;EXPLOITATION;M_L_FIN12;M_L_FIN12;3snrd
FIN-FINANCE;FINXXX_J11INT_05_Q;FINXXX_J11INT_05_Q;"May 22, 2026";;;;Wait for Event;FINANCE : Import factures AP;;SMART Table;No;0;No;CTMSRV;FINXXX_J11INT_05_Q;opfinbac;;;3snrc
FIN-FINANCE;FINXXX_J12INT_05_Q;FINXXX_J12INT_05_IMP01_Q;"May 22, 2026";;;;Wait for Event;Importation des donnees GL_INTERFACE;;Job;No;0;No;CTMSRV;FINXXX_J12INT_05_Q;EXPLOITATION;M_L_FIN12;M_L_FIN12;3sog2
FIN-FINANCE;FINXXX_J12INT_05_Q;FINXXX_J12INT_05_Q;"May 22, 2026";;;;Wait for Event;FINANCE : Importation des données GL_INTERFACE;;SMART Table;No;0;No;CTMSRV;FINXXX_J12INT_05_Q;opfinbac;;;3sog1
FIN-FINANCE;FINXXX_J13INT_05_Q;FINXXX_J13INT_05_IMP01_Q;"May 22, 2026";;;;Wait for Event;Import Factures Clients AR;;Job;No;0;No;CTMSRV;FINXXX_J13INT_05_Q;EXPLOITATION;M_L_FIN12;M_L_FIN12;3sok1
FIN-FINANCE;FINXXX_J13INT_05_Q;FINXXX_J13INT_05_Q;"May 22, 2026";;;;Wait for Event;FINANCE : Import Factures Clients AR;;SMART Table;No;0;No;CTMSRV;FINXXX_J13INT_05_Q;opfinbac;;;3sok0
FIN-FINANCE;FINXXX_J14INT_05_Q;FINXXX_J14INT_05_MOV01_Q;"May 22, 2026";;;;Wait for Event;FINANCE : MOV du fichier MAG_DAL*.zip.;MOV_IN_Generique_DKA.ksh;Job;No;0;No;CTMSRV;FINXXX_J14INT_05_Q;opfinbac;M_L_FIN12;M_L_FIN12;3sov9
FIN-FINANCE;FINXXX_J14INT_05_Q;FINXXX_J14INT_05_MOV02_Q;"May 22, 2026";;;;Wait for Event;FINANCE : Move du fichier aladin_tif_*  de NAS;MOV_IN_Generique_DKA.ksh;Job;No;0;No;CTMSRV;FINXXX_J14INT_05_Q;opfinbac;M_L_FIN12;M_L_FIN12;3sov7
FIN-FINANCE;FINXXX_J14INT_05_Q;FINXXX_J14INT_05_MOV03_Q;"May 22, 2026";;;;Wait for Event;FINANCE : Move du fichier PRN01_SRC_FACTURESFOURNISSEURS_*.zip  de NAS;MOV_IN_Generique_DKA.ksh;Job;No;0;No;CTMSRV;FINXXX_J14INT_05_Q;opfinbac;M_L_FIN12;M_L_FIN12;3sovb
FIN-FINANCE;FINXXX_J14INT_05_Q;FINXXX_J14INT_05_Q;"May 22, 2026";;;;Wait for Event;FINANCE : Rattachement des images XEROX/ALADIN;;SMART Table;No;0;No;CTMSRV;FINXXX_J14INT_05_Q;opfinbac;;;3sov4
FIN-FINANCE;FINXXX_J14INT_05_Q;FINXXX_J14INT_05_WRK01_Q;"May 22, 2026";;;;Wait for Event;Rattachement des images XEROX - Tradeshift;;Job;No;0;No;CTMSRV;FINXXX_J14INT_05_Q;EXPLOITATION;M_L_FIN12;M_L_FIN12;3sov5
FIN-FINANCE;FINXXX_J14INT_05_Q;FINXXX_J14INT_05_WRK02_Q;"May 22, 2026";;;;Wait for Event;Rattachement des images ALADIN;;Job;No;0;No;CTMSRV;FINXXX_J14INT_05_Q;EXPLOITATION;M_L_FIN12;M_L_FIN12;3sov6
FIN-FINANCE;FINXXX_J14INT_05_Q;FINXXX_J14INT_05_ZIP01_Q;"May 22, 2026";;;;Wait for Event;FINANCE : Decompression du fichiers MAG_DAL*.zip;FINXXX_J14INT_05_ZIP01_Q.ksh;Job;No;0;No;CTMSRV;FINXXX_J14INT_05_Q;opfinbac;M_L_FIN12;M_L_FIN12;3sova
FIN-FINANCE;FINXXX_J14INT_05_Q;FINXXX_J14INT_05_ZIP02_Q;"May 22, 2026";;;;Wait for Event;FINANCE : Decompression du fichiers aladin_tif_*.zip;FINXXX_J14INT_05_ZIP02V02_Q.new.ksh;Job;No;0;No;CTMSRV;FINXXX_J14INT_05_Q;opfinbac;M_L_FIN12;M_L_FIN12;3sov8
FIN-FINANCE;FINXXX_J14INT_05_Q;FINXXX_J14INT_05_ZIP03_Q;"May 22, 2026";;;;Wait for Event;FINANCE : Decompression du fichiers PRN01_SRC_FACTURESFOURNISSEURS_*.zip;FINXXX_J14INT_05_ZIP03V2_Q.ksh;Job;No;0;No;CTMSRV;FINXXX_J14INT_05_Q;opfinbac;M_L_FIN12;M_L_FIN12;3sovc
GDC-GESTION CONSIGNE;GDCREF_J11INT_05_Q;GDCREF_J11INT_05_DEL01_Q;"May 22, 2026";;;;Wait for Event;Consignes : Menage A00YH.dat suite traitement ok;GDCREF_J11INT_05_DEL00_Q.ksh;Job;No;0;No;CTMSRV;GDCREF_J11INT_05_Q;dispatch;NOTEXIST;NOTEXIST;3smzg
GDC-GESTION CONSIGNE;GDCREF_J11INT_05_Q;GDCREF_J11INT_05_DEL02_Q;"May 22, 2026";;;;Wait for Event;Consignes : Menage A00YG.dat suite traitement ok;GDCREF_J11INT_05_DEL00_Q.ksh;Job;No;0;No;CTMSRV;GDCREF_J11INT_05_Q;dispatch;NOTEXIST;NOTEXIST;3smzh
GDC-GESTION CONSIGNE;GDCREF_J11INT_05_Q;GDCREF_J11INT_05_DEL03_Q;"May 22, 2026";;;;Wait for Event;Consignes : Menage A00YA.dat suite traitement ok;GDCREF_J11INT_05_DEL00_Q.ksh;Job;No;0;No;CTMSRV;GDCREF_J11INT_05_Q;dispatch;NOTEXIST;NOTEXIST;3smzi
GDC-GESTION CONSIGNE;GDCREF_J11INT_05_Q;GDCREF_J11INT_05_DEL04_Q;"May 22, 2026";;;;Wait for Event;Consignes : Menage REFAYL.csv suite traitement ok;GDCREF_J11INT_05_DEL00_Q.ksh;Job;No;0;No;CTMSRV;GDCREF_J11INT_05_Q;dispatch;NOTEXIST;NOTEXIST;3smzj
GDC-GESTION CONSIGNE;GDCREF_J11INT_05_Q;GDCREF_J11INT_05_IMP01_Q;"May 22, 2026";;;;Wait for Event;Consignes : Integration des fichiers en provenance du referentiel appartenances;GDCREF_J11INT_05_IMP01_Q.ksh;Job;No;0;No;CTMSRV;GDCREF_J11INT_05_Q;dispatch;NOTEXIST;NOTEXIST;3smzf
GDR-GESTION DES REJETS;GDRFIN_J11GEN_06_Q;GDRFIN_J11GEN_06_EXP01_Q;"May 22, 2026";;;;Wait for Event;Export de l'ensemble des factures corrigees vers la PFE pour tous les types de factures à destination d'Oracle;lance_Traitement_Interne_GDR.bat;Job;No;0;Yes;CTMSRV;GDRFIN_J11GEN_06_Q;uSvcAppGDR;A_W_GDR01;A_W_GDR01;3snup
GDR-GESTION DES REJETS;GDRFIN_J11GEN_06_Q;GDRFIN_J11GEN_06_Q;"May 22, 2026";"May 22, 2026 1:30:10 PM";;;Executing;Export des factures corrigées;;SMART Table;No;1;No;CTMSRV;GDRFIN_J11GEN_06_Q;uSvcGDR;;;3snuo
GDR-GESTION DES REJETS;GDRFIN_J11INT_05_Q;GDRFIN_J11INT_05_IMP01_Q;"May 22, 2026";;;;Wait for Event;Integre les fichiers de type EcritureComptable GL depuis la PFE vers GDR;lance_Traitement_Interne_GDR.bat;Job;No;0;Yes;CTMSRV;GDRFIN_J11INT_05_Q;svce_cm;A_W_GDR01;A_W_GDR01;3soi8
GDR-GESTION DES REJETS;GDRFIN_J11INT_05_Q;GDRFIN_J11INT_05_IMP02_Q;"May 22, 2026";"May 22, 2026 1:45:09 PM";"May 22, 2026 1:45:14 PM";2000;Wait for Event;Integre les fichiers de type EcritureComptable GL depuis la PFE vers GDR;lance_Traitement_Interne_GDR.bat;Job;No;2;Yes;CTMSRV;GDRFIN_J11INT_05_Q;svce_cm;wdkgdrctlpa01;A_W_GDR01;3soi9
GDR-GESTION DES REJETS;GDRFIN_J11INT_05_Q;GDRFIN_J11INT_05_IMP03_Q;"May 22, 2026";;;;Wait for Event;Integre les fichiers de type Factures Client depuis la PFE vers GDR;lance_Traitement_Interne_GDR.bat;Job;No;0;Yes;CTMSRV;GDRFIN_J11INT_05_Q;svce_cm;A_W_GDR01;A_W_GDR01;3soi5
GDR-GESTION DES REJETS;GDRFIN_J11INT_05_Q;GDRFIN_J11INT_05_IMP04_Q;"May 22, 2026";"May 22, 2026 1:45:00 PM";"May 22, 2026 1:45:08 PM";2000;Wait for Event;Integre les fichiers de type Factures Client depuis la PFE vers GDR;lance_Traitement_Interne_GDR.bat;Job;No;2;Yes;CTMSRV;GDRFIN_J11INT_05_Q;svce_cm;wdkgdrctlpa01;A_W_GDR01;3soia
GDR-GESTION DES REJETS;GDRFIN_J11INT_05_Q;GDRFIN_J11INT_05_IMP05_Q;"May 22, 2026";;;;Wait for Event;Integre les fichiers de type Factures Fournisseur depuis la PFE vers GDR;lance_Traitement_Interne_GDR.bat;Job;No;0;Yes;CTMSRV;GDRFIN_J11INT_05_Q;svce_cm;A_W_GDR01;A_W_GDR01;3soi6
GDR-GESTION DES REJETS;GDRFIN_J11INT_05_Q;GDRFIN_J11INT_05_IMP06_Q;"May 22, 2026";"May 22, 2026 1:45:21 PM";;2000;Executing;Integre les fichiers de type Factures Fournisseur depuis la PFE vers GDR;lance_Traitement_Interne_GDR.bat;Job;No;2;Yes;CTMSRV;GDRFIN_J11INT_05_Q;svce_cm;wdkgdrctlpa01;A_W_GDR01;3soib
GDR-GESTION DES REJETS;GDRFIN_J11INT_05_Q;GDRFIN_J11INT_05_IMP07_Q;"May 22, 2026";;;;Wait for Event;Integre les fichiers de type Factures Erreur Source depuis la PFE vers GDR;lance_Traitement_Interne_GDR.bat;Job;No;0;Yes;CTMSRV;GDRFIN_J11INT_05_Q;svce_cm;A_W_GDR01;A_W_GDR01;3soi7
GDR-GESTION DES REJETS;GDRFIN_J11INT_05_Q;GDRFIN_J11INT_05_IMP08_Q;"May 22, 2026";"May 22, 2026 1:45:15 PM";"May 22, 2026 1:45:20 PM";2000;Wait for Event;Integre les fichiers de type Factures Erreur Source depuis la PFE vers GDR;lance_Traitement_Interne_GDR.bat;Job;No;2;Yes;CTMSRV;GDRFIN_J11INT_05_Q;svce_cm;wdkgdrctlpa01;A_W_GDR01;3soic
GDR-GESTION DES REJETS;GDRFIN_J11INT_05_Q;GDRFIN_J11INT_05_Q;"May 22, 2026";"May 22, 2026 1:30:11 PM";;;Executing;Intégration des fichiers de type facture;;SMART Table;No;1;No;CTMSRV;GDRFIN_J11INT_05_Q;svce_cm;;;3soi4
GDR-GESTION DES REJETS;GDRFIN_J11TEC_04_Q;GDRFIN_J11TEC_04_HIS01_Q;"May 22, 2026";;;;Wait for Event;FINANCE : Requete  ST factures;lance_Traitement_Interne_GDR.bat;Job;No;0;No;CTMSRV;GDRFIN_J11TEC_04_Q;svce_cm;A_W_GDR01;A_W_GDR01;3sno2
GDR-GESTION DES REJETS;GDRFIN_J11TEC_04_Q;GDRFIN_J11TEC_04_Q;"May 22, 2026";"May 22, 2026 1:30:10 PM";;2200;Executing;FINANCE : Chargement factures Xerox;;SMART Table;No;1;No;CTMSRV;GDRFIN_J11TEC_04_Q;svce_cm;;;3sno1
GDR-GESTION DES REJETS;GDRFIN_J12GEN_06_Q;GDRFIN_J12GEN_06_EXP01_Q;"May 22, 2026";;;;Wait for Event;Extraction des exports de syntheses effectuee la veille par les utilisateurs GDR;lance_Traitement_Interne_GDR.bat;Dummy;No;0;No;CTMSRV;GDRFIN_J12GEN_06_Q;uSvcAppGDR;A_W_GDR01;A_W_GDR01;3soa0
GDR-GESTION DES REJETS;GDRFIN_J12GEN_06_Q;GDRFIN_J12GEN_06_Q;"May 22, 2026";"May 22, 2026 1:30:11 PM";;;Executing;Extraction des exports de synthese;;SMART Table;No;1;No;CTMSRV;GDRFIN_J12GEN_06_Q;uSvcGDR;;;3so9z
GDR-GESTION DES REJETS;GDRFIN_J15TEC_04_Q;GDRFIN_J15INT_05_HIS02_Q;"May 22, 2026";;;;Wait for Event;FINANCE : Requete  ST fournisseurs midi;lance_Traitement_Interne_GDR.bat;Job;No;0;No;CTMSRV;GDRFIN_J15TEC_04_Q;svce_cm;A_W_GDR01;A_W_GDR01;3so16
GDR-GESTION DES REJETS;GDRFIN_J15TEC_04_Q;GDRFIN_J15TEC_04_HIS01_Q;"May 22, 2026";;;;Wait for Event;FINANCE : Requete  ST fournisseurs soir;lance_Traitement_Interne_GDR.bat;Job;No;0;No;CTMSRV;GDRFIN_J15TEC_04_Q;svce_cm;A_W_GDR01;A_W_GDR01;3so15
GDR-GESTION DES REJETS;GDRFIN_J15TEC_04_Q;GDRFIN_J15TEC_04_Q;"May 22, 2026";"May 22, 2026 1:30:11 PM";;;Executing;FINANCE : Interface d'import des fournisseurs dans Oracle;;SMART Table;No;1;No;CTMSRV;GDRFIN_J15TEC_04_Q;svce_cm;;;3so14
GDR-GESTION DES REJETS;GDRFIN_J18TEC_04_Q;GDRFIN_J18INT_05_HIS02_Q;"May 22, 2026";;;;Wait for Event;FINANCE : Requete  ST reception midi;lance_Traitement_Interne_GDR.bat;Job;No;0;No;CTMSRV;GDRFIN_J18TEC_04_Q;svce_cm;A_W_GDR01;A_W_GDR01;3smqg
GDR-GESTION DES REJETS;GDRFIN_J18TEC_04_Q;GDRFIN_J18TEC_04_HIS01_Q;"May 22, 2026";;;;Wait for Event;FINANCE : Requete  ST reception soir;lance_Traitement_Interne_GDR.bat;Job;No;0;No;CTMSRV;GDRFIN_J18TEC_04_Q;svce_cm;A_W_GDR01;A_W_GDR01;3smqf
GDR-GESTION DES REJETS;GDRFIN_J18TEC_04_Q;GDRFIN_J18TEC_04_Q;"May 22, 2026";"May 22, 2026 1:30:10 PM";;;Executing;FINANCE : Interface d'import des réceptions;;SMART Table;No;1;No;CTMSRV;GDRFIN_J18TEC_04_Q;svce_cm;;;3smqe
GDR-GESTION DES REJETS;GDRFIN_J19TEC_04_Q;GDRFIN_J19TEC_04_HIS01_Q;"May 22, 2026";;;;Wait for Event;FINANCE : Requete  ST deblocage facture;lance_Traitement_Interne_GDR.bat;Job;No;0;No;CTMSRV;GDRFIN_J19TEC_04_Q;svce_cm;A_W_GDR01;A_W_GDR01;3soxw
GDR-GESTION DES REJETS;GDRFIN_J19TEC_04_Q;GDRFIN_J19TEC_04_Q;"May 22, 2026";"May 22, 2026 1:30:11 PM";;;Executing;FINANCE : Import des codes de déblocage facture depuis iValua;;SMART Table;No;1;No;CTMSRV;GDRFIN_J19TEC_04_Q;svce_cm;;;3soxv
GDR-GESTION DES REJETS;GDRGDR_J11TRT_04_Q;GDRGDR_J11TRT_04_Q;"May 22, 2026";"May 22, 2026 1:30:11 PM";;;Executing;Listing des factures restantes à corriger;;SMART Table;No;1;No;CTMSRV;GDRGDR_J11TRT_04_Q;uSvcGDR;;;3soe2
GDR-GESTION DES REJETS;GDRGDR_J11TRT_04_Q;GDRGDR_J11TRT_04_WRK02_Q;"May 22, 2026";;;;Wait for Event;Liste dans un fichier csv les factures restantes à corriger pour chaque région (apres midi);lance_Traitement_Interne_GDR.bat;Job;No;0;No;CTMSRV;GDRGDR_J11TRT_04_Q;uSvcAppGDR;A_W_GDR01;A_W_GDR01;3soe3
HEC-HERCULE CHIFFRAG;HECCID_J11INT_05_Q;HECCID_J11INT_05_CPY01_Q;"May 22, 2026";;;;Wait for Event;Copie fichierliens Code D-clients de PFE vers repertoire donnees entrantes HERCULE CHIFFRAGE;Copy_EAI_HEC.bat;Job;No;0;No;CTMSRV;HECCID_J11INT_05_Q;svce_cm;A_W_HEC11;A_W_HEC11;3snr6
HEC-HERCULE CHIFFRAG;HECCID_J11INT_05_Q;HECCID_J11INT_05_FWT01_Q;"May 22, 2026";;;;Wait for Event;HERCULE Scrutation du fichier LienPartenaireProjet_yyyyMMdd.csv sur PFE;FileWatcher.bat;Job;No;0;No;CTMSRV;HECCID_J11INT_05_Q;svce_cm;A_W_HEC11;A_W_HEC11;3snr5
HEC-HERCULE CHIFFRAG;HECCID_J11INT_05_Q;HECCID_J11INT_05_IMP01_Q;"May 22, 2026";;;;Wait for Event;Integration donnees du fichier lien code D client dans l'application HERCULE CHIFFRAGE;lance_Traitement_Interne.bat;Job;No;0;No;CTMSRV;HECCID_J11INT_05_Q;uSvcHEC-p;A_W_HEC11;A_W_HEC11;3snr7
HEC-HERCULE CHIFFRAG;HECCID_J12INT_05_Q;HECCID_J12INT_05_CPY01_Q;"May 22, 2026";;;;Wait for Event;Copie fichier zip  PELFACTURE de PFE vers repertoire donnees entrantes PELFACTURE;Copy_EAI_HEC.bat;Job;No;0;Yes;CTMSRV;HECCID_J12INT_05_Q;svce_cm;A_W_HEC11;A_W_HEC11;3sohk
HEC-HERCULE CHIFFRAG;HECCID_J12INT_05_Q;HECCID_J12INT_05_FWT01_Q;"May 22, 2026";;;;Wait for Event;HERCULE Scrutation du fichier zip  DONNEECID sur PFE;FileWatcher.bat;Job;No;0;Yes;CTMSRV;HECCID_J12INT_05_Q;svce_cm;A_W_HEC11;A_W_HEC11;3sohj
HEC-HERCULE CHIFFRAG;HECCID_J12INT_05_Q;HECCID_J12INT_05_IMP01_Q;"May 22, 2026";;;;Wait for Event;Integration donnees du fichier PELFACTURE dans l'application PELFACTURE;lance_Traitement_Interne.bat;Job;No;0;Yes;CTMSRV;HECCID_J12INT_05_Q;uSvcHEC-p;A_W_HEC11;A_W_HEC11;3sohl
HEC-HERCULE CHIFFRAG;HECCIT_J11INT_05_Q;HECCIT_J11INT_05_CPY01_Q;"May 22, 2026";;;;Wait for Event;Copie fichierliens factures travaux de PFE vers repertoire donnees entrantes HERCULE CHIFFRAGE;Copy_EAI_HEC.bat;Job;No;0;No;CTMSRV;HECCIT_J11INT_05_Q;svce_cm;A_W_HEC11;A_W_HEC11;3sn4z
HEC-HERCULE CHIFFRAG;HECCIT_J11INT_05_Q;HECCIT_J11INT_05_FWT01_Q;"May 22, 2026";;;;Wait for Event;HERCULE Scrutation du fichier CITY_FACTURE_yyyymmdd.xml sur PFE;FileWatcher.bat;Job;No;0;No;CTMSRV;HECCIT_J11INT_05_Q;svce_cm;A_W_HEC11;A_W_HEC11;3sn4y
HEC-HERCULE CHIFFRAG;HECCIT_J11INT_05_Q;HECCIT_J11INT_05_IMP01_Q;"May 22, 2026";;;;Wait for Event;Integration donnees du fichier CITY_FACTURE dans l'application HERCULE CHIFFRAGE;lance_Traitement_Interne.bat;Job;No;0;No;CTMSRV;HECCIT_J11INT_05_Q;uSvcHEC-p;A_W_HEC11;A_W_HEC11;3sn50
HEC-HERCULE CHIFFRAG;HECDTR_J11GEN_05_Q;HECDTR_J11GEN_05_EXP01_Q;"May 22, 2026";;;;Wait for Event;HEC : Generation applicative;lance_Traitement_Interne.bat;Job;No;0;No;CTMSRV;HECDTR_J11GEN_05_Q;uSvcHEC-p;A_W_HEC11;A_W_HEC11;3smp6
HEC-HERCULE CHIFFRAG;HECDTR_J11GEN_05_Q;HECDTR_J11GEN_05_MOV01_Q;"May 22, 2026";;;;Wait for Event;HERCULE : Transfert du fichier HER01_*.csv vers PFE;MOV_Generique_DKA.bat;Job;No;0;No;CTMSRV;HECDTR_J11GEN_05_Q;svce_cm;A_W_HEC11;A_W_HEC11;3smp7
HEC-HERCULE CHIFFRAG;HECDTR_J11GEN_05_Q;HECDTR_J11GEN_05_Q;"May 22, 2026";"May 22, 2026 1:30:10 PM";;;Executing;HERCULE : Export des Donnees DTR;;SMART Table;No;1;No;CTMSRV;HECDTR_J11GEN_05_Q;;;;3smp5
HEC-HERCULE CHIFFRAG;HECEXT_J11INT_05_Q;HECEXT_J11INT_05_CPY01_Q;"May 22, 2026";;;;Wait for Event;Copie fichier recouvrement de PFE vers repertoire donnees entrantes HERCULE CHIFFRAGE;Copy_EAI_HEC.bat;Job;No;0;No;CTMSRV;HECEXT_J11INT_05_Q;svce_cm;A_W_HEC11;A_W_HEC11;3smqq
HEC-HERCULE CHIFFRAG;HECEXT_J11INT_05_Q;HECEXT_J11INT_05_FWT01_Q;"May 22, 2026";;;;Wait for Event;HERCULE Scrutation du fichier dalkia_syrushercule_yyyyMMdd.csv sur PFE;FileWatcher.bat;Job;No;0;No;CTMSRV;HECEXT_J11INT_05_Q;svce_cm;A_W_HEC11;A_W_HEC11;3smqp
HEC-HERCULE CHIFFRAG;HECEXT_J11INT_05_Q;HECEXT_J11INT_05_IMP01_Q;"May 22, 2026";;;;Wait for Event;Integration donnees du fichier Recouvrement dans l'application HERCULE CHIFFRAGE;lance_Traitement_Interne.bat;Job;No;0;No;CTMSRV;HECEXT_J11INT_05_Q;uSvcHEC-p;A_W_HEC11;A_W_HEC11;3smqr
HEC-HERCULE CHIFFRAG;HECFIN_J11FLX_07_Q ;HECFIN_J11FLX_07_MOV01_Q;"May 22, 2026";;;;Wait for Event;PFE : Job de déplacement de l'archive vers HEC;MOV_Generique_DKA.bat;Job;No;0;No;CTMSRV;HECFIN_J11FLX_07_Q ;svce_cm;A_W_HEC11;A_W_HEC11;3sokq
HEC-HERCULE CHIFFRAG;HECFIN_J12INT_05_Q;HECFIN_J12INT_05_MOV01_Q;"May 22, 2026";;;;Wait for Event;HERCULE : Transfert du fichier ENCAISSEMENTS_CLIENTS_*.csv vers HEC;MOVOUT_Generique_DKA.bat;Job;No;0;No;CTMSRV;HECFIN_J12INT_05_Q;svce_cm;A_W_HEC11;A_W_HEC11;3sojl
HEC-HERCULE CHIFFRAG;HECFIN_J12INT_05_Q;HECFIN_J12INT_05_Q;"May 22, 2026";"May 22, 2026 1:30:11 PM";;;Executing;;;SMART Table;No;1;No;CTMSRV;HECFIN_J12INT_05_Q;;;;3sojk
HEC-HERCULE CHIFFRAG;HECFIN_J12INT_05_Q;HECFIN_J12INT_05_WRK01_Q;"May 22, 2026";;;;Wait for Event;HEC : Integration applicative du fichier ENCAISSEMENTS_CLIENTS_*.csv;lance_Traitement_Interne.bat;Job;No;0;No;CTMSRV;HECFIN_J12INT_05_Q;uSvcHEC-p;A_W_HEC11;A_W_HEC11;3sojm
HEC-HERCULE CHIFFRAG;HECHEC_E11STP_01_Q;HECHEC_E11STP_01_ARR01_Q;"May 22, 2026";;;;Wait for Event;Redemarrage Hercule: STOP IIS (WDKHECP11);Start_Stop_Hercules.bat;Job;No;0;No;CTMSRV;HECHEC_E11STP_01_Q;svce_cm;A_W_HEC11;A_W_HEC11;3smqw
HEC-HERCULE CHIFFRAG;HECHEC_E11STR_02_Q;HECHEC_E11STR_02_DEM01_Q;"May 22, 2026";;;;Wait for Event;Redemarrage Hercule: START IIS (WDKHECP11);Start_Stop_Hercules.bat;Job;No;0;No;CTMSRV;HECHEC_E11STR_02_Q;svce_cm;A_W_HEC11;A_W_HEC11;3smou
HEC-HERCULE CHIFFRAG;HECHEC_J11TEC_04_Q;HECHEC_J11TEC_04_DEB01_Q;"May 22, 2026";;;;Wait for Event;Jalon de demarrage 03h00 de la production HERCULE CHIFFRAGE;Jalon de demarrage 03h00 HERCULE;Dummy;No;0;No;CTMSRV;HECHEC_J11TEC_04_Q;svce_cm;;;3sms8
HEC-HERCULE CHIFFRAG;HECHEC_J11TRT_04_Q;HECHEC_J11TRT_04_LIM01_Q;"May 22, 2026";;;;Wait for Event;Limite Horaire 0200;;Dummy;No;0;No;CTMSRV;HECHEC_J11TRT_04_Q;uSvcHEC-p;A_W_HEC11;A_W_HEC11;3snuv
HEC-HERCULE CHIFFRAG;HECHEC_J11TRT_04_Q;HECHEC_J11TRT_04_WRK01_Q;"May 22, 2026";;;;Wait for Event;Daily Hercule;HECHEC_J11TRT_04_WRK01_Q.bat;Job;No;0;No;CTMSRV;HECHEC_J11TRT_04_Q;uSvcHEC-p;A_W_HEC11;A_W_HEC11;3snuu
HEC-HERCULE CHIFFRAG;HECHEC_J12TEC_04_Q;HECHEC_J12TEC_04_FJA01_Q;"May 22, 2026";;;;Wait for Event;HERCULE Fin des interfaces ENTRANTES;HERCULE Fin des interfaces ENTRANTES;Dummy;No;0;No;CTMSRV;HECHEC_J12TEC_04_Q;svce_cm;;;3so4z
HEC-HERCULE CHIFFRAG;HECHEC_J12TRT_04_Q;HECHEC_J12TRT_04_WRK01_Q;"May 22, 2026";;;;Wait for Event;HEC : Integration applicative;lance_Traitement_Interne.bat;Job;No;0;No;CTMSRV;HECHEC_J12TRT_04_Q;uSvcHEC-p;A_W_HEC11;A_W_HEC11;3smuv
HEC-HERCULE CHIFFRAG;HECHEC_J12TRT_04_Q;HECHEC_J12TRT_04_ZIP01_Q;"May 22, 2026";;;;Wait for Event;HEC : unzip archive;DZIP_GEN_HEC.bat;Job;No;0;No;CTMSRV;HECHEC_J12TRT_04_Q;svce_cm;A_W_HEC11;A_W_HEC11;3smuu
KDR-KADOR;KDREXT_J12INT_05_Q;KDREXT_J12INT_05_IMP01_Q;"May 22, 2026";;;;Wait for Event;KDR : Process Ressource Insert;BATCH_Generique_DKA.ksh;Job;No;0;No;CTMSRV;KDREXT_J12INT_05_Q;dalkia-adm;A_L_MDM21;A_L_MDM21;3so41
KDR-KADOR;KDREXT_J12INT_05_Q;KDREXT_J12INT_05_MOV01_Q;"May 22, 2026";;;;Wait for Event;KDR : Deplacement du fichier *.zip vers KDR;MOV_IN_Generique_DKA.ksh;Job;No;0;No;CTMSRV;KDREXT_J12INT_05_Q;root;A_L_MDM21;A_L_MDM21;3so42
KDR-KADOR;KDREXT_J12INT_05_Q;KDREXT_J12INT_05_Q;"May 22, 2026";;;;Wait for Event;KADOR : Process Ressource Insert;;SMART Table;No;0;No;CTMSRV;KDREXT_J12INT_05_Q;dalkia-adm;;;3so40
KDR-KADOR;KDREXT_J13INT_05_Q;KDREXT_J13INT_05_IMP01_Q;"May 22, 2026";;;;Wait for Event;KDR - JDV : Import du fichier de JEUXDEVALEURS;executeBatchImportGXPLOV.sh;Job;No;0;No;CTMSRV;KDREXT_J13INT_05_Q;dalkia-adm;A_L_MDM21;A_L_MDM21;3so7v
KDR-KADOR;KDREXT_J13INT_05_Q;KDREXT_J13INT_05_MOV01_Q;"May 22, 2026";;;;Wait for Event;KDR - JDV : Deplacement du fichier *.ZIP vers KDR;MOV_IN_DKA.ksh;Job;No;0;No;CTMSRV;KDREXT_J13INT_05_Q;dalkia-adm;A_L_MDM21;A_L_MDM21;3so7u
KDR-KADOR;KDRKDR_J11TRT_04_Q;KDRKDR_J11TRT_04_MOV01_Q;"May 22, 2026";;;;Wait for Event;Transfert du zip des donnees FULL FINANCE vers NAS PFE (TEMP);MOV_OUT_Generique_DKA.ksh;Job;No;0;No;CTMSRV;KDRKDR_J11TRT_04_Q;root;A_L_MDM21;A_L_MDM21;3sn4o
KDR-KADOR;KDRKDR_J11TRT_04_Q;KDRKDR_J11TRT_04_MOV02_Q;"May 22, 2026";;;;Wait for Event;Transfert du zip des donnees FULL FINANCE vers NAS PFE;;Command;No;0;No;CTMSRV;KDRKDR_J11TRT_04_Q;root;A_L_MDM21;A_L_MDM21;3sn4p
KDR-KADOR;KDRKDR_J11TRT_04_Q;KDRKDR_J11TRT_04_Q;"May 22, 2026";;;;Wait for Event;KDR : Bascule Statut Objet;;SMART Table;No;0;No;CTMSRV;KDRKDR_J11TRT_04_Q;infadm;;;3sn4l
KDR-KADOR;KDRKDR_J11TRT_04_Q;KDRKDR_J11TRT_04_WRK01_Q;"May 22, 2026";;;;Wait for Event;Bascule Statut Objet;BATCH_Generique_DKA.ksh;Job;No;0;No;CTMSRV;KDRKDR_J11TRT_04_Q;dalkia-adm;A_L_MDM21;A_L_MDM21;3sn4m
KDR-KADOR;KDRKDR_J11TRT_04_Q;KDRKDR_J11TRT_04_WRK02_Q;"May 22, 2026";;;;Wait for Event;Export full finance;BATCH_Generique_DKA.ksh;Job;No;0;No;CTMSRV;KDRKDR_J11TRT_04_Q;dalkia-adm;A_L_MDM21;A_L_MDM21;3sn4n
KDR-KADOR;KDRKDR_J16TRT_04_Q;KDRKDR_J16TRT_04_EXP01_Q;"May 22, 2026";;;;Wait for Event;Export full RH;BATCH_Generique_DKA.ksh;Job;No;0;No;CTMSRV;KDRKDR_J16TRT_04_Q;dalkia-adm;A_L_MDM21;A_L_MDM21;3sndj
KDR-KADOR;KDRKDR_J16TRT_04_Q;KDRKDR_J16TRT_04_MOV01_Q;"May 22, 2026";;;;Wait for Event;Move des fichiers FULL RH vers le NAS;MOV_OUT_Generique_DKA.ksh;Job;No;0;No;CTMSRV;KDRKDR_J16TRT_04_Q;root;A_L_MDM21;A_L_MDM21;3sndk
KDR-KADOR;KDRKDR_J16TRT_04_Q;KDRKDR_J16TRT_04_Q;"May 22, 2026";;;;Wait for Event;KDR : Bascule Statut Objet;;SMART Table;No;0;No;CTMSRV;KDRKDR_J16TRT_04_Q;infadm;;;3sndg
KDR-KADOR;KDRKDR_J16TRT_04_Q;KDRKDR_J16TRT_04_WRK01_Q;"May 22, 2026";;;;Wait for Event;Chaine CALCUL_RESSOURCE_ORGA;BATCH_Generique_DKA.ksh;Job;No;0;No;CTMSRV;KDRKDR_J16TRT_04_Q;dalkia-adm;A_L_MDM21;A_L_MDM21;3sndh
KDR-KADOR;KDRKDR_J16TRT_04_Q;KDRKDR_J16TRT_04_WRK02_Q;"May 22, 2026";;;;Wait for Event;Chaine DIFFUSION_RESSOURCE_ORGA;BATCH_Generique_DKA.ksh;Job;No;0;No;CTMSRV;KDRKDR_J16TRT_04_Q;dalkia-adm;A_L_MDM21;A_L_MDM21;3sndi
KDR-KADOR;KDRXXX_J11GEN_06_Q;KDRXXX_J11GEN_06_EXP01_Q;"May 22, 2026";;;;Wait for Event;KDR : Export XML en deltas quotidiens par objets a destination du DTR Affaire;BATCH_Generique_DKA.ksh;Job;No;0;No;CTMSRV;KDRXXX_J11GEN_06_Q;dalkia-adm;A_L_MDM21;A_L_MDM21;3snlr
KDR-KADOR;KDRXXX_J11GEN_06_Q;KDRXXX_J11GEN_06_MOV01_Q;"May 22, 2026";;;;Wait for Event;KDR : Move des fichiers REF02_*_AFFAIRE-Q_001_*.xml vers le NAS;MOV_OUT_Generique_DKA.ksh;Job;No;0;No;CTMSRV;KDRXXX_J11GEN_06_Q;root;A_L_MDM21;A_L_MDM21;3snls
KDR-KADOR;KDRXXX_J11GEN_06_Q;KDRXXX_J11GEN_06_Q;"May 22, 2026";;;;Wait for Event;KDR : Exports a destination de PFE;;SMART Table;No;0;No;CTMSRV;KDRXXX_J11GEN_06_Q;dalkia-adm;;;3snlq
KDR-KADOR;KDRXXX_J11TEC_04_Q;KDRXXX_J11TEC_04_Q;"May 22, 2026";;;;Wait for Event;KDR : Ajout date derniere extraction dans Libmemsym;;SMART Table;No;0;No;CTMSRV;KDRXXX_J11TEC_04_Q;infadm;;;3sn5h
KDR-KADOR;KDRXXX_J11TEC_04_Q;KDRXXX_J11TEC_04_WRK01_Q;"May 22, 2026";;;;Wait for Event;KDR : Ajout date derniere extraction dans Libmemsym;;Command;No;0;No;CTMSRV;KDRXXX_J11TEC_04_Q;controlm;SRV_PRIMAIRE;SRV_PRIMAIRE;3sn5i
KDR-KADOR;KDRXXX_J11TEC_04_Q;KDRXXX_J11TEC_04_WRK02_Q;"May 22, 2026";;;;Wait for Event;KDR : Ajout date derniere extraction dans Libmemsym;SED_libmemsym_DALKIA_KDR_libmemsym_DALKIA.ksh;Job;No;0;No;CTMSRV;KDRXXX_J11TEC_04_Q;controlm;SRV_PRIMAIRE;SRV_PRIMAIRE;3sn5j
KDR-KADOR;KDRXXX_J18GEN_06_Q;KDRXXX_J18GEN_06_EXP01_Q;"May 22, 2026";;;;Wait for Event;KDR : Export au format XML des Centres Finance modifies dans le Referentiel;BATCH_Generique_DKA.ksh;Job;No;0;No;CTMSRV;KDRXXX_J18GEN_06_Q;dalkia-adm;A_L_MDM21;A_L_MDM21;3sp3g
KDR-KADOR;KDRXXX_J18GEN_06_Q;KDRXXX_J18GEN_06_MOV01_Q;"May 22, 2026";;;;Wait for Event;KDR : Move des fichiers REF02_*_CENTRE-FINANCE-Q_001_*_*.xml vers le NAS;MOV_OUT_Generique_DKA.ksh;Job;No;0;No;CTMSRV;KDRXXX_J18GEN_06_Q;root;A_L_MDM21;A_L_MDM21;3sp3h
KDR-KADOR;KDRXXX_J18GEN_06_Q;KDRXXX_J18GEN_06_Q;"May 22, 2026";;;;Wait for Event;;;SMART Table;No;0;No;CTMSRV;KDRXXX_J18GEN_06_Q;;;;3sp3f
KDR-KADOR;KDRXXX_J19GEN_06_Q;KDRXXX_J19GEN_06_EXP01_Q;"May 22, 2026";;;;Wait for Event;KDR : Export au format XML les Projets Finance modifies dans le Referentiel depuis une date passee en parametre;BATCH_Generique_DKA.ksh;Job;No;0;No;CTMSRV;KDRXXX_J19GEN_06_Q;dalkia-adm;A_L_MDM21;A_L_MDM21;3sohd
KDR-KADOR;KDRXXX_J19GEN_06_Q;KDRXXX_J19GEN_06_MOV01_Q;"May 22, 2026";;;;Wait for Event;KDR : Move des fichiers REF02_*_PROJET-FINANCE-Q_001_*_*.xml vers le NAS;MOV_OUT_Generique_DKA.ksh;Job;No;0;No;CTMSRV;KDRXXX_J19GEN_06_Q;root;A_L_MDM21;A_L_MDM21;3sohe
KDR-KADOR;KDRXXX_J19GEN_06_Q;KDRXXX_J19GEN_06_Q;"May 22, 2026";;;;Wait for Event;;;SMART Table;No;0;No;CTMSRV;KDRXXX_J19GEN_06_Q;;;;3sohc
KDR-KADOR;KDRXXX_J20GEN_06_Q;KDRXXX_J20GEN_06_EXP01_Q;"May 22, 2026";;;;Wait for Event;KDR : Export au format XML les Taches Finance modifiees dans le Referentiel depuis une date passee en parametre;BATCH_Generique_DKA.ksh;Job;No;0;No;CTMSRV;KDRXXX_J20GEN_06_Q;dalkia-adm;A_L_MDM21;A_L_MDM21;3snz5
KDR-KADOR;KDRXXX_J20GEN_06_Q;KDRXXX_J20GEN_06_MOV01_Q;"May 22, 2026";;;;Wait for Event;KDR : Move des fichiers REF02_*_TACHE-FINANCE-Q_001_*_*.xml vers le NAS;MOV_OUT_Generique_DKA.ksh;Job;No;0;No;CTMSRV;KDRXXX_J20GEN_06_Q;root;A_L_MDM21;A_L_MDM21;3snz6
KDR-KADOR;KDRXXX_J20GEN_06_Q;KDRXXX_J20GEN_06_Q;"May 22, 2026";;;;Wait for Event;;;SMART Table;No;0;No;CTMSRV;KDRXXX_J20GEN_06_Q;;;;3snz4
KDR-KADOR;KDRXXX_J22GEN_06_Q;KDRXXX_J22GEN_06_EXP01_Q;"May 22, 2026";;;;Wait for Event;KDR : Export au format XML les Organisations modifiees dans le Referentiel depuis une date passee en parametre;BATCH_Generique_DKA.ksh;Job;No;0;No;CTMSRV;KDRXXX_J22GEN_06_Q;dalkia-adm;A_L_MDM21;A_L_MDM21;3sns6
KDR-KADOR;KDRXXX_J22GEN_06_Q;KDRXXX_J22GEN_06_MOV01_Q;"May 22, 2026";;;;Wait for Event;KDR : Move des fichiers REF02_*_ORGANISATION-Q_001_*_*.xml vers le NAS;MOV_OUT_Generique_DKA.ksh;Job;No;0;No;CTMSRV;KDRXXX_J22GEN_06_Q;root;A_L_MDM21;A_L_MDM21;3sns7
KDR-KADOR;KDRXXX_J22GEN_06_Q;KDRXXX_J22GEN_06_Q;"May 22, 2026";;;;Wait for Event;;;SMART Table;No;0;No;CTMSRV;KDRXXX_J22GEN_06_Q;;;;3sns5
KDR-KADOR;KDRXXX_J23GEN_06_Q;KDRXXX_J23GEN_06_EXP01_Q;"May 22, 2026";;;;Wait for Event;KDR : Export au format XML les Ressources modifiees dans le Referentiel depuis une date passee en parametre;BATCH_Generique_DKA.ksh;Job;No;0;No;CTMSRV;KDRXXX_J23GEN_06_Q;dalkia-adm;A_L_MDM21;A_L_MDM21;3so9e
KDR-KADOR;KDRXXX_J23GEN_06_Q;KDRXXX_J23GEN_06_MOV01_Q;"May 22, 2026";;;;Wait for Event;KDR :  Move des fichiers REF02_*_RESSOURCE-RESTREINT-Q_001_*_*.xml vers le NAS;MOV_OUT_Generique_DKA.ksh;Job;No;0;No;CTMSRV;KDRXXX_J23GEN_06_Q;root;A_L_MDM21;A_L_MDM21;3so9d
KDR-KADOR;KDRXXX_J23GEN_06_Q;KDRXXX_J23GEN_06_MOV02_Q;"May 22, 2026";;;;Wait for Event;KDR :  Move des fichiers REF02_*_RESSOURCE-Q_001_*_*.xml vers le NAS;MOV_OUT_Generique_DKA.ksh;Job;No;0;No;CTMSRV;KDRXXX_J23GEN_06_Q;root;A_L_MDM21;A_L_MDM21;3so9f
KDR-KADOR;KDRXXX_J23GEN_06_Q;KDRXXX_J23GEN_06_Q;"May 22, 2026";;;;Wait for Event;;;SMART Table;No;0;No;CTMSRV;KDRXXX_J23GEN_06_Q;;;;3so9c
KDR-KADOR;KDRXXX_J24GEN_06_Q;KDRXXX_J24GEN_06_EXP01_Q;"May 22, 2026";;;;Wait for Event;KDR : Export au format XML les Jeux de Valeurs modifies dans le Referentiel depuis une date passee en parametre;BATCH_Generique_DKA.ksh;Job;No;0;No;CTMSRV;KDRXXX_J24GEN_06_Q;dalkia-adm;A_L_MDM21;A_L_MDM21;3sozt
KDR-KADOR;KDRXXX_J24GEN_06_Q;KDRXXX_J24GEN_06_MOV01_Q;"May 22, 2026";;;;Wait for Event;KDR :  Move des fichiers REF02_*_JDV-Q_001_*_*.xml vers le NAS;MOV_OUT_Generique_DKA.ksh;Job;No;0;No;CTMSRV;KDRXXX_J24GEN_06_Q;root;A_L_MDM21;A_L_MDM21;3sozu
KDR-KADOR;KDRXXX_J24GEN_06_Q;KDRXXX_J24GEN_06_Q;"May 22, 2026";;;;Wait for Event;;;SMART Table;No;0;No;CTMSRV;KDRXXX_J24GEN_06_Q;;;;3sozs
KDR-KADOR;KDRXXX_J25GEN_06_Q;KDRXXX_J25GEN_06_EXP01_Q;"May 22, 2026";;;;Wait for Event;KDR : Export CSV en FULL quotidien des transcodifications a destination du DTR Referentiel et de la plateforme d echanges;BATCH_Generique_DKA.ksh;Job;No;0;No;CTMSRV;KDRXXX_J25GEN_06_Q;dalkia-adm;A_L_MDM21;A_L_MDM21;3soez
KDR-KADOR;KDRXXX_J25GEN_06_Q;KDRXXX_J25GEN_06_MOV01_Q;"May 22, 2026";;;;Wait for Event;KDR : Move des fichiers REF02_*_TRANSCO-TF-ORG*.csv vers le NAS;MOV_OUT_Generique_DKA.ksh;Job;No;0;No;CTMSRV;KDRXXX_J25GEN_06_Q;root;A_L_MDM21;A_L_MDM21;3sof2
KDR-KADOR;KDRXXX_J25GEN_06_Q;KDRXXX_J25GEN_06_MOV02_Q;"May 22, 2026";;;;Wait for Event;KDR : Move des fichiers REF02_*_TRANSCO-*.csv vers le NAS;MOV_OUT_Generique_DKA.ksh;Job;No;0;No;CTMSRV;KDRXXX_J25GEN_06_Q;root;A_L_MDM21;A_L_MDM21;3sof0
KDR-KADOR;KDRXXX_J25GEN_06_Q;KDRXXX_J25GEN_06_Q;"May 22, 2026";;;;Wait for Event;;;SMART Table;No;0;No;CTMSRV;KDRXXX_J25GEN_06_Q;;;;3soey
KDR-KADOR;KDRXXX_J25GEN_06_Q;KDRXXX_J25GEN_06_WAI01_Q;"May 22, 2026";;;;Wait for Event;KDR : WAIT PFE;MOV_OUT_Generique_DKA.ksh;Command;No;0;No;CTMSRV;KDRXXX_J25GEN_06_Q;root;A_L_MDM21;A_L_MDM21;3sof1
KDR-KADOR;KDRXXX_J26GEN_06_Q;KDRXXX_J26GEN_06_PUR01_Q;"May 22, 2026";;;;Wait for Event;KDR : Purge des exports de plus de 30 jours;PURGE_EXPORT_TRAITE.ksh;Job;No;0;No;CTMSRV;KDRXXX_J26GEN_06_Q;dalkia-adm;A_L_MDM21;A_L_MDM21;3snub
KDR-KADOR;KDRXXX_J26GEN_06_Q;KDRXXX_J26GEN_06_PUR02_Q;"May 22, 2026";;;;Wait for Event;"KDR : le premier du mois; génère une archive zippée; supprime tous les fichiers datant de plus de 1 semaine";manageArchives.sh;Job;No;0;No;CTMSRV;KDRXXX_J26GEN_06_Q;dalkia-adm;A_L_MDM21;A_L_MDM21;3snuc
KDR-KADOR;KDRXXX_J26GEN_06_Q;KDRXXX_J26GEN_06_Q;"May 22, 2026";"May 22, 2026 1:30:10 PM";;;Executing;;;SMART Table;No;1;No;CTMSRV;KDRXXX_J26GEN_06_Q;;;;3snua
KDR-KADOR;SEEREF_J11INT_05_Q;SEEREF_J11INT_05_IMP01_Q;"May 22, 2026";;;;Wait for Event;Importation des partenaires;importPartenaire.sh;Job;No;0;No;CTMSRV;SEEREF_J11INT_05_Q;dalkia-adm;A_L_MDM21;A_L_MDM21;3smvj
KDR-KADOR;SEEREF_J11INT_05_Q;SEEREF_J11INT_05_MOV01_Q;"May 22, 2026";;;;Wait for Event;Move du ou des fichiers SEE01_*_PARTENAIRE-* de /data/flf/shares/files/REF02/INBOUND/SEE01.C_DELTA_PARTENAIRE vers input DTR /app/echanges/kador/import/kds/partenaire/input/;MOV_IN_DKA.ksh;Job;No;0;No;CTMSRV;SEEREF_J11INT_05_Q;dalkia-adm;A_L_MDM21;A_L_MDM21;3smvi
KDR-KADOR;SEEREF_J12INT_05_Q;SEEREF_J12INT_05_IMP01_Q;"May 22, 2026";;;;Wait for Event;Importation des societes;importSociete.sh;Job;No;0;No;CTMSRV;SEEREF_J12INT_05_Q;dalkia-adm;A_L_MDM21;A_L_MDM21;3so1c
KDR-KADOR;SEEREF_J12INT_05_Q;SEEREF_J12INT_05_MOV01_Q;"May 22, 2026";;;;Wait for Event;Move du fichier *.zip de /data/flf/shares/files/REF02/INBOUND/SEE01.C_DELTA_SOCIETE vers input DTR /app/echanges/kador/import/kds/societe/input/;MOV_IN_DKA.ksh;Job;No;0;No;CTMSRV;SEEREF_J12INT_05_Q;dalkia-adm;A_L_MDM21;A_L_MDM21;3so1b
MBB-MOBILITE BANCAIRE;MBBEXT_J11FLX_07_Q;MBBEXT_J11FLX_07_FTP01_Q;"May 22, 2026";;;;Wait for Event;FLUX : EDF01.SG.MOBILITEBANCAIRE PFE vers MBB;MOV_Generique_DKA.bat;Job;No;0;No;CTMSRV;MBBEXT_J11FLX_07_Q;svce_cm;A_W_MBB01;A_W_MBB01;3sn62
MBB-MOBILITE BANCAIRE;MBBEXT_J11FLX_07_Q;MBBEXT_J11FLX_07_Q;"May 22, 2026";;;;Wait for Event;FLUX : EDF01.SG.MOBILITEBANCAIRE PFE vers MBB;;SMART Table;No;0;No;CTMSRV;MBBEXT_J11FLX_07_Q;svce_cm;;;3sn61
MBB-MOBILITE BANCAIRE;MBBMBB_J01INT_05_Q;MBBMBB_J01INT_05_Q;"May 22, 2026";;;;Wait for Event;INT : Integration applicative Mobilité Bancaire;;SMART Table;No;0;No;CTMSRV;MBBMBB_J01INT_05_Q;svce_cm;;;3snxw
MBB-MOBILITE BANCAIRE;MBBMBB_J01INT_05_Q;MBBMBB_J01INT_05_WRK01_Q;"May 22, 2026";;;;Wait for Event;WRK : Integration applicative Mobilité Bancaire;Dalkia.MoveBank.BatchListener.exe;Job;No;0;No;CTMSRV;MBBMBB_J01INT_05_Q;svce_cm;A_W_MBB01;A_W_MBB01;3snxx
MOS-MOS PI;MOSMOS_E21TEC_PI_Q;MOSMOS_E21TEC_PI_PUR01_Q;"May 22, 2026";;;;Wait for Event;Purge des logs;PURGE_FICHIER.exe;Job;No;0;No;CTMSRV;MOSMOS_E21TEC_PI_Q;crtuser;wdkmosinp01;wdkmosinp01;3snll
MOS-MOS PI;MOSMOS_E21TEC_PI_Q;MOSMOS_E21TEC_PI_Q;"May 22, 2026";"May 22, 2026 1:30:10 PM";;;Executing;Chaine de purge  des logs sur le serveur WDKMOSINP01;;SMART Table;No;1;No;CTMSRV;MOSMOS_E21TEC_PI_Q;;;;3snlk
NRJ-ENERGY;NRJBDM_J13GEN_06_Q;NRJBDM_J13GEN_06_CVN01_Q;"May 22, 2026";;;;Wait for Event;NRJ Script de conversion de fichier LFLUB;killcr.sh;Dummy;No;0;No;CTMSRV;NRJBDM_J13GEN_06_Q;root;A_L_ENE12;A_L_ENE12;3sp4j
NRJ-ENERGY;NRJBDM_J13GEN_06_Q;NRJBDM_J13GEN_06_CVN02_Q;"May 22, 2026";;;;Wait for Event;NRJ Script de conversion de fichier LR0YM;killcr.sh;Dummy;No;0;No;CTMSRV;NRJBDM_J13GEN_06_Q;root;A_L_ENE12;A_L_ENE12;3sp4k
NRJ-ENERGY;NRJBDM_J13GEN_06_Q;NRJBDM_J13GEN_06_FTP03_Q;"May 22, 2026";;;;Wait for Event;NRJ copie fichier LFLUB vers PFE;FTP_GENERIQUE.ksh;Dummy;No;0;No;CTMSRV;NRJBDM_J13GEN_06_Q;root;A_L_PFE11;A_L_PFE11;3sp4l
NRJ-ENERGY;NRJBDM_J13GEN_06_Q;NRJBDM_J13GEN_06_FTP04_Q;"May 22, 2026";;;;Wait for Event;NRJ copie fichier LR0YM vers PFE;FTP_GENERIQUE.ksh;Dummy;No;0;No;CTMSRV;NRJBDM_J13GEN_06_Q;root;A_L_PFE11;A_L_PFE11;3sp4m
NRJ-ENERGY;NRJBDM_J13GEN_06_Q;NRJBDM_J13GEN_06_FTP05_Q;"May 22, 2026";;;;Wait for Event;NRJ copie fichier L00YM_NF vers PFE;FTP_GENERIQUE.ksh;Job;No;0;No;CTMSRV;NRJBDM_J13GEN_06_Q;root;A_L_PFE11;A_L_PFE11;3sp4n
NRJ-ENERGY;NRJBDM_J13GEN_06_Q;NRJBDM_J13GEN_06_FTP06_Q;"May 22, 2026";;;;Wait for Event;NRJ copie fichier L00YL_NF vers PFE;FTP_GENERIQUE.ksh;Job;No;0;No;CTMSRV;NRJBDM_J13GEN_06_Q;root;A_L_PFE11;A_L_PFE11;3sp4o
NRJ-ENERGY;NRJBDM_J13GEN_06_Q;NRJBDM_J13GEN_06_WRK01_Q;"May 22, 2026";;;;Wait for Event;NRJ Interf sortante retroalim. donnees bd meteo;NRJBDM_J13GEN_06_WRK01_Q.ksh;Job;No;0;No;CTMSRV;NRJBDM_J13GEN_06_Q;dbanrj;A_L_ENE12;A_L_ENE12;3sp4i
NRJ-ENERGY;NRJBDM_J14GEN_06_Q;NRJBDM_J14GEN_06_WRK01_Q;"May 22, 2026";;;;Wait for Event;SPEGYMET2 : BD meteo - traitement de nuit;U112068010.sh;Job;No;0;No;CTMSRV;NRJBDM_J14GEN_06_Q;root;A_L_ENE12;A_L_ENE12;3sofw
NRJ-ENERGY;NRJCEL_J12INT_05_Q;NRJCEL_J12INT_05_FLG01_Q;"May 22, 2026";;;;Wait for Event;Fin trait : interface entrante Quantite livree;;Dummy;No;0;No;CTMSRV;NRJCEL_J12INT_05_Q;ctmagv7;A_L_ENE12;A_L_ENE12;3smvp
NRJ-ENERGY;NRJCEL_J12INT_05_Q;NRJCEL_J12INT_05_FTP01_Q;"May 22, 2026";;;2300;Wait for Event;NRJ Transfert du fichier DFR01_QUANTITESLIVREES_*.txt depuis PFE;FTP_MULTI_GENERIQUE.ksh;Job;No;0;No;CTMSRV;NRJCEL_J12INT_05_Q;root;A_L_PFE11;A_L_PFE11;3smvq
NRJ-ENERGY;NRJCEL_J12INT_05_Q;NRJCEL_J12INT_05_LIM01_Q;"May 22, 2026";;;;Wait for Event;NRJ : Limite horaire;;Dummy;No;0;No;CTMSRV;NRJCEL_J12INT_05_Q;root;A_L_ENE12;A_L_ENE12;3smvr
NRJ-ENERGY;NRJCEL_J12INT_05_Q;NRJCEL_J12INT_05_WRK01_Q;"May 22, 2026";;;2300;Wait for Event;Interf entrante quantite livree;NRJCEL_J12INT_05_WRK01_Q.ksh;Job;No;0;No;CTMSRV;NRJCEL_J12INT_05_Q;dbanrj;A_L_ENE12;A_L_ENE12;3smvo
NRJ-ENERGY;NRJCID_J12GEN_06_Q;NRJCID_J12GEN_06_WRK01_Q;"May 22, 2026";;;;Wait for Event;SPEGYMET1 : BD meteo - traitement de nuit;U112062010.sh;Job;No;0;No;CTMSRV;NRJCID_J12GEN_06_Q;root;A_L_ENE12;A_L_ENE12;3so1p
NRJ-ENERGY;NRJCRT_J11INT_05_Q;NRJCRT_J11INT_05_FTP01_Q;"May 22, 2026";;;;Wait for Event;NRJ : Envoi FTP des fichiers index*gaz*.csv depuis PFE;FTP_MULTI_GENERIQUE.ksh;Job;No;0;Yes;CTMSRV;NRJCRT_J11INT_05_Q;root;A_L_PFE11;A_L_PFE11;3so8g
NRJ-ENERGY;NRJCRT_J11INT_05_Q;NRJCRT_J11INT_05_IMP01_Q;"May 22, 2026";;;;Wait for Event;NRJ : Interface sortante indexes des compteurs gaz et hors gaz pour CRT;IICRTEGY01.sh;Job;No;0;Yes;CTMSRV;NRJCRT_J11INT_05_Q;dbanrj;A_L_ENE12;A_L_ENE12;3so8h
NRJ-ENERGY;NRJCRT_J11INT_05_Q;NRJCRT_J11INT_05_Q;"May 22, 2026";"May 22, 2026 1:30:11 PM";;;Executing;;;SMART Table;No;1;No;CTMSRV;NRJCRT_J11INT_05_Q;;;;3so8f
NRJ-ENERGY;NRJDTR_J11GEN_06_Q;NRJDTR_J11GEN_06_EXP01_Q;"May 22, 2026";;;;Wait for Event;Extraction data Energy vers DWHBI EAI;U112441010.sh;Job;No;0;No;CTMSRV;NRJDTR_J11GEN_06_Q;root;A_L_ENE12;A_L_ENE12;3sonk
NRJ-ENERGY;NRJDTR_J11GEN_06_Q;NRJDTR_J11GEN_06_EXP02_Q;"May 22, 2026";;;;Wait for Event;lancement IEEGYDTR01_ExportBDD;U112441020.sh;Job;No;0;No;CTMSRV;NRJDTR_J11GEN_06_Q;root;A_L_ENE12;A_L_ENE12;3sonl
NRJ-ENERGY;NRJDTR_J11GEN_06_Q;NRJDTR_J11GEN_06_EXP03_Q;"May 22, 2026";;;;Wait for Event;Transfert ftp;U503IXX900.sh;Job;No;0;No;CTMSRV;NRJDTR_J11GEN_06_Q;dbanrj;A_L_ENE12;A_L_ENE12;3sonm
NRJ-ENERGY;NRJEXT_J13INT_05_Q;NRJEXT_J13INT_05_IMP01_Q;"May 22, 2026";;;;Wait for Event;Interface : intégrations des données météo issues de Météo France;NRJEXT_J13INT_05_IMP01_Q.ksh;Job;No;0;No;CTMSRV;NRJEXT_J13INT_05_Q;dbanrj;A_L_ENE12;A_L_ENE12;3sn3f
NRJ-ENERGY;NRJEXT_J13INT_05_Q;NRJEXT_J13INT_05_IMP02_Q;"May 22, 2026";;;;Wait for Event;Interface : intégrations des données météo issues de Météo France;NRJEXT_J13INT_05_IMP02_Q.ksh;Job;No;0;No;CTMSRV;NRJEXT_J13INT_05_Q;dbanrj;A_L_ENE12;A_L_ENE12;3sn3g
NRJ-ENERGY;NRJEXT_J13INT_05_Q;NRJEXT_J13INT_05_IMP03_Q;"May 22, 2026";;;;Wait for Event;Interface : intégrations des données météo issues de Météo France;NRJEXT_J13INT_05_IMP03_Q.ksh;Job;No;0;No;CTMSRV;NRJEXT_J13INT_05_Q;dbanrj;A_L_ENE12;A_L_ENE12;3sn3h
NRJ-ENERGY;NRJEXT_J13INT_05_Q;NRJEXT_J13INT_05_IMP04_Q;"May 22, 2026";;;;Wait for Event;Interface : intégrations des données météo issues de Météo France;NRJEXT_J13INT_05_IMP04_Q.ksh;Job;No;0;No;CTMSRV;NRJEXT_J13INT_05_Q;dbanrj;A_L_ENE12;A_L_ENE12;3sn3i
NRJ-ENERGY;NRJEXT_J13INT_05_Q;NRJEXT_J13INT_05_Q;"May 22, 2026";"May 22, 2026 1:30:10 PM";;;Executing;;;SMART Table;No;1;No;CTMSRV;NRJEXT_J13INT_05_Q;;;;3sn3e
NRJ-ENERGY;NRJEXT_J14INT_05_Q;NRJEXT_J14INT_05_IMP01_Q;"May 22, 2026";;;;Wait for Event;Import TPV2_Jxxxxxxxxx_YYYYMMDD_*.csv;IIGDDEGY01.sh;Job;No;0;No;CTMSRV;NRJEXT_J14INT_05_Q;dbanrj;A_L_ENE12;A_L_ENE12;3sp24
NRJ-ENERGY;NRJEXT_J14INT_05_Q;NRJEXT_J14INT_05_MOV01_Q;"May 22, 2026";;;0100;Wait for Event;NRJ : Envoi FTP TPV2_Jxxxxxxxxx_YYYYMMDD_Customer.csv depuis NAS EDF vers Energy;FTP_MULTI_GENERIQUE.ksh;Job;No;0;Yes;CTMSRV;NRJEXT_J14INT_05_Q;root;A_L_PFE11;A_L_PFE11;3sp25
NRJ-ENERGY;NRJEXT_J14INT_05_Q;NRJEXT_J14INT_05_Q;"May 22, 2026";"May 22, 2026 1:30:12 PM";;;Executing;;;SMART Table;No;1;No;CTMSRV;NRJEXT_J14INT_05_Q;;;;3sp23
NRJ-ENERGY;NRJLAK_J11GEN_06_Q;NRJLAK_J11GEN_06_EXP01_Q;"May 22, 2026";;;;Wait for Event;NRJ : Interface sortante des données ENERGY pour DataLAKE;IEEGYLAK01.sh;Job;No;0;Yes;CTMSRV;NRJLAK_J11GEN_06_Q;dbanrj;A_L_ENE12;A_L_ENE12;3snja
NRJ-ENERGY;NRJLAK_J11GEN_06_Q;NRJLAK_J11GEN_06_FTP01_Q;"May 22, 2026";;;;Wait for Event;NRJ : Envoi FTP du INDICATEURSENERGY_*.xml vers PFE;FTP_MULTI_GENERIQUE.ksh;Job;No;0;Yes;CTMSRV;NRJLAK_J11GEN_06_Q;root;A_L_PFE11;A_L_PFE11;3snj9
NRJ-ENERGY;NRJLAK_J11GEN_06_Q;NRJLAK_J11GEN_06_FTP02_Q;"May 22, 2026";;;;Wait for Event;NRJ : Envoi FTP du EVENEMENTSENERGY_*.xml vers PFE;FTP_MULTI_GENERIQUE.ksh;Job;No;0;Yes;CTMSRV;NRJLAK_J11GEN_06_Q;root;A_L_PFE11;A_L_PFE11;3snjb
NRJ-ENERGY;NRJLAK_J11GEN_06_Q;NRJLAK_J11GEN_06_FTP03_Q;"May 22, 2026";;;;Wait for Event;NRJ : Envoi FTP du INDICATEURSELEMENTENERGY_*.xml vers PFE;FTP_MULTI_GENERIQUE.ksh;Job;No;0;Yes;CTMSRV;NRJLAK_J11GEN_06_Q;root;A_L_PFE11;A_L_PFE11;3snjc
NRJ-ENERGY;NRJLAK_J11GEN_06_Q;NRJLAK_J11GEN_06_Q;"May 22, 2026";"May 22, 2026 1:30:10 PM";;;Executing;NRJ : Interface sortante des données ENERGY pour DataLAKE;;SMART Table;No;1;No;CTMSRV;NRJLAK_J11GEN_06_Q;dbanrj;;;3snj8
NRJ-ENERGY;NRJLAK_J11GEN_06_Q;NRJLAK_J12GEN_06_Q;"May 22, 2026";"May 22, 2026 1:30:12 PM";;;Executing;;;SMART Table;No;1;No;CTMSRV;NRJLAK_J12GEN_06_Q;;;;3soy5
NRJ-ENERGY;NRJLAK_J12GEN_06_Q;NRJLAK_J12GEN_06_FTP01_Q;"May 22, 2026";;;;Wait for Event;NRJ : Envoi FTP du DATA_BRUT_LIENELEMENT_*.tar.gz vers PFE;FTP_MULTI_GENERIQUE.ksh;Job;No;0;No;CTMSRV;NRJLAK_J12GEN_06_Q;root;A_L_PFE11;A_L_PFE11;3soy6
NRJ-ENERGY;NRJLAK_J12GEN_06_Q;NRJLAK_J12GEN_06_FTP02_Q;"May 22, 2026";;;;Wait for Event;NRJ : Envoi FTP du DATA_BRUT_PROPDATE_*.tar.gz vers PFE;FTP_MULTI_GENERIQUE.ksh;Job;No;0;No;CTMSRV;NRJLAK_J12GEN_06_Q;root;A_L_PFE11;A_L_PFE11;3soy7
NRJ-ENERGY;NRJLAK_J12GEN_06_Q;NRJLAK_J12GEN_06_MOV01_Q;"May 22, 2026";;;;Wait for Event;NRJ : MOVE du fichier DATA_BRUT_LIENELEMENT_*.tar.gz du répertoire temporaire vers le répertoire cible;MOV_DKA.ksh;Job;No;0;No;CTMSRV;NRJLAK_J12GEN_06_Q;root;A_L_PFE11;A_L_PFE11;3soy8
NRJ-ENERGY;NRJLAK_J12GEN_06_Q;NRJLAK_J12GEN_06_MOV02_Q;"May 22, 2026";;;;Wait for Event;NRJ : MOVE du fichier DATA_BRUT_LIENELEMENT_*.tar.gz du répertoire temporaire vers le répertoire cible;MOV_DKA.ksh;Job;No;0;No;CTMSRV;NRJLAK_J12GEN_06_Q;root;A_L_PFE11;A_L_PFE11;3soy9
NRJ-ENERGY;NRJNRJ_B11TEC_04_Q;NRJNRJ_B11TEC_04_FJA96_Q;"May 22, 2026";;;;Wait for Event;Fin trait. Valorisation Budget NRJ;U112_BUDGET;Dummy;No;0;No;CTMSRV;NRJNRJ_B11TEC_04_Q;ctmuser;;;3sn06
NRJ-ENERGY;NRJNRJ_B12TRT_04_Q;NRJNRJ_B12TRT_04_99999_Q;"May 22, 2026";;;;Wait for Event;Traitement des Calcul du budget des quantites;U112510999;Dummy;No;0;No;CTMSRV;NRJNRJ_B12TRT_04_Q;root;;;3snn9
NRJ-ENERGY;NRJNRJ_B12TRT_04_Q;NRJNRJ_B12TRT_04_CAL01_Q;"May 22, 2026";;;;Wait for Event;SPEGYBUD3 : Calcul du budget des quantites FR03;U112510010.cmd;Job;No;0;No;CTMSRV;NRJNRJ_B12TRT_04_Q;svce_cm;A_W_ENE11;A_W_ENE11;3snnd
NRJ-ENERGY;NRJNRJ_B12TRT_04_Q;NRJNRJ_B12TRT_04_CAL02_Q;"May 22, 2026";;;;Wait for Event;SPEGYBUD3 : Calcul du budget des quantites FR02;U112510020.cmd;Job;No;0;No;CTMSRV;NRJNRJ_B12TRT_04_Q;svce_cm;A_W_ENE12;A_W_ENE12;3snna
NRJ-ENERGY;NRJNRJ_B12TRT_04_Q;NRJNRJ_B12TRT_04_CAL03_Q;"May 22, 2026";;;;Wait for Event;SPEGYBUD3 : Calcul du budget des quantites FR12;U112510030.cmd;Job;No;0;No;CTMSRV;NRJNRJ_B12TRT_04_Q;svce_cm;A_W_ENE13;A_W_ENE13;3snnb
NRJ-ENERGY;NRJNRJ_B12TRT_04_Q;NRJNRJ_B12TRT_04_CAL04_Q;"May 22, 2026";;;;Wait for Event;SPEGYBUD3 : Calcul du budget des quantites FR13;U112510040.cmd;Job;No;0;No;CTMSRV;NRJNRJ_B12TRT_04_Q;svce_cm;A_W_ENE14;A_W_ENE14;3snnc
NRJ-ENERGY;NRJNRJ_B14TRT_04_P;NRJNRJ_B14TRT_04_CAL01_P;"May 22, 2026";;;;Wait for Event;ENERGY : Initialiser le budget BI des elements nouvellement crees a partir du BM;NRJNRJ_B14TRT_04_CAL01_P.sh;Job;No;0;No;CTMSRV;NRJNRJ_B14TRT_04_P;root;A_L_ENE12;A_L_ENE12;3smp0
NRJ-ENERGY;NRJNRJ_B14TRT_04_P;NRJNRJ_B14TRT_04_P;"May 22, 2026";"May 22, 2026 1:30:10 PM";;;Executing;ENERGY::SPEGYBUD7(initialisation BI des nouveaux éléments);;SMART Table;No;1;No;CTMSRV;NRJNRJ_B14TRT_04_P;;;;3smoz
NRJ-ENERGY;NRJNRJ_E01TEC_04_Q;NRJNRJ_E01TEC_04_STA01_Q;"May 22, 2026";;;;Wait for Event;Statistiques quotidiennes Oracle sur la base dprnrj;NRJNRJ_E01TEC_04_STA01_Q.sh;Job;No;0;No;CTMSRV;NRJNRJ_E01TEC_04_Q;root;A_L_ENE12;A_L_ENE12;3snwv
NRJ-ENERGY;NRJNRJ_E11STP_01_Q;NRJNRJ_E11STP_01_99999_Q;"May 22, 2026";;;;Wait for Event;Fin : Fermeture des TP ENERGY;U112001999;Dummy;No;0;No;CTMSRV;NRJNRJ_E11STP_01_Q;ENERGY;;;3snk8
NRJ-ENERGY;NRJNRJ_E11STP_01_Q;NRJNRJ_E11STP_01_ARR01_Q;"May 22, 2026";;;;Wait for Event;"Arrêt du service ""SPEGYEVT7"" A_W_ENE14";stop_service.cmd;Job;No;0;No;CTMSRV;NRJNRJ_E11STP_01_Q;ENERGY;A_W_ENE14;A_W_ENE14;3snkg
NRJ-ENERGY;NRJNRJ_E11STP_01_Q;NRJNRJ_E11STP_01_ARR03_Q;"May 22, 2026";;;;Wait for Event;"Arrêt du service ""IIEAIEGY01"" A_W_ENE14";stop_service.cmd;Job;No;0;No;CTMSRV;NRJNRJ_E11STP_01_Q;ENERGY;A_W_ENE14;A_W_ENE14;3snkh
NRJ-ENERGY;NRJNRJ_E11STP_01_Q;NRJNRJ_E11STP_01_ARR08_Q;"May 22, 2026";;;;Wait for Event;Arrêt des sites ENERGY sur WDKNRJP04;STOP_SITE_ENERGY;Command;No;0;No;CTMSRV;NRJNRJ_E11STP_01_Q;svce_cm;A_W_ENE14;A_W_ENE14;3snko
NRJ-ENERGY;NRJNRJ_E11STP_01_Q;NRJNRJ_E11STP_01_ARR71_Q;"May 22, 2026";;;;Wait for Event;"Arrêt du service ""SPEGYEVT7""  A_W_ENE11";stop_service.cmd;Job;No;0;No;CTMSRV;NRJNRJ_E11STP_01_Q;ENERGY;A_W_ENE11;A_W_ENE11;3snk9
NRJ-ENERGY;NRJNRJ_E11STP_01_Q;NRJNRJ_E11STP_01_ARR78_Q;"May 22, 2026";;;;Wait for Event;Arrêt des sites ENERGY sur le seveur WDKNRJx01;STOP_SITE_ENERGY;Command;No;0;No;CTMSRV;NRJNRJ_E11STP_01_Q;svce_cm;A_W_ENE11;A_W_ENE11;3snkp
NRJ-ENERGY;NRJNRJ_E11STP_01_Q;NRJNRJ_E11STP_01_ARR81_Q;"May 22, 2026";;;;Wait for Event;"Arrêt du service ""SPEGYEVT7"" A_W_ENE12";stop_service.cmd;Job;No;0;No;CTMSRV;NRJNRJ_E11STP_01_Q;ENERGY;A_W_ENE12;A_W_ENE12;3snkb
NRJ-ENERGY;NRJNRJ_E11STP_01_Q;NRJNRJ_E11STP_01_ARR83_Q;"May 22, 2026";;;;Wait for Event;"Arrêt du service ""IEEGYELT01"" A_W_ENE12";stop_service.cmd;Job;No;0;No;CTMSRV;NRJNRJ_E11STP_01_Q;ENERGY;A_W_ENE12;A_W_ENE12;3snkc
NRJ-ENERGY;NRJNRJ_E11STP_01_Q;NRJNRJ_E11STP_01_ARR87_Q;"May 22, 2026";;;;Wait for Event;"Arrêt du service ""IIEAIEGY01"" A_W_ENE12";stop_service.cmd;Job;No;0;No;CTMSRV;NRJNRJ_E11STP_01_Q;ENERGY;A_W_ENE12;A_W_ENE12;3snkk
NRJ-ENERGY;NRJNRJ_E11STP_01_Q;NRJNRJ_E11STP_01_ARR88_Q;"May 22, 2026";;;;Wait for Event;Arrêt des sites ENERGY sur le seveur WDKNRJx02;STOP_SITE_ENERGY;Command;No;0;No;CTMSRV;NRJNRJ_E11STP_01_Q;svce_cm;A_W_ENE12;A_W_ENE12;3snkr
NRJ-ENERGY;NRJNRJ_E11STP_01_Q;NRJNRJ_E11STP_01_ARR91_Q;"May 22, 2026";;;;Wait for Event;"Arrêt du service ""SPEGYEVT7"" A_W_ENE13";stop_service.cmd;Job;No;0;No;CTMSRV;NRJNRJ_E11STP_01_Q;ENERGY;A_W_ENE13;A_W_ENE13;3snke
NRJ-ENERGY;NRJNRJ_E11STP_01_Q;NRJNRJ_E11STP_01_ARR93_Q;"May 22, 2026";;;;Wait for Event;Arrêt des sites ENERGY sur le seveur WDKNRJx03;STOP_SITE_ENERGY;Command;No;0;No;CTMSRV;NRJNRJ_E11STP_01_Q;svce_cm;A_W_ENE13;A_W_ENE13;3snkq
NRJ-ENERGY;NRJNRJ_E11STP_01_Q;NRJNRJ_E11STP_01_ARR97_Q;"May 22, 2026";;;;Wait for Event;"Arrêt du service ""SPEGYTBT3"" A_W_ENE13";stop_service.cmd;Job;No;0;No;CTMSRV;NRJNRJ_E11STP_01_Q;ENERGY;A_W_ENE13;A_W_ENE13;3snkl
NRJ-ENERGY;NRJNRJ_E11STP_01_Q;NRJNRJ_E11STP_01_ARR98_Q;"May 22, 2026";;;;Wait for Event;"Arrêt du service ""SPEGYBUD6"" A_W_ENE13";stop_service.cmd;Job;No;0;No;CTMSRV;NRJNRJ_E11STP_01_Q;ENERGY;A_W_ENE13;A_W_ENE13;3snkm
NRJ-ENERGY;NRJNRJ_E11STP_01_Q;NRJNRJ_E11STP_01_ARR99_Q;"May 22, 2026";;;;Wait for Event;"Arrêt du service ""IEEGYAPI01"" A_W_ENE13";stop_service.cmd;Job;No;0;No;CTMSRV;NRJNRJ_E11STP_01_Q;ENERGY;A_W_ENE13;A_W_ENE13;3snks
NRJ-ENERGY;NRJNRJ_E11STP_01_Q;NRJNRJ_E11STP_01_PUR07_Q;"May 22, 2026";;;;Wait for Event;Purge Fichier PNG A_W_ENE14;Purge_PNG.cmd;Job;No;0;No;CTMSRV;NRJNRJ_E11STP_01_Q;ENERGY;A_W_ENE14;A_W_ENE14;3snki
NRJ-ENERGY;NRJNRJ_E11STP_01_Q;NRJNRJ_E11STP_01_PUR77_Q;"May 22, 2026";;;;Wait for Event;Purge Fichier PNG A_W_ENE11;Purge_PNG.cmd;Job;No;0;No;CTMSRV;NRJNRJ_E11STP_01_Q;ENERGY;A_W_ENE11;A_W_ENE11;3snka
NRJ-ENERGY;NRJNRJ_E11STP_01_Q;NRJNRJ_E11STP_01_PUR87_Q;"May 22, 2026";;;;Wait for Event;Purge Fichier PNG A_W_ENE12;Purge_PNG.cmd;Job;No;0;No;CTMSRV;NRJNRJ_E11STP_01_Q;ENERGY;A_W_ENE12;A_W_ENE12;3snkd
NRJ-ENERGY;NRJNRJ_E11STP_01_Q;NRJNRJ_E11STP_01_PUR97_Q;"May 22, 2026";;;;Wait for Event;Purge Fichier PNG A_W_ENE13;Purge_PNG.cmd;Job;No;0;No;CTMSRV;NRJNRJ_E11STP_01_Q;ENERGY;A_W_ENE13;A_W_ENE13;3snkf
NRJ-ENERGY;NRJNRJ_E11STP_01_Q;NRJNRJ_E11STP_01_Q;"May 22, 2026";"May 22, 2026 1:30:10 PM";;;Executing;ENERGY: stop applicatif;;SMART Table;No;1;No;CTMSRV;NRJNRJ_E11STP_01_Q;;;;3snk7
NRJ-ENERGY;NRJNRJ_E11STP_01_Q;NRJNRJ_E11STP_01_SUB01_Q;"May 22, 2026";;;;Wait for Event;Arret des Interactifs ENERGY;Arret des Interactifs ENERGY;Dummy;No;0;No;CTMSRV;NRJNRJ_E11STP_01_Q;root;;;3snkj
NRJ-ENERGY;NRJNRJ_E11STP_01_Q;NRJNRJ_E11STP_01_WRK01_Q;"May 22, 2026";;;;Wait for Event;NRJ : Affectation des droits sur energy;U512010120;Command;No;0;No;CTMSRV;NRJNRJ_E11STP_01_Q;root;A_L_ENE12;A_L_ENE12;3snkn
NRJ-ENERGY;NRJNRJ_J11TEC_04_Q;NRJNRJ_J11TEC_04_FBA99_Q;"May 22, 2026";;;;Wait for Event;controle heure fin trait.  DPRNRJ;FIN_BATCH;Dummy;No;0;No;CTMSRV;NRJNRJ_J11TEC_04_Q;eblondez;;;3smrh
NRJ-ENERGY;NRJNRJ_J11TEC_04_Q;NRJNRJ_J11TEC_04_FBV99_Q;"May 22, 2026";"May 22, 2026 1:30:12 PM";"May 22, 2026 1:30:12 PM";;Ended OK;controle heure fin trait.  DPRNRJ;FIN_BATCH_VEILLE;Dummy;No;1;No;CTMSRV;NRJNRJ_J11TEC_04_Q;eblondez;;;3smri
NRJ-ENERGY;NRJNRJ_J11TEC_04_Q;NRJNRJ_J11TEC_04_FIN99_Q;"May 22, 2026";;;;Wait for Event;Fin trait. NRJ;U112_FIN;Dummy;No;0;No;CTMSRV;NRJNRJ_J11TEC_04_Q;ctmuser;;;3smrl
NRJ-ENERGY;NRJNRJ_J11TEC_04_Q;NRJNRJ_J11TEC_04_FJA97_Q;"May 22, 2026";;;;Wait for Event;Fin trait. Interfaces entrantes NRJ;U112_INTERFACE_ENT;Dummy;No;0;No;CTMSRV;NRJNRJ_J11TEC_04_Q;ctmuser;;;3smrm
NRJ-ENERGY;NRJNRJ_J11TEC_04_Q;NRJNRJ_J11TEC_04_FJA98_Q;"May 22, 2026";;;;Wait for Event;Fin trait. Interfaces sortantes NRJ;U112_INTERFACE_SOR;Dummy;No;0;No;CTMSRV;NRJNRJ_J11TEC_04_Q;ctmuser;;;3smrn
NRJ-ENERGY;NRJNRJ_J11TEC_04_Q;NRJNRJ_J11TEC_04_FJA99_Q;"May 22, 2026";;;;Wait for Event;Fin trait. specifiques NRJ (hors trait harry );U112_TRAIT;Dummy;No;0;No;CTMSRV;NRJNRJ_J11TEC_04_Q;ctmuser;;;3smro
NRJ-ENERGY;NRJNRJ_J11TEC_04_Q;NRJNRJ_J11TEC_04_FRE99_Q;"May 22, 2026";;;;Wait for Event;controle heure fin refer.  DPRNRJ;FIN_112430;Dummy;No;0;No;CTMSRV;NRJNRJ_J11TEC_04_Q;eblondez;;;3smrg
NRJ-ENERGY;NRJNRJ_J11TEC_04_Q;NRJNRJ_J11TEC_04_Q;"May 22, 2026";"May 22, 2026 1:30:12 PM";;;Executing;ENERGY: JALON;;SMART Table;No;1;No;CTMSRV;NRJNRJ_J11TEC_04_Q;;;;3smrf
NRJ-ENERGY;NRJNRJ_J11TEC_04_Q;NRJNRJ_J11TEC_04_SC001_Q;"May 22, 2026";;;;Wait for Event;TEST PRESENCE COND  SC_U503I_OK;SC_U503I;Dummy;No;0;No;CTMSRV;NRJNRJ_J11TEC_04_Q;root;;;3smrj
NRJ-ENERGY;NRJNRJ_J11TEC_04_Q;NRJNRJ_J11TEC_04_SC002_Q;"May 22, 2026";;;;Wait for Event;"NRJ; TEST PRESENCE COND  SC_U512NRJ_OK";SC_U512NRJ;Dummy;No;0;No;CTMSRV;NRJNRJ_J11TEC_04_Q;root;;;3smrk
NRJ-ENERGY;NRJNRJ_J11TRT_04_Q;NRJNRJ_J11TRT_04_00000_Q;"May 22, 2026";;;;Wait for Event;SPEGYPMT1: calcul des previsions a long terme;U112680;Dummy;No;0;No;CTMSRV;NRJNRJ_J11TRT_04_Q;root;;;3soyz
NRJ-ENERGY;NRJNRJ_J11TRT_04_Q;NRJNRJ_J11TRT_04_99999_Q;"May 22, 2026";;;;Wait for Event;Fin chne SPEGYPMT1: calcul des previsions lg terme;U112680999;Dummy;No;0;No;CTMSRV;NRJNRJ_J11TRT_04_Q;root;;;3soyy
NRJ-ENERGY;NRJNRJ_J11TRT_04_Q;NRJNRJ_J11TRT_04_CAL10_Q;"May 22, 2026";;;;Wait for Event;SPEGYPMT1: calcul des previsions long terme;U112680040.cmd;Job;No;0;No;CTMSRV;NRJNRJ_J11TRT_04_Q;svce_cm;A_W_ENE14;A_W_ENE14;3soyt
NRJ-ENERGY;NRJNRJ_J11TRT_04_Q;NRJNRJ_J11TRT_04_CAL97_Q;"May 22, 2026";;;;Wait for Event;SPEGYPMT1: calcul des previsions long terme;U112680010.cmd;Job;No;0;No;CTMSRV;NRJNRJ_J11TRT_04_Q;svce_cm;A_W_ENE11;A_W_ENE11;3soyq
NRJ-ENERGY;NRJNRJ_J11TRT_04_Q;NRJNRJ_J11TRT_04_CAL98_Q;"May 22, 2026";;;;Wait for Event;SPEGYPMT1: calcul des previsions long terme;U112680020.cmd;Job;No;0;No;CTMSRV;NRJNRJ_J11TRT_04_Q;svce_cm;A_W_ENE12;A_W_ENE12;3soyr
NRJ-ENERGY;NRJNRJ_J11TRT_04_Q;NRJNRJ_J11TRT_04_CAL99_Q;"May 22, 2026";;;;Wait for Event;SPEGYPMT1: calcul des previsions long terme;U112680030.cmd;Job;No;0;No;CTMSRV;NRJNRJ_J11TRT_04_Q;svce_cm;A_W_ENE13;A_W_ENE13;3soys
NRJ-ENERGY;NRJNRJ_J11TRT_04_Q;NRJNRJ_J11TRT_04_FLG01_Q;"May 22, 2026";;;;Wait for Event;Fin chne SPEGYPMT1: calcul des previsions lg terme;U112680199;Dummy;No;0;No;CTMSRV;NRJNRJ_J11TRT_04_Q;root;;;3soyu
NRJ-ENERGY;NRJNRJ_J11TRT_04_Q;NRJNRJ_J11TRT_04_FLG02_Q;"May 22, 2026";;;;Wait for Event;Fin chne SPEGYPMT1: calcul des previsions lg terme;U112680299;Dummy;No;0;No;CTMSRV;NRJNRJ_J11TRT_04_Q;root;;;3soyv
NRJ-ENERGY;NRJNRJ_J11TRT_04_Q;NRJNRJ_J11TRT_04_FLG03_Q;"May 22, 2026";;;;Wait for Event;Fin chne SPEGYPMT1: calcul des previsions lg terme;U112680399;Dummy;No;0;No;CTMSRV;NRJNRJ_J11TRT_04_Q;root;;;3soyw
NRJ-ENERGY;NRJNRJ_J11TRT_04_Q;NRJNRJ_J11TRT_04_FLG04_Q;"May 22, 2026";;;;Wait for Event;Fin chne SPEGYPMT1: calcul des previsions lg terme;U112680499;Dummy;No;0;No;CTMSRV;NRJNRJ_J11TRT_04_Q;root;;;3soyx
NRJ-ENERGY;NRJNRJ_J12TEC_04_Q;NRJNRJ_J12TEC_04_CPY03_Q;"May 22, 2026";;;;Wait for Event;Copie fichiers IN-OUT FIN DE BATCH sur DKA_IMNORD;U512012220;Dummy;No;0;No;CTMSRV;NRJNRJ_J12TEC_04_Q;root;A_L_ENE12;A_L_ENE12;3soiw
NRJ-ENERGY;NRJNRJ_J12TEC_04_Q;NRJNRJ_J12TEC_04_DEL04_Q;"May 22, 2026";;;;Wait for Event;"delete des /index/admin/DPRNRJ/[b;c]dump/*.trc";U512012230.sh;Dummy;No;0;No;CTMSRV;NRJNRJ_J12TEC_04_Q;root;A_L_ENE12;A_L_ENE12;3soix
NRJ-ENERGY;NRJNRJ_J12TEC_04_Q;NRJNRJ_J12TEC_04_LOG01_Q;"May 22, 2026";;;;Wait for Event;Mise A DISPO LOGS EN FIN DE BATCH sur DKA_IMNORD;U512012210;Dummy;No;0;No;CTMSRV;NRJNRJ_J12TEC_04_Q;root;A_L_ENE12;A_L_ENE12;3soiu
NRJ-ENERGY;NRJNRJ_J12TEC_04_Q;NRJNRJ_J12TEC_04_MOV02_Q;"May 22, 2026";;;;Wait for Event;DEPLACEMENT DES FIC7* dans /index/energy/ficharry;U512012215.sh;Dummy;No;0;No;CTMSRV;NRJNRJ_J12TEC_04_Q;root;A_L_ENE12;A_L_ENE12;3soiv
NRJ-ENERGY;NRJNRJ_J12TEC_04_Q;NRJNRJ_J12TEC_04_PUR01_Q;"May 22, 2026";;;;Wait for Event;Purge des logs apres transfert sur DKA_IMNORD;Purge_Log.sh;Job;No;0;No;CTMSRV;NRJNRJ_J12TEC_04_Q;root;A_L_ENE12;A_L_ENE12;3soiy
NRJ-ENERGY;NRJNRJ_J12TRT_04_M;NRJNRJ_J12TRT_04_CAL97_M;"May 22, 2026";;;;Wait for Event;Execution recalcul des conso. des stocks;U112140010.cmd;Job;No;0;No;CTMSRV;NRJNRJ_J12TRT_04_M;svce_cm;A_W_ENE11;A_W_ENE11;3snyh
NRJ-ENERGY;NRJNRJ_J13TRT_04_H;NRJNRJ_J13TRT_04_PUR01_H;"May 22, 2026";;;;Wait for Event;SPEGYPUR1 : Purge tables TRACE et LOG ACCESS;U112445010.sh;Job;No;0;No;CTMSRV;NRJNRJ_J13TRT_04_H;root;A_L_ENE12;A_L_ENE12;3snlx
NRJ-ENERGY;NRJNRJ_J13TRT_04_Q;NRJNRJ_J13TRT_04_EXP97_Q;"May 22, 2026";;;;Wait for Event;NRJ : SPEGYEVT4 : Generation releves compteurs fictifs;U112410010.cmd;Job;No;0;No;CTMSRV;NRJNRJ_J13TRT_04_Q;svce_cm;A_W_ENE11;A_W_ENE11;3sohz
NRJ-ENERGY;NRJNRJ_J14TRT_04_Q;NRJNRJ_J14TRT_04_WRK01_Q;"May 22, 2026";;;;Wait for Event;NRJ : SPEGYEVT2 : Detection releves complets;U112420010.sh;Job;No;0;No;CTMSRV;NRJNRJ_J14TRT_04_Q;root;A_L_ENE12;A_L_ENE12;3so80
NRJ-ENERGY;NRJNRJ_J15TRT_04_Q;NRJNRJ_J15TRT_04_WRK01_Q;"May 22, 2026";;;;Wait for Event;NRJ : SPEGYEVT3 : Detection releves manquants;U112430010.sh;Job;No;0;No;CTMSRV;NRJNRJ_J15TRT_04_Q;root;A_L_ENE12;A_L_ENE12;3soo7
NRJ-ENERGY;NRJNRJ_J16TRT_04_Q;NRJNRJ_J16TRT_04_00000_Q;"May 22, 2026";;;;Wait for Event;SPEGYTBT1 : Debut Chaine : Tableaux de bord;U112440;Dummy;No;0;No;CTMSRV;NRJNRJ_J16TRT_04_Q;root;;;3snts
NRJ-ENERGY;NRJNRJ_J16TRT_04_Q;NRJNRJ_J16TRT_04_99999_Q;"May 22, 2026";;;;Wait for Event;SPEGYTBT1 : Fin de chaîne : Tableaux de bord;U112440999;Dummy;No;0;No;CTMSRV;NRJNRJ_J16TRT_04_Q;root;;;3sntr
NRJ-ENERGY;NRJNRJ_J16TRT_04_Q;NRJNRJ_J16TRT_04_CAL10_Q;"May 22, 2026";;;;Wait for Event;SPEGYTBT1 : Execution calcul tableaux de bord techniques FR04;U112440040.cmd;Job;No;0;No;CTMSRV;NRJNRJ_J16TRT_04_Q;DCDKETI/svce_cm;A_W_ENE14;A_W_ENE14;3sntp
NRJ-ENERGY;NRJNRJ_J16TRT_04_Q;NRJNRJ_J16TRT_04_CAL97_Q;"May 22, 2026";;;;Wait for Event;SPEGYTBT1 : Execution calcul tableaux de bord techniques;U112440010.cmd;Job;No;0;No;CTMSRV;NRJNRJ_J16TRT_04_Q;svce_cm;A_W_ENE11;A_W_ENE11;3sntm
NRJ-ENERGY;NRJNRJ_J16TRT_04_Q;NRJNRJ_J16TRT_04_CAL98_Q;"May 22, 2026";;;;Wait for Event;SPEGYTBT1 : Execution calcul tableaux de bord techniques FR02;U112440020.cmd;Job;No;0;No;CTMSRV;NRJNRJ_J16TRT_04_Q;svce_cm;A_W_ENE12;A_W_ENE12;3sntn
NRJ-ENERGY;NRJNRJ_J16TRT_04_Q;NRJNRJ_J16TRT_04_CAL99_Q;"May 22, 2026";;;;Wait for Event;SPEGYTBT1 : Execution calcul tableaux de bord techniques FR01;U112440030.cmd;Job;No;0;No;CTMSRV;NRJNRJ_J16TRT_04_Q;svce_cm;A_W_ENE13;A_W_ENE13;3snto
NRJ-ENERGY;NRJNRJ_J16TRT_04_Q;NRJNRJ_J16TRT_04_LIM01_Q;"May 22, 2026";;;;Wait for Event;SPEGYTBT1 : limite horaire;U112440990;Dummy;No;0;No;CTMSRV;NRJNRJ_J16TRT_04_Q;root;;;3sntq
NRJ-ENERGY;NRJNRJ_J17TRT_04_Q;NRJNRJ_J17TRT_04_00000_Q;"May 22, 2026";;;;Wait for Event;NRJ : SPEGYINT1 : Calcul de l interessement et suivi contractuel;U112460;Dummy;No;0;No;CTMSRV;NRJNRJ_J17TRT_04_Q;root;;;3sn7d
NRJ-ENERGY;NRJNRJ_J17TRT_04_Q;NRJNRJ_J17TRT_04_99999_Q;"May 22, 2026";;;;Wait for Event;NRJ : SPEGYINT1 : Calcul de l interessement et suivi contractuel;U112460999;Dummy;No;0;No;CTMSRV;NRJNRJ_J17TRT_04_Q;root;;;3sn7c
NRJ-ENERGY;NRJNRJ_J17TRT_04_Q;NRJNRJ_J17TRT_04_CAL10_Q;"May 22, 2026";;;;Wait for Event;NRJ : SPEGYINT1 : Calcul de l interessement et suivi contractuel;U112460040.cmd;Job;No;0;No;CTMSRV;NRJNRJ_J17TRT_04_Q;svce_cm;A_W_ENE14;A_W_ENE14;3sn7b
NRJ-ENERGY;NRJNRJ_J17TRT_04_Q;NRJNRJ_J17TRT_04_CAL97_Q;"May 22, 2026";;;;Wait for Event;NRJ : SPEGYINT1 : Calcul de l interessement et suivi contractuel;U112460010.cmd;Job;No;0;No;CTMSRV;NRJNRJ_J17TRT_04_Q;svce_cm;A_W_ENE11;A_W_ENE11;3sn78
NRJ-ENERGY;NRJNRJ_J17TRT_04_Q;NRJNRJ_J17TRT_04_CAL98_Q;"May 22, 2026";;;;Wait for Event;NRJ : SPEGYINT1 : Calcul de l interessement et suivi contractuel;U112460020.cmd;Job;No;0;No;CTMSRV;NRJNRJ_J17TRT_04_Q;svce_cm;A_W_ENE12;A_W_ENE12;3sn79
NRJ-ENERGY;NRJNRJ_J17TRT_04_Q;NRJNRJ_J17TRT_04_CAL99_Q;"May 22, 2026";;;;Wait for Event;NRJ : SPEGYINT1 : Calcul de l interessement et suivi contractuel;U112460030.cmd;Job;No;0;No;CTMSRV;NRJNRJ_J17TRT_04_Q;svce_cm;A_W_ENE13;A_W_ENE13;3sn7a
NRJ-ENERGY;NRJNRJ_J18TRT_04_Q;NRJNRJ_J18TRT_04_CPY01_Q;"May 22, 2026";;;;Wait for Event;NRJ : SPEGYCAL1 : Recopie donnees calendrier chauffage;U112505010.sh;Job;No;0;No;CTMSRV;NRJNRJ_J18TRT_04_Q;root;A_L_ENE12;A_L_ENE12;3sn9b
NRJ-ENERGY;NRJNRJ_J19TRT_04_M;NRJNRJ_J19TRT_04_WRK01_M;"May 22, 2026";;;;Wait for Event;SPEGYTBT4avJ:calcul des indic. d interessmnt (J-4);U112434010.sh;Job;No;0;No;CTMSRV;NRJNRJ_J19TRT_04_M;root;A_L_ENE12;A_L_ENE12;3sns0
NRJ-ENERGY;NRJNRJ_J1ETRT_04_M;NRJNRJ_J1ETRT_04_00000_M;"May 22, 2026";;;;Wait for Event;Debut Chaine : detection des calculs des cefm;U112570;Dummy;No;0;No;CTMSRV;NRJNRJ_J1ETRT_04_M;root;;;3sncu
NRJ-ENERGY;NRJNRJ_J1ETRT_04_M;NRJNRJ_J1ETRT_04_99999_M;"May 22, 2026";;;;Wait for Event;Fin de channe : detection des calculs des cefm;U112570999;Dummy;No;0;No;CTMSRV;NRJNRJ_J1ETRT_04_M;root;;;3snct
NRJ-ENERGY;NRJNRJ_J1ETRT_04_M;NRJNRJ_J1ETRT_04_CAL01_M;"May 22, 2026";;;;Wait for Event;SPEGYCEF3(avRC) : calculs de cefm (SPEGYCEF3.sh mode AVECRC);U112570010.sh;Job;No;0;No;CTMSRV;NRJNRJ_J1ETRT_04_M;root;A_L_ENE12;A_L_ENE12;3sncr
NRJ-ENERGY;NRJNRJ_J1ETRT_04_M;NRJNRJ_J1ETRT_04_CAL02_M;"May 22, 2026";;;;Wait for Event;SPEGYCEF4 : Detection des calculs de cefm (SPEGYCEF4);U112570020.sh;Job;No;0;No;CTMSRV;NRJNRJ_J1ETRT_04_M;root;A_L_ENE12;A_L_ENE12;3sncs
NRJ-ENERGY;NRJNRJ_J1FTRT_04_M;NRJNRJ_J1FTRT_04_CAL01_M;"May 22, 2026";;;;Wait for Event;SPEGYCEF3(ssRC) : calculs de cefm detection mode SANSRC;U112580010.sh;Job;No;0;No;CTMSRV;NRJNRJ_J1FTRT_04_M;root;A_L_ENE12;A_L_ENE12;3smwc
NRJ-ENERGY;NRJNRJ_J1FTRT_04_M;NRJNRJ_J1FTRT_04_CAL02_M;"May 22, 2026";;;;Wait for Event;SPEGYCEF4 : Detection des calculs de cefm (SPEGYCEF4);U112580020.sh;Job;No;0;No;CTMSRV;NRJNRJ_J1FTRT_04_M;root;A_L_ENE12;A_L_ENE12;3smwd
NRJ-ENERGY;NRJNRJ_J1ITRT_04_Q;NRJNRJ_J1ITRT_04_00000_Q;"May 22, 2026";;;;Wait for Event;NRJ : Debut Chaine : Tableaux de bord;U112440;Dummy;No;0;No;CTMSRV;NRJNRJ_J1ITRT_04_Q;root;;;3snay
NRJ-ENERGY;NRJNRJ_J1ITRT_04_Q;NRJNRJ_J1ITRT_04_99999_Q;"May 22, 2026";;;;Wait for Event;NRJ : Fin de chaîne : Tableaux de bord;U112440999;Dummy;No;0;No;CTMSRV;NRJNRJ_J1ITRT_04_Q;root;;;3snax
NRJ-ENERGY;NRJNRJ_J1ITRT_04_Q;NRJNRJ_J1ITRT_04_CAL10_Q;"May 22, 2026";;;;Wait for Event;NRJ : SPEGYTBT1 : 2eme passes calcul tableaux de bord;U112440040.cmd;Job;No;0;No;CTMSRV;NRJNRJ_J1ITRT_04_Q;svce_cm;A_W_ENE14;A_W_ENE14;3snas
NRJ-ENERGY;NRJNRJ_J1ITRT_04_Q;NRJNRJ_J1ITRT_04_CAL97_Q;"May 22, 2026";;;;Wait for Event;NRJ : SPEGYTBT1 : 2eme passes calcul tableaux de bord;U112440010.cmd;Job;No;0;No;CTMSRV;NRJNRJ_J1ITRT_04_Q;svce_cm;A_W_ENE11;A_W_ENE11;3snap
NRJ-ENERGY;NRJNRJ_J1ITRT_04_Q;NRJNRJ_J1ITRT_04_CAL98_Q;"May 22, 2026";;;;Wait for Event;NRJ : SPEGYTBT1 : 2eme passes calcul tableaux de bord;U112440020.cmd;Job;No;0;No;CTMSRV;NRJNRJ_J1ITRT_04_Q;svce_cm;A_W_ENE12;A_W_ENE12;3snaq
NRJ-ENERGY;NRJNRJ_J1ITRT_04_Q;NRJNRJ_J1ITRT_04_CAL99_Q;"May 22, 2026";;;;Wait for Event;NRJ : SPEGYTBT1 : 2eme passes calcul tableaux de bord;U112440030.cmd;Job;No;0;No;CTMSRV;NRJNRJ_J1ITRT_04_Q;svce_cm;A_W_ENE13;A_W_ENE13;3snar
NRJ-ENERGY;NRJNRJ_J1ITRT_04_Q;NRJNRJ_J1ITRT_04_FLG01_Q;"May 22, 2026";;;;Wait for Event;Fin de chaîne : Tableaux de bord FR01;U112440399;Dummy;No;0;No;CTMSRV;NRJNRJ_J1ITRT_04_Q;root;;;3snav
NRJ-ENERGY;NRJNRJ_J1ITRT_04_Q;NRJNRJ_J1ITRT_04_FLG02_Q;"May 22, 2026";;;;Wait for Event;Fin de chaîne : Tableaux de bord FR02;U112440299;Dummy;No;0;No;CTMSRV;NRJNRJ_J1ITRT_04_Q;root;;;3snau
NRJ-ENERGY;NRJNRJ_J1ITRT_04_Q;NRJNRJ_J1ITRT_04_FLG03_Q;"May 22, 2026";;;;Wait for Event;Fin de chaîne : Tableaux de bord FR03;U112440199;Dummy;No;0;No;CTMSRV;NRJNRJ_J1ITRT_04_Q;root;;;3snat
NRJ-ENERGY;NRJNRJ_J1ITRT_04_Q;NRJNRJ_J1ITRT_04_FLG04_Q;"May 22, 2026";;;;Wait for Event;Fin de chaîne : Tableaux de bord FR04;U112440499;Dummy;No;0;No;CTMSRV;NRJNRJ_J1ITRT_04_Q;root;;;3snaw
NRJ-ENERGY;NRJNRJ_J20TRT_04_Q;NRJNRJ_J20TRT_04_WRK01_Q;"May 22, 2026";;;0500;Wait for Event;ENERGY suppression elements jamais actives;NRJNRJ_J20TRT_04_WRK01_Q.ksh;Job;No;0;No;CTMSRV;NRJNRJ_J20TRT_04_Q;dbanrj;A_L_ENE12;A_L_ENE12;3sorn
NRJ-ENERGY;NRJNRJ_J23TRT_04_Q;NRJNRJ_J23TRT_04_WRK01_Q;"May 22, 2026";;;;Wait for Event;NRJ : SPEGYEVT9;NRJNRJ_J23TRT_04_WRK01_Q.ksh;Job;No;0;No;CTMSRV;NRJNRJ_J23TRT_04_Q;dbanrj;A_L_ENE12;A_L_ENE12;3sp0u
NRJ-ENERGY;NRJNRJ_J24TRT_04_Q;NRJNRJ_J24TRT_04_99999_Q;"May 22, 2026";;;;Wait for Event;NRJ : Fin de Chaine : SPEGYPBR1;Fin de chaine SPEGYPBR1;Dummy;No;0;No;CTMSRV;NRJNRJ_J24TRT_04_Q;root;;;3so8z
NRJ-ENERGY;NRJNRJ_J24TRT_04_Q;NRJNRJ_J24TRT_04_CAL10_Q;"May 22, 2026";;;;Wait for Event;SPEGYPBR1.exe: calcul des estimations compteur suivant base référence technique (wdknrji04);NRJNRJ_J24TRT_04_CAL10_Q.cmd;Job;No;0;No;CTMSRV;NRJNRJ_J24TRT_04_Q;svce_cm;A_W_ENE14;A_W_ENE14;3so8w
NRJ-ENERGY;NRJNRJ_J24TRT_04_Q;NRJNRJ_J24TRT_04_CAL97_Q;"May 22, 2026";;;;Wait for Event;SPEGYPBR1.exe: calcul des estimations compteur suivant base référence technique (wdknrji01);NRJNRJ_J24TRT_04_CAL97_Q.cmd;Job;No;0;No;CTMSRV;NRJNRJ_J24TRT_04_Q;svce_cm;A_W_ENE11;A_W_ENE11;3so8x
NRJ-ENERGY;NRJNRJ_J24TRT_04_Q;NRJNRJ_J24TRT_04_CAL98_Q;"May 22, 2026";;;;Wait for Event;SPEGYPBR1.exe: calcul des estimations compteur suivant base référence technique (wdknrji02);NRJNRJ_J24TRT_04_CAL98_Q.cmd;Job;No;0;No;CTMSRV;NRJNRJ_J24TRT_04_Q;svce_cm;A_W_ENE12;A_W_ENE12;3so8y
NRJ-ENERGY;NRJNRJ_J24TRT_04_Q;NRJNRJ_J24TRT_04_CAL99_Q;"May 22, 2026";;;;Wait for Event;SPEGYPBR1.exe: calcul des estimations compteur suivant base référence technique (wdknrji03);NRJNRJ_J24TRT_04_CAL99_Q.cmd;Job;No;0;No;CTMSRV;NRJNRJ_J24TRT_04_Q;svce_cm;A_W_ENE13;A_W_ENE13;3so8v
NRJ-ENERGY;NRJNRJ_J24TRT_04_Q;NRJNRJ_J24TRT_04_Q;"May 22, 2026";;;;Wait for Event;SPEGYPBR1:  calcul des estimations compteur suivant base référence technique;;SMART Table;No;0;No;CTMSRV;NRJNRJ_J24TRT_04_Q;;;;3so8u
NRJ-ENERGY;NRJNRJ_J25TRT_04_Q;NRJNRJ_J25TRT_04_WRK01_Q;"May 22, 2026";;;;Wait for Event;NRJ : Consolidation des index estimés à partir des estimations;SPEGYPBR2.sh;Job;No;0;No;CTMSRV;NRJNRJ_J25TRT_04_Q;dbanrj;A_L_ENE12;A_L_ENE12;3so3l
NRJ-ENERGY;NRJNRJ_J26TRT_04_Q;NRJNRJ_J26TRT_04_99999_Q;"May 22, 2026";;;;Wait for Event;SPEGYEVT10 : Fin de chaîne : Tableaux de bord;U112440999;Dummy;No;0;No;CTMSRV;NRJNRJ_J26TRT_04_Q;root;;;3sp1y
NRJ-ENERGY;NRJNRJ_J26TRT_04_Q;NRJNRJ_J26TRT_04_WRK01_Q;"May 22, 2026";;;;Wait for Event;NRJ : injection automatique des données;SPEGYEVT10.exe;Job;No;0;No;CTMSRV;NRJNRJ_J26TRT_04_Q;dbanrj;A_W_ENE11;A_W_ENE11;3sp1u
NRJ-ENERGY;NRJNRJ_J26TRT_04_Q;NRJNRJ_J26TRT_04_WRK02_Q;"May 22, 2026";;;;Wait for Event;NRJ : injection automatique des données;SPEGYEVT10.exe;Job;No;0;No;CTMSRV;NRJNRJ_J26TRT_04_Q;dbanrj;A_W_ENE13;A_W_ENE13;3sp1x
NRJ-ENERGY;NRJNRJ_J26TRT_04_Q;NRJNRJ_J26TRT_04_WRK03_Q;"May 22, 2026";;;;Wait for Event;NRJ : injection automatique des données;SPEGYEVT10.exe;Job;No;0;No;CTMSRV;NRJNRJ_J26TRT_04_Q;dbanrj;A_W_ENE12;A_W_ENE12;3sp1v
NRJ-ENERGY;NRJNRJ_J26TRT_04_Q;NRJNRJ_J26TRT_04_WRK04_Q;"May 22, 2026";;;;Wait for Event;NRJ : injection automatique des données;SPEGYEVT10.exe;Job;No;0;No;CTMSRV;NRJNRJ_J26TRT_04_Q;dbanrj;A_W_ENE14;A_W_ENE14;3sp1w
NRJ-ENERGY;NRJNRJ_J27TRT_04_Q;NRJNRJ_J27TRT_04_99999_Q;"May 22, 2026";;;;Wait for Event;SPEGYEVT10 : Fin de chaîne : Tableaux de bord;U112440999;Dummy;No;0;No;CTMSRV;NRJNRJ_J27TRT_04_Q;root;;;3sn8j
NRJ-ENERGY;NRJNRJ_J27TRT_04_Q;NRJNRJ_J27TRT_04_WRK01_Q;"May 22, 2026";;;;Wait for Event;NRJ : calcul ratio réel;SPEGYCAL2.exe;Job;No;0;No;CTMSRV;NRJNRJ_J27TRT_04_Q;dbanrj;A_W_ENE11;A_W_ENE11;3sn8f
NRJ-ENERGY;NRJNRJ_J27TRT_04_Q;NRJNRJ_J27TRT_04_WRK02_Q;"May 22, 2026";;;;Wait for Event;NRJ :calcul ratio réel;SPEGYCAL2.exe;Job;No;0;No;CTMSRV;NRJNRJ_J27TRT_04_Q;dbanrj;A_W_ENE13;A_W_ENE13;3sn8i
NRJ-ENERGY;NRJNRJ_J27TRT_04_Q;NRJNRJ_J27TRT_04_WRK03_Q;"May 22, 2026";;;;Wait for Event;NRJ : calcul ratio réel;SPEGYCAL2.exe;Job;No;0;No;CTMSRV;NRJNRJ_J27TRT_04_Q;dbanrj;A_W_ENE12;A_W_ENE12;3sn8g
NRJ-ENERGY;NRJNRJ_J27TRT_04_Q;NRJNRJ_J27TRT_04_WRK04_Q;"May 22, 2026";;;;Wait for Event;NRJ : calcul ratio réel;SPEGYCAL2.exe;Job;No;0;No;CTMSRV;NRJNRJ_J27TRT_04_Q;dbanrj;A_W_ENE14;A_W_ENE14;3sn8h
NRJ-ENERGY;NRJNRJ_J28TRT_04_Q;NRJNRJ_J28TRT_04_WRK01_Q;"May 22, 2026";;;;Wait for Event;NRJ : SPEGYPLA1 :  Orchestration des OT RP1 par Energy dans Orion;SPEGYPLA1.sh;Job;No;0;No;CTMSRV;NRJNRJ_J28TRT_04_Q;dbanrj;A_L_ENE12;A_L_ENE12;3sohu
NRJ-ENERGY;NRJNRJ_K12SVG_03_Q;NRJNRJ_K12SVG_03_ARC01_Q;"May 22, 2026";"May 22, 2026 1:30:10 PM";"May 22, 2026 1:30:10 PM";1300;Wait for Event;Sauvegarde Archivelogs de DBONRJP1  (Base 10g) -;backup_rman_10.sh;Dummy;No;1;Yes;CTMSRV;NRJNRJ_K12SVG_03_Q;oracle;;NOTEXIST;3snsj
NRJ-ENERGY;NRJNRJ_K12SVG_03_Q;NRJNRJ_K12SVG_03_AVA01_Q;"May 22, 2026";;;;Wait for Event;Sauvegarde AVAMAR du serveur UDKNRJP01:serveur decomm depuis le 14062019;LaunchSave.sh;Dummy;No;0;No;CTMSRV;NRJNRJ_K12SVG_03_Q;root;NOTEXIST;NOTEXIST;3snsi
NRJ-ENERGY;NRJNRJ_K12SVG_03_Q;NRJNRJ_K12SVG_03_FLG01_Q;"May 22, 2026";;;;Wait for Event;"Fin des sauvegardes av Batch; base DPRNRJ";U512003910;Dummy;No;0;No;CTMSRV;NRJNRJ_K12SVG_03_Q;root;;;3snsk
NRJ-ENERGY;NRJNRJ_K12SVG_03_Q;NRJNRJ_K12SVG_03_FLG02_Q;"May 22, 2026";;;;Wait for Event;Fin Save av batch redemarrage  DPRNRJ;U512003919;Dummy;No;0;No;CTMSRV;NRJNRJ_K12SVG_03_Q;root;;;3snsl
NRJ-ENERGY;NRJNRJ_K12SVG_03_Q;NRJNRJ_K12SVG_03_NBU02_Q;"May 22, 2026";;;;Wait for Event;Save NBK jour de DPRNRJ sur UDKIFP01;BackupNetbackupRemote.ksh;Dummy;No;0;No;CTMSRV;NRJNRJ_K12SVG_03_Q;root;NOTEXIST;NOTEXIST;3snsm
NRJ-ENERGY;NRJNRJ_K12SVG_03_Q;NRJNRJ_K12SVG_03_NBU10_Q;"May 22, 2026";;;;Wait for Event;Save Netbackup jour de DKAFR-MS100;NetbackupRemoteWinFull.ksh;Dummy;No;0;No;CTMSRV;NRJNRJ_K12SVG_03_Q;root;NOTEXIST;NOTEXIST;3snso
NRJ-ENERGY;NRJNRJ_K12SVG_03_Q;NRJNRJ_K12SVG_03_NBU99_Q;"May 22, 2026";;;;Wait for Event;Save Netbackup jour de DKAFR-MS099;NetbackupRemoteWinFull.ksh;Dummy;No;0;No;CTMSRV;NRJNRJ_K12SVG_03_Q;root;NOTEXIST;NOTEXIST;3snsn
NRJ-ENERGY;NRJNRJ_K12SVG_03_Q;NRJNRJ_K12SVG_03_RMA01_Q;"May 22, 2026";;;;Wait for Event;Sauvegarde RMAN sur disque de DBONRJP1 (Base 10g) -;backup_rman_10.sh;Dummy;No;0;No;CTMSRV;NRJNRJ_K12SVG_03_Q;oracle;NOTEXIST;NOTEXIST;3snsg
NRJ-ENERGY;NRJNRJ_K12SVG_03_Q;NRJNRJ_K12SVG_03_RMA02_Q;"May 22, 2026";;;>;Wait for Event;Sauvegarde RMAN sur bande de DBONRJP1 (Base 10g) -;backup_rman_10.sh;Dummy;No;0;No;CTMSRV;NRJNRJ_K12SVG_03_Q;oracle;NOTEXIST;NOTEXIST;3snsh
NRJ-ENERGY;NRJXXX_B13GEN_06_P;NRJXXX_B13GEN_06_FTP01_P;"May 22, 2026";;;;Wait for Event;NRJ copie fichier BUDGET_*_*.xml vers PFE;FTP_MULTI_GENERIQUE.ksh;Job;No;0;No;CTMSRV;NRJXXX_B13GEN_06_P;root;A_L_PFE11;A_L_PFE11;3soum
NRJ-ENERGY;NRJXXX_B13GEN_06_P;NRJXXX_B13GEN_06_P;"May 22, 2026";"May 22, 2026 1:30:11 PM";;;Executing;NRJ :  interface budgetaire pour les applications CID CELERIS PIRENE;;SMART Table;No;1;No;CTMSRV;NRJXXX_B13GEN_06_P;;;;3souk
NRJ-ENERGY;NRJXXX_B13GEN_06_P;NRJXXX_B13GEN_06_WRK01_P;"May 22, 2026";;;;Wait for Event;NRJ :  interface budgetaire pour les applications CID CELERIS PIRENE;NRJXXX_B13GEN_06_WRK01_P.ksh;Job;No;0;No;CTMSRV;NRJXXX_B13GEN_06_P;dbanrj;A_L_ENE12;A_L_ENE12;3soul
NRJ-ENERGY;NRJXXX_J11GEN_06_Q;NRJXXX_J11GEN_06_EXP01_Q;"May 22, 2026";;;1900;Wait for Event;NRJ : Interface sortante des données PATRIMOINE ENERGY pour DACTECH CID CELERIS PIRENE;IEEGYDTE01.sh;Job;No;0;Yes;CTMSRV;NRJXXX_J11GEN_06_Q;dbanrj;A_L_ENE12;A_L_ENE12;3sn0h
NRJ-ENERGY;NRJXXX_J11GEN_06_Q;NRJXXX_J11GEN_06_FTP01_Q;"May 22, 2026";;;1900;Wait for Event;NRJ : Envoi FTP du PATRIMOINEENERGY*.xml vers PFE;FTP_MULTI_GENERIQUE.ksh;Job;No;0;Yes;CTMSRV;NRJXXX_J11GEN_06_Q;root;A_L_PFE11;A_L_PFE11;3sn0g
NRJ-ENERGY;NRJXXX_J11GEN_06_Q;NRJXXX_J11GEN_06_Q;"May 22, 2026";"May 22, 2026 1:30:10 PM";;;Executing;NRJ : Interface sortante des données PATRIMOINE ENERGY pour DACTECH CID CELERIS PIRENE;;SMART Table;No;1;No;CTMSRV;NRJXXX_J11GEN_06_Q;dbanrj;;;3sn0f
NRJ-ENERGY;NRJXXX_J15GEN_06_H;NRJXXX_J15GEN_06_EXP02_H;"May 22, 2026";;;;Wait for Event;Export full des stations météo le samedi;NRJXXX_J15GEN_06_EXP02_H.ksh;Job;No;0;No;CTMSRV;NRJXXX_J15GEN_06_H;dbanrj;A_L_ENE12;A_L_ENE12;3sodx
NRJ-ENERGY;NRJXXX_J15GEN_06_M;NRJXXX_J15GEN_06_FTP01_M;"May 22, 2026";;;;Wait for Event;NRJ copie fichier CEFM vers PFE;FTP_MULTI_GENERIQUE.ksh;Job;No;0;No;CTMSRV;NRJXXX_J15GEN_06_M;root;A_L_PFE11;A_L_PFE11;3snid
NRJ-ENERGY;NRJXXX_J15GEN_06_M;NRJXXX_J15GEN_06_WRK01_M;"May 22, 2026";;;;Wait for Event;Interface sortante des CEFM POUR CID CELERIS PIRENE (IEEGYCEF01);U112640010.sh;Job;No;0;No;CTMSRV;NRJXXX_J15GEN_06_M;root;A_L_ENE12;A_L_ENE12;3snic
NRJ-ENERGY;NRJXXX_J15GEN_06_Q;NRJXXX_J15GEN_06_EXP01_Q;"May 22, 2026";;;;Wait for Event;Export full des stations météo une fois par jour ( parm2 = 5);NRJXXX_J15GEN_06_EXP01_Q.ksh;Job;No;0;No;CTMSRV;NRJXXX_J15GEN_06_Q;dbanrj;A_L_ENE12;A_L_ENE12;3sood
NRJ-ENERGY;NRJXXX_J15GEN_06_Q;NRJXXX_J15GEN_06_FTP01_Q;"May 22, 2026";;;;Wait for Event;NRJ : Envoi FTP du stationsmeteo vers PFE;FTP_MULTI_GENERIQUE.ksh;Job;No;0;No;CTMSRV;NRJXXX_J15GEN_06_Q;root;A_L_PFE11;A_L_PFE11;3sooe
NRJ-ENERGY;NRJXXX_J15GEN_06_Q;NRJXXX_J15GEN_06_Q;"May 22, 2026";"May 22, 2026 1:30:11 PM";;;Executing;Export full des stations météo une fois par jour;;SMART Table;No;1;No;CTMSRV;NRJXXX_J15GEN_06_Q;;;;3sooc
NRJ-ENERGY;NRJXXX_J16GEN_06_Q;NRJXXX_J16GEN_06_EXP01_Q;"May 22, 2026";;;;Wait for Event;Quotidien : Export des données météo (PARAM=05);NRJXXX_J16GEN_06_EXP01_Q.ksh;Job;No;0;No;CTMSRV;NRJXXX_J16GEN_06_Q;dbanrj;A_L_ENE12;A_L_ENE12;3sn9p
NRJ-ENERGY;NRJXXX_J16GEN_06_Q;NRJXXX_J16GEN_06_FTP01_Q;"May 22, 2026";;;;Wait for Event;NRJ Transfert de donneesmeteo_* vers PFE;FTP_MULTI_GENERIQUE.ksh;Job;No;0;No;CTMSRV;NRJXXX_J16GEN_06_Q;root;A_L_PFE11;A_L_PFE11;3sn9q
NRJ-ENERGY;NRJXXX_J16GEN_06_Q;NRJXXX_J16GEN_06_Q;"May 22, 2026";"May 22, 2026 1:30:10 PM";;;Executing;;;SMART Table;No;1;No;CTMSRV;NRJXXX_J16GEN_06_Q;;;;3sn9o
NRJ-ENERGY;NRJXXX_J17GEN_06_Q;NRJXXX_J17GEN_06_EXP01_Q;"May 22, 2026";;;;Wait for Event;Horaire : Export des données météo (PARAM=14);NRJXXX_J17GEN_06_EXP01_Q.ksh;Job;No;0;No;CTMSRV;NRJXXX_J17GEN_06_Q;dbanrj;A_L_ENE12;A_L_ENE12;3smoo
NRJ-ENERGY;NRJXXX_J17GEN_06_Q;NRJXXX_J17GEN_06_FTP01_Q;"May 22, 2026";;;;Wait for Event;NRJ Transfert de donneesmeteo_* vers PFE;FTP_MULTI_GENERIQUE.ksh;Job;No;0;No;CTMSRV;NRJXXX_J17GEN_06_Q;root;A_L_PFE11;A_L_PFE11;3smop
NRJ-ENERGY;NRJXXX_J17GEN_06_Q;NRJXXX_J17GEN_06_Q;"May 22, 2026";"May 22, 2026 1:30:12 PM";;;Executing;;;SMART Table;No;1;No;CTMSRV;NRJXXX_J17GEN_06_Q;;;;3smon
NRJ-ENERGY;NRJXXX_J18GEN_06_Q;NRJXXX_J18GEN_06_EXP01_Q;"May 22, 2026";;;;Wait for Event;Tri horaire : Export des données météo (PARAM=18);NRJXXX_J18GEN_06_EXP01_Q.ksh;Job;No;0;No;CTMSRV;NRJXXX_J18GEN_06_Q;dbanrj;A_L_ENE12;A_L_ENE12;3smo1
NRJ-ENERGY;NRJXXX_J18GEN_06_Q;NRJXXX_J18GEN_06_FTP01_Q;"May 22, 2026";;;;Wait for Event;NRJ Transfert de donneesmeteo_* vers PFE;FTP_MULTI_GENERIQUE.ksh;Job;No;0;No;CTMSRV;NRJXXX_J18GEN_06_Q;root;A_L_PFE11;A_L_PFE11;3smo2
NRJ-ENERGY;NRJXXX_J18GEN_06_Q;NRJXXX_J18GEN_06_Q;"May 22, 2026";"May 22, 2026 1:30:12 PM";;;Executing;;;SMART Table;No;1;No;CTMSRV;NRJXXX_J18GEN_06_Q;;;;3smo0
NRJ-ENERGY;NRJXXX_J19GEN_06_H;NRJXXX_J19GEN_06_EXP01_H;"May 22, 2026";;;;Wait for Event;Tri horaire : Export des données météo (PARAM=10);NRJXXX_J19GEN_06_EXP01_H.ksh;Job;No;0;No;CTMSRV;NRJXXX_J19GEN_06_H;dbanrj;A_L_ENE12;A_L_ENE12;3son4
NRJ-ENERGY;NRJXXX_J19GEN_06_H;NRJXXX_J19GEN_06_FTP01_H;"May 22, 2026";;;;Wait for Event;NRJ Transfert de donneesmeteo_* vers PFE;FTP_MULTI_GENERIQUE.ksh;Job;No;0;No;CTMSRV;NRJXXX_J19GEN_06_H;root;A_L_PFE11;A_L_PFE11;3son5
NRJ-ENERGY;NRJXXX_J19GEN_06_Q;NRJXXX_J19GEN_06_EXP01_Q;"May 22, 2026";;;;Wait for Event;NRJ : Interface sortante des données ENERGY pour INDICATEUR ENERGY INDICATEUR ELEMENT ENERGY ET EVENEMENT ENERGY POUR DATALAKE EVENEMENT ENERGY POUR CID CELERIS PIRENE;IEEGYLAK01.sh;Job;No;0;No;CTMSRV;NRJXXX_J19GEN_06_Q;dbanrj;A_L_ENE12;A_L_ENE12;3smuf
NRJ-ENERGY;NRJXXX_J19GEN_06_Q;NRJXXX_J19GEN_06_FTP01_Q;"May 22, 2026";;;;Wait for Event;NRJ : Envoi FTP du INDICATEURSENERGY_*.xml vers PFE;FTP_MULTI_GENERIQUE.ksh;Job;No;0;No;CTMSRV;NRJXXX_J19GEN_06_Q;root;A_L_PFE11;A_L_PFE11;3smue
NRJ-ENERGY;NRJXXX_J19GEN_06_Q;NRJXXX_J19GEN_06_FTP02_Q;"May 22, 2026";;;;Wait for Event;NRJ : Envoi FTP du EVENEMENTSENERGY_*.xml vers PFE;FTP_MULTI_GENERIQUE.ksh;Job;No;0;No;CTMSRV;NRJXXX_J19GEN_06_Q;root;A_L_PFE11;A_L_PFE11;3smug
NRJ-ENERGY;NRJXXX_J19GEN_06_Q;NRJXXX_J19GEN_06_FTP03_Q;"May 22, 2026";;;;Wait for Event;NRJ : Envoi FTP du INDICATEURSELEMENTENERGY_*.xml vers PFE;FTP_MULTI_GENERIQUE.ksh;Job;No;0;No;CTMSRV;NRJXXX_J19GEN_06_Q;root;A_L_PFE11;A_L_PFE11;3smuh
NRJ-ENERGY;NRJXXX_J19GEN_06_Q;NRJXXX_J19GEN_06_Q;"May 22, 2026";"May 22, 2026 1:30:10 PM";;;Executing;NRJ : Interface sortante des données ENERGY pour INDICATEUR ENERGY INDICATEUR ELEMENT ENERGY ET EVENEMENT ENERGY POUR DATALAKE EVENEMENT ENERGY POUR CID CELERIS PIRENE;;SMART Table;No;1;No;CTMSRV;NRJXXX_J19GEN_06_Q;dbanrj;;;3smud
NRJ-ENERGY;NRJXXX_J20GEN_06_Q;NRJXXX_J20GEN_06_EXP01_Q;"May 22, 2026";;;;Wait for Event;Tri horaire : Export des données météo (PARAM=09);NRJXXX_J20GEN_06_EXP01_Q.ksh;Job;No;0;No;CTMSRV;NRJXXX_J20GEN_06_Q;dbanrj;A_L_ENE12;A_L_ENE12;3smpg
NRJ-ENERGY;NRJXXX_J20GEN_06_Q;NRJXXX_J20GEN_06_FTP01_Q;"May 22, 2026";;;;Wait for Event;NRJ Transfert de donneesmeteo_* vers PFE;FTP_MULTI_GENERIQUE.ksh;Job;No;0;No;CTMSRV;NRJXXX_J20GEN_06_Q;root;A_L_PFE11;A_L_PFE11;3smph
OCPU;OCPARR_E11STP_01;OCPARR_E11STP_01;"May 22, 2026";;;;Wait for Event;;;SMART Table;No;0;No;CTMSRV;OCPARR_E11STP_01;oracle;;;3sovy
OCPU;OCPARR_E11STP_01;ORAOCP_E11STP_00_STP01_Q;"May 22, 2026";;;;Wait for Event;arret des  OCPU  GESTION  --mis en dummy tempo --;opc-action.ksh;Job;No;0;No;CTMSRV;OCPARR_E11STP_01;root;A_L_OEM02;A_L_OEM02;3sovz
OCPU;OCPETI_E11ARR_01;OCPETI_E11ARR_01;"May 22, 2026";;;;Wait for Event;;;SMART Table;No;0;No;CTMSRV;OCPETI_E11ARR_01;;;;3snac
OCPU;OCPETI_E11ARR_01;OCPETI_E11ARR_11_FLAG01_Q;"May 22, 2026";;;;Wait for Event;arret des OCPU sur la pre-production;flags-opc.ksh;Job;No;0;No;CTMSRV;OCPETI_E11ARR_01;ocpuflags;A_L_OEM02;A_L_OEM02;3snaf
OCPU;OCPETI_E11ARR_01;OCPETI_E11ARR_12_ARR02_Q;"May 22, 2026";;;;Wait for Event;mail ::diminution des OCPU sur la  eti -mis en dummy tempo --;opc-action.ksh;Job;No;0;No;CTMSRV;OCPETI_E11ARR_01;root;A_L_OEM02;A_L_OEM02;3snad
OCPU;OCPETI_E11ARR_01;OCPETI_E11ARR_13_TST02_Q;"May 22, 2026";;;;Wait for Event;mail ::test diminution des OCPU sur la  eti -mis en dummy tempo --;opc-action.ksh;Job;No;0;No;CTMSRV;OCPETI_E11ARR_01;root;A_L_OEM02;A_L_OEM02;3snag
OCPU;OCPETI_E11ARR_01;OCPETI_E11ARR_15_FLAG01_Q;"May 22, 2026";;;;Wait for Event;mail ::diminution des OCPU sur la  eti;flags-opc.ksh;Job;No;0;No;CTMSRV;OCPETI_E11ARR_01;ocpuflags;A_L_OEM02;A_L_OEM02;3snae
ORA-ORA;CDBCRT_K13SVG_01_Q;CDBCRT_K13SVG_02_ARCH_Q;"May 22, 2026";;;;Wait for Event;Sauvegarde EXACC : Backup Arch -CRT standby;;Command;No;0;No;CTMSRV;CDBCRT_K13SVG_01_Q1;oracle;A_L_OEM03;A_L_OEM03;3sn8a
ORA-ORA;CDBDTR_K13SVG_01_Q;CDBDTR_K13SVG_02_INC01_Q;"May 22, 2026";;;;Wait for Event;Sauvegarde EXACC : TEST;;Command;No;0;No;CTMSRV;CDBDTR_K13SVG_01_Q;oracle;A_L_OEM02;A_L_OEM02;3sor5
ORA-ORA;CDBFIN_K13SVG_01_Q;CDBFIN_K13SVG_02_ARCH_Q;"May 22, 2026";;;;Wait for Event;Sauvegarde EXACC : Backup Finance archive rman intermediaire;;Command;No;0;No;CTMSRV;CDBFIN_K13SVG_01_Q;oracle;A_L_OEM02;A_L_OEM02;3snxm
ORA-ORA;CDBNRJ_K13SVG_01_Q;CDBNRJ_K13SVG_02_INC01_Q;"May 22, 2026";;;;Wait for Event;Sauvegarde EXACC : backup NRJ inc1 quotidienne en semaine du lundi au samedi;;Command;No;0;No;CTMSRV;CDBNRJ_K13SVG_01_H;oracle;A_L_OEM02;A_L_OEM02;3sosl
ORA-ORA;CDBPFE_K13SVG_01_Q;CDBPFE_K13SVG_02_INC01_Q;"May 22, 2026";;;;Wait for Event;Sauvegarde EXACC : Backup Full - inc1 PFE;;Command;No;0;No;CTMSRV;CDBPFE_K13SVG_01_Q;oracle;A_L_OEM02;A_L_OEM02;3sn2a
ORA-ORA;CDBSSO_K13SVG_01_Q;CDBSSO_K13SVG_02_INC01_Q;"May 22, 2026";;;;Wait for Event;Sauvegarde EXACC : Backup Full - inc1 SSO;;Command;No;0;No;CTMSRV;CDBSSO_K13SVG_01_Q1;oracle;A_L_OEM02;A_L_OEM02;3snvh
PKI-PKI;CRTPKI_J11TRT_04_Q;CRTPKI_J11_TRT_04_PRT_Q;"May 22, 2026";"May 22, 2026 1:45:00 PM";"May 22, 2026 1:45:07 PM";2359;Wait for Event;script sofrel ::Sofrel.ps1;"powershell -command ""Sofrel.ps1""";Command;No;4;Yes;CTMSRV;CRTPKI_J11TRT_04_Q;WDKCRTSFP01\NETWORK SERVICE;wdkcrtsfp01;A_W_CRTSF01;3sn6y
PKI-PKI;PKICRT_J11TRT_04_Q;PKICRT_J11TRT_04_Q;"May 22, 2026";"May 22, 2026 1:30:11 PM";;;Executing;;;SMART Table;No;1;No;CTMSRV;PKICRT_J11TRT_04_Q;;;;3socc
PKI-PKI;PKICRT_J11TRT_04_Q;PKICRT_J11_TRT_04_PRT_Q;"May 22, 2026";;;>;Wait for Event;generation de la CRL;;Command;No;0;No;CTMSRV;PKICRT_J11TRT_04_Q;crtprd\pki-adm-srv;A_W_CRTPK10;A_W_CRTPK10;3socd
PKI-PKI;PKIPKI_EXPLOI_04_Q;PKIPKI_EXPLOI_04_GEN01_Q;"May 22, 2026";;;;Wait for Event;Génération de la CRL;certutil.exe;Command;No;0;No;CTMSRV;PKIPKI_EXPLOI_04_Q;svce_cm;A_W_PKI10;A_W_PKI10;3soaj
PKI-PKI;PKIPKI_EXPLOI_04_Q;PKIPKI_EXPLOI_04_MDB01_Q;"May 22, 2026";;;;Wait for Event;Maintenance de la Base de donnée;maintenance_DB.ps1;Command;No;0;No;CTMSRV;PKIPKI_EXPLOI_04_Q;svce_cm;A_W_PKI10;A_W_PKI10;3soal
PKI-PKI;PKIPKI_EXPLOI_04_Q;PKIPKI_EXPLOI_04_PUR01_Q;"May 22, 2026";;;;Wait for Event;Purge des sauvegardes de logs;Purge_des_fichiers_de_logs.ps1;Command;No;0;No;CTMSRV;PKIPKI_EXPLOI_04_Q;svce_cm;A_W_PKI10;A_W_PKI10;3soai
PKI-PKI;PKIPKI_EXPLOI_04_Q;PKIPKI_EXPLOI_04_Q;"May 22, 2026";"May 22, 2026 1:30:11 PM";;;Executing;Traitement en interne pour l'application PKI avec reboot;;SMART Table;No;1;No;CTMSRV;PKIPKI_EXPLOI_04_Q;;;;3soah
PKI-PKI;PKIPKI_EXPLOI_04_Q;PKIPKI_EXPLOI_04_SVG01_Q;"May 22, 2026";;;;Wait for Event;Sauvegarde;Backup.ps1;Command;No;0;No;CTMSRV;PKIPKI_EXPLOI_04_Q;svce_cm;A_W_PKI10;A_W_PKI10;3soak
PKI-PKI;PKIPKI_K11SVG_03_Q;PKIPKI_K11SVG_03_Q;"May 22, 2026";"May 22, 2026 1:30:12 PM";"May 22, 2026 1:32:21 PM";;Ended OK;;;SMART Table;No;1;No;CTMSRV;PKIPKI_K11SVG_03_Q;;ldkctmp50;;3sp4c
PKI-PKI;PKIPKI_K11SVG_03_Q;PKIPKI_K11SVG_03_SAV_Q;"May 22, 2026";"May 22, 2026 1:30:12 PM";"May 22, 2026 1:32:20 PM";0100;Ended OK;Backup de l'enviroment PKI;backup.cmd;Job;No;1;No;CTMSRV;PKIPKI_K11SVG_03_Q;crtprd\pki-adm-srv;wdkcrtpkp10;A_W_CRTPK10;3sp4d
SI-GESTION;MAINTENANCE_OEM_GESTION;MAINTENANCE_OEM_GESTION;"May 22, 2026";"May 22, 2026 1:30:10 PM";"May 22, 2026 1:30:15 PM";;Ended OK;MAINTENANCE_OEM_GESTION;;SMART Table;No;1;No;CTMSRV;MAINTENANCE_OEM_GESTION;;;;3snim
SRN-SIRENE;SRNSRN_J11FLX_07_Q;SRNSRN_J11FLX_07_MOV01_Q;"May 22, 2026";;;;Wait for Event;SRN : Move du fichier SIRENE_Etablissement_*.csv vers la PFE;;Command;No;0;No;CTMSRV;SRNSRN_J11FLX_07_Q;root;A_L_SRN01;A_L_SRN01;3souy
SRN-SIRENE;SRNSRN_J11FLX_07_Q;SRNSRN_J11FLX_07_MOV02_Q;"May 22, 2026";;;;Wait for Event;SRN : Move du fichier SIRENE_Entreprise_*.csv vers la PFE;;Command;No;0;No;CTMSRV;SRNSRN_J11FLX_07_Q;root;A_L_SRN01;A_L_SRN01;3souz
SRN-SIRENE;SRNSRN_J11FLX_07_Q;SRNSRN_J11FLX_07_Q;"May 22, 2026";;;;Wait for Event;;;SMART Table;No;0;No;CTMSRV;SRNSRN_J11FLX_07_Q;;;;3soux
SRN-SIRENE;SRNSRN_J11TRT_04_Q;SRNSRN_J11TRT_04_Q;"May 22, 2026";"May 22, 2026 1:30:11 PM";;;Executing;;;SMART Table;No;1;No;CTMSRV;SRNSRN_J11TRT_04_Q;;;;3snzf
SRN-SIRENE;SRNSRN_J11TRT_04_Q;SRNSRN_J11TRT_04_WRK01_Q;"May 22, 2026";"May 22, 2026 1:30:11 PM";;;Executing;SRN : Batch de mise a jour depuis la base INSEE;insee.sh;Job;No;1;No;CTMSRV;SRNSRN_J11TRT_04_Q;dalkia-adm;ldksrnp01;A_L_SRN01;3snzg
SRN-SIRENE;SRNSRN_J11TRT_04_Q;SRNSRN_J11TRT_04_WRK02_Q;"May 22, 2026";;;;Wait for Event;SRN : Batch de diffusion des mises a jour partenaires;diffusion-quotidienne.sh;Job;No;0;No;CTMSRV;SRNSRN_J11TRT_04_Q;dalkia-adm;A_L_SRN01;A_L_SRN01;3snzh
