[   37830ms] [WARNING] WebSocket onclose @ http://localhost:8504/static/js/index.CcFifQPt.js:28
[   38308ms] [ERROR] Failed to load resource: net::ERR_CONNECTION_REFUSED @ http://localhost:8504/_stcore/health:0
[   38308ms] [ERROR] Failed to load resource: net::ERR_CONNECTION_REFUSED @ http://localhost:8504/_stcore/host-config:0
[   38426ms] [ERROR] Failed to load resource: net::ERR_CONNECTION_REFUSED @ http://localhost:8504/_stcore/health:0
[   38426ms] [ERROR] Failed to load resource: net::ERR_CONNECTION_REFUSED @ http://localhost:8504/_stcore/host-config:0
[   38628ms] [ERROR] Failed to load resource: net::ERR_CONNECTION_REFUSED @ http://localhost:8504/_stcore/health:0
[   38628ms] [ERROR] Failed to load resource: net::ERR_CONNECTION_REFUSED @ http://localhost:8504/_stcore/host-config:0
[   39042ms] [ERROR] Failed to load resource: net::ERR_CONNECTION_REFUSED @ http://localhost:8504/_stcore/health:0
[   39043ms] [ERROR] Failed to load resource: net::ERR_CONNECTION_REFUSED @ http://localhost:8504/_stcore/host-config:0
[   39789ms] [ERROR] Failed to load resource: net::ERR_CONNECTION_REFUSED @ http://localhost:8504/_stcore/health:0
[   39789ms] [ERROR] Failed to load resource: net::ERR_CONNECTION_REFUSED @ http://localhost:8504/_stcore/host-config:0
[   41130ms] [ERROR] Failed to load resource: net::ERR_CONNECTION_REFUSED @ http://localhost:8504/_stcore/health:0
[   41130ms] [ERROR] Client Error in reaching server endpoint - No response received when attempting to reach /_stcore/health @ http://localhost:8504/static/js/index.CcFifQPt.js:27
[   41131ms] [ERROR] Is Streamlit still running? If you accidentally stopped Streamlit, just restart it in your terminal: @ http://localhost:8504/static/js/index.CcFifQPt.js:32
[   41131ms] [ERROR] Failed to load resource: net::ERR_CONNECTION_REFUSED @ http://localhost:8504/_stcore/host-config:0
[   43803ms] [ERROR] Failed to load resource: net::ERR_CONNECTION_REFUSED @ http://localhost:8504/_stcore/health:0
[   43803ms] [ERROR] Client Error in reaching server endpoint - No response received when attempting to reach /_stcore/health @ http://localhost:8504/static/js/index.CcFifQPt.js:27
[   43804ms] [ERROR] Is Streamlit still running? If you accidentally stopped Streamlit, just restart it in your terminal: @ http://localhost:8504/static/js/index.CcFifQPt.js:32
[   43804ms] [ERROR] Failed to load resource: net::ERR_CONNECTION_REFUSED @ http://localhost:8504/_stcore/host-config:0
[   47485ms] [ERROR] Failed to load resource: net::ERR_CONNECTION_REFUSED @ http://localhost:8504/_stcore/health:0
[   47486ms] [ERROR] Client Error in reaching server endpoint - No response received when attempting to reach /_stcore/health @ http://localhost:8504/static/js/index.CcFifQPt.js:27
[   47486ms] [ERROR] Is Streamlit still running? If you accidentally stopped Streamlit, just restart it in your terminal: @ http://localhost:8504/static/js/index.CcFifQPt.js:32
[   47486ms] [ERROR] Failed to load resource: net::ERR_CONNECTION_REFUSED @ http://localhost:8504/_stcore/host-config:0
[   50728ms] [ERROR] Failed to load resource: net::ERR_CONNECTION_REFUSED @ http://localhost:8504/_stcore/health:0
[   50728ms] [ERROR] Client Error in reaching server endpoint - No response received when attempting to reach /_stcore/health @ http://localhost:8504/static/js/index.CcFifQPt.js:27
[   50728ms] [ERROR] Is Streamlit still running? If you accidentally stopped Streamlit, just restart it in your terminal: @ http://localhost:8504/static/js/index.CcFifQPt.js:32
[   50759ms] [ERROR] Failed to load resource: net::ERR_CONNECTION_REFUSED @ http://localhost:8504/_stcore/host-config:0
[   53733ms] [ERROR] Failed to load resource: net::ERR_CONNECTION_REFUSED @ http://localhost:8504/_stcore/health:0
[   53733ms] [ERROR] Client Error in reaching server endpoint - No response received when attempting to reach /_stcore/health @ http://localhost:8504/static/js/index.CcFifQPt.js:27
[   53733ms] [ERROR] Is Streamlit still running? If you accidentally stopped Streamlit, just restart it in your terminal: @ http://localhost:8504/static/js/index.CcFifQPt.js:32
[   53733ms] [ERROR] Failed to load resource: net::ERR_CONNECTION_REFUSED @ http://localhost:8504/_stcore/host-config:0
[   56599ms] [ERROR] Failed to load resource: net::ERR_CONNECTION_REFUSED @ http://localhost:8504/_stcore/health:0
[   56599ms] [ERROR] Client Error in reaching server endpoint - No response received when attempting to reach /_stcore/health @ http://localhost:8504/static/js/index.CcFifQPt.js:27
[   56599ms] [ERROR] Is Streamlit still running? If you accidentally stopped Streamlit, just restart it in your terminal: @ http://localhost:8504/static/js/index.CcFifQPt.js:32
[   56600ms] [ERROR] Failed to load resource: net::ERR_CONNECTION_REFUSED @ http://localhost:8504/_stcore/host-config:0
[   59426ms] [ERROR] Failed to load resource: net::ERR_CONNECTION_REFUSED @ http://localhost:8504/_stcore/health:0
[   59426ms] [ERROR] Client Error in reaching server endpoint - No response received when attempting to reach /_stcore/health @ http://localhost:8504/static/js/index.CcFifQPt.js:27
[   59426ms] [ERROR] Is Streamlit still running? If you accidentally stopped Streamlit, just restart it in your terminal: @ http://localhost:8504/static/js/index.CcFifQPt.js:32
[   59456ms] [ERROR] Failed to load resource: net::ERR_CONNECTION_REFUSED @ http://localhost:8504/_stcore/host-config:0
[   62493ms] [ERROR] Failed to load resource: net::ERR_CONNECTION_REFUSED @ http://localhost:8504/_stcore/health:0
[   62493ms] [ERROR] Client Error in reaching server endpoint - No response received when attempting to reach /_stcore/health @ http://localhost:8504/static/js/index.CcFifQPt.js:27
[   62493ms] [ERROR] Is Streamlit still running? If you accidentally stopped Streamlit, just restart it in your terminal: @ http://localhost:8504/static/js/index.CcFifQPt.js:32
[   62521ms] [ERROR] Failed to load resource: net::ERR_CONNECTION_REFUSED @ http://localhost:8504/_stcore/host-config:0
[   66223ms] [ERROR] Failed to load resource: net::ERR_CONNECTION_REFUSED @ http://localhost:8504/_stcore/health:0
[   66224ms] [ERROR] Client Error in reaching server endpoint - No response received when attempting to reach /_stcore/health @ http://localhost:8504/static/js/index.CcFifQPt.js:27
[   66224ms] [ERROR] Is Streamlit still running? If you accidentally stopped Streamlit, just restart it in your terminal: @ http://localhost:8504/static/js/index.CcFifQPt.js:32
[   66256ms] [ERROR] Failed to load resource: net::ERR_CONNECTION_REFUSED @ http://localhost:8504/_stcore/host-config:0
[   69448ms] [ERROR] Failed to load resource: net::ERR_CONNECTION_REFUSED @ http://localhost:8504/_stcore/health:0
[   69448ms] [ERROR] Client Error in reaching server endpoint - No response received when attempting to reach /_stcore/health @ http://localhost:8504/static/js/index.CcFifQPt.js:27
[   69448ms] [ERROR] Is Streamlit still running? If you accidentally stopped Streamlit, just restart it in your terminal: @ http://localhost:8504/static/js/index.CcFifQPt.js:32
[   69479ms] [ERROR] Failed to load resource: net::ERR_CONNECTION_REFUSED @ http://localhost:8504/_stcore/host-config:0
[   73096ms] [ERROR] Failed to load resource: net::ERR_CONNECTION_REFUSED @ http://localhost:8504/_stcore/health:0
[   73097ms] [ERROR] Client Error in reaching server endpoint - No response received when attempting to reach /_stcore/health @ http://localhost:8504/static/js/index.CcFifQPt.js:27
[   73097ms] [ERROR] Is Streamlit still running? If you accidentally stopped Streamlit, just restart it in your terminal: @ http://localhost:8504/static/js/index.CcFifQPt.js:32
[   73098ms] [ERROR] Failed to load resource: net::ERR_CONNECTION_REFUSED @ http://localhost:8504/_stcore/host-config:0
[   76109ms] [ERROR] Failed to load resource: net::ERR_CONNECTION_REFUSED @ http://localhost:8504/_stcore/health:0
[   76109ms] [ERROR] Client Error in reaching server endpoint - No response received when attempting to reach /_stcore/health @ http://localhost:8504/static/js/index.CcFifQPt.js:27
[   76109ms] [ERROR] Is Streamlit still running? If you accidentally stopped Streamlit, just restart it in your terminal: @ http://localhost:8504/static/js/index.CcFifQPt.js:32
[   76136ms] [ERROR] Failed to load resource: net::ERR_CONNECTION_REFUSED @ http://localhost:8504/_stcore/host-config:0
[   79106ms] [ERROR] Failed to load resource: net::ERR_CONNECTION_REFUSED @ http://localhost:8504/_stcore/health:0
[   79106ms] [ERROR] Client Error in reaching server endpoint - No response received when attempting to reach /_stcore/health @ http://localhost:8504/static/js/index.CcFifQPt.js:27
[   79106ms] [ERROR] Is Streamlit still running? If you accidentally stopped Streamlit, just restart it in your terminal: @ http://localhost:8504/static/js/index.CcFifQPt.js:32
[   79125ms] [ERROR] Failed to load resource: net::ERR_CONNECTION_REFUSED @ http://localhost:8504/_stcore/host-config:0
[   82863ms] [ERROR] Failed to load resource: net::ERR_CONNECTION_REFUSED @ http://localhost:8504/_stcore/health:0
[   82863ms] [ERROR] Client Error in reaching server endpoint - No response received when attempting to reach /_stcore/health @ http://localhost:8504/static/js/index.CcFifQPt.js:27
[   82863ms] [ERROR] Is Streamlit still running? If you accidentally stopped Streamlit, just restart it in your terminal: @ http://localhost:8504/static/js/index.CcFifQPt.js:32
[   82863ms] [ERROR] Failed to load resource: net::ERR_CONNECTION_REFUSED @ http://localhost:8504/_stcore/host-config:0
[   86682ms] [ERROR] Failed to load resource: net::ERR_CONNECTION_REFUSED @ http://localhost:8504/_stcore/health:0
[   86682ms] [ERROR] Client Error in reaching server endpoint - No response received when attempting to reach /_stcore/health @ http://localhost:8504/static/js/index.CcFifQPt.js:27
[   86683ms] [ERROR] Is Streamlit still running? If you accidentally stopped Streamlit, just restart it in your terminal: @ http://localhost:8504/static/js/index.CcFifQPt.js:32
[   86683ms] [ERROR] Failed to load resource: net::ERR_CONNECTION_REFUSED @ http://localhost:8504/_stcore/host-config:0
[   90698ms] [ERROR] Failed to load resource: net::ERR_CONNECTION_REFUSED @ http://localhost:8504/_stcore/health:0
[   90699ms] [ERROR] Client Error in reaching server endpoint - No response received when attempting to reach /_stcore/health @ http://localhost:8504/static/js/index.CcFifQPt.js:27
[   90699ms] [ERROR] Is Streamlit still running? If you accidentally stopped Streamlit, just restart it in your terminal: @ http://localhost:8504/static/js/index.CcFifQPt.js:32
[   90699ms] [ERROR] Failed to load resource: net::ERR_CONNECTION_REFUSED @ http://localhost:8504/_stcore/host-config:0
[   93872ms] [ERROR] Failed to load resource: net::ERR_CONNECTION_REFUSED @ http://localhost:8504/_stcore/health:0
[   93872ms] [ERROR] Client Error in reaching server endpoint - No response received when attempting to reach /_stcore/health @ http://localhost:8504/static/js/index.CcFifQPt.js:27
[   93872ms] [ERROR] Is Streamlit still running? If you accidentally stopped Streamlit, just restart it in your terminal: @ http://localhost:8504/static/js/index.CcFifQPt.js:32
[   93873ms] [ERROR] Failed to load resource: net::ERR_CONNECTION_REFUSED @ http://localhost:8504/_stcore/host-config:0
[   97790ms] [ERROR] Failed to load resource: net::ERR_CONNECTION_REFUSED @ http://localhost:8504/_stcore/health:0
[   97790ms] [ERROR] Client Error in reaching server endpoint - No response received when attempting to reach /_stcore/health @ http://localhost:8504/static/js/index.CcFifQPt.js:27
[   97791ms] [ERROR] Is Streamlit still running? If you accidentally stopped Streamlit, just restart it in your terminal: @ http://localhost:8504/static/js/index.CcFifQPt.js:32
[   97820ms] [ERROR] Failed to load resource: net::ERR_CONNECTION_REFUSED @ http://localhost:8504/_stcore/host-config:0
[  101002ms] [ERROR] Failed to load resource: net::ERR_CONNECTION_REFUSED @ http://localhost:8504/_stcore/health:0
[  101002ms] [ERROR] Client Error in reaching server endpoint - No response received when attempting to reach /_stcore/health @ http://localhost:8504/static/js/index.CcFifQPt.js:27
[  101002ms] [ERROR] Is Streamlit still running? If you accidentally stopped Streamlit, just restart it in your terminal: @ http://localhost:8504/static/js/index.CcFifQPt.js:32
[  101002ms] [ERROR] Failed to load resource: net::ERR_CONNECTION_REFUSED @ http://localhost:8504/_stcore/host-config:0
[  104052ms] [ERROR] Failed to load resource: net::ERR_CONNECTION_REFUSED @ http://localhost:8504/_stcore/health:0
[  104052ms] [ERROR] Client Error in reaching server endpoint - No response received when attempting to reach /_stcore/health @ http://localhost:8504/static/js/index.CcFifQPt.js:27
[  104052ms] [ERROR] Is Streamlit still running? If you accidentally stopped Streamlit, just restart it in your terminal: @ http://localhost:8504/static/js/index.CcFifQPt.js:32
[  104052ms] [ERROR] Failed to load resource: net::ERR_CONNECTION_REFUSED @ http://localhost:8504/_stcore/host-config:0
[  107514ms] [ERROR] Failed to load resource: net::ERR_CONNECTION_REFUSED @ http://localhost:8504/_stcore/health:0
[  107514ms] [ERROR] Client Error in reaching server endpoint - No response received when attempting to reach /_stcore/health @ http://localhost:8504/static/js/index.CcFifQPt.js:27
[  107514ms] [ERROR] Is Streamlit still running? If you accidentally stopped Streamlit, just restart it in your terminal: @ http://localhost:8504/static/js/index.CcFifQPt.js:32
[  107514ms] [ERROR] Failed to load resource: net::ERR_CONNECTION_REFUSED @ http://localhost:8504/_stcore/host-config:0
[  110478ms] [ERROR] Failed to load resource: net::ERR_CONNECTION_REFUSED @ http://localhost:8504/_stcore/health:0
[  110479ms] [ERROR] Client Error in reaching server endpoint - No response received when attempting to reach /_stcore/health @ http://localhost:8504/static/js/index.CcFifQPt.js:27
[  110479ms] [ERROR] Is Streamlit still running? If you accidentally stopped Streamlit, just restart it in your terminal: @ http://localhost:8504/static/js/index.CcFifQPt.js:32
[  110505ms] [ERROR] Failed to load resource: net::ERR_CONNECTION_REFUSED @ http://localhost:8504/_stcore/host-config:0
[  114007ms] [ERROR] Failed to load resource: net::ERR_CONNECTION_REFUSED @ http://localhost:8504/_stcore/health:0
[  114007ms] [ERROR] Client Error in reaching server endpoint - No response received when attempting to reach /_stcore/health @ http://localhost:8504/static/js/index.CcFifQPt.js:27
[  114007ms] [ERROR] Is Streamlit still running? If you accidentally stopped Streamlit, just restart it in your terminal: @ http://localhost:8504/static/js/index.CcFifQPt.js:32
[  114008ms] [ERROR] Failed to load resource: net::ERR_CONNECTION_REFUSED @ http://localhost:8504/_stcore/host-config:0
[  117791ms] [ERROR] Failed to load resource: net::ERR_CONNECTION_REFUSED @ http://localhost:8504/_stcore/health:0
[  117792ms] [ERROR] Client Error in reaching server endpoint - No response received when attempting to reach /_stcore/health @ http://localhost:8504/static/js/index.CcFifQPt.js:27
[  117792ms] [ERROR] Is Streamlit still running? If you accidentally stopped Streamlit, just restart it in your terminal: @ http://localhost:8504/static/js/index.CcFifQPt.js:32
[  117792ms] [ERROR] Failed to load resource: net::ERR_CONNECTION_REFUSED @ http://localhost:8504/_stcore/host-config:0
[  121362ms] [ERROR] Failed to load resource: net::ERR_CONNECTION_REFUSED @ http://localhost:8504/_stcore/health:0
[  121362ms] [ERROR] Client Error in reaching server endpoint - No response received when attempting to reach /_stcore/health @ http://localhost:8504/static/js/index.CcFifQPt.js:27
[  121363ms] [ERROR] Is Streamlit still running? If you accidentally stopped Streamlit, just restart it in your terminal: @ http://localhost:8504/static/js/index.CcFifQPt.js:32
[  121388ms] [ERROR] Failed to load resource: net::ERR_CONNECTION_REFUSED @ http://localhost:8504/_stcore/host-config:0
[  124216ms] [ERROR] Failed to load resource: net::ERR_CONNECTION_REFUSED @ http://localhost:8504/_stcore/health:0
[  124217ms] [ERROR] Client Error in reaching server endpoint - No response received when attempting to reach /_stcore/health @ http://localhost:8504/static/js/index.CcFifQPt.js:27
[  124217ms] [ERROR] Is Streamlit still running? If you accidentally stopped Streamlit, just restart it in your terminal: @ http://localhost:8504/static/js/index.CcFifQPt.js:32
[  124218ms] [ERROR] Failed to load resource: net::ERR_CONNECTION_REFUSED @ http://localhost:8504/_stcore/host-config:0
[  127399ms] [ERROR] Failed to load resource: net::ERR_CONNECTION_REFUSED @ http://localhost:8504/_stcore/health:0
[  127399ms] [ERROR] Client Error in reaching server endpoint - No response received when attempting to reach /_stcore/health @ http://localhost:8504/static/js/index.CcFifQPt.js:27
[  127399ms] [ERROR] Is Streamlit still running? If you accidentally stopped Streamlit, just restart it in your terminal: @ http://localhost:8504/static/js/index.CcFifQPt.js:32
[  127400ms] [ERROR] Failed to load resource: net::ERR_CONNECTION_REFUSED @ http://localhost:8504/_stcore/host-config:0
[  131237ms] [ERROR] Failed to load resource: net::ERR_CONNECTION_REFUSED @ http://localhost:8504/_stcore/health:0
[  131237ms] [ERROR] Client Error in reaching server endpoint - No response received when attempting to reach /_stcore/health @ http://localhost:8504/static/js/index.CcFifQPt.js:27
[  131237ms] [ERROR] Is Streamlit still running? If you accidentally stopped Streamlit, just restart it in your terminal: @ http://localhost:8504/static/js/index.CcFifQPt.js:32
[  131254ms] [ERROR] Failed to load resource: net::ERR_CONNECTION_REFUSED @ http://localhost:8504/_stcore/host-config:0
[  134829ms] [ERROR] Failed to load resource: net::ERR_CONNECTION_REFUSED @ http://localhost:8504/_stcore/health:0
[  134829ms] [ERROR] Client Error in reaching server endpoint - No response received when attempting to reach /_stcore/health @ http://localhost:8504/static/js/index.CcFifQPt.js:27
[  134829ms] [ERROR] Is Streamlit still running? If you accidentally stopped Streamlit, just restart it in your terminal: @ http://localhost:8504/static/js/index.CcFifQPt.js:32
[  134830ms] [ERROR] Failed to load resource: net::ERR_CONNECTION_REFUSED @ http://localhost:8504/_stcore/host-config:0
[  138574ms] [ERROR] Failed to load resource: net::ERR_CONNECTION_REFUSED @ http://localhost:8504/_stcore/health:0
[  138575ms] [ERROR] Client Error in reaching server endpoint - No response received when attempting to reach /_stcore/health @ http://localhost:8504/static/js/index.CcFifQPt.js:27
[  138575ms] [ERROR] Is Streamlit still running? If you accidentally stopped Streamlit, just restart it in your terminal: @ http://localhost:8504/static/js/index.CcFifQPt.js:32
[  138575ms] [ERROR] Failed to load resource: net::ERR_CONNECTION_REFUSED @ http://localhost:8504/_stcore/host-config:0
[  141854ms] [ERROR] Failed to load resource: net::ERR_CONNECTION_REFUSED @ http://localhost:8504/_stcore/health:0
[  141854ms] [ERROR] Client Error in reaching server endpoint - No response received when attempting to reach /_stcore/health @ http://localhost:8504/static/js/index.CcFifQPt.js:27
[  141855ms] [ERROR] Is Streamlit still running? If you accidentally stopped Streamlit, just restart it in your terminal: @ http://localhost:8504/static/js/index.CcFifQPt.js:32
[  141856ms] [ERROR] Failed to load resource: net::ERR_CONNECTION_REFUSED @ http://localhost:8504/_stcore/host-config:0
[  145573ms] [ERROR] Failed to load resource: net::ERR_CONNECTION_REFUSED @ http://localhost:8504/_stcore/health:0
[  145573ms] [ERROR] Client Error in reaching server endpoint - No response received when attempting to reach /_stcore/health @ http://localhost:8504/static/js/index.CcFifQPt.js:27
[  145573ms] [ERROR] Is Streamlit still running? If you accidentally stopped Streamlit, just restart it in your terminal: @ http://localhost:8504/static/js/index.CcFifQPt.js:32
[  145573ms] [ERROR] Failed to load resource: net::ERR_CONNECTION_REFUSED @ http://localhost:8504/_stcore/host-config:0
[  148473ms] [ERROR] Failed to load resource: net::ERR_CONNECTION_REFUSED @ http://localhost:8504/_stcore/health:0
[  148473ms] [ERROR] Client Error in reaching server endpoint - No response received when attempting to reach /_stcore/health @ http://localhost:8504/static/js/index.CcFifQPt.js:27
[  148473ms] [ERROR] Is Streamlit still running? If you accidentally stopped Streamlit, just restart it in your terminal: @ http://localhost:8504/static/js/index.CcFifQPt.js:32
[  148502ms] [ERROR] Failed to load resource: net::ERR_CONNECTION_REFUSED @ http://localhost:8504/_stcore/host-config:0
[  152308ms] [ERROR] Failed to load resource: net::ERR_CONNECTION_REFUSED @ http://localhost:8504/_stcore/health:0
[  152308ms] [ERROR] Client Error in reaching server endpoint - No response received when attempting to reach /_stcore/health @ http://localhost:8504/static/js/index.CcFifQPt.js:27
[  152308ms] [ERROR] Is Streamlit still running? If you accidentally stopped Streamlit, just restart it in your terminal: @ http://localhost:8504/static/js/index.CcFifQPt.js:32
[  152308ms] [ERROR] Failed to load resource: net::ERR_CONNECTION_REFUSED @ http://localhost:8504/_stcore/host-config:0
[  155462ms] [ERROR] Failed to load resource: net::ERR_CONNECTION_REFUSED @ http://localhost:8504/_stcore/health:0
[  155463ms] [ERROR] Client Error in reaching server endpoint - No response received when attempting to reach /_stcore/health @ http://localhost:8504/static/js/index.CcFifQPt.js:27
[  155463ms] [ERROR] Is Streamlit still running? If you accidentally stopped Streamlit, just restart it in your terminal: @ http://localhost:8504/static/js/index.CcFifQPt.js:32
[  155494ms] [ERROR] Failed to load resource: net::ERR_CONNECTION_REFUSED @ http://localhost:8504/_stcore/host-config:0
[  158728ms] [ERROR] Failed to load resource: net::ERR_CONNECTION_REFUSED @ http://localhost:8504/_stcore/health:0
[  158728ms] [ERROR] Client Error in reaching server endpoint - No response received when attempting to reach /_stcore/health @ http://localhost:8504/static/js/index.CcFifQPt.js:27
[  158728ms] [ERROR] Is Streamlit still running? If you accidentally stopped Streamlit, just restart it in your terminal: @ http://localhost:8504/static/js/index.CcFifQPt.js:32
[  158729ms] [ERROR] Failed to load resource: net::ERR_CONNECTION_REFUSED @ http://localhost:8504/_stcore/host-config:0
[  162219ms] [ERROR] Failed to load resource: net::ERR_CONNECTION_REFUSED @ http://localhost:8504/_stcore/health:0
[  162220ms] [ERROR] Client Error in reaching server endpoint - No response received when attempting to reach /_stcore/health @ http://localhost:8504/static/js/index.CcFifQPt.js:27
[  162220ms] [ERROR] Is Streamlit still running? If you accidentally stopped Streamlit, just restart it in your terminal: @ http://localhost:8504/static/js/index.CcFifQPt.js:32
[  162247ms] [ERROR] Failed to load resource: net::ERR_CONNECTION_REFUSED @ http://localhost:8504/_stcore/host-config:0
[  165555ms] [ERROR] Failed to load resource: net::ERR_CONNECTION_REFUSED @ http://localhost:8504/_stcore/health:0
[  165555ms] [ERROR] Client Error in reaching server endpoint - No response received when attempting to reach /_stcore/health @ http://localhost:8504/static/js/index.CcFifQPt.js:27
[  165555ms] [ERROR] Is Streamlit still running? If you accidentally stopped Streamlit, just restart it in your terminal: @ http://localhost:8504/static/js/index.CcFifQPt.js:32
[  165556ms] [ERROR] Failed to load resource: net::ERR_CONNECTION_REFUSED @ http://localhost:8504/_stcore/host-config:0
[  168880ms] [ERROR] Failed to load resource: net::ERR_CONNECTION_REFUSED @ http://localhost:8504/_stcore/health:0
[  168880ms] [ERROR] Client Error in reaching server endpoint - No response received when attempting to reach /_stcore/health @ http://localhost:8504/static/js/index.CcFifQPt.js:27
[  168881ms] [ERROR] Is Streamlit still running? If you accidentally stopped Streamlit, just restart it in your terminal: @ http://localhost:8504/static/js/index.CcFifQPt.js:32
[  168881ms] [ERROR] Failed to load resource: net::ERR_CONNECTION_REFUSED @ http://localhost:8504/_stcore/host-config:0
[  172601ms] [ERROR] Failed to load resource: net::ERR_CONNECTION_REFUSED @ http://localhost:8504/_stcore/health:0
[  172601ms] [ERROR] Client Error in reaching server endpoint - No response received when attempting to reach /_stcore/health @ http://localhost:8504/static/js/index.CcFifQPt.js:27
[  172601ms] [ERROR] Is Streamlit still running? If you accidentally stopped Streamlit, just restart it in your terminal: @ http://localhost:8504/static/js/index.CcFifQPt.js:32
[  172602ms] [ERROR] Failed to load resource: net::ERR_CONNECTION_REFUSED @ http://localhost:8504/_stcore/host-config:0
[  176356ms] [ERROR] Failed to load resource: net::ERR_CONNECTION_REFUSED @ http://localhost:8504/_stcore/health:0
[  176356ms] [ERROR] Client Error in reaching server endpoint - No response received when attempting to reach /_stcore/health @ http://localhost:8504/static/js/index.CcFifQPt.js:27
[  176356ms] [ERROR] Is Streamlit still running? If you accidentally stopped Streamlit, just restart it in your terminal: @ http://localhost:8504/static/js/index.CcFifQPt.js:32
[  176381ms] [ERROR] Failed to load resource: net::ERR_CONNECTION_REFUSED @ http://localhost:8504/_stcore/host-config:0
[  179992ms] [ERROR] Failed to load resource: net::ERR_CONNECTION_REFUSED @ http://localhost:8504/_stcore/health:0
[  179992ms] [ERROR] Client Error in reaching server endpoint - No response received when attempting to reach /_stcore/health @ http://localhost:8504/static/js/index.CcFifQPt.js:27
[  179993ms] [ERROR] Is Streamlit still running? If you accidentally stopped Streamlit, just restart it in your terminal: @ http://localhost:8504/static/js/index.CcFifQPt.js:32
[  180023ms] [ERROR] Failed to load resource: net::ERR_CONNECTION_REFUSED @ http://localhost:8504/_stcore/host-config:0
[  183443ms] [ERROR] Failed to load resource: net::ERR_CONNECTION_REFUSED @ http://localhost:8504/_stcore/health:0
[  183443ms] [ERROR] Client Error in reaching server endpoint - No response received when attempting to reach /_stcore/health @ http://localhost:8504/static/js/index.CcFifQPt.js:27
[  183444ms] [ERROR] Is Streamlit still running? If you accidentally stopped Streamlit, just restart it in your terminal: @ http://localhost:8504/static/js/index.CcFifQPt.js:32
[  183444ms] [ERROR] Failed to load resource: net::ERR_CONNECTION_REFUSED @ http://localhost:8504/_stcore/host-config:0
[  187451ms] [ERROR] Failed to load resource: net::ERR_CONNECTION_REFUSED @ http://localhost:8504/_stcore/health:0
[  187451ms] [ERROR] Client Error in reaching server endpoint - No response received when attempting to reach /_stcore/health @ http://localhost:8504/static/js/index.CcFifQPt.js:27
[  187451ms] [ERROR] Is Streamlit still running? If you accidentally stopped Streamlit, just restart it in your terminal: @ http://localhost:8504/static/js/index.CcFifQPt.js:32
[  187452ms] [ERROR] Failed to load resource: net::ERR_CONNECTION_REFUSED @ http://localhost:8504/_stcore/host-config:0
[  190571ms] [ERROR] Failed to load resource: net::ERR_CONNECTION_REFUSED @ http://localhost:8504/_stcore/health:0
[  190571ms] [ERROR] Client Error in reaching server endpoint - No response received when attempting to reach /_stcore/health @ http://localhost:8504/static/js/index.CcFifQPt.js:27
[  190571ms] [ERROR] Is Streamlit still running? If you accidentally stopped Streamlit, just restart it in your terminal: @ http://localhost:8504/static/js/index.CcFifQPt.js:32
[  190572ms] [ERROR] Failed to load resource: net::ERR_CONNECTION_REFUSED @ http://localhost:8504/_stcore/host-config:0
[  194190ms] [ERROR] Failed to load resource: net::ERR_CONNECTION_REFUSED @ http://localhost:8504/_stcore/health:0
[  194191ms] [ERROR] Client Error in reaching server endpoint - No response received when attempting to reach /_stcore/health @ http://localhost:8504/static/js/index.CcFifQPt.js:27
[  194191ms] [ERROR] Is Streamlit still running? If you accidentally stopped Streamlit, just restart it in your terminal: @ http://localhost:8504/static/js/index.CcFifQPt.js:32
[  194191ms] [ERROR] Failed to load resource: net::ERR_CONNECTION_REFUSED @ http://localhost:8504/_stcore/host-config:0
[  197345ms] [ERROR] Failed to load resource: net::ERR_CONNECTION_REFUSED @ http://localhost:8504/_stcore/health:0
[  197345ms] [ERROR] Client Error in reaching server endpoint - No response received when attempting to reach /_stcore/health @ http://localhost:8504/static/js/index.CcFifQPt.js:27
[  197346ms] [ERROR] Is Streamlit still running? If you accidentally stopped Streamlit, just restart it in your terminal: @ http://localhost:8504/static/js/index.CcFifQPt.js:32
[  197377ms] [ERROR] Failed to load resource: net::ERR_CONNECTION_REFUSED @ http://localhost:8504/_stcore/host-config:0
[  200318ms] [ERROR] Failed to load resource: net::ERR_CONNECTION_REFUSED @ http://localhost:8504/_stcore/health:0
[  200318ms] [ERROR] Client Error in reaching server endpoint - No response received when attempting to reach /_stcore/health @ http://localhost:8504/static/js/index.CcFifQPt.js:27
[  200318ms] [ERROR] Is Streamlit still running? If you accidentally stopped Streamlit, just restart it in your terminal: @ http://localhost:8504/static/js/index.CcFifQPt.js:32
[  200320ms] [ERROR] Failed to load resource: net::ERR_CONNECTION_REFUSED @ http://localhost:8504/_stcore/host-config:0
[  203979ms] [ERROR] Failed to load resource: net::ERR_CONNECTION_REFUSED @ http://localhost:8504/_stcore/health:0
[  203979ms] [ERROR] Client Error in reaching server endpoint - No response received when attempting to reach /_stcore/health @ http://localhost:8504/static/js/index.CcFifQPt.js:27
[  203979ms] [ERROR] Is Streamlit still running? If you accidentally stopped Streamlit, just restart it in your terminal: @ http://localhost:8504/static/js/index.CcFifQPt.js:32
[  204008ms] [ERROR] Failed to load resource: net::ERR_CONNECTION_REFUSED @ http://localhost:8504/_stcore/host-config:0
[  207242ms] [ERROR] Failed to load resource: net::ERR_CONNECTION_REFUSED @ http://localhost:8504/_stcore/health:0
[  207242ms] [ERROR] Client Error in reaching server endpoint - No response received when attempting to reach /_stcore/health @ http://localhost:8504/static/js/index.CcFifQPt.js:27
[  207242ms] [ERROR] Is Streamlit still running? If you accidentally stopped Streamlit, just restart it in your terminal: @ http://localhost:8504/static/js/index.CcFifQPt.js:32
[  207242ms] [ERROR] Failed to load resource: net::ERR_CONNECTION_REFUSED @ http://localhost:8504/_stcore/host-config:0
[  211219ms] [ERROR] Failed to load resource: net::ERR_CONNECTION_REFUSED @ http://localhost:8504/_stcore/health:0
[  211219ms] [ERROR] Client Error in reaching server endpoint - No response received when attempting to reach /_stcore/health @ http://localhost:8504/static/js/index.CcFifQPt.js:27
[  211220ms] [ERROR] Is Streamlit still running? If you accidentally stopped Streamlit, just restart it in your terminal: @ http://localhost:8504/static/js/index.CcFifQPt.js:32
[  211220ms] [ERROR] Failed to load resource: net::ERR_CONNECTION_REFUSED @ http://localhost:8504/_stcore/host-config:0
[  214757ms] [ERROR] Failed to load resource: net::ERR_CONNECTION_REFUSED @ http://localhost:8504/_stcore/health:0
[  214758ms] [ERROR] Client Error in reaching server endpoint - No response received when attempting to reach /_stcore/health @ http://localhost:8504/static/js/index.CcFifQPt.js:27
[  214758ms] [ERROR] Is Streamlit still running? If you accidentally stopped Streamlit, just restart it in your terminal: @ http://localhost:8504/static/js/index.CcFifQPt.js:32
[  214758ms] [ERROR] Failed to load resource: net::ERR_CONNECTION_REFUSED @ http://localhost:8504/_stcore/host-config:0
[  218189ms] [ERROR] Failed to load resource: net::ERR_CONNECTION_REFUSED @ http://localhost:8504/_stcore/health:0
[  218189ms] [ERROR] Client Error in reaching server endpoint - No response received when attempting to reach /_stcore/health @ http://localhost:8504/static/js/index.CcFifQPt.js:27
[  218189ms] [ERROR] Is Streamlit still running? If you accidentally stopped Streamlit, just restart it in your terminal: @ http://localhost:8504/static/js/index.CcFifQPt.js:32
[  218218ms] [ERROR] Failed to load resource: net::ERR_CONNECTION_REFUSED @ http://localhost:8504/_stcore/host-config:0
[  221753ms] [ERROR] Failed to load resource: net::ERR_CONNECTION_REFUSED @ http://localhost:8504/_stcore/health:0
[  221753ms] [ERROR] Client Error in reaching server endpoint - No response received when attempting to reach /_stcore/health @ http://localhost:8504/static/js/index.CcFifQPt.js:27
[  221753ms] [ERROR] Is Streamlit still running? If you accidentally stopped Streamlit, just restart it in your terminal: @ http://localhost:8504/static/js/index.CcFifQPt.js:32
[  221753ms] [ERROR] Failed to load resource: net::ERR_CONNECTION_REFUSED @ http://localhost:8504/_stcore/host-config:0
[  225353ms] [ERROR] Failed to load resource: net::ERR_CONNECTION_REFUSED @ http://localhost:8504/_stcore/health:0
[  225353ms] [ERROR] Client Error in reaching server endpoint - No response received when attempting to reach /_stcore/health @ http://localhost:8504/static/js/index.CcFifQPt.js:27
[  225353ms] [ERROR] Is Streamlit still running? If you accidentally stopped Streamlit, just restart it in your terminal: @ http://localhost:8504/static/js/index.CcFifQPt.js:32
[  225354ms] [ERROR] Failed to load resource: net::ERR_CONNECTION_REFUSED @ http://localhost:8504/_stcore/host-config:0
[  228224ms] [ERROR] Failed to load resource: net::ERR_CONNECTION_REFUSED @ http://localhost:8504/_stcore/health:0
[  228224ms] [ERROR] Client Error in reaching server endpoint - No response received when attempting to reach /_stcore/health @ http://localhost:8504/static/js/index.CcFifQPt.js:27
[  228224ms] [ERROR] Is Streamlit still running? If you accidentally stopped Streamlit, just restart it in your terminal: @ http://localhost:8504/static/js/index.CcFifQPt.js:32
[  228225ms] [ERROR] Failed to load resource: net::ERR_CONNECTION_REFUSED @ http://localhost:8504/_stcore/host-config:0
[  231989ms] [ERROR] Failed to load resource: net::ERR_CONNECTION_REFUSED @ http://localhost:8504/_stcore/health:0
[  231990ms] [ERROR] Client Error in reaching server endpoint - No response received when attempting to reach /_stcore/health @ http://localhost:8504/static/js/index.CcFifQPt.js:27
[  231990ms] [ERROR] Is Streamlit still running? If you accidentally stopped Streamlit, just restart it in your terminal: @ http://localhost:8504/static/js/index.CcFifQPt.js:32
[  231990ms] [ERROR] Failed to load resource: net::ERR_CONNECTION_REFUSED @ http://localhost:8504/_stcore/host-config:0
[  235512ms] [ERROR] Failed to load resource: net::ERR_CONNECTION_REFUSED @ http://localhost:8504/_stcore/health:0
[  235513ms] [ERROR] Client Error in reaching server endpoint - No response received when attempting to reach /_stcore/health @ http://localhost:8504/static/js/index.CcFifQPt.js:27
[  235513ms] [ERROR] Is Streamlit still running? If you accidentally stopped Streamlit, just restart it in your terminal: @ http://localhost:8504/static/js/index.CcFifQPt.js:32
[  235513ms] [ERROR] Failed to load resource: net::ERR_CONNECTION_REFUSED @ http://localhost:8504/_stcore/host-config:0
[  238506ms] [ERROR] Failed to load resource: net::ERR_CONNECTION_REFUSED @ http://localhost:8504/_stcore/health:0
[  238507ms] [ERROR] Client Error in reaching server endpoint - No response received when attempting to reach /_stcore/health @ http://localhost:8504/static/js/index.CcFifQPt.js:27
[  238507ms] [ERROR] Is Streamlit still running? If you accidentally stopped Streamlit, just restart it in your terminal: @ http://localhost:8504/static/js/index.CcFifQPt.js:32
[  238507ms] [ERROR] Failed to load resource: net::ERR_CONNECTION_REFUSED @ http://localhost:8504/_stcore/host-config:0
[  242103ms] [ERROR] Failed to load resource: net::ERR_CONNECTION_REFUSED @ http://localhost:8504/_stcore/health:0
[  242103ms] [ERROR] Client Error in reaching server endpoint - No response received when attempting to reach /_stcore/health @ http://localhost:8504/static/js/index.CcFifQPt.js:27
[  242103ms] [ERROR] Is Streamlit still running? If you accidentally stopped Streamlit, just restart it in your terminal: @ http://localhost:8504/static/js/index.CcFifQPt.js:32
[  242103ms] [ERROR] Failed to load resource: net::ERR_CONNECTION_REFUSED @ http://localhost:8504/_stcore/host-config:0
[  245219ms] [ERROR] Failed to load resource: net::ERR_CONNECTION_REFUSED @ http://localhost:8504/_stcore/health:0
[  245220ms] [ERROR] Client Error in reaching server endpoint - No response received when attempting to reach /_stcore/health @ http://localhost:8504/static/js/index.CcFifQPt.js:27
[  245220ms] [ERROR] Is Streamlit still running? If you accidentally stopped Streamlit, just restart it in your terminal: @ http://localhost:8504/static/js/index.CcFifQPt.js:32
[  245220ms] [ERROR] Failed to load resource: net::ERR_CONNECTION_REFUSED @ http://localhost:8504/_stcore/host-config:0
[  248369ms] [ERROR] Failed to load resource: net::ERR_CONNECTION_REFUSED @ http://localhost:8504/_stcore/health:0
[  248370ms] [ERROR] Client Error in reaching server endpoint - No response received when attempting to reach /_stcore/health @ http://localhost:8504/static/js/index.CcFifQPt.js:27
[  248370ms] [ERROR] Is Streamlit still running? If you accidentally stopped Streamlit, just restart it in your terminal: @ http://localhost:8504/static/js/index.CcFifQPt.js:32
[  248370ms] [ERROR] Failed to load resource: net::ERR_CONNECTION_REFUSED @ http://localhost:8504/_stcore/host-config:0
[  252173ms] [ERROR] Failed to load resource: net::ERR_CONNECTION_REFUSED @ http://localhost:8504/_stcore/health:0
[  252173ms] [ERROR] Client Error in reaching server endpoint - No response received when attempting to reach /_stcore/health @ http://localhost:8504/static/js/index.CcFifQPt.js:27
[  252173ms] [ERROR] Is Streamlit still running? If you accidentally stopped Streamlit, just restart it in your terminal: @ http://localhost:8504/static/js/index.CcFifQPt.js:32
[  252174ms] [ERROR] Failed to load resource: net::ERR_CONNECTION_REFUSED @ http://localhost:8504/_stcore/host-config:0
[  255961ms] [ERROR] Failed to load resource: net::ERR_CONNECTION_REFUSED @ http://localhost:8504/_stcore/health:0
[  255961ms] [ERROR] Client Error in reaching server endpoint - No response received when attempting to reach /_stcore/health @ http://localhost:8504/static/js/index.CcFifQPt.js:27
[  255962ms] [ERROR] Is Streamlit still running? If you accidentally stopped Streamlit, just restart it in your terminal: @ http://localhost:8504/static/js/index.CcFifQPt.js:32
[  255962ms] [ERROR] Failed to load resource: net::ERR_CONNECTION_REFUSED @ http://localhost:8504/_stcore/host-config:0
[  259180ms] [ERROR] Failed to load resource: net::ERR_CONNECTION_REFUSED @ http://localhost:8504/_stcore/health:0
[  259180ms] [ERROR] Client Error in reaching server endpoint - No response received when attempting to reach /_stcore/health @ http://localhost:8504/static/js/index.CcFifQPt.js:27
[  259180ms] [ERROR] Is Streamlit still running? If you accidentally stopped Streamlit, just restart it in your terminal: @ http://localhost:8504/static/js/index.CcFifQPt.js:32
[  259181ms] [ERROR] Failed to load resource: net::ERR_CONNECTION_REFUSED @ http://localhost:8504/_stcore/host-config:0
[  262173ms] [ERROR] Failed to load resource: net::ERR_CONNECTION_REFUSED @ http://localhost:8504/_stcore/health:0
[  262173ms] [ERROR] Client Error in reaching server endpoint - No response received when attempting to reach /_stcore/health @ http://localhost:8504/static/js/index.CcFifQPt.js:27
[  262173ms] [ERROR] Is Streamlit still running? If you accidentally stopped Streamlit, just restart it in your terminal: @ http://localhost:8504/static/js/index.CcFifQPt.js:32
[  262174ms] [ERROR] Failed to load resource: net::ERR_CONNECTION_REFUSED @ http://localhost:8504/_stcore/host-config:0
[  265227ms] [ERROR] Failed to load resource: net::ERR_CONNECTION_REFUSED @ http://localhost:8504/_stcore/health:0
[  265227ms] [ERROR] Client Error in reaching server endpoint - No response received when attempting to reach /_stcore/health @ http://localhost:8504/static/js/index.CcFifQPt.js:27
[  265228ms] [ERROR] Is Streamlit still running? If you accidentally stopped Streamlit, just restart it in your terminal: @ http://localhost:8504/static/js/index.CcFifQPt.js:32
[  265228ms] [ERROR] Failed to load resource: net::ERR_CONNECTION_REFUSED @ http://localhost:8504/_stcore/host-config:0
[  268813ms] [ERROR] Failed to load resource: net::ERR_CONNECTION_REFUSED @ http://localhost:8504/_stcore/health:0
[  268814ms] [ERROR] Client Error in reaching server endpoint - No response received when attempting to reach /_stcore/health @ http://localhost:8504/static/js/index.CcFifQPt.js:27
[  268814ms] [ERROR] Is Streamlit still running? If you accidentally stopped Streamlit, just restart it in your terminal: @ http://localhost:8504/static/js/index.CcFifQPt.js:32
[  268815ms] [ERROR] Failed to load resource: net::ERR_CONNECTION_REFUSED @ http://localhost:8504/_stcore/host-config:0
[  272051ms] [ERROR] Failed to load resource: net::ERR_CONNECTION_REFUSED @ http://localhost:8504/_stcore/health:0
[  272052ms] [ERROR] Client Error in reaching server endpoint - No response received when attempting to reach /_stcore/health @ http://localhost:8504/static/js/index.CcFifQPt.js:27
[  272052ms] [ERROR] Is Streamlit still running? If you accidentally stopped Streamlit, just restart it in your terminal: @ http://localhost:8504/static/js/index.CcFifQPt.js:32
[  272052ms] [ERROR] Failed to load resource: net::ERR_CONNECTION_REFUSED @ http://localhost:8504/_stcore/host-config:0
[  276034ms] [ERROR] Failed to load resource: net::ERR_CONNECTION_REFUSED @ http://localhost:8504/_stcore/health:0
[  276034ms] [ERROR] Client Error in reaching server endpoint - No response received when attempting to reach /_stcore/health @ http://localhost:8504/static/js/index.CcFifQPt.js:27
[  276034ms] [ERROR] Is Streamlit still running? If you accidentally stopped Streamlit, just restart it in your terminal: @ http://localhost:8504/static/js/index.CcFifQPt.js:32
[  276035ms] [ERROR] Failed to load resource: net::ERR_CONNECTION_REFUSED @ http://localhost:8504/_stcore/host-config:0
[  278853ms] [ERROR] Failed to load resource: net::ERR_CONNECTION_REFUSED @ http://localhost:8504/_stcore/health:0
[  278853ms] [ERROR] Client Error in reaching server endpoint - No response received when attempting to reach /_stcore/health @ http://localhost:8504/static/js/index.CcFifQPt.js:27
[  278854ms] [ERROR] Is Streamlit still running? If you accidentally stopped Streamlit, just restart it in your terminal: @ http://localhost:8504/static/js/index.CcFifQPt.js:32
[  278854ms] [ERROR] Failed to load resource: net::ERR_CONNECTION_REFUSED @ http://localhost:8504/_stcore/host-config:0
[  282668ms] [ERROR] Failed to load resource: net::ERR_CONNECTION_REFUSED @ http://localhost:8504/_stcore/health:0
[  282669ms] [ERROR] Client Error in reaching server endpoint - No response received when attempting to reach /_stcore/health @ http://localhost:8504/static/js/index.CcFifQPt.js:27
[  282669ms] [ERROR] Is Streamlit still running? If you accidentally stopped Streamlit, just restart it in your terminal: @ http://localhost:8504/static/js/index.CcFifQPt.js:32
[  282669ms] [ERROR] Failed to load resource: net::ERR_CONNECTION_REFUSED @ http://localhost:8504/_stcore/host-config:0
[  286117ms] [ERROR] Failed to load resource: net::ERR_CONNECTION_REFUSED @ http://localhost:8504/_stcore/health:0
[  286118ms] [ERROR] Client Error in reaching server endpoint - No response received when attempting to reach /_stcore/health @ http://localhost:8504/static/js/index.CcFifQPt.js:27
[  286118ms] [ERROR] Is Streamlit still running? If you accidentally stopped Streamlit, just restart it in your terminal: @ http://localhost:8504/static/js/index.CcFifQPt.js:32
[  286118ms] [ERROR] Failed to load resource: net::ERR_CONNECTION_REFUSED @ http://localhost:8504/_stcore/host-config:0
[  289518ms] [ERROR] Failed to load resource: net::ERR_CONNECTION_REFUSED @ http://localhost:8504/_stcore/health:0
[  289518ms] [ERROR] Client Error in reaching server endpoint - No response received when attempting to reach /_stcore/health @ http://localhost:8504/static/js/index.CcFifQPt.js:27
[  289519ms] [ERROR] Is Streamlit still running? If you accidentally stopped Streamlit, just restart it in your terminal: @ http://localhost:8504/static/js/index.CcFifQPt.js:32
[  289542ms] [ERROR] Failed to load resource: net::ERR_CONNECTION_REFUSED @ http://localhost:8504/_stcore/host-config:0
[  293289ms] [ERROR] Failed to load resource: net::ERR_CONNECTION_REFUSED @ http://localhost:8504/_stcore/health:0
[  293289ms] [ERROR] Client Error in reaching server endpoint - No response received when attempting to reach /_stcore/health @ http://localhost:8504/static/js/index.CcFifQPt.js:27
[  293290ms] [ERROR] Is Streamlit still running? If you accidentally stopped Streamlit, just restart it in your terminal: @ http://localhost:8504/static/js/index.CcFifQPt.js:32
[  293318ms] [ERROR] Failed to load resource: net::ERR_CONNECTION_REFUSED @ http://localhost:8504/_stcore/host-config:0
[  296346ms] [ERROR] Failed to load resource: net::ERR_CONNECTION_REFUSED @ http://localhost:8504/_stcore/health:0
[  296346ms] [ERROR] Client Error in reaching server endpoint - No response received when attempting to reach /_stcore/health @ http://localhost:8504/static/js/index.CcFifQPt.js:27
[  296346ms] [ERROR] Is Streamlit still running? If you accidentally stopped Streamlit, just restart it in your terminal: @ http://localhost:8504/static/js/index.CcFifQPt.js:32
[  296346ms] [ERROR] Failed to load resource: net::ERR_CONNECTION_REFUSED @ http://localhost:8504/_stcore/host-config:0
[  299362ms] [ERROR] Failed to load resource: net::ERR_CONNECTION_REFUSED @ http://localhost:8504/_stcore/health:0
[  299362ms] [ERROR] Client Error in reaching server endpoint - No response received when attempting to reach /_stcore/health @ http://localhost:8504/static/js/index.CcFifQPt.js:27
[  299362ms] [ERROR] Is Streamlit still running? If you accidentally stopped Streamlit, just restart it in your terminal: @ http://localhost:8504/static/js/index.CcFifQPt.js:32
[  299362ms] [ERROR] Failed to load resource: net::ERR_CONNECTION_REFUSED @ http://localhost:8504/_stcore/host-config:0
[  302887ms] [ERROR] Failed to load resource: net::ERR_CONNECTION_REFUSED @ http://localhost:8504/_stcore/health:0
[  302887ms] [ERROR] Client Error in reaching server endpoint - No response received when attempting to reach /_stcore/health @ http://localhost:8504/static/js/index.CcFifQPt.js:27
[  302887ms] [ERROR] Is Streamlit still running? If you accidentally stopped Streamlit, just restart it in your terminal: @ http://localhost:8504/static/js/index.CcFifQPt.js:32
[  302889ms] [ERROR] Failed to load resource: net::ERR_CONNECTION_REFUSED @ http://localhost:8504/_stcore/host-config:0
[  306848ms] [ERROR] Failed to load resource: net::ERR_CONNECTION_REFUSED @ http://localhost:8504/_stcore/health:0
[  306848ms] [ERROR] Client Error in reaching server endpoint - No response received when attempting to reach /_stcore/health @ http://localhost:8504/static/js/index.CcFifQPt.js:27
[  306848ms] [ERROR] Is Streamlit still running? If you accidentally stopped Streamlit, just restart it in your terminal: @ http://localhost:8504/static/js/index.CcFifQPt.js:32
[  306848ms] [ERROR] Failed to load resource: net::ERR_CONNECTION_REFUSED @ http://localhost:8504/_stcore/host-config:0
[  309698ms] [ERROR] Failed to load resource: net::ERR_CONNECTION_REFUSED @ http://localhost:8504/_stcore/health:0
[  309698ms] [ERROR] Client Error in reaching server endpoint - No response received when attempting to reach /_stcore/health @ http://localhost:8504/static/js/index.CcFifQPt.js:27
[  309698ms] [ERROR] Is Streamlit still running? If you accidentally stopped Streamlit, just restart it in your terminal: @ http://localhost:8504/static/js/index.CcFifQPt.js:32
[  309699ms] [ERROR] Failed to load resource: net::ERR_CONNECTION_REFUSED @ http://localhost:8504/_stcore/host-config:0
[  313439ms] [ERROR] Failed to load resource: net::ERR_CONNECTION_REFUSED @ http://localhost:8504/_stcore/health:0
[  313439ms] [ERROR] Client Error in reaching server endpoint - No response received when attempting to reach /_stcore/health @ http://localhost:8504/static/js/index.CcFifQPt.js:27
[  313440ms] [ERROR] Is Streamlit still running? If you accidentally stopped Streamlit, just restart it in your terminal: @ http://localhost:8504/static/js/index.CcFifQPt.js:32
[  313440ms] [ERROR] Failed to load resource: net::ERR_CONNECTION_REFUSED @ http://localhost:8504/_stcore/host-config:0
[  316316ms] [ERROR] Failed to load resource: net::ERR_CONNECTION_REFUSED @ http://localhost:8504/_stcore/health:0
[  316316ms] [ERROR] Client Error in reaching server endpoint - No response received when attempting to reach /_stcore/health @ http://localhost:8504/static/js/index.CcFifQPt.js:27
[  316317ms] [ERROR] Is Streamlit still running? If you accidentally stopped Streamlit, just restart it in your terminal: @ http://localhost:8504/static/js/index.CcFifQPt.js:32
[  316317ms] [ERROR] Failed to load resource: net::ERR_CONNECTION_REFUSED @ http://localhost:8504/_stcore/host-config:0
[  319893ms] [ERROR] Failed to load resource: net::ERR_CONNECTION_REFUSED @ http://localhost:8504/_stcore/health:0
[  319893ms] [ERROR] Client Error in reaching server endpoint - No response received when attempting to reach /_stcore/health @ http://localhost:8504/static/js/index.CcFifQPt.js:27
[  319893ms] [ERROR] Is Streamlit still running? If you accidentally stopped Streamlit, just restart it in your terminal: @ http://localhost:8504/static/js/index.CcFifQPt.js:32
[  319893ms] [ERROR] Failed to load resource: net::ERR_CONNECTION_REFUSED @ http://localhost:8504/_stcore/host-config:0
[  323151ms] [ERROR] Failed to load resource: net::ERR_CONNECTION_REFUSED @ http://localhost:8504/_stcore/health:0
[  323151ms] [ERROR] Client Error in reaching server endpoint - No response received when attempting to reach /_stcore/health @ http://localhost:8504/static/js/index.CcFifQPt.js:27
[  323151ms] [ERROR] Is Streamlit still running? If you accidentally stopped Streamlit, just restart it in your terminal: @ http://localhost:8504/static/js/index.CcFifQPt.js:32
[  323152ms] [ERROR] Failed to load resource: net::ERR_CONNECTION_REFUSED @ http://localhost:8504/_stcore/host-config:0
[  326953ms] [ERROR] Failed to load resource: net::ERR_CONNECTION_REFUSED @ http://localhost:8504/_stcore/health:0
[  326953ms] [ERROR] Client Error in reaching server endpoint - No response received when attempting to reach /_stcore/health @ http://localhost:8504/static/js/index.CcFifQPt.js:27
[  326954ms] [ERROR] Is Streamlit still running? If you accidentally stopped Streamlit, just restart it in your terminal: @ http://localhost:8504/static/js/index.CcFifQPt.js:32
[  326954ms] [ERROR] Failed to load resource: net::ERR_CONNECTION_REFUSED @ http://localhost:8504/_stcore/host-config:0
[  330740ms] [ERROR] Failed to load resource: net::ERR_CONNECTION_REFUSED @ http://localhost:8504/_stcore/health:0
[  330740ms] [ERROR] Client Error in reaching server endpoint - No response received when attempting to reach /_stcore/health @ http://localhost:8504/static/js/index.CcFifQPt.js:27
[  330740ms] [ERROR] Is Streamlit still running? If you accidentally stopped Streamlit, just restart it in your terminal: @ http://localhost:8504/static/js/index.CcFifQPt.js:32
[  330741ms] [ERROR] Failed to load resource: net::ERR_CONNECTION_REFUSED @ http://localhost:8504/_stcore/host-config:0
[  334557ms] [ERROR] Failed to load resource: net::ERR_CONNECTION_REFUSED @ http://localhost:8504/_stcore/health:0
[  334557ms] [ERROR] Client Error in reaching server endpoint - No response received when attempting to reach /_stcore/health @ http://localhost:8504/static/js/index.CcFifQPt.js:27
[  334557ms] [ERROR] Is Streamlit still running? If you accidentally stopped Streamlit, just restart it in your terminal: @ http://localhost:8504/static/js/index.CcFifQPt.js:32
[  334557ms] [ERROR] Failed to load resource: net::ERR_CONNECTION_REFUSED @ http://localhost:8504/_stcore/host-config:0
[  337994ms] [ERROR] Failed to load resource: net::ERR_CONNECTION_REFUSED @ http://localhost:8504/_stcore/health:0
[  337994ms] [ERROR] Client Error in reaching server endpoint - No response received when attempting to reach /_stcore/health @ http://localhost:8504/static/js/index.CcFifQPt.js:27
[  337994ms] [ERROR] Is Streamlit still running? If you accidentally stopped Streamlit, just restart it in your terminal: @ http://localhost:8504/static/js/index.CcFifQPt.js:32
[  337995ms] [ERROR] Failed to load resource: net::ERR_CONNECTION_REFUSED @ http://localhost:8504/_stcore/host-config:0
[  341485ms] [ERROR] Failed to load resource: net::ERR_CONNECTION_REFUSED @ http://localhost:8504/_stcore/health:0
[  341485ms] [ERROR] Client Error in reaching server endpoint - No response received when attempting to reach /_stcore/health @ http://localhost:8504/static/js/index.CcFifQPt.js:27
[  341486ms] [ERROR] Is Streamlit still running? If you accidentally stopped Streamlit, just restart it in your terminal: @ http://localhost:8504/static/js/index.CcFifQPt.js:32
[  341486ms] [ERROR] Failed to load resource: net::ERR_CONNECTION_REFUSED @ http://localhost:8504/_stcore/host-config:0
[  344847ms] [ERROR] Failed to load resource: net::ERR_CONNECTION_REFUSED @ http://localhost:8504/_stcore/health:0
[  344847ms] [ERROR] Client Error in reaching server endpoint - No response received when attempting to reach /_stcore/health @ http://localhost:8504/static/js/index.CcFifQPt.js:27
[  344848ms] [ERROR] Is Streamlit still running? If you accidentally stopped Streamlit, just restart it in your terminal: @ http://localhost:8504/static/js/index.CcFifQPt.js:32
[  344848ms] [ERROR] Failed to load resource: net::ERR_CONNECTION_REFUSED @ http://localhost:8504/_stcore/host-config:0
[  348785ms] [ERROR] Failed to load resource: net::ERR_CONNECTION_REFUSED @ http://localhost:8504/_stcore/health:0
[  348786ms] [ERROR] Client Error in reaching server endpoint - No response received when attempting to reach /_stcore/health @ http://localhost:8504/static/js/index.CcFifQPt.js:27
[  348786ms] [ERROR] Is Streamlit still running? If you accidentally stopped Streamlit, just restart it in your terminal: @ http://localhost:8504/static/js/index.CcFifQPt.js:32
[  348786ms] [ERROR] Failed to load resource: net::ERR_CONNECTION_REFUSED @ http://localhost:8504/_stcore/host-config:0
[  352094ms] [ERROR] Failed to load resource: net::ERR_CONNECTION_REFUSED @ http://localhost:8504/_stcore/health:0
[  352095ms] [ERROR] Client Error in reaching server endpoint - No response received when attempting to reach /_stcore/health @ http://localhost:8504/static/js/index.CcFifQPt.js:27
[  352095ms] [ERROR] Is Streamlit still running? If you accidentally stopped Streamlit, just restart it in your terminal: @ http://localhost:8504/static/js/index.CcFifQPt.js:32
[  352095ms] [ERROR] Failed to load resource: net::ERR_CONNECTION_REFUSED @ http://localhost:8504/_stcore/host-config:0
[  356080ms] [ERROR] Failed to load resource: net::ERR_CONNECTION_REFUSED @ http://localhost:8504/_stcore/health:0
[  356080ms] [ERROR] Client Error in reaching server endpoint - No response received when attempting to reach /_stcore/health @ http://localhost:8504/static/js/index.CcFifQPt.js:27
[  356081ms] [ERROR] Is Streamlit still running? If you accidentally stopped Streamlit, just restart it in your terminal: @ http://localhost:8504/static/js/index.CcFifQPt.js:32
[  356104ms] [ERROR] Failed to load resource: net::ERR_CONNECTION_REFUSED @ http://localhost:8504/_stcore/host-config:0
[  359282ms] [ERROR] Failed to load resource: net::ERR_CONNECTION_REFUSED @ http://localhost:8504/_stcore/health:0
[  359282ms] [ERROR] Client Error in reaching server endpoint - No response received when attempting to reach /_stcore/health @ http://localhost:8504/static/js/index.CcFifQPt.js:27
[  359282ms] [ERROR] Is Streamlit still running? If you accidentally stopped Streamlit, just restart it in your terminal: @ http://localhost:8504/static/js/index.CcFifQPt.js:32
[  359282ms] [ERROR] Failed to load resource: net::ERR_CONNECTION_REFUSED @ http://localhost:8504/_stcore/host-config:0
[  362102ms] [ERROR] Failed to load resource: net::ERR_CONNECTION_REFUSED @ http://localhost:8504/_stcore/health:0
[  362102ms] [ERROR] Client Error in reaching server endpoint - No response received when attempting to reach /_stcore/health @ http://localhost:8504/static/js/index.CcFifQPt.js:27
[  362102ms] [ERROR] Is Streamlit still running? If you accidentally stopped Streamlit, just restart it in your terminal: @ http://localhost:8504/static/js/index.CcFifQPt.js:32
[  362102ms] [ERROR] Failed to load resource: net::ERR_CONNECTION_REFUSED @ http://localhost:8504/_stcore/host-config:0
[  365446ms] [ERROR] Failed to load resource: net::ERR_CONNECTION_REFUSED @ http://localhost:8504/_stcore/health:0
[  365446ms] [ERROR] Client Error in reaching server endpoint - No response received when attempting to reach /_stcore/health @ http://localhost:8504/static/js/index.CcFifQPt.js:27
[  365446ms] [ERROR] Is Streamlit still running? If you accidentally stopped Streamlit, just restart it in your terminal: @ http://localhost:8504/static/js/index.CcFifQPt.js:32
[  365446ms] [ERROR] Failed to load resource: net::ERR_CONNECTION_REFUSED @ http://localhost:8504/_stcore/host-config:0
[  368904ms] [ERROR] Failed to load resource: net::ERR_CONNECTION_REFUSED @ http://localhost:8504/_stcore/health:0
[  368905ms] [ERROR] Client Error in reaching server endpoint - No response received when attempting to reach /_stcore/health @ http://localhost:8504/static/js/index.CcFifQPt.js:27
[  368905ms] [ERROR] Is Streamlit still running? If you accidentally stopped Streamlit, just restart it in your terminal: @ http://localhost:8504/static/js/index.CcFifQPt.js:32
[  368906ms] [ERROR] Failed to load resource: net::ERR_CONNECTION_REFUSED @ http://localhost:8504/_stcore/host-config:0
[  372027ms] [ERROR] Failed to load resource: net::ERR_CONNECTION_REFUSED @ http://localhost:8504/_stcore/health:0
[  372027ms] [ERROR] Client Error in reaching server endpoint - No response received when attempting to reach /_stcore/health @ http://localhost:8504/static/js/index.CcFifQPt.js:27
[  372027ms] [ERROR] Is Streamlit still running? If you accidentally stopped Streamlit, just restart it in your terminal: @ http://localhost:8504/static/js/index.CcFifQPt.js:32
[  372028ms] [ERROR] Failed to load resource: net::ERR_CONNECTION_REFUSED @ http://localhost:8504/_stcore/host-config:0
[  375891ms] [ERROR] Failed to load resource: net::ERR_CONNECTION_REFUSED @ http://localhost:8504/_stcore/health:0
[  375891ms] [ERROR] Client Error in reaching server endpoint - No response received when attempting to reach /_stcore/health @ http://localhost:8504/static/js/index.CcFifQPt.js:27
[  375891ms] [ERROR] Is Streamlit still running? If you accidentally stopped Streamlit, just restart it in your terminal: @ http://localhost:8504/static/js/index.CcFifQPt.js:32
[  375893ms] [ERROR] Failed to load resource: net::ERR_CONNECTION_REFUSED @ http://localhost:8504/_stcore/host-config:0
[  379044ms] [ERROR] Failed to load resource: net::ERR_CONNECTION_REFUSED @ http://localhost:8504/_stcore/health:0
[  379044ms] [ERROR] Client Error in reaching server endpoint - No response received when attempting to reach /_stcore/health @ http://localhost:8504/static/js/index.CcFifQPt.js:27
[  379044ms] [ERROR] Is Streamlit still running? If you accidentally stopped Streamlit, just restart it in your terminal: @ http://localhost:8504/static/js/index.CcFifQPt.js:32
[  379045ms] [ERROR] Failed to load resource: net::ERR_CONNECTION_REFUSED @ http://localhost:8504/_stcore/host-config:0
[  382657ms] [ERROR] Failed to load resource: net::ERR_CONNECTION_REFUSED @ http://localhost:8504/_stcore/health:0
[  382658ms] [ERROR] Client Error in reaching server endpoint - No response received when attempting to reach /_stcore/health @ http://localhost:8504/static/js/index.CcFifQPt.js:27
[  382658ms] [ERROR] Is Streamlit still running? If you accidentally stopped Streamlit, just restart it in your terminal: @ http://localhost:8504/static/js/index.CcFifQPt.js:32
[  382659ms] [ERROR] Failed to load resource: net::ERR_CONNECTION_REFUSED @ http://localhost:8504/_stcore/host-config:0
[  386077ms] [ERROR] Failed to load resource: net::ERR_CONNECTION_REFUSED @ http://localhost:8504/_stcore/health:0
[  386077ms] [ERROR] Client Error in reaching server endpoint - No response received when attempting to reach /_stcore/health @ http://localhost:8504/static/js/index.CcFifQPt.js:27
[  386078ms] [ERROR] Is Streamlit still running? If you accidentally stopped Streamlit, just restart it in your terminal: @ http://localhost:8504/static/js/index.CcFifQPt.js:32
[  386080ms] [ERROR] Failed to load resource: net::ERR_CONNECTION_REFUSED @ http://localhost:8504/_stcore/host-config:0
[  388969ms] [ERROR] Failed to load resource: net::ERR_CONNECTION_REFUSED @ http://localhost:8504/_stcore/health:0
[  388969ms] [ERROR] Client Error in reaching server endpoint - No response received when attempting to reach /_stcore/health @ http://localhost:8504/static/js/index.CcFifQPt.js:27
[  388969ms] [ERROR] Is Streamlit still running? If you accidentally stopped Streamlit, just restart it in your terminal: @ http://localhost:8504/static/js/index.CcFifQPt.js:32
[  388969ms] [ERROR] Failed to load resource: net::ERR_CONNECTION_REFUSED @ http://localhost:8504/_stcore/host-config:0
[  391802ms] [ERROR] Failed to load resource: net::ERR_CONNECTION_REFUSED @ http://localhost:8504/_stcore/health:0
[  391802ms] [ERROR] Client Error in reaching server endpoint - No response received when attempting to reach /_stcore/health @ http://localhost:8504/static/js/index.CcFifQPt.js:27
[  391802ms] [ERROR] Is Streamlit still running? If you accidentally stopped Streamlit, just restart it in your terminal: @ http://localhost:8504/static/js/index.CcFifQPt.js:32
[  391804ms] [ERROR] Failed to load resource: net::ERR_CONNECTION_REFUSED @ http://localhost:8504/_stcore/host-config:0
[  395806ms] [ERROR] Failed to load resource: net::ERR_CONNECTION_REFUSED @ http://localhost:8504/_stcore/health:0
[  395807ms] [ERROR] Client Error in reaching server endpoint - No response received when attempting to reach /_stcore/health @ http://localhost:8504/static/js/index.CcFifQPt.js:27
[  395807ms] [ERROR] Is Streamlit still running? If you accidentally stopped Streamlit, just restart it in your terminal: @ http://localhost:8504/static/js/index.CcFifQPt.js:32
[  395808ms] [ERROR] Failed to load resource: net::ERR_CONNECTION_REFUSED @ http://localhost:8504/_stcore/host-config:0
[  399389ms] [ERROR] Failed to load resource: net::ERR_CONNECTION_REFUSED @ http://localhost:8504/_stcore/health:0
[  399389ms] [ERROR] Client Error in reaching server endpoint - No response received when attempting to reach /_stcore/health @ http://localhost:8504/static/js/index.CcFifQPt.js:27
[  399389ms] [ERROR] Is Streamlit still running? If you accidentally stopped Streamlit, just restart it in your terminal: @ http://localhost:8504/static/js/index.CcFifQPt.js:32
[  399390ms] [ERROR] Failed to load resource: net::ERR_CONNECTION_REFUSED @ http://localhost:8504/_stcore/host-config:0
[  403198ms] [ERROR] Failed to load resource: net::ERR_CONNECTION_REFUSED @ http://localhost:8504/_stcore/health:0
[  403198ms] [ERROR] Client Error in reaching server endpoint - No response received when attempting to reach /_stcore/health @ http://localhost:8504/static/js/index.CcFifQPt.js:27
[  403198ms] [ERROR] Is Streamlit still running? If you accidentally stopped Streamlit, just restart it in your terminal: @ http://localhost:8504/static/js/index.CcFifQPt.js:32
[  403199ms] [ERROR] Failed to load resource: net::ERR_CONNECTION_REFUSED @ http://localhost:8504/_stcore/host-config:0
[  406527ms] [ERROR] Failed to load resource: net::ERR_CONNECTION_REFUSED @ http://localhost:8504/_stcore/health:0
[  406527ms] [ERROR] Client Error in reaching server endpoint - No response received when attempting to reach /_stcore/health @ http://localhost:8504/static/js/index.CcFifQPt.js:27
[  406527ms] [ERROR] Is Streamlit still running? If you accidentally stopped Streamlit, just restart it in your terminal: @ http://localhost:8504/static/js/index.CcFifQPt.js:32
[  406528ms] [ERROR] Failed to load resource: net::ERR_CONNECTION_REFUSED @ http://localhost:8504/_stcore/host-config:0
[  410530ms] [ERROR] Failed to load resource: net::ERR_CONNECTION_REFUSED @ http://localhost:8504/_stcore/health:0
[  410530ms] [ERROR] Client Error in reaching server endpoint - No response received when attempting to reach /_stcore/health @ http://localhost:8504/static/js/index.CcFifQPt.js:27
[  410530ms] [ERROR] Is Streamlit still running? If you accidentally stopped Streamlit, just restart it in your terminal: @ http://localhost:8504/static/js/index.CcFifQPt.js:32
[  410530ms] [ERROR] Failed to load resource: net::ERR_CONNECTION_REFUSED @ http://localhost:8504/_stcore/host-config:0
[  413433ms] [ERROR] Failed to load resource: net::ERR_CONNECTION_REFUSED @ http://localhost:8504/_stcore/health:0
[  413433ms] [ERROR] Client Error in reaching server endpoint - No response received when attempting to reach /_stcore/health @ http://localhost:8504/static/js/index.CcFifQPt.js:27
[  413433ms] [ERROR] Is Streamlit still running? If you accidentally stopped Streamlit, just restart it in your terminal: @ http://localhost:8504/static/js/index.CcFifQPt.js:32
[  413458ms] [ERROR] Failed to load resource: net::ERR_CONNECTION_REFUSED @ http://localhost:8504/_stcore/host-config:0
[  416455ms] [ERROR] Failed to load resource: net::ERR_CONNECTION_REFUSED @ http://localhost:8504/_stcore/health:0
[  416456ms] [ERROR] Client Error in reaching server endpoint - No response received when attempting to reach /_stcore/health @ http://localhost:8504/static/js/index.CcFifQPt.js:27
[  416456ms] [ERROR] Is Streamlit still running? If you accidentally stopped Streamlit, just restart it in your terminal: @ http://localhost:8504/static/js/index.CcFifQPt.js:32
[  416456ms] [ERROR] Failed to load resource: net::ERR_CONNECTION_REFUSED @ http://localhost:8504/_stcore/host-config:0
[  420004ms] [ERROR] Failed to load resource: net::ERR_CONNECTION_REFUSED @ http://localhost:8504/_stcore/health:0
[  420004ms] [ERROR] Client Error in reaching server endpoint - No response received when attempting to reach /_stcore/health @ http://localhost:8504/static/js/index.CcFifQPt.js:27
[  420005ms] [ERROR] Is Streamlit still running? If you accidentally stopped Streamlit, just restart it in your terminal: @ http://localhost:8504/static/js/index.CcFifQPt.js:32
[  420022ms] [ERROR] Failed to load resource: net::ERR_CONNECTION_REFUSED @ http://localhost:8504/_stcore/host-config:0
[  422948ms] [ERROR] Failed to load resource: net::ERR_CONNECTION_REFUSED @ http://localhost:8504/_stcore/health:0
[  422948ms] [ERROR] Client Error in reaching server endpoint - No response received when attempting to reach /_stcore/health @ http://localhost:8504/static/js/index.CcFifQPt.js:27
[  422949ms] [ERROR] Is Streamlit still running? If you accidentally stopped Streamlit, just restart it in your terminal: @ http://localhost:8504/static/js/index.CcFifQPt.js:32
[  422978ms] [ERROR] Failed to load resource: net::ERR_CONNECTION_REFUSED @ http://localhost:8504/_stcore/host-config:0
[  425791ms] [ERROR] Failed to load resource: net::ERR_CONNECTION_REFUSED @ http://localhost:8504/_stcore/health:0
[  425791ms] [ERROR] Client Error in reaching server endpoint - No response received when attempting to reach /_stcore/health @ http://localhost:8504/static/js/index.CcFifQPt.js:27
[  425791ms] [ERROR] Is Streamlit still running? If you accidentally stopped Streamlit, just restart it in your terminal: @ http://localhost:8504/static/js/index.CcFifQPt.js:32
[  425791ms] [ERROR] Failed to load resource: net::ERR_CONNECTION_REFUSED @ http://localhost:8504/_stcore/host-config:0
[  428794ms] [ERROR] Failed to load resource: net::ERR_CONNECTION_REFUSED @ http://localhost:8504/_stcore/health:0
[  428794ms] [ERROR] Client Error in reaching server endpoint - No response received when attempting to reach /_stcore/health @ http://localhost:8504/static/js/index.CcFifQPt.js:27
[  428794ms] [ERROR] Is Streamlit still running? If you accidentally stopped Streamlit, just restart it in your terminal: @ http://localhost:8504/static/js/index.CcFifQPt.js:32
[  428794ms] [ERROR] Failed to load resource: net::ERR_CONNECTION_REFUSED @ http://localhost:8504/_stcore/host-config:0
[  432025ms] [ERROR] Failed to load resource: net::ERR_CONNECTION_REFUSED @ http://localhost:8504/_stcore/health:0
[  432025ms] [ERROR] Client Error in reaching server endpoint - No response received when attempting to reach /_stcore/health @ http://localhost:8504/static/js/index.CcFifQPt.js:27
[  432025ms] [ERROR] Is Streamlit still running? If you accidentally stopped Streamlit, just restart it in your terminal: @ http://localhost:8504/static/js/index.CcFifQPt.js:32
[  432026ms] [ERROR] Failed to load resource: net::ERR_CONNECTION_REFUSED @ http://localhost:8504/_stcore/host-config:0
[  435629ms] [ERROR] Failed to load resource: net::ERR_CONNECTION_REFUSED @ http://localhost:8504/_stcore/health:0
[  435629ms] [ERROR] Client Error in reaching server endpoint - No response received when attempting to reach /_stcore/health @ http://localhost:8504/static/js/index.CcFifQPt.js:27
[  435629ms] [ERROR] Is Streamlit still running? If you accidentally stopped Streamlit, just restart it in your terminal: @ http://localhost:8504/static/js/index.CcFifQPt.js:32
[  435630ms] [ERROR] Failed to load resource: net::ERR_CONNECTION_REFUSED @ http://localhost:8504/_stcore/host-config:0
[  438880ms] [ERROR] Failed to load resource: net::ERR_CONNECTION_REFUSED @ http://localhost:8504/_stcore/health:0
[  438881ms] [ERROR] Client Error in reaching server endpoint - No response received when attempting to reach /_stcore/health @ http://localhost:8504/static/js/index.CcFifQPt.js:27
[  438881ms] [ERROR] Is Streamlit still running? If you accidentally stopped Streamlit, just restart it in your terminal: @ http://localhost:8504/static/js/index.CcFifQPt.js:32
[  438881ms] [ERROR] Failed to load resource: net::ERR_CONNECTION_REFUSED @ http://localhost:8504/_stcore/host-config:0
[  441929ms] [ERROR] Failed to load resource: net::ERR_CONNECTION_REFUSED @ http://localhost:8504/_stcore/health:0
[  441930ms] [ERROR] Client Error in reaching server endpoint - No response received when attempting to reach /_stcore/health @ http://localhost:8504/static/js/index.CcFifQPt.js:27
[  441930ms] [ERROR] Is Streamlit still running? If you accidentally stopped Streamlit, just restart it in your terminal: @ http://localhost:8504/static/js/index.CcFifQPt.js:32
[  441932ms] [ERROR] Failed to load resource: net::ERR_CONNECTION_REFUSED @ http://localhost:8504/_stcore/host-config:0
[  445261ms] [ERROR] Failed to load resource: net::ERR_CONNECTION_REFUSED @ http://localhost:8504/_stcore/health:0
[  445261ms] [ERROR] Client Error in reaching server endpoint - No response received when attempting to reach /_stcore/health @ http://localhost:8504/static/js/index.CcFifQPt.js:27
[  445261ms] [ERROR] Is Streamlit still running? If you accidentally stopped Streamlit, just restart it in your terminal: @ http://localhost:8504/static/js/index.CcFifQPt.js:32
[  445261ms] [ERROR] Failed to load resource: net::ERR_CONNECTION_REFUSED @ http://localhost:8504/_stcore/host-config:0
[  448338ms] [ERROR] Failed to load resource: net::ERR_CONNECTION_REFUSED @ http://localhost:8504/_stcore/health:0
[  448339ms] [ERROR] Client Error in reaching server endpoint - No response received when attempting to reach /_stcore/health @ http://localhost:8504/static/js/index.CcFifQPt.js:27
[  448339ms] [ERROR] Is Streamlit still running? If you accidentally stopped Streamlit, just restart it in your terminal: @ http://localhost:8504/static/js/index.CcFifQPt.js:32
[  448340ms] [ERROR] Failed to load resource: net::ERR_CONNECTION_REFUSED @ http://localhost:8504/_stcore/host-config:0
[  452258ms] [ERROR] Failed to load resource: net::ERR_CONNECTION_REFUSED @ http://localhost:8504/_stcore/health:0
[  452259ms] [ERROR] Client Error in reaching server endpoint - No response received when attempting to reach /_stcore/health @ http://localhost:8504/static/js/index.CcFifQPt.js:27
[  452259ms] [ERROR] Is Streamlit still running? If you accidentally stopped Streamlit, just restart it in your terminal: @ http://localhost:8504/static/js/index.CcFifQPt.js:32
[  452282ms] [ERROR] Failed to load resource: net::ERR_CONNECTION_REFUSED @ http://localhost:8504/_stcore/host-config:0
[  455633ms] [ERROR] Failed to load resource: net::ERR_CONNECTION_REFUSED @ http://localhost:8504/_stcore/health:0
[  455633ms] [ERROR] Client Error in reaching server endpoint - No response received when attempting to reach /_stcore/health @ http://localhost:8504/static/js/index.CcFifQPt.js:27
[  455633ms] [ERROR] Is Streamlit still running? If you accidentally stopped Streamlit, just restart it in your terminal: @ http://localhost:8504/static/js/index.CcFifQPt.js:32
[  455633ms] [ERROR] Failed to load resource: net::ERR_CONNECTION_REFUSED @ http://localhost:8504/_stcore/host-config:0
[  458839ms] [ERROR] Failed to load resource: net::ERR_CONNECTION_REFUSED @ http://localhost:8504/_stcore/health:0
[  458839ms] [ERROR] Client Error in reaching server endpoint - No response received when attempting to reach /_stcore/health @ http://localhost:8504/static/js/index.CcFifQPt.js:27
[  458840ms] [ERROR] Is Streamlit still running? If you accidentally stopped Streamlit, just restart it in your terminal: @ http://localhost:8504/static/js/index.CcFifQPt.js:32
[  458840ms] [ERROR] Failed to load resource: net::ERR_CONNECTION_REFUSED @ http://localhost:8504/_stcore/host-config:0
[  462845ms] [ERROR] Failed to load resource: net::ERR_CONNECTION_REFUSED @ http://localhost:8504/_stcore/health:0
[  462846ms] [ERROR] Client Error in reaching server endpoint - No response received when attempting to reach /_stcore/health @ http://localhost:8504/static/js/index.CcFifQPt.js:27
[  462846ms] [ERROR] Is Streamlit still running? If you accidentally stopped Streamlit, just restart it in your terminal: @ http://localhost:8504/static/js/index.CcFifQPt.js:32
[  462846ms] [ERROR] Failed to load resource: net::ERR_CONNECTION_REFUSED @ http://localhost:8504/_stcore/host-config:0
[  466734ms] [ERROR] Failed to load resource: net::ERR_CONNECTION_REFUSED @ http://localhost:8504/_stcore/health:0
[  466734ms] [ERROR] Client Error in reaching server endpoint - No response received when attempting to reach /_stcore/health @ http://localhost:8504/static/js/index.CcFifQPt.js:27
[  466734ms] [ERROR] Is Streamlit still running? If you accidentally stopped Streamlit, just restart it in your terminal: @ http://localhost:8504/static/js/index.CcFifQPt.js:32
[  466734ms] [ERROR] Failed to load resource: net::ERR_CONNECTION_REFUSED @ http://localhost:8504/_stcore/host-config:0
[  470202ms] [ERROR] Failed to load resource: net::ERR_CONNECTION_REFUSED @ http://localhost:8504/_stcore/health:0
[  470203ms] [ERROR] Client Error in reaching server endpoint - No response received when attempting to reach /_stcore/health @ http://localhost:8504/static/js/index.CcFifQPt.js:27
[  470203ms] [ERROR] Is Streamlit still running? If you accidentally stopped Streamlit, just restart it in your terminal: @ http://localhost:8504/static/js/index.CcFifQPt.js:32
[  470226ms] [ERROR] Failed to load resource: net::ERR_CONNECTION_REFUSED @ http://localhost:8504/_stcore/host-config:0
[  473927ms] [ERROR] Failed to load resource: net::ERR_CONNECTION_REFUSED @ http://localhost:8504/_stcore/health:0
[  473927ms] [ERROR] Client Error in reaching server endpoint - No response received when attempting to reach /_stcore/health @ http://localhost:8504/static/js/index.CcFifQPt.js:27
[  473928ms] [ERROR] Is Streamlit still running? If you accidentally stopped Streamlit, just restart it in your terminal: @ http://localhost:8504/static/js/index.CcFifQPt.js:32
[  473930ms] [ERROR] Failed to load resource: net::ERR_CONNECTION_REFUSED @ http://localhost:8504/_stcore/host-config:0
[  477839ms] [ERROR] Failed to load resource: net::ERR_CONNECTION_REFUSED @ http://localhost:8504/_stcore/health:0
[  477839ms] [ERROR] Client Error in reaching server endpoint - No response received when attempting to reach /_stcore/health @ http://localhost:8504/static/js/index.CcFifQPt.js:27
[  477840ms] [ERROR] Is Streamlit still running? If you accidentally stopped Streamlit, just restart it in your terminal: @ http://localhost:8504/static/js/index.CcFifQPt.js:32
[  477841ms] [ERROR] Failed to load resource: net::ERR_CONNECTION_REFUSED @ http://localhost:8504/_stcore/host-config:0
[  481176ms] [ERROR] Failed to load resource: net::ERR_CONNECTION_REFUSED @ http://localhost:8504/_stcore/health:0
[  481177ms] [ERROR] Client Error in reaching server endpoint - No response received when attempting to reach /_stcore/health @ http://localhost:8504/static/js/index.CcFifQPt.js:27
[  481177ms] [ERROR] Is Streamlit still running? If you accidentally stopped Streamlit, just restart it in your terminal: @ http://localhost:8504/static/js/index.CcFifQPt.js:32
[  481177ms] [ERROR] Failed to load resource: net::ERR_CONNECTION_REFUSED @ http://localhost:8504/_stcore/host-config:0
[  484021ms] [ERROR] Failed to load resource: net::ERR_CONNECTION_REFUSED @ http://localhost:8504/_stcore/health:0
[  484021ms] [ERROR] Client Error in reaching server endpoint - No response received when attempting to reach /_stcore/health @ http://localhost:8504/static/js/index.CcFifQPt.js:27
[  484021ms] [ERROR] Is Streamlit still running? If you accidentally stopped Streamlit, just restart it in your terminal: @ http://localhost:8504/static/js/index.CcFifQPt.js:32
[  484021ms] [ERROR] Failed to load resource: net::ERR_CONNECTION_REFUSED @ http://localhost:8504/_stcore/host-config:0
[  487671ms] [ERROR] Failed to load resource: net::ERR_CONNECTION_REFUSED @ http://localhost:8504/_stcore/health:0
[  487671ms] [ERROR] Client Error in reaching server endpoint - No response received when attempting to reach /_stcore/health @ http://localhost:8504/static/js/index.CcFifQPt.js:27
[  487672ms] [ERROR] Is Streamlit still running? If you accidentally stopped Streamlit, just restart it in your terminal: @ http://localhost:8504/static/js/index.CcFifQPt.js:32
[  487672ms] [ERROR] Failed to load resource: net::ERR_CONNECTION_REFUSED @ http://localhost:8504/_stcore/host-config:0
[  490834ms] [ERROR] Failed to load resource: net::ERR_CONNECTION_REFUSED @ http://localhost:8504/_stcore/health:0
[  490835ms] [ERROR] Client Error in reaching server endpoint - No response received when attempting to reach /_stcore/health @ http://localhost:8504/static/js/index.CcFifQPt.js:27
[  490835ms] [ERROR] Is Streamlit still running? If you accidentally stopped Streamlit, just restart it in your terminal: @ http://localhost:8504/static/js/index.CcFifQPt.js:32
[  490860ms] [ERROR] Failed to load resource: net::ERR_CONNECTION_REFUSED @ http://localhost:8504/_stcore/host-config:0
[  494549ms] [ERROR] Failed to load resource: net::ERR_CONNECTION_REFUSED @ http://localhost:8504/_stcore/health:0
[  494550ms] [ERROR] Client Error in reaching server endpoint - No response received when attempting to reach /_stcore/health @ http://localhost:8504/static/js/index.CcFifQPt.js:27
[  494550ms] [ERROR] Is Streamlit still running? If you accidentally stopped Streamlit, just restart it in your terminal: @ http://localhost:8504/static/js/index.CcFifQPt.js:32
[  494550ms] [ERROR] Failed to load resource: net::ERR_CONNECTION_REFUSED @ http://localhost:8504/_stcore/host-config:0
[  497553ms] [ERROR] Failed to load resource: net::ERR_CONNECTION_REFUSED @ http://localhost:8504/_stcore/health:0
[  497553ms] [ERROR] Client Error in reaching server endpoint - No response received when attempting to reach /_stcore/health @ http://localhost:8504/static/js/index.CcFifQPt.js:27
[  497553ms] [ERROR] Is Streamlit still running? If you accidentally stopped Streamlit, just restart it in your terminal: @ http://localhost:8504/static/js/index.CcFifQPt.js:32
[  497553ms] [ERROR] Failed to load resource: net::ERR_CONNECTION_REFUSED @ http://localhost:8504/_stcore/host-config:0
[  500385ms] [ERROR] Failed to load resource: net::ERR_CONNECTION_REFUSED @ http://localhost:8504/_stcore/health:0
[  500385ms] [ERROR] Client Error in reaching server endpoint - No response received when attempting to reach /_stcore/health @ http://localhost:8504/static/js/index.CcFifQPt.js:27
[  500386ms] [ERROR] Is Streamlit still running? If you accidentally stopped Streamlit, just restart it in your terminal: @ http://localhost:8504/static/js/index.CcFifQPt.js:32
[  500386ms] [ERROR] Failed to load resource: net::ERR_CONNECTION_REFUSED @ http://localhost:8504/_stcore/host-config:0
[  504290ms] [ERROR] Failed to load resource: net::ERR_CONNECTION_REFUSED @ http://localhost:8504/_stcore/health:0
[  504290ms] [ERROR] Client Error in reaching server endpoint - No response received when attempting to reach /_stcore/health @ http://localhost:8504/static/js/index.CcFifQPt.js:27
[  504290ms] [ERROR] Is Streamlit still running? If you accidentally stopped Streamlit, just restart it in your terminal: @ http://localhost:8504/static/js/index.CcFifQPt.js:32
[  504290ms] [ERROR] Failed to load resource: net::ERR_CONNECTION_REFUSED @ http://localhost:8504/_stcore/host-config:0
[  507927ms] [ERROR] Failed to load resource: net::ERR_CONNECTION_REFUSED @ http://localhost:8504/_stcore/health:0
[  507927ms] [ERROR] Client Error in reaching server endpoint - No response received when attempting to reach /_stcore/health @ http://localhost:8504/static/js/index.CcFifQPt.js:27
[  507927ms] [ERROR] Is Streamlit still running? If you accidentally stopped Streamlit, just restart it in your terminal: @ http://localhost:8504/static/js/index.CcFifQPt.js:32
[  507927ms] [ERROR] Failed to load resource: net::ERR_CONNECTION_REFUSED @ http://localhost:8504/_stcore/host-config:0
[  511642ms] [ERROR] Failed to load resource: net::ERR_CONNECTION_REFUSED @ http://localhost:8504/_stcore/health:0
[  511642ms] [ERROR] Client Error in reaching server endpoint - No response received when attempting to reach /_stcore/health @ http://localhost:8504/static/js/index.CcFifQPt.js:27
[  511643ms] [ERROR] Is Streamlit still running? If you accidentally stopped Streamlit, just restart it in your terminal: @ http://localhost:8504/static/js/index.CcFifQPt.js:32
[  511644ms] [ERROR] Failed to load resource: net::ERR_CONNECTION_REFUSED @ http://localhost:8504/_stcore/host-config:0
[  515210ms] [ERROR] Failed to load resource: net::ERR_CONNECTION_REFUSED @ http://localhost:8504/_stcore/health:0
[  515210ms] [ERROR] Client Error in reaching server endpoint - No response received when attempting to reach /_stcore/health @ http://localhost:8504/static/js/index.CcFifQPt.js:27
[  515210ms] [ERROR] Is Streamlit still running? If you accidentally stopped Streamlit, just restart it in your terminal: @ http://localhost:8504/static/js/index.CcFifQPt.js:32
[  515211ms] [ERROR] Failed to load resource: net::ERR_CONNECTION_REFUSED @ http://localhost:8504/_stcore/host-config:0
[  518376ms] [ERROR] Failed to load resource: net::ERR_CONNECTION_REFUSED @ http://localhost:8504/_stcore/health:0
[  518376ms] [ERROR] Client Error in reaching server endpoint - No response received when attempting to reach /_stcore/health @ http://localhost:8504/static/js/index.CcFifQPt.js:27
[  518376ms] [ERROR] Is Streamlit still running? If you accidentally stopped Streamlit, just restart it in your terminal: @ http://localhost:8504/static/js/index.CcFifQPt.js:32
[  518403ms] [ERROR] Failed to load resource: net::ERR_CONNECTION_REFUSED @ http://localhost:8504/_stcore/host-config:0
[  522162ms] [ERROR] Failed to load resource: net::ERR_CONNECTION_REFUSED @ http://localhost:8504/_stcore/health:0
[  522162ms] [ERROR] Client Error in reaching server endpoint - No response received when attempting to reach /_stcore/health @ http://localhost:8504/static/js/index.CcFifQPt.js:27
[  522162ms] [ERROR] Is Streamlit still running? If you accidentally stopped Streamlit, just restart it in your terminal: @ http://localhost:8504/static/js/index.CcFifQPt.js:32
[  522162ms] [ERROR] Failed to load resource: net::ERR_CONNECTION_REFUSED @ http://localhost:8504/_stcore/host-config:0
[  525875ms] [ERROR] Failed to load resource: net::ERR_CONNECTION_REFUSED @ http://localhost:8504/_stcore/health:0
[  525875ms] [ERROR] Client Error in reaching server endpoint - No response received when attempting to reach /_stcore/health @ http://localhost:8504/static/js/index.CcFifQPt.js:27
[  525876ms] [ERROR] Is Streamlit still running? If you accidentally stopped Streamlit, just restart it in your terminal: @ http://localhost:8504/static/js/index.CcFifQPt.js:32
[  525876ms] [ERROR] Failed to load resource: net::ERR_CONNECTION_REFUSED @ http://localhost:8504/_stcore/host-config:0
[  528904ms] [ERROR] Failed to load resource: net::ERR_CONNECTION_REFUSED @ http://localhost:8504/_stcore/health:0
[  528904ms] [ERROR] Client Error in reaching server endpoint - No response received when attempting to reach /_stcore/health @ http://localhost:8504/static/js/index.CcFifQPt.js:27
[  528905ms] [ERROR] Is Streamlit still running? If you accidentally stopped Streamlit, just restart it in your terminal: @ http://localhost:8504/static/js/index.CcFifQPt.js:32
[  528905ms] [ERROR] Failed to load resource: net::ERR_CONNECTION_REFUSED @ http://localhost:8504/_stcore/host-config:0
[  532690ms] [ERROR] Failed to load resource: net::ERR_CONNECTION_REFUSED @ http://localhost:8504/_stcore/health:0
[  532690ms] [ERROR] Client Error in reaching server endpoint - No response received when attempting to reach /_stcore/health @ http://localhost:8504/static/js/index.CcFifQPt.js:27
[  532691ms] [ERROR] Is Streamlit still running? If you accidentally stopped Streamlit, just restart it in your terminal: @ http://localhost:8504/static/js/index.CcFifQPt.js:32
[  532691ms] [ERROR] Failed to load resource: net::ERR_CONNECTION_REFUSED @ http://localhost:8504/_stcore/host-config:0
[  536318ms] [ERROR] Failed to load resource: net::ERR_CONNECTION_REFUSED @ http://localhost:8504/_stcore/health:0
[  536319ms] [ERROR] Client Error in reaching server endpoint - No response received when attempting to reach /_stcore/health @ http://localhost:8504/static/js/index.CcFifQPt.js:27
[  536319ms] [ERROR] Is Streamlit still running? If you accidentally stopped Streamlit, just restart it in your terminal: @ http://localhost:8504/static/js/index.CcFifQPt.js:32
[  536320ms] [ERROR] Failed to load resource: net::ERR_CONNECTION_REFUSED @ http://localhost:8504/_stcore/host-config:0
[  539931ms] [ERROR] Failed to load resource: net::ERR_CONNECTION_REFUSED @ http://localhost:8504/_stcore/health:0
[  539932ms] [ERROR] Client Error in reaching server endpoint - No response received when attempting to reach /_stcore/health @ http://localhost:8504/static/js/index.CcFifQPt.js:27
[  539932ms] [ERROR] Is Streamlit still running? If you accidentally stopped Streamlit, just restart it in your terminal: @ http://localhost:8504/static/js/index.CcFifQPt.js:32
[  539932ms] [ERROR] Failed to load resource: net::ERR_CONNECTION_REFUSED @ http://localhost:8504/_stcore/host-config:0
[  543141ms] [ERROR] Failed to load resource: net::ERR_CONNECTION_REFUSED @ http://localhost:8504/_stcore/health:0
[  543142ms] [ERROR] Client Error in reaching server endpoint - No response received when attempting to reach /_stcore/health @ http://localhost:8504/static/js/index.CcFifQPt.js:27
[  543142ms] [ERROR] Is Streamlit still running? If you accidentally stopped Streamlit, just restart it in your terminal: @ http://localhost:8504/static/js/index.CcFifQPt.js:32
[  543167ms] [ERROR] Failed to load resource: net::ERR_CONNECTION_REFUSED @ http://localhost:8504/_stcore/host-config:0
[  546738ms] [ERROR] Failed to load resource: net::ERR_CONNECTION_REFUSED @ http://localhost:8504/_stcore/health:0
[  546738ms] [ERROR] Client Error in reaching server endpoint - No response received when attempting to reach /_stcore/health @ http://localhost:8504/static/js/index.CcFifQPt.js:27
[  546738ms] [ERROR] Is Streamlit still running? If you accidentally stopped Streamlit, just restart it in your terminal: @ http://localhost:8504/static/js/index.CcFifQPt.js:32
[  546739ms] [ERROR] Failed to load resource: net::ERR_CONNECTION_REFUSED @ http://localhost:8504/_stcore/host-config:0
[  549784ms] [ERROR] Failed to load resource: net::ERR_CONNECTION_REFUSED @ http://localhost:8504/_stcore/health:0
[  549785ms] [ERROR] Client Error in reaching server endpoint - No response received when attempting to reach /_stcore/health @ http://localhost:8504/static/js/index.CcFifQPt.js:27
[  549785ms] [ERROR] Is Streamlit still running? If you accidentally stopped Streamlit, just restart it in your terminal: @ http://localhost:8504/static/js/index.CcFifQPt.js:32
[  549786ms] [ERROR] Failed to load resource: net::ERR_CONNECTION_REFUSED @ http://localhost:8504/_stcore/host-config:0
[  553326ms] [ERROR] Failed to load resource: net::ERR_CONNECTION_REFUSED @ http://localhost:8504/_stcore/health:0
[  553326ms] [ERROR] Client Error in reaching server endpoint - No response received when attempting to reach /_stcore/health @ http://localhost:8504/static/js/index.CcFifQPt.js:27
[  553326ms] [ERROR] Is Streamlit still running? If you accidentally stopped Streamlit, just restart it in your terminal: @ http://localhost:8504/static/js/index.CcFifQPt.js:32
[  553326ms] [ERROR] Failed to load resource: net::ERR_CONNECTION_REFUSED @ http://localhost:8504/_stcore/host-config:0
[  556316ms] [ERROR] Failed to load resource: net::ERR_CONNECTION_REFUSED @ http://localhost:8504/_stcore/health:0
[  556316ms] [ERROR] Client Error in reaching server endpoint - No response received when attempting to reach /_stcore/health @ http://localhost:8504/static/js/index.CcFifQPt.js:27
[  556316ms] [ERROR] Is Streamlit still running? If you accidentally stopped Streamlit, just restart it in your terminal: @ http://localhost:8504/static/js/index.CcFifQPt.js:32
[  556316ms] [ERROR] Failed to load resource: net::ERR_CONNECTION_REFUSED @ http://localhost:8504/_stcore/host-config:0
[  559556ms] [ERROR] Failed to load resource: net::ERR_CONNECTION_REFUSED @ http://localhost:8504/_stcore/health:0
[  559557ms] [ERROR] Client Error in reaching server endpoint - No response received when attempting to reach /_stcore/health @ http://localhost:8504/static/js/index.CcFifQPt.js:27
[  559557ms] [ERROR] Is Streamlit still running? If you accidentally stopped Streamlit, just restart it in your terminal: @ http://localhost:8504/static/js/index.CcFifQPt.js:32
[  559557ms] [ERROR] Failed to load resource: net::ERR_CONNECTION_REFUSED @ http://localhost:8504/_stcore/host-config:0
[  563504ms] [ERROR] Failed to load resource: net::ERR_CONNECTION_REFUSED @ http://localhost:8504/_stcore/health:0
[  563504ms] [ERROR] Client Error in reaching server endpoint - No response received when attempting to reach /_stcore/health @ http://localhost:8504/static/js/index.CcFifQPt.js:27
[  563505ms] [ERROR] Is Streamlit still running? If you accidentally stopped Streamlit, just restart it in your terminal: @ http://localhost:8504/static/js/index.CcFifQPt.js:32
[  563506ms] [ERROR] Failed to load resource: net::ERR_CONNECTION_REFUSED @ http://localhost:8504/_stcore/host-config:0
[  566518ms] [ERROR] Failed to load resource: net::ERR_CONNECTION_REFUSED @ http://localhost:8504/_stcore/health:0
[  566518ms] [ERROR] Client Error in reaching server endpoint - No response received when attempting to reach /_stcore/health @ http://localhost:8504/static/js/index.CcFifQPt.js:27
[  566519ms] [ERROR] Is Streamlit still running? If you accidentally stopped Streamlit, just restart it in your terminal: @ http://localhost:8504/static/js/index.CcFifQPt.js:32
[  566519ms] [ERROR] Failed to load resource: net::ERR_CONNECTION_REFUSED @ http://localhost:8504/_stcore/host-config:0
[  569844ms] [ERROR] Failed to load resource: net::ERR_CONNECTION_REFUSED @ http://localhost:8504/_stcore/health:0
[  569845ms] [ERROR] Client Error in reaching server endpoint - No response received when attempting to reach /_stcore/health @ http://localhost:8504/static/js/index.CcFifQPt.js:27
[  569845ms] [ERROR] Is Streamlit still running? If you accidentally stopped Streamlit, just restart it in your terminal: @ http://localhost:8504/static/js/index.CcFifQPt.js:32
[  569845ms] [ERROR] Failed to load resource: net::ERR_CONNECTION_REFUSED @ http://localhost:8504/_stcore/host-config:0
[  573704ms] [ERROR] Failed to load resource: net::ERR_CONNECTION_REFUSED @ http://localhost:8504/_stcore/health:0
[  573704ms] [ERROR] Client Error in reaching server endpoint - No response received when attempting to reach /_stcore/health @ http://localhost:8504/static/js/index.CcFifQPt.js:27
[  573705ms] [ERROR] Is Streamlit still running? If you accidentally stopped Streamlit, just restart it in your terminal: @ http://localhost:8504/static/js/index.CcFifQPt.js:32
[  573723ms] [ERROR] Failed to load resource: net::ERR_CONNECTION_REFUSED @ http://localhost:8504/_stcore/host-config:0
[  576534ms] [ERROR] Failed to load resource: net::ERR_CONNECTION_REFUSED @ http://localhost:8504/_stcore/health:0
[  576535ms] [ERROR] Client Error in reaching server endpoint - No response received when attempting to reach /_stcore/health @ http://localhost:8504/static/js/index.CcFifQPt.js:27
[  576535ms] [ERROR] Is Streamlit still running? If you accidentally stopped Streamlit, just restart it in your terminal: @ http://localhost:8504/static/js/index.CcFifQPt.js:32
[  576535ms] [ERROR] Failed to load resource: net::ERR_CONNECTION_REFUSED @ http://localhost:8504/_stcore/host-config:0
[  579977ms] [ERROR] Failed to load resource: net::ERR_CONNECTION_REFUSED @ http://localhost:8504/_stcore/health:0
[  579977ms] [ERROR] Client Error in reaching server endpoint - No response received when attempting to reach /_stcore/health @ http://localhost:8504/static/js/index.CcFifQPt.js:27
[  579977ms] [ERROR] Is Streamlit still running? If you accidentally stopped Streamlit, just restart it in your terminal: @ http://localhost:8504/static/js/index.CcFifQPt.js:32
[  579977ms] [ERROR] Failed to load resource: net::ERR_CONNECTION_REFUSED @ http://localhost:8504/_stcore/host-config:0
[  583585ms] [ERROR] Failed to load resource: net::ERR_CONNECTION_REFUSED @ http://localhost:8504/_stcore/health:0
[  583585ms] [ERROR] Client Error in reaching server endpoint - No response received when attempting to reach /_stcore/health @ http://localhost:8504/static/js/index.CcFifQPt.js:27
[  583585ms] [ERROR] Is Streamlit still running? If you accidentally stopped Streamlit, just restart it in your terminal: @ http://localhost:8504/static/js/index.CcFifQPt.js:32
[  583585ms] [ERROR] Failed to load resource: net::ERR_CONNECTION_REFUSED @ http://localhost:8504/_stcore/host-config:0
[  586465ms] [ERROR] Failed to load resource: net::ERR_CONNECTION_REFUSED @ http://localhost:8504/_stcore/health:0
[  586465ms] [ERROR] Client Error in reaching server endpoint - No response received when attempting to reach /_stcore/health @ http://localhost:8504/static/js/index.CcFifQPt.js:27
[  586465ms] [ERROR] Is Streamlit still running? If you accidentally stopped Streamlit, just restart it in your terminal: @ http://localhost:8504/static/js/index.CcFifQPt.js:32
[  586465ms] [ERROR] Failed to load resource: net::ERR_CONNECTION_REFUSED @ http://localhost:8504/_stcore/host-config:0
[  590437ms] [ERROR] Failed to load resource: net::ERR_CONNECTION_REFUSED @ http://localhost:8504/_stcore/health:0
[  590437ms] [ERROR] Client Error in reaching server endpoint - No response received when attempting to reach /_stcore/health @ http://localhost:8504/static/js/index.CcFifQPt.js:27
[  590437ms] [ERROR] Is Streamlit still running? If you accidentally stopped Streamlit, just restart it in your terminal: @ http://localhost:8504/static/js/index.CcFifQPt.js:32
[  590438ms] [ERROR] Failed to load resource: net::ERR_CONNECTION_REFUSED @ http://localhost:8504/_stcore/host-config:0
[  593879ms] [ERROR] Failed to load resource: net::ERR_CONNECTION_REFUSED @ http://localhost:8504/_stcore/health:0
[  593879ms] [ERROR] Client Error in reaching server endpoint - No response received when attempting to reach /_stcore/health @ http://localhost:8504/static/js/index.CcFifQPt.js:27
[  593879ms] [ERROR] Is Streamlit still running? If you accidentally stopped Streamlit, just restart it in your terminal: @ http://localhost:8504/static/js/index.CcFifQPt.js:32
[  593879ms] [ERROR] Failed to load resource: net::ERR_CONNECTION_REFUSED @ http://localhost:8504/_stcore/host-config:0
[  597847ms] [ERROR] Failed to load resource: net::ERR_CONNECTION_REFUSED @ http://localhost:8504/_stcore/health:0
[  597847ms] [ERROR] Client Error in reaching server endpoint - No response received when attempting to reach /_stcore/health @ http://localhost:8504/static/js/index.CcFifQPt.js:27
[  597847ms] [ERROR] Is Streamlit still running? If you accidentally stopped Streamlit, just restart it in your terminal: @ http://localhost:8504/static/js/index.CcFifQPt.js:32
[  597848ms] [ERROR] Failed to load resource: net::ERR_CONNECTION_REFUSED @ http://localhost:8504/_stcore/host-config:0
[  600724ms] [ERROR] Failed to load resource: net::ERR_CONNECTION_REFUSED @ http://localhost:8504/_stcore/health:0
[  600724ms] [ERROR] Client Error in reaching server endpoint - No response received when attempting to reach /_stcore/health @ http://localhost:8504/static/js/index.CcFifQPt.js:27
[  600724ms] [ERROR] Is Streamlit still running? If you accidentally stopped Streamlit, just restart it in your terminal: @ http://localhost:8504/static/js/index.CcFifQPt.js:32
[  600724ms] [ERROR] Failed to load resource: net::ERR_CONNECTION_REFUSED @ http://localhost:8504/_stcore/host-config:0
[  603711ms] [ERROR] Failed to load resource: net::ERR_CONNECTION_REFUSED @ http://localhost:8504/_stcore/health:0
[  603711ms] [ERROR] Client Error in reaching server endpoint - No response received when attempting to reach /_stcore/health @ http://localhost:8504/static/js/index.CcFifQPt.js:27
[  603712ms] [ERROR] Is Streamlit still running? If you accidentally stopped Streamlit, just restart it in your terminal: @ http://localhost:8504/static/js/index.CcFifQPt.js:32
[  603713ms] [ERROR] Failed to load resource: net::ERR_CONNECTION_REFUSED @ http://localhost:8504/_stcore/host-config:0
[  606904ms] [ERROR] Failed to load resource: net::ERR_CONNECTION_REFUSED @ http://localhost:8504/_stcore/health:0
[  606904ms] [ERROR] Client Error in reaching server endpoint - No response received when attempting to reach /_stcore/health @ http://localhost:8504/static/js/index.CcFifQPt.js:27
[  606904ms] [ERROR] Is Streamlit still running? If you accidentally stopped Streamlit, just restart it in your terminal: @ http://localhost:8504/static/js/index.CcFifQPt.js:32
[  606904ms] [ERROR] Failed to load resource: net::ERR_CONNECTION_REFUSED @ http://localhost:8504/_stcore/host-config:0
[  610499ms] [ERROR] Failed to load resource: net::ERR_CONNECTION_REFUSED @ http://localhost:8504/_stcore/health:0
[  610499ms] [ERROR] Client Error in reaching server endpoint - No response received when attempting to reach /_stcore/health @ http://localhost:8504/static/js/index.CcFifQPt.js:27
[  610499ms] [ERROR] Is Streamlit still running? If you accidentally stopped Streamlit, just restart it in your terminal: @ http://localhost:8504/static/js/index.CcFifQPt.js:32
[  610524ms] [ERROR] Failed to load resource: net::ERR_CONNECTION_REFUSED @ http://localhost:8504/_stcore/host-config:0
[  613930ms] [ERROR] Failed to load resource: net::ERR_CONNECTION_REFUSED @ http://localhost:8504/_stcore/health:0
[  613930ms] [ERROR] Client Error in reaching server endpoint - No response received when attempting to reach /_stcore/health @ http://localhost:8504/static/js/index.CcFifQPt.js:27
[  613930ms] [ERROR] Is Streamlit still running? If you accidentally stopped Streamlit, just restart it in your terminal: @ http://localhost:8504/static/js/index.CcFifQPt.js:32
[  613930ms] [ERROR] Failed to load resource: net::ERR_CONNECTION_REFUSED @ http://localhost:8504/_stcore/host-config:0
[  617416ms] [ERROR] Failed to load resource: net::ERR_CONNECTION_REFUSED @ http://localhost:8504/_stcore/health:0
[  617417ms] [ERROR] Client Error in reaching server endpoint - No response received when attempting to reach /_stcore/health @ http://localhost:8504/static/js/index.CcFifQPt.js:27
[  617417ms] [ERROR] Is Streamlit still running? If you accidentally stopped Streamlit, just restart it in your terminal: @ http://localhost:8504/static/js/index.CcFifQPt.js:32
[  617417ms] [ERROR] Failed to load resource: net::ERR_CONNECTION_REFUSED @ http://localhost:8504/_stcore/host-config:0
[  620897ms] [ERROR] Failed to load resource: net::ERR_CONNECTION_REFUSED @ http://localhost:8504/_stcore/health:0
[  620897ms] [ERROR] Client Error in reaching server endpoint - No response received when attempting to reach /_stcore/health @ http://localhost:8504/static/js/index.CcFifQPt.js:27
[  620897ms] [ERROR] Is Streamlit still running? If you accidentally stopped Streamlit, just restart it in your terminal: @ http://localhost:8504/static/js/index.CcFifQPt.js:32
[  620898ms] [ERROR] Failed to load resource: net::ERR_CONNECTION_REFUSED @ http://localhost:8504/_stcore/host-config:0
[  624302ms] [ERROR] Failed to load resource: net::ERR_CONNECTION_REFUSED @ http://localhost:8504/_stcore/health:0
[  624303ms] [ERROR] Client Error in reaching server endpoint - No response received when attempting to reach /_stcore/health @ http://localhost:8504/static/js/index.CcFifQPt.js:27
[  624303ms] [ERROR] Is Streamlit still running? If you accidentally stopped Streamlit, just restart it in your terminal: @ http://localhost:8504/static/js/index.CcFifQPt.js:32
[  624303ms] [ERROR] Failed to load resource: net::ERR_CONNECTION_REFUSED @ http://localhost:8504/_stcore/host-config:0
[  627124ms] [ERROR] Failed to load resource: net::ERR_CONNECTION_REFUSED @ http://localhost:8504/_stcore/health:0
[  627124ms] [ERROR] Client Error in reaching server endpoint - No response received when attempting to reach /_stcore/health @ http://localhost:8504/static/js/index.CcFifQPt.js:27
[  627124ms] [ERROR] Is Streamlit still running? If you accidentally stopped Streamlit, just restart it in your terminal: @ http://localhost:8504/static/js/index.CcFifQPt.js:32
[  627124ms] [ERROR] Failed to load resource: net::ERR_CONNECTION_REFUSED @ http://localhost:8504/_stcore/host-config:0
[  630960ms] [ERROR] Failed to load resource: net::ERR_CONNECTION_REFUSED @ http://localhost:8504/_stcore/health:0
[  630961ms] [ERROR] Client Error in reaching server endpoint - No response received when attempting to reach /_stcore/health @ http://localhost:8504/static/js/index.CcFifQPt.js:27
[  630961ms] [ERROR] Is Streamlit still running? If you accidentally stopped Streamlit, just restart it in your terminal: @ http://localhost:8504/static/js/index.CcFifQPt.js:32
[  630982ms] [ERROR] Failed to load resource: net::ERR_CONNECTION_REFUSED @ http://localhost:8504/_stcore/host-config:0
[  633938ms] [ERROR] Failed to load resource: net::ERR_CONNECTION_REFUSED @ http://localhost:8504/_stcore/health:0
[  633938ms] [ERROR] Client Error in reaching server endpoint - No response received when attempting to reach /_stcore/health @ http://localhost:8504/static/js/index.CcFifQPt.js:27
[  633938ms] [ERROR] Is Streamlit still running? If you accidentally stopped Streamlit, just restart it in your terminal: @ http://localhost:8504/static/js/index.CcFifQPt.js:32
[  633962ms] [ERROR] Failed to load resource: net::ERR_CONNECTION_REFUSED @ http://localhost:8504/_stcore/host-config:0
[  637748ms] [ERROR] Failed to load resource: net::ERR_CONNECTION_REFUSED @ http://localhost:8504/_stcore/health:0
[  637748ms] [ERROR] Client Error in reaching server endpoint - No response received when attempting to reach /_stcore/health @ http://localhost:8504/static/js/index.CcFifQPt.js:27
[  637749ms] [ERROR] Is Streamlit still running? If you accidentally stopped Streamlit, just restart it in your terminal: @ http://localhost:8504/static/js/index.CcFifQPt.js:32
[  637773ms] [ERROR] Failed to load resource: net::ERR_CONNECTION_REFUSED @ http://localhost:8504/_stcore/host-config:0
[  641426ms] [ERROR] Failed to load resource: net::ERR_CONNECTION_REFUSED @ http://localhost:8504/_stcore/health:0
[  641426ms] [ERROR] Client Error in reaching server endpoint - No response received when attempting to reach /_stcore/health @ http://localhost:8504/static/js/index.CcFifQPt.js:27
[  641427ms] [ERROR] Is Streamlit still running? If you accidentally stopped Streamlit, just restart it in your terminal: @ http://localhost:8504/static/js/index.CcFifQPt.js:32
[  641428ms] [ERROR] Failed to load resource: net::ERR_CONNECTION_REFUSED @ http://localhost:8504/_stcore/host-config:0
[  645350ms] [ERROR] Failed to load resource: net::ERR_CONNECTION_REFUSED @ http://localhost:8504/_stcore/health:0
[  645350ms] [ERROR] Client Error in reaching server endpoint - No response received when attempting to reach /_stcore/health @ http://localhost:8504/static/js/index.CcFifQPt.js:27
[  645351ms] [ERROR] Is Streamlit still running? If you accidentally stopped Streamlit, just restart it in your terminal: @ http://localhost:8504/static/js/index.CcFifQPt.js:32
[  645351ms] [ERROR] Failed to load resource: net::ERR_CONNECTION_REFUSED @ http://localhost:8504/_stcore/host-config:0
[  649093ms] [ERROR] Failed to load resource: net::ERR_CONNECTION_REFUSED @ http://localhost:8504/_stcore/health:0
[  649093ms] [ERROR] Client Error in reaching server endpoint - No response received when attempting to reach /_stcore/health @ http://localhost:8504/static/js/index.CcFifQPt.js:27
[  649094ms] [ERROR] Is Streamlit still running? If you accidentally stopped Streamlit, just restart it in your terminal: @ http://localhost:8504/static/js/index.CcFifQPt.js:32
[  649094ms] [ERROR] Failed to load resource: net::ERR_CONNECTION_REFUSED @ http://localhost:8504/_stcore/host-config:0
[  652655ms] [ERROR] Failed to load resource: net::ERR_CONNECTION_REFUSED @ http://localhost:8504/_stcore/health:0
[  652655ms] [ERROR] Client Error in reaching server endpoint - No response received when attempting to reach /_stcore/health @ http://localhost:8504/static/js/index.CcFifQPt.js:27
[  652656ms] [ERROR] Is Streamlit still running? If you accidentally stopped Streamlit, just restart it in your terminal: @ http://localhost:8504/static/js/index.CcFifQPt.js:32
[  652656ms] [ERROR] Failed to load resource: net::ERR_CONNECTION_REFUSED @ http://localhost:8504/_stcore/host-config:0
[  655940ms] [ERROR] Failed to load resource: net::ERR_CONNECTION_REFUSED @ http://localhost:8504/_stcore/health:0
[  655940ms] [ERROR] Client Error in reaching server endpoint - No response received when attempting to reach /_stcore/health @ http://localhost:8504/static/js/index.CcFifQPt.js:27
[  655940ms] [ERROR] Is Streamlit still running? If you accidentally stopped Streamlit, just restart it in your terminal: @ http://localhost:8504/static/js/index.CcFifQPt.js:32
[  655940ms] [ERROR] Failed to load resource: net::ERR_CONNECTION_REFUSED @ http://localhost:8504/_stcore/host-config:0
[  658972ms] [ERROR] Failed to load resource: net::ERR_CONNECTION_REFUSED @ http://localhost:8504/_stcore/health:0
[  658972ms] [ERROR] Client Error in reaching server endpoint - No response received when attempting to reach /_stcore/health @ http://localhost:8504/static/js/index.CcFifQPt.js:27
[  658972ms] [ERROR] Is Streamlit still running? If you accidentally stopped Streamlit, just restart it in your terminal: @ http://localhost:8504/static/js/index.CcFifQPt.js:32
[  658996ms] [ERROR] Failed to load resource: net::ERR_CONNECTION_REFUSED @ http://localhost:8504/_stcore/host-config:0
[  661827ms] [ERROR] Failed to load resource: net::ERR_CONNECTION_REFUSED @ http://localhost:8504/_stcore/health:0
[  661828ms] [ERROR] Client Error in reaching server endpoint - No response received when attempting to reach /_stcore/health @ http://localhost:8504/static/js/index.CcFifQPt.js:27
[  661828ms] [ERROR] Is Streamlit still running? If you accidentally stopped Streamlit, just restart it in your terminal: @ http://localhost:8504/static/js/index.CcFifQPt.js:32
[  661828ms] [ERROR] Failed to load resource: net::ERR_CONNECTION_REFUSED @ http://localhost:8504/_stcore/host-config:0
[  665639ms] [ERROR] Failed to load resource: net::ERR_CONNECTION_REFUSED @ http://localhost:8504/_stcore/health:0
[  665640ms] [ERROR] Client Error in reaching server endpoint - No response received when attempting to reach /_stcore/health @ http://localhost:8504/static/js/index.CcFifQPt.js:27
[  665640ms] [ERROR] Is Streamlit still running? If you accidentally stopped Streamlit, just restart it in your terminal: @ http://localhost:8504/static/js/index.CcFifQPt.js:32
[  665640ms] [ERROR] Failed to load resource: net::ERR_CONNECTION_REFUSED @ http://localhost:8504/_stcore/host-config:0
[  669225ms] [ERROR] Failed to load resource: net::ERR_CONNECTION_REFUSED @ http://localhost:8504/_stcore/health:0
[  669225ms] [ERROR] Client Error in reaching server endpoint - No response received when attempting to reach /_stcore/health @ http://localhost:8504/static/js/index.CcFifQPt.js:27
[  669225ms] [ERROR] Is Streamlit still running? If you accidentally stopped Streamlit, just restart it in your terminal: @ http://localhost:8504/static/js/index.CcFifQPt.js:32
[  669226ms] [ERROR] Failed to load resource: net::ERR_CONNECTION_REFUSED @ http://localhost:8504/_stcore/host-config:0
[  672882ms] [ERROR] Failed to load resource: net::ERR_CONNECTION_REFUSED @ http://localhost:8504/_stcore/health:0
[  672883ms] [ERROR] Client Error in reaching server endpoint - No response received when attempting to reach /_stcore/health @ http://localhost:8504/static/js/index.CcFifQPt.js:27
[  672883ms] [ERROR] Is Streamlit still running? If you accidentally stopped Streamlit, just restart it in your terminal: @ http://localhost:8504/static/js/index.CcFifQPt.js:32
[  672883ms] [ERROR] Failed to load resource: net::ERR_CONNECTION_REFUSED @ http://localhost:8504/_stcore/host-config:0
[  675995ms] [ERROR] Failed to load resource: net::ERR_CONNECTION_REFUSED @ http://localhost:8504/_stcore/health:0
[  675995ms] [ERROR] Client Error in reaching server endpoint - No response received when attempting to reach /_stcore/health @ http://localhost:8504/static/js/index.CcFifQPt.js:27
[  675996ms] [ERROR] Is Streamlit still running? If you accidentally stopped Streamlit, just restart it in your terminal: @ http://localhost:8504/static/js/index.CcFifQPt.js:32
[  676019ms] [ERROR] Failed to load resource: net::ERR_CONNECTION_REFUSED @ http://localhost:8504/_stcore/host-config:0
[  679289ms] [ERROR] Failed to load resource: net::ERR_CONNECTION_REFUSED @ http://localhost:8504/_stcore/health:0
[  679289ms] [ERROR] Client Error in reaching server endpoint - No response received when attempting to reach /_stcore/health @ http://localhost:8504/static/js/index.CcFifQPt.js:27
[  679289ms] [ERROR] Is Streamlit still running? If you accidentally stopped Streamlit, just restart it in your terminal: @ http://localhost:8504/static/js/index.CcFifQPt.js:32
[  679290ms] [ERROR] Failed to load resource: net::ERR_CONNECTION_REFUSED @ http://localhost:8504/_stcore/host-config:0
[  682238ms] [ERROR] Failed to load resource: net::ERR_CONNECTION_REFUSED @ http://localhost:8504/_stcore/health:0
[  682238ms] [ERROR] Client Error in reaching server endpoint - No response received when attempting to reach /_stcore/health @ http://localhost:8504/static/js/index.CcFifQPt.js:27
[  682238ms] [ERROR] Is Streamlit still running? If you accidentally stopped Streamlit, just restart it in your terminal: @ http://localhost:8504/static/js/index.CcFifQPt.js:32
[  682239ms] [ERROR] Failed to load resource: net::ERR_CONNECTION_REFUSED @ http://localhost:8504/_stcore/host-config:0
[  685943ms] [ERROR] Failed to load resource: net::ERR_CONNECTION_REFUSED @ http://localhost:8504/_stcore/health:0
[  685944ms] [ERROR] Client Error in reaching server endpoint - No response received when attempting to reach /_stcore/health @ http://localhost:8504/static/js/index.CcFifQPt.js:27
[  685944ms] [ERROR] Is Streamlit still running? If you accidentally stopped Streamlit, just restart it in your terminal: @ http://localhost:8504/static/js/index.CcFifQPt.js:32
[  685972ms] [ERROR] Failed to load resource: net::ERR_CONNECTION_REFUSED @ http://localhost:8504/_stcore/host-config:0
[  689683ms] [ERROR] Failed to load resource: net::ERR_CONNECTION_REFUSED @ http://localhost:8504/_stcore/health:0
[  689683ms] [ERROR] Client Error in reaching server endpoint - No response received when attempting to reach /_stcore/health @ http://localhost:8504/static/js/index.CcFifQPt.js:27
[  689683ms] [ERROR] Is Streamlit still running? If you accidentally stopped Streamlit, just restart it in your terminal: @ http://localhost:8504/static/js/index.CcFifQPt.js:32
[  689683ms] [ERROR] Failed to load resource: net::ERR_CONNECTION_REFUSED @ http://localhost:8504/_stcore/host-config:0
[  693679ms] [ERROR] Failed to load resource: net::ERR_CONNECTION_REFUSED @ http://localhost:8504/_stcore/health:0
[  693679ms] [ERROR] Client Error in reaching server endpoint - No response received when attempting to reach /_stcore/health @ http://localhost:8504/static/js/index.CcFifQPt.js:27
[  693679ms] [ERROR] Is Streamlit still running? If you accidentally stopped Streamlit, just restart it in your terminal: @ http://localhost:8504/static/js/index.CcFifQPt.js:32
[  693679ms] [ERROR] Failed to load resource: net::ERR_CONNECTION_REFUSED @ http://localhost:8504/_stcore/host-config:0
[  696995ms] [ERROR] Failed to load resource: net::ERR_CONNECTION_REFUSED @ http://localhost:8504/_stcore/health:0
[  696995ms] [ERROR] Client Error in reaching server endpoint - No response received when attempting to reach /_stcore/health @ http://localhost:8504/static/js/index.CcFifQPt.js:27
[  696995ms] [ERROR] Is Streamlit still running? If you accidentally stopped Streamlit, just restart it in your terminal: @ http://localhost:8504/static/js/index.CcFifQPt.js:32
[  697021ms] [ERROR] Failed to load resource: net::ERR_CONNECTION_REFUSED @ http://localhost:8504/_stcore/host-config:0
[  700411ms] [ERROR] Failed to load resource: net::ERR_CONNECTION_REFUSED @ http://localhost:8504/_stcore/health:0
[  700411ms] [ERROR] Client Error in reaching server endpoint - No response received when attempting to reach /_stcore/health @ http://localhost:8504/static/js/index.CcFifQPt.js:27
[  700411ms] [ERROR] Is Streamlit still running? If you accidentally stopped Streamlit, just restart it in your terminal: @ http://localhost:8504/static/js/index.CcFifQPt.js:32
[  700411ms] [ERROR] Failed to load resource: net::ERR_CONNECTION_REFUSED @ http://localhost:8504/_stcore/host-config:0
[  703548ms] [ERROR] Failed to load resource: net::ERR_CONNECTION_REFUSED @ http://localhost:8504/_stcore/health:0
[  703548ms] [ERROR] Client Error in reaching server endpoint - No response received when attempting to reach /_stcore/health @ http://localhost:8504/static/js/index.CcFifQPt.js:27
[  703548ms] [ERROR] Is Streamlit still running? If you accidentally stopped Streamlit, just restart it in your terminal: @ http://localhost:8504/static/js/index.CcFifQPt.js:32
[  703549ms] [ERROR] Failed to load resource: net::ERR_CONNECTION_REFUSED @ http://localhost:8504/_stcore/host-config:0
[  706595ms] [ERROR] Failed to load resource: net::ERR_CONNECTION_REFUSED @ http://localhost:8504/_stcore/health:0
[  706595ms] [ERROR] Client Error in reaching server endpoint - No response received when attempting to reach /_stcore/health @ http://localhost:8504/static/js/index.CcFifQPt.js:27
[  706595ms] [ERROR] Is Streamlit still running? If you accidentally stopped Streamlit, just restart it in your terminal: @ http://localhost:8504/static/js/index.CcFifQPt.js:32
[  706595ms] [ERROR] Failed to load resource: net::ERR_CONNECTION_REFUSED @ http://localhost:8504/_stcore/host-config:0
[  710523ms] [ERROR] Failed to load resource: net::ERR_CONNECTION_REFUSED @ http://localhost:8504/_stcore/health:0
[  710523ms] [ERROR] Client Error in reaching server endpoint - No response received when attempting to reach /_stcore/health @ http://localhost:8504/static/js/index.CcFifQPt.js:27
[  710523ms] [ERROR] Is Streamlit still running? If you accidentally stopped Streamlit, just restart it in your terminal: @ http://localhost:8504/static/js/index.CcFifQPt.js:32
[  710525ms] [ERROR] Failed to load resource: net::ERR_CONNECTION_REFUSED @ http://localhost:8504/_stcore/host-config:0
[  714414ms] [ERROR] Failed to load resource: net::ERR_CONNECTION_REFUSED @ http://localhost:8504/_stcore/health:0
[  714414ms] [ERROR] Client Error in reaching server endpoint - No response received when attempting to reach /_stcore/health @ http://localhost:8504/static/js/index.CcFifQPt.js:27
[  714414ms] [ERROR] Is Streamlit still running? If you accidentally stopped Streamlit, just restart it in your terminal: @ http://localhost:8504/static/js/index.CcFifQPt.js:32
[  714414ms] [ERROR] Failed to load resource: net::ERR_CONNECTION_REFUSED @ http://localhost:8504/_stcore/host-config:0
[  717884ms] [ERROR] Failed to load resource: net::ERR_CONNECTION_REFUSED @ http://localhost:8504/_stcore/health:0
[  717884ms] [ERROR] Client Error in reaching server endpoint - No response received when attempting to reach /_stcore/health @ http://localhost:8504/static/js/index.CcFifQPt.js:27
[  717884ms] [ERROR] Is Streamlit still running? If you accidentally stopped Streamlit, just restart it in your terminal: @ http://localhost:8504/static/js/index.CcFifQPt.js:32
[  717884ms] [ERROR] Failed to load resource: net::ERR_CONNECTION_REFUSED @ http://localhost:8504/_stcore/host-config:0
[  721271ms] [ERROR] Failed to load resource: net::ERR_CONNECTION_REFUSED @ http://localhost:8504/_stcore/health:0
[  721271ms] [ERROR] Client Error in reaching server endpoint - No response received when attempting to reach /_stcore/health @ http://localhost:8504/static/js/index.CcFifQPt.js:27
[  721271ms] [ERROR] Is Streamlit still running? If you accidentally stopped Streamlit, just restart it in your terminal: @ http://localhost:8504/static/js/index.CcFifQPt.js:32
[  721299ms] [ERROR] Failed to load resource: net::ERR_CONNECTION_REFUSED @ http://localhost:8504/_stcore/host-config:0
[  724177ms] [ERROR] Failed to load resource: net::ERR_CONNECTION_REFUSED @ http://localhost:8504/_stcore/health:0
[  724177ms] [ERROR] Client Error in reaching server endpoint - No response received when attempting to reach /_stcore/health @ http://localhost:8504/static/js/index.CcFifQPt.js:27
[  724178ms] [ERROR] Is Streamlit still running? If you accidentally stopped Streamlit, just restart it in your terminal: @ http://localhost:8504/static/js/index.CcFifQPt.js:32
[  724178ms] [ERROR] Failed to load resource: net::ERR_CONNECTION_REFUSED @ http://localhost:8504/_stcore/host-config:0
[  727199ms] [ERROR] Failed to load resource: net::ERR_CONNECTION_REFUSED @ http://localhost:8504/_stcore/health:0
[  727199ms] [ERROR] Client Error in reaching server endpoint - No response received when attempting to reach /_stcore/health @ http://localhost:8504/static/js/index.CcFifQPt.js:27
[  727199ms] [ERROR] Is Streamlit still running? If you accidentally stopped Streamlit, just restart it in your terminal: @ http://localhost:8504/static/js/index.CcFifQPt.js:32
[  727200ms] [ERROR] Failed to load resource: net::ERR_CONNECTION_REFUSED @ http://localhost:8504/_stcore/host-config:0
[  731181ms] [ERROR] Failed to load resource: net::ERR_CONNECTION_REFUSED @ http://localhost:8504/_stcore/health:0
[  731181ms] [ERROR] Client Error in reaching server endpoint - No response received when attempting to reach /_stcore/health @ http://localhost:8504/static/js/index.CcFifQPt.js:27
[  731181ms] [ERROR] Is Streamlit still running? If you accidentally stopped Streamlit, just restart it in your terminal: @ http://localhost:8504/static/js/index.CcFifQPt.js:32
[  731182ms] [ERROR] Failed to load resource: net::ERR_CONNECTION_REFUSED @ http://localhost:8504/_stcore/host-config:0
[  734186ms] [ERROR] Failed to load resource: net::ERR_CONNECTION_REFUSED @ http://localhost:8504/_stcore/health:0
[  734186ms] [ERROR] Client Error in reaching server endpoint - No response received when attempting to reach /_stcore/health @ http://localhost:8504/static/js/index.CcFifQPt.js:27
[  734186ms] [ERROR] Is Streamlit still running? If you accidentally stopped Streamlit, just restart it in your terminal: @ http://localhost:8504/static/js/index.CcFifQPt.js:32
[  734186ms] [ERROR] Failed to load resource: net::ERR_CONNECTION_REFUSED @ http://localhost:8504/_stcore/host-config:0
[  737841ms] [ERROR] Failed to load resource: net::ERR_CONNECTION_REFUSED @ http://localhost:8504/_stcore/health:0
[  737841ms] [ERROR] Client Error in reaching server endpoint - No response received when attempting to reach /_stcore/health @ http://localhost:8504/static/js/index.CcFifQPt.js:27
[  737841ms] [ERROR] Is Streamlit still running? If you accidentally stopped Streamlit, just restart it in your terminal: @ http://localhost:8504/static/js/index.CcFifQPt.js:32
[  737841ms] [ERROR] Failed to load resource: net::ERR_CONNECTION_REFUSED @ http://localhost:8504/_stcore/host-config:0
[  740761ms] [ERROR] Failed to load resource: net::ERR_CONNECTION_REFUSED @ http://localhost:8504/_stcore/health:0
[  740761ms] [ERROR] Client Error in reaching server endpoint - No response received when attempting to reach /_stcore/health @ http://localhost:8504/static/js/index.CcFifQPt.js:27
[  740761ms] [ERROR] Is Streamlit still running? If you accidentally stopped Streamlit, just restart it in your terminal: @ http://localhost:8504/static/js/index.CcFifQPt.js:32
[  740763ms] [ERROR] Failed to load resource: net::ERR_CONNECTION_REFUSED @ http://localhost:8504/_stcore/host-config:0
[  744357ms] [ERROR] Failed to load resource: net::ERR_CONNECTION_REFUSED @ http://localhost:8504/_stcore/health:0
[  744358ms] [ERROR] Client Error in reaching server endpoint - No response received when attempting to reach /_stcore/health @ http://localhost:8504/static/js/index.CcFifQPt.js:27
[  744358ms] [ERROR] Is Streamlit still running? If you accidentally stopped Streamlit, just restart it in your terminal: @ http://localhost:8504/static/js/index.CcFifQPt.js:32
[  744377ms] [ERROR] Failed to load resource: net::ERR_CONNECTION_REFUSED @ http://localhost:8504/_stcore/host-config:0
[  748145ms] [ERROR] Failed to load resource: net::ERR_CONNECTION_REFUSED @ http://localhost:8504/_stcore/health:0
[  748145ms] [ERROR] Client Error in reaching server endpoint - No response received when attempting to reach /_stcore/health @ http://localhost:8504/static/js/index.CcFifQPt.js:27
[  748145ms] [ERROR] Is Streamlit still running? If you accidentally stopped Streamlit, just restart it in your terminal: @ http://localhost:8504/static/js/index.CcFifQPt.js:32
[  748145ms] [ERROR] Failed to load resource: net::ERR_CONNECTION_REFUSED @ http://localhost:8504/_stcore/host-config:0
[  752137ms] [ERROR] Failed to load resource: net::ERR_CONNECTION_REFUSED @ http://localhost:8504/_stcore/health:0
[  752137ms] [ERROR] Client Error in reaching server endpoint - No response received when attempting to reach /_stcore/health @ http://localhost:8504/static/js/index.CcFifQPt.js:27
[  752138ms] [ERROR] Is Streamlit still running? If you accidentally stopped Streamlit, just restart it in your terminal: @ http://localhost:8504/static/js/index.CcFifQPt.js:32
[  752138ms] [ERROR] Failed to load resource: net::ERR_CONNECTION_REFUSED @ http://localhost:8504/_stcore/host-config:0
[  755886ms] [ERROR] Failed to load resource: net::ERR_CONNECTION_REFUSED @ http://localhost:8504/_stcore/health:0
[  755886ms] [ERROR] Client Error in reaching server endpoint - No response received when attempting to reach /_stcore/health @ http://localhost:8504/static/js/index.CcFifQPt.js:27
[  755886ms] [ERROR] Is Streamlit still running? If you accidentally stopped Streamlit, just restart it in your terminal: @ http://localhost:8504/static/js/index.CcFifQPt.js:32
[  755886ms] [ERROR] Failed to load resource: net::ERR_CONNECTION_REFUSED @ http://localhost:8504/_stcore/host-config:0
[  758996ms] [ERROR] Failed to load resource: net::ERR_CONNECTION_REFUSED @ http://localhost:8504/_stcore/health:0
[  758996ms] [ERROR] Client Error in reaching server endpoint - No response received when attempting to reach /_stcore/health @ http://localhost:8504/static/js/index.CcFifQPt.js:27
[  758996ms] [ERROR] Is Streamlit still running? If you accidentally stopped Streamlit, just restart it in your terminal: @ http://localhost:8504/static/js/index.CcFifQPt.js:32
[  758997ms] [ERROR] Failed to load resource: net::ERR_CONNECTION_REFUSED @ http://localhost:8504/_stcore/host-config:0
[  762306ms] [ERROR] Failed to load resource: net::ERR_CONNECTION_REFUSED @ http://localhost:8504/_stcore/health:0
[  762306ms] [ERROR] Client Error in reaching server endpoint - No response received when attempting to reach /_stcore/health @ http://localhost:8504/static/js/index.CcFifQPt.js:27
[  762306ms] [ERROR] Is Streamlit still running? If you accidentally stopped Streamlit, just restart it in your terminal: @ http://localhost:8504/static/js/index.CcFifQPt.js:32
[  762307ms] [ERROR] Failed to load resource: net::ERR_CONNECTION_REFUSED @ http://localhost:8504/_stcore/host-config:0
[  766116ms] [ERROR] Failed to load resource: net::ERR_CONNECTION_REFUSED @ http://localhost:8504/_stcore/health:0
[  766116ms] [ERROR] Client Error in reaching server endpoint - No response received when attempting to reach /_stcore/health @ http://localhost:8504/static/js/index.CcFifQPt.js:27
[  766117ms] [ERROR] Is Streamlit still running? If you accidentally stopped Streamlit, just restart it in your terminal: @ http://localhost:8504/static/js/index.CcFifQPt.js:32
[  766117ms] [ERROR] Failed to load resource: net::ERR_CONNECTION_REFUSED @ http://localhost:8504/_stcore/host-config:0
[  770047ms] [ERROR] Failed to load resource: net::ERR_CONNECTION_REFUSED @ http://localhost:8504/_stcore/health:0
[  770047ms] [ERROR] Client Error in reaching server endpoint - No response received when attempting to reach /_stcore/health @ http://localhost:8504/static/js/index.CcFifQPt.js:27
[  770047ms] [ERROR] Is Streamlit still running? If you accidentally stopped Streamlit, just restart it in your terminal: @ http://localhost:8504/static/js/index.CcFifQPt.js:32
[  770047ms] [ERROR] Failed to load resource: net::ERR_CONNECTION_REFUSED @ http://localhost:8504/_stcore/host-config:0
[  773580ms] [ERROR] Failed to load resource: net::ERR_CONNECTION_REFUSED @ http://localhost:8504/_stcore/health:0
[  773581ms] [ERROR] Client Error in reaching server endpoint - No response received when attempting to reach /_stcore/health @ http://localhost:8504/static/js/index.CcFifQPt.js:27
[  773581ms] [ERROR] Is Streamlit still running? If you accidentally stopped Streamlit, just restart it in your terminal: @ http://localhost:8504/static/js/index.CcFifQPt.js:32
[  773581ms] [ERROR] Failed to load resource: net::ERR_CONNECTION_REFUSED @ http://localhost:8504/_stcore/host-config:0
[  777474ms] [ERROR] Failed to load resource: net::ERR_CONNECTION_REFUSED @ http://localhost:8504/_stcore/health:0
[  777474ms] [ERROR] Client Error in reaching server endpoint - No response received when attempting to reach /_stcore/health @ http://localhost:8504/static/js/index.CcFifQPt.js:27
[  777474ms] [ERROR] Is Streamlit still running? If you accidentally stopped Streamlit, just restart it in your terminal: @ http://localhost:8504/static/js/index.CcFifQPt.js:32
[  777497ms] [ERROR] Failed to load resource: net::ERR_CONNECTION_REFUSED @ http://localhost:8504/_stcore/host-config:0
[  780791ms] [ERROR] Failed to load resource: net::ERR_CONNECTION_REFUSED @ http://localhost:8504/_stcore/health:0
[  780791ms] [ERROR] Client Error in reaching server endpoint - No response received when attempting to reach /_stcore/health @ http://localhost:8504/static/js/index.CcFifQPt.js:27
[  780792ms] [ERROR] Is Streamlit still running? If you accidentally stopped Streamlit, just restart it in your terminal: @ http://localhost:8504/static/js/index.CcFifQPt.js:32
[  780812ms] [ERROR] Failed to load resource: net::ERR_CONNECTION_REFUSED @ http://localhost:8504/_stcore/host-config:0
[  784131ms] [ERROR] Failed to load resource: net::ERR_CONNECTION_REFUSED @ http://localhost:8504/_stcore/health:0
[  784131ms] [ERROR] Client Error in reaching server endpoint - No response received when attempting to reach /_stcore/health @ http://localhost:8504/static/js/index.CcFifQPt.js:27
[  784131ms] [ERROR] Is Streamlit still running? If you accidentally stopped Streamlit, just restart it in your terminal: @ http://localhost:8504/static/js/index.CcFifQPt.js:32
[  784132ms] [ERROR] Failed to load resource: net::ERR_CONNECTION_REFUSED @ http://localhost:8504/_stcore/host-config:0
[  787152ms] [ERROR] Failed to load resource: net::ERR_CONNECTION_REFUSED @ http://localhost:8504/_stcore/health:0
[  787153ms] [ERROR] Client Error in reaching server endpoint - No response received when attempting to reach /_stcore/health @ http://localhost:8504/static/js/index.CcFifQPt.js:27
[  787153ms] [ERROR] Is Streamlit still running? If you accidentally stopped Streamlit, just restart it in your terminal: @ http://localhost:8504/static/js/index.CcFifQPt.js:32
[  787166ms] [ERROR] Failed to load resource: net::ERR_CONNECTION_REFUSED @ http://localhost:8504/_stcore/host-config:0
[  790122ms] [ERROR] Failed to load resource: net::ERR_CONNECTION_REFUSED @ http://localhost:8504/_stcore/health:0
[  790123ms] [ERROR] Client Error in reaching server endpoint - No response received when attempting to reach /_stcore/health @ http://localhost:8504/static/js/index.CcFifQPt.js:27
[  790123ms] [ERROR] Is Streamlit still running? If you accidentally stopped Streamlit, just restart it in your terminal: @ http://localhost:8504/static/js/index.CcFifQPt.js:32
[  790123ms] [ERROR] Failed to load resource: net::ERR_CONNECTION_REFUSED @ http://localhost:8504/_stcore/host-config:0
[  793861ms] [ERROR] Failed to load resource: net::ERR_CONNECTION_REFUSED @ http://localhost:8504/_stcore/health:0
[  793861ms] [ERROR] Client Error in reaching server endpoint - No response received when attempting to reach /_stcore/health @ http://localhost:8504/static/js/index.CcFifQPt.js:27
[  793861ms] [ERROR] Is Streamlit still running? If you accidentally stopped Streamlit, just restart it in your terminal: @ http://localhost:8504/static/js/index.CcFifQPt.js:32
[  793861ms] [ERROR] Failed to load resource: net::ERR_CONNECTION_REFUSED @ http://localhost:8504/_stcore/host-config:0
[  797292ms] [ERROR] Failed to load resource: net::ERR_CONNECTION_REFUSED @ http://localhost:8504/_stcore/health:0
[  797292ms] [ERROR] Client Error in reaching server endpoint - No response received when attempting to reach /_stcore/health @ http://localhost:8504/static/js/index.CcFifQPt.js:27
[  797293ms] [ERROR] Is Streamlit still running? If you accidentally stopped Streamlit, just restart it in your terminal: @ http://localhost:8504/static/js/index.CcFifQPt.js:32
[  797293ms] [ERROR] Failed to load resource: net::ERR_CONNECTION_REFUSED @ http://localhost:8504/_stcore/host-config:0
[  800546ms] [ERROR] Failed to load resource: net::ERR_CONNECTION_REFUSED @ http://localhost:8504/_stcore/health:0
[  800547ms] [ERROR] Client Error in reaching server endpoint - No response received when attempting to reach /_stcore/health @ http://localhost:8504/static/js/index.CcFifQPt.js:27
[  800547ms] [ERROR] Is Streamlit still running? If you accidentally stopped Streamlit, just restart it in your terminal: @ http://localhost:8504/static/js/index.CcFifQPt.js:32
[  800547ms] [ERROR] Failed to load resource: net::ERR_CONNECTION_REFUSED @ http://localhost:8504/_stcore/host-config:0
[  804448ms] [ERROR] Failed to load resource: net::ERR_CONNECTION_REFUSED @ http://localhost:8504/_stcore/health:0
[  804448ms] [ERROR] Client Error in reaching server endpoint - No response received when attempting to reach /_stcore/health @ http://localhost:8504/static/js/index.CcFifQPt.js:27
[  804449ms] [ERROR] Is Streamlit still running? If you accidentally stopped Streamlit, just restart it in your terminal: @ http://localhost:8504/static/js/index.CcFifQPt.js:32
[  804449ms] [ERROR] Failed to load resource: net::ERR_CONNECTION_REFUSED @ http://localhost:8504/_stcore/host-config:0
[  807913ms] [ERROR] Failed to load resource: net::ERR_CONNECTION_REFUSED @ http://localhost:8504/_stcore/health:0
[  807914ms] [ERROR] Client Error in reaching server endpoint - No response received when attempting to reach /_stcore/health @ http://localhost:8504/static/js/index.CcFifQPt.js:27
[  807914ms] [ERROR] Is Streamlit still running? If you accidentally stopped Streamlit, just restart it in your terminal: @ http://localhost:8504/static/js/index.CcFifQPt.js:32
[  807936ms] [ERROR] Failed to load resource: net::ERR_CONNECTION_REFUSED @ http://localhost:8504/_stcore/host-config:0
[  811868ms] [ERROR] Failed to load resource: net::ERR_CONNECTION_REFUSED @ http://localhost:8504/_stcore/health:0
[  811868ms] [ERROR] Client Error in reaching server endpoint - No response received when attempting to reach /_stcore/health @ http://localhost:8504/static/js/index.CcFifQPt.js:27
[  811868ms] [ERROR] Is Streamlit still running? If you accidentally stopped Streamlit, just restart it in your terminal: @ http://localhost:8504/static/js/index.CcFifQPt.js:32
[  811869ms] [ERROR] Failed to load resource: net::ERR_CONNECTION_REFUSED @ http://localhost:8504/_stcore/host-config:0
[  814904ms] [ERROR] Failed to load resource: net::ERR_CONNECTION_REFUSED @ http://localhost:8504/_stcore/health:0
[  814904ms] [ERROR] Client Error in reaching server endpoint - No response received when attempting to reach /_stcore/health @ http://localhost:8504/static/js/index.CcFifQPt.js:27
[  814904ms] [ERROR] Is Streamlit still running? If you accidentally stopped Streamlit, just restart it in your terminal: @ http://localhost:8504/static/js/index.CcFifQPt.js:32
[  814929ms] [ERROR] Failed to load resource: net::ERR_CONNECTION_REFUSED @ http://localhost:8504/_stcore/host-config:0
[  817984ms] [ERROR] Failed to load resource: net::ERR_CONNECTION_REFUSED @ http://localhost:8504/_stcore/health:0
[  817984ms] [ERROR] Client Error in reaching server endpoint - No response received when attempting to reach /_stcore/health @ http://localhost:8504/static/js/index.CcFifQPt.js:27
[  817984ms] [ERROR] Is Streamlit still running? If you accidentally stopped Streamlit, just restart it in your terminal: @ http://localhost:8504/static/js/index.CcFifQPt.js:32
[  818008ms] [ERROR] Failed to load resource: net::ERR_CONNECTION_REFUSED @ http://localhost:8504/_stcore/host-config:0
[  821928ms] [ERROR] Failed to load resource: net::ERR_CONNECTION_REFUSED @ http://localhost:8504/_stcore/health:0
[  821929ms] [ERROR] Client Error in reaching server endpoint - No response received when attempting to reach /_stcore/health @ http://localhost:8504/static/js/index.CcFifQPt.js:27
[  821929ms] [ERROR] Is Streamlit still running? If you accidentally stopped Streamlit, just restart it in your terminal: @ http://localhost:8504/static/js/index.CcFifQPt.js:32
[  821929ms] [ERROR] Failed to load resource: net::ERR_CONNECTION_REFUSED @ http://localhost:8504/_stcore/host-config:0
[  825030ms] [ERROR] Failed to load resource: net::ERR_CONNECTION_REFUSED @ http://localhost:8504/_stcore/health:0
[  825030ms] [ERROR] Client Error in reaching server endpoint - No response received when attempting to reach /_stcore/health @ http://localhost:8504/static/js/index.CcFifQPt.js:27
[  825030ms] [ERROR] Is Streamlit still running? If you accidentally stopped Streamlit, just restart it in your terminal: @ http://localhost:8504/static/js/index.CcFifQPt.js:32
[  825030ms] [ERROR] Failed to load resource: net::ERR_CONNECTION_REFUSED @ http://localhost:8504/_stcore/host-config:0
[  828326ms] [ERROR] Failed to load resource: net::ERR_CONNECTION_REFUSED @ http://localhost:8504/_stcore/health:0
[  828326ms] [ERROR] Client Error in reaching server endpoint - No response received when attempting to reach /_stcore/health @ http://localhost:8504/static/js/index.CcFifQPt.js:27
[  828326ms] [ERROR] Is Streamlit still running? If you accidentally stopped Streamlit, just restart it in your terminal: @ http://localhost:8504/static/js/index.CcFifQPt.js:32
[  828327ms] [ERROR] Failed to load resource: net::ERR_CONNECTION_REFUSED @ http://localhost:8504/_stcore/host-config:0
[  831834ms] [ERROR] Failed to load resource: net::ERR_CONNECTION_REFUSED @ http://localhost:8504/_stcore/health:0
[  831834ms] [ERROR] Client Error in reaching server endpoint - No response received when attempting to reach /_stcore/health @ http://localhost:8504/static/js/index.CcFifQPt.js:27
[  831834ms] [ERROR] Is Streamlit still running? If you accidentally stopped Streamlit, just restart it in your terminal: @ http://localhost:8504/static/js/index.CcFifQPt.js:32
[  831854ms] [ERROR] Failed to load resource: net::ERR_CONNECTION_REFUSED @ http://localhost:8504/_stcore/host-config:0
[  835735ms] [ERROR] Failed to load resource: net::ERR_CONNECTION_REFUSED @ http://localhost:8504/_stcore/health:0
[  835735ms] [ERROR] Client Error in reaching server endpoint - No response received when attempting to reach /_stcore/health @ http://localhost:8504/static/js/index.CcFifQPt.js:27
[  835735ms] [ERROR] Is Streamlit still running? If you accidentally stopped Streamlit, just restart it in your terminal: @ http://localhost:8504/static/js/index.CcFifQPt.js:32
[  835735ms] [ERROR] Failed to load resource: net::ERR_CONNECTION_REFUSED @ http://localhost:8504/_stcore/host-config:0
[  839018ms] [ERROR] Failed to load resource: net::ERR_CONNECTION_REFUSED @ http://localhost:8504/_stcore/health:0
[  839018ms] [ERROR] Client Error in reaching server endpoint - No response received when attempting to reach /_stcore/health @ http://localhost:8504/static/js/index.CcFifQPt.js:27
[  839018ms] [ERROR] Is Streamlit still running? If you accidentally stopped Streamlit, just restart it in your terminal: @ http://localhost:8504/static/js/index.CcFifQPt.js:32
[  839044ms] [ERROR] Failed to load resource: net::ERR_CONNECTION_REFUSED @ http://localhost:8504/_stcore/host-config:0
[  842506ms] [ERROR] Failed to load resource: net::ERR_CONNECTION_REFUSED @ http://localhost:8504/_stcore/health:0
[  842506ms] [ERROR] Client Error in reaching server endpoint - No response received when attempting to reach /_stcore/health @ http://localhost:8504/static/js/index.CcFifQPt.js:27
[  842506ms] [ERROR] Is Streamlit still running? If you accidentally stopped Streamlit, just restart it in your terminal: @ http://localhost:8504/static/js/index.CcFifQPt.js:32
[  842507ms] [ERROR] Failed to load resource: net::ERR_CONNECTION_REFUSED @ http://localhost:8504/_stcore/host-config:0
[  846442ms] [ERROR] Failed to load resource: net::ERR_CONNECTION_REFUSED @ http://localhost:8504/_stcore/health:0
[  846442ms] [ERROR] Client Error in reaching server endpoint - No response received when attempting to reach /_stcore/health @ http://localhost:8504/static/js/index.CcFifQPt.js:27
[  846443ms] [ERROR] Is Streamlit still running? If you accidentally stopped Streamlit, just restart it in your terminal: @ http://localhost:8504/static/js/index.CcFifQPt.js:32
[  846466ms] [ERROR] Failed to load resource: net::ERR_CONNECTION_REFUSED @ http://localhost:8504/_stcore/host-config:0
[  850217ms] [ERROR] Failed to load resource: net::ERR_CONNECTION_REFUSED @ http://localhost:8504/_stcore/health:0
[  850217ms] [ERROR] Client Error in reaching server endpoint - No response received when attempting to reach /_stcore/health @ http://localhost:8504/static/js/index.CcFifQPt.js:27
[  850218ms] [ERROR] Is Streamlit still running? If you accidentally stopped Streamlit, just restart it in your terminal: @ http://localhost:8504/static/js/index.CcFifQPt.js:32
[  850218ms] [ERROR] Failed to load resource: net::ERR_CONNECTION_REFUSED @ http://localhost:8504/_stcore/host-config:0
[  853336ms] [ERROR] Failed to load resource: net::ERR_CONNECTION_REFUSED @ http://localhost:8504/_stcore/health:0
[  853336ms] [ERROR] Client Error in reaching server endpoint - No response received when attempting to reach /_stcore/health @ http://localhost:8504/static/js/index.CcFifQPt.js:27
[  853336ms] [ERROR] Is Streamlit still running? If you accidentally stopped Streamlit, just restart it in your terminal: @ http://localhost:8504/static/js/index.CcFifQPt.js:32
[  853337ms] [ERROR] Failed to load resource: net::ERR_CONNECTION_REFUSED @ http://localhost:8504/_stcore/host-config:0
[  856754ms] [ERROR] Failed to load resource: net::ERR_CONNECTION_REFUSED @ http://localhost:8504/_stcore/health:0
[  856754ms] [ERROR] Client Error in reaching server endpoint - No response received when attempting to reach /_stcore/health @ http://localhost:8504/static/js/index.CcFifQPt.js:27
[  856754ms] [ERROR] Is Streamlit still running? If you accidentally stopped Streamlit, just restart it in your terminal: @ http://localhost:8504/static/js/index.CcFifQPt.js:32
[  856754ms] [ERROR] Failed to load resource: net::ERR_CONNECTION_REFUSED @ http://localhost:8504/_stcore/host-config:0
[  860326ms] [ERROR] Failed to load resource: net::ERR_CONNECTION_REFUSED @ http://localhost:8504/_stcore/health:0
[  860327ms] [ERROR] Client Error in reaching server endpoint - No response received when attempting to reach /_stcore/health @ http://localhost:8504/static/js/index.CcFifQPt.js:27
[  860327ms] [ERROR] Is Streamlit still running? If you accidentally stopped Streamlit, just restart it in your terminal: @ http://localhost:8504/static/js/index.CcFifQPt.js:32
[  860327ms] [ERROR] Failed to load resource: net::ERR_CONNECTION_REFUSED @ http://localhost:8504/_stcore/host-config:0
[  863237ms] [ERROR] Failed to load resource: net::ERR_CONNECTION_REFUSED @ http://localhost:8504/_stcore/health:0
[  863237ms] [ERROR] Client Error in reaching server endpoint - No response received when attempting to reach /_stcore/health @ http://localhost:8504/static/js/index.CcFifQPt.js:27
[  863237ms] [ERROR] Is Streamlit still running? If you accidentally stopped Streamlit, just restart it in your terminal: @ http://localhost:8504/static/js/index.CcFifQPt.js:32
[  863266ms] [ERROR] Failed to load resource: net::ERR_CONNECTION_REFUSED @ http://localhost:8504/_stcore/host-config:0
[  866697ms] [ERROR] Failed to load resource: net::ERR_CONNECTION_REFUSED @ http://localhost:8504/_stcore/health:0
[  866697ms] [ERROR] Client Error in reaching server endpoint - No response received when attempting to reach /_stcore/health @ http://localhost:8504/static/js/index.CcFifQPt.js:27
[  866698ms] [ERROR] Is Streamlit still running? If you accidentally stopped Streamlit, just restart it in your terminal: @ http://localhost:8504/static/js/index.CcFifQPt.js:32
[  866698ms] [ERROR] Failed to load resource: net::ERR_CONNECTION_REFUSED @ http://localhost:8504/_stcore/host-config:0
[  870550ms] [ERROR] Failed to load resource: net::ERR_CONNECTION_REFUSED @ http://localhost:8504/_stcore/health:0
[  870550ms] [ERROR] Client Error in reaching server endpoint - No response received when attempting to reach /_stcore/health @ http://localhost:8504/static/js/index.CcFifQPt.js:27
[  870550ms] [ERROR] Is Streamlit still running? If you accidentally stopped Streamlit, just restart it in your terminal: @ http://localhost:8504/static/js/index.CcFifQPt.js:32
[  870551ms] [ERROR] Failed to load resource: net::ERR_CONNECTION_REFUSED @ http://localhost:8504/_stcore/host-config:0
[  873783ms] [ERROR] Failed to load resource: net::ERR_CONNECTION_REFUSED @ http://localhost:8504/_stcore/health:0
[  873784ms] [ERROR] Client Error in reaching server endpoint - No response received when attempting to reach /_stcore/health @ http://localhost:8504/static/js/index.CcFifQPt.js:27
[  873784ms] [ERROR] Is Streamlit still running? If you accidentally stopped Streamlit, just restart it in your terminal: @ http://localhost:8504/static/js/index.CcFifQPt.js:32
[  873784ms] [ERROR] Failed to load resource: net::ERR_CONNECTION_REFUSED @ http://localhost:8504/_stcore/host-config:0
[  877753ms] [ERROR] Failed to load resource: net::ERR_CONNECTION_REFUSED @ http://localhost:8504/_stcore/health:0
[  877754ms] [ERROR] Client Error in reaching server endpoint - No response received when attempting to reach /_stcore/health @ http://localhost:8504/static/js/index.CcFifQPt.js:27
[  877754ms] [ERROR] Is Streamlit still running? If you accidentally stopped Streamlit, just restart it in your terminal: @ http://localhost:8504/static/js/index.CcFifQPt.js:32
[  877754ms] [ERROR] Failed to load resource: net::ERR_CONNECTION_REFUSED @ http://localhost:8504/_stcore/host-config:0
[  881306ms] [ERROR] Failed to load resource: net::ERR_CONNECTION_REFUSED @ http://localhost:8504/_stcore/health:0
[  881307ms] [ERROR] Client Error in reaching server endpoint - No response received when attempting to reach /_stcore/health @ http://localhost:8504/static/js/index.CcFifQPt.js:27
[  881307ms] [ERROR] Is Streamlit still running? If you accidentally stopped Streamlit, just restart it in your terminal: @ http://localhost:8504/static/js/index.CcFifQPt.js:32
[  881307ms] [ERROR] Failed to load resource: net::ERR_CONNECTION_REFUSED @ http://localhost:8504/_stcore/host-config:0
[  884492ms] [ERROR] Failed to load resource: net::ERR_CONNECTION_REFUSED @ http://localhost:8504/_stcore/health:0
[  884492ms] [ERROR] Client Error in reaching server endpoint - No response received when attempting to reach /_stcore/health @ http://localhost:8504/static/js/index.CcFifQPt.js:27
[  884492ms] [ERROR] Is Streamlit still running? If you accidentally stopped Streamlit, just restart it in your terminal: @ http://localhost:8504/static/js/index.CcFifQPt.js:32
[  884507ms] [ERROR] Failed to load resource: net::ERR_CONNECTION_REFUSED @ http://localhost:8504/_stcore/host-config:0
[  887480ms] [ERROR] Failed to load resource: net::ERR_CONNECTION_REFUSED @ http://localhost:8504/_stcore/health:0
[  887480ms] [ERROR] Client Error in reaching server endpoint - No response received when attempting to reach /_stcore/health @ http://localhost:8504/static/js/index.CcFifQPt.js:27
[  887481ms] [ERROR] Is Streamlit still running? If you accidentally stopped Streamlit, just restart it in your terminal: @ http://localhost:8504/static/js/index.CcFifQPt.js:32
[  887505ms] [ERROR] Failed to load resource: net::ERR_CONNECTION_REFUSED @ http://localhost:8504/_stcore/host-config:0
[  890499ms] [ERROR] Failed to load resource: net::ERR_CONNECTION_REFUSED @ http://localhost:8504/_stcore/health:0
[  890499ms] [ERROR] Client Error in reaching server endpoint - No response received when attempting to reach /_stcore/health @ http://localhost:8504/static/js/index.CcFifQPt.js:27
[  890499ms] [ERROR] Is Streamlit still running? If you accidentally stopped Streamlit, just restart it in your terminal: @ http://localhost:8504/static/js/index.CcFifQPt.js:32
[  890499ms] [ERROR] Failed to load resource: net::ERR_CONNECTION_REFUSED @ http://localhost:8504/_stcore/host-config:0
[  894162ms] [ERROR] Failed to load resource: net::ERR_CONNECTION_REFUSED @ http://localhost:8504/_stcore/health:0
[  894162ms] [ERROR] Client Error in reaching server endpoint - No response received when attempting to reach /_stcore/health @ http://localhost:8504/static/js/index.CcFifQPt.js:27
[  894162ms] [ERROR] Is Streamlit still running? If you accidentally stopped Streamlit, just restart it in your terminal: @ http://localhost:8504/static/js/index.CcFifQPt.js:32
[  894162ms] [ERROR] Failed to load resource: net::ERR_CONNECTION_REFUSED @ http://localhost:8504/_stcore/host-config:0
[  897555ms] [ERROR] Failed to load resource: net::ERR_CONNECTION_REFUSED @ http://localhost:8504/_stcore/health:0
[  897555ms] [ERROR] Client Error in reaching server endpoint - No response received when attempting to reach /_stcore/health @ http://localhost:8504/static/js/index.CcFifQPt.js:27
[  897556ms] [ERROR] Is Streamlit still running? If you accidentally stopped Streamlit, just restart it in your terminal: @ http://localhost:8504/static/js/index.CcFifQPt.js:32
[  897556ms] [ERROR] Failed to load resource: net::ERR_CONNECTION_REFUSED @ http://localhost:8504/_stcore/host-config:0
[  901303ms] [ERROR] Failed to load resource: net::ERR_CONNECTION_REFUSED @ http://localhost:8504/_stcore/health:0
[  901304ms] [ERROR] Client Error in reaching server endpoint - No response received when attempting to reach /_stcore/health @ http://localhost:8504/static/js/index.CcFifQPt.js:27
[  901304ms] [ERROR] Is Streamlit still running? If you accidentally stopped Streamlit, just restart it in your terminal: @ http://localhost:8504/static/js/index.CcFifQPt.js:32
[  901304ms] [ERROR] Failed to load resource: net::ERR_CONNECTION_REFUSED @ http://localhost:8504/_stcore/host-config:0
[  904338ms] [ERROR] Failed to load resource: net::ERR_CONNECTION_REFUSED @ http://localhost:8504/_stcore/health:0
[  904338ms] [ERROR] Client Error in reaching server endpoint - No response received when attempting to reach /_stcore/health @ http://localhost:8504/static/js/index.CcFifQPt.js:27
[  904339ms] [ERROR] Is Streamlit still running? If you accidentally stopped Streamlit, just restart it in your terminal: @ http://localhost:8504/static/js/index.CcFifQPt.js:32
[  904339ms] [ERROR] Failed to load resource: net::ERR_CONNECTION_REFUSED @ http://localhost:8504/_stcore/host-config:0
[  907564ms] [ERROR] Failed to load resource: net::ERR_CONNECTION_REFUSED @ http://localhost:8504/_stcore/health:0
[  907564ms] [ERROR] Client Error in reaching server endpoint - No response received when attempting to reach /_stcore/health @ http://localhost:8504/static/js/index.CcFifQPt.js:27
[  907564ms] [ERROR] Is Streamlit still running? If you accidentally stopped Streamlit, just restart it in your terminal: @ http://localhost:8504/static/js/index.CcFifQPt.js:32
[  907564ms] [ERROR] Failed to load resource: net::ERR_CONNECTION_REFUSED @ http://localhost:8504/_stcore/host-config:0
[  910979ms] [ERROR] Failed to load resource: net::ERR_CONNECTION_REFUSED @ http://localhost:8504/_stcore/health:0
[  910979ms] [ERROR] Client Error in reaching server endpoint - No response received when attempting to reach /_stcore/health @ http://localhost:8504/static/js/index.CcFifQPt.js:27
[  910979ms] [ERROR] Is Streamlit still running? If you accidentally stopped Streamlit, just restart it in your terminal: @ http://localhost:8504/static/js/index.CcFifQPt.js:32
[  910979ms] [ERROR] Failed to load resource: net::ERR_CONNECTION_REFUSED @ http://localhost:8504/_stcore/host-config:0
[  914066ms] [ERROR] Failed to load resource: net::ERR_CONNECTION_REFUSED @ http://localhost:8504/_stcore/health:0
[  914066ms] [ERROR] Client Error in reaching server endpoint - No response received when attempting to reach /_stcore/health @ http://localhost:8504/static/js/index.CcFifQPt.js:27
[  914067ms] [ERROR] Is Streamlit still running? If you accidentally stopped Streamlit, just restart it in your terminal: @ http://localhost:8504/static/js/index.CcFifQPt.js:32
[  914067ms] [ERROR] Failed to load resource: net::ERR_CONNECTION_REFUSED @ http://localhost:8504/_stcore/host-config:0
[  917301ms] [ERROR] Failed to load resource: net::ERR_CONNECTION_REFUSED @ http://localhost:8504/_stcore/health:0
[  917301ms] [ERROR] Client Error in reaching server endpoint - No response received when attempting to reach /_stcore/health @ http://localhost:8504/static/js/index.CcFifQPt.js:27
[  917301ms] [ERROR] Is Streamlit still running? If you accidentally stopped Streamlit, just restart it in your terminal: @ http://localhost:8504/static/js/index.CcFifQPt.js:32
[  917301ms] [ERROR] Failed to load resource: net::ERR_CONNECTION_REFUSED @ http://localhost:8504/_stcore/host-config:0
[  921109ms] [ERROR] Failed to load resource: net::ERR_CONNECTION_REFUSED @ http://localhost:8504/_stcore/health:0
[  921110ms] [ERROR] Client Error in reaching server endpoint - No response received when attempting to reach /_stcore/health @ http://localhost:8504/static/js/index.CcFifQPt.js:27
[  921110ms] [ERROR] Is Streamlit still running? If you accidentally stopped Streamlit, just restart it in your terminal: @ http://localhost:8504/static/js/index.CcFifQPt.js:32
[  921110ms] [ERROR] Failed to load resource: net::ERR_CONNECTION_REFUSED @ http://localhost:8504/_stcore/host-config:0
[  924911ms] [ERROR] Failed to load resource: net::ERR_CONNECTION_REFUSED @ http://localhost:8504/_stcore/health:0
[  924911ms] [ERROR] Client Error in reaching server endpoint - No response received when attempting to reach /_stcore/health @ http://localhost:8504/static/js/index.CcFifQPt.js:27
[  924911ms] [ERROR] Is Streamlit still running? If you accidentally stopped Streamlit, just restart it in your terminal: @ http://localhost:8504/static/js/index.CcFifQPt.js:32
[  924912ms] [ERROR] Failed to load resource: net::ERR_CONNECTION_REFUSED @ http://localhost:8504/_stcore/host-config:0
[  927965ms] [ERROR] Failed to load resource: net::ERR_CONNECTION_REFUSED @ http://localhost:8504/_stcore/health:0
[  927965ms] [ERROR] Client Error in reaching server endpoint - No response received when attempting to reach /_stcore/health @ http://localhost:8504/static/js/index.CcFifQPt.js:27
[  927965ms] [ERROR] Is Streamlit still running? If you accidentally stopped Streamlit, just restart it in your terminal: @ http://localhost:8504/static/js/index.CcFifQPt.js:32
[  927982ms] [ERROR] Failed to load resource: net::ERR_CONNECTION_REFUSED @ http://localhost:8504/_stcore/host-config:0
[  931869ms] [ERROR] Failed to load resource: net::ERR_CONNECTION_REFUSED @ http://localhost:8504/_stcore/health:0
[  931870ms] [ERROR] Client Error in reaching server endpoint - No response received when attempting to reach /_stcore/health @ http://localhost:8504/static/js/index.CcFifQPt.js:27
[  931870ms] [ERROR] Is Streamlit still running? If you accidentally stopped Streamlit, just restart it in your terminal: @ http://localhost:8504/static/js/index.CcFifQPt.js:32
[  931870ms] [ERROR] Failed to load resource: net::ERR_CONNECTION_REFUSED @ http://localhost:8504/_stcore/host-config:0
[  935218ms] [ERROR] Failed to load resource: net::ERR_CONNECTION_REFUSED @ http://localhost:8504/_stcore/health:0
[  935218ms] [ERROR] Client Error in reaching server endpoint - No response received when attempting to reach /_stcore/health @ http://localhost:8504/static/js/index.CcFifQPt.js:27
[  935218ms] [ERROR] Is Streamlit still running? If you accidentally stopped Streamlit, just restart it in your terminal: @ http://localhost:8504/static/js/index.CcFifQPt.js:32
[  935218ms] [ERROR] Failed to load resource: net::ERR_CONNECTION_REFUSED @ http://localhost:8504/_stcore/host-config:0
[  939169ms] [ERROR] Failed to load resource: net::ERR_CONNECTION_REFUSED @ http://localhost:8504/_stcore/health:0
[  939170ms] [ERROR] Client Error in reaching server endpoint - No response received when attempting to reach /_stcore/health @ http://localhost:8504/static/js/index.CcFifQPt.js:27
[  939170ms] [ERROR] Is Streamlit still running? If you accidentally stopped Streamlit, just restart it in your terminal: @ http://localhost:8504/static/js/index.CcFifQPt.js:32
[  939170ms] [ERROR] Failed to load resource: net::ERR_CONNECTION_REFUSED @ http://localhost:8504/_stcore/host-config:0
[  941989ms] [ERROR] Failed to load resource: net::ERR_CONNECTION_REFUSED @ http://localhost:8504/_stcore/health:0
[  941989ms] [ERROR] Client Error in reaching server endpoint - No response received when attempting to reach /_stcore/health @ http://localhost:8504/static/js/index.CcFifQPt.js:27
[  941989ms] [ERROR] Is Streamlit still running? If you accidentally stopped Streamlit, just restart it in your terminal: @ http://localhost:8504/static/js/index.CcFifQPt.js:32
[  941989ms] [ERROR] Failed to load resource: net::ERR_CONNECTION_REFUSED @ http://localhost:8504/_stcore/host-config:0
[  945060ms] [ERROR] Failed to load resource: net::ERR_CONNECTION_REFUSED @ http://localhost:8504/_stcore/health:0
[  945060ms] [ERROR] Client Error in reaching server endpoint - No response received when attempting to reach /_stcore/health @ http://localhost:8504/static/js/index.CcFifQPt.js:27
[  945060ms] [ERROR] Is Streamlit still running? If you accidentally stopped Streamlit, just restart it in your terminal: @ http://localhost:8504/static/js/index.CcFifQPt.js:32
[  945060ms] [ERROR] Failed to load resource: net::ERR_CONNECTION_REFUSED @ http://localhost:8504/_stcore/host-config:0
[  948357ms] [ERROR] Failed to load resource: net::ERR_CONNECTION_REFUSED @ http://localhost:8504/_stcore/health:0
[  948357ms] [ERROR] Client Error in reaching server endpoint - No response received when attempting to reach /_stcore/health @ http://localhost:8504/static/js/index.CcFifQPt.js:27
[  948358ms] [ERROR] Is Streamlit still running? If you accidentally stopped Streamlit, just restart it in your terminal: @ http://localhost:8504/static/js/index.CcFifQPt.js:32
[  948358ms] [ERROR] Failed to load resource: net::ERR_CONNECTION_REFUSED @ http://localhost:8504/_stcore/host-config:0
[  951451ms] [ERROR] Failed to load resource: net::ERR_CONNECTION_REFUSED @ http://localhost:8504/_stcore/health:0
[  951451ms] [ERROR] Client Error in reaching server endpoint - No response received when attempting to reach /_stcore/health @ http://localhost:8504/static/js/index.CcFifQPt.js:27
[  951451ms] [ERROR] Is Streamlit still running? If you accidentally stopped Streamlit, just restart it in your terminal: @ http://localhost:8504/static/js/index.CcFifQPt.js:32
[  951452ms] [ERROR] Failed to load resource: net::ERR_CONNECTION_REFUSED @ http://localhost:8504/_stcore/host-config:0
[  954401ms] [ERROR] Failed to load resource: net::ERR_CONNECTION_REFUSED @ http://localhost:8504/_stcore/health:0
[  954401ms] [ERROR] Client Error in reaching server endpoint - No response received when attempting to reach /_stcore/health @ http://localhost:8504/static/js/index.CcFifQPt.js:27
[  954401ms] [ERROR] Is Streamlit still running? If you accidentally stopped Streamlit, just restart it in your terminal: @ http://localhost:8504/static/js/index.CcFifQPt.js:32
[  954402ms] [ERROR] Failed to load resource: net::ERR_CONNECTION_REFUSED @ http://localhost:8504/_stcore/host-config:0
[  957272ms] [ERROR] Failed to load resource: net::ERR_CONNECTION_REFUSED @ http://localhost:8504/_stcore/health:0
[  957273ms] [ERROR] Client Error in reaching server endpoint - No response received when attempting to reach /_stcore/health @ http://localhost:8504/static/js/index.CcFifQPt.js:27
[  957273ms] [ERROR] Is Streamlit still running? If you accidentally stopped Streamlit, just restart it in your terminal: @ http://localhost:8504/static/js/index.CcFifQPt.js:32
[  957273ms] [ERROR] Failed to load resource: net::ERR_CONNECTION_REFUSED @ http://localhost:8504/_stcore/host-config:0
[  960315ms] [ERROR] Failed to load resource: net::ERR_CONNECTION_REFUSED @ http://localhost:8504/_stcore/health:0
[  960315ms] [ERROR] Client Error in reaching server endpoint - No response received when attempting to reach /_stcore/health @ http://localhost:8504/static/js/index.CcFifQPt.js:27
[  960315ms] [ERROR] Is Streamlit still running? If you accidentally stopped Streamlit, just restart it in your terminal: @ http://localhost:8504/static/js/index.CcFifQPt.js:32
[  960316ms] [ERROR] Failed to load resource: net::ERR_CONNECTION_REFUSED @ http://localhost:8504/_stcore/host-config:0
[  963294ms] [ERROR] Failed to load resource: net::ERR_CONNECTION_REFUSED @ http://localhost:8504/_stcore/health:0
[  963294ms] [ERROR] Client Error in reaching server endpoint - No response received when attempting to reach /_stcore/health @ http://localhost:8504/static/js/index.CcFifQPt.js:27
[  963294ms] [ERROR] Is Streamlit still running? If you accidentally stopped Streamlit, just restart it in your terminal: @ http://localhost:8504/static/js/index.CcFifQPt.js:32
[  963295ms] [ERROR] Failed to load resource: net::ERR_CONNECTION_REFUSED @ http://localhost:8504/_stcore/host-config:0
[ 1027699ms] [WARNING] WebSocket onclose @ http://localhost:8504/static/js/index.CcFifQPt.js:28
[ 1028131ms] [ERROR] Failed to load resource: net::ERR_CONNECTION_REFUSED @ http://localhost:8504/_stcore/health:0
[ 1028131ms] [ERROR] Failed to load resource: net::ERR_CONNECTION_REFUSED @ http://localhost:8504/_stcore/host-config:0
[ 1028243ms] [ERROR] Failed to load resource: net::ERR_CONNECTION_REFUSED @ http://localhost:8504/_stcore/health:0
[ 1028244ms] [ERROR] Failed to load resource: net::ERR_CONNECTION_REFUSED @ http://localhost:8504/_stcore/host-config:0
[ 1028428ms] [ERROR] Failed to load resource: net::ERR_CONNECTION_REFUSED @ http://localhost:8504/_stcore/health:0
[ 1028428ms] [ERROR] Failed to load resource: net::ERR_CONNECTION_REFUSED @ http://localhost:8504/_stcore/host-config:0
[ 1028778ms] [ERROR] Failed to load resource: net::ERR_CONNECTION_REFUSED @ http://localhost:8504/_stcore/health:0
[ 1028778ms] [ERROR] Failed to load resource: net::ERR_CONNECTION_REFUSED @ http://localhost:8504/_stcore/host-config:0
[ 1029477ms] [ERROR] Failed to load resource: net::ERR_CONNECTION_REFUSED @ http://localhost:8504/_stcore/health:0
[ 1029477ms] [ERROR] Failed to load resource: net::ERR_CONNECTION_REFUSED @ http://localhost:8504/_stcore/host-config:0
[ 1031080ms] [ERROR] Failed to load resource: net::ERR_CONNECTION_REFUSED @ http://localhost:8504/_stcore/health:0
[ 1031080ms] [ERROR] Client Error in reaching server endpoint - No response received when attempting to reach /_stcore/health @ http://localhost:8504/static/js/index.CcFifQPt.js:27
[ 1031081ms] [ERROR] Is Streamlit still running? If you accidentally stopped Streamlit, just restart it in your terminal: @ http://localhost:8504/static/js/index.CcFifQPt.js:32
[ 1031081ms] [ERROR] Failed to load resource: net::ERR_CONNECTION_REFUSED @ http://localhost:8504/_stcore/host-config:0
[ 1034151ms] [ERROR] Failed to load resource: net::ERR_CONNECTION_REFUSED @ http://localhost:8504/_stcore/health:0
[ 1034151ms] [ERROR] Client Error in reaching server endpoint - No response received when attempting to reach /_stcore/health @ http://localhost:8504/static/js/index.CcFifQPt.js:27
[ 1034151ms] [ERROR] Is Streamlit still running? If you accidentally stopped Streamlit, just restart it in your terminal: @ http://localhost:8504/static/js/index.CcFifQPt.js:32
[ 1034152ms] [ERROR] Failed to load resource: net::ERR_CONNECTION_REFUSED @ http://localhost:8504/_stcore/host-config:0
[ 1038005ms] [ERROR] Failed to load resource: net::ERR_CONNECTION_REFUSED @ http://localhost:8504/_stcore/health:0
[ 1038005ms] [ERROR] Client Error in reaching server endpoint - No response received when attempting to reach /_stcore/health @ http://localhost:8504/static/js/index.CcFifQPt.js:27
[ 1038006ms] [ERROR] Is Streamlit still running? If you accidentally stopped Streamlit, just restart it in your terminal: @ http://localhost:8504/static/js/index.CcFifQPt.js:32
[ 1038006ms] [ERROR] Failed to load resource: net::ERR_CONNECTION_REFUSED @ http://localhost:8504/_stcore/host-config:0
[ 1040905ms] [ERROR] Failed to load resource: net::ERR_CONNECTION_REFUSED @ http://localhost:8504/_stcore/health:0
[ 1040905ms] [ERROR] Client Error in reaching server endpoint - No response received when attempting to reach /_stcore/health @ http://localhost:8504/static/js/index.CcFifQPt.js:27
[ 1040905ms] [ERROR] Is Streamlit still running? If you accidentally stopped Streamlit, just restart it in your terminal: @ http://localhost:8504/static/js/index.CcFifQPt.js:32
[ 1040906ms] [ERROR] Failed to load resource: net::ERR_CONNECTION_REFUSED @ http://localhost:8504/_stcore/host-config:0
[ 1044710ms] [ERROR] Failed to load resource: net::ERR_CONNECTION_REFUSED @ http://localhost:8504/_stcore/health:0
[ 1044710ms] [ERROR] Client Error in reaching server endpoint - No response received when attempting to reach /_stcore/health @ http://localhost:8504/static/js/index.CcFifQPt.js:27
[ 1044710ms] [ERROR] Is Streamlit still running? If you accidentally stopped Streamlit, just restart it in your terminal: @ http://localhost:8504/static/js/index.CcFifQPt.js:32
[ 1044710ms] [ERROR] Failed to load resource: net::ERR_CONNECTION_REFUSED @ http://localhost:8504/_stcore/host-config:0
[ 1047596ms] [ERROR] Failed to load resource: net::ERR_CONNECTION_REFUSED @ http://localhost:8504/_stcore/health:0
[ 1047596ms] [ERROR] Client Error in reaching server endpoint - No response received when attempting to reach /_stcore/health @ http://localhost:8504/static/js/index.CcFifQPt.js:27
[ 1047596ms] [ERROR] Is Streamlit still running? If you accidentally stopped Streamlit, just restart it in your terminal: @ http://localhost:8504/static/js/index.CcFifQPt.js:32
[ 1047618ms] [ERROR] Failed to load resource: net::ERR_CONNECTION_REFUSED @ http://localhost:8504/_stcore/host-config:0
[ 1051155ms] [ERROR] Failed to load resource: net::ERR_CONNECTION_REFUSED @ http://localhost:8504/_stcore/health:0
[ 1051155ms] [ERROR] Client Error in reaching server endpoint - No response received when attempting to reach /_stcore/health @ http://localhost:8504/static/js/index.CcFifQPt.js:27
[ 1051156ms] [ERROR] Is Streamlit still running? If you accidentally stopped Streamlit, just restart it in your terminal: @ http://localhost:8504/static/js/index.CcFifQPt.js:32
[ 1051156ms] [ERROR] Failed to load resource: net::ERR_CONNECTION_REFUSED @ http://localhost:8504/_stcore/host-config:0
[ 1054220ms] [ERROR] Failed to load resource: net::ERR_CONNECTION_REFUSED @ http://localhost:8504/_stcore/health:0
[ 1054221ms] [ERROR] Client Error in reaching server endpoint - No response received when attempting to reach /_stcore/health @ http://localhost:8504/static/js/index.CcFifQPt.js:27
[ 1054221ms] [ERROR] Is Streamlit still running? If you accidentally stopped Streamlit, just restart it in your terminal: @ http://localhost:8504/static/js/index.CcFifQPt.js:32
[ 1054222ms] [ERROR] Failed to load resource: net::ERR_CONNECTION_REFUSED @ http://localhost:8504/_stcore/host-config:0
[ 1057942ms] [ERROR] Failed to load resource: net::ERR_CONNECTION_REFUSED @ http://localhost:8504/_stcore/health:0
[ 1057942ms] [ERROR] Client Error in reaching server endpoint - No response received when attempting to reach /_stcore/health @ http://localhost:8504/static/js/index.CcFifQPt.js:27
[ 1057942ms] [ERROR] Is Streamlit still running? If you accidentally stopped Streamlit, just restart it in your terminal: @ http://localhost:8504/static/js/index.CcFifQPt.js:32
[ 1057943ms] [ERROR] Failed to load resource: net::ERR_CONNECTION_REFUSED @ http://localhost:8504/_stcore/host-config:0
[ 1061639ms] [ERROR] Failed to load resource: net::ERR_CONNECTION_REFUSED @ http://localhost:8504/_stcore/health:0
[ 1061639ms] [ERROR] Client Error in reaching server endpoint - No response received when attempting to reach /_stcore/health @ http://localhost:8504/static/js/index.CcFifQPt.js:27
[ 1061640ms] [ERROR] Is Streamlit still running? If you accidentally stopped Streamlit, just restart it in your terminal: @ http://localhost:8504/static/js/index.CcFifQPt.js:32
[ 1061668ms] [ERROR] Failed to load resource: net::ERR_CONNECTION_REFUSED @ http://localhost:8504/_stcore/host-config:0
[ 1065272ms] [ERROR] Failed to load resource: net::ERR_CONNECTION_REFUSED @ http://localhost:8504/_stcore/health:0
[ 1065273ms] [ERROR] Client Error in reaching server endpoint - No response received when attempting to reach /_stcore/health @ http://localhost:8504/static/js/index.CcFifQPt.js:27
[ 1065273ms] [ERROR] Is Streamlit still running? If you accidentally stopped Streamlit, just restart it in your terminal: @ http://localhost:8504/static/js/index.CcFifQPt.js:32
[ 1065273ms] [ERROR] Failed to load resource: net::ERR_CONNECTION_REFUSED @ http://localhost:8504/_stcore/host-config:0
[ 1069239ms] [ERROR] Failed to load resource: net::ERR_CONNECTION_REFUSED @ http://localhost:8504/_stcore/health:0
[ 1069239ms] [ERROR] Client Error in reaching server endpoint - No response received when attempting to reach /_stcore/health @ http://localhost:8504/static/js/index.CcFifQPt.js:27
[ 1069239ms] [ERROR] Is Streamlit still running? If you accidentally stopped Streamlit, just restart it in your terminal: @ http://localhost:8504/static/js/index.CcFifQPt.js:32
[ 1069267ms] [ERROR] Failed to load resource: net::ERR_CONNECTION_REFUSED @ http://localhost:8504/_stcore/host-config:0
[ 1072399ms] [ERROR] Failed to load resource: net::ERR_CONNECTION_REFUSED @ http://localhost:8504/_stcore/health:0
[ 1072399ms] [ERROR] Client Error in reaching server endpoint - No response received when attempting to reach /_stcore/health @ http://localhost:8504/static/js/index.CcFifQPt.js:27
[ 1072399ms] [ERROR] Is Streamlit still running? If you accidentally stopped Streamlit, just restart it in your terminal: @ http://localhost:8504/static/js/index.CcFifQPt.js:32
[ 1072400ms] [ERROR] Failed to load resource: net::ERR_CONNECTION_REFUSED @ http://localhost:8504/_stcore/host-config:0
[ 1076050ms] [ERROR] Failed to load resource: net::ERR_CONNECTION_REFUSED @ http://localhost:8504/_stcore/health:0
[ 1076050ms] [ERROR] Client Error in reaching server endpoint - No response received when attempting to reach /_stcore/health @ http://localhost:8504/static/js/index.CcFifQPt.js:27
[ 1076050ms] [ERROR] Is Streamlit still running? If you accidentally stopped Streamlit, just restart it in your terminal: @ http://localhost:8504/static/js/index.CcFifQPt.js:32
[ 1076051ms] [ERROR] Failed to load resource: net::ERR_CONNECTION_REFUSED @ http://localhost:8504/_stcore/host-config:0
[ 1078961ms] [ERROR] Failed to load resource: net::ERR_CONNECTION_REFUSED @ http://localhost:8504/_stcore/health:0
[ 1078961ms] [ERROR] Client Error in reaching server endpoint - No response received when attempting to reach /_stcore/health @ http://localhost:8504/static/js/index.CcFifQPt.js:27
[ 1078961ms] [ERROR] Is Streamlit still running? If you accidentally stopped Streamlit, just restart it in your terminal: @ http://localhost:8504/static/js/index.CcFifQPt.js:32
[ 1078962ms] [ERROR] Failed to load resource: net::ERR_CONNECTION_REFUSED @ http://localhost:8504/_stcore/host-config:0
[ 1082128ms] [ERROR] Failed to load resource: net::ERR_CONNECTION_REFUSED @ http://localhost:8504/_stcore/health:0
[ 1082129ms] [ERROR] Client Error in reaching server endpoint - No response received when attempting to reach /_stcore/health @ http://localhost:8504/static/js/index.CcFifQPt.js:27
[ 1082129ms] [ERROR] Is Streamlit still running? If you accidentally stopped Streamlit, just restart it in your terminal: @ http://localhost:8504/static/js/index.CcFifQPt.js:32
[ 1082151ms] [ERROR] Failed to load resource: net::ERR_CONNECTION_REFUSED @ http://localhost:8504/_stcore/host-config:0
[ 1085028ms] [ERROR] Failed to load resource: net::ERR_CONNECTION_REFUSED @ http://localhost:8504/_stcore/health:0
[ 1085029ms] [ERROR] Client Error in reaching server endpoint - No response received when attempting to reach /_stcore/health @ http://localhost:8504/static/js/index.CcFifQPt.js:27
[ 1085029ms] [ERROR] Is Streamlit still running? If you accidentally stopped Streamlit, just restart it in your terminal: @ http://localhost:8504/static/js/index.CcFifQPt.js:32
[ 1085029ms] [ERROR] Failed to load resource: net::ERR_CONNECTION_REFUSED @ http://localhost:8504/_stcore/host-config:0
[ 1088518ms] [ERROR] Failed to load resource: net::ERR_CONNECTION_REFUSED @ http://localhost:8504/_stcore/health:0
[ 1088518ms] [ERROR] Client Error in reaching server endpoint - No response received when attempting to reach /_stcore/health @ http://localhost:8504/static/js/index.CcFifQPt.js:27
[ 1088519ms] [ERROR] Is Streamlit still running? If you accidentally stopped Streamlit, just restart it in your terminal: @ http://localhost:8504/static/js/index.CcFifQPt.js:32
[ 1088520ms] [ERROR] Failed to load resource: net::ERR_CONNECTION_REFUSED @ http://localhost:8504/_stcore/host-config:0
[ 1092142ms] [ERROR] Failed to load resource: net::ERR_CONNECTION_REFUSED @ http://localhost:8504/_stcore/health:0
[ 1092142ms] [ERROR] Client Error in reaching server endpoint - No response received when attempting to reach /_stcore/health @ http://localhost:8504/static/js/index.CcFifQPt.js:27
[ 1092143ms] [ERROR] Is Streamlit still running? If you accidentally stopped Streamlit, just restart it in your terminal: @ http://localhost:8504/static/js/index.CcFifQPt.js:32
[ 1092143ms] [ERROR] Failed to load resource: net::ERR_CONNECTION_REFUSED @ http://localhost:8504/_stcore/host-config:0
[ 1095457ms] [ERROR] Failed to load resource: net::ERR_CONNECTION_REFUSED @ http://localhost:8504/_stcore/health:0
[ 1095458ms] [ERROR] Client Error in reaching server endpoint - No response received when attempting to reach /_stcore/health @ http://localhost:8504/static/js/index.CcFifQPt.js:27
[ 1095458ms] [ERROR] Is Streamlit still running? If you accidentally stopped Streamlit, just restart it in your terminal: @ http://localhost:8504/static/js/index.CcFifQPt.js:32
[ 1095458ms] [ERROR] Failed to load resource: net::ERR_CONNECTION_REFUSED @ http://localhost:8504/_stcore/host-config:0
[ 1098736ms] [ERROR] Failed to load resource: net::ERR_CONNECTION_REFUSED @ http://localhost:8504/_stcore/health:0
[ 1098736ms] [ERROR] Client Error in reaching server endpoint - No response received when attempting to reach /_stcore/health @ http://localhost:8504/static/js/index.CcFifQPt.js:27
[ 1098736ms] [ERROR] Is Streamlit still running? If you accidentally stopped Streamlit, just restart it in your terminal: @ http://localhost:8504/static/js/index.CcFifQPt.js:32
[ 1098738ms] [ERROR] Failed to load resource: net::ERR_CONNECTION_REFUSED @ http://localhost:8504/_stcore/host-config:0
[ 1101877ms] [ERROR] Failed to load resource: net::ERR_CONNECTION_REFUSED @ http://localhost:8504/_stcore/health:0
[ 1101878ms] [ERROR] Client Error in reaching server endpoint - No response received when attempting to reach /_stcore/health @ http://localhost:8504/static/js/index.CcFifQPt.js:27
[ 1101878ms] [ERROR] Is Streamlit still running? If you accidentally stopped Streamlit, just restart it in your terminal: @ http://localhost:8504/static/js/index.CcFifQPt.js:32
[ 1101878ms] [ERROR] Failed to load resource: net::ERR_CONNECTION_REFUSED @ http://localhost:8504/_stcore/host-config:0
[ 1105897ms] [ERROR] Failed to load resource: net::ERR_CONNECTION_REFUSED @ http://localhost:8504/_stcore/health:0
[ 1105897ms] [ERROR] Client Error in reaching server endpoint - No response received when attempting to reach /_stcore/health @ http://localhost:8504/static/js/index.CcFifQPt.js:27
[ 1105897ms] [ERROR] Is Streamlit still running? If you accidentally stopped Streamlit, just restart it in your terminal: @ http://localhost:8504/static/js/index.CcFifQPt.js:32
[ 1105897ms] [ERROR] Failed to load resource: net::ERR_CONNECTION_REFUSED @ http://localhost:8504/_stcore/host-config:0
[ 1109096ms] [ERROR] Failed to load resource: net::ERR_CONNECTION_REFUSED @ http://localhost:8504/_stcore/health:0
[ 1109096ms] [ERROR] Client Error in reaching server endpoint - No response received when attempting to reach /_stcore/health @ http://localhost:8504/static/js/index.CcFifQPt.js:27
[ 1109096ms] [ERROR] Is Streamlit still running? If you accidentally stopped Streamlit, just restart it in your terminal: @ http://localhost:8504/static/js/index.CcFifQPt.js:32
[ 1109097ms] [ERROR] Failed to load resource: net::ERR_CONNECTION_REFUSED @ http://localhost:8504/_stcore/host-config:0
[ 1112830ms] [ERROR] Failed to load resource: net::ERR_CONNECTION_REFUSED @ http://localhost:8504/_stcore/health:0
[ 1112831ms] [ERROR] Client Error in reaching server endpoint - No response received when attempting to reach /_stcore/health @ http://localhost:8504/static/js/index.CcFifQPt.js:27
[ 1112831ms] [ERROR] Is Streamlit still running? If you accidentally stopped Streamlit, just restart it in your terminal: @ http://localhost:8504/static/js/index.CcFifQPt.js:32
[ 1112831ms] [ERROR] Failed to load resource: net::ERR_CONNECTION_REFUSED @ http://localhost:8504/_stcore/host-config:0
[ 1116674ms] [ERROR] Failed to load resource: net::ERR_CONNECTION_REFUSED @ http://localhost:8504/_stcore/health:0
[ 1116674ms] [ERROR] Client Error in reaching server endpoint - No response received when attempting to reach /_stcore/health @ http://localhost:8504/static/js/index.CcFifQPt.js:27
[ 1116675ms] [ERROR] Is Streamlit still running? If you accidentally stopped Streamlit, just restart it in your terminal: @ http://localhost:8504/static/js/index.CcFifQPt.js:32
[ 1116675ms] [ERROR] Failed to load resource: net::ERR_CONNECTION_REFUSED @ http://localhost:8504/_stcore/host-config:0
[ 1119964ms] [ERROR] Failed to load resource: net::ERR_CONNECTION_REFUSED @ http://localhost:8504/_stcore/health:0
[ 1119964ms] [ERROR] Client Error in reaching server endpoint - No response received when attempting to reach /_stcore/health @ http://localhost:8504/static/js/index.CcFifQPt.js:27
[ 1119965ms] [ERROR] Is Streamlit still running? If you accidentally stopped Streamlit, just restart it in your terminal: @ http://localhost:8504/static/js/index.CcFifQPt.js:32
[ 1119965ms] [ERROR] Failed to load resource: net::ERR_CONNECTION_REFUSED @ http://localhost:8504/_stcore/host-config:0
[ 1123096ms] [ERROR] Failed to load resource: net::ERR_CONNECTION_REFUSED @ http://localhost:8504/_stcore/health:0
[ 1123096ms] [ERROR] Client Error in reaching server endpoint - No response received when attempting to reach /_stcore/health @ http://localhost:8504/static/js/index.CcFifQPt.js:27
[ 1123097ms] [ERROR] Is Streamlit still running? If you accidentally stopped Streamlit, just restart it in your terminal: @ http://localhost:8504/static/js/index.CcFifQPt.js:32
[ 1123125ms] [ERROR] Failed to load resource: net::ERR_CONNECTION_REFUSED @ http://localhost:8504/_stcore/host-config:0
[ 1126361ms] [ERROR] Failed to load resource: net::ERR_CONNECTION_REFUSED @ http://localhost:8504/_stcore/health:0
[ 1126361ms] [ERROR] Client Error in reaching server endpoint - No response received when attempting to reach /_stcore/health @ http://localhost:8504/static/js/index.CcFifQPt.js:27
[ 1126361ms] [ERROR] Is Streamlit still running? If you accidentally stopped Streamlit, just restart it in your terminal: @ http://localhost:8504/static/js/index.CcFifQPt.js:32
[ 1126361ms] [ERROR] Failed to load resource: net::ERR_CONNECTION_REFUSED @ http://localhost:8504/_stcore/host-config:0
[ 1130328ms] [ERROR] Failed to load resource: net::ERR_CONNECTION_REFUSED @ http://localhost:8504/_stcore/health:0
[ 1130329ms] [ERROR] Client Error in reaching server endpoint - No response received when attempting to reach /_stcore/health @ http://localhost:8504/static/js/index.CcFifQPt.js:27
[ 1130329ms] [ERROR] Is Streamlit still running? If you accidentally stopped Streamlit, just restart it in your terminal: @ http://localhost:8504/static/js/index.CcFifQPt.js:32
[ 1130330ms] [ERROR] Failed to load resource: net::ERR_CONNECTION_REFUSED @ http://localhost:8504/_stcore/host-config:0
[ 1134306ms] [ERROR] Failed to load resource: net::ERR_CONNECTION_REFUSED @ http://localhost:8504/_stcore/health:0
[ 1134306ms] [ERROR] Client Error in reaching server endpoint - No response received when attempting to reach /_stcore/health @ http://localhost:8504/static/js/index.CcFifQPt.js:27
[ 1134307ms] [ERROR] Is Streamlit still running? If you accidentally stopped Streamlit, just restart it in your terminal: @ http://localhost:8504/static/js/index.CcFifQPt.js:32
[ 1134328ms] [ERROR] Failed to load resource: net::ERR_CONNECTION_REFUSED @ http://localhost:8504/_stcore/host-config:0
[ 1137272ms] [ERROR] Failed to load resource: net::ERR_CONNECTION_REFUSED @ http://localhost:8504/_stcore/health:0
[ 1137272ms] [ERROR] Client Error in reaching server endpoint - No response received when attempting to reach /_stcore/health @ http://localhost:8504/static/js/index.CcFifQPt.js:27
[ 1137272ms] [ERROR] Is Streamlit still running? If you accidentally stopped Streamlit, just restart it in your terminal: @ http://localhost:8504/static/js/index.CcFifQPt.js:32
[ 1137288ms] [ERROR] Failed to load resource: net::ERR_CONNECTION_REFUSED @ http://localhost:8504/_stcore/host-config:0
[ 1140348ms] [ERROR] Failed to load resource: net::ERR_CONNECTION_REFUSED @ http://localhost:8504/_stcore/health:0
[ 1140349ms] [ERROR] Client Error in reaching server endpoint - No response received when attempting to reach /_stcore/health @ http://localhost:8504/static/js/index.CcFifQPt.js:27
[ 1140349ms] [ERROR] Is Streamlit still running? If you accidentally stopped Streamlit, just restart it in your terminal: @ http://localhost:8504/static/js/index.CcFifQPt.js:32
[ 1140350ms] [ERROR] Failed to load resource: net::ERR_CONNECTION_REFUSED @ http://localhost:8504/_stcore/host-config:0
[ 1143440ms] [ERROR] Failed to load resource: net::ERR_CONNECTION_REFUSED @ http://localhost:8504/_stcore/health:0
[ 1143440ms] [ERROR] Client Error in reaching server endpoint - No response received when attempting to reach /_stcore/health @ http://localhost:8504/static/js/index.CcFifQPt.js:27
[ 1143440ms] [ERROR] Is Streamlit still running? If you accidentally stopped Streamlit, just restart it in your terminal: @ http://localhost:8504/static/js/index.CcFifQPt.js:32
[ 1143465ms] [ERROR] Failed to load resource: net::ERR_CONNECTION_REFUSED @ http://localhost:8504/_stcore/host-config:0
[ 1147162ms] [ERROR] Failed to load resource: net::ERR_CONNECTION_REFUSED @ http://localhost:8504/_stcore/health:0
[ 1147162ms] [ERROR] Client Error in reaching server endpoint - No response received when attempting to reach /_stcore/health @ http://localhost:8504/static/js/index.CcFifQPt.js:27
[ 1147162ms] [ERROR] Is Streamlit still running? If you accidentally stopped Streamlit, just restart it in your terminal: @ http://localhost:8504/static/js/index.CcFifQPt.js:32
[ 1147162ms] [ERROR] Failed to load resource: net::ERR_CONNECTION_REFUSED @ http://localhost:8504/_stcore/host-config:0
[ 1150440ms] [ERROR] Failed to load resource: net::ERR_CONNECTION_REFUSED @ http://localhost:8504/_stcore/health:0
[ 1150440ms] [ERROR] Client Error in reaching server endpoint - No response received when attempting to reach /_stcore/health @ http://localhost:8504/static/js/index.CcFifQPt.js:27
[ 1150441ms] [ERROR] Is Streamlit still running? If you accidentally stopped Streamlit, just restart it in your terminal: @ http://localhost:8504/static/js/index.CcFifQPt.js:32
[ 1150441ms] [ERROR] Failed to load resource: net::ERR_CONNECTION_REFUSED @ http://localhost:8504/_stcore/host-config:0
[ 1153279ms] [ERROR] Failed to load resource: net::ERR_CONNECTION_REFUSED @ http://localhost:8504/_stcore/health:0
[ 1153280ms] [ERROR] Client Error in reaching server endpoint - No response received when attempting to reach /_stcore/health @ http://localhost:8504/static/js/index.CcFifQPt.js:27
[ 1153280ms] [ERROR] Is Streamlit still running? If you accidentally stopped Streamlit, just restart it in your terminal: @ http://localhost:8504/static/js/index.CcFifQPt.js:32
[ 1153280ms] [ERROR] Failed to load resource: net::ERR_CONNECTION_REFUSED @ http://localhost:8504/_stcore/host-config:0
[ 1157245ms] [ERROR] Failed to load resource: net::ERR_CONNECTION_REFUSED @ http://localhost:8504/_stcore/health:0
[ 1157245ms] [ERROR] Client Error in reaching server endpoint - No response received when attempting to reach /_stcore/health @ http://localhost:8504/static/js/index.CcFifQPt.js:27
[ 1157246ms] [ERROR] Is Streamlit still running? If you accidentally stopped Streamlit, just restart it in your terminal: @ http://localhost:8504/static/js/index.CcFifQPt.js:32
[ 1157246ms] [ERROR] Failed to load resource: net::ERR_CONNECTION_REFUSED @ http://localhost:8504/_stcore/host-config:0
[ 1160468ms] [ERROR] Failed to load resource: net::ERR_CONNECTION_REFUSED @ http://localhost:8504/_stcore/health:0
[ 1160468ms] [ERROR] Client Error in reaching server endpoint - No response received when attempting to reach /_stcore/health @ http://localhost:8504/static/js/index.CcFifQPt.js:27
[ 1160468ms] [ERROR] Is Streamlit still running? If you accidentally stopped Streamlit, just restart it in your terminal: @ http://localhost:8504/static/js/index.CcFifQPt.js:32
[ 1160468ms] [ERROR] Failed to load resource: net::ERR_CONNECTION_REFUSED @ http://localhost:8504/_stcore/host-config:0
[ 1163368ms] [ERROR] Failed to load resource: net::ERR_CONNECTION_REFUSED @ http://localhost:8504/_stcore/health:0
[ 1163368ms] [ERROR] Client Error in reaching server endpoint - No response received when attempting to reach /_stcore/health @ http://localhost:8504/static/js/index.CcFifQPt.js:27
[ 1163368ms] [ERROR] Is Streamlit still running? If you accidentally stopped Streamlit, just restart it in your terminal: @ http://localhost:8504/static/js/index.CcFifQPt.js:32
[ 1163369ms] [ERROR] Failed to load resource: net::ERR_CONNECTION_REFUSED @ http://localhost:8504/_stcore/host-config:0
[ 1166287ms] [ERROR] Failed to load resource: net::ERR_CONNECTION_REFUSED @ http://localhost:8504/_stcore/health:0
[ 1166288ms] [ERROR] Client Error in reaching server endpoint - No response received when attempting to reach /_stcore/health @ http://localhost:8504/static/js/index.CcFifQPt.js:27
[ 1166288ms] [ERROR] Is Streamlit still running? If you accidentally stopped Streamlit, just restart it in your terminal: @ http://localhost:8504/static/js/index.CcFifQPt.js:32
[ 1166288ms] [ERROR] Failed to load resource: net::ERR_CONNECTION_REFUSED @ http://localhost:8504/_stcore/host-config:0
[ 1169867ms] [ERROR] Failed to load resource: net::ERR_CONNECTION_REFUSED @ http://localhost:8504/_stcore/health:0
[ 1169867ms] [ERROR] Client Error in reaching server endpoint - No response received when attempting to reach /_stcore/health @ http://localhost:8504/static/js/index.CcFifQPt.js:27
[ 1169867ms] [ERROR] Is Streamlit still running? If you accidentally stopped Streamlit, just restart it in your terminal: @ http://localhost:8504/static/js/index.CcFifQPt.js:32
[ 1169867ms] [ERROR] Failed to load resource: net::ERR_CONNECTION_REFUSED @ http://localhost:8504/_stcore/host-config:0
[ 1173135ms] [ERROR] Failed to load resource: net::ERR_CONNECTION_REFUSED @ http://localhost:8504/_stcore/health:0
[ 1173135ms] [ERROR] Client Error in reaching server endpoint - No response received when attempting to reach /_stcore/health @ http://localhost:8504/static/js/index.CcFifQPt.js:27
[ 1173135ms] [ERROR] Is Streamlit still running? If you accidentally stopped Streamlit, just restart it in your terminal: @ http://localhost:8504/static/js/index.CcFifQPt.js:32
[ 1173136ms] [ERROR] Failed to load resource: net::ERR_CONNECTION_REFUSED @ http://localhost:8504/_stcore/host-config:0
[ 1176486ms] [ERROR] Failed to load resource: net::ERR_CONNECTION_REFUSED @ http://localhost:8504/_stcore/health:0
[ 1176486ms] [ERROR] Client Error in reaching server endpoint - No response received when attempting to reach /_stcore/health @ http://localhost:8504/static/js/index.CcFifQPt.js:27
[ 1176486ms] [ERROR] Is Streamlit still running? If you accidentally stopped Streamlit, just restart it in your terminal: @ http://localhost:8504/static/js/index.CcFifQPt.js:32
[ 1176487ms] [ERROR] Failed to load resource: net::ERR_CONNECTION_REFUSED @ http://localhost:8504/_stcore/host-config:0
[ 1179855ms] [ERROR] Failed to load resource: net::ERR_CONNECTION_REFUSED @ http://localhost:8504/_stcore/health:0
[ 1179856ms] [ERROR] Client Error in reaching server endpoint - No response received when attempting to reach /_stcore/health @ http://localhost:8504/static/js/index.CcFifQPt.js:27
[ 1179856ms] [ERROR] Is Streamlit still running? If you accidentally stopped Streamlit, just restart it in your terminal: @ http://localhost:8504/static/js/index.CcFifQPt.js:32
[ 1179856ms] [ERROR] Failed to load resource: net::ERR_CONNECTION_REFUSED @ http://localhost:8504/_stcore/host-config:0
[ 1182824ms] [ERROR] Failed to load resource: net::ERR_CONNECTION_REFUSED @ http://localhost:8504/_stcore/health:0
[ 1182824ms] [ERROR] Client Error in reaching server endpoint - No response received when attempting to reach /_stcore/health @ http://localhost:8504/static/js/index.CcFifQPt.js:27
[ 1182825ms] [ERROR] Is Streamlit still running? If you accidentally stopped Streamlit, just restart it in your terminal: @ http://localhost:8504/static/js/index.CcFifQPt.js:32
[ 1182852ms] [ERROR] Failed to load resource: net::ERR_CONNECTION_REFUSED @ http://localhost:8504/_stcore/host-config:0
[ 1186041ms] [ERROR] Failed to load resource: net::ERR_CONNECTION_REFUSED @ http://localhost:8504/_stcore/health:0
[ 1186041ms] [ERROR] Client Error in reaching server endpoint - No response received when attempting to reach /_stcore/health @ http://localhost:8504/static/js/index.CcFifQPt.js:27
[ 1186041ms] [ERROR] Is Streamlit still running? If you accidentally stopped Streamlit, just restart it in your terminal: @ http://localhost:8504/static/js/index.CcFifQPt.js:32
[ 1186041ms] [ERROR] Failed to load resource: net::ERR_CONNECTION_REFUSED @ http://localhost:8504/_stcore/host-config:0
[ 1189367ms] [ERROR] Failed to load resource: net::ERR_CONNECTION_REFUSED @ http://localhost:8504/_stcore/health:0
[ 1189367ms] [ERROR] Client Error in reaching server endpoint - No response received when attempting to reach /_stcore/health @ http://localhost:8504/static/js/index.CcFifQPt.js:27
[ 1189368ms] [ERROR] Is Streamlit still running? If you accidentally stopped Streamlit, just restart it in your terminal: @ http://localhost:8504/static/js/index.CcFifQPt.js:32
[ 1189394ms] [ERROR] Failed to load resource: net::ERR_CONNECTION_REFUSED @ http://localhost:8504/_stcore/host-config:0
[ 1192278ms] [ERROR] Failed to load resource: net::ERR_CONNECTION_REFUSED @ http://localhost:8504/_stcore/health:0
[ 1192278ms] [ERROR] Client Error in reaching server endpoint - No response received when attempting to reach /_stcore/health @ http://localhost:8504/static/js/index.CcFifQPt.js:27
[ 1192278ms] [ERROR] Is Streamlit still running? If you accidentally stopped Streamlit, just restart it in your terminal: @ http://localhost:8504/static/js/index.CcFifQPt.js:32
[ 1192278ms] [ERROR] Failed to load resource: net::ERR_CONNECTION_REFUSED @ http://localhost:8504/_stcore/host-config:0
[ 1195375ms] [ERROR] Failed to load resource: net::ERR_CONNECTION_REFUSED @ http://localhost:8504/_stcore/health:0
[ 1195375ms] [ERROR] Client Error in reaching server endpoint - No response received when attempting to reach /_stcore/health @ http://localhost:8504/static/js/index.CcFifQPt.js:27
[ 1195375ms] [ERROR] Is Streamlit still running? If you accidentally stopped Streamlit, just restart it in your terminal: @ http://localhost:8504/static/js/index.CcFifQPt.js:32
[ 1195375ms] [ERROR] Failed to load resource: net::ERR_CONNECTION_REFUSED @ http://localhost:8504/_stcore/host-config:0
[ 1199170ms] [ERROR] Failed to load resource: net::ERR_CONNECTION_REFUSED @ http://localhost:8504/_stcore/health:0
[ 1199171ms] [ERROR] Client Error in reaching server endpoint - No response received when attempting to reach /_stcore/health @ http://localhost:8504/static/js/index.CcFifQPt.js:27
[ 1199171ms] [ERROR] Is Streamlit still running? If you accidentally stopped Streamlit, just restart it in your terminal: @ http://localhost:8504/static/js/index.CcFifQPt.js:32
[ 1199171ms] [ERROR] Failed to load resource: net::ERR_CONNECTION_REFUSED @ http://localhost:8504/_stcore/host-config:0
[ 1202703ms] [ERROR] Failed to load resource: net::ERR_CONNECTION_REFUSED @ http://localhost:8504/_stcore/health:0
[ 1202703ms] [ERROR] Client Error in reaching server endpoint - No response received when attempting to reach /_stcore/health @ http://localhost:8504/static/js/index.CcFifQPt.js:27
[ 1202703ms] [ERROR] Is Streamlit still running? If you accidentally stopped Streamlit, just restart it in your terminal: @ http://localhost:8504/static/js/index.CcFifQPt.js:32
[ 1202731ms] [ERROR] Failed to load resource: net::ERR_CONNECTION_REFUSED @ http://localhost:8504/_stcore/host-config:0
[ 1206001ms] [ERROR] Failed to load resource: net::ERR_CONNECTION_REFUSED @ http://localhost:8504/_stcore/health:0
[ 1206001ms] [ERROR] Client Error in reaching server endpoint - No response received when attempting to reach /_stcore/health @ http://localhost:8504/static/js/index.CcFifQPt.js:27
[ 1206001ms] [ERROR] Is Streamlit still running? If you accidentally stopped Streamlit, just restart it in your terminal: @ http://localhost:8504/static/js/index.CcFifQPt.js:32
[ 1206002ms] [ERROR] Failed to load resource: net::ERR_CONNECTION_REFUSED @ http://localhost:8504/_stcore/host-config:0
[ 1209909ms] [ERROR] Failed to load resource: net::ERR_CONNECTION_REFUSED @ http://localhost:8504/_stcore/health:0
[ 1209909ms] [ERROR] Client Error in reaching server endpoint - No response received when attempting to reach /_stcore/health @ http://localhost:8504/static/js/index.CcFifQPt.js:27
[ 1209910ms] [ERROR] Is Streamlit still running? If you accidentally stopped Streamlit, just restart it in your terminal: @ http://localhost:8504/static/js/index.CcFifQPt.js:32
[ 1209910ms] [ERROR] Failed to load resource: net::ERR_CONNECTION_REFUSED @ http://localhost:8504/_stcore/host-config:0
[ 1212833ms] [ERROR] Failed to load resource: net::ERR_CONNECTION_REFUSED @ http://localhost:8504/_stcore/health:0
[ 1212833ms] [ERROR] Client Error in reaching server endpoint - No response received when attempting to reach /_stcore/health @ http://localhost:8504/static/js/index.CcFifQPt.js:27
[ 1212833ms] [ERROR] Is Streamlit still running? If you accidentally stopped Streamlit, just restart it in your terminal: @ http://localhost:8504/static/js/index.CcFifQPt.js:32
[ 1212847ms] [ERROR] Failed to load resource: net::ERR_CONNECTION_REFUSED @ http://localhost:8504/_stcore/host-config:0
[ 1215784ms] [ERROR] Failed to load resource: net::ERR_CONNECTION_REFUSED @ http://localhost:8504/_stcore/health:0
[ 1215784ms] [ERROR] Client Error in reaching server endpoint - No response received when attempting to reach /_stcore/health @ http://localhost:8504/static/js/index.CcFifQPt.js:27
[ 1215784ms] [ERROR] Is Streamlit still running? If you accidentally stopped Streamlit, just restart it in your terminal: @ http://localhost:8504/static/js/index.CcFifQPt.js:32
[ 1215785ms] [ERROR] Failed to load resource: net::ERR_CONNECTION_REFUSED @ http://localhost:8504/_stcore/host-config:0
[ 1218611ms] [ERROR] Failed to load resource: net::ERR_CONNECTION_REFUSED @ http://localhost:8504/_stcore/health:0
[ 1218611ms] [ERROR] Client Error in reaching server endpoint - No response received when attempting to reach /_stcore/health @ http://localhost:8504/static/js/index.CcFifQPt.js:27
[ 1218612ms] [ERROR] Is Streamlit still running? If you accidentally stopped Streamlit, just restart it in your terminal: @ http://localhost:8504/static/js/index.CcFifQPt.js:32
[ 1218612ms] [ERROR] Failed to load resource: net::ERR_CONNECTION_REFUSED @ http://localhost:8504/_stcore/host-config:0
[ 1221730ms] [ERROR] Failed to load resource: net::ERR_CONNECTION_REFUSED @ http://localhost:8504/_stcore/health:0
[ 1221730ms] [ERROR] Client Error in reaching server endpoint - No response received when attempting to reach /_stcore/health @ http://localhost:8504/static/js/index.CcFifQPt.js:27
[ 1221730ms] [ERROR] Is Streamlit still running? If you accidentally stopped Streamlit, just restart it in your terminal: @ http://localhost:8504/static/js/index.CcFifQPt.js:32
[ 1221730ms] [ERROR] Failed to load resource: net::ERR_CONNECTION_REFUSED @ http://localhost:8504/_stcore/host-config:0
[ 1225325ms] [ERROR] Failed to load resource: net::ERR_CONNECTION_REFUSED @ http://localhost:8504/_stcore/health:0
[ 1225325ms] [ERROR] Client Error in reaching server endpoint - No response received when attempting to reach /_stcore/health @ http://localhost:8504/static/js/index.CcFifQPt.js:27
[ 1225325ms] [ERROR] Is Streamlit still running? If you accidentally stopped Streamlit, just restart it in your terminal: @ http://localhost:8504/static/js/index.CcFifQPt.js:32
[ 1225325ms] [ERROR] Failed to load resource: net::ERR_CONNECTION_REFUSED @ http://localhost:8504/_stcore/host-config:0
[ 1228293ms] [ERROR] Failed to load resource: net::ERR_CONNECTION_REFUSED @ http://localhost:8504/_stcore/health:0
[ 1228293ms] [ERROR] Client Error in reaching server endpoint - No response received when attempting to reach /_stcore/health @ http://localhost:8504/static/js/index.CcFifQPt.js:27
[ 1228293ms] [ERROR] Is Streamlit still running? If you accidentally stopped Streamlit, just restart it in your terminal: @ http://localhost:8504/static/js/index.CcFifQPt.js:32
[ 1228294ms] [ERROR] Failed to load resource: net::ERR_CONNECTION_REFUSED @ http://localhost:8504/_stcore/host-config:0
[ 1231388ms] [ERROR] Failed to load resource: net::ERR_CONNECTION_REFUSED @ http://localhost:8504/_stcore/health:0
[ 1231388ms] [ERROR] Client Error in reaching server endpoint - No response received when attempting to reach /_stcore/health @ http://localhost:8504/static/js/index.CcFifQPt.js:27
[ 1231388ms] [ERROR] Is Streamlit still running? If you accidentally stopped Streamlit, just restart it in your terminal: @ http://localhost:8504/static/js/index.CcFifQPt.js:32
[ 1231389ms] [ERROR] Failed to load resource: net::ERR_CONNECTION_REFUSED @ http://localhost:8504/_stcore/host-config:0
[ 1235288ms] [ERROR] Failed to load resource: net::ERR_CONNECTION_REFUSED @ http://localhost:8504/_stcore/health:0
[ 1235288ms] [ERROR] Client Error in reaching server endpoint - No response received when attempting to reach /_stcore/health @ http://localhost:8504/static/js/index.CcFifQPt.js:27
[ 1235288ms] [ERROR] Is Streamlit still running? If you accidentally stopped Streamlit, just restart it in your terminal: @ http://localhost:8504/static/js/index.CcFifQPt.js:32
[ 1235290ms] [ERROR] Failed to load resource: net::ERR_CONNECTION_REFUSED @ http://localhost:8504/_stcore/host-config:0
[ 1238609ms] [ERROR] Failed to load resource: net::ERR_CONNECTION_REFUSED @ http://localhost:8504/_stcore/health:0
[ 1238609ms] [ERROR] Client Error in reaching server endpoint - No response received when attempting to reach /_stcore/health @ http://localhost:8504/static/js/index.CcFifQPt.js:27
[ 1238609ms] [ERROR] Is Streamlit still running? If you accidentally stopped Streamlit, just restart it in your terminal: @ http://localhost:8504/static/js/index.CcFifQPt.js:32
[ 1238634ms] [ERROR] Failed to load resource: net::ERR_CONNECTION_REFUSED @ http://localhost:8504/_stcore/host-config:0
[ 1241742ms] [ERROR] Failed to load resource: net::ERR_CONNECTION_REFUSED @ http://localhost:8504/_stcore/health:0
[ 1241743ms] [ERROR] Client Error in reaching server endpoint - No response received when attempting to reach /_stcore/health @ http://localhost:8504/static/js/index.CcFifQPt.js:27
[ 1241743ms] [ERROR] Is Streamlit still running? If you accidentally stopped Streamlit, just restart it in your terminal: @ http://localhost:8504/static/js/index.CcFifQPt.js:32
[ 1241743ms] [ERROR] Failed to load resource: net::ERR_CONNECTION_REFUSED @ http://localhost:8504/_stcore/host-config:0
[ 1244868ms] [ERROR] Failed to load resource: net::ERR_CONNECTION_REFUSED @ http://localhost:8504/_stcore/health:0
[ 1244868ms] [ERROR] Client Error in reaching server endpoint - No response received when attempting to reach /_stcore/health @ http://localhost:8504/static/js/index.CcFifQPt.js:27
[ 1244868ms] [ERROR] Is Streamlit still running? If you accidentally stopped Streamlit, just restart it in your terminal: @ http://localhost:8504/static/js/index.CcFifQPt.js:32
[ 1244870ms] [ERROR] Failed to load resource: net::ERR_CONNECTION_REFUSED @ http://localhost:8504/_stcore/host-config:0
[ 1247734ms] [ERROR] Failed to load resource: net::ERR_CONNECTION_REFUSED @ http://localhost:8504/_stcore/health:0
[ 1247734ms] [ERROR] Client Error in reaching server endpoint - No response received when attempting to reach /_stcore/health @ http://localhost:8504/static/js/index.CcFifQPt.js:27
[ 1247734ms] [ERROR] Is Streamlit still running? If you accidentally stopped Streamlit, just restart it in your terminal: @ http://localhost:8504/static/js/index.CcFifQPt.js:32
[ 1247762ms] [ERROR] Failed to load resource: net::ERR_CONNECTION_REFUSED @ http://localhost:8504/_stcore/host-config:0
[ 1251468ms] [ERROR] Failed to load resource: net::ERR_CONNECTION_REFUSED @ http://localhost:8504/_stcore/health:0
[ 1251469ms] [ERROR] Client Error in reaching server endpoint - No response received when attempting to reach /_stcore/health @ http://localhost:8504/static/js/index.CcFifQPt.js:27
[ 1251469ms] [ERROR] Is Streamlit still running? If you accidentally stopped Streamlit, just restart it in your terminal: @ http://localhost:8504/static/js/index.CcFifQPt.js:32
[ 1251469ms] [ERROR] Failed to load resource: net::ERR_CONNECTION_REFUSED @ http://localhost:8504/_stcore/host-config:0
[ 1254857ms] [ERROR] Failed to load resource: net::ERR_CONNECTION_REFUSED @ http://localhost:8504/_stcore/health:0
[ 1254857ms] [ERROR] Client Error in reaching server endpoint - No response received when attempting to reach /_stcore/health @ http://localhost:8504/static/js/index.CcFifQPt.js:27
[ 1254857ms] [ERROR] Is Streamlit still running? If you accidentally stopped Streamlit, just restart it in your terminal: @ http://localhost:8504/static/js/index.CcFifQPt.js:32
[ 1254858ms] [ERROR] Failed to load resource: net::ERR_CONNECTION_REFUSED @ http://localhost:8504/_stcore/host-config:0
[ 1257859ms] [ERROR] Failed to load resource: net::ERR_CONNECTION_REFUSED @ http://localhost:8504/_stcore/health:0
[ 1257859ms] [ERROR] Client Error in reaching server endpoint - No response received when attempting to reach /_stcore/health @ http://localhost:8504/static/js/index.CcFifQPt.js:27
[ 1257859ms] [ERROR] Is Streamlit still running? If you accidentally stopped Streamlit, just restart it in your terminal: @ http://localhost:8504/static/js/index.CcFifQPt.js:32
[ 1257885ms] [ERROR] Failed to load resource: net::ERR_CONNECTION_REFUSED @ http://localhost:8504/_stcore/host-config:0
[ 1261868ms] [ERROR] Failed to load resource: net::ERR_CONNECTION_REFUSED @ http://localhost:8504/_stcore/health:0
[ 1261869ms] [ERROR] Client Error in reaching server endpoint - No response received when attempting to reach /_stcore/health @ http://localhost:8504/static/js/index.CcFifQPt.js:27
[ 1261869ms] [ERROR] Is Streamlit still running? If you accidentally stopped Streamlit, just restart it in your terminal: @ http://localhost:8504/static/js/index.CcFifQPt.js:32
[ 1261898ms] [ERROR] Failed to load resource: net::ERR_CONNECTION_REFUSED @ http://localhost:8504/_stcore/host-config:0
[ 1265464ms] [ERROR] Failed to load resource: net::ERR_CONNECTION_REFUSED @ http://localhost:8504/_stcore/health:0
[ 1265465ms] [ERROR] Client Error in reaching server endpoint - No response received when attempting to reach /_stcore/health @ http://localhost:8504/static/js/index.CcFifQPt.js:27
[ 1265465ms] [ERROR] Is Streamlit still running? If you accidentally stopped Streamlit, just restart it in your terminal: @ http://localhost:8504/static/js/index.CcFifQPt.js:32
[ 1265465ms] [ERROR] Failed to load resource: net::ERR_CONNECTION_REFUSED @ http://localhost:8504/_stcore/host-config:0
[ 1268856ms] [ERROR] Failed to load resource: net::ERR_CONNECTION_REFUSED @ http://localhost:8504/_stcore/health:0
[ 1268857ms] [ERROR] Client Error in reaching server endpoint - No response received when attempting to reach /_stcore/health @ http://localhost:8504/static/js/index.CcFifQPt.js:27
[ 1268857ms] [ERROR] Is Streamlit still running? If you accidentally stopped Streamlit, just restart it in your terminal: @ http://localhost:8504/static/js/index.CcFifQPt.js:32
[ 1268857ms] [ERROR] Failed to load resource: net::ERR_CONNECTION_REFUSED @ http://localhost:8504/_stcore/host-config:0
[ 1272132ms] [ERROR] Failed to load resource: net::ERR_CONNECTION_REFUSED @ http://localhost:8504/_stcore/health:0
[ 1272132ms] [ERROR] Client Error in reaching server endpoint - No response received when attempting to reach /_stcore/health @ http://localhost:8504/static/js/index.CcFifQPt.js:27
[ 1272132ms] [ERROR] Is Streamlit still running? If you accidentally stopped Streamlit, just restart it in your terminal: @ http://localhost:8504/static/js/index.CcFifQPt.js:32
[ 1272132ms] [ERROR] Failed to load resource: net::ERR_CONNECTION_REFUSED @ http://localhost:8504/_stcore/host-config:0
[ 1275357ms] [ERROR] Failed to load resource: net::ERR_CONNECTION_REFUSED @ http://localhost:8504/_stcore/health:0
[ 1275358ms] [ERROR] Client Error in reaching server endpoint - No response received when attempting to reach /_stcore/health @ http://localhost:8504/static/js/index.CcFifQPt.js:27
[ 1275358ms] [ERROR] Is Streamlit still running? If you accidentally stopped Streamlit, just restart it in your terminal: @ http://localhost:8504/static/js/index.CcFifQPt.js:32
[ 1275382ms] [ERROR] Failed to load resource: net::ERR_CONNECTION_REFUSED @ http://localhost:8504/_stcore/host-config:0
[ 1278880ms] [ERROR] Failed to load resource: net::ERR_CONNECTION_REFUSED @ http://localhost:8504/_stcore/health:0
[ 1278881ms] [ERROR] Client Error in reaching server endpoint - No response received when attempting to reach /_stcore/health @ http://localhost:8504/static/js/index.CcFifQPt.js:27
[ 1278881ms] [ERROR] Is Streamlit still running? If you accidentally stopped Streamlit, just restart it in your terminal: @ http://localhost:8504/static/js/index.CcFifQPt.js:32
[ 1278881ms] [ERROR] Failed to load resource: net::ERR_CONNECTION_REFUSED @ http://localhost:8504/_stcore/host-config:0
[ 1282712ms] [ERROR] Failed to load resource: net::ERR_CONNECTION_REFUSED @ http://localhost:8504/_stcore/health:0
[ 1282712ms] [ERROR] Client Error in reaching server endpoint - No response received when attempting to reach /_stcore/health @ http://localhost:8504/static/js/index.CcFifQPt.js:27
[ 1282713ms] [ERROR] Is Streamlit still running? If you accidentally stopped Streamlit, just restart it in your terminal: @ http://localhost:8504/static/js/index.CcFifQPt.js:32
[ 1282713ms] [ERROR] Failed to load resource: net::ERR_CONNECTION_REFUSED @ http://localhost:8504/_stcore/host-config:0
[ 1285627ms] [ERROR] Failed to load resource: net::ERR_CONNECTION_REFUSED @ http://localhost:8504/_stcore/health:0
[ 1285628ms] [ERROR] Client Error in reaching server endpoint - No response received when attempting to reach /_stcore/health @ http://localhost:8504/static/js/index.CcFifQPt.js:27
[ 1285628ms] [ERROR] Is Streamlit still running? If you accidentally stopped Streamlit, just restart it in your terminal: @ http://localhost:8504/static/js/index.CcFifQPt.js:32
[ 1285628ms] [ERROR] Failed to load resource: net::ERR_CONNECTION_REFUSED @ http://localhost:8504/_stcore/host-config:0
[ 1288916ms] [ERROR] Failed to load resource: net::ERR_CONNECTION_REFUSED @ http://localhost:8504/_stcore/health:0
[ 1288916ms] [ERROR] Client Error in reaching server endpoint - No response received when attempting to reach /_stcore/health @ http://localhost:8504/static/js/index.CcFifQPt.js:27
[ 1288916ms] [ERROR] Is Streamlit still running? If you accidentally stopped Streamlit, just restart it in your terminal: @ http://localhost:8504/static/js/index.CcFifQPt.js:32
[ 1288917ms] [ERROR] Failed to load resource: net::ERR_CONNECTION_REFUSED @ http://localhost:8504/_stcore/host-config:0
[ 1292266ms] [ERROR] Failed to load resource: net::ERR_CONNECTION_REFUSED @ http://localhost:8504/_stcore/health:0
[ 1292266ms] [ERROR] Client Error in reaching server endpoint - No response received when attempting to reach /_stcore/health @ http://localhost:8504/static/js/index.CcFifQPt.js:27
[ 1292266ms] [ERROR] Is Streamlit still running? If you accidentally stopped Streamlit, just restart it in your terminal: @ http://localhost:8504/static/js/index.CcFifQPt.js:32
[ 1292266ms] [ERROR] Failed to load resource: net::ERR_CONNECTION_REFUSED @ http://localhost:8504/_stcore/host-config:0
[ 1295385ms] [ERROR] Failed to load resource: net::ERR_CONNECTION_REFUSED @ http://localhost:8504/_stcore/health:0
[ 1295385ms] [ERROR] Client Error in reaching server endpoint - No response received when attempting to reach /_stcore/health @ http://localhost:8504/static/js/index.CcFifQPt.js:27
[ 1295385ms] [ERROR] Is Streamlit still running? If you accidentally stopped Streamlit, just restart it in your terminal: @ http://localhost:8504/static/js/index.CcFifQPt.js:32
[ 1295386ms] [ERROR] Failed to load resource: net::ERR_CONNECTION_REFUSED @ http://localhost:8504/_stcore/host-config:0
[ 1298590ms] [ERROR] Failed to load resource: net::ERR_CONNECTION_REFUSED @ http://localhost:8504/_stcore/health:0
[ 1298590ms] [ERROR] Client Error in reaching server endpoint - No response received when attempting to reach /_stcore/health @ http://localhost:8504/static/js/index.CcFifQPt.js:27
[ 1298590ms] [ERROR] Is Streamlit still running? If you accidentally stopped Streamlit, just restart it in your terminal: @ http://localhost:8504/static/js/index.CcFifQPt.js:32
[ 1298591ms] [ERROR] Failed to load resource: net::ERR_CONNECTION_REFUSED @ http://localhost:8504/_stcore/host-config:0
[ 1302360ms] [ERROR] Failed to load resource: net::ERR_CONNECTION_REFUSED @ http://localhost:8504/_stcore/health:0
[ 1302360ms] [ERROR] Client Error in reaching server endpoint - No response received when attempting to reach /_stcore/health @ http://localhost:8504/static/js/index.CcFifQPt.js:27
[ 1302360ms] [ERROR] Is Streamlit still running? If you accidentally stopped Streamlit, just restart it in your terminal: @ http://localhost:8504/static/js/index.CcFifQPt.js:32
[ 1302360ms] [ERROR] Failed to load resource: net::ERR_CONNECTION_REFUSED @ http://localhost:8504/_stcore/host-config:0
[ 1305812ms] [ERROR] Failed to load resource: net::ERR_CONNECTION_REFUSED @ http://localhost:8504/_stcore/health:0
[ 1305812ms] [ERROR] Client Error in reaching server endpoint - No response received when attempting to reach /_stcore/health @ http://localhost:8504/static/js/index.CcFifQPt.js:27
[ 1305812ms] [ERROR] Is Streamlit still running? If you accidentally stopped Streamlit, just restart it in your terminal: @ http://localhost:8504/static/js/index.CcFifQPt.js:32
[ 1305813ms] [ERROR] Failed to load resource: net::ERR_CONNECTION_REFUSED @ http://localhost:8504/_stcore/host-config:0
[ 1309065ms] [ERROR] Failed to load resource: net::ERR_CONNECTION_REFUSED @ http://localhost:8504/_stcore/health:0
[ 1309065ms] [ERROR] Client Error in reaching server endpoint - No response received when attempting to reach /_stcore/health @ http://localhost:8504/static/js/index.CcFifQPt.js:27
[ 1309065ms] [ERROR] Is Streamlit still running? If you accidentally stopped Streamlit, just restart it in your terminal: @ http://localhost:8504/static/js/index.CcFifQPt.js:32
[ 1309089ms] [ERROR] Failed to load resource: net::ERR_CONNECTION_REFUSED @ http://localhost:8504/_stcore/host-config:0
[ 1312780ms] [ERROR] Failed to load resource: net::ERR_CONNECTION_REFUSED @ http://localhost:8504/_stcore/health:0
[ 1312780ms] [ERROR] Client Error in reaching server endpoint - No response received when attempting to reach /_stcore/health @ http://localhost:8504/static/js/index.CcFifQPt.js:27
[ 1312780ms] [ERROR] Is Streamlit still running? If you accidentally stopped Streamlit, just restart it in your terminal: @ http://localhost:8504/static/js/index.CcFifQPt.js:32
[ 1312793ms] [ERROR] Failed to load resource: net::ERR_CONNECTION_REFUSED @ http://localhost:8504/_stcore/host-config:0
[ 1315647ms] [ERROR] Failed to load resource: net::ERR_CONNECTION_REFUSED @ http://localhost:8504/_stcore/health:0
[ 1315647ms] [ERROR] Client Error in reaching server endpoint - No response received when attempting to reach /_stcore/health @ http://localhost:8504/static/js/index.CcFifQPt.js:27
[ 1315647ms] [ERROR] Is Streamlit still running? If you accidentally stopped Streamlit, just restart it in your terminal: @ http://localhost:8504/static/js/index.CcFifQPt.js:32
[ 1315647ms] [ERROR] Failed to load resource: net::ERR_CONNECTION_REFUSED @ http://localhost:8504/_stcore/host-config:0
[ 1319546ms] [ERROR] Failed to load resource: net::ERR_CONNECTION_REFUSED @ http://localhost:8504/_stcore/health:0
[ 1319546ms] [ERROR] Client Error in reaching server endpoint - No response received when attempting to reach /_stcore/health @ http://localhost:8504/static/js/index.CcFifQPt.js:27
[ 1319546ms] [ERROR] Is Streamlit still running? If you accidentally stopped Streamlit, just restart it in your terminal: @ http://localhost:8504/static/js/index.CcFifQPt.js:32
[ 1319546ms] [ERROR] Failed to load resource: net::ERR_CONNECTION_REFUSED @ http://localhost:8504/_stcore/host-config:0
[ 1322721ms] [ERROR] Failed to load resource: net::ERR_CONNECTION_REFUSED @ http://localhost:8504/_stcore/health:0
[ 1322722ms] [ERROR] Client Error in reaching server endpoint - No response received when attempting to reach /_stcore/health @ http://localhost:8504/static/js/index.CcFifQPt.js:27
[ 1322722ms] [ERROR] Is Streamlit still running? If you accidentally stopped Streamlit, just restart it in your terminal: @ http://localhost:8504/static/js/index.CcFifQPt.js:32
[ 1322722ms] [ERROR] Failed to load resource: net::ERR_CONNECTION_REFUSED @ http://localhost:8504/_stcore/host-config:0
[ 1326548ms] [ERROR] Failed to load resource: net::ERR_CONNECTION_REFUSED @ http://localhost:8504/_stcore/health:0
[ 1326548ms] [ERROR] Client Error in reaching server endpoint - No response received when attempting to reach /_stcore/health @ http://localhost:8504/static/js/index.CcFifQPt.js:27
[ 1326548ms] [ERROR] Is Streamlit still running? If you accidentally stopped Streamlit, just restart it in your terminal: @ http://localhost:8504/static/js/index.CcFifQPt.js:32
[ 1326548ms] [ERROR] Failed to load resource: net::ERR_CONNECTION_REFUSED @ http://localhost:8504/_stcore/host-config:0
[ 1330514ms] [ERROR] Failed to load resource: net::ERR_CONNECTION_REFUSED @ http://localhost:8504/_stcore/health:0
[ 1330514ms] [ERROR] Client Error in reaching server endpoint - No response received when attempting to reach /_stcore/health @ http://localhost:8504/static/js/index.CcFifQPt.js:27
[ 1330514ms] [ERROR] Is Streamlit still running? If you accidentally stopped Streamlit, just restart it in your terminal: @ http://localhost:8504/static/js/index.CcFifQPt.js:32
[ 1330527ms] [ERROR] Failed to load resource: net::ERR_CONNECTION_REFUSED @ http://localhost:8504/_stcore/host-config:0
[ 1333572ms] [ERROR] Failed to load resource: net::ERR_CONNECTION_REFUSED @ http://localhost:8504/_stcore/health:0
[ 1333572ms] [ERROR] Client Error in reaching server endpoint - No response received when attempting to reach /_stcore/health @ http://localhost:8504/static/js/index.CcFifQPt.js:27
[ 1333572ms] [ERROR] Is Streamlit still running? If you accidentally stopped Streamlit, just restart it in your terminal: @ http://localhost:8504/static/js/index.CcFifQPt.js:32
[ 1333599ms] [ERROR] Failed to load resource: net::ERR_CONNECTION_REFUSED @ http://localhost:8504/_stcore/host-config:0
[ 1337376ms] [ERROR] Failed to load resource: net::ERR_CONNECTION_REFUSED @ http://localhost:8504/_stcore/health:0
[ 1337376ms] [ERROR] Client Error in reaching server endpoint - No response received when attempting to reach /_stcore/health @ http://localhost:8504/static/js/index.CcFifQPt.js:27
[ 1337376ms] [ERROR] Is Streamlit still running? If you accidentally stopped Streamlit, just restart it in your terminal: @ http://localhost:8504/static/js/index.CcFifQPt.js:32
[ 1337377ms] [ERROR] Failed to load resource: net::ERR_CONNECTION_REFUSED @ http://localhost:8504/_stcore/host-config:0
[ 1340835ms] [ERROR] Failed to load resource: net::ERR_CONNECTION_REFUSED @ http://localhost:8504/_stcore/health:0
[ 1340835ms] [ERROR] Client Error in reaching server endpoint - No response received when attempting to reach /_stcore/health @ http://localhost:8504/static/js/index.CcFifQPt.js:27
[ 1340836ms] [ERROR] Is Streamlit still running? If you accidentally stopped Streamlit, just restart it in your terminal: @ http://localhost:8504/static/js/index.CcFifQPt.js:32
[ 1340861ms] [ERROR] Failed to load resource: net::ERR_CONNECTION_REFUSED @ http://localhost:8504/_stcore/host-config:0
[ 1343923ms] [ERROR] Failed to load resource: net::ERR_CONNECTION_REFUSED @ http://localhost:8504/_stcore/health:0
[ 1343923ms] [ERROR] Client Error in reaching server endpoint - No response received when attempting to reach /_stcore/health @ http://localhost:8504/static/js/index.CcFifQPt.js:27
[ 1343923ms] [ERROR] Is Streamlit still running? If you accidentally stopped Streamlit, just restart it in your terminal: @ http://localhost:8504/static/js/index.CcFifQPt.js:32
[ 1343924ms] [ERROR] Failed to load resource: net::ERR_CONNECTION_REFUSED @ http://localhost:8504/_stcore/host-config:0
[ 1347632ms] [ERROR] Failed to load resource: net::ERR_CONNECTION_REFUSED @ http://localhost:8504/_stcore/health:0
[ 1347633ms] [ERROR] Client Error in reaching server endpoint - No response received when attempting to reach /_stcore/health @ http://localhost:8504/static/js/index.CcFifQPt.js:27
[ 1347633ms] [ERROR] Is Streamlit still running? If you accidentally stopped Streamlit, just restart it in your terminal: @ http://localhost:8504/static/js/index.CcFifQPt.js:32
[ 1347633ms] [ERROR] Failed to load resource: net::ERR_CONNECTION_REFUSED @ http://localhost:8504/_stcore/host-config:0
[ 1351034ms] [ERROR] Failed to load resource: net::ERR_CONNECTION_REFUSED @ http://localhost:8504/_stcore/health:0
[ 1351034ms] [ERROR] Client Error in reaching server endpoint - No response received when attempting to reach /_stcore/health @ http://localhost:8504/static/js/index.CcFifQPt.js:27
[ 1351034ms] [ERROR] Is Streamlit still running? If you accidentally stopped Streamlit, just restart it in your terminal: @ http://localhost:8504/static/js/index.CcFifQPt.js:32
[ 1351034ms] [ERROR] Failed to load resource: net::ERR_CONNECTION_REFUSED @ http://localhost:8504/_stcore/host-config:0
[ 1353968ms] [ERROR] Failed to load resource: net::ERR_CONNECTION_REFUSED @ http://localhost:8504/_stcore/health:0
[ 1353968ms] [ERROR] Client Error in reaching server endpoint - No response received when attempting to reach /_stcore/health @ http://localhost:8504/static/js/index.CcFifQPt.js:27
[ 1353968ms] [ERROR] Is Streamlit still running? If you accidentally stopped Streamlit, just restart it in your terminal: @ http://localhost:8504/static/js/index.CcFifQPt.js:32
[ 1353970ms] [ERROR] Failed to load resource: net::ERR_CONNECTION_REFUSED @ http://localhost:8504/_stcore/host-config:0
[ 1357309ms] [ERROR] Failed to load resource: net::ERR_CONNECTION_REFUSED @ http://localhost:8504/_stcore/health:0
[ 1357309ms] [ERROR] Client Error in reaching server endpoint - No response received when attempting to reach /_stcore/health @ http://localhost:8504/static/js/index.CcFifQPt.js:27
[ 1357309ms] [ERROR] Is Streamlit still running? If you accidentally stopped Streamlit, just restart it in your terminal: @ http://localhost:8504/static/js/index.CcFifQPt.js:32
[ 1357310ms] [ERROR] Failed to load resource: net::ERR_CONNECTION_REFUSED @ http://localhost:8504/_stcore/host-config:0
[ 1361079ms] [ERROR] Failed to load resource: net::ERR_CONNECTION_REFUSED @ http://localhost:8504/_stcore/health:0
[ 1361079ms] [ERROR] Client Error in reaching server endpoint - No response received when attempting to reach /_stcore/health @ http://localhost:8504/static/js/index.CcFifQPt.js:27
[ 1361079ms] [ERROR] Is Streamlit still running? If you accidentally stopped Streamlit, just restart it in your terminal: @ http://localhost:8504/static/js/index.CcFifQPt.js:32
[ 1361080ms] [ERROR] Failed to load resource: net::ERR_CONNECTION_REFUSED @ http://localhost:8504/_stcore/host-config:0
[ 1364899ms] [ERROR] Failed to load resource: net::ERR_CONNECTION_REFUSED @ http://localhost:8504/_stcore/health:0
[ 1364899ms] [ERROR] Client Error in reaching server endpoint - No response received when attempting to reach /_stcore/health @ http://localhost:8504/static/js/index.CcFifQPt.js:27
[ 1364899ms] [ERROR] Is Streamlit still running? If you accidentally stopped Streamlit, just restart it in your terminal: @ http://localhost:8504/static/js/index.CcFifQPt.js:32
[ 1364900ms] [ERROR] Failed to load resource: net::ERR_CONNECTION_REFUSED @ http://localhost:8504/_stcore/host-config:0
[ 1368067ms] [ERROR] Failed to load resource: net::ERR_CONNECTION_REFUSED @ http://localhost:8504/_stcore/health:0
[ 1368067ms] [ERROR] Client Error in reaching server endpoint - No response received when attempting to reach /_stcore/health @ http://localhost:8504/static/js/index.CcFifQPt.js:27
[ 1368068ms] [ERROR] Is Streamlit still running? If you accidentally stopped Streamlit, just restart it in your terminal: @ http://localhost:8504/static/js/index.CcFifQPt.js:32
[ 1368068ms] [ERROR] Failed to load resource: net::ERR_CONNECTION_REFUSED @ http://localhost:8504/_stcore/host-config:0
[ 1371670ms] [ERROR] Failed to load resource: net::ERR_CONNECTION_REFUSED @ http://localhost:8504/_stcore/health:0
[ 1371670ms] [ERROR] Client Error in reaching server endpoint - No response received when attempting to reach /_stcore/health @ http://localhost:8504/static/js/index.CcFifQPt.js:27
[ 1371670ms] [ERROR] Is Streamlit still running? If you accidentally stopped Streamlit, just restart it in your terminal: @ http://localhost:8504/static/js/index.CcFifQPt.js:32
[ 1371671ms] [ERROR] Failed to load resource: net::ERR_CONNECTION_REFUSED @ http://localhost:8504/_stcore/host-config:0
[ 1374498ms] [ERROR] Failed to load resource: net::ERR_CONNECTION_REFUSED @ http://localhost:8504/_stcore/health:0
[ 1374498ms] [ERROR] Client Error in reaching server endpoint - No response received when attempting to reach /_stcore/health @ http://localhost:8504/static/js/index.CcFifQPt.js:27
[ 1374498ms] [ERROR] Is Streamlit still running? If you accidentally stopped Streamlit, just restart it in your terminal: @ http://localhost:8504/static/js/index.CcFifQPt.js:32
[ 1374498ms] [ERROR] Failed to load resource: net::ERR_CONNECTION_REFUSED @ http://localhost:8504/_stcore/host-config:0
[ 1377505ms] [ERROR] Failed to load resource: net::ERR_CONNECTION_REFUSED @ http://localhost:8504/_stcore/health:0
[ 1377505ms] [ERROR] Client Error in reaching server endpoint - No response received when attempting to reach /_stcore/health @ http://localhost:8504/static/js/index.CcFifQPt.js:27
[ 1377505ms] [ERROR] Is Streamlit still running? If you accidentally stopped Streamlit, just restart it in your terminal: @ http://localhost:8504/static/js/index.CcFifQPt.js:32
[ 1377505ms] [ERROR] Failed to load resource: net::ERR_CONNECTION_REFUSED @ http://localhost:8504/_stcore/host-config:0
[ 1380896ms] [ERROR] Failed to load resource: net::ERR_CONNECTION_REFUSED @ http://localhost:8504/_stcore/health:0
[ 1380896ms] [ERROR] Client Error in reaching server endpoint - No response received when attempting to reach /_stcore/health @ http://localhost:8504/static/js/index.CcFifQPt.js:27
[ 1380896ms] [ERROR] Is Streamlit still running? If you accidentally stopped Streamlit, just restart it in your terminal: @ http://localhost:8504/static/js/index.CcFifQPt.js:32
[ 1380896ms] [ERROR] Failed to load resource: net::ERR_CONNECTION_REFUSED @ http://localhost:8504/_stcore/host-config:0
[ 1384157ms] [ERROR] Failed to load resource: net::ERR_CONNECTION_REFUSED @ http://localhost:8504/_stcore/health:0
[ 1384157ms] [ERROR] Client Error in reaching server endpoint - No response received when attempting to reach /_stcore/health @ http://localhost:8504/static/js/index.CcFifQPt.js:27
[ 1384158ms] [ERROR] Is Streamlit still running? If you accidentally stopped Streamlit, just restart it in your terminal: @ http://localhost:8504/static/js/index.CcFifQPt.js:32
[ 1384158ms] [ERROR] Failed to load resource: net::ERR_CONNECTION_REFUSED @ http://localhost:8504/_stcore/host-config:0
[ 1387179ms] [ERROR] Failed to load resource: net::ERR_CONNECTION_REFUSED @ http://localhost:8504/_stcore/health:0
[ 1387179ms] [ERROR] Client Error in reaching server endpoint - No response received when attempting to reach /_stcore/health @ http://localhost:8504/static/js/index.CcFifQPt.js:27
[ 1387179ms] [ERROR] Is Streamlit still running? If you accidentally stopped Streamlit, just restart it in your terminal: @ http://localhost:8504/static/js/index.CcFifQPt.js:32
[ 1387181ms] [ERROR] Failed to load resource: net::ERR_CONNECTION_REFUSED @ http://localhost:8504/_stcore/host-config:0
[ 1390515ms] [ERROR] Failed to load resource: net::ERR_CONNECTION_REFUSED @ http://localhost:8504/_stcore/health:0
[ 1390515ms] [ERROR] Client Error in reaching server endpoint - No response received when attempting to reach /_stcore/health @ http://localhost:8504/static/js/index.CcFifQPt.js:27
[ 1390516ms] [ERROR] Is Streamlit still running? If you accidentally stopped Streamlit, just restart it in your terminal: @ http://localhost:8504/static/js/index.CcFifQPt.js:32
[ 1390516ms] [ERROR] Failed to load resource: net::ERR_CONNECTION_REFUSED @ http://localhost:8504/_stcore/host-config:0
[ 1393722ms] [ERROR] Failed to load resource: net::ERR_CONNECTION_REFUSED @ http://localhost:8504/_stcore/health:0
[ 1393723ms] [ERROR] Client Error in reaching server endpoint - No response received when attempting to reach /_stcore/health @ http://localhost:8504/static/js/index.CcFifQPt.js:27
[ 1393723ms] [ERROR] Is Streamlit still running? If you accidentally stopped Streamlit, just restart it in your terminal: @ http://localhost:8504/static/js/index.CcFifQPt.js:32
[ 1393723ms] [ERROR] Failed to load resource: net::ERR_CONNECTION_REFUSED @ http://localhost:8504/_stcore/host-config:0
[ 1397010ms] [ERROR] Failed to load resource: net::ERR_CONNECTION_REFUSED @ http://localhost:8504/_stcore/health:0
[ 1397010ms] [ERROR] Client Error in reaching server endpoint - No response received when attempting to reach /_stcore/health @ http://localhost:8504/static/js/index.CcFifQPt.js:27
[ 1397010ms] [ERROR] Is Streamlit still running? If you accidentally stopped Streamlit, just restart it in your terminal: @ http://localhost:8504/static/js/index.CcFifQPt.js:32
[ 1397035ms] [ERROR] Failed to load resource: net::ERR_CONNECTION_REFUSED @ http://localhost:8504/_stcore/host-config:0
[ 1400397ms] [ERROR] Failed to load resource: net::ERR_CONNECTION_REFUSED @ http://localhost:8504/_stcore/health:0
[ 1400397ms] [ERROR] Client Error in reaching server endpoint - No response received when attempting to reach /_stcore/health @ http://localhost:8504/static/js/index.CcFifQPt.js:27
[ 1400397ms] [ERROR] Is Streamlit still running? If you accidentally stopped Streamlit, just restart it in your terminal: @ http://localhost:8504/static/js/index.CcFifQPt.js:32
[ 1400398ms] [ERROR] Failed to load resource: net::ERR_CONNECTION_REFUSED @ http://localhost:8504/_stcore/host-config:0
[ 1403667ms] [ERROR] Failed to load resource: net::ERR_CONNECTION_REFUSED @ http://localhost:8504/_stcore/health:0
[ 1403667ms] [ERROR] Client Error in reaching server endpoint - No response received when attempting to reach /_stcore/health @ http://localhost:8504/static/js/index.CcFifQPt.js:27
[ 1403667ms] [ERROR] Is Streamlit still running? If you accidentally stopped Streamlit, just restart it in your terminal: @ http://localhost:8504/static/js/index.CcFifQPt.js:32
[ 1403667ms] [ERROR] Failed to load resource: net::ERR_CONNECTION_REFUSED @ http://localhost:8504/_stcore/host-config:0
[ 1406540ms] [ERROR] Failed to load resource: net::ERR_CONNECTION_REFUSED @ http://localhost:8504/_stcore/health:0
[ 1406540ms] [ERROR] Client Error in reaching server endpoint - No response received when attempting to reach /_stcore/health @ http://localhost:8504/static/js/index.CcFifQPt.js:27
[ 1406540ms] [ERROR] Is Streamlit still running? If you accidentally stopped Streamlit, just restart it in your terminal: @ http://localhost:8504/static/js/index.CcFifQPt.js:32
[ 1406540ms] [ERROR] Failed to load resource: net::ERR_CONNECTION_REFUSED @ http://localhost:8504/_stcore/host-config:0
[ 1409853ms] [ERROR] Failed to load resource: net::ERR_CONNECTION_REFUSED @ http://localhost:8504/_stcore/health:0
[ 1409853ms] [ERROR] Client Error in reaching server endpoint - No response received when attempting to reach /_stcore/health @ http://localhost:8504/static/js/index.CcFifQPt.js:27
[ 1409853ms] [ERROR] Is Streamlit still running? If you accidentally stopped Streamlit, just restart it in your terminal: @ http://localhost:8504/static/js/index.CcFifQPt.js:32
[ 1409854ms] [ERROR] Failed to load resource: net::ERR_CONNECTION_REFUSED @ http://localhost:8504/_stcore/host-config:0
[ 1412783ms] [ERROR] Failed to load resource: net::ERR_CONNECTION_REFUSED @ http://localhost:8504/_stcore/health:0
[ 1412783ms] [ERROR] Client Error in reaching server endpoint - No response received when attempting to reach /_stcore/health @ http://localhost:8504/static/js/index.CcFifQPt.js:27
[ 1412784ms] [ERROR] Is Streamlit still running? If you accidentally stopped Streamlit, just restart it in your terminal: @ http://localhost:8504/static/js/index.CcFifQPt.js:32
[ 1412784ms] [ERROR] Failed to load resource: net::ERR_CONNECTION_REFUSED @ http://localhost:8504/_stcore/host-config:0
[ 1416701ms] [ERROR] Failed to load resource: net::ERR_CONNECTION_REFUSED @ http://localhost:8504/_stcore/health:0
[ 1416701ms] [ERROR] Client Error in reaching server endpoint - No response received when attempting to reach /_stcore/health @ http://localhost:8504/static/js/index.CcFifQPt.js:27
[ 1416701ms] [ERROR] Is Streamlit still running? If you accidentally stopped Streamlit, just restart it in your terminal: @ http://localhost:8504/static/js/index.CcFifQPt.js:32
[ 1416702ms] [ERROR] Failed to load resource: net::ERR_CONNECTION_REFUSED @ http://localhost:8504/_stcore/host-config:0
[ 1419558ms] [ERROR] Failed to load resource: net::ERR_CONNECTION_REFUSED @ http://localhost:8504/_stcore/health:0
[ 1419558ms] [ERROR] Client Error in reaching server endpoint - No response received when attempting to reach /_stcore/health @ http://localhost:8504/static/js/index.CcFifQPt.js:27
[ 1419558ms] [ERROR] Is Streamlit still running? If you accidentally stopped Streamlit, just restart it in your terminal: @ http://localhost:8504/static/js/index.CcFifQPt.js:32
[ 1419558ms] [ERROR] Failed to load resource: net::ERR_CONNECTION_REFUSED @ http://localhost:8504/_stcore/host-config:0
[ 1422750ms] [ERROR] Failed to load resource: net::ERR_CONNECTION_REFUSED @ http://localhost:8504/_stcore/health:0
[ 1422750ms] [ERROR] Client Error in reaching server endpoint - No response received when attempting to reach /_stcore/health @ http://localhost:8504/static/js/index.CcFifQPt.js:27
[ 1422750ms] [ERROR] Is Streamlit still running? If you accidentally stopped Streamlit, just restart it in your terminal: @ http://localhost:8504/static/js/index.CcFifQPt.js:32
[ 1422772ms] [ERROR] Failed to load resource: net::ERR_CONNECTION_REFUSED @ http://localhost:8504/_stcore/host-config:0
[ 1425670ms] [ERROR] Failed to load resource: net::ERR_CONNECTION_REFUSED @ http://localhost:8504/_stcore/health:0
[ 1425670ms] [ERROR] Client Error in reaching server endpoint - No response received when attempting to reach /_stcore/health @ http://localhost:8504/static/js/index.CcFifQPt.js:27
[ 1425671ms] [ERROR] Is Streamlit still running? If you accidentally stopped Streamlit, just restart it in your terminal: @ http://localhost:8504/static/js/index.CcFifQPt.js:32
[ 1425671ms] [ERROR] Failed to load resource: net::ERR_CONNECTION_REFUSED @ http://localhost:8504/_stcore/host-config:0
[ 1429256ms] [ERROR] Failed to load resource: net::ERR_CONNECTION_REFUSED @ http://localhost:8504/_stcore/health:0
[ 1429256ms] [ERROR] Client Error in reaching server endpoint - No response received when attempting to reach /_stcore/health @ http://localhost:8504/static/js/index.CcFifQPt.js:27
[ 1429257ms] [ERROR] Is Streamlit still running? If you accidentally stopped Streamlit, just restart it in your terminal: @ http://localhost:8504/static/js/index.CcFifQPt.js:32
[ 1429257ms] [ERROR] Failed to load resource: net::ERR_CONNECTION_REFUSED @ http://localhost:8504/_stcore/host-config:0
[ 1432527ms] [ERROR] Failed to load resource: net::ERR_CONNECTION_REFUSED @ http://localhost:8504/_stcore/health:0
[ 1432527ms] [ERROR] Client Error in reaching server endpoint - No response received when attempting to reach /_stcore/health @ http://localhost:8504/static/js/index.CcFifQPt.js:27
[ 1432528ms] [ERROR] Is Streamlit still running? If you accidentally stopped Streamlit, just restart it in your terminal: @ http://localhost:8504/static/js/index.CcFifQPt.js:32
[ 1432528ms] [ERROR] Failed to load resource: net::ERR_CONNECTION_REFUSED @ http://localhost:8504/_stcore/host-config:0
[ 1435996ms] [ERROR] Failed to load resource: net::ERR_CONNECTION_REFUSED @ http://localhost:8504/_stcore/health:0
[ 1435996ms] [ERROR] Client Error in reaching server endpoint - No response received when attempting to reach /_stcore/health @ http://localhost:8504/static/js/index.CcFifQPt.js:27
[ 1435996ms] [ERROR] Is Streamlit still running? If you accidentally stopped Streamlit, just restart it in your terminal: @ http://localhost:8504/static/js/index.CcFifQPt.js:32
[ 1435997ms] [ERROR] Failed to load resource: net::ERR_CONNECTION_REFUSED @ http://localhost:8504/_stcore/host-config:0
[ 1439367ms] [ERROR] Failed to load resource: net::ERR_CONNECTION_REFUSED @ http://localhost:8504/_stcore/health:0
[ 1439367ms] [ERROR] Client Error in reaching server endpoint - No response received when attempting to reach /_stcore/health @ http://localhost:8504/static/js/index.CcFifQPt.js:27
[ 1439367ms] [ERROR] Is Streamlit still running? If you accidentally stopped Streamlit, just restart it in your terminal: @ http://localhost:8504/static/js/index.CcFifQPt.js:32
[ 1439368ms] [ERROR] Failed to load resource: net::ERR_CONNECTION_REFUSED @ http://localhost:8504/_stcore/host-config:0
[ 1442486ms] [ERROR] Failed to load resource: net::ERR_CONNECTION_REFUSED @ http://localhost:8504/_stcore/health:0
[ 1442486ms] [ERROR] Client Error in reaching server endpoint - No response received when attempting to reach /_stcore/health @ http://localhost:8504/static/js/index.CcFifQPt.js:27
[ 1442486ms] [ERROR] Is Streamlit still running? If you accidentally stopped Streamlit, just restart it in your terminal: @ http://localhost:8504/static/js/index.CcFifQPt.js:32
[ 1442487ms] [ERROR] Failed to load resource: net::ERR_CONNECTION_REFUSED @ http://localhost:8504/_stcore/host-config:0
[ 1445612ms] [ERROR] Failed to load resource: net::ERR_CONNECTION_REFUSED @ http://localhost:8504/_stcore/health:0
[ 1445613ms] [ERROR] Client Error in reaching server endpoint - No response received when attempting to reach /_stcore/health @ http://localhost:8504/static/js/index.CcFifQPt.js:27
[ 1445613ms] [ERROR] Is Streamlit still running? If you accidentally stopped Streamlit, just restart it in your terminal: @ http://localhost:8504/static/js/index.CcFifQPt.js:32
[ 1445613ms] [ERROR] Failed to load resource: net::ERR_CONNECTION_REFUSED @ http://localhost:8504/_stcore/host-config:0
[ 1448434ms] [ERROR] Failed to load resource: net::ERR_CONNECTION_REFUSED @ http://localhost:8504/_stcore/health:0
[ 1448434ms] [ERROR] Client Error in reaching server endpoint - No response received when attempting to reach /_stcore/health @ http://localhost:8504/static/js/index.CcFifQPt.js:27
[ 1448434ms] [ERROR] Is Streamlit still running? If you accidentally stopped Streamlit, just restart it in your terminal: @ http://localhost:8504/static/js/index.CcFifQPt.js:32
[ 1448435ms] [ERROR] Failed to load resource: net::ERR_CONNECTION_REFUSED @ http://localhost:8504/_stcore/host-config:0
[ 1452404ms] [ERROR] Failed to load resource: net::ERR_CONNECTION_REFUSED @ http://localhost:8504/_stcore/health:0
[ 1452404ms] [ERROR] Client Error in reaching server endpoint - No response received when attempting to reach /_stcore/health @ http://localhost:8504/static/js/index.CcFifQPt.js:27
[ 1452404ms] [ERROR] Is Streamlit still running? If you accidentally stopped Streamlit, just restart it in your terminal: @ http://localhost:8504/static/js/index.CcFifQPt.js:32
[ 1452405ms] [ERROR] Failed to load resource: net::ERR_CONNECTION_REFUSED @ http://localhost:8504/_stcore/host-config:0
[ 1455259ms] [ERROR] Failed to load resource: net::ERR_CONNECTION_REFUSED @ http://localhost:8504/_stcore/health:0
[ 1455259ms] [ERROR] Client Error in reaching server endpoint - No response received when attempting to reach /_stcore/health @ http://localhost:8504/static/js/index.CcFifQPt.js:27
[ 1455259ms] [ERROR] Is Streamlit still running? If you accidentally stopped Streamlit, just restart it in your terminal: @ http://localhost:8504/static/js/index.CcFifQPt.js:32
[ 1455261ms] [ERROR] Failed to load resource: net::ERR_CONNECTION_REFUSED @ http://localhost:8504/_stcore/host-config:0
[ 1459265ms] [ERROR] Failed to load resource: net::ERR_CONNECTION_REFUSED @ http://localhost:8504/_stcore/health:0
[ 1459265ms] [ERROR] Client Error in reaching server endpoint - No response received when attempting to reach /_stcore/health @ http://localhost:8504/static/js/index.CcFifQPt.js:27
[ 1459265ms] [ERROR] Is Streamlit still running? If you accidentally stopped Streamlit, just restart it in your terminal: @ http://localhost:8504/static/js/index.CcFifQPt.js:32
[ 1459266ms] [ERROR] Failed to load resource: net::ERR_CONNECTION_REFUSED @ http://localhost:8504/_stcore/host-config:0
[ 1462364ms] [ERROR] Failed to load resource: net::ERR_CONNECTION_REFUSED @ http://localhost:8504/_stcore/health:0
[ 1462364ms] [ERROR] Client Error in reaching server endpoint - No response received when attempting to reach /_stcore/health @ http://localhost:8504/static/js/index.CcFifQPt.js:27
[ 1462364ms] [ERROR] Is Streamlit still running? If you accidentally stopped Streamlit, just restart it in your terminal: @ http://localhost:8504/static/js/index.CcFifQPt.js:32
[ 1462364ms] [ERROR] Failed to load resource: net::ERR_CONNECTION_REFUSED @ http://localhost:8504/_stcore/host-config:0
[ 1466354ms] [ERROR] Failed to load resource: net::ERR_CONNECTION_REFUSED @ http://localhost:8504/_stcore/health:0
[ 1466354ms] [ERROR] Client Error in reaching server endpoint - No response received when attempting to reach /_stcore/health @ http://localhost:8504/static/js/index.CcFifQPt.js:27
[ 1466355ms] [ERROR] Is Streamlit still running? If you accidentally stopped Streamlit, just restart it in your terminal: @ http://localhost:8504/static/js/index.CcFifQPt.js:32
[ 1466356ms] [ERROR] Failed to load resource: net::ERR_CONNECTION_REFUSED @ http://localhost:8504/_stcore/host-config:0
[ 1469304ms] [ERROR] Failed to load resource: net::ERR_CONNECTION_REFUSED @ http://localhost:8504/_stcore/health:0
[ 1469304ms] [ERROR] Client Error in reaching server endpoint - No response received when attempting to reach /_stcore/health @ http://localhost:8504/static/js/index.CcFifQPt.js:27
[ 1469304ms] [ERROR] Is Streamlit still running? If you accidentally stopped Streamlit, just restart it in your terminal: @ http://localhost:8504/static/js/index.CcFifQPt.js:32
[ 1469305ms] [ERROR] Failed to load resource: net::ERR_CONNECTION_REFUSED @ http://localhost:8504/_stcore/host-config:0
[ 1472572ms] [ERROR] Failed to load resource: net::ERR_CONNECTION_REFUSED @ http://localhost:8504/_stcore/health:0
[ 1472573ms] [ERROR] Client Error in reaching server endpoint - No response received when attempting to reach /_stcore/health @ http://localhost:8504/static/js/index.CcFifQPt.js:27
[ 1472573ms] [ERROR] Is Streamlit still running? If you accidentally stopped Streamlit, just restart it in your terminal: @ http://localhost:8504/static/js/index.CcFifQPt.js:32
[ 1472573ms] [ERROR] Failed to load resource: net::ERR_CONNECTION_REFUSED @ http://localhost:8504/_stcore/host-config:0
[ 1475522ms] [ERROR] Failed to load resource: net::ERR_CONNECTION_REFUSED @ http://localhost:8504/_stcore/health:0
[ 1475522ms] [ERROR] Client Error in reaching server endpoint - No response received when attempting to reach /_stcore/health @ http://localhost:8504/static/js/index.CcFifQPt.js:27
[ 1475522ms] [ERROR] Is Streamlit still running? If you accidentally stopped Streamlit, just restart it in your terminal: @ http://localhost:8504/static/js/index.CcFifQPt.js:32
[ 1475546ms] [ERROR] Failed to load resource: net::ERR_CONNECTION_REFUSED @ http://localhost:8504/_stcore/host-config:0
[ 1479332ms] [ERROR] Failed to load resource: net::ERR_CONNECTION_REFUSED @ http://localhost:8504/_stcore/health:0
[ 1479332ms] [ERROR] Client Error in reaching server endpoint - No response received when attempting to reach /_stcore/health @ http://localhost:8504/static/js/index.CcFifQPt.js:27
[ 1479332ms] [ERROR] Is Streamlit still running? If you accidentally stopped Streamlit, just restart it in your terminal: @ http://localhost:8504/static/js/index.CcFifQPt.js:32
[ 1479357ms] [ERROR] Failed to load resource: net::ERR_CONNECTION_REFUSED @ http://localhost:8504/_stcore/host-config:0
[ 1483129ms] [ERROR] Failed to load resource: net::ERR_CONNECTION_REFUSED @ http://localhost:8504/_stcore/health:0
[ 1483129ms] [ERROR] Client Error in reaching server endpoint - No response received when attempting to reach /_stcore/health @ http://localhost:8504/static/js/index.CcFifQPt.js:27
[ 1483130ms] [ERROR] Is Streamlit still running? If you accidentally stopped Streamlit, just restart it in your terminal: @ http://localhost:8504/static/js/index.CcFifQPt.js:32
[ 1483130ms] [ERROR] Failed to load resource: net::ERR_CONNECTION_REFUSED @ http://localhost:8504/_stcore/host-config:0
[ 1486292ms] [ERROR] Failed to load resource: net::ERR_CONNECTION_REFUSED @ http://localhost:8504/_stcore/health:0
[ 1486293ms] [ERROR] Client Error in reaching server endpoint - No response received when attempting to reach /_stcore/health @ http://localhost:8504/static/js/index.CcFifQPt.js:27
[ 1486293ms] [ERROR] Is Streamlit still running? If you accidentally stopped Streamlit, just restart it in your terminal: @ http://localhost:8504/static/js/index.CcFifQPt.js:32
[ 1486293ms] [ERROR] Failed to load resource: net::ERR_CONNECTION_REFUSED @ http://localhost:8504/_stcore/host-config:0
[ 1489260ms] [ERROR] Failed to load resource: net::ERR_CONNECTION_REFUSED @ http://localhost:8504/_stcore/health:0
[ 1489260ms] [ERROR] Client Error in reaching server endpoint - No response received when attempting to reach /_stcore/health @ http://localhost:8504/static/js/index.CcFifQPt.js:27
[ 1489260ms] [ERROR] Is Streamlit still running? If you accidentally stopped Streamlit, just restart it in your terminal: @ http://localhost:8504/static/js/index.CcFifQPt.js:32
[ 1489261ms] [ERROR] Failed to load resource: net::ERR_CONNECTION_REFUSED @ http://localhost:8504/_stcore/host-config:0
[ 1492951ms] [ERROR] Failed to load resource: net::ERR_CONNECTION_REFUSED @ http://localhost:8504/_stcore/health:0
[ 1492951ms] [ERROR] Client Error in reaching server endpoint - No response received when attempting to reach /_stcore/health @ http://localhost:8504/static/js/index.CcFifQPt.js:27
[ 1492952ms] [ERROR] Is Streamlit still running? If you accidentally stopped Streamlit, just restart it in your terminal: @ http://localhost:8504/static/js/index.CcFifQPt.js:32
[ 1492952ms] [ERROR] Failed to load resource: net::ERR_CONNECTION_REFUSED @ http://localhost:8504/_stcore/host-config:0
[ 1496526ms] [ERROR] Failed to load resource: net::ERR_CONNECTION_REFUSED @ http://localhost:8504/_stcore/health:0
[ 1496526ms] [ERROR] Client Error in reaching server endpoint - No response received when attempting to reach /_stcore/health @ http://localhost:8504/static/js/index.CcFifQPt.js:27
[ 1496526ms] [ERROR] Is Streamlit still running? If you accidentally stopped Streamlit, just restart it in your terminal: @ http://localhost:8504/static/js/index.CcFifQPt.js:32
[ 1496527ms] [ERROR] Failed to load resource: net::ERR_CONNECTION_REFUSED @ http://localhost:8504/_stcore/host-config:0
[ 1499731ms] [ERROR] Failed to load resource: net::ERR_CONNECTION_REFUSED @ http://localhost:8504/_stcore/health:0
[ 1499732ms] [ERROR] Client Error in reaching server endpoint - No response received when attempting to reach /_stcore/health @ http://localhost:8504/static/js/index.CcFifQPt.js:27
[ 1499732ms] [ERROR] Is Streamlit still running? If you accidentally stopped Streamlit, just restart it in your terminal: @ http://localhost:8504/static/js/index.CcFifQPt.js:32
[ 1499750ms] [ERROR] Failed to load resource: net::ERR_CONNECTION_REFUSED @ http://localhost:8504/_stcore/host-config:0
[ 1503529ms] [ERROR] Failed to load resource: net::ERR_CONNECTION_REFUSED @ http://localhost:8504/_stcore/health:0
[ 1503530ms] [ERROR] Client Error in reaching server endpoint - No response received when attempting to reach /_stcore/health @ http://localhost:8504/static/js/index.CcFifQPt.js:27
[ 1503530ms] [ERROR] Is Streamlit still running? If you accidentally stopped Streamlit, just restart it in your terminal: @ http://localhost:8504/static/js/index.CcFifQPt.js:32
[ 1503545ms] [ERROR] Failed to load resource: net::ERR_CONNECTION_REFUSED @ http://localhost:8504/_stcore/host-config:0
[ 1507402ms] [ERROR] Failed to load resource: net::ERR_CONNECTION_REFUSED @ http://localhost:8504/_stcore/health:0
[ 1507402ms] [ERROR] Client Error in reaching server endpoint - No response received when attempting to reach /_stcore/health @ http://localhost:8504/static/js/index.CcFifQPt.js:27
[ 1507402ms] [ERROR] Is Streamlit still running? If you accidentally stopped Streamlit, just restart it in your terminal: @ http://localhost:8504/static/js/index.CcFifQPt.js:32
[ 1507402ms] [ERROR] Failed to load resource: net::ERR_CONNECTION_REFUSED @ http://localhost:8504/_stcore/host-config:0
[ 1511032ms] [ERROR] Failed to load resource: net::ERR_CONNECTION_REFUSED @ http://localhost:8504/_stcore/health:0
[ 1511033ms] [ERROR] Client Error in reaching server endpoint - No response received when attempting to reach /_stcore/health @ http://localhost:8504/static/js/index.CcFifQPt.js:27
[ 1511033ms] [ERROR] Is Streamlit still running? If you accidentally stopped Streamlit, just restart it in your terminal: @ http://localhost:8504/static/js/index.CcFifQPt.js:32
[ 1511033ms] [ERROR] Failed to load resource: net::ERR_CONNECTION_REFUSED @ http://localhost:8504/_stcore/host-config:0
[ 1514078ms] [ERROR] Failed to load resource: net::ERR_CONNECTION_REFUSED @ http://localhost:8504/_stcore/health:0
[ 1514078ms] [ERROR] Client Error in reaching server endpoint - No response received when attempting to reach /_stcore/health @ http://localhost:8504/static/js/index.CcFifQPt.js:27
[ 1514079ms] [ERROR] Is Streamlit still running? If you accidentally stopped Streamlit, just restart it in your terminal: @ http://localhost:8504/static/js/index.CcFifQPt.js:32
[ 1514079ms] [ERROR] Failed to load resource: net::ERR_CONNECTION_REFUSED @ http://localhost:8504/_stcore/host-config:0
[ 1516943ms] [ERROR] Failed to load resource: net::ERR_CONNECTION_REFUSED @ http://localhost:8504/_stcore/health:0
[ 1516943ms] [ERROR] Client Error in reaching server endpoint - No response received when attempting to reach /_stcore/health @ http://localhost:8504/static/js/index.CcFifQPt.js:27
[ 1516943ms] [ERROR] Is Streamlit still running? If you accidentally stopped Streamlit, just restart it in your terminal: @ http://localhost:8504/static/js/index.CcFifQPt.js:32
[ 1516943ms] [ERROR] Failed to load resource: net::ERR_CONNECTION_REFUSED @ http://localhost:8504/_stcore/host-config:0
[ 1520230ms] [ERROR] Failed to load resource: net::ERR_CONNECTION_REFUSED @ http://localhost:8504/_stcore/health:0
[ 1520231ms] [ERROR] Client Error in reaching server endpoint - No response received when attempting to reach /_stcore/health @ http://localhost:8504/static/js/index.CcFifQPt.js:27
[ 1520231ms] [ERROR] Is Streamlit still running? If you accidentally stopped Streamlit, just restart it in your terminal: @ http://localhost:8504/static/js/index.CcFifQPt.js:32
[ 1520231ms] [ERROR] Failed to load resource: net::ERR_CONNECTION_REFUSED @ http://localhost:8504/_stcore/host-config:0
[ 1523768ms] [ERROR] Failed to load resource: net::ERR_CONNECTION_REFUSED @ http://localhost:8504/_stcore/health:0
[ 1523768ms] [ERROR] Client Error in reaching server endpoint - No response received when attempting to reach /_stcore/health @ http://localhost:8504/static/js/index.CcFifQPt.js:27
[ 1523769ms] [ERROR] Is Streamlit still running? If you accidentally stopped Streamlit, just restart it in your terminal: @ http://localhost:8504/static/js/index.CcFifQPt.js:32
[ 1523769ms] [ERROR] Failed to load resource: net::ERR_CONNECTION_REFUSED @ http://localhost:8504/_stcore/host-config:0
[ 1526635ms] [ERROR] Failed to load resource: net::ERR_CONNECTION_REFUSED @ http://localhost:8504/_stcore/health:0
[ 1526636ms] [ERROR] Client Error in reaching server endpoint - No response received when attempting to reach /_stcore/health @ http://localhost:8504/static/js/index.CcFifQPt.js:27
[ 1526636ms] [ERROR] Is Streamlit still running? If you accidentally stopped Streamlit, just restart it in your terminal: @ http://localhost:8504/static/js/index.CcFifQPt.js:32
[ 1526636ms] [ERROR] Failed to load resource: net::ERR_CONNECTION_REFUSED @ http://localhost:8504/_stcore/host-config:0
[ 1530062ms] [ERROR] Failed to load resource: net::ERR_CONNECTION_REFUSED @ http://localhost:8504/_stcore/health:0
[ 1530062ms] [ERROR] Client Error in reaching server endpoint - No response received when attempting to reach /_stcore/health @ http://localhost:8504/static/js/index.CcFifQPt.js:27
[ 1530063ms] [ERROR] Is Streamlit still running? If you accidentally stopped Streamlit, just restart it in your terminal: @ http://localhost:8504/static/js/index.CcFifQPt.js:32
[ 1530063ms] [ERROR] Failed to load resource: net::ERR_CONNECTION_REFUSED @ http://localhost:8504/_stcore/host-config:0
[ 1533693ms] [ERROR] Failed to load resource: net::ERR_CONNECTION_REFUSED @ http://localhost:8504/_stcore/health:0
[ 1533693ms] [ERROR] Client Error in reaching server endpoint - No response received when attempting to reach /_stcore/health @ http://localhost:8504/static/js/index.CcFifQPt.js:27
[ 1533693ms] [ERROR] Is Streamlit still running? If you accidentally stopped Streamlit, just restart it in your terminal: @ http://localhost:8504/static/js/index.CcFifQPt.js:32
[ 1533693ms] [ERROR] Failed to load resource: net::ERR_CONNECTION_REFUSED @ http://localhost:8504/_stcore/host-config:0
[ 1536744ms] [ERROR] Failed to load resource: net::ERR_CONNECTION_REFUSED @ http://localhost:8504/_stcore/health:0
[ 1536744ms] [ERROR] Client Error in reaching server endpoint - No response received when attempting to reach /_stcore/health @ http://localhost:8504/static/js/index.CcFifQPt.js:27
[ 1536744ms] [ERROR] Is Streamlit still running? If you accidentally stopped Streamlit, just restart it in your terminal: @ http://localhost:8504/static/js/index.CcFifQPt.js:32
[ 1536766ms] [ERROR] Failed to load resource: net::ERR_CONNECTION_REFUSED @ http://localhost:8504/_stcore/host-config:0
[ 1540307ms] [ERROR] Failed to load resource: net::ERR_CONNECTION_REFUSED @ http://localhost:8504/_stcore/health:0
[ 1540307ms] [ERROR] Client Error in reaching server endpoint - No response received when attempting to reach /_stcore/health @ http://localhost:8504/static/js/index.CcFifQPt.js:27
[ 1540308ms] [ERROR] Is Streamlit still running? If you accidentally stopped Streamlit, just restart it in your terminal: @ http://localhost:8504/static/js/index.CcFifQPt.js:32
[ 1540308ms] [ERROR] Failed to load resource: net::ERR_CONNECTION_REFUSED @ http://localhost:8504/_stcore/host-config:0
[ 1544301ms] [ERROR] Failed to load resource: net::ERR_CONNECTION_REFUSED @ http://localhost:8504/_stcore/health:0
[ 1544301ms] [ERROR] Client Error in reaching server endpoint - No response received when attempting to reach /_stcore/health @ http://localhost:8504/static/js/index.CcFifQPt.js:27
[ 1544301ms] [ERROR] Is Streamlit still running? If you accidentally stopped Streamlit, just restart it in your terminal: @ http://localhost:8504/static/js/index.CcFifQPt.js:32
[ 1544302ms] [ERROR] Failed to load resource: net::ERR_CONNECTION_REFUSED @ http://localhost:8504/_stcore/host-config:0
[ 1547666ms] [ERROR] Failed to load resource: net::ERR_CONNECTION_REFUSED @ http://localhost:8504/_stcore/health:0
[ 1547666ms] [ERROR] Client Error in reaching server endpoint - No response received when attempting to reach /_stcore/health @ http://localhost:8504/static/js/index.CcFifQPt.js:27
[ 1547667ms] [ERROR] Is Streamlit still running? If you accidentally stopped Streamlit, just restart it in your terminal: @ http://localhost:8504/static/js/index.CcFifQPt.js:32
[ 1547667ms] [ERROR] Failed to load resource: net::ERR_CONNECTION_REFUSED @ http://localhost:8504/_stcore/host-config:0
[ 1550738ms] [ERROR] Failed to load resource: net::ERR_CONNECTION_REFUSED @ http://localhost:8504/_stcore/health:0
[ 1550738ms] [ERROR] Client Error in reaching server endpoint - No response received when attempting to reach /_stcore/health @ http://localhost:8504/static/js/index.CcFifQPt.js:27
[ 1550738ms] [ERROR] Is Streamlit still running? If you accidentally stopped Streamlit, just restart it in your terminal: @ http://localhost:8504/static/js/index.CcFifQPt.js:32
[ 1550738ms] [ERROR] Failed to load resource: net::ERR_CONNECTION_REFUSED @ http://localhost:8504/_stcore/host-config:0
[ 1553826ms] [ERROR] Failed to load resource: net::ERR_CONNECTION_REFUSED @ http://localhost:8504/_stcore/health:0
[ 1553826ms] [ERROR] Client Error in reaching server endpoint - No response received when attempting to reach /_stcore/health @ http://localhost:8504/static/js/index.CcFifQPt.js:27
[ 1553827ms] [ERROR] Is Streamlit still running? If you accidentally stopped Streamlit, just restart it in your terminal: @ http://localhost:8504/static/js/index.CcFifQPt.js:32
[ 1553849ms] [ERROR] Failed to load resource: net::ERR_CONNECTION_REFUSED @ http://localhost:8504/_stcore/host-config:0
[ 1557294ms] [ERROR] Failed to load resource: net::ERR_CONNECTION_REFUSED @ http://localhost:8504/_stcore/health:0
[ 1557294ms] [ERROR] Client Error in reaching server endpoint - No response received when attempting to reach /_stcore/health @ http://localhost:8504/static/js/index.CcFifQPt.js:27
[ 1557294ms] [ERROR] Is Streamlit still running? If you accidentally stopped Streamlit, just restart it in your terminal: @ http://localhost:8504/static/js/index.CcFifQPt.js:32
[ 1557294ms] [ERROR] Failed to load resource: net::ERR_CONNECTION_REFUSED @ http://localhost:8504/_stcore/host-config:0
[ 1560419ms] [ERROR] Failed to load resource: net::ERR_CONNECTION_REFUSED @ http://localhost:8504/_stcore/health:0
[ 1560419ms] [ERROR] Client Error in reaching server endpoint - No response received when attempting to reach /_stcore/health @ http://localhost:8504/static/js/index.CcFifQPt.js:27
[ 1560419ms] [ERROR] Is Streamlit still running? If you accidentally stopped Streamlit, just restart it in your terminal: @ http://localhost:8504/static/js/index.CcFifQPt.js:32
[ 1560419ms] [ERROR] Failed to load resource: net::ERR_CONNECTION_REFUSED @ http://localhost:8504/_stcore/host-config:0
[ 1563495ms] [ERROR] Failed to load resource: net::ERR_CONNECTION_REFUSED @ http://localhost:8504/_stcore/health:0
[ 1563495ms] [ERROR] Client Error in reaching server endpoint - No response received when attempting to reach /_stcore/health @ http://localhost:8504/static/js/index.CcFifQPt.js:27
[ 1563495ms] [ERROR] Is Streamlit still running? If you accidentally stopped Streamlit, just restart it in your terminal: @ http://localhost:8504/static/js/index.CcFifQPt.js:32
[ 1563497ms] [ERROR] Failed to load resource: net::ERR_CONNECTION_REFUSED @ http://localhost:8504/_stcore/host-config:0
[ 1567326ms] [ERROR] Failed to load resource: net::ERR_CONNECTION_REFUSED @ http://localhost:8504/_stcore/health:0
[ 1567326ms] [ERROR] Client Error in reaching server endpoint - No response received when attempting to reach /_stcore/health @ http://localhost:8504/static/js/index.CcFifQPt.js:27
[ 1567326ms] [ERROR] Is Streamlit still running? If you accidentally stopped Streamlit, just restart it in your terminal: @ http://localhost:8504/static/js/index.CcFifQPt.js:32
[ 1567327ms] [ERROR] Failed to load resource: net::ERR_CONNECTION_REFUSED @ http://localhost:8504/_stcore/host-config:0
[ 1570208ms] [ERROR] Failed to load resource: net::ERR_CONNECTION_REFUSED @ http://localhost:8504/_stcore/health:0
[ 1570209ms] [ERROR] Client Error in reaching server endpoint - No response received when attempting to reach /_stcore/health @ http://localhost:8504/static/js/index.CcFifQPt.js:27
[ 1570209ms] [ERROR] Is Streamlit still running? If you accidentally stopped Streamlit, just restart it in your terminal: @ http://localhost:8504/static/js/index.CcFifQPt.js:32
[ 1570209ms] [ERROR] Failed to load resource: net::ERR_CONNECTION_REFUSED @ http://localhost:8504/_stcore/host-config:0
[ 1573210ms] [ERROR] Failed to load resource: net::ERR_CONNECTION_REFUSED @ http://localhost:8504/_stcore/health:0
[ 1573210ms] [ERROR] Client Error in reaching server endpoint - No response received when attempting to reach /_stcore/health @ http://localhost:8504/static/js/index.CcFifQPt.js:27
[ 1573211ms] [ERROR] Is Streamlit still running? If you accidentally stopped Streamlit, just restart it in your terminal: @ http://localhost:8504/static/js/index.CcFifQPt.js:32
[ 1573239ms] [ERROR] Failed to load resource: net::ERR_CONNECTION_REFUSED @ http://localhost:8504/_stcore/host-config:0
[ 1577010ms] [ERROR] Failed to load resource: net::ERR_CONNECTION_REFUSED @ http://localhost:8504/_stcore/health:0
[ 1577011ms] [ERROR] Client Error in reaching server endpoint - No response received when attempting to reach /_stcore/health @ http://localhost:8504/static/js/index.CcFifQPt.js:27
[ 1577011ms] [ERROR] Is Streamlit still running? If you accidentally stopped Streamlit, just restart it in your terminal: @ http://localhost:8504/static/js/index.CcFifQPt.js:32
[ 1577012ms] [ERROR] Failed to load resource: net::ERR_CONNECTION_REFUSED @ http://localhost:8504/_stcore/host-config:0
[ 1579845ms] [ERROR] Failed to load resource: net::ERR_CONNECTION_REFUSED @ http://localhost:8504/_stcore/health:0
[ 1579845ms] [ERROR] Client Error in reaching server endpoint - No response received when attempting to reach /_stcore/health @ http://localhost:8504/static/js/index.CcFifQPt.js:27
[ 1579845ms] [ERROR] Is Streamlit still running? If you accidentally stopped Streamlit, just restart it in your terminal: @ http://localhost:8504/static/js/index.CcFifQPt.js:32
[ 1579845ms] [ERROR] Failed to load resource: net::ERR_CONNECTION_REFUSED @ http://localhost:8504/_stcore/host-config:0
[ 1582889ms] [ERROR] Failed to load resource: net::ERR_CONNECTION_REFUSED @ http://localhost:8504/_stcore/health:0
[ 1582890ms] [ERROR] Client Error in reaching server endpoint - No response received when attempting to reach /_stcore/health @ http://localhost:8504/static/js/index.CcFifQPt.js:27
[ 1582890ms] [ERROR] Is Streamlit still running? If you accidentally stopped Streamlit, just restart it in your terminal: @ http://localhost:8504/static/js/index.CcFifQPt.js:32
[ 1582890ms] [ERROR] Failed to load resource: net::ERR_CONNECTION_REFUSED @ http://localhost:8504/_stcore/host-config:0
[ 1586050ms] [ERROR] Failed to load resource: net::ERR_CONNECTION_REFUSED @ http://localhost:8504/_stcore/health:0
[ 1586050ms] [ERROR] Client Error in reaching server endpoint - No response received when attempting to reach /_stcore/health @ http://localhost:8504/static/js/index.CcFifQPt.js:27
[ 1586051ms] [ERROR] Is Streamlit still running? If you accidentally stopped Streamlit, just restart it in your terminal: @ http://localhost:8504/static/js/index.CcFifQPt.js:32
[ 1586051ms] [ERROR] Failed to load resource: net::ERR_CONNECTION_REFUSED @ http://localhost:8504/_stcore/host-config:0
[ 1590049ms] [ERROR] Failed to load resource: net::ERR_CONNECTION_REFUSED @ http://localhost:8504/_stcore/health:0
[ 1590050ms] [ERROR] Client Error in reaching server endpoint - No response received when attempting to reach /_stcore/health @ http://localhost:8504/static/js/index.CcFifQPt.js:27
[ 1590050ms] [ERROR] Is Streamlit still running? If you accidentally stopped Streamlit, just restart it in your terminal: @ http://localhost:8504/static/js/index.CcFifQPt.js:32
[ 1590050ms] [ERROR] Failed to load resource: net::ERR_CONNECTION_REFUSED @ http://localhost:8504/_stcore/host-config:0
[ 1593171ms] [ERROR] Failed to load resource: net::ERR_CONNECTION_REFUSED @ http://localhost:8504/_stcore/health:0
[ 1593171ms] [ERROR] Client Error in reaching server endpoint - No response received when attempting to reach /_stcore/health @ http://localhost:8504/static/js/index.CcFifQPt.js:27
[ 1593171ms] [ERROR] Is Streamlit still running? If you accidentally stopped Streamlit, just restart it in your terminal: @ http://localhost:8504/static/js/index.CcFifQPt.js:32
[ 1593198ms] [ERROR] Failed to load resource: net::ERR_CONNECTION_REFUSED @ http://localhost:8504/_stcore/host-config:0
[ 1596072ms] [ERROR] Failed to load resource: net::ERR_CONNECTION_REFUSED @ http://localhost:8504/_stcore/health:0
[ 1596072ms] [ERROR] Client Error in reaching server endpoint - No response received when attempting to reach /_stcore/health @ http://localhost:8504/static/js/index.CcFifQPt.js:27
[ 1596072ms] [ERROR] Is Streamlit still running? If you accidentally stopped Streamlit, just restart it in your terminal: @ http://localhost:8504/static/js/index.CcFifQPt.js:32
[ 1596072ms] [ERROR] Failed to load resource: net::ERR_CONNECTION_REFUSED @ http://localhost:8504/_stcore/host-config:0
[ 1599704ms] [ERROR] Failed to load resource: net::ERR_CONNECTION_REFUSED @ http://localhost:8504/_stcore/health:0
[ 1599704ms] [ERROR] Client Error in reaching server endpoint - No response received when attempting to reach /_stcore/health @ http://localhost:8504/static/js/index.CcFifQPt.js:27
[ 1599704ms] [ERROR] Is Streamlit still running? If you accidentally stopped Streamlit, just restart it in your terminal: @ http://localhost:8504/static/js/index.CcFifQPt.js:32
[ 1599704ms] [ERROR] Failed to load resource: net::ERR_CONNECTION_REFUSED @ http://localhost:8504/_stcore/host-config:0
[ 1603259ms] [ERROR] Failed to load resource: net::ERR_CONNECTION_REFUSED @ http://localhost:8504/_stcore/health:0
[ 1603259ms] [ERROR] Client Error in reaching server endpoint - No response received when attempting to reach /_stcore/health @ http://localhost:8504/static/js/index.CcFifQPt.js:27
[ 1603259ms] [ERROR] Is Streamlit still running? If you accidentally stopped Streamlit, just restart it in your terminal: @ http://localhost:8504/static/js/index.CcFifQPt.js:32
[ 1603260ms] [ERROR] Failed to load resource: net::ERR_CONNECTION_REFUSED @ http://localhost:8504/_stcore/host-config:0
[ 1607144ms] [ERROR] Failed to load resource: net::ERR_CONNECTION_REFUSED @ http://localhost:8504/_stcore/health:0
[ 1607145ms] [ERROR] Client Error in reaching server endpoint - No response received when attempting to reach /_stcore/health @ http://localhost:8504/static/js/index.CcFifQPt.js:27
[ 1607145ms] [ERROR] Is Streamlit still running? If you accidentally stopped Streamlit, just restart it in your terminal: @ http://localhost:8504/static/js/index.CcFifQPt.js:32
[ 1607167ms] [ERROR] Failed to load resource: net::ERR_CONNECTION_REFUSED @ http://localhost:8504/_stcore/host-config:0
[ 1611137ms] [ERROR] Failed to load resource: net::ERR_CONNECTION_REFUSED @ http://localhost:8504/_stcore/health:0
[ 1611137ms] [ERROR] Client Error in reaching server endpoint - No response received when attempting to reach /_stcore/health @ http://localhost:8504/static/js/index.CcFifQPt.js:27
[ 1611137ms] [ERROR] Is Streamlit still running? If you accidentally stopped Streamlit, just restart it in your terminal: @ http://localhost:8504/static/js/index.CcFifQPt.js:32
[ 1611137ms] [ERROR] Failed to load resource: net::ERR_CONNECTION_REFUSED @ http://localhost:8504/_stcore/host-config:0
[ 1614702ms] [ERROR] Failed to load resource: net::ERR_CONNECTION_REFUSED @ http://localhost:8504/_stcore/health:0
[ 1614703ms] [ERROR] Client Error in reaching server endpoint - No response received when attempting to reach /_stcore/health @ http://localhost:8504/static/js/index.CcFifQPt.js:27
[ 1614703ms] [ERROR] Is Streamlit still running? If you accidentally stopped Streamlit, just restart it in your terminal: @ http://localhost:8504/static/js/index.CcFifQPt.js:32
[ 1614703ms] [ERROR] Failed to load resource: net::ERR_CONNECTION_REFUSED @ http://localhost:8504/_stcore/host-config:0
[ 1618703ms] [ERROR] Failed to load resource: net::ERR_CONNECTION_REFUSED @ http://localhost:8504/_stcore/health:0
[ 1618703ms] [ERROR] Client Error in reaching server endpoint - No response received when attempting to reach /_stcore/health @ http://localhost:8504/static/js/index.CcFifQPt.js:27
[ 1618704ms] [ERROR] Is Streamlit still running? If you accidentally stopped Streamlit, just restart it in your terminal: @ http://localhost:8504/static/js/index.CcFifQPt.js:32
[ 1618704ms] [ERROR] Failed to load resource: net::ERR_CONNECTION_REFUSED @ http://localhost:8504/_stcore/host-config:0
[ 1621643ms] [ERROR] Failed to load resource: net::ERR_CONNECTION_REFUSED @ http://localhost:8504/_stcore/health:0
[ 1621644ms] [ERROR] Client Error in reaching server endpoint - No response received when attempting to reach /_stcore/health @ http://localhost:8504/static/js/index.CcFifQPt.js:27
[ 1621644ms] [ERROR] Is Streamlit still running? If you accidentally stopped Streamlit, just restart it in your terminal: @ http://localhost:8504/static/js/index.CcFifQPt.js:32
[ 1621644ms] [ERROR] Failed to load resource: net::ERR_CONNECTION_REFUSED @ http://localhost:8504/_stcore/host-config:0
[ 1625481ms] [ERROR] Failed to load resource: net::ERR_CONNECTION_REFUSED @ http://localhost:8504/_stcore/health:0
[ 1625481ms] [ERROR] Client Error in reaching server endpoint - No response received when attempting to reach /_stcore/health @ http://localhost:8504/static/js/index.CcFifQPt.js:27
[ 1625481ms] [ERROR] Is Streamlit still running? If you accidentally stopped Streamlit, just restart it in your terminal: @ http://localhost:8504/static/js/index.CcFifQPt.js:32
[ 1625484ms] [ERROR] Failed to load resource: net::ERR_CONNECTION_REFUSED @ http://localhost:8504/_stcore/host-config:0
[ 1628303ms] [ERROR] Failed to load resource: net::ERR_CONNECTION_REFUSED @ http://localhost:8504/_stcore/health:0
[ 1628303ms] [ERROR] Client Error in reaching server endpoint - No response received when attempting to reach /_stcore/health @ http://localhost:8504/static/js/index.CcFifQPt.js:27
[ 1628303ms] [ERROR] Is Streamlit still running? If you accidentally stopped Streamlit, just restart it in your terminal: @ http://localhost:8504/static/js/index.CcFifQPt.js:32
[ 1628304ms] [ERROR] Failed to load resource: net::ERR_CONNECTION_REFUSED @ http://localhost:8504/_stcore/host-config:0
[ 1631913ms] [ERROR] Failed to load resource: net::ERR_CONNECTION_REFUSED @ http://localhost:8504/_stcore/health:0
[ 1631913ms] [ERROR] Client Error in reaching server endpoint - No response received when attempting to reach /_stcore/health @ http://localhost:8504/static/js/index.CcFifQPt.js:27
[ 1631914ms] [ERROR] Is Streamlit still running? If you accidentally stopped Streamlit, just restart it in your terminal: @ http://localhost:8504/static/js/index.CcFifQPt.js:32
[ 1631914ms] [ERROR] Failed to load resource: net::ERR_CONNECTION_REFUSED @ http://localhost:8504/_stcore/host-config:0
[ 1635233ms] [ERROR] Failed to load resource: net::ERR_CONNECTION_REFUSED @ http://localhost:8504/_stcore/health:0
[ 1635233ms] [ERROR] Client Error in reaching server endpoint - No response received when attempting to reach /_stcore/health @ http://localhost:8504/static/js/index.CcFifQPt.js:27
[ 1635234ms] [ERROR] Is Streamlit still running? If you accidentally stopped Streamlit, just restart it in your terminal: @ http://localhost:8504/static/js/index.CcFifQPt.js:32
[ 1635262ms] [ERROR] Failed to load resource: net::ERR_CONNECTION_REFUSED @ http://localhost:8504/_stcore/host-config:0
[ 1638989ms] [ERROR] Failed to load resource: net::ERR_CONNECTION_REFUSED @ http://localhost:8504/_stcore/health:0
[ 1638990ms] [ERROR] Client Error in reaching server endpoint - No response received when attempting to reach /_stcore/health @ http://localhost:8504/static/js/index.CcFifQPt.js:27
[ 1638990ms] [ERROR] Is Streamlit still running? If you accidentally stopped Streamlit, just restart it in your terminal: @ http://localhost:8504/static/js/index.CcFifQPt.js:32
[ 1638990ms] [ERROR] Failed to load resource: net::ERR_CONNECTION_REFUSED @ http://localhost:8504/_stcore/host-config:0
[ 1642446ms] [ERROR] Failed to load resource: net::ERR_CONNECTION_REFUSED @ http://localhost:8504/_stcore/health:0
[ 1642446ms] [ERROR] Client Error in reaching server endpoint - No response received when attempting to reach /_stcore/health @ http://localhost:8504/static/js/index.CcFifQPt.js:27
[ 1642447ms] [ERROR] Is Streamlit still running? If you accidentally stopped Streamlit, just restart it in your terminal: @ http://localhost:8504/static/js/index.CcFifQPt.js:32
[ 1642447ms] [ERROR] Failed to load resource: net::ERR_CONNECTION_REFUSED @ http://localhost:8504/_stcore/host-config:0
[ 1646306ms] [ERROR] Failed to load resource: net::ERR_CONNECTION_REFUSED @ http://localhost:8504/_stcore/health:0
[ 1646306ms] [ERROR] Client Error in reaching server endpoint - No response received when attempting to reach /_stcore/health @ http://localhost:8504/static/js/index.CcFifQPt.js:27
[ 1646306ms] [ERROR] Is Streamlit still running? If you accidentally stopped Streamlit, just restart it in your terminal: @ http://localhost:8504/static/js/index.CcFifQPt.js:32
[ 1646307ms] [ERROR] Failed to load resource: net::ERR_CONNECTION_REFUSED @ http://localhost:8504/_stcore/host-config:0
[ 1649137ms] [ERROR] Failed to load resource: net::ERR_CONNECTION_REFUSED @ http://localhost:8504/_stcore/health:0
[ 1649137ms] [ERROR] Client Error in reaching server endpoint - No response received when attempting to reach /_stcore/health @ http://localhost:8504/static/js/index.CcFifQPt.js:27
[ 1649137ms] [ERROR] Is Streamlit still running? If you accidentally stopped Streamlit, just restart it in your terminal: @ http://localhost:8504/static/js/index.CcFifQPt.js:32
[ 1649138ms] [ERROR] Failed to load resource: net::ERR_CONNECTION_REFUSED @ http://localhost:8504/_stcore/host-config:0
[ 1652381ms] [ERROR] Failed to load resource: net::ERR_CONNECTION_REFUSED @ http://localhost:8504/_stcore/health:0
[ 1652381ms] [ERROR] Client Error in reaching server endpoint - No response received when attempting to reach /_stcore/health @ http://localhost:8504/static/js/index.CcFifQPt.js:27
[ 1652382ms] [ERROR] Is Streamlit still running? If you accidentally stopped Streamlit, just restart it in your terminal: @ http://localhost:8504/static/js/index.CcFifQPt.js:32
[ 1652382ms] [ERROR] Failed to load resource: net::ERR_CONNECTION_REFUSED @ http://localhost:8504/_stcore/host-config:0
[ 1655927ms] [ERROR] Failed to load resource: net::ERR_CONNECTION_REFUSED @ http://localhost:8504/_stcore/health:0
[ 1655927ms] [ERROR] Client Error in reaching server endpoint - No response received when attempting to reach /_stcore/health @ http://localhost:8504/static/js/index.CcFifQPt.js:27
[ 1655927ms] [ERROR] Is Streamlit still running? If you accidentally stopped Streamlit, just restart it in your terminal: @ http://localhost:8504/static/js/index.CcFifQPt.js:32
[ 1655939ms] [ERROR] Failed to load resource: net::ERR_CONNECTION_REFUSED @ http://localhost:8504/_stcore/host-config:0
[ 1659127ms] [ERROR] Failed to load resource: net::ERR_CONNECTION_REFUSED @ http://localhost:8504/_stcore/health:0
[ 1659127ms] [ERROR] Client Error in reaching server endpoint - No response received when attempting to reach /_stcore/health @ http://localhost:8504/static/js/index.CcFifQPt.js:27
[ 1659127ms] [ERROR] Is Streamlit still running? If you accidentally stopped Streamlit, just restart it in your terminal: @ http://localhost:8504/static/js/index.CcFifQPt.js:32
[ 1659128ms] [ERROR] Failed to load resource: net::ERR_CONNECTION_REFUSED @ http://localhost:8504/_stcore/host-config:0
[ 1663038ms] [ERROR] Failed to load resource: net::ERR_CONNECTION_REFUSED @ http://localhost:8504/_stcore/health:0
[ 1663038ms] [ERROR] Client Error in reaching server endpoint - No response received when attempting to reach /_stcore/health @ http://localhost:8504/static/js/index.CcFifQPt.js:27
[ 1663039ms] [ERROR] Is Streamlit still running? If you accidentally stopped Streamlit, just restart it in your terminal: @ http://localhost:8504/static/js/index.CcFifQPt.js:32
[ 1663070ms] [ERROR] Failed to load resource: net::ERR_CONNECTION_REFUSED @ http://localhost:8504/_stcore/host-config:0
[ 1666328ms] [ERROR] Failed to load resource: net::ERR_CONNECTION_REFUSED @ http://localhost:8504/_stcore/health:0
[ 1666329ms] [ERROR] Client Error in reaching server endpoint - No response received when attempting to reach /_stcore/health @ http://localhost:8504/static/js/index.CcFifQPt.js:27
[ 1666329ms] [ERROR] Is Streamlit still running? If you accidentally stopped Streamlit, just restart it in your terminal: @ http://localhost:8504/static/js/index.CcFifQPt.js:32
[ 1666329ms] [ERROR] Failed to load resource: net::ERR_CONNECTION_REFUSED @ http://localhost:8504/_stcore/host-config:0
[ 1669400ms] [ERROR] Failed to load resource: net::ERR_CONNECTION_REFUSED @ http://localhost:8504/_stcore/health:0
[ 1669400ms] [ERROR] Client Error in reaching server endpoint - No response received when attempting to reach /_stcore/health @ http://localhost:8504/static/js/index.CcFifQPt.js:27
[ 1669400ms] [ERROR] Is Streamlit still running? If you accidentally stopped Streamlit, just restart it in your terminal: @ http://localhost:8504/static/js/index.CcFifQPt.js:32
[ 1669400ms] [ERROR] Failed to load resource: net::ERR_CONNECTION_REFUSED @ http://localhost:8504/_stcore/host-config:0
[ 1672544ms] [ERROR] Failed to load resource: net::ERR_CONNECTION_REFUSED @ http://localhost:8504/_stcore/health:0
[ 1672545ms] [ERROR] Client Error in reaching server endpoint - No response received when attempting to reach /_stcore/health @ http://localhost:8504/static/js/index.CcFifQPt.js:27
[ 1672545ms] [ERROR] Is Streamlit still running? If you accidentally stopped Streamlit, just restart it in your terminal: @ http://localhost:8504/static/js/index.CcFifQPt.js:32
[ 1672545ms] [ERROR] Failed to load resource: net::ERR_CONNECTION_REFUSED @ http://localhost:8504/_stcore/host-config:0
[ 1676004ms] [ERROR] Failed to load resource: net::ERR_CONNECTION_REFUSED @ http://localhost:8504/_stcore/health:0
[ 1676005ms] [ERROR] Client Error in reaching server endpoint - No response received when attempting to reach /_stcore/health @ http://localhost:8504/static/js/index.CcFifQPt.js:27
[ 1676005ms] [ERROR] Is Streamlit still running? If you accidentally stopped Streamlit, just restart it in your terminal: @ http://localhost:8504/static/js/index.CcFifQPt.js:32
[ 1676005ms] [ERROR] Failed to load resource: net::ERR_CONNECTION_REFUSED @ http://localhost:8504/_stcore/host-config:0
[ 1679411ms] [ERROR] Failed to load resource: net::ERR_CONNECTION_REFUSED @ http://localhost:8504/_stcore/health:0
[ 1679412ms] [ERROR] Client Error in reaching server endpoint - No response received when attempting to reach /_stcore/health @ http://localhost:8504/static/js/index.CcFifQPt.js:27
[ 1679412ms] [ERROR] Is Streamlit still running? If you accidentally stopped Streamlit, just restart it in your terminal: @ http://localhost:8504/static/js/index.CcFifQPt.js:32
[ 1679412ms] [ERROR] Failed to load resource: net::ERR_CONNECTION_REFUSED @ http://localhost:8504/_stcore/host-config:0
[ 1682326ms] [ERROR] Failed to load resource: net::ERR_CONNECTION_REFUSED @ http://localhost:8504/_stcore/health:0
[ 1682327ms] [ERROR] Client Error in reaching server endpoint - No response received when attempting to reach /_stcore/health @ http://localhost:8504/static/js/index.CcFifQPt.js:27
[ 1682327ms] [ERROR] Is Streamlit still running? If you accidentally stopped Streamlit, just restart it in your terminal: @ http://localhost:8504/static/js/index.CcFifQPt.js:32
[ 1682328ms] [ERROR] Failed to load resource: net::ERR_CONNECTION_REFUSED @ http://localhost:8504/_stcore/host-config:0
[ 1685654ms] [ERROR] Failed to load resource: net::ERR_CONNECTION_REFUSED @ http://localhost:8504/_stcore/health:0
[ 1685655ms] [ERROR] Client Error in reaching server endpoint - No response received when attempting to reach /_stcore/health @ http://localhost:8504/static/js/index.CcFifQPt.js:27
[ 1685655ms] [ERROR] Is Streamlit still running? If you accidentally stopped Streamlit, just restart it in your terminal: @ http://localhost:8504/static/js/index.CcFifQPt.js:32
[ 1685655ms] [ERROR] Failed to load resource: net::ERR_CONNECTION_REFUSED @ http://localhost:8504/_stcore/host-config:0
[ 1689193ms] [ERROR] Failed to load resource: net::ERR_CONNECTION_REFUSED @ http://localhost:8504/_stcore/health:0
[ 1689193ms] [ERROR] Client Error in reaching server endpoint - No response received when attempting to reach /_stcore/health @ http://localhost:8504/static/js/index.CcFifQPt.js:27
[ 1689193ms] [ERROR] Is Streamlit still running? If you accidentally stopped Streamlit, just restart it in your terminal: @ http://localhost:8504/static/js/index.CcFifQPt.js:32
[ 1689193ms] [ERROR] Failed to load resource: net::ERR_CONNECTION_REFUSED @ http://localhost:8504/_stcore/host-config:0
[ 1692387ms] [ERROR] Failed to load resource: net::ERR_CONNECTION_REFUSED @ http://localhost:8504/_stcore/health:0
[ 1692388ms] [ERROR] Client Error in reaching server endpoint - No response received when attempting to reach /_stcore/health @ http://localhost:8504/static/js/index.CcFifQPt.js:27
[ 1692388ms] [ERROR] Is Streamlit still running? If you accidentally stopped Streamlit, just restart it in your terminal: @ http://localhost:8504/static/js/index.CcFifQPt.js:32
[ 1692388ms] [ERROR] Failed to load resource: net::ERR_CONNECTION_REFUSED @ http://localhost:8504/_stcore/host-config:0
[ 1696260ms] [ERROR] Failed to load resource: net::ERR_CONNECTION_REFUSED @ http://localhost:8504/_stcore/health:0
[ 1696260ms] [ERROR] Client Error in reaching server endpoint - No response received when attempting to reach /_stcore/health @ http://localhost:8504/static/js/index.CcFifQPt.js:27
[ 1696261ms] [ERROR] Is Streamlit still running? If you accidentally stopped Streamlit, just restart it in your terminal: @ http://localhost:8504/static/js/index.CcFifQPt.js:32
[ 1696261ms] [ERROR] Failed to load resource: net::ERR_CONNECTION_REFUSED @ http://localhost:8504/_stcore/host-config:0
[ 1699337ms] [ERROR] Failed to load resource: net::ERR_CONNECTION_REFUSED @ http://localhost:8504/_stcore/health:0
[ 1699337ms] [ERROR] Client Error in reaching server endpoint - No response received when attempting to reach /_stcore/health @ http://localhost:8504/static/js/index.CcFifQPt.js:27
[ 1699337ms] [ERROR] Is Streamlit still running? If you accidentally stopped Streamlit, just restart it in your terminal: @ http://localhost:8504/static/js/index.CcFifQPt.js:32
[ 1699338ms] [ERROR] Failed to load resource: net::ERR_CONNECTION_REFUSED @ http://localhost:8504/_stcore/host-config:0
[ 1703278ms] [ERROR] Failed to load resource: net::ERR_CONNECTION_REFUSED @ http://localhost:8504/_stcore/health:0
[ 1703278ms] [ERROR] Client Error in reaching server endpoint - No response received when attempting to reach /_stcore/health @ http://localhost:8504/static/js/index.CcFifQPt.js:27
[ 1703278ms] [ERROR] Is Streamlit still running? If you accidentally stopped Streamlit, just restart it in your terminal: @ http://localhost:8504/static/js/index.CcFifQPt.js:32
[ 1703278ms] [ERROR] Failed to load resource: net::ERR_CONNECTION_REFUSED @ http://localhost:8504/_stcore/host-config:0
[ 1707207ms] [ERROR] Failed to load resource: net::ERR_CONNECTION_REFUSED @ http://localhost:8504/_stcore/health:0
[ 1707207ms] [ERROR] Client Error in reaching server endpoint - No response received when attempting to reach /_stcore/health @ http://localhost:8504/static/js/index.CcFifQPt.js:27
[ 1707207ms] [ERROR] Is Streamlit still running? If you accidentally stopped Streamlit, just restart it in your terminal: @ http://localhost:8504/static/js/index.CcFifQPt.js:32
[ 1707223ms] [ERROR] Failed to load resource: net::ERR_CONNECTION_REFUSED @ http://localhost:8504/_stcore/host-config:0
[ 1710861ms] [ERROR] Failed to load resource: net::ERR_CONNECTION_REFUSED @ http://localhost:8504/_stcore/health:0
[ 1710861ms] [ERROR] Client Error in reaching server endpoint - No response received when attempting to reach /_stcore/health @ http://localhost:8504/static/js/index.CcFifQPt.js:27
[ 1710862ms] [ERROR] Is Streamlit still running? If you accidentally stopped Streamlit, just restart it in your terminal: @ http://localhost:8504/static/js/index.CcFifQPt.js:32
[ 1710862ms] [ERROR] Failed to load resource: net::ERR_CONNECTION_REFUSED @ http://localhost:8504/_stcore/host-config:0
[ 1714317ms] [ERROR] Failed to load resource: net::ERR_CONNECTION_REFUSED @ http://localhost:8504/_stcore/health:0
[ 1714317ms] [ERROR] Client Error in reaching server endpoint - No response received when attempting to reach /_stcore/health @ http://localhost:8504/static/js/index.CcFifQPt.js:27
[ 1714317ms] [ERROR] Is Streamlit still running? If you accidentally stopped Streamlit, just restart it in your terminal: @ http://localhost:8504/static/js/index.CcFifQPt.js:32
[ 1714318ms] [ERROR] Failed to load resource: net::ERR_CONNECTION_REFUSED @ http://localhost:8504/_stcore/host-config:0
[ 1717228ms] [ERROR] Failed to load resource: net::ERR_CONNECTION_REFUSED @ http://localhost:8504/_stcore/health:0
[ 1717229ms] [ERROR] Client Error in reaching server endpoint - No response received when attempting to reach /_stcore/health @ http://localhost:8504/static/js/index.CcFifQPt.js:27
[ 1717229ms] [ERROR] Is Streamlit still running? If you accidentally stopped Streamlit, just restart it in your terminal: @ http://localhost:8504/static/js/index.CcFifQPt.js:32
[ 1717229ms] [ERROR] Failed to load resource: net::ERR_CONNECTION_REFUSED @ http://localhost:8504/_stcore/host-config:0
[ 1720209ms] [ERROR] Failed to load resource: net::ERR_CONNECTION_REFUSED @ http://localhost:8504/_stcore/health:0
[ 1720209ms] [ERROR] Client Error in reaching server endpoint - No response received when attempting to reach /_stcore/health @ http://localhost:8504/static/js/index.CcFifQPt.js:27
[ 1720209ms] [ERROR] Is Streamlit still running? If you accidentally stopped Streamlit, just restart it in your terminal: @ http://localhost:8504/static/js/index.CcFifQPt.js:32
[ 1720209ms] [ERROR] Failed to load resource: net::ERR_CONNECTION_REFUSED @ http://localhost:8504/_stcore/host-config:0
[ 1723398ms] [ERROR] Failed to load resource: net::ERR_CONNECTION_REFUSED @ http://localhost:8504/_stcore/health:0
[ 1723398ms] [ERROR] Client Error in reaching server endpoint - No response received when attempting to reach /_stcore/health @ http://localhost:8504/static/js/index.CcFifQPt.js:27
[ 1723399ms] [ERROR] Is Streamlit still running? If you accidentally stopped Streamlit, just restart it in your terminal: @ http://localhost:8504/static/js/index.CcFifQPt.js:32
[ 1723399ms] [ERROR] Failed to load resource: net::ERR_CONNECTION_REFUSED @ http://localhost:8504/_stcore/host-config:0
[ 1727281ms] [ERROR] Failed to load resource: net::ERR_CONNECTION_REFUSED @ http://localhost:8504/_stcore/health:0
[ 1727281ms] [ERROR] Client Error in reaching server endpoint - No response received when attempting to reach /_stcore/health @ http://localhost:8504/static/js/index.CcFifQPt.js:27
[ 1727282ms] [ERROR] Is Streamlit still running? If you accidentally stopped Streamlit, just restart it in your terminal: @ http://localhost:8504/static/js/index.CcFifQPt.js:32
[ 1727282ms] [ERROR] Failed to load resource: net::ERR_CONNECTION_REFUSED @ http://localhost:8504/_stcore/host-config:0
[ 1730581ms] [ERROR] Failed to load resource: net::ERR_CONNECTION_REFUSED @ http://localhost:8504/_stcore/health:0
[ 1730581ms] [ERROR] Client Error in reaching server endpoint - No response received when attempting to reach /_stcore/health @ http://localhost:8504/static/js/index.CcFifQPt.js:27
[ 1730582ms] [ERROR] Is Streamlit still running? If you accidentally stopped Streamlit, just restart it in your terminal: @ http://localhost:8504/static/js/index.CcFifQPt.js:32
[ 1730583ms] [ERROR] Failed to load resource: net::ERR_CONNECTION_REFUSED @ http://localhost:8504/_stcore/host-config:0
[ 1734455ms] [ERROR] Failed to load resource: net::ERR_CONNECTION_REFUSED @ http://localhost:8504/_stcore/health:0
[ 1734455ms] [ERROR] Client Error in reaching server endpoint - No response received when attempting to reach /_stcore/health @ http://localhost:8504/static/js/index.CcFifQPt.js:27
[ 1734455ms] [ERROR] Is Streamlit still running? If you accidentally stopped Streamlit, just restart it in your terminal: @ http://localhost:8504/static/js/index.CcFifQPt.js:32
[ 1734455ms] [ERROR] Failed to load resource: net::ERR_CONNECTION_REFUSED @ http://localhost:8504/_stcore/host-config:0
[ 1738150ms] [ERROR] Failed to load resource: net::ERR_CONNECTION_REFUSED @ http://localhost:8504/_stcore/health:0
[ 1738150ms] [ERROR] Client Error in reaching server endpoint - No response received when attempting to reach /_stcore/health @ http://localhost:8504/static/js/index.CcFifQPt.js:27
[ 1738151ms] [ERROR] Is Streamlit still running? If you accidentally stopped Streamlit, just restart it in your terminal: @ http://localhost:8504/static/js/index.CcFifQPt.js:32
[ 1738151ms] [ERROR] Failed to load resource: net::ERR_CONNECTION_REFUSED @ http://localhost:8504/_stcore/host-config:0
[ 1741050ms] [ERROR] Failed to load resource: net::ERR_CONNECTION_REFUSED @ http://localhost:8504/_stcore/health:0
[ 1741051ms] [ERROR] Client Error in reaching server endpoint - No response received when attempting to reach /_stcore/health @ http://localhost:8504/static/js/index.CcFifQPt.js:27
[ 1741051ms] [ERROR] Is Streamlit still running? If you accidentally stopped Streamlit, just restart it in your terminal: @ http://localhost:8504/static/js/index.CcFifQPt.js:32
[ 1741051ms] [ERROR] Failed to load resource: net::ERR_CONNECTION_REFUSED @ http://localhost:8504/_stcore/host-config:0
[ 1744592ms] [ERROR] Failed to load resource: net::ERR_CONNECTION_REFUSED @ http://localhost:8504/_stcore/health:0
[ 1744592ms] [ERROR] Client Error in reaching server endpoint - No response received when attempting to reach /_stcore/health @ http://localhost:8504/static/js/index.CcFifQPt.js:27
[ 1744593ms] [ERROR] Is Streamlit still running? If you accidentally stopped Streamlit, just restart it in your terminal: @ http://localhost:8504/static/js/index.CcFifQPt.js:32
[ 1744593ms] [ERROR] Failed to load resource: net::ERR_CONNECTION_REFUSED @ http://localhost:8504/_stcore/host-config:0
[ 1747971ms] [ERROR] Failed to load resource: net::ERR_CONNECTION_REFUSED @ http://localhost:8504/_stcore/health:0
[ 1747971ms] [ERROR] Client Error in reaching server endpoint - No response received when attempting to reach /_stcore/health @ http://localhost:8504/static/js/index.CcFifQPt.js:27
[ 1747971ms] [ERROR] Is Streamlit still running? If you accidentally stopped Streamlit, just restart it in your terminal: @ http://localhost:8504/static/js/index.CcFifQPt.js:32
[ 1747998ms] [ERROR] Failed to load resource: net::ERR_CONNECTION_REFUSED @ http://localhost:8504/_stcore/host-config:0
[ 1751800ms] [ERROR] Failed to load resource: net::ERR_CONNECTION_REFUSED @ http://localhost:8504/_stcore/health:0
[ 1751800ms] [ERROR] Client Error in reaching server endpoint - No response received when attempting to reach /_stcore/health @ http://localhost:8504/static/js/index.CcFifQPt.js:27
[ 1751800ms] [ERROR] Is Streamlit still running? If you accidentally stopped Streamlit, just restart it in your terminal: @ http://localhost:8504/static/js/index.CcFifQPt.js:32
[ 1751801ms] [ERROR] Failed to load resource: net::ERR_CONNECTION_REFUSED @ http://localhost:8504/_stcore/host-config:0
[ 1755779ms] [ERROR] Failed to load resource: net::ERR_CONNECTION_REFUSED @ http://localhost:8504/_stcore/health:0
[ 1755779ms] [ERROR] Client Error in reaching server endpoint - No response received when attempting to reach /_stcore/health @ http://localhost:8504/static/js/index.CcFifQPt.js:27
[ 1755779ms] [ERROR] Is Streamlit still running? If you accidentally stopped Streamlit, just restart it in your terminal: @ http://localhost:8504/static/js/index.CcFifQPt.js:32
[ 1755779ms] [ERROR] Failed to load resource: net::ERR_CONNECTION_REFUSED @ http://localhost:8504/_stcore/host-config:0
[ 1758981ms] [ERROR] Failed to load resource: net::ERR_CONNECTION_REFUSED @ http://localhost:8504/_stcore/health:0
[ 1758981ms] [ERROR] Client Error in reaching server endpoint - No response received when attempting to reach /_stcore/health @ http://localhost:8504/static/js/index.CcFifQPt.js:27
[ 1758981ms] [ERROR] Is Streamlit still running? If you accidentally stopped Streamlit, just restart it in your terminal: @ http://localhost:8504/static/js/index.CcFifQPt.js:32
[ 1758981ms] [ERROR] Failed to load resource: net::ERR_CONNECTION_REFUSED @ http://localhost:8504/_stcore/host-config:0
[ 1761887ms] [ERROR] Failed to load resource: net::ERR_CONNECTION_REFUSED @ http://localhost:8504/_stcore/health:0
[ 1761887ms] [ERROR] Client Error in reaching server endpoint - No response received when attempting to reach /_stcore/health @ http://localhost:8504/static/js/index.CcFifQPt.js:27
[ 1761887ms] [ERROR] Is Streamlit still running? If you accidentally stopped Streamlit, just restart it in your terminal: @ http://localhost:8504/static/js/index.CcFifQPt.js:32
[ 1761912ms] [ERROR] Failed to load resource: net::ERR_CONNECTION_REFUSED @ http://localhost:8504/_stcore/host-config:0
[ 1765800ms] [ERROR] Failed to load resource: net::ERR_CONNECTION_REFUSED @ http://localhost:8504/_stcore/health:0
[ 1765800ms] [ERROR] Client Error in reaching server endpoint - No response received when attempting to reach /_stcore/health @ http://localhost:8504/static/js/index.CcFifQPt.js:27
[ 1765800ms] [ERROR] Is Streamlit still running? If you accidentally stopped Streamlit, just restart it in your terminal: @ http://localhost:8504/static/js/index.CcFifQPt.js:32
[ 1765801ms] [ERROR] Failed to load resource: net::ERR_CONNECTION_REFUSED @ http://localhost:8504/_stcore/host-config:0
[ 1769763ms] [ERROR] Failed to load resource: net::ERR_CONNECTION_REFUSED @ http://localhost:8504/_stcore/health:0
[ 1769763ms] [ERROR] Client Error in reaching server endpoint - No response received when attempting to reach /_stcore/health @ http://localhost:8504/static/js/index.CcFifQPt.js:27
[ 1769763ms] [ERROR] Is Streamlit still running? If you accidentally stopped Streamlit, just restart it in your terminal: @ http://localhost:8504/static/js/index.CcFifQPt.js:32
[ 1769763ms] [ERROR] Failed to load resource: net::ERR_CONNECTION_REFUSED @ http://localhost:8504/_stcore/host-config:0
[ 1773010ms] [ERROR] Failed to load resource: net::ERR_CONNECTION_REFUSED @ http://localhost:8504/_stcore/health:0
[ 1773010ms] [ERROR] Client Error in reaching server endpoint - No response received when attempting to reach /_stcore/health @ http://localhost:8504/static/js/index.CcFifQPt.js:27
[ 1773010ms] [ERROR] Is Streamlit still running? If you accidentally stopped Streamlit, just restart it in your terminal: @ http://localhost:8504/static/js/index.CcFifQPt.js:32
[ 1773011ms] [ERROR] Failed to load resource: net::ERR_CONNECTION_REFUSED @ http://localhost:8504/_stcore/host-config:0
[ 1776606ms] [ERROR] Failed to load resource: net::ERR_CONNECTION_REFUSED @ http://localhost:8504/_stcore/health:0
[ 1776606ms] [ERROR] Client Error in reaching server endpoint - No response received when attempting to reach /_stcore/health @ http://localhost:8504/static/js/index.CcFifQPt.js:27
[ 1776606ms] [ERROR] Is Streamlit still running? If you accidentally stopped Streamlit, just restart it in your terminal: @ http://localhost:8504/static/js/index.CcFifQPt.js:32
[ 1776607ms] [ERROR] Failed to load resource: net::ERR_CONNECTION_REFUSED @ http://localhost:8504/_stcore/host-config:0
[ 1779417ms] [ERROR] Failed to load resource: net::ERR_CONNECTION_REFUSED @ http://localhost:8504/_stcore/health:0
[ 1779417ms] [ERROR] Client Error in reaching server endpoint - No response received when attempting to reach /_stcore/health @ http://localhost:8504/static/js/index.CcFifQPt.js:27
[ 1779417ms] [ERROR] Is Streamlit still running? If you accidentally stopped Streamlit, just restart it in your terminal: @ http://localhost:8504/static/js/index.CcFifQPt.js:32
[ 1779418ms] [ERROR] Failed to load resource: net::ERR_CONNECTION_REFUSED @ http://localhost:8504/_stcore/host-config:0
[ 1782361ms] [ERROR] Failed to load resource: net::ERR_CONNECTION_REFUSED @ http://localhost:8504/_stcore/health:0
[ 1782361ms] [ERROR] Client Error in reaching server endpoint - No response received when attempting to reach /_stcore/health @ http://localhost:8504/static/js/index.CcFifQPt.js:27
[ 1782361ms] [ERROR] Is Streamlit still running? If you accidentally stopped Streamlit, just restart it in your terminal: @ http://localhost:8504/static/js/index.CcFifQPt.js:32
[ 1782362ms] [ERROR] Failed to load resource: net::ERR_CONNECTION_REFUSED @ http://localhost:8504/_stcore/host-config:0
[ 1785175ms] [ERROR] Failed to load resource: net::ERR_CONNECTION_REFUSED @ http://localhost:8504/_stcore/health:0
[ 1785175ms] [ERROR] Client Error in reaching server endpoint - No response received when attempting to reach /_stcore/health @ http://localhost:8504/static/js/index.CcFifQPt.js:27
[ 1785175ms] [ERROR] Is Streamlit still running? If you accidentally stopped Streamlit, just restart it in your terminal: @ http://localhost:8504/static/js/index.CcFifQPt.js:32
[ 1785175ms] [ERROR] Failed to load resource: net::ERR_CONNECTION_REFUSED @ http://localhost:8504/_stcore/host-config:0
[ 1789179ms] [ERROR] Failed to load resource: net::ERR_CONNECTION_REFUSED @ http://localhost:8504/_stcore/health:0
[ 1789179ms] [ERROR] Client Error in reaching server endpoint - No response received when attempting to reach /_stcore/health @ http://localhost:8504/static/js/index.CcFifQPt.js:27
[ 1789179ms] [ERROR] Is Streamlit still running? If you accidentally stopped Streamlit, just restart it in your terminal: @ http://localhost:8504/static/js/index.CcFifQPt.js:32
[ 1789207ms] [ERROR] Failed to load resource: net::ERR_CONNECTION_REFUSED @ http://localhost:8504/_stcore/host-config:0
[ 1792876ms] [ERROR] Failed to load resource: net::ERR_CONNECTION_REFUSED @ http://localhost:8504/_stcore/health:0
[ 1792876ms] [ERROR] Client Error in reaching server endpoint - No response received when attempting to reach /_stcore/health @ http://localhost:8504/static/js/index.CcFifQPt.js:27
[ 1792876ms] [ERROR] Is Streamlit still running? If you accidentally stopped Streamlit, just restart it in your terminal: @ http://localhost:8504/static/js/index.CcFifQPt.js:32
[ 1792892ms] [ERROR] Failed to load resource: net::ERR_CONNECTION_REFUSED @ http://localhost:8504/_stcore/host-config:0
[ 1795832ms] [ERROR] Failed to load resource: net::ERR_CONNECTION_REFUSED @ http://localhost:8504/_stcore/health:0
[ 1795833ms] [ERROR] Client Error in reaching server endpoint - No response received when attempting to reach /_stcore/health @ http://localhost:8504/static/js/index.CcFifQPt.js:27
[ 1795833ms] [ERROR] Is Streamlit still running? If you accidentally stopped Streamlit, just restart it in your terminal: @ http://localhost:8504/static/js/index.CcFifQPt.js:32
[ 1795833ms] [ERROR] Failed to load resource: net::ERR_CONNECTION_REFUSED @ http://localhost:8504/_stcore/host-config:0
[ 1799247ms] [ERROR] Failed to load resource: net::ERR_CONNECTION_REFUSED @ http://localhost:8504/_stcore/health:0
[ 1799247ms] [ERROR] Client Error in reaching server endpoint - No response received when attempting to reach /_stcore/health @ http://localhost:8504/static/js/index.CcFifQPt.js:27
[ 1799247ms] [ERROR] Is Streamlit still running? If you accidentally stopped Streamlit, just restart it in your terminal: @ http://localhost:8504/static/js/index.CcFifQPt.js:32
[ 1799259ms] [ERROR] Failed to load resource: net::ERR_CONNECTION_REFUSED @ http://localhost:8504/_stcore/host-config:0
[ 1802884ms] [ERROR] Failed to load resource: net::ERR_CONNECTION_REFUSED @ http://localhost:8504/_stcore/health:0
[ 1802884ms] [ERROR] Client Error in reaching server endpoint - No response received when attempting to reach /_stcore/health @ http://localhost:8504/static/js/index.CcFifQPt.js:27
[ 1802884ms] [ERROR] Is Streamlit still running? If you accidentally stopped Streamlit, just restart it in your terminal: @ http://localhost:8504/static/js/index.CcFifQPt.js:32
[ 1802913ms] [ERROR] Failed to load resource: net::ERR_CONNECTION_REFUSED @ http://localhost:8504/_stcore/host-config:0
[ 1805738ms] [ERROR] Failed to load resource: net::ERR_CONNECTION_REFUSED @ http://localhost:8504/_stcore/health:0
[ 1805739ms] [ERROR] Client Error in reaching server endpoint - No response received when attempting to reach /_stcore/health @ http://localhost:8504/static/js/index.CcFifQPt.js:27
[ 1805739ms] [ERROR] Is Streamlit still running? If you accidentally stopped Streamlit, just restart it in your terminal: @ http://localhost:8504/static/js/index.CcFifQPt.js:32
[ 1805739ms] [ERROR] Failed to load resource: net::ERR_CONNECTION_REFUSED @ http://localhost:8504/_stcore/host-config:0
[ 1809383ms] [ERROR] Failed to load resource: net::ERR_CONNECTION_REFUSED @ http://localhost:8504/_stcore/health:0
[ 1809383ms] [ERROR] Client Error in reaching server endpoint - No response received when attempting to reach /_stcore/health @ http://localhost:8504/static/js/index.CcFifQPt.js:27
[ 1809384ms] [ERROR] Is Streamlit still running? If you accidentally stopped Streamlit, just restart it in your terminal: @ http://localhost:8504/static/js/index.CcFifQPt.js:32
[ 1809406ms] [ERROR] Failed to load resource: net::ERR_CONNECTION_REFUSED @ http://localhost:8504/_stcore/host-config:0
[ 1813312ms] [ERROR] Failed to load resource: net::ERR_CONNECTION_REFUSED @ http://localhost:8504/_stcore/health:0
[ 1813312ms] [ERROR] Client Error in reaching server endpoint - No response received when attempting to reach /_stcore/health @ http://localhost:8504/static/js/index.CcFifQPt.js:27
[ 1813313ms] [ERROR] Is Streamlit still running? If you accidentally stopped Streamlit, just restart it in your terminal: @ http://localhost:8504/static/js/index.CcFifQPt.js:32
[ 1813313ms] [ERROR] Failed to load resource: net::ERR_CONNECTION_REFUSED @ http://localhost:8504/_stcore/host-config:0
[ 1817209ms] [ERROR] Failed to load resource: net::ERR_CONNECTION_REFUSED @ http://localhost:8504/_stcore/health:0
[ 1817209ms] [ERROR] Client Error in reaching server endpoint - No response received when attempting to reach /_stcore/health @ http://localhost:8504/static/js/index.CcFifQPt.js:27
[ 1817210ms] [ERROR] Is Streamlit still running? If you accidentally stopped Streamlit, just restart it in your terminal: @ http://localhost:8504/static/js/index.CcFifQPt.js:32
[ 1817210ms] [ERROR] Failed to load resource: net::ERR_CONNECTION_REFUSED @ http://localhost:8504/_stcore/host-config:0
[ 1821178ms] [ERROR] Failed to load resource: net::ERR_CONNECTION_REFUSED @ http://localhost:8504/_stcore/health:0
[ 1821178ms] [ERROR] Client Error in reaching server endpoint - No response received when attempting to reach /_stcore/health @ http://localhost:8504/static/js/index.CcFifQPt.js:27
[ 1821179ms] [ERROR] Is Streamlit still running? If you accidentally stopped Streamlit, just restart it in your terminal: @ http://localhost:8504/static/js/index.CcFifQPt.js:32
[ 1821179ms] [ERROR] Failed to load resource: net::ERR_CONNECTION_REFUSED @ http://localhost:8504/_stcore/host-config:0
[ 1824666ms] [ERROR] Failed to load resource: net::ERR_CONNECTION_REFUSED @ http://localhost:8504/_stcore/health:0
[ 1824666ms] [ERROR] Client Error in reaching server endpoint - No response received when attempting to reach /_stcore/health @ http://localhost:8504/static/js/index.CcFifQPt.js:27
[ 1824666ms] [ERROR] Is Streamlit still running? If you accidentally stopped Streamlit, just restart it in your terminal: @ http://localhost:8504/static/js/index.CcFifQPt.js:32
[ 1824666ms] [ERROR] Failed to load resource: net::ERR_CONNECTION_REFUSED @ http://localhost:8504/_stcore/host-config:0
[ 1828347ms] [ERROR] Failed to load resource: net::ERR_CONNECTION_REFUSED @ http://localhost:8504/_stcore/health:0
[ 1828347ms] [ERROR] Client Error in reaching server endpoint - No response received when attempting to reach /_stcore/health @ http://localhost:8504/static/js/index.CcFifQPt.js:27
[ 1828347ms] [ERROR] Is Streamlit still running? If you accidentally stopped Streamlit, just restart it in your terminal: @ http://localhost:8504/static/js/index.CcFifQPt.js:32
[ 1828347ms] [ERROR] Failed to load resource: net::ERR_CONNECTION_REFUSED @ http://localhost:8504/_stcore/host-config:0
[ 1831250ms] [ERROR] Failed to load resource: net::ERR_CONNECTION_REFUSED @ http://localhost:8504/_stcore/health:0
[ 1831250ms] [ERROR] Client Error in reaching server endpoint - No response received when attempting to reach /_stcore/health @ http://localhost:8504/static/js/index.CcFifQPt.js:27
[ 1831251ms] [ERROR] Is Streamlit still running? If you accidentally stopped Streamlit, just restart it in your terminal: @ http://localhost:8504/static/js/index.CcFifQPt.js:32
[ 1831251ms] [ERROR] Failed to load resource: net::ERR_CONNECTION_REFUSED @ http://localhost:8504/_stcore/host-config:0
[ 1834417ms] [ERROR] Failed to load resource: net::ERR_CONNECTION_REFUSED @ http://localhost:8504/_stcore/health:0
[ 1834417ms] [ERROR] Client Error in reaching server endpoint - No response received when attempting to reach /_stcore/health @ http://localhost:8504/static/js/index.CcFifQPt.js:27
[ 1834417ms] [ERROR] Is Streamlit still running? If you accidentally stopped Streamlit, just restart it in your terminal: @ http://localhost:8504/static/js/index.CcFifQPt.js:32
[ 1834417ms] [ERROR] Failed to load resource: net::ERR_CONNECTION_REFUSED @ http://localhost:8504/_stcore/host-config:0
[ 1837934ms] [ERROR] Failed to load resource: net::ERR_CONNECTION_REFUSED @ http://localhost:8504/_stcore/health:0
[ 1837934ms] [ERROR] Client Error in reaching server endpoint - No response received when attempting to reach /_stcore/health @ http://localhost:8504/static/js/index.CcFifQPt.js:27
[ 1837935ms] [ERROR] Is Streamlit still running? If you accidentally stopped Streamlit, just restart it in your terminal: @ http://localhost:8504/static/js/index.CcFifQPt.js:32
[ 1837935ms] [ERROR] Failed to load resource: net::ERR_CONNECTION_REFUSED @ http://localhost:8504/_stcore/host-config:0
[ 1841164ms] [ERROR] Failed to load resource: net::ERR_CONNECTION_REFUSED @ http://localhost:8504/_stcore/health:0
[ 1841164ms] [ERROR] Client Error in reaching server endpoint - No response received when attempting to reach /_stcore/health @ http://localhost:8504/static/js/index.CcFifQPt.js:27
[ 1841164ms] [ERROR] Is Streamlit still running? If you accidentally stopped Streamlit, just restart it in your terminal: @ http://localhost:8504/static/js/index.CcFifQPt.js:32
[ 1841164ms] [ERROR] Failed to load resource: net::ERR_CONNECTION_REFUSED @ http://localhost:8504/_stcore/host-config:0
[ 1844948ms] [ERROR] Failed to load resource: net::ERR_CONNECTION_REFUSED @ http://localhost:8504/_stcore/health:0
[ 1844949ms] [ERROR] Client Error in reaching server endpoint - No response received when attempting to reach /_stcore/health @ http://localhost:8504/static/js/index.CcFifQPt.js:27
[ 1844949ms] [ERROR] Is Streamlit still running? If you accidentally stopped Streamlit, just restart it in your terminal: @ http://localhost:8504/static/js/index.CcFifQPt.js:32
[ 1844968ms] [ERROR] Failed to load resource: net::ERR_CONNECTION_REFUSED @ http://localhost:8504/_stcore/host-config:0
[ 1848511ms] [ERROR] Failed to load resource: net::ERR_CONNECTION_REFUSED @ http://localhost:8504/_stcore/health:0
[ 1848511ms] [ERROR] Client Error in reaching server endpoint - No response received when attempting to reach /_stcore/health @ http://localhost:8504/static/js/index.CcFifQPt.js:27
[ 1848512ms] [ERROR] Is Streamlit still running? If you accidentally stopped Streamlit, just restart it in your terminal: @ http://localhost:8504/static/js/index.CcFifQPt.js:32
[ 1848542ms] [ERROR] Failed to load resource: net::ERR_CONNECTION_REFUSED @ http://localhost:8504/_stcore/host-config:0
[ 1852098ms] [ERROR] Failed to load resource: net::ERR_CONNECTION_REFUSED @ http://localhost:8504/_stcore/health:0
[ 1852099ms] [ERROR] Client Error in reaching server endpoint - No response received when attempting to reach /_stcore/health @ http://localhost:8504/static/js/index.CcFifQPt.js:27
[ 1852099ms] [ERROR] Is Streamlit still running? If you accidentally stopped Streamlit, just restart it in your terminal: @ http://localhost:8504/static/js/index.CcFifQPt.js:32
[ 1852099ms] [ERROR] Failed to load resource: net::ERR_CONNECTION_REFUSED @ http://localhost:8504/_stcore/host-config:0
[ 1855096ms] [ERROR] Failed to load resource: net::ERR_CONNECTION_REFUSED @ http://localhost:8504/_stcore/health:0
[ 1855096ms] [ERROR] Client Error in reaching server endpoint - No response received when attempting to reach /_stcore/health @ http://localhost:8504/static/js/index.CcFifQPt.js:27
[ 1855097ms] [ERROR] Is Streamlit still running? If you accidentally stopped Streamlit, just restart it in your terminal: @ http://localhost:8504/static/js/index.CcFifQPt.js:32
[ 1855121ms] [ERROR] Failed to load resource: net::ERR_CONNECTION_REFUSED @ http://localhost:8504/_stcore/host-config:0
[ 1857958ms] [ERROR] Failed to load resource: net::ERR_CONNECTION_REFUSED @ http://localhost:8504/_stcore/health:0
[ 1857958ms] [ERROR] Client Error in reaching server endpoint - No response received when attempting to reach /_stcore/health @ http://localhost:8504/static/js/index.CcFifQPt.js:27
[ 1857958ms] [ERROR] Is Streamlit still running? If you accidentally stopped Streamlit, just restart it in your terminal: @ http://localhost:8504/static/js/index.CcFifQPt.js:32
[ 1857958ms] [ERROR] Failed to load resource: net::ERR_CONNECTION_REFUSED @ http://localhost:8504/_stcore/host-config:0
[ 1861481ms] [ERROR] Failed to load resource: net::ERR_CONNECTION_REFUSED @ http://localhost:8504/_stcore/health:0
[ 1861482ms] [ERROR] Client Error in reaching server endpoint - No response received when attempting to reach /_stcore/health @ http://localhost:8504/static/js/index.CcFifQPt.js:27
[ 1861482ms] [ERROR] Is Streamlit still running? If you accidentally stopped Streamlit, just restart it in your terminal: @ http://localhost:8504/static/js/index.CcFifQPt.js:32
[ 1861482ms] [ERROR] Failed to load resource: net::ERR_CONNECTION_REFUSED @ http://localhost:8504/_stcore/host-config:0
[ 1865020ms] [ERROR] Failed to load resource: net::ERR_CONNECTION_REFUSED @ http://localhost:8504/_stcore/health:0
[ 1865020ms] [ERROR] Client Error in reaching server endpoint - No response received when attempting to reach /_stcore/health @ http://localhost:8504/static/js/index.CcFifQPt.js:27
[ 1865020ms] [ERROR] Is Streamlit still running? If you accidentally stopped Streamlit, just restart it in your terminal: @ http://localhost:8504/static/js/index.CcFifQPt.js:32
[ 1865020ms] [ERROR] Failed to load resource: net::ERR_CONNECTION_REFUSED @ http://localhost:8504/_stcore/host-config:0
[ 1867840ms] [ERROR] Failed to load resource: net::ERR_CONNECTION_REFUSED @ http://localhost:8504/_stcore/health:0
[ 1867840ms] [ERROR] Client Error in reaching server endpoint - No response received when attempting to reach /_stcore/health @ http://localhost:8504/static/js/index.CcFifQPt.js:27
[ 1867840ms] [ERROR] Is Streamlit still running? If you accidentally stopped Streamlit, just restart it in your terminal: @ http://localhost:8504/static/js/index.CcFifQPt.js:32
[ 1867840ms] [ERROR] Failed to load resource: net::ERR_CONNECTION_REFUSED @ http://localhost:8504/_stcore/host-config:0
[ 1871807ms] [ERROR] Failed to load resource: net::ERR_CONNECTION_REFUSED @ http://localhost:8504/_stcore/health:0
[ 1871807ms] [ERROR] Client Error in reaching server endpoint - No response received when attempting to reach /_stcore/health @ http://localhost:8504/static/js/index.CcFifQPt.js:27
[ 1871807ms] [ERROR] Is Streamlit still running? If you accidentally stopped Streamlit, just restart it in your terminal: @ http://localhost:8504/static/js/index.CcFifQPt.js:32
[ 1871808ms] [ERROR] Failed to load resource: net::ERR_CONNECTION_REFUSED @ http://localhost:8504/_stcore/host-config:0
[ 1874886ms] [ERROR] Failed to load resource: net::ERR_CONNECTION_REFUSED @ http://localhost:8504/_stcore/health:0
[ 1874886ms] [ERROR] Client Error in reaching server endpoint - No response received when attempting to reach /_stcore/health @ http://localhost:8504/static/js/index.CcFifQPt.js:27
[ 1874886ms] [ERROR] Is Streamlit still running? If you accidentally stopped Streamlit, just restart it in your terminal: @ http://localhost:8504/static/js/index.CcFifQPt.js:32
[ 1874887ms] [ERROR] Failed to load resource: net::ERR_CONNECTION_REFUSED @ http://localhost:8504/_stcore/host-config:0
[ 1878253ms] [ERROR] Failed to load resource: net::ERR_CONNECTION_REFUSED @ http://localhost:8504/_stcore/health:0
[ 1878253ms] [ERROR] Client Error in reaching server endpoint - No response received when attempting to reach /_stcore/health @ http://localhost:8504/static/js/index.CcFifQPt.js:27
[ 1878254ms] [ERROR] Is Streamlit still running? If you accidentally stopped Streamlit, just restart it in your terminal: @ http://localhost:8504/static/js/index.CcFifQPt.js:32
[ 1878254ms] [ERROR] Failed to load resource: net::ERR_CONNECTION_REFUSED @ http://localhost:8504/_stcore/host-config:0
[ 1881253ms] [ERROR] Failed to load resource: net::ERR_CONNECTION_REFUSED @ http://localhost:8504/_stcore/health:0
[ 1881254ms] [ERROR] Client Error in reaching server endpoint - No response received when attempting to reach /_stcore/health @ http://localhost:8504/static/js/index.CcFifQPt.js:27
[ 1881254ms] [ERROR] Is Streamlit still running? If you accidentally stopped Streamlit, just restart it in your terminal: @ http://localhost:8504/static/js/index.CcFifQPt.js:32
[ 1881254ms] [ERROR] Failed to load resource: net::ERR_CONNECTION_REFUSED @ http://localhost:8504/_stcore/host-config:0
[ 1885030ms] [ERROR] Failed to load resource: net::ERR_CONNECTION_REFUSED @ http://localhost:8504/_stcore/health:0
[ 1885030ms] [ERROR] Client Error in reaching server endpoint - No response received when attempting to reach /_stcore/health @ http://localhost:8504/static/js/index.CcFifQPt.js:27
[ 1885030ms] [ERROR] Is Streamlit still running? If you accidentally stopped Streamlit, just restart it in your terminal: @ http://localhost:8504/static/js/index.CcFifQPt.js:32
[ 1885056ms] [ERROR] Failed to load resource: net::ERR_CONNECTION_REFUSED @ http://localhost:8504/_stcore/host-config:0
[ 1888451ms] [ERROR] Failed to load resource: net::ERR_CONNECTION_REFUSED @ http://localhost:8504/_stcore/health:0
[ 1888451ms] [ERROR] Client Error in reaching server endpoint - No response received when attempting to reach /_stcore/health @ http://localhost:8504/static/js/index.CcFifQPt.js:27
[ 1888451ms] [ERROR] Is Streamlit still running? If you accidentally stopped Streamlit, just restart it in your terminal: @ http://localhost:8504/static/js/index.CcFifQPt.js:32
[ 1888475ms] [ERROR] Failed to load resource: net::ERR_CONNECTION_REFUSED @ http://localhost:8504/_stcore/host-config:0
[ 1891330ms] [ERROR] Failed to load resource: net::ERR_CONNECTION_REFUSED @ http://localhost:8504/_stcore/health:0
[ 1891331ms] [ERROR] Client Error in reaching server endpoint - No response received when attempting to reach /_stcore/health @ http://localhost:8504/static/js/index.CcFifQPt.js:27
[ 1891331ms] [ERROR] Is Streamlit still running? If you accidentally stopped Streamlit, just restart it in your terminal: @ http://localhost:8504/static/js/index.CcFifQPt.js:32
[ 1891331ms] [ERROR] Failed to load resource: net::ERR_CONNECTION_REFUSED @ http://localhost:8504/_stcore/host-config:0
[ 1895022ms] [ERROR] Failed to load resource: net::ERR_CONNECTION_REFUSED @ http://localhost:8504/_stcore/health:0
[ 1895022ms] [ERROR] Client Error in reaching server endpoint - No response received when attempting to reach /_stcore/health @ http://localhost:8504/static/js/index.CcFifQPt.js:27
[ 1895022ms] [ERROR] Is Streamlit still running? If you accidentally stopped Streamlit, just restart it in your terminal: @ http://localhost:8504/static/js/index.CcFifQPt.js:32
[ 1895022ms] [ERROR] Failed to load resource: net::ERR_CONNECTION_REFUSED @ http://localhost:8504/_stcore/host-config:0
[ 1898412ms] [ERROR] Failed to load resource: net::ERR_CONNECTION_REFUSED @ http://localhost:8504/_stcore/health:0
[ 1898412ms] [ERROR] Client Error in reaching server endpoint - No response received when attempting to reach /_stcore/health @ http://localhost:8504/static/js/index.CcFifQPt.js:27
[ 1898412ms] [ERROR] Is Streamlit still running? If you accidentally stopped Streamlit, just restart it in your terminal: @ http://localhost:8504/static/js/index.CcFifQPt.js:32
[ 1898413ms] [ERROR] Failed to load resource: net::ERR_CONNECTION_REFUSED @ http://localhost:8504/_stcore/host-config:0
[ 1901954ms] [ERROR] Failed to load resource: net::ERR_CONNECTION_REFUSED @ http://localhost:8504/_stcore/health:0
[ 1901954ms] [ERROR] Client Error in reaching server endpoint - No response received when attempting to reach /_stcore/health @ http://localhost:8504/static/js/index.CcFifQPt.js:27
[ 1901954ms] [ERROR] Is Streamlit still running? If you accidentally stopped Streamlit, just restart it in your terminal: @ http://localhost:8504/static/js/index.CcFifQPt.js:32
[ 1901955ms] [ERROR] Failed to load resource: net::ERR_CONNECTION_REFUSED @ http://localhost:8504/_stcore/host-config:0
[ 1904920ms] [ERROR] Failed to load resource: net::ERR_CONNECTION_REFUSED @ http://localhost:8504/_stcore/health:0
[ 1904921ms] [ERROR] Client Error in reaching server endpoint - No response received when attempting to reach /_stcore/health @ http://localhost:8504/static/js/index.CcFifQPt.js:27
[ 1904921ms] [ERROR] Is Streamlit still running? If you accidentally stopped Streamlit, just restart it in your terminal: @ http://localhost:8504/static/js/index.CcFifQPt.js:32
[ 1904921ms] [ERROR] Failed to load resource: net::ERR_CONNECTION_REFUSED @ http://localhost:8504/_stcore/host-config:0
[ 1907901ms] [ERROR] Failed to load resource: net::ERR_CONNECTION_REFUSED @ http://localhost:8504/_stcore/health:0
[ 1907901ms] [ERROR] Client Error in reaching server endpoint - No response received when attempting to reach /_stcore/health @ http://localhost:8504/static/js/index.CcFifQPt.js:27
[ 1907901ms] [ERROR] Is Streamlit still running? If you accidentally stopped Streamlit, just restart it in your terminal: @ http://localhost:8504/static/js/index.CcFifQPt.js:32
[ 1907902ms] [ERROR] Failed to load resource: net::ERR_CONNECTION_REFUSED @ http://localhost:8504/_stcore/host-config:0
[ 1910832ms] [ERROR] Failed to load resource: net::ERR_CONNECTION_REFUSED @ http://localhost:8504/_stcore/health:0
[ 1910832ms] [ERROR] Client Error in reaching server endpoint - No response received when attempting to reach /_stcore/health @ http://localhost:8504/static/js/index.CcFifQPt.js:27
[ 1910832ms] [ERROR] Is Streamlit still running? If you accidentally stopped Streamlit, just restart it in your terminal: @ http://localhost:8504/static/js/index.CcFifQPt.js:32
[ 1910832ms] [ERROR] Failed to load resource: net::ERR_CONNECTION_REFUSED @ http://localhost:8504/_stcore/host-config:0
[ 1914146ms] [ERROR] Failed to load resource: net::ERR_CONNECTION_REFUSED @ http://localhost:8504/_stcore/health:0
[ 1914146ms] [ERROR] Client Error in reaching server endpoint - No response received when attempting to reach /_stcore/health @ http://localhost:8504/static/js/index.CcFifQPt.js:27
[ 1914146ms] [ERROR] Is Streamlit still running? If you accidentally stopped Streamlit, just restart it in your terminal: @ http://localhost:8504/static/js/index.CcFifQPt.js:32
[ 1914147ms] [ERROR] Failed to load resource: net::ERR_CONNECTION_REFUSED @ http://localhost:8504/_stcore/host-config:0
[ 1917507ms] [ERROR] Failed to load resource: net::ERR_CONNECTION_REFUSED @ http://localhost:8504/_stcore/health:0
[ 1917507ms] [ERROR] Client Error in reaching server endpoint - No response received when attempting to reach /_stcore/health @ http://localhost:8504/static/js/index.CcFifQPt.js:27
[ 1917508ms] [ERROR] Is Streamlit still running? If you accidentally stopped Streamlit, just restart it in your terminal: @ http://localhost:8504/static/js/index.CcFifQPt.js:32
[ 1917508ms] [ERROR] Failed to load resource: net::ERR_CONNECTION_REFUSED @ http://localhost:8504/_stcore/host-config:0
[ 1920359ms] [ERROR] Failed to load resource: net::ERR_CONNECTION_REFUSED @ http://localhost:8504/_stcore/health:0
[ 1920359ms] [ERROR] Client Error in reaching server endpoint - No response received when attempting to reach /_stcore/health @ http://localhost:8504/static/js/index.CcFifQPt.js:27
[ 1920359ms] [ERROR] Is Streamlit still running? If you accidentally stopped Streamlit, just restart it in your terminal: @ http://localhost:8504/static/js/index.CcFifQPt.js:32
[ 1920383ms] [ERROR] Failed to load resource: net::ERR_CONNECTION_REFUSED @ http://localhost:8504/_stcore/host-config:0
[ 1924321ms] [ERROR] Failed to load resource: net::ERR_CONNECTION_REFUSED @ http://localhost:8504/_stcore/health:0
[ 1924321ms] [ERROR] Client Error in reaching server endpoint - No response received when attempting to reach /_stcore/health @ http://localhost:8504/static/js/index.CcFifQPt.js:27
[ 1924321ms] [ERROR] Is Streamlit still running? If you accidentally stopped Streamlit, just restart it in your terminal: @ http://localhost:8504/static/js/index.CcFifQPt.js:32
[ 1924322ms] [ERROR] Failed to load resource: net::ERR_CONNECTION_REFUSED @ http://localhost:8504/_stcore/host-config:0
[ 1927477ms] [ERROR] Failed to load resource: net::ERR_CONNECTION_REFUSED @ http://localhost:8504/_stcore/health:0
[ 1927477ms] [ERROR] Client Error in reaching server endpoint - No response received when attempting to reach /_stcore/health @ http://localhost:8504/static/js/index.CcFifQPt.js:27
[ 1927477ms] [ERROR] Is Streamlit still running? If you accidentally stopped Streamlit, just restart it in your terminal: @ http://localhost:8504/static/js/index.CcFifQPt.js:32
[ 1927477ms] [ERROR] Failed to load resource: net::ERR_CONNECTION_REFUSED @ http://localhost:8504/_stcore/host-config:0
[ 1931101ms] [ERROR] Failed to load resource: net::ERR_CONNECTION_REFUSED @ http://localhost:8504/_stcore/health:0
[ 1931102ms] [ERROR] Client Error in reaching server endpoint - No response received when attempting to reach /_stcore/health @ http://localhost:8504/static/js/index.CcFifQPt.js:27
[ 1931102ms] [ERROR] Is Streamlit still running? If you accidentally stopped Streamlit, just restart it in your terminal: @ http://localhost:8504/static/js/index.CcFifQPt.js:32
[ 1931102ms] [ERROR] Failed to load resource: net::ERR_CONNECTION_REFUSED @ http://localhost:8504/_stcore/host-config:0
[ 1934639ms] [ERROR] Failed to load resource: net::ERR_CONNECTION_REFUSED @ http://localhost:8504/_stcore/health:0
[ 1934640ms] [ERROR] Client Error in reaching server endpoint - No response received when attempting to reach /_stcore/health @ http://localhost:8504/static/js/index.CcFifQPt.js:27
[ 1934640ms] [ERROR] Is Streamlit still running? If you accidentally stopped Streamlit, just restart it in your terminal: @ http://localhost:8504/static/js/index.CcFifQPt.js:32
[ 1934670ms] [ERROR] Failed to load resource: net::ERR_CONNECTION_REFUSED @ http://localhost:8504/_stcore/host-config:0
[ 1938614ms] [ERROR] Failed to load resource: net::ERR_CONNECTION_REFUSED @ http://localhost:8504/_stcore/health:0
[ 1938615ms] [ERROR] Client Error in reaching server endpoint - No response received when attempting to reach /_stcore/health @ http://localhost:8504/static/js/index.CcFifQPt.js:27
[ 1938615ms] [ERROR] Is Streamlit still running? If you accidentally stopped Streamlit, just restart it in your terminal: @ http://localhost:8504/static/js/index.CcFifQPt.js:32
[ 1938615ms] [ERROR] Failed to load resource: net::ERR_CONNECTION_REFUSED @ http://localhost:8504/_stcore/host-config:0
[ 1941975ms] [ERROR] Failed to load resource: net::ERR_CONNECTION_REFUSED @ http://localhost:8504/_stcore/health:0
[ 1941975ms] [ERROR] Client Error in reaching server endpoint - No response received when attempting to reach /_stcore/health @ http://localhost:8504/static/js/index.CcFifQPt.js:27
[ 1941975ms] [ERROR] Is Streamlit still running? If you accidentally stopped Streamlit, just restart it in your terminal: @ http://localhost:8504/static/js/index.CcFifQPt.js:32
[ 1941976ms] [ERROR] Failed to load resource: net::ERR_CONNECTION_REFUSED @ http://localhost:8504/_stcore/host-config:0
[ 1945003ms] [ERROR] Failed to load resource: net::ERR_CONNECTION_REFUSED @ http://localhost:8504/_stcore/health:0
[ 1945003ms] [ERROR] Client Error in reaching server endpoint - No response received when attempting to reach /_stcore/health @ http://localhost:8504/static/js/index.CcFifQPt.js:27
[ 1945003ms] [ERROR] Is Streamlit still running? If you accidentally stopped Streamlit, just restart it in your terminal: @ http://localhost:8504/static/js/index.CcFifQPt.js:32
[ 1945003ms] [ERROR] Failed to load resource: net::ERR_CONNECTION_REFUSED @ http://localhost:8504/_stcore/host-config:0
[ 1948946ms] [ERROR] Failed to load resource: net::ERR_CONNECTION_REFUSED @ http://localhost:8504/_stcore/health:0
[ 1948946ms] [ERROR] Client Error in reaching server endpoint - No response received when attempting to reach /_stcore/health @ http://localhost:8504/static/js/index.CcFifQPt.js:27
[ 1948946ms] [ERROR] Is Streamlit still running? If you accidentally stopped Streamlit, just restart it in your terminal: @ http://localhost:8504/static/js/index.CcFifQPt.js:32
[ 1948947ms] [ERROR] Failed to load resource: net::ERR_CONNECTION_REFUSED @ http://localhost:8504/_stcore/host-config:0
[ 1952651ms] [ERROR] Failed to load resource: net::ERR_CONNECTION_REFUSED @ http://localhost:8504/_stcore/health:0
[ 1952651ms] [ERROR] Client Error in reaching server endpoint - No response received when attempting to reach /_stcore/health @ http://localhost:8504/static/js/index.CcFifQPt.js:27
[ 1952651ms] [ERROR] Is Streamlit still running? If you accidentally stopped Streamlit, just restart it in your terminal: @ http://localhost:8504/static/js/index.CcFifQPt.js:32
[ 1952670ms] [ERROR] Failed to load resource: net::ERR_CONNECTION_REFUSED @ http://localhost:8504/_stcore/host-config:0
[ 1956336ms] [ERROR] Failed to load resource: net::ERR_CONNECTION_REFUSED @ http://localhost:8504/_stcore/health:0
[ 1956336ms] [ERROR] Client Error in reaching server endpoint - No response received when attempting to reach /_stcore/health @ http://localhost:8504/static/js/index.CcFifQPt.js:27
[ 1956336ms] [ERROR] Is Streamlit still running? If you accidentally stopped Streamlit, just restart it in your terminal: @ http://localhost:8504/static/js/index.CcFifQPt.js:32
[ 1956362ms] [ERROR] Failed to load resource: net::ERR_CONNECTION_REFUSED @ http://localhost:8504/_stcore/host-config:0
[ 1960146ms] [ERROR] Failed to load resource: net::ERR_CONNECTION_REFUSED @ http://localhost:8504/_stcore/health:0
[ 1960146ms] [ERROR] Client Error in reaching server endpoint - No response received when attempting to reach /_stcore/health @ http://localhost:8504/static/js/index.CcFifQPt.js:27
[ 1960146ms] [ERROR] Is Streamlit still running? If you accidentally stopped Streamlit, just restart it in your terminal: @ http://localhost:8504/static/js/index.CcFifQPt.js:32
[ 1960146ms] [ERROR] Failed to load resource: net::ERR_CONNECTION_REFUSED @ http://localhost:8504/_stcore/host-config:0
[ 1963930ms] [ERROR] Failed to load resource: net::ERR_CONNECTION_REFUSED @ http://localhost:8504/_stcore/health:0
[ 1963930ms] [ERROR] Client Error in reaching server endpoint - No response received when attempting to reach /_stcore/health @ http://localhost:8504/static/js/index.CcFifQPt.js:27
[ 1963930ms] [ERROR] Is Streamlit still running? If you accidentally stopped Streamlit, just restart it in your terminal: @ http://localhost:8504/static/js/index.CcFifQPt.js:32
[ 1963931ms] [ERROR] Failed to load resource: net::ERR_CONNECTION_REFUSED @ http://localhost:8504/_stcore/host-config:0
[ 1967453ms] [ERROR] Failed to load resource: net::ERR_CONNECTION_REFUSED @ http://localhost:8504/_stcore/health:0
[ 1967454ms] [ERROR] Client Error in reaching server endpoint - No response received when attempting to reach /_stcore/health @ http://localhost:8504/static/js/index.CcFifQPt.js:27
[ 1967454ms] [ERROR] Is Streamlit still running? If you accidentally stopped Streamlit, just restart it in your terminal: @ http://localhost:8504/static/js/index.CcFifQPt.js:32
[ 1967454ms] [ERROR] Failed to load resource: net::ERR_CONNECTION_REFUSED @ http://localhost:8504/_stcore/host-config:0
[ 1971011ms] [ERROR] Failed to load resource: net::ERR_CONNECTION_REFUSED @ http://localhost:8504/_stcore/health:0
[ 1971011ms] [ERROR] Client Error in reaching server endpoint - No response received when attempting to reach /_stcore/health @ http://localhost:8504/static/js/index.CcFifQPt.js:27
[ 1971011ms] [ERROR] Is Streamlit still running? If you accidentally stopped Streamlit, just restart it in your terminal: @ http://localhost:8504/static/js/index.CcFifQPt.js:32
[ 1971012ms] [ERROR] Failed to load resource: net::ERR_CONNECTION_REFUSED @ http://localhost:8504/_stcore/host-config:0
[ 1974036ms] [ERROR] Failed to load resource: net::ERR_CONNECTION_REFUSED @ http://localhost:8504/_stcore/health:0
[ 1974036ms] [ERROR] Client Error in reaching server endpoint - No response received when attempting to reach /_stcore/health @ http://localhost:8504/static/js/index.CcFifQPt.js:27
[ 1974036ms] [ERROR] Is Streamlit still running? If you accidentally stopped Streamlit, just restart it in your terminal: @ http://localhost:8504/static/js/index.CcFifQPt.js:32
[ 1974037ms] [ERROR] Failed to load resource: net::ERR_CONNECTION_REFUSED @ http://localhost:8504/_stcore/host-config:0
[ 1976950ms] [ERROR] Failed to load resource: net::ERR_CONNECTION_REFUSED @ http://localhost:8504/_stcore/health:0
[ 1976950ms] [ERROR] Client Error in reaching server endpoint - No response received when attempting to reach /_stcore/health @ http://localhost:8504/static/js/index.CcFifQPt.js:27
[ 1976950ms] [ERROR] Is Streamlit still running? If you accidentally stopped Streamlit, just restart it in your terminal: @ http://localhost:8504/static/js/index.CcFifQPt.js:32
[ 1976951ms] [ERROR] Failed to load resource: net::ERR_CONNECTION_REFUSED @ http://localhost:8504/_stcore/host-config:0
[ 1979986ms] [ERROR] Failed to load resource: net::ERR_CONNECTION_REFUSED @ http://localhost:8504/_stcore/health:0
[ 1979986ms] [ERROR] Client Error in reaching server endpoint - No response received when attempting to reach /_stcore/health @ http://localhost:8504/static/js/index.CcFifQPt.js:27
[ 1979987ms] [ERROR] Is Streamlit still running? If you accidentally stopped Streamlit, just restart it in your terminal: @ http://localhost:8504/static/js/index.CcFifQPt.js:32
[ 1979987ms] [ERROR] Failed to load resource: net::ERR_CONNECTION_REFUSED @ http://localhost:8504/_stcore/host-config:0
[ 1983334ms] [ERROR] Failed to load resource: net::ERR_CONNECTION_REFUSED @ http://localhost:8504/_stcore/health:0
[ 1983335ms] [ERROR] Client Error in reaching server endpoint - No response received when attempting to reach /_stcore/health @ http://localhost:8504/static/js/index.CcFifQPt.js:27
[ 1983335ms] [ERROR] Is Streamlit still running? If you accidentally stopped Streamlit, just restart it in your terminal: @ http://localhost:8504/static/js/index.CcFifQPt.js:32
[ 1983335ms] [ERROR] Failed to load resource: net::ERR_CONNECTION_REFUSED @ http://localhost:8504/_stcore/host-config:0
[ 1986658ms] [ERROR] Failed to load resource: net::ERR_CONNECTION_REFUSED @ http://localhost:8504/_stcore/health:0
[ 1986658ms] [ERROR] Client Error in reaching server endpoint - No response received when attempting to reach /_stcore/health @ http://localhost:8504/static/js/index.CcFifQPt.js:27
[ 1986658ms] [ERROR] Is Streamlit still running? If you accidentally stopped Streamlit, just restart it in your terminal: @ http://localhost:8504/static/js/index.CcFifQPt.js:32
[ 1986659ms] [ERROR] Failed to load resource: net::ERR_CONNECTION_REFUSED @ http://localhost:8504/_stcore/host-config:0
[ 1989735ms] [ERROR] Failed to load resource: net::ERR_CONNECTION_REFUSED @ http://localhost:8504/_stcore/health:0
[ 1989735ms] [ERROR] Client Error in reaching server endpoint - No response received when attempting to reach /_stcore/health @ http://localhost:8504/static/js/index.CcFifQPt.js:27
[ 1989736ms] [ERROR] Is Streamlit still running? If you accidentally stopped Streamlit, just restart it in your terminal: @ http://localhost:8504/static/js/index.CcFifQPt.js:32
[ 1989763ms] [ERROR] Failed to load resource: net::ERR_CONNECTION_REFUSED @ http://localhost:8504/_stcore/host-config:0
[ 1993447ms] [ERROR] Failed to load resource: net::ERR_CONNECTION_REFUSED @ http://localhost:8504/_stcore/health:0
[ 1993447ms] [ERROR] Client Error in reaching server endpoint - No response received when attempting to reach /_stcore/health @ http://localhost:8504/static/js/index.CcFifQPt.js:27
[ 1993448ms] [ERROR] Is Streamlit still running? If you accidentally stopped Streamlit, just restart it in your terminal: @ http://localhost:8504/static/js/index.CcFifQPt.js:32
[ 1993448ms] [ERROR] Failed to load resource: net::ERR_CONNECTION_REFUSED @ http://localhost:8504/_stcore/host-config:0
[ 1997045ms] [ERROR] Failed to load resource: net::ERR_CONNECTION_REFUSED @ http://localhost:8504/_stcore/health:0
[ 1997045ms] [ERROR] Client Error in reaching server endpoint - No response received when attempting to reach /_stcore/health @ http://localhost:8504/static/js/index.CcFifQPt.js:27
[ 1997046ms] [ERROR] Is Streamlit still running? If you accidentally stopped Streamlit, just restart it in your terminal: @ http://localhost:8504/static/js/index.CcFifQPt.js:32
[ 1997046ms] [ERROR] Failed to load resource: net::ERR_CONNECTION_REFUSED @ http://localhost:8504/_stcore/host-config:0
[ 2000505ms] [ERROR] Failed to load resource: net::ERR_CONNECTION_REFUSED @ http://localhost:8504/_stcore/health:0
[ 2000506ms] [ERROR] Client Error in reaching server endpoint - No response received when attempting to reach /_stcore/health @ http://localhost:8504/static/js/index.CcFifQPt.js:27
[ 2000506ms] [ERROR] Is Streamlit still running? If you accidentally stopped Streamlit, just restart it in your terminal: @ http://localhost:8504/static/js/index.CcFifQPt.js:32
[ 2000506ms] [ERROR] Failed to load resource: net::ERR_CONNECTION_REFUSED @ http://localhost:8504/_stcore/host-config:0
[ 2003556ms] [ERROR] Failed to load resource: net::ERR_CONNECTION_REFUSED @ http://localhost:8504/_stcore/health:0
[ 2003556ms] [ERROR] Client Error in reaching server endpoint - No response received when attempting to reach /_stcore/health @ http://localhost:8504/static/js/index.CcFifQPt.js:27
[ 2003556ms] [ERROR] Is Streamlit still running? If you accidentally stopped Streamlit, just restart it in your terminal: @ http://localhost:8504/static/js/index.CcFifQPt.js:32
[ 2003580ms] [ERROR] Failed to load resource: net::ERR_CONNECTION_REFUSED @ http://localhost:8504/_stcore/host-config:0
[ 2007003ms] [ERROR] Failed to load resource: net::ERR_CONNECTION_REFUSED @ http://localhost:8504/_stcore/health:0
[ 2007003ms] [ERROR] Client Error in reaching server endpoint - No response received when attempting to reach /_stcore/health @ http://localhost:8504/static/js/index.CcFifQPt.js:27
[ 2007004ms] [ERROR] Is Streamlit still running? If you accidentally stopped Streamlit, just restart it in your terminal: @ http://localhost:8504/static/js/index.CcFifQPt.js:32
[ 2007004ms] [ERROR] Failed to load resource: net::ERR_CONNECTION_REFUSED @ http://localhost:8504/_stcore/host-config:0
[ 2010687ms] [ERROR] Failed to load resource: net::ERR_CONNECTION_REFUSED @ http://localhost:8504/_stcore/health:0
[ 2010687ms] [ERROR] Client Error in reaching server endpoint - No response received when attempting to reach /_stcore/health @ http://localhost:8504/static/js/index.CcFifQPt.js:27
[ 2010687ms] [ERROR] Is Streamlit still running? If you accidentally stopped Streamlit, just restart it in your terminal: @ http://localhost:8504/static/js/index.CcFifQPt.js:32
[ 2010688ms] [ERROR] Failed to load resource: net::ERR_CONNECTION_REFUSED @ http://localhost:8504/_stcore/host-config:0
[ 2013615ms] [ERROR] Failed to load resource: net::ERR_CONNECTION_REFUSED @ http://localhost:8504/_stcore/health:0
[ 2013615ms] [ERROR] Client Error in reaching server endpoint - No response received when attempting to reach /_stcore/health @ http://localhost:8504/static/js/index.CcFifQPt.js:27
[ 2013615ms] [ERROR] Is Streamlit still running? If you accidentally stopped Streamlit, just restart it in your terminal: @ http://localhost:8504/static/js/index.CcFifQPt.js:32
[ 2013615ms] [ERROR] Failed to load resource: net::ERR_CONNECTION_REFUSED @ http://localhost:8504/_stcore/host-config:0
[ 2017293ms] [ERROR] Failed to load resource: net::ERR_CONNECTION_REFUSED @ http://localhost:8504/_stcore/health:0
[ 2017293ms] [ERROR] Client Error in reaching server endpoint - No response received when attempting to reach /_stcore/health @ http://localhost:8504/static/js/index.CcFifQPt.js:27
[ 2017293ms] [ERROR] Is Streamlit still running? If you accidentally stopped Streamlit, just restart it in your terminal: @ http://localhost:8504/static/js/index.CcFifQPt.js:32
[ 2017294ms] [ERROR] Failed to load resource: net::ERR_CONNECTION_REFUSED @ http://localhost:8504/_stcore/host-config:0
[ 2021071ms] [ERROR] Failed to load resource: net::ERR_CONNECTION_REFUSED @ http://localhost:8504/_stcore/health:0
[ 2021071ms] [ERROR] Client Error in reaching server endpoint - No response received when attempting to reach /_stcore/health @ http://localhost:8504/static/js/index.CcFifQPt.js:27
[ 2021072ms] [ERROR] Is Streamlit still running? If you accidentally stopped Streamlit, just restart it in your terminal: @ http://localhost:8504/static/js/index.CcFifQPt.js:32
[ 2021072ms] [ERROR] Failed to load resource: net::ERR_CONNECTION_REFUSED @ http://localhost:8504/_stcore/host-config:0
[ 2023911ms] [ERROR] Failed to load resource: net::ERR_CONNECTION_REFUSED @ http://localhost:8504/_stcore/health:0
[ 2023911ms] [ERROR] Client Error in reaching server endpoint - No response received when attempting to reach /_stcore/health @ http://localhost:8504/static/js/index.CcFifQPt.js:27
[ 2023911ms] [ERROR] Is Streamlit still running? If you accidentally stopped Streamlit, just restart it in your terminal: @ http://localhost:8504/static/js/index.CcFifQPt.js:32
[ 2023912ms] [ERROR] Failed to load resource: net::ERR_CONNECTION_REFUSED @ http://localhost:8504/_stcore/host-config:0
[ 2027910ms] [ERROR] Failed to load resource: net::ERR_CONNECTION_REFUSED @ http://localhost:8504/_stcore/health:0
[ 2027910ms] [ERROR] Client Error in reaching server endpoint - No response received when attempting to reach /_stcore/health @ http://localhost:8504/static/js/index.CcFifQPt.js:27
[ 2027911ms] [ERROR] Is Streamlit still running? If you accidentally stopped Streamlit, just restart it in your terminal: @ http://localhost:8504/static/js/index.CcFifQPt.js:32
[ 2027911ms] [ERROR] Failed to load resource: net::ERR_CONNECTION_REFUSED @ http://localhost:8504/_stcore/host-config:0
[ 2030983ms] [ERROR] Failed to load resource: net::ERR_CONNECTION_REFUSED @ http://localhost:8504/_stcore/health:0
[ 2030984ms] [ERROR] Client Error in reaching server endpoint - No response received when attempting to reach /_stcore/health @ http://localhost:8504/static/js/index.CcFifQPt.js:27
[ 2030984ms] [ERROR] Is Streamlit still running? If you accidentally stopped Streamlit, just restart it in your terminal: @ http://localhost:8504/static/js/index.CcFifQPt.js:32
[ 2030984ms] [ERROR] Failed to load resource: net::ERR_CONNECTION_REFUSED @ http://localhost:8504/_stcore/host-config:0
[ 2034161ms] [ERROR] Failed to load resource: net::ERR_CONNECTION_REFUSED @ http://localhost:8504/_stcore/health:0
[ 2034161ms] [ERROR] Client Error in reaching server endpoint - No response received when attempting to reach /_stcore/health @ http://localhost:8504/static/js/index.CcFifQPt.js:27
[ 2034161ms] [ERROR] Is Streamlit still running? If you accidentally stopped Streamlit, just restart it in your terminal: @ http://localhost:8504/static/js/index.CcFifQPt.js:32
[ 2034162ms] [ERROR] Failed to load resource: net::ERR_CONNECTION_REFUSED @ http://localhost:8504/_stcore/host-config:0
[ 2037728ms] [ERROR] Failed to load resource: net::ERR_CONNECTION_REFUSED @ http://localhost:8504/_stcore/health:0
[ 2037729ms] [ERROR] Client Error in reaching server endpoint - No response received when attempting to reach /_stcore/health @ http://localhost:8504/static/js/index.CcFifQPt.js:27
[ 2037729ms] [ERROR] Is Streamlit still running? If you accidentally stopped Streamlit, just restart it in your terminal: @ http://localhost:8504/static/js/index.CcFifQPt.js:32
[ 2037730ms] [ERROR] Failed to load resource: net::ERR_CONNECTION_REFUSED @ http://localhost:8504/_stcore/host-config:0
[ 2040795ms] [ERROR] Failed to load resource: net::ERR_CONNECTION_REFUSED @ http://localhost:8504/_stcore/health:0
[ 2040796ms] [ERROR] Client Error in reaching server endpoint - No response received when attempting to reach /_stcore/health @ http://localhost:8504/static/js/index.CcFifQPt.js:27
[ 2040796ms] [ERROR] Is Streamlit still running? If you accidentally stopped Streamlit, just restart it in your terminal: @ http://localhost:8504/static/js/index.CcFifQPt.js:32
[ 2040823ms] [ERROR] Failed to load resource: net::ERR_CONNECTION_REFUSED @ http://localhost:8504/_stcore/host-config:0
[ 2044453ms] [ERROR] Failed to load resource: net::ERR_CONNECTION_REFUSED @ http://localhost:8504/_stcore/health:0
[ 2044453ms] [ERROR] Client Error in reaching server endpoint - No response received when attempting to reach /_stcore/health @ http://localhost:8504/static/js/index.CcFifQPt.js:27
[ 2044453ms] [ERROR] Is Streamlit still running? If you accidentally stopped Streamlit, just restart it in your terminal: @ http://localhost:8504/static/js/index.CcFifQPt.js:32
[ 2044453ms] [ERROR] Failed to load resource: net::ERR_CONNECTION_REFUSED @ http://localhost:8504/_stcore/host-config:0
[ 2047770ms] [ERROR] Failed to load resource: net::ERR_CONNECTION_REFUSED @ http://localhost:8504/_stcore/health:0
[ 2047770ms] [ERROR] Client Error in reaching server endpoint - No response received when attempting to reach /_stcore/health @ http://localhost:8504/static/js/index.CcFifQPt.js:27
[ 2047770ms] [ERROR] Is Streamlit still running? If you accidentally stopped Streamlit, just restart it in your terminal: @ http://localhost:8504/static/js/index.CcFifQPt.js:32
[ 2047770ms] [ERROR] Failed to load resource: net::ERR_CONNECTION_REFUSED @ http://localhost:8504/_stcore/host-config:0
[ 2051015ms] [ERROR] Failed to load resource: net::ERR_CONNECTION_REFUSED @ http://localhost:8504/_stcore/health:0
[ 2051015ms] [ERROR] Client Error in reaching server endpoint - No response received when attempting to reach /_stcore/health @ http://localhost:8504/static/js/index.CcFifQPt.js:27
[ 2051016ms] [ERROR] Is Streamlit still running? If you accidentally stopped Streamlit, just restart it in your terminal: @ http://localhost:8504/static/js/index.CcFifQPt.js:32
[ 2051016ms] [ERROR] Failed to load resource: net::ERR_CONNECTION_REFUSED @ http://localhost:8504/_stcore/host-config:0
[ 2054780ms] [ERROR] Failed to load resource: net::ERR_CONNECTION_REFUSED @ http://localhost:8504/_stcore/health:0
[ 2054780ms] [ERROR] Client Error in reaching server endpoint - No response received when attempting to reach /_stcore/health @ http://localhost:8504/static/js/index.CcFifQPt.js:27
[ 2054780ms] [ERROR] Is Streamlit still running? If you accidentally stopped Streamlit, just restart it in your terminal: @ http://localhost:8504/static/js/index.CcFifQPt.js:32
[ 2054781ms] [ERROR] Failed to load resource: net::ERR_CONNECTION_REFUSED @ http://localhost:8504/_stcore/host-config:0
[ 2058417ms] [ERROR] Failed to load resource: net::ERR_CONNECTION_REFUSED @ http://localhost:8504/_stcore/health:0
[ 2058417ms] [ERROR] Client Error in reaching server endpoint - No response received when attempting to reach /_stcore/health @ http://localhost:8504/static/js/index.CcFifQPt.js:27
[ 2058417ms] [ERROR] Is Streamlit still running? If you accidentally stopped Streamlit, just restart it in your terminal: @ http://localhost:8504/static/js/index.CcFifQPt.js:32
[ 2058417ms] [ERROR] Failed to load resource: net::ERR_CONNECTION_REFUSED @ http://localhost:8504/_stcore/host-config:0
[ 2061887ms] [ERROR] Failed to load resource: net::ERR_CONNECTION_REFUSED @ http://localhost:8504/_stcore/health:0
[ 2061887ms] [ERROR] Client Error in reaching server endpoint - No response received when attempting to reach /_stcore/health @ http://localhost:8504/static/js/index.CcFifQPt.js:27
[ 2061888ms] [ERROR] Is Streamlit still running? If you accidentally stopped Streamlit, just restart it in your terminal: @ http://localhost:8504/static/js/index.CcFifQPt.js:32
[ 2061888ms] [ERROR] Failed to load resource: net::ERR_CONNECTION_REFUSED @ http://localhost:8504/_stcore/host-config:0
[ 2065136ms] [ERROR] Failed to load resource: net::ERR_CONNECTION_REFUSED @ http://localhost:8504/_stcore/health:0
[ 2065136ms] [ERROR] Client Error in reaching server endpoint - No response received when attempting to reach /_stcore/health @ http://localhost:8504/static/js/index.CcFifQPt.js:27
[ 2065136ms] [ERROR] Is Streamlit still running? If you accidentally stopped Streamlit, just restart it in your terminal: @ http://localhost:8504/static/js/index.CcFifQPt.js:32
[ 2065137ms] [ERROR] Failed to load resource: net::ERR_CONNECTION_REFUSED @ http://localhost:8504/_stcore/host-config:0
[ 2068795ms] [ERROR] Failed to load resource: net::ERR_CONNECTION_REFUSED @ http://localhost:8504/_stcore/health:0
[ 2068795ms] [ERROR] Client Error in reaching server endpoint - No response received when attempting to reach /_stcore/health @ http://localhost:8504/static/js/index.CcFifQPt.js:27
[ 2068795ms] [ERROR] Is Streamlit still running? If you accidentally stopped Streamlit, just restart it in your terminal: @ http://localhost:8504/static/js/index.CcFifQPt.js:32
[ 2068795ms] [ERROR] Failed to load resource: net::ERR_CONNECTION_REFUSED @ http://localhost:8504/_stcore/host-config:0
[ 2072080ms] [ERROR] Failed to load resource: net::ERR_CONNECTION_REFUSED @ http://localhost:8504/_stcore/health:0
[ 2072081ms] [ERROR] Client Error in reaching server endpoint - No response received when attempting to reach /_stcore/health @ http://localhost:8504/static/js/index.CcFifQPt.js:27
[ 2072081ms] [ERROR] Is Streamlit still running? If you accidentally stopped Streamlit, just restart it in your terminal: @ http://localhost:8504/static/js/index.CcFifQPt.js:32
[ 2072081ms] [ERROR] Failed to load resource: net::ERR_CONNECTION_REFUSED @ http://localhost:8504/_stcore/host-config:0
[ 2075363ms] [ERROR] Failed to load resource: net::ERR_CONNECTION_REFUSED @ http://localhost:8504/_stcore/health:0
[ 2075363ms] [ERROR] Client Error in reaching server endpoint - No response received when attempting to reach /_stcore/health @ http://localhost:8504/static/js/index.CcFifQPt.js:27
[ 2075363ms] [ERROR] Is Streamlit still running? If you accidentally stopped Streamlit, just restart it in your terminal: @ http://localhost:8504/static/js/index.CcFifQPt.js:32
[ 2075363ms] [ERROR] Failed to load resource: net::ERR_CONNECTION_REFUSED @ http://localhost:8504/_stcore/host-config:0
[ 2078358ms] [ERROR] Failed to load resource: net::ERR_CONNECTION_REFUSED @ http://localhost:8504/_stcore/health:0
[ 2078358ms] [ERROR] Client Error in reaching server endpoint - No response received when attempting to reach /_stcore/health @ http://localhost:8504/static/js/index.CcFifQPt.js:27
[ 2078358ms] [ERROR] Is Streamlit still running? If you accidentally stopped Streamlit, just restart it in your terminal: @ http://localhost:8504/static/js/index.CcFifQPt.js:32
[ 2078359ms] [ERROR] Failed to load resource: net::ERR_CONNECTION_REFUSED @ http://localhost:8504/_stcore/host-config:0
[ 2081303ms] [ERROR] Failed to load resource: net::ERR_CONNECTION_REFUSED @ http://localhost:8504/_stcore/health:0
[ 2081304ms] [ERROR] Client Error in reaching server endpoint - No response received when attempting to reach /_stcore/health @ http://localhost:8504/static/js/index.CcFifQPt.js:27
[ 2081304ms] [ERROR] Is Streamlit still running? If you accidentally stopped Streamlit, just restart it in your terminal: @ http://localhost:8504/static/js/index.CcFifQPt.js:32
[ 2081304ms] [ERROR] Failed to load resource: net::ERR_CONNECTION_REFUSED @ http://localhost:8504/_stcore/host-config:0
[ 2085145ms] [ERROR] Failed to load resource: net::ERR_CONNECTION_REFUSED @ http://localhost:8504/_stcore/health:0
[ 2085145ms] [ERROR] Client Error in reaching server endpoint - No response received when attempting to reach /_stcore/health @ http://localhost:8504/static/js/index.CcFifQPt.js:27
[ 2085145ms] [ERROR] Is Streamlit still running? If you accidentally stopped Streamlit, just restart it in your terminal: @ http://localhost:8504/static/js/index.CcFifQPt.js:32
[ 2085145ms] [ERROR] Failed to load resource: net::ERR_CONNECTION_REFUSED @ http://localhost:8504/_stcore/host-config:0
[ 2088852ms] [ERROR] Failed to load resource: net::ERR_CONNECTION_REFUSED @ http://localhost:8504/_stcore/health:0
[ 2088852ms] [ERROR] Client Error in reaching server endpoint - No response received when attempting to reach /_stcore/health @ http://localhost:8504/static/js/index.CcFifQPt.js:27
[ 2088852ms] [ERROR] Is Streamlit still running? If you accidentally stopped Streamlit, just restart it in your terminal: @ http://localhost:8504/static/js/index.CcFifQPt.js:32
[ 2088878ms] [ERROR] Failed to load resource: net::ERR_CONNECTION_REFUSED @ http://localhost:8504/_stcore/host-config:0
[ 2091725ms] [ERROR] Failed to load resource: net::ERR_CONNECTION_REFUSED @ http://localhost:8504/_stcore/health:0
[ 2091726ms] [ERROR] Client Error in reaching server endpoint - No response received when attempting to reach /_stcore/health @ http://localhost:8504/static/js/index.CcFifQPt.js:27
[ 2091726ms] [ERROR] Is Streamlit still running? If you accidentally stopped Streamlit, just restart it in your terminal: @ http://localhost:8504/static/js/index.CcFifQPt.js:32
[ 2091726ms] [ERROR] Failed to load resource: net::ERR_CONNECTION_REFUSED @ http://localhost:8504/_stcore/host-config:0
