Application;Group Name;Job Name;Odate;Start Time;End Time;Run Time;Status;Description;Member Name;Task Type;Deleted;Rerun Counter;Cyclic;CONTROL-M Name;Table;Run as User;Hostname;Nodegroup;Order id;
CID-CONTRACTUAL INVO;CIDECO_F11INT_05_Q;CIDECO_F11INT_05_LIM01_Q;"March 22, 2026";"March 23, 2026 12:00:00 AM";"March 23, 2026 12:00:00 AM";;Ended OK;limite horaire 00H00 CID si pb A00ON  ECO;W512_LIMITCID0200;Dummy;No;1;No;CTMSRV;CIDECO_F11INT_05_Q;root;;;3ok65
CID-CONTRACTUAL INVO;CIDEXT_F11GEN_06_Q;CIDEXT_F11GEN_06_Q;"March 22, 2026";"March 22, 2026 1:30:10 PM";"March 22, 2026 1:30:12 PM";;Ended OK;;;SMART Table;No;1;No;CTMSRV;CIDEXT_F11GEN_06_Q;;;;3ok5n
CID-CONTRACTUAL INVO;CIDEXT_F12GEN_06_Q;CIDEXT_F12GEN_06_EXP01_Q;"March 22, 2026";;;;Wait for Event;G6 interface extraction vacation  va.csv;Lance_INTERFACE.bat;Job;No;0;No;CTMSRV;CIDEXT_F12GEN_06_Q;svce_cm;A_W_CID13;A_W_CID13;3ol77
CID-CONTRACTUAL INVO;CIDEXT_F12GEN_06_Q;CIDEXT_F12GEN_06_MOV01_Q;"March 22, 2026";;;;Wait for Event;CID Déplacement du fichier Fichier_vacation_aaaammjj.zip vers EAI;MOV_Generique_DKA.bat;Job;No;0;No;CTMSRV;CIDEXT_F12GEN_06_Q;svce_cm;A_W_CID13;A_W_CID13;3ol79
CID-CONTRACTUAL INVO;CIDEXT_F12GEN_06_Q;CIDEXT_F12GEN_06_ZIP01_Q;"March 22, 2026";;;;Wait for Event;CID Creation du fichier Fichier_vacation__aaaammjj.zip;ZIP_FAC_CID.bat;Job;No;0;No;CTMSRV;CIDEXT_F12GEN_06_Q;svce_cm;A_W_CID13;A_W_CID13;3ol78
CID-CONTRACTUAL INVO;CIDOAP_F11GEN_06_Q;CIDOAP_F11GEN_06_Q;"March 22, 2026";"March 22, 2026 1:30:09 PM";"March 22, 2026 1:30:12 PM";;Ended OK;;;SMART Table;No;1;No;CTMSRV;CIDOAP_F11GEN_06_Q;;;;3ol2w
CID-CONTRACTUAL INVO;CIDPEL_F11GEN_06_Q;CIDPEL_F11GEN_06_Q;"March 22, 2026";"March 22, 2026 1:30:09 PM";"March 22, 2026 1:30:12 PM";;Ended OK;;;SMART Table;No;1;No;CTMSRV;CIDPEL_F11GEN_06_Q;;;;3olyx
CID-CONTRACTUAL INVO;CIDSIC_F11GEN_06_Q;CIDSIC_F11GEN_06_Q;"March 22, 2026";"March 22, 2026 1:30:09 PM";"March 22, 2026 1:30:12 PM";;Ended OK;;;SMART Table;No;1;No;CTMSRV;CIDSIC_F11GEN_06_Q;;;;3ole3
CIT-CITY;CITCIT_E11REB_12_H;CITCIT_E11REB_01_MEL01_H;"March 22, 2026";"March 22, 2026 2:00:00 PM";"March 22, 2026 2:00:02 PM";;Ended OK;CITY  : Notification Mail DEBUT Plan de Maintenance des serveurs windows;Notification_Plan_Maintenance.ksh;Job;No;1;No;CTMSRV;CITCIT_E11REB_12_H;root;ldkctmp50;SRV_PRIMAIRE;3okl9
CIT-CITY;CITCIT_E11REB_12_H;CITCIT_E11REB_01_MEL02_H;"March 22, 2026";"March 22, 2026 6:46:57 PM";"March 22, 2026 6:46:59 PM";;Ended OK;CITY  : Notification Mail FIN Plan de Maintenance des serveurs windows;Notification_Plan_Maintenance.ksh;Job;No;1;No;CTMSRV;CITCIT_E11REB_12_H;root;ldkctmp50;SRV_PRIMAIRE;3okla
CIT-CITY;CITCIT_E11REB_12_H;CITCIT_E11REB_12_CTL10_H;"March 22, 2026";"March 22, 2026 2:00:22 PM";"March 22, 2026 2:02:24 PM";;Ended OK;Redemarrage CITY : SLEEP pour test si serveur demarre (WDKCITP11);SLEEP_REB_WDKCITP11;Command;No;1;No;CTMSRV;CITCIT_E11REB_12_H;root;ldkctmp50;SRV_PRIMAIRE;3okl1
CIT-CITY;CITCIT_E11REB_12_H;CITCIT_E11REB_12_CTL11_H;"March 22, 2026";"March 22, 2026 6:46:40 PM";"March 22, 2026 6:46:46 PM";;Ended OK;Redemarrage city : TEST si serveur demarre (WDKCITP11);CTL_REB_WDKCITP11;Command;No;1;No;CTMSRV;CITCIT_E11REB_12_H;svce_cm;wdkcitp11;A_W_CIT11;3okl0
CIT-CITY;CITCIT_E11REB_12_H;CITCIT_E11REB_12_CTL20_H;"March 22, 2026";"March 22, 2026 2:00:22 PM";"March 22, 2026 2:02:24 PM";;Ended OK;Redemarrage CITY : SLEEP pour test si serveur demarre (WDKCITP12);SLEEP_REB_WDKCITP12;Command;No;1;No;CTMSRV;CITCIT_E11REB_12_H;root;ldkctmp50;SRV_PRIMAIRE;3okl7
CIT-CITY;CITCIT_E11REB_12_H;CITCIT_E11REB_12_CTL21_H;"March 22, 2026";"March 22, 2026 2:02:25 PM";"March 22, 2026 2:02:31 PM";;Ended OK;Redemarrage city : TEST si serveur demarre (WDKCITP12);CTL_REB_WDKCITP12;Command;No;1;No;CTMSRV;CITCIT_E11REB_12_H;svce_cm;wdkcitp12;A_W_CIT12;3okl8
CIT-CITY;CITCIT_E11REB_12_H;CITCIT_E11REB_12_H;"March 22, 2026";"March 22, 2026 1:30:09 PM";"March 22, 2026 6:46:59 PM";;Ended OK;Plan de Maintenance des serveurs CITY hebdomadaire;;SMART Table;No;1;No;CTMSRV;CITCIT_E11REB_12_H;;ldkctmp50;;3okky
CIT-CITY;CITCIT_E11REB_12_H;CITCIT_E11REB_12_REB11_H;"March 22, 2026";"March 22, 2026 2:00:19 PM";"March 22, 2026 2:00:21 PM";;Ended OK;Redemarrage city: REBOOT du serveur (WDKCITP11);REBOOT_WDKCITP11;Command;No;1;No;CTMSRV;CITCIT_E11REB_12_H;svce_cm;wdkcitp11;A_W_CIT11;3okl6
CIT-CITY;CITCIT_E11REB_12_H;CITCIT_E11REB_12_REB21_H;"March 22, 2026";"March 22, 2026 2:00:19 PM";"March 22, 2026 2:00:21 PM";;Ended OK;Redemarrage city : REBOOT du serveur (WDKCITP12);REBOOT_WDKCITP12;Command;No;1;No;CTMSRV;CITCIT_E11REB_12_H;svce_cm;wdkcitp12;A_W_CIT12;3okkz
CIT-CITY;CITCIT_E11REB_12_H;CITCIT_E11STP_01_ARR01_H;"March 22, 2026";"March 22, 2026 2:00:03 PM";"March 22, 2026 2:00:11 PM";;Ended OK;ARRET  city : STOP  (WDKCITP11);application.stop.bat;Job;No;1;No;CTMSRV;CITCIT_E11REB_12_H;svce_cm;wdkcitp11;A_W_CIT11;3okl2
CIT-CITY;CITCIT_E11REB_12_H;CITCIT_E11STP_01_ARR02_H;"March 22, 2026";"March 22, 2026 2:00:12 PM";"March 22, 2026 2:00:18 PM";;Ended OK;ARRET  city : STOP  (WDKCITP12);application.stop.bat;Job;No;1;No;CTMSRV;CITCIT_E11REB_12_H;svce_cm;wdkcitp12;A_W_CIT12;3okl3
CIT-CITY;CITCIT_E11REB_12_H;CITCIT_E11STR_02_DEM01_H;"March 22, 2026";"March 22, 2026 6:46:47 PM";"March 22, 2026 6:46:51 PM";;Ended OK;DEMMARAGE city: START (WDKCITP11);application.start.bat;Job;No;1;No;CTMSRV;CITCIT_E11REB_12_H;svce_cm;wdkcitp11;A_W_CIT11;3okl4
CIT-CITY;CITCIT_E11REB_12_H;CITCIT_E11STR_02_DEM02_H;"March 22, 2026";"March 22, 2026 6:46:52 PM";"March 22, 2026 6:46:57 PM";;Ended OK;DEMMARAGE city: START (WDKCITP12);application.start.bat;Job;No;1;No;CTMSRV;CITCIT_E11REB_12_H;svce_cm;wdkcitp12;A_W_CIT12;3okl5
CIT-CITY;CITEXT_J12GEN_06_Q;CITEXT_J12GEN_06_CPY01_Q;"March 22, 2026";;;;Wait for Event;CITY Transfert du fichier Fichier_vacation_travaux_aaaammjj.zip vers EAI;MOV_Generique_DKA.bat;Job;No;0;No;CTMSRV;CITEXT_J12GEN_06_Q;svce_cm;A_W_CIT12;A_W_CIT12;3okqz
CIT-CITY;CITEXT_J12GEN_06_Q;CITEXT_J12GEN_06_WRK01_Q;"March 22, 2026";;;;Wait for Event;CITY Generation du fichier vacation;lance_Traitement_Interne.bat;Job;No;0;No;CTMSRV;CITEXT_J12GEN_06_Q;adm-citbatch;A_W_CIT12;A_W_CIT12;3okqy
CIT-CITY;CITEXT_J12GEN_06_Q;CITEXT_J12GEN_06_ZIP01_Q;"March 22, 2026";;;;Wait for Event;CITY Creation du fichier Fichier_vacation_travaux_aaaammjj.zip;ZIP_VAC_CIT.bat;Job;No;0;No;CTMSRV;CITEXT_J12GEN_06_Q;svce_cm;A_W_CIT12;A_W_CIT12;3okr0
CRT-CRT;CRTCRT_E21TEC_V1_Q;CRTCRT_E21TEC_V1_PUR01_Q;"March 22, 2026";"March 22, 2026 3:00:00 PM";"March 22, 2026 3:00:08 PM";;Ended OK;Purge des logs;PURGE_FICHIER.exe;Job;No;1;No;CTMSRV;CRTCRT_E21TEC_V1_Q;crtuser;wdkcrtv1p03;wdkcrtv1p03;3olj8
CRT-CRT;CRTCRT_E21TEC_V1_Q;CRTCRT_E21TEC_V1_Q;"March 22, 2026";"March 22, 2026 1:30:09 PM";"March 22, 2026 3:00:09 PM";;Ended OK;Chaine de purge  des logs sur le serveur WDKMOSVP03;;SMART Table;No;1;No;CTMSRV;CRTCRT_E21TEC_V1_Q;;ldkctmp50;;3olj7
CRT-CRT;CRTCRT_E21TEC_XX_Q;CRTCRT_E21TEC_XX_ARC01_Q;"March 22, 2026";"March 23, 2026 7:30:00 AM";"March 23, 2026 7:30:02 AM";;Wait for Event;Archivage des logs;Archivage_Logs_BridgeClient.bat;Job;No;19;Yes;CTMSRV;CRTCRT_E21TEC_XX_Q;crtuser;wdkcrtbcp03;wdkcrtbcp03;3oket
CRT-CRT;CRTCRT_E21TEC_XX_Q;CRTCRT_E21TEC_XX_ARC01_Q;"March 22, 2026";"March 23, 2026 7:30:00 AM";"March 23, 2026 7:30:02 AM";;Wait for Event;Archivage des logs;Archivage_Logs_BridgeClient.bat;Job;No;19;Yes;CTMSRV;CRTCRT_E21TEC_XX_Q;crtuser;wdkcrttdp01;wdkcrttdp01;3okez
CRT-CRT;CRTCRT_E21TEC_XX_Q;CRTCRT_E21TEC_XX_ARC01_Q;"March 22, 2026";"March 23, 2026 7:30:00 AM";"March 23, 2026 7:30:02 AM";;Wait for Event;Archivage des logs;Archivage_Logs_BridgeClient.bat;Job;No;19;Yes;CTMSRV;CRTCRT_E21TEC_XX_Q;crtuser;wdkcrttdp03;wdkcrttdp03;3okf1
CRT-CRT;CRTCRT_E21TEC_XX_Q;CRTCRT_E21TEC_XX_ARC01_Q;"March 22, 2026";"March 23, 2026 7:30:00 AM";"March 23, 2026 7:30:02 AM";;Wait for Event;Archivage des logs;Archivage_Logs_BridgeClient.bat;Job;No;19;Yes;CTMSRV;CRTCRT_E21TEC_XX_Q;crtuser;wdkcrttdp04;wdkcrttdp04;3okf2
CRT-CRT;CRTCRT_E21TEC_XX_Q;CRTCRT_E21TEC_XX_ARC01_Q;"March 22, 2026";"March 23, 2026 7:30:00 AM";"March 23, 2026 7:30:02 AM";;Wait for Event;Archivage des logs;Archivage_Logs_BridgeClient.bat;Job;No;19;Yes;CTMSRV;CRTCRT_E21TEC_XX_Q;crtuser;wdkcrttdp05;wdkcrttdp05;3okf3
CRT-CRT;CRTCRT_E21TEC_XX_Q;CRTCRT_E21TEC_XX_ARC01_Q;"March 22, 2026";"March 23, 2026 7:30:00 AM";"March 23, 2026 7:30:02 AM";;Wait for Event;Archivage des logs;Archivage_Logs_BridgeClient.bat;Job;No;19;Yes;CTMSRV;CRTCRT_E21TEC_XX_Q;crtuser;wdkcrttdp06;wdkcrttdp06;3okf4
CRT-CRT;CRTCRT_E21TEC_XX_Q;CRTCRT_E21TEC_XX_ARC01_Q;"March 22, 2026";"March 23, 2026 7:30:00 AM";"March 23, 2026 7:30:02 AM";;Wait for Event;Archivage des logs;Archivage_Logs_BridgeClient.bat;Job;No;19;Yes;CTMSRV;CRTCRT_E21TEC_XX_Q;crtuser;wdkcrttgp01;wdkcrttgp01;3okf6
CRT-CRT;CRTCRT_E21TEC_XX_Q;CRTCRT_E21TEC_XX_ARC01_Q;"March 22, 2026";"March 23, 2026 7:30:00 AM";"March 23, 2026 7:30:03 AM";;Wait for Event;Archivage des logs;Archivage_Logs_BridgeClient.bat;Job;No;19;Yes;CTMSRV;CRTCRT_E21TEC_XX_Q;crtuser;wdkcrttdp02;wdkcrttdp02;3okf0
CRT-CRT;CRTCRT_E21TEC_XX_Q;CRTCRT_E21TEC_XX_ARC01_Q;"March 22, 2026";"March 23, 2026 7:30:00 AM";"March 23, 2026 7:30:07 AM";;Wait for Event;Archivage des logs;Archivage_Logs_BridgeClient.bat;Job;No;19;Yes;CTMSRV;CRTCRT_E21TEC_XX_Q;crtuser;wdkcrttcp01;wdkcrttcp01;3okew
CRT-CRT;CRTCRT_E21TEC_XX_Q;CRTCRT_E21TEC_XX_ARC01_Q;"March 22, 2026";"March 23, 2026 7:30:00 AM";"March 23, 2026 7:30:07 AM";;Wait for Event;Archivage des logs;Archivage_Logs_BridgeClient.bat;Job;No;19;Yes;CTMSRV;CRTCRT_E21TEC_XX_Q;crtuser;wdkcrttcp03;wdkcrttcp03;3okey
CRT-CRT;CRTCRT_E21TEC_XX_Q;CRTCRT_E21TEC_XX_ARC01_Q;"March 22, 2026";"March 23, 2026 7:30:00 AM";"March 23, 2026 7:30:08 AM";;Wait for Event;Archivage des logs;Archivage_Logs_BridgeClient.bat;Job;No;19;Yes;CTMSRV;CRTCRT_E21TEC_XX_Q;crtuser;wdkcrtbcp04;wdkcrtbcp04;3okeu
CRT-CRT;CRTCRT_E21TEC_XX_Q;CRTCRT_E21TEC_XX_ARC01_Q;"March 22, 2026";"March 23, 2026 7:30:00 AM";"March 23, 2026 7:30:11 AM";;Wait for Event;Archivage des logs;Archivage_Logs_BridgeClient.bat;Job;No;19;Yes;CTMSRV;CRTCRT_E21TEC_XX_Q;crtuser;wdkcrtbcp01;wdkcrtbcp01;3oker
CRT-CRT;CRTCRT_E21TEC_XX_Q;CRTCRT_E21TEC_XX_ARC01_Q;"March 22, 2026";"March 23, 2026 7:30:00 AM";"March 23, 2026 7:30:11 AM";;Wait for Event;Archivage des logs;Archivage_Logs_BridgeClient.bat;Job;No;19;Yes;CTMSRV;CRTCRT_E21TEC_XX_Q;crtuser;wdkcrttcp02;wdkcrttcp02;3okex
CRT-CRT;CRTCRT_E21TEC_XX_Q;CRTCRT_E21TEC_XX_ARC01_Q;"March 22, 2026";"March 23, 2026 7:30:00 AM";"March 23, 2026 7:30:19 AM";;Wait for Event;Archivage des logs;Archivage_Logs_BridgeClient.bat;Job;No;19;Yes;CTMSRV;CRTCRT_E21TEC_XX_Q;crtuser;wdkcrttmp01;wdkcrttmp01;3okf7
CRT-CRT;CRTCRT_E21TEC_XX_Q;CRTCRT_E21TEC_XX_ARC01_Q;"March 22, 2026";"March 23, 2026 7:30:00 AM";"March 23, 2026 7:30:20 AM";;Wait for Event;Archivage des logs;Archivage_Logs_BridgeClient.bat;Job;No;19;Yes;CTMSRV;CRTCRT_E21TEC_XX_Q;crtuser;wdkcrttmp03;wdkcrttmp03;3okf9
CRT-CRT;CRTCRT_E21TEC_XX_Q;CRTCRT_E21TEC_XX_ARC01_Q;"March 22, 2026";"March 23, 2026 7:30:00 AM";"March 23, 2026 7:30:21 AM";;Wait for Event;Archivage des logs;Archivage_Logs_BridgeClient.bat;Job;No;19;Yes;CTMSRV;CRTCRT_E21TEC_XX_Q;crtuser;wdkcrttmp05;wdkcrttmp05;3okfb
CRT-CRT;CRTCRT_E21TEC_XX_Q;CRTCRT_E21TEC_XX_ARC01_Q;"March 22, 2026";"March 23, 2026 7:30:00 AM";"March 23, 2026 7:30:25 AM";;Wait for Event;Archivage des logs;Archivage_Logs_BridgeClient.bat;Job;No;19;Yes;CTMSRV;CRTCRT_E21TEC_XX_Q;crtuser;wdkcrtbcp02;wdkcrtbcp02;3okes
CRT-CRT;CRTCRT_E21TEC_XX_Q;CRTCRT_E21TEC_XX_ARC01_Q;"March 22, 2026";"March 23, 2026 7:30:00 AM";"March 23, 2026 7:30:31 AM";;Wait for Event;Archivage des logs;Archivage_Logs_BridgeClient.bat;Job;No;19;Yes;CTMSRV;CRTCRT_E21TEC_XX_Q;crtuser;wdkcrttmp02;wdkcrttmp02;3okf8
CRT-CRT;CRTCRT_E21TEC_XX_Q;CRTCRT_E21TEC_XX_ARC01_Q;"March 22, 2026";"March 23, 2026 7:30:00 AM";"March 23, 2026 7:30:40 AM";;Wait for Event;Archivage des logs;Archivage_Logs_BridgeClient.bat;Job;No;19;Yes;CTMSRV;CRTCRT_E21TEC_XX_Q;crtuser;wdkcrttmp04;wdkcrttmp04;3okfa
CRT-CRT;CRTCRT_E21TEC_XX_Q;CRTCRT_E21TEC_XX_ARC01_Q;"March 22, 2026";;;;Wait Host;Archivage des logs;Archivage_Logs_BridgeClient.bat;Job;No;0;Yes;CTMSRV;CRTCRT_E21TEC_XX_Q;crtuser;wdkcrtcwp01;wdkcrtcwp01;3okev
CRT-CRT;CRTCRT_E21TEC_XX_Q;CRTCRT_E21TEC_XX_ARC01_Q;"March 22, 2026";;;;Wait Host;Archivage des logs;Archivage_Logs_BridgeClient.bat;Job;No;0;Yes;CTMSRV;CRTCRT_E21TEC_XX_Q;crtuser;wdkcrttep01;wdkcrttep01;3okf5
CRT-CRT;CRTCRT_E21TEC_XX_Q;CRTCRT_E21TEC_XX_PUR01_Q;"March 22, 2026";"March 23, 2026 7:00:00 AM";"March 23, 2026 7:00:04 AM";;Ended OK;Purge des logs;PURGE_FICHIER.exe;Job;No;1;No;CTMSRV;CRTCRT_E21TEC_XX_Q;crtuser;wdkcrttdp04;wdkcrttdp04;3oked
CRT-CRT;CRTCRT_E21TEC_XX_Q;CRTCRT_E21TEC_XX_PUR01_Q;"March 22, 2026";"March 23, 2026 7:00:00 AM";"March 23, 2026 7:00:05 AM";;Ended OK;Purge des logs;PURGE_FICHIER.exe;Job;No;1;No;CTMSRV;CRTCRT_E21TEC_XX_Q;crtuser;wdkcrtbcp03;wdkcrtbcp03;3okdx
CRT-CRT;CRTCRT_E21TEC_XX_Q;CRTCRT_E21TEC_XX_PUR01_Q;"March 22, 2026";"March 23, 2026 7:00:00 AM";"March 23, 2026 7:00:05 AM";;Ended OK;Purge des logs;PURGE_FICHIER.exe;Job;No;1;No;CTMSRV;CRTCRT_E21TEC_XX_Q;crtuser;wdkcrtg2p01;wdkcrtg2p01;3oke4
CRT-CRT;CRTCRT_E21TEC_XX_Q;CRTCRT_E21TEC_XX_PUR01_Q;"March 22, 2026";"March 23, 2026 7:00:00 AM";"March 23, 2026 7:00:05 AM";;Ended OK;Purge des logs;PURGE_FICHIER.exe;Job;No;1;No;CTMSRV;CRTCRT_E21TEC_XX_Q;crtuser;wdkcrtg2p02;wdkcrtg2p02;3oke5
CRT-CRT;CRTCRT_E21TEC_XX_Q;CRTCRT_E21TEC_XX_PUR01_Q;"March 22, 2026";"March 23, 2026 7:00:00 AM";"March 23, 2026 7:00:07 AM";;Ended OK;Purge des logs;PURGE_FICHIER.exe;Job;No;1;No;CTMSRV;CRTCRT_E21TEC_XX_Q;crtuser;wdkcrttdp01;wdkcrttdp01;3okea
CRT-CRT;CRTCRT_E21TEC_XX_Q;CRTCRT_E21TEC_XX_PUR01_Q;"March 22, 2026";"March 23, 2026 7:00:00 AM";"March 23, 2026 7:00:07 AM";;Ended OK;Purge des logs;PURGE_FICHIER.exe;Job;No;1;No;CTMSRV;CRTCRT_E21TEC_XX_Q;crtuser;wdkcrtwbp03;wdkcrtwbp03;3okeq
CRT-CRT;CRTCRT_E21TEC_XX_Q;CRTCRT_E21TEC_XX_PUR01_Q;"March 22, 2026";"March 23, 2026 7:00:00 AM";"March 23, 2026 7:00:09 AM";;Ended OK;Purge des logs;PURGE_FICHIER.exe;Job;No;1;No;CTMSRV;CRTCRT_E21TEC_XX_Q;crtuser;wdkcrtbcp04;wdkcrtbcp04;3okdy
CRT-CRT;CRTCRT_E21TEC_XX_Q;CRTCRT_E21TEC_XX_PUR01_Q;"March 22, 2026";"March 23, 2026 7:00:00 AM";"March 23, 2026 7:00:09 AM";;Ended OK;Purge des logs;PURGE_FICHIER.exe;Job;No;1;No;CTMSRV;CRTCRT_E21TEC_XX_Q;crtuser;wdkcrtbgp01;wdkcrtbgp01;3oke0
CRT-CRT;CRTCRT_E21TEC_XX_Q;CRTCRT_E21TEC_XX_PUR01_Q;"March 22, 2026";"March 23, 2026 7:00:00 AM";"March 23, 2026 7:00:11 AM";;Ended OK;Purge des logs;PURGE_FICHIER.exe;Job;No;1;No;CTMSRV;CRTCRT_E21TEC_XX_Q;crtuser;wdkcrttdp02;wdkcrttdp02;3okeb
CRT-CRT;CRTCRT_E21TEC_XX_Q;CRTCRT_E21TEC_XX_PUR01_Q;"March 22, 2026";"March 23, 2026 7:00:00 AM";"March 23, 2026 7:00:11 AM";;Ended OK;Purge des logs;PURGE_FICHIER.exe;Job;No;1;No;CTMSRV;CRTCRT_E21TEC_XX_Q;crtuser;wdkcrttdp03;wdkcrttdp03;3okec
CRT-CRT;CRTCRT_E21TEC_XX_Q;CRTCRT_E21TEC_XX_PUR01_Q;"March 22, 2026";"March 23, 2026 7:00:00 AM";"March 23, 2026 7:00:11 AM";;Ended OK;Purge des logs;PURGE_FICHIER.exe;Job;No;1;No;CTMSRV;CRTCRT_E21TEC_XX_Q;crtuser;wdkcrttdp06;wdkcrttdp06;3okef
CRT-CRT;CRTCRT_E21TEC_XX_Q;CRTCRT_E21TEC_XX_PUR01_Q;"March 22, 2026";"March 23, 2026 7:00:00 AM";"March 23, 2026 7:00:11 AM";;Ended OK;Purge des logs;PURGE_FICHIER.exe;Job;No;1;No;CTMSRV;CRTCRT_E21TEC_XX_Q;crtuser;wdkcrttwp01;wdkcrttwp01;3oken
CRT-CRT;CRTCRT_E21TEC_XX_Q;CRTCRT_E21TEC_XX_PUR01_Q;"March 22, 2026";"March 23, 2026 7:00:00 AM";"March 23, 2026 7:00:12 AM";;Ended OK;Purge des logs;PURGE_FICHIER.exe;Job;No;1;No;CTMSRV;CRTCRT_E21TEC_XX_Q;crtuser;wdkcrtecp01;wdkcrtecp01;3oke1
CRT-CRT;CRTCRT_E21TEC_XX_Q;CRTCRT_E21TEC_XX_PUR01_Q;"March 22, 2026";"March 23, 2026 7:00:00 AM";"March 23, 2026 7:00:12 AM";;Ended OK;Purge des logs;PURGE_FICHIER.exe;Job;No;1;No;CTMSRV;CRTCRT_E21TEC_XX_Q;crtuser;wdkcrttdp05;wdkcrttdp05;3okee
CRT-CRT;CRTCRT_E21TEC_XX_Q;CRTCRT_E21TEC_XX_PUR01_Q;"March 22, 2026";"March 23, 2026 7:00:00 AM";"March 23, 2026 7:00:13 AM";;Ended OK;Purge des logs;PURGE_FICHIER.exe;Job;No;1;No;CTMSRV;CRTCRT_E21TEC_XX_Q;crtuser;wdkcrtecp02;wdkcrtecp02;3oke2
CRT-CRT;CRTCRT_E21TEC_XX_Q;CRTCRT_E21TEC_XX_PUR01_Q;"March 22, 2026";"March 23, 2026 7:00:00 AM";"March 23, 2026 7:00:14 AM";;Ended OK;Purge des logs;PURGE_FICHIER.exe;Job;No;1;No;CTMSRV;CRTCRT_E21TEC_XX_Q;crtuser;wdkcrttmp03;wdkcrttmp03;3okej
CRT-CRT;CRTCRT_E21TEC_XX_Q;CRTCRT_E21TEC_XX_PUR01_Q;"March 22, 2026";"March 23, 2026 7:00:00 AM";"March 23, 2026 7:00:14 AM";;Ended OK;Purge des logs;PURGE_FICHIER.exe;Job;No;1;No;CTMSRV;CRTCRT_E21TEC_XX_Q;crtuser;wdkcrtwbp02;wdkcrtwbp02;3okep
CRT-CRT;CRTCRT_E21TEC_XX_Q;CRTCRT_E21TEC_XX_PUR01_Q;"March 22, 2026";"March 23, 2026 7:00:00 AM";"March 23, 2026 7:00:15 AM";;Ended OK;Purge des logs;PURGE_FICHIER.exe;Job;No;1;No;CTMSRV;CRTCRT_E21TEC_XX_Q;crtuser;wdkcrtbcp01;wdkcrtbcp01;3okdv
CRT-CRT;CRTCRT_E21TEC_XX_Q;CRTCRT_E21TEC_XX_PUR01_Q;"March 22, 2026";"March 23, 2026 7:00:00 AM";"March 23, 2026 7:00:16 AM";;Ended OK;Purge des logs;PURGE_FICHIER.exe;Job;No;1;No;CTMSRV;CRTCRT_E21TEC_XX_Q;crtuser;wdkcrtbcp05;wdkcrtbcp05;3okdz
CRT-CRT;CRTCRT_E21TEC_XX_Q;CRTCRT_E21TEC_XX_PUR01_Q;"March 22, 2026";"March 23, 2026 7:00:00 AM";"March 23, 2026 7:00:17 AM";;Ended OK;Purge des logs;PURGE_FICHIER.exe;Job;No;1;No;CTMSRV;CRTCRT_E21TEC_XX_Q;crtuser;wdkcrtbcp02;wdkcrtbcp02;3okdw
CRT-CRT;CRTCRT_E21TEC_XX_Q;CRTCRT_E21TEC_XX_PUR01_Q;"March 22, 2026";"March 23, 2026 7:00:00 AM";"March 23, 2026 7:00:17 AM";;Ended OK;Purge des logs;PURGE_FICHIER.exe;Job;No;1;No;CTMSRV;CRTCRT_E21TEC_XX_Q;crtuser;wdkcrttmp05;wdkcrttmp05;3okel
CRT-CRT;CRTCRT_E21TEC_XX_Q;CRTCRT_E21TEC_XX_PUR01_Q;"March 22, 2026";"March 23, 2026 7:00:00 AM";"March 23, 2026 7:00:18 AM";;Ended OK;Purge des logs;PURGE_FICHIER.exe;Job;No;1;No;CTMSRV;CRTCRT_E21TEC_XX_Q;crtuser;wdkcrttmp01;wdkcrttmp01;3okeh
CRT-CRT;CRTCRT_E21TEC_XX_Q;CRTCRT_E21TEC_XX_PUR01_Q;"March 22, 2026";"March 23, 2026 7:00:00 AM";"March 23, 2026 7:00:19 AM";;Ended OK;Purge des logs;PURGE_FICHIER.exe;Job;No;1;No;CTMSRV;CRTCRT_E21TEC_XX_Q;crtuser;wdkcrttmp02;wdkcrttmp02;3okei
CRT-CRT;CRTCRT_E21TEC_XX_Q;CRTCRT_E21TEC_XX_PUR01_Q;"March 22, 2026";"March 23, 2026 7:00:00 AM";"March 23, 2026 7:00:32 AM";;Ended OK;Purge des logs;PURGE_FICHIER.exe;Job;No;1;No;CTMSRV;CRTCRT_E21TEC_XX_Q;crtuser;wdkcrttmp04;wdkcrttmp04;3okek
CRT-CRT;CRTCRT_E21TEC_XX_Q;CRTCRT_E21TEC_XX_PUR01_Q;"March 22, 2026";"March 23, 2026 7:00:00 AM";"March 23, 2026 7:00:53 AM";;Ended OK;Purge des logs;PURGE_FICHIER.exe;Job;No;1;No;CTMSRV;CRTCRT_E21TEC_XX_Q;crtuser;wdkcrttcp03;wdkcrttcp03;3oke9
CRT-CRT;CRTCRT_E21TEC_XX_Q;CRTCRT_E21TEC_XX_PUR01_Q;"March 22, 2026";"March 23, 2026 7:00:00 AM";"March 23, 2026 7:06:39 AM";;Ended OK;Purge des logs;PURGE_FICHIER.exe;Job;No;1;No;CTMSRV;CRTCRT_E21TEC_XX_Q;crtuser;wdkcrtinp01;wdkcrtinp01;3oke6
CRT-CRT;CRTCRT_E21TEC_XX_Q;CRTCRT_E21TEC_XX_PUR01_Q;"March 22, 2026";"March 23, 2026 7:00:00 AM";"March 23, 2026 7:10:01 AM";;Ended OK;Purge des logs;PURGE_FICHIER.exe;Job;No;1;No;CTMSRV;CRTCRT_E21TEC_XX_Q;crtuser;wdkcrtb2p01;wdkcrtb2p01;3okdu
CRT-CRT;CRTCRT_E21TEC_XX_Q;CRTCRT_E21TEC_XX_PUR01_Q;"March 22, 2026";"March 23, 2026 7:00:00 AM";"March 23, 2026 7:10:01 AM";;Ended OK;Purge des logs;PURGE_FICHIER.exe;Job;No;1;No;CTMSRV;CRTCRT_E21TEC_XX_Q;crtuser;wdkcrtexp01;wdkcrtexp01;3oke3
CRT-CRT;CRTCRT_E21TEC_XX_Q;CRTCRT_E21TEC_XX_PUR01_Q;"March 22, 2026";"March 23, 2026 7:00:00 AM";"March 23, 2026 7:10:04 AM";;Ended OK;Purge des logs;PURGE_FICHIER.exe;Job;No;1;No;CTMSRV;CRTCRT_E21TEC_XX_Q;crtuser;wdkcrttcp01;wdkcrttcp01;3oke7
CRT-CRT;CRTCRT_E21TEC_XX_Q;CRTCRT_E21TEC_XX_PUR01_Q;"March 22, 2026";"March 23, 2026 7:00:00 AM";"March 23, 2026 7:10:17 AM";;Ended OK;Purge des logs;PURGE_FICHIER.exe;Job;No;1;No;CTMSRV;CRTCRT_E21TEC_XX_Q;crtuser;wdkcrttcp02;wdkcrttcp02;3oke8
CRT-CRT;CRTCRT_E21TEC_XX_Q;CRTCRT_E21TEC_XX_PUR01_Q;"March 22, 2026";"March 23, 2026 7:00:00 AM";;;Executing;Purge des logs;PURGE_FICHIER.exe;Job;No;1;No;CTMSRV;CRTCRT_E21TEC_XX_Q;crtuser;wdkcrttgp01;wdkcrttgp01;3okeg
CRT-CRT;CRTCRT_E21TEC_XX_Q;CRTCRT_E21TEC_XX_PUR01_Q;"March 22, 2026";"March 23, 2026 7:00:00 AM";;;Executing;Purge des logs;PURGE_FICHIER.exe;Job;No;1;No;CTMSRV;CRTCRT_E21TEC_XX_Q;crtuser;wdkcrttsp01;wdkcrttsp01;3okem
CRT-CRT;CRTCRT_E21TEC_XX_Q;CRTCRT_E21TEC_XX_PUR01_Q;"March 22, 2026";"March 23, 2026 7:00:00 AM";;;Executing;Purge des logs;PURGE_FICHIER.exe;Job;No;1;No;CTMSRV;CRTCRT_E21TEC_XX_Q;crtuser;wdkcrtwbp01;wdkcrtwbp01;3okeo
CRT-CRT;CRTCRT_E21TEC_XX_Q;CRTCRT_E21TEC_XX_Q;"March 22, 2026";"March 22, 2026 1:30:10 PM";;;Executing;Chaine de purge et archivage  des logs sur les serveurs CRT;;SMART Table;No;1;No;CTMSRV;CRTCRT_E21TEC_XX_Q;;;;3okdt
CRT-CRT;CRTCRT_E21TRT_TW_Q;CRTCRT_E21TRT_TW_Q;"March 22, 2026";"March 22, 2026 3:00:00 PM";"March 22, 2026 9:01:19 PM";;Ended OK;Lancement du module de détection de trous d'historique CRT - 15h et 21h;;SMART Table;No;1;No;CTMSRV;CRTCRT_E21TRT_TW_Q;;ldkctmp50;;3oky8
CRT-CRT;CRTCRT_E21TRT_TW_Q;CRTCRT_E21TRT_TW_WRK01_Q;"March 22, 2026";"March 22, 2026 9:00:00 PM";"March 22, 2026 9:01:18 PM";;Ended OK;Lancement du module de détection de trous d'historique CRT - 15h et 21h;historique_recherche_trou.bat;Job;No;2;Yes;CTMSRV;CRTCRT_E21TRT_TW_Q;crtuser;wdkcrttwp01;wdkcrttwp01;3oky9
CRT-CRT;CRTCRT_EXPLOI_XX_Q;CRTCRT_E22TEC_BC_CTL01_Q;"March 22, 2026";"March 23, 2026 7:00:00 AM";"March 23, 2026 7:00:02 AM";;Ended OK;WDKCRTBCxxx : Check Service PanoAdmin;CRT_CHECK_BRIDGECTRL;Command;No;1;No;CTMSRV;CRTCRT_EXPLOI_XX_Q/CRTCRT_E22TEC_BC_Q;crtuser;wdkcrtbcp03;wdkcrtbcp03;3okun
CRT-CRT;CRTCRT_EXPLOI_XX_Q;CRTCRT_E22TEC_BC_CTL01_Q;"March 22, 2026";"March 23, 2026 7:00:00 AM";"March 23, 2026 7:00:07 AM";;Ended OK;WDKCRTBCxxx : Check Service PanoAdmin;CRT_CHECK_BRIDGECTRL;Command;No;1;No;CTMSRV;CRTCRT_EXPLOI_XX_Q/CRTCRT_E22TEC_BC_Q;crtuser;wdkcrtbcp04;wdkcrtbcp04;3okuo
CRT-CRT;CRTCRT_EXPLOI_XX_Q;CRTCRT_E22TEC_BC_CTL01_Q;"March 22, 2026";"March 23, 2026 7:00:00 AM";"March 23, 2026 7:00:09 AM";;Ended OK;WDKCRTBCxxx : Check Service PanoAdmin;CRT_CHECK_BRIDGECTRL;Command;No;1;No;CTMSRV;CRTCRT_EXPLOI_XX_Q/CRTCRT_E22TEC_BC_Q;crtuser;wdkcrtbcp02;wdkcrtbcp02;3okum
CRT-CRT;CRTCRT_EXPLOI_XX_Q;CRTCRT_E22TEC_BC_CTL01_Q;"March 22, 2026";"March 23, 2026 7:00:00 AM";"March 23, 2026 7:00:09 AM";;Ended OK;WDKCRTBCxxx : Check Service PanoAdmin;CRT_CHECK_BRIDGECTRL;Command;No;1;No;CTMSRV;CRTCRT_EXPLOI_XX_Q/CRTCRT_E22TEC_BC_Q;crtuser;wdkcrtbcp05;wdkcrtbcp05;3okup
CRT-CRT;CRTCRT_EXPLOI_XX_Q;CRTCRT_E22TEC_BC_CTL01_Q;"March 22, 2026";"March 23, 2026 7:00:00 AM";"March 23, 2026 7:00:11 AM";;Ended OK;WDKCRTBCxxx : Check Service PanoAdmin;CRT_CHECK_BRIDGECTRL;Command;No;1;No;CTMSRV;CRTCRT_EXPLOI_XX_Q/CRTCRT_E22TEC_BC_Q;crtuser;wdkcrtbcp01;wdkcrtbcp01;3okul
CRT-CRT;CRTCRT_EXPLOI_XX_Q;CRTCRT_E22TEC_BC_CTL02_Q;"March 22, 2026";"March 23, 2026 7:00:00 AM";"March 23, 2026 7:00:02 AM";;Ended Not OK;WDKCRTBCxxx : Check Service Composer;CRT_CHECK_BRIDGECTRL;Command;No;1;No;CTMSRV;CRTCRT_EXPLOI_XX_Q/CRTCRT_E22TEC_BC_Q;crtuser;wdkcrtbcp03;wdkcrtbcp03;3okus
CRT-CRT;CRTCRT_EXPLOI_XX_Q;CRTCRT_E22TEC_BC_CTL02_Q;"March 22, 2026";"March 23, 2026 7:00:00 AM";"March 23, 2026 7:00:06 AM";;Ended OK;WDKCRTBCxxx : Check Service Composer;CRT_CHECK_BRIDGECTRL;Command;No;1;No;CTMSRV;CRTCRT_EXPLOI_XX_Q/CRTCRT_E22TEC_BC_Q;crtuser;wdkcrtbcp04;wdkcrtbcp04;3okut
CRT-CRT;CRTCRT_EXPLOI_XX_Q;CRTCRT_E22TEC_BC_CTL02_Q;"March 22, 2026";"March 23, 2026 7:00:00 AM";"March 23, 2026 7:00:09 AM";;Ended OK;WDKCRTBCxxx : Check Service Composer;CRT_CHECK_BRIDGECTRL;Command;No;1;No;CTMSRV;CRTCRT_EXPLOI_XX_Q/CRTCRT_E22TEC_BC_Q;crtuser;wdkcrtbcp01;wdkcrtbcp01;3okuq
CRT-CRT;CRTCRT_EXPLOI_XX_Q;CRTCRT_E22TEC_BC_CTL02_Q;"March 22, 2026";"March 23, 2026 7:00:00 AM";"March 23, 2026 7:00:09 AM";;Ended OK;WDKCRTBCxxx : Check Service Composer;CRT_CHECK_BRIDGECTRL;Command;No;1;No;CTMSRV;CRTCRT_EXPLOI_XX_Q/CRTCRT_E22TEC_BC_Q;crtuser;wdkcrtbcp05;wdkcrtbcp05;3okuu
CRT-CRT;CRTCRT_EXPLOI_XX_Q;CRTCRT_E22TEC_BC_CTL02_Q;"March 22, 2026";"March 23, 2026 7:00:00 AM";"March 23, 2026 7:00:10 AM";;Ended OK;WDKCRTBCxxx : Check Service Composer;CRT_CHECK_BRIDGECTRL;Command;No;1;No;CTMSRV;CRTCRT_EXPLOI_XX_Q/CRTCRT_E22TEC_BC_Q;crtuser;wdkcrtbcp02;wdkcrtbcp02;3okur
CRT-CRT;CRTCRT_EXPLOI_XX_Q;CRTCRT_E22TEC_BC_Q;"March 22, 2026";"March 23, 2026 7:00:00 AM";"March 23, 2026 7:00:11 AM";;Ended Not OK;Controle Service BACNET;;Sub-Table;No;1;No;CTMSRV;CRTCRT_EXPLOI_XX_Q;crtuser;ldkctmp50;;3okuk
CRT-CRT;CRTCRT_EXPLOI_XX_Q;CRTCRT_E22TEC_BG_CTL01_Q;"March 22, 2026";"March 23, 2026 7:00:00 AM";"March 23, 2026 7:00:16 AM";;Ended Not OK;WDKCRTBGx01 : Check BridgeCtrl.exe STATUS;CRT_CHECK_BRIDGECTRL;Command;No;1;No;CTMSRV;CRTCRT_EXPLOI_XX_Q/CRTCRT_E22TEC_BG_Q;crtuser;wdkcrttwp01;A_W_CRTTW01;3okuw
CRT-CRT;CRTCRT_EXPLOI_XX_Q;CRTCRT_E22TEC_BG_Q;"March 22, 2026";"March 23, 2026 7:00:00 AM";"March 23, 2026 7:00:16 AM";;Ended Not OK;Controle Bridge Clients  et les CRTs;;Sub-Table;No;1;No;CTMSRV;CRTCRT_EXPLOI_XX_Q;crtuser;ldkctmp50;;3okuv
CRT-CRT;CRTCRT_EXPLOI_XX_Q;CRTCRT_E22TEC_BS_CTL01_Q;"March 22, 2026";"March 23, 2026 7:00:00 AM";"March 23, 2026 7:00:14 AM";;Ended OK;LDKCRTBSx01 : Check KafkaZookeeper;AllKafkaZookeeper.sh;Command;No;1;No;CTMSRV;CRTCRT_EXPLOI_XX_Q/CRTCRT_E22TEC_BS_Q;crt-admin;ldkcrtbap01;A_L_CRTBA01;3okuy
CRT-CRT;CRTCRT_EXPLOI_XX_Q;CRTCRT_E22TEC_BS_CTL02_Q;"March 22, 2026";"March 23, 2026 7:00:00 AM";"March 23, 2026 7:00:03 AM";;Ended OK;LDKCRTBSx01 : Check Worker et Master;spark-cluster-status;Command;No;1;No;CTMSRV;CRTCRT_EXPLOI_XX_Q/CRTCRT_E22TEC_BS_Q;busadm;ldkcrtbsp01;A_L_CRTBS01;3okuz
CRT-CRT;CRTCRT_EXPLOI_XX_Q;CRTCRT_E22TEC_BS_CTL03_Q;"March 22, 2026";"March 23, 2026 7:00:00 AM";"March 23, 2026 7:00:03 AM";;Ended OK;LDKCRTBSx01 : Check Applications;spark-apps-status;Command;No;1;No;CTMSRV;CRTCRT_EXPLOI_XX_Q/CRTCRT_E22TEC_BS_Q;busadm;ldkcrtbsp01;A_L_CRTBS01;3okv0
CRT-CRT;CRTCRT_EXPLOI_XX_Q;CRTCRT_E22TEC_BS_Q;"March 22, 2026";"March 23, 2026 7:00:00 AM";"March 23, 2026 7:00:14 AM";;Ended OK;Controle du Bus Streaming;;Sub-Table;No;1;No;CTMSRV;CRTCRT_EXPLOI_XX_Q;busadm;ldkctmp50;;3okux
CRT-CRT;CRTCRT_EXPLOI_XX_Q;CRTCRT_E22TEC_EC_CTL01_Q;"March 22, 2026";"March 23, 2026 7:00:00 AM";"March 23, 2026 7:00:06 AM";;Ended OK;WDKCRTECxxx : Check Service CRT TransFTP;CRT_CHECK_BRIDGECTRL;Command;No;1;No;CTMSRV;CRTCRT_EXPLOI_XX_Q/CRTCRT_E22TEC_EC_Q;crtuser;wdkcrtecp01;wdkcrtecp01;3okv2
CRT-CRT;CRTCRT_EXPLOI_XX_Q;CRTCRT_E22TEC_EC_CTL01_Q;"March 22, 2026";"March 23, 2026 7:00:00 AM";"March 23, 2026 7:00:06 AM";;Ended OK;WDKCRTECxxx : Check Service CRT TransFTP;CRT_CHECK_BRIDGECTRL;Command;No;1;No;CTMSRV;CRTCRT_EXPLOI_XX_Q/CRTCRT_E22TEC_EC_Q;crtuser;wdkcrtecp02;wdkcrtecp02;3okv3
CRT-CRT;CRTCRT_EXPLOI_XX_Q;CRTCRT_E22TEC_EC_Q;"March 22, 2026";"March 23, 2026 7:00:00 AM";"March 23, 2026 7:00:06 AM";;Ended OK;Controle Service CRT TransFTP;;Sub-Table;No;1;No;CTMSRV;CRTCRT_EXPLOI_XX_Q;crtuser;ldkctmp50;;3okv1
CRT-CRT;CRTCRT_EXPLOI_XX_Q;CRTCRT_E22TEC_MS_CTL01_Q;"March 22, 2026";"March 23, 2026 7:00:00 AM";"March 23, 2026 7:00:03 AM";;Ended OK;LDKCRTMSxxx : Check des commandes curl MicroServices;check_microservices.ksh;Job;No;1;No;CTMSRV;CRTCRT_EXPLOI_XX_Q/CRTCRT_E22TEC_MS_Q;root;ldkcrtmsp01;ldkcrtmsp01;3okv5
CRT-CRT;CRTCRT_EXPLOI_XX_Q;CRTCRT_E22TEC_MS_CTL01_Q;"March 22, 2026";"March 23, 2026 7:00:00 AM";"March 23, 2026 7:00:03 AM";;Ended OK;LDKCRTMSxxx : Check des commandes curl MicroServices;check_microservices.ksh;Job;No;1;No;CTMSRV;CRTCRT_EXPLOI_XX_Q/CRTCRT_E22TEC_MS_Q;root;ldkcrtmsp02;ldkcrtmsp02;3okv6
CRT-CRT;CRTCRT_EXPLOI_XX_Q;CRTCRT_E22TEC_MS_Q;"March 22, 2026";"March 23, 2026 7:00:00 AM";"March 23, 2026 7:00:03 AM";;Ended OK;Controle des MicroServices;;Sub-Table;No;1;No;CTMSRV;CRTCRT_EXPLOI_XX_Q;root;ldkctmp50;;3okv4
CRT-CRT;CRTCRT_EXPLOI_XX_Q;CRTCRT_E22TEC_TD_CTL01_Q;"March 22, 2026";"March 23, 2026 7:00:00 AM";"March 23, 2026 7:00:02 AM";;Ended OK;WDKCRTTDxxx : Check Service datarelay;CRT_CHECK_BRIDGECTRL;Command;No;1;No;CTMSRV;CRTCRT_EXPLOI_XX_Q/CRTCRT_E22TEC_TD_Q;crtuser;wdkcrttdp01;wdkcrttdp01;3okv8
CRT-CRT;CRTCRT_EXPLOI_XX_Q;CRTCRT_E22TEC_TD_CTL01_Q;"March 22, 2026";"March 23, 2026 7:00:00 AM";"March 23, 2026 7:00:02 AM";;Ended OK;WDKCRTTDxxx : Check Service datarelay;CRT_CHECK_BRIDGECTRL;Command;No;1;No;CTMSRV;CRTCRT_EXPLOI_XX_Q/CRTCRT_E22TEC_TD_Q;crtuser;wdkcrttdp04;wdkcrttdp04;3okvb
CRT-CRT;CRTCRT_EXPLOI_XX_Q;CRTCRT_E22TEC_TD_CTL01_Q;"March 22, 2026";"March 23, 2026 7:00:00 AM";"March 23, 2026 7:00:02 AM";;Ended OK;WDKCRTTDxxx : Check Service datarelay;CRT_CHECK_BRIDGECTRL;Command;No;1;No;CTMSRV;CRTCRT_EXPLOI_XX_Q/CRTCRT_E22TEC_TD_Q;crtuser;wdkcrttdp06;wdkcrttdp06;3okvd
CRT-CRT;CRTCRT_EXPLOI_XX_Q;CRTCRT_E22TEC_TD_CTL01_Q;"March 22, 2026";"March 23, 2026 7:00:00 AM";"March 23, 2026 7:00:05 AM";;Ended OK;WDKCRTTDxxx : Check Service datarelay;CRT_CHECK_BRIDGECTRL;Command;No;1;No;CTMSRV;CRTCRT_EXPLOI_XX_Q/CRTCRT_E22TEC_TD_Q;crtuser;wdkcrttdp03;wdkcrttdp03;3okva
CRT-CRT;CRTCRT_EXPLOI_XX_Q;CRTCRT_E22TEC_TD_CTL01_Q;"March 22, 2026";"March 23, 2026 7:00:00 AM";"March 23, 2026 7:00:08 AM";;Ended OK;WDKCRTTDxxx : Check Service datarelay;CRT_CHECK_BRIDGECTRL;Command;No;1;No;CTMSRV;CRTCRT_EXPLOI_XX_Q/CRTCRT_E22TEC_TD_Q;crtuser;wdkcrttdp02;wdkcrttdp02;3okv9
CRT-CRT;CRTCRT_EXPLOI_XX_Q;CRTCRT_E22TEC_TD_CTL01_Q;"March 22, 2026";"March 23, 2026 7:00:00 AM";"March 23, 2026 7:00:09 AM";;Ended OK;WDKCRTTDxxx : Check Service datarelay;CRT_CHECK_BRIDGECTRL;Command;No;1;No;CTMSRV;CRTCRT_EXPLOI_XX_Q/CRTCRT_E22TEC_TD_Q;crtuser;wdkcrttdp05;wdkcrttdp05;3okvc
CRT-CRT;CRTCRT_EXPLOI_XX_Q;CRTCRT_E22TEC_TD_Q;"March 22, 2026";"March 23, 2026 7:00:00 AM";"March 23, 2026 7:00:09 AM";;Ended OK;Controle Service Trend;;Sub-Table;No;1;No;CTMSRV;CRTCRT_EXPLOI_XX_Q;crtuser;ldkctmp50;;3okv7
CRT-CRT;CRTCRT_EXPLOI_XX_Q;CRTCRT_E22TEC_TW_CTL01_Q;"March 22, 2026";"March 23, 2026 7:00:00 AM";"March 23, 2026 7:00:07 AM";;Ended OK;WDKCRTTWx01 : Check Service CRT SpvApp;CRT_CHECK_BRIDGECTRL;Command;No;1;No;CTMSRV;CRTCRT_EXPLOI_XX_Q/CRTCRT_E22TEC_TW_Q;crtuser;wdkcrttwp01;wdkcrttwp01;3okvf
CRT-CRT;CRTCRT_EXPLOI_XX_Q;CRTCRT_E22TEC_TW_Q;"March 22, 2026";"March 23, 2026 7:00:00 AM";"March 23, 2026 7:00:07 AM";;Ended OK;Controle Service CRT SpvApp;;Sub-Table;No;1;No;CTMSRV;CRTCRT_EXPLOI_XX_Q;crtuser;ldkctmp50;;3okve
CRT-CRT;CRTCRT_EXPLOI_XX_Q;CRTCRT_E22TEC_XX_MEL01_O;"March 22, 2026";"March 23, 2026 7:00:19 AM";"March 23, 2026 7:00:22 AM";;Ended OK;Notification par Mail du suivi quotidien du CRT;CRT_NOTIF_MAIL;Command;No;1;No;CTMSRV;CRTCRT_E22TEC_XX_O;root;ldkctmp50;ldkctmp50;3ombs
CRT-CRT;CRTCRT_EXPLOI_XX_Q;CRTCRT_E23TEC_BG_CTL01_Q;"March 22, 2026";"March 23, 2026 7:00:00 AM";"March 23, 2026 7:00:00 AM";;Ended OK;WDKCRTBGxxx : Check Service Tomcat7  Bridge générique;CRT_CHECK_BRIDGECTRL;Dummy;No;1;No;CTMSRV;CRTCRT_EXPLOI_XX_Q/CRTCRT_E23TEC_BG_Q;crtuser;;A_W_CRTBG01;3okvh
CRT-CRT;CRTCRT_EXPLOI_XX_Q;CRTCRT_E23TEC_BG_CTL02_Q;"March 22, 2026";"March 23, 2026 7:00:00 AM";"March 23, 2026 7:00:00 AM";;Ended OK;WDKCRTBGxxx : Check Service CRTService Bridge générique;CRT_CHECK_BRIDGECTRL;Dummy;No;1;No;CTMSRV;CRTCRT_EXPLOI_XX_Q/CRTCRT_E23TEC_BG_Q;crtuser;;A_W_CRTBG01;3okvi
CRT-CRT;CRTCRT_EXPLOI_XX_Q;CRTCRT_E23TEC_BG_Q;"March 22, 2026";"March 23, 2026 7:00:00 AM";"March 23, 2026 7:00:01 AM";;Ended OK;Controle Services Bridge Générique;;Sub-Table;No;1;No;CTMSRV;CRTCRT_EXPLOI_XX_Q;crtuser;ldkctmp50;;3okvg
CRT-CRT;CRTCRT_EXPLOI_XX_Q;CRTCRT_E23TEC_TS_CTL01_Q;"March 22, 2026";"March 23, 2026 7:00:01 AM";"March 23, 2026 7:00:02 AM";;Ended OK;WDKCRTTSx01 : Check Service Tomcat7;CRT_CHECK_BRIDGECTRL;Command;No;1;No;CTMSRV;CRTCRT_EXPLOI_XX_Q/CRTCRT_E23TEC_TS_Q;crtuser;wdkcrttsp01;A_W_CRTTS01;3okvk
CRT-CRT;CRTCRT_EXPLOI_XX_Q;CRTCRT_E23TEC_TS_CTL02_Q;"March 22, 2026";"March 23, 2026 7:00:01 AM";"March 23, 2026 7:00:02 AM";;Ended OK;WDKCRTTSx01 : Check Service CRT CipRip;CRT_CHECK_BRIDGECTRL;Command;No;1;No;CTMSRV;CRTCRT_EXPLOI_XX_Q/CRTCRT_E23TEC_TS_Q;crtuser;wdkcrttsp01;A_W_CRTTS01;3okvl
CRT-CRT;CRTCRT_EXPLOI_XX_Q;CRTCRT_E23TEC_TS_Q;"March 22, 2026";"March 23, 2026 7:00:00 AM";"March 23, 2026 7:00:02 AM";;Ended OK;Controle Services Bridge Générique;;Sub-Table;No;1;No;CTMSRV;CRTCRT_EXPLOI_XX_Q;crtuser;ldkctmp50;;3okvj
CRT-CRT;CRTCRT_EXPLOI_XX_Q;CRTCRT_EXPLOI_XX_Q;"March 22, 2026";"March 23, 2026 7:00:00 AM";"March 23, 2026 7:00:17 AM";;Ended Not OK;CRT : Controle de la plateforme CRT;;SMART Table;No;1;No;CTMSRV;CRTCRT_EXPLOI_XX_Q;crtuser;ldkctmp50;;3okuj
CRT-CRT;CRTCRT_J11TRT_04_Q;CRTCRT_J11TRT_04_CAL01_Q;"March 22, 2026";"March 22, 2026 8:00:00 PM";"March 22, 2026 8:01:07 PM";;Ended OK;CRT : Module Calcul;;Command;No;1;No;CTMSRV;CRTCRT_J11TRT_04_Q;crtuser;wdkcrttsp01;A_W_CRTTS01;3om8p
CRT-CRT;CRTCRT_J11TRT_04_Q;CRTCRT_J11TRT_04_CAL02_Q;"March 22, 2026";"March 22, 2026 3:00:00 PM";"March 22, 2026 3:01:04 PM";;Ended OK;CRT : ModuleCalculSansEchec;;Command;No;1;No;CTMSRV;CRTCRT_J11TRT_04_Q;crtuser;wdkcrttsp01;A_W_CRTTS01;3om8q
CRT-CRT;CRTCRT_J11TRT_04_Q;CRTCRT_J11TRT_04_CAL03_Q;"March 22, 2026";"March 22, 2026 1:30:10 PM";"March 22, 2026 1:32:08 PM";;Ended OK;CRT : ModuleCalculTMA;;Command;No;1;No;CTMSRV;CRTCRT_J11TRT_04_Q;crtuser;wdkcrttsp01;A_W_CRTTS01;3om8r
CRT-CRT;CRTCRT_J11TRT_04_Q;CRTCRT_J11TRT_04_Q;"March 22, 2026";"March 22, 2026 1:30:09 PM";;;Executing;CRT : Batchs APP CRT;;SMART Table;No;1;No;CTMSRV;CRTCRT_J11TRT_04_Q;crtuser;;;3om8m
CRT-CRT;CRTCRT_J11TRT_04_Q;CRTCRT_J11TRT_04_WRK01_Q;"March 22, 2026";"March 23, 2026 8:06:00 AM";"March 23, 2026 8:06:02 AM";;Wait for Event;CRT : Memory_Check;;Command;No;1097;Yes;CTMSRV;CRTCRT_J11TRT_04_Q;crtuser;wdkcrtg2p01;A_W_CRTG201;3om8n
CRT-CRT;CRTCRT_J11TRT_04_Q;CRTCRT_J11TRT_04_WRK02_Q;"March 22, 2026";"March 23, 2026 8:06:00 AM";"March 23, 2026 8:06:02 AM";;Wait for Event;CRT : Memory_Check;;Command;No;1097;Yes;CTMSRV;CRTCRT_J11TRT_04_Q;crtuser;wdkcrtg2p02;A_W_CRTG202;3om8o
CRT-CRT;CRTCRT_J12TRT_04_Q;CRTCRT_J12TRT_04_EXP27_Q;"March 22, 2026";"March 22, 2026 10:30:00 PM";"March 22, 2026 10:33:21 PM";;Ended OK;CRT : Lancement de l'export hierarchie CRT;ExportHisto.bat;Job;No;1;No;CTMSRV;CRTCRT_J12TRT_04_Q;crtuser;wdkcrtexp01;A_W_CRTEX01;3okjz
CRT-CRT;CRTCRT_J12TRT_04_Q;CRTCRT_J12TRT_04_Q;"March 22, 2026";"March 22, 2026 1:30:10 PM";;;Executing;CRT : Batchs Echanges CRT;;SMART Table;No;1;No;CTMSRV;CRTCRT_J12TRT_04_Q;crtuser;;;3okjw
CRT-CRT;CRTCRT_J12TRT_04_Q;CRTCRT_J12TRT_04_WRK06_Q;"March 22, 2026";"March 22, 2026 8:50:00 PM";"March 22, 2026 8:50:05 PM";;Ended OK;Déplacement des fichiers courbes de charges de valeurs corrigée mensuel pour prodelec;;Command;No;1;No;CTMSRV;CRTCRT_J12TRT_04_Q;crtuser;wdkcrtinp01;A_W_CRTIN01;3okjx
CRT-CRT;CRTCRT_J12TRT_04_Q;CRTCRT_J12TRT_04_WRK07_Q;"March 22, 2026";"March 23, 2026 7:15:00 AM";"March 23, 2026 7:15:08 AM";;Wait for Event;Traitement des fichiers d'Energie de Strasbourg;;Command;No;18;Yes;CTMSRV;CRTCRT_J12TRT_04_Q;crtuser;wdkcrtinp01;A_W_CRTIN01;3okjy
CRT-CRT;CRTCRT_J13TRT_04_Q;CRTCRT_J13TRT_04_EXP01_Q;"March 22, 2026";"March 22, 2026 10:00:00 PM";"March 22, 2026 10:00:04 PM";;Ended OK;CRT : Export_TLC;;Command;No;1;No;CTMSRV;CRTCRT_J13TRT_04_Q;crtuser;wdkcrttcp03;wdkcrttcp03;3om5i
CRT-CRT;CRTCRT_J13TRT_04_Q;CRTCRT_J13TRT_04_EXP01_Q;"March 22, 2026";"March 22, 2026 10:00:00 PM";"March 22, 2026 10:00:05 PM";;Ended OK;CRT : Export_TLC;;Command;No;1;No;CTMSRV;CRTCRT_J13TRT_04_Q;crtuser;wdkcrttcp01;wdkcrttcp01;3om5g
CRT-CRT;CRTCRT_J13TRT_04_Q;CRTCRT_J13TRT_04_EXP01_Q;"March 22, 2026";"March 22, 2026 10:00:00 PM";"March 22, 2026 10:00:05 PM";;Ended OK;CRT : Export_TLC;;Command;No;1;No;CTMSRV;CRTCRT_J13TRT_04_Q;crtuser;wdkcrttcp02;wdkcrttcp02;3om5h
CRT-CRT;CRTCRT_J13TRT_04_Q;CRTCRT_J13TRT_04_Q;"March 22, 2026";"March 22, 2026 1:30:09 PM";;;Executing;CRT : Batchs Frontaux CRT;;SMART Table;No;1;No;CTMSRV;CRTCRT_J13TRT_04_Q;crtuser;;;3om59
CRT-CRT;CRTCRT_J13TRT_04_Q;CRTCRT_J13TRT_04_WRK01_Q;"March 22, 2026";"March 23, 2026 8:06:00 AM";"March 23, 2026 8:06:02 AM";;Wait for Event;CRT : Suivi_Mémoire_Frontal_BACnet;;Command;No;1117;Yes;CTMSRV;CRTCRT_J13TRT_04_Q;crtuser;wdkcrtbcp03;wdkcrtbcp03;3om5c
CRT-CRT;CRTCRT_J13TRT_04_Q;CRTCRT_J13TRT_04_WRK01_Q;"March 22, 2026";"March 23, 2026 8:06:00 AM";"March 23, 2026 8:06:03 AM";;Wait for Event;CRT : Suivi_Mémoire_Frontal_BACnet;;Command;No;1117;Yes;CTMSRV;CRTCRT_J13TRT_04_Q;crtuser;wdkcrtbcp04;wdkcrtbcp04;3om5d
CRT-CRT;CRTCRT_J13TRT_04_Q;CRTCRT_J13TRT_04_WRK01_Q;"March 22, 2026";"March 23, 2026 8:06:00 AM";;;Executing;CRT : Suivi_Mémoire_Frontal_BACnet;;Command;No;1116;Yes;CTMSRV;CRTCRT_J13TRT_04_Q;crtuser;wdkcrtbcp01;wdkcrtbcp01;3om5a
CRT-CRT;CRTCRT_J13TRT_04_Q;CRTCRT_J13TRT_04_WRK01_Q;"March 22, 2026";"March 23, 2026 8:06:00 AM";;;Executing;CRT : Suivi_Mémoire_Frontal_BACnet;;Command;No;1117;Yes;CTMSRV;CRTCRT_J13TRT_04_Q;crtuser;wdkcrtbcp02;wdkcrtbcp02;3om5b
CRT-CRT;CRTCRT_J13TRT_04_Q;CRTCRT_J13TRT_04_WRK01_Q;"March 22, 2026";"March 23, 2026 8:06:00 AM";;;Executing;CRT : Suivi_Mémoire_Frontal_BACnet;;Command;No;1117;Yes;CTMSRV;CRTCRT_J13TRT_04_Q;crtuser;wdkcrtbcp05;wdkcrtbcp05;3om5e
CRT-CRT;CRTCRT_J13TRT_04_Q;CRTCRT_J13TRT_04_WRK02_Q;"March 22, 2026";;;;Wait Host;CRT : Suivi_Mémoire_Frontal_TeleMetry;;Command;No;0;Yes;CTMSRV;CRTCRT_J13TRT_04_Q;crtuser;wdkcrtcwp01;wdkcrtcwp01;3om5f
CRT-CRT;CRTCRT_J13TRT_04_Q;CRTCRT_J13TRT_04_WRK03_Q;"March 22, 2026";"March 23, 2026 8:06:00 AM";"March 23, 2026 8:06:02 AM";;Wait for Event;CRT : Suivi_Mémoire_Frontal_Trend;;Command;No;1117;Yes;CTMSRV;CRTCRT_J13TRT_04_Q;crtuser;wdkcrttdp01;wdkcrttdp01;3om5j
CRT-CRT;CRTCRT_J13TRT_04_Q;CRTCRT_J13TRT_04_WRK03_Q;"March 22, 2026";"March 23, 2026 8:06:00 AM";"March 23, 2026 8:06:02 AM";;Wait for Event;CRT : Suivi_Mémoire_Frontal_Trend;;Command;No;1117;Yes;CTMSRV;CRTCRT_J13TRT_04_Q;crtuser;wdkcrttdp02;wdkcrttdp02;3om5k
CRT-CRT;CRTCRT_J13TRT_04_Q;CRTCRT_J13TRT_04_WRK03_Q;"March 22, 2026";"March 23, 2026 8:06:00 AM";"March 23, 2026 8:06:02 AM";;Wait for Event;CRT : Suivi_Mémoire_Frontal_Trend;;Command;No;1117;Yes;CTMSRV;CRTCRT_J13TRT_04_Q;crtuser;wdkcrttdp04;wdkcrttdp04;3om5m
CRT-CRT;CRTCRT_J13TRT_04_Q;CRTCRT_J13TRT_04_WRK03_Q;"March 22, 2026";"March 23, 2026 8:06:00 AM";"March 23, 2026 8:06:02 AM";;Wait for Event;CRT : Suivi_Mémoire_Frontal_Trend;;Command;No;1117;Yes;CTMSRV;CRTCRT_J13TRT_04_Q;crtuser;wdkcrttdp06;wdkcrttdp06;3om5o
CRT-CRT;CRTCRT_J13TRT_04_Q;CRTCRT_J13TRT_04_WRK03_Q;"March 22, 2026";"March 23, 2026 8:06:00 AM";"March 23, 2026 8:06:03 AM";;Wait for Event;CRT : Suivi_Mémoire_Frontal_Trend;;Command;No;1117;Yes;CTMSRV;CRTCRT_J13TRT_04_Q;crtuser;wdkcrttdp03;wdkcrttdp03;3om5l
CRT-CRT;CRTCRT_J13TRT_04_Q;CRTCRT_J13TRT_04_WRK03_Q;"March 22, 2026";"March 23, 2026 8:06:00 AM";"March 23, 2026 8:06:03 AM";;Wait for Event;CRT : Suivi_Mémoire_Frontal_Trend;;Command;No;1117;Yes;CTMSRV;CRTCRT_J13TRT_04_Q;crtuser;wdkcrttdp05;wdkcrttdp05;3om5n
CRT-CRT;CRTCRT_J13TRT_04_Q;CRTCRT_J13TRT_04_WRK04_Q;"March 22, 2026";"March 23, 2026 8:06:00 AM";"March 23, 2026 8:06:02 AM";;Wait for Event;CRT : Suivi_Mémoire_Frontal_Telemetry;;Command;No;1117;Yes;CTMSRV;CRTCRT_J13TRT_04_Q;crtuser;wdkcrttmp02;wdkcrttmp02;3om5q
CRT-CRT;CRTCRT_J13TRT_04_Q;CRTCRT_J13TRT_04_WRK04_Q;"March 22, 2026";"March 23, 2026 8:06:00 AM";"March 23, 2026 8:06:03 AM";;Wait for Event;CRT : Suivi_Mémoire_Frontal_Telemetry;;Command;No;1117;Yes;CTMSRV;CRTCRT_J13TRT_04_Q;crtuser;wdkcrttmp01;wdkcrttmp01;3om5p
CRT-CRT;CRTCRT_J13TRT_04_Q;CRTCRT_J13TRT_04_WRK04_Q;"March 22, 2026";"March 23, 2026 8:06:00 AM";"March 23, 2026 8:06:03 AM";;Wait for Event;CRT : Suivi_Mémoire_Frontal_Telemetry;;Command;No;1117;Yes;CTMSRV;CRTCRT_J13TRT_04_Q;crtuser;wdkcrttmp03;wdkcrttmp03;3om5r
CRT-CRT;CRTCRT_J13TRT_04_Q;CRTCRT_J13TRT_04_WRK04_Q;"March 22, 2026";"March 23, 2026 8:06:00 AM";"March 23, 2026 8:06:03 AM";;Wait for Event;CRT : Suivi_Mémoire_Frontal_Telemetry;;Command;No;1117;Yes;CTMSRV;CRTCRT_J13TRT_04_Q;crtuser;wdkcrttmp04;wdkcrttmp04;3om5s
CRT-CRT;CRTCRT_J13TRT_04_Q;CRTCRT_J13TRT_04_WRK04_Q;"March 22, 2026";"March 23, 2026 8:06:00 AM";"March 23, 2026 8:06:03 AM";;Wait for Event;CRT : Suivi_Mémoire_Frontal_Telemetry;;Command;No;1117;Yes;CTMSRV;CRTCRT_J13TRT_04_Q;crtuser;wdkcrttmp05;wdkcrttmp05;3om5t
CTM-CONTROL-M;CTMCTM_E11AJF_08_A;CTMCTM_E11AJF_08_AJF01_A;"March 22, 2026";"March 22, 2026 1:30:12 PM";"March 22, 2026 1:30:12 PM";;Ended OK;AJF tables Annuelles (CTMPA);U512AJF010;Dummy;No;1;No;CTMSRV;CTMCTM_E11AJF_08_A;controlm;;SRV_PRIMAIRE;3old3
CTM-CONTROL-M;CTMCTM_E11AJF_08_H;CTMCTM_E11AJF_08_AJF01_H;"March 22, 2026";"March 22, 2026 1:30:35 PM";"March 22, 2026 1:30:35 PM";;Ended OK;AJF tables Hebdomadaires (CTMPH);U512AJF010;Dummy;No;1;No;CTMSRV;CTMCTM_E11AJF_08_H;controlm;;SRV_PRIMAIRE;3olr9
CTM-CONTROL-M;CTMCTM_E11AJF_08_H;CTMCTM_E11AJF_08_AJF03_H;"March 22, 2026";"March 22, 2026 1:30:36 PM";"March 22, 2026 1:30:36 PM";;Ended OK;AJF tables Hebdomadaires CSCPH (CSC);U512AJF556;Dummy;No;1;No;CTMSRV;CTMCTM_E11AJF_08_H;controlm;;SRV_PRIMAIRE;3olra
CTM-CONTROL-M;CTMCTM_E11AJF_08_H;CTMCTM_E11AJF_08_AJF04_H;"March 22, 2026";"March 22, 2026 1:30:37 PM";"March 22, 2026 1:30:37 PM";;Ended OK;AJF tables Hebdomadaires DIS (Dispatch);U512AJF556;Dummy;No;1;No;CTMSRV;CTMCTM_E11AJF_08_H;controlm;;SRV_PRIMAIRE;3olrb
CTM-CONTROL-M;CTMCTM_E11AJF_08_M;CTMCTM_E11AJF_08_AJF01_M;"March 22, 2026";"March 22, 2026 1:30:33 PM";"March 22, 2026 1:30:33 PM";;Ended OK;AJF tables Mensuelles (CTMPM);U512AJF010;Dummy;No;1;No;CTMSRV;CTMCTM_E11AJF_08_M;controlm;;SRV_PRIMAIRE;3olo7
CTM-CONTROL-M;CTMCTM_E11AJF_08_Q;CTMCTM_E11AJF_08_AJF01_Q;"March 22, 2026";"March 22, 2026 1:30:20 PM";"March 22, 2026 1:30:20 PM";;Ended OK;AJF tables Quotidiennes (CTMPQ);U512AJF010;Dummy;No;1;No;CTMSRV;CTMCTM_E11AJF_08_Q;controlm;;SRV_PRIMAIRE;3olkq
CTM-CONTROL-M;CTMCTM_E11AJF_08_Q;CTMCTM_E11AJF_08_AJF04_Q;"March 22, 2026";"March 22, 2026 1:30:13 PM";"March 22, 2026 1:30:13 PM";;Ended OK;AJF tables Quotidiennes ETRM;U512AJF025;Dummy;No;1;No;CTMSRV;CTMCTM_E11AJF_08_Q;controlm;;SRV_PRIMAIRE;3olkc
CTM-CONTROL-M;CTMCTM_E11AJF_08_Q;CTMCTM_E11AJF_08_AJF04_Q;"March 22, 2026";"March 22, 2026 1:30:32 PM";"March 22, 2026 1:30:32 PM";;Ended OK;AJF tables Quotidiennes ETRM;U512AJF025;Dummy;No;1;No;CTMSRV;CTMCTM_E11AJF_08_Q;controlm;;SRV_PRIMAIRE;3oll1
CTM-CONTROL-M;CTMCTM_E11AJF_08_Q;CTMCTM_E11AJF_08_AJF13_Q;"March 22, 2026";"March 22, 2026 1:30:14 PM";"March 22, 2026 1:30:14 PM";;Ended OK;AJF tables Journalieres matin ECO;U512AJF130;Dummy;No;1;No;CTMSRV;CTMCTM_E11AJF_08_Q;controlm;;SRV_PRIMAIRE;3olkd
CTM-CONTROL-M;CTMCTM_E11AJF_08_Q;CTMCTM_E11AJF_08_AJF15_Q;"March 22, 2026";"March 22, 2026 1:30:17 PM";"March 22, 2026 1:30:17 PM";;Ended OK;AJF tables Journalieres MDM;U512AJF170;Dummy;No;1;No;CTMSRV;CTMCTM_E11AJF_08_Q;controlm;;SRV_PRIMAIRE;3olke
CTM-CONTROL-M;CTMCTM_E11AJF_08_Q;CTMCTM_E11AJF_08_AJF20_Q;"March 22, 2026";"March 22, 2026 1:30:18 PM";"March 22, 2026 1:30:18 PM";;Ended OK;AJF tables Quotidiennes CID;U512AJF550;Dummy;No;1;No;CTMSRV;CTMCTM_E11AJF_08_Q;controlm;;SRV_PRIMAIRE;3olkf
CTM-CONTROL-M;CTMCTM_E11AJF_08_Q;CTMCTM_E11AJF_08_AJF21_Q;"March 22, 2026";"March 22, 2026 1:30:22 PM";"March 22, 2026 1:30:22 PM";;Ended OK;AJF tables Quoditiennes CID DEMANDE;U512AJF550;Dummy;No;1;No;CTMSRV;CTMCTM_E11AJF_08_Q;controlm;;SRV_PRIMAIRE;3olkg
CTM-CONTROL-M;CTMCTM_E11AJF_08_Q;CTMCTM_E11AJF_08_AJF23_Q;"March 22, 2026";"March 22, 2026 1:30:18 PM";"March 22, 2026 1:30:18 PM";;Ended OK;AJF tables Quotidiennes CSC;U512AJF556;Dummy;No;1;No;CTMSRV;CTMCTM_E11AJF_08_Q;controlm;;SRV_PRIMAIRE;3olkh
CTM-CONTROL-M;CTMCTM_E11AJF_08_Q;CTMCTM_E11AJF_08_AJF24_Q;"March 22, 2026";"March 22, 2026 1:31:00 PM";"March 22, 2026 1:31:00 PM";;Ended OK;ADD COND DWH a la montee au plan;U512AJF010;Dummy;No;1;No;CTMSRV;CTMCTM_E11AJF_08_Q;controlm;;SRV_PRIMAIRE;3olki
CTM-CONTROL-M;CTMCTM_E11AJF_08_Q;CTMCTM_E11AJF_08_AJF26_Q;"March 22, 2026";"March 22, 2026 1:31:01 PM";"March 22, 2026 1:31:01 PM";;Ended OK;AJF tables Journalieres matin DWH;U512AJF030;Dummy;No;1;No;CTMSRV;CTMCTM_E11AJF_08_Q;controlm;;SRV_PRIMAIRE;3olkj
CTM-CONTROL-M;CTMCTM_E11AJF_08_Q;CTMCTM_E11AJF_08_AJF27_Q;"March 22, 2026";"March 22, 2026 1:30:25 PM";"March 22, 2026 1:30:25 PM";;Ended OK;AJF tables Quotidiennes DISPATCH;U512AJF556;Dummy;No;1;No;CTMSRV;CTMCTM_E11AJF_08_Q;controlm;;SRV_PRIMAIRE;3olkr
CTM-CONTROL-M;CTMCTM_E11AJF_08_Q;CTMCTM_E11AJF_08_AJF39_Q;"March 22, 2026";"March 22, 2026 1:30:09 PM";"March 22, 2026 1:30:09 PM";;Ended OK;ADD COND SIGMA a la montee au plan;U512AJF010;Dummy;No;1;No;CTMSRV;CTMCTM_E11AJF_08_Q;controlm;;SRV_PRIMAIRE;3olkk
CTM-CONTROL-M;CTMCTM_E11AJF_08_Q;CTMCTM_E11AJF_08_AJF41_Q;"March 22, 2026";"March 22, 2026 1:30:13 PM";"March 22, 2026 1:30:13 PM";;Ended OK;AJF tables Journalieres matin SIGMA;U512AJF030;Dummy;No;1;No;CTMSRV;CTMCTM_E11AJF_08_Q;controlm;;SRV_PRIMAIRE;3olkl
CTM-CONTROL-M;CTMCTM_E11AJF_08_Q;CTMCTM_E11AJF_08_AJF432_Q;"March 22, 2026";"March 22, 2026 1:30:25 PM";"March 22, 2026 1:30:25 PM";;Ended OK;AJF tables Journalieres ENERGY sauf Samedi;U512AJF410;Dummy;No;1;No;CTMSRV;CTMCTM_E11AJF_08_Q;controlm;;SRV_PRIMAIRE;3olkt
CTM-CONTROL-M;CTMCTM_E11AJF_08_Q;CTMCTM_E11AJF_08_AJF47_Q;"March 22, 2026";"March 22, 2026 1:30:21 PM";"March 22, 2026 1:30:21 PM";;Ended OK;ADD COND OAP a la montee au plan;U512AJF010;Dummy;No;1;No;CTMSRV;CTMCTM_E11AJF_08_Q;controlm;;SRV_PRIMAIRE;3olkm
CTM-CONTROL-M;CTMCTM_E11AJF_08_Q;CTMCTM_E11AJF_08_AJF49_Q;"March 22, 2026";"March 22, 2026 1:30:24 PM";"March 22, 2026 1:30:24 PM";;Ended OK;AJF tables Journalieres matin OAP;U512AJF030;Dummy;No;1;No;CTMSRV;CTMCTM_E11AJF_08_Q;controlm;;SRV_PRIMAIRE;3olkn
CTM-CONTROL-M;CTMCTM_E11AJF_08_Q;CTMCTM_E11AJF_08_AJF53_Q;"March 22, 2026";"March 22, 2026 1:30:23 PM";"March 22, 2026 1:30:23 PM";;Ended OK;AJF tables Journalieres matin SIC;U512AJF420;Dummy;No;1;No;CTMSRV;CTMCTM_E11AJF_08_Q;controlm;;SRV_PRIMAIRE;3olko
CTM-CONTROL-M;CTMCTM_E11AJF_08_Q;CTMCTM_E11AJF_08_AJF55_Q;"March 22, 2026";"March 22, 2026 1:30:19 PM";"March 22, 2026 1:30:19 PM";;Ended OK;ADD COND OFA a la montee au plan;U512AJF010;Dummy;No;1;No;CTMSRV;CTMCTM_E11AJF_08_Q;controlm;;SRV_PRIMAIRE;3olkp
CTM-CONTROL-M;CTMCTM_E11AJF_08_Q;CTMCTM_E11AJF_08_AJF57_Q;"March 22, 2026";"March 22, 2026 1:30:26 PM";"March 22, 2026 1:30:26 PM";;Ended OK;CID : Order Force VACATION jours feries via steps;;Dummy;No;1;No;CTMSRV;CTMCTM_E11AJF_08_Q;controlm;;SRV_PRIMAIRE;3olks
CTM-CONTROL-M;CTMCTM_E11AJF_08_Q;CTMCTM_E11AJF_08_AJF58_Q;"March 22, 2026";"March 22, 2026 1:30:27 PM";"March 22, 2026 1:30:27 PM";;Ended OK;AJF tables Journalieres KDR;U512AJF170;Dummy;No;1;No;CTMSRV;CTMCTM_E11AJF_08_Q;controlm;;SRV_PRIMAIRE;3olku
CTM-CONTROL-M;CTMCTM_E11AJF_08_Q;CTMCTM_E11AJF_08_AJF59_Q;"March 22, 2026";"March 22, 2026 1:30:34 PM";"March 22, 2026 1:30:34 PM";;Ended OK;AJF tables Journalieres FINANCE;U512AJF170;Dummy;No;1;No;CTMSRV;CTMCTM_E11AJF_08_Q;controlm;;SRV_PRIMAIRE;3olkw
CTM-CONTROL-M;CTMCTM_E11AJF_08_Q;CTMCTM_E11AJF_08_AJF60_Q;"March 22, 2026";"March 22, 2026 1:30:28 PM";"March 22, 2026 1:30:28 PM";;Ended OK;AJF tables Journaliere PREDTR;U512AJF170;Dummy;No;1;No;CTMSRV;CTMCTM_E11AJF_08_Q;controlm;;SRV_PRIMAIRE;3olkv
CTM-CONTROL-M;CTMCTM_E11AJF_08_Q;CTMCTM_E11AJF_08_AJF61_Q;"March 22, 2026";"March 22, 2026 1:30:38 PM";"March 22, 2026 1:30:38 PM";;Ended OK;AJF tables Journalieres ARS;U512AJF170;Dummy;No;1;No;CTMSRV;CTMCTM_E11AJF_08_Q;controlm;;SRV_PRIMAIRE;3olkx
CTM-CONTROL-M;CTMCTM_E11AJF_08_Q;CTMCTM_E11AJF_08_AJF62_Q;"March 22, 2026";"March 22, 2026 1:30:29 PM";"March 22, 2026 1:30:29 PM";;Ended OK;AJF tables Journalieres MBB;U512AJF170;Dummy;No;1;No;CTMSRV;CTMCTM_E11AJF_08_Q;controlm;;SRV_PRIMAIRE;3olky
CTM-CONTROL-M;CTMCTM_E11AJF_08_Q;CTMCTM_E11AJF_08_AJF63_Q;"March 22, 2026";"March 22, 2026 1:30:30 PM";"March 22, 2026 1:30:30 PM";;Ended OK;AJF tables Quotidiennes GDR;U512AJF025;Dummy;No;1;No;CTMSRV;CTMCTM_E11AJF_08_Q;controlm;;SRV_PRIMAIRE;3olkz
CTM-CONTROL-M;CTMCTM_E11AJF_08_Q;CTMCTM_E11AJF_08_AJF64_Q;"March 22, 2026";"March 22, 2026 1:30:31 PM";"March 22, 2026 1:30:31 PM";;Ended OK;AJF tables Quotidiennes PKI;U512AJF025;Dummy;No;1;No;CTMSRV;CTMCTM_E11AJF_08_Q;controlm;;SRV_PRIMAIRE;3oll0
CTM-CONTROL-M;CTMCTM_E11STP_01_Q;CTMCTM_E11STP_01_SUB02_Q;"March 22, 2026";"March 22, 2026 8:00:00 PM";"March 22, 2026 8:00:00 PM";;Ended OK;Arret du serveur UDKEMB;ARRET_UDKEMB;Dummy;No;1;No;CTMSRV;CTMCTM_E11STP_01_Q;root;;;3okxv
CTM-CONTROL-M;CTMCTM_E11TEC_04_Q;CTMCTM_E11TEC_04_SUB01_Q;"March 22, 2026";"March 23, 2026 12:05:00 AM";"March 23, 2026 12:05:00 AM";;Ended OK;Soumission scripts DWH a 00h05;SUBT0005 DWH;Dummy;No;1;No;CTMSRV;CTMCTM_E11TEC_04_Q;svce_cm;;;3okpp
CTM-CONTROL-M;CTMCTM_E11TEC_04_Q;CTMCTM_E11TEC_04_SUB02_Q;"March 22, 2026";"March 23, 2026 2:00:00 AM";"March 23, 2026 2:00:00 AM";;Ended OK;Soumission scripts CITY a 01h00;CITY SUBT0200;Dummy;No;1;No;CTMSRV;CTMCTM_E11TEC_04_Q;svce_cm;;;3okpq
CTM-CONTROL-M;CTMCTM_E11TEC_04_Q;CTMCTM_E11TEC_04_SUB03_Q;"March 22, 2026";"March 23, 2026 3:00:00 AM";"March 23, 2026 3:00:00 AM";;Ended OK;Soumission deblocage scripts HERCULE a 03h00;HERCULE SUBT0300 start  prod;Dummy;No;1;No;CTMSRV;CTMCTM_E11TEC_04_Q;svce_cm;;;3okpr
CTM-CONTROL-M;CTMCTM_E11TEC_04_Q;CTMCTM_E11TEC_04_SUB10_Q;"March 22, 2026";"March 22, 2026 1:30:09 PM";"March 22, 2026 1:30:09 PM";;Ended OK;Soumission scripts a 13H30;SUBT1330;Dummy;No;1;No;CTMSRV;CTMCTM_E11TEC_04_Q;svce_cm;;;3okps
CTM-CONTROL-M;CTMCTM_E11TEC_04_Q;CTMCTM_E11TEC_04_SUB11_Q;"March 22, 2026";"March 22, 2026 2:00:00 PM";"March 22, 2026 2:00:00 PM";;Ended OK;Soumission scripts a 14h00;SUBT1400;Dummy;No;1;No;CTMSRV;CTMCTM_E11TEC_04_Q;svce_cm;;;3okpt
CTM-CONTROL-M;CTMCTM_E11TEC_04_Q;CTMCTM_E11TEC_04_SUB12_Q;"March 22, 2026";"March 22, 2026 3:00:00 PM";"March 22, 2026 3:00:00 PM";;Ended OK;Soumission scripts a 15h00;SUBT1500;Dummy;No;1;No;CTMSRV;CTMCTM_E11TEC_04_Q;svce_cm;;;3okpu
CTM-CONTROL-M;CTMCTM_E11TEC_04_Q;CTMCTM_E11TEC_04_SUB16_Q;"March 22, 2026";"March 23, 2026 6:00:00 AM";"March 23, 2026 6:00:00 AM";;Ended OK;Soumission start service HERCULE à 07h00;HERCULE SUBT0700 stop prod;Dummy;No;1;No;CTMSRV;CTMCTM_E11TEC_04_Q;root;;;3okpv
CTM-CONTROL-M;CTMCTM_E11TEC_04_Q;CTMCTM_E11TEC_04_SUB28_Q;"March 22, 2026";"March 22, 2026 2:00:00 PM";"March 22, 2026 2:00:00 PM";;Ended OK;Soumission scripts à 14h00;SUBT1400;Dummy;No;1;No;CTMSRV;CTMCTM_E11TEC_04_Q;root;;;3okpw
CTM-CONTROL-M;CTMCTM_E11TEC_04_Q;CTMCTM_E11TEC_04_SUB29_Q;"March 22, 2026";"March 22, 2026 3:00:00 PM";"March 22, 2026 3:00:00 PM";;Ended OK;Soumission scripts à 15h00;SUBT1500;Dummy;No;1;No;CTMSRV;CTMCTM_E11TEC_04_Q;root;;;3okpx
CTM-CONTROL-M;CTMCTM_E11TEC_04_Q;CTMCTM_E11TEC_04_SUB34_Q;"March 22, 2026";"March 22, 2026 9:30:00 PM";"March 22, 2026 9:30:00 PM";;Ended OK;Soumission scripts à 21H30;SUBT2130;Dummy;No;1;No;CTMSRV;CTMCTM_E11TEC_04_Q;root;;;3okpy
CTM-CONTROL-M;CTMCTM_E12AJF_08_Q;CTMCTM_E12AJF_08_ACC01_Q;"March 22, 2026";"March 22, 2026 3:00:00 PM";"March 22, 2026 3:00:22 PM";;Ended OK;Accumulation des statistiques control_m;U512AJF510;Command;No;1;No;CTMSRV;CTMCTM_E12AJF_08_Q;controlm;ldkctmp50;SRV_PRIMAIRE;3ol42
CTM-CONTROL-M;CTMCTM_E12AJF_08_Q;CTMCTM_E12AJF_08_DEL01_Q;"March 22, 2026";"March 22, 2026 1:30:13 PM";"March 22, 2026 1:31:15 PM";;Ended OK;Delete des conditions anterieures a 7 jours;U512AJF500;Command;No;1;No;CTMSRV;CTMCTM_E12AJF_08_Q;controlm;ldkctmp50;SRV_PRIMAIRE;3ol41
CTM-CONTROL-M;CTMCTM_E12AJF_08_Q;CTMCTM_E12AJF_08_EXT01_Q;"March 22, 2026";"March 22, 2026 6:45:00 PM";"March 22, 2026 6:45:04 PM";;Ended OK;ctmldnrs: creation fic. conditions AJF absentes nof U514;U512AJF800;Command;No;1;No;CTMSRV;CTMCTM_E12AJF_08_Q;controlm;ldkctmp50;SRV_PRIMAIRE;3ol48
CTM-CONTROL-M;CTMCTM_E12AJF_08_Q;CTMCTM_E12AJF_08_ORP01_Q;"March 22, 2026";"March 22, 2026 6:45:05 PM";"March 22, 2026 6:45:06 PM";;Ended OK;ctmldnrs: load des conditions AJF absentes (VEH*);U512AJF820;Command;No;1;No;CTMSRV;CTMCTM_E12AJF_08_Q;controlm;ldkctmp50;SRV_PRIMAIRE;3ol49
CTM-CONTROL-M;CTMCTM_E12AJF_08_Q;CTMCTM_E12AJF_08_ORP02_Q;"March 22, 2026";"March 22, 2026 6:45:07 PM";"March 22, 2026 6:45:07 PM";;Ended OK;ctmldnrs: load des conditions AJF absentes (PRE*);U512AJF810;Command;No;1;No;CTMSRV;CTMCTM_E12AJF_08_Q;controlm;ldkctmp50;SRV_PRIMAIRE;3ol43
CTM-CONTROL-M;CTMCTM_E12AJF_08_Q;CTMCTM_E12AJF_08_ORP03_Q;"March 22, 2026";"March 22, 2026 6:45:08 PM";"March 22, 2026 6:45:09 PM";;Ended OK;ctmldnrs: load des conditions AJF absentes (CID*);U512AJF811;Command;No;1;No;CTMSRV;CTMCTM_E12AJF_08_Q;controlm;ldkctmp50;SRV_PRIMAIRE;3ol44
CTM-CONTROL-M;CTMCTM_E12AJF_08_Q;CTMCTM_E12AJF_08_ORP04_Q;"March 22, 2026";"March 22, 2026 6:45:09 PM";"March 22, 2026 6:45:10 PM";;Ended OK;ctmldnrs: load des conditions AJF absentes (EAI*);U512AJF812;Command;No;1;No;CTMSRV;CTMCTM_E12AJF_08_Q;controlm;ldkctmp50;SRV_PRIMAIRE;3ol45
CTM-CONTROL-M;CTMCTM_E12AJF_08_Q;CTMCTM_E12AJF_08_ORP05_Q;"March 22, 2026";"March 22, 2026 6:45:10 PM";"March 22, 2026 6:45:11 PM";;Ended OK;ctmldnrs: load des conditions AJF absentes (ETR*);U512AJF813;Command;No;1;No;CTMSRV;CTMCTM_E12AJF_08_Q;controlm;ldkctmp50;SRV_PRIMAIRE;3ol46
CTM-CONTROL-M;CTMCTM_E12AJF_08_Q;CTMCTM_E12AJF_08_ORP06_Q;"March 22, 2026";"March 22, 2026 6:45:12 PM";"March 22, 2026 6:45:13 PM";;Ended OK;ctmldnrs: load des conditions AJF absentes (BOC*);U512AJF815;Command;No;1;No;CTMSRV;CTMCTM_E12AJF_08_Q;controlm;ldkctmp50;SRV_PRIMAIRE;3ol47
CTM-CONTROL-M;CTMCTM_E12AJF_08_Q;CTMCTM_E12AJF_08_ORP07_Q;"March 22, 2026";"March 22, 2026 6:45:13 PM";"March 22, 2026 6:45:14 PM";;Ended OK;ctmldnrs: load des conditions AJF absentes (OAP*);AJF_CTM_860;Command;No;1;No;CTMSRV;CTMCTM_E12AJF_08_Q;controlm;ldkctmp50;SRV_PRIMAIRE;3ol4f
CTM-CONTROL-M;CTMCTM_E12AJF_08_Q;CTMCTM_E12AJF_08_ORP08_Q;"March 22, 2026";"March 22, 2026 6:45:14 PM";"March 22, 2026 6:45:15 PM";;Ended OK;ctmldnrs: load des conditions AJF absentes (ECO*);AJF_CTM_820;Command;No;1;No;CTMSRV;CTMCTM_E12AJF_08_Q;controlm;ldkctmp50;SRV_PRIMAIRE;3ol4b
CTM-CONTROL-M;CTMCTM_E12AJF_08_Q;CTMCTM_E12AJF_08_ORP09_Q;"March 22, 2026";"March 22, 2026 6:45:16 PM";"March 22, 2026 6:45:17 PM";;Ended OK;ctmldnrs: load des conditions AJF absentes (XFB*);AJF_CTM_830;Command;No;1;No;CTMSRV;CTMCTM_E12AJF_08_Q;controlm;ldkctmp50;SRV_PRIMAIRE;3ol4c
CTM-CONTROL-M;CTMCTM_E12AJF_08_Q;CTMCTM_E12AJF_08_ORP10_Q;"March 22, 2026";"March 22, 2026 6:45:17 PM";"March 22, 2026 6:45:18 PM";;Ended OK;ctmldnrs: load des conditions AJF absentes (ALA*);AJF_CTM_840;Command;No;1;No;CTMSRV;CTMCTM_E12AJF_08_Q;controlm;ldkctmp50;SRV_PRIMAIRE;3ol4d
CTM-CONTROL-M;CTMCTM_E12AJF_08_Q;CTMCTM_E12AJF_08_ORP11_Q;"March 22, 2026";"March 22, 2026 6:45:18 PM";"March 22, 2026 6:45:19 PM";;Ended OK;ctmldnrs: load des conditions AJF absentes (SIG*);AJF_CTM_850;Command;No;1;No;CTMSRV;CTMCTM_E12AJF_08_Q;controlm;ldkctmp50;SRV_PRIMAIRE;3ol4e
CTM-CONTROL-M;CTMCTM_E12AJF_08_Q;CTMCTM_E12AJF_08_ORP12_Q;"March 22, 2026";"March 22, 2026 6:45:20 PM";"March 22, 2026 6:45:21 PM";;Ended OK;ctmldnrs: load des conditions AJF absentes (SAG*);AJF_CTM_850;Command;No;1;No;CTMSRV;CTMCTM_E12AJF_08_Q;controlm;ldkctmp50;SRV_PRIMAIRE;3ol4g
CTM-CONTROL-M;CTMCTM_E12AJF_08_Q;CTMCTM_E12AJF_08_ORP13_Q;"March 22, 2026";"March 22, 2026 6:45:21 PM";"March 22, 2026 6:45:22 PM";;Ended OK;ctmldnrs: load des conditions AJF absentes (HRA*);AJF_CTM_850;Command;No;1;No;CTMSRV;CTMCTM_E12AJF_08_Q;controlm;ldkctmp50;SRV_PRIMAIRE;3ol4h
CTM-CONTROL-M;CTMCTM_E12AJF_08_Q;CTMCTM_E12AJF_08_ORP14_Q;"March 22, 2026";"March 22, 2026 6:45:23 PM";"March 22, 2026 6:45:24 PM";;Ended OK;ctmldnrs: load des conditions AJF absentes (DWH*);AJF_CTM_850;Command;No;1;No;CTMSRV;CTMCTM_E12AJF_08_Q;controlm;ldkctmp50;SRV_PRIMAIRE;3ol4i
CTM-CONTROL-M;CTMCTM_E12AJF_08_Q;CTMCTM_E12AJF_08_ORP15_Q;"March 22, 2026";"March 22, 2026 6:45:25 PM";"March 22, 2026 6:45:25 PM";;Ended OK;ctmldnrs: load des conditions AJF absentes (CSC*);AJF_CTM_850;Command;No;1;No;CTMSRV;CTMCTM_E12AJF_08_Q;controlm;ldkctmp50;SRV_PRIMAIRE;3ol4j
CTM-CONTROL-M;CTMCTM_E12AJF_08_Q;CTMCTM_E12AJF_08_ORP16_Q;"March 22, 2026";"March 22, 2026 6:45:25 PM";"March 22, 2026 6:45:26 PM";;Ended OK;ctmldnrs: load des conditions AJF absentes (MDM*);AJF_CTM_850;Command;No;1;No;CTMSRV;CTMCTM_E12AJF_08_Q;controlm;ldkctmp50;SRV_PRIMAIRE;3ol4k
CTM-CONTROL-M;CTMCTM_E12AJF_08_Q;CTMCTM_E12AJF_08_ORP17_Q;"March 22, 2026";"March 22, 2026 6:45:26 PM";"March 22, 2026 6:45:27 PM";;Ended OK;ctmldnrs: load des conditions AJF absentes (HA8*);AJF_CTM_850;Command;No;1;No;CTMSRV;CTMCTM_E12AJF_08_Q;controlm;ldkctmp50;SRV_PRIMAIRE;3ol4l
CTM-CONTROL-M;CTMCTM_E12AJF_08_Q;CTMCTM_E12AJF_08_ORP18_Q;"March 22, 2026";"March 22, 2026 6:45:28 PM";"March 22, 2026 6:45:31 PM";;Ended OK;ctmldnrs: load des conditions AJF absentes (NRJ*);AJF_CTM_850;Command;No;1;No;CTMSRV;CTMCTM_E12AJF_08_Q;controlm;ldkctmp50;SRV_PRIMAIRE;3ol4m
CTM-CONTROL-M;CTMCTM_E12AJF_08_Q;CTMCTM_E12AJF_08_ORP19_Q;"March 22, 2026";"March 22, 2026 6:45:31 PM";"March 22, 2026 6:45:32 PM";;Ended OK;ctmldnrs: load des conditions AJF absentes (OAF*);AJF_CTM_850;Command;No;1;No;CTMSRV;CTMCTM_E12AJF_08_Q;controlm;ldkctmp50;SRV_PRIMAIRE;3ol4n
CTM-CONTROL-M;CTMCTM_E12AJF_08_Q;CTMCTM_E12AJF_08_ORP20_Q;"March 22, 2026";"March 22, 2026 6:45:33 PM";"March 22, 2026 6:45:34 PM";;Ended OK;ctmldnrs: load des conditions AJF absentes (OPM*);AJF_CTM_850;Command;No;1;No;CTMSRV;CTMCTM_E12AJF_08_Q;controlm;ldkctmp50;SRV_PRIMAIRE;3ol4o
CTM-CONTROL-M;CTMCTM_E12AJF_08_Q;CTMCTM_E12AJF_08_ORP21_Q;"March 22, 2026";"March 22, 2026 6:45:35 PM";"March 22, 2026 6:45:36 PM";;Ended OK;ctmldnrs: load des conditions AJF absentes (OAA*);AJF_CTM_850;Command;No;1;No;CTMSRV;CTMCTM_E12AJF_08_Q;controlm;ldkctmp50;SRV_PRIMAIRE;3ol4p
CTM-CONTROL-M;CTMCTM_E12AJF_08_Q;CTMCTM_E12AJF_08_ORP22_Q;"March 22, 2026";"March 22, 2026 6:45:36 PM";"March 22, 2026 6:45:37 PM";;Ended OK;ctmldnrs: load des conditions AJF absentes (PRO*);AJF_CTM_850;Command;No;1;No;CTMSRV;CTMCTM_E12AJF_08_Q;controlm;ldkctmp50;SRV_PRIMAIRE;3ol4q
CTM-CONTROL-M;CTMCTM_E12AJF_08_Q;CTMCTM_E12AJF_08_ORP23_Q;"March 22, 2026";"March 22, 2026 6:45:38 PM";"March 22, 2026 6:45:39 PM";;Ended OK;ctmldnrs: load des conditions AJF absentes (DWS*);AJF_CTM_850;Command;No;1;No;CTMSRV;CTMCTM_E12AJF_08_Q;controlm;ldkctmp50;SRV_PRIMAIRE;3ol4r
CTM-CONTROL-M;CTMCTM_E12AJF_08_Q;CTMCTM_E12AJF_08_ORP24_Q;"March 22, 2026";"March 22, 2026 6:45:40 PM";"March 22, 2026 6:45:40 PM";;Ended OK;ctmldnrs: load des conditions AJF absentes (DWA*);AJF_CTM_850;Command;No;1;No;CTMSRV;CTMCTM_E12AJF_08_Q;controlm;ldkctmp50;SRV_PRIMAIRE;3ol4s
CTM-CONTROL-M;CTMCTM_E12AJF_08_Q;CTMCTM_E12AJF_08_ORP25_Q;"March 22, 2026";"March 22, 2026 6:45:41 PM";"March 22, 2026 6:45:42 PM";;Ended OK;ctmldnrs: load des conditions AJF absentes (DWF*);AJF_CTM_850;Command;No;1;No;CTMSRV;CTMCTM_E12AJF_08_Q;controlm;ldkctmp50;SRV_PRIMAIRE;3ol4t
CTM-CONTROL-M;CTMCTM_E12AJF_08_Q;CTMCTM_E12AJF_08_ORP26_Q;"March 22, 2026";"March 22, 2026 6:45:43 PM";"March 22, 2026 6:45:44 PM";;Ended OK;ctmldnrs: load des conditions AJF absentes (OPT*);AJF_CTM_850;Command;No;1;No;CTMSRV;CTMCTM_E12AJF_08_Q;controlm;ldkctmp50;SRV_PRIMAIRE;3ol4u
CTM-CONTROL-M;CTMCTM_E12AJF_08_Q;CTMCTM_E12AJF_08_ORP27_Q;"March 22, 2026";"March 22, 2026 6:45:45 PM";"March 22, 2026 6:45:46 PM";;Ended OK;ctmldnrs: load des conditions AJF absentes (GTG*);AJF_CTM_850;Command;No;1;No;CTMSRV;CTMCTM_E12AJF_08_Q;controlm;ldkctmp50;SRV_PRIMAIRE;3ol4v
CTM-CONTROL-M;CTMCTM_E12AJF_08_Q;CTMCTM_E12AJF_08_ORP28_Q;"March 22, 2026";"March 22, 2026 6:45:46 PM";"March 22, 2026 6:45:47 PM";;Ended OK;ctmldnrs: load des conditions AJF absentes (ARI*);AJF_CTM_850;Command;No;1;No;CTMSRV;CTMCTM_E12AJF_08_Q;controlm;ldkctmp50;SRV_PRIMAIRE;3ol4w
CTM-CONTROL-M;CTMCTM_E12AJF_08_Q;CTMCTM_E12AJF_08_ORP29_Q;"March 22, 2026";"March 22, 2026 6:45:48 PM";"March 22, 2026 6:45:49 PM";;Ended OK;ctmldnrs: load des conditions AJF absentes (SRV*);AJF_CTM_850;Command;No;1;No;CTMSRV;CTMCTM_E12AJF_08_Q;controlm;ldkctmp50;SRV_PRIMAIRE;3ol4x
CTM-CONTROL-M;CTMCTM_E12AJF_08_Q;CTMCTM_E12AJF_08_ORP30_Q;"March 22, 2026";"March 22, 2026 6:45:50 PM";"March 22, 2026 6:45:50 PM";;Ended OK;ctmldnrs: load des conditions AJF absentes (FST*);AJF_CTM_850;Command;No;1;No;CTMSRV;CTMCTM_E12AJF_08_Q;controlm;ldkctmp50;SRV_PRIMAIRE;3ol4y
CTM-CONTROL-M;CTMCTM_E12AJF_08_Q;CTMCTM_E12AJF_08_ORP31_Q;"March 22, 2026";"March 22, 2026 6:45:51 PM";"March 22, 2026 6:45:52 PM";;Ended OK;ctmldnrs: load des conditions AJF absentes (PIC*);AJF_CTM_850;Command;No;1;No;CTMSRV;CTMCTM_E12AJF_08_Q;controlm;ldkctmp50;SRV_PRIMAIRE;3ol4z
CTM-CONTROL-M;CTMCTM_E12AJF_08_Q;CTMCTM_E12AJF_08_ORP32_Q;"March 22, 2026";"March 22, 2026 6:45:53 PM";"March 22, 2026 6:45:54 PM";;Ended OK;ctmldnrs: load des conditions AJF absentes (SES*);AJF_CTM_850;Command;No;1;No;CTMSRV;CTMCTM_E12AJF_08_Q;controlm;ldkctmp50;SRV_PRIMAIRE;3ol50
CTM-CONTROL-M;CTMCTM_E12AJF_08_Q;CTMCTM_E12AJF_08_ORP33_Q;"March 22, 2026";"March 22, 2026 6:45:55 PM";"March 22, 2026 6:45:56 PM";;Ended OK;ctmldnrs: load des conditions AJF absentes (DIS*);AJF_CTM_850;Command;No;1;No;CTMSRV;CTMCTM_E12AJF_08_Q;controlm;ldkctmp50;SRV_PRIMAIRE;3ol51
CTM-CONTROL-M;CTMCTM_E12AJF_08_Q;CTMCTM_E12AJF_08_ORP34_Q;"March 22, 2026";"March 22, 2026 6:45:56 PM";"March 22, 2026 6:45:57 PM";;Ended OK;ctmldnrs: load des conditions AJF absentes (DIC*);AJF_CTM_850;Command;No;1;No;CTMSRV;CTMCTM_E12AJF_08_Q;controlm;ldkctmp50;SRV_PRIMAIRE;3ol52
CTM-CONTROL-M;CTMCTM_E12AJF_08_Q;CTMCTM_E12AJF_08_ORP35_Q;"March 22, 2026";"March 22, 2026 6:45:58 PM";"March 22, 2026 6:45:59 PM";;Ended OK;ctmldnrs: load des conditions AJF absentes (HAM*);AJF_CTM_850;Command;No;1;No;CTMSRV;CTMCTM_E12AJF_08_Q;controlm;ldkctmp50;SRV_PRIMAIRE;3ol53
CTM-CONTROL-M;CTMCTM_E12AJF_08_Q;CTMCTM_E12AJF_08_ORP36_Q;"March 22, 2026";"March 22, 2026 6:46:00 PM";"March 22, 2026 6:46:01 PM";;Ended OK;ctmldnrs: load des conditions AJF absentes (DWC*);AJF_CTM_850;Command;No;1;No;CTMSRV;CTMCTM_E12AJF_08_Q;controlm;ldkctmp50;SRV_PRIMAIRE;3ol54
CTM-CONTROL-M;CTMCTM_E12AJF_08_Q;CTMCTM_E12AJF_08_ORP37_Q;"March 22, 2026";"March 22, 2026 6:46:01 PM";"March 22, 2026 6:46:02 PM";;Ended OK;ctmldnrs: load des conditions AJF absentes (DTR*);AJF_CTM_850;Command;No;1;No;CTMSRV;CTMCTM_E12AJF_08_Q;controlm;ldkctmp50;SRV_PRIMAIRE;3ol55
CTM-CONTROL-M;CTMCTM_E12AJF_08_Q;CTMCTM_E12AJF_08_ORP38_Q;"March 22, 2026";"March 22, 2026 6:46:03 PM";"March 22, 2026 6:46:05 PM";;Ended OK;ctmldnrs: load des conditions AJF absentes (PEL*);AJF_CTM_850;Command;No;1;No;CTMSRV;CTMCTM_E12AJF_08_Q;controlm;ldkctmp50;SRV_PRIMAIRE;3ol56
CTM-CONTROL-M;CTMCTM_E12AJF_08_Q;CTMCTM_E12AJF_08_ORP39_Q;"March 22, 2026";"March 22, 2026 6:46:06 PM";"March 22, 2026 6:46:07 PM";;Ended OK;ctmldnrs: load des conditions AJF absentes (HAV*);AJF_CTM_850;Command;No;1;No;CTMSRV;CTMCTM_E12AJF_08_Q;controlm;ldkctmp50;SRV_PRIMAIRE;3ol57
CTM-CONTROL-M;CTMCTM_E12AJF_08_Q;CTMCTM_E12AJF_08_ORP40_Q;"March 22, 2026";"March 22, 2026 6:46:07 PM";"March 22, 2026 6:46:08 PM";;Ended OK;ctmldnrs: load des conditions AJF absentes (HO*) HOLD et HOLD2;AJF_CTM_850;Command;No;1;No;CTMSRV;CTMCTM_E12AJF_08_Q;controlm;ldkctmp50;SRV_PRIMAIRE;3ol58
CTM-CONTROL-M;CTMCTM_E12AJF_08_Q;CTMCTM_E12AJF_08_ORP41_Q;"March 22, 2026";"March 22, 2026 6:46:09 PM";"March 22, 2026 6:46:10 PM";;Ended OK;ctmldnrs: load des conditions AJF absentes (SIC*);AJF_CTM_850;Command;No;1;No;CTMSRV;CTMCTM_E12AJF_08_Q;controlm;ldkctmp50;SRV_PRIMAIRE;3ol59
CTM-CONTROL-M;CTMCTM_E12AJF_08_Q;CTMCTM_E12AJF_08_ORP42_Q;"March 22, 2026";"March 22, 2026 6:46:11 PM";"March 22, 2026 6:46:12 PM";;Ended OK;ctmldnrs: load des conditions AJF absentes (OFA*);AJF_CTM_850;Command;No;1;No;CTMSRV;CTMCTM_E12AJF_08_Q;controlm;ldkctmp50;SRV_PRIMAIRE;3ol5a
CTM-CONTROL-M;CTMCTM_E12AJF_08_Q;CTMCTM_E12AJF_08_ORP43_Q;"March 22, 2026";"March 22, 2026 6:46:12 PM";"March 22, 2026 6:46:13 PM";;Ended OK;ctmldnrs: load des conditions AJF absentes (AGG*);AJF_CTM_850;Command;No;1;No;CTMSRV;CTMCTM_E12AJF_08_Q;controlm;ldkctmp50;SRV_PRIMAIRE;3ol5b
CTM-CONTROL-M;CTMCTM_E12AJF_08_Q;CTMCTM_E12AJF_08_ORP44_Q;"March 22, 2026";"March 22, 2026 6:46:14 PM";"March 22, 2026 6:46:15 PM";;Ended OK;ctmldnrs: load des conditions AJF absentes (GRT*);AJF_CTM_850;Command;No;1;No;CTMSRV;CTMCTM_E12AJF_08_Q;controlm;ldkctmp50;SRV_PRIMAIRE;3ol5c
CTM-CONTROL-M;CTMCTM_E12AJF_08_Q;CTMCTM_E12AJF_08_ORP45_Q;"March 22, 2026";"March 22, 2026 6:46:16 PM";"March 22, 2026 6:46:17 PM";;Ended OK;ctmldnrs: load des conditions AJF absentes (NSI*);AJF_CTM_850;Command;No;1;No;CTMSRV;CTMCTM_E12AJF_08_Q;controlm;ldkctmp50;SRV_PRIMAIRE;3ol5d
CTM-CONTROL-M;CTMCTM_E12AJF_08_Q;CTMCTM_E12AJF_08_ORP46_Q;"March 22, 2026";"March 22, 2026 6:46:17 PM";"March 22, 2026 6:46:18 PM";;Ended OK;ctmldnrs: load des conditions AJF absentes (C2E*);AJF_CTM_850;Command;No;1;No;CTMSRV;CTMCTM_E12AJF_08_Q;controlm;ldkctmp50;SRV_PRIMAIRE;3ol5e
CTM-CONTROL-M;CTMCTM_E12AJF_08_Q;CTMCTM_E12AJF_08_ORP47_Q;"March 22, 2026";"March 22, 2026 6:46:19 PM";"March 22, 2026 6:46:20 PM";;Ended OK;ctmldnrs: load des conditions AJF absentes (MYD*);AJF_CTM_850;Command;No;1;No;CTMSRV;CTMCTM_E12AJF_08_Q;controlm;ldkctmp50;SRV_PRIMAIRE;3ol5f
CTM-CONTROL-M;CTMCTM_E12AJF_08_Q;CTMCTM_E12AJF_08_ORP48_Q;"March 22, 2026";"March 22, 2026 6:46:21 PM";"March 22, 2026 6:46:22 PM";;Ended OK;ctmldnrs: load des conditions AJF absentes (DEC*);AJF_CTM_850;Command;No;1;No;CTMSRV;CTMCTM_E12AJF_08_Q;controlm;ldkctmp50;SRV_PRIMAIRE;3ol5g
CTM-CONTROL-M;CTMCTM_E12AJF_08_Q;CTMCTM_E12AJF_08_ORP49_Q;"March 22, 2026";"March 22, 2026 6:46:22 PM";"March 22, 2026 6:46:23 PM";;Ended OK;ctmldnrs: load des conditions AJF absentes (CTX*);AJF_CTM_850;Command;No;1;No;CTMSRV;CTMCTM_E12AJF_08_Q;controlm;ldkctmp50;SRV_PRIMAIRE;3ol5h
CTM-CONTROL-M;CTMCTM_E12AJF_08_Q;CTMCTM_E12AJF_08_ORP50_Q;"March 22, 2026";"March 22, 2026 6:46:24 PM";"March 22, 2026 6:46:25 PM";;Ended OK;ctmldnrs: load des conditions AJF absentes (FAX*);AJF_CTM_850;Command;No;1;No;CTMSRV;CTMCTM_E12AJF_08_Q;controlm;ldkctmp50;SRV_PRIMAIRE;3ol5i
CTM-CONTROL-M;CTMCTM_E12AJF_08_Q;CTMCTM_E12AJF_08_ORP51_Q;"March 22, 2026";"March 22, 2026 6:46:26 PM";"March 22, 2026 6:46:26 PM";;Ended OK;ctmldnrs: load des conditions AJF absentes (ALP*);AJF_CTM_850;Command;No;1;No;CTMSRV;CTMCTM_E12AJF_08_Q;controlm;ldkctmp50;SRV_PRIMAIRE;3ol5j
CTM-CONTROL-M;CTMCTM_E12AJF_08_Q;CTMCTM_E12AJF_08_ORP52_Q;"March 22, 2026";"March 22, 2026 6:46:27 PM";"March 22, 2026 6:46:28 PM";;Ended OK;ctmldnrs: load des conditions AJF absentes (HAD*);AJF_CTM_850;Command;No;1;No;CTMSRV;CTMCTM_E12AJF_08_Q;controlm;ldkctmp50;SRV_PRIMAIRE;3ol5k
CTM-CONTROL-M;CTMCTM_E12AJF_08_Q;CTMCTM_E12AJF_08_ORP53_Q;"March 22, 2026";"March 22, 2026 6:46:29 PM";"March 22, 2026 6:46:30 PM";;Ended OK;ctmldnrs: load des conditions AJF absentes (BDM*);AJF_CTM_850;Command;No;1;No;CTMSRV;CTMCTM_E12AJF_08_Q;controlm;ldkctmp50;SRV_PRIMAIRE;3ol5l
CTM-CONTROL-M;CTMCTM_E12AJF_08_Q;CTMCTM_E12AJF_08_ORP54_Q;"March 22, 2026";"March 22, 2026 6:46:31 PM";"March 22, 2026 6:46:32 PM";;Ended OK;ctmldnrs: load des conditions AJF absentes (BAB*);AJF_CTM_850;Command;No;1;No;CTMSRV;CTMCTM_E12AJF_08_Q;controlm;ldkctmp50;SRV_PRIMAIRE;3ol5m
CTM-CONTROL-M;CTMCTM_E12AJF_08_Q;CTMCTM_E12AJF_08_ORP55_Q;"March 22, 2026";"March 22, 2026 6:46:32 PM";"March 22, 2026 6:46:33 PM";;Ended OK;ctmldnrs: load des conditions AJF absentes (ECA*);AJF_CTM_850;Command;No;1;No;CTMSRV;CTMCTM_E12AJF_08_Q;controlm;ldkctmp50;SRV_PRIMAIRE;3ol5n
CTM-CONTROL-M;CTMCTM_E12AJF_08_Q;CTMCTM_E12AJF_08_ORP56_Q;"March 22, 2026";"March 22, 2026 6:46:34 PM";"March 22, 2026 6:46:35 PM";;Ended OK;ctmldnrs: load des conditions AJF absentes (CTM*);AJF_CTM_850;Command;No;1;No;CTMSRV;CTMCTM_E12AJF_08_Q;controlm;ldkctmp50;SRV_PRIMAIRE;3ol5o
CTM-CONTROL-M;CTMCTM_E12AJF_08_Q;CTMCTM_E12AJF_08_ORP57_Q;"March 22, 2026";"March 22, 2026 6:46:35 PM";"March 22, 2026 6:46:36 PM";;Ended OK;ctmldnrs: load des conditions AJF absentes (NES*);AJF_CTM_850;Command;No;1;No;CTMSRV;CTMCTM_E12AJF_08_Q;controlm;ldkctmp50;SRV_PRIMAIRE;3ol5p
CTM-CONTROL-M;CTMCTM_E12AJF_08_Q;CTMCTM_E12AJF_08_ORP58_Q;"March 22, 2026";"March 22, 2026 6:46:37 PM";"March 22, 2026 6:46:38 PM";;Ended OK;ctmldnrs: load des conditions AJF absentes (V4D*);CTMCTM_E12AJF_08_ORP58_Q;Command;No;1;No;CTMSRV;CTMCTM_E12AJF_08_Q;controlm;ldkctmp50;SRV_PRIMAIRE;3ol5r
CTM-CONTROL-M;CTMCTM_E12AJF_08_Q;CTMCTM_E12AJF_08_ORP59_Q;"March 22, 2026";"March 22, 2026 6:46:38 PM";"March 22, 2026 6:46:39 PM";;Ended OK;ctmldnrs: load des conditions AJF absentes (REF*);CTMCTM_E12AJF_08_ORP59_Q;Command;No;1;No;CTMSRV;CTMCTM_E12AJF_08_Q;controlm;ldkctmp50;SRV_PRIMAIRE;3ol5q
CTM-CONTROL-M;CTMCTM_E12AJF_08_Q;CTMCTM_E12AJF_08_ORP60_Q;"March 22, 2026";"March 22, 2026 6:46:39 PM";"March 22, 2026 6:46:40 PM";;Ended OK;ctmldnrs: load des conditions AJF absentes (CIT*);CTMCTM_E12AJF_08_ORP60_Q;Command;No;1;No;CTMSRV;CTMCTM_E12AJF_08_Q;controlm;ldkctmp50;SRV_PRIMAIRE;3ol5t
CTM-CONTROL-M;CTMCTM_E12AJF_08_Q;CTMCTM_E12AJF_08_ORP61_Q;"March 22, 2026";"March 22, 2026 6:46:41 PM";"March 22, 2026 6:46:42 PM";;Ended OK;ctmldnrs: load des conditions AJF absentes (HEC*);CTMCTM_E12AJF_08_ORP61_Q;Command;No;1;No;CTMSRV;CTMCTM_E12AJF_08_Q;controlm;ldkctmp50;SRV_PRIMAIRE;3ol5s
CTM-CONTROL-M;CTMCTM_E12AJF_08_Q;CTMCTM_E12AJF_08_ORP62_Q;"March 22, 2026";"March 22, 2026 6:46:35 PM";"March 22, 2026 6:46:36 PM";;Ended OK;ctmldnrs: load des conditions AJF absentes (CEL*);CTMCTM_E12AJF_08_ORP62_Q;Command;No;1;No;CTMSRV;CTMCTM_E12AJF_08_Q;controlm;ldkctmp50;SRV_PRIMAIRE;3ol5u
CTM-CONTROL-M;CTMCTM_E12AJF_08_Q;CTMCTM_E12AJF_08_ORP63_Q;"March 22, 2026";"March 22, 2026 6:46:35 PM";"March 22, 2026 6:46:36 PM";;Ended OK;ctmldnrs: load des conditions AJF absentes (GTN*);CTMCTM_E12AJF_08_ORP62_Q;Command;No;1;No;CTMSRV;CTMCTM_E12AJF_08_Q;controlm;ldkctmp50;SRV_PRIMAIRE;3ol5v
CTM-CONTROL-M;CTMCTM_E12AJF_08_Q;CTMCTM_E12AJF_08_ORP64_Q;"March 22, 2026";"March 22, 2026 6:46:36 PM";"March 22, 2026 6:46:37 PM";;Ended OK;ctmldnrs: load des conditions AJF absentes (FIN*);CTMCTM_E12AJF_08_ORP62_Q;Command;No;1;No;CTMSRV;CTMCTM_E12AJF_08_Q;controlm;ldkctmp50;SRV_PRIMAIRE;3ol5w
CTM-CONTROL-M;CTMCTM_E12AJF_08_Q;CTMCTM_E12AJF_08_ORP65_Q;"March 22, 2026";"March 22, 2026 6:46:38 PM";"March 22, 2026 6:46:39 PM";;Ended OK;ctmldnrs: load des conditions AJF absentes (PFE*);CTMCTM_E12AJF_08_ORP62_Q;Command;No;1;No;CTMSRV;CTMCTM_E12AJF_08_Q;controlm;ldkctmp50;SRV_PRIMAIRE;3ol5x
CTM-CONTROL-M;CTMCTM_E12AJF_08_Q;CTMCTM_E12AJF_08_ORP66_Q;"March 22, 2026";"March 22, 2026 6:46:39 PM";"March 22, 2026 6:46:40 PM";;Ended OK;ctmldnrs: load des conditions AJF absentes (KDR*);CTMCTM_E12AJF_08_ORP62_Q;Command;No;1;No;CTMSRV;CTMCTM_E12AJF_08_Q;controlm;ldkctmp50;SRV_PRIMAIRE;3ol5y
CTM-CONTROL-M;CTMCTM_E12AJF_08_Q;CTMCTM_E12AJF_08_SAV01_Q;"March 22, 2026";"March 22, 2026 1:30:39 PM";"March 22, 2026 1:30:39 PM";;Ended OK;save date  + creation repertoire pour save file;U512AJF900.sh;Dummy;No;1;No;CTMSRV;CTMCTM_E12AJF_08_Q;controlm;;SRV_PRIMAIRE;3ol4a
CTM-CONTROL-M;CTMCTM_E12TEC_04_Q;CTMCTM_E12TEC_04_SUB16_Q;"March 22, 2026";"March 23, 2026 4:00:00 AM";"March 23, 2026 4:00:00 AM";;Ended OK;Soumission scripts DWH à 04h00;SUBT0400 DWH;Dummy;No;1;No;CTMSRV;CTMCTM_E12TEC_04_Q;root;;;3om7p
CTM-CONTROL-M;CTMCTM_E12TEC_04_Q;CTMCTM_E12TEC_04_SUB24_Q;"March 22, 2026";"March 23, 2026 6:30:00 AM";"March 23, 2026 6:30:00 AM";;Ended OK;Soumission scripts XFB à 06h30;SUBT0630 XFB;Dummy;No;1;No;CTMSRV;CTMCTM_E12TEC_04_Q;root;;;3om7q
CTM-CONTROL-M;CTMCTM_E12TEC_04_Q;CTMCTM_E12TEC_04_SUB27_Q;"March 22, 2026";"March 23, 2026 7:40:00 AM";"March 23, 2026 7:40:00 AM";;Ended OK;Soumission scripts DWH à 07h40;SUBT0740 DWH;Dummy;No;1;No;CTMSRV;CTMCTM_E12TEC_04_Q;root;;;3om7r
CTM-CONTROL-M;CTMCTM_E12TEC_04_Q;CTMCTM_E12TEC_04_SUB28_Q;"March 22, 2026";"March 23, 2026 8:00:00 AM";"March 23, 2026 8:00:00 AM";;Ended OK;Soumission scripts DWH à 08h00;SUBT0800 DWH;Dummy;No;1;No;CTMSRV;CTMCTM_E12TEC_04_Q;root;;;3om7s
CTM-CONTROL-M;CTMCTM_E12TEC_04_Q;CTMCTM_E12TEC_04_SUB30_Q;"March 22, 2026";;;;Wait for Event;Soumission scripts à 11h00 DWH;SUBT1100 DWH;Dummy;No;0;No;CTMSRV;CTMCTM_E12TEC_04_Q;root;;;3om7t
CTM-CONTROL-M;CTMCTM_E13TEC_04_Q;CTMCTM_E13TEC_04_SUB38_Q;"March 22, 2026";"March 23, 2026 3:30:00 AM";"March 23, 2026 3:30:00 AM";;Ended OK;Soumission scripts PEL à 03h30;SUBT0330 PEL;Dummy;No;1;No;CTMSRV;CTMCTM_E13TEC_04_Q;root;;;3okfw
CTM-CONTROL-M;CTMCTM_E13TEC_04_Q;CTMCTM_E13TEC_04_SUB39_Q;"March 22, 2026";"March 23, 2026 4:00:00 AM";"March 23, 2026 4:00:00 AM";;Ended OK;Soumission scripts à 04h00 PEL;SUBT0400 PEL;Dummy;No;1;No;CTMSRV;CTMCTM_E13TEC_04_Q;root;;;3okfx
CTM-CONTROL-M;CTMCTM_E13TEC_04_Q;CTMCTM_E13TEC_04_SUB40_Q;"March 22, 2026";"March 23, 2026 4:30:00 AM";"March 23, 2026 4:30:00 AM";;Ended OK;Soumission scripts PEL à 04h30;SUBT0430 PEL;Dummy;No;1;No;CTMSRV;CTMCTM_E13TEC_04_Q;root;;;3okfy
CTM-CONTROL-M;CTMCTM_E13TEC_04_Q;CTMCTM_E13TEC_04_SUB42_Q;"March 22, 2026";"March 23, 2026 4:15:00 AM";"March 23, 2026 4:15:00 AM";;Ended OK;Soumission scripts PEL à 04h15;SUBT0530 PEL;Dummy;No;1;No;CTMSRV;CTMCTM_E13TEC_04_Q;root;;;3okfz
CTM-CONTROL-M;CTMCTM_E13TEC_04_Q;CTMCTM_E13TEC_04_SUB43_Q;"March 22, 2026";"March 23, 2026 6:00:00 AM";"March 23, 2026 6:00:00 AM";;Ended OK;Lancement PEL 06h00;SUBT0600 PEL;Dummy;No;1;No;CTMSRV;CTMCTM_E13TEC_04_Q;root;;;3okg0
CTM-CONTROL-M;CTMCTM_E13TEC_04_Q;CTMCTM_E13TEC_04_SUB44_Q;"March 22, 2026";"March 23, 2026 6:15:00 AM";"March 23, 2026 6:15:00 AM";;Ended OK;Lancement PEL 06h15;SUBT0615 PEL;Dummy;No;1;No;CTMSRV;CTMCTM_E13TEC_04_Q;root;;;3okg1
CTM-CONTROL-M;CTMCTM_E13TEC_04_Q;CTMCTM_E13TEC_04_SUB45_Q;"March 22, 2026";"March 23, 2026 6:30:00 AM";"March 23, 2026 6:30:00 AM";;Ended OK;Lancement PEL 06h30;SUBT0630 PEL;Dummy;No;1;No;CTMSRV;CTMCTM_E13TEC_04_Q;root;;;3okg2
CTM-CONTROL-M;CTMCTM_E13TEC_04_Q;CTMCTM_E13TEC_04_SUB46_Q;"March 22, 2026";"March 23, 2026 7:00:00 AM";"March 23, 2026 7:00:00 AM";;Ended OK;Lancement PEL 07h00;SUBT0700 PEL;Dummy;No;1;No;CTMSRV;CTMCTM_E13TEC_04_Q;root;;;3okg3
CTM-CONTROL-M;CTMCTM_E13TEC_04_Q;CTMCTM_E13TEC_04_SUB47_Q;"March 22, 2026";"March 23, 2026 7:15:00 AM";"March 23, 2026 7:15:00 AM";;Ended OK;Lancement PEL 07h15;SUBT0715 PEL;Dummy;No;1;No;CTMSRV;CTMCTM_E13TEC_04_Q;root;;;3okg4
CTM-CONTROL-M;CTMCTM_E13TEC_04_Q;CTMCTM_E13TEC_04_SUB51_Q;"March 22, 2026";"March 22, 2026 7:30:00 PM";"March 22, 2026 7:30:00 PM";;Ended OK;Soumission scripts PEL  à 21h00;SUBT2100 PEL;Dummy;No;1;No;CTMSRV;CTMCTM_E13TEC_04_Q;root;;;3okg5
CTM-CONTROL-M;CTMCTM_E14TEC_04_Q;CTMCTM_E14TEC_04_EXP01_Q;"March 22, 2026";"March 23, 2026 7:36:22 AM";"March 23, 2026 7:36:23 AM";0810;Wait for Event;ExtractJobsCTM  &  Envoi : Suivi + PrairieCloture;ExtractCsvPlanCurrent_HELIOS_V9.ksh;Job;No;2;Yes;CTMSRV;CTMCTM_E14TEC_04_Q;controlm;ldkctmp50;SRV_PRIMAIRE;3olam
CTM-CONTROL-M;CTMCTM_E14TEC_04_Q;CTMCTM_E14TEC_04_EXP02_Q;"March 22, 2026";"March 22, 2026 1:45:22 PM";"March 22, 2026 1:45:22 PM";;Ended OK;ExtractCsvPlanArch => Extract_Full_YYYYMM.csv;ExtractCsvPlanArch.ksh;Dummy;No;1;No;CTMSRV;CTMCTM_E14TEC_04_Q;controlm;;SRV_PRIMAIRE;3olan
CTM-CONTROL-M;CTMCTM_E14TEC_04_Q;CTMCTM_E14TEC_04_EXP03_Q;"March 22, 2026";"March 22, 2026 4:00:00 PM";"March 22, 2026 4:04:22 PM";;Ended OK;ExtractCTMIndicMens => ODAT: yymmjj.csv;ExtractCTMIndicMens.ksh;Job;No;1;No;CTMSRV;CTMCTM_E14TEC_04_Q;controlm;ldkctmp50;SRV_PRIMAIRE;3olao
CTM-CONTROL-M;CTMCTM_E14TEC_04_Q;CTMCTM_E14TEC_04_EXP04_Q;"March 22, 2026";"March 22, 2026 4:45:22 PM";"March 22, 2026 4:45:23 PM";;Ended OK;ExtractJobsCTM Manuelle : Suivi + PrairieCloture;ExtractCsvPlanCurrent_HELIOS_V9.ksh;Job;No;2;Yes;CTMSRV;CTMCTM_E14TEC_04_Q;controlm;ldkctmp50;SRV_PRIMAIRE;3olaq
CTM-CONTROL-M;CTMCTM_E14TEC_04_Q;CTMCTM_E14TEC_04_EXP06_Q;"March 22, 2026";"March 22, 2026 2:00:00 PM";"March 22, 2026 2:04:26 PM";;Ended OK;ExtractJobsCTM Plan -1  : Suivi + PrairieCloture;ExtractCsvPlanCurrent_Jm1.ksh;Job;No;1;No;CTMSRV;CTMCTM_E14TEC_04_Q;controlm;ldkctmp50;SRV_PRIMAIRE;3olap
CTM-CONTROL-M;CTMCTM_E14TEC_04_Q;CTMCTM_E14TEC_04_EXP12_Q;"March 22, 2026";"March 23, 2026 6:00:00 AM";"March 23, 2026 6:00:02 AM";;Wait for Event;ExtractJobsCTM  &  Envoi : Suivi + PrairieCloture  DTR;ExtractCsvPlanCurrent_HELIOS_DTR_V9.ksh;Job;No;1;Yes;CTMSRV;CTMCTM_E14TEC_04_Q;controlm;ldkctmp50;SRV_PRIMAIRE;3olav
CTM-CONTROL-M;CTMCTM_E14TEC_04_Q;CTMCTM_E14TEC_04_EXP13_Q;"March 22, 2026";"March 23, 2026 6:00:02 AM";"March 23, 2026 6:02:12 AM";;Wait for Event;ExtractJobsCTM  &  Envoi : Suivi + PrairieCloture Finance;ExtractCsvPlanCurrent_HELIOS_Finance_V9.ksh;Job;No;1;Yes;CTMSRV;CTMCTM_E14TEC_04_Q;controlm;ldkctmp50;SRV_PRIMAIRE;3olax
CTM-CONTROL-M;CTMCTM_E14TEC_04_Q;CTMCTM_E14TEC_04_EXP14_Q;"March 22, 2026";"March 22, 2026 6:02:00 PM";"March 22, 2026 6:04:10 PM";1820;Wait for Event;ExtractJobsCTM  &  Envoi : Suivi + PrairieCloture Finance;ExtractCsvPlanCurrent_HELIOS_Finance_V9.ksh;Job;No;5;Yes;CTMSRV;CTMCTM_E14TEC_04_Q;controlm;ldkctmp50;SRV_PRIMAIRE;3olaz
CTM-CONTROL-M;CTMCTM_E14TEC_04_Q;CTMCTM_E14TEC_04_SUB04_Q;"March 22, 2026";"March 22, 2026 2:00:00 PM";"March 22, 2026 2:00:00 PM";;Ended OK;declenchement des travaux batch a 14h00;SUBT1400;Dummy;No;1;No;CTMSRV;CTMCTM_E14TEC_04_Q;root;;;3olaj
CTM-CONTROL-M;CTMCTM_E14TEC_04_Q;CTMCTM_E14TEC_04_SUB05_Q;"March 22, 2026";"March 22, 2026 5:00:00 PM";"March 22, 2026 5:00:00 PM";;Ended OK;declenchement des travaux batch a 17h00;SUBT1700;Dummy;No;1;No;CTMSRV;CTMCTM_E14TEC_04_Q;root;;;3olak
CTM-CONTROL-M;CTMCTM_E14TEC_04_Q;CTMCTM_E14TEC_04_SUB08_Q;"March 22, 2026";"March 22, 2026 1:30:09 PM";"March 22, 2026 1:30:09 PM";;Ended OK;Go lancement prod sur ECS;UEMASUB_GO_ECS;Dummy;No;1;No;CTMSRV;CTMCTM_E14TEC_04_Q;root;;;3olal
CTM-CONTROL-M;CTMCTM_E14TEC_04_Q;CTMCTM_E14TEC_04_WRK01_Q;"March 22, 2026";"March 23, 2026 8:06:00 AM";;0810;Executing;START FIRST : ExtractCsvPlanCourant ReportingFacility V8;Reporting_ctm_courant_csv_v9.bat;Job;No;3;Yes;CTMSRV;CTMCTM_E14TEC_04_Q;svce_cm;wdkpmadp01;A_W_PMAD01;3olat
CTM-CONTROL-M;CTMCTM_E14TEC_04_Q;CTMCTM_E14TEC_04_WRK02_Q;"March 22, 2026";"March 22, 2026 1:45:00 PM";"March 22, 2026 1:45:21 PM";;Ended OK;START FIRST : ExtractCsvPlanArch ReportingFacility V8;Reporting_ctm_archiv_csv_v9 .bat;Job;No;1;No;CTMSRV;CTMCTM_E14TEC_04_Q;svce_cm;wdkpmadp01;A_W_PMAD01;3olar
CTM-CONTROL-M;CTMCTM_E14TEC_04_Q;CTMCTM_E14TEC_04_WRK04_Q;"March 22, 2026";"March 22, 2026 4:45:00 PM";"March 22, 2026 4:45:21 PM";;Ended OK;START FIRST : ExtractCsvPlanCourant ReportingFacility V8;Reporting_ctm_courant_csv_v9.bat;Job;No;2;Yes;CTMSRV;CTMCTM_E14TEC_04_Q;svce_cm;wdkpmadp01;A_W_PMAD01;3olas
CTM-CONTROL-M;CTMCTM_E14TEC_04_Q;CTMCTM_E14TEC_04_WRK12_Q;"March 22, 2026";"March 23, 2026 5:50:23 AM";"March 23, 2026 5:50:42 AM";;Wait for Event;START FIRST : ExtractCsvPlanCourant ReportingFacility V8 DTR;Reporting_ctm_courant_csv_v9.bat;Job;No;1;Yes;CTMSRV;CTMCTM_E14TEC_04_Q;svce_cm;wdkpmadp01;A_W_PMAD01;3olau
CTM-CONTROL-M;CTMCTM_E14TEC_04_Q;CTMCTM_E14TEC_04_WRK13_Q;"March 22, 2026";"March 23, 2026 5:50:00 AM";"March 23, 2026 5:50:23 AM";;Wait for Event;START FIRST : ExtractCsvPlanCourant ReportingFacility V8 Finance;Reporting_ctm_courant_csv_v9.bat;Job;No;1;Yes;CTMSRV;CTMCTM_E14TEC_04_Q;svce_cm;wdkpmadp01;A_W_PMAD01;3olaw
CTM-CONTROL-M;CTMCTM_E14TEC_04_Q;CTMCTM_E14TEC_04_WRK14_Q;"March 22, 2026";"March 22, 2026 5:54:00 PM";"March 22, 2026 5:54:21 PM";1820;Wait for Event;START FIRST : ExtractCsvPlanCourant ReportingFacility V8 Finance;Reporting_ctm_courant_csv_v9.bat;Job;No;5;Yes;CTMSRV;CTMCTM_E14TEC_04_Q;svce_cm;wdkpmadp01;A_W_PMAD01;3olay
CTM-CONTROL-M;CTMCTM_E15TEC_04_Q;CTMCTM_E15TEC_04_SUB04_Q;"March 22, 2026";"March 22, 2026 2:00:00 PM";"March 22, 2026 2:00:00 PM";;Ended OK;declenchement des travaux SES  batchs a 14h00;SUBT1400 SESAME;Dummy;No;1;No;CTMSRV;CTMCTM_E15TEC_04_Q;root;;;3oki8
CTM-CONTROL-M;CTMCTM_E17TEC_04_Q;CTMCTM_E17TEC_04_SUB08_Q;"March 22, 2026";"March 22, 2026 1:30:09 PM";"March 22, 2026 1:30:09 PM";;Ended OK;Go lancement prod sur SESAME;UEMBSUB_GO_SESAME;Dummy;No;1;No;CTMSRV;CTMCTM_E17TEC_04_Q;root;;;3oknc
CTM-CONTROL-M;CTMCTM_E18TEC_04_Q;CTMCTM_E18TEC_04_SUB53_Q;"March 22, 2026";"March 23, 2026 6:00:00 AM";"March 23, 2026 6:00:00 AM";;Ended OK;job de soumission batch HAV 06h00;SUBT0600 HAV;Dummy;No;1;No;CTMSRV;CTMCTM_E18TEC_04_Q;CONTROLM;;;3okkp
CTM-CONTROL-M;CTMCTM_E19TEC_04_Q;CTMCTM_E19TEC_04_SUB63_Q;"March 22, 2026";"March 23, 2026 6:00:00 AM";"March 23, 2026 6:00:00 AM";;Ended OK;Soumission scripts  DPRHORA a 06h00;SUBT0700  DPRHORA;Dummy;No;1;No;CTMSRV;CTMCTM_E19TEC_04_Q;root;;;3om3l
CTM-CONTROL-M;CTMCTM_E1ATEC_04_Q;CTMCTM_E1ATEC_04_SUB1G_Q;"March 22, 2026";;;;Wait for Event;Soumission scripts NRJ NES a 11h00;SUBT1100 NRJ NES;Dummy;No;0;No;CTMSRV;CTMCTM_E1ATEC_04_Q;root;;;3olsb
CTM-CONTROL-M;CTMCTM_E1ATEC_04_Q;CTMCTM_E1ATEC_04_SUB1R_Q;"March 22, 2026";"March 22, 2026 2:00:00 PM";"March 22, 2026 2:00:00 PM";;Ended OK;Soumission scripts a 14h00 HOL SIG NES NRJ;SUBT1400 HOL SIG NES NRJ;Dummy;No;1;No;CTMSRV;CTMCTM_E1ATEC_04_Q;root;;;3olsc
CTM-CONTROL-M;CTMCTM_E1ATEC_04_Q;CTMCTM_E1ATEC_04_SUB2A_Q;"March 22, 2026";"March 22, 2026 5:00:00 PM";"March 22, 2026 5:00:00 PM";;Ended OK;Soumission scripts NEJ NES  a 17h00;SUBT1700 NRJ NES;Dummy;No;1;No;CTMSRV;CTMCTM_E1ATEC_04_Q;root;;;3olsd
CTM-CONTROL-M;CTMCTM_E1ATEC_04_Q;CTMCTM_E1ATEC_04_SUB86_Q;"March 22, 2026";"March 23, 2026 12:15:00 AM";"March 23, 2026 12:15:00 AM";;Ended OK;Soumission scripts HOLD a 00h15;SUBT0015 HOLD;Dummy;No;1;No;CTMSRV;CTMCTM_E1ATEC_04_Q;root;;;3ols4
CTM-CONTROL-M;CTMCTM_E1ATEC_04_Q;CTMCTM_E1ATEC_04_SUB87_Q;"March 22, 2026";"March 23, 2026 2:00:00 AM";"March 23, 2026 2:00:00 AM";;Ended OK;Soumission scripts NRJ NES a 02h00;SUBT0200 NRJ NES;Dummy;No;1;No;CTMSRV;CTMCTM_E1ATEC_04_Q;root;;;3ols5
CTM-CONTROL-M;CTMCTM_E1ATEC_04_Q;CTMCTM_E1ATEC_04_SUB90_Q;"March 22, 2026";"March 23, 2026 6:00:00 AM";"March 23, 2026 6:00:00 AM";;Ended OK;Soumission scripts HOLD  a 06h00;SUBT0600 HOLD;Dummy;No;1;No;CTMSRV;CTMCTM_E1ATEC_04_Q;root;;;3ols6
CTM-CONTROL-M;CTMCTM_E1ATEC_04_Q;CTMCTM_E1ATEC_04_SUB91_Q;"March 22, 2026";"March 23, 2026 6:30:00 AM";"March 23, 2026 6:30:00 AM";;Ended OK;Soumission scripts XFB  a 06h30;SUBT0630 XFB;Dummy;No;1;No;CTMSRV;CTMCTM_E1ATEC_04_Q;root;;;3ols7
CTM-CONTROL-M;CTMCTM_E1ATEC_04_Q;CTMCTM_E1ATEC_04_SUB92_Q;"March 22, 2026";"March 23, 2026 7:00:00 AM";"March 23, 2026 7:00:00 AM";;Ended OK;Soumission scripts SIG a 07h00;SUBT0700 SIG;Dummy;No;1;No;CTMSRV;CTMCTM_E1ATEC_04_Q;root;;;3ols8
CTM-CONTROL-M;CTMCTM_E1ATEC_04_Q;CTMCTM_E1ATEC_04_SUB93_Q;"March 22, 2026";"March 23, 2026 7:15:00 AM";"March 23, 2026 7:15:00 AM";;Ended OK;Soumission scripts HOLD a 07h15;SUBT0715 HOLD;Dummy;No;1;No;CTMSRV;CTMCTM_E1ATEC_04_Q;root;;;3ols9
CTM-CONTROL-M;CTMCTM_E1ATEC_04_Q;CTMCTM_E1ATEC_04_SUB96_Q;"March 22, 2026";"March 23, 2026 8:00:00 AM";"March 23, 2026 8:00:00 AM";;Ended OK;Soumission scripts NRJ NES a 08h00;SUBT0800 NRJ NES;Dummy;No;1;No;CTMSRV;CTMCTM_E1ATEC_04_Q;root;;;3olsa
CTM-CONTROL-M;CTMCTM_E1BTEC_04_Q;CTMCTM_E1BTEC_04_SUB2Q_Q;"March 22, 2026";"March 23, 2026 12:05:00 AM";"March 23, 2026 12:05:00 AM";;Ended OK;Soumission scripts OAP a 00h05;SUBT0005 OAP;Dummy;No;1;No;CTMSRV;CTMCTM_E1BTEC_04_Q;root;;;3olbl
CTM-CONTROL-M;CTMCTM_E1BTEC_04_Q;CTMCTM_E1BTEC_04_SUB2R_Q;"March 22, 2026";"March 23, 2026 3:00:00 AM";"March 23, 2026 3:00:00 AM";;Ended OK;Soumission scripts  OAP  a 03h00;SUBT0300  OAP;Dummy;No;1;No;CTMSRV;CTMCTM_E1BTEC_04_Q;root;;;3olbm
CTM-CONTROL-M;CTMCTM_E1BTEC_04_Q;CTMCTM_E1BTEC_04_SUB2U_Q;"March 22, 2026";"March 23, 2026 6:00:00 AM";"March 23, 2026 6:00:00 AM";;Ended OK;Soumission  OAP  scripts a 06h00;SUBT0600  OAP;Dummy;No;1;No;CTMSRV;CTMCTM_E1BTEC_04_Q;root;;;3olbn
CTM-CONTROL-M;CTMCTM_E1BTEC_04_Q;CTMCTM_E1BTEC_04_SUB2V_Q;"March 22, 2026";"March 23, 2026 6:30:00 AM";"March 23, 2026 6:30:00 AM";;Ended OK;Soumission scripts OAP a 06h30;SUBT0630  OAP;Dummy;No;1;No;CTMSRV;CTMCTM_E1BTEC_04_Q;root;;;3olbo
CTM-CONTROL-M;CTMCTM_E1BTEC_04_Q;CTMCTM_E1BTEC_04_SUB2W_Q;"March 22, 2026";"March 23, 2026 7:00:00 AM";"March 23, 2026 7:00:00 AM";;Ended OK;Soumission scripts  OAP a 07h00;SUBT0700  OAP;Dummy;No;1;No;CTMSRV;CTMCTM_E1BTEC_04_Q;root;;;3olbp
CTM-CONTROL-M;CTMCTM_E1BTEC_04_Q;CTMCTM_E1BTEC_04_SUB3A_Q;"March 22, 2026";"March 23, 2026 8:00:00 AM";"March 23, 2026 8:00:00 AM";;Ended OK;Soumission scripts  OAP a 08h00;SUBT0805  OAP;Dummy;No;1;No;CTMSRV;CTMCTM_E1BTEC_04_Q;root;;;3olbq
CTM-CONTROL-M;CTMCTM_E1BTEC_04_Q;CTMCTM_E1BTEC_04_SUB3D_Q;"March 22, 2026";;;;Wait for Event;Soumission scripts  OAP a 08h45;SUBT0845  OAP;Dummy;No;0;No;CTMSRV;CTMCTM_E1BTEC_04_Q;root;;;3olbr
CTM-CONTROL-M;CTMCTM_E1BTEC_04_Q;CTMCTM_E1BTEC_04_SUB3H_Q;"March 22, 2026";;;;Wait for Event;Soumission scripts  OAP a 11h00;SUBT1100  OAP;Dummy;No;0;No;CTMSRV;CTMCTM_E1BTEC_04_Q;root;;;3olbs
CTM-CONTROL-M;CTMCTM_E1BTEC_04_Q;CTMCTM_E1BTEC_04_SUB3K_Q;"March 22, 2026";;;;Wait for Event;Soumission scripts  OAP  a 12h00;SUBT1200  OAP;Dummy;No;0;No;CTMSRV;CTMCTM_E1BTEC_04_Q;root;;;3olbt
CTM-CONTROL-M;CTMCTM_E1BTEC_04_Q;CTMCTM_E1BTEC_04_SUB3N_Q;"March 22, 2026";"March 22, 2026 1:45:00 PM";"March 22, 2026 1:45:00 PM";;Ended OK;Soumission scripts  OAP a 13h45;SUBT1345  OAP;Dummy;No;1;No;CTMSRV;CTMCTM_E1BTEC_04_Q;root;;;3olbu
CTM-CONTROL-M;CTMCTM_E1BTEC_04_Q;CTMCTM_E1BTEC_04_SUB3P_Q;"March 22, 2026";"March 22, 2026 2:00:00 PM";"March 22, 2026 2:00:00 PM";;Ended OK;Soumission scripts  OAP a 14h00;SUBT1400  OAP;Dummy;No;1;No;CTMSRV;CTMCTM_E1BTEC_04_Q;root;;;3olbv
CTM-CONTROL-M;CTMCTM_E1BTEC_04_Q;CTMCTM_E1BTEC_04_SUB3S_Q;"March 22, 2026";"March 22, 2026 5:00:00 PM";"March 22, 2026 5:00:00 PM";;Ended OK;Soumission scripts  OAP a 17h00;SUBT1700  OAP;Dummy;No;1;No;CTMSRV;CTMCTM_E1BTEC_04_Q;root;;;3olbw
CTM-CONTROL-M;CTMCTM_E1BTEC_04_Q;CTMCTM_E1BTEC_04_SUB3W_Q;"March 22, 2026";"March 22, 2026 6:30:00 PM";"March 22, 2026 6:30:00 PM";;Ended OK;Soumission scripts  OAP a 18h30;SUBT1830  OAP;Dummy;No;1;No;CTMSRV;CTMCTM_E1BTEC_04_Q;root;;;3olbx
CTM-CONTROL-M;CTMCTM_E1DTEC_04_Q;CTMCTM_E1DTEC_04_SUB4F_Q;"March 22, 2026";"March 23, 2026 12:15:00 AM";"March 23, 2026 12:15:00 AM";;Ended OK;Soumission scripts OAF  à 00h15;SUBT0015 OAF;Dummy;No;1;No;CTMSRV;CTMCTM_E1DTEC_04_Q;root;;;3okjj
CTM-CONTROL-M;CTMCTM_E1DTEC_04_Q;CTMCTM_E1DTEC_04_SUB4P_Q;"March 22, 2026";"March 23, 2026 6:30:00 AM";"March 23, 2026 6:30:00 AM";;Ended OK;Soumission scripts OAF à 06h30;SUBT0630 OAF;Dummy;No;1;No;CTMSRV;CTMCTM_E1DTEC_04_Q;root;;;3okjk
CTM-CONTROL-M;CTMCTM_E1DTEC_04_Q;CTMCTM_E1DTEC_04_SUB4R_Q;"March 22, 2026";"March 23, 2026 6:55:00 AM";"March 23, 2026 6:55:00 AM";;Ended OK;Soumission scripts OAF à 06h55;SUBT0655 OAF;Dummy;No;1;No;CTMSRV;CTMCTM_E1DTEC_04_Q;root;;;3okjl
CTM-CONTROL-M;CTMCTM_E1DTEC_04_Q;CTMCTM_E1DTEC_04_SUB4S_Q;"March 22, 2026";"March 23, 2026 8:00:00 AM";"March 23, 2026 8:00:00 AM";;Ended OK;Soumission scripts OAF  à 08h00;SUBT0800 OAF;Dummy;No;1;No;CTMSRV;CTMCTM_E1DTEC_04_Q;root;;;3okjm
CTM-CONTROL-M;CTMCTM_E1DTEC_04_Q;CTMCTM_E1DTEC_04_SUB4U_Q;"March 22, 2026";;;;Wait for Event;Soumission scripts OAF à 11h00;SUBT1100 OAF;Dummy;No;0;No;CTMSRV;CTMCTM_E1DTEC_04_Q;root;;;3okjn
CTM-CONTROL-M;CTMCTM_E1ETEC_04_Q;CTMCTM_E1ETEC_04_SUB5B_Q;"March 22, 2026";"March 23, 2026 12:15:00 AM";"March 23, 2026 12:15:00 AM";;Ended OK;Soumission scripts a 00h15;SUBT0015;Dummy;No;1;No;CTMSRV;CTMCTM_E1ETEC_04_Q;root;;;3oli2
CTM-CONTROL-M;CTMCTM_E1ETEC_04_Q;CTMCTM_E1ETEC_04_SUB5C_Q;"March 22, 2026";"March 23, 2026 1:00:00 AM";"March 23, 2026 1:00:00 AM";;Ended OK;Soumission scripts a 01h00;SUBT0100;Dummy;No;1;No;CTMSRV;CTMCTM_E1ETEC_04_Q;root;;;3oli3
CTM-CONTROL-M;CTMCTM_E1ETEC_04_Q;CTMCTM_E1ETEC_04_SUB5D_Q;"March 22, 2026";"March 23, 2026 2:00:00 AM";"March 23, 2026 2:00:00 AM";;Ended OK;Soumission scripts a 02h00;SUBT0200;Dummy;No;1;No;CTMSRV;CTMCTM_E1ETEC_04_Q;root;;;3oli4
CTM-CONTROL-M;CTMCTM_E1ETEC_04_Q;CTMCTM_E1ETEC_04_SUB5E_Q;"March 22, 2026";"March 23, 2026 3:00:00 AM";"March 23, 2026 3:00:00 AM";;Ended OK;Soumission scripts a 03h00;SUBT0300;Dummy;No;1;No;CTMSRV;CTMCTM_E1ETEC_04_Q;root;;;3oli5
CTM-CONTROL-M;CTMCTM_E1ETEC_04_Q;CTMCTM_E1ETEC_04_SUB5R_Q;"March 22, 2026";;;;Wait for Event;Soumission scripts a 11h00;SUBT1100;Dummy;No;0;No;CTMSRV;CTMCTM_E1ETEC_04_Q;root;;;3oli6
CTM-CONTROL-M;CTMCTM_E1ETEC_04_Q;CTMCTM_E1ETEC_04_SUB5Z_Q;"March 22, 2026";"March 22, 2026 7:00:00 PM";"March 22, 2026 7:00:00 PM";;Ended OK;Soumission scripts a 19h00;SUBT1900;Dummy;No;1;No;CTMSRV;CTMCTM_E1ETEC_04_Q;root;;;3oli7
CTM-CONTROL-M;CTMCTM_E1ETEC_04_Q;CTMCTM_E1ETEC_04_SUB6B_Q;"March 22, 2026";"March 22, 2026 8:50:00 PM";"March 22, 2026 8:50:00 PM";;Ended OK;Soumission scripts a 20h50;SUBT2100;Dummy;No;1;No;CTMSRV;CTMCTM_E1ETEC_04_Q;root;;;3oli8
CTM-CONTROL-M;CTMCTM_E1ETEC_04_Q;CTMCTM_E1ETEC_04_SUB6C_Q;"March 22, 2026";"March 22, 2026 10:00:00 PM";"March 22, 2026 10:00:00 PM";;Ended OK;Soumission scripts a 22h00;SUBT2200;Dummy;No;1;No;CTMSRV;CTMCTM_E1ETEC_04_Q;root;;;3oli9
CTM-CONTROL-M;CTMCTM_E1GTEC_04_Q;CTMCTM_E1GTEC_04_LIM04_Q;"March 22, 2026";"March 23, 2026 6:30:00 AM";"March 23, 2026 6:30:00 AM";;Ended OK;Heure limite de soumission des batchs;LIMITBATCH;Dummy;No;1;No;CTMSRV;CTMCTM_E1GTEC_04_Q;root;;;3oknt
CTM-CONTROL-M;CTMCTM_E1GTEC_04_Q;CTMCTM_E1GTEC_04_LIM05_Q;"March 22, 2026";"March 23, 2026 12:15:00 AM";"March 23, 2026 12:15:00 AM";;Ended OK;Heure limite de soumission des batchs;LIMITE0015;Dummy;No;1;No;CTMSRV;CTMCTM_E1GTEC_04_Q;root;;;3oknu
CTM-CONTROL-M;CTMCTM_E1GTEC_04_Q;CTMCTM_E1GTEC_04_LIM06_Q;"March 22, 2026";"March 23, 2026 1:30:00 AM";"March 23, 2026 1:30:00 AM";;Ended OK;Heure limite de soumission des batchs;LIMITE0130;Dummy;No;1;No;CTMSRV;CTMCTM_E1GTEC_04_Q;root;;;3oknv
CTM-CONTROL-M;CTMCTM_E1GTEC_04_Q;CTMCTM_E1GTEC_04_LIM07_Q;"March 22, 2026";"March 23, 2026 2:00:00 AM";"March 23, 2026 2:00:00 AM";;Ended OK;Heure limite de soumission des batchs;LIMITE0200;Dummy;No;1;No;CTMSRV;CTMCTM_E1GTEC_04_Q;root;;;3oknw
CTM-CONTROL-M;CTMCTM_E1GTEC_04_Q;CTMCTM_E1GTEC_04_LIM08_Q;"March 22, 2026";"March 23, 2026 3:00:00 AM";"March 23, 2026 3:00:00 AM";;Ended OK;Heure limite de soumission des batchs;LIMITE0300;Dummy;No;1;No;CTMSRV;CTMCTM_E1GTEC_04_Q;root;;;3oknx
CTM-CONTROL-M;CTMCTM_E1GTEC_04_Q;CTMCTM_E1GTEC_04_LIM09_Q;"March 22, 2026";"March 23, 2026 3:45:00 AM";"March 23, 2026 3:45:00 AM";;Ended OK;Heure limite de soumission des batchs;LIMITE0345;Dummy;No;1;No;CTMSRV;CTMCTM_E1GTEC_04_Q;root;;;3okny
CTM-CONTROL-M;CTMCTM_E1GTEC_04_Q;CTMCTM_E1GTEC_04_LIM10_Q;"March 22, 2026";"March 23, 2026 4:00:00 AM";"March 23, 2026 4:00:00 AM";;Ended OK;Heure limite de soumission des batchs;LIMITE0400;Dummy;No;1;No;CTMSRV;CTMCTM_E1GTEC_04_Q;root;;;3oknz
CTM-CONTROL-M;CTMCTM_E1GTEC_04_Q;CTMCTM_E1GTEC_04_LIM11_Q;"March 22, 2026";"March 23, 2026 5:00:00 AM";"March 23, 2026 5:00:00 AM";;Ended OK;Heure limite de soumission des batchs;LIMITE0500;Dummy;No;1;No;CTMSRV;CTMCTM_E1GTEC_04_Q;root;;;3oko0
CTM-CONTROL-M;CTMCTM_E1GTEC_04_Q;CTMCTM_E1GTEC_04_LIM12_Q;"March 22, 2026";"March 22, 2026 11:45:00 PM";"March 22, 2026 11:45:00 PM";;Ended OK;Heure limite de soumission des batchs;LIMITE2345;Dummy;No;1;No;CTMSRV;CTMCTM_E1GTEC_04_Q;root;;;3oko1
CTM-CONTROL-M;CTMCTM_E1GTEC_04_Q;CTMCTM_E1GTEC_04_SUB85_Q;"March 22, 2026";"March 23, 2026 7:30:00 AM";"March 23, 2026 7:30:00 AM";;Ended OK;Soumission scripts a 07h30;SBTU512H16;Dummy;No;1;No;CTMSRV;CTMCTM_E1GTEC_04_Q;root;;;3oko2
CTM-CONTROL-M;CTMCTM_E1HTEC_04_Q;CTMCTM_E1HTEC_04_LIM13_Q;"March 22, 2026";"March 23, 2026 6:00:00 AM";"March 23, 2026 6:00:00 AM";;Ended OK;Heure limite de soumission des batchs;LIMITBATCH;Dummy;No;1;No;CTMSRV;CTMCTM_E1HTEC_04_Q;root;;;3olzi
CTM-CONTROL-M;CTMCTM_E1HTEC_04_Q;CTMCTM_E1HTEC_04_LIM14_Q;"March 22, 2026";"March 23, 2026 1:00:00 AM";"March 23, 2026 1:00:00 AM";;Ended OK;Heure limite de soumission batch;LIMITE0100;Dummy;No;1;No;CTMSRV;CTMCTM_E1HTEC_04_Q;root;;;3olzj
CTM-CONTROL-M;CTMCTM_E1HTEC_04_Q;CTMCTM_E1HTEC_04_LIM15_Q;"March 22, 2026";"March 23, 2026 4:00:00 AM";"March 23, 2026 4:00:00 AM";;Ended OK;Heure limite de soumission batch 04h00;LIMITE0500;Dummy;No;1;No;CTMSRV;CTMCTM_E1HTEC_04_Q;root;;;3olzk
CTM-CONTROL-M;CTMCTM_E1HTEC_04_Q;CTMCTM_E1HTEC_04_LIM16_Q;"March 22, 2026";"March 23, 2026 6:00:00 AM";"March 23, 2026 6:00:00 AM";;Ended OK;Heure limite de soumission batch;LIMITE0600;Dummy;No;1;No;CTMSRV;CTMCTM_E1HTEC_04_Q;root;;;3olzl
CTM-CONTROL-M;CTMCTM_E1HTEC_04_Q;CTMCTM_E1HTEC_04_LIM17_Q;"March 22, 2026";;;;Wait for Event;Heure limite de soumission batch;LIMITE0900;Dummy;No;0;No;CTMSRV;CTMCTM_E1HTEC_04_Q;root;;;3olzm
CTM-CONTROL-M;CTMCTM_E1HTEC_04_Q;CTMCTM_E1HTEC_04_LIM18_Q;"March 22, 2026";"March 22, 2026 8:00:00 PM";"March 22, 2026 8:00:00 PM";;Ended OK;Heure limite de soumission batch;LIMITE2000;Dummy;No;1;No;CTMSRV;CTMCTM_E1HTEC_04_Q;root;;;3olzn
CTM-CONTROL-M;CTMCTM_E1HTEC_04_Q;CTMCTM_E1HTEC_04_LIM19_Q;"March 22, 2026";"March 22, 2026 10:00:00 PM";"March 22, 2026 10:00:00 PM";;Ended OK;Heure limite de soumission batch;LIMITE2200;Dummy;No;1;No;CTMSRV;CTMCTM_E1HTEC_04_Q;root;;;3olzo
CTM-CONTROL-M;CTMCTM_E1RTEC_04_Q;CTMCTM_E1RTEC_04_DEL01_Q;"March 22, 2026";"March 22, 2026 2:00:00 PM";"March 22, 2026 2:00:03 PM";;Ended OK;SERVITUDE : Purge des log Control-M EM;;Command;No;1;No;CTMSRV;CTMCTM_E1RTEC_04_Q;emuser;ldkctmp50;A_L_CTM01;3om4s
CTM-CONTROL-M;CTMCTM_E1RTEC_04_Q;CTMCTM_E1RTEC_04_DEL02_Q;"March 22, 2026";"March 22, 2026 2:00:00 PM";"March 22, 2026 2:00:00 PM";;Ended OK;SERVITUDE : Purge les logs et travaux present dans la directory /opt/exploit/;;Dummy;No;1;No;CTMSRV;CTMCTM_E1RTEC_04_Q;emuser;;A_L_CTM01;3om4t
CTM-CONTROL-M;CTMCTM_E1ZTEC_04_Q;CTMCTM_E1ZTEC_04_CTL01_Q;"March 22, 2026";"March 22, 2026 6:46:35 PM";"March 22, 2026 6:46:35 PM";;Ended OK;Controle execution des jobs avec Condition PREV;;Dummy;No;1;No;CTMSRV;CTMCTM_E1ZTEC_04_Q;root;;;3om52
CTM-CONTROL-M;CTMCTM_E1ZTEC_04_Q;CTMCTM_E1ZTEC_04_CTL02_Q;"March 22, 2026";;;;Wait for Event;Controle d'activité du mirroir controlm serveur;CONTROLM SERVITUDES CONTROLE MIRROIR;Dummy;No;0;No;CTMSRV;CTMCTM_E1ZTEC_04_Q;controlm;;;3om54
CTM-CONTROL-M;CTMCTM_E1ZTEC_04_Q;CTMCTM_E1ZTEC_04_CTL03_Q;"March 22, 2026";"March 22, 2026 5:00:00 PM";"March 22, 2026 5:00:00 PM";1730;Ended OK;CONTROLM : Controle des calendriers non upload;CTM_controle_calendar_not_upload;Dummy;No;3;Yes;CTMSRV;CTMCTM_E1ZTEC_04_Q;emuser;;;3om53
CTM-CONTROL-M;CTMCTM_K1LSVG_03_H;CTMCTM_K1LSVG_03_EXP01_H;"March 22, 2026";"March 22, 2026 2:00:00 PM";"March 22, 2026 2:00:03 PM";;Ended Not OK;Sauvegarde des applications dans /opt/exploit/travaux;;Command;No;1;No;CTMSRV;CTMCTM_K1LSVG_03_H;emuser;ldkctmp50;A_L_CTM01;3oko8
CTM-CONTROL-M;CTMCTM_K1LSVG_03_H;CTMCTM_K1LSVG_03_EXP02_H;"March 22, 2026";"March 22, 2026 2:00:00 PM";"March 22, 2026 2:00:03 PM";;Ended Not OK;Sauvegarde des calendriers dans /opt/exploit/travaux;;Command;No;1;No;CTMSRV;CTMCTM_K1LSVG_03_H;emuser;ldkctmp50;A_L_CTM01;3oko7
CTM-CONTROL-M;CTMSRV_J1YTEC_04_Q;CTMSRV_J1YTEC_04_00000_Q;"March 22, 2026";"March 22, 2026 1:30:09 PM";"March 22, 2026 1:30:09 PM";;Ended OK;Chaîne : Historisation des logs;U512010;Dummy;No;1;No;CTMSRV;CTMSRV_J1YTEC_04_Q;root;;;3ol1i
CTM-CONTROL-M;CTMSRV_J1YTEC_04_Q;CTMSRV_J1YTEC_04_99999_Q;"March 22, 2026";"March 22, 2026 6:46:35 PM";"March 22, 2026 6:46:35 PM";;Ended OK;Fin : Historisation des logs;U512010999;Dummy;No;1;No;CTMSRV;CTMSRV_J1YTEC_04_Q;root;;;3ol1h
DTR-DECISIONNEL TRAN;DTRDTR_E11REB_12_Q;DTRDTR_E11REB_12_CTL01_Q;"March 22, 2026";"March 23, 2026 12:13:56 AM";"March 23, 2026 12:14:02 AM";;Ended OK;Redemarrage DTR : TEST si serveur demarre (wdkdtrp12);dir;Command;No;1;No;CTMSRV;DTRDTR_E11REB_12_Q;svce_cm;wdkdtrp12;A_W_DTR12;3okwo
DTR-DECISIONNEL TRAN;DTRDTR_E11REB_12_Q;DTRDTR_E11REB_12_CTL02_Q;"March 22, 2026";"March 23, 2026 12:14:15 AM";"March 23, 2026 12:14:17 AM";;Ended OK;Info sur le Redemarrage DTR BI4 :  (WDKDTRP12);net statistics WORKSTATION;Command;No;1;No;CTMSRV;DTRDTR_E11REB_12_Q;svce_cm;wdkdtrp12;A_W_DTR12;3okx0
DTR-DECISIONNEL TRAN;DTRDTR_E11REB_12_Q;DTRDTR_E11REB_12_CTL03_Q;"March 22, 2026";"March 23, 2026 12:18:14 AM";"March 23, 2026 12:18:21 AM";;Ended OK;Redemarrage DTR : TEST si serveur demarre (WDKDTRP13);dir;Command;No;1;No;CTMSRV;DTRDTR_E11REB_12_Q;svce_cm;wdkdtrp13;A_W_DTR13;3okww
DTR-DECISIONNEL TRAN;DTRDTR_E11REB_12_Q;DTRDTR_E11REB_12_CTL04_Q;"March 22, 2026";"March 23, 2026 12:18:33 AM";"March 23, 2026 12:18:35 AM";;Ended OK;Info sur le Redemarrage DTR BI4 :  (WDKDTRP13);net statistics WORKSTATION;Command;No;1;No;CTMSRV;DTRDTR_E11REB_12_Q;svce_cm;wdkdtrp13;A_W_DTR13;3okx1
DTR-DECISIONNEL TRAN;DTRDTR_E11REB_12_Q;DTRDTR_E11REB_12_CTL04_Q;"March 22, 2026";"March 23, 2026 12:18:43 AM";"March 23, 2026 12:18:48 AM";;Ended OK;Info sur le Redemarrage DTR :  (WDKDTRP14);net statistics WORKSTATION;Command;No;1;No;CTMSRV;DTRDTR_E11REB_12_Q;svce_cm;wdkdtrp14;A_W_DTR14;3okx5
DTR-DECISIONNEL TRAN;DTRDTR_E11REB_12_Q;DTRDTR_E11REB_12_MEL01_Q;"March 22, 2026";"March 23, 2026 12:10:00 AM";"March 23, 2026 12:10:01 AM";;Ended OK;"DTR SAP BI: Notification Mail DEBUT Plan de Maintenance quotidien des serveur WDKDTRP12 ; WDKDTRP13";Notification_Plan_Maintenance.ksh;Job;No;1;No;CTMSRV;DTRDTR_E11REB_12_Q;root;ldkctmp50;SRV_PRIMAIRE;3okx2
DTR-DECISIONNEL TRAN;DTRDTR_E11REB_12_Q;DTRDTR_E11REB_12_MEL02_Q;"March 22, 2026";"March 23, 2026 12:18:49 AM";"March 23, 2026 12:18:50 AM";;Ended OK;DTR SAP BI : Notification Mail FIN Plan de Maintenance quotidien des serveurs WDKDTRP12 et WDKDTRP13;Notification_Plan_Maintenance.ksh;Job;No;1;No;CTMSRV;DTRDTR_E11REB_12_Q;root;ldkctmp50;SRV_PRIMAIRE;3okx3
DTR-DECISIONNEL TRAN;DTRDTR_E11REB_12_Q;DTRDTR_E11REB_12_NAS12_Q;"March 22, 2026";"March 23, 2026 12:14:02 AM";"March 23, 2026 12:14:05 AM";;Ended OK;Mapper le Disque NAS EDF;Mapper  Disque NAS EDF;Command;No;1;Yes;CTMSRV;DTRDTR_E11REB_12_Q;svc_sapbi;wdkdtrp12;A_W_DTR12;3okwp
DTR-DECISIONNEL TRAN;DTRDTR_E11REB_12_Q;DTRDTR_E11REB_12_NAS13_Q;"March 22, 2026";"March 23, 2026 12:18:21 AM";"March 23, 2026 12:18:23 AM";;Ended OK;Mapper le Disque NAS EDF;Mapper  Disque NAS EDF;Command;No;1;Yes;CTMSRV;DTRDTR_E11REB_12_Q;svc_sapbi;wdkdtrp13;A_W_DTR13;3okwx
DTR-DECISIONNEL TRAN;DTRDTR_E11REB_12_Q;DTRDTR_E11REB_12_Q;"March 22, 2026";"March 23, 2026 12:10:00 AM";"March 23, 2026 12:18:50 AM";;Ended OK;Plan de Maintenance quotidien des serveurs DTR SAP BI;;SMART Table;No;1;No;CTMSRV;DTRDTR_E11REB_12_Q;;ldkctmp50;;3okwj
DTR-DECISIONNEL TRAN;DTRDTR_E11REB_12_Q;DTRDTR_E11REB_12_REB12_Q;"March 22, 2026";"March 23, 2026 12:10:31 AM";"March 23, 2026 12:10:33 AM";;Ended OK;Redemarrage DTR BI4: REBOOT du serveur (wdkdtrp12);Shutdown_wdkdtrp12;Command;No;1;No;CTMSRV;DTRDTR_E11REB_12_Q;svce_cm;wdkdtrp12;A_W_DTR12;3okwm
DTR-DECISIONNEL TRAN;DTRDTR_E11REB_12_Q;DTRDTR_E11REB_12_REB13_Q;"March 22, 2026";"March 23, 2026 12:14:48 AM";"March 23, 2026 12:14:49 AM";;Ended OK;Redemarrage DTR BI4: REBOOT du serveur (WDKDTRP13);Shutdown WDKDTRP13;Command;No;1;No;CTMSRV;DTRDTR_E11REB_12_Q;svce_cm;wdkdtrp13;A_W_DTR13;3okwu
DTR-DECISIONNEL TRAN;DTRDTR_E11REB_12_Q;DTRDTR_E11REB_12_REB14_Q;"March 22, 2026";"March 23, 2026 12:18:36 AM";"March 23, 2026 12:18:43 AM";;Ended OK;Redemarrage DTR : REBOOT du serveur (WDKDTRP14);Shutdown WDKDTRP14;Command;No;1;No;CTMSRV;DTRDTR_E11REB_12_Q;svce_cm;wdkdtrp14;A_W_DTR14;3okx4
DTR-DECISIONNEL TRAN;DTRDTR_E11REB_12_Q;DTRDTR_E11REB_12_SLP12_Q;"March 22, 2026";"March 23, 2026 12:10:33 AM";"March 23, 2026 12:13:55 AM";;Ended OK;Redemarrage DTR BI4 : SLEEP pour test si serveur demarre (wdkdtrp12);sleep 200_et_test;Command;No;1;No;CTMSRV;DTRDTR_E11REB_12_Q;root;ldkctmp50;SRV_PRIMAIRE;3okwn
DTR-DECISIONNEL TRAN;DTRDTR_E11REB_12_Q;DTRDTR_E11REB_12_SLP13_Q;"March 22, 2026";"March 23, 2026 12:14:50 AM";"March 23, 2026 12:18:14 AM";;Ended OK;Redemarrage DTR BI4 : SLEEP pour test si serveur demarre (WDKDTRP13);sleep 200_et_test;Command;No;1;No;CTMSRV;DTRDTR_E11REB_12_Q;root;ldkctmp50;SRV_PRIMAIRE;3okwv
DTR-DECISIONNEL TRAN;DTRDTR_E11REB_12_Q;DTRDTR_E11REB_12_STP01_Q;"March 22, 2026";"March 23, 2026 12:10:01 AM";"March 23, 2026 12:10:17 AM";;Ended OK;ARRET  BOEXI40SIAWDKDTRP12: STOP  (WDKDTRP12);stop BO_WDKDTRP12;Command;No;1;No;CTMSRV;DTRDTR_E11REB_12_Q;svc_sapbi;wdkdtrp12;A_W_DTR12;3okwk
DTR-DECISIONNEL TRAN;DTRDTR_E11REB_12_Q;DTRDTR_E11REB_12_STP02_Q;"March 22, 2026";"March 23, 2026 12:10:18 AM";"March 23, 2026 12:10:30 AM";;Ended OK;ARRET  BOEXI40Tomcat: STOP  (WDKDTRP12);stop_Tomcat_WDKDTRP12;Command;No;1;No;CTMSRV;DTRDTR_E11REB_12_Q;svc_sapbi;wdkdtrp12;A_W_DTR12;3okwl
DTR-DECISIONNEL TRAN;DTRDTR_E11REB_12_Q;DTRDTR_E11REB_12_STP03_Q;"March 22, 2026";"March 23, 2026 12:14:18 AM";"March 23, 2026 12:14:34 AM";;Ended OK;ARRET  BOEXI40SIAWDKDTRE13: STOP  (WDKDTRP13);stop BO_WDKDTRP13;Command;No;1;No;CTMSRV;DTRDTR_E11REB_12_Q;svc_sapbi;wdkdtrp13;A_W_DTR13;3okws
DTR-DECISIONNEL TRAN;DTRDTR_E11REB_12_Q;DTRDTR_E11REB_12_STP04_Q;"March 22, 2026";"March 23, 2026 12:14:35 AM";"March 23, 2026 12:14:47 AM";;Ended OK;ARRET  BOEXI40Tomcat: STOP  (WDKDTRP13);stop Tomcat WDKDTRP13;Command;No;1;No;CTMSRV;DTRDTR_E11REB_12_Q;svc_sapbi;wdkdtrp13;A_W_DTR13;3okwt
DTR-DECISIONNEL TRAN;DTRDTR_E11REB_12_Q;DTRDTR_E11REB_12_STR01_Q;"March 22, 2026";"March 23, 2026 12:14:07 AM";"March 23, 2026 12:14:14 AM";;Ended OK;DEMARRAGE  BOEXI40SIAWDKDTRE12: START  (WDKDTRP12);start BO_WDKDTRP12;Command;No;1;No;CTMSRV;DTRDTR_E11REB_12_Q;svc_sapbi;wdkdtrp12;A_W_DTR12;3okwr
DTR-DECISIONNEL TRAN;DTRDTR_E11REB_12_Q;DTRDTR_E11REB_12_STR02_Q;"March 22, 2026";"March 23, 2026 12:14:06 AM";"March 23, 2026 12:14:06 AM";;Ended OK;DEMARRAGE  BOEXI40Tomcat: START  (WDKDTRP12);start Tomcat WDKDTRP12;Dummy;No;1;No;CTMSRV;DTRDTR_E11REB_12_Q;svc_sapbi;;A_W_DTR12;3okwq
DTR-DECISIONNEL TRAN;DTRDTR_E11REB_12_Q;DTRDTR_E11REB_12_STR03_Q;"March 22, 2026";"March 23, 2026 12:18:25 AM";"March 23, 2026 12:18:33 AM";;Ended OK;DEMARRAGE  BOEXI40SIAWDKDTRP13: START  (WDKDTRP13);start BO_WDKDTRP13;Command;No;1;No;CTMSRV;DTRDTR_E11REB_12_Q;svc_sapbi;wdkdtrp13;A_W_DTR13;3okwz
DTR-DECISIONNEL TRAN;DTRDTR_E11REB_12_Q;DTRDTR_E11REB_12_STR04_Q;"March 22, 2026";"March 23, 2026 12:18:24 AM";"March 23, 2026 12:18:24 AM";;Ended OK;DEMARRAGE  BOEXI40Tomcat: START  (WDKDTRP13);start Tomcat WDKDTRP13;Dummy;No;1;No;CTMSRV;DTRDTR_E11REB_12_Q;svc_sapbi;;A_W_DTR13;3okwy
DTR-DECISIONNEL TRAN;DTRDTR_E12REB_02_M;DTRDTR_E12REB_02_ARR02_M;"March 22, 2026";"March 22, 2026 9:00:01 PM";"March 22, 2026 9:00:35 PM";;Ended OK;Arrêt talend  sur le LDKDTRP02;stop_talend.sh;Job;No;1;No;CTMSRV;DTRDTR_E12REB_02_M;talend;ldkdtrp02;A_L_DTR02;3oln7
DTR-DECISIONNEL TRAN;DTRDTR_E12REB_02_M;DTRDTR_E12REB_02_CHK02_M;"March 22, 2026";"March 22, 2026 9:09:47 PM";"March 22, 2026 9:09:55 PM";;Ended OK;check License  talend sur le LDKDTRP02;checkLicense.sh;Job;No;1;No;CTMSRV;DTRDTR_E12REB_02_M;talend;ldkdtrp02;A_L_DTR02;3oln9
DTR-DECISIONNEL TRAN;DTRDTR_E12REB_02_M;DTRDTR_E12REB_02_CTL02_M;"March 22, 2026";"March 22, 2026 9:04:40 PM";"March 22, 2026 9:04:42 PM";;Ended OK;Control Reboot LDKDTRP02;control_reboot.sh;Command;No;1;No;CTMSRV;DTRDTR_E12REB_02_M;admsrv;ldkdtrp02;A_L_DTR02;3olna
DTR-DECISIONNEL TRAN;DTRDTR_E12REB_02_M;DTRDTR_E12REB_02_M;"March 22, 2026";"March 22, 2026 1:30:09 PM";"March 22, 2026 9:09:55 PM";;Ended OK;Plan de Maintenance DTR mensuelle : serveur LDKDTRP02;;SMART Table;No;1;No;CTMSRV;DTRDTR_E12REB_02_M;;ldkctmp50;;3oln3
DTR-DECISIONNEL TRAN;DTRDTR_E12REB_02_M;DTRDTR_E12REB_02_MEL01_M;"March 22, 2026";"March 22, 2026 9:00:00 PM";"March 22, 2026 9:00:01 PM";;Ended OK;DTR TALEND : Notification Mail DEBUT Plan de Maintenance des serveurs Linux: LDKDTRP02 LDKDTRP03 LDKDTRP04 et LDKDTRP05;Notification_Plan_Maintenance.ksh;Job;No;1;No;CTMSRV;DTRDTR_E12REB_02_M;root;ldkctmp50;SRV_PRIMAIRE;3olnb
DTR-DECISIONNEL TRAN;DTRDTR_E12REB_02_M;DTRDTR_E12REB_02_REB02_M;"March 22, 2026";"March 22, 2026 9:00:36 PM";"March 22, 2026 9:00:37 PM";;Ended OK;Reboot LDKDTRP02;reboot_machine_DTR.sh;Command;No;1;No;CTMSRV;DTRDTR_E12REB_02_M;admsrv;ldkdtrp02;A_L_DTR02;3oln5
DTR-DECISIONNEL TRAN;DTRDTR_E12REB_02_M;DTRDTR_E12REB_02_SLP02_M;"March 22, 2026";"March 22, 2026 9:00:38 PM";"March 22, 2026 9:04:39 PM";;Ended OK;sleep 240;;Command;No;1;No;CTMSRV;DTRDTR_E12REB_02_M;root;ldkctmp50;SRV_PRIMAIRE;3oln8
DTR-DECISIONNEL TRAN;DTRDTR_E12REB_02_M;DTRDTR_E12REB_02_STR01_M;"March 22, 2026";"March 22, 2026 9:04:43 PM";"March 22, 2026 9:04:44 PM";;Ended OK;Démarrage agent de supervision KIBANA sur le LDKDTRE02;start_supervision_KIBANA.sh;Command;No;1;No;CTMSRV;DTRDTR_E12REB_02_M;root;ldkdtrp02;A_L_DTR02;3oln6
DTR-DECISIONNEL TRAN;DTRDTR_E12REB_02_M;DTRDTR_E12REB_02_STR02_M;"March 22, 2026";"March 22, 2026 9:04:45 PM";"March 22, 2026 9:09:46 PM";;Ended OK;Démarrage talend sur le LDKDTRP02;start_talend.sh;Job;No;1;No;CTMSRV;DTRDTR_E12REB_02_M;talend;ldkdtrp02;A_L_DTR02;3oln4
DTR-DECISIONNEL TRAN;DTRDTR_E12REB_03_M;DTRDTR_E12REB_03_ARR02_M;"March 22, 2026";"March 22, 2026 9:09:56 PM";"March 22, 2026 9:10:28 PM";;Ended OK;Arrêt talend  sur le LDKDTRP03;stop_talend.sh;Job;No;1;No;CTMSRV;DTRDTR_E12REB_03_M;talend;ldkdtrp03;A_L_DTR03;3olfm
DTR-DECISIONNEL TRAN;DTRDTR_E12REB_03_M;DTRDTR_E12REB_03_CHK03_M;"March 22, 2026";"March 22, 2026 9:19:41 PM";"March 22, 2026 9:19:48 PM";;Ended OK;check License talend  sur le LDKDTRP03;checkLicense.sh;Job;No;1;No;CTMSRV;DTRDTR_E12REB_03_M;talend;ldkdtrp03;A_L_DTR03;3olfo
DTR-DECISIONNEL TRAN;DTRDTR_E12REB_03_M;DTRDTR_E12REB_03_CTL02_M;"March 22, 2026";"March 22, 2026 9:14:33 PM";"March 22, 2026 9:14:36 PM";;Ended OK;Control Reboot LDKDTRP03;control_reboot.sh;Command;No;1;No;CTMSRV;DTRDTR_E12REB_03_M;admsrv;ldkdtrp03;A_L_DTR03;3olfp
DTR-DECISIONNEL TRAN;DTRDTR_E12REB_03_M;DTRDTR_E12REB_03_M;"March 22, 2026";"March 22, 2026 9:09:56 PM";"March 22, 2026 9:19:49 PM";;Ended OK;Plan de Maintenance DTR mensuelle : serveur LDKDTRP03;;SMART Table;No;1;No;CTMSRV;DTRDTR_E12REB_03_M;;ldkctmp50;;3olfi
DTR-DECISIONNEL TRAN;DTRDTR_E12REB_03_M;DTRDTR_E12REB_03_REB03_M;"March 22, 2026";"March 22, 2026 9:10:29 PM";"March 22, 2026 9:10:31 PM";;Ended OK;Reboot LDKDTRP03;reboot_machine_DTR.sh;Command;No;1;No;CTMSRV;DTRDTR_E12REB_03_M;admsrv;ldkdtrp03;A_L_DTR03;3olfk
DTR-DECISIONNEL TRAN;DTRDTR_E12REB_03_M;DTRDTR_E12REB_03_SLP02_M;"March 22, 2026";"March 22, 2026 9:10:32 PM";"March 22, 2026 9:14:33 PM";;Ended OK;sleep 240;;Command;No;1;No;CTMSRV;DTRDTR_E12REB_03_M;root;ldkctmp50;SRV_PRIMAIRE;3olfn
DTR-DECISIONNEL TRAN;DTRDTR_E12REB_03_M;DTRDTR_E12REB_03_STR01_M;"March 22, 2026";"March 22, 2026 9:14:37 PM";"March 22, 2026 9:14:38 PM";;Ended OK;Démarrage agent de supervision KIBANA  sur le LDKDTRP03;start_supervision_KIBANA.sh;Command;No;1;No;CTMSRV;DTRDTR_E12REB_03_M;root;ldkdtrp03;A_L_DTR03;3olfl
DTR-DECISIONNEL TRAN;DTRDTR_E12REB_03_M;DTRDTR_E12REB_03_STR02_M;"March 22, 2026";"March 22, 2026 9:14:38 PM";"March 22, 2026 9:19:39 PM";;Ended OK;Démarrage talend  sur le LDKDTRP03;start_talend.sh;Job;No;1;No;CTMSRV;DTRDTR_E12REB_03_M;talend;ldkdtrp03;A_L_DTR03;3olfj
DTR-DECISIONNEL TRAN;DTRDTR_E12REB_04_M;DTRDTR_E12REB_04_ARR03_M;"March 22, 2026";"March 22, 2026 9:19:50 PM";"March 22, 2026 9:19:59 PM";;Ended OK;Arrêt jobserver sur le serveur LDKDTRP04;stop_jobserver.sh;Job;No;1;No;CTMSRV;DTRDTR_E12REB_04_M;talend;ldkdtrp04;A_L_DTR04;3olqj
DTR-DECISIONNEL TRAN;DTRDTR_E12REB_04_M;DTRDTR_E12REB_04_CTL02_M;"March 22, 2026";"March 22, 2026 9:25:04 PM";"March 22, 2026 9:25:07 PM";;Ended OK;Control Reboot LDKDTRP04;control_reboot.sh;Command;No;1;No;CTMSRV;DTRDTR_E12REB_04_M;admsrv;ldkdtrp04;A_L_DTR04;3olqo
DTR-DECISIONNEL TRAN;DTRDTR_E12REB_04_M;DTRDTR_E12REB_04_CTR04_M;"March 22, 2026";"March 22, 2026 9:25:12 PM";"March 22, 2026 9:30:12 PM";;Ended OK;Control process jobserver7 sur le serveur LDKDTRP04;control.sh;Job;No;1;No;CTMSRV;DTRDTR_E12REB_04_M;talend;ldkdtrp04;A_L_DTR04;3olqm
DTR-DECISIONNEL TRAN;DTRDTR_E12REB_04_M;DTRDTR_E12REB_04_M;"March 22, 2026";"March 22, 2026 9:19:50 PM";"March 22, 2026 9:30:15 PM";;Ended OK;Plan de Maintenance DTR mensuelle  : serveur LDKDTRP04;;SMART Table;No;1;No;CTMSRV;DTRDTR_E12REB_04_M;;ldkctmp50;;3olqg
DTR-DECISIONNEL TRAN;DTRDTR_E12REB_04_M;DTRDTR_E12REB_04_MEL02_M;"March 22, 2026";"March 22, 2026 9:30:13 PM";"March 22, 2026 9:30:14 PM";;Ended OK;DTR TALEND : Notification Mail FIN Plan de Maintenance des serveurs Linux: LDKDTRP02 LDKDTRP03 LDKDTRP04 et LDKDTRP05;Notification_Plan_Maintenance.ksh;Job;No;1;No;CTMSRV;DTRDTR_E12REB_04_M;root;ldkctmp50;SRV_PRIMAIRE;3olqp
DTR-DECISIONNEL TRAN;DTRDTR_E12REB_04_M;DTRDTR_E12REB_04_REB04_M;"March 22, 2026";"March 22, 2026 9:21:01 PM";"March 22, 2026 9:21:02 PM";;Ended OK;Reboot LDKDTRP04;reboot_machine_DTR.sh;Command;No;1;No;CTMSRV;DTRDTR_E12REB_04_M;admsrv;ldkdtrp04;A_L_DTR04;3olqh
DTR-DECISIONNEL TRAN;DTRDTR_E12REB_04_M;DTRDTR_E12REB_04_SLP01_M;"March 22, 2026";"March 22, 2026 9:20:00 PM";"March 22, 2026 9:21:00 PM";;Ended OK;sleep 60;;Command;No;1;No;CTMSRV;DTRDTR_E12REB_04_M;root;ldkctmp50;SRV_PRIMAIRE;3olqn
DTR-DECISIONNEL TRAN;DTRDTR_E12REB_04_M;DTRDTR_E12REB_04_SLP02_M;"March 22, 2026";"March 22, 2026 9:21:04 PM";"March 22, 2026 9:25:04 PM";;Ended OK;sleep 240;;Command;No;1;No;CTMSRV;DTRDTR_E12REB_04_M;root;ldkctmp50;SRV_PRIMAIRE;3olql
DTR-DECISIONNEL TRAN;DTRDTR_E12REB_04_M;DTRDTR_E12REB_04_STR01_M;"March 22, 2026";"March 22, 2026 9:25:08 PM";"March 22, 2026 9:25:09 PM";;Ended OK;Démarrage agent de supervision KIBANA sur le serveur LDKDTRP04;start_supervision_KIBANA.sh;Command;No;1;No;CTMSRV;DTRDTR_E12REB_04_M;root;ldkdtrp04;A_L_DTR04;3olqi
DTR-DECISIONNEL TRAN;DTRDTR_E12REB_04_M;DTRDTR_E12REB_04_STR03_M;"March 22, 2026";"March 22, 2026 9:25:10 PM";"March 22, 2026 9:25:11 PM";;Ended OK;Start Jobserver7 sur le serveur LDKDTRP04;start_jobserver.sh;Job;No;1;No;CTMSRV;DTRDTR_E12REB_04_M;talend;ldkdtrp04;A_L_DTR04;3olqk
DTR-DECISIONNEL TRAN;DTRDTR_E12REB_05_M;DTRDTR_E12REB_05_ARR03_M;"March 22, 2026";"March 22, 2026 9:19:50 PM";"March 22, 2026 9:19:51 PM";;Ended OK;Arrêt jobserver  sur le serveur LDKDTRP05;stop_jobserver.sh;Job;No;1;No;CTMSRV;DTRDTR_E12REB_05_M;talend;ldkdtrp05;A_L_DTR05;3olip
DTR-DECISIONNEL TRAN;DTRDTR_E12REB_05_M;DTRDTR_E12REB_05_CTL02_M;"March 22, 2026";"March 22, 2026 9:24:58 PM";"March 22, 2026 9:25:01 PM";;Ended OK;Control Reboot LDKDTRP05;control_reboot.sh;Command;No;1;No;CTMSRV;DTRDTR_E12REB_05_M;admsrv;ldkdtrp05;A_L_DTR05;3oliu
DTR-DECISIONNEL TRAN;DTRDTR_E12REB_05_M;DTRDTR_E12REB_05_CTR04_M;"March 22, 2026";"March 22, 2026 9:25:04 PM";"March 22, 2026 9:30:05 PM";;Ended OK;Control process jobserver7 sur le serveur LDKDTRP05;control.sh;Job;No;1;No;CTMSRV;DTRDTR_E12REB_05_M;talend;ldkdtrp05;A_L_DTR05;3olis
DTR-DECISIONNEL TRAN;DTRDTR_E12REB_05_M;DTRDTR_E12REB_05_M;"March 22, 2026";"March 22, 2026 9:19:50 PM";"March 22, 2026 9:30:05 PM";;Ended OK;Plan de Maintenance DTR mensuelle  : serveur LDKDTRP05;;SMART Table;No;1;No;CTMSRV;DTRDTR_E12REB_05_M;;ldkctmp50;;3olim
DTR-DECISIONNEL TRAN;DTRDTR_E12REB_05_M;DTRDTR_E12REB_05_REB04_M;"March 22, 2026";"March 22, 2026 9:20:54 PM";"March 22, 2026 9:20:55 PM";;Ended OK;Reboot du  LDKDTRP05;reboot_machine_DTR.sh;Command;No;1;No;CTMSRV;DTRDTR_E12REB_05_M;admsrv;ldkdtrp05;A_L_DTR05;3olin
DTR-DECISIONNEL TRAN;DTRDTR_E12REB_05_M;DTRDTR_E12REB_05_SLP01_M;"March 22, 2026";"March 22, 2026 9:19:52 PM";"March 22, 2026 9:20:53 PM";;Ended OK;sleep 60;;Command;No;1;No;CTMSRV;DTRDTR_E12REB_05_M;root;ldkctmp50;SRV_PRIMAIRE;3olit
DTR-DECISIONNEL TRAN;DTRDTR_E12REB_05_M;DTRDTR_E12REB_05_SLP02_M;"March 22, 2026";"March 22, 2026 9:20:56 PM";"March 22, 2026 9:24:57 PM";;Ended OK;sleep 240;;Command;No;1;No;CTMSRV;DTRDTR_E12REB_05_M;root;ldkctmp50;SRV_PRIMAIRE;3olir
DTR-DECISIONNEL TRAN;DTRDTR_E12REB_05_M;DTRDTR_E12REB_05_STR01_M;"March 22, 2026";"March 22, 2026 9:25:01 PM";"March 22, 2026 9:25:02 PM";;Ended OK;Démarrage agent de supervision KIBANA  sur le serveur LDKDTRP05;start_supervision_KIBANA.sh;Command;No;1;No;CTMSRV;DTRDTR_E12REB_05_M;root;ldkdtrp05;A_L_DTR05;3olio
DTR-DECISIONNEL TRAN;DTRDTR_E12REB_05_M;DTRDTR_E12REB_05_STR03_M;"March 22, 2026";"March 22, 2026 9:25:02 PM";"March 22, 2026 9:25:04 PM";;Ended OK;Start Jobserver7 sur le serveur LDKDTRP05;start_jobserver.sh;Job;No;1;No;CTMSRV;DTRDTR_E12REB_05_M;talend;ldkdtrp05;A_L_DTR05;3oliq
DTR-DECISIONNEL TRAN;DTRDTR_E12REB_07_M;DTRDTR_E12REB_07_CTL01_M;"March 22, 2026";"March 22, 2026 9:23:29 PM";"March 22, 2026 9:23:32 PM";;Ended OK;Control Reboot LDKDTRP07;control_reboot.sh;Command;No;1;No;CTMSRV;DTRDTR_E12REB_07_M;admsrv;ldkdtrp07;A_L_DTR07;3okik
DTR-DECISIONNEL TRAN;DTRDTR_E12REB_07_M;DTRDTR_E12REB_07_M;"March 22, 2026";"March 22, 2026 9:19:50 PM";"March 22, 2026 9:23:32 PM";;Ended OK;Plan de Maintenance DTR mensuelle  : serveur LDKDTRP07;;SMART Table;No;1;No;CTMSRV;DTRDTR_E12REB_07_M;;ldkctmp50;;3okih
DTR-DECISIONNEL TRAN;DTRDTR_E12REB_07_M;DTRDTR_E12REB_07_REB04_M;"March 22, 2026";"March 22, 2026 9:19:50 PM";"March 22, 2026 9:19:51 PM";;Ended OK;Reboot du  LDKDTRP07;reboot_machine_DTR.sh;Command;No;1;No;CTMSRV;DTRDTR_E12REB_07_M;root;ldkdtrp07;A_L_DTR07;3okii
DTR-DECISIONNEL TRAN;DTRDTR_E12REB_07_M;DTRDTR_E12REB_07_SLP01_M;"March 22, 2026";"March 22, 2026 9:19:52 PM";"March 22, 2026 9:21:53 PM";;Ended OK;sleep 120;;Command;No;1;No;CTMSRV;DTRDTR_E12REB_07_M;root;ldkctmp50;SRV_PRIMAIRE;3okij
DTR-DECISIONNEL TRAN;DTRDTR_J11TEC_04_Q;DTRDTR_J11TEC_04_CTL01_Q;"March 22, 2026";"March 22, 2026 6:46:02 PM";"March 22, 2026 6:46:02 PM";;Ended OK;Jalon de controle des COND PREV postees (Plan de prod DTR precedent termine);;Dummy;No;1;No;CTMSRV;DTRDTR_J11TEC_04_Q;root;;NOTEXIST;3ol9f
DTR-DECISIONNEL TRAN;DTRDTR_J11TEC_04_Q;DTRDTR_J11TEC_04_FLG01_Q;"March 22, 2026";"March 22, 2026 6:46:02 PM";"March 22, 2026 6:46:02 PM";;Ended OK;DTR : Jalon de fin de la production DTRP01;UDTR_PROD_ENDED;Dummy;No;1;No;CTMSRV;DTRDTR_J11TEC_04_Q;svce_cm;;NOTEXIST;3ol9d
DTR-DECISIONNEL TRAN;DTRDTR_J11TEC_04_Q;DTRDTR_J11TEC_04_FLG03_Q;"March 22, 2026";;;;Wait for Event;DTR : Controle Jalon de fin de la production DTRP01;UDTR_PROD_ENDED;Dummy;No;0;No;CTMSRV;DTRDTR_J11TEC_04_Q;ctmagv7;NOTEXIST;NOTEXIST;3ol9g
DTR-DECISIONNEL TRAN;DTRDTR_J11TEC_04_Q;DTRDTR_J11TEC_04_FLG04_Q;"March 22, 2026";"March 22, 2026 7:00:00 PM";"March 22, 2026 7:00:00 PM";;Ended OK;Jalon de demarrage de la production DTRP01;UDTR_PROD_START_001J;Dummy;No;1;No;CTMSRV;DTRDTR_J11TEC_04_Q;svce_cm;;NOTEXIST;3ol9e
DTR-DECISIONNEL TRAN;DTRDTR_J18TRT_05_Q;DTRDTR_J18TRT_05_TAL01_Q;"March 22, 2026";"March 23, 2026 1:00:00 AM";"March 23, 2026 1:10:37 AM";;Ended OK;DTR : Lancement des plans d'execution DTR_FINANCE_STATS_PLAN;Lance_Interface_DTR_EXTRACT.ksh;Job;No;1;No;CTMSRV;DTRDTR_J18TRT_05_Q;root;ldkdtrp02;M_L_DTR01;3om2k
DTR-DECISIONNEL TRAN;DTRHEC_J11INT_05_Q;DTRHEC_J11INT_05_IMP01_Q;"March 22, 2026";"March 23, 2026 12:38:52 AM";"March 23, 2026 12:40:17 AM";;Ended OK;DTR : Lancement du plan d' execution  DTR_HERCULE_REC_PLAN;Lance_Interface_DTR_KDR.ksh;Job;No;1;No;CTMSRV;DTRHEC_J11INT_05_Q;root;ldkdtrp03;M_L_DTR01;3oktr
DTR-DECISIONNEL TRAN;DTRHEC_J11INT_05_Q;DTRHEC_J11INT_05_IMP02_Q;"March 22, 2026";"March 23, 2026 12:40:17 AM";"March 23, 2026 12:40:57 AM";;Ended OK;DTR : Lancement du plan d' execution  DTR_HERCULE_REC_COPIE_PLAN;Lance_Interface_DTR_KDR.ksh;Job;No;1;No;CTMSRV;DTRHEC_J11INT_05_Q;root;ldkdtrp03;M_L_DTR01;3okts
DTR-DECISIONNEL TRAN;DTRHEC_J11INT_05_Q;DTRHEC_J11INT_05_IMP03_Q;"March 22, 2026";"March 23, 2026 12:36:46 AM";"March 23, 2026 12:37:43 AM";;Ended OK;DTR : Lancement du plan d' execution  DTR_HERCULE_REC_P2_PLAN;Lance_Interface_DTR_KDR.ksh;Job;No;1;No;CTMSRV;DTRHEC_J11INT_05_Q;root;ldkdtrp02;M_L_DTR01;3oktt
DTR-DECISIONNEL TRAN;DTRHEC_J11INT_05_Q;DTRHEC_J11INT_05_IMP04_Q;"March 22, 2026";"March 23, 2026 12:37:43 AM";"March 23, 2026 12:38:23 AM";;Ended OK;DTR : Lancement du plan d' execution  DTR_HERCULE_REC_COPIE_P2_PLAN;Lance_Interface_DTR_KDR.ksh;Job;No;1;No;CTMSRV;DTRHEC_J11INT_05_Q;root;ldkdtrp03;M_L_DTR01;3oktu
DTR-DECISIONNEL TRAN;DTRHEC_J11INT_05_Q;DTRHEC_J11INT_05_MOV01_Q;"March 22, 2026";"March 23, 2026 12:30:00 AM";"March 23, 2026 12:30:01 AM";;Ended OK;Deplacer les fichiers du NAS vers DTR;MOVE_GENERIQUE.sh;Job;No;1;No;CTMSRV;DTRHEC_J11INT_05_Q;root;ldkdtrp03;M_L_DTR01;3oktq
DTR-DECISIONNEL TRAN;DTRHEC_J11INT_05_Q;DTRHEC_J11INT_05_Q;"March 22, 2026";"March 22, 2026 1:30:09 PM";"March 23, 2026 12:40:57 AM";;Ended OK;DTR : Integration des Donnees HEC;;SMART Table;No;1;No;CTMSRV;DTRHEC_J11INT_05_Q;root;ldkctmp50;;3oktp
DTR-DECISIONNEL TRAN;DTRKDR_J12INT_05_Q;DTRKDR_J12INT_05_IMP01_Q;"March 22, 2026";"March 23, 2026 12:30:02 AM";"March 23, 2026 12:37:43 AM";;Ended OK;DTR : Lancement du plan d' execution  DTR_REFERENTIEL_REC_PLAN;Lance_Interface_DTR_KDR.ksh;Job;No;1;No;CTMSRV;DTRKDR_J12INT_05_Q;root;ldkdtrp02;M_L_DTR01;3olxm
DTR-DECISIONNEL TRAN;DTRKDR_J12INT_05_Q;DTRKDR_J12INT_05_IMP02_Q;"March 22, 2026";"March 23, 2026 12:37:44 AM";"March 23, 2026 12:38:51 AM";;Ended OK;DTR : Lancement du plan d' execution  DTR_REFERENTIEL_REC_COPIE_PLAN;Lance_Interface_DTR_KDR.ksh;Job;No;1;No;CTMSRV;DTRKDR_J12INT_05_Q;root;ldkdtrp02;M_L_DTR01;3olxn
DTR-DECISIONNEL TRAN;DTRKDR_J12INT_05_Q;DTRKDR_J12INT_05_IMP03_Q;"March 22, 2026";"March 23, 2026 12:30:02 AM";"March 23, 2026 12:35:36 AM";;Ended OK;DTR : Lancement du plan d' execution  DTR_REFERENTIEL_REC_P2_PLAN;Lance_Interface_DTR_KDR.ksh;Job;No;1;No;CTMSRV;DTRKDR_J12INT_05_Q;root;ldkdtrp03;M_L_DTR01;3olxo
DTR-DECISIONNEL TRAN;DTRKDR_J12INT_05_Q;DTRKDR_J12INT_05_IMP04_Q;"March 22, 2026";"March 23, 2026 12:35:37 AM";"March 23, 2026 12:36:45 AM";;Ended OK;DTR : Lancement du plan d' execution  DTR_REFERENTIEL_REC_COPIE_P2_PLAN;Lance_Interface_DTR_KDR.ksh;Job;No;1;No;CTMSRV;DTRKDR_J12INT_05_Q;root;ldkdtrp03;M_L_DTR01;3olxp
DTR-DECISIONNEL TRAN;DTRKDR_J12INT_05_Q;DTRKDR_J12INT_05_MOV01_Q;"March 22, 2026";"March 23, 2026 12:30:00 AM";"March 23, 2026 12:30:02 AM";;Ended OK;Deplacer les fichiers du NAS vers DTR;DTRKDR_J12INT_05_MOV01_Q.ksh;Job;No;1;No;CTMSRV;DTRKDR_J12INT_05_Q;root;ldkdtrp02;M_L_DTR01;3olxq
DTR-DECISIONNEL TRAN;DTRKDR_J13INT_05_Q;DTRKDR_J13INT_05_IMP01_Q;"March 22, 2026";"March 23, 2026 12:38:52 AM";"March 23, 2026 12:39:14 AM";;Ended OK;DTR : Lancement du plan d'execution DTR_REFERENTIEL_REC_TRANSCOS_PLAN;Lance_Interface_DTR_KDR.ksh;Job;No;1;No;CTMSRV;DTRKDR_J13INT_05_Q;root;ldkdtrp02;M_L_DTR01;3oksb
DTR-DECISIONNEL TRAN;DTRKDR_J13INT_05_Q;DTRKDR_J13INT_05_MOV01_Q;"March 22, 2026";"March 23, 2026 12:03:48 AM";"March 23, 2026 12:03:49 AM";;Ended OK;Deplacer les fichiers du NAS vers DTR;MOVE_GENERIQUE.sh;Job;No;1;No;CTMSRV;DTRKDR_J13INT_05_Q;root;ldkdtrp02;M_L_DTR01;3oksa
DTR-DECISIONNEL TRAN;DTRKDR_J14INT_05_Q;DTRKDR_J14INT_05_IMP01_Q;"March 22, 2026";"March 23, 2026 12:38:52 AM";"March 23, 2026 12:41:25 AM";;Ended Not OK;DTR : Lancement du plan d'exécution DTR_REFERENTIEL_REC_RESSOURCE_PLAN;Lance_Interface_DTR_KDR.ksh;Job;No;1;No;CTMSRV;DTRKDR_J14INT_05_Q;root;ldkdtrp02;M_L_DTR01;3oldi
DTR-DECISIONNEL TRAN;DTRKDR_J14INT_05_Q;DTRKDR_J14INT_05_MOV01_Q;"March 22, 2026";"March 23, 2026 12:11:01 AM";"March 23, 2026 12:11:02 AM";;Ended OK;Deplacer les fichiers du NAS vers DTR;DTRKDR_J14INT_05_MOV01_Q.ksh;Job;No;1;No;CTMSRV;DTRKDR_J14INT_05_Q;root;ldkdtrp02;M_L_DTR01;3oldh
DTR-DECISIONNEL TRAN;DTRKDR_J15INT_05_Q;DTRKDR_J15INT_05_IMP01_Q;"March 22, 2026";"March 23, 2026 12:38:52 AM";"March 23, 2026 12:41:17 AM";;Ended Not OK;DTR : Lancement du plan d'exécution DTR_REFERENTIEL_REC_PARTENAIRE_PLAN;Lance_Interface_DTR_KDR.ksh;Job;No;1;No;CTMSRV;DTRKDR_J15INT_05_Q;root;ldkdtrp03;M_L_DTR01;3okvv
DTR-DECISIONNEL TRAN;DTRKDR_J15INT_05_Q;DTRKDR_J15INT_05_MOV01_Q;"March 22, 2026";"March 22, 2026 8:34:16 PM";"March 22, 2026 8:34:17 PM";;Ended OK;Deplacer les fichiers du NAS vers DTR;DTRKDR_J15INT_05_MOV01_Q.ksh;Job;No;1;No;CTMSRV;DTRKDR_J15INT_05_Q;root;ldkdtrp02;M_L_DTR01;3okvu
DTR-DECISIONNEL TRAN;DTRKDR_J16INT_05_Q;DTRKDR_J16INT_05_IMP01_Q;"March 22, 2026";;;;Wait for Event;DTR : Lancement du plan d'execution DTR_REFERENTIEL_REC_SEE_PLAN;Lance_Interface_DTR_KDR.ksh;Job;No;0;No;CTMSRV;DTRKDR_J16INT_05_Q;root;M_L_DTR01;M_L_DTR01;3olgh
DTR-DECISIONNEL TRAN;DTRKDR_J16INT_05_Q;DTRKDR_J16INT_05_IMP02_Q;"March 22, 2026";;;;Wait for Event;DTR : Lancement du plan d'execution DTR_REFERENTIEL_REC_TRANSCOS_SEE_PLAN;Lance_Interface_DTR_KDR.ksh;Job;No;0;No;CTMSRV;DTRKDR_J16INT_05_Q;root;M_L_DTR01;M_L_DTR01;3olgi
DTR-DECISIONNEL TRAN;DTRKDR_J16INT_05_Q;DTRKDR_J16INT_05_MOV01_Q;"March 22, 2026";"March 23, 2026 4:23:40 AM";"March 23, 2026 4:23:41 AM";;Ended OK;Deplacer les fichiers zip du NAS vers DTR;DTRKDR_J16INT_05_MOV01_Q.ksh;Job;No;1;No;CTMSRV;DTRKDR_J16INT_05_Q;root;ldkdtrp03;M_L_DTR01;3olgg
DTR-DECISIONNEL TRAN;DTRKDR_J16INT_05_Q;DTRKDR_J16INT_05_Q;"March 22, 2026";"March 22, 2026 1:30:09 PM";;;Executing;DTR: Projet DTR_REFERENTIEL;;SMART Table;No;1;No;CTMSRV;DTRKDR_J16INT_05_Q;;;;3olgf
DTR-DECISIONNEL TRAN;DTRMDM_J11INT_05_Q;DTRMDM_J11INT_05_FWT04_Q;"March 22, 2026";"March 23, 2026 12:00:00 AM";"March 23, 2026 12:00:03 AM";0800;Ended OK;Scrutation des fichiers MDM;FileWatcher_Mult_Fic.ksh;Job;No;1;Yes;CTMSRV;DTRMDM_J11INT_05_Q;ctmag900;ldkdtrp03;M_L_DTR01;3om7g
DTR-DECISIONNEL TRAN;DTRMDM_J11INT_05_Q;DTRMDM_J11INT_05_IMP05_Q;"March 22, 2026";"March 23, 2026 12:00:04 AM";"March 23, 2026 12:00:44 AM";;Ended OK;Plan d'execution transfert Fichier;Lance_Interface_DTR_MDM.ksh;Job;No;1;No;CTMSRV;DTRMDM_J11INT_05_Q;root;ldkdtrp02;M_L_DTR01;3om7h
DTR-DECISIONNEL TRAN;DTRMDM_J11INT_05_Q;DTRMDM_J11INT_05_IMP06_Q;"March 22, 2026";"March 23, 2026 12:00:44 AM";"March 23, 2026 12:08:05 AM";;Ended OK;Lancement des plans d'execution SOCLE;Lance_Interface_DTR_MDM.ksh;Job;No;1;No;CTMSRV;DTRMDM_J11INT_05_Q;root;ldkdtrp03;M_L_DTR01;3om7i
DTR-DECISIONNEL TRAN;DTRMDM_J11INT_05_Q;DTRMDM_J11INT_05_IMP07_Q;"March 22, 2026";"March 23, 2026 12:08:06 AM";"March 23, 2026 12:12:43 AM";;Ended OK;Lancement des plans d'execution MAIEXP;Lance_Interface_DTR_MDM.ksh;Job;No;1;No;CTMSRV;DTRMDM_J11INT_05_Q;root;ldkdtrp03;M_L_DTR01;3om7j
DTR-DECISIONNEL TRAN;DTRMDM_J11INT_05_Q;DTRMDM_J11INT_05_LIM01_Q;"March 22, 2026";"March 23, 2026 12:40:00 AM";"March 23, 2026 12:40:00 AM";;Ended OK;Limite horaire 0h40 du matin;;Dummy;No;1;No;CTMSRV;DTRMDM_J11INT_05_Q;ctmag900;;M_L_DTR01;3om7k
EAI-EAI;EAIEAI_E11TEC_04_Q;EAIEAI_E11TEC_04_WRK01_Q;"March 22, 2026";"March 22, 2026 6:00:00 PM";"March 22, 2026 6:00:05 PM";;Ended OK;Envoi ODATE vers PFE \\prod.dalkia.org\PFE\APPS\EAI\filesharing\ODATE\ODATE.txt;CreateOdate.bat;Job;No;1;No;CTMSRV;EAIEAI_E11TEC_04_Q;svce_cm;wdkpfep13;A_W_PFE13;3olt6
ETR-ETRM;ETRMEC_J11FLX_07_Q;ETRMEC_J11FLX_07_MOV01_Q;"March 22, 2026";;;;Wait for Event;"PFE : Deplacement des fichiers ""MEC.zip"" depuis PFE vers ETRM";MOV_Generique_DKA.bat;Job;No;0;No;CTMSRV;ETRMEC_J11FLX_07_Q;svce_cm;A_W_ETR24;A_W_ETR24;3olk1
ETR-ETRM;ETRMEC_J11FLX_07_Q;ETRMEC_J11FLX_07_Q;"March 22, 2026";"March 22, 2026 1:30:09 PM";;;Executing;PFE : Flux MEC;;SMART Table;No;1;No;CTMSRV;ETRMEC_J11FLX_07_Q;svce_cm;;;3olk0
ETR-ETRM4.1;ETRETR_E11REB_12_H;ETRETR_E11REB_00_MEL01_H;"March 22, 2026";"March 22, 2026 2:00:01 PM";"March 22, 2026 2:00:03 PM";;Ended OK;ETRM  : Notification Mail DEBUT Plan de Maintenance du serveur WDKETRP24;Notification_Plan_Maintenance.ksh;Job;No;1;No;CTMSRV;ETRETR_E11REB_12_H;root;ldkctmp50;SRV_PRIMAIRE;3olvw
ETR-ETRM4.1;ETRETR_E11REB_12_H;ETRETR_E11REB_01_REB24_H;"March 22, 2026";"March 22, 2026 2:00:03 PM";"March 22, 2026 2:00:08 PM";;Ended OK;Redemarrage ETRM4.1: REBOOT du serveur (WDKETRP24);REBOOT_WDKETRP14;Command;No;1;No;CTMSRV;ETRETR_E11REB_12_H;fr\svce_cm;wdketrp24;A_W_ETR24;3olvt
ETR-ETRM4.1;ETRETR_E11REB_12_H;ETRETR_E11REB_02_CTL24_H;"March 22, 2026";"March 22, 2026 2:00:09 PM";"March 22, 2026 2:04:10 PM";;Ended OK;Redemarrage ETRM4.1: SLEEP pour test si serveur demarre (WDKETRP24);SLEEP_REBOOT_WDKETRP14;Command;No;1;No;CTMSRV;ETRETR_E11REB_12_H;root;ldkctmp50;SRV_PRIMAIRE;3olvu
ETR-ETRM4.1;ETRETR_E11REB_12_H;ETRETR_E11REB_03_CTL24_H;"March 22, 2026";"March 22, 2026 2:04:11 PM";"March 22, 2026 2:04:17 PM";;Ended OK;Redemarrage ETRM4.1: TEST si serveur demarre (WDKETRP24);CTL_REBOOT_WDKETRP14;Command;No;1;No;CTMSRV;ETRETR_E11REB_12_H;fr\svce_cm;wdketrp24;A_W_ETR24;3olvv
ETR-ETRM4.1;ETRETR_E11REB_12_H;ETRETR_E11REB_04_MEL02_H;"March 22, 2026";"March 22, 2026 2:04:18 PM";"March 22, 2026 2:04:18 PM";;Ended OK;ETRM : Notification Mail FIN Plan de Maintenance du serveur WDKETRP24;Notification_Plan_Maintenance.ksh;Job;No;1;No;CTMSRV;ETRETR_E11REB_12_H;root;ldkctmp50;;3olvx
ETR-ETRM4.1;ETRETR_E11REB_12_H;ETRETR_E11REB_12_H;"March 22, 2026";"March 22, 2026 2:00:00 PM";"March 22, 2026 2:04:19 PM";;Ended OK;ETRM: plan de maintenance hebdomadaire du serveur WDKETRP24;;SMART Table;No;1;No;CTMSRV;ETRETR_E11REB_12_H;svce_cm;ldkctmp50;;3olvs
FIN-FINANCE;FINEXT_J11INT_05_Q;FINEXT_J11INT_05_LIM01_Q;"March 22, 2026";"March 22, 2026 10:30:00 PM";"March 22, 2026 10:30:00 PM";;Ended OK;FINANCE : Limite horaire notification PFE XEROX;;Dummy;No;1;No;CTMSRV;FINEXT_J11INT_05_Q;opfinbac;;M_L_FIN12;3om6k
FIN-FINANCE;FINEXT_J11INT_05_Q;FINEXT_J11INT_05_Q;"March 22, 2026";"March 22, 2026 7:01:31 PM";"March 22, 2026 10:46:08 PM";2230;Ended OK;FINANCE : Chargement factures Xerox;;SMART Table;No;1;No;CTMSRV;FINEXT_J11INT_05_Q;opfinbac;ldkctmp50;;3om6i
FIN-FINANCE;FINEXT_J11INT_05_Q;FINEXT_J11INT_05_WRK02_Q;"March 22, 2026";"March 22, 2026 10:30:01 PM";"March 22, 2026 10:46:07 PM";;Ended OK;XEROX : Intégration factures;;Job;No;1;No;CTMSRV;FINEXT_J11INT_05_Q;EXPLOITATION;ldkfinp01;M_L_FIN12;3om6j
FIN-FINANCE;FINEXT_J12INT_05_Q;FINEXT_J12INT_05_CON01_Q;"March 22, 2026";;;;Wait for Event;FINANCE : Concaténer les fichiers L56VFRTDSPAR*.TR1 dans un fichier ZCI_DAL.csv;CON_Generique_DKA.ksh;Job;No;0;No;CTMSRV;FINEXT_J12INT_05_Q;opfinbac;M_L_FIN12;M_L_FIN12;3om9n
FIN-FINANCE;FINEXT_J12INT_05_Q;FINEXT_J12INT_05_CTL01_Q;"March 22, 2026";;;;Wait for Event;FINANCE : Controle de fichiers L56VFRTDSPAR*.TIF;CON_Generique_DKA.ksh;Command;No;0;No;CTMSRV;FINEXT_J12INT_05_Q;opfinbac;M_L_FIN12;M_L_FIN12;3om9o
FIN-FINANCE;FINEXT_J12INT_05_Q;FINEXT_J12INT_05_FIN01_Q;"March 22, 2026";;;;Wait for Event;FINANCE : Fin de Chaine TradeShift;;Dummy;No;0;No;CTMSRV;FINEXT_J12INT_05_Q;opfinbac;M_L_FIN12;M_L_FIN12;3om9p
FIN-FINANCE;FINEXT_J12INT_05_Q;FINEXT_J12INT_05_IMP01_Q;"March 22, 2026";;;;Wait for Event;TRADESHIFT : Chargement factures;;Job;No;0;No;CTMSRV;FINEXT_J12INT_05_Q;EXPLOITATION;M_L_FIN12;M_L_FIN12;3om9l
FIN-FINANCE;FINEXT_J12INT_05_Q;FINEXT_J12INT_05_MOV01_Q;"March 22, 2026";;;2228;Wait for Event;FINANCE : Move du fichier L56VFRTDSPAR__DLK* depuis NAS;MOV_IN_Generique_DKA.ksh;Job;No;0;No;CTMSRV;FINEXT_J12INT_05_Q;opfinbac;M_L_FIN12;M_L_FIN12;3om9k
FIN-FINANCE;FINEXT_J12INT_05_Q;FINEXT_J12INT_05_Q;"March 22, 2026";"March 22, 2026 7:01:31 PM";;2230;Executing;FINANCE : Chargement factures TradeShift;;SMART Table;No;1;No;CTMSRV;FINEXT_J12INT_05_Q;opfinbac;ldkctmp50;;3om9j
FIN-FINANCE;FINEXT_J12INT_05_Q;FINEXT_J12INT_05_ZIP01_Q;"March 22, 2026";;;;Wait for Event;FINANCE : Decompression du fichier L56VFRTDSPAR__DLK*.zip;DEZIP_Generique_DKA.ksh;Job;No;0;No;CTMSRV;FINEXT_J12INT_05_Q;opfinbac;M_L_FIN12;M_L_FIN12;3om9m
FIN-FINANCE;FINEXT_J14INT_05_Q;FINEXT_J14INT_05_CON01_Q;"March 22, 2026";"March 23, 2026 7:19:44 AM";"March 23, 2026 7:19:45 AM";;Ended OK;FINANCE : Concaténer les fichiers Compteur*.txt dans un fichier AFB120.txt;CON_Generique_DKA.ksh;Job;No;1;No;CTMSRV;FINEXT_J14INT_05_Q;opfinbac;ldkfinp01;M_L_FIN12;3okag
FIN-FINANCE;FINEXT_J14INT_05_Q;FINEXT_J14INT_05_IMP01_Q;"March 22, 2026";"March 23, 2026 7:19:47 AM";"March 23, 2026 7:21:24 AM";;Ended OK;RB : Importation relevés dans RB;;Job;No;1;No;CTMSRV;FINEXT_J14INT_05_Q;EXPLOITATION;ldkfinp11;M_L_FIN12;3okaa
FIN-FINANCE;FINEXT_J14INT_05_Q;FINEXT_J14INT_05_LIM01_Q;"March 22, 2026";;;;Wait for Event;FINANCE :  Limite Horaire;;Dummy;No;0;No;CTMSRV;FINEXT_J14INT_05_Q;DUMMYUSR;ldkctmp50;;3okah
FIN-FINANCE;FINEXT_J14INT_05_Q;FINEXT_J14INT_05_MEL01_Q;"March 22, 2026";"March 23, 2026 7:21:25 AM";"March 23, 2026 7:22:50 AM";;Ended OK;RB : Edition des releves manquants par mail;;Job;No;1;No;CTMSRV;FINEXT_J14INT_05_Q;EXPLOITATION;ldkfinp01;M_L_FIN12;3okad
FIN-FINANCE;FINEXT_J14INT_05_Q;FINEXT_J14INT_05_MOV01_Q;"March 22, 2026";"March 23, 2026 7:19:39 AM";"March 23, 2026 7:19:41 AM";;Ended OK;FINANCE : Move du fichier Compteur.zip depuis NAS;MOV_IN_Generique_DKA.ksh;Job;No;1;No;CTMSRV;FINEXT_J14INT_05_Q;opfinbac;ldkfinp01;M_L_FIN12;3okae
FIN-FINANCE;FINEXT_J14INT_05_Q;FINEXT_J14INT_05_Q;"March 22, 2026";"March 22, 2026 11:30:02 PM";;;Executing;FINANCE : Import des releves dans RB;;SMART Table;No;1;No;CTMSRV;FINEXT_J14INT_05_Q;opfinbac;ldkctmp50;;3oka9
FIN-FINANCE;FINEXT_J14INT_05_Q;FINEXT_J14INT_05_WRK01_Q;"March 22, 2026";"March 23, 2026 7:19:46 AM";"March 23, 2026 7:19:46 AM";;Ended OK;RB : Filtre du fichier AFB120.txt;;Dummy;No;1;No;CTMSRV;FINEXT_J14INT_05_Q;EXPLOITATION;;M_L_FIN12;3okab
FIN-FINANCE;FINEXT_J14INT_05_Q;FINEXT_J14INT_05_WRK02_Q;"March 22, 2026";"March 23, 2026 7:21:25 AM";"March 23, 2026 7:26:33 AM";;Ended OK;RB : Edition des releves bancaires pour les CSP;;Job;No;1;No;CTMSRV;FINEXT_J14INT_05_Q;EXPLOITATION;ldkfinp11;M_L_FIN12;3okac
FIN-FINANCE;FINEXT_J14INT_05_Q;FINEXT_J14INT_05_ZIP01_Q;"March 22, 2026";"March 23, 2026 7:19:41 AM";"March 23, 2026 7:19:43 AM";;Ended OK;FINANCE : Decompression du fichier Compteur.zip;DEZIP_Generique_DKA.ksh;Job;No;1;No;CTMSRV;FINEXT_J14INT_05_Q;opfinbac;ldkfinp11;M_L_FIN12;3okaf
FIN-FINANCE;FINEXT_J14INT_06_Q;FINEXT_J14INT_06_CON01_Q;"March 22, 2026";"March 23, 2026 7:49:48 AM";"March 23, 2026 7:49:49 AM";;Wait for Event;FINANCE : Concaténer les fichiers Compteur*.txt dans un fichier AFB120.txt;CON_Generique_DKA.ksh;Job;No;1;Yes;CTMSRV;FINEXT_J14INT_06_Q;opfinbac;ldkfinp01;M_L_FIN12;3okua
FIN-FINANCE;FINEXT_J14INT_06_Q;FINEXT_J14INT_06_IMP01_Q;"March 22, 2026";"March 23, 2026 7:49:51 AM";"March 23, 2026 7:50:57 AM";;Wait for Event;RB : Importation relevés dans RB;;Job;No;1;Yes;CTMSRV;FINEXT_J14INT_06_Q;EXPLOITATION;ldkfinp11;M_L_FIN12;3oku4
FIN-FINANCE;FINEXT_J14INT_06_Q;FINEXT_J14INT_06_MEL01_Q;"March 22, 2026";"March 23, 2026 7:55:47 AM";"March 23, 2026 7:57:09 AM";;Wait for Event;RB : Edition des releves manquants par mail;;Job;No;1;Yes;CTMSRV;FINEXT_J14INT_06_Q;EXPLOITATION;ldkfinp01;M_L_FIN12;3oku7
FIN-FINANCE;FINEXT_J14INT_06_Q;FINEXT_J14INT_06_MOV01_Q;"March 22, 2026";"March 23, 2026 7:49:36 AM";"March 23, 2026 7:49:46 AM";;Wait for Event;FINANCE : Move du fichier Compteur.zip depuis NAS;MOV_IN_Generique_DKA.ksh;Job;No;1;Yes;CTMSRV;FINEXT_J14INT_06_Q;opfinbac;ldkfinp01;M_L_FIN12;3oku8
FIN-FINANCE;FINEXT_J14INT_06_Q;FINEXT_J14INT_06_Q;"March 22, 2026";"March 22, 2026 1:30:09 PM";;;Executing;FINANCE : Import des releves dans RB partie Cyclique démarrant à 8h après la chaîne FINEXT_J14INT_05_Q;;SMART Table;No;1;No;CTMSRV;FINEXT_J14INT_06_Q;opfinbac;;;3oku3
FIN-FINANCE;FINEXT_J14INT_06_Q;FINEXT_J14INT_06_WRK01_Q;"March 22, 2026";"March 23, 2026 7:49:50 AM";"March 23, 2026 7:49:50 AM";;Wait for Event;RB : Filtre du fichier AFB120.txt;;Dummy;No;1;Yes;CTMSRV;FINEXT_J14INT_06_Q;EXPLOITATION;;M_L_FIN12;3oku5
FIN-FINANCE;FINEXT_J14INT_06_Q;FINEXT_J14INT_06_WRK02_Q;"March 22, 2026";"March 23, 2026 7:50:58 AM";"March 23, 2026 7:55:47 AM";;Wait for Event;RB : Edition des releves bancaires pour les CSP;;Job;No;1;Yes;CTMSRV;FINEXT_J14INT_06_Q;EXPLOITATION;ldkfinp11;M_L_FIN12;3oku6
FIN-FINANCE;FINEXT_J14INT_06_Q;FINEXT_J14INT_06_ZIP01_Q;"March 22, 2026";"March 23, 2026 7:49:46 AM";"March 23, 2026 7:49:47 AM";;Wait for Event;FINANCE : Decompression du fichier Compteur.zip;DEZIP_Generique_DKA.ksh;Job;No;1;Yes;CTMSRV;FINEXT_J14INT_06_Q;opfinbac;ldkfinp11;M_L_FIN12;3oku9
FIN-FINANCE;FINEXT_J15INT_05_Q;FINEXT_J15INT_05_IMP02_Q;"March 22, 2026";;;;Wait for Event;FINANCE : Interface d'import des fournisseurs dans Oracle (midi);;Job;No;0;No;CTMSRV;FINEXT_J15INT_05_Q;EXPLOITATION;M_L_FIN12;M_L_FIN12;3ol6l
FIN-FINANCE;FINEXT_J15INT_05_Q;FINEXT_J15INT_05_MOV02_Q;"March 22, 2026";;;;Wait for Event;FINANCE : Deplacement des fichiers fournisseurs DSP01_SUP*.csv dans Oracle (midi);MOV_IN_Generique_DKA.ksh;Job;No;0;No;CTMSRV;FINEXT_J15INT_05_Q;opfinbac;M_L_FIN12;M_L_FIN12;3ol6k
FIN-FINANCE;FINEXT_J15INT_05_Q;FINEXT_J15INT_05_Q;"March 22, 2026";"March 22, 2026 1:30:09 PM";;;Executing;FINANCE : Interface d'import des fournisseurs dans Oracle;;SMART Table;No;1;No;CTMSRV;FINEXT_J15INT_05_Q;opfinbac;;;3ol6j
FIN-FINANCE;FINEXT_J17INT_05_Q;FINEXT_J17INT_05_IMP02_Q;"March 22, 2026";;;;Wait for Event;FINANCE : Interface d'import des commandes iValua (midi);;Job;No;0;No;CTMSRV;FINEXT_J17INT_05_Q;EXPLOITATION;M_L_FIN12;M_L_FIN12;3okpk
FIN-FINANCE;FINEXT_J17INT_05_Q;FINEXT_J17INT_05_Q;"March 22, 2026";"March 22, 2026 1:30:09 PM";;;Executing;FINANCE : Interface d'import des commandes iValua;;SMART Table;No;1;No;CTMSRV;FINEXT_J17INT_05_Q;opfinbac;;;3okpj
FIN-FINANCE;FINEXT_J18INT_05_Q;FINEXT_J18INT_05_IMP02_Q;"March 22, 2026";;;;Wait for Event;FINANCE : Interface d'import des receptions iValua (midi);;Dummy;No;0;No;CTMSRV;FINEXT_J18INT_05_Q;EXPLOITATION;M_L_FIN12;M_L_FIN12;3ol9v
FIN-FINANCE;FINEXT_J18INT_05_Q;FINEXT_J18INT_05_MOV02_Q;"March 22, 2026";;;;Wait for Event;FINANCE : Deplacement des fichiers receptions DSP01_REC*.csv dans Oracle (midi);MOV_IN_Generique_DKA.ksh;Job;No;0;No;CTMSRV;FINEXT_J18INT_05_Q;opfinbac;M_L_FIN12;M_L_FIN12;3ol9u
FIN-FINANCE;FINEXT_J18INT_05_Q;FINEXT_J18INT_05_Q;"March 22, 2026";"March 22, 2026 1:30:09 PM";;;Executing;FINANCE : Interface d'import des réceptions;;SMART Table;No;1;No;CTMSRV;FINEXT_J18INT_05_Q;opfinbac;;;3ol9t
FIN-FINANCE;FINEXT_J19GEN_06_Q;FINEXT_J19GEN_06_EXP01_Q;"March 22, 2026";"March 22, 2026 6:46:37 PM";"March 22, 2026 6:46:37 PM";;Ended OK;Export et envoi vers IVALUA des transferts de commandes à un tiers;;Dummy;No;1;No;CTMSRV;FINEXT_J19GEN_06_Q;EXPLOITATION;;M_L_FIN12;3olpf
FIN-FINANCE;FINEXT_J19GEN_06_Q;FINEXT_J19GEN_06_Q;"March 22, 2026";"March 22, 2026 1:30:09 PM";"March 22, 2026 6:46:38 PM";;Ended OK;FINANCE : Export des données factures vers iValua;;SMART Table;No;1;No;CTMSRV;FINEXT_J19GEN_06_Q;opfinbac;ldkctmp50;;3olpe
FIN-FINANCE;FINEXT_J19INT_05_Q;FINEXT_J19INT_05_Q;"March 22, 2026";"March 22, 2026 1:30:09 PM";"March 22, 2026 1:30:12 PM";;Ended OK;FINANCE : Import des codes de déblocage facture depuis iValua;;SMART Table;No;1;No;CTMSRV;FINEXT_J19INT_05_Q;opfinbac;;;3okrp
FIN-FINANCE;FINEXT_J20GEN_06_Q;FINEXT_J20GEN_06_EXP01_Q;"March 22, 2026";"March 22, 2026 11:21:05 PM";"March 22, 2026 11:23:47 PM";;Ended OK;"Export et envoi vers DATALAKE des Entêtes; Lignes et Règlements de factures fournisseurs";;Job;No;1;No;CTMSRV;FINEXT_J20GEN_06_Q;EXPLOITATION;ldkfinp11;M_L_FIN12;3ombi
FIN-FINANCE;FINEXT_J20GEN_06_Q;FINEXT_J20GEN_06_EXP02_Q;"March 22, 2026";"March 22, 2026 11:21:05 PM";"March 22, 2026 11:22:59 PM";;Ended OK;Export et envoi vers DATALAKE des blocages;;Job;No;1;No;CTMSRV;FINEXT_J20GEN_06_Q;EXPLOITATION;ldkfinp01;M_L_FIN12;3ombj
FIN-FINANCE;FINEXT_J20GEN_06_Q;FINEXT_J20GEN_06_MOV01_Q;"March 22, 2026";"March 22, 2026 11:23:48 PM";"March 22, 2026 11:23:50 PM";;Ended OK;FINANCE : Move du fichier DKA_EXP_FACTURE_ENTETE_ddMMYYYY-HHMMss.csv vers le NAS;MOV_OUT_Generique_DKA.ksh;Job;No;1;No;CTMSRV;FINEXT_J20GEN_06_Q;opfinbac;ldkfinp01;M_L_FIN12;3ombl
FIN-FINANCE;FINEXT_J20GEN_06_Q;FINEXT_J20GEN_06_MOV02_Q;"March 22, 2026";"March 22, 2026 11:23:48 PM";"March 22, 2026 11:24:04 PM";;Ended OK;FINANCE : Move du fichier DKA_EXP_FACTURE_LIGNE_ddMMYYYY-HHMMss.csv vers le NAS;MOV_OUT_Generique_DKA.ksh;Job;No;1;No;CTMSRV;FINEXT_J20GEN_06_Q;opfinbac;ldkfinp11;M_L_FIN12;3ombk
FIN-FINANCE;FINEXT_J20GEN_06_Q;FINEXT_J20GEN_06_MOV03_Q;"March 22, 2026";"March 22, 2026 11:23:48 PM";"March 22, 2026 11:23:49 PM";;Ended OK;FINANCE : Move du fichier DKA_EXP_FACTURE_LIGNE_ddMMYYYY-HHMMss.csv vers le NAS;MOV_OUT_Generique_DKA.ksh;Job;No;1;No;CTMSRV;FINEXT_J20GEN_06_Q;opfinbac;ldkfinp01;M_L_FIN12;3ombm
FIN-FINANCE;FINEXT_J20GEN_06_Q;FINEXT_J20GEN_06_MOV04_Q;"March 22, 2026";"March 22, 2026 11:23:00 PM";"March 22, 2026 11:23:01 PM";;Ended OK;FINANCE : Move du fichier DKA_EXP_BLOCAGE_ddMMYYYY-HHMMss.csv vers le NAS;MOV_OUT_Generique_DKA.ksh;Job;No;1;No;CTMSRV;FINEXT_J20GEN_06_Q;opfinbac;ldkfinp11;M_L_FIN12;3ombn
FIN-FINANCE;FINEXT_J20GEN_06_Q;FINEXT_J20GEN_06_Q;"March 22, 2026";"March 22, 2026 11:21:05 PM";"March 22, 2026 11:24:05 PM";;Ended OK;"FINANCE : Export des données fdes Entêtes; Lignes; blocages et Règlements de factures fournisseurs";;SMART Table;No;1;No;CTMSRV;FINEXT_J20GEN_06_Q;opfinbac;ldkctmp50;;3ombh
FIN-FINANCE;FINEXT_J20INT_05_Q;FINEXT_J20INT_05_IMP01_Q;"March 22, 2026";;;;Wait for Event;IVALUA : Chargement CONTROL_DSP.CSV;;Job;No;0;No;CTMSRV;FINEXT_J20INT_05_Q;EXPLOITATION;M_L_FIN12;M_L_FIN12;3om0c
FIN-FINANCE;FINEXT_J20INT_05_Q;FINEXT_J20INT_05_IMP02_Q;"March 22, 2026";;;;Wait for Event;IVALUA : Chargement factures PO FLIP;;Job;No;0;No;CTMSRV;FINEXT_J20INT_05_Q;EXPLOITATION;M_L_FIN12;M_L_FIN12;3om0i
FIN-FINANCE;FINEXT_J20INT_05_Q;FINEXT_J20INT_05_MOV01_Q;"March 22, 2026";;;2220;Wait for Event;FINANCE : Move du fichier DKA.DSP.CONTROL.*.csv depuis la PFE;MOV_IN_Generique_DKA.ksh;Job;No;0;No;CTMSRV;FINEXT_J20INT_05_Q;opfinbac;M_L_FIN12;M_L_FIN12;3om0a
FIN-FINANCE;FINEXT_J20INT_05_Q;FINEXT_J20INT_05_MOV02_Q;"March 22, 2026";;;;Wait for Event;FINANCE : Move du fichier DKA.DSP.*.TR1 depuis la PFE;MOV_IN_Generique_DKA.ksh;Job;No;0;No;CTMSRV;FINEXT_J20INT_05_Q;opfinbac;M_L_FIN12;M_L_FIN12;3om0e
FIN-FINANCE;FINEXT_J20INT_05_Q;FINEXT_J20INT_05_MOV03_Q;"March 22, 2026";;;;Wait for Event;FINANCE : Move du fichier DKA.DSP.IMAGE depuis la PFE;MOV_IN_Generique_DKA.ksh;Job;No;0;No;CTMSRV;FINEXT_J20INT_05_Q;opfinbac;M_L_FIN12;M_L_FIN12;3om0g
FIN-FINANCE;FINEXT_J20INT_05_Q;FINEXT_J20INT_05_Q;"March 22, 2026";"March 22, 2026 7:01:31 PM";;1114;Executing;IVALUA : Chargement CONTROL_DSP.CSV;;SMART Table;No;1;No;CTMSRV;FINEXT_J20INT_05_Q;;ldkctmp50;;3om09
FIN-FINANCE;FINEXT_J20INT_05_Q;FINEXT_J20INT_05_WRK01_Q;"March 22, 2026";"March 22, 2026 10:46:08 PM";"March 22, 2026 10:48:06 PM";;Ended OK;IVALUA : Contrôle de flux PO FLIP;;Job;No;1;No;CTMSRV;FINEXT_J20INT_05_Q;EXPLOITATION;ldkfinp11;M_L_FIN12;3om0d
FIN-FINANCE;FINEXT_J20INT_05_Q;FINEXT_J20INT_05_ZIP01_Q;"March 22, 2026";;;;Wait for Event;FINANCE : Decompression du fichier DKA.DSP.IMAGE.*.zip;FINEXT_J20INT_05_ZIP01_Q.ksh;Job;No;0;No;CTMSRV;FINEXT_J20INT_05_Q;opfinbac;M_L_FIN12;M_L_FIN12;3om0h
FIN-FINANCE;FINEXT_J20INT_05_Q;FINEXT_J20NT_05_CON01_Q;"March 22, 2026";;;;Wait for Event;FINANCE : Concatener les fichiers DKA.DSP.CONTROL*.csv en CONTROL_DSP.csv;FINEXT_J20INT_05_CON01_Q.ksh;Job;No;0;No;CTMSRV;FINEXT_J20INT_05_Q;opfinbac;M_L_FIN12;M_L_FIN12;3om0b
FIN-FINANCE;FINEXT_J20INT_05_Q;FINEXT_J20NT_05_CON02_Q;"March 22, 2026";;;;Wait for Event;FINANCE : Concatener les fichiers DKA.DSP.*.TR1 en DSP_DAL.csv;CON_Generique_DKA.ksh;Job;No;0;No;CTMSRV;FINEXT_J20INT_05_Q;opfinbac;M_L_FIN12;M_L_FIN12;3om0f
FIN-FINANCE;FINFIN_E11STP_01_Q;FINFIN_E11STP_01_ARR01_Q;"March 22, 2026";"March 22, 2026 7:00:00 PM";"March 22, 2026 7:00:07 PM";;Ended OK;Fermeture TP R12 - Stop OHS no 1;ebsstop.ksh;Job;No;1;No;CTMSRV;FINFIN_E11STP_01_Q;opfinbac;ldkfinp06;A_L_FIN06;3om38
FIN-FINANCE;FINFIN_E11STP_01_Q;FINFIN_E11STP_01_ARR02_Q;"March 22, 2026";"March 22, 2026 7:00:00 PM";"March 22, 2026 7:00:08 PM";;Ended OK;Fermeture TP R12 - Stop OHS no 2;ebsstop.ksh;Job;No;1;No;CTMSRV;FINFIN_E11STP_01_Q;opfinbac;ldkfinp05;A_L_FIN05;3om3a
FIN-FINANCE;FINFIN_E11STP_01_Q;FINFIN_E11STP_01_ARR03_Q;"March 22, 2026";"March 22, 2026 7:00:08 PM";"March 22, 2026 7:00:15 PM";;Ended OK;ARRET des MS sur le %%hostname;ebskillfmrweb.ksh;Job;No;1;No;CTMSRV;FINFIN_E11STP_01_Q;opfinbac;ldkfinp03;A_L_FIN03;3om3b
FIN-FINANCE;FINFIN_E11STP_01_Q;FINFIN_E11STP_01_ARR04_Q;"March 22, 2026";"March 22, 2026 7:00:08 PM";"March 22, 2026 7:00:15 PM";;Ended OK;ARRET des MS sur le %%hostname;ebskillfmrweb.ksh;Job;No;1;No;CTMSRV;FINFIN_E11STP_01_Q;opfinbac;ldkfinp04;A_L_FIN04;3om3c
FIN-FINANCE;FINFIN_E11STP_01_Q;FINFIN_E11STP_01_ATP01_Q;"March 22, 2026";"March 22, 2026 7:00:00 PM";"March 22, 2026 7:00:00 PM";;Ended OK;Fermeture TP R12 - Lock USERS;LOCK_USERS.ksh;Dummy;No;1;No;CTMSRV;FINFIN_E11STP_01_Q;opfinbac;;NOTEXIST;3om39
FIN-FINANCE;FINFIN_E11STP_01_Q;FINFIN_E11STP_01_Q;"March 22, 2026";"March 22, 2026 7:00:00 PM";"March 22, 2026 7:01:29 PM";;Ended OK;FINANCE : Fermeture TP OracleR12;;SMART Table;No;1;No;CTMSRV;FINFIN_E11STP_01_Q;opfinbac;ldkctmp50;;3om36
FIN-FINANCE;FINFIN_E11STP_01_Q;FINFIN_E11STP_01_WRK01_Q;"March 22, 2026";"March 22, 2026 7:00:16 PM";"March 22, 2026 7:01:29 PM";;Ended OK;Fermeture TP R12 - Flag TP;;Job;No;1;No;CTMSRV;FINFIN_E11STP_01_Q;EXPLOITATION;ldkfinp11;M_L_FIN12;3om37
FIN-FINANCE;FINFIN_E11STR_02_Q;FINFIN_E11STR_02_DTP01_Q;"March 22, 2026";"March 23, 2026 7:00:53 AM";"March 23, 2026 7:00:53 AM";;Ended OK;Ouverture TP R12 - UnLock USERS;UNLOCK_USERS.ksh;Dummy;No;1;No;CTMSRV;FINFIN_E11STR_02_Q;opfinbac;;NOTEXIST;3olbb
FIN-FINANCE;FINFIN_E11STR_02_Q;FINFIN_E11STR_02_Q;"March 22, 2026";"March 23, 2026 7:00:00 AM";"March 23, 2026 7:00:54 AM";;Ended OK;FINANCE : Ouverture TP OracleR12;;SMART Table;No;1;No;CTMSRV;FINFIN_E11STR_02_Q;opfinbac;ldkctmp50;;3olb9
FIN-FINANCE;FINFIN_E11STR_02_Q;FINFIN_E11STR_02_WRK01_Q;"March 22, 2026";"March 23, 2026 7:00:00 AM";"March 23, 2026 7:00:53 AM";;Ended OK;Ouverture TP R12 - Flag TP;;Job;No;1;No;CTMSRV;FINFIN_E11STR_02_Q;EXPLOITATION;ldkfinp11;M_L_FIN12;3olba
FIN-FINANCE;FINFIN_E12STR_02_Q;FINFIN_E12STR_02_DEM01_Q;"March 22, 2026";"March 22, 2026 7:01:31 PM";"March 22, 2026 7:01:46 PM";;Ended OK;Ouverture TP R12 - Start OHS no 1;ebsstart.ksh;Job;No;1;No;CTMSRV;FINFIN_E12STR_02_Q;opfinbac;ldkfinp06;A_L_FIN06;3olrz
FIN-FINANCE;FINFIN_E12STR_02_Q;FINFIN_E12STR_02_DEM02_Q;"March 22, 2026";"March 22, 2026 7:01:47 PM";"March 22, 2026 7:02:04 PM";;Ended OK;Ouverture TP R12 - Start OHS no 2;ebsstart.ksh;Job;No;1;No;CTMSRV;FINFIN_E12STR_02_Q;opfinbac;ldkfinp05;A_L_FIN05;3olry
FIN-FINANCE;FINFIN_E12STR_02_Q;FINFIN_E12STR_02_Q;"March 22, 2026";"March 22, 2026 7:01:31 PM";"March 22, 2026 7:02:04 PM";;Ended OK;FINANCE : Ouverture TP OracleR12;;SMART Table;No;1;No;CTMSRV;FINFIN_E12STR_02_Q;opfinfrt;ldkctmp50;;3olrx
FIN-FINANCE;FINFIN_J11TEC_04_DEB01_Q;FINFIN_J11TEC_04_DEB01_Q;"March 22, 2026";"March 22, 2026 7:01:29 PM";"March 22, 2026 7:01:29 PM";;Ended OK;FINANCE : Jalon Debut Finance;;SMART Table;No;1;No;CTMSRV;FINFIN_J11TEC_04_DEB01_Q;opfinbac;ldkctmp50;;3olzt
FIN-FINANCE;FINFIN_J11TEC_04_DEB02_Q;FINFIN_J11TEC_04_DEB02_Q;"March 22, 2026";"March 23, 2026 12:05:00 AM";"March 23, 2026 12:05:00 AM";;Ended OK;FINANCE : Jalon Debut Confirmation des règlements pour prélèvements;;SMART Table;No;1;No;CTMSRV;FINFIN_J11TEC_04_DEB02_Q;opfinbac;ldkctmp50;;3ol3p
FIN-FINANCE;FINFIN_J11TEC_04_FCL01_Q;FINFIN_J11TEC_04_FCL01_Q;"March 22, 2026";"March 22, 2026 11:30:01 PM";"March 22, 2026 11:30:01 PM";;Ended OK;FINANCE : Jalon fin Cloture;;SMART Table;No;1;No;CTMSRV;FINFIN_J11TEC_04_FCL01_Q;opfinbac;ldkctmp50;;3okxq
FIN-FINANCE;FINFIN_J11TEC_04_FIN01_Q;FINFIN_J11TEC_04_FIN01_Q;"March 22, 2026";"March 23, 2026 7:26:56 AM";"March 23, 2026 7:26:56 AM";;Ended OK;FINANCE : Jalon fin Finance;;SMART Table;No;1;No;CTMSRV;FINFIN_J11TEC_04_FIN01_Q;opfinbac;ldkctmp50;;3okoy
FIN-FINANCE;FINFIN_J11TEC_04_FJA01_Q;FINFIN_J11TEC_04_FJA01_Q;"March 22, 2026";"March 22, 2026 11:29:56 PM";"March 22, 2026 11:29:56 PM";;Ended OK;FINANCE : Debut des campagnes de reglements ();;SMART Table;No;1;No;CTMSRV;FINFIN_J11TEC_04_FJA01_Q;opfinbac;ldkctmp50;;3olfy
FIN-FINANCE;FINFIN_J11TEC_04_FJA02_Q;FINFIN_J11TEC_04_FJA02_Q;"March 22, 2026";"March 22, 2026 11:29:56 PM";"March 22, 2026 11:29:56 PM";;Ended OK;FINANCE : Jalon campagnes de reglements (Bloc 1);;SMART Table;No;1;No;CTMSRV;FINFIN_J11TEC_04_FJA02_Q;opfinbac;ldkctmp50;;3olwd
FIN-FINANCE;FINFIN_J11TEC_04_FJA03_Q;FINFIN_J11TEC_04_FJA03_Q;"March 22, 2026";"March 22, 2026 11:29:57 PM";"March 22, 2026 11:29:57 PM";;Ended OK;FINANCE : Jalon campagnes de reglements (Bloc 2);;SMART Table;No;1;No;CTMSRV;FINFIN_J11TEC_04_FJA03_Q;opfinbac;ldkctmp50;;3om43
FIN-FINANCE;FINFIN_J11TEC_04_FJA04_Q;FINFIN_J11TEC_04_FJA04_Q;"March 22, 2026";"March 22, 2026 11:29:58 PM";"March 22, 2026 11:29:59 PM";;Ended OK;FINANCE : Jalon Campagnes de reglements (Bloc 3);;SMART Table;No;1;No;CTMSRV;FINFIN_J11TEC_04_FJA04_Q;opfinbac;ldkctmp50;;3ol2f
FIN-FINANCE;FINFIN_J11TEC_04_FJA05_Q;FINFIN_J11TEC_04_FJA05_Q;"March 22, 2026";"March 22, 2026 11:30:00 PM";"March 22, 2026 11:30:00 PM";;Ended OK;FINANCE : Jalon Campagnes de reglements (Bloc 4);;SMART Table;No;1;No;CTMSRV;FINFIN_J11TEC_04_FJA05_Q;opfinbac;ldkctmp50;;3okje
FIN-FINANCE;FINFIN_J11TEC_04_FJA06_Q;FINFIN_J11TEC_04_FJA06_Q;"March 22, 2026";"March 22, 2026 11:30:00 PM";"March 22, 2026 11:30:00 PM";;Ended OK;FINANCE : Fin des campagnes de reglements;;SMART Table;No;1;No;CTMSRV;FINFIN_J11TEC_04_FJA06_Q;opfinbac;ldkctmp50;;3olle
FIN-FINANCE;FINFIN_J11TEC_04_FJO01_Q;FINFIN_J11TEC_04_FJO01_Q;"March 22, 2026";"March 22, 2026 11:21:04 PM";"March 22, 2026 11:21:04 PM";;Ended OK;FINANCE : Jalon fin Journaliere;;SMART Table;No;1;No;CTMSRV;FINFIN_J11TEC_04_FJO01_Q;opfinbac;ldkctmp50;;3oljh
FIN-FINANCE;FINFIN_J11TEC_04_FPE01_Q;FINFIN_J11TEC_04_FPE01_Q;"March 22, 2026";"March 22, 2026 11:30:01 PM";"March 22, 2026 11:30:01 PM";;Ended OK;FINANCE : Jalon fin des Periodique;;SMART Table;No;1;No;CTMSRV;FINFIN_J11TEC_04_FPE01_Q;opfinbac;ldkctmp50;;3olec
FIN-FINANCE;FINFIN_J11TEC_04_FRE01_Q;FINFIN_J11TEC_04_FRE01_Q;"March 22, 2026";"March 22, 2026 11:30:02 PM";"March 22, 2026 11:30:02 PM";;Ended OK;FINANCE : Jalon fin Referentiel;;SMART Table;No;1;No;CTMSRV;FINFIN_J11TEC_04_FRE01_Q;opfinbac;ldkctmp50;;3ol72
FIN-FINANCE;FINFIN_J12TEC_04_Q;FINFIN_J12TEC_04_PUR01_Q;"March 22, 2026";"March 22, 2026 4:00:00 PM";"March 22, 2026 4:00:01 PM";;Ended OK;"Archivage des repertoires IN; OUT et OUT_SEPA";FINFIN_J12TEC_04_PUR01_Q.ksh;Job;No;1;No;CTMSRV;FINFIN_J12TEC_04_Q;opfinbac;ldkfinp01;M_L_FIN12;3ola5
FIN-FINANCE;FINFIN_J12TEC_04_Q;FINFIN_J12TEC_04_PUR02_Q;"March 22, 2026";;;;Wait for Event;"Archivage des repertoires IN; OUT et OUT_SEPA";FINFIN_J12TEC_04_PUR01_Q.ksh;Job;No;0;No;CTMSRV;FINFIN_J12TEC_04_Q;opfinbac;M_L_FIN12;M_L_FIN12;3ola6
FIN-FINANCE;FINFIN_J12TEC_04_Q;FINFIN_J12TEC_04_Q;"March 22, 2026";"March 22, 2026 1:30:09 PM";;;Executing;"FINANCE : Archivage des repertoires IN; OUT et OUT_SEPA";;SMART Table;No;1;No;CTMSRV;FINFIN_J12TEC_04_Q;root;;;3ola4
FIN-FINANCE;FINFIN_J12TRT_04_Q;FINFIN_J12TRT_04_Q;"March 22, 2026";"March 22, 2026 7:01:31 PM";"March 22, 2026 11:21:04 PM";;Ended OK;FINANCE : Prise en compte GL/AP/AR du jour;;SMART Table;No;1;No;CTMSRV;FINFIN_J12TRT_04_Q;opfinbac;ldkctmp50;;3ok7k
FIN-FINANCE;FINFIN_J12TRT_04_Q;FINFIN_J12TRT_04_WRK02_Q;"March 22, 2026";"March 22, 2026 10:46:08 PM";"March 22, 2026 11:21:03 PM";;Ended OK;Prise en compte AP du jour;;Job;No;1;No;CTMSRV;FINFIN_J12TRT_04_Q;EXPLOITATION;ldkfinp01;M_L_FIN12;3ok7l
FIN-FINANCE;FINFIN_J12TRT_04_Q;FINFIN_J12TRT_04_WRK04_Q;"March 22, 2026";"March 22, 2026 7:01:31 PM";"March 22, 2026 7:16:55 PM";;Ended OK;Prise en compte AR du jour;;Job;No;1;No;CTMSRV;FINFIN_J12TRT_04_Q;EXPLOITATION;ldkfinp11;M_L_FIN12;3ok7m
FIN-FINANCE;FINFIN_J12TRT_04_Q;FINFIN_J12TRT_04_WRK05_Q;"March 22, 2026";"March 22, 2026 7:01:31 PM";"March 22, 2026 7:31:51 PM";;Ended OK;Prise en compte AR du jour;;Job;No;1;No;CTMSRV;FINFIN_J12TRT_04_Q;EXPLOITATION;ldkfinp01;M_L_FIN12;3ok7n
FIN-FINANCE;FINFIN_J13TRT_04_Q;FINFIN_J13TRT_04_Q;"March 22, 2026";"March 22, 2026 7:01:31 PM";"March 22, 2026 11:38:11 PM";;Ended OK;FINANCE : Workflow validation factures;;SMART Table;No;1;No;CTMSRV;FINFIN_J13TRT_04_Q;opfinbac;ldkctmp50;;3okay
FIN-FINANCE;FINFIN_J13TRT_04_Q;FINFIN_J13TRT_04_WRK01_Q;"March 22, 2026";"March 22, 2026 11:25:02 PM";"March 22, 2026 11:29:55 PM";;Ended OK;FINANCE : Workflow validation factures;;Job;No;1;No;CTMSRV;FINFIN_J13TRT_04_Q;EXPLOITATION;ldkfinp11;M_L_FIN12;3okaz
FIN-FINANCE;FINFIN_J13TRT_04_Q;FINFIN_J13TRT_04_WRK02_Q;"March 22, 2026";"March 22, 2026 11:29:56 PM";"March 22, 2026 11:31:21 PM";;Ended OK;FINANCE : Approbation auto des notifications;;Job;No;1;No;CTMSRV;FINFIN_J13TRT_04_Q;EXPLOITATION;ldkfinp01;M_L_FIN12;3okb0
FIN-FINANCE;FINFIN_J13TRT_04_Q;FINFIN_J13TRT_04_WRK03_Q;"March 22, 2026";"March 22, 2026 11:31:22 PM";"March 22, 2026 11:33:04 PM";;Ended OK;FINANCE : Workflow en arriere plan DKACSP;;Job;No;1;No;CTMSRV;FINFIN_J13TRT_04_Q;EXPLOITATION;ldkfinp11;M_L_FIN12;3okb1
FIN-FINANCE;FINFIN_J13TRT_04_Q;FINFIN_J13TRT_04_WRK04_Q;"March 22, 2026";"March 22, 2026 11:33:04 PM";"March 22, 2026 11:34:54 PM";;Ended OK;FINANCE : Reporting des mvts sans image;;Job;No;1;No;CTMSRV;FINFIN_J13TRT_04_Q;EXPLOITATION;ldkfinp01;M_L_FIN12;3okb2
FIN-FINANCE;FINFIN_J13TRT_04_Q;FINFIN_J13TRT_04_WRK05_Q;"March 22, 2026";"March 22, 2026 11:36:09 PM";"March 22, 2026 11:36:09 PM";;Ended OK;FINANCE : Suivi des notifications ouvertes;;Dummy;No;1;No;CTMSRV;FINFIN_J13TRT_04_Q;EXPLOITATION;;M_L_FIN12;3okb3
FIN-FINANCE;FINFIN_J13TRT_04_Q;FINFIN_J13TRT_04_WRK06_Q;"March 22, 2026";"March 22, 2026 11:36:10 PM";"March 22, 2026 11:38:11 PM";;Ended OK;FINANCE : Purge des workflow obsoletes;;Job;No;1;No;CTMSRV;FINFIN_J13TRT_04_Q;EXPLOITATION;ldkfinp01;M_L_FIN12;3okb4
FIN-FINANCE;FINFIN_J13TRT_04_Q;FINFIN_J13TRT_04_WRK08_Q;"March 22, 2026";"March 22, 2026 11:34:55 PM";"March 22, 2026 11:36:08 PM";;Ended OK;FINANCE : Annulation des notifications obsoletes CSP;;Job;No;1;No;CTMSRV;FINFIN_J13TRT_04_Q;EXPLOITATION;ldkfinp11;M_L_FIN12;3okb5
FIN-FINANCE;FINFIN_J15TRT_04_Q;FINFIN_J15TRT_04_Q;"March 22, 2026";"March 22, 2026 11:30:02 PM";;;Executing;FINANCE : Rapprochement bancaire automatique;;SMART Table;No;1;No;CTMSRV;FINFIN_J15TRT_04_Q;opfinbac;ldkctmp50;;3oljm
FIN-FINANCE;FINFIN_J15TRT_04_Q;FINFIN_J15TRT_04_WRK01_Q;"March 22, 2026";"March 23, 2026 7:57:10 AM";"March 23, 2026 8:03:39 AM";;Wait for Event;RB : rapprochement automatique;;Job;No;2;Yes;CTMSRV;FINFIN_J15TRT_04_Q;EXPLOITATION;ldkfinp11;M_L_FIN12;3oljn
FIN-FINANCE;FINFIN_J18TRT_04_Q;FINFIN_J18TRT_04_IMP01_Q;"March 22, 2026";"March 23, 2026 8:00:00 AM";"March 23, 2026 8:02:55 AM";1300;Wait for Event;Import des projets dans PA (Matin);;Job;No;5;Yes;CTMSRV;FINFIN_J18TRT_04_Q;EXPLOITATION;ldkfinp01;M_L_FIN12;3olyg
FIN-FINANCE;FINFIN_J18TRT_04_Q;FINFIN_J18TRT_04_Q;"March 22, 2026";"March 22, 2026 1:30:09 PM";;;Executing;FINANCE : Import des projets dans PA;;SMART Table;No;1;No;CTMSRV;FINFIN_J18TRT_04_Q;opfinbac;;;3olyf
FIN-FINANCE;FINFIN_J22TRT_04_Q;FINFIN_J22TRT_04_Q;"March 22, 2026";"March 22, 2026 1:30:09 PM";;;Executing;FINANCE : Duplication des sites fournisseurs;;SMART Table;No;1;No;CTMSRV;FINFIN_J22TRT_04_Q;opfinbac;;;3ol31
FIN-FINANCE;FINFIN_J22TRT_04_Q;FINFIN_J22TRT_04_WRK01_Q;"March 22, 2026";"March 23, 2026 8:00:00 AM";"March 23, 2026 8:01:42 AM";1325;Wait for Event;FINANCE : Duplication des sites fournisseurs (soir);;Job;No;7;Yes;CTMSRV;FINFIN_J22TRT_04_Q;EXPLOITATION;ldkfinp11;M_L_FIN12;3ol32
FIN-FINANCE;FINFIN_J23TRT_06_Q;FINFIN_J23TRT_06_CTL01_Q;"March 22, 2026";"March 22, 2026 11:30:02 PM";"March 23, 2026 1:46:29 AM";;Ended OK;REFERENTIEL: Extraction SQL MOA - AP;;Job;No;1;No;CTMSRV;FINFIN_J23TRT_06_Q;EXPLOITATION;ldkfinp01;M_L_FIN12;3olu9
FIN-FINANCE;FINFIN_J23TRT_06_Q;FINFIN_J23TRT_06_CTL02_Q;"March 22, 2026";"March 22, 2026 11:30:02 PM";"March 22, 2026 11:36:43 PM";;Ended OK;REFERENTIEL: Extraction SQL MOA - AR;;Job;No;1;No;CTMSRV;FINFIN_J23TRT_06_Q;EXPLOITATION;ldkfinp11;M_L_FIN12;3olua
FIN-FINANCE;FINFIN_J23TRT_06_Q;FINFIN_J23TRT_06_CTL03_Q;"March 22, 2026";"March 22, 2026 11:30:02 PM";"March 22, 2026 11:47:32 PM";;Ended OK;REFERENTIEL: Extraction SQL MOA - GL;;Job;No;1;No;CTMSRV;FINFIN_J23TRT_06_Q;EXPLOITATION;ldkfinp01;M_L_FIN12;3olub
FIN-FINANCE;FINFIN_J23TRT_06_Q;FINFIN_J23TRT_06_CTL04_Q;"March 22, 2026";"March 22, 2026 11:30:02 PM";"March 22, 2026 11:43:52 PM";;Ended OK;REFERENTIEL: Extraction SQL MOA - CSP;;Job;No;1;No;CTMSRV;FINFIN_J23TRT_06_Q;EXPLOITATION;ldkfinp11;M_L_FIN12;3oluc
FIN-FINANCE;FINFIN_J23TRT_06_Q;FINFIN_J23TRT_06_Q;"March 22, 2026";"March 22, 2026 1:30:09 PM";"March 23, 2026 1:46:30 AM";;Ended OK;REFERENTIEL : Extraction SQL MOA;;SMART Table;No;1;No;CTMSRV;FINFIN_J23TRT_06_Q;opfinbac;ldkctmp50;;3olu8
FIN-FINANCE;FINFIN_J33TRT_04_H;FINFIN_J33TRT_04_H;"March 22, 2026";"March 22, 2026 1:30:10 PM";"March 23, 2026 12:50:03 AM";;Ended Not OK;;;SMART Table;No;1;No;CTMSRV;FINFIN_J33TRT_04_H;;ldkctmp50;;3okdn
FIN-FINANCE;FINFIN_J33TRT_04_H;FINFIN_J33TRT_04_WRK01_H;"March 22, 2026";"March 22, 2026 6:45:00 PM";"March 23, 2026 12:50:02 AM";;Ended Not OK;Collecter les statistiques du schéma  ALL;;Job;No;1;No;CTMSRV;FINFIN_J33TRT_04_H;EXPLOITATION;ldkfinp01;M_L_FIN12;3okdo
FIN-FINANCE;FINFIN_J33TRT_04_Q;FINFIN_J33TRT_04_Q;"March 22, 2026";"March 22, 2026 1:30:09 PM";"March 22, 2026 4:36:39 PM";;Ended OK;;;SMART Table;No;1;No;CTMSRV;FINFIN_J33TRT_04_Q;;ldkctmp50;;3om71
FIN-FINANCE;FINFIN_J33TRT_04_Q;FINFIN_J33TRT_04_WRK01_Q;"March 22, 2026";"March 22, 2026 4:00:00 PM";"March 22, 2026 4:01:00 PM";;Ended OK;"Collecter les statistiques de la table AP; AP_INVOICES_INTERFACE";;Job;No;1;No;CTMSRV;FINFIN_J33TRT_04_Q;EXPLOITATION;ldkfinp11;M_L_FIN12;3om72
FIN-FINANCE;FINFIN_J33TRT_04_Q;FINFIN_J33TRT_04_WRK02_Q;"March 22, 2026";"March 22, 2026 4:00:00 PM";"March 22, 2026 4:02:20 PM";;Ended OK;"Collecter les statistiques de la table AP; AP_INVOICES_ALL";;Job;No;1;No;CTMSRV;FINFIN_J33TRT_04_Q;EXPLOITATION;ldkfinp01;M_L_FIN12;3om73
FIN-FINANCE;FINFIN_J33TRT_04_Q;FINFIN_J33TRT_04_WRK03_Q;"March 22, 2026";"March 22, 2026 4:30:00 PM";"March 22, 2026 4:36:39 PM";;Ended OK;Collecter les statistiques du schéma  APPLSYS;;Job;No;1;No;CTMSRV;FINFIN_J33TRT_04_Q;EXPLOITATION;ldkfinp11;M_L_FIN12;3om74
FIN-FINANCE;FINFIN_J35TRT_04_H;FINFIN_J35TRT_04_H;"March 22, 2026";"March 22, 2026 1:30:10 PM";"March 22, 2026 1:30:12 PM";;Ended OK;;;SMART Table;No;1;No;CTMSRV;FINFIN_J35TRT_04_H;;;;3olbg
FIN-FINANCE;FINFIN_J36TRT_04_H;FINFIN_J36TRT_04_H;"March 22, 2026";"March 22, 2026 1:30:09 PM";"March 22, 2026 1:30:12 PM";;Ended OK;;;SMART Table;No;1;No;CTMSRV;FINFIN_J36TRT_04_H;;;;3om3q
FIN-FINANCE;FINXXX_J14INT_05_Q;FINXXX_J14INT_05_MOV01_Q;"March 22, 2026";"March 22, 2026 11:21:04 PM";"March 22, 2026 11:21:05 PM";;Ended Not OK;FINANCE : MOV du fichier MAG_DAL*.zip.;MOV_IN_Generique_DKA.ksh;Job;No;1;No;CTMSRV;FINXXX_J14INT_05_Q;opfinbac;ldkfinp11;M_L_FIN12;3om4a
FIN-FINANCE;FINXXX_J14INT_05_Q;FINXXX_J14INT_05_Q;"March 22, 2026";"March 22, 2026 7:01:31 PM";;;Executing;FINANCE : Rattachement des images XEROX/ALADIN;;SMART Table;No;1;No;CTMSRV;FINXXX_J14INT_05_Q;opfinbac;ldkctmp50;;3om48
FIN-FINANCE;FINXXX_J14INT_05_Q;FINXXX_J14INT_05_WRK01_Q;"March 22, 2026";"March 22, 2026 11:21:06 PM";"March 22, 2026 11:25:02 PM";;Ended OK;Rattachement des images XEROX - Tradeshift;;Job;No;1;No;CTMSRV;FINXXX_J14INT_05_Q;EXPLOITATION;ldkfinp01;M_L_FIN12;3om49
FIN-FINANCE;FINXXX_J14INT_05_Q;FINXXX_J14INT_05_ZIP01_Q;"March 22, 2026";;;;Wait for Event;FINANCE : Decompression du fichiers MAG_DAL*.zip;FINXXX_J14INT_05_ZIP01_Q.ksh;Job;No;0;No;CTMSRV;FINXXX_J14INT_05_Q;opfinbac;M_L_FIN12;M_L_FIN12;3om4b
GDR-GESTION DES REJETS;GDRFIN_J11INT_05_Q;GDRFIN_J11INT_05_IMP01_Q;"March 22, 2026";;;;Wait for Event;Integre les fichiers de type EcritureComptable GL depuis la PFE vers GDR;lance_Traitement_Interne_GDR.bat;Job;No;0;Yes;CTMSRV;GDRFIN_J11INT_05_Q;svce_cm;A_W_GDR01;A_W_GDR01;3olvj
GDR-GESTION DES REJETS;GDRFIN_J11INT_05_Q;GDRFIN_J11INT_05_IMP02_Q;"March 22, 2026";"March 22, 2026 7:45:10 PM";"March 22, 2026 7:45:17 PM";2000;Wait for Event;Integre les fichiers de type EcritureComptable GL depuis la PFE vers GDR;lance_Traitement_Interne_GDR.bat;Job;No;26;Yes;CTMSRV;GDRFIN_J11INT_05_Q;svce_cm;wdkgdrctlpa01;A_W_GDR01;3olvk
GDR-GESTION DES REJETS;GDRFIN_J11INT_05_Q;GDRFIN_J11INT_05_IMP03_Q;"March 22, 2026";;;;Wait for Event;Integre les fichiers de type Factures Client depuis la PFE vers GDR;lance_Traitement_Interne_GDR.bat;Job;No;0;Yes;CTMSRV;GDRFIN_J11INT_05_Q;svce_cm;A_W_GDR01;A_W_GDR01;3olvg
GDR-GESTION DES REJETS;GDRFIN_J11INT_05_Q;GDRFIN_J11INT_05_IMP04_Q;"March 22, 2026";"March 22, 2026 7:45:00 PM";"March 22, 2026 7:45:09 PM";2000;Wait for Event;Integre les fichiers de type Factures Client depuis la PFE vers GDR;lance_Traitement_Interne_GDR.bat;Job;No;26;Yes;CTMSRV;GDRFIN_J11INT_05_Q;svce_cm;wdkgdrctlpa01;A_W_GDR01;3olvl
GDR-GESTION DES REJETS;GDRFIN_J11INT_05_Q;GDRFIN_J11INT_05_IMP05_Q;"March 22, 2026";;;;Wait for Event;Integre les fichiers de type Factures Fournisseur depuis la PFE vers GDR;lance_Traitement_Interne_GDR.bat;Job;No;0;Yes;CTMSRV;GDRFIN_J11INT_05_Q;svce_cm;A_W_GDR01;A_W_GDR01;3olvh
GDR-GESTION DES REJETS;GDRFIN_J11INT_05_Q;GDRFIN_J11INT_05_IMP06_Q;"March 22, 2026";"March 22, 2026 7:45:25 PM";"March 22, 2026 7:45:32 PM";2000;Wait for Event;Integre les fichiers de type Factures Fournisseur depuis la PFE vers GDR;lance_Traitement_Interne_GDR.bat;Job;No;26;Yes;CTMSRV;GDRFIN_J11INT_05_Q;svce_cm;wdkgdrctlpa01;A_W_GDR01;3olvm
GDR-GESTION DES REJETS;GDRFIN_J11INT_05_Q;GDRFIN_J11INT_05_IMP07_Q;"March 22, 2026";;;;Wait for Event;Integre les fichiers de type Factures Erreur Source depuis la PFE vers GDR;lance_Traitement_Interne_GDR.bat;Job;No;0;Yes;CTMSRV;GDRFIN_J11INT_05_Q;svce_cm;A_W_GDR01;A_W_GDR01;3olvi
GDR-GESTION DES REJETS;GDRFIN_J11INT_05_Q;GDRFIN_J11INT_05_IMP08_Q;"March 22, 2026";"March 22, 2026 7:45:18 PM";"March 22, 2026 7:45:25 PM";2000;Wait for Event;Integre les fichiers de type Factures Erreur Source depuis la PFE vers GDR;lance_Traitement_Interne_GDR.bat;Job;No;26;Yes;CTMSRV;GDRFIN_J11INT_05_Q;svce_cm;wdkgdrctlpa01;A_W_GDR01;3olvn
GDR-GESTION DES REJETS;GDRFIN_J11INT_05_Q;GDRFIN_J11INT_05_Q;"March 22, 2026";"March 22, 2026 1:30:09 PM";;;Executing;Intégration des fichiers de type facture;;SMART Table;No;1;No;CTMSRV;GDRFIN_J11INT_05_Q;svce_cm;;;3olvf
GDR-GESTION DES REJETS;GDRFIN_J11TEC_04_Q;GDRFIN_J11TEC_04_HIS01_Q;"March 22, 2026";"March 22, 2026 10:46:08 PM";"March 22, 2026 10:46:13 PM";;Ended Not OK;FINANCE : Requete  ST factures;lance_Traitement_Interne_GDR.bat;Job;No;1;No;CTMSRV;GDRFIN_J11TEC_04_Q;svce_cm;wdkgdrctlpa01;A_W_GDR01;3ol38
GDR-GESTION DES REJETS;GDRFIN_J11TEC_04_Q;GDRFIN_J11TEC_04_Q;"March 22, 2026";"March 22, 2026 1:30:09 PM";"March 22, 2026 10:46:14 PM";2200;Ended Not OK;FINANCE : Chargement factures Xerox;;SMART Table;No;1;No;CTMSRV;GDRFIN_J11TEC_04_Q;svce_cm;ldkctmp50;;3ol37
GDR-GESTION DES REJETS;GDRFIN_J15TEC_04_Q;GDRFIN_J15INT_05_HIS02_Q;"March 22, 2026";;;;Wait for Event;FINANCE : Requete  ST fournisseurs midi;lance_Traitement_Interne_GDR.bat;Job;No;0;No;CTMSRV;GDRFIN_J15TEC_04_Q;svce_cm;A_W_GDR01;A_W_GDR01;3olev
GDR-GESTION DES REJETS;GDRFIN_J15TEC_04_Q;GDRFIN_J15TEC_04_HIS01_Q;"March 22, 2026";"March 22, 2026 6:46:37 PM";"March 22, 2026 6:46:39 PM";;Ended Not OK;FINANCE : Requete  ST fournisseurs soir;lance_Traitement_Interne_GDR.bat;Job;No;1;No;CTMSRV;GDRFIN_J15TEC_04_Q;svce_cm;wdkgdrctlpa01;A_W_GDR01;3oleu
GDR-GESTION DES REJETS;GDRFIN_J15TEC_04_Q;GDRFIN_J15TEC_04_Q;"March 22, 2026";"March 22, 2026 1:30:09 PM";;;Executing;FINANCE : Interface d'import des fournisseurs dans Oracle;;SMART Table;No;1;No;CTMSRV;GDRFIN_J15TEC_04_Q;svce_cm;ldkctmp50;;3olet
GDR-GESTION DES REJETS;GDRFIN_J18TEC_04_Q;GDRFIN_J18INT_05_HIS02_Q;"March 22, 2026";;;;Wait for Event;FINANCE : Requete  ST reception midi;lance_Traitement_Interne_GDR.bat;Job;No;0;No;CTMSRV;GDRFIN_J18TEC_04_Q;svce_cm;A_W_GDR01;A_W_GDR01;3ok86
GDR-GESTION DES REJETS;GDRFIN_J18TEC_04_Q;GDRFIN_J18TEC_04_HIS01_Q;"March 22, 2026";"March 22, 2026 6:46:37 PM";"March 22, 2026 6:46:39 PM";;Ended Not OK;FINANCE : Requete  ST reception soir;lance_Traitement_Interne_GDR.bat;Job;No;1;No;CTMSRV;GDRFIN_J18TEC_04_Q;svce_cm;wdkgdrctlpa01;A_W_GDR01;3ok85
GDR-GESTION DES REJETS;GDRFIN_J18TEC_04_Q;GDRFIN_J18TEC_04_Q;"March 22, 2026";"March 22, 2026 1:30:10 PM";;;Executing;FINANCE : Interface d'import des réceptions;;SMART Table;No;1;No;CTMSRV;GDRFIN_J18TEC_04_Q;svce_cm;ldkctmp50;;3ok84
GDR-GESTION DES REJETS;GDRGDR_J11TRT_04_Q;GDRGDR_J11TRT_04_Q;"March 22, 2026";"March 22, 2026 1:30:09 PM";;;Executing;Listing des factures restantes à corriger;;SMART Table;No;1;No;CTMSRV;GDRGDR_J11TRT_04_Q;uSvcGDR;;;3olqu
GDR-GESTION DES REJETS;GDRGDR_J11TRT_04_Q;GDRGDR_J11TRT_04_WRK01_Q;"March 22, 2026";;;;Wait for Event;Liste dans un fichier csv les factures restantes à corriger pour chaque région (matin);lance_Traitement_Interne_GDR.bat;Job;No;0;No;CTMSRV;GDRGDR_J11TRT_04_Q;uSvcAppGDR;A_W_GDR01;A_W_GDR01;3olqv
HEC-HERCULE CHIFFRAG;HECDTR_J11GEN_05_Q;HECDTR_J11GEN_05_EXP01_Q;"March 22, 2026";"March 22, 2026 7:00:00 PM";"March 22, 2026 7:00:10 PM";;Ended OK;HEC : Generation applicative;lance_Traitement_Interne.bat;Job;No;1;No;CTMSRV;HECDTR_J11GEN_05_Q;uSvcHEC-p;wdkhecp11;A_W_HEC11;3ok6n
HEC-HERCULE CHIFFRAG;HECDTR_J11GEN_05_Q;HECDTR_J11GEN_05_MOV01_Q;"March 22, 2026";"March 22, 2026 7:00:10 PM";"March 22, 2026 7:00:13 PM";;Ended OK;HERCULE : Transfert du fichier HER01_*.csv vers PFE;MOV_Generique_DKA.bat;Job;No;1;No;CTMSRV;HECDTR_J11GEN_05_Q;svce_cm;wdkhecp11;A_W_HEC11;3ok6o
HEC-HERCULE CHIFFRAG;HECDTR_J11GEN_05_Q;HECDTR_J11GEN_05_Q;"March 22, 2026";"March 22, 2026 1:30:10 PM";"March 22, 2026 7:00:14 PM";;Ended OK;HERCULE : Export des Donnees DTR;;SMART Table;No;1;No;CTMSRV;HECDTR_J11GEN_05_Q;;ldkctmp50;;3ok6m
HEC-HERCULE CHIFFRAG;HECFIN_J12INT_05_Q;HECFIN_J12INT_05_MOV01_Q;"March 22, 2026";;;;Wait for Event;HERCULE : Transfert du fichier ENCAISSEMENTS_CLIENTS_*.csv vers HEC;MOVOUT_Generique_DKA.bat;Job;No;0;No;CTMSRV;HECFIN_J12INT_05_Q;svce_cm;A_W_HEC11;A_W_HEC11;3olw7
HEC-HERCULE CHIFFRAG;HECFIN_J12INT_05_Q;HECFIN_J12INT_05_Q;"March 22, 2026";"March 22, 2026 1:30:09 PM";;;Executing;;;SMART Table;No;1;No;CTMSRV;HECFIN_J12INT_05_Q;;;;3olw6
HEC-HERCULE CHIFFRAG;HECFIN_J12INT_05_Q;HECFIN_J12INT_05_WRK01_Q;"March 22, 2026";;;;Wait for Event;HEC : Integration applicative du fichier ENCAISSEMENTS_CLIENTS_*.csv;lance_Traitement_Interne.bat;Job;No;0;No;CTMSRV;HECFIN_J12INT_05_Q;uSvcHEC-p;A_W_HEC11;A_W_HEC11;3olw8
HEC-HERCULE CHIFFRAG;HECHEC_E11REB_12_H;HECHEC_E11REB_12_CTL11_H;"March 22, 2026";"March 22, 2026 2:10:20 PM";"March 22, 2026 2:10:25 PM";;Ended OK;Redemarrage HERCULE: TEST si serveur demarre (WDKHECP11);CTL_REBOOT_WDKHECP11;Command;No;1;No;CTMSRV;HECHEC_E11REB_12_H;svce_cm;wdkhecp11;A_W_HEC11;3olhn
HEC-HERCULE CHIFFRAG;HECHEC_E11REB_12_H;HECHEC_E11REB_12_CTL13_H;"March 22, 2026";"March 22, 2026 2:10:20 PM";"March 22, 2026 2:10:25 PM";;Ended OK;Redemarrage HERCULE: TEST si serveur demarre (WDKHECP13);CTL_REBOOT_WDKHECP13;Command;No;1;No;CTMSRV;HECHEC_E11REB_12_H;svce_cm;wdkhecp13;A_W_HEC13;3olhp
HEC-HERCULE CHIFFRAG;HECHEC_E11REB_12_H;HECHEC_E11REB_12_H;"March 22, 2026";"March 22, 2026 2:00:00 PM";"March 22, 2026 2:10:26 PM";;Ended OK;Plan de Maintenance des serveurs HERCULE;;SMART Table;No;1;No;CTMSRV;HECHEC_E11REB_12_H;;ldkctmp50;;3olhk
HEC-HERCULE CHIFFRAG;HECHEC_E11REB_12_H;HECHEC_E11REB_12_REB11_H;"March 22, 2026";"March 22, 2026 2:00:13 PM";"March 22, 2026 2:00:15 PM";;Ended OK;Redemarrage HERCULE: REBOOT du serveur (WDKHECP11);REBOOT_WDKHECP11;Command;No;1;No;CTMSRV;HECHEC_E11REB_12_H;svce_cm;wdkhecp11;A_W_HEC11;3olhl
HEC-HERCULE CHIFFRAG;HECHEC_E11REB_12_H;HECHEC_E11REB_12_REB13_H;"March 22, 2026";"March 22, 2026 2:00:13 PM";"March 22, 2026 2:00:18 PM";;Ended OK;Redemarrage HERCULE: REBOOT du serveur (WDKHECP13);REBOOT_WDKHECP13;Command;No;1;No;CTMSRV;HECHEC_E11REB_12_H;svce_cm;wdkhecp13;A_W_HEC13;3olho
HEC-HERCULE CHIFFRAG;HECHEC_E11REB_12_H;HECHEC_E11REB_12_WAI01_H;"March 22, 2026";"March 22, 2026 2:00:18 PM";"March 22, 2026 2:10:19 PM";;Ended OK;Redemarrage HERCULE: SLEEP pour test si serveur demarre;SLEEP_REBOOT_WDKHECP11;Command;No;1;No;CTMSRV;HECHEC_E11REB_12_H;controlm;ldkctmp50;SRV_PRIMAIRE;3olhm
HEC-HERCULE CHIFFRAG;HECHEC_E11STP_01_H;HECHEC_E11STP_01_ARR01_H;"March 22, 2026";"March 22, 2026 2:00:02 PM";"March 22, 2026 2:00:10 PM";;Ended OK;Redemarrage Hercule: STOP IIS (WDKHECP11);Start_Stop_Hercules.bat;Job;No;1;No;CTMSRV;HECHEC_E11STP_01_H;svce_cm;wdkhecp11;A_W_HEC11;3ol6r
HEC-HERCULE CHIFFRAG;HECHEC_E11STP_01_H;HECHEC_E11STP_01_H;"March 22, 2026";"March 22, 2026 1:30:09 PM";"March 22, 2026 2:00:13 PM";;Ended OK;HERCULE::mail de maintenence et arret applicatif;;SMART Table;No;1;No;CTMSRV;HECHEC_E11STP_01_H;;ldkctmp50;;3ol6q
HEC-HERCULE CHIFFRAG;HECHEC_E11STP_01_H;HECHEC_E11STP_01_MEL01_M;"March 22, 2026";"March 22, 2026 2:00:00 PM";"March 22, 2026 2:00:02 PM";;Ended OK;HERCULE : Notification Mail DEBUT Plan de Maintenance des serveurs windows;Notification_Plan_Maintenance.ksh;Job;No;1;No;CTMSRV;HECHEC_E11STP_01_H;root;ldkctmp50;SRV_PRIMAIRE;3ol6t
HEC-HERCULE CHIFFRAG;HECHEC_E11STP_01_H;HECHEC_E11STP_01_PUR01_H;"March 22, 2026";"March 22, 2026 2:00:11 PM";"March 22, 2026 2:00:12 PM";;Ended OK;Purge logs Hercule (WDKHECP11);Purge_LogsIIS.bat;Job;No;1;No;CTMSRV;HECHEC_E11STP_01_H;svce_cm;wdkhecp11;A_W_HEC11;3ol6s
HEC-HERCULE CHIFFRAG;HECHEC_E11STR_02_H;HECHEC_E11STR_02_DEM01_H;"March 22, 2026";"March 22, 2026 2:10:26 PM";"March 22, 2026 2:10:28 PM";;Ended OK;Redemarrage Hercule: START IIS (WDKHECP11);Start_Stop_Hercules.bat;Job;No;1;No;CTMSRV;HECHEC_E11STR_02_H;svce_cm;wdkhecp11;A_W_HEC11;3ol3v
HEC-HERCULE CHIFFRAG;HECHEC_E11STR_02_H;HECHEC_E11STR_02_H;"March 22, 2026";"March 22, 2026 1:30:09 PM";"March 22, 2026 2:10:30 PM";;Ended OK;HERCULE:mail fin de maintenance et start de l'appli;;SMART Table;No;1;No;CTMSRV;HECHEC_E11STR_02_H;;ldkctmp50;;3ol3u
HEC-HERCULE CHIFFRAG;HECHEC_E11STR_02_H;HECHEC_E11STR_02_MEL02_M;"March 22, 2026";"March 22, 2026 2:10:28 PM";"March 22, 2026 2:10:29 PM";;Ended OK;HERCULE  : Notification Mail FIN Plan de Maintenance des serveurs windows;Notification_Plan_Maintenance.ksh;Job;No;1;No;CTMSRV;HECHEC_E11STR_02_H;root;ldkctmp50;SRV_PRIMAIRE;3ol3w
KDR-KADOR;KDREXT_J12INT_05_Q;KDREXT_J12INT_05_IMP01_Q;"March 22, 2026";"March 23, 2026 1:03:02 AM";"March 23, 2026 1:04:31 AM";;Ended OK;KDR : Process Ressource Insert;BATCH_Generique_DKA.ksh;Job;No;1;No;CTMSRV;KDREXT_J12INT_05_Q;dalkia-adm;ldkmdmp21;A_L_MDM21;3olhe
KDR-KADOR;KDREXT_J12INT_05_Q;KDREXT_J12INT_05_MOV01_Q;"March 22, 2026";"March 23, 2026 1:03:01 AM";"March 23, 2026 1:03:02 AM";;Ended OK;KDR : Deplacement du fichier *.zip vers KDR;MOV_IN_Generique_DKA.ksh;Job;No;1;No;CTMSRV;KDREXT_J12INT_05_Q;root;ldkmdmp21;A_L_MDM21;3olhf
KDR-KADOR;KDREXT_J12INT_05_Q;KDREXT_J12INT_05_Q;"March 22, 2026";"March 23, 2026 1:03:01 AM";"March 23, 2026 1:04:32 AM";;Ended OK;KADOR : Process Ressource Insert;;SMART Table;No;1;No;CTMSRV;KDREXT_J12INT_05_Q;dalkia-adm;ldkctmp50;;3olhd
KDR-KADOR;KDREXT_J13INT_05_Q;KDREXT_J13INT_05_IMP01_Q;"March 22, 2026";;;;Wait for Event;KDR - JDV : Import du fichier de JEUXDEVALEURS;executeBatchImportGXPLOV.sh;Job;No;0;No;CTMSRV;KDREXT_J13INT_05_Q;dalkia-adm;A_L_MDM21;A_L_MDM21;3olk7
KDR-KADOR;KDREXT_J13INT_05_Q;KDREXT_J13INT_05_MOV01_Q;"March 22, 2026";"March 23, 2026 12:23:01 AM";"March 23, 2026 12:23:02 AM";;Ended Not OK;KDR - JDV : Deplacement du fichier *.ZIP vers KDR;MOV_IN_DKA.ksh;Job;No;1;No;CTMSRV;KDREXT_J13INT_05_Q;dalkia-adm;ldkmdmp21;A_L_MDM21;3olk6
KDR-KADOR;KDRKDR_J11TRT_04_Q;KDRKDR_J11TRT_04_MOV01_Q;"March 22, 2026";"March 22, 2026 11:31:29 PM";"March 22, 2026 11:31:30 PM";;Ended OK;Transfert du zip des donnees FULL FINANCE vers NAS PFE (TEMP);MOV_OUT_Generique_DKA.ksh;Job;No;1;No;CTMSRV;KDRKDR_J11TRT_04_Q;root;ldkmdmp21;A_L_MDM21;3okm1
KDR-KADOR;KDRKDR_J11TRT_04_Q;KDRKDR_J11TRT_04_MOV02_Q;"March 22, 2026";"March 22, 2026 11:31:31 PM";"March 22, 2026 11:31:31 PM";;Ended OK;Transfert du zip des donnees FULL FINANCE vers NAS PFE;;Command;No;1;No;CTMSRV;KDRKDR_J11TRT_04_Q;root;ldkmdmp21;A_L_MDM21;3okm2
KDR-KADOR;KDRKDR_J11TRT_04_Q;KDRKDR_J11TRT_04_Q;"March 22, 2026";"March 22, 2026 11:30:00 PM";"March 22, 2026 11:31:32 PM";;Ended OK;KDR : Bascule Statut Objet;;SMART Table;No;1;No;CTMSRV;KDRKDR_J11TRT_04_Q;infadm;ldkctmp50;;3okly
KDR-KADOR;KDRKDR_J11TRT_04_Q;KDRKDR_J11TRT_04_WRK01_Q;"March 22, 2026";"March 22, 2026 11:30:00 PM";"March 22, 2026 11:30:15 PM";;Ended OK;Bascule Statut Objet;BATCH_Generique_DKA.ksh;Job;No;1;No;CTMSRV;KDRKDR_J11TRT_04_Q;dalkia-adm;ldkmdmp21;A_L_MDM21;3oklz
KDR-KADOR;KDRKDR_J11TRT_04_Q;KDRKDR_J11TRT_04_WRK02_Q;"March 22, 2026";"March 22, 2026 11:30:16 PM";"March 22, 2026 11:31:28 PM";;Ended OK;Export full finance;BATCH_Generique_DKA.ksh;Job;No;1;No;CTMSRV;KDRKDR_J11TRT_04_Q;dalkia-adm;ldkmdmp21;A_L_MDM21;3okm0
KDR-KADOR;KDRKDR_J16TRT_04_Q;KDRKDR_J16TRT_04_EXP01_Q;"March 22, 2026";"March 23, 2026 12:30:00 AM";"March 23, 2026 12:30:27 AM";;Ended OK;Export full RH;BATCH_Generique_DKA.ksh;Job;No;1;No;CTMSRV;KDRKDR_J16TRT_04_Q;dalkia-adm;ldkmdmp21;A_L_MDM21;3oktb
KDR-KADOR;KDRKDR_J16TRT_04_Q;KDRKDR_J16TRT_04_MOV01_Q;"March 22, 2026";"March 23, 2026 12:30:28 AM";"March 23, 2026 12:30:28 AM";;Ended OK;Move des fichiers FULL RH vers le NAS;MOV_OUT_Generique_DKA.ksh;Job;No;1;No;CTMSRV;KDRKDR_J16TRT_04_Q;root;ldkmdmp21;A_L_MDM21;3oktc
KDR-KADOR;KDRKDR_J16TRT_04_Q;KDRKDR_J16TRT_04_Q;"March 22, 2026";"March 22, 2026 11:30:00 PM";"March 23, 2026 12:30:29 AM";;Ended OK;KDR : Bascule Statut Objet;;SMART Table;No;1;No;CTMSRV;KDRKDR_J16TRT_04_Q;infadm;ldkctmp50;;3okt8
KDR-KADOR;KDRKDR_J16TRT_04_Q;KDRKDR_J16TRT_04_WRK01_Q;"March 22, 2026";"March 22, 2026 11:30:00 PM";"March 22, 2026 11:31:16 PM";;Ended OK;Chaine CALCUL_RESSOURCE_ORGA;BATCH_Generique_DKA.ksh;Job;No;1;No;CTMSRV;KDRKDR_J16TRT_04_Q;dalkia-adm;ldkmdmp21;A_L_MDM21;3okt9
KDR-KADOR;KDRKDR_J16TRT_04_Q;KDRKDR_J16TRT_04_WRK02_Q;"March 22, 2026";"March 23, 2026 12:30:00 AM";"March 23, 2026 12:30:20 AM";;Ended OK;Chaine DIFFUSION_RESSOURCE_ORGA;BATCH_Generique_DKA.ksh;Job;No;1;No;CTMSRV;KDRKDR_J16TRT_04_Q;dalkia-adm;ldkmdmp21;A_L_MDM21;3okta
KDR-KADOR;KDRXXX_J11GEN_06_Q;KDRXXX_J11GEN_06_EXP01_Q;"March 22, 2026";"March 23, 2026 12:00:00 AM";"March 23, 2026 12:00:09 AM";;Ended OK;KDR : Export XML en deltas quotidiens par objets a destination du DTR Affaire;BATCH_Generique_DKA.ksh;Job;No;1;No;CTMSRV;KDRXXX_J11GEN_06_Q;dalkia-adm;ldkmdmp21;A_L_MDM21;3ol1b
KDR-KADOR;KDRXXX_J11GEN_06_Q;KDRXXX_J11GEN_06_MOV01_Q;"March 22, 2026";"March 23, 2026 12:00:10 AM";"March 23, 2026 12:00:11 AM";;Ended OK;KDR : Move des fichiers REF02_*_AFFAIRE-Q_001_*.xml vers le NAS;MOV_OUT_Generique_DKA.ksh;Job;No;1;No;CTMSRV;KDRXXX_J11GEN_06_Q;root;ldkmdmp21;A_L_MDM21;3ol1c
KDR-KADOR;KDRXXX_J11GEN_06_Q;KDRXXX_J11GEN_06_Q;"March 22, 2026";"March 23, 2026 12:00:00 AM";"March 23, 2026 12:00:11 AM";;Ended OK;KDR : Exports a destination de PFE;;SMART Table;No;1;No;CTMSRV;KDRXXX_J11GEN_06_Q;dalkia-adm;ldkctmp50;;3ol1a
KDR-KADOR;KDRXXX_J11TEC_04_Q;KDRXXX_J11TEC_04_Q;"March 22, 2026";"March 23, 2026 12:00:00 AM";"March 23, 2026 12:00:02 AM";;Ended OK;KDR : Ajout date derniere extraction dans Libmemsym;;SMART Table;No;1;No;CTMSRV;KDRXXX_J11TEC_04_Q;infadm;ldkctmp50;;3okmn
KDR-KADOR;KDRXXX_J11TEC_04_Q;KDRXXX_J11TEC_04_WRK01_Q;"March 22, 2026";"March 23, 2026 12:00:00 AM";"March 23, 2026 12:00:01 AM";;Ended OK;KDR : Ajout date derniere extraction dans Libmemsym;;Command;No;1;No;CTMSRV;KDRXXX_J11TEC_04_Q;controlm;ldkctmp50;SRV_PRIMAIRE;3okmo
KDR-KADOR;KDRXXX_J11TEC_04_Q;KDRXXX_J11TEC_04_WRK02_Q;"March 22, 2026";"March 23, 2026 12:00:01 AM";"March 23, 2026 12:00:02 AM";;Ended OK;KDR : Ajout date derniere extraction dans Libmemsym;SED_libmemsym_DALKIA_KDR_libmemsym_DALKIA.ksh;Job;No;1;No;CTMSRV;KDRXXX_J11TEC_04_Q;controlm;ldkctmp50;SRV_PRIMAIRE;3okmp
KDR-KADOR;KDRXXX_J18GEN_06_Q;KDRXXX_J18GEN_06_EXP01_Q;"March 22, 2026";"March 23, 2026 12:00:00 AM";"March 23, 2026 12:00:04 AM";;Ended OK;KDR : Export au format XML des Centres Finance modifies dans le Referentiel;BATCH_Generique_DKA.ksh;Job;No;1;No;CTMSRV;KDRXXX_J18GEN_06_Q;dalkia-adm;ldkmdmp21;A_L_MDM21;3omah
KDR-KADOR;KDRXXX_J18GEN_06_Q;KDRXXX_J18GEN_06_MOV01_Q;"March 22, 2026";"March 23, 2026 12:00:05 AM";"March 23, 2026 12:00:06 AM";;Ended OK;KDR : Move des fichiers REF02_*_CENTRE-FINANCE-Q_001_*_*.xml vers le NAS;MOV_OUT_Generique_DKA.ksh;Job;No;1;No;CTMSRV;KDRXXX_J18GEN_06_Q;root;ldkmdmp21;A_L_MDM21;3omai
KDR-KADOR;KDRXXX_J18GEN_06_Q;KDRXXX_J18GEN_06_Q;"March 22, 2026";"March 23, 2026 12:00:00 AM";"March 23, 2026 12:00:06 AM";;Ended OK;;;SMART Table;No;1;No;CTMSRV;KDRXXX_J18GEN_06_Q;;ldkctmp50;;3omag
KDR-KADOR;KDRXXX_J19GEN_06_Q;KDRXXX_J19GEN_06_EXP01_Q;"March 22, 2026";"March 23, 2026 12:00:00 AM";"March 23, 2026 12:00:17 AM";;Ended OK;KDR : Export au format XML les Projets Finance modifies dans le Referentiel depuis une date passee en parametre;BATCH_Generique_DKA.ksh;Job;No;1;No;CTMSRV;KDRXXX_J19GEN_06_Q;dalkia-adm;ldkmdmp21;A_L_MDM21;3olui
KDR-KADOR;KDRXXX_J19GEN_06_Q;KDRXXX_J19GEN_06_MOV01_Q;"March 22, 2026";"March 23, 2026 12:00:17 AM";"March 23, 2026 12:00:18 AM";;Ended OK;KDR : Move des fichiers REF02_*_PROJET-FINANCE-Q_001_*_*.xml vers le NAS;MOV_OUT_Generique_DKA.ksh;Job;No;1;No;CTMSRV;KDRXXX_J19GEN_06_Q;root;ldkmdmp21;A_L_MDM21;3oluj
KDR-KADOR;KDRXXX_J19GEN_06_Q;KDRXXX_J19GEN_06_Q;"March 22, 2026";"March 23, 2026 12:00:00 AM";"March 23, 2026 12:00:19 AM";;Ended OK;;;SMART Table;No;1;No;CTMSRV;KDRXXX_J19GEN_06_Q;;ldkctmp50;;3oluh
KDR-KADOR;KDRXXX_J20GEN_06_Q;KDRXXX_J20GEN_06_EXP01_Q;"March 22, 2026";"March 23, 2026 12:00:00 AM";"March 23, 2026 12:01:41 AM";;Ended OK;KDR : Export au format XML les Taches Finance modifiees dans le Referentiel depuis une date passee en parametre;BATCH_Generique_DKA.ksh;Job;No;1;No;CTMSRV;KDRXXX_J20GEN_06_Q;dalkia-adm;ldkmdmp21;A_L_MDM21;3olcx
KDR-KADOR;KDRXXX_J20GEN_06_Q;KDRXXX_J20GEN_06_MOV01_Q;"March 22, 2026";"March 23, 2026 12:01:42 AM";"March 23, 2026 12:01:43 AM";;Ended OK;KDR : Move des fichiers REF02_*_TACHE-FINANCE-Q_001_*_*.xml vers le NAS;MOV_OUT_Generique_DKA.ksh;Job;No;1;No;CTMSRV;KDRXXX_J20GEN_06_Q;root;ldkmdmp21;A_L_MDM21;3olcy
KDR-KADOR;KDRXXX_J20GEN_06_Q;KDRXXX_J20GEN_06_Q;"March 22, 2026";"March 23, 2026 12:00:00 AM";"March 23, 2026 12:01:43 AM";;Ended OK;;;SMART Table;No;1;No;CTMSRV;KDRXXX_J20GEN_06_Q;;ldkctmp50;;3olcw
KDR-KADOR;KDRXXX_J22GEN_06_Q;KDRXXX_J22GEN_06_EXP01_Q;"March 22, 2026";"March 23, 2026 12:00:00 AM";"March 23, 2026 12:00:08 AM";;Ended OK;KDR : Export au format XML les Organisations modifiees dans le Referentiel depuis une date passee en parametre;BATCH_Generique_DKA.ksh;Job;No;1;No;CTMSRV;KDRXXX_J22GEN_06_Q;dalkia-adm;ldkmdmp21;A_L_MDM21;3ol83
KDR-KADOR;KDRXXX_J22GEN_06_Q;KDRXXX_J22GEN_06_MOV01_Q;"March 22, 2026";"March 23, 2026 12:00:08 AM";"March 23, 2026 12:00:08 AM";;Ended OK;KDR : Move des fichiers REF02_*_ORGANISATION-Q_001_*_*.xml vers le NAS;MOV_OUT_Generique_DKA.ksh;Job;No;1;No;CTMSRV;KDRXXX_J22GEN_06_Q;root;ldkmdmp21;A_L_MDM21;3ol84
KDR-KADOR;KDRXXX_J22GEN_06_Q;KDRXXX_J22GEN_06_Q;"March 22, 2026";"March 23, 2026 12:00:00 AM";"March 23, 2026 12:00:09 AM";;Ended OK;;;SMART Table;No;1;No;CTMSRV;KDRXXX_J22GEN_06_Q;;ldkctmp50;;3ol82
KDR-KADOR;KDRXXX_J23GEN_06_Q;KDRXXX_J23GEN_06_EXP01_Q;"March 22, 2026";"March 23, 2026 12:00:00 AM";"March 23, 2026 12:00:25 AM";;Ended OK;KDR : Export au format XML les Ressources modifiees dans le Referentiel depuis une date passee en parametre;BATCH_Generique_DKA.ksh;Job;No;1;No;CTMSRV;KDRXXX_J23GEN_06_Q;dalkia-adm;ldkmdmp21;A_L_MDM21;3ollr
KDR-KADOR;KDRXXX_J23GEN_06_Q;KDRXXX_J23GEN_06_MOV01_Q;"March 22, 2026";"March 23, 2026 12:00:26 AM";"March 23, 2026 12:00:27 AM";;Ended OK;KDR :  Move des fichiers REF02_*_RESSOURCE-RESTREINT-Q_001_*_*.xml vers le NAS;MOV_OUT_Generique_DKA.ksh;Job;No;1;No;CTMSRV;KDRXXX_J23GEN_06_Q;root;ldkmdmp21;A_L_MDM21;3ollq
KDR-KADOR;KDRXXX_J23GEN_06_Q;KDRXXX_J23GEN_06_MOV02_Q;"March 22, 2026";"March 23, 2026 12:00:27 AM";"March 23, 2026 12:00:28 AM";;Ended OK;KDR :  Move des fichiers REF02_*_RESSOURCE-Q_001_*_*.xml vers le NAS;MOV_OUT_Generique_DKA.ksh;Job;No;1;No;CTMSRV;KDRXXX_J23GEN_06_Q;root;ldkmdmp21;A_L_MDM21;3olls
KDR-KADOR;KDRXXX_J23GEN_06_Q;KDRXXX_J23GEN_06_Q;"March 22, 2026";"March 23, 2026 12:00:00 AM";"March 23, 2026 12:00:29 AM";;Ended OK;;;SMART Table;No;1;No;CTMSRV;KDRXXX_J23GEN_06_Q;;ldkctmp50;;3ollp
KDR-KADOR;KDRXXX_J24GEN_06_Q;KDRXXX_J24GEN_06_EXP01_Q;"March 22, 2026";"March 23, 2026 12:00:00 AM";"March 23, 2026 12:00:07 AM";;Ended OK;KDR : Export au format XML les Jeux de Valeurs modifies dans le Referentiel depuis une date passee en parametre;BATCH_Generique_DKA.ksh;Job;No;1;No;CTMSRV;KDRXXX_J24GEN_06_Q;dalkia-adm;ldkmdmp21;A_L_MDM21;3om7a
KDR-KADOR;KDRXXX_J24GEN_06_Q;KDRXXX_J24GEN_06_MOV01_Q;"March 22, 2026";"March 23, 2026 12:00:07 AM";"March 23, 2026 12:00:08 AM";;Ended OK;KDR :  Move des fichiers REF02_*_JDV-Q_001_*_*.xml vers le NAS;MOV_OUT_Generique_DKA.ksh;Job;No;1;No;CTMSRV;KDRXXX_J24GEN_06_Q;root;ldkmdmp21;A_L_MDM21;3om7b
KDR-KADOR;KDRXXX_J24GEN_06_Q;KDRXXX_J24GEN_06_Q;"March 22, 2026";"March 23, 2026 12:00:00 AM";"March 23, 2026 12:00:09 AM";;Ended OK;;;SMART Table;No;1;No;CTMSRV;KDRXXX_J24GEN_06_Q;;ldkctmp50;;3om79
KDR-KADOR;KDRXXX_J25GEN_06_Q;KDRXXX_J25GEN_06_EXP01_Q;"March 22, 2026";"March 23, 2026 12:00:00 AM";"March 23, 2026 12:00:31 AM";;Ended OK;KDR : Export CSV en FULL quotidien des transcodifications a destination du DTR Referentiel et de la plateforme d echanges;BATCH_Generique_DKA.ksh;Job;No;1;No;CTMSRV;KDRXXX_J25GEN_06_Q;dalkia-adm;ldkmdmp21;A_L_MDM21;3olrp
KDR-KADOR;KDRXXX_J25GEN_06_Q;KDRXXX_J25GEN_06_MOV01_Q;"March 22, 2026";"March 23, 2026 12:00:31 AM";"March 23, 2026 12:00:32 AM";;Ended OK;KDR : Move des fichiers REF02_*_TRANSCO-TF-ORG*.csv vers le NAS;MOV_OUT_Generique_DKA.ksh;Job;No;1;No;CTMSRV;KDRXXX_J25GEN_06_Q;root;ldkmdmp21;A_L_MDM21;3olrs
KDR-KADOR;KDRXXX_J25GEN_06_Q;KDRXXX_J25GEN_06_MOV02_Q;"March 22, 2026";"March 23, 2026 12:01:34 AM";"March 23, 2026 12:01:35 AM";;Ended OK;KDR : Move des fichiers REF02_*_TRANSCO-*.csv vers le NAS;MOV_OUT_Generique_DKA.ksh;Job;No;1;No;CTMSRV;KDRXXX_J25GEN_06_Q;root;ldkmdmp21;A_L_MDM21;3olrq
KDR-KADOR;KDRXXX_J25GEN_06_Q;KDRXXX_J25GEN_06_Q;"March 22, 2026";"March 23, 2026 12:00:00 AM";"March 23, 2026 12:01:36 AM";;Ended OK;;;SMART Table;No;1;No;CTMSRV;KDRXXX_J25GEN_06_Q;;ldkctmp50;;3olro
KDR-KADOR;KDRXXX_J25GEN_06_Q;KDRXXX_J25GEN_06_WAI01_Q;"March 22, 2026";"March 23, 2026 12:00:33 AM";"March 23, 2026 12:01:34 AM";;Ended OK;KDR : WAIT PFE;MOV_OUT_Generique_DKA.ksh;Command;No;1;No;CTMSRV;KDRXXX_J25GEN_06_Q;root;ldkmdmp21;A_L_MDM21;3olrr
KDR-KADOR;KDRXXX_J26GEN_06_Q;KDRXXX_J26GEN_06_PUR01_Q;"March 22, 2026";"March 23, 2026 12:01:43 AM";"March 23, 2026 12:01:44 AM";;Ended OK;KDR : Purge des exports de plus de 30 jours;PURGE_EXPORT_TRAITE.ksh;Job;No;1;No;CTMSRV;KDRXXX_J26GEN_06_Q;dalkia-adm;ldkmdmp21;A_L_MDM21;3ol8q
KDR-KADOR;KDRXXX_J26GEN_06_Q;KDRXXX_J26GEN_06_PUR02_Q;"March 22, 2026";"March 23, 2026 12:30:00 AM";;;Ended OK;"KDR : le premier du mois; génère une archive zippée; supprime tous les fichiers datant de plus de 1 semaine";manageArchives.sh;Job;No;1;No;CTMSRV;KDRXXX_J26GEN_06_Q;dalkia-adm;ldkmdmp21;A_L_MDM21;3ol8r
KDR-KADOR;KDRXXX_J26GEN_06_Q;KDRXXX_J26GEN_06_Q;"March 22, 2026";"March 22, 2026 1:30:09 PM";"March 23, 2026 12:30:00 AM";;Ended OK;;;SMART Table;No;1;No;CTMSRV;KDRXXX_J26GEN_06_Q;;ldkctmp50;;3ol8p
KDR-KADOR;SEEREF_J11INT_05_Q;SEEREF_J11INT_05_IMP01_Q;"March 22, 2026";;;;Wait for Event;Importation des partenaires;importPartenaire.sh;Job;No;0;No;CTMSRV;SEEREF_J11INT_05_Q;dalkia-adm;A_L_MDM21;A_L_MDM21;3okcy
KDR-KADOR;SEEREF_J11INT_05_Q;SEEREF_J11INT_05_MOV01_Q;"March 22, 2026";"March 22, 2026 8:34:16 PM";"March 22, 2026 8:34:17 PM";;Ended Not OK;Move du ou des fichiers SEE01_*_PARTENAIRE-* de /data/flf/shares/files/REF02/INBOUND/SEE01.C_DELTA_PARTENAIRE vers input DTR /app/echanges/kador/import/kds/partenaire/input/;MOV_IN_DKA.ksh;Job;No;1;No;CTMSRV;SEEREF_J11INT_05_Q;dalkia-adm;ldkmdmp21;A_L_MDM21;3okcx
KDR-KADOR;SEEREF_J12INT_05_Q;SEEREF_J12INT_05_IMP01_Q;"March 22, 2026";;;;Wait for Event;Importation des societes;importSociete.sh;Job;No;0;No;CTMSRV;SEEREF_J12INT_05_Q;dalkia-adm;A_L_MDM21;A_L_MDM21;3olf1
KDR-KADOR;SEEREF_J12INT_05_Q;SEEREF_J12INT_05_MOV01_Q;"March 22, 2026";"March 22, 2026 8:34:16 PM";"March 22, 2026 8:34:17 PM";;Ended Not OK;Move du fichier *.zip de /data/flf/shares/files/REF02/INBOUND/SEE01.C_DELTA_SOCIETE vers input DTR /app/echanges/kador/import/kds/societe/input/;MOV_IN_DKA.ksh;Job;No;1;No;CTMSRV;SEEREF_J12INT_05_Q;dalkia-adm;ldkmdmp21;A_L_MDM21;3olf0
MOS-MOS PI;MOSMOS_E21TEC_PI_Q;MOSMOS_E21TEC_PI_PUR01_Q;"March 22, 2026";"March 22, 2026 2:00:00 PM";"March 22, 2026 2:10:08 PM";;Ended OK;Purge des logs;PURGE_FICHIER.exe;Job;No;1;No;CTMSRV;MOSMOS_E21TEC_PI_Q;crtuser;wdkmosinp01;wdkmosinp01;3ol15
MOS-MOS PI;MOSMOS_E21TEC_PI_Q;MOSMOS_E21TEC_PI_Q;"March 22, 2026";"March 22, 2026 1:30:09 PM";"March 22, 2026 2:10:09 PM";;Ended OK;Chaine de purge  des logs sur le serveur WDKMOSINP01;;SMART Table;No;1;No;CTMSRV;MOSMOS_E21TEC_PI_Q;;ldkctmp50;;3ol14
NRJ-ENERGY;NRJBDM_J14GEN_06_W;NRJBDM_J14GEN_06_W;"March 22, 2026";"March 22, 2026 1:30:09 PM";"March 22, 2026 7:11:48 PM";;Ended OK;;;SMART Table;No;1;No;CTMSRV;NRJBDM_J14GEN_06_W;;ldkctmp50;;3olci
NRJ-ENERGY;NRJBDM_J14GEN_06_W;NRJBDM_J14GEN_06_WRK01_W;"March 22, 2026";"March 22, 2026 6:45:32 PM";"March 22, 2026 7:11:47 PM";;Ended OK;SPEGYMET2 : BD meteo - traitement de nuit;U112068010.sh;Job;No;1;No;CTMSRV;NRJBDM_J14GEN_06_W;root;ldkenep12;A_L_ENE12;3olcj
NRJ-ENERGY;NRJCID_J12GEN_06_W;NRJCID_J12GEN_06_W;"March 22, 2026";"March 22, 2026 1:30:09 PM";"March 22, 2026 6:45:32 PM";;Ended OK;;;SMART Table;No;1;No;CTMSRV;NRJCID_J12GEN_06_W;;ldkctmp50;;3ol0y
NRJ-ENERGY;NRJCID_J12GEN_06_W;NRJCID_J12GEN_06_WRK01_W;"March 22, 2026";"March 22, 2026 6:45:28 PM";"March 22, 2026 6:45:31 PM";;Ended OK;SPEGYMET1 : BD meteo - traitement de nuit;U112062010.sh;Job;No;1;No;CTMSRV;NRJCID_J12GEN_06_W;root;ldkenep12;A_L_ENE12;3ol0z
NRJ-ENERGY;NRJCRT_J11INT_05_Q;NRJCRT_J11INT_05_FTP01_Q;"March 22, 2026";"March 23, 2026 7:30:00 AM";"March 23, 2026 7:30:01 AM";;Wait for Event;NRJ : Envoi FTP des fichiers index*gaz*.csv depuis PFE;FTP_MULTI_GENERIQUE.ksh;Job;No;3;Yes;CTMSRV;NRJCRT_J11INT_05_Q;root;ldkpfep11;A_L_PFE11;3olm9
NRJ-ENERGY;NRJCRT_J11INT_05_Q;NRJCRT_J11INT_05_IMP01_Q;"March 22, 2026";"March 23, 2026 7:30:01 AM";"March 23, 2026 7:35:04 AM";;Wait for Event;NRJ : Interface sortante indexes des compteurs gaz et hors gaz pour CRT;IICRTEGY01.sh;Job;No;3;Yes;CTMSRV;NRJCRT_J11INT_05_Q;dbanrj;ldkenep12;A_L_ENE12;3olma
NRJ-ENERGY;NRJCRT_J11INT_05_Q;NRJCRT_J11INT_05_Q;"March 22, 2026";"March 22, 2026 1:30:09 PM";;;Executing;;;SMART Table;No;1;No;CTMSRV;NRJCRT_J11INT_05_Q;;;;3olm8
NRJ-ENERGY;NRJEXT_J13INT_05_Q;NRJEXT_J13INT_05_IMP01_Q;"March 22, 2026";"March 23, 2026 5:30:00 AM";"March 23, 2026 5:31:04 AM";;Ended OK;Interface : intégrations des données météo issues de Météo France;NRJEXT_J13INT_05_IMP01_Q.ksh;Job;No;1;No;CTMSRV;NRJEXT_J13INT_05_Q;dbanrj;ldkenep12;A_L_ENE12;3okk9
NRJ-ENERGY;NRJEXT_J13INT_05_Q;NRJEXT_J13INT_05_IMP02_Q;"March 22, 2026";;;;Wait for Event;Interface : intégrations des données météo issues de Météo France;NRJEXT_J13INT_05_IMP02_Q.ksh;Job;No;0;No;CTMSRV;NRJEXT_J13INT_05_Q;dbanrj;A_L_ENE12;A_L_ENE12;3okka
NRJ-ENERGY;NRJEXT_J13INT_05_Q;NRJEXT_J13INT_05_IMP03_Q;"March 22, 2026";"March 22, 2026 2:30:00 PM";"March 22, 2026 2:31:03 PM";;Ended OK;Interface : intégrations des données météo issues de Météo France;NRJEXT_J13INT_05_IMP03_Q.ksh;Job;No;1;No;CTMSRV;NRJEXT_J13INT_05_Q;dbanrj;ldkenep12;A_L_ENE12;3okkb
NRJ-ENERGY;NRJEXT_J13INT_05_Q;NRJEXT_J13INT_05_IMP04_Q;"March 22, 2026";"March 22, 2026 6:30:00 PM";"March 22, 2026 6:31:02 PM";;Ended OK;Interface : intégrations des données météo issues de Météo France;NRJEXT_J13INT_05_IMP04_Q.ksh;Job;No;1;No;CTMSRV;NRJEXT_J13INT_05_Q;dbanrj;ldkenep12;A_L_ENE12;3okkc
NRJ-ENERGY;NRJEXT_J13INT_05_Q;NRJEXT_J13INT_05_Q;"March 22, 2026";"March 22, 2026 1:30:09 PM";;;Executing;;;SMART Table;No;1;No;CTMSRV;NRJEXT_J13INT_05_Q;;;;3okk8
NRJ-ENERGY;NRJEXT_J14INT_05_Q;NRJEXT_J14INT_05_IMP01_Q;"March 22, 2026";"March 23, 2026 1:30:00 AM";"March 23, 2026 1:30:41 AM";;Ended OK;Import TPV2_Jxxxxxxxxx_YYYYMMDD_*.csv;IIGDDEGY01.sh;Job;No;1;No;CTMSRV;NRJEXT_J14INT_05_Q;dbanrj;ldkenep12;A_L_ENE12;3om95
NRJ-ENERGY;NRJEXT_J14INT_05_Q;NRJEXT_J14INT_05_MOV01_Q;"March 22, 2026";"March 23, 2026 12:45:00 AM";"March 23, 2026 12:45:03 AM";0100;Ended Not OK;NRJ : Envoi FTP TPV2_Jxxxxxxxxx_YYYYMMDD_Customer.csv depuis NAS EDF vers Energy;FTP_MULTI_GENERIQUE.ksh;Job;No;4;Yes;CTMSRV;NRJEXT_J14INT_05_Q;root;ldkpfep11;A_L_PFE11;3om96
NRJ-ENERGY;NRJEXT_J14INT_05_Q;NRJEXT_J14INT_05_Q;"March 22, 2026";"March 22, 2026 1:30:09 PM";"March 23, 2026 1:30:42 AM";;Ended Not OK;;;SMART Table;No;1;No;CTMSRV;NRJEXT_J14INT_05_Q;;ldkctmp50;;3om94
NRJ-ENERGY;NRJLAK_J11GEN_06_Q;NRJLAK_J11GEN_06_EXP01_Q;"March 22, 2026";"March 22, 2026 6:00:00 PM";"March 22, 2026 6:02:12 PM";;Wait for Event;NRJ : Interface sortante des données ENERGY pour DataLAKE;IEEGYLAK01.sh;Job;No;1;Yes;CTMSRV;NRJLAK_J11GEN_06_Q;dbanrj;ldkenep12;A_L_ENE12;3okyg
NRJ-ENERGY;NRJLAK_J11GEN_06_Q;NRJLAK_J11GEN_06_FTP01_Q;"March 22, 2026";"March 22, 2026 6:02:13 PM";"March 22, 2026 6:02:15 PM";;Wait for Event;NRJ : Envoi FTP du INDICATEURSENERGY_*.xml vers PFE;FTP_MULTI_GENERIQUE.ksh;Job;No;1;Yes;CTMSRV;NRJLAK_J11GEN_06_Q;root;ldkpfep11;A_L_PFE11;3okyf
NRJ-ENERGY;NRJLAK_J11GEN_06_Q;NRJLAK_J11GEN_06_FTP02_Q;"March 22, 2026";"March 22, 2026 6:02:13 PM";"March 22, 2026 6:02:14 PM";;Wait for Event;NRJ : Envoi FTP du EVENEMENTSENERGY_*.xml vers PFE;FTP_MULTI_GENERIQUE.ksh;Job;No;1;Yes;CTMSRV;NRJLAK_J11GEN_06_Q;root;ldkpfep11;A_L_PFE11;3okyh
NRJ-ENERGY;NRJLAK_J11GEN_06_Q;NRJLAK_J11GEN_06_FTP03_Q;"March 22, 2026";"March 22, 2026 6:02:13 PM";"March 22, 2026 6:02:16 PM";;Wait for Event;NRJ : Envoi FTP du INDICATEURSELEMENTENERGY_*.xml vers PFE;FTP_MULTI_GENERIQUE.ksh;Job;No;1;Yes;CTMSRV;NRJLAK_J11GEN_06_Q;root;ldkpfep11;A_L_PFE11;3okyi
NRJ-ENERGY;NRJLAK_J11GEN_06_Q;NRJLAK_J11GEN_06_Q;"March 22, 2026";"March 22, 2026 1:30:09 PM";;;Executing;NRJ : Interface sortante des données ENERGY pour DataLAKE;;SMART Table;No;1;No;CTMSRV;NRJLAK_J11GEN_06_Q;dbanrj;;;3okye
NRJ-ENERGY;NRJNRJ_B11TEC_04_Q;NRJNRJ_B11TEC_04_FJA96_Q;"March 22, 2026";;;;Wait for Event;Fin trait. Valorisation Budget NRJ;U112_BUDGET;Dummy;No;0;No;CTMSRV;NRJNRJ_B11TEC_04_Q;ctmuser;;;3okge
NRJ-ENERGY;NRJNRJ_E01TEC_04_Q;NRJNRJ_E01TEC_04_STA01_Q;"March 22, 2026";"March 23, 2026 5:00:00 AM";"March 23, 2026 5:01:36 AM";;Ended Not OK;Statistiques quotidiennes Oracle sur la base dprnrj;NRJNRJ_E01TEC_04_STA01_Q.sh;Job;No;1;No;CTMSRV;NRJNRJ_E01TEC_04_Q;root;ldkenep12;A_L_ENE12;3olb4
NRJ-ENERGY;NRJNRJ_E11STP_01_Q;NRJNRJ_E11STP_01_ARR02_Q;"March 22, 2026";"March 23, 2026 6:45:00 AM";"March 23, 2026 6:45:12 AM";;Ended OK;"Arrêt du service ""w3svc"" A_W_ENE14";stop_service.cmd;Job;No;1;No;CTMSRV;NRJNRJ_E11STP_01_Q;ENERGY;wdkenep14;A_W_ENE14;3ol04
NRJ-ENERGY;NRJNRJ_E11STP_01_Q;NRJNRJ_E11STP_01_ARR04_Q;"March 22, 2026";"March 23, 2026 6:45:12 AM";"March 23, 2026 6:45:18 AM";;Ended OK;"Arrêt du service ""IIS Admin Service"" A_W_ENE14";stop_service.cmd;Job;No;1;No;CTMSRV;NRJNRJ_E11STP_01_Q;ENERGY;wdkenep14;A_W_ENE14;3ol05
NRJ-ENERGY;NRJNRJ_E11STP_01_Q;NRJNRJ_E11STP_01_ARR05_Q;"March 22, 2026";"March 23, 2026 6:45:18 AM";"March 23, 2026 6:45:21 AM";;Ended OK;"Arrêt du service ""ASP.NET State Service"" A_W_ENE14";stop_service.cmd;Job;No;1;No;CTMSRV;NRJNRJ_E11STP_01_Q;ENERGY;wdkenep14;A_W_ENE14;3ol06
NRJ-ENERGY;NRJNRJ_E11STP_01_Q;NRJNRJ_E11STP_01_ARR06_Q;"March 22, 2026";"March 23, 2026 6:45:21 AM";"March 23, 2026 6:45:25 AM";;Ended OK;Arrêt du process aspnet_wp.exe A_W_ENE14;kill_aspnet_wp_exe.cmd;Job;No;1;No;CTMSRV;NRJNRJ_E11STP_01_Q;ENERGY;wdkenep14;A_W_ENE14;3ol07
NRJ-ENERGY;NRJNRJ_E11STP_01_Q;NRJNRJ_E11STP_01_ARR72_Q;"March 22, 2026";"March 23, 2026 6:45:00 AM";"March 23, 2026 6:45:09 AM";;Ended OK;"Arrêt du service ""w3svc""  A_W_ENE11";stop_service.cmd;Job;No;1;No;CTMSRV;NRJNRJ_E11STP_01_Q;ENERGY;wdkenep11;A_W_ENE11;3okzs
NRJ-ENERGY;NRJNRJ_E11STP_01_Q;NRJNRJ_E11STP_01_ARR74_Q;"March 22, 2026";"March 23, 2026 6:45:09 AM";"March 23, 2026 6:45:16 AM";;Ended OK;"Arrêt du service ""IIS Admin Service""  A_W_ENE11";stop_service.cmd;Job;No;1;No;CTMSRV;NRJNRJ_E11STP_01_Q;ENERGY;wdkenep11;A_W_ENE11;3okzt
NRJ-ENERGY;NRJNRJ_E11STP_01_Q;NRJNRJ_E11STP_01_ARR75_Q;"March 22, 2026";"March 23, 2026 6:45:16 AM";"March 23, 2026 6:45:19 AM";;Ended OK;"Arrêt du service ""ASP.NET State Service""  A_W_ENE11";stop_service.cmd;Job;No;1;No;CTMSRV;NRJNRJ_E11STP_01_Q;ENERGY;wdkenep11;A_W_ENE11;3okzu
NRJ-ENERGY;NRJNRJ_E11STP_01_Q;NRJNRJ_E11STP_01_ARR76_Q;"March 22, 2026";"March 23, 2026 6:45:20 AM";"March 23, 2026 6:45:23 AM";;Ended OK;Arrêt du process aspnet_wp.exe  A_W_ENE11;kill_aspnet_wp_exe.cmd;Job;No;1;No;CTMSRV;NRJNRJ_E11STP_01_Q;ENERGY;wdkenep11;A_W_ENE11;3okzv
NRJ-ENERGY;NRJNRJ_E11STP_01_Q;NRJNRJ_E11STP_01_ARR82_Q;"March 22, 2026";"March 23, 2026 6:45:00 AM";"March 23, 2026 6:45:12 AM";;Ended OK;"Arrêt du service ""w3svc"" A_W_ENE12";stop_service.cmd;Job;No;1;No;CTMSRV;NRJNRJ_E11STP_01_Q;ENERGY;wdkenep12;A_W_ENE12;3okzw
NRJ-ENERGY;NRJNRJ_E11STP_01_Q;NRJNRJ_E11STP_01_ARR84_Q;"March 22, 2026";"March 23, 2026 6:45:12 AM";"March 23, 2026 6:45:18 AM";;Ended OK;"Arrêt du service ""IIS Admin Service"" A_W_ENE12";stop_service.cmd;Job;No;1;No;CTMSRV;NRJNRJ_E11STP_01_Q;ENERGY;wdkenep12;A_W_ENE12;3okzx
NRJ-ENERGY;NRJNRJ_E11STP_01_Q;NRJNRJ_E11STP_01_ARR85_Q;"March 22, 2026";"March 23, 2026 6:45:18 AM";"March 23, 2026 6:45:21 AM";;Ended OK;"Arrêt du service ""ASP.NET State Service"" A_W_ENE12";stop_service.cmd;Job;No;1;No;CTMSRV;NRJNRJ_E11STP_01_Q;ENERGY;wdkenep12;A_W_ENE12;3okzy
NRJ-ENERGY;NRJNRJ_E11STP_01_Q;NRJNRJ_E11STP_01_ARR86_Q;"March 22, 2026";"March 23, 2026 6:45:21 AM";"March 23, 2026 6:45:25 AM";;Ended OK;Arrêt du process aspnet_wp.exe A_W_ENE12;kill_aspnet_wp_exe.cmd;Job;No;1;No;CTMSRV;NRJNRJ_E11STP_01_Q;ENERGY;wdkenep12;A_W_ENE12;3okzz
NRJ-ENERGY;NRJNRJ_E11STP_01_Q;NRJNRJ_E11STP_01_ARR92_Q;"March 22, 2026";"March 23, 2026 6:45:00 AM";"March 23, 2026 6:45:09 AM";;Ended OK;"Arrêt du service ""w3svc"" A_W_ENE13";stop_service.cmd;Job;No;1;No;CTMSRV;NRJNRJ_E11STP_01_Q;ENERGY;wdkenep13;A_W_ENE13;3ol00
NRJ-ENERGY;NRJNRJ_E11STP_01_Q;NRJNRJ_E11STP_01_ARR94_Q;"March 22, 2026";"March 23, 2026 6:45:09 AM";"March 23, 2026 6:45:16 AM";;Ended OK;"Arrêt du service ""IIS Admin Service""";stop_service.cmd;Job;No;1;No;CTMSRV;NRJNRJ_E11STP_01_Q;ENERGY;wdkenep13;A_W_ENE13;3ol01
NRJ-ENERGY;NRJNRJ_E11STP_01_Q;NRJNRJ_E11STP_01_ARR95_Q;"March 22, 2026";"March 23, 2026 6:45:16 AM";"March 23, 2026 6:45:19 AM";;Ended OK;"Arrêt du service ""ASP.NET State Service"" A_W_ENE13";stop_service.cmd;Job;No;1;No;CTMSRV;NRJNRJ_E11STP_01_Q;ENERGY;wdkenep13;A_W_ENE13;3ol02
NRJ-ENERGY;NRJNRJ_E11STP_01_Q;NRJNRJ_E11STP_01_ARR96_Q;"March 22, 2026";"March 23, 2026 6:45:20 AM";"March 23, 2026 6:45:23 AM";;Ended OK;Arrêt du process aspnet_wp.exe A_W_ENE13;kill_aspnet_wp_exe.cmd;Job;No;1;No;CTMSRV;NRJNRJ_E11STP_01_Q;ENERGY;wdkenep13;A_W_ENE13;3ol03
NRJ-ENERGY;NRJNRJ_E11STP_01_Q;NRJNRJ_E11STP_01_Q;"March 22, 2026";"March 22, 2026 1:30:09 PM";;;Executing;ENERGY: stop applicatif;;SMART Table;No;1;No;CTMSRV;NRJNRJ_E11STP_01_Q;;;;3okzr
NRJ-ENERGY;NRJNRJ_E11STP_01_Q;NRJNRJ_E11STP_01_SUB01_Q;"March 22, 2026";;;;Wait for Event;Arret des Interactifs ENERGY;Arret des Interactifs ENERGY;Dummy;No;0;No;CTMSRV;NRJNRJ_E11STP_01_Q;root;ldkctmp50;;3ol08
NRJ-ENERGY;NRJNRJ_E11STP_01_Q;NRJNRJ_E11STP_01_WRK01_Q;"March 22, 2026";"March 22, 2026 7:00:00 PM";"March 22, 2026 7:00:01 PM";;Ended OK;NRJ : Affectation des droits sur energy;U512010120;Command;No;1;No;CTMSRV;NRJNRJ_E11STP_01_Q;root;ldkenep12;A_L_ENE12;3ol09
NRJ-ENERGY;NRJNRJ_E11STR_02_Q;NRJNRJ_E11STR_02_99999_Q;"March 22, 2026";"March 23, 2026 6:56:36 AM";"March 23, 2026 6:56:36 AM";;Ended OK;Fin : demarrage du TP ENERGY;U112002999;Dummy;No;1;No;CTMSRV;NRJNRJ_E11STR_02_Q;ENERGY;;;3okgk
NRJ-ENERGY;NRJNRJ_E11STR_02_Q;NRJNRJ_E11STR_02_DEM01_Q;"March 22, 2026";"March 23, 2026 6:55:30 AM";"March 23, 2026 6:55:39 AM";;Ended OK;"Demarrage du service ""ASP.NET State Service"" A_W_ENE14";start_service.cmd;Job;No;1;No;CTMSRV;NRJNRJ_E11STR_02_Q;ENERGY;wdkenep14;A_W_ENE14;3okh0
NRJ-ENERGY;NRJNRJ_E11STR_02_Q;NRJNRJ_E11STR_02_DEM02_Q;"March 22, 2026";"March 23, 2026 6:55:40 AM";"March 23, 2026 6:55:46 AM";;Ended OK;"Demarrage du service ""IIS Admin Service"" A_W_ENE14";start_service.cmd;Job;No;1;No;CTMSRV;NRJNRJ_E11STR_02_Q;ENERGY;wdkenep14;A_W_ENE14;3okh1
NRJ-ENERGY;NRJNRJ_E11STR_02_Q;NRJNRJ_E11STR_02_DEM03_Q;"March 22, 2026";"March 23, 2026 6:55:47 AM";"March 23, 2026 6:55:52 AM";;Ended OK;"Demarrage du service ""w3svc"" A_W_ENE14";start_service.cmd;Job;No;1;No;CTMSRV;NRJNRJ_E11STR_02_Q;ENERGY;wdkenep14;A_W_ENE14;3okh2
NRJ-ENERGY;NRJNRJ_E11STR_02_Q;NRJNRJ_E11STR_02_DEM04_Q;"March 22, 2026";"March 23, 2026 6:55:53 AM";"March 23, 2026 6:55:59 AM";;Ended OK;"Demarrage du service ""SPEGYEVT7"" A_W_ENE14";start_service.cmd;Job;No;1;No;CTMSRV;NRJNRJ_E11STR_02_Q;ENERGY;wdkenep14;A_W_ENE14;3okh3
NRJ-ENERGY;NRJNRJ_E11STR_02_Q;NRJNRJ_E11STR_02_DEM05_Q;"March 22, 2026";"March 23, 2026 6:56:01 AM";"March 23, 2026 6:56:01 AM";;Ended OK;Demarrage batch SPEGYTST3.exe A_W_ENE14;SPEGYTST3.cmd;Dummy;No;1;No;CTMSRV;NRJNRJ_E11STR_02_Q;ENERGY;;A_W_ENE14;3okh4
NRJ-ENERGY;NRJNRJ_E11STR_02_Q;NRJNRJ_E11STR_02_DEM06_Q;"March 22, 2026";"March 23, 2026 6:56:00 AM";"March 23, 2026 6:56:00 AM";;Ended OK;"Demarrage du service ""IIEAIEGY01"" sur WDKNRJP04";start_service.cmd;Dummy;No;1;No;CTMSRV;NRJNRJ_E11STR_02_Q;ENERGY;;A_W_ENE14;3okhb
NRJ-ENERGY;NRJNRJ_E11STR_02_Q;NRJNRJ_E11STR_02_DEM08_Q;"March 22, 2026";"March 23, 2026 6:56:01 AM";"March 23, 2026 6:56:04 AM";;Ended OK;Démarrage des Sites ENERGY sur  A_W_ENE14;START_SITE_ENERGY;Command;No;1;No;CTMSRV;NRJNRJ_E11STR_02_Q;svce_cm;wdkenep14;A_W_ENE14;3okhc
NRJ-ENERGY;NRJNRJ_E11STR_02_Q;NRJNRJ_E11STR_02_DEM71_Q;"March 22, 2026";"March 23, 2026 6:55:30 AM";"March 23, 2026 6:55:39 AM";;Ended OK;"Demarrage du service ""ASP.NET State Service"" A_W_ENE11";start_service.cmd;Job;No;1;No;CTMSRV;NRJNRJ_E11STR_02_Q;ENERGY;wdkenep11;A_W_ENE11;3okgl
NRJ-ENERGY;NRJNRJ_E11STR_02_Q;NRJNRJ_E11STR_02_DEM72_Q;"March 22, 2026";"March 23, 2026 6:55:40 AM";"March 23, 2026 6:55:46 AM";;Ended OK;"Demarrage du service ""IIS Admin Service"" A_W_ENE11";start_service.cmd;Job;No;1;No;CTMSRV;NRJNRJ_E11STR_02_Q;ENERGY;wdkenep11;A_W_ENE11;3okgm
NRJ-ENERGY;NRJNRJ_E11STR_02_Q;NRJNRJ_E11STR_02_DEM73_Q;"March 22, 2026";"March 23, 2026 6:55:47 AM";"March 23, 2026 6:55:52 AM";;Ended OK;"Demarrage du service ""w3svc"" A_W_ENE11";start_service.cmd;Job;No;1;No;CTMSRV;NRJNRJ_E11STR_02_Q;ENERGY;wdkenep11;A_W_ENE11;3okgn
NRJ-ENERGY;NRJNRJ_E11STR_02_Q;NRJNRJ_E11STR_02_DEM74_Q;"March 22, 2026";"March 23, 2026 6:55:52 AM";"March 23, 2026 6:55:59 AM";;Ended OK;"Demarrage du service ""SPEGYEVT7"" A_W_ENE11";start_service.cmd;Job;No;1;No;CTMSRV;NRJNRJ_E11STR_02_Q;ENERGY;wdkenep11;A_W_ENE11;3okgo
NRJ-ENERGY;NRJNRJ_E11STR_02_Q;NRJNRJ_E11STR_02_DEM75_Q;"March 22, 2026";"March 23, 2026 6:56:00 AM";"March 23, 2026 6:56:00 AM";;Ended OK;Demarrage batch SPEGYTST3.exe A_W_ENE11;SPEGYTST3.cmd;Dummy;No;1;No;CTMSRV;NRJNRJ_E11STR_02_Q;ENERGY;;A_W_ENE11;3okgp
NRJ-ENERGY;NRJNRJ_E11STR_02_Q;NRJNRJ_E11STR_02_DEM78_Q;"March 22, 2026";"March 23, 2026 6:56:01 AM";"March 23, 2026 6:56:04 AM";;Ended OK;Démarrage des Sites ENERGY sur  A_W_ENE11;START_SITE_ENERGY;Command;No;1;No;CTMSRV;NRJNRJ_E11STR_02_Q;svce_cm;wdkenep11;A_W_ENE11;3okhd
NRJ-ENERGY;NRJNRJ_E11STR_02_Q;NRJNRJ_E11STR_02_DEM81_Q;"March 22, 2026";"March 23, 2026 6:55:30 AM";"March 23, 2026 6:55:39 AM";;Ended OK;"Demarrage du service ""ASP.NET State Service"" A_W_ENE12";start_service.cmd;Job;No;1;No;CTMSRV;NRJNRJ_E11STR_02_Q;ENERGY;wdkenep12;A_W_ENE12;3okgq
NRJ-ENERGY;NRJNRJ_E11STR_02_Q;NRJNRJ_E11STR_02_DEM82_Q;"March 22, 2026";"March 23, 2026 6:55:40 AM";"March 23, 2026 6:55:46 AM";;Ended OK;"Demarrage du service ""IIS Admin Service"" A_W_ENE12";start_service.cmd;Job;No;1;No;CTMSRV;NRJNRJ_E11STR_02_Q;ENERGY;wdkenep12;A_W_ENE12;3okgr
NRJ-ENERGY;NRJNRJ_E11STR_02_Q;NRJNRJ_E11STR_02_DEM83_Q;"March 22, 2026";"March 23, 2026 6:55:47 AM";"March 23, 2026 6:55:52 AM";;Ended OK;"Demarrage du service ""w3svc"" A_W_ENE12";start_service.cmd;Job;No;1;No;CTMSRV;NRJNRJ_E11STR_02_Q;ENERGY;wdkenep12;A_W_ENE12;3okgs
NRJ-ENERGY;NRJNRJ_E11STR_02_Q;NRJNRJ_E11STR_02_DEM84_Q;"March 22, 2026";"March 23, 2026 6:55:53 AM";"March 23, 2026 6:56:00 AM";;Ended OK;"Demarrage du service ""SPEGYEVT7"" A_W_ENE12";start_service.cmd;Job;No;1;No;CTMSRV;NRJNRJ_E11STR_02_Q;ENERGY;wdkenep12;A_W_ENE12;3okh5
NRJ-ENERGY;NRJNRJ_E11STR_02_Q;NRJNRJ_E11STR_02_DEM85_Q;"March 22, 2026";"March 23, 2026 6:56:15 AM";"March 23, 2026 6:56:15 AM";;Ended OK;Demarrage batch SPEGYTST3.exe A_W_ENE12;SPEGYTST3.cmd;Dummy;No;1;No;CTMSRV;NRJNRJ_E11STR_02_Q;ENERGY;;A_W_ENE12;3okgu
NRJ-ENERGY;NRJNRJ_E11STR_02_Q;NRJNRJ_E11STR_02_DEM86_Q;"March 22, 2026";"March 23, 2026 6:56:01 AM";"March 23, 2026 6:56:07 AM";;Ended OK;"Demarrage du service ""IIEAIEGY01"" A_W_ENE12";start_service.cmd;Job;No;1;No;CTMSRV;NRJNRJ_E11STR_02_Q;ENERGY;wdkenep12;A_W_ENE12;3okgt
NRJ-ENERGY;NRJNRJ_E11STR_02_Q;NRJNRJ_E11STR_02_DEM87_Q;"March 22, 2026";"March 23, 2026 6:56:08 AM";"March 23, 2026 6:56:14 AM";;Ended OK;"Demarrage du service ""IEEGYELT01"" A_W_ENE12";start_service.cmd;Job;No;1;No;CTMSRV;NRJNRJ_E11STR_02_Q;ENERGY;wdkenep12;A_W_ENE12;3okha
NRJ-ENERGY;NRJNRJ_E11STR_02_Q;NRJNRJ_E11STR_02_DEM88_Q;"March 22, 2026";"March 23, 2026 6:56:16 AM";"March 23, 2026 6:56:19 AM";;Ended OK;Démarrage des Sites ENERGY sur  A_W_ENE12;START_SITE_ENERGY;Command;No;1;No;CTMSRV;NRJNRJ_E11STR_02_Q;svce_cm;wdkenep12;A_W_ENE12;3okhe
NRJ-ENERGY;NRJNRJ_E11STR_02_Q;NRJNRJ_E11STR_02_DEM90_Q;"March 22, 2026";"March 23, 2026 6:56:25 AM";"March 23, 2026 6:56:31 AM";;Ended OK;"Demarrage du service ""IEEGYAPI01"" A_W_ENE13";start_service.cmd;Job;No;1;No;CTMSRV;NRJNRJ_E11STR_02_Q;ENERGY;wdkenep13;A_W_ENE13;3okhg
NRJ-ENERGY;NRJNRJ_E11STR_02_Q;NRJNRJ_E11STR_02_DEM91_Q;"March 22, 2026";"March 23, 2026 6:55:30 AM";"March 23, 2026 6:55:39 AM";;Ended OK;"Demarrage du service ""ASP.NET State Service"" A_W_ENE13";start_service.cmd;Job;No;1;No;CTMSRV;NRJNRJ_E11STR_02_Q;ENERGY;wdkenep13;A_W_ENE13;3okgv
NRJ-ENERGY;NRJNRJ_E11STR_02_Q;NRJNRJ_E11STR_02_DEM92_Q;"March 22, 2026";"March 23, 2026 6:55:40 AM";"March 23, 2026 6:55:45 AM";;Ended OK;"Demarrage du service ""IIS Admin Service"" A_W_ENE13";start_service.cmd;Job;No;1;No;CTMSRV;NRJNRJ_E11STR_02_Q;ENERGY;wdkenep13;A_W_ENE13;3okgw
NRJ-ENERGY;NRJNRJ_E11STR_02_Q;NRJNRJ_E11STR_02_DEM93_Q;"March 22, 2026";"March 23, 2026 6:55:45 AM";"March 23, 2026 6:55:51 AM";;Ended OK;"Demarrage du service ""w3svc"" A_W_ENE13";start_service.cmd;Job;No;1;No;CTMSRV;NRJNRJ_E11STR_02_Q;ENERGY;wdkenep13;A_W_ENE13;3okgx
NRJ-ENERGY;NRJNRJ_E11STR_02_Q;NRJNRJ_E11STR_02_DEM94_Q;"March 22, 2026";"March 23, 2026 6:55:52 AM";"March 23, 2026 6:55:59 AM";;Ended OK;"Demarrage du service ""SPEGYEVT7"" A_W_ENE13";start_service.cmd;Job;No;1;No;CTMSRV;NRJNRJ_E11STR_02_Q;ENERGY;wdkenep13;A_W_ENE13;3okgy
NRJ-ENERGY;NRJNRJ_E11STR_02_Q;NRJNRJ_E11STR_02_DEM95_Q;"March 22, 2026";"March 23, 2026 6:56:00 AM";"March 23, 2026 6:56:11 AM";;Ended OK;Demarrage batch SPEGYTST3.exe A_W_ENE13;SPEGYTST3.cmd;Job;No;1;No;CTMSRV;NRJNRJ_E11STR_02_Q;ENERGY;wdkenep13;A_W_ENE13;3okgz
NRJ-ENERGY;NRJNRJ_E11STR_02_Q;NRJNRJ_E11STR_02_DEM96_Q;"March 22, 2026";"March 23, 2026 6:56:12 AM";"March 23, 2026 6:56:18 AM";;Ended OK;"Demarrage du service ""SPEGYTBT3"" A_W_ENE13";start_service.cmd;Job;No;1;No;CTMSRV;NRJNRJ_E11STR_02_Q;ENERGY;wdkenep13;A_W_ENE13;3okh6
NRJ-ENERGY;NRJNRJ_E11STR_02_Q;NRJNRJ_E11STR_02_DEM97_Q;"March 22, 2026";"March 23, 2026 6:56:19 AM";"March 23, 2026 6:56:24 AM";;Ended OK;"Demarrage du service ""SPEGYBUD6"" A_W_ENE13";start_service.cmd;Job;No;1;No;CTMSRV;NRJNRJ_E11STR_02_Q;ENERGY;wdkenep13;A_W_ENE13;3okh7
NRJ-ENERGY;NRJNRJ_E11STR_02_Q;NRJNRJ_E11STR_02_DEM98_Q;"March 22, 2026";"March 23, 2026 6:56:32 AM";"March 23, 2026 6:56:35 AM";;Ended OK;Démarrage des Sites ENERGY sur  A_W_ENE13;START_SITE_ENERGY;Command;No;1;No;CTMSRV;NRJNRJ_E11STR_02_Q;svce_cm;wdkenep13;A_W_ENE13;3okhf
NRJ-ENERGY;NRJNRJ_E11STR_02_Q;NRJNRJ_E11STR_02_Q;"March 22, 2026";"March 22, 2026 1:30:10 PM";"March 23, 2026 6:56:37 AM";;Ended OK;ENERGY:start aplicatif;;SMART Table;No;1;No;CTMSRV;NRJNRJ_E11STR_02_Q;;ldkctmp50;;3okgj
NRJ-ENERGY;NRJNRJ_E11STR_02_Q;NRJNRJ_E11STR_02_STA01_Q;"March 22, 2026";"March 23, 2026 6:55:28 AM";"March 23, 2026 6:55:28 AM";;Ended OK;"SPEGYARC3 : reactivation des triggers / contraintes; recréation des index";NRJNRJ_E11STR_02_STA01_Q.ksh;Dummy;No;1;No;CTMSRV;NRJNRJ_E11STR_02_Q;dbanrj;;A_L_ENE12;3okh8
NRJ-ENERGY;NRJNRJ_E11STR_02_Q;NRJNRJ_E11STR_02_STA02_Q;"March 22, 2026";"March 23, 2026 6:55:29 AM";"March 23, 2026 6:55:29 AM";;Ended OK;SPEGYARC4 : calcul des statistiques;NRJNRJ_E11STR_02_STA02_Q.ksh;Dummy;No;1;No;CTMSRV;NRJNRJ_E11STR_02_Q;dbanrj;;A_L_ENE12;3okh9
NRJ-ENERGY;NRJNRJ_J11TEC_04_Q;NRJNRJ_J11TEC_04_FBV99_Q;"March 22, 2026";"March 22, 2026 6:45:30 PM";"March 22, 2026 6:45:30 PM";;Ended OK;controle heure fin trait.  DPRNRJ;FIN_BATCH_VEILLE;Dummy;No;1;No;CTMSRV;NRJNRJ_J11TEC_04_Q;eblondez;;;3ok90
NRJ-ENERGY;NRJNRJ_J11TEC_04_Q;NRJNRJ_J11TEC_04_FIN99_Q;"March 22, 2026";;;;Wait for Event;Fin trait. NRJ;U112_FIN;Dummy;No;0;No;CTMSRV;NRJNRJ_J11TEC_04_Q;ctmuser;;;3ok91
NRJ-ENERGY;NRJNRJ_J11TEC_04_Q;NRJNRJ_J11TEC_04_FJA97_Q;"March 22, 2026";;;;Wait for Event;Fin trait. Interfaces entrantes NRJ;U112_INTERFACE_ENT;Dummy;No;0;No;CTMSRV;NRJNRJ_J11TEC_04_Q;ctmuser;;;3ok92
NRJ-ENERGY;NRJNRJ_J11TEC_04_Q;NRJNRJ_J11TEC_04_FJA98_Q;"March 22, 2026";;;;Wait for Event;Fin trait. Interfaces sortantes NRJ;U112_INTERFACE_SOR;Dummy;No;0;No;CTMSRV;NRJNRJ_J11TEC_04_Q;ctmuser;;;3ok93
NRJ-ENERGY;NRJNRJ_J11TEC_04_Q;NRJNRJ_J11TEC_04_FJA99_Q;"March 22, 2026";;;;Wait for Event;Fin trait. specifiques NRJ (hors trait harry );U112_TRAIT;Dummy;No;0;No;CTMSRV;NRJNRJ_J11TEC_04_Q;ctmuser;;;3ok94
NRJ-ENERGY;NRJNRJ_J11TEC_04_Q;NRJNRJ_J11TEC_04_Q;"March 22, 2026";"March 22, 2026 1:30:10 PM";;;Executing;ENERGY: JALON;;SMART Table;No;1;No;CTMSRV;NRJNRJ_J11TEC_04_Q;;;;3ok8z
NRJ-ENERGY;NRJNRJ_J12TEC_04_Q;NRJNRJ_J12TEC_04_CPY03_Q;"March 22, 2026";;;;Wait for Event;Copie fichiers IN-OUT FIN DE BATCH sur DKA_IMNORD;U512012220;Dummy;No;0;No;CTMSRV;NRJNRJ_J12TEC_04_Q;root;A_L_ENE12;A_L_ENE12;3olv0
NRJ-ENERGY;NRJNRJ_J12TEC_04_Q;NRJNRJ_J12TEC_04_DEL04_Q;"March 22, 2026";;;;Wait for Event;"delete des /index/admin/DPRNRJ/[b;c]dump/*.trc";U512012230.sh;Dummy;No;0;No;CTMSRV;NRJNRJ_J12TEC_04_Q;root;A_L_ENE12;A_L_ENE12;3olv1
NRJ-ENERGY;NRJNRJ_J12TEC_04_Q;NRJNRJ_J12TEC_04_LOG01_Q;"March 22, 2026";;;;Wait for Event;Mise A DISPO LOGS EN FIN DE BATCH sur DKA_IMNORD;U512012210;Dummy;No;0;No;CTMSRV;NRJNRJ_J12TEC_04_Q;root;A_L_ENE12;A_L_ENE12;3oluy
NRJ-ENERGY;NRJNRJ_J12TEC_04_Q;NRJNRJ_J12TEC_04_MOV02_Q;"March 22, 2026";;;;Wait for Event;DEPLACEMENT DES FIC7* dans /index/energy/ficharry;U512012215.sh;Dummy;No;0;No;CTMSRV;NRJNRJ_J12TEC_04_Q;root;A_L_ENE12;A_L_ENE12;3oluz
NRJ-ENERGY;NRJNRJ_J12TEC_04_Q;NRJNRJ_J12TEC_04_PUR01_Q;"March 22, 2026";;;;Wait for Event;Purge des logs apres transfert sur DKA_IMNORD;Purge_Log.sh;Job;No;0;No;CTMSRV;NRJNRJ_J12TEC_04_Q;root;A_L_ENE12;A_L_ENE12;3olv2
NRJ-ENERGY;NRJNRJ_J13TRT_04_W;NRJNRJ_J13TRT_04_EXP97_W;"March 22, 2026";"March 22, 2026 6:45:28 PM";"March 22, 2026 7:02:05 PM";;Ended OK;NRJ : SPEGYEVT4 : Generation releves compteurs fictifs;U112410010.cmd;Job;No;1;No;CTMSRV;NRJNRJ_J13TRT_04_W;svce_cm;wdkenep11;A_W_ENE11;3okn3
NRJ-ENERGY;NRJNRJ_J13TRT_04_W;NRJNRJ_J13TRT_04_W;"March 22, 2026";"March 22, 2026 1:30:09 PM";"March 22, 2026 7:02:06 PM";;Ended OK;;;SMART Table;No;1;No;CTMSRV;NRJNRJ_J13TRT_04_W;;ldkctmp50;;3okn2
NRJ-ENERGY;NRJNRJ_J14TRT_04_W;NRJNRJ_J14TRT_04_W;"March 22, 2026";"March 22, 2026 1:30:09 PM";"March 22, 2026 7:16:50 PM";;Ended OK;;;SMART Table;No;1;No;CTMSRV;NRJNRJ_J14TRT_04_W;;ldkctmp50;;3ollj
NRJ-ENERGY;NRJNRJ_J14TRT_04_W;NRJNRJ_J14TRT_04_WRK01_W;"March 22, 2026";"March 22, 2026 7:02:06 PM";"March 22, 2026 7:16:49 PM";;Ended OK;NRJ : SPEGYEVT2 : Detection releves complets;U112420010.sh;Job;No;1;No;CTMSRV;NRJNRJ_J14TRT_04_W;root;ldkenep12;A_L_ENE12;3ollk
NRJ-ENERGY;NRJNRJ_J16TRT_04_W;NRJNRJ_J16TRT_04_00000_W;"March 22, 2026";"March 22, 2026 8:13:45 PM";"March 22, 2026 8:13:45 PM";;Ended OK;SPEGYTBT1 : Debut Chaine : Tableaux de bord;U112440;Dummy;No;1;No;CTMSRV;NRJNRJ_J16TRT_04_W;root;;;3okwe
NRJ-ENERGY;NRJNRJ_J16TRT_04_W;NRJNRJ_J16TRT_04_99999_W;"March 22, 2026";"March 22, 2026 8:35:07 PM";"March 22, 2026 8:35:07 PM";;Ended OK;SPEGYTBT1 : Fin de chaîne : Tableaux de bord;U112440999;Dummy;No;1;No;CTMSRV;NRJNRJ_J16TRT_04_W;root;;;3okwd
NRJ-ENERGY;NRJNRJ_J16TRT_04_W;NRJNRJ_J16TRT_04_CAL10_W;"March 22, 2026";"March 22, 2026 8:13:46 PM";"March 22, 2026 8:19:36 PM";;Ended OK;SPEGYTBT1 : Execution calcul tableaux de bord techniques FR04;U112440040.cmd;Job;No;1;No;CTMSRV;NRJNRJ_J16TRT_04_W;DCDKETI/svce_cm;wdkenep14;A_W_ENE14;3okwc
NRJ-ENERGY;NRJNRJ_J16TRT_04_W;NRJNRJ_J16TRT_04_CAL97_W;"March 22, 2026";"March 22, 2026 8:13:46 PM";"March 22, 2026 8:35:06 PM";;Ended OK;SPEGYTBT1 : Execution calcul tableaux de bord techniques;U112440010.cmd;Job;No;1;No;CTMSRV;NRJNRJ_J16TRT_04_W;svce_cm;wdkenep11;A_W_ENE11;3okw9
NRJ-ENERGY;NRJNRJ_J16TRT_04_W;NRJNRJ_J16TRT_04_CAL98_W;"March 22, 2026";"March 22, 2026 8:13:46 PM";"March 22, 2026 8:19:11 PM";;Ended OK;SPEGYTBT1 : Execution calcul tableaux de bord techniques FR02;U112440020.cmd;Job;No;1;No;CTMSRV;NRJNRJ_J16TRT_04_W;svce_cm;wdkenep12;A_W_ENE12;3okwa
NRJ-ENERGY;NRJNRJ_J16TRT_04_W;NRJNRJ_J16TRT_04_CAL99_W;"March 22, 2026";"March 22, 2026 8:13:46 PM";"March 22, 2026 8:19:56 PM";;Ended OK;SPEGYTBT1 : Execution calcul tableaux de bord techniques FR01;U112440030.cmd;Job;No;1;No;CTMSRV;NRJNRJ_J16TRT_04_W;svce_cm;wdkenep13;A_W_ENE13;3okwb
NRJ-ENERGY;NRJNRJ_J16TRT_04_W;NRJNRJ_J16TRT_04_W;"March 22, 2026";"March 22, 2026 1:30:10 PM";"March 22, 2026 8:35:08 PM";;Ended OK;;;SMART Table;No;1;No;CTMSRV;NRJNRJ_J16TRT_04_W;;ldkctmp50;;3okw8
NRJ-ENERGY;NRJNRJ_J17TRT_04_W;NRJNRJ_J17TRT_04_00000_W;"March 22, 2026";"March 22, 2026 8:39:49 PM";"March 22, 2026 8:39:49 PM";;Ended OK;NRJ : SPEGYINT1 : Calcul de l interessement et suivi contractuel;U112460;Dummy;No;1;No;CTMSRV;NRJNRJ_J17TRT_04_W;root;;;3olm3
NRJ-ENERGY;NRJNRJ_J17TRT_04_W;NRJNRJ_J17TRT_04_99999_W;"March 22, 2026";"March 22, 2026 8:45:21 PM";"March 22, 2026 8:45:21 PM";;Ended OK;NRJ : SPEGYINT1 : Calcul de l interessement et suivi contractuel;U112460999;Dummy;No;1;No;CTMSRV;NRJNRJ_J17TRT_04_W;root;;;3olm2
NRJ-ENERGY;NRJNRJ_J17TRT_04_W;NRJNRJ_J17TRT_04_CAL10_W;"March 22, 2026";"March 22, 2026 8:39:50 PM";"March 22, 2026 8:45:20 PM";;Ended OK;NRJ : SPEGYINT1 : Calcul de l interessement et suivi contractuel;U112460040.cmd;Job;No;1;No;CTMSRV;NRJNRJ_J17TRT_04_W;svce_cm;wdkenep14;A_W_ENE14;3olm1
NRJ-ENERGY;NRJNRJ_J17TRT_04_W;NRJNRJ_J17TRT_04_CAL97_W;"March 22, 2026";"March 22, 2026 8:39:50 PM";"March 22, 2026 8:43:21 PM";;Ended OK;NRJ : SPEGYINT1 : Calcul de l interessement et suivi contractuel;U112460010.cmd;Job;No;1;No;CTMSRV;NRJNRJ_J17TRT_04_W;svce_cm;wdkenep11;A_W_ENE11;3olly
NRJ-ENERGY;NRJNRJ_J17TRT_04_W;NRJNRJ_J17TRT_04_CAL98_W;"March 22, 2026";"March 22, 2026 8:39:50 PM";"March 22, 2026 8:45:20 PM";;Ended OK;NRJ : SPEGYINT1 : Calcul de l interessement et suivi contractuel;U112460020.cmd;Job;No;1;No;CTMSRV;NRJNRJ_J17TRT_04_W;svce_cm;wdkenep12;A_W_ENE12;3ollz
NRJ-ENERGY;NRJNRJ_J17TRT_04_W;NRJNRJ_J17TRT_04_CAL99_W;"March 22, 2026";"March 22, 2026 8:39:50 PM";"March 22, 2026 8:45:20 PM";;Ended OK;NRJ : SPEGYINT1 : Calcul de l interessement et suivi contractuel;U112460030.cmd;Job;No;1;No;CTMSRV;NRJNRJ_J17TRT_04_W;svce_cm;wdkenep13;A_W_ENE13;3olm0
NRJ-ENERGY;NRJNRJ_J17TRT_04_W;NRJNRJ_J17TRT_04_W;"March 22, 2026";"March 22, 2026 1:30:10 PM";"March 22, 2026 8:45:22 PM";;Ended OK;;;SMART Table;No;1;No;CTMSRV;NRJNRJ_J17TRT_04_W;;ldkctmp50;;3ollx
NRJ-ENERGY;NRJNRJ_J1ITRT_04_W;NRJNRJ_J1ITRT_04_00000_W;"March 22, 2026";"March 22, 2026 8:35:08 PM";"March 22, 2026 8:35:08 PM";;Ended OK;NRJ : Debut Chaine : Tableaux de bord;U112440;Dummy;No;1;No;CTMSRV;NRJNRJ_J1ITRT_04_W;root;;;3oklp
NRJ-ENERGY;NRJNRJ_J1ITRT_04_W;NRJNRJ_J1ITRT_04_99999_W;"March 22, 2026";"March 22, 2026 8:39:48 PM";"March 22, 2026 8:39:48 PM";;Ended OK;NRJ : Fin de chaîne : Tableaux de bord;U112440999;Dummy;No;1;No;CTMSRV;NRJNRJ_J1ITRT_04_W;root;;;3oklo
NRJ-ENERGY;NRJNRJ_J1ITRT_04_W;NRJNRJ_J1ITRT_04_CAL10_W;"March 22, 2026";"March 22, 2026 8:35:09 PM";"March 22, 2026 8:39:32 PM";;Ended OK;NRJ : SPEGYTBT1 : 2eme passes calcul tableaux de bord;U112440040.cmd;Job;No;1;No;CTMSRV;NRJNRJ_J1ITRT_04_W;svce_cm;wdkenep14;A_W_ENE14;3oklj
NRJ-ENERGY;NRJNRJ_J1ITRT_04_W;NRJNRJ_J1ITRT_04_CAL97_W;"March 22, 2026";"March 22, 2026 8:35:09 PM";"March 22, 2026 8:39:46 PM";;Ended OK;NRJ : SPEGYTBT1 : 2eme passes calcul tableaux de bord;U112440010.cmd;Job;No;1;No;CTMSRV;NRJNRJ_J1ITRT_04_W;svce_cm;wdkenep11;A_W_ENE11;3oklg
NRJ-ENERGY;NRJNRJ_J1ITRT_04_W;NRJNRJ_J1ITRT_04_CAL98_W;"March 22, 2026";"March 22, 2026 8:35:09 PM";"March 22, 2026 8:39:37 PM";;Ended OK;NRJ : SPEGYTBT1 : 2eme passes calcul tableaux de bord;U112440020.cmd;Job;No;1;No;CTMSRV;NRJNRJ_J1ITRT_04_W;svce_cm;wdkenep12;A_W_ENE12;3oklh
NRJ-ENERGY;NRJNRJ_J1ITRT_04_W;NRJNRJ_J1ITRT_04_CAL99_W;"March 22, 2026";"March 22, 2026 8:35:09 PM";"March 22, 2026 8:39:32 PM";;Ended OK;NRJ : SPEGYTBT1 : 2eme passes calcul tableaux de bord;U112440030.cmd;Job;No;1;No;CTMSRV;NRJNRJ_J1ITRT_04_W;svce_cm;wdkenep13;A_W_ENE13;3okli
NRJ-ENERGY;NRJNRJ_J1ITRT_04_W;NRJNRJ_J1ITRT_04_FLG01_W;"March 22, 2026";"March 22, 2026 8:39:33 PM";"March 22, 2026 8:39:33 PM";;Ended OK;Fin de chaîne : Tableaux de bord FR01;U112440399;Dummy;No;1;No;CTMSRV;NRJNRJ_J1ITRT_04_W;root;;;3oklm
NRJ-ENERGY;NRJNRJ_J1ITRT_04_W;NRJNRJ_J1ITRT_04_FLG02_W;"March 22, 2026";"March 22, 2026 8:39:38 PM";"March 22, 2026 8:39:38 PM";;Ended OK;Fin de chaîne : Tableaux de bord FR02;U112440299;Dummy;No;1;No;CTMSRV;NRJNRJ_J1ITRT_04_W;root;;;3okll
NRJ-ENERGY;NRJNRJ_J1ITRT_04_W;NRJNRJ_J1ITRT_04_FLG03_W;"March 22, 2026";"March 22, 2026 8:39:47 PM";"March 22, 2026 8:39:47 PM";;Ended OK;Fin de chaîne : Tableaux de bord FR03;U112440199;Dummy;No;1;No;CTMSRV;NRJNRJ_J1ITRT_04_W;root;;;3oklk
NRJ-ENERGY;NRJNRJ_J1ITRT_04_W;NRJNRJ_J1ITRT_04_FLG04_W;"March 22, 2026";"March 22, 2026 8:39:33 PM";"March 22, 2026 8:39:33 PM";;Ended OK;Fin de chaîne : Tableaux de bord FR04;U112440499;Dummy;No;1;No;CTMSRV;NRJNRJ_J1ITRT_04_W;root;;;3okln
NRJ-ENERGY;NRJNRJ_J1ITRT_04_W;NRJNRJ_J1ITRT_04_W;"March 22, 2026";"March 22, 2026 1:30:09 PM";"March 22, 2026 8:39:49 PM";;Ended OK;;;SMART Table;No;1;No;CTMSRV;NRJNRJ_J1ITRT_04_W;;ldkctmp50;;3oklf
NRJ-ENERGY;NRJNRJ_J1ZTEC_04_Q;NRJNRJ_J1ZTEC_04_ARC01_Q;"March 22, 2026";;;;Wait for Event;purges des log de +20 de jours ( 4j pour ceux de ctrlm) et du repertoire out +20j ( dtr 4j);purgeNRJ.sh;Job;No;0;No;CTMSRV;NRJNRJ_J1ZTEC_04_Q;dbanrj;A_L_ENE12;A_L_ENE12;3olr4
NRJ-ENERGY;NRJNRJ_J21TRT_04_Q;NRJNRJ_J21TRT_04_Q;"March 22, 2026";"March 22, 2026 1:30:09 PM";"March 23, 2026 6:55:28 AM";;Ended OK;SPEGYTEC1;;SMART Table;No;1;No;CTMSRV;NRJNRJ_J21TRT_04_Q;;ldkctmp50;;3olgr
NRJ-ENERGY;NRJNRJ_J21TRT_04_Q;NRJNRJ_J21TRT_04_WRK01_Q;"March 22, 2026";"March 23, 2026 6:55:00 AM";"March 23, 2026 6:55:27 AM";;Ended OK;SPEGYTEC1.sh;SPEGYTEC1.sh;Job;No;1;No;CTMSRV;NRJNRJ_J21TRT_04_Q;dbanrj;ldkenep12;A_L_ENE12;3olgs
NRJ-ENERGY;NRJNRJ_J23TRT_04_W;NRJNRJ_J23TRT_04_W;"March 22, 2026";"March 22, 2026 1:30:10 PM";"March 22, 2026 8:01:04 PM";;Ended OK;;;SMART Table;No;1;No;CTMSRV;NRJNRJ_J23TRT_04_W;;ldkctmp50;;3ok5s
NRJ-ENERGY;NRJNRJ_J23TRT_04_W;NRJNRJ_J23TRT_04_WRK01_W;"March 22, 2026";"March 22, 2026 8:01:00 PM";"March 22, 2026 8:01:04 PM";;Ended OK;NRJ : SPEGYEVT9;NRJNRJ_J23TRT_04_WRK01_Q.ksh;Job;No;1;No;CTMSRV;NRJNRJ_J23TRT_04_W;dbanrj;ldkenep12;A_L_ENE12;3ok5t
NRJ-ENERGY;NRJNRJ_J24TRT_04_W;NRJNRJ_J24TRT_04_99999_W;"March 22, 2026";"March 22, 2026 8:03:08 PM";"March 22, 2026 8:03:08 PM";;Ended OK;NRJ : Fin de Chaine : SPEGYPBR1;Fin de chaine SPEGYPBR1;Dummy;No;1;No;CTMSRV;NRJNRJ_J24TRT_04_W;root;;;3ok7f
NRJ-ENERGY;NRJNRJ_J24TRT_04_W;NRJNRJ_J24TRT_04_CAL10_W;"March 22, 2026";"March 22, 2026 7:11:48 PM";"March 22, 2026 7:57:41 PM";;Ended OK;SPEGYPBR1.exe: calcul des estimations compteur suivant base référence technique (wdknrji04);NRJNRJ_J24TRT_04_CAL10_Q.cmd;Job;No;1;No;CTMSRV;NRJNRJ_J24TRT_04_W;svce_cm;wdkenep14;A_W_ENE14;3ok7c
NRJ-ENERGY;NRJNRJ_J24TRT_04_W;NRJNRJ_J24TRT_04_CAL97_W;"March 22, 2026";"March 22, 2026 7:11:48 PM";"March 22, 2026 7:58:41 PM";;Ended OK;SPEGYPBR1.exe: calcul des estimations compteur suivant base référence technique (wdknrji01);NRJNRJ_J24TRT_04_CAL97_Q.cmd;Job;No;1;No;CTMSRV;NRJNRJ_J24TRT_04_W;svce_cm;wdkenep11;A_W_ENE11;3ok7d
NRJ-ENERGY;NRJNRJ_J24TRT_04_W;NRJNRJ_J24TRT_04_CAL98_W;"March 22, 2026";"March 22, 2026 7:11:48 PM";"March 22, 2026 8:00:06 PM";;Ended OK;SPEGYPBR1.exe: calcul des estimations compteur suivant base référence technique (wdknrji02);NRJNRJ_J24TRT_04_CAL98_Q.cmd;Job;No;1;No;CTMSRV;NRJNRJ_J24TRT_04_W;svce_cm;wdkenep12;A_W_ENE12;3ok7e
NRJ-ENERGY;NRJNRJ_J24TRT_04_W;NRJNRJ_J24TRT_04_CAL99_W;"March 22, 2026";"March 22, 2026 7:11:48 PM";"March 22, 2026 8:03:07 PM";;Ended OK;SPEGYPBR1.exe: calcul des estimations compteur suivant base référence technique (wdknrji03);NRJNRJ_J24TRT_04_CAL99_Q.cmd;Job;No;1;No;CTMSRV;NRJNRJ_J24TRT_04_W;svce_cm;wdkenep13;A_W_ENE13;3ok7b
NRJ-ENERGY;NRJNRJ_J24TRT_04_W;NRJNRJ_J24TRT_04_W;"March 22, 2026";"March 22, 2026 1:30:10 PM";"March 22, 2026 8:03:09 PM";;Ended OK;SPEGYPBR1:  calcul des estimations compteur suivant base référence technique;;SMART Table;No;1;No;CTMSRV;NRJNRJ_J24TRT_04_W;;ldkctmp50;;3ok7a
NRJ-ENERGY;NRJNRJ_J25TRT_04_W;NRJNRJ_J25TRT_04_W;"March 22, 2026";"March 22, 2026 1:30:09 PM";"March 22, 2026 8:08:31 PM";;Ended OK;;;SMART Table;No;1;No;CTMSRV;NRJNRJ_J25TRT_04_W;;ldkctmp50;;3oma6
NRJ-ENERGY;NRJNRJ_J25TRT_04_W;NRJNRJ_J25TRT_04_WRK01_W;"March 22, 2026";"March 22, 2026 8:03:09 PM";"March 22, 2026 8:08:30 PM";;Ended OK;NRJ : Consolidation des index estimés à partir des estimations;SPEGYPBR2.sh;Job;No;1;No;CTMSRV;NRJNRJ_J25TRT_04_W;dbanrj;ldkenep12;A_L_ENE12;3oma7
NRJ-ENERGY;NRJNRJ_J26TRT_04_W;NRJNRJ_J26TRT_04_99999_W;"March 22, 2026";"March 22, 2026 8:13:44 PM";"March 22, 2026 8:13:44 PM";;Ended OK;SPEGYEVT10 : Fin de chaîne : Tableaux de bord;U112440999;Dummy;No;1;No;CTMSRV;NRJNRJ_J26TRT_04_W;root;;;3olut
NRJ-ENERGY;NRJNRJ_J26TRT_04_W;NRJNRJ_J26TRT_04_W;"March 22, 2026";"March 22, 2026 1:30:09 PM";"March 22, 2026 8:13:45 PM";;Ended OK;;;SMART Table;No;1;No;CTMSRV;NRJNRJ_J26TRT_04_W;;ldkctmp50;;3oluo
NRJ-ENERGY;NRJNRJ_J26TRT_04_W;NRJNRJ_J26TRT_04_WRK01_W;"March 22, 2026";"March 22, 2026 8:08:31 PM";"March 22, 2026 8:08:43 PM";;Ended OK;NRJ : injection automatique des données;SPEGYEVT10.exe;Job;No;1;No;CTMSRV;NRJNRJ_J26TRT_04_W;dbanrj;wdkenep11;A_W_ENE11;3olup
NRJ-ENERGY;NRJNRJ_J26TRT_04_W;NRJNRJ_J26TRT_04_WRK02_W;"March 22, 2026";"March 22, 2026 8:08:31 PM";"March 22, 2026 8:13:39 PM";;Ended OK;NRJ : injection automatique des données;SPEGYEVT10.exe;Job;No;1;No;CTMSRV;NRJNRJ_J26TRT_04_W;dbanrj;wdkenep13;A_W_ENE13;3olus
NRJ-ENERGY;NRJNRJ_J26TRT_04_W;NRJNRJ_J26TRT_04_WRK03_W;"March 22, 2026";"March 22, 2026 8:08:31 PM";"March 22, 2026 8:13:43 PM";;Ended OK;NRJ : injection automatique des données;SPEGYEVT10.exe;Job;No;1;No;CTMSRV;NRJNRJ_J26TRT_04_W;dbanrj;wdkenep12;A_W_ENE12;3oluq
NRJ-ENERGY;NRJNRJ_J26TRT_04_W;NRJNRJ_J26TRT_04_WRK04_W;"March 22, 2026";"March 22, 2026 8:08:31 PM";"March 22, 2026 8:13:43 PM";;Ended OK;NRJ : injection automatique des données;SPEGYEVT10.exe;Job;No;1;No;CTMSRV;NRJNRJ_J26TRT_04_W;dbanrj;wdkenep14;A_W_ENE14;3olur
NRJ-ENERGY;NRJNRJ_J27TRT_04_Q;NRJNRJ_J27TRT_04_WRK01_Q;"March 22, 2026";"March 22, 2026 6:45:29 PM";"March 22, 2026 6:53:09 PM";;Ended OK;NRJ : calcul ratio réel;SPEGYCAL2.exe;Job;No;1;No;CTMSRV;NRJNRJ_J27TRT_04_Q;dbanrj;wdkenep11;A_W_ENE11;3okpb
NRJ-ENERGY;NRJNRJ_J27TRT_04_Q;NRJNRJ_J27TRT_04_WRK02_Q;"March 22, 2026";"March 22, 2026 6:45:29 PM";"March 22, 2026 6:53:08 PM";;Ended OK;NRJ :calcul ratio réel;SPEGYCAL2.exe;Job;No;1;No;CTMSRV;NRJNRJ_J27TRT_04_Q;dbanrj;wdkenep13;A_W_ENE13;3okpe
NRJ-ENERGY;NRJNRJ_J27TRT_04_Q;NRJNRJ_J27TRT_04_WRK03_Q;"March 22, 2026";"March 22, 2026 6:45:29 PM";"March 22, 2026 6:53:08 PM";;Ended OK;NRJ : calcul ratio réel;SPEGYCAL2.exe;Job;No;1;No;CTMSRV;NRJNRJ_J27TRT_04_Q;dbanrj;wdkenep12;A_W_ENE12;3okpc
NRJ-ENERGY;NRJNRJ_J27TRT_04_Q;NRJNRJ_J27TRT_04_WRK04_Q;"March 22, 2026";"March 22, 2026 6:45:29 PM";"March 22, 2026 6:53:07 PM";;Ended OK;NRJ : calcul ratio réel;SPEGYCAL2.exe;Job;No;1;No;CTMSRV;NRJNRJ_J27TRT_04_Q;dbanrj;wdkenep14;A_W_ENE14;3okpd
NRJ-ENERGY;NRJNRJ_J28TRT_04_Q;NRJNRJ_J28TRT_04_WRK01_Q;"March 22, 2026";"March 23, 2026 1:30:42 AM";"March 23, 2026 1:30:44 AM";;Ended OK;NRJ : SPEGYPLA1 :  Orchestration des OT RP1 par Energy dans Orion;SPEGYPLA1.sh;Job;No;1;No;CTMSRV;NRJNRJ_J28TRT_04_Q;dbanrj;ldkenep12;A_L_ENE12;3oltr
NRJ-ENERGY;NRJNRJ_K12SVG_03_Q;NRJNRJ_K12SVG_03_ARC01_Q;"March 22, 2026";"March 23, 2026 7:30:00 AM";"March 23, 2026 7:30:00 AM";1300;Wait for Event;Sauvegarde Archivelogs de DBONRJP1  (Base 10g) -;backup_rman_10.sh;Dummy;No;10;Yes;CTMSRV;NRJNRJ_K12SVG_03_Q;oracle;;NOTEXIST;3ol7l
NRJ-ENERGY;NRJNRJ_K12SVG_03_Q;NRJNRJ_K12SVG_03_AVA01_Q;"March 22, 2026";"March 23, 2026 4:00:01 AM";"March 23, 2026 4:00:01 AM";;Ended OK;Sauvegarde AVAMAR du serveur UDKNRJP01:serveur decomm depuis le 14062019;LaunchSave.sh;Dummy;No;1;No;CTMSRV;NRJNRJ_K12SVG_03_Q;root;;NOTEXIST;3ol7k
NRJ-ENERGY;NRJNRJ_K12SVG_03_Q;NRJNRJ_K12SVG_03_RMA01_Q;"March 22, 2026";"March 23, 2026 4:00:00 AM";"March 23, 2026 4:00:00 AM";;Ended OK;Sauvegarde RMAN sur disque de DBONRJP1 (Base 10g) -;backup_rman_10.sh;Dummy;No;1;No;CTMSRV;NRJNRJ_K12SVG_03_Q;oracle;;NOTEXIST;3ol7i
NRJ-ENERGY;NRJNRJ_K12SVG_03_Q;NRJNRJ_K12SVG_03_RMA02_Q;"March 22, 2026";"March 23, 2026 4:00:00 AM";"March 23, 2026 4:00:00 AM";>;Ended OK;Sauvegarde RMAN sur bande de DBONRJP1 (Base 10g) -;backup_rman_10.sh;Dummy;No;1;No;CTMSRV;NRJNRJ_K12SVG_03_Q;oracle;;NOTEXIST;3ol7j
NRJ-ENERGY;NRJXXX_J11GEN_06_Q;NRJXXX_J11GEN_06_EXP02_Q;"March 22, 2026";"March 23, 2026 8:00:00 AM";"March 23, 2026 8:00:24 AM";;Wait for Event;NRJ : Interface sortante des données PATRIMOINE ENERGY pour DACTECH CID CELERIS PIRENE;IEEGYDTE01.sh;Job;No;2;Yes;CTMSRV;NRJXXX_J11GEN_06_Q;dbanrj;ldkenep12;A_L_ENE12;3okhm
NRJ-ENERGY;NRJXXX_J11GEN_06_Q;NRJXXX_J11GEN_06_FTP02_Q;"March 22, 2026";"March 23, 2026 7:11:00 AM";"March 23, 2026 7:11:03 AM";;Wait for Event;NRJ : Envoi FTP du PATRIMOINEENERGY*.xml vers PFE;FTP_MULTI_GENERIQUE.ksh;Job;No;1;Yes;CTMSRV;NRJXXX_J11GEN_06_Q;root;ldkpfep11;A_L_PFE11;3okhn
NRJ-ENERGY;NRJXXX_J11GEN_06_Q;NRJXXX_J11GEN_06_Q;"March 22, 2026";"March 22, 2026 1:30:09 PM";;;Executing;NRJ : Interface sortante des données PATRIMOINE ENERGY pour DACTECH CID CELERIS PIRENE;;SMART Table;No;1;No;CTMSRV;NRJXXX_J11GEN_06_Q;dbanrj;;;3okhl
NRJ-ENERGY;NRJXXX_J15GEN_06_Q;NRJXXX_J15GEN_06_EXP01_Q;"March 22, 2026";"March 23, 2026 5:31:05 AM";"March 23, 2026 5:31:08 AM";;Ended OK;Export full des stations météo une fois par jour ( parm2 = 5);NRJXXX_J15GEN_06_EXP01_Q.ksh;Job;No;1;No;CTMSRV;NRJXXX_J15GEN_06_Q;dbanrj;ldkenep12;A_L_ENE12;3om03
NRJ-ENERGY;NRJXXX_J15GEN_06_Q;NRJXXX_J15GEN_06_FTP01_Q;"March 22, 2026";"March 23, 2026 5:31:09 AM";"March 23, 2026 5:31:11 AM";;Ended OK;NRJ : Envoi FTP du stationsmeteo vers PFE;FTP_MULTI_GENERIQUE.ksh;Job;No;1;No;CTMSRV;NRJXXX_J15GEN_06_Q;root;ldkpfep11;A_L_PFE11;3om04
NRJ-ENERGY;NRJXXX_J15GEN_06_Q;NRJXXX_J15GEN_06_Q;"March 22, 2026";"March 22, 2026 1:30:09 PM";"March 23, 2026 5:31:12 AM";;Ended OK;Export full des stations météo une fois par jour;;SMART Table;No;1;No;CTMSRV;NRJXXX_J15GEN_06_Q;;ldkctmp50;;3om02
NRJ-ENERGY;NRJXXX_J16GEN_06_Q;NRJXXX_J16GEN_06_EXP01_Q;"March 22, 2026";"March 23, 2026 5:31:09 AM";"March 23, 2026 5:32:05 AM";;Ended OK;Quotidien : Export des données météo (PARAM=05);NRJXXX_J16GEN_06_EXP01_Q.ksh;Job;No;1;No;CTMSRV;NRJXXX_J16GEN_06_Q;dbanrj;ldkenep12;A_L_ENE12;3okq8
NRJ-ENERGY;NRJXXX_J16GEN_06_Q;NRJXXX_J16GEN_06_FTP01_Q;"March 22, 2026";"March 23, 2026 5:32:06 AM";"March 23, 2026 5:32:09 AM";;Ended OK;NRJ Transfert de donneesmeteo_* vers PFE;FTP_MULTI_GENERIQUE.ksh;Job;No;1;No;CTMSRV;NRJXXX_J16GEN_06_Q;root;ldkpfep11;A_L_PFE11;3okq9
NRJ-ENERGY;NRJXXX_J16GEN_06_Q;NRJXXX_J16GEN_06_Q;"March 22, 2026";"March 22, 2026 1:30:09 PM";"March 23, 2026 5:32:09 AM";;Ended OK;;;SMART Table;No;1;No;CTMSRV;NRJXXX_J16GEN_06_Q;;ldkctmp50;;3okq7
NRJ-ENERGY;NRJXXX_J17GEN_06_Q;NRJXXX_J17GEN_06_EXP01_Q;"March 22, 2026";"March 22, 2026 2:31:04 PM";"March 22, 2026 2:31:54 PM";;Ended OK;Horaire : Export des données météo (PARAM=14);NRJXXX_J17GEN_06_EXP01_Q.ksh;Job;No;1;No;CTMSRV;NRJXXX_J17GEN_06_Q;dbanrj;ldkenep12;A_L_ENE12;3ok6u
NRJ-ENERGY;NRJXXX_J17GEN_06_Q;NRJXXX_J17GEN_06_FTP01_Q;"March 22, 2026";"March 22, 2026 2:31:55 PM";"March 22, 2026 2:31:57 PM";;Ended OK;NRJ Transfert de donneesmeteo_* vers PFE;FTP_MULTI_GENERIQUE.ksh;Job;No;1;No;CTMSRV;NRJXXX_J17GEN_06_Q;root;ldkpfep11;A_L_PFE11;3ok6v
NRJ-ENERGY;NRJXXX_J17GEN_06_Q;NRJXXX_J17GEN_06_Q;"March 22, 2026";"March 22, 2026 1:30:10 PM";"March 22, 2026 2:31:58 PM";;Ended OK;;;SMART Table;No;1;No;CTMSRV;NRJXXX_J17GEN_06_Q;;ldkctmp50;;3ok6t
NRJ-ENERGY;NRJXXX_J18GEN_06_Q;NRJXXX_J18GEN_06_EXP01_Q;"March 22, 2026";"March 22, 2026 6:31:03 PM";"March 22, 2026 6:31:50 PM";;Ended OK;Tri horaire : Export des données météo (PARAM=18);NRJXXX_J18GEN_06_EXP01_Q.ksh;Job;No;1;No;CTMSRV;NRJXXX_J18GEN_06_Q;dbanrj;ldkenep12;A_L_ENE12;3ok5z
NRJ-ENERGY;NRJXXX_J18GEN_06_Q;NRJXXX_J18GEN_06_FTP01_Q;"March 22, 2026";"March 22, 2026 6:31:51 PM";"March 22, 2026 6:31:53 PM";;Ended OK;NRJ Transfert de donneesmeteo_* vers PFE;FTP_MULTI_GENERIQUE.ksh;Job;No;1;No;CTMSRV;NRJXXX_J18GEN_06_Q;root;ldkpfep11;A_L_PFE11;3ok60
NRJ-ENERGY;NRJXXX_J18GEN_06_Q;NRJXXX_J18GEN_06_Q;"March 22, 2026";"March 22, 2026 1:30:10 PM";"March 22, 2026 6:31:54 PM";;Ended OK;;;SMART Table;No;1;No;CTMSRV;NRJXXX_J18GEN_06_Q;;ldkctmp50;;3ok5y
NRJ-ENERGY;NRJXXX_J19GEN_06_Q;NRJXXX_J19GEN_06_EXP01_Q;"March 22, 2026";"March 22, 2026 6:45:28 PM";"March 22, 2026 6:45:38 PM";;Ended OK;NRJ : Interface sortante des données ENERGY pour INDICATEUR ENERGY INDICATEUR ELEMENT ENERGY ET EVENEMENT ENERGY POUR DATALAKE EVENEMENT ENERGY POUR CID CELERIS PIRENE;IEEGYLAK01.sh;Job;No;1;No;CTMSRV;NRJXXX_J19GEN_06_Q;dbanrj;ldkenep12;A_L_ENE12;3okbu
NRJ-ENERGY;NRJXXX_J19GEN_06_Q;NRJXXX_J19GEN_06_FTP01_Q;"March 22, 2026";"March 22, 2026 6:45:38 PM";"March 22, 2026 6:45:40 PM";;Ended Not OK;NRJ : Envoi FTP du INDICATEURSENERGY_*.xml vers PFE;FTP_MULTI_GENERIQUE.ksh;Job;No;1;No;CTMSRV;NRJXXX_J19GEN_06_Q;root;ldkpfep11;A_L_PFE11;3okbt
NRJ-ENERGY;NRJXXX_J19GEN_06_Q;NRJXXX_J19GEN_06_FTP02_Q;"March 22, 2026";"March 22, 2026 6:45:38 PM";"March 22, 2026 6:45:40 PM";;Ended Not OK;NRJ : Envoi FTP du EVENEMENTSENERGY_*.xml vers PFE;FTP_MULTI_GENERIQUE.ksh;Job;No;1;No;CTMSRV;NRJXXX_J19GEN_06_Q;root;ldkpfep11;A_L_PFE11;3okbv
NRJ-ENERGY;NRJXXX_J19GEN_06_Q;NRJXXX_J19GEN_06_FTP03_Q;"March 22, 2026";"March 22, 2026 6:45:38 PM";"March 22, 2026 6:45:40 PM";;Ended Not OK;NRJ : Envoi FTP du INDICATEURSELEMENTENERGY_*.xml vers PFE;FTP_MULTI_GENERIQUE.ksh;Job;No;1;No;CTMSRV;NRJXXX_J19GEN_06_Q;root;ldkpfep11;A_L_PFE11;3okbw
NRJ-ENERGY;NRJXXX_J19GEN_06_Q;NRJXXX_J19GEN_06_Q;"March 22, 2026";"March 22, 2026 1:30:10 PM";"March 22, 2026 6:45:41 PM";;Ended Not OK;NRJ : Interface sortante des données ENERGY pour INDICATEUR ENERGY INDICATEUR ELEMENT ENERGY ET EVENEMENT ENERGY POUR DATALAKE EVENEMENT ENERGY POUR CID CELERIS PIRENE;;SMART Table;No;1;No;CTMSRV;NRJXXX_J19GEN_06_Q;dbanrj;ldkctmp50;;3okbs
NRJ-ENERGY;NRJXXX_J20GEN_06_Q;NRJXXX_J20GEN_06_EXP01_Q;"March 22, 2026";;;;Wait for Event;Tri horaire : Export des données météo (PARAM=09);NRJXXX_J20GEN_06_EXP01_Q.ksh;Job;No;0;No;CTMSRV;NRJXXX_J20GEN_06_Q;dbanrj;A_L_ENE12;A_L_ENE12;3ok70
NRJ-ENERGY;NRJXXX_J20GEN_06_Q;NRJXXX_J20GEN_06_FTP01_Q;"March 22, 2026";;;;Wait for Event;NRJ Transfert de donneesmeteo_* vers PFE;FTP_MULTI_GENERIQUE.ksh;Job;No;0;No;CTMSRV;NRJXXX_J20GEN_06_Q;root;A_L_PFE11;A_L_PFE11;3ok71
OCPU;OCPETI_E11REL_01;OCPETI_E10REL_00_FLAG01_Q;"March 22, 2026";"March 23, 2026 6:00:00 AM";"March 23, 2026 6:00:01 AM";;Ended OK;relance des OCPU sur ETI  Gestion;flags-opc.ksh;Job;No;1;No;CTMSRV;OCPETI_E11REL_01;ocpuflags;ldkoemp02;A_L_OEM02;3oldb
OCPU;OCPETI_E11REL_01;OCPETI_E11REL_01;"March 22, 2026";"March 23, 2026 6:00:00 AM";"March 23, 2026 6:05:38 AM";;Ended OK;;;SMART Table;No;1;No;CTMSRV;OCPETI_E11REL_01;;ldkctmp50;;3old8
OCPU;OCPETI_E11REL_01;OCPETI_E12REL_00_REL01_Q;"March 22, 2026";"March 23, 2026 6:00:01 AM";"March 23, 2026 6:05:33 AM";;Ended OK;relance des OCPU sur eti GESTION  -mis en dummy tempo --;opc-action.ksh;Job;No;1;No;CTMSRV;OCPETI_E11REL_01;root;ldkoemp02;A_L_OEM02;3old9
OCPU;OCPETI_E11REL_01;OCPETI_E13REL_00_TST01_Q;"March 22, 2026";"March 23, 2026 6:05:34 AM";"March 23, 2026 6:05:37 AM";;Ended OK;relance des OCPU sur eti GESTION -mis en dummy tempo --;opc-action.ksh;Job;No;1;No;CTMSRV;OCPETI_E11REL_01;root;ldkoemp02;A_L_OEM02;3oldc
OCPU;OCPETI_E11REL_01;OCPETI_E15REL_00_FLAG01_Q;"March 22, 2026";"March 23, 2026 6:05:37 AM";"March 23, 2026 6:05:38 AM";;Ended OK;relance des OCPU sur    ETI  Gestion;flags-opc.ksh;Job;No;1;No;CTMSRV;OCPETI_E11REL_01;ocpuflags;ldkoemp02;A_L_OEM02;3olda
OCPU;OCPREL_E11REL_01;OCPREL_E11REL_01;"March 22, 2026";;;;Wait for Event;;;SMART Table;No;0;No;CTMSRV;OCPREL_E11REL_01;;;;3okzc
OCPU;OCPREL_E11REL_01;OCPREL_E11REL_08_FLAG_Q;"March 22, 2026";;;;Wait for Event;transfert  flags en cours des OCPU sur la pre-production;script-oci-trans.ksh;Dummy;No;0;No;CTMSRV;OCPREL_E11REL_01;ocpuflags;A_L_OEM02;A_L_OEM02;3okzi
OCPU;OCPREL_E11REL_01;OCPREL_E11REL_09_FLAG_Q;"March 22, 2026";;;;Wait for Event;relance des OCPU sur la pre-production;flags-opc.ksh;Dummy;No;0;No;CTMSRV;OCPREL_E11REL_01;ocpuflags;A_L_OEM02;A_L_OEM02;3okzh
OCPU;OCPREL_E11REL_01;OCPREL_E11REL_10_REL01_Q;"March 22, 2026";;;;Wait for Event;relance des OCPU sur PRE-PROD GESTION -mis en dummy tempo --;opc-action.ksh;Job;No;0;No;CTMSRV;OCPREL_E11REL_01;root;A_L_OEM02;A_L_OEM02;3okzf
OCPU;OCPREL_E11REL_01;OCPREL_E11REL_15_LIST_Q;"March 22, 2026";;;;Wait for Event;liste des OCPU sur la pre-production -- -mis en dummy tempo --;;Command;No;0;No;CTMSRV;OCPREL_E11REL_01;root;A_L_OEM02;A_L_OEM02;3okzd
OCPU;OCPREL_E11REL_01;OCPREL_E11REL_18_FLAG_Q;"March 22, 2026";;;;Wait for Event;relance des OCPU sur la pre-production;flags-opc.ksh;Dummy;No;0;No;CTMSRV;OCPREL_E11REL_01;ocpuflags;A_L_OEM02;A_L_OEM02;3okze
OCPU;OCPREL_E11REL_01;ORAREL_E11REL_12_TST_Q;"March 22, 2026";;;;Wait for Event;mail ::test des OCPU sur la PRE-prod gestion;opc-action.ksh;Job;No;0;No;CTMSRV;OCPREL_E11REL_01;root;A_L_OEM02;A_L_OEM02;3okzg
ORA-ORA;CDBDTR_K13SVG_01_Q;CDBDTR_K13SVG_01_ARCH_H;"March 22, 2026";"March 22, 2026 9:00:00 PM";"March 22, 2026 9:00:51 PM";;Ended OK;Sauvegarde EXACC : Backup archive  DTR;;Command;No;1;No;CTMSRV;CDBDTR_K13SVG_01_Q;oracle;ldkoemp02;A_L_OEM02;3om1v
ORA-ORA;CDBNRJ_K13SVG_01_Q;CDBNRJ_K13SVG_03_INC0_H;"March 22, 2026";"March 22, 2026 4:00:00 PM";"March 22, 2026 4:31:23 PM";;Ended OK;Sauvegarde EXACC : Backup Rman Full = inc0 ENERGY;;Command;No;1;No;CTMSRV;CDBNRJ_K13SVG_01_H;oracle;ldkoemp02;A_L_OEM02;3om2t
ORA-ORA;CDBPFE_K13SVG_01_Q;CDBPFE_K13SVG_03_INC0_H;"March 22, 2026";"March 22, 2026 5:00:00 PM";"March 22, 2026 5:11:54 PM";;Ended OK;Sauvegarde EXACC : backup Rman inc0 full hebdo;;Command;No;1;No;CTMSRV;CDBPFE_K13SVG_01_Q;oracle;ldkoemp02;A_L_OEM02;3okj5
ORA-ORA;CDBSSO_K13SVG_01_Q;CDBSSO_K13SVG_03_INC0_H;"March 22, 2026";"March 22, 2026 5:30:00 PM";"March 22, 2026 5:31:12 PM";;Ended OK;Sauvegarde EXACC : backup Rman inc0 full hebdo;;Command;No;1;No;CTMSRV;CDBSSO_K13SVG_01_Q1;oracle;ldkoemp02;A_L_OEM02;3ol98
PKI-PKI;CRTPKI_J11TRT_04_Q;CRTPKI_J11_TRT_04_PRT_Q;"March 22, 2026";"March 23, 2026 8:06:00 AM";;;Executing;script sofrel ::Sofrel.ps1;"powershell -command ""Sofrel.ps1""";Command;No;98;Yes;CTMSRV;CRTPKI_J11TRT_04_Q;WDKCRTSFP01\NETWORK SERVICE;wdkcrtsfp01;A_W_CRTSF01;3okod
PKI-PKI;PKICRT_E12REB_XX_H;PKICRT_E12REB_SF_CTL01_H;"March 22, 2026";"March 22, 2026 2:02:11 PM";"March 22, 2026 2:02:16 PM";;Ended OK;SOFREL CRT : Check reboot du serveur WDKCRSFP01;CRT_REBOOT_CHECK_ADx01;Command;No;1;No;CTMSRV;PKICRT_E12REB_XX_H;crtuser;wdkcrtsfp01;A_W_CRTSF01;3okbb
PKI-PKI;PKICRT_E12REB_XX_H;PKICRT_E12REB_SF_REB01_H;"March 22, 2026";"March 22, 2026 2:00:03 PM";"March 22, 2026 2:00:08 PM";;Ended OK;SOFREL CRT : REBOOT du serveur WDKCRTSFP01;;Command;No;1;No;CTMSRV;PKICRT_E12REB_XX_H;crtprd\crtuser;wdkcrtsfp01;A_W_CRTSF01;3okbf
PKI-PKI;PKICRT_E12REB_XX_H;PKICRT_E12REB_SF_WAI01_H;"March 22, 2026";"March 22, 2026 2:00:08 PM";"March 22, 2026 2:02:10 PM";;Ended OK;SOFREL CRT : WAIT REBOOT du serveur AD WDKCRTSFP01;CTM_REBOOT_WAIT_ADx01;Command;No;1;No;CTMSRV;PKICRT_E12REB_XX_H;root;ldkctmp50;SRV_PRIMAIRE;3okbc
PKI-PKI;PKICRT_E12REB_XX_H;PKICRT_E12REB_SF_XX_MEL01_H;"March 22, 2026";"March 22, 2026 2:00:01 PM";"March 22, 2026 2:00:03 PM";;Ended OK;Jalon Démarrage Plan de Maintenance SOFREL-PKI  :: CRT  Notification Mail;Notification_Plan_Maintenance_test.ksh;Job;No;1;No;CTMSRV;PKICRT_E12REB_XX_H;root;ldkctmp50;SRV_PRIMAIRE;3okbe
PKI-PKI;PKICRT_E12REB_XX_H;PKICRT_E12REB_SF_XX_MEL02_H;"March 22, 2026";"March 22, 2026 2:02:17 PM";"March 22, 2026 2:02:18 PM";;Ended OK;Jalon FIN Plan de Maintenance  Sofrel -  PKI CRT- Notification Mail;Notification_Plan_Maintenance_test.ksh;Job;No;1;No;CTMSRV;PKICRT_E12REB_XX_H;root;ldkctmp50;SRV_PRIMAIRE;3okbd
PKI-PKI;PKICRT_E12REB_XX_H;PKICRT_E12REB_XX_H;"March 22, 2026";"March 22, 2026 2:00:00 PM";"March 22, 2026 2:02:18 PM";;Ended OK;Plan de Maintenance des  serveur PKI  WDKCRTSFE01;;SMART Table;No;1;No;CTMSRV;PKICRT_E12REB_XX_H;crtuser;ldkctmp50;;3okba
PKI-PKI;PKICRT_J11TRT_04_Q;PKICRT_J11TRT_04_Q;"March 22, 2026";"March 22, 2026 1:30:09 PM";"March 23, 2026 1:02:20 AM";;Ended OK;;;SMART Table;No;1;No;CTMSRV;PKICRT_J11TRT_04_Q;;ldkctmp50;;3olp8
PKI-PKI;PKICRT_J11TRT_04_Q;PKICRT_J11_TRT_04_PRT_Q;"March 22, 2026";"March 23, 2026 1:00:00 AM";"March 23, 2026 1:02:19 AM";>;Ended OK;generation de la CRL;;Command;No;1;No;CTMSRV;PKICRT_J11TRT_04_Q;crtprd\pki-adm-srv;wdkcrtpkp10;A_W_CRTPK10;3olp9
PKI-PKI;PKIPKI_EXPLOI_04_Q;PKIPKI_EXPLOI_04_GEN01_Q;"March 22, 2026";"March 23, 2026 2:00:00 AM";"March 23, 2026 2:00:05 AM";;Ended OK;Génération de la CRL;certutil.exe;Command;No;1;No;CTMSRV;PKIPKI_EXPLOI_04_Q;svce_cm;wdkpkip10;A_W_PKI10;3olnu
PKI-PKI;PKIPKI_EXPLOI_04_Q;PKIPKI_EXPLOI_04_GEN02_Q;"March 22, 2026";"March 23, 2026 6:00:00 AM";"March 23, 2026 6:00:04 AM";;Ended OK;Rapports de la validité des certificats;certificats_ADCS.ps1;Command;No;1;No;CTMSRV;PKIPKI_EXPLOI_04_Q;svce_cm;wdkpkip10;A_W_PKI10;3olnx
PKI-PKI;PKIPKI_EXPLOI_04_Q;PKIPKI_EXPLOI_04_MDB01_Q;"March 22, 2026";"March 23, 2026 5:00:00 AM";"March 23, 2026 5:00:04 AM";;Ended OK;Maintenance de la Base de donnée;maintenance_DB.ps1;Command;No;1;No;CTMSRV;PKIPKI_EXPLOI_04_Q;svce_cm;wdkpkip10;A_W_PKI10;3olny
PKI-PKI;PKIPKI_EXPLOI_04_Q;PKIPKI_EXPLOI_04_PUR01_Q;"March 22, 2026";"March 23, 2026 4:00:00 AM";"March 23, 2026 4:00:04 AM";;Ended OK;Purge des sauvegardes de logs;Purge_des_fichiers_de_logs.ps1;Command;No;1;No;CTMSRV;PKIPKI_EXPLOI_04_Q;svce_cm;wdkpkip10;A_W_PKI10;3olnt
PKI-PKI;PKIPKI_EXPLOI_04_Q;PKIPKI_EXPLOI_04_Q;"March 22, 2026";"March 22, 2026 1:30:09 PM";"March 23, 2026 6:00:04 AM";;Ended Not OK;Traitement en interne pour l'application PKI avec reboot;;SMART Table;No;1;No;CTMSRV;PKIPKI_EXPLOI_04_Q;;ldkctmp50;;3olns
PKI-PKI;PKIPKI_EXPLOI_04_Q;PKIPKI_EXPLOI_04_REB01_Q;"March 22, 2026";"March 22, 2026 2:00:00 PM";"March 22, 2026 2:00:00 PM";;Ended OK;Reboot du serveur;;Dummy;No;1;No;CTMSRV;PKIPKI_EXPLOI_04_Q;svce_cm;;A_W_PKI10;3olnw
PKI-PKI;PKIPKI_EXPLOI_04_Q;PKIPKI_EXPLOI_04_SVG01_Q;"March 22, 2026";"March 23, 2026 2:00:00 AM";"March 23, 2026 2:00:05 AM";;Ended Not OK;Sauvegarde;Backup.ps1;Command;No;1;No;CTMSRV;PKIPKI_EXPLOI_04_Q;svce_cm;wdkpkip10;A_W_PKI10;3olnv
PKI-PKI;PKIPKI_K11SVG_03_Q;PKIPKI_K11SVG_03_Q;"March 22, 2026";"March 22, 2026 1:30:09 PM";"March 22, 2026 1:32:21 PM";;Ended OK;;;SMART Table;No;1;No;CTMSRV;PKIPKI_K11SVG_03_Q;;ldkctmp50;;3omb7
PKI-PKI;PKIPKI_K11SVG_03_Q;PKIPKI_K11SVG_03_SAV_Q;"March 22, 2026";"March 22, 2026 1:30:10 PM";"March 22, 2026 1:32:20 PM";0100;Ended OK;Backup de l'enviroment PKI;backup.cmd;Job;No;1;No;CTMSRV;PKIPKI_K11SVG_03_Q;crtprd\pki-adm-srv;wdkcrtpkp10;A_W_CRTPK10;3omb8
SI-GESTION;MAINTENANCE_OEM_GESTION;MAINTENANCE_OEM_GESTION;"March 22, 2026";"March 22, 2026 1:30:09 PM";"March 22, 2026 1:30:12 PM";;Ended OK;MAINTENANCE_OEM_GESTION;;SMART Table;No;1;No;CTMSRV;MAINTENANCE_OEM_GESTION;;;;3okyn
