Application;Group Name;Job Name;Odate;Start Time;End Time;Run Time;Status;Description;Member Name;Task Type;Deleted;Rerun Counter;Cyclic;CONTROL-M Name;Table;Run as User;Hostname;Nodegroup;Order id;
CEL-CELERIS;CELALA_J13INT_05_Q;CELALA_J13INT_05_IMP01_Q;"February 20, 2026";"February 20, 2026 7:30:00 PM";"February 20, 2026 7:30:16 PM";;Ended OK;CELERIS Integration des factures fournisseur ALADIN;lance_Traitement_Interne.bat;Job;No;3;Yes;CTMSRV;CELALA_J13INT_05_Q;svce_cm;wdkcelp12;A_W_CEL12;3ml9e
CEL-CELERIS;CELCEL_E11STP_01_Q;CELCEL_E11STP_01_ARR01_Q;"February 20, 2026";"February 20, 2026 7:00:00 PM";"February 20, 2026 7:00:05 PM";;Ended OK;CELERIS: STOP IIS (Front);Start_Stop_Celeris.bat;Job;No;1;No;CTMSRV;CELCEL_E11STP_01_Q;svce_cm;wdkcelp11;A_W_CEL11;3mlss
CEL-CELERIS;CELCEL_E11STP_01_Q;CELCEL_E11STP_01_ARR02_Q;"February 20, 2026";"February 20, 2026 7:00:05 PM";"February 20, 2026 7:00:46 PM";;Ended OK;CELERIS: STOP IIS (Back);Start_Stop_Celeris.bat;Job;No;1;No;CTMSRV;CELCEL_E11STP_01_Q;svce_cm;wdkcelp12;A_W_CEL12;3mlst
CEL-CELERIS;CELCEL_E11STR_02_Q;CELCEL_E11STR_02_DEM01_Q;"February 20, 2026";"February 21, 2026 6:00:00 AM";"February 21, 2026 6:00:05 AM";;Ended OK;CELERIS : START IIS (Front);Start_Stop_Celeris.bat;Job;No;1;No;CTMSRV;CELCEL_E11STR_02_Q;svce_cm;wdkcelp11;A_W_CEL11;3mlge
CEL-CELERIS;CELCEL_E11STR_02_Q;CELCEL_E11STR_02_DEM02_Q;"February 20, 2026";"February 20, 2026 7:15:00 PM";"February 20, 2026 7:15:05 PM";;Ended OK;CELERIS : START IIS (Back);Start_Stop_Celeris.bat;Job;No;1;No;CTMSRV;CELCEL_E11STR_02_Q;svce_cm;wdkcelp12;A_W_CEL12;3mlgf
CEL-CELERIS;CELCEL_E11TEC_04_Q;CELCEL_E11TEC_04_FIN01_Q;"February 20, 2026";"February 20, 2026 8:50:57 PM";"February 20, 2026 8:50:57 PM";;Ended OK;CELERIS Fin des traitements batch;;Dummy;No;1;No;CTMSRV;CELCEL_E11TEC_04_Q;svce_cm;;;3mmbv
CEL-CELERIS;CELCEL_F10TRT_04_Q;CELCEL_F10TRT_04_Q;"February 20, 2026";"February 20, 2026 1:30:13 PM";;;Executing;CELERIS : Rejeu de l'intégration des TF;;SMART Table;No;1;No;CTMSRV;CELCEL_F10TRT_04_Q;;;;3mlx3
CEL-CELERIS;CELCEL_F10TRT_04_Q;CELCEL_F10TRT_04_WRK01_Q;"February 20, 2026";"February 20, 2026 3:36:00 PM";"February 20, 2026 3:42:13 PM";1630;Wait for Event;CELERIS : Rejeu de l'intégration des TF;RejeuEai.bat;Job;No;2;Yes;CTMSRV;CELCEL_F10TRT_04_Q;svce_cm;wdkcelp12;A_W_CEL12;3mlx4
CEL-CELERIS;CELCEL_F10TRT_04_Q;CELCEL_F10TRT_04_WRK01_Q;"February 20, 2026";"February 21, 2026 7:00:00 AM";"February 21, 2026 7:05:12 AM";1125;Wait for Event;CELERIS : Rejeu de l'intégration des TF;RejeuEai.bat;Job;No;1;Yes;CTMSRV;CELCEL_F10TRT_04_Q;svce_cm;wdkcelp12;A_W_CEL12;3mlx5
CEL-CELERIS;CELCEL_J11INT_05_Q;CELCEL_J11INT_05_LIM01_Q;"February 20, 2026";"February 20, 2026 9:15:00 PM";"February 20, 2026 9:15:00 PM";;Ended OK;CELERIS : limitation horaire 21h15;;Dummy;No;1;No;CTMSRV;CELCEL_J11INT_05_Q;DUMMYUSR;;;3mkqr
CEL-CELERIS;CELCEL_J11INT_05_Q;CELCEL_J11INT_05_MOV01_Q;"February 20, 2026";"February 20, 2026 8:03:22 PM";"February 20, 2026 8:03:27 PM";;Ended OK;CELERIS : Copie Factures dematerialisees sur CELERIS depuis PFE;MOV_Generique_DKA.bat;Job;No;1;No;CTMSRV;CELCEL_J11INT_05_Q;svce_cm;wdkcelp12;A_W_CEL12;3mkqo
CEL-CELERIS;CELCEL_J11INT_05_Q;CELCEL_J11INT_05_WRK01_Q;"February 20, 2026";"February 20, 2026 8:03:33 PM";"February 20, 2026 8:07:44 PM";;Ended OK;CELERIS : integration facture dematerialisees;lance_Traitement_Interne.bat;Job;No;1;No;CTMSRV;CELCEL_J11INT_05_Q;svce_cm;wdkcelp12;A_W_CEL12;3mkqq
CEL-CELERIS;CELCEL_J11INT_05_Q;CELCEL_J11INT_05_ZIP01_Q;"February 20, 2026";"February 20, 2026 8:03:28 PM";"February 20, 2026 8:03:32 PM";;Ended OK;CELERIS : Decompression facture dematerialisees;DZIP_ARC_CEL_V2.bat;Job;No;1;No;CTMSRV;CELCEL_J11INT_05_Q;svce_cm;wdkcelp12;A_W_CEL12;3mkqp
CEL-CELERIS;CELCEL_J11TRT_04_Q;CELCEL_J11TRT_04_WRK01_Q;"February 20, 2026";"February 20, 2026 8:26:43 PM";"February 20, 2026 8:26:52 PM";;Ended OK;CELERIS Basculement de cycle des factures;lance_Traitement_Interne.bat;Job;No;1;No;CTMSRV;CELCEL_J11TRT_04_Q;svce_cm;wdkcelp12;A_W_CEL12;3mkv2
CEL-CELERIS;CELCEL_J12TRT_04_Q;CELCEL_J12TRT_04_CAL01_Q;"February 20, 2026";"February 20, 2026 8:26:53 PM";"February 20, 2026 8:49:09 PM";;Ended OK;CELERIS Calcul des factures;lance_Traitement_Interne.bat;Job;No;1;No;CTMSRV;CELCEL_J12TRT_04_Q;svce_cm;wdkcelp12;A_W_CEL12;3mkzn
CEL-CELERIS;CELCEL_J13TRT_04_Q;CELCEL_J13TRT_04_WRK01_Q;"February 20, 2026";"February 20, 2026 8:26:35 PM";"February 20, 2026 8:26:43 PM";;Ended OK;CELERIS Prolongation des contrats;lance_Traitement_Interne.bat;Job;No;1;No;CTMSRV;CELCEL_J13TRT_04_Q;svce_cm;wdkcelp12;A_W_CEL12;3mkb1
CEL-CELERIS;CELCEL_J14TRT_04_Q;CELCEL_J14TRT_04_WRK01_Q;"February 20, 2026";"February 20, 2026 8:26:33 PM";"February 20, 2026 8:26:35 PM";;Ended OK;CELERIS Mise a jour des compteurs;lance_Traitement_Interne.bat;Job;No;1;No;CTMSRV;CELCEL_J14TRT_04_Q;svce_cm;wdkcelp13;A_W_CEL13;3mkz7
CEL-CELERIS;CELCEL_J15TRT_04_Q;CELCEL_J15TRT_04_WRK01_Q;"February 20, 2026";"February 20, 2026 8:49:10 PM";"February 20, 2026 8:50:39 PM";;Ended OK;CELERIS Traitement des cycles facture;lance_Traitement_Interne.bat;Job;No;1;No;CTMSRV;CELCEL_J15TRT_04_Q;svce_cm;wdkcelp12;A_W_CEL12;3mm29
CEL-CELERIS;CELCEL_J17TRT_04_Q;CELCEL_J17TRT_04_WRK01_Q;"February 20, 2026";"February 21, 2026 7:00:00 AM";"February 21, 2026 7:00:38 AM";;Ended OK;CELERIS - EndNuitApplicative;EndNuitApplicative.bat;Job;No;1;No;CTMSRV;CELCEL_J17TRT_04_Q;svce_cm;wdkcelp12;A_W_CEL12;3mksu
CEL-CELERIS;CELCID_J11GEN_06_Q;CELCID_J11GEN_06_EXP01_Q;"February 20, 2026";"February 20, 2026 8:08:34 PM";"February 20, 2026 8:08:55 PM";;Ended OK;Génération du fichier de refacturation (CEL01_SRC_ERF_*);ExportRefacturationCelCid.bat;Job;No;1;No;CTMSRV;CELCID_J11GEN_06_Q;svce_cm;wdkcelp12;A_W_CEL12;3mlm0
CEL-CELERIS;CELCID_J11GEN_06_Q;CELCID_J11GEN_06_MOV01_Q;"February 20, 2026";"February 20, 2026 8:08:56 PM";"February 20, 2026 8:08:58 PM";;Ended OK;CELERIS : Déplacement du fichier de refacturation vers la PFE;MOV_Generique_DKA.bat;Job;No;1;No;CTMSRV;CELCID_J11GEN_06_Q;svce_cm;wdkcelp12;A_W_CEL12;3mlm1
CEL-CELERIS;CELCID_J11GEN_06_Q;CELCID_J11GEN_06_Q;"February 20, 2026";"February 20, 2026 1:30:12 PM";"February 20, 2026 8:08:58 PM";;Ended OK;Génération et déplacement du fichier de refacturation;;SMART Table;No;1;No;CTMSRV;CELCID_J11GEN_06_Q;;ldkctmp50;;3mllz
CEL-CELERIS;CELCID_J11INT_05_Q;CELCID_J11INT_05_IMP01_Q;"February 20, 2026";"February 20, 2026 8:13:08 PM";"February 20, 2026 8:26:18 PM";2310;Ended OK;CELERIS Integration des donnees du fichier du referentiel partage CID;lance_Traitement_Interne.bat;Job;No;1;No;CTMSRV;CELCID_J11INT_05_Q;svce_cm;wdkcelp12;A_W_CEL12;3mm0p
CEL-CELERIS;CELCID_J11INT_05_Q;CELCID_J11INT_05_LIM01_Q;"February 20, 2026";"February 20, 2026 11:15:00 PM";"February 20, 2026 11:15:00 PM";;Ended OK;CELERIS Limite horaire Integration des donnees du fichier du referentiel partage CID;;Dummy;No;1;No;CTMSRV;CELCID_J11INT_05_Q;svce_cm;;A_W_CEL12;3mm0q
CEL-CELERIS;CELCID_J12INT_05_Q;CELCID_J12INT_05_IMP01_Q;"February 20, 2026";"February 20, 2026 8:13:00 PM";"February 20, 2026 8:13:08 PM";2250;Ended OK;CELERIS Integration des liens PCECompteurs en provenance de CID;lance_Traitement_Interne.bat;Job;No;1;No;CTMSRV;CELCID_J12INT_05_Q;svce_cm;wdkcelp12;A_W_CEL12;3mlpc
CEL-CELERIS;CELCID_J12INT_05_Q;CELCID_J12INT_05_LIM01_Q;"February 20, 2026";"February 20, 2026 11:05:00 PM";"February 20, 2026 11:05:00 PM";;Ended OK;CELERIS Limite horaire Integration des liens PCECompteurs en provenance de CID;;Dummy;No;1;No;CTMSRV;CELCID_J12INT_05_Q;svce_cm;;A_W_CEL12;3mlpd
CEL-CELERIS;CELCRT_J11INT_05_Q;CELCRT_J11INT_05_IMP01_Q;"February 20, 2026";"February 20, 2026 9:03:38 PM";"February 20, 2026 9:03:53 PM";0000;Ended OK;CELERIS Integration des donnees du fichier des releves compteur CRT;lance_Traitement_Interne.bat;Job;No;1;No;CTMSRV;CELCRT_J11INT_05_Q;svce_cm;wdkcelp13;A_W_CEL13;3mlav
CEL-CELERIS;CELCRT_J11INT_05_Q;CELCRT_J11INT_05_LIM01_Q;"February 20, 2026";"February 21, 2026 12:10:00 AM";"February 21, 2026 12:10:00 AM";;Ended OK;CELERIS Limite horaire Integration des donnees du fichier des releves compteur CRT;;Dummy;No;1;No;CTMSRV;CELCRT_J11INT_05_Q;svce_cm;;A_W_CEL13;3mlaw
CEL-CELERIS;CELNRJ_J11GEN_06_Q;CELNRJ_J11GEN_06_EXP01_Q;"February 20, 2026";"February 20, 2026 8:50:40 PM";"February 20, 2026 8:50:56 PM";;Ended OK;CELERIS Export des liens PTA PCS;lance_Traitement_Interne.bat;Job;No;1;No;CTMSRV;CELNRJ_J11GEN_06_Q;svce_cm;wdkcelp12;A_W_CEL12;3mku7
CEL-CELERIS;CELNRJ_J16INT_05_Q;CELNRJ_J16INT_05_FW01_Q;"February 20, 2026";"February 20, 2026 7:00:00 PM";"February 20, 2026 7:00:08 PM";;Ended OK;CELERIS : Scrutation du fichier PATRIMOINEENERGY_*.xml de la PFE au serveur CELERIS;FileWatcher.bat;Job;No;1;No;CTMSRV;CELNRJ_J16INT_05_Q;svce_cm;wdkcelp13;A_W_CEL13;3mm4h
CEL-CELERIS;CELNRJ_J16INT_05_Q;CELNRJ_J16INT_05_FW02_Q;"February 20, 2026";"February 20, 2026 7:00:00 PM";"February 20, 2026 7:01:06 PM";;Ended OK;CELERIS : Scrutation du fichier PATRIMOINEENERGY_*.xml  de la PFE au serveur CELERIS;FileWatcher.bat;Job;No;1;No;CTMSRV;CELNRJ_J16INT_05_Q;svce_cm;wdkcelp13;A_W_CEL13;3mm4k
CEL-CELERIS;CELNRJ_J16INT_05_Q;CELNRJ_J16INT_05_FW03_Q;"February 20, 2026";"February 20, 2026 7:00:00 PM";"February 20, 2026 7:00:07 PM";;Ended OK;CELERIS : Scrutation du fichier EVENEMENTSENERGY_*.xml de la PFE au serveur CELERIS;FileWatcher.bat;Job;No;1;No;CTMSRV;CELNRJ_J16INT_05_Q;svce_cm;wdkcelp13;A_W_CEL13;3mm4j
CEL-CELERIS;CELNRJ_J16INT_05_Q;CELNRJ_J16INT_05_FW04_Q;"February 20, 2026";"February 20, 2026 7:00:00 PM";"February 20, 2026 7:01:06 PM";;Ended OK;CELERIS : Scrutation du fichier EVENEMENTSENERGY_*.xml de la PFE au serveur CELERIS;FileWatcher.bat;Job;No;1;No;CTMSRV;CELNRJ_J16INT_05_Q;svce_cm;wdkcelp13;A_W_CEL13;3mm4i
CEL-CELERIS;CELNRJ_J16INT_05_Q;CELNRJ_J16INT_05_IMP01_Q;"February 20, 2026";"February 20, 2026 7:30:00 PM";"February 20, 2026 7:41:37 PM";;Ended OK;CELERIS : Intégration du fichier PATRIMOINEENERGY dans CELERIS;lance_Traitement_Interne.bat;Job;No;1;No;CTMSRV;CELNRJ_J16INT_05_Q;svce_cm;wdkcelp13;A_W_CEL13;3mm4d
CEL-CELERIS;CELNRJ_J16INT_05_Q;CELNRJ_J16INT_05_IMP02_Q;"February 20, 2026";"February 20, 2026 8:30:00 PM";"February 20, 2026 11:12:54 PM";;Ended OK;CELERIS : Intégration du fichier EVENEMENTSENERGY dans CELERIS;lance_Traitement_Interne.bat;Job;No;1;No;CTMSRV;CELNRJ_J16INT_05_Q;svce_cm;wdkcelp13;A_W_CEL13;3mm4g
CEL-CELERIS;CELNRJ_J16INT_05_Q;CELNRJ_J16INT_05_MOV01_Q;"February 20, 2026";"February 20, 2026 7:00:08 PM";"February 20, 2026 7:00:21 PM";;Ended OK;CELERIS : Deplacement du fichier PATRIMOINEENERGY_*.xml depuis le NAS EDF;MOV_Multi_Generique_DKA.bat;Job;No;1;No;CTMSRV;CELNRJ_J16INT_05_Q;svce_cm;wdkcelp13;A_W_CEL13;3mm4e
CEL-CELERIS;CELNRJ_J16INT_05_Q;CELNRJ_J16INT_05_MOV02_Q;"February 20, 2026";"February 20, 2026 7:00:07 PM";"February 20, 2026 7:00:11 PM";;Ended OK;CELERIS : Deplacement du fichier EVENEMENTSENERGY_*.xml depuis le NAS EDF;MOV_Multi_Generique_DKA.bat;Job;No;1;No;CTMSRV;CELNRJ_J16INT_05_Q;svce_cm;wdkcelp13;A_W_CEL13;3mm4f
CEL-CELERIS;CELNRJ_J16INT_05_Q;CELNRJ_J16INT_05_Q;"February 20, 2026";"February 20, 2026 7:00:00 PM";"February 20, 2026 11:12:55 PM";;Ended OK;SEE CEL01: Gestion des flux PATRIMOINEENERGY et EVENEMENTSENERGY;;SMART Table;No;1;No;CTMSRV;CELNRJ_J16INT_05_Q;;ldkctmp50;;3mm4c
CEL-CELERIS;CELOAF_J11GEN_06_Q;CELOAF_J11GEN_06_EXP01_Q;"February 20, 2026";"February 20, 2026 8:07:45 PM";"February 20, 2026 8:08:27 PM";;Ended OK;CELERIS Export des ecritures comptables AP et GL;lance_Traitement_Interne.bat;Job;No;1;No;CTMSRV;CELOAF_J11GEN_06_Q;svce_cm;wdkcelp12;A_W_CEL12;3mmmm
CEL-CELERIS;CELOAF_J11GEN_06_Q;CELOAF_J11GEN_06_MOV01_Q;"February 20, 2026";"February 20, 2026 8:08:28 PM";"February 20, 2026 8:08:31 PM";;Ended OK;CELERIS : Deplacement des fichiers donnees Ecritures AP vers EAI;MOV_Generique_DKA.bat;Job;No;1;No;CTMSRV;CELOAF_J11GEN_06_Q;svce_cm;wdkcelp12;A_W_CEL12;3mmmn
CEL-CELERIS;CELOAF_J11GEN_06_Q;CELOAF_J11GEN_06_MOV02_Q;"February 20, 2026";"February 20, 2026 8:08:32 PM";"February 20, 2026 8:08:33 PM";;Ended OK;CELERIS : Deplacement des fichiers controle Ecritures AP vers EAI;MOV_Generique_DKA.bat;Job;No;1;No;CTMSRV;CELOAF_J11GEN_06_Q;svce_cm;wdkcelp12;A_W_CEL12;3mmmo
CEL-CELERIS;CELOAF_J12INT_05_Q;CELOAF_J12INT_05_IMP01_Q;"February 20, 2026";"February 20, 2026 8:26:25 PM";"February 20, 2026 8:26:32 PM";0000;Ended OK;CELERIS Integration des donnees du fichier des fournisseurs;lance_Traitement_Interne.bat;Job;No;1;No;CTMSRV;CELOAF_J12INT_05_Q;svce_cm;wdkcelp13;A_W_CEL13;3mkea
CEL-CELERIS;CELOAF_J12INT_05_Q;CELOAF_J12INT_05_LIM01_Q;"February 20, 2026";"February 21, 2026 12:10:00 AM";"February 21, 2026 12:10:00 AM";;Ended OK;CELERIS Limite horaire Integration des donnees du fichier des fournisseurs;;Dummy;No;1;No;CTMSRV;CELOAF_J12INT_05_Q;svce_cm;;A_W_CEL12;3mkeb
CEL-CELERIS;CELOAF_J12INT_05_Q;CELOAF_J12INT_05_MOV01_Q;"February 20, 2026";"February 20, 2026 8:26:19 PM";"February 20, 2026 8:26:24 PM";;Ended OK;CELERIS : Deplacement du fichier fournisseur de l'EAI vers repertoire donnees entrantes;MOV_Generique_DKA.bat;Job;No;1;No;CTMSRV;CELOAF_J12INT_05_Q;svce_cm;wdkcelp13;A_W_CEL13;3mkec
CEL-CELERIS;CELXXX_J11GEN_06_Q;CELXXX_J11GEN_06_MOV01_Q;"February 20, 2026";"February 20, 2026 8:08:44 PM";"February 20, 2026 8:08:48 PM";;Ended OK;CELERIS : Deplacement dU fichier ALADIN vers PFE;MOV_Generique_DKA.bat;Job;No;1;No;CTMSRV;CELXXX_J11GEN_06_Q;svce_cm;wdkcelp12;A_W_CEL12;3mlyt
CEL-CELERIS;CELXXX_J11GEN_06_Q;CELXXX_J11GEN_06_Q;"February 20, 2026";"February 20, 2026 1:30:13 PM";"February 20, 2026 8:08:48 PM";;Ended OK;;;SMART Table;No;1;No;CTMSRV;CELXXX_J11GEN_06_Q;;ldkctmp50;;3mlyr
CEL-CELERIS;CELXXX_J11GEN_06_Q;CELXXX_J11GEN_06_ZIP01_Q;"February 20, 2026";"February 20, 2026 8:08:34 PM";"February 20, 2026 8:08:43 PM";;Ended OK;compression des fichiers TIF et PDF dans aladin-tif.zip;ZIP_ALA_FACT.bat;Job;No;1;No;CTMSRV;CELXXX_J11GEN_06_Q;svce_cm;wdkcelp12;A_W_CEL12;3mlys
CID-CONTRACTUAL INVO;CIDCEL_F11GEN_06_Q;CIDCEL_F11GEN_06_EXP01_Q;"February 20, 2026";"February 20, 2026 8:00:00 PM";"February 20, 2026 8:08:35 PM";;Ended OK;CID Export donnees du referentiel partage CID vers CELERIS;lance_Traitement_Interne.bat;Job;No;1;No;CTMSRV;CIDCEL_F11GEN_06_Q;svce_cm;wdkcidp12;A_W_CID12;3mm7g
CID-CONTRACTUAL INVO;CIDCEL_F11GEN_06_Q;CIDCEL_F11GEN_06_MOV01_Q;"February 20, 2026";"February 20, 2026 8:08:36 PM";"February 20, 2026 8:08:38 PM";;Ended OK;Move du fichier depuis le repertoire CID vers PFE;MOVE_IN_TO_OUT.bat;Job;No;1;No;CTMSRV;CIDCEL_F11GEN_06_Q;svce_cm;wdkcidp12;A_W_CID12;3mm7h
CID-CONTRACTUAL INVO;CIDCEL_F11INT_05_Q;CIDCEL_F11INT_05_INT01_Q;"February 20, 2026";"February 20, 2026 8:18:02 PM";"February 20, 2026 8:37:05 PM";;Ended OK;CONTRACTUAL INVO : Intégration du fichier de refacturation;ImportRefacturationCelCid.bat;Job;No;1;No;CTMSRV;CIDCEL_F11INT_05_Q;svce_cm;wdkcidp12;A_W_CID12;3mknu
CID-CONTRACTUAL INVO;CIDCEL_F11INT_05_Q;CIDCEL_F11INT_05_MOV01_Q;"February 20, 2026";"February 20, 2026 8:18:00 PM";"February 20, 2026 8:18:02 PM";;Ended OK;CID : Déplacement du fichier de refacturation : PFE > CID;MOV_Generique_DKA.bat;Job;No;1;No;CTMSRV;CIDCEL_F11INT_05_Q;svce_cm;wdkcidp12;A_W_CID12;3mknv
CID-CONTRACTUAL INVO;CIDCEL_F11INT_05_Q;CIDCEL_F11INT_05_Q;"February 20, 2026";"February 20, 2026 1:30:12 PM";"February 20, 2026 8:37:05 PM";;Ended OK;Déplacement du fichier de refacturation vers CID;;SMART Table;No;1;No;CTMSRV;CIDCEL_F11INT_05_Q;;ldkctmp50;;3mknt
CID-CONTRACTUAL INVO;CIDCEL_J11GEN_06_Q;CIDCEL_J11GEN_06_EXP01_Q;"February 20, 2026";"February 20, 2026 8:08:38 PM";"February 20, 2026 8:08:48 PM";;Ended OK;CID Generation du fichier PCE Compteur vers CELERIS;lance_Traitement_Interne.bat;Job;No;1;No;CTMSRV;CIDCEL_J11GEN_06_Q;svce_cm;wdkcidp12;A_W_CID12;3mku1
CID-CONTRACTUAL INVO;CIDCEL_J11GEN_06_Q;CIDCEL_J11GEN_06_MOV01_Q;"February 20, 2026";"February 20, 2026 8:08:49 PM";"February 20, 2026 8:08:51 PM";;Ended OK;CID Deplacement du fichier PCECompteur vers PFE;MOVE_IN_TO_OUT.bat;Job;No;1;No;CTMSRV;CIDCEL_J11GEN_06_Q;svce_cm;wdkcidp12;A_W_CID12;3mku2
CID-CONTRACTUAL INVO;CIDCID_E11STP_01_Q;CIDCID_E11STP_01_ATP01_Q;"February 20, 2026";"February 20, 2026 7:00:00 PM";"February 20, 2026 7:00:11 PM";;Ended OK;Arret de l'application CID sur WDKCIDP11;start_stop_appli_CID.bat;Job;No;1;No;CTMSRV;CIDCID_E11STP_01_Q;svce_cm;wdkcidp11;A_W_CID11;3mlxo
CID-CONTRACTUAL INVO;CIDCID_E11STR_02_Q;CIDCID_E11STR_02_DTP01_Q;"February 20, 2026";"February 21, 2026 6:00:00 AM";"February 21, 2026 6:00:05 AM";;Ended OK;Demarrage de l'application CID sur WDKCIDP11;start_stop_appli_CID.bat;Job;No;1;No;CTMSRV;CIDCID_E11STR_02_Q;svce_cm;wdkcidp11;A_W_CID11;3mmlc
CID-CONTRACTUAL INVO;CIDCID_F11TEC_04_Q;CIDCID_F11TEC_04_DEB01_Q;"February 20, 2026";"February 20, 2026 7:00:00 PM";"February 20, 2026 7:00:00 PM";;Ended OK;Jalon de demarrage de la production CID;CID_PROD_START_ALL_001J;Dummy;No;1;No;CTMSRV;CIDCID_F11TEC_04_Q;svce_cm;;;3mlpv
CID-CONTRACTUAL INVO;CIDCID_F11TEC_04_Q;CIDCID_F11TEC_04_FIN99_Q;"February 20, 2026";"February 21, 2026 3:08:06 AM";"February 21, 2026 3:08:06 AM";;Ended OK;Jalon de fin de la production CID;CID_PROD_END_ALL_001J;Dummy;No;1;No;CTMSRV;CIDCID_F11TEC_04_Q;svce_cm;;;3mlpu
CID-CONTRACTUAL INVO;CIDCID_F11TEC_04_Q;CIDCID_F11TEC_04_FJA97_Q;"February 20, 2026";"February 21, 2026 12:00:44 AM";"February 21, 2026 12:00:44 AM";;Ended OK;G1 G2 G3  fin des interfaces ENTRANTES;CIDFIN_INT_ENTRANT;Dummy;No;1;No;CTMSRV;CIDCID_F11TEC_04_Q;svce_cm;;A_W_CID13;3mlpx
CID-CONTRACTUAL INVO;CIDCID_F11TEC_04_Q;CIDCID_F11TEC_04_FJA98_Q;"February 20, 2026";"February 21, 2026 1:26:11 AM";"February 21, 2026 1:26:11 AM";;Ended OK;G5 fin des traitements INTERNE;FIN_TRT_INTERNE;Dummy;No;1;No;CTMSRV;CIDCID_F11TEC_04_Q;svce_cm;;A_W_CID13;3mlpz
CID-CONTRACTUAL INVO;CIDCID_F11TEC_04_Q;CIDCID_F11TEC_04_FJA99_Q;"February 20, 2026";"February 21, 2026 3:08:05 AM";"February 21, 2026 3:08:05 AM";;Ended OK;G4 G6 G8 G9 fin des interfaces SORTANTES;CIDFIN_INT_SORTANT;Dummy;No;1;No;CTMSRV;CIDCID_F11TEC_04_Q;svce_cm;;A_W_CID13;3mlpy
CID-CONTRACTUAL INVO;CIDCID_F11TEC_04_Q;CIDCID_F11TEC_04_SC001_Q;"February 20, 2026";"February 20, 2026 3:00:00 PM";"February 20, 2026 3:00:00 PM";;Ended OK;"CID ; TEST PRESENCE COND SC_WCID107_OK";SC_WCID107_OK;Dummy;No;1;No;CTMSRV;CIDCID_F11TEC_04_Q;root;;;3mlpw
CID-CONTRACTUAL INVO;CIDCID_F12TRT_04_Q;CIDCID_F12TRT_04_CAL01_Q;"February 20, 2026";"February 21, 2026 12:00:45 AM";"February 21, 2026 12:13:03 AM";;Ended OK;G5 calcul type affiné;lance_Traitement_Interne.bat;Job;No;1;No;CTMSRV;CIDCID_F12TRT_04_Q;svce_cm;wdkcidp12;A_W_CID12;3mmay
CID-CONTRACTUAL INVO;CIDCID_F13TRT_04_Q;CIDCID_F13TRT_04_WRK01_Q;"February 20, 2026";"February 21, 2026 12:00:45 AM";"February 21, 2026 12:00:57 AM";;Ended OK;G5 raj et substitution indices;lance_Traitement_Interne.bat;Job;No;1;No;CTMSRV;CIDCID_F13TRT_04_Q;svce_cm;wdkcidp12;A_W_CID12;3mkl7
CID-CONTRACTUAL INVO;CIDCID_F14TRT_04_Q;CIDCID_F14TRT_04_CAL01_Q;"February 20, 2026";"February 21, 2026 12:13:03 AM";"February 21, 2026 12:16:26 AM";;Ended OK;G5  calcul des factures regie Negoces;lance_Traitement_Interne.bat;Job;No;1;No;CTMSRV;CIDCID_F14TRT_04_Q;svce_cm;wdkcidp12;A_W_CID12;3mkn3
CID-CONTRACTUAL INVO;CIDCID_F14TRT_04_Q;CIDCID_F14TRT_04_Q;"February 20, 2026";"February 20, 2026 1:30:13 PM";"February 21, 2026 12:16:26 AM";;Ended OK;;;SMART Table;No;1;No;CTMSRV;CIDCID_F14TRT_04_Q;;ldkctmp50;;3mkn2
CID-CONTRACTUAL INVO;CIDCID_F15TRT_04_Q;CIDCID_F15TRT_04_CAL01_Q;"February 20, 2026";"February 21, 2026 12:48:05 AM";"February 21, 2026 1:23:58 AM";;Ended OK;G5 calcul des factures;lance_Traitement_Interne.bat;Job;No;1;No;CTMSRV;CIDCID_F15TRT_04_Q;svce_cm;wdkcidp12;A_W_CID12;3mlrv
CID-CONTRACTUAL INVO;CIDCID_F15TRT_04_Q;CIDCID_F15TRT_04_CAL02_Q;"February 20, 2026";"February 21, 2026 1:23:59 AM";"February 21, 2026 1:26:11 AM";;Ended OK;G5 calcul facture individuel;lance_Traitement_Interne.bat;Job;No;1;No;CTMSRV;CIDCID_F15TRT_04_Q;svce_cm;wdkcidp12;A_W_CID12;3mlrw
CID-CONTRACTUAL INVO;CIDCID_F15TRT_04_Q;CIDCID_F15TRT_04_CAL03_Q;"February 20, 2026";"February 21, 2026 1:26:11 AM";"February 21, 2026 1:26:20 AM";;Ended OK;G5 calcul des factures specifique;CalculFactureSpecifique.bat;Job;No;1;No;CTMSRV;CIDCID_F15TRT_04_Q;svce_cm;wdkcidp12;A_W_CID12;3mlrx
CID-CONTRACTUAL INVO;CIDCID_F18TRT_04_Q;CIDCID_F18TRT_04_WRK01_Q;"February 20, 2026";"February 20, 2026 7:15:00 PM";"February 20, 2026 7:27:28 PM";;Ended OK;G5 Relance Instance;lance_Traitement_Interne.bat;Job;No;1;No;CTMSRV;CIDCID_F18TRT_04_Q;svce_cm;wdkcidp12;A_W_CID12;3mlj9
CID-CONTRACTUAL INVO;CIDCID_F19TRT_04_H;CIDCID_F19TRT_04_WRK01_H;"February 20, 2026";"February 21, 2026 12:00:45 AM";"February 21, 2026 12:01:05 AM";;Ended OK;G5 proposition de relance;lance_Traitement_Interne.bat;Job;No;1;No;CTMSRV;CIDCID_F19TRT_04_H;svce_cm;wdkcidp12;A_W_CID12;3mmnw
CID-CONTRACTUAL INVO;CIDCID_F19TRT_04_Q;CIDCID_F19TRT_04_WRK01_Q;"February 20, 2026";"February 21, 2026 7:00:00 AM";"February 21, 2026 7:01:14 AM";;Ended OK;CID Reinitialise les donnees de la nuit applicative precedente;lance_Traitement_Interne.bat;Job;No;1;No;CTMSRV;CIDCID_F19TRT_04_Q;svce_cm;wdkcidp12;A_W_CID12;3mkd4
CID-CONTRACTUAL INVO;CIDCID_F20TRT_04_Q;CIDCID_F20TRT_04_WRK01_Q;"February 20, 2026";"February 20, 2026 5:31:00 PM";"February 20, 2026 5:31:50 PM";1812;Wait for Event;CID batch rejeu;RejeuEai.bat;Job;No;3;Yes;CTMSRV;CIDCID_F20TRT_04_Q;svce_cm;wdkcidp12;A_W_CID12;3ml34
CID-CONTRACTUAL INVO;CIDCID_F21TRT_04_H;CIDCID_F21TRT_04_CAL01_H;"February 20, 2026";"February 21, 2026 12:00:58 AM";"February 21, 2026 12:01:04 AM";;Ended OK;CID ::Calculer Simu Effet Prix;CalculerSimuEffetPrix.bat;Job;No;1;No;CTMSRV;CIDCID_F21TRT_04_H;svce_cm;wdkcidp12;A_W_CID12;3mmoj
CID-CONTRACTUAL INVO;CIDCID_F21TRT_04_H;CIDCID_F21TRT_04_EXT01_H;"February 20, 2026";"February 21, 2026 12:00:45 AM";"February 21, 2026 12:00:57 AM";;Ended OK;CID ::extraction Simu Effet Prix;ExtractionSimuEffetPrix.bat;Job;No;1;No;CTMSRV;CIDCID_F21TRT_04_H;svce_cm;wdkcidp12;A_W_CID12;3mmoi
CID-CONTRACTUAL INVO;CIDCID_F21TRT_04_H;CIDCID_F21TRT_04_H;"February 20, 2026";"February 20, 2026 1:30:13 PM";"February 21, 2026 12:01:04 AM";;Ended OK;CID ::Simu Effet Prix;;SMART Table;No;1;No;CTMSRV;CIDCID_F21TRT_04_H;;ldkctmp50;;3mmoh
CID-CONTRACTUAL INVO;CIDCID_F21TRT_04_Q;CIDCID_F21TRT_04_CAL01_Q;"February 20, 2026";"February 21, 2026 12:16:26 AM";"February 21, 2026 12:48:05 AM";;Ended OK;CID : Calcul Vente Forfaitaire;lance_Traitement_Interne.bat;Job;No;1;No;CTMSRV;CIDCID_F21TRT_04_Q;svce_cm;wdkcidp12;A_W_CID12;3mkx0
CID-CONTRACTUAL INVO;CIDCID_F21TRT_04_Q;CIDCID_F21TRT_04_Q;"February 20, 2026";"February 20, 2026 1:30:12 PM";"February 21, 2026 12:48:05 AM";;Ended OK;;;SMART Table;No;1;No;CTMSRV;CIDCID_F21TRT_04_Q;;ldkctmp50;;3mkwz
CID-CONTRACTUAL INVO;CIDCID_J11TRT_04_Q;CIDCID_J11TRT_04_Q;"February 20, 2026";"February 20, 2026 1:30:13 PM";"February 21, 2026 6:03:51 AM";;Ended OK;Traitement Indexation Meilisearch;;SMART Table;No;1;No;CTMSRV;CIDCID_J11TRT_04_Q;;ldkctmp50;;3mlwi
CID-CONTRACTUAL INVO;CIDCID_J11TRT_04_Q;CIDCID_J11TRT_04_WRK01_Q;"February 20, 2026";"February 21, 2026 6:00:05 AM";"February 21, 2026 6:03:50 AM";;Ended OK;Traitement Indexation Meilisearch;IndexationMeilisearch.bat;Job;No;1;No;CTMSRV;CIDCID_J11TRT_04_Q;svce_cm;wdkcidp12;A_W_CID12;3mlwj
CID-CONTRACTUAL INVO;CIDCID_K12SVG_03_Q;CIDCID_K12SVG_03_FWT01_Q;"February 20, 2026";"February 20, 2026 8:00:00 PM";"February 20, 2026 8:00:00 PM";;Ended OK;Controle dump log apres 20h sur wdkcidp03;test_fin_dump.bat;Dummy;No;1;No;CTMSRV;CIDCID_K12SVG_03_Q;svce_cm;;NOTEXIST;3mmde
CID-CONTRACTUAL INVO;CIDCID_K12SVG_03_Q;CIDCID_K12SVG_03_FWT02_Q;"February 20, 2026";"February 21, 2026 4:00:00 AM";"February 21, 2026 4:00:00 AM";;Ended OK;Controle dump log apres 04h sur wdkcidp03;test_fin_dump.bat;Dummy;No;1;No;CTMSRV;CIDCID_K12SVG_03_Q;svce_cm;;NOTEXIST;3mmdd
CID-CONTRACTUAL INVO;CIDCID_K12SVG_03_Q;CIDCID_K12SVG_03_NBU01_Q;"February 20, 2026";"February 21, 2026 5:00:00 AM";"February 21, 2026 5:00:00 AM";;Ended OK;Sauvegarde Incremental NBU du serveur WDKCIDP01;NetbackupRemoteCtm_Incr.ksh;Dummy;No;1;No;CTMSRV;CIDCID_K12SVG_03_Q;root;;NOTEXIST;3mmdf
CID-CONTRACTUAL INVO;CIDCID_K12SVG_03_Q;CIDCID_K12SVG_03_NBU02_Q;"February 20, 2026";"February 21, 2026 5:00:00 AM";"February 21, 2026 5:00:00 AM";;Ended OK;Sauvegarde Incremental NBU du serveur WDKCIDP02;NetbackupRemoteCtm_Incr.ksh;Dummy;No;1;No;CTMSRV;CIDCID_K12SVG_03_Q;root;;NOTEXIST;3mmdg
CID-CONTRACTUAL INVO;CIDCID_K12SVG_03_Q;CIDCID_K12SVG_03_NBU03_Q;"February 20, 2026";"February 21, 2026 8:00:00 AM";"February 21, 2026 8:00:00 AM";;Ended OK;Sauvegarde Incremental NBU du serveur WDKCIDP03;NetbackupRemoteCtm_Incr.ksh;Dummy;No;1;No;CTMSRV;CIDCID_K12SVG_03_Q;root;;NOTEXIST;3mmdh
CID-CONTRACTUAL INVO;CIDDTR_F11GEN_06_Q;CIDDTR_F11GEN_06_EXP01_Q;"February 20, 2026";"February 21, 2026 3:01:15 AM";"February 21, 2026 3:01:41 AM";;Ended OK;Genration fichier DTR_CONTRAT;Lance_INTERFACE.bat;Job;No;1;No;CTMSRV;CIDDTR_F11GEN_06_Q;svce_cm;wdkcidp13;A_W_CID13;3mmb3
CID-CONTRACTUAL INVO;CIDDTR_F11GEN_06_Q;CIDDTR_F11GEN_06_EXP02_Q;"February 20, 2026";"February 21, 2026 3:01:42 AM";"February 21, 2026 3:01:54 AM";;Ended OK;Generation du fichier DTR_SLP_VPR;Lance_INTERFACE.bat;Job;No;1;No;CTMSRV;CIDDTR_F11GEN_06_Q;svce_cm;wdkcidp13;A_W_CID13;3mmb4
CID-CONTRACTUAL INVO;CIDDTR_F11GEN_06_Q;CIDDTR_F11GEN_06_EXP03_Q;"February 20, 2026";"February 21, 2026 3:01:55 AM";"February 21, 2026 3:03:29 AM";;Ended OK;Generation fichier DTR_SLP_ATT;Lance_INTERFACE.bat;Job;No;1;No;CTMSRV;CIDDTR_F11GEN_06_Q;svce_cm;wdkcidp13;A_W_CID13;3mmb5
CID-CONTRACTUAL INVO;CIDDTR_F11GEN_06_Q;CIDDTR_F11GEN_06_EXP04_Q;"February 20, 2026";"February 21, 2026 3:03:30 AM";"February 21, 2026 3:04:08 AM";;Ended OK;Generation fichier DTR_SLP_IMP;Lance_INTERFACE.bat;Job;No;1;No;CTMSRV;CIDDTR_F11GEN_06_Q;svce_cm;wdkcidp13;A_W_CID13;3mmb6
CID-CONTRACTUAL INVO;CIDDTR_F11GEN_06_Q;CIDDTR_F11GEN_06_EXP05_Q;"February 20, 2026";"February 21, 2026 3:04:09 AM";"February 21, 2026 3:05:08 AM";;Ended OK;Generation fichier DTR_SLP_DT;Lance_INTERFACE.bat;Job;No;1;No;CTMSRV;CIDDTR_F11GEN_06_Q;svce_cm;wdkcidp13;A_W_CID13;3mmb7
CID-CONTRACTUAL INVO;CIDDTR_F11GEN_06_Q;CIDDTR_F11GEN_06_EXP06_Q;"February 20, 2026";"February 21, 2026 3:05:09 AM";"February 21, 2026 3:06:40 AM";;Ended OK;Generation fichier DTR_SLP_DR;Lance_INTERFACE.bat;Job;No;1;No;CTMSRV;CIDDTR_F11GEN_06_Q;svce_cm;wdkcidp13;A_W_CID13;3mmb8
CID-CONTRACTUAL INVO;CIDDTR_F11GEN_06_Q;CIDDTR_F11GEN_06_EXP07_Q;"February 20, 2026";"February 21, 2026 3:06:41 AM";"February 21, 2026 3:07:12 AM";;Ended OK;Generation fichier DTR_SLP_DA;Lance_INTERFACE.bat;Job;No;1;No;CTMSRV;CIDDTR_F11GEN_06_Q;svce_cm;wdkcidp13;A_W_CID13;3mmb9
CID-CONTRACTUAL INVO;CIDDTR_F11GEN_06_Q;CIDDTR_F11GEN_06_EXP08_Q;"February 20, 2026";"February 21, 2026 3:07:13 AM";"February 21, 2026 3:07:44 AM";;Ended OK;Generation fichier DTR_SLP_RFAC;Lance_INTERFACE.bat;Job;No;1;No;CTMSRV;CIDDTR_F11GEN_06_Q;svce_cm;wdkcidp13;A_W_CID13;3mmba
CID-CONTRACTUAL INVO;CIDDTR_F11GEN_06_Q;CIDDTR_F11GEN_06_EXP09_Q;"February 20, 2026";"February 21, 2026 3:07:45 AM";"February 21, 2026 3:07:53 AM";;Ended OK;Generation fichier DTR_COEF_BLOQUE;Lance_INTERFACE.bat;Job;No;1;No;CTMSRV;CIDDTR_F11GEN_06_Q;svce_cm;wdkcidp13;A_W_CID13;3mmbb
CID-CONTRACTUAL INVO;CIDDTR_F11GEN_06_Q;CIDDTR_F11GEN_06_EXP10_Q;"February 20, 2026";"February 21, 2026 3:07:54 AM";"February 21, 2026 3:08:04 AM";;Ended OK;Generation fichier DTR_VIN;Lance_INTERFACE.bat;Job;No;1;No;CTMSRV;CIDDTR_F11GEN_06_Q;svce_cm;wdkcidp13;A_W_CID13;3mmbc
CID-CONTRACTUAL INVO;CIDECO_F11INT_05_Q;CIDECO_F11INT_05_LIM01_Q;"February 20, 2026";"February 21, 2026 12:00:00 AM";"February 21, 2026 12:00:00 AM";;Ended OK;limite horaire 00H00 CID si pb A00ON  ECO;W512_LIMITCID0200;Dummy;No;1;No;CTMSRV;CIDECO_F11INT_05_Q;root;;;3mkas
CID-CONTRACTUAL INVO;CIDEXT_F11GEN_06_Q;CIDEXT_F11GEN_06_EXP01_Q;"February 20, 2026";"February 21, 2026 2:15:21 AM";"February 21, 2026 2:15:30 AM";;Ended OK;Prélèvement vers Next;Lance_INTERFACE.bat;Job;No;1;No;CTMSRV;CIDEXT_F11GEN_06_Q;svce_cm;wdkcidp13;A_W_CID13;3mkan
CID-CONTRACTUAL INVO;CIDEXT_F11GEN_06_Q;CIDEXT_F11GEN_06_Q;"February 20, 2026";"February 20, 2026 1:30:13 PM";"February 21, 2026 2:15:31 AM";;Ended OK;;;SMART Table;No;1;No;CTMSRV;CIDEXT_F11GEN_06_Q;;ldkctmp50;;3mkam
CID-CONTRACTUAL INVO;CIDEXT_F12FLX_07_Q;CIDEXT_F12FLX_07_FWT03_Q;"February 20, 2026";"February 21, 2026 1:26:11 AM";"February 21, 2026 1:32:45 AM";0700;Ended OK;Scrutation fichier pilote fact couleur  & generation du zip sur NAS PFE;nFW_Fac_DOCAPOST.bat;Job;No;1;Yes;CTMSRV;CIDEXT_F12FLX_07_Q;svce_cm;wdkcidp12;A_W_CID12;3mkcz
CID-CONTRACTUAL INVO;CIDEXT_F13FLX_07_Q;CIDEXT_F13FLX_07_ARC01_Q;"February 20, 2026";"February 21, 2026 1:30:18 AM";"February 21, 2026 1:30:19 AM";;Ended OK;Archiver les fichiers EDI;CIDEXT_F13FLX_07_ARC01_Q.bat;Job;No;1;No;CTMSRV;CIDEXT_F13FLX_07_Q;svce_cm;wdkcidp12;A_W_CID12;3mlp1
CID-CONTRACTUAL INVO;CIDEXT_F13FLX_07_Q;CIDEXT_F13FLX_07_FWT01_Q;"February 20, 2026";"February 20, 2026 10:45:26 PM";"February 21, 2026 1:28:59 AM";0700;Ended OK;Scrutation du fichier FLAG;CIDEXT_F13FLX_07_FWT01_Q.bat;Job;No;2;Yes;CTMSRV;CIDEXT_F13FLX_07_Q;svce_cm;wdkcidp12;A_W_CID12;3mloy
CID-CONTRACTUAL INVO;CIDEXT_F13FLX_07_Q;CIDEXT_F13FLX_07_MOV01_Q;"February 20, 2026";"February 21, 2026 1:30:13 AM";"February 21, 2026 1:30:17 AM";;Ended OK;Move de Factures_EDI_*.zip vers PFE;CIDEXT_F13FLX_07_MOV01_Q.bat;Job;No;1;No;CTMSRV;CIDEXT_F13FLX_07_Q;svce_cm;wdkcidp12;A_W_CID12;3mlp0
CID-CONTRACTUAL INVO;CIDEXT_F13FLX_07_Q;CIDEXT_F13FLX_07_PUR01_Q;"February 20, 2026";"February 21, 2026 1:30:20 AM";"February 21, 2026 1:32:26 AM";;Ended OK;Purge des fichiers EDI xml;CIDEXT_F13FLX_07_PUR01_Q.bat;Job;No;1;No;CTMSRV;CIDEXT_F13FLX_07_Q;svce_cm;wdkcidp12;A_W_CID12;3mlp2
CID-CONTRACTUAL INVO;CIDEXT_F13FLX_07_Q;CIDEXT_F13FLX_07_PUR02_Q;"February 20, 2026";"February 21, 2026 1:32:27 AM";"February 21, 2026 1:32:29 AM";;Ended OK;Purge des fichiers ZIP -15 jours;CIDEXT_F13FLX_07_PUR02_Q.bat;Job;No;1;No;CTMSRV;CIDEXT_F13FLX_07_Q;svce_cm;wdkcidp12;A_W_CID12;3mlp3
CID-CONTRACTUAL INVO;CIDEXT_F13FLX_07_Q;CIDEXT_F13FLX_07_ZIP01_Q;"February 20, 2026";"February 21, 2026 1:29:00 AM";"February 21, 2026 1:30:13 AM";;Ended OK;CID : Création du fichier Factures_EDI_aaaammjj.zip;CIDEXT_F13FLX_07_ZIP01_Q.bat;Job;No;1;No;CTMSRV;CIDEXT_F13FLX_07_Q;svce_cm;wdkcidp12;A_W_CID12;3mloz
CID-CONTRACTUAL INVO;CIDEXT_F13GEN_06_Q;CIDEXT_F13GEN_06_CPY01_Q;"February 20, 2026";"February 20, 2026 8:01:01 PM";"February 20, 2026 8:01:02 PM";;Ended OK;Copie du fichier depuis le repertoire CID vers EAI;MOV_Generique_DKA.bat;Job;No;1;No;CTMSRV;CIDEXT_F13GEN_06_Q;svce_cm;wdkcidp13;A_W_CID13;3mlrg
CID-CONTRACTUAL INVO;CIDEXT_F13GEN_06_Q;CIDEXT_F13GEN_06_EXP01_Q;"February 20, 2026";"February 20, 2026 8:00:00 PM";"February 20, 2026 8:01:01 PM";;Ended OK;Generation du fichier Lien partenaire Code D;Lance_INTERFACE.bat;Job;No;1;No;CTMSRV;CIDEXT_F13GEN_06_Q;svce_cm;wdkcidp13;A_W_CID13;3mlrf
CID-CONTRACTUAL INVO;CIDEXT_J11INT_05_Q;CIDEXT_J11INT_05_MOV01_Q;"February 20, 2026";"February 20, 2026 8:13:03 PM";"February 20, 2026 8:13:09 PM";;Ended OK;CID : deplacement ALADIN-TIF.ZIP depuis PFE;MOV_Generique_DKA.bat;Job;No;1;No;CTMSRV;CIDEXT_J11INT_05_Q;svce_cm;wdkcidp13;A_W_CID13;3mlky
CID-CONTRACTUAL INVO;CIDEXT_J11INT_05_Q;CIDEXT_J11INT_05_Q;"February 20, 2026";"February 20, 2026 1:30:12 PM";"February 20, 2026 8:13:23 PM";;Ended OK;;;SMART Table;No;1;No;CTMSRV;CIDEXT_J11INT_05_Q;;ldkctmp50;;3mlkx
CID-CONTRACTUAL INVO;CIDEXT_J11INT_05_Q;CIDEXT_J11INT_05_TRT01_Q;"February 20, 2026";"February 20, 2026 8:13:15 PM";"February 20, 2026 8:13:23 PM";;Ended OK;CIDY : traitement permettant le transfert aladin_tif sur le NAS_EDF;DeplacementImage.bat;Job;No;1;No;CTMSRV;CIDEXT_J11INT_05_Q;svce_cm;wdkcidp13;A_W_CID13;3mll0
CID-CONTRACTUAL INVO;CIDEXT_J11INT_05_Q;CIDEXT_J11INT_05_ZIP01_Q;"February 20, 2026";"February 20, 2026 8:13:10 PM";"February 20, 2026 8:13:14 PM";;Ended OK;CID : Decompression ALADIN-TIF.ZIP;DZIP_ALA_CID.bat;Job;No;1;No;CTMSRV;CIDEXT_J11INT_05_Q;svce_cm;wdkcidp13;A_W_CID13;3mlkz
CID-CONTRACTUAL INVO;CIDEXT_J12INT_05_Q;CIDEXT_J12INT_05_FW01_Q;"February 20, 2026";"February 20, 2026 11:05:47 PM";"February 21, 2026 12:00:56 AM";0000;Wait for Event;CID : Scrutation du fichier CHORUS STATUTSSERENSIA.FAC02   de la  PFE au serveur CITY;FileWatcher.bat;Job;No;6;Yes;CTMSRV;CIDEXT_J12INT_05_Q;svce_cm;wdkcidp12;A_W_CID12;3mlqm
CID-CONTRACTUAL INVO;CIDEXT_J12INT_05_Q;CIDEXT_J12INT_05_FW02_Q;"February 20, 2026";"February 20, 2026 11:07:21 PM";"February 21, 2026 12:07:23 AM";0000;Wait for Event;CID : Scrutation du fichier CHORUS STATUTSSERENSIA.FAC02 pour intégration;FileWatcher.bat;Job;No;6;Yes;CTMSRV;CIDEXT_J12INT_05_Q;svce_cm;wdkcidp12;A_W_CID12;3mlqn
CID-CONTRACTUAL INVO;CIDEXT_J12INT_05_Q;CIDEXT_J12INT_05_IMP01_Q;"February 20, 2026";"February 20, 2026 7:01:02 PM";"February 20, 2026 7:01:12 PM";;Wait for Event;CID :integration  fchier  STATUTSSERENSIA.FAC02;ImportFluxRetourSerensia.bat;Job;No;1;Yes;CTMSRV;CIDEXT_J12INT_05_Q;svce_cm;wdkcidp12;A_W_CID12;3mlql
CID-CONTRACTUAL INVO;CIDEXT_J12INT_05_Q;CIDEXT_J12INT_05_MOV01_Q;"February 20, 2026";"February 20, 2026 7:00:03 PM";"February 20, 2026 7:00:05 PM";0000;Wait for Event;CID : Transfert du fichier  STATUTSSERENSIA.FAC02   de la  PFE au serveur CID;MOVOUT_Generique_DKA.bat;Job;No;1;Yes;CTMSRV;CIDEXT_J12INT_05_Q;svce_cm;wdkcidp12;A_W_CID12;3mlqk
CID-CONTRACTUAL INVO;CIDGRT_F11INT_05_Q;CIDGRT_F11INT_05_CON01_Q;"February 20, 2026";"February 20, 2026 9:30:02 PM";"February 20, 2026 9:30:04 PM";;Ended OK;Controle du type de fichier recu et ren _ concat;CIDConcat.cmd;Job;No;1;No;CTMSRV;CIDGRT_F11INT_05_Q;svce_cm;wdkcidp13;A_W_CID13;3ml54
CID-CONTRACTUAL INVO;CIDGRT_F11INT_05_Q;CIDGRT_F11INT_05_FWT01_Q;"February 20, 2026";"February 20, 2026 9:30:00 PM";"February 20, 2026 9:30:02 PM";;Ended OK;Scrutation du fichier CTGCID_QTEGST;FileWatcher_CID.bat;Job;No;1;No;CTMSRV;CIDGRT_F11INT_05_Q;svce_cm;wdkcidp13;A_W_CID13;3ml53
CID-CONTRACTUAL INVO;CIDGRT_F11INT_05_Q;CIDGRT_F11INT_05_IMP01_Q;"February 20, 2026";"February 20, 2026 9:30:04 PM";"February 20, 2026 9:30:25 PM";;Ended OK;integ CTGCID_QTEGST  du fichier Donnees Gen;Lance_INTERFACE.bat;Job;No;1;No;CTMSRV;CIDGRT_F11INT_05_Q;svce_cm;wdkcidp13;A_W_CID13;3ml55
CID-CONTRACTUAL INVO;CIDMDM_J11TRT_04_Q;CIDMDM_J11TRT_04_WRK01_Q;"February 20, 2026";"February 21, 2026 2:15:21 AM";"February 21, 2026 2:16:44 AM";;Ended OK;CID : Batch appel du WS de MDM360 pour envoyer les maj des contrats;lance_Traitement_Interne.bat;Job;No;1;No;CTMSRV;CIDMDM_J11TRT_04_Q;svce_cm;wdkcidp12;A_W_CID12;3mlmo
CID-CONTRACTUAL INVO;CIDMEC_F11INT_05_Q;CIDMEC_F11INT_05_IMP01_Q;"February 20, 2026";"February 21, 2026 1:26:12 AM";"February 21, 2026 2:14:25 AM";;Ended OK;Integration du Fichier ContratTop;Lance_INTERFACE.bat;Job;No;1;No;CTMSRV;CIDMEC_F11INT_05_Q;svce_cm;wdkcidp13;A_W_CID13;3mkyw
CID-CONTRACTUAL INVO;CIDMEC_F11INT_05_Q;CIDMEC_F11INT_05_Q;"February 20, 2026";"February 20, 2026 1:30:12 PM";"February 21, 2026 2:15:21 AM";;Ended Not OK;;;SMART Table;No;1;No;CTMSRV;CIDMEC_F11INT_05_Q;;ldkctmp50;;3mkyv
CID-CONTRACTUAL INVO;CIDMEC_F11INT_05_Q;CIDMEC_F11INT_05_WRK01_Q;"February 20, 2026";"February 21, 2026 2:14:25 AM";"February 21, 2026 2:15:20 AM";;Ended OK;Migration formule;lance_Traitement_Interne.bat;Job;No;1;No;CTMSRV;CIDMEC_F11INT_05_Q;svce_cm;wdkcidp12;A_W_CID12;3mkyx
CID-CONTRACTUAL INVO;CIDMEC_F11INT_05_Q;CIDMEC_F11INT_05_WRK02_Q;"February 20, 2026";"February 21, 2026 2:15:20 AM";;;Ended Not OK;Production des rapport MEC;MEC_RapportsMec.bat;Job;No;1;No;CTMSRV;CIDMEC_F11INT_05_Q;svce_cm;wdkcidp13;A_W_CID13;3mkyy
CID-CONTRACTUAL INVO;CIDNRJ_F11INT_05_Q;CIDNRJ_F11INT_05_CON01_Q;"February 20, 2026";"February 21, 2026 12:00:03 AM";"February 21, 2026 12:00:05 AM";;Ended OK;Controle du type de fichier recu et ren _ concat;CIDConcat.cmd;Job;No;1;No;CTMSRV;CIDNRJ_F11INT_05_Q;svce_cm;wdkcidp13;A_W_CID13;3mlf6
CID-CONTRACTUAL INVO;CIDNRJ_F11INT_05_Q;CIDNRJ_F11INT_05_FWT01_Q;"February 20, 2026";"February 21, 2026 12:00:01 AM";"February 21, 2026 12:00:03 AM";;Ended OK;Scrutation du fichier;FileWatcher_CID.bat;Job;No;1;No;CTMSRV;CIDNRJ_F11INT_05_Q;svce_cm;wdkcidp13;A_W_CID13;3mlf5
CID-CONTRACTUAL INVO;CIDNRJ_F11INT_05_Q;CIDNRJ_F11INT_05_IMP01_Q;"February 20, 2026";"February 21, 2026 12:00:05 AM";"February 21, 2026 12:00:15 AM";;Ended OK;integration ene_station   du fichier L00YL_NF;Lance_INTERFACE.bat;Job;No;1;No;CTMSRV;CIDNRJ_F11INT_05_Q;svce_cm;wdkcidp13;A_W_CID13;3mlf7
CID-CONTRACTUAL INVO;CIDNRJ_F12INT_05_Q;CIDNRJ_F12INT_05_CON01_Q;"February 20, 2026";"February 21, 2026 12:00:05 AM";"February 21, 2026 12:00:07 AM";;Ended OK;Controle du type de fichier recu et ren _ concat;CIDConcat.cmd;Job;No;1;No;CTMSRV;CIDNRJ_F12INT_05_Q;svce_cm;wdkcidp13;A_W_CID13;3mmci
CID-CONTRACTUAL INVO;CIDNRJ_F12INT_05_Q;CIDNRJ_F12INT_05_FWT01_Q;"February 20, 2026";"February 21, 2026 12:00:01 AM";"February 21, 2026 12:00:03 AM";;Ended OK;Scrutation du fichier;FileWatcher_CID.bat;Job;No;1;No;CTMSRV;CIDNRJ_F12INT_05_Q;svce_cm;wdkcidp13;A_W_CID13;3mmch
CID-CONTRACTUAL INVO;CIDNRJ_F12INT_05_Q;CIDNRJ_F12INT_05_IMP01_Q;"February 20, 2026";"February 21, 2026 12:00:07 AM";"February 21, 2026 12:00:43 AM";;Ended OK;integration ene_station   du fichier L00YM_NF_*;Lance_INTERFACE.bat;Job;No;1;No;CTMSRV;CIDNRJ_F12INT_05_Q;svce_cm;wdkcidp13;A_W_CID13;3mmcj
CID-CONTRACTUAL INVO;CIDNRJ_J11INT_05_Q;CIDNRJ_J11INT_05_FW01_Q;"February 20, 2026";"February 20, 2026 7:00:00 PM";"February 20, 2026 7:00:07 PM";;Ended OK;CID : Scrutation du fichier PATRIMOINEENERGYde la PFE au serveur CID;FileWatcher.bat;Job;No;1;No;CTMSRV;CIDNRJ_J11INT_05_Q;svce_cm;wdkcidp13;A_W_CID13;3mmfm
CID-CONTRACTUAL INVO;CIDNRJ_J11INT_05_Q;CIDNRJ_J11INT_05_FW02_Q;"February 20, 2026";"February 20, 2026 7:00:00 PM";"February 20, 2026 7:01:06 PM";;Ended OK;CID : Scrutation du fichier CEFM_.*xmll de la PFE au serveur CID;FileWatcher.bat;Job;No;1;No;CTMSRV;CIDNRJ_J11INT_05_Q;svce_cm;wdkcidp13;A_W_CID13;3mmfn
CID-CONTRACTUAL INVO;CIDNRJ_J11INT_05_Q;CIDNRJ_J11INT_05_FW03_Q;"February 20, 2026";"February 20, 2026 7:00:00 PM";"February 20, 2026 8:00:13 PM";;Ended Not OK;CID : Scrutation du fichier EVENEMENTSENERGY de la PFE au serveur CID (20h30);FileWatcher.bat;Job;No;1;No;CTMSRV;CIDNRJ_J11INT_05_Q;svce_cm;wdkcidp13;A_W_CID13;3mmfo
CID-CONTRACTUAL INVO;CIDNRJ_J11INT_05_Q;CIDNRJ_J11INT_05_FW04_Q;"February 20, 2026";"February 20, 2026 7:00:00 PM";"February 20, 2026 7:00:06 PM";;Ended OK;CID : Scrutation du fichier EVENEMENTSENERGY de la PFE au serveur CID;FileWatcher.bat;Job;No;1;No;CTMSRV;CIDNRJ_J11INT_05_Q;svce_cm;wdkcidp13;A_W_CID13;3mmfp
CID-CONTRACTUAL INVO;CIDNRJ_J11INT_05_Q;CIDNRJ_J11INT_05_FW05_Q;"February 20, 2026";"February 20, 2026 10:30:00 PM";"February 20, 2026 10:51:04 PM";;Ended OK;CID : Scrutation du fichier EVENEMENTSENERGY de la PFE au serveur CID (22h45);FileWatcher.bat;Job;No;1;No;CTMSRV;CIDNRJ_J11INT_05_Q;svce_cm;wdkcidp13;A_W_CID13;3mmfr
CID-CONTRACTUAL INVO;CIDNRJ_J11INT_05_Q;CIDNRJ_J11INT_05_FW06_Q;"February 20, 2026";"February 20, 2026 10:30:00 PM";"February 20, 2026 10:30:02 PM";;Ended OK;CID : Scrutation du fichier EVENEMENTSENERGY de la PFE au serveur CID;FileWatcher.bat;Job;No;1;No;CTMSRV;CIDNRJ_J11INT_05_Q;svce_cm;wdkcidp13;A_W_CID13;3mmft
CID-CONTRACTUAL INVO;CIDNRJ_J11INT_05_Q;CIDNRJ_J11INT_05_IMP01_Q;"February 20, 2026";"February 20, 2026 7:30:00 PM";"February 20, 2026 7:43:41 PM";;Ended OK;CONTRACTUAL INVO : Intégration du fichier PATRIMOINEENERGY dans CID;lance_INTERFACE.bat;Job;No;1;No;CTMSRV;CIDNRJ_J11INT_05_Q;svce_cm;wdkcidp13;A_W_CID13;3mmfi
CID-CONTRACTUAL INVO;CIDNRJ_J11INT_05_Q;CIDNRJ_J11INT_05_IMP02_Q;"February 20, 2026";"February 20, 2026 8:30:00 PM";"February 21, 2026 5:39:19 AM";;Ended OK;CONTRACTUAL INVO : Intégration du fichier EVENEMENTSENERGY dans CID (20h30);lance_INTERFACE.bat;Job;No;1;No;CTMSRV;CIDNRJ_J11INT_05_Q;svce_cm;wdkcidp13;A_W_CID13;3mmfl
CID-CONTRACTUAL INVO;CIDNRJ_J11INT_05_Q;CIDNRJ_J11INT_05_IMP03_Q;"February 20, 2026";"February 21, 2026 5:39:19 AM";"February 21, 2026 7:15:40 AM";;Ended OK;CONTRACTUAL INVO : Intégration du fichier EVENEMENTSENERGY dans CID (22h45);lance_INTERFACE.bat;Job;No;1;No;CTMSRV;CIDNRJ_J11INT_05_Q;svce_cm;wdkcidp13;A_W_CID13;3mmfq
CID-CONTRACTUAL INVO;CIDNRJ_J11INT_05_Q;CIDNRJ_J11INT_05_MOV01_Q;"February 20, 2026";"February 20, 2026 7:00:07 PM";"February 20, 2026 7:00:17 PM";;Ended OK;CID : Deplacement du fichier PATRIMOINEENERGY_*.xml depuis le NAS EDF;MOV_Multi_Generique_DKA.bat;Job;No;1;No;CTMSRV;CIDNRJ_J11INT_05_Q;svce_cm;wdkcidp13;A_W_CID13;3mmfj
CID-CONTRACTUAL INVO;CIDNRJ_J11INT_05_Q;CIDNRJ_J11INT_05_MOV02_Q;"February 20, 2026";;;;Wait for Event;CID : Deplacement du fichier EVENEMENTSENERGY_*.xml depuis le NAS EDF (20h30);MOV_Multi_Generique_DKA.bat;Job;No;0;No;CTMSRV;CIDNRJ_J11INT_05_Q;svce_cm;A_W_CID13;A_W_CID13;3mmfk
CID-CONTRACTUAL INVO;CIDNRJ_J11INT_05_Q;CIDNRJ_J11INT_05_MOV03_Q;"February 20, 2026";"February 20, 2026 10:51:05 PM";"February 20, 2026 10:51:06 PM";;Ended OK;CID : Deplacement du fichier EVENEMENTSENERGY_*.xml depuis le NAS EDF (22h45);MOV_Multi_Generique_DKA.bat;Job;No;1;No;CTMSRV;CIDNRJ_J11INT_05_Q;svce_cm;wdkcidp13;A_W_CID13;3mmfs
CID-CONTRACTUAL INVO;CIDNRJ_J11INT_05_Q;CIDNRJ_J11INT_05_Q;"February 20, 2026";"February 20, 2026 7:00:00 PM";;;Executing;SEE FAC02: Gestion des flux PATRIMOINEENERGY et EVENEMENTSENERGY;;SMART Table;No;1;No;CTMSRV;CIDNRJ_J11INT_05_Q;;ldkctmp50;;3mmfh
CID-CONTRACTUAL INVO;CIDOAP_F11GEN_06_Q;CIDOAP_F11GEN_06_EXP01_Q;"February 20, 2026";"February 21, 2026 2:15:21 AM";"February 21, 2026 2:23:44 AM";;Ended OK;CID Export des ecritures comptables AR;BATCH_Generique_DKA.bat;Job;No;1;No;CTMSRV;CIDOAP_F11GEN_06_Q;svce_cm;wdkcidp12;A_W_CID12;3ml9x
CID-CONTRACTUAL INVO;CIDOAP_F11GEN_06_Q;CIDOAP_F11GEN_06_EXP02_Q;"February 20, 2026";"February 21, 2026 2:23:45 AM";"February 21, 2026 2:24:32 AM";;Ended OK;CID Export des ecritures comptables AP;BATCH_Generique_DKA.bat;Job;No;1;No;CTMSRV;CIDOAP_F11GEN_06_Q;svce_cm;wdkcidp12;A_W_CID12;3ml9y
CID-CONTRACTUAL INVO;CIDOAP_F11GEN_06_Q;CIDOAP_F11GEN_06_EXP03_Q;"February 20, 2026";"February 21, 2026 2:24:33 AM";"February 21, 2026 2:25:23 AM";;Ended OK;CID Export des ecritures comptables GL (Individuelle);BATCH_Generique_DKA.bat;Job;No;1;No;CTMSRV;CIDOAP_F11GEN_06_Q;svce_cm;wdkcidp12;A_W_CID12;3ml9z
CID-CONTRACTUAL INVO;CIDOAP_F11GEN_06_Q;CIDOAP_F11GEN_06_MOV01_Q;"February 20, 2026";"February 21, 2026 2:23:45 AM";"February 21, 2026 2:23:48 AM";;Ended OK;CID : Deplacement des fichiers donnees Ecritures AR vers EAI;MOV_Generique_DKA.bat;Job;No;1;No;CTMSRV;CIDOAP_F11GEN_06_Q;svce_cm;wdkcidp12;A_W_CID12;3mla0
CID-CONTRACTUAL INVO;CIDOAP_F11GEN_06_Q;CIDOAP_F11GEN_06_MOV02_Q;"February 20, 2026";"February 21, 2026 2:23:48 AM";"February 21, 2026 2:23:51 AM";;Ended OK;CID : Deplacement des fichiers donnees Ecritures AR vers EAI;MOV_Generique_DKA.bat;Job;No;1;No;CTMSRV;CIDOAP_F11GEN_06_Q;svce_cm;wdkcidp12;A_W_CID12;3mla1
CID-CONTRACTUAL INVO;CIDOAP_F11GEN_06_Q;CIDOAP_F11GEN_06_MOV03_Q;"February 20, 2026";"February 21, 2026 2:24:33 AM";"February 21, 2026 2:24:34 AM";;Ended OK;CID : Deplacement des fichiers donnees Ecritures AP vers EAI;MOV_Generique_DKA.bat;Job;No;1;No;CTMSRV;CIDOAP_F11GEN_06_Q;svce_cm;wdkcidp12;A_W_CID12;3mla2
CID-CONTRACTUAL INVO;CIDOAP_F11GEN_06_Q;CIDOAP_F11GEN_06_MOV04_Q;"February 20, 2026";"February 21, 2026 2:24:35 AM";"February 21, 2026 2:24:36 AM";;Ended OK;CID : Deplacement des fichiers donnees Ecritures AP vers EAI;MOV_Generique_DKA.bat;Job;No;1;No;CTMSRV;CIDOAP_F11GEN_06_Q;svce_cm;wdkcidp12;A_W_CID12;3mla3
CID-CONTRACTUAL INVO;CIDOAP_F11GEN_06_Q;CIDOAP_F11GEN_06_MOV05_Q;"February 20, 2026";"February 21, 2026 2:25:23 AM";"February 21, 2026 2:25:25 AM";;Ended OK;CID : Deplacement des fichiers donnees Ecritures GL vers EAI (Individuelle);MOV_Generique_DKA.bat;Job;No;1;No;CTMSRV;CIDOAP_F11GEN_06_Q;svce_cm;wdkcidp12;A_W_CID12;3mla4
CID-CONTRACTUAL INVO;CIDOAP_F11GEN_06_Q;CIDOAP_F11GEN_06_MOV06_Q;"February 20, 2026";"February 21, 2026 2:25:26 AM";"February 21, 2026 2:25:27 AM";;Ended OK;CID : Deplacement des fichiers donnees Ecritures GL vers EAI (Individuelle);MOV_Generique_DKA.bat;Job;No;1;No;CTMSRV;CIDOAP_F11GEN_06_Q;svce_cm;wdkcidp12;A_W_CID12;3mla5
CID-CONTRACTUAL INVO;CIDOAP_F11GEN_06_Q;CIDOAP_F11GEN_06_Q;"February 20, 2026";"February 20, 2026 1:30:12 PM";"February 21, 2026 2:25:28 AM";;Ended OK;;;SMART Table;No;1;No;CTMSRV;CIDOAP_F11GEN_06_Q;;ldkctmp50;;3ml9w
CID-CONTRACTUAL INVO;CIDPEL_F11GEN_06_Q;CIDPEL_F11GEN_06_CPY01_Q;"February 20, 2026";"February 21, 2026 2:56:59 AM";"February 21, 2026 2:57:01 AM";;Ended OK;G9 DTR  PEL facturation - copie local du fichier PEC_FACTURE;Copy_CID_local.bat;Job;No;1;No;CTMSRV;CIDPEL_F11GEN_06_Q;svce_cm;wdkcidp13;A_W_CID13;3mm8w
CID-CONTRACTUAL INVO;CIDPEL_F11GEN_06_Q;CIDPEL_F11GEN_06_EXP01_Q;"February 20, 2026";"February 21, 2026 2:25:23 AM";"February 21, 2026 2:31:15 AM";;Ended OK;G9 DTR  PEL contrat prestation;Lance_INTERFACE.bat;Job;No;1;No;CTMSRV;CIDPEL_F11GEN_06_Q;svce_cm;wdkcidp13;A_W_CID13;3mm8k
CID-CONTRACTUAL INVO;CIDPEL_F11GEN_06_Q;CIDPEL_F11GEN_06_EXP02_Q;"February 20, 2026";"February 21, 2026 2:31:16 AM";"February 21, 2026 2:32:09 AM";;Ended OK;G9 DTR  PEL Affaire;Lance_INTERFACE.bat;Job;No;1;No;CTMSRV;CIDPEL_F11GEN_06_Q;svce_cm;wdkcidp13;A_W_CID13;3mm8l
CID-CONTRACTUAL INVO;CIDPEL_F11GEN_06_Q;CIDPEL_F11GEN_06_EXP03_Q;"February 20, 2026";"February 21, 2026 2:32:10 AM";"February 21, 2026 2:34:35 AM";;Ended OK;G9 DTR  PEL FCP COMPTEUR;Lance_INTERFACE.bat;Job;No;1;No;CTMSRV;CIDPEL_F11GEN_06_Q;svce_cm;wdkcidp13;A_W_CID13;3mm8m
CID-CONTRACTUAL INVO;CIDPEL_F11GEN_06_Q;CIDPEL_F11GEN_06_EXP04_Q;"February 20, 2026";"February 21, 2026 2:34:36 AM";"February 21, 2026 2:36:35 AM";;Ended OK;G9 DTR  PEL indice de revision;Lance_INTERFACE.bat;Job;No;1;No;CTMSRV;CIDPEL_F11GEN_06_Q;svce_cm;wdkcidp13;A_W_CID13;3mm8n
CID-CONTRACTUAL INVO;CIDPEL_F11GEN_06_Q;CIDPEL_F11GEN_06_EXP05_Q;"February 20, 2026";"February 21, 2026 2:36:36 AM";"February 21, 2026 2:56:58 AM";;Ended OK;G9 DTR  PEL facturation;Lance_INTERFACE.bat;Job;No;1;No;CTMSRV;CIDPEL_F11GEN_06_Q;svce_cm;wdkcidp13;A_W_CID13;3mm8o
CID-CONTRACTUAL INVO;CIDPEL_F11GEN_06_Q;CIDPEL_F11GEN_06_EXP07_Q;"February 20, 2026";"February 21, 2026 2:56:59 AM";"February 21, 2026 3:00:13 AM";;Ended OK;G9 DTR  PEL Interessement;Lance_INTERFACE.bat;Job;No;1;No;CTMSRV;CIDPEL_F11GEN_06_Q;svce_cm;wdkcidp13;A_W_CID13;3mm8p
CID-CONTRACTUAL INVO;CIDPEL_F11GEN_06_Q;CIDPEL_F11GEN_06_EXP08_Q;"February 20, 2026";"February 21, 2026 3:00:14 AM";"February 21, 2026 3:00:17 AM";;Ended OK;G9 DTR  PEL valeur Indice;Lance_INTERFACE.bat;Job;No;1;No;CTMSRV;CIDPEL_F11GEN_06_Q;svce_cm;wdkcidp13;A_W_CID13;3mm8q
CID-CONTRACTUAL INVO;CIDPEL_F11GEN_06_Q;CIDPEL_F11GEN_06_EXP09_Q;"February 20, 2026";"February 21, 2026 3:00:17 AM";"February 21, 2026 3:00:30 AM";;Ended OK;G9 DTR  PEL Utilisateur;Lance_INTERFACE.bat;Job;No;1;No;CTMSRV;CIDPEL_F11GEN_06_Q;svce_cm;wdkcidp13;A_W_CID13;3mm8r
CID-CONTRACTUAL INVO;CIDPEL_F11GEN_06_Q;CIDPEL_F11GEN_06_EXP10_Q;"February 20, 2026";"February 21, 2026 3:00:31 AM";"February 21, 2026 3:00:44 AM";;Ended OK;G9 DTR  PEL BAPC;Lance_INTERFACE.bat;Job;No;1;No;CTMSRV;CIDPEL_F11GEN_06_Q;svce_cm;wdkcidp13;A_W_CID13;3mm8s
CID-CONTRACTUAL INVO;CIDPEL_F11GEN_06_Q;CIDPEL_F11GEN_06_EXP11_Q;"February 20, 2026";"February 21, 2026 3:00:45 AM";"February 21, 2026 3:00:57 AM";;Ended OK;G9 DTR  PEL Instances;Lance_INTERFACE.bat;Job;No;1;No;CTMSRV;CIDPEL_F11GEN_06_Q;svce_cm;wdkcidp13;A_W_CID13;3mm8t
CID-CONTRACTUAL INVO;CIDPEL_F11GEN_06_Q;CIDPEL_F11GEN_06_EXP12_Q;"February 20, 2026";"February 21, 2026 3:00:58 AM";"February 21, 2026 3:01:12 AM";;Ended OK;G9 DTR  PEL lignes Instances;Lance_INTERFACE.bat;Job;No;1;No;CTMSRV;CIDPEL_F11GEN_06_Q;svce_cm;wdkcidp13;A_W_CID13;3mm8u
CID-CONTRACTUAL INVO;CIDPEL_F11GEN_06_Q;CIDPEL_F11GEN_06_EXP13_Q;"February 20, 2026";"February 21, 2026 3:01:12 AM";"February 21, 2026 3:01:14 AM";;Ended OK;G9 DTR  PEL BUDGET des ventes;Lance_INTERFACE.bat;Job;No;1;No;CTMSRV;CIDPEL_F11GEN_06_Q;svce_cm;wdkcidp13;A_W_CID13;3mm8v
CID-CONTRACTUAL INVO;CIDPEL_F11GEN_06_Q;CIDPEL_F11GEN_06_MOV01_Q;"February 20, 2026";"February 21, 2026 2:57:01 AM";"February 21, 2026 2:57:03 AM";;Ended OK;CID :Transfert du fichier PEL FACTURE depuis CID pour FAC02.FACTURATIONCID;MOV_Multi_Generique_DKA.bat;Job;No;1;No;CTMSRV;CIDPEL_F11GEN_06_Q;svce_cm;wdkcidp13;A_W_CID13;3mm8x
CID-CONTRACTUAL INVO;CIDPEL_F11GEN_06_Q;CIDPEL_F11GEN_06_Q;"February 20, 2026";"February 20, 2026 1:30:13 PM";"February 21, 2026 3:01:15 AM";;Ended OK;;;SMART Table;No;1;No;CTMSRV;CIDPEL_F11GEN_06_Q;;ldkctmp50;;3mm8j
CID-CONTRACTUAL INVO;CIDPRN_J11GEN_06_Q;CIDPRN_J11GEN_06_EXP01_Q;"February 20, 2026";"February 21, 2026 2:15:21 AM";"February 21, 2026 2:15:24 AM";;Ended OK;CID : G6 interface extraction indice revision  P2 P3;Lance_INTERFACE.bat;Job;No;1;No;CTMSRV;CIDPRN_J11GEN_06_Q;svce_cm;wdkcidp13;A_W_CID13;3mmcc
CID-CONTRACTUAL INVO;CIDPRN_J11INT_05_Q;CIDPRN_J11INT_05_IMP01_Q;"February 20, 2026";"February 21, 2026 12:00:01 AM";"February 21, 2026 12:00:27 AM";;Ended OK;CID Integration des avis reçu pendant la journee;Lance_INTERFACE.bat;Job;No;1;No;CTMSRV;CIDPRN_J11INT_05_Q;svce_cm;wdkcidp13;A_W_CID13;3mkfp
CID-CONTRACTUAL INVO;CIDSIC_F11GEN_06_Q;CIDSIC_F11GEN_06_EXP01_Q;"February 20, 2026";"February 21, 2026 2:15:21 AM";"February 21, 2026 2:15:51 AM";;Ended OK;G4 interface extraction contrat1;Lance_INTERFACE.bat;Job;No;1;No;CTMSRV;CIDSIC_F11GEN_06_Q;svce_cm;wdkcidp13;A_W_CID13;3mlm7
CID-CONTRACTUAL INVO;CIDSIC_F11GEN_06_Q;CIDSIC_F11GEN_06_EXP02_Q;"February 20, 2026";"February 21, 2026 2:15:52 AM";"February 21, 2026 2:16:09 AM";;Ended OK;G4 interface extraction contrat2;Lance_INTERFACE.bat;Job;No;1;No;CTMSRV;CIDSIC_F11GEN_06_Q;svce_cm;wdkcidp13;A_W_CID13;3mlm8
CID-CONTRACTUAL INVO;CIDSIC_F11GEN_06_Q;CIDSIC_F11GEN_06_EXP03_Q;"February 20, 2026";"February 21, 2026 2:16:10 AM";"February 21, 2026 2:16:27 AM";;Ended OK;G4 interface extraction contrat3;Lance_INTERFACE.bat;Job;No;1;No;CTMSRV;CIDSIC_F11GEN_06_Q;svce_cm;wdkcidp13;A_W_CID13;3mlm9
CID-CONTRACTUAL INVO;CIDSIC_F11GEN_06_Q;CIDSIC_F11GEN_06_EXP05_Q;"February 20, 2026";"February 21, 2026 2:16:28 AM";"February 21, 2026 2:16:45 AM";;Ended OK;G4 interface extraction contrat5;Lance_INTERFACE.bat;Job;No;1;No;CTMSRV;CIDSIC_F11GEN_06_Q;svce_cm;wdkcidp13;A_W_CID13;3mlma
CID-CONTRACTUAL INVO;CIDSIC_F11GEN_06_Q;CIDSIC_F11GEN_06_Q;"February 20, 2026";"February 20, 2026 1:30:13 PM";"February 21, 2026 2:16:46 AM";;Ended OK;;;SMART Table;No;1;No;CTMSRV;CIDSIC_F11GEN_06_Q;;ldkctmp50;;3mlm6
CIT-CITY;CITCID_J11INT_05_Q;CITCID_J11INT_05_CPY01_Q;"February 20, 2026";"February 21, 2026 1:00:07 AM";"February 21, 2026 1:00:11 AM";;Ended OK;Copie du fichier liens projet-partenaire de PFE vers repertoire donnees entrantes CITY;Copy_EAI_CIT.bat;Job;No;1;No;CTMSRV;CITCID_J11INT_05_Q;svce_cm;wdkcitp12;A_W_CIT12;3mkzh
CIT-CITY;CITCID_J11INT_05_Q;CITCID_J11INT_05_FWT01_Q;"February 20, 2026";"February 21, 2026 1:00:00 AM";"February 21, 2026 1:00:06 AM";;Ended OK;CITY Scrutation du fichier LienPartenaireProjet_yyyyMMdd.csv sur PFE;FileWatcher.bat;Job;No;1;No;CTMSRV;CITCID_J11INT_05_Q;svce_cm;wdkcitp12;A_W_CIT12;3mkzg
CIT-CITY;CITCID_J11INT_05_Q;CITCID_J11INT_05_IMP01_Q;"February 20, 2026";"February 21, 2026 1:00:11 AM";"February 21, 2026 1:00:36 AM";;Ended OK;Integration donnees du fichier lien code D-client dans l'application CITY;lance_Traitement_Interne.bat;Job;No;1;No;CTMSRV;CITCID_J11INT_05_Q;adm-citbatch;wdkcitp12;A_W_CIT12;3mkzi
CIT-CITY;CITCIT_E11STP_01_Q;CITCIT_E11STP_01_ARR01_Q;"February 20, 2026";"February 20, 2026 7:00:00 PM";"February 20, 2026 7:00:09 PM";;Ended OK;ARRET  city : STOP  (WDKCITP11);application.stop.bat;Job;No;1;No;CTMSRV;CITCIT_E11STP_01_Q;svce_cm;wdkcitp11;A_W_CIT11;3mloh
CIT-CITY;CITCIT_E11STR_02_Q;CITCIT_E11STR_02_DEM01_Q;"February 20, 2026";"February 21, 2026 6:00:00 AM";"February 21, 2026 6:00:05 AM";;Ended OK;DEMMARAGE city: START (WDKCITP11);application.start.bat;Job;No;1;No;CTMSRV;CITCIT_E11STR_02_Q;svce_cm;wdkcitp11;A_W_CIT11;3mkgo
CIT-CITY;CITCIT_J11TEC_04_Q;CITCIT_J11TEC_04_DEB01_Q;"February 20, 2026";"February 21, 2026 1:00:00 AM";"February 21, 2026 1:00:00 AM";;Ended OK;Jalon de demarrage 01h00 de la production CITY;Jalon de demarrage 01h00 de la production CITY;Dummy;No;1;No;CTMSRV;CITCIT_J11TEC_04_Q;svce_cm;;;3mmab
CIT-CITY;CITCIT_J11TRT_04_Q;CITCIT_J11TRT_04_WRK01_Q;"February 20, 2026";"February 21, 2026 1:00:38 AM";"February 21, 2026 1:07:04 AM";;Ended OK;CITY Numerotation des factures validees;lance_Traitement_Interne.bat;Job;No;1;No;CTMSRV;CITCIT_J11TRT_04_Q;adm-citbatch;wdkcitp12;A_W_CIT12;3mmf0
CIT-CITY;CITCIT_J12TEC_04_Q;CITCIT_J12TEC_04_FJA01_Q;"February 20, 2026";"February 21, 2026 1:00:37 AM";"February 21, 2026 1:00:37 AM";;Ended OK;CITY Fin des interfaces ENTRANTES;CITY Fin des interfaces ENTRANTES;Dummy;No;1;No;CTMSRV;CITCIT_J12TEC_04_Q;svce_cm;;;3mkdk
CIT-CITY;CITCIT_J12TRT_04_Q;CITCIT_J12TRT_04_WRK01_Q;"February 20, 2026";"February 21, 2026 1:07:05 AM";"February 21, 2026 1:18:35 AM";;Ended OK;CITY Production des fichiers pdf pour les factures precedemment numerotees;lance_Traitement_Interne.bat;Job;No;1;No;CTMSRV;CITCIT_J12TRT_04_Q;adm-citbatch;wdkcitp12;A_W_CIT12;3ml5z
CIT-CITY;CITCIT_J13TEC_04_Q;CITCIT_J13TEC_04_DEB01_Q;"February 20, 2026";"February 21, 2026 1:18:36 AM";"February 21, 2026 1:18:36 AM";;Ended OK;CITY Debut des sortants Docapost et amonts;CITY Debut des sortants Docapost et amonts;Dummy;No;1;No;CTMSRV;CITCIT_J13TEC_04_Q;svce_cm;;;3mkw1
CIT-CITY;CITCIT_J14TEC_04_Q;CITCIT_J14TEC_04_DEB01_Q;"February 20, 2026";"February 21, 2026 1:07:05 AM";"February 21, 2026 1:07:05 AM";;Ended OK;CITY Debut des sortants compta et décisionnel;CITY Debut des sortants compta et décisionnel;Dummy;No;1;No;CTMSRV;CITCIT_J14TEC_04_Q;svce_cm;;;3mm4t
CIT-CITY;CITCIT_J15TEC_04_Q;CITCIT_J15TEC_04_FJA01_Q;"February 20, 2026";"February 21, 2026 1:23:36 AM";"February 21, 2026 1:23:36 AM";;Ended OK;CITY Fin des interfaces SORTANTES;CITY Fin des interfaces SORTANTES;Dummy;No;1;No;CTMSRV;CITCIT_J15TEC_04_Q;svce_cm;;;3mkgj
CIT-CITY;CITCIT_J16TEC_04_Q;CITCIT_J16TEC_04_FJA01_Q;"February 20, 2026";"February 21, 2026 1:23:37 AM";"February 21, 2026 1:23:37 AM";;Ended OK;CITY Jalon de fin de la production;CITY Jalon de fin de la production;Dummy;No;1;No;CTMSRV;CITCIT_J16TEC_04_Q;svce_cm;;;3mm9q
CIT-CITY;CITEXT_J11GEN_06_Q;CITEXT_J11GEN_06_CPY02_Q;"February 20, 2026";"February 21, 2026 1:22:22 AM";"February 21, 2026 1:22:26 AM";;Ended OK;CITY Deplacement du fichier Factures_EDI_travaux_aaaammjj.zip vers NAS;CITEXT_J11GEN_06_CPY02_Q.bat;Job;No;1;No;CTMSRV;CITEXT_J11GEN_06_Q;svce_cm;wdkcitp12;A_W_CIT12;3mlo3
CIT-CITY;CITEXT_J11GEN_06_Q;CITEXT_J11GEN_06_WRK01_Q;"February 20, 2026";"February 21, 2026 1:18:37 AM";"February 21, 2026 1:21:36 AM";;Ended OK;CITY Generation du fichier pilote;lance_Traitement_Interne.bat;Job;No;1;No;CTMSRV;CITEXT_J11GEN_06_Q;adm-citbatch;wdkcitp12;A_W_CIT12;3mlo1
CIT-CITY;CITEXT_J11GEN_06_Q;CITEXT_J11GEN_06_ZIP02_Q;"February 20, 2026";"February 21, 2026 1:21:37 AM";"February 21, 2026 1:22:21 AM";;Ended OK;CITY Creation du fichier Factures_EDI_travaux_aaaammjj.zip;CITEXT_J11GEN_06_ZIP02_Q.bat;Job;No;1;No;CTMSRV;CITEXT_J11GEN_06_Q;svce_cm;wdkcitp12;A_W_CIT12;3mlo2
CIT-CITY;CITEXT_J12INT_05_Q;CITEXT_J12INT_05_IMP01_Q;"February 20, 2026";"February 20, 2026 7:00:06 PM";"February 20, 2026 7:00:50 PM";;Ended OK;CITY: Integration fichier STATUTSSERENSIA.FAC02;FluxRetourSerensia.bat;Job;No;1;No;CTMSRV;CITEXT_J12INT_05_Q;svce_cm;wdkcitp12;A_W_CIT12;3mkpn
CIT-CITY;CITEXT_J12INT_05_Q;CITEXT_J12INT_05_MOV01_Q;"February 20, 2026";"February 20, 2026 7:00:00 PM";"February 20, 2026 7:00:05 PM";0000;Ended OK;CITY : Transfert du fichier  STATUTSSERENSIA.HEF01 de la PFE vers le serveur CITY;MOVOUT_Generique_DKA.bat;Job;No;1;No;CTMSRV;CITEXT_J12INT_05_Q;svce_cm;wdkcitp12;A_W_CIT12;3mkpm
CIT-CITY;CITOAF_J11GEN_06_Q;CITOAF_J11GEN_06_MOV01_Q;"February 20, 2026";"February 21, 2026 1:07:44 AM";"February 21, 2026 1:07:47 AM";;Ended OK;CITY : Deplacement des fichiers donnees Ecritures AR vers EAI;MOV_Generique_DKA.bat;Job;No;1;No;CTMSRV;CITOAF_J11GEN_06_Q;svce_cm;wdkcitp12;A_W_CIT12;3mlye
CIT-CITY;CITOAF_J11GEN_06_Q;CITOAF_J11GEN_06_MOV02_Q;"February 20, 2026";"February 21, 2026 1:07:48 AM";"February 21, 2026 1:07:50 AM";;Ended OK;CITY : Deplacement des fichiers controle Ecritures AR vers EAI;MOV_Generique_DKA.bat;Job;No;1;No;CTMSRV;CITOAF_J11GEN_06_Q;svce_cm;wdkcitp12;A_W_CIT12;3mlyf
CIT-CITY;CITOAF_J11GEN_06_Q;CITOAF_J11GEN_06_MOV03_Q;"February 20, 2026";"February 21, 2026 1:07:58 AM";"February 21, 2026 1:08:00 AM";;Ended OK;CITY : Deplacement des fichiers donnees Ecritures AP vers EAI;MOV_Generique_DKA.bat;Job;No;1;No;CTMSRV;CITOAF_J11GEN_06_Q;svce_cm;wdkcitp12;A_W_CIT12;3mlyg
CIT-CITY;CITOAF_J11GEN_06_Q;CITOAF_J11GEN_06_MOV04_Q;"February 20, 2026";"February 21, 2026 1:08:01 AM";"February 21, 2026 1:08:04 AM";;Ended OK;CITY : Deplacement des fichiers controle Ecritures AP vers EAI;MOV_Generique_DKA.bat;Job;No;1;No;CTMSRV;CITOAF_J11GEN_06_Q;svce_cm;wdkcitp12;A_W_CIT12;3mlyh
CIT-CITY;CITOAF_J11GEN_06_Q;CITOAF_J11GEN_06_WRK01_Q;"February 20, 2026";"February 21, 2026 1:07:06 AM";"February 21, 2026 1:07:43 AM";;Ended OK;CITY Generation des fichiers pour la compta Vente (AR);lance_Traitement_Interne.bat;Job;No;1;No;CTMSRV;CITOAF_J11GEN_06_Q;adm-citbatch;wdkcitp12;A_W_CIT12;3mlyi
CIT-CITY;CITOAF_J11GEN_06_Q;CITOAF_J11GEN_06_WRK02_Q;"February 20, 2026";"February 21, 2026 1:07:44 AM";"February 21, 2026 1:07:57 AM";;Ended OK;CITY Generation des fichiers pour la compta Achat (AP);lance_Traitement_Interne.bat;Job;No;1;No;CTMSRV;CITOAF_J11GEN_06_Q;adm-citbatch;wdkcitp12;A_W_CIT12;3mlyd
CIT-CITY;CITOAF_J11INT_05_Q;CITOAF_J11INT_05_IMP01_Q;"February 20, 2026";"February 21, 2026 2:00:01 AM";"February 21, 2026 2:00:01 AM";;Ended OK;Integration donnees du fichier societe dans l'application CITY;lance_Traitement_Interne.bat;Dummy;No;1;No;CTMSRV;CITOAF_J11INT_05_Q;adm-citbatch;;A_W_CIT12;3ml41
CIT-CITY;CITOAF_J11INT_05_Q;CITOAF_J11INT_05_MOV01_Q;"February 20, 2026";"February 21, 2026 2:00:01 AM";"February 21, 2026 2:00:01 AM";;Ended OK;CITY Deplacement du fichier societe de l'EAI vers repertoire donnees entrantes;MOV_REN_Generique_DKA.bat;Dummy;No;1;No;CTMSRV;CITOAF_J11INT_05_Q;svce_cm;;A_W_CIT12;3ml40
CIT-CITY;CITPEL_J11GEN_06_Q;CITPEL_J11GEN_06_CPY01_Q;"February 20, 2026";"February 21, 2026 1:09:24 AM";"February 21, 2026 1:09:28 AM";;Ended OK;CITY Copie des fichiers DOSSIER pour les applications amont;MOV_REN_Generique_DKA.bat;Job;No;1;No;CTMSRV;CITPEL_J11GEN_06_Q;adm-citbatch;wdkcitp12;A_W_CIT12;3mklh
CIT-CITY;CITPEL_J11GEN_06_Q;CITPEL_J11GEN_06_CPY02_Q;"February 20, 2026";"February 21, 2026 1:09:24 AM";"February 21, 2026 1:09:27 AM";;Ended OK;CITY Copie des fichiers DEVIS pour les applications amont;MOV_REN_Generique_DKA.bat;Job;No;1;No;CTMSRV;CITPEL_J11GEN_06_Q;adm-citbatch;wdkcitp12;A_W_CIT12;3mkli
CIT-CITY;CITPEL_J11GEN_06_Q;CITPEL_J11GEN_06_CPY03_Q;"February 20, 2026";"February 21, 2026 1:09:24 AM";"February 21, 2026 1:09:27 AM";;Ended OK;CITY Copie des fichiers FACTURE pour les applications amont;MOV_REN_Generique_DKA.bat;Job;No;1;No;CTMSRV;CITPEL_J11GEN_06_Q;adm-citbatch;wdkcitp12;A_W_CIT12;3mklj
CIT-CITY;CITPEL_J11GEN_06_Q;CITPEL_J11GEN_06_CPY04_Q;"February 20, 2026";"February 21, 2026 1:09:28 AM";"February 21, 2026 1:09:32 AM";;Ended OK;CITY Copie des fichiers CTL DOSSIER pour les applications amont;MOV_REN_Generique_DKA.bat;Job;No;1;No;CTMSRV;CITPEL_J11GEN_06_Q;adm-citbatch;wdkcitp12;A_W_CIT12;3mklk
CIT-CITY;CITPEL_J11GEN_06_Q;CITPEL_J11GEN_06_CPY05_Q;"February 20, 2026";"February 21, 2026 1:09:27 AM";"February 21, 2026 1:09:31 AM";;Ended OK;CITY Copie des fichiers CTL DEVIS pour les applications amont;MOV_REN_Generique_DKA.bat;Job;No;1;No;CTMSRV;CITPEL_J11GEN_06_Q;adm-citbatch;wdkcitp12;A_W_CIT12;3mkll
CIT-CITY;CITPEL_J11GEN_06_Q;CITPEL_J11GEN_06_CPY06_Q;"February 20, 2026";"February 21, 2026 1:09:27 AM";"February 21, 2026 1:09:30 AM";;Ended OK;CITY Copie des fichiers CTL FACTURE pour les applications amont;MOV_REN_Generique_DKA.bat;Job;No;1;No;CTMSRV;CITPEL_J11GEN_06_Q;adm-citbatch;wdkcitp12;A_W_CIT12;3mklm
CIT-CITY;CITPEL_J11GEN_06_Q;CITPEL_J11GEN_06_WRK01_Q;"February 20, 2026";"February 21, 2026 1:08:05 AM";"February 21, 2026 1:09:23 AM";;Ended OK;CITY Generation des fichiers pour les applications amont;lance_Traitement_Interne.bat;Job;No;1;No;CTMSRV;CITPEL_J11GEN_06_Q;adm-citbatch;wdkcitp12;A_W_CIT12;3mklg
CIT-CITY;CITXXX_J11FLX_07_Q;CITXXX_J11FLX_07_FTP01_Q;"February 20, 2026";"February 21, 2026 1:22:27 AM";"February 21, 2026 1:23:02 AM";;Ended OK;CITY Copie des fichiers pdf vers le serveur de fichier EAI;lance_Traitement_Interne.bat;Job;No;1;No;CTMSRV;CITXXX_J11FLX_07_Q;svce_cm;wdkcitp12;A_W_CIT12;3mksf
CIT-CITY;CITXXX_J11GEN_06_Q;CITXXX_J11GEN_06_CPY01_Q;"February 20, 2026";"February 21, 2026 1:23:33 AM";"February 21, 2026 1:23:35 AM";;Ended OK;CITY Copie du fichier xml facture vers PFE;MOV_Generique_DKA.bat;Job;No;1;No;CTMSRV;CITXXX_J11GEN_06_Q;svce_cm;wdkcitp12;A_W_CIT12;3mlal
CIT-CITY;CITXXX_J11GEN_06_Q;CITXXX_J11GEN_06_WRK01_Q;"February 20, 2026";"February 21, 2026 1:23:02 AM";"February 21, 2026 1:23:32 AM";;Ended OK;CITY Generation du fichier xml facture pour les amonts devis;lance_Traitement_Interne.bat;Job;No;1;No;CTMSRV;CITXXX_J11GEN_06_Q;svce_cm;wdkcitp12;A_W_CIT12;3mlak
CIT-CITY;CITXXX_J11TEC_07_Q;CITXXX_J11TEC_07_ARC01_Q;"February 20, 2026";"February 21, 2026 1:22:27 AM";"February 21, 2026 1:22:32 AM";;Ended OK;Archivage du fichier Factures_EDI_travaux_*.zip;CITXXX_J11TEC_07_ARC01_Q.bat;Job;No;1;No;CTMSRV;CITXXX_J11TEC_07_Q;svce_cm;wdkcitp12;A_W_CIT12;3mmg4
CIT-CITY;CITXXX_J11TEC_07_Q;CITXXX_J11TEC_07_PUR01_Q;"February 20, 2026";"February 21, 2026 1:22:32 AM";"February 21, 2026 1:23:39 AM";;Ended OK;Purge de fichier .pdf .txt;CITXXX_J11TEC_07_PUR01_Q.bat;Job;No;1;No;CTMSRV;CITXXX_J11TEC_07_Q;svce_cm;wdkcitp12;A_W_CIT12;3mmg3
CIT-CITY;CITXXX_J11TEC_07_Q;CITXXX_J11TEC_07_PUR02_Q;"February 20, 2026";"February 21, 2026 1:23:40 AM";"February 21, 2026 1:23:41 AM";;Ended OK;Purge de fichier zip;CITXXX_J11TEC_07_PUR02_Q.bat;Job;No;1;No;CTMSRV;CITXXX_J11TEC_07_Q;svce_cm;wdkcitp12;A_W_CIT12;3mmg5
CRT-CRT;CRTCRT_E21TEC_V1_Q;CRTCRT_E21TEC_V1_PUR01_Q;"February 20, 2026";"February 20, 2026 3:00:00 PM";"February 20, 2026 3:00:09 PM";;Ended OK;Purge des logs;PURGE_FICHIER.exe;Job;No;1;No;CTMSRV;CRTCRT_E21TEC_V1_Q;crtuser;wdkcrtv1p03;wdkcrtv1p03;3mlra
CRT-CRT;CRTCRT_E21TEC_V1_Q;CRTCRT_E21TEC_V1_Q;"February 20, 2026";"February 20, 2026 1:30:13 PM";"February 20, 2026 3:00:10 PM";;Ended OK;Chaine de purge  des logs sur le serveur WDKMOSVP03;;SMART Table;No;1;No;CTMSRV;CRTCRT_E21TEC_V1_Q;;ldkctmp50;;3mlr9
CRT-CRT;CRTCRT_E21TEC_XX_Q;CRTCRT_E21TEC_XX_ARC01_Q;"February 20, 2026";"February 21, 2026 7:30:00 AM";"February 21, 2026 7:30:02 AM";;Wait for Event;Archivage des logs;Archivage_Logs_BridgeClient.bat;Job;No;19;Yes;CTMSRV;CRTCRT_E21TEC_XX_Q;crtuser;wdkcrttdp04;wdkcrttdp04;3mkkt
CRT-CRT;CRTCRT_E21TEC_XX_Q;CRTCRT_E21TEC_XX_ARC01_Q;"February 20, 2026";"February 21, 2026 7:30:00 AM";"February 21, 2026 7:30:02 AM";;Wait for Event;Archivage des logs;Archivage_Logs_BridgeClient.bat;Job;No;19;Yes;CTMSRV;CRTCRT_E21TEC_XX_Q;crtuser;wdkcrttdp06;wdkcrttdp06;3mkkv
CRT-CRT;CRTCRT_E21TEC_XX_Q;CRTCRT_E21TEC_XX_ARC01_Q;"February 20, 2026";"February 21, 2026 7:30:00 AM";"February 21, 2026 7:30:02 AM";;Wait for Event;Archivage des logs;Archivage_Logs_BridgeClient.bat;Job;No;19;Yes;CTMSRV;CRTCRT_E21TEC_XX_Q;crtuser;wdkcrttgp01;wdkcrttgp01;3mkkx
CRT-CRT;CRTCRT_E21TEC_XX_Q;CRTCRT_E21TEC_XX_ARC01_Q;"February 20, 2026";"February 21, 2026 7:30:00 AM";"February 21, 2026 7:30:03 AM";;Wait for Event;Archivage des logs;Archivage_Logs_BridgeClient.bat;Job;No;19;Yes;CTMSRV;CRTCRT_E21TEC_XX_Q;crtuser;wdkcrtbcp04;wdkcrtbcp04;3mkkl
CRT-CRT;CRTCRT_E21TEC_XX_Q;CRTCRT_E21TEC_XX_ARC01_Q;"February 20, 2026";"February 21, 2026 7:30:00 AM";"February 21, 2026 7:30:03 AM";;Wait for Event;Archivage des logs;Archivage_Logs_BridgeClient.bat;Job;No;19;Yes;CTMSRV;CRTCRT_E21TEC_XX_Q;crtuser;wdkcrttdp03;wdkcrttdp03;3mkks
CRT-CRT;CRTCRT_E21TEC_XX_Q;CRTCRT_E21TEC_XX_ARC01_Q;"February 20, 2026";"February 21, 2026 7:30:00 AM";"February 21, 2026 7:30:04 AM";;Wait for Event;Archivage des logs;Archivage_Logs_BridgeClient.bat;Job;No;19;Yes;CTMSRV;CRTCRT_E21TEC_XX_Q;crtuser;wdkcrtbcp03;wdkcrtbcp03;3mkkk
CRT-CRT;CRTCRT_E21TEC_XX_Q;CRTCRT_E21TEC_XX_ARC01_Q;"February 20, 2026";"February 21, 2026 7:30:00 AM";"February 21, 2026 7:30:04 AM";;Wait for Event;Archivage des logs;Archivage_Logs_BridgeClient.bat;Job;No;19;Yes;CTMSRV;CRTCRT_E21TEC_XX_Q;crtuser;wdkcrttdp01;wdkcrttdp01;3mkkq
CRT-CRT;CRTCRT_E21TEC_XX_Q;CRTCRT_E21TEC_XX_ARC01_Q;"February 20, 2026";"February 21, 2026 7:30:00 AM";"February 21, 2026 7:30:04 AM";;Wait for Event;Archivage des logs;Archivage_Logs_BridgeClient.bat;Job;No;19;Yes;CTMSRV;CRTCRT_E21TEC_XX_Q;crtuser;wdkcrttdp02;wdkcrttdp02;3mkkr
CRT-CRT;CRTCRT_E21TEC_XX_Q;CRTCRT_E21TEC_XX_ARC01_Q;"February 20, 2026";"February 21, 2026 7:30:00 AM";"February 21, 2026 7:30:04 AM";;Wait for Event;Archivage des logs;Archivage_Logs_BridgeClient.bat;Job;No;19;Yes;CTMSRV;CRTCRT_E21TEC_XX_Q;crtuser;wdkcrttdp05;wdkcrttdp05;3mkku
CRT-CRT;CRTCRT_E21TEC_XX_Q;CRTCRT_E21TEC_XX_ARC01_Q;"February 20, 2026";"February 21, 2026 7:30:00 AM";"February 21, 2026 7:30:07 AM";;Wait for Event;Archivage des logs;Archivage_Logs_BridgeClient.bat;Job;No;19;Yes;CTMSRV;CRTCRT_E21TEC_XX_Q;crtuser;wdkcrttcp01;wdkcrttcp01;3mkkn
CRT-CRT;CRTCRT_E21TEC_XX_Q;CRTCRT_E21TEC_XX_ARC01_Q;"February 20, 2026";"February 21, 2026 7:30:00 AM";"February 21, 2026 7:30:07 AM";;Wait for Event;Archivage des logs;Archivage_Logs_BridgeClient.bat;Job;No;19;Yes;CTMSRV;CRTCRT_E21TEC_XX_Q;crtuser;wdkcrttcp03;wdkcrttcp03;3mkkp
CRT-CRT;CRTCRT_E21TEC_XX_Q;CRTCRT_E21TEC_XX_ARC01_Q;"February 20, 2026";"February 21, 2026 7:30:00 AM";"February 21, 2026 7:30:09 AM";;Wait for Event;Archivage des logs;Archivage_Logs_BridgeClient.bat;Job;No;19;Yes;CTMSRV;CRTCRT_E21TEC_XX_Q;crtuser;wdkcrttcp02;wdkcrttcp02;3mkko
CRT-CRT;CRTCRT_E21TEC_XX_Q;CRTCRT_E21TEC_XX_ARC01_Q;"February 20, 2026";"February 21, 2026 7:30:00 AM";"February 21, 2026 7:30:12 AM";;Wait for Event;Archivage des logs;Archivage_Logs_BridgeClient.bat;Job;No;19;Yes;CTMSRV;CRTCRT_E21TEC_XX_Q;crtuser;wdkcrtbcp01;wdkcrtbcp01;3mkki
CRT-CRT;CRTCRT_E21TEC_XX_Q;CRTCRT_E21TEC_XX_ARC01_Q;"February 20, 2026";"February 21, 2026 7:30:00 AM";"February 21, 2026 7:30:14 AM";;Wait for Event;Archivage des logs;Archivage_Logs_BridgeClient.bat;Job;No;19;Yes;CTMSRV;CRTCRT_E21TEC_XX_Q;crtuser;wdkcrtbcp02;wdkcrtbcp02;3mkkj
CRT-CRT;CRTCRT_E21TEC_XX_Q;CRTCRT_E21TEC_XX_ARC01_Q;"February 20, 2026";"February 21, 2026 7:30:00 AM";"February 21, 2026 7:30:21 AM";;Wait for Event;Archivage des logs;Archivage_Logs_BridgeClient.bat;Job;No;19;Yes;CTMSRV;CRTCRT_E21TEC_XX_Q;crtuser;wdkcrttmp03;wdkcrttmp03;3mkl0
CRT-CRT;CRTCRT_E21TEC_XX_Q;CRTCRT_E21TEC_XX_ARC01_Q;"February 20, 2026";"February 21, 2026 7:30:00 AM";"February 21, 2026 7:30:28 AM";;Wait for Event;Archivage des logs;Archivage_Logs_BridgeClient.bat;Job;No;19;Yes;CTMSRV;CRTCRT_E21TEC_XX_Q;crtuser;wdkcrttmp01;wdkcrttmp01;3mkky
CRT-CRT;CRTCRT_E21TEC_XX_Q;CRTCRT_E21TEC_XX_ARC01_Q;"February 20, 2026";"February 21, 2026 7:30:00 AM";"February 21, 2026 7:30:32 AM";;Wait for Event;Archivage des logs;Archivage_Logs_BridgeClient.bat;Job;No;19;Yes;CTMSRV;CRTCRT_E21TEC_XX_Q;crtuser;wdkcrttmp05;wdkcrttmp05;3mkl2
CRT-CRT;CRTCRT_E21TEC_XX_Q;CRTCRT_E21TEC_XX_ARC01_Q;"February 20, 2026";"February 21, 2026 7:30:00 AM";"February 21, 2026 7:30:34 AM";;Wait for Event;Archivage des logs;Archivage_Logs_BridgeClient.bat;Job;No;19;Yes;CTMSRV;CRTCRT_E21TEC_XX_Q;crtuser;wdkcrttmp02;wdkcrttmp02;3mkkz
CRT-CRT;CRTCRT_E21TEC_XX_Q;CRTCRT_E21TEC_XX_ARC01_Q;"February 20, 2026";"February 21, 2026 7:30:00 AM";"February 21, 2026 7:30:49 AM";;Wait for Event;Archivage des logs;Archivage_Logs_BridgeClient.bat;Job;No;19;Yes;CTMSRV;CRTCRT_E21TEC_XX_Q;crtuser;wdkcrttmp04;wdkcrttmp04;3mkl1
CRT-CRT;CRTCRT_E21TEC_XX_Q;CRTCRT_E21TEC_XX_ARC01_Q;"February 20, 2026";;;;Wait Host;Archivage des logs;Archivage_Logs_BridgeClient.bat;Job;No;0;Yes;CTMSRV;CRTCRT_E21TEC_XX_Q;crtuser;wdkcrtcwp01;wdkcrtcwp01;3mkkm
CRT-CRT;CRTCRT_E21TEC_XX_Q;CRTCRT_E21TEC_XX_ARC01_Q;"February 20, 2026";;;;Wait Host;Archivage des logs;Archivage_Logs_BridgeClient.bat;Job;No;0;Yes;CTMSRV;CRTCRT_E21TEC_XX_Q;crtuser;wdkcrttep01;wdkcrttep01;3mkkw
CRT-CRT;CRTCRT_E21TEC_XX_Q;CRTCRT_E21TEC_XX_PUR01_Q;"February 20, 2026";"February 21, 2026 7:00:00 AM";"February 21, 2026 7:00:02 AM";;Ended OK;Purge des logs;PURGE_FICHIER.exe;Job;No;1;No;CTMSRV;CRTCRT_E21TEC_XX_Q;crtuser;wdkcrttdp04;wdkcrttdp04;3mkk4
CRT-CRT;CRTCRT_E21TEC_XX_Q;CRTCRT_E21TEC_XX_PUR01_Q;"February 20, 2026";"February 21, 2026 7:00:00 AM";"February 21, 2026 7:00:03 AM";;Ended OK;Purge des logs;PURGE_FICHIER.exe;Job;No;1;No;CTMSRV;CRTCRT_E21TEC_XX_Q;crtuser;wdkcrttdp02;wdkcrttdp02;3mkk2
CRT-CRT;CRTCRT_E21TEC_XX_Q;CRTCRT_E21TEC_XX_PUR01_Q;"February 20, 2026";"February 21, 2026 7:00:00 AM";"February 21, 2026 7:00:03 AM";;Ended OK;Purge des logs;PURGE_FICHIER.exe;Job;No;1;No;CTMSRV;CRTCRT_E21TEC_XX_Q;crtuser;wdkcrttdp05;wdkcrttdp05;3mkk5
CRT-CRT;CRTCRT_E21TEC_XX_Q;CRTCRT_E21TEC_XX_PUR01_Q;"February 20, 2026";"February 21, 2026 7:00:00 AM";"February 21, 2026 7:00:04 AM";;Ended OK;Purge des logs;PURGE_FICHIER.exe;Job;No;1;No;CTMSRV;CRTCRT_E21TEC_XX_Q;crtuser;wdkcrttdp01;wdkcrttdp01;3mkk1
CRT-CRT;CRTCRT_E21TEC_XX_Q;CRTCRT_E21TEC_XX_PUR01_Q;"February 20, 2026";"February 21, 2026 7:00:00 AM";"February 21, 2026 7:00:05 AM";;Ended OK;Purge des logs;PURGE_FICHIER.exe;Job;No;1;No;CTMSRV;CRTCRT_E21TEC_XX_Q;crtuser;wdkcrtg2p01;wdkcrtg2p01;3mkjv
CRT-CRT;CRTCRT_E21TEC_XX_Q;CRTCRT_E21TEC_XX_PUR01_Q;"February 20, 2026";"February 21, 2026 7:00:00 AM";"February 21, 2026 7:00:05 AM";;Ended OK;Purge des logs;PURGE_FICHIER.exe;Job;No;1;No;CTMSRV;CRTCRT_E21TEC_XX_Q;crtuser;wdkcrtg2p02;wdkcrtg2p02;3mkjw
CRT-CRT;CRTCRT_E21TEC_XX_Q;CRTCRT_E21TEC_XX_PUR01_Q;"February 20, 2026";"February 21, 2026 7:00:00 AM";"February 21, 2026 7:00:07 AM";;Ended OK;Purge des logs;PURGE_FICHIER.exe;Job;No;1;No;CTMSRV;CRTCRT_E21TEC_XX_Q;crtuser;wdkcrtbcp04;wdkcrtbcp04;3mkjo
CRT-CRT;CRTCRT_E21TEC_XX_Q;CRTCRT_E21TEC_XX_PUR01_Q;"February 20, 2026";"February 21, 2026 7:00:00 AM";"February 21, 2026 7:00:07 AM";;Ended OK;Purge des logs;PURGE_FICHIER.exe;Job;No;1;No;CTMSRV;CRTCRT_E21TEC_XX_Q;crtuser;wdkcrtbgp01;wdkcrtbgp01;3mkjq
CRT-CRT;CRTCRT_E21TEC_XX_Q;CRTCRT_E21TEC_XX_PUR01_Q;"February 20, 2026";"February 21, 2026 7:00:00 AM";"February 21, 2026 7:00:07 AM";;Ended OK;Purge des logs;PURGE_FICHIER.exe;Job;No;1;No;CTMSRV;CRTCRT_E21TEC_XX_Q;crtuser;wdkcrttcp03;wdkcrttcp03;3mkk0
CRT-CRT;CRTCRT_E21TEC_XX_Q;CRTCRT_E21TEC_XX_PUR01_Q;"February 20, 2026";"February 21, 2026 7:00:00 AM";"February 21, 2026 7:00:08 AM";;Ended OK;Purge des logs;PURGE_FICHIER.exe;Job;No;1;No;CTMSRV;CRTCRT_E21TEC_XX_Q;crtuser;wdkcrttcp02;wdkcrttcp02;3mkjz
CRT-CRT;CRTCRT_E21TEC_XX_Q;CRTCRT_E21TEC_XX_PUR01_Q;"February 20, 2026";"February 21, 2026 7:00:00 AM";"February 21, 2026 7:00:08 AM";;Ended OK;Purge des logs;PURGE_FICHIER.exe;Job;No;1;No;CTMSRV;CRTCRT_E21TEC_XX_Q;crtuser;wdkcrttdp03;wdkcrttdp03;3mkk3
CRT-CRT;CRTCRT_E21TEC_XX_Q;CRTCRT_E21TEC_XX_PUR01_Q;"February 20, 2026";"February 21, 2026 7:00:00 AM";"February 21, 2026 7:00:08 AM";;Ended OK;Purge des logs;PURGE_FICHIER.exe;Job;No;1;No;CTMSRV;CRTCRT_E21TEC_XX_Q;crtuser;wdkcrttmp03;wdkcrttmp03;3mkka
CRT-CRT;CRTCRT_E21TEC_XX_Q;CRTCRT_E21TEC_XX_PUR01_Q;"February 20, 2026";"February 21, 2026 7:00:00 AM";"February 21, 2026 7:00:09 AM";;Ended OK;Purge des logs;PURGE_FICHIER.exe;Job;No;1;No;CTMSRV;CRTCRT_E21TEC_XX_Q;crtuser;wdkcrtecp01;wdkcrtecp01;3mkjs
CRT-CRT;CRTCRT_E21TEC_XX_Q;CRTCRT_E21TEC_XX_PUR01_Q;"February 20, 2026";"February 21, 2026 7:00:00 AM";"February 21, 2026 7:00:09 AM";;Ended OK;Purge des logs;PURGE_FICHIER.exe;Job;No;1;No;CTMSRV;CRTCRT_E21TEC_XX_Q;crtuser;wdkcrtecp02;wdkcrtecp02;3mkjt
CRT-CRT;CRTCRT_E21TEC_XX_Q;CRTCRT_E21TEC_XX_PUR01_Q;"February 20, 2026";"February 21, 2026 7:00:00 AM";"February 21, 2026 7:00:09 AM";;Ended OK;Purge des logs;PURGE_FICHIER.exe;Job;No;1;No;CTMSRV;CRTCRT_E21TEC_XX_Q;crtuser;wdkcrttcp01;wdkcrttcp01;3mkjy
CRT-CRT;CRTCRT_E21TEC_XX_Q;CRTCRT_E21TEC_XX_PUR01_Q;"February 20, 2026";"February 21, 2026 7:00:00 AM";"February 21, 2026 7:00:09 AM";;Ended OK;Purge des logs;PURGE_FICHIER.exe;Job;No;1;No;CTMSRV;CRTCRT_E21TEC_XX_Q;crtuser;wdkcrtwbp02;wdkcrtwbp02;3mkkg
CRT-CRT;CRTCRT_E21TEC_XX_Q;CRTCRT_E21TEC_XX_PUR01_Q;"February 20, 2026";"February 21, 2026 7:00:00 AM";"February 21, 2026 7:00:11 AM";;Ended OK;Purge des logs;PURGE_FICHIER.exe;Job;No;1;No;CTMSRV;CRTCRT_E21TEC_XX_Q;crtuser;wdkcrtexp01;wdkcrtexp01;3mkju
CRT-CRT;CRTCRT_E21TEC_XX_Q;CRTCRT_E21TEC_XX_PUR01_Q;"February 20, 2026";"February 21, 2026 7:00:00 AM";"February 21, 2026 7:00:11 AM";;Ended OK;Purge des logs;PURGE_FICHIER.exe;Job;No;1;No;CTMSRV;CRTCRT_E21TEC_XX_Q;crtuser;wdkcrttdp06;wdkcrttdp06;3mkk6
CRT-CRT;CRTCRT_E21TEC_XX_Q;CRTCRT_E21TEC_XX_PUR01_Q;"February 20, 2026";"February 21, 2026 7:00:00 AM";"February 21, 2026 7:00:11 AM";;Ended OK;Purge des logs;PURGE_FICHIER.exe;Job;No;1;No;CTMSRV;CRTCRT_E21TEC_XX_Q;crtuser;wdkcrttmp04;wdkcrttmp04;3mkkb
CRT-CRT;CRTCRT_E21TEC_XX_Q;CRTCRT_E21TEC_XX_PUR01_Q;"February 20, 2026";"February 21, 2026 7:00:00 AM";"February 21, 2026 7:00:12 AM";;Ended OK;Purge des logs;PURGE_FICHIER.exe;Job;No;1;No;CTMSRV;CRTCRT_E21TEC_XX_Q;crtuser;wdkcrttmp02;wdkcrttmp02;3mkk9
CRT-CRT;CRTCRT_E21TEC_XX_Q;CRTCRT_E21TEC_XX_PUR01_Q;"February 20, 2026";"February 21, 2026 7:00:00 AM";"February 21, 2026 7:00:13 AM";;Ended OK;Purge des logs;PURGE_FICHIER.exe;Job;No;1;No;CTMSRV;CRTCRT_E21TEC_XX_Q;crtuser;wdkcrtbcp01;wdkcrtbcp01;3mkjl
CRT-CRT;CRTCRT_E21TEC_XX_Q;CRTCRT_E21TEC_XX_PUR01_Q;"February 20, 2026";"February 21, 2026 7:00:00 AM";"February 21, 2026 7:00:14 AM";;Ended OK;Purge des logs;PURGE_FICHIER.exe;Job;No;1;No;CTMSRV;CRTCRT_E21TEC_XX_Q;crtuser;wdkcrtbcp02;wdkcrtbcp02;3mkjm
CRT-CRT;CRTCRT_E21TEC_XX_Q;CRTCRT_E21TEC_XX_PUR01_Q;"February 20, 2026";"February 21, 2026 7:00:00 AM";"February 21, 2026 7:00:14 AM";;Ended OK;Purge des logs;PURGE_FICHIER.exe;Job;No;1;No;CTMSRV;CRTCRT_E21TEC_XX_Q;crtuser;wdkcrtbcp05;wdkcrtbcp05;3mkjp
CRT-CRT;CRTCRT_E21TEC_XX_Q;CRTCRT_E21TEC_XX_PUR01_Q;"February 20, 2026";"February 21, 2026 7:00:00 AM";"February 21, 2026 7:00:14 AM";;Ended OK;Purge des logs;PURGE_FICHIER.exe;Job;No;1;No;CTMSRV;CRTCRT_E21TEC_XX_Q;crtuser;wdkcrttmp05;wdkcrttmp05;3mkkc
CRT-CRT;CRTCRT_E21TEC_XX_Q;CRTCRT_E21TEC_XX_PUR01_Q;"February 20, 2026";"February 21, 2026 7:00:00 AM";"February 21, 2026 7:00:15 AM";;Ended OK;Purge des logs;PURGE_FICHIER.exe;Job;No;1;No;CTMSRV;CRTCRT_E21TEC_XX_Q;crtuser;wdkcrtbcp03;wdkcrtbcp03;3mkjn
CRT-CRT;CRTCRT_E21TEC_XX_Q;CRTCRT_E21TEC_XX_PUR01_Q;"February 20, 2026";"February 21, 2026 7:00:00 AM";"February 21, 2026 7:00:16 AM";;Ended Not OK;Purge des logs;PURGE_FICHIER.exe;Job;No;1;No;CTMSRV;CRTCRT_E21TEC_XX_Q;crtuser;wdkcrttmp01;wdkcrttmp01;3mkk8
CRT-CRT;CRTCRT_E21TEC_XX_Q;CRTCRT_E21TEC_XX_PUR01_Q;"February 20, 2026";"February 21, 2026 7:00:00 AM";"February 21, 2026 7:00:18 AM";;Ended OK;Purge des logs;PURGE_FICHIER.exe;Job;No;1;No;CTMSRV;CRTCRT_E21TEC_XX_Q;crtuser;wdkcrtinp01;wdkcrtinp01;3mkjx
CRT-CRT;CRTCRT_E21TEC_XX_Q;CRTCRT_E21TEC_XX_PUR01_Q;"February 20, 2026";"February 21, 2026 7:00:00 AM";"February 21, 2026 7:01:37 AM";;Ended OK;Purge des logs;PURGE_FICHIER.exe;Job;No;1;No;CTMSRV;CRTCRT_E21TEC_XX_Q;crtuser;wdkcrtwbp03;wdkcrtwbp03;3mkkh
CRT-CRT;CRTCRT_E21TEC_XX_Q;CRTCRT_E21TEC_XX_PUR01_Q;"February 20, 2026";"February 21, 2026 7:00:00 AM";"February 21, 2026 7:10:02 AM";;Ended OK;Purge des logs;PURGE_FICHIER.exe;Job;No;1;No;CTMSRV;CRTCRT_E21TEC_XX_Q;crtuser;wdkcrtb2p01;wdkcrtb2p01;3mkjk
CRT-CRT;CRTCRT_E21TEC_XX_Q;CRTCRT_E21TEC_XX_PUR01_Q;"February 20, 2026";"February 21, 2026 7:00:00 AM";"February 21, 2026 7:10:02 AM";;Ended OK;Purge des logs;PURGE_FICHIER.exe;Job;No;1;No;CTMSRV;CRTCRT_E21TEC_XX_Q;crtuser;wdkcrttwp01;wdkcrttwp01;3mkke
CRT-CRT;CRTCRT_E21TEC_XX_Q;CRTCRT_E21TEC_XX_PUR01_Q;"February 20, 2026";"February 21, 2026 7:00:00 AM";;;Executing;Purge des logs;PURGE_FICHIER.exe;Job;No;1;No;CTMSRV;CRTCRT_E21TEC_XX_Q;crtuser;wdkcrttgp01;wdkcrttgp01;3mkk7
CRT-CRT;CRTCRT_E21TEC_XX_Q;CRTCRT_E21TEC_XX_PUR01_Q;"February 20, 2026";"February 21, 2026 7:00:00 AM";;;Executing;Purge des logs;PURGE_FICHIER.exe;Job;No;1;No;CTMSRV;CRTCRT_E21TEC_XX_Q;crtuser;wdkcrttsp01;wdkcrttsp01;3mkkd
CRT-CRT;CRTCRT_E21TEC_XX_Q;CRTCRT_E21TEC_XX_PUR01_Q;"February 20, 2026";"February 21, 2026 7:00:00 AM";;;Executing;Purge des logs;PURGE_FICHIER.exe;Job;No;1;No;CTMSRV;CRTCRT_E21TEC_XX_Q;crtuser;wdkcrtwbp01;wdkcrtwbp01;3mkkf
CRT-CRT;CRTCRT_E21TEC_XX_Q;CRTCRT_E21TEC_XX_PUR01_Q;"February 20, 2026";;;;Wait Host;Purge des logs;PURGE_FICHIER.exe;Job;No;0;No;CTMSRV;CRTCRT_E21TEC_XX_Q;crtuser;wdkcrtcwp01;wdkcrtcwp01;3mkjr
CRT-CRT;CRTCRT_E21TEC_XX_Q;CRTCRT_E21TEC_XX_Q;"February 20, 2026";"February 20, 2026 1:30:12 PM";;;Executing;Chaine de purge et archivage  des logs sur les serveurs CRT;;SMART Table;No;1;No;CTMSRV;CRTCRT_E21TEC_XX_Q;;ldkctmp50;;3mkjj
CRT-CRT;CRTCRT_E21TRT_TW_Q;CRTCRT_E21TRT_TW_Q;"February 20, 2026";"February 20, 2026 3:00:00 PM";"February 20, 2026 9:00:29 PM";;Ended OK;Lancement du module de détection de trous d'historique CRT - 15h et 21h;;SMART Table;No;1;No;CTMSRV;CRTCRT_E21TRT_TW_Q;;ldkctmp50;;3ml4s
CRT-CRT;CRTCRT_E21TRT_TW_Q;CRTCRT_E21TRT_TW_WRK01_Q;"February 20, 2026";"February 20, 2026 9:00:00 PM";"February 20, 2026 9:00:28 PM";;Ended OK;Lancement du module de détection de trous d'historique CRT - 15h et 21h;historique_recherche_trou.bat;Job;No;2;Yes;CTMSRV;CRTCRT_E21TRT_TW_Q;crtuser;wdkcrttwp01;wdkcrttwp01;3ml4t
CRT-CRT;CRTCRT_EXPLOI_XX_Q;CRTCRT_E22TEC_BC_CTL01_Q;"February 20, 2026";"February 21, 2026 7:00:00 AM";"February 21, 2026 7:00:06 AM";;Ended OK;WDKCRTBCxxx : Check Service PanoAdmin;CRT_CHECK_BRIDGECTRL;Command;No;1;No;CTMSRV;CRTCRT_EXPLOI_XX_Q/CRTCRT_E22TEC_BC_Q;crtuser;wdkcrtbcp04;wdkcrtbcp04;3ml0z
CRT-CRT;CRTCRT_EXPLOI_XX_Q;CRTCRT_E22TEC_BC_CTL01_Q;"February 20, 2026";"February 21, 2026 7:00:00 AM";"February 21, 2026 7:00:07 AM";;Ended OK;WDKCRTBCxxx : Check Service PanoAdmin;CRT_CHECK_BRIDGECTRL;Command;No;1;No;CTMSRV;CRTCRT_EXPLOI_XX_Q/CRTCRT_E22TEC_BC_Q;crtuser;wdkcrtbcp03;wdkcrtbcp03;3ml0y
CRT-CRT;CRTCRT_EXPLOI_XX_Q;CRTCRT_E22TEC_BC_CTL01_Q;"February 20, 2026";"February 21, 2026 7:00:00 AM";"February 21, 2026 7:00:08 AM";;Ended OK;WDKCRTBCxxx : Check Service PanoAdmin;CRT_CHECK_BRIDGECTRL;Command;No;1;No;CTMSRV;CRTCRT_EXPLOI_XX_Q/CRTCRT_E22TEC_BC_Q;crtuser;wdkcrtbcp01;wdkcrtbcp01;3ml0w
CRT-CRT;CRTCRT_EXPLOI_XX_Q;CRTCRT_E22TEC_BC_CTL01_Q;"February 20, 2026";"February 21, 2026 7:00:00 AM";"February 21, 2026 7:00:14 AM";;Ended OK;WDKCRTBCxxx : Check Service PanoAdmin;CRT_CHECK_BRIDGECTRL;Command;No;1;No;CTMSRV;CRTCRT_EXPLOI_XX_Q/CRTCRT_E22TEC_BC_Q;crtuser;wdkcrtbcp02;wdkcrtbcp02;3ml0x
CRT-CRT;CRTCRT_EXPLOI_XX_Q;CRTCRT_E22TEC_BC_CTL01_Q;"February 20, 2026";"February 21, 2026 7:00:00 AM";"February 21, 2026 7:00:14 AM";;Ended OK;WDKCRTBCxxx : Check Service PanoAdmin;CRT_CHECK_BRIDGECTRL;Command;No;1;No;CTMSRV;CRTCRT_EXPLOI_XX_Q/CRTCRT_E22TEC_BC_Q;crtuser;wdkcrtbcp05;wdkcrtbcp05;3ml10
CRT-CRT;CRTCRT_EXPLOI_XX_Q;CRTCRT_E22TEC_BC_CTL02_Q;"February 20, 2026";"February 21, 2026 7:00:00 AM";"February 21, 2026 7:00:05 AM";;Ended OK;WDKCRTBCxxx : Check Service Composer;CRT_CHECK_BRIDGECTRL;Command;No;1;No;CTMSRV;CRTCRT_EXPLOI_XX_Q/CRTCRT_E22TEC_BC_Q;crtuser;wdkcrtbcp04;wdkcrtbcp04;3ml14
CRT-CRT;CRTCRT_EXPLOI_XX_Q;CRTCRT_E22TEC_BC_CTL02_Q;"February 20, 2026";"February 21, 2026 7:00:00 AM";"February 21, 2026 7:00:07 AM";;Ended OK;WDKCRTBCxxx : Check Service Composer;CRT_CHECK_BRIDGECTRL;Command;No;1;No;CTMSRV;CRTCRT_EXPLOI_XX_Q/CRTCRT_E22TEC_BC_Q;crtuser;wdkcrtbcp03;wdkcrtbcp03;3ml13
CRT-CRT;CRTCRT_EXPLOI_XX_Q;CRTCRT_E22TEC_BC_CTL02_Q;"February 20, 2026";"February 21, 2026 7:00:00 AM";"February 21, 2026 7:00:08 AM";;Ended OK;WDKCRTBCxxx : Check Service Composer;CRT_CHECK_BRIDGECTRL;Command;No;1;No;CTMSRV;CRTCRT_EXPLOI_XX_Q/CRTCRT_E22TEC_BC_Q;crtuser;wdkcrtbcp01;wdkcrtbcp01;3ml11
CRT-CRT;CRTCRT_EXPLOI_XX_Q;CRTCRT_E22TEC_BC_CTL02_Q;"February 20, 2026";"February 21, 2026 7:00:00 AM";"February 21, 2026 7:00:10 AM";;Ended OK;WDKCRTBCxxx : Check Service Composer;CRT_CHECK_BRIDGECTRL;Command;No;1;No;CTMSRV;CRTCRT_EXPLOI_XX_Q/CRTCRT_E22TEC_BC_Q;crtuser;wdkcrtbcp02;wdkcrtbcp02;3ml12
CRT-CRT;CRTCRT_EXPLOI_XX_Q;CRTCRT_E22TEC_BC_CTL02_Q;"February 20, 2026";"February 21, 2026 7:00:00 AM";"February 21, 2026 7:00:11 AM";;Ended OK;WDKCRTBCxxx : Check Service Composer;CRT_CHECK_BRIDGECTRL;Command;No;1;No;CTMSRV;CRTCRT_EXPLOI_XX_Q/CRTCRT_E22TEC_BC_Q;crtuser;wdkcrtbcp05;wdkcrtbcp05;3ml15
CRT-CRT;CRTCRT_EXPLOI_XX_Q;CRTCRT_E22TEC_BC_Q;"February 20, 2026";"February 21, 2026 7:00:00 AM";"February 21, 2026 7:00:15 AM";;Ended OK;Controle Service BACNET;;Sub-Table;No;1;No;CTMSRV;CRTCRT_EXPLOI_XX_Q;crtuser;ldkctmp50;;3ml0v
CRT-CRT;CRTCRT_EXPLOI_XX_Q;CRTCRT_E22TEC_BG_CTL01_Q;"February 20, 2026";"February 21, 2026 7:00:00 AM";"February 21, 2026 7:00:23 AM";;Ended OK;WDKCRTBGx01 : Check BridgeCtrl.exe STATUS;CRT_CHECK_BRIDGECTRL;Command;No;1;No;CTMSRV;CRTCRT_EXPLOI_XX_Q/CRTCRT_E22TEC_BG_Q;crtuser;wdkcrttwp01;A_W_CRTTW01;3ml17
CRT-CRT;CRTCRT_EXPLOI_XX_Q;CRTCRT_E22TEC_BG_Q;"February 20, 2026";"February 21, 2026 7:00:00 AM";"February 21, 2026 7:00:24 AM";;Ended OK;Controle Bridge Clients  et les CRTs;;Sub-Table;No;1;No;CTMSRV;CRTCRT_EXPLOI_XX_Q;crtuser;ldkctmp50;;3ml16
CRT-CRT;CRTCRT_EXPLOI_XX_Q;CRTCRT_E22TEC_BS_CTL01_Q;"February 20, 2026";"February 21, 2026 7:00:00 AM";"February 21, 2026 7:00:14 AM";;Ended OK;LDKCRTBSx01 : Check KafkaZookeeper;AllKafkaZookeeper.sh;Command;No;1;No;CTMSRV;CRTCRT_EXPLOI_XX_Q/CRTCRT_E22TEC_BS_Q;crt-admin;ldkcrtbap01;A_L_CRTBA01;3ml19
CRT-CRT;CRTCRT_EXPLOI_XX_Q;CRTCRT_E22TEC_BS_CTL02_Q;"February 20, 2026";"February 21, 2026 7:00:00 AM";"February 21, 2026 7:00:02 AM";;Ended OK;LDKCRTBSx01 : Check Worker et Master;spark-cluster-status;Command;No;1;No;CTMSRV;CRTCRT_EXPLOI_XX_Q/CRTCRT_E22TEC_BS_Q;busadm;ldkcrtbsp01;A_L_CRTBS01;3ml1a
CRT-CRT;CRTCRT_EXPLOI_XX_Q;CRTCRT_E22TEC_BS_CTL03_Q;"February 20, 2026";"February 21, 2026 7:00:00 AM";"February 21, 2026 7:00:02 AM";;Ended OK;LDKCRTBSx01 : Check Applications;spark-apps-status;Command;No;1;No;CTMSRV;CRTCRT_EXPLOI_XX_Q/CRTCRT_E22TEC_BS_Q;busadm;ldkcrtbsp01;A_L_CRTBS01;3ml1b
CRT-CRT;CRTCRT_EXPLOI_XX_Q;CRTCRT_E22TEC_BS_Q;"February 20, 2026";"February 21, 2026 7:00:00 AM";"February 21, 2026 7:00:14 AM";;Ended OK;Controle du Bus Streaming;;Sub-Table;No;1;No;CTMSRV;CRTCRT_EXPLOI_XX_Q;busadm;ldkctmp50;;3ml18
CRT-CRT;CRTCRT_EXPLOI_XX_Q;CRTCRT_E22TEC_EC_CTL01_Q;"February 20, 2026";"February 21, 2026 7:00:00 AM";"February 21, 2026 7:00:05 AM";;Ended OK;WDKCRTECxxx : Check Service CRT TransFTP;CRT_CHECK_BRIDGECTRL;Command;No;1;No;CTMSRV;CRTCRT_EXPLOI_XX_Q/CRTCRT_E22TEC_EC_Q;crtuser;wdkcrtecp02;wdkcrtecp02;3ml1e
CRT-CRT;CRTCRT_EXPLOI_XX_Q;CRTCRT_E22TEC_EC_CTL01_Q;"February 20, 2026";"February 21, 2026 7:00:00 AM";"February 21, 2026 7:00:06 AM";;Ended OK;WDKCRTECxxx : Check Service CRT TransFTP;CRT_CHECK_BRIDGECTRL;Command;No;1;No;CTMSRV;CRTCRT_EXPLOI_XX_Q/CRTCRT_E22TEC_EC_Q;crtuser;wdkcrtecp01;wdkcrtecp01;3ml1d
CRT-CRT;CRTCRT_EXPLOI_XX_Q;CRTCRT_E22TEC_EC_Q;"February 20, 2026";"February 21, 2026 7:00:00 AM";"February 21, 2026 7:00:07 AM";;Ended OK;Controle Service CRT TransFTP;;Sub-Table;No;1;No;CTMSRV;CRTCRT_EXPLOI_XX_Q;crtuser;ldkctmp50;;3ml1c
CRT-CRT;CRTCRT_EXPLOI_XX_Q;CRTCRT_E22TEC_MS_CTL01_Q;"February 20, 2026";"February 21, 2026 7:00:00 AM";"February 21, 2026 7:00:02 AM";;Ended OK;LDKCRTMSxxx : Check des commandes curl MicroServices;check_microservices.ksh;Job;No;1;No;CTMSRV;CRTCRT_EXPLOI_XX_Q/CRTCRT_E22TEC_MS_Q;root;ldkcrtmsp01;ldkcrtmsp01;3ml1g
CRT-CRT;CRTCRT_EXPLOI_XX_Q;CRTCRT_E22TEC_MS_CTL01_Q;"February 20, 2026";"February 21, 2026 7:00:00 AM";"February 21, 2026 7:00:03 AM";;Ended OK;LDKCRTMSxxx : Check des commandes curl MicroServices;check_microservices.ksh;Job;No;1;No;CTMSRV;CRTCRT_EXPLOI_XX_Q/CRTCRT_E22TEC_MS_Q;root;ldkcrtmsp02;ldkcrtmsp02;3ml1h
CRT-CRT;CRTCRT_EXPLOI_XX_Q;CRTCRT_E22TEC_MS_Q;"February 20, 2026";"February 21, 2026 7:00:00 AM";"February 21, 2026 7:00:03 AM";;Ended OK;Controle des MicroServices;;Sub-Table;No;1;No;CTMSRV;CRTCRT_EXPLOI_XX_Q;root;ldkctmp50;;3ml1f
CRT-CRT;CRTCRT_EXPLOI_XX_Q;CRTCRT_E22TEC_TD_CTL01_Q;"February 20, 2026";"February 21, 2026 7:00:00 AM";"February 21, 2026 7:00:02 AM";;Ended OK;WDKCRTTDxxx : Check Service datarelay;CRT_CHECK_BRIDGECTRL;Command;No;1;No;CTMSRV;CRTCRT_EXPLOI_XX_Q/CRTCRT_E22TEC_TD_Q;crtuser;wdkcrttdp01;wdkcrttdp01;3ml1j
CRT-CRT;CRTCRT_EXPLOI_XX_Q;CRTCRT_E22TEC_TD_CTL01_Q;"February 20, 2026";"February 21, 2026 7:00:00 AM";"February 21, 2026 7:00:02 AM";;Ended OK;WDKCRTTDxxx : Check Service datarelay;CRT_CHECK_BRIDGECTRL;Command;No;1;No;CTMSRV;CRTCRT_EXPLOI_XX_Q/CRTCRT_E22TEC_TD_Q;crtuser;wdkcrttdp02;wdkcrttdp02;3ml1k
CRT-CRT;CRTCRT_EXPLOI_XX_Q;CRTCRT_E22TEC_TD_CTL01_Q;"February 20, 2026";"February 21, 2026 7:00:00 AM";"February 21, 2026 7:00:02 AM";;Ended OK;WDKCRTTDxxx : Check Service datarelay;CRT_CHECK_BRIDGECTRL;Command;No;1;No;CTMSRV;CRTCRT_EXPLOI_XX_Q/CRTCRT_E22TEC_TD_Q;crtuser;wdkcrttdp04;wdkcrttdp04;3ml1m
CRT-CRT;CRTCRT_EXPLOI_XX_Q;CRTCRT_E22TEC_TD_CTL01_Q;"February 20, 2026";"February 21, 2026 7:00:00 AM";"February 21, 2026 7:00:02 AM";;Ended OK;WDKCRTTDxxx : Check Service datarelay;CRT_CHECK_BRIDGECTRL;Command;No;1;No;CTMSRV;CRTCRT_EXPLOI_XX_Q/CRTCRT_E22TEC_TD_Q;crtuser;wdkcrttdp05;wdkcrttdp05;3ml1n
CRT-CRT;CRTCRT_EXPLOI_XX_Q;CRTCRT_E22TEC_TD_CTL01_Q;"February 20, 2026";"February 21, 2026 7:00:00 AM";"February 21, 2026 7:00:03 AM";;Ended OK;WDKCRTTDxxx : Check Service datarelay;CRT_CHECK_BRIDGECTRL;Command;No;1;No;CTMSRV;CRTCRT_EXPLOI_XX_Q/CRTCRT_E22TEC_TD_Q;crtuser;wdkcrttdp03;wdkcrttdp03;3ml1l
CRT-CRT;CRTCRT_EXPLOI_XX_Q;CRTCRT_E22TEC_TD_CTL01_Q;"February 20, 2026";"February 21, 2026 7:00:00 AM";"February 21, 2026 7:00:05 AM";;Ended OK;WDKCRTTDxxx : Check Service datarelay;CRT_CHECK_BRIDGECTRL;Command;No;1;No;CTMSRV;CRTCRT_EXPLOI_XX_Q/CRTCRT_E22TEC_TD_Q;crtuser;wdkcrttdp06;wdkcrttdp06;3ml1o
CRT-CRT;CRTCRT_EXPLOI_XX_Q;CRTCRT_E22TEC_TD_Q;"February 20, 2026";"February 21, 2026 7:00:00 AM";"February 21, 2026 7:00:05 AM";;Ended OK;Controle Service Trend;;Sub-Table;No;1;No;CTMSRV;CRTCRT_EXPLOI_XX_Q;crtuser;ldkctmp50;;3ml1i
CRT-CRT;CRTCRT_EXPLOI_XX_Q;CRTCRT_E22TEC_TW_CTL01_Q;"February 20, 2026";"February 21, 2026 7:00:00 AM";"February 21, 2026 7:00:06 AM";;Ended OK;WDKCRTTWx01 : Check Service CRT SpvApp;CRT_CHECK_BRIDGECTRL;Command;No;1;No;CTMSRV;CRTCRT_EXPLOI_XX_Q/CRTCRT_E22TEC_TW_Q;crtuser;wdkcrttwp01;wdkcrttwp01;3ml1q
CRT-CRT;CRTCRT_EXPLOI_XX_Q;CRTCRT_E22TEC_TW_Q;"February 20, 2026";"February 21, 2026 7:00:00 AM";"February 21, 2026 7:00:07 AM";;Ended OK;Controle Service CRT SpvApp;;Sub-Table;No;1;No;CTMSRV;CRTCRT_EXPLOI_XX_Q;crtuser;ldkctmp50;;3ml1p
CRT-CRT;CRTCRT_EXPLOI_XX_Q;CRTCRT_E22TEC_XX_MEL01_O;"February 20, 2026";"February 21, 2026 7:00:26 AM";"February 21, 2026 7:00:28 AM";;Ended OK;Notification par Mail du suivi quotidien du CRT;CRT_NOTIF_MAIL;Command;No;1;No;CTMSRV;CRTCRT_E22TEC_XX_O;root;ldkctmp50;ldkctmp50;3mmq4
CRT-CRT;CRTCRT_EXPLOI_XX_Q;CRTCRT_E23TEC_BG_CTL01_Q;"February 20, 2026";"February 21, 2026 7:00:00 AM";"February 21, 2026 7:00:00 AM";;Ended OK;WDKCRTBGxxx : Check Service Tomcat7  Bridge générique;CRT_CHECK_BRIDGECTRL;Dummy;No;1;No;CTMSRV;CRTCRT_EXPLOI_XX_Q/CRTCRT_E23TEC_BG_Q;crtuser;;A_W_CRTBG01;3ml1s
CRT-CRT;CRTCRT_EXPLOI_XX_Q;CRTCRT_E23TEC_BG_CTL02_Q;"February 20, 2026";"February 21, 2026 7:00:00 AM";"February 21, 2026 7:00:00 AM";;Ended OK;WDKCRTBGxxx : Check Service CRTService Bridge générique;CRT_CHECK_BRIDGECTRL;Dummy;No;1;No;CTMSRV;CRTCRT_EXPLOI_XX_Q/CRTCRT_E23TEC_BG_Q;crtuser;;A_W_CRTBG01;3ml1t
CRT-CRT;CRTCRT_EXPLOI_XX_Q;CRTCRT_E23TEC_BG_Q;"February 20, 2026";"February 21, 2026 7:00:00 AM";"February 21, 2026 7:00:01 AM";;Ended OK;Controle Services Bridge Générique;;Sub-Table;No;1;No;CTMSRV;CRTCRT_EXPLOI_XX_Q;crtuser;ldkctmp50;;3ml1r
CRT-CRT;CRTCRT_EXPLOI_XX_Q;CRTCRT_E23TEC_TS_CTL01_Q;"February 20, 2026";"February 21, 2026 7:00:00 AM";"February 21, 2026 7:00:02 AM";;Ended OK;WDKCRTTSx01 : Check Service Tomcat7;CRT_CHECK_BRIDGECTRL;Command;No;1;No;CTMSRV;CRTCRT_EXPLOI_XX_Q/CRTCRT_E23TEC_TS_Q;crtuser;wdkcrttsp01;A_W_CRTTS01;3ml1v
CRT-CRT;CRTCRT_EXPLOI_XX_Q;CRTCRT_E23TEC_TS_CTL02_Q;"February 20, 2026";"February 21, 2026 7:00:00 AM";"February 21, 2026 7:00:02 AM";;Ended OK;WDKCRTTSx01 : Check Service CRT CipRip;CRT_CHECK_BRIDGECTRL;Command;No;1;No;CTMSRV;CRTCRT_EXPLOI_XX_Q/CRTCRT_E23TEC_TS_Q;crtuser;wdkcrttsp01;A_W_CRTTS01;3ml1w
CRT-CRT;CRTCRT_EXPLOI_XX_Q;CRTCRT_E23TEC_TS_Q;"February 20, 2026";"February 21, 2026 7:00:00 AM";"February 21, 2026 7:00:02 AM";;Ended OK;Controle Services Bridge Générique;;Sub-Table;No;1;No;CTMSRV;CRTCRT_EXPLOI_XX_Q;crtuser;ldkctmp50;;3ml1u
CRT-CRT;CRTCRT_EXPLOI_XX_Q;CRTCRT_EXPLOI_XX_Q;"February 20, 2026";"February 21, 2026 7:00:00 AM";"February 21, 2026 7:00:25 AM";;Ended OK;CRT : Controle de la plateforme CRT;;SMART Table;No;1;No;CTMSRV;CRTCRT_EXPLOI_XX_Q;crtuser;ldkctmp50;;3ml0u
CRT-CRT;CRTCRT_J11TRT_04_Q;CRTCRT_J11TRT_04_CAL01_Q;"February 20, 2026";"February 20, 2026 8:00:00 PM";"February 20, 2026 8:00:51 PM";;Ended OK;CRT : Module Calcul;;Command;No;1;No;CTMSRV;CRTCRT_J11TRT_04_Q;crtuser;wdkcrttsp01;A_W_CRTTS01;3mmmf
CRT-CRT;CRTCRT_J11TRT_04_Q;CRTCRT_J11TRT_04_CAL02_Q;"February 20, 2026";"February 20, 2026 3:00:00 PM";"February 20, 2026 3:00:59 PM";;Ended OK;CRT : ModuleCalculSansEchec;;Command;No;1;No;CTMSRV;CRTCRT_J11TRT_04_Q;crtuser;wdkcrttsp01;A_W_CRTTS01;3mmmg
CRT-CRT;CRTCRT_J11TRT_04_Q;CRTCRT_J11TRT_04_CAL03_Q;"February 20, 2026";"February 20, 2026 1:30:13 PM";"February 20, 2026 1:32:14 PM";;Ended OK;CRT : ModuleCalculTMA;;Command;No;1;No;CTMSRV;CRTCRT_J11TRT_04_Q;crtuser;wdkcrttsp01;A_W_CRTTS01;3mmmh
CRT-CRT;CRTCRT_J11TRT_04_Q;CRTCRT_J11TRT_04_Q;"February 20, 2026";"February 20, 2026 1:30:13 PM";;;Executing;CRT : Batchs APP CRT;;SMART Table;No;1;No;CTMSRV;CRTCRT_J11TRT_04_Q;crtuser;;;3mmmc
CRT-CRT;CRTCRT_J11TRT_04_Q;CRTCRT_J11TRT_04_WRK01_Q;"February 20, 2026";"February 21, 2026 8:06:00 AM";"February 21, 2026 8:06:01 AM";;Wait for Event;CRT : Memory_Check;;Command;No;1097;Yes;CTMSRV;CRTCRT_J11TRT_04_Q;crtuser;wdkcrtg2p01;A_W_CRTG201;3mmmd
CRT-CRT;CRTCRT_J11TRT_04_Q;CRTCRT_J11TRT_04_WRK02_Q;"February 20, 2026";"February 21, 2026 8:06:00 AM";"February 21, 2026 8:06:01 AM";;Wait for Event;CRT : Memory_Check;;Command;No;1097;Yes;CTMSRV;CRTCRT_J11TRT_04_Q;crtuser;wdkcrtg2p02;A_W_CRTG202;3mmme
CRT-CRT;CRTCRT_J12TRT_04_Q;CRTCRT_J12TRT_04_EXP27_Q;"February 20, 2026";"February 20, 2026 10:30:00 PM";"February 20, 2026 10:30:11 PM";;Ended Not OK;CRT : Lancement de l'export hierarchie CRT;ExportHisto.bat;Job;No;1;No;CTMSRV;CRTCRT_J12TRT_04_Q;crtuser;wdkcrtexp01;A_W_CRTEX01;3mkp8
CRT-CRT;CRTCRT_J12TRT_04_Q;CRTCRT_J12TRT_04_Q;"February 20, 2026";"February 20, 2026 1:30:12 PM";;;Executing;CRT : Batchs Echanges CRT;;SMART Table;No;1;No;CTMSRV;CRTCRT_J12TRT_04_Q;crtuser;ldkctmp50;;3mkp5
CRT-CRT;CRTCRT_J12TRT_04_Q;CRTCRT_J12TRT_04_WRK06_Q;"February 20, 2026";"February 20, 2026 8:50:00 PM";"February 20, 2026 8:50:04 PM";;Ended OK;Déplacement des fichiers courbes de charges de valeurs corrigée mensuel pour prodelec;;Command;No;1;No;CTMSRV;CRTCRT_J12TRT_04_Q;crtuser;wdkcrtinp01;A_W_CRTIN01;3mkp6
CRT-CRT;CRTCRT_J12TRT_04_Q;CRTCRT_J12TRT_04_WRK07_Q;"February 20, 2026";"February 21, 2026 7:15:00 AM";"February 21, 2026 7:15:08 AM";;Wait for Event;Traitement des fichiers d'Energie de Strasbourg;;Command;No;18;Yes;CTMSRV;CRTCRT_J12TRT_04_Q;crtuser;wdkcrtinp01;A_W_CRTIN01;3mkp7
CRT-CRT;CRTCRT_J13TRT_04_Q;CRTCRT_J13TRT_04_EXP01_Q;"February 20, 2026";"February 20, 2026 10:00:00 PM";"February 20, 2026 10:00:05 PM";;Ended OK;CRT : Export_TLC;;Command;No;1;No;CTMSRV;CRTCRT_J13TRT_04_Q;crtuser;wdkcrttcp01;wdkcrttcp01;3mmi8
CRT-CRT;CRTCRT_J13TRT_04_Q;CRTCRT_J13TRT_04_EXP01_Q;"February 20, 2026";"February 20, 2026 10:00:00 PM";"February 20, 2026 10:00:05 PM";;Ended OK;CRT : Export_TLC;;Command;No;1;No;CTMSRV;CRTCRT_J13TRT_04_Q;crtuser;wdkcrttcp02;wdkcrttcp02;3mmi9
CRT-CRT;CRTCRT_J13TRT_04_Q;CRTCRT_J13TRT_04_EXP01_Q;"February 20, 2026";"February 20, 2026 10:00:00 PM";"February 20, 2026 10:00:05 PM";;Ended OK;CRT : Export_TLC;;Command;No;1;No;CTMSRV;CRTCRT_J13TRT_04_Q;crtuser;wdkcrttcp03;wdkcrttcp03;3mmia
CRT-CRT;CRTCRT_J13TRT_04_Q;CRTCRT_J13TRT_04_Q;"February 20, 2026";"February 20, 2026 1:30:13 PM";;;Executing;CRT : Batchs Frontaux CRT;;SMART Table;No;1;No;CTMSRV;CRTCRT_J13TRT_04_Q;crtuser;;;3mmi1
CRT-CRT;CRTCRT_J13TRT_04_Q;CRTCRT_J13TRT_04_WRK01_Q;"February 20, 2026";"February 21, 2026 8:06:00 AM";"February 21, 2026 8:06:03 AM";;Wait for Event;CRT : Suivi_Mémoire_Frontal_BACnet;;Command;No;1117;Yes;CTMSRV;CRTCRT_J13TRT_04_Q;crtuser;wdkcrtbcp04;wdkcrtbcp04;3mmi5
CRT-CRT;CRTCRT_J13TRT_04_Q;CRTCRT_J13TRT_04_WRK01_Q;"February 20, 2026";"February 21, 2026 8:06:00 AM";;;Executing;CRT : Suivi_Mémoire_Frontal_BACnet;;Command;No;1117;Yes;CTMSRV;CRTCRT_J13TRT_04_Q;crtuser;wdkcrtbcp01;wdkcrtbcp01;3mmi2
CRT-CRT;CRTCRT_J13TRT_04_Q;CRTCRT_J13TRT_04_WRK01_Q;"February 20, 2026";"February 21, 2026 8:06:00 AM";;;Executing;CRT : Suivi_Mémoire_Frontal_BACnet;;Command;No;1117;Yes;CTMSRV;CRTCRT_J13TRT_04_Q;crtuser;wdkcrtbcp02;wdkcrtbcp02;3mmi3
CRT-CRT;CRTCRT_J13TRT_04_Q;CRTCRT_J13TRT_04_WRK01_Q;"February 20, 2026";"February 21, 2026 8:06:00 AM";;;Executing;CRT : Suivi_Mémoire_Frontal_BACnet;;Command;No;1117;Yes;CTMSRV;CRTCRT_J13TRT_04_Q;crtuser;wdkcrtbcp03;wdkcrtbcp03;3mmi4
CRT-CRT;CRTCRT_J13TRT_04_Q;CRTCRT_J13TRT_04_WRK01_Q;"February 20, 2026";"February 21, 2026 8:06:00 AM";;;Executing;CRT : Suivi_Mémoire_Frontal_BACnet;;Command;No;1117;Yes;CTMSRV;CRTCRT_J13TRT_04_Q;crtuser;wdkcrtbcp05;wdkcrtbcp05;3mmi6
CRT-CRT;CRTCRT_J13TRT_04_Q;CRTCRT_J13TRT_04_WRK02_Q;"February 20, 2026";;;;Wait Host;CRT : Suivi_Mémoire_Frontal_TeleMetry;;Command;No;0;Yes;CTMSRV;CRTCRT_J13TRT_04_Q;crtuser;wdkcrtcwp01;wdkcrtcwp01;3mmi7
CRT-CRT;CRTCRT_J13TRT_04_Q;CRTCRT_J13TRT_04_WRK03_Q;"February 20, 2026";"February 21, 2026 8:06:00 AM";"February 21, 2026 8:06:02 AM";;Wait for Event;CRT : Suivi_Mémoire_Frontal_Trend;;Command;No;1117;Yes;CTMSRV;CRTCRT_J13TRT_04_Q;crtuser;wdkcrttdp01;wdkcrttdp01;3mmib
CRT-CRT;CRTCRT_J13TRT_04_Q;CRTCRT_J13TRT_04_WRK03_Q;"February 20, 2026";"February 21, 2026 8:06:00 AM";"February 21, 2026 8:06:02 AM";;Wait for Event;CRT : Suivi_Mémoire_Frontal_Trend;;Command;No;1117;Yes;CTMSRV;CRTCRT_J13TRT_04_Q;crtuser;wdkcrttdp03;wdkcrttdp03;3mmid
CRT-CRT;CRTCRT_J13TRT_04_Q;CRTCRT_J13TRT_04_WRK03_Q;"February 20, 2026";"February 21, 2026 8:06:00 AM";"February 21, 2026 8:06:02 AM";;Wait for Event;CRT : Suivi_Mémoire_Frontal_Trend;;Command;No;1117;Yes;CTMSRV;CRTCRT_J13TRT_04_Q;crtuser;wdkcrttdp04;wdkcrttdp04;3mmie
CRT-CRT;CRTCRT_J13TRT_04_Q;CRTCRT_J13TRT_04_WRK03_Q;"February 20, 2026";"February 21, 2026 8:06:00 AM";"February 21, 2026 8:06:02 AM";;Wait for Event;CRT : Suivi_Mémoire_Frontal_Trend;;Command;No;1117;Yes;CTMSRV;CRTCRT_J13TRT_04_Q;crtuser;wdkcrttdp05;wdkcrttdp05;3mmif
CRT-CRT;CRTCRT_J13TRT_04_Q;CRTCRT_J13TRT_04_WRK03_Q;"February 20, 2026";"February 21, 2026 8:06:00 AM";"February 21, 2026 8:06:02 AM";;Wait for Event;CRT : Suivi_Mémoire_Frontal_Trend;;Command;No;1117;Yes;CTMSRV;CRTCRT_J13TRT_04_Q;crtuser;wdkcrttdp06;wdkcrttdp06;3mmig
CRT-CRT;CRTCRT_J13TRT_04_Q;CRTCRT_J13TRT_04_WRK03_Q;"February 20, 2026";"February 21, 2026 8:06:00 AM";"February 21, 2026 8:06:03 AM";;Wait for Event;CRT : Suivi_Mémoire_Frontal_Trend;;Command;No;1117;Yes;CTMSRV;CRTCRT_J13TRT_04_Q;crtuser;wdkcrttdp02;wdkcrttdp02;3mmic
CRT-CRT;CRTCRT_J13TRT_04_Q;CRTCRT_J13TRT_04_WRK04_Q;"February 20, 2026";"February 21, 2026 8:06:00 AM";"February 21, 2026 8:06:02 AM";;Wait for Event;CRT : Suivi_Mémoire_Frontal_Telemetry;;Command;No;1117;Yes;CTMSRV;CRTCRT_J13TRT_04_Q;crtuser;wdkcrttmp01;wdkcrttmp01;3mmih
CRT-CRT;CRTCRT_J13TRT_04_Q;CRTCRT_J13TRT_04_WRK04_Q;"February 20, 2026";"February 21, 2026 8:06:00 AM";"February 21, 2026 8:06:02 AM";;Wait for Event;CRT : Suivi_Mémoire_Frontal_Telemetry;;Command;No;1117;Yes;CTMSRV;CRTCRT_J13TRT_04_Q;crtuser;wdkcrttmp02;wdkcrttmp02;3mmii
CRT-CRT;CRTCRT_J13TRT_04_Q;CRTCRT_J13TRT_04_WRK04_Q;"February 20, 2026";"February 21, 2026 8:06:00 AM";"February 21, 2026 8:06:02 AM";;Wait for Event;CRT : Suivi_Mémoire_Frontal_Telemetry;;Command;No;1117;Yes;CTMSRV;CRTCRT_J13TRT_04_Q;crtuser;wdkcrttmp03;wdkcrttmp03;3mmij
CRT-CRT;CRTCRT_J13TRT_04_Q;CRTCRT_J13TRT_04_WRK04_Q;"February 20, 2026";"February 21, 2026 8:06:00 AM";"February 21, 2026 8:06:02 AM";;Wait for Event;CRT : Suivi_Mémoire_Frontal_Telemetry;;Command;No;1117;Yes;CTMSRV;CRTCRT_J13TRT_04_Q;crtuser;wdkcrttmp05;wdkcrttmp05;3mmil
CRT-CRT;CRTCRT_J13TRT_04_Q;CRTCRT_J13TRT_04_WRK04_Q;"February 20, 2026";"February 21, 2026 8:06:00 AM";"February 21, 2026 8:06:03 AM";;Wait for Event;CRT : Suivi_Mémoire_Frontal_Telemetry;;Command;No;1117;Yes;CTMSRV;CRTCRT_J13TRT_04_Q;crtuser;wdkcrttmp04;wdkcrttmp04;3mmik
CTM-CONTROL-M;CTMCTM_E11AJF_08_A;CTMCTM_E11AJF_08_AJF01_A;"February 20, 2026";"February 20, 2026 1:30:12 PM";"February 20, 2026 1:30:12 PM";;Ended OK;AJF tables Annuelles (CTMPA);U512AJF010;Dummy;No;1;No;CTMSRV;CTMCTM_E11AJF_08_A;controlm;;SRV_PRIMAIRE;3mll5
CTM-CONTROL-M;CTMCTM_E11AJF_08_H;CTMCTM_E11AJF_08_AJF01_H;"February 20, 2026";"February 20, 2026 1:30:36 PM";"February 20, 2026 1:30:36 PM";;Ended OK;AJF tables Hebdomadaires (CTMPH);U512AJF010;Dummy;No;1;No;CTMSRV;CTMCTM_E11AJF_08_H;controlm;;SRV_PRIMAIRE;3mm03
CTM-CONTROL-M;CTMCTM_E11AJF_08_H;CTMCTM_E11AJF_08_AJF03_H;"February 20, 2026";"February 20, 2026 1:30:37 PM";"February 20, 2026 1:30:37 PM";;Ended OK;AJF tables Hebdomadaires CSCPH (CSC);U512AJF556;Dummy;No;1;No;CTMSRV;CTMCTM_E11AJF_08_H;controlm;;SRV_PRIMAIRE;3mm04
CTM-CONTROL-M;CTMCTM_E11AJF_08_H;CTMCTM_E11AJF_08_AJF04_H;"February 20, 2026";"February 20, 2026 1:30:39 PM";"February 20, 2026 1:30:39 PM";;Ended OK;AJF tables Hebdomadaires DIS (Dispatch);U512AJF556;Dummy;No;1;No;CTMSRV;CTMCTM_E11AJF_08_H;controlm;;SRV_PRIMAIRE;3mm05
CTM-CONTROL-M;CTMCTM_E11AJF_08_M;CTMCTM_E11AJF_08_AJF01_M;"February 20, 2026";"February 20, 2026 1:30:35 PM";"February 20, 2026 1:30:35 PM";;Ended OK;AJF tables Mensuelles (CTMPM);U512AJF010;Dummy;No;1;No;CTMSRV;CTMCTM_E11AJF_08_M;controlm;;SRV_PRIMAIRE;3mlwy
CTM-CONTROL-M;CTMCTM_E11AJF_08_M;CTMCTM_E11AJF_08_AJF23_M;"February 20, 2026";"February 20, 2026 1:30:42 PM";"February 20, 2026 1:30:42 PM";;Ended OK;AJF tables CLOTURE OA Finance L6;U512AJF160;Dummy;No;1;No;CTMSRV;CTMCTM_E11AJF_08_M;controlm;;SRV_PRIMAIRE;3mlwx
CTM-CONTROL-M;CTMCTM_E11AJF_08_Q;CTMCTM_E11AJF_08_AJF01_Q;"February 20, 2026";"February 20, 2026 1:30:29 PM";"February 20, 2026 1:30:29 PM";;Ended OK;AJF tables Quotidiennes (CTMPQ);U512AJF010;Dummy;No;1;No;CTMSRV;CTMCTM_E11AJF_08_Q;controlm;;SRV_PRIMAIRE;3mltt
CTM-CONTROL-M;CTMCTM_E11AJF_08_Q;CTMCTM_E11AJF_08_AJF04_Q;"February 20, 2026";"February 20, 2026 1:30:22 PM";"February 20, 2026 1:30:22 PM";;Ended OK;AJF tables Quotidiennes ETRM;U512AJF025;Dummy;No;1;No;CTMSRV;CTMCTM_E11AJF_08_Q;controlm;;SRV_PRIMAIRE;3mlt9
CTM-CONTROL-M;CTMCTM_E11AJF_08_Q;CTMCTM_E11AJF_08_AJF04_Q;"February 20, 2026";"February 20, 2026 1:30:48 PM";"February 20, 2026 1:30:48 PM";;Ended OK;AJF tables Quotidiennes ETRM;U512AJF025;Dummy;No;1;No;CTMSRV;CTMCTM_E11AJF_08_Q;controlm;;SRV_PRIMAIRE;3mlu3
CTM-CONTROL-M;CTMCTM_E11AJF_08_Q;CTMCTM_E11AJF_08_AJF06_Q;"February 20, 2026";"February 20, 2026 1:30:22 PM";"February 20, 2026 1:30:22 PM";;Ended OK;AJF tables Journalieres DWH;U512AJF080;Dummy;No;1;No;CTMSRV;CTMCTM_E11AJF_08_Q;controlm;;SRV_PRIMAIRE;3mlta
CTM-CONTROL-M;CTMCTM_E11AJF_08_Q;CTMCTM_E11AJF_08_AJF09_Q;"February 20, 2026";"February 20, 2026 1:30:23 PM";"February 20, 2026 1:30:23 PM";;Ended OK;AJF tables Journalieres ALADIN;U512AJF100;Dummy;No;1;No;CTMSRV;CTMCTM_E11AJF_08_Q;controlm;;SRV_PRIMAIRE;3mltb
CTM-CONTROL-M;CTMCTM_E11AJF_08_Q;CTMCTM_E11AJF_08_AJF12_Q;"February 20, 2026";"February 20, 2026 1:30:26 PM";"February 20, 2026 1:30:26 PM";;Ended OK;AJF tables Journalieres ECO;U512AJF120;Dummy;No;1;No;CTMSRV;CTMCTM_E11AJF_08_Q;controlm;;SRV_PRIMAIRE;3mltc
CTM-CONTROL-M;CTMCTM_E11AJF_08_Q;CTMCTM_E11AJF_08_AJF15_Q;"February 20, 2026";"February 20, 2026 1:30:23 PM";"February 20, 2026 1:30:23 PM";;Ended OK;AJF tables Journalieres MDM;U512AJF170;Dummy;No;1;No;CTMSRV;CTMCTM_E11AJF_08_Q;controlm;;SRV_PRIMAIRE;3mltd
CTM-CONTROL-M;CTMCTM_E11AJF_08_Q;CTMCTM_E11AJF_08_AJF20_Q;"February 20, 2026";"February 20, 2026 1:30:25 PM";"February 20, 2026 1:30:25 PM";;Ended OK;AJF tables Quotidiennes CID;U512AJF550;Dummy;No;1;No;CTMSRV;CTMCTM_E11AJF_08_Q;controlm;;SRV_PRIMAIRE;3mlte
CTM-CONTROL-M;CTMCTM_E11AJF_08_Q;CTMCTM_E11AJF_08_AJF21_Q;"February 20, 2026";"February 20, 2026 1:30:24 PM";"February 20, 2026 1:30:24 PM";;Ended OK;AJF tables Quoditiennes CID DEMANDE;U512AJF550;Dummy;No;1;No;CTMSRV;CTMCTM_E11AJF_08_Q;controlm;;SRV_PRIMAIRE;3mltf
CTM-CONTROL-M;CTMCTM_E11AJF_08_Q;CTMCTM_E11AJF_08_AJF23_Q;"February 20, 2026";"February 20, 2026 1:30:27 PM";"February 20, 2026 1:30:27 PM";;Ended OK;AJF tables Quotidiennes CSC;U512AJF556;Dummy;No;1;No;CTMSRV;CTMCTM_E11AJF_08_Q;controlm;;SRV_PRIMAIRE;3mltg
CTM-CONTROL-M;CTMCTM_E11AJF_08_Q;CTMCTM_E11AJF_08_AJF24_Q;"February 20, 2026";"February 20, 2026 1:31:00 PM";"February 20, 2026 1:31:00 PM";;Ended OK;ADD COND DWH a la montee au plan;U512AJF010;Dummy;No;1;No;CTMSRV;CTMCTM_E11AJF_08_Q;controlm;;SRV_PRIMAIRE;3mlth
CTM-CONTROL-M;CTMCTM_E11AJF_08_Q;CTMCTM_E11AJF_08_AJF27_Q;"February 20, 2026";"February 20, 2026 1:30:38 PM";"February 20, 2026 1:30:38 PM";;Ended OK;AJF tables Quotidiennes DISPATCH;U512AJF556;Dummy;No;1;No;CTMSRV;CTMCTM_E11AJF_08_Q;controlm;;SRV_PRIMAIRE;3mltu
CTM-CONTROL-M;CTMCTM_E11AJF_08_Q;CTMCTM_E11AJF_08_AJF28_Q;"February 20, 2026";"February 20, 2026 1:31:00 PM";"February 20, 2026 1:31:00 PM";;Ended OK;AJF tables Quotidiennes DTR;U512AJF080;Dummy;No;1;No;CTMSRV;CTMCTM_E11AJF_08_Q;controlm;;SRV_PRIMAIRE;3mlti
CTM-CONTROL-M;CTMCTM_E11AJF_08_Q;CTMCTM_E11AJF_08_AJF30_Q;"February 20, 2026";"February 20, 2026 1:30:29 PM";"February 20, 2026 1:30:29 PM";;Ended OK;AJF tables Journalieres PELICAN;U512AJF020;Dummy;No;1;No;CTMSRV;CTMCTM_E11AJF_08_Q;controlm;;SRV_PRIMAIRE;3mltj
CTM-CONTROL-M;CTMCTM_E11AJF_08_Q;CTMCTM_E11AJF_08_AJF39_Q;"February 20, 2026";"February 20, 2026 1:30:16 PM";"February 20, 2026 1:30:16 PM";;Ended OK;ADD COND SIGMA a la montee au plan;U512AJF010;Dummy;No;1;No;CTMSRV;CTMCTM_E11AJF_08_Q;controlm;;SRV_PRIMAIRE;3mltk
CTM-CONTROL-M;CTMCTM_E11AJF_08_Q;CTMCTM_E11AJF_08_AJF40_Q;"February 20, 2026";"February 20, 2026 1:30:30 PM";"February 20, 2026 1:30:30 PM";;Ended OK;AJF tables Journalieres SIGMA;U512AJF020;Dummy;No;1;No;CTMSRV;CTMCTM_E11AJF_08_Q;controlm;;SRV_PRIMAIRE;3mltl
CTM-CONTROL-M;CTMCTM_E11AJF_08_Q;CTMCTM_E11AJF_08_AJF432_Q;"February 20, 2026";"February 20, 2026 1:30:40 PM";"February 20, 2026 1:30:40 PM";;Ended OK;AJF tables Journalieres ENERGY sauf Samedi;U512AJF410;Dummy;No;1;No;CTMSRV;CTMCTM_E11AJF_08_Q;controlm;;SRV_PRIMAIRE;3mltv
CTM-CONTROL-M;CTMCTM_E11AJF_08_Q;CTMCTM_E11AJF_08_AJF43_Q;"February 20, 2026";"February 20, 2026 1:30:27 PM";"February 20, 2026 1:30:27 PM";;Ended OK;AJF tables Journalieres ENERGY;U512AJF410;Dummy;No;1;No;CTMSRV;CTMCTM_E11AJF_08_Q;controlm;;SRV_PRIMAIRE;3mltm
CTM-CONTROL-M;CTMCTM_E11AJF_08_Q;CTMCTM_E11AJF_08_AJF47_Q;"February 20, 2026";"February 20, 2026 1:30:29 PM";"February 20, 2026 1:30:29 PM";;Ended OK;ADD COND OAP a la montee au plan;U512AJF010;Dummy;No;1;No;CTMSRV;CTMCTM_E11AJF_08_Q;controlm;;SRV_PRIMAIRE;3mltn
CTM-CONTROL-M;CTMCTM_E11AJF_08_Q;CTMCTM_E11AJF_08_AJF48_Q;"February 20, 2026";"February 20, 2026 1:30:33 PM";"February 20, 2026 1:30:33 PM";;Ended OK;AJF tables Journalieres OAP;U512AJF020;Dummy;No;1;No;CTMSRV;CTMCTM_E11AJF_08_Q;controlm;;SRV_PRIMAIRE;3mlto
CTM-CONTROL-M;CTMCTM_E11AJF_08_Q;CTMCTM_E11AJF_08_AJF49_Q;"February 20, 2026";"February 20, 2026 1:30:31 PM";"February 20, 2026 1:30:31 PM";;Ended OK;AJF tables Journalieres matin OAP;U512AJF030;Dummy;No;1;No;CTMSRV;CTMCTM_E11AJF_08_Q;controlm;;SRV_PRIMAIRE;3mltp
CTM-CONTROL-M;CTMCTM_E11AJF_08_Q;CTMCTM_E11AJF_08_AJF51_Q;"February 20, 2026";"February 20, 2026 1:30:31 PM";"February 20, 2026 1:30:31 PM";;Ended OK;AJF tables Quotidiennes OAP sauf L1;U512AJF180;Dummy;No;1;No;CTMSRV;CTMCTM_E11AJF_08_Q;controlm;;SRV_PRIMAIRE;3mltq
CTM-CONTROL-M;CTMCTM_E11AJF_08_Q;CTMCTM_E11AJF_08_AJF52_Q;"February 20, 2026";"February 20, 2026 1:30:37 PM";"February 20, 2026 1:30:37 PM";;Ended OK;AJF tables Journalieres SIC;U512AJF410;Dummy;No;1;No;CTMSRV;CTMCTM_E11AJF_08_Q;controlm;;SRV_PRIMAIRE;3mltr
CTM-CONTROL-M;CTMCTM_E11AJF_08_Q;CTMCTM_E11AJF_08_AJF55_Q;"February 20, 2026";"February 20, 2026 1:30:32 PM";"February 20, 2026 1:30:32 PM";;Ended OK;ADD COND OFA a la montee au plan;U512AJF010;Dummy;No;1;No;CTMSRV;CTMCTM_E11AJF_08_Q;controlm;;SRV_PRIMAIRE;3mlts
CTM-CONTROL-M;CTMCTM_E11AJF_08_Q;CTMCTM_E11AJF_08_AJF58_Q;"February 20, 2026";"February 20, 2026 1:30:45 PM";"February 20, 2026 1:30:45 PM";;Ended OK;AJF tables Journalieres KDR;U512AJF170;Dummy;No;1;No;CTMSRV;CTMCTM_E11AJF_08_Q;controlm;;SRV_PRIMAIRE;3mltw
CTM-CONTROL-M;CTMCTM_E11AJF_08_Q;CTMCTM_E11AJF_08_AJF59_Q;"February 20, 2026";"February 20, 2026 1:30:44 PM";"February 20, 2026 1:30:44 PM";;Ended OK;AJF tables Journalieres FINANCE;U512AJF170;Dummy;No;1;No;CTMSRV;CTMCTM_E11AJF_08_Q;controlm;;SRV_PRIMAIRE;3mlty
CTM-CONTROL-M;CTMCTM_E11AJF_08_Q;CTMCTM_E11AJF_08_AJF60_Q;"February 20, 2026";"February 20, 2026 1:30:42 PM";"February 20, 2026 1:30:42 PM";;Ended OK;AJF tables Journaliere PREDTR;U512AJF170;Dummy;No;1;No;CTMSRV;CTMCTM_E11AJF_08_Q;controlm;;SRV_PRIMAIRE;3mltx
CTM-CONTROL-M;CTMCTM_E11AJF_08_Q;CTMCTM_E11AJF_08_AJF61_Q;"February 20, 2026";"February 20, 2026 1:30:43 PM";"February 20, 2026 1:30:43 PM";;Ended OK;AJF tables Journalieres ARS;U512AJF170;Dummy;No;1;No;CTMSRV;CTMCTM_E11AJF_08_Q;controlm;;SRV_PRIMAIRE;3mltz
CTM-CONTROL-M;CTMCTM_E11AJF_08_Q;CTMCTM_E11AJF_08_AJF62_Q;"February 20, 2026";"February 20, 2026 1:30:44 PM";"February 20, 2026 1:30:44 PM";;Ended OK;AJF tables Journalieres MBB;U512AJF170;Dummy;No;1;No;CTMSRV;CTMCTM_E11AJF_08_Q;controlm;;SRV_PRIMAIRE;3mlu0
CTM-CONTROL-M;CTMCTM_E11AJF_08_Q;CTMCTM_E11AJF_08_AJF63_Q;"February 20, 2026";"February 20, 2026 1:30:46 PM";"February 20, 2026 1:30:46 PM";;Ended OK;AJF tables Quotidiennes GDR;U512AJF025;Dummy;No;1;No;CTMSRV;CTMCTM_E11AJF_08_Q;controlm;;SRV_PRIMAIRE;3mlu1
CTM-CONTROL-M;CTMCTM_E11AJF_08_Q;CTMCTM_E11AJF_08_AJF64_Q;"February 20, 2026";"February 20, 2026 1:30:48 PM";"February 20, 2026 1:30:48 PM";;Ended OK;AJF tables Quotidiennes PKI;U512AJF025;Dummy;No;1;No;CTMSRV;CTMCTM_E11AJF_08_Q;controlm;;SRV_PRIMAIRE;3mlu2
CTM-CONTROL-M;CTMCTM_E11AJF_08_S;CTMCTM_E11AJF_08_AJF01_S;"February 20, 2026";"February 20, 2026 1:30:34 PM";"February 20, 2026 1:30:34 PM";;Ended OK;AJF tables Semestrielles (CTMPS);U512AJF010;Dummy;No;1;No;CTMSRV;CTMCTM_E11AJF_08_S;controlm;;SRV_PRIMAIRE;3mm0v
CTM-CONTROL-M;CTMCTM_E11STP_01_Q;CTMCTM_E11STP_01_SUB02_Q;"February 20, 2026";"February 20, 2026 8:00:00 PM";"February 20, 2026 8:00:00 PM";;Ended OK;Arret du serveur UDKEMB;ARRET_UDKEMB;Dummy;No;1;No;CTMSRV;CTMCTM_E11STP_01_Q;root;;;3ml4j
CTM-CONTROL-M;CTMCTM_E11TEC_04_Q;CTMCTM_E11TEC_04_SUB01_Q;"February 20, 2026";"February 21, 2026 12:05:00 AM";"February 21, 2026 12:05:00 AM";;Ended OK;Soumission scripts DWH a 00h05;SUBT0005 DWH;Dummy;No;1;No;CTMSRV;CTMCTM_E11TEC_04_Q;svce_cm;;;3mkvc
CTM-CONTROL-M;CTMCTM_E11TEC_04_Q;CTMCTM_E11TEC_04_SUB02_Q;"February 20, 2026";"February 21, 2026 2:00:00 AM";"February 21, 2026 2:00:00 AM";;Ended OK;Soumission scripts CITY a 01h00;CITY SUBT0200;Dummy;No;1;No;CTMSRV;CTMCTM_E11TEC_04_Q;svce_cm;;;3mkvd
CTM-CONTROL-M;CTMCTM_E11TEC_04_Q;CTMCTM_E11TEC_04_SUB03_Q;"February 20, 2026";"February 21, 2026 3:00:00 AM";"February 21, 2026 3:00:00 AM";;Ended OK;Soumission deblocage scripts HERCULE a 03h00;HERCULE SUBT0300 start  prod;Dummy;No;1;No;CTMSRV;CTMCTM_E11TEC_04_Q;svce_cm;;;3mkve
CTM-CONTROL-M;CTMCTM_E11TEC_04_Q;CTMCTM_E11TEC_04_SUB10_Q;"February 20, 2026";"February 20, 2026 1:30:12 PM";"February 20, 2026 1:30:12 PM";;Ended OK;Soumission scripts a 13H30;SUBT1330;Dummy;No;1;No;CTMSRV;CTMCTM_E11TEC_04_Q;svce_cm;;;3mkvf
CTM-CONTROL-M;CTMCTM_E11TEC_04_Q;CTMCTM_E11TEC_04_SUB11_Q;"February 20, 2026";"February 20, 2026 2:00:00 PM";"February 20, 2026 2:00:00 PM";;Ended OK;Soumission scripts a 14h00;SUBT1400;Dummy;No;1;No;CTMSRV;CTMCTM_E11TEC_04_Q;svce_cm;;;3mkvg
CTM-CONTROL-M;CTMCTM_E11TEC_04_Q;CTMCTM_E11TEC_04_SUB12_Q;"February 20, 2026";"February 20, 2026 3:00:00 PM";"February 20, 2026 3:00:00 PM";;Ended OK;Soumission scripts a 15h00;SUBT1500;Dummy;No;1;No;CTMSRV;CTMCTM_E11TEC_04_Q;svce_cm;;;3mkvh
CTM-CONTROL-M;CTMCTM_E11TEC_04_Q;CTMCTM_E11TEC_04_SUB16_Q;"February 20, 2026";"February 21, 2026 6:00:00 AM";"February 21, 2026 6:00:00 AM";;Ended OK;Soumission start service HERCULE à 07h00;HERCULE SUBT0700 stop prod;Dummy;No;1;No;CTMSRV;CTMCTM_E11TEC_04_Q;root;;;3mkvi
CTM-CONTROL-M;CTMCTM_E11TEC_04_Q;CTMCTM_E11TEC_04_SUB28_Q;"February 20, 2026";"February 20, 2026 2:00:00 PM";"February 20, 2026 2:00:00 PM";;Ended OK;Soumission scripts à 14h00;SUBT1400;Dummy;No;1;No;CTMSRV;CTMCTM_E11TEC_04_Q;root;;;3mkvj
CTM-CONTROL-M;CTMCTM_E11TEC_04_Q;CTMCTM_E11TEC_04_SUB29_Q;"February 20, 2026";"February 20, 2026 3:00:00 PM";"February 20, 2026 3:00:00 PM";;Ended OK;Soumission scripts à 15h00;SUBT1500;Dummy;No;1;No;CTMSRV;CTMCTM_E11TEC_04_Q;root;;;3mkvk
CTM-CONTROL-M;CTMCTM_E11TEC_04_Q;CTMCTM_E11TEC_04_SUB34_Q;"February 20, 2026";"February 20, 2026 9:30:00 PM";"February 20, 2026 9:30:00 PM";;Ended OK;Soumission scripts à 21H30;SUBT2130;Dummy;No;1;No;CTMSRV;CTMCTM_E11TEC_04_Q;root;;;3mkvl
CTM-CONTROL-M;CTMCTM_E12AJF_08_Q;CTMCTM_E12AJF_08_ACC01_Q;"February 20, 2026";"February 20, 2026 3:00:00 PM";"February 20, 2026 3:00:23 PM";;Ended OK;Accumulation des statistiques control_m;U512AJF510;Command;No;1;No;CTMSRV;CTMCTM_E12AJF_08_Q;controlm;ldkctmp50;SRV_PRIMAIRE;3mlb6
CTM-CONTROL-M;CTMCTM_E12AJF_08_Q;CTMCTM_E12AJF_08_DEL01_Q;"February 20, 2026";"February 20, 2026 1:30:17 PM";"February 20, 2026 1:31:19 PM";;Ended OK;Delete des conditions anterieures a 7 jours;U512AJF500;Command;No;1;No;CTMSRV;CTMCTM_E12AJF_08_Q;controlm;ldkctmp50;SRV_PRIMAIRE;3mlb5
CTM-CONTROL-M;CTMCTM_E12AJF_08_Q;CTMCTM_E12AJF_08_EXT01_Q;"February 20, 2026";"February 20, 2026 6:45:00 PM";"February 20, 2026 6:45:05 PM";;Ended OK;ctmldnrs: creation fic. conditions AJF absentes nof U514;U512AJF800;Command;No;1;No;CTMSRV;CTMCTM_E12AJF_08_Q;controlm;ldkctmp50;SRV_PRIMAIRE;3mlbc
CTM-CONTROL-M;CTMCTM_E12AJF_08_Q;CTMCTM_E12AJF_08_ORP01_Q;"February 20, 2026";"February 20, 2026 6:45:06 PM";"February 20, 2026 6:45:07 PM";;Ended OK;ctmldnrs: load des conditions AJF absentes (VEH*);U512AJF820;Command;No;1;No;CTMSRV;CTMCTM_E12AJF_08_Q;controlm;ldkctmp50;SRV_PRIMAIRE;3mlbd
CTM-CONTROL-M;CTMCTM_E12AJF_08_Q;CTMCTM_E12AJF_08_ORP02_Q;"February 20, 2026";"February 20, 2026 6:45:07 PM";"February 20, 2026 6:45:08 PM";;Ended OK;ctmldnrs: load des conditions AJF absentes (PRE*);U512AJF810;Command;No;1;No;CTMSRV;CTMCTM_E12AJF_08_Q;controlm;ldkctmp50;SRV_PRIMAIRE;3mlb7
CTM-CONTROL-M;CTMCTM_E12AJF_08_Q;CTMCTM_E12AJF_08_ORP03_Q;"February 20, 2026";"February 20, 2026 6:45:09 PM";"February 20, 2026 6:45:11 PM";;Ended OK;ctmldnrs: load des conditions AJF absentes (CID*);U512AJF811;Command;No;1;No;CTMSRV;CTMCTM_E12AJF_08_Q;controlm;ldkctmp50;SRV_PRIMAIRE;3mlb8
CTM-CONTROL-M;CTMCTM_E12AJF_08_Q;CTMCTM_E12AJF_08_ORP04_Q;"February 20, 2026";"February 20, 2026 6:45:12 PM";"February 20, 2026 6:45:13 PM";;Ended OK;ctmldnrs: load des conditions AJF absentes (EAI*);U512AJF812;Command;No;1;No;CTMSRV;CTMCTM_E12AJF_08_Q;controlm;ldkctmp50;SRV_PRIMAIRE;3mlb9
CTM-CONTROL-M;CTMCTM_E12AJF_08_Q;CTMCTM_E12AJF_08_ORP05_Q;"February 20, 2026";"February 20, 2026 6:45:14 PM";"February 20, 2026 6:45:14 PM";;Ended OK;ctmldnrs: load des conditions AJF absentes (ETR*);U512AJF813;Command;No;1;No;CTMSRV;CTMCTM_E12AJF_08_Q;controlm;ldkctmp50;SRV_PRIMAIRE;3mlba
CTM-CONTROL-M;CTMCTM_E12AJF_08_Q;CTMCTM_E12AJF_08_ORP06_Q;"February 20, 2026";"February 20, 2026 6:45:15 PM";"February 20, 2026 6:45:16 PM";;Ended OK;ctmldnrs: load des conditions AJF absentes (BOC*);U512AJF815;Command;No;1;No;CTMSRV;CTMCTM_E12AJF_08_Q;controlm;ldkctmp50;SRV_PRIMAIRE;3mlbb
CTM-CONTROL-M;CTMCTM_E12AJF_08_Q;CTMCTM_E12AJF_08_ORP07_Q;"February 20, 2026";"February 20, 2026 6:45:17 PM";"February 20, 2026 6:45:18 PM";;Ended OK;ctmldnrs: load des conditions AJF absentes (OAP*);AJF_CTM_860;Command;No;1;No;CTMSRV;CTMCTM_E12AJF_08_Q;controlm;ldkctmp50;SRV_PRIMAIRE;3mlbi
CTM-CONTROL-M;CTMCTM_E12AJF_08_Q;CTMCTM_E12AJF_08_ORP08_Q;"February 20, 2026";"February 20, 2026 6:45:18 PM";"February 20, 2026 6:45:19 PM";;Ended OK;ctmldnrs: load des conditions AJF absentes (ECO*);AJF_CTM_820;Command;No;1;No;CTMSRV;CTMCTM_E12AJF_08_Q;controlm;ldkctmp50;SRV_PRIMAIRE;3mlbe
CTM-CONTROL-M;CTMCTM_E12AJF_08_Q;CTMCTM_E12AJF_08_ORP09_Q;"February 20, 2026";"February 20, 2026 6:45:20 PM";"February 20, 2026 6:45:21 PM";;Ended OK;ctmldnrs: load des conditions AJF absentes (XFB*);AJF_CTM_830;Command;No;1;No;CTMSRV;CTMCTM_E12AJF_08_Q;controlm;ldkctmp50;SRV_PRIMAIRE;3mlbf
CTM-CONTROL-M;CTMCTM_E12AJF_08_Q;CTMCTM_E12AJF_08_ORP10_Q;"February 20, 2026";"February 20, 2026 6:45:22 PM";"February 20, 2026 6:45:22 PM";;Ended OK;ctmldnrs: load des conditions AJF absentes (ALA*);AJF_CTM_840;Command;No;1;No;CTMSRV;CTMCTM_E12AJF_08_Q;controlm;ldkctmp50;SRV_PRIMAIRE;3mlbg
CTM-CONTROL-M;CTMCTM_E12AJF_08_Q;CTMCTM_E12AJF_08_ORP11_Q;"February 20, 2026";"February 20, 2026 6:45:23 PM";"February 20, 2026 6:45:24 PM";;Ended OK;ctmldnrs: load des conditions AJF absentes (SIG*);AJF_CTM_850;Command;No;1;No;CTMSRV;CTMCTM_E12AJF_08_Q;controlm;ldkctmp50;SRV_PRIMAIRE;3mlbh
CTM-CONTROL-M;CTMCTM_E12AJF_08_Q;CTMCTM_E12AJF_08_ORP12_Q;"February 20, 2026";"February 20, 2026 6:45:25 PM";"February 20, 2026 6:45:26 PM";;Ended OK;ctmldnrs: load des conditions AJF absentes (SAG*);AJF_CTM_850;Command;No;1;No;CTMSRV;CTMCTM_E12AJF_08_Q;controlm;ldkctmp50;SRV_PRIMAIRE;3mlbj
CTM-CONTROL-M;CTMCTM_E12AJF_08_Q;CTMCTM_E12AJF_08_ORP13_Q;"February 20, 2026";"February 20, 2026 6:45:27 PM";"February 20, 2026 6:45:28 PM";;Ended OK;ctmldnrs: load des conditions AJF absentes (HRA*);AJF_CTM_850;Command;No;1;No;CTMSRV;CTMCTM_E12AJF_08_Q;controlm;ldkctmp50;SRV_PRIMAIRE;3mlbk
CTM-CONTROL-M;CTMCTM_E12AJF_08_Q;CTMCTM_E12AJF_08_ORP14_Q;"February 20, 2026";"February 20, 2026 6:45:28 PM";"February 20, 2026 6:45:29 PM";;Ended OK;ctmldnrs: load des conditions AJF absentes (DWH*);AJF_CTM_850;Command;No;1;No;CTMSRV;CTMCTM_E12AJF_08_Q;controlm;ldkctmp50;SRV_PRIMAIRE;3mlbl
CTM-CONTROL-M;CTMCTM_E12AJF_08_Q;CTMCTM_E12AJF_08_ORP15_Q;"February 20, 2026";"February 20, 2026 6:45:29 PM";"February 20, 2026 6:45:30 PM";;Ended OK;ctmldnrs: load des conditions AJF absentes (CSC*);AJF_CTM_850;Command;No;1;No;CTMSRV;CTMCTM_E12AJF_08_Q;controlm;ldkctmp50;SRV_PRIMAIRE;3mlbm
CTM-CONTROL-M;CTMCTM_E12AJF_08_Q;CTMCTM_E12AJF_08_ORP16_Q;"February 20, 2026";"February 20, 2026 6:45:31 PM";"February 20, 2026 6:45:32 PM";;Ended OK;ctmldnrs: load des conditions AJF absentes (MDM*);AJF_CTM_850;Command;No;1;No;CTMSRV;CTMCTM_E12AJF_08_Q;controlm;ldkctmp50;SRV_PRIMAIRE;3mlbn
CTM-CONTROL-M;CTMCTM_E12AJF_08_Q;CTMCTM_E12AJF_08_ORP17_Q;"February 20, 2026";"February 20, 2026 6:45:33 PM";"February 20, 2026 6:45:34 PM";;Ended OK;ctmldnrs: load des conditions AJF absentes (HA8*);AJF_CTM_850;Command;No;1;No;CTMSRV;CTMCTM_E12AJF_08_Q;controlm;ldkctmp50;SRV_PRIMAIRE;3mlbo
CTM-CONTROL-M;CTMCTM_E12AJF_08_Q;CTMCTM_E12AJF_08_ORP18_Q;"February 20, 2026";"February 20, 2026 6:45:34 PM";"February 20, 2026 6:45:36 PM";;Ended OK;ctmldnrs: load des conditions AJF absentes (NRJ*);AJF_CTM_850;Command;No;1;No;CTMSRV;CTMCTM_E12AJF_08_Q;controlm;ldkctmp50;SRV_PRIMAIRE;3mlbp
CTM-CONTROL-M;CTMCTM_E12AJF_08_Q;CTMCTM_E12AJF_08_ORP19_Q;"February 20, 2026";"February 20, 2026 6:45:37 PM";"February 20, 2026 6:45:38 PM";;Ended OK;ctmldnrs: load des conditions AJF absentes (OAF*);AJF_CTM_850;Command;No;1;No;CTMSRV;CTMCTM_E12AJF_08_Q;controlm;ldkctmp50;SRV_PRIMAIRE;3mlbq
CTM-CONTROL-M;CTMCTM_E12AJF_08_Q;CTMCTM_E12AJF_08_ORP20_Q;"February 20, 2026";"February 20, 2026 6:45:38 PM";"February 20, 2026 6:45:39 PM";;Ended OK;ctmldnrs: load des conditions AJF absentes (OPM*);AJF_CTM_850;Command;No;1;No;CTMSRV;CTMCTM_E12AJF_08_Q;controlm;ldkctmp50;SRV_PRIMAIRE;3mlbr
CTM-CONTROL-M;CTMCTM_E12AJF_08_Q;CTMCTM_E12AJF_08_ORP21_Q;"February 20, 2026";"February 20, 2026 6:45:40 PM";"February 20, 2026 6:45:41 PM";;Ended OK;ctmldnrs: load des conditions AJF absentes (OAA*);AJF_CTM_850;Command;No;1;No;CTMSRV;CTMCTM_E12AJF_08_Q;controlm;ldkctmp50;SRV_PRIMAIRE;3mlbs
CTM-CONTROL-M;CTMCTM_E12AJF_08_Q;CTMCTM_E12AJF_08_ORP22_Q;"February 20, 2026";"February 20, 2026 6:45:42 PM";"February 20, 2026 6:45:43 PM";;Ended OK;ctmldnrs: load des conditions AJF absentes (PRO*);AJF_CTM_850;Command;No;1;No;CTMSRV;CTMCTM_E12AJF_08_Q;controlm;ldkctmp50;SRV_PRIMAIRE;3mlbt
CTM-CONTROL-M;CTMCTM_E12AJF_08_Q;CTMCTM_E12AJF_08_ORP23_Q;"February 20, 2026";"February 20, 2026 6:45:43 PM";"February 20, 2026 6:45:44 PM";;Ended OK;ctmldnrs: load des conditions AJF absentes (DWS*);AJF_CTM_850;Command;No;1;No;CTMSRV;CTMCTM_E12AJF_08_Q;controlm;ldkctmp50;SRV_PRIMAIRE;3mlbu
CTM-CONTROL-M;CTMCTM_E12AJF_08_Q;CTMCTM_E12AJF_08_ORP24_Q;"February 20, 2026";"February 20, 2026 6:45:45 PM";"February 20, 2026 6:45:46 PM";;Ended OK;ctmldnrs: load des conditions AJF absentes (DWA*);AJF_CTM_850;Command;No;1;No;CTMSRV;CTMCTM_E12AJF_08_Q;controlm;ldkctmp50;SRV_PRIMAIRE;3mlbv
CTM-CONTROL-M;CTMCTM_E12AJF_08_Q;CTMCTM_E12AJF_08_ORP25_Q;"February 20, 2026";"February 20, 2026 6:45:47 PM";"February 20, 2026 6:45:47 PM";;Ended OK;ctmldnrs: load des conditions AJF absentes (DWF*);AJF_CTM_850;Command;No;1;No;CTMSRV;CTMCTM_E12AJF_08_Q;controlm;ldkctmp50;SRV_PRIMAIRE;3mlbw
CTM-CONTROL-M;CTMCTM_E12AJF_08_Q;CTMCTM_E12AJF_08_ORP26_Q;"February 20, 2026";"February 20, 2026 6:45:48 PM";"February 20, 2026 6:45:49 PM";;Ended OK;ctmldnrs: load des conditions AJF absentes (OPT*);AJF_CTM_850;Command;No;1;No;CTMSRV;CTMCTM_E12AJF_08_Q;controlm;ldkctmp50;SRV_PRIMAIRE;3mlbx
CTM-CONTROL-M;CTMCTM_E12AJF_08_Q;CTMCTM_E12AJF_08_ORP27_Q;"February 20, 2026";"February 20, 2026 6:45:50 PM";"February 20, 2026 6:45:51 PM";;Ended OK;ctmldnrs: load des conditions AJF absentes (GTG*);AJF_CTM_850;Command;No;1;No;CTMSRV;CTMCTM_E12AJF_08_Q;controlm;ldkctmp50;SRV_PRIMAIRE;3mlby
CTM-CONTROL-M;CTMCTM_E12AJF_08_Q;CTMCTM_E12AJF_08_ORP28_Q;"February 20, 2026";"February 20, 2026 6:45:51 PM";"February 20, 2026 6:45:52 PM";;Ended OK;ctmldnrs: load des conditions AJF absentes (ARI*);AJF_CTM_850;Command;No;1;No;CTMSRV;CTMCTM_E12AJF_08_Q;controlm;ldkctmp50;SRV_PRIMAIRE;3mlbz
CTM-CONTROL-M;CTMCTM_E12AJF_08_Q;CTMCTM_E12AJF_08_ORP29_Q;"February 20, 2026";"February 20, 2026 6:45:53 PM";"February 20, 2026 6:45:54 PM";;Ended OK;ctmldnrs: load des conditions AJF absentes (SRV*);AJF_CTM_850;Command;No;1;No;CTMSRV;CTMCTM_E12AJF_08_Q;controlm;ldkctmp50;SRV_PRIMAIRE;3mlc0
CTM-CONTROL-M;CTMCTM_E12AJF_08_Q;CTMCTM_E12AJF_08_ORP30_Q;"February 20, 2026";"February 20, 2026 6:45:55 PM";"February 20, 2026 6:45:55 PM";;Ended OK;ctmldnrs: load des conditions AJF absentes (FST*);AJF_CTM_850;Command;No;1;No;CTMSRV;CTMCTM_E12AJF_08_Q;controlm;ldkctmp50;SRV_PRIMAIRE;3mlc1
CTM-CONTROL-M;CTMCTM_E12AJF_08_Q;CTMCTM_E12AJF_08_ORP31_Q;"February 20, 2026";"February 20, 2026 6:45:56 PM";"February 20, 2026 6:45:57 PM";;Ended OK;ctmldnrs: load des conditions AJF absentes (PIC*);AJF_CTM_850;Command;No;1;No;CTMSRV;CTMCTM_E12AJF_08_Q;controlm;ldkctmp50;SRV_PRIMAIRE;3mlc2
CTM-CONTROL-M;CTMCTM_E12AJF_08_Q;CTMCTM_E12AJF_08_ORP32_Q;"February 20, 2026";"February 20, 2026 6:45:58 PM";"February 20, 2026 6:45:59 PM";;Ended OK;ctmldnrs: load des conditions AJF absentes (SES*);AJF_CTM_850;Command;No;1;No;CTMSRV;CTMCTM_E12AJF_08_Q;controlm;ldkctmp50;SRV_PRIMAIRE;3mlc3
CTM-CONTROL-M;CTMCTM_E12AJF_08_Q;CTMCTM_E12AJF_08_ORP33_Q;"February 20, 2026";"February 20, 2026 6:45:59 PM";"February 20, 2026 6:46:00 PM";;Ended OK;ctmldnrs: load des conditions AJF absentes (DIS*);AJF_CTM_850;Command;No;1;No;CTMSRV;CTMCTM_E12AJF_08_Q;controlm;ldkctmp50;SRV_PRIMAIRE;3mlc4
CTM-CONTROL-M;CTMCTM_E12AJF_08_Q;CTMCTM_E12AJF_08_ORP34_Q;"February 20, 2026";"February 20, 2026 6:46:01 PM";"February 20, 2026 6:46:02 PM";;Ended OK;ctmldnrs: load des conditions AJF absentes (DIC*);AJF_CTM_850;Command;No;1;No;CTMSRV;CTMCTM_E12AJF_08_Q;controlm;ldkctmp50;SRV_PRIMAIRE;3mlc5
CTM-CONTROL-M;CTMCTM_E12AJF_08_Q;CTMCTM_E12AJF_08_ORP35_Q;"February 20, 2026";"February 20, 2026 6:46:02 PM";"February 20, 2026 6:46:03 PM";;Ended OK;ctmldnrs: load des conditions AJF absentes (HAM*);AJF_CTM_850;Command;No;1;No;CTMSRV;CTMCTM_E12AJF_08_Q;controlm;ldkctmp50;SRV_PRIMAIRE;3mlc6
CTM-CONTROL-M;CTMCTM_E12AJF_08_Q;CTMCTM_E12AJF_08_ORP36_Q;"February 20, 2026";"February 20, 2026 6:46:03 PM";"February 20, 2026 6:46:04 PM";;Ended OK;ctmldnrs: load des conditions AJF absentes (DWC*);AJF_CTM_850;Command;No;1;No;CTMSRV;CTMCTM_E12AJF_08_Q;controlm;ldkctmp50;SRV_PRIMAIRE;3mlc7
CTM-CONTROL-M;CTMCTM_E12AJF_08_Q;CTMCTM_E12AJF_08_ORP37_Q;"February 20, 2026";"February 20, 2026 6:46:05 PM";"February 20, 2026 6:46:05 PM";;Ended OK;ctmldnrs: load des conditions AJF absentes (DTR*);AJF_CTM_850;Command;No;1;No;CTMSRV;CTMCTM_E12AJF_08_Q;controlm;ldkctmp50;SRV_PRIMAIRE;3mlc8
CTM-CONTROL-M;CTMCTM_E12AJF_08_Q;CTMCTM_E12AJF_08_ORP38_Q;"February 20, 2026";"February 20, 2026 6:46:06 PM";"February 20, 2026 6:46:08 PM";;Ended OK;ctmldnrs: load des conditions AJF absentes (PEL*);AJF_CTM_850;Command;No;1;No;CTMSRV;CTMCTM_E12AJF_08_Q;controlm;ldkctmp50;SRV_PRIMAIRE;3mlc9
CTM-CONTROL-M;CTMCTM_E12AJF_08_Q;CTMCTM_E12AJF_08_ORP39_Q;"February 20, 2026";"February 20, 2026 6:46:09 PM";"February 20, 2026 6:46:10 PM";;Ended OK;ctmldnrs: load des conditions AJF absentes (HAV*);AJF_CTM_850;Command;No;1;No;CTMSRV;CTMCTM_E12AJF_08_Q;controlm;ldkctmp50;SRV_PRIMAIRE;3mlca
CTM-CONTROL-M;CTMCTM_E12AJF_08_Q;CTMCTM_E12AJF_08_ORP40_Q;"February 20, 2026";"February 20, 2026 6:46:11 PM";"February 20, 2026 6:46:12 PM";;Ended OK;ctmldnrs: load des conditions AJF absentes (HO*) HOLD et HOLD2;AJF_CTM_850;Command;No;1;No;CTMSRV;CTMCTM_E12AJF_08_Q;controlm;ldkctmp50;SRV_PRIMAIRE;3mlcb
CTM-CONTROL-M;CTMCTM_E12AJF_08_Q;CTMCTM_E12AJF_08_ORP41_Q;"February 20, 2026";"February 20, 2026 6:46:12 PM";"February 20, 2026 6:46:13 PM";;Ended OK;ctmldnrs: load des conditions AJF absentes (SIC*);AJF_CTM_850;Command;No;1;No;CTMSRV;CTMCTM_E12AJF_08_Q;controlm;ldkctmp50;SRV_PRIMAIRE;3mlcc
CTM-CONTROL-M;CTMCTM_E12AJF_08_Q;CTMCTM_E12AJF_08_ORP42_Q;"February 20, 2026";"February 20, 2026 6:46:14 PM";"February 20, 2026 6:46:15 PM";;Ended OK;ctmldnrs: load des conditions AJF absentes (OFA*);AJF_CTM_850;Command;No;1;No;CTMSRV;CTMCTM_E12AJF_08_Q;controlm;ldkctmp50;SRV_PRIMAIRE;3mlcd
CTM-CONTROL-M;CTMCTM_E12AJF_08_Q;CTMCTM_E12AJF_08_ORP43_Q;"February 20, 2026";"February 20, 2026 6:46:16 PM";"February 20, 2026 6:46:16 PM";;Ended OK;ctmldnrs: load des conditions AJF absentes (AGG*);AJF_CTM_850;Command;No;1;No;CTMSRV;CTMCTM_E12AJF_08_Q;controlm;ldkctmp50;SRV_PRIMAIRE;3mlce
CTM-CONTROL-M;CTMCTM_E12AJF_08_Q;CTMCTM_E12AJF_08_ORP44_Q;"February 20, 2026";"February 20, 2026 6:46:17 PM";"February 20, 2026 6:46:18 PM";;Ended OK;ctmldnrs: load des conditions AJF absentes (GRT*);AJF_CTM_850;Command;No;1;No;CTMSRV;CTMCTM_E12AJF_08_Q;controlm;ldkctmp50;SRV_PRIMAIRE;3mlcf
CTM-CONTROL-M;CTMCTM_E12AJF_08_Q;CTMCTM_E12AJF_08_ORP45_Q;"February 20, 2026";"February 20, 2026 6:46:19 PM";"February 20, 2026 6:46:20 PM";;Ended OK;ctmldnrs: load des conditions AJF absentes (NSI*);AJF_CTM_850;Command;No;1;No;CTMSRV;CTMCTM_E12AJF_08_Q;controlm;ldkctmp50;SRV_PRIMAIRE;3mlcg
CTM-CONTROL-M;CTMCTM_E12AJF_08_Q;CTMCTM_E12AJF_08_ORP46_Q;"February 20, 2026";"February 20, 2026 6:46:21 PM";"February 20, 2026 6:46:22 PM";;Ended OK;ctmldnrs: load des conditions AJF absentes (C2E*);AJF_CTM_850;Command;No;1;No;CTMSRV;CTMCTM_E12AJF_08_Q;controlm;ldkctmp50;SRV_PRIMAIRE;3mlch
CTM-CONTROL-M;CTMCTM_E12AJF_08_Q;CTMCTM_E12AJF_08_ORP47_Q;"February 20, 2026";"February 20, 2026 6:46:22 PM";"February 20, 2026 6:46:23 PM";;Ended OK;ctmldnrs: load des conditions AJF absentes (MYD*);AJF_CTM_850;Command;No;1;No;CTMSRV;CTMCTM_E12AJF_08_Q;controlm;ldkctmp50;SRV_PRIMAIRE;3mlci
CTM-CONTROL-M;CTMCTM_E12AJF_08_Q;CTMCTM_E12AJF_08_ORP48_Q;"February 20, 2026";"February 20, 2026 6:46:24 PM";"February 20, 2026 6:46:24 PM";;Ended OK;ctmldnrs: load des conditions AJF absentes (DEC*);AJF_CTM_850;Command;No;1;No;CTMSRV;CTMCTM_E12AJF_08_Q;controlm;ldkctmp50;SRV_PRIMAIRE;3mlcj
CTM-CONTROL-M;CTMCTM_E12AJF_08_Q;CTMCTM_E12AJF_08_ORP49_Q;"February 20, 2026";"February 20, 2026 6:46:25 PM";"February 20, 2026 6:46:26 PM";;Ended OK;ctmldnrs: load des conditions AJF absentes (CTX*);AJF_CTM_850;Command;No;1;No;CTMSRV;CTMCTM_E12AJF_08_Q;controlm;ldkctmp50;SRV_PRIMAIRE;3mlck
CTM-CONTROL-M;CTMCTM_E12AJF_08_Q;CTMCTM_E12AJF_08_ORP50_Q;"February 20, 2026";"February 20, 2026 6:46:27 PM";"February 20, 2026 6:46:28 PM";;Ended OK;ctmldnrs: load des conditions AJF absentes (FAX*);AJF_CTM_850;Command;No;1;No;CTMSRV;CTMCTM_E12AJF_08_Q;controlm;ldkctmp50;SRV_PRIMAIRE;3mlcl
CTM-CONTROL-M;CTMCTM_E12AJF_08_Q;CTMCTM_E12AJF_08_ORP51_Q;"February 20, 2026";"February 20, 2026 6:46:29 PM";"February 20, 2026 6:46:29 PM";;Ended OK;ctmldnrs: load des conditions AJF absentes (ALP*);AJF_CTM_850;Command;No;1;No;CTMSRV;CTMCTM_E12AJF_08_Q;controlm;ldkctmp50;SRV_PRIMAIRE;3mlcm
CTM-CONTROL-M;CTMCTM_E12AJF_08_Q;CTMCTM_E12AJF_08_ORP52_Q;"February 20, 2026";"February 20, 2026 6:46:30 PM";"February 20, 2026 6:46:31 PM";;Ended OK;ctmldnrs: load des conditions AJF absentes (HAD*);AJF_CTM_850;Command;No;1;No;CTMSRV;CTMCTM_E12AJF_08_Q;controlm;ldkctmp50;SRV_PRIMAIRE;3mlcn
CTM-CONTROL-M;CTMCTM_E12AJF_08_Q;CTMCTM_E12AJF_08_ORP53_Q;"February 20, 2026";"February 20, 2026 6:46:32 PM";"February 20, 2026 6:46:33 PM";;Ended OK;ctmldnrs: load des conditions AJF absentes (BDM*);AJF_CTM_850;Command;No;1;No;CTMSRV;CTMCTM_E12AJF_08_Q;controlm;ldkctmp50;SRV_PRIMAIRE;3mlco
CTM-CONTROL-M;CTMCTM_E12AJF_08_Q;CTMCTM_E12AJF_08_ORP54_Q;"February 20, 2026";"February 20, 2026 6:46:33 PM";"February 20, 2026 6:46:34 PM";;Ended OK;ctmldnrs: load des conditions AJF absentes (BAB*);AJF_CTM_850;Command;No;1;No;CTMSRV;CTMCTM_E12AJF_08_Q;controlm;ldkctmp50;SRV_PRIMAIRE;3mlcp
CTM-CONTROL-M;CTMCTM_E12AJF_08_Q;CTMCTM_E12AJF_08_ORP55_Q;"February 20, 2026";"February 20, 2026 6:46:35 PM";"February 20, 2026 6:46:36 PM";;Ended OK;ctmldnrs: load des conditions AJF absentes (ECA*);AJF_CTM_850;Command;No;1;No;CTMSRV;CTMCTM_E12AJF_08_Q;controlm;ldkctmp50;SRV_PRIMAIRE;3mlcq
CTM-CONTROL-M;CTMCTM_E12AJF_08_Q;CTMCTM_E12AJF_08_ORP56_Q;"February 20, 2026";"February 20, 2026 6:46:37 PM";"February 20, 2026 6:46:38 PM";;Ended OK;ctmldnrs: load des conditions AJF absentes (CTM*);AJF_CTM_850;Command;No;1;No;CTMSRV;CTMCTM_E12AJF_08_Q;controlm;ldkctmp50;SRV_PRIMAIRE;3mlcr
CTM-CONTROL-M;CTMCTM_E12AJF_08_Q;CTMCTM_E12AJF_08_ORP57_Q;"February 20, 2026";"February 20, 2026 6:46:38 PM";"February 20, 2026 6:46:40 PM";;Ended OK;ctmldnrs: load des conditions AJF absentes (NES*);AJF_CTM_850;Command;No;1;No;CTMSRV;CTMCTM_E12AJF_08_Q;controlm;ldkctmp50;SRV_PRIMAIRE;3mlcs
CTM-CONTROL-M;CTMCTM_E12AJF_08_Q;CTMCTM_E12AJF_08_ORP58_Q;"February 20, 2026";"February 20, 2026 6:46:40 PM";"February 20, 2026 6:46:41 PM";;Ended OK;ctmldnrs: load des conditions AJF absentes (V4D*);CTMCTM_E12AJF_08_ORP58_Q;Command;No;1;No;CTMSRV;CTMCTM_E12AJF_08_Q;controlm;ldkctmp50;SRV_PRIMAIRE;3mlcu
CTM-CONTROL-M;CTMCTM_E12AJF_08_Q;CTMCTM_E12AJF_08_ORP59_Q;"February 20, 2026";"February 20, 2026 6:46:42 PM";"February 20, 2026 6:46:42 PM";;Ended OK;ctmldnrs: load des conditions AJF absentes (REF*);CTMCTM_E12AJF_08_ORP59_Q;Command;No;1;No;CTMSRV;CTMCTM_E12AJF_08_Q;controlm;ldkctmp50;SRV_PRIMAIRE;3mlct
CTM-CONTROL-M;CTMCTM_E12AJF_08_Q;CTMCTM_E12AJF_08_ORP60_Q;"February 20, 2026";"February 20, 2026 6:46:43 PM";"February 20, 2026 6:46:44 PM";;Ended OK;ctmldnrs: load des conditions AJF absentes (CIT*);CTMCTM_E12AJF_08_ORP60_Q;Command;No;1;No;CTMSRV;CTMCTM_E12AJF_08_Q;controlm;ldkctmp50;SRV_PRIMAIRE;3mlcw
CTM-CONTROL-M;CTMCTM_E12AJF_08_Q;CTMCTM_E12AJF_08_ORP61_Q;"February 20, 2026";"February 20, 2026 6:46:45 PM";"February 20, 2026 6:46:46 PM";;Ended OK;ctmldnrs: load des conditions AJF absentes (HEC*);CTMCTM_E12AJF_08_ORP61_Q;Command;No;1;No;CTMSRV;CTMCTM_E12AJF_08_Q;controlm;ldkctmp50;SRV_PRIMAIRE;3mlcv
CTM-CONTROL-M;CTMCTM_E12AJF_08_Q;CTMCTM_E12AJF_08_ORP62_Q;"February 20, 2026";"February 20, 2026 6:46:37 PM";"February 20, 2026 6:46:39 PM";;Ended OK;ctmldnrs: load des conditions AJF absentes (CEL*);CTMCTM_E12AJF_08_ORP62_Q;Command;No;1;No;CTMSRV;CTMCTM_E12AJF_08_Q;controlm;ldkctmp50;SRV_PRIMAIRE;3mlcx
CTM-CONTROL-M;CTMCTM_E12AJF_08_Q;CTMCTM_E12AJF_08_ORP63_Q;"February 20, 2026";"February 20, 2026 6:46:37 PM";"February 20, 2026 6:46:38 PM";;Ended OK;ctmldnrs: load des conditions AJF absentes (GTN*);CTMCTM_E12AJF_08_ORP62_Q;Command;No;1;No;CTMSRV;CTMCTM_E12AJF_08_Q;controlm;ldkctmp50;SRV_PRIMAIRE;3mlcy
CTM-CONTROL-M;CTMCTM_E12AJF_08_Q;CTMCTM_E12AJF_08_ORP64_Q;"February 20, 2026";"February 20, 2026 6:46:38 PM";"February 20, 2026 6:46:40 PM";;Ended OK;ctmldnrs: load des conditions AJF absentes (FIN*);CTMCTM_E12AJF_08_ORP62_Q;Command;No;1;No;CTMSRV;CTMCTM_E12AJF_08_Q;controlm;ldkctmp50;SRV_PRIMAIRE;3mlcz
CTM-CONTROL-M;CTMCTM_E12AJF_08_Q;CTMCTM_E12AJF_08_ORP65_Q;"February 20, 2026";"February 20, 2026 6:46:40 PM";"February 20, 2026 6:46:41 PM";;Ended OK;ctmldnrs: load des conditions AJF absentes (PFE*);CTMCTM_E12AJF_08_ORP62_Q;Command;No;1;No;CTMSRV;CTMCTM_E12AJF_08_Q;controlm;ldkctmp50;SRV_PRIMAIRE;3mld0
CTM-CONTROL-M;CTMCTM_E12AJF_08_Q;CTMCTM_E12AJF_08_ORP66_Q;"February 20, 2026";"February 20, 2026 6:46:41 PM";"February 20, 2026 6:46:42 PM";;Ended OK;ctmldnrs: load des conditions AJF absentes (KDR*);CTMCTM_E12AJF_08_ORP62_Q;Command;No;1;No;CTMSRV;CTMCTM_E12AJF_08_Q;controlm;ldkctmp50;SRV_PRIMAIRE;3mld1
CTM-CONTROL-M;CTMCTM_E12TEC_04_Q;CTMCTM_E12TEC_04_SUB16_Q;"February 20, 2026";"February 21, 2026 4:00:00 AM";"February 21, 2026 4:00:00 AM";;Ended OK;Soumission scripts DWH à 04h00;SUBT0400 DWH;Dummy;No;1;No;CTMSRV;CTMCTM_E12TEC_04_Q;root;;;3mmlh
CTM-CONTROL-M;CTMCTM_E12TEC_04_Q;CTMCTM_E12TEC_04_SUB24_Q;"February 20, 2026";"February 21, 2026 6:30:00 AM";"February 21, 2026 6:30:00 AM";;Ended OK;Soumission scripts XFB à 06h30;SUBT0630 XFB;Dummy;No;1;No;CTMSRV;CTMCTM_E12TEC_04_Q;root;;;3mmli
CTM-CONTROL-M;CTMCTM_E12TEC_04_Q;CTMCTM_E12TEC_04_SUB27_Q;"February 20, 2026";"February 21, 2026 7:40:00 AM";"February 21, 2026 7:40:00 AM";;Ended OK;Soumission scripts DWH à 07h40;SUBT0740 DWH;Dummy;No;1;No;CTMSRV;CTMCTM_E12TEC_04_Q;root;;;3mmlj
CTM-CONTROL-M;CTMCTM_E12TEC_04_Q;CTMCTM_E12TEC_04_SUB28_Q;"February 20, 2026";"February 21, 2026 8:00:00 AM";"February 21, 2026 8:00:00 AM";;Ended OK;Soumission scripts DWH à 08h00;SUBT0800 DWH;Dummy;No;1;No;CTMSRV;CTMCTM_E12TEC_04_Q;root;;;3mmlk
CTM-CONTROL-M;CTMCTM_E12TEC_04_Q;CTMCTM_E12TEC_04_SUB30_Q;"February 20, 2026";;;;Wait for Event;Soumission scripts à 11h00 DWH;SUBT1100 DWH;Dummy;No;0;No;CTMSRV;CTMCTM_E12TEC_04_Q;root;;;3mmll
CTM-CONTROL-M;CTMCTM_E13TEC_04_Q;CTMCTM_E13TEC_04_SUB38_Q;"February 20, 2026";"February 21, 2026 3:30:00 AM";"February 21, 2026 3:30:00 AM";;Ended OK;Soumission scripts PEL à 03h30;SUBT0330 PEL;Dummy;No;1;No;CTMSRV;CTMCTM_E13TEC_04_Q;root;;;3mkm4
CTM-CONTROL-M;CTMCTM_E13TEC_04_Q;CTMCTM_E13TEC_04_SUB39_Q;"February 20, 2026";"February 21, 2026 4:00:00 AM";"February 21, 2026 4:00:00 AM";;Ended OK;Soumission scripts à 04h00 PEL;SUBT0400 PEL;Dummy;No;1;No;CTMSRV;CTMCTM_E13TEC_04_Q;root;;;3mkm5
CTM-CONTROL-M;CTMCTM_E13TEC_04_Q;CTMCTM_E13TEC_04_SUB40_Q;"February 20, 2026";"February 21, 2026 4:30:00 AM";"February 21, 2026 4:30:00 AM";;Ended OK;Soumission scripts PEL à 04h30;SUBT0430 PEL;Dummy;No;1;No;CTMSRV;CTMCTM_E13TEC_04_Q;root;;;3mkm6
CTM-CONTROL-M;CTMCTM_E13TEC_04_Q;CTMCTM_E13TEC_04_SUB42_Q;"February 20, 2026";"February 21, 2026 4:15:00 AM";"February 21, 2026 4:15:00 AM";;Ended OK;Soumission scripts PEL à 04h15;SUBT0530 PEL;Dummy;No;1;No;CTMSRV;CTMCTM_E13TEC_04_Q;root;;;3mkm7
CTM-CONTROL-M;CTMCTM_E13TEC_04_Q;CTMCTM_E13TEC_04_SUB43_Q;"February 20, 2026";"February 21, 2026 6:00:00 AM";"February 21, 2026 6:00:00 AM";;Ended OK;Lancement PEL 06h00;SUBT0600 PEL;Dummy;No;1;No;CTMSRV;CTMCTM_E13TEC_04_Q;root;;;3mkm8
CTM-CONTROL-M;CTMCTM_E13TEC_04_Q;CTMCTM_E13TEC_04_SUB44_Q;"February 20, 2026";"February 21, 2026 6:15:00 AM";"February 21, 2026 6:15:00 AM";;Ended OK;Lancement PEL 06h15;SUBT0615 PEL;Dummy;No;1;No;CTMSRV;CTMCTM_E13TEC_04_Q;root;;;3mkm9
CTM-CONTROL-M;CTMCTM_E13TEC_04_Q;CTMCTM_E13TEC_04_SUB45_Q;"February 20, 2026";"February 21, 2026 6:30:00 AM";"February 21, 2026 6:30:00 AM";;Ended OK;Lancement PEL 06h30;SUBT0630 PEL;Dummy;No;1;No;CTMSRV;CTMCTM_E13TEC_04_Q;root;;;3mkma
CTM-CONTROL-M;CTMCTM_E13TEC_04_Q;CTMCTM_E13TEC_04_SUB46_Q;"February 20, 2026";"February 21, 2026 7:00:00 AM";"February 21, 2026 7:00:00 AM";;Ended OK;Lancement PEL 07h00;SUBT0700 PEL;Dummy;No;1;No;CTMSRV;CTMCTM_E13TEC_04_Q;root;;;3mkmb
CTM-CONTROL-M;CTMCTM_E13TEC_04_Q;CTMCTM_E13TEC_04_SUB47_Q;"February 20, 2026";"February 21, 2026 7:15:00 AM";"February 21, 2026 7:15:00 AM";;Ended OK;Lancement PEL 07h15;SUBT0715 PEL;Dummy;No;1;No;CTMSRV;CTMCTM_E13TEC_04_Q;root;;;3mkmc
CTM-CONTROL-M;CTMCTM_E13TEC_04_Q;CTMCTM_E13TEC_04_SUB51_Q;"February 20, 2026";"February 20, 2026 7:30:00 PM";"February 20, 2026 7:30:00 PM";;Ended OK;Soumission scripts PEL  à 21h00;SUBT2100 PEL;Dummy;No;1;No;CTMSRV;CTMCTM_E13TEC_04_Q;root;;;3mkmd
CTM-CONTROL-M;CTMCTM_E14TEC_04_Q;CTMCTM_E14TEC_04_EXP01_Q;"February 20, 2026";"February 21, 2026 7:36:22 AM";"February 21, 2026 7:36:23 AM";0810;Wait for Event;ExtractJobsCTM  &  Envoi : Suivi + PrairieCloture;ExtractCsvPlanCurrent_HELIOS_V9.ksh;Job;No;2;Yes;CTMSRV;CTMCTM_E14TEC_04_Q;controlm;ldkctmp50;SRV_PRIMAIRE;3mli7
CTM-CONTROL-M;CTMCTM_E14TEC_04_Q;CTMCTM_E14TEC_04_EXP02_Q;"February 20, 2026";"February 20, 2026 1:45:22 PM";"February 20, 2026 1:45:22 PM";;Ended OK;ExtractCsvPlanArch => Extract_Full_YYYYMM.csv;ExtractCsvPlanArch.ksh;Dummy;No;1;No;CTMSRV;CTMCTM_E14TEC_04_Q;controlm;;SRV_PRIMAIRE;3mli8
CTM-CONTROL-M;CTMCTM_E14TEC_04_Q;CTMCTM_E14TEC_04_EXP03_Q;"February 20, 2026";"February 20, 2026 4:00:00 PM";"February 20, 2026 4:04:21 PM";;Ended OK;ExtractCTMIndicMens => ODAT: yymmjj.csv;ExtractCTMIndicMens.ksh;Job;No;1;No;CTMSRV;CTMCTM_E14TEC_04_Q;controlm;ldkctmp50;SRV_PRIMAIRE;3mli9
CTM-CONTROL-M;CTMCTM_E14TEC_04_Q;CTMCTM_E14TEC_04_EXP04_Q;"February 20, 2026";"February 20, 2026 4:45:24 PM";"February 20, 2026 4:45:26 PM";;Ended OK;ExtractJobsCTM Manuelle : Suivi + PrairieCloture;ExtractCsvPlanCurrent_HELIOS_V9.ksh;Job;No;2;Yes;CTMSRV;CTMCTM_E14TEC_04_Q;controlm;ldkctmp50;SRV_PRIMAIRE;3mlib
CTM-CONTROL-M;CTMCTM_E14TEC_04_Q;CTMCTM_E14TEC_04_EXP06_Q;"February 20, 2026";"February 20, 2026 2:00:00 PM";"February 20, 2026 2:04:24 PM";;Ended OK;ExtractJobsCTM Plan -1  : Suivi + PrairieCloture;ExtractCsvPlanCurrent_Jm1.ksh;Job;No;1;No;CTMSRV;CTMCTM_E14TEC_04_Q;controlm;ldkctmp50;SRV_PRIMAIRE;3mlia
CTM-CONTROL-M;CTMCTM_E14TEC_04_Q;CTMCTM_E14TEC_04_EXP12_Q;"February 20, 2026";"February 21, 2026 6:00:00 AM";"February 21, 2026 6:00:02 AM";;Wait for Event;ExtractJobsCTM  &  Envoi : Suivi + PrairieCloture  DTR;ExtractCsvPlanCurrent_HELIOS_DTR_V9.ksh;Job;No;1;Yes;CTMSRV;CTMCTM_E14TEC_04_Q;controlm;ldkctmp50;SRV_PRIMAIRE;3mlig
CTM-CONTROL-M;CTMCTM_E14TEC_04_Q;CTMCTM_E14TEC_04_EXP13_Q;"February 20, 2026";"February 21, 2026 6:00:02 AM";"February 21, 2026 6:02:16 AM";;Wait for Event;ExtractJobsCTM  &  Envoi : Suivi + PrairieCloture Finance;ExtractCsvPlanCurrent_HELIOS_Finance_V9.ksh;Job;No;1;Yes;CTMSRV;CTMCTM_E14TEC_04_Q;controlm;ldkctmp50;SRV_PRIMAIRE;3mlii
CTM-CONTROL-M;CTMCTM_E14TEC_04_Q;CTMCTM_E14TEC_04_SUB04_Q;"February 20, 2026";"February 20, 2026 2:00:00 PM";"February 20, 2026 2:00:00 PM";;Ended OK;declenchement des travaux batch a 14h00;SUBT1400;Dummy;No;1;No;CTMSRV;CTMCTM_E14TEC_04_Q;root;;;3mli4
CTM-CONTROL-M;CTMCTM_E14TEC_04_Q;CTMCTM_E14TEC_04_SUB05_Q;"February 20, 2026";"February 20, 2026 5:00:00 PM";"February 20, 2026 5:00:00 PM";;Ended OK;declenchement des travaux batch a 17h00;SUBT1700;Dummy;No;1;No;CTMSRV;CTMCTM_E14TEC_04_Q;root;;;3mli5
CTM-CONTROL-M;CTMCTM_E14TEC_04_Q;CTMCTM_E14TEC_04_SUB08_Q;"February 20, 2026";"February 20, 2026 1:30:12 PM";"February 20, 2026 1:30:12 PM";;Ended OK;Go lancement prod sur ECS;UEMASUB_GO_ECS;Dummy;No;1;No;CTMSRV;CTMCTM_E14TEC_04_Q;root;;;3mli6
CTM-CONTROL-M;CTMCTM_E14TEC_04_Q;CTMCTM_E14TEC_04_WRK01_Q;"February 20, 2026";"February 21, 2026 8:06:00 AM";;0810;Executing;START FIRST : ExtractCsvPlanCourant ReportingFacility V8;Reporting_ctm_courant_csv_v9.bat;Job;No;3;Yes;CTMSRV;CTMCTM_E14TEC_04_Q;svce_cm;wdkpmadp01;A_W_PMAD01;3mlie
CTM-CONTROL-M;CTMCTM_E14TEC_04_Q;CTMCTM_E14TEC_04_WRK02_Q;"February 20, 2026";"February 20, 2026 1:45:00 PM";"February 20, 2026 1:45:22 PM";;Ended OK;START FIRST : ExtractCsvPlanArch ReportingFacility V8;Reporting_ctm_archiv_csv_v9 .bat;Job;No;1;No;CTMSRV;CTMCTM_E14TEC_04_Q;svce_cm;wdkpmadp01;A_W_PMAD01;3mlic
CTM-CONTROL-M;CTMCTM_E14TEC_04_Q;CTMCTM_E14TEC_04_WRK04_Q;"February 20, 2026";"February 20, 2026 4:45:00 PM";"February 20, 2026 4:45:23 PM";;Ended OK;START FIRST : ExtractCsvPlanCourant ReportingFacility V8;Reporting_ctm_courant_csv_v9.bat;Job;No;2;Yes;CTMSRV;CTMCTM_E14TEC_04_Q;svce_cm;wdkpmadp01;A_W_PMAD01;3mlid
CTM-CONTROL-M;CTMCTM_E14TEC_04_Q;CTMCTM_E14TEC_04_WRK12_Q;"February 20, 2026";"February 21, 2026 5:50:00 AM";"February 21, 2026 5:50:22 AM";;Wait for Event;START FIRST : ExtractCsvPlanCourant ReportingFacility V8 DTR;Reporting_ctm_courant_csv_v9.bat;Job;No;1;Yes;CTMSRV;CTMCTM_E14TEC_04_Q;svce_cm;wdkpmadp01;A_W_PMAD01;3mlif
CTM-CONTROL-M;CTMCTM_E14TEC_04_Q;CTMCTM_E14TEC_04_WRK13_Q;"February 20, 2026";"February 21, 2026 5:50:23 AM";"February 21, 2026 5:50:42 AM";;Wait for Event;START FIRST : ExtractCsvPlanCourant ReportingFacility V8 Finance;Reporting_ctm_courant_csv_v9.bat;Job;No;1;Yes;CTMSRV;CTMCTM_E14TEC_04_Q;svce_cm;wdkpmadp01;A_W_PMAD01;3mlih
CTM-CONTROL-M;CTMCTM_E15TEC_04_Q;CTMCTM_E15TEC_04_SUB04_Q;"February 20, 2026";"February 20, 2026 2:00:00 PM";"February 20, 2026 2:00:00 PM";;Ended OK;declenchement des travaux SES  batchs a 14h00;SUBT1400 SESAME;Dummy;No;1;No;CTMSRV;CTMCTM_E15TEC_04_Q;root;;;3mkng
CTM-CONTROL-M;CTMCTM_E17TEC_04_Q;CTMCTM_E17TEC_04_SUB08_Q;"February 20, 2026";"February 20, 2026 1:30:12 PM";"February 20, 2026 1:30:12 PM";;Ended OK;Go lancement prod sur SESAME;UEMBSUB_GO_SESAME;Dummy;No;1;No;CTMSRV;CTMCTM_E17TEC_04_Q;root;;;3mksa
CTM-CONTROL-M;CTMCTM_E18TEC_04_Q;CTMCTM_E18TEC_04_SUB53_Q;"February 20, 2026";"February 21, 2026 6:00:00 AM";"February 21, 2026 6:00:00 AM";;Ended OK;job de soumission batch HAV 06h00;SUBT0600 HAV;Dummy;No;1;No;CTMSRV;CTMCTM_E18TEC_04_Q;CONTROLM;;;3mkpw
CTM-CONTROL-M;CTMCTM_E19TEC_04_Q;CTMCTM_E19TEC_04_SUB63_Q;"February 20, 2026";"February 21, 2026 6:00:00 AM";"February 21, 2026 6:00:00 AM";;Ended OK;Soumission scripts  DPRHORA a 06h00;SUBT0700  DPRHORA;Dummy;No;1;No;CTMSRV;CTMCTM_E19TEC_04_Q;root;;;3mmdz
CTM-CONTROL-M;CTMCTM_E1ATEC_04_Q;CTMCTM_E1ATEC_04_SUB1G_Q;"February 20, 2026";;;;Wait for Event;Soumission scripts NRJ NES a 11h00;SUBT1100 NRJ NES;Dummy;No;0;No;CTMSRV;CTMCTM_E1ATEC_04_Q;root;;;3mm17
CTM-CONTROL-M;CTMCTM_E1ATEC_04_Q;CTMCTM_E1ATEC_04_SUB1R_Q;"February 20, 2026";"February 20, 2026 2:00:00 PM";"February 20, 2026 2:00:00 PM";;Ended OK;Soumission scripts a 14h00 HOL SIG NES NRJ;SUBT1400 HOL SIG NES NRJ;Dummy;No;1;No;CTMSRV;CTMCTM_E1ATEC_04_Q;root;;;3mm18
CTM-CONTROL-M;CTMCTM_E1ATEC_04_Q;CTMCTM_E1ATEC_04_SUB2A_Q;"February 20, 2026";"February 20, 2026 5:00:00 PM";"February 20, 2026 5:00:00 PM";;Ended OK;Soumission scripts NEJ NES  a 17h00;SUBT1700 NRJ NES;Dummy;No;1;No;CTMSRV;CTMCTM_E1ATEC_04_Q;root;;;3mm19
CTM-CONTROL-M;CTMCTM_E1ATEC_04_Q;CTMCTM_E1ATEC_04_SUB86_Q;"February 20, 2026";"February 21, 2026 12:15:00 AM";"February 21, 2026 12:15:00 AM";;Ended OK;Soumission scripts HOLD a 00h15;SUBT0015 HOLD;Dummy;No;1;No;CTMSRV;CTMCTM_E1ATEC_04_Q;root;;;3mm10
CTM-CONTROL-M;CTMCTM_E1ATEC_04_Q;CTMCTM_E1ATEC_04_SUB87_Q;"February 20, 2026";"February 21, 2026 2:00:00 AM";"February 21, 2026 2:00:00 AM";;Ended OK;Soumission scripts NRJ NES a 02h00;SUBT0200 NRJ NES;Dummy;No;1;No;CTMSRV;CTMCTM_E1ATEC_04_Q;root;;;3mm11
CTM-CONTROL-M;CTMCTM_E1ATEC_04_Q;CTMCTM_E1ATEC_04_SUB90_Q;"February 20, 2026";"February 21, 2026 6:00:00 AM";"February 21, 2026 6:00:00 AM";;Ended OK;Soumission scripts HOLD  a 06h00;SUBT0600 HOLD;Dummy;No;1;No;CTMSRV;CTMCTM_E1ATEC_04_Q;root;;;3mm12
CTM-CONTROL-M;CTMCTM_E1ATEC_04_Q;CTMCTM_E1ATEC_04_SUB91_Q;"February 20, 2026";"February 21, 2026 6:30:00 AM";"February 21, 2026 6:30:00 AM";;Ended OK;Soumission scripts XFB  a 06h30;SUBT0630 XFB;Dummy;No;1;No;CTMSRV;CTMCTM_E1ATEC_04_Q;root;;;3mm13
CTM-CONTROL-M;CTMCTM_E1ATEC_04_Q;CTMCTM_E1ATEC_04_SUB92_Q;"February 20, 2026";"February 21, 2026 7:00:00 AM";"February 21, 2026 7:00:00 AM";;Ended OK;Soumission scripts SIG a 07h00;SUBT0700 SIG;Dummy;No;1;No;CTMSRV;CTMCTM_E1ATEC_04_Q;root;;;3mm14
CTM-CONTROL-M;CTMCTM_E1ATEC_04_Q;CTMCTM_E1ATEC_04_SUB93_Q;"February 20, 2026";"February 21, 2026 7:15:00 AM";"February 21, 2026 7:15:00 AM";;Ended OK;Soumission scripts HOLD a 07h15;SUBT0715 HOLD;Dummy;No;1;No;CTMSRV;CTMCTM_E1ATEC_04_Q;root;;;3mm15
CTM-CONTROL-M;CTMCTM_E1ATEC_04_Q;CTMCTM_E1ATEC_04_SUB96_Q;"February 20, 2026";"February 21, 2026 8:00:00 AM";"February 21, 2026 8:00:00 AM";;Ended OK;Soumission scripts NRJ NES a 08h00;SUBT0800 NRJ NES;Dummy;No;1;No;CTMSRV;CTMCTM_E1ATEC_04_Q;root;;;3mm16
CTM-CONTROL-M;CTMCTM_E1BTEC_04_Q;CTMCTM_E1BTEC_04_SUB2Q_Q;"February 20, 2026";"February 21, 2026 12:05:00 AM";"February 21, 2026 12:05:00 AM";;Ended OK;Soumission scripts OAP a 00h05;SUBT0005 OAP;Dummy;No;1;No;CTMSRV;CTMCTM_E1BTEC_04_Q;root;;;3mlin
CTM-CONTROL-M;CTMCTM_E1BTEC_04_Q;CTMCTM_E1BTEC_04_SUB2R_Q;"February 20, 2026";"February 21, 2026 3:00:00 AM";"February 21, 2026 3:00:00 AM";;Ended OK;Soumission scripts  OAP  a 03h00;SUBT0300  OAP;Dummy;No;1;No;CTMSRV;CTMCTM_E1BTEC_04_Q;root;;;3mlio
CTM-CONTROL-M;CTMCTM_E1BTEC_04_Q;CTMCTM_E1BTEC_04_SUB2U_Q;"February 20, 2026";"February 21, 2026 6:00:00 AM";"February 21, 2026 6:00:00 AM";;Ended OK;Soumission  OAP  scripts a 06h00;SUBT0600  OAP;Dummy;No;1;No;CTMSRV;CTMCTM_E1BTEC_04_Q;root;;;3mlip
CTM-CONTROL-M;CTMCTM_E1BTEC_04_Q;CTMCTM_E1BTEC_04_SUB2V_Q;"February 20, 2026";"February 21, 2026 6:30:00 AM";"February 21, 2026 6:30:00 AM";;Ended OK;Soumission scripts OAP a 06h30;SUBT0630  OAP;Dummy;No;1;No;CTMSRV;CTMCTM_E1BTEC_04_Q;root;;;3mliq
CTM-CONTROL-M;CTMCTM_E1BTEC_04_Q;CTMCTM_E1BTEC_04_SUB2W_Q;"February 20, 2026";"February 21, 2026 7:00:00 AM";"February 21, 2026 7:00:00 AM";;Ended OK;Soumission scripts  OAP a 07h00;SUBT0700  OAP;Dummy;No;1;No;CTMSRV;CTMCTM_E1BTEC_04_Q;root;;;3mlir
CTM-CONTROL-M;CTMCTM_E1BTEC_04_Q;CTMCTM_E1BTEC_04_SUB3A_Q;"February 20, 2026";"February 21, 2026 8:00:00 AM";"February 21, 2026 8:00:00 AM";;Ended OK;Soumission scripts  OAP a 08h00;SUBT0805  OAP;Dummy;No;1;No;CTMSRV;CTMCTM_E1BTEC_04_Q;root;;;3mlis
CTM-CONTROL-M;CTMCTM_E1BTEC_04_Q;CTMCTM_E1BTEC_04_SUB3D_Q;"February 20, 2026";;;;Wait for Event;Soumission scripts  OAP a 08h45;SUBT0845  OAP;Dummy;No;0;No;CTMSRV;CTMCTM_E1BTEC_04_Q;root;;;3mlit
CTM-CONTROL-M;CTMCTM_E1BTEC_04_Q;CTMCTM_E1BTEC_04_SUB3H_Q;"February 20, 2026";;;;Wait for Event;Soumission scripts  OAP a 11h00;SUBT1100  OAP;Dummy;No;0;No;CTMSRV;CTMCTM_E1BTEC_04_Q;root;;;3mliu
CTM-CONTROL-M;CTMCTM_E1BTEC_04_Q;CTMCTM_E1BTEC_04_SUB3K_Q;"February 20, 2026";;;;Wait for Event;Soumission scripts  OAP  a 12h00;SUBT1200  OAP;Dummy;No;0;No;CTMSRV;CTMCTM_E1BTEC_04_Q;root;;;3mliv
CTM-CONTROL-M;CTMCTM_E1BTEC_04_Q;CTMCTM_E1BTEC_04_SUB3N_Q;"February 20, 2026";"February 20, 2026 1:45:00 PM";"February 20, 2026 1:45:00 PM";;Ended OK;Soumission scripts  OAP a 13h45;SUBT1345  OAP;Dummy;No;1;No;CTMSRV;CTMCTM_E1BTEC_04_Q;root;;;3mliw
CTM-CONTROL-M;CTMCTM_E1BTEC_04_Q;CTMCTM_E1BTEC_04_SUB3P_Q;"February 20, 2026";"February 20, 2026 2:00:00 PM";"February 20, 2026 2:00:00 PM";;Ended OK;Soumission scripts  OAP a 14h00;SUBT1400  OAP;Dummy;No;1;No;CTMSRV;CTMCTM_E1BTEC_04_Q;root;;;3mlix
CTM-CONTROL-M;CTMCTM_E1BTEC_04_Q;CTMCTM_E1BTEC_04_SUB3S_Q;"February 20, 2026";"February 20, 2026 5:00:00 PM";"February 20, 2026 5:00:00 PM";;Ended OK;Soumission scripts  OAP a 17h00;SUBT1700  OAP;Dummy;No;1;No;CTMSRV;CTMCTM_E1BTEC_04_Q;root;;;3mliy
CTM-CONTROL-M;CTMCTM_E1BTEC_04_Q;CTMCTM_E1BTEC_04_SUB3W_Q;"February 20, 2026";"February 20, 2026 6:30:00 PM";"February 20, 2026 6:30:00 PM";;Ended OK;Soumission scripts  OAP a 18h30;SUBT1830  OAP;Dummy;No;1;No;CTMSRV;CTMCTM_E1BTEC_04_Q;root;;;3mliz
CTM-CONTROL-M;CTMCTM_E1DTEC_04_Q;CTMCTM_E1DTEC_04_SUB4F_Q;"February 20, 2026";"February 21, 2026 12:15:00 AM";"February 21, 2026 12:15:00 AM";;Ended OK;Soumission scripts OAF  à 00h15;SUBT0015 OAF;Dummy;No;1;No;CTMSRV;CTMCTM_E1DTEC_04_Q;root;;;3mkoi
CTM-CONTROL-M;CTMCTM_E1DTEC_04_Q;CTMCTM_E1DTEC_04_SUB4P_Q;"February 20, 2026";"February 21, 2026 6:30:00 AM";"February 21, 2026 6:30:00 AM";;Ended OK;Soumission scripts OAF à 06h30;SUBT0630 OAF;Dummy;No;1;No;CTMSRV;CTMCTM_E1DTEC_04_Q;root;;;3mkoj
CTM-CONTROL-M;CTMCTM_E1DTEC_04_Q;CTMCTM_E1DTEC_04_SUB4R_Q;"February 20, 2026";"February 21, 2026 6:55:00 AM";"February 21, 2026 6:55:00 AM";;Ended OK;Soumission scripts OAF à 06h55;SUBT0655 OAF;Dummy;No;1;No;CTMSRV;CTMCTM_E1DTEC_04_Q;root;;;3mkok
CTM-CONTROL-M;CTMCTM_E1DTEC_04_Q;CTMCTM_E1DTEC_04_SUB4S_Q;"February 20, 2026";"February 21, 2026 8:00:00 AM";"February 21, 2026 8:00:00 AM";;Ended OK;Soumission scripts OAF  à 08h00;SUBT0800 OAF;Dummy;No;1;No;CTMSRV;CTMCTM_E1DTEC_04_Q;root;;;3mkol
CTM-CONTROL-M;CTMCTM_E1DTEC_04_Q;CTMCTM_E1DTEC_04_SUB4U_Q;"February 20, 2026";;;;Wait for Event;Soumission scripts OAF à 11h00;SUBT1100 OAF;Dummy;No;0;No;CTMSRV;CTMCTM_E1DTEC_04_Q;root;;;3mkom
CTM-CONTROL-M;CTMCTM_E1ETEC_04_Q;CTMCTM_E1ETEC_04_SUB5B_Q;"February 20, 2026";"February 21, 2026 12:15:00 AM";"February 21, 2026 12:15:00 AM";;Ended OK;Soumission scripts a 00h15;SUBT0015;Dummy;No;1;No;CTMSRV;CTMCTM_E1ETEC_04_Q;root;;;3mlq4
CTM-CONTROL-M;CTMCTM_E1ETEC_04_Q;CTMCTM_E1ETEC_04_SUB5C_Q;"February 20, 2026";"February 21, 2026 1:00:00 AM";"February 21, 2026 1:00:00 AM";;Ended OK;Soumission scripts a 01h00;SUBT0100;Dummy;No;1;No;CTMSRV;CTMCTM_E1ETEC_04_Q;root;;;3mlq5
CTM-CONTROL-M;CTMCTM_E1ETEC_04_Q;CTMCTM_E1ETEC_04_SUB5D_Q;"February 20, 2026";"February 21, 2026 2:00:00 AM";"February 21, 2026 2:00:00 AM";;Ended OK;Soumission scripts a 02h00;SUBT0200;Dummy;No;1;No;CTMSRV;CTMCTM_E1ETEC_04_Q;root;;;3mlq6
CTM-CONTROL-M;CTMCTM_E1ETEC_04_Q;CTMCTM_E1ETEC_04_SUB5E_Q;"February 20, 2026";"February 21, 2026 3:00:00 AM";"February 21, 2026 3:00:00 AM";;Ended OK;Soumission scripts a 03h00;SUBT0300;Dummy;No;1;No;CTMSRV;CTMCTM_E1ETEC_04_Q;root;;;3mlq7
CTM-CONTROL-M;CTMCTM_E1ETEC_04_Q;CTMCTM_E1ETEC_04_SUB5R_Q;"February 20, 2026";;;;Wait for Event;Soumission scripts a 11h00;SUBT1100;Dummy;No;0;No;CTMSRV;CTMCTM_E1ETEC_04_Q;root;;;3mlq8
CTM-CONTROL-M;CTMCTM_E1ETEC_04_Q;CTMCTM_E1ETEC_04_SUB5Z_Q;"February 20, 2026";"February 20, 2026 7:00:00 PM";"February 20, 2026 7:00:00 PM";;Ended OK;Soumission scripts a 19h00;SUBT1900;Dummy;No;1;No;CTMSRV;CTMCTM_E1ETEC_04_Q;root;;;3mlq9
CTM-CONTROL-M;CTMCTM_E1ETEC_04_Q;CTMCTM_E1ETEC_04_SUB6B_Q;"February 20, 2026";"February 20, 2026 8:50:00 PM";"February 20, 2026 8:50:00 PM";;Ended OK;Soumission scripts a 20h50;SUBT2100;Dummy;No;1;No;CTMSRV;CTMCTM_E1ETEC_04_Q;root;;;3mlqa
CTM-CONTROL-M;CTMCTM_E1ETEC_04_Q;CTMCTM_E1ETEC_04_SUB6C_Q;"February 20, 2026";"February 20, 2026 10:00:00 PM";"February 20, 2026 10:00:00 PM";;Ended OK;Soumission scripts a 22h00;SUBT2200;Dummy;No;1;No;CTMSRV;CTMCTM_E1ETEC_04_Q;root;;;3mlqb
CTM-CONTROL-M;CTMCTM_E1GTEC_04_Q;CTMCTM_E1GTEC_04_LIM04_Q;"February 20, 2026";"February 21, 2026 6:30:00 AM";"February 21, 2026 6:30:00 AM";;Ended OK;Heure limite de soumission des batchs;LIMITBATCH;Dummy;No;1;No;CTMSRV;CTMCTM_E1GTEC_04_Q;root;;;3mkt4
CTM-CONTROL-M;CTMCTM_E1GTEC_04_Q;CTMCTM_E1GTEC_04_LIM05_Q;"February 20, 2026";"February 21, 2026 12:15:00 AM";"February 21, 2026 12:15:00 AM";;Ended OK;Heure limite de soumission des batchs;LIMITE0015;Dummy;No;1;No;CTMSRV;CTMCTM_E1GTEC_04_Q;root;;;3mkt5
CTM-CONTROL-M;CTMCTM_E1GTEC_04_Q;CTMCTM_E1GTEC_04_LIM06_Q;"February 20, 2026";"February 21, 2026 1:30:00 AM";"February 21, 2026 1:30:00 AM";;Ended OK;Heure limite de soumission des batchs;LIMITE0130;Dummy;No;1;No;CTMSRV;CTMCTM_E1GTEC_04_Q;root;;;3mkt6
CTM-CONTROL-M;CTMCTM_E1GTEC_04_Q;CTMCTM_E1GTEC_04_LIM07_Q;"February 20, 2026";"February 21, 2026 2:00:00 AM";"February 21, 2026 2:00:00 AM";;Ended OK;Heure limite de soumission des batchs;LIMITE0200;Dummy;No;1;No;CTMSRV;CTMCTM_E1GTEC_04_Q;root;;;3mkt7
CTM-CONTROL-M;CTMCTM_E1GTEC_04_Q;CTMCTM_E1GTEC_04_LIM08_Q;"February 20, 2026";"February 21, 2026 3:00:00 AM";"February 21, 2026 3:00:00 AM";;Ended OK;Heure limite de soumission des batchs;LIMITE0300;Dummy;No;1;No;CTMSRV;CTMCTM_E1GTEC_04_Q;root;;;3mkt8
CTM-CONTROL-M;CTMCTM_E1GTEC_04_Q;CTMCTM_E1GTEC_04_LIM09_Q;"February 20, 2026";"February 21, 2026 3:45:00 AM";"February 21, 2026 3:45:00 AM";;Ended OK;Heure limite de soumission des batchs;LIMITE0345;Dummy;No;1;No;CTMSRV;CTMCTM_E1GTEC_04_Q;root;;;3mkt9
CTM-CONTROL-M;CTMCTM_E1GTEC_04_Q;CTMCTM_E1GTEC_04_LIM10_Q;"February 20, 2026";"February 21, 2026 4:00:00 AM";"February 21, 2026 4:00:00 AM";;Ended OK;Heure limite de soumission des batchs;LIMITE0400;Dummy;No;1;No;CTMSRV;CTMCTM_E1GTEC_04_Q;root;;;3mkta
CTM-CONTROL-M;CTMCTM_E1GTEC_04_Q;CTMCTM_E1GTEC_04_LIM11_Q;"February 20, 2026";"February 21, 2026 5:00:00 AM";"February 21, 2026 5:00:00 AM";;Ended OK;Heure limite de soumission des batchs;LIMITE0500;Dummy;No;1;No;CTMSRV;CTMCTM_E1GTEC_04_Q;root;;;3mktb
CTM-CONTROL-M;CTMCTM_E1GTEC_04_Q;CTMCTM_E1GTEC_04_LIM12_Q;"February 20, 2026";"February 20, 2026 11:45:00 PM";"February 20, 2026 11:45:00 PM";;Ended OK;Heure limite de soumission des batchs;LIMITE2345;Dummy;No;1;No;CTMSRV;CTMCTM_E1GTEC_04_Q;root;;;3mktc
CTM-CONTROL-M;CTMCTM_E1GTEC_04_Q;CTMCTM_E1GTEC_04_SUB85_Q;"February 20, 2026";"February 21, 2026 7:30:00 AM";"February 21, 2026 7:30:00 AM";;Ended OK;Soumission scripts a 07h30;SBTU512H16;Dummy;No;1;No;CTMSRV;CTMCTM_E1GTEC_04_Q;root;;;3mktd
CTM-CONTROL-M;CTMCTM_E1HTEC_04_Q;CTMCTM_E1HTEC_04_LIM13_Q;"February 20, 2026";"February 21, 2026 6:00:00 AM";"February 21, 2026 6:00:00 AM";;Ended OK;Heure limite de soumission des batchs;LIMITBATCH;Dummy;No;1;No;CTMSRV;CTMCTM_E1HTEC_04_Q;root;;;3mm92
CTM-CONTROL-M;CTMCTM_E1HTEC_04_Q;CTMCTM_E1HTEC_04_LIM14_Q;"February 20, 2026";"February 21, 2026 1:00:00 AM";"February 21, 2026 1:00:00 AM";;Ended OK;Heure limite de soumission batch;LIMITE0100;Dummy;No;1;No;CTMSRV;CTMCTM_E1HTEC_04_Q;root;;;3mm93
CTM-CONTROL-M;CTMCTM_E1HTEC_04_Q;CTMCTM_E1HTEC_04_LIM15_Q;"February 20, 2026";"February 21, 2026 4:00:00 AM";"February 21, 2026 4:00:00 AM";;Ended OK;Heure limite de soumission batch 04h00;LIMITE0500;Dummy;No;1;No;CTMSRV;CTMCTM_E1HTEC_04_Q;root;;;3mm94
CTM-CONTROL-M;CTMCTM_E1HTEC_04_Q;CTMCTM_E1HTEC_04_LIM16_Q;"February 20, 2026";"February 21, 2026 6:00:00 AM";"February 21, 2026 6:00:00 AM";;Ended OK;Heure limite de soumission batch;LIMITE0600;Dummy;No;1;No;CTMSRV;CTMCTM_E1HTEC_04_Q;root;;;3mm95
CTM-CONTROL-M;CTMCTM_E1HTEC_04_Q;CTMCTM_E1HTEC_04_LIM17_Q;"February 20, 2026";;;;Wait for Event;Heure limite de soumission batch;LIMITE0900;Dummy;No;0;No;CTMSRV;CTMCTM_E1HTEC_04_Q;root;;;3mm96
CTM-CONTROL-M;CTMCTM_E1HTEC_04_Q;CTMCTM_E1HTEC_04_LIM18_Q;"February 20, 2026";"February 20, 2026 8:00:00 PM";"February 20, 2026 8:00:00 PM";;Ended OK;Heure limite de soumission batch;LIMITE2000;Dummy;No;1;No;CTMSRV;CTMCTM_E1HTEC_04_Q;root;;;3mm97
CTM-CONTROL-M;CTMCTM_E1HTEC_04_Q;CTMCTM_E1HTEC_04_LIM19_Q;"February 20, 2026";"February 20, 2026 10:00:00 PM";"February 20, 2026 10:00:00 PM";;Ended OK;Heure limite de soumission batch;LIMITE2200;Dummy;No;1;No;CTMSRV;CTMCTM_E1HTEC_04_Q;root;;;3mm98
CTM-CONTROL-M;CTMCTM_E1RTEC_04_Q;CTMCTM_E1RTEC_04_DEL01_Q;"February 20, 2026";"February 20, 2026 2:00:00 PM";"February 20, 2026 2:00:02 PM";;Ended OK;SERVITUDE : Purge des log Control-M EM;;Command;No;1;No;CTMSRV;CTMCTM_E1RTEC_04_Q;emuser;ldkctmp50;A_L_CTM01;3mmga
CTM-CONTROL-M;CTMCTM_E1RTEC_04_Q;CTMCTM_E1RTEC_04_DEL02_Q;"February 20, 2026";"February 20, 2026 2:00:00 PM";"February 20, 2026 2:00:00 PM";;Ended OK;SERVITUDE : Purge les logs et travaux present dans la directory /opt/exploit/;;Dummy;No;1;No;CTMSRV;CTMCTM_E1RTEC_04_Q;emuser;;A_L_CTM01;3mmgb
CTM-CONTROL-M;CTMCTM_E1ZTEC_04_Q;CTMCTM_E1ZTEC_04_CTL01_Q;"February 20, 2026";"February 20, 2026 6:46:37 PM";"February 20, 2026 6:46:37 PM";;Ended OK;Controle execution des jobs avec Condition PREV;;Dummy;No;1;No;CTMSRV;CTMCTM_E1ZTEC_04_Q;root;;;3mmgt
CTM-CONTROL-M;CTMCTM_E1ZTEC_04_Q;CTMCTM_E1ZTEC_04_CTL02_Q;"February 20, 2026";;;;Wait for Event;Controle d'activité du mirroir controlm serveur;CONTROLM SERVITUDES CONTROLE MIRROIR;Dummy;No;0;No;CTMSRV;CTMCTM_E1ZTEC_04_Q;controlm;;;3mmgv
CTM-CONTROL-M;CTMCTM_E1ZTEC_04_Q;CTMCTM_E1ZTEC_04_CTL03_Q;"February 20, 2026";"February 20, 2026 5:00:00 PM";"February 20, 2026 5:00:00 PM";1730;Ended OK;CONTROLM : Controle des calendriers non upload;CTM_controle_calendar_not_upload;Dummy;No;3;Yes;CTMSRV;CTMCTM_E1ZTEC_04_Q;emuser;;;3mmgu
CTM-CONTROL-M;CTMCTM_E1ZTEC_04_Q;CTMCTM_E1ZTEC_04_CTL04_Q;"February 20, 2026";"February 20, 2026 3:30:00 PM";"February 20, 2026 3:30:00 PM";;Ended OK;CONTROLM : Controle hebdomadaire des tables locked;CTM_controle_table_locked.;Dummy;No;1;No;CTMSRV;CTMCTM_E1ZTEC_04_Q;emuser;;;3mmgw
CTM-CONTROL-M;CTMSRV_J1YTEC_04_Q;CTMSRV_J1YTEC_04_00000_Q;"February 20, 2026";"February 20, 2026 1:30:12 PM";"February 20, 2026 1:30:12 PM";;Ended OK;Chaîne : Historisation des logs;U512010;Dummy;No;1;No;CTMSRV;CTMSRV_J1YTEC_04_Q;root;;;3ml6i
CTM-CONTROL-M;CTMSRV_J1YTEC_04_Q;CTMSRV_J1YTEC_04_99999_Q;"February 20, 2026";"February 20, 2026 1:30:22 PM";"February 20, 2026 1:30:22 PM";;Ended OK;Fin : Historisation des logs;U512010999;Dummy;No;1;No;CTMSRV;CTMSRV_J1YTEC_04_Q;root;;;3ml6h
CTM-CONTROL-M;CTMSRV_J1YTEC_04_Q;CTMSRV_J1YTEC_04_HIS01_Q;"February 20, 2026";"February 20, 2026 1:30:17 PM";"February 20, 2026 1:30:17 PM";;Ended OK;Historisation des logs;U512010010.sh;Dummy;No;1;No;CTMSRV;CTMSRV_J1YTEC_04_Q;root;;NOTEXIST;3ml6g
DTR-DECISIONNEL TRAN;DTRCID_J11INT_05_Q;DTRCID_J11INT_05_IMP01_Q;"February 20, 2026";;;;Wait for Event;Lancement des plans d'execution DTR_FACTURE_PLAN;Lance_Interface_DTR_CID.ksh;Job;No;0;No;CTMSRV;DTRCID_J11INT_05_Q;root;M_L_DTR01;M_L_DTR01;3mlk5
DTR-DECISIONNEL TRAN;DTRCID_J13INT_05_Q;DTRCID_J13INT_05_FWT01_Q;"February 20, 2026";;;;Wait for Event;FWT : Controle sur le serveur DTR de la presence des fichiers CID et CIT;FileWatcher_Mult_Fic.ksh;Job;No;0;Yes;CTMSRV;DTRCID_J13INT_05_Q;ctmag900;M_L_DTR01;M_L_DTR01;3mkbf
DTR-DECISIONNEL TRAN;DTRCID_J13INT_05_Q;DTRCID_J13INT_05_IMP01_Q;"February 20, 2026";;;;Wait for Event;Lancement des plans d execution DTR_SOCLE_EMPLOYE_FAC_PLAN (projet DTR_SOCLE);Lance_Interface_DTR_CID.ksh;Job;No;0;No;CTMSRV;DTRCID_J13INT_05_Q;root;M_L_DTR01;M_L_DTR01;3mkbe
DTR-DECISIONNEL TRAN;DTRCID_J13INT_05_Q;DTRCID_J13INT_05_MOV01_Q;"February 20, 2026";;;;Wait for Event;DTR : Deplacer les fichiers provenant de l'application CID/CITY;MOVE_GENERIQUE_2.sh;Job;No;0;No;CTMSRV;DTRCID_J13INT_05_Q;root;M_L_DTR01;M_L_DTR01;3mkbd
DTR-DECISIONNEL TRAN;DTRCID_J15INT_05_Q;DTRCID_J15INT_05_IMP01_Q;"February 20, 2026";;;;Wait for Event;Lancement des plans d execution DTR_SOCLE_CONTRAT_FAC_PLAN;Lance_Interface_DTR_CID.ksh;Job;No;0;No;CTMSRV;DTRCID_J15INT_05_Q;root;M_L_DTR01;M_L_DTR01;3mmn9
DTR-DECISIONNEL TRAN;DTRCID_J18INT_05_Q;DTRCID_J18INT_05_IMP01_Q;"February 20, 2026";;;;Wait for Event;Lancement des plans d'execution TAC_SOCLE_SLP_NR_DAILY_PLAN;Lance_Interface_DTR_CID.ksh;Job;No;0;No;CTMSRV;DTRCID_J18INT_05_Q;root;M_L_DTR01;M_L_DTR01;3mks5
DTR-DECISIONNEL TRAN;DTRCRT_J11INT_05_Q;DTRCRT_J11INT_05_CPY01_Q;"February 20, 2026";"February 21, 2026 12:33:29 AM";"February 21, 2026 12:33:30 AM";;Ended OK;déplace les fichier de /data/EAI/in/crt vers /bi/data/in/common;DTRCRT_J11INT_05_CPY01_Q.sh;Job;No;1;No;CTMSRV;DTRCRT_J11INT_05_Q;root;ldkdtrp03;M_L_DTR01;3mlgr
DTR-DECISIONNEL TRAN;DTRCRT_J11INT_05_Q;DTRCRT_J11INT_05_FWT01_Q;"February 20, 2026";"February 21, 2026 12:33:25 AM";"February 21, 2026 12:33:29 AM";;Ended OK;Scrutation des fichiers dans FWparam_DTRCRT_J11INT_05_FWT01_Q.parm (DTR01);FileWatcher_Mult_Fic.ksh;Job;No;1;Yes;CTMSRV;DTRCRT_J11INT_05_Q;ctmag900;ldkdtrp03;M_L_DTR01;3mlgq
DTR-DECISIONNEL TRAN;DTRCRT_J11INT_05_Q;DTRCRT_J11INT_05_IMP01_Q;"February 20, 2026";;;;Wait for Event;Lancement des plans d'execution TAC_TSAR_CRT_DAILY_PLAN;Lance_Interface_DTR_CRT.ksh;Job;No;0;No;CTMSRV;DTRCRT_J11INT_05_Q;root;M_L_DTR01;M_L_DTR01;3mlgs
DTR-DECISIONNEL TRAN;DTRDTR_E11REB_12_Q;DTRDTR_E11REB_12_CTL01_Q;"February 20, 2026";"February 21, 2026 12:13:58 AM";"February 21, 2026 12:14:04 AM";;Ended OK;Redemarrage DTR : TEST si serveur demarre (wdkdtrp12);dir;Command;No;1;No;CTMSRV;DTRDTR_E11REB_12_Q;svce_cm;wdkdtrp12;A_W_DTR12;3ml3e
DTR-DECISIONNEL TRAN;DTRDTR_E11REB_12_Q;DTRDTR_E11REB_12_CTL02_Q;"February 20, 2026";"February 21, 2026 12:14:17 AM";"February 21, 2026 12:14:19 AM";;Ended OK;Info sur le Redemarrage DTR BI4 :  (WDKDTRP12);net statistics WORKSTATION;Command;No;1;No;CTMSRV;DTRDTR_E11REB_12_Q;svce_cm;wdkdtrp12;A_W_DTR12;3ml3q
DTR-DECISIONNEL TRAN;DTRDTR_E11REB_12_Q;DTRDTR_E11REB_12_CTL03_Q;"February 20, 2026";"February 21, 2026 12:18:16 AM";"February 21, 2026 12:18:23 AM";;Ended OK;Redemarrage DTR : TEST si serveur demarre (WDKDTRP13);dir;Command;No;1;No;CTMSRV;DTRDTR_E11REB_12_Q;svce_cm;wdkdtrp13;A_W_DTR13;3ml3m
DTR-DECISIONNEL TRAN;DTRDTR_E11REB_12_Q;DTRDTR_E11REB_12_CTL04_Q;"February 20, 2026";"February 21, 2026 12:18:35 AM";"February 21, 2026 12:18:37 AM";;Ended OK;Info sur le Redemarrage DTR BI4 :  (WDKDTRP13);net statistics WORKSTATION;Command;No;1;No;CTMSRV;DTRDTR_E11REB_12_Q;svce_cm;wdkdtrp13;A_W_DTR13;3ml3r
DTR-DECISIONNEL TRAN;DTRDTR_E11REB_12_Q;DTRDTR_E11REB_12_CTL04_Q;"February 20, 2026";"February 21, 2026 12:18:45 AM";"February 21, 2026 12:18:50 AM";;Ended OK;Info sur le Redemarrage DTR :  (WDKDTRP14);net statistics WORKSTATION;Command;No;1;No;CTMSRV;DTRDTR_E11REB_12_Q;svce_cm;wdkdtrp14;A_W_DTR14;3ml3v
DTR-DECISIONNEL TRAN;DTRDTR_E11REB_12_Q;DTRDTR_E11REB_12_MEL01_Q;"February 20, 2026";"February 21, 2026 12:10:00 AM";"February 21, 2026 12:10:01 AM";;Ended OK;"DTR SAP BI: Notification Mail DEBUT Plan de Maintenance quotidien des serveur WDKDTRP12 ; WDKDTRP13";Notification_Plan_Maintenance.ksh;Job;No;1;No;CTMSRV;DTRDTR_E11REB_12_Q;root;ldkctmp50;SRV_PRIMAIRE;3ml3s
DTR-DECISIONNEL TRAN;DTRDTR_E11REB_12_Q;DTRDTR_E11REB_12_MEL02_Q;"February 20, 2026";"February 21, 2026 12:18:50 AM";"February 21, 2026 12:18:52 AM";;Ended OK;DTR SAP BI : Notification Mail FIN Plan de Maintenance quotidien des serveurs WDKDTRP12 et WDKDTRP13;Notification_Plan_Maintenance.ksh;Job;No;1;No;CTMSRV;DTRDTR_E11REB_12_Q;root;ldkctmp50;SRV_PRIMAIRE;3ml3t
DTR-DECISIONNEL TRAN;DTRDTR_E11REB_12_Q;DTRDTR_E11REB_12_NAS12_Q;"February 20, 2026";"February 21, 2026 12:14:05 AM";"February 21, 2026 12:14:07 AM";;Ended OK;Mapper le Disque NAS EDF;Mapper  Disque NAS EDF;Command;No;1;Yes;CTMSRV;DTRDTR_E11REB_12_Q;svc_sapbi;wdkdtrp12;A_W_DTR12;3ml3f
DTR-DECISIONNEL TRAN;DTRDTR_E11REB_12_Q;DTRDTR_E11REB_12_NAS13_Q;"February 20, 2026";"February 21, 2026 12:18:23 AM";"February 21, 2026 12:18:25 AM";;Ended OK;Mapper le Disque NAS EDF;Mapper  Disque NAS EDF;Command;No;1;Yes;CTMSRV;DTRDTR_E11REB_12_Q;svc_sapbi;wdkdtrp13;A_W_DTR13;3ml3n
DTR-DECISIONNEL TRAN;DTRDTR_E11REB_12_Q;DTRDTR_E11REB_12_Q;"February 20, 2026";"February 21, 2026 12:10:00 AM";"February 21, 2026 12:18:53 AM";;Ended OK;Plan de Maintenance quotidien des serveurs DTR SAP BI;;SMART Table;No;1;No;CTMSRV;DTRDTR_E11REB_12_Q;;ldkctmp50;;3ml39
DTR-DECISIONNEL TRAN;DTRDTR_E11REB_12_Q;DTRDTR_E11REB_12_REB12_Q;"February 20, 2026";"February 21, 2026 12:10:32 AM";"February 21, 2026 12:10:34 AM";;Ended OK;Redemarrage DTR BI4: REBOOT du serveur (wdkdtrp12);Shutdown_wdkdtrp12;Command;No;1;No;CTMSRV;DTRDTR_E11REB_12_Q;svce_cm;wdkdtrp12;A_W_DTR12;3ml3c
DTR-DECISIONNEL TRAN;DTRDTR_E11REB_12_Q;DTRDTR_E11REB_12_REB13_Q;"February 20, 2026";"February 21, 2026 12:14:50 AM";"February 21, 2026 12:14:52 AM";;Ended OK;Redemarrage DTR BI4: REBOOT du serveur (WDKDTRP13);Shutdown WDKDTRP13;Command;No;1;No;CTMSRV;DTRDTR_E11REB_12_Q;svce_cm;wdkdtrp13;A_W_DTR13;3ml3k
DTR-DECISIONNEL TRAN;DTRDTR_E11REB_12_Q;DTRDTR_E11REB_12_REB14_Q;"February 20, 2026";"February 21, 2026 12:18:38 AM";"February 21, 2026 12:18:44 AM";;Ended OK;Redemarrage DTR : REBOOT du serveur (WDKDTRP14);Shutdown WDKDTRP14;Command;No;1;No;CTMSRV;DTRDTR_E11REB_12_Q;svce_cm;wdkdtrp14;A_W_DTR14;3ml3u
DTR-DECISIONNEL TRAN;DTRDTR_E11REB_12_Q;DTRDTR_E11REB_12_SLP12_Q;"February 20, 2026";"February 21, 2026 12:10:35 AM";"February 21, 2026 12:13:57 AM";;Ended OK;Redemarrage DTR BI4 : SLEEP pour test si serveur demarre (wdkdtrp12);sleep 200_et_test;Command;No;1;No;CTMSRV;DTRDTR_E11REB_12_Q;root;ldkctmp50;SRV_PRIMAIRE;3ml3d
DTR-DECISIONNEL TRAN;DTRDTR_E11REB_12_Q;DTRDTR_E11REB_12_SLP13_Q;"February 20, 2026";"February 21, 2026 12:14:52 AM";"February 21, 2026 12:18:15 AM";;Ended OK;Redemarrage DTR BI4 : SLEEP pour test si serveur demarre (WDKDTRP13);sleep 200_et_test;Command;No;1;No;CTMSRV;DTRDTR_E11REB_12_Q;root;ldkctmp50;SRV_PRIMAIRE;3ml3l
DTR-DECISIONNEL TRAN;DTRDTR_E11REB_12_Q;DTRDTR_E11REB_12_STP01_Q;"February 20, 2026";"February 21, 2026 12:10:01 AM";"February 21, 2026 12:10:18 AM";;Ended OK;ARRET  BOEXI40SIAWDKDTRP12: STOP  (WDKDTRP12);stop BO_WDKDTRP12;Command;No;1;No;CTMSRV;DTRDTR_E11REB_12_Q;svc_sapbi;wdkdtrp12;A_W_DTR12;3ml3a
DTR-DECISIONNEL TRAN;DTRDTR_E11REB_12_Q;DTRDTR_E11REB_12_STP02_Q;"February 20, 2026";"February 21, 2026 12:10:19 AM";"February 21, 2026 12:10:31 AM";;Ended OK;ARRET  BOEXI40Tomcat: STOP  (WDKDTRP12);stop_Tomcat_WDKDTRP12;Command;No;1;No;CTMSRV;DTRDTR_E11REB_12_Q;svc_sapbi;wdkdtrp12;A_W_DTR12;3ml3b
DTR-DECISIONNEL TRAN;DTRDTR_E11REB_12_Q;DTRDTR_E11REB_12_STP03_Q;"February 20, 2026";"February 21, 2026 12:14:19 AM";"February 21, 2026 12:14:36 AM";;Ended OK;ARRET  BOEXI40SIAWDKDTRE13: STOP  (WDKDTRP13);stop BO_WDKDTRP13;Command;No;1;No;CTMSRV;DTRDTR_E11REB_12_Q;svc_sapbi;wdkdtrp13;A_W_DTR13;3ml3i
DTR-DECISIONNEL TRAN;DTRDTR_E11REB_12_Q;DTRDTR_E11REB_12_STP04_Q;"February 20, 2026";"February 21, 2026 12:14:37 AM";"February 21, 2026 12:14:49 AM";;Ended OK;ARRET  BOEXI40Tomcat: STOP  (WDKDTRP13);stop Tomcat WDKDTRP13;Command;No;1;No;CTMSRV;DTRDTR_E11REB_12_Q;svc_sapbi;wdkdtrp13;A_W_DTR13;3ml3j
DTR-DECISIONNEL TRAN;DTRDTR_E11REB_12_Q;DTRDTR_E11REB_12_STR01_Q;"February 20, 2026";"February 21, 2026 12:14:09 AM";"February 21, 2026 12:14:16 AM";;Ended OK;DEMARRAGE  BOEXI40SIAWDKDTRE12: START  (WDKDTRP12);start BO_WDKDTRP12;Command;No;1;No;CTMSRV;DTRDTR_E11REB_12_Q;svc_sapbi;wdkdtrp12;A_W_DTR12;3ml3h
DTR-DECISIONNEL TRAN;DTRDTR_E11REB_12_Q;DTRDTR_E11REB_12_STR02_Q;"February 20, 2026";"February 21, 2026 12:14:08 AM";"February 21, 2026 12:14:08 AM";;Ended OK;DEMARRAGE  BOEXI40Tomcat: START  (WDKDTRP12);start Tomcat WDKDTRP12;Dummy;No;1;No;CTMSRV;DTRDTR_E11REB_12_Q;svc_sapbi;;A_W_DTR12;3ml3g
DTR-DECISIONNEL TRAN;DTRDTR_E11REB_12_Q;DTRDTR_E11REB_12_STR03_Q;"February 20, 2026";"February 21, 2026 12:18:27 AM";"February 21, 2026 12:18:34 AM";;Ended OK;DEMARRAGE  BOEXI40SIAWDKDTRP13: START  (WDKDTRP13);start BO_WDKDTRP13;Command;No;1;No;CTMSRV;DTRDTR_E11REB_12_Q;svc_sapbi;wdkdtrp13;A_W_DTR13;3ml3p
DTR-DECISIONNEL TRAN;DTRDTR_E11REB_12_Q;DTRDTR_E11REB_12_STR04_Q;"February 20, 2026";"February 21, 2026 12:18:26 AM";"February 21, 2026 12:18:26 AM";;Ended OK;DEMARRAGE  BOEXI40Tomcat: START  (WDKDTRP13);start Tomcat WDKDTRP13;Dummy;No;1;No;CTMSRV;DTRDTR_E11REB_12_Q;svc_sapbi;;A_W_DTR13;3ml3o
DTR-DECISIONNEL TRAN;DTRDTR_J11TEC_04_Q;DTRDTR_J11TEC_04_CTL01_Q;"February 20, 2026";"February 20, 2026 6:46:05 PM";"February 20, 2026 6:46:05 PM";;Ended OK;Jalon de controle des COND PREV postees (Plan de prod DTR precedent termine);;Dummy;No;1;No;CTMSRV;DTRDTR_J11TEC_04_Q;root;;NOTEXIST;3mlh5
DTR-DECISIONNEL TRAN;DTRDTR_J11TEC_04_Q;DTRDTR_J11TEC_04_FLG01_Q;"February 20, 2026";"February 21, 2026 4:15:24 AM";"February 21, 2026 4:15:24 AM";;Ended OK;DTR : Jalon de fin de la production DTRP01;UDTR_PROD_ENDED;Dummy;No;1;No;CTMSRV;DTRDTR_J11TEC_04_Q;svce_cm;;NOTEXIST;3mlh3
DTR-DECISIONNEL TRAN;DTRDTR_J11TEC_04_Q;DTRDTR_J11TEC_04_FLG04_Q;"February 20, 2026";"February 21, 2026 4:15:25 AM";"February 21, 2026 4:15:25 AM";;Ended OK;Jalon de demarrage de la production DTRP01;UDTR_PROD_START_001J;Dummy;No;1;No;CTMSRV;DTRDTR_J11TEC_04_Q;svce_cm;;NOTEXIST;3mlh4
DTR-DECISIONNEL TRAN;DTRDTR_J11TRT_05_Q;DTRDTR_J11TRT_05_IMP01_Q;"February 20, 2026";;;;Wait for Event;Lancement des plans d'execution TAC_SOCLE_MAJ_SLP_DAILY_PLAN;Lance_Interface_DTR_SLP.ksh;Job;No;0;No;CTMSRV;DTRDTR_J11TRT_05_Q;root;M_L_DTR01;M_L_DTR01;3mm84
DTR-DECISIONNEL TRAN;DTRDTR_J12TRT_05_Q;DTRDTR_J12TRT_05_IMP01_Q;"February 20, 2026";"February 21, 2026 4:15:24 AM";"February 21, 2026 4:16:07 AM";;Ended OK;Lancement des plans d'execution TAC_SOCLE_ALIM_PIVOT_DAILY_PLAN;Lance_Interface_DTR_PIVOT.ksh;Job;No;1;No;CTMSRV;DTRDTR_J12TRT_05_Q;root;ldkdtrp02;M_L_DTR01;3mkdw
DTR-DECISIONNEL TRAN;DTRFIN_J15TRT_04_Q;DTRFIN_J15TRT_04_FLG01_Q;"February 20, 2026";"February 21, 2026 5:27:58 AM";"February 21, 2026 5:28:03 AM";;Ended OK;DTR : Creation Flag TOP_FIN_ALIM_OK_FINANCE_ACHATS_DWH.txt;;Command;No;1;No;CTMSRV;DTRFIN_J15TRT_04_Q;svc_sapbi;wdkdtrp12;M_W_DTR00;3mmh8
DTR-DECISIONNEL TRAN;DTRFIN_J15TRT_04_Q;DTRFIN_J15TRT_04_FLG02_Q;"February 20, 2026";"February 21, 2026 6:18:42 AM";"February 21, 2026 6:18:48 AM";;Ended OK;DTR : Creation Flag TOP_FIN_ALIM_OK_FINANCE_ACHATS_DTM_GESTION_ANALYTIQUE.txt;;Command;No;1;No;CTMSRV;DTRFIN_J15TRT_04_Q;svc_sapbi;wdkdtrp13;M_W_DTR00;3mmha
DTR-DECISIONNEL TRAN;DTRFIN_J15TRT_04_Q;DTRFIN_J15TRT_04_FLG03_Q;"February 20, 2026";"February 21, 2026 7:10:18 AM";"February 21, 2026 7:10:24 AM";;Ended OK;DTR : Creation Flag TOP_FIN_ALIM_OK_FINANCE_ACHATS_DTM_FACTURE_CLIENT.txt;;Command;No;1;No;CTMSRV;DTRFIN_J15TRT_04_Q;svc_sapbi;wdkdtrp12;M_W_DTR00;3mmhg
DTR-DECISIONNEL TRAN;DTRFIN_J15TRT_04_Q;DTRFIN_J15TRT_04_FLG04_Q;"February 20, 2026";;;;Wait for Event;DTR : Creation Flag TOP_FIN_ALIM_OK_FINANCE_ACHATS_P2P.txt;;Command;No;0;No;CTMSRV;DTRFIN_J15TRT_04_Q;svc_sapbi;M_W_DTR00;M_W_DTR00;3mmhc
DTR-DECISIONNEL TRAN;DTRFIN_J15TRT_04_Q;DTRFIN_J15TRT_04_FLG05_Q;"February 20, 2026";"February 21, 2026 7:12:32 AM";"February 21, 2026 7:12:37 AM";;Ended OK;DTR : Creation Flag TOP_FIN_ALIM_OK_FINANCE_ACHATS_DTM_AUTRE.txt;;Command;No;1;No;CTMSRV;DTRFIN_J15TRT_04_Q;svc_sapbi;wdkdtrp13;M_W_DTR00;3mmhh
DTR-DECISIONNEL TRAN;DTRFIN_J15TRT_04_Q;DTRFIN_J15TRT_04_FLG06_Q;"February 20, 2026";"February 21, 2026 7:12:59 AM";"February 21, 2026 7:13:01 AM";;Ended OK;DTR : Creation Flag TOP_FIN_ALIM_OK_FINANCE_ACHATS_DTM_FIN.txt;;Command;No;1;No;CTMSRV;DTRFIN_J15TRT_04_Q;svc_sapbi;wdkdtrp12;M_W_DTR00;3mmhi
DTR-DECISIONNEL TRAN;DTRFIN_J15TRT_04_Q;DTRFIN_J15TRT_04_FWT01_Q;"February 20, 2026";"February 21, 2026 3:49:15 AM";"February 21, 2026 3:49:41 AM";;Ended OK;FWT : Controle sur le serveur DTR de la presence des fichiers DTR_FINANCE;FileWatcher_Mult_Fic.ksh;Job;No;1;Yes;CTMSRV;DTRFIN_J15TRT_04_Q;ctmag900;ldkdtrp07;A_L_DTR07;3mmh4
DTR-DECISIONNEL TRAN;DTRFIN_J15TRT_04_Q;DTRFIN_J15TRT_04_FWT02_Q;"February 20, 2026";"February 21, 2026 3:52:00 AM";"February 21, 2026 3:52:02 AM";;Ended OK;FWT : Controle sur le serveur Talend de la presence des fichiers CE-BANK-BRANCHES-V et DTR-AR-EVENTS-V;FileWatcher_Mult_Fic.ksh;Job;No;3;Yes;CTMSRV;DTRFIN_J15TRT_04_Q;ctmag900;ldkdtrp03;M_L_DTR01;3mmh6
DTR-DECISIONNEL TRAN;DTRFIN_J15TRT_04_Q;DTRFIN_J15TRT_04_LIM01_Q;"February 20, 2026";"February 21, 2026 2:30:00 AM";"February 21, 2026 2:30:00 AM";;Ended OK;Limite horaire 1h30 du matin;;Dummy;No;1;No;CTMSRV;DTRFIN_J15TRT_04_Q;ctmag900;;M_L_DTR01;3mmh5
DTR-DECISIONNEL TRAN;DTRFIN_J15TRT_04_Q;DTRFIN_J15TRT_04_MOV01_Q;"February 20, 2026";"February 21, 2026 3:49:42 AM";"February 21, 2026 3:49:43 AM";;Ended OK;Copie des fichiers FINANCE du NAS EAI vers le DTR;MOVE_GENERIQUE.sh;Job;No;1;No;CTMSRV;DTRFIN_J15TRT_04_Q;root;ldkdtrp07;A_L_DTR07;3mmh3
DTR-DECISIONNEL TRAN;DTRFIN_J15TRT_04_Q;DTRFIN_J15TRT_04_MOV02_Q;"February 20, 2026";"February 21, 2026 3:52:02 AM";"February 21, 2026 3:52:03 AM";;Ended OK;Copie des fichiers FINANCE du NAS EAI vers le DTR;MOVE_GENERIQUE.sh;Job;No;1;No;CTMSRV;DTRFIN_J15TRT_04_Q;root;ldkdtrp02;M_L_DTR01;3mmh7
DTR-DECISIONNEL TRAN;DTRFIN_J15TRT_04_Q;DTRFIN_J15TRT_04_TAL01_Q;"February 20, 2026";"February 21, 2026 3:52:03 AM";"February 21, 2026 5:27:57 AM";;Ended OK;Lancement DTR_FINANCE_DWH_PLAN;Lance_Interface_DTR_KDR.ksh;Job;No;1;No;CTMSRV;DTRFIN_J15TRT_04_Q;root;ldkdtrp03;M_L_DTR01;3mmh2
DTR-DECISIONNEL TRAN;DTRFIN_J15TRT_04_Q;DTRFIN_J15TRT_04_TAL02_Q;"February 20, 2026";"February 21, 2026 5:27:58 AM";"February 21, 2026 6:18:41 AM";;Ended OK;Lancement du plan  execution DTM_GESTION_ANALYTIQUE_PLAN;Lance_Interface_DTR_KDR.ksh;Job;No;1;No;CTMSRV;DTRFIN_J15TRT_04_Q;root;ldkdtrp03;M_L_DTR01;3mmh9
DTR-DECISIONNEL TRAN;DTRFIN_J15TRT_04_Q;DTRFIN_J15TRT_04_TAL03_Q;"February 20, 2026";"February 21, 2026 6:18:43 AM";"February 21, 2026 7:10:17 AM";;Ended OK;Lancement du plan  execution DTM_FACTURE_CLIENT_PLAN;Lance_Interface_DTR_KDR.ksh;Job;No;1;No;CTMSRV;DTRFIN_J15TRT_04_Q;root;ldkdtrp02;M_L_DTR01;3mmhd
DTR-DECISIONNEL TRAN;DTRFIN_J15TRT_04_Q;DTRFIN_J15TRT_04_TAL04_Q;"February 20, 2026";"February 21, 2026 7:12:59 AM";;;Executing;Lancement DTR_FINANCE_P2P_PLAN;Lance_Interface_DTR_KDR.ksh;Job;No;1;No;CTMSRV;DTRFIN_J15TRT_04_Q;root;ldkdtrp03;M_L_DTR01;3mmhb
DTR-DECISIONNEL TRAN;DTRFIN_J15TRT_04_Q;DTRFIN_J15TRT_04_TAL05_Q;"February 20, 2026";"February 21, 2026 7:10:18 AM";"February 21, 2026 7:12:31 AM";;Ended OK;Lancement du plan  execution DTM_AUTRE_PLAN;Lance_Interface_DTR_KDR.ksh;Job;No;1;No;CTMSRV;DTRFIN_J15TRT_04_Q;root;ldkdtrp03;M_L_DTR01;3mmhe
DTR-DECISIONNEL TRAN;DTRFIN_J15TRT_04_Q;DTRFIN_J15TRT_04_TAL06_Q;"February 20, 2026";"February 21, 2026 7:12:32 AM";"February 21, 2026 7:12:58 AM";;Ended OK;Lancement du plan  execution DTM_FIN_PLAN;Lance_Interface_DTR_KDR.ksh;Job;No;1;No;CTMSRV;DTRFIN_J15TRT_04_Q;root;ldkdtrp02;M_L_DTR01;3mmhf
DTR-DECISIONNEL TRAN;DTRFIN_J15TRT_04_Q;DTRFIN_J15TRT_04_WRK01_Q;"February 20, 2026";"February 21, 2026 12:33:46 AM";"February 21, 2026 12:34:32 AM";;Ended OK;Lance le plan d' execution DTR_REF_COPY_4_FINANCE_PLAN;Lance_Interface_DTR_KDR.ksh;Job;No;1;No;CTMSRV;DTRFIN_J15TRT_04_Q;root;ldkdtrp03;M_L_DTR01;3mmh1
DTR-DECISIONNEL TRAN;DTRFIN_J16TRT_04_Q;DTRFIN_J16TRT_04_FLG01_Q;"February 20, 2026";"February 21, 2026 6:18:43 AM";"February 21, 2026 6:18:43 AM";;Ended OK;DTR : Creation Flag TOP_OK_FINANCE_ACHATS_P2P.txt;;Dummy;No;1;No;CTMSRV;DTRFIN_J16TRT_04_Q;root;;NOTEXIST;3mm9l
DTR-DECISIONNEL TRAN;DTRFIN_J16TRT_04_Q;DTRFIN_J16TRT_04_TAL01_Q;"February 20, 2026";"February 21, 2026 6:18:42 AM";"February 21, 2026 6:18:42 AM";;Ended OK;Lance le plan d'execution DTR_FINANCE_P2P_PLAN du job talend DTR_FINANCE_P2P du Projet DTR_FINANCE;Lance_Interface_DTR_KDR.ksh;Dummy;No;1;No;CTMSRV;DTRFIN_J16TRT_04_Q;root;;M_L_DTR01;3mm9k
DTR-DECISIONNEL TRAN;DTRFIN_J17TRT_04_Q;DTRFIN_J17TRT_04_WRK01_Q;"February 20, 2026";"February 21, 2026 12:35:11 AM";"February 21, 2026 12:35:42 AM";;Ended OK;Lance le plan d' execution  DTR_HEC_COPY_4_FINANCE_PLAN;Lance_Interface_DTR_KDR.ksh;Job;No;1;No;CTMSRV;DTRFIN_J17TRT_04_Q;root;ldkdtrp03;M_L_DTR01;3mmf5
DTR-DECISIONNEL TRAN;DTRHEC_J11INT_05_Q;DTRHEC_J11INT_05_IMP01_Q;"February 20, 2026";"February 21, 2026 12:34:14 AM";"February 21, 2026 12:35:13 AM";;Ended OK;DTR : Lancement du plan d' execution  DTR_HERCULE_REC_PLAN;Lance_Interface_DTR_KDR.ksh;Job;No;1;No;CTMSRV;DTRHEC_J11INT_05_Q;root;ldkdtrp02;M_L_DTR01;3ml03
DTR-DECISIONNEL TRAN;DTRHEC_J11INT_05_Q;DTRHEC_J11INT_05_IMP02_Q;"February 20, 2026";"February 21, 2026 12:35:13 AM";"February 21, 2026 12:35:43 AM";;Ended OK;DTR : Lancement du plan d' execution  DTR_HERCULE_REC_COPIE_PLAN;Lance_Interface_DTR_KDR.ksh;Job;No;1;No;CTMSRV;DTRHEC_J11INT_05_Q;root;ldkdtrp02;M_L_DTR01;3ml04
DTR-DECISIONNEL TRAN;DTRHEC_J11INT_05_Q;DTRHEC_J11INT_05_IMP03_Q;"February 20, 2026";"February 21, 2026 12:33:46 AM";"February 21, 2026 12:34:34 AM";;Ended OK;DTR : Lancement du plan d' execution  DTR_HERCULE_REC_P2_PLAN;Lance_Interface_DTR_KDR.ksh;Job;No;1;No;CTMSRV;DTRHEC_J11INT_05_Q;root;ldkdtrp02;M_L_DTR01;3ml05
DTR-DECISIONNEL TRAN;DTRHEC_J11INT_05_Q;DTRHEC_J11INT_05_IMP04_Q;"February 20, 2026";"February 21, 2026 12:34:35 AM";"February 21, 2026 12:35:10 AM";;Ended OK;DTR : Lancement du plan d' execution  DTR_HERCULE_REC_COPIE_P2_PLAN;Lance_Interface_DTR_KDR.ksh;Job;No;1;No;CTMSRV;DTRHEC_J11INT_05_Q;root;ldkdtrp02;M_L_DTR01;3ml06
DTR-DECISIONNEL TRAN;DTRHEC_J11INT_05_Q;DTRHEC_J11INT_05_MOV01_Q;"February 20, 2026";"February 21, 2026 12:30:00 AM";"February 21, 2026 12:30:01 AM";;Ended OK;Deplacer les fichiers du NAS vers DTR;MOVE_GENERIQUE.sh;Job;No;1;No;CTMSRV;DTRHEC_J11INT_05_Q;root;ldkdtrp02;M_L_DTR01;3ml02
DTR-DECISIONNEL TRAN;DTRHEC_J11INT_05_Q;DTRHEC_J11INT_05_Q;"February 20, 2026";"February 20, 2026 1:30:12 PM";"February 21, 2026 12:35:44 AM";;Ended OK;DTR : Integration des Donnees HEC;;SMART Table;No;1;No;CTMSRV;DTRHEC_J11INT_05_Q;root;ldkctmp50;;3ml01
DTR-DECISIONNEL TRAN;DTRKDR_J12INT_05_Q;DTRKDR_J12INT_05_IMP01_Q;"February 20, 2026";"February 21, 2026 12:30:03 AM";"February 21, 2026 12:33:25 AM";;Ended OK;DTR : Lancement du plan d' execution  DTR_REFERENTIEL_REC_PLAN;Lance_Interface_DTR_KDR.ksh;Job;No;1;No;CTMSRV;DTRKDR_J12INT_05_Q;root;ldkdtrp02;M_L_DTR01;3mm71
DTR-DECISIONNEL TRAN;DTRKDR_J12INT_05_Q;DTRKDR_J12INT_05_IMP02_Q;"February 20, 2026";"February 21, 2026 12:33:25 AM";"February 21, 2026 12:34:13 AM";;Ended OK;DTR : Lancement du plan d' execution  DTR_REFERENTIEL_REC_COPIE_PLAN;Lance_Interface_DTR_KDR.ksh;Job;No;1;No;CTMSRV;DTRKDR_J12INT_05_Q;root;ldkdtrp02;M_L_DTR01;3mm72
DTR-DECISIONNEL TRAN;DTRKDR_J12INT_05_Q;DTRKDR_J12INT_05_IMP03_Q;"February 20, 2026";"February 21, 2026 12:30:03 AM";"February 21, 2026 12:32:54 AM";;Ended OK;DTR : Lancement du plan d' execution  DTR_REFERENTIEL_REC_P2_PLAN;Lance_Interface_DTR_KDR.ksh;Job;No;1;No;CTMSRV;DTRKDR_J12INT_05_Q;root;ldkdtrp03;M_L_DTR01;3mm73
DTR-DECISIONNEL TRAN;DTRKDR_J12INT_05_Q;DTRKDR_J12INT_05_IMP04_Q;"February 20, 2026";"February 21, 2026 12:32:55 AM";"February 21, 2026 12:33:45 AM";;Ended OK;DTR : Lancement du plan d' execution  DTR_REFERENTIEL_REC_COPIE_P2_PLAN;Lance_Interface_DTR_KDR.ksh;Job;No;1;No;CTMSRV;DTRKDR_J12INT_05_Q;root;ldkdtrp02;M_L_DTR01;3mm74
DTR-DECISIONNEL TRAN;DTRKDR_J12INT_05_Q;DTRKDR_J12INT_05_MOV01_Q;"February 20, 2026";"February 21, 2026 12:30:00 AM";"February 21, 2026 12:30:02 AM";;Ended OK;Deplacer les fichiers du NAS vers DTR;DTRKDR_J12INT_05_MOV01_Q.ksh;Job;No;1;No;CTMSRV;DTRKDR_J12INT_05_Q;root;ldkdtrp03;M_L_DTR01;3mm75
DTR-DECISIONNEL TRAN;DTRKDR_J13INT_05_Q;DTRKDR_J13INT_05_IMP01_Q;"February 20, 2026";"February 21, 2026 12:34:14 AM";"February 21, 2026 12:34:34 AM";;Ended OK;DTR : Lancement du plan d'execution DTR_REFERENTIEL_REC_TRANSCOS_PLAN;Lance_Interface_DTR_KDR.ksh;Job;No;1;No;CTMSRV;DTRKDR_J13INT_05_Q;root;ldkdtrp02;M_L_DTR01;3mkye
DTR-DECISIONNEL TRAN;DTRKDR_J13INT_05_Q;DTRKDR_J13INT_05_MOV01_Q;"February 20, 2026";"February 21, 2026 12:03:46 AM";"February 21, 2026 12:03:47 AM";;Ended OK;Deplacer les fichiers du NAS vers DTR;MOVE_GENERIQUE.sh;Job;No;1;No;CTMSRV;DTRKDR_J13INT_05_Q;root;ldkdtrp02;M_L_DTR01;3mkyd
DTR-DECISIONNEL TRAN;DTRKDR_J14INT_05_Q;DTRKDR_J14INT_05_IMP01_Q;"February 20, 2026";"February 21, 2026 12:34:14 AM";"February 21, 2026 12:35:20 AM";;Ended Not OK;DTR : Lancement du plan d'exécution DTR_REFERENTIEL_REC_RESSOURCE_PLAN;Lance_Interface_DTR_KDR.ksh;Job;No;1;No;CTMSRV;DTRKDR_J14INT_05_Q;root;ldkdtrp03;M_L_DTR01;3mlko
DTR-DECISIONNEL TRAN;DTRKDR_J14INT_05_Q;DTRKDR_J14INT_05_MOV01_Q;"February 20, 2026";"February 21, 2026 12:08:00 AM";"February 21, 2026 12:08:01 AM";;Ended OK;Deplacer les fichiers du NAS vers DTR;DTRKDR_J14INT_05_MOV01_Q.ksh;Job;No;1;No;CTMSRV;DTRKDR_J14INT_05_Q;root;ldkdtrp03;M_L_DTR01;3mlkn
DTR-DECISIONNEL TRAN;DTRKDR_J15INT_05_Q;DTRKDR_J15INT_05_IMP01_Q;"February 20, 2026";"February 21, 2026 12:34:14 AM";"February 21, 2026 12:36:17 AM";;Ended Not OK;DTR : Lancement du plan d'exécution DTR_REFERENTIEL_REC_PARTENAIRE_PLAN;Lance_Interface_DTR_KDR.ksh;Job;No;1;No;CTMSRV;DTRKDR_J15INT_05_Q;root;ldkdtrp03;M_L_DTR01;3ml2i
DTR-DECISIONNEL TRAN;DTRKDR_J15INT_05_Q;DTRKDR_J15INT_05_MOV01_Q;"February 20, 2026";"February 20, 2026 8:40:52 PM";"February 20, 2026 8:40:53 PM";;Ended OK;Deplacer les fichiers du NAS vers DTR;DTRKDR_J15INT_05_MOV01_Q.ksh;Job;No;1;No;CTMSRV;DTRKDR_J15INT_05_Q;root;ldkdtrp02;M_L_DTR01;3ml2h
DTR-DECISIONNEL TRAN;DTRKDR_J16INT_05_Q;DTRKDR_J16INT_05_IMP01_Q;"February 20, 2026";;;;Wait for Event;DTR : Lancement du plan d'execution DTR_REFERENTIEL_REC_SEE_PLAN;Lance_Interface_DTR_KDR.ksh;Job;No;0;No;CTMSRV;DTRKDR_J16INT_05_Q;root;M_L_DTR01;M_L_DTR01;3mloo
DTR-DECISIONNEL TRAN;DTRKDR_J16INT_05_Q;DTRKDR_J16INT_05_IMP02_Q;"February 20, 2026";;;;Wait for Event;DTR : Lancement du plan d'execution DTR_REFERENTIEL_REC_TRANSCOS_SEE_PLAN;Lance_Interface_DTR_KDR.ksh;Job;No;0;No;CTMSRV;DTRKDR_J16INT_05_Q;root;M_L_DTR01;M_L_DTR01;3mlop
DTR-DECISIONNEL TRAN;DTRKDR_J16INT_05_Q;DTRKDR_J16INT_05_MOV01_Q;"February 20, 2026";"February 21, 2026 4:13:29 AM";"February 21, 2026 4:13:30 AM";;Ended OK;Deplacer les fichiers zip du NAS vers DTR;DTRKDR_J16INT_05_MOV01_Q.ksh;Job;No;1;No;CTMSRV;DTRKDR_J16INT_05_Q;root;ldkdtrp02;M_L_DTR01;3mlon
DTR-DECISIONNEL TRAN;DTRKDR_J16INT_05_Q;DTRKDR_J16INT_05_Q;"February 20, 2026";"February 20, 2026 1:30:13 PM";;;Executing;DTR: Projet DTR_REFERENTIEL;;SMART Table;No;1;No;CTMSRV;DTRKDR_J16INT_05_Q;;;;3mlom
DTR-DECISIONNEL TRAN;DTRMDM_J11INT_05_Q;DTRMDM_J11INT_05_FWT04_Q;"February 20, 2026";"February 21, 2026 12:00:00 AM";"February 21, 2026 12:00:04 AM";0800;Ended OK;Scrutation des fichiers MDM;FileWatcher_Mult_Fic.ksh;Job;No;1;Yes;CTMSRV;DTRMDM_J11INT_05_Q;ctmag900;ldkdtrp03;M_L_DTR01;3mmky
DTR-DECISIONNEL TRAN;DTRMDM_J11INT_05_Q;DTRMDM_J11INT_05_IMP05_Q;"February 20, 2026";"February 21, 2026 12:00:04 AM";"February 21, 2026 12:00:35 AM";;Ended OK;Plan d'execution transfert Fichier;Lance_Interface_DTR_MDM.ksh;Job;No;1;No;CTMSRV;DTRMDM_J11INT_05_Q;root;ldkdtrp02;M_L_DTR01;3mmkz
DTR-DECISIONNEL TRAN;DTRMDM_J11INT_05_Q;DTRMDM_J11INT_05_IMP06_Q;"February 20, 2026";"February 21, 2026 12:00:35 AM";"February 21, 2026 12:08:35 AM";;Ended OK;Lancement des plans d'execution SOCLE;Lance_Interface_DTR_MDM.ksh;Job;No;1;No;CTMSRV;DTRMDM_J11INT_05_Q;root;ldkdtrp03;M_L_DTR01;3mml0
DTR-DECISIONNEL TRAN;DTRMDM_J11INT_05_Q;DTRMDM_J11INT_05_IMP07_Q;"February 20, 2026";"February 21, 2026 12:08:36 AM";"February 21, 2026 12:11:25 AM";;Ended OK;Lancement des plans d'execution MAIEXP;Lance_Interface_DTR_MDM.ksh;Job;No;1;No;CTMSRV;DTRMDM_J11INT_05_Q;root;ldkdtrp02;M_L_DTR01;3mml1
DTR-DECISIONNEL TRAN;DTRMDM_J11INT_05_Q;DTRMDM_J11INT_05_LIM01_Q;"February 20, 2026";"February 21, 2026 12:40:00 AM";"February 21, 2026 12:40:00 AM";;Ended OK;Limite horaire 0h40 du matin;;Dummy;No;1;No;CTMSRV;DTRMDM_J11INT_05_Q;ctmag900;;M_L_DTR01;3mml2
DTR-DECISIONNEL TRAN;DTRNRJ_J11INT_05_Q;DTRNRJ_J11INT_05_IMP01_Q;"February 20, 2026";"February 21, 2026 12:11:10 AM";"February 21, 2026 4:15:23 AM";;Ended OK;Traitement DTR ENERGY Quotidien;Lance_Interface_DTR_EGY.ksh;Job;No;1;No;CTMSRV;DTRNRJ_J11INT_05_Q;root;ldkdtrp03;M_L_DTR01;3mlhy
DTR-DECISIONNEL TRAN;DTRNRJ_J11INT_05_Q;DTRNRJ_J11INT_05_IMP02_Q;"February 20, 2026";"February 21, 2026 12:08:36 AM";"February 21, 2026 12:11:09 AM";;Ended OK;Intégration du DUMP Energy dans l'ODS;dtrenergy_datapump.sh;Job;No;1;No;CTMSRV;DTRNRJ_J11INT_05_Q;root;ldkdtrp07;A_L_DTR07;3mlhx
DTR-DECISIONNEL TRAN;DTRNRJ_J11INT_05_Q;DTRNRJ_J11INT_05_IMP03_Q;"February 20, 2026";"February 21, 2026 4:15:24 AM";"February 21, 2026 6:42:32 AM";;Ended OK;Traitement DTR ENERGY EGY_FAIT;Lance_Interface_DTR_EGY.ksh;Job;No;1;No;CTMSRV;DTRNRJ_J11INT_05_Q;root;ldkdtrp03;M_L_DTR01;3mlhz
EAI-EAI;EAIEAI_E11TEC_04_Q;EAIEAI_E11TEC_04_WRK01_Q;"February 20, 2026";"February 20, 2026 6:00:00 PM";"February 20, 2026 6:00:05 PM";;Ended OK;Envoi ODATE vers PFE \\prod.dalkia.org\PFE\APPS\EAI\filesharing\ODATE\ODATE.txt;CreateOdate.bat;Job;No;1;No;CTMSRV;EAIEAI_E11TEC_04_Q;svce_cm;wdkpfep13;A_W_PFE13;3mm24
ETR-ETRM;ETRMEC_J11FLX_07_Q;ETRMEC_J11FLX_07_MOV01_Q;"February 20, 2026";;;;Wait for Event;"PFE : Deplacement des fichiers ""MEC.zip"" depuis PFE vers ETRM";MOV_Generique_DKA.bat;Job;No;0;No;CTMSRV;ETRMEC_J11FLX_07_Q;svce_cm;A_W_ETR24;A_W_ETR24;3mlsi
ETR-ETRM;ETRMEC_J11FLX_07_Q;ETRMEC_J11FLX_07_Q;"February 20, 2026";"February 20, 2026 1:30:13 PM";;;Executing;PFE : Flux MEC;;SMART Table;No;1;No;CTMSRV;ETRMEC_J11FLX_07_Q;svce_cm;;;3mlsh
FIN-FINANCE;FINDTR_J11GEN_06_Q;FINDTR_J11GEN_06_EXP01_Q;"February 20, 2026";"February 21, 2026 3:28:31 AM";"February 21, 2026 3:49:11 AM";;Ended OK;FINANCE : Extraction Datapump Oracle pour DTR;BATCH_Generique_DKA.ksh;Job;No;1;No;CTMSRV;FINDTR_J11GEN_06_Q;opdtpump;ldkfinp11;M_L_FIN12;3mme6
FIN-FINANCE;FINDTR_J11GEN_06_Q;FINDTR_J11GEN_06_EXP02_Q;"February 20, 2026";"February 21, 2026 3:28:31 AM";"February 21, 2026 3:31:29 AM";;Ended OK;FINANCE : Extraction des banques et agences pour DTR;;Job;No;1;No;CTMSRV;FINDTR_J11GEN_06_Q;EXPLOITATION;ldkfinp01;M_L_FIN12;3mme7
FIN-FINANCE;FINDTR_J11GEN_06_Q;FINDTR_J11GEN_06_EXP03_Q;"February 20, 2026";"February 21, 2026 3:28:31 AM";"February 21, 2026 3:30:11 AM";;Ended OK;FINANCE : Extraction des evenements AR pour DTR;;Job;No;1;No;CTMSRV;FINDTR_J11GEN_06_Q;EXPLOITATION;ldkfinp11;M_L_FIN12;3mme9
FIN-FINANCE;FINDTR_J11GEN_06_Q;FINDTR_J11GEN_06_MOV01_Q;"February 20, 2026";"February 21, 2026 3:49:12 AM";"February 21, 2026 3:49:14 AM";;Ended OK;FINANCE : Move du fichier FIN01*.tar.gz vers le NAS;MOV_OUT_PUMP_DKA.ksh;Job;No;1;No;CTMSRV;FINDTR_J11GEN_06_Q;opfinbac;ldkfinp01;M_L_FIN12;3mme5
FIN-FINANCE;FINDTR_J11GEN_06_Q;FINDTR_J11GEN_06_MOV02_Q;"February 20, 2026";"February 21, 2026 3:31:30 AM";"February 21, 2026 3:31:59 AM";;Ended OK;FINANCE : Move du fichier FIN01_*CE-BANK-BRANCHES-V_001_*.csv vers le NAS;MOV_OUT_PUMP_DKA.ksh;Job;No;1;No;CTMSRV;FINDTR_J11GEN_06_Q;opfinbac;ldkfinp01;M_L_FIN12;3mme8
FIN-FINANCE;FINDTR_J11GEN_06_Q;FINDTR_J11GEN_06_MOV03_Q;"February 20, 2026";"February 21, 2026 3:30:12 AM";"February 21, 2026 3:31:20 AM";;Ended OK;FINANCE : Move du fichier FIN01_*DTR-AR-EVENTS-V_001_*.csv vers le NAS;MOV_OUT_PUMP_DKA.ksh;Job;No;1;No;CTMSRV;FINDTR_J11GEN_06_Q;opfinbac;ldkfinp11;M_L_FIN12;3mmea
FIN-FINANCE;FINDTR_J11GEN_06_Q;FINDTR_J11GEN_06_Q;"February 20, 2026";"February 21, 2026 3:28:31 AM";"February 21, 2026 3:49:15 AM";;Ended OK;FINANCE : Extraction Datapump Oracle pour DTR;;SMART Table;No;1;No;CTMSRV;FINDTR_J11GEN_06_Q;opdtpump;ldkctmp50;;3mme4
FIN-FINANCE;FINDTR_J11TEC_04_Q;FINDTR_J11TEC_04_Q;"February 20, 2026";"February 21, 2026 3:28:31 AM";"February 21, 2026 3:49:14 AM";;Ended OK;FINANCE : Ajout date derniere DATAPUMP dans Libmemsym pour DTR;;SMART Table;No;1;No;CTMSRV;FINDTR_J11TEC_04_Q;root;ldkctmp50;;3mkhv
FIN-FINANCE;FINDTR_J11TEC_04_Q;FINDTR_J11TEC_04_WRK01_Q;"February 20, 2026";"February 21, 2026 3:49:12 AM";"February 21, 2026 3:49:13 AM";;Ended OK;FINANCE : Ajout date derniere DATAPUMP dans Libmemsym pour DTR;SED_LAST_DATAPUMPDTR.ksh;Job;No;1;No;CTMSRV;FINDTR_J11TEC_04_Q;controlm;ldkctmp50;SRV_PRIMAIRE;3mkhw
FIN-FINANCE;FINEXT_J11GEN_06_Q;FINEXT_J11GEN_06_EXP01_Q;"February 20, 2026";"February 20, 2026 7:52:41 PM";"February 20, 2026 7:54:40 PM";;Ended OK;Exportation Commandes XEROX et Tradeshift;;Job;No;1;No;CTMSRV;FINEXT_J11GEN_06_Q;EXPLOITATION;ldkfinp11;M_L_FIN12;3mkgu
FIN-FINANCE;FINEXT_J11GEN_06_Q;FINEXT_J11GEN_06_MOV01_Q;"February 20, 2026";"February 20, 2026 7:54:41 PM";"February 20, 2026 7:54:42 PM";;Ended OK;FINANCE : Move du fichier DK1.DAL.CDE.* vers le NAS;MOV_OUT_Generique_DKA.ksh;Job;No;1;No;CTMSRV;FINEXT_J11GEN_06_Q;opfinbac;ldkfinp01;M_L_FIN12;3mkgv
FIN-FINANCE;FINEXT_J11GEN_06_Q;FINEXT_J11GEN_06_Q;"February 20, 2026";"February 20, 2026 7:00:57 PM";"February 20, 2026 7:54:43 PM";;Ended OK;FINANCE : Exportation Commandes XEROX et Tradeshift;;SMART Table;No;1;No;CTMSRV;FINEXT_J11GEN_06_Q;opfinbac;ldkctmp50;;3mkgt
FIN-FINANCE;FINEXT_J11INT_05_Q;FINEXT_J11INT_05_CON01_Q;"February 20, 2026";"February 20, 2026 8:02:16 PM";"February 20, 2026 8:02:18 PM";;Ended OK;FINANCE : Concatener les fichiers VE1.DAL*.TR1 dans un fichier VE1_DAL.csv;CON_Generique_DKA.ksh;Job;No;1;No;CTMSRV;FINEXT_J11INT_05_Q;opfinbac;ldkfinp01;M_L_FIN12;3mmjg
FIN-FINANCE;FINEXT_J11INT_05_Q;FINEXT_J11INT_05_CON02_Q;"February 20, 2026";"February 20, 2026 8:00:06 PM";"February 20, 2026 8:00:07 PM";;Ended OK;FINANCE : Concatener les fichiers CSV_DAL*.csv en CONTROL.csv;FINEXT_J11INT_05_CON02_Q.ksh;Job;No;1;No;CTMSRV;FINEXT_J11INT_05_Q;opfinbac;ldkfinp01;M_L_FIN12;3mmjh
FIN-FINANCE;FINEXT_J11INT_05_Q;FINEXT_J11INT_05_IMP01_Q;"February 20, 2026";"February 20, 2026 8:02:19 PM";"February 20, 2026 8:04:05 PM";;Ended OK;XEROX : Chargement factures;;Job;No;1;No;CTMSRV;FINEXT_J11INT_05_Q;EXPLOITATION;ldkfinp01;M_L_FIN12;3mmjb
FIN-FINANCE;FINEXT_J11INT_05_Q;FINEXT_J11INT_05_IMP03_Q;"February 20, 2026";"February 20, 2026 8:00:09 PM";"February 20, 2026 8:02:00 PM";;Ended OK;XEROX : Chargement CONTROL.csv;;Job;No;1;No;CTMSRV;FINEXT_J11INT_05_Q;EXPLOITATION;ldkfinp01;M_L_FIN12;3mmjd
FIN-FINANCE;FINEXT_J11INT_05_Q;FINEXT_J11INT_05_LIM01_Q;"February 20, 2026";"February 20, 2026 10:30:00 PM";"February 20, 2026 10:30:00 PM";;Ended OK;FINANCE : Limite horaire notification PFE XEROX;;Dummy;No;1;No;CTMSRV;FINEXT_J11INT_05_Q;opfinbac;;M_L_FIN12;3mmjk
FIN-FINANCE;FINEXT_J11INT_05_Q;FINEXT_J11INT_05_MOV01_Q;"February 20, 2026";"February 20, 2026 8:02:00 PM";"February 20, 2026 8:02:14 PM";;Ended OK;FINANCE : Move du fichier TRA_DAL*.zip depuis le NAS;MOV_IN_Generique_DKA.ksh;Job;No;1;No;CTMSRV;FINEXT_J11INT_05_Q;opfinbac;ldkfinp11;M_L_FIN12;3mmja
FIN-FINANCE;FINEXT_J11INT_05_Q;FINEXT_J11INT_05_MOV02_Q;"February 20, 2026";"February 20, 2026 8:00:00 PM";"February 20, 2026 8:00:01 PM";2220;Ended OK;FINANCE : Move du fichier CSV_DAL*.ZIP depuis le NAS;MOV_IN_Generique_DKA.ksh;Job;No;1;No;CTMSRV;FINEXT_J11INT_05_Q;opfinbac;ldkfinp11;M_L_FIN12;3mmji
FIN-FINANCE;FINEXT_J11INT_05_Q;FINEXT_J11INT_05_Q;"February 20, 2026";"February 20, 2026 7:00:57 PM";"February 20, 2026 10:30:00 PM";2230;Ended OK;FINANCE : Chargement factures Xerox;;SMART Table;No;1;No;CTMSRV;FINEXT_J11INT_05_Q;opfinbac;ldkctmp50;;3mmj9
FIN-FINANCE;FINEXT_J11INT_05_Q;FINEXT_J11INT_05_WRK02_Q;"February 20, 2026";"February 20, 2026 8:36:01 PM";"February 20, 2026 9:22:19 PM";;Ended OK;XEROX : Intégration factures;;Job;No;1;No;CTMSRV;FINEXT_J11INT_05_Q;EXPLOITATION;ldkfinp11;M_L_FIN12;3mmje
FIN-FINANCE;FINEXT_J11INT_05_Q;FINEXT_J11INT_05_WRK04_Q;"February 20, 2026";"February 20, 2026 9:22:20 PM";"February 20, 2026 9:24:11 PM";;Ended OK;XEROX : Contrôle de flux;;Job;No;1;No;CTMSRV;FINEXT_J11INT_05_Q;EXPLOITATION;ldkfinp01;M_L_FIN12;3mmjf
FIN-FINANCE;FINEXT_J11INT_05_Q;FINEXT_J11INT_05_ZIP01_Q;"February 20, 2026";"February 20, 2026 8:02:14 PM";"February 20, 2026 8:02:16 PM";;Ended OK;FINANCE : Decompression du fichier TRA_DAL*.zip;DEZIP_Generique_DKA.ksh;Job;No;1;No;CTMSRV;FINEXT_J11INT_05_Q;opfinbac;ldkfinp11;M_L_FIN12;3mmjc
FIN-FINANCE;FINEXT_J11INT_05_Q;FINEXT_J11INT_05_ZIP02_Q;"February 20, 2026";"February 20, 2026 8:00:01 PM";"February 20, 2026 8:00:06 PM";;Ended OK;FINANCE : Decompression du fichier CSV_DAL*.zip;DEZIP_Generique_DKA.ksh;Job;No;1;No;CTMSRV;FINEXT_J11INT_05_Q;opfinbac;ldkfinp01;M_L_FIN12;3mmjj
FIN-FINANCE;FINEXT_J12GEN_06_Q;FINEXT_J12GEN_06_EXP01_Q;"February 20, 2026";"February 20, 2026 7:00:57 PM";"February 20, 2026 7:02:44 PM";;Ended OK;FINANCE : Export du référentiel employé vers NOTILUS;;Job;No;1;No;CTMSRV;FINEXT_J12GEN_06_Q;EXPLOITATION;ldkfinp11;M_L_FIN12;3mmcu
FIN-FINANCE;FINEXT_J12GEN_06_Q;FINEXT_J12GEN_06_MOV01_Q;"February 20, 2026";"February 20, 2026 7:02:45 PM";"February 20, 2026 7:02:53 PM";;Ended OK;FINANCE : Move du fichier EMPLOYES_AAAAMMJJ.csv  vers le NAS;MOV_OUT_Generique_DKA.ksh;Job;No;1;No;CTMSRV;FINEXT_J12GEN_06_Q;opfinbac;ldkfinp11;M_L_FIN12;3mmcv
FIN-FINANCE;FINEXT_J12GEN_06_Q;FINEXT_J12GEN_06_Q;"February 20, 2026";"February 20, 2026 7:00:57 PM";"February 20, 2026 7:02:54 PM";;Ended OK;FINANCE : Export du referentiel employe vers NOTILUS;;SMART Table;No;1;No;CTMSRV;FINEXT_J12GEN_06_Q;opfinbac;ldkctmp50;;3mmct
FIN-FINANCE;FINEXT_J12INT_05_Q;FINEXT_J12INT_05_CON01_Q;"February 20, 2026";"February 20, 2026 8:33:21 PM";"February 20, 2026 8:33:22 PM";;Ended OK;FINANCE : Concaténer les fichiers L56VFRTDSPAR*.TR1 dans un fichier ZCI_DAL.csv;CON_Generique_DKA.ksh;Job;No;1;No;CTMSRV;FINEXT_J12INT_05_Q;opfinbac;ldkfinp11;M_L_FIN12;3mmni
FIN-FINANCE;FINEXT_J12INT_05_Q;FINEXT_J12INT_05_CTL01_Q;"February 20, 2026";"February 20, 2026 8:33:19 PM";"February 20, 2026 8:33:20 PM";;Ended OK;FINANCE : Controle de fichiers L56VFRTDSPAR*.TIF;CON_Generique_DKA.ksh;Command;No;1;No;CTMSRV;FINEXT_J12INT_05_Q;opfinbac;ldkfinp01;M_L_FIN12;3mmnj
FIN-FINANCE;FINEXT_J12INT_05_Q;FINEXT_J12INT_05_FIN01_Q;"February 20, 2026";"February 20, 2026 8:36:01 PM";"February 20, 2026 8:36:01 PM";;Ended OK;FINANCE : Fin de Chaine TradeShift;;Dummy;No;1;No;CTMSRV;FINEXT_J12INT_05_Q;opfinbac;;M_L_FIN12;3mmnk
FIN-FINANCE;FINEXT_J12INT_05_Q;FINEXT_J12INT_05_IMP01_Q;"February 20, 2026";"February 20, 2026 8:33:23 PM";"February 20, 2026 8:36:00 PM";;Ended OK;TRADESHIFT : Chargement factures;;Job;No;1;No;CTMSRV;FINEXT_J12INT_05_Q;EXPLOITATION;ldkfinp01;M_L_FIN12;3mmng
FIN-FINANCE;FINEXT_J12INT_05_Q;FINEXT_J12INT_05_MOV01_Q;"February 20, 2026";"February 20, 2026 8:33:12 PM";"February 20, 2026 8:33:13 PM";2228;Ended OK;FINANCE : Move du fichier L56VFRTDSPAR__DLK* depuis NAS;MOV_IN_Generique_DKA.ksh;Job;No;1;No;CTMSRV;FINEXT_J12INT_05_Q;opfinbac;ldkfinp01;M_L_FIN12;3mmnf
FIN-FINANCE;FINEXT_J12INT_05_Q;FINEXT_J12INT_05_Q;"February 20, 2026";"February 20, 2026 7:00:57 PM";"February 20, 2026 8:36:01 PM";2230;Ended OK;FINANCE : Chargement factures TradeShift;;SMART Table;No;1;No;CTMSRV;FINEXT_J12INT_05_Q;opfinbac;ldkctmp50;;3mmne
FIN-FINANCE;FINEXT_J12INT_05_Q;FINEXT_J12INT_05_ZIP01_Q;"February 20, 2026";"February 20, 2026 8:33:14 PM";"February 20, 2026 8:33:18 PM";;Ended OK;FINANCE : Decompression du fichier L56VFRTDSPAR__DLK*.zip;DEZIP_Generique_DKA.ksh;Job;No;1;No;CTMSRV;FINEXT_J12INT_05_Q;opfinbac;ldkfinp11;M_L_FIN12;3mmnh
FIN-FINANCE;FINEXT_J13GEN_06_Q;FINEXT_J13GEN_06_EXP01_Q;"February 20, 2026";"February 20, 2026 7:23:27 PM";"February 20, 2026 7:30:49 PM";;Ended OK;FINANCE : Export Recouvrement;;Job;No;1;No;CTMSRV;FINEXT_J13GEN_06_Q;EXPLOITATION;ldkfinp01;M_L_FIN12;3mm7u
FIN-FINANCE;FINEXT_J13GEN_06_Q;FINEXT_J13GEN_06_MOV01_Q;"February 20, 2026";"February 20, 2026 7:30:50 PM";"February 20, 2026 7:30:51 PM";;Ended OK;FINANCE : Move du fichier ENCOURS_RECOUVREMENT_*.csv vers le NAS;MOV_OUT_Generique_DKA.ksh;Job;No;1;No;CTMSRV;FINEXT_J13GEN_06_Q;opfinbac;ldkfinp11;M_L_FIN12;3mm7v
FIN-FINANCE;FINEXT_J13GEN_06_Q;FINEXT_J13GEN_06_Q;"February 20, 2026";"February 20, 2026 7:00:57 PM";"February 20, 2026 7:30:52 PM";;Ended OK;FINANCE : Export Recouvrement;;SMART Table;No;1;No;CTMSRV;FINEXT_J13GEN_06_Q;opfinbac;ldkctmp50;;3mm7t
FIN-FINANCE;FINEXT_J13INT_05_Q;FINEXT_J13INT_05_IMP01_Q;"February 20, 2026";"February 20, 2026 6:46:40 PM";"February 20, 2026 6:49:05 PM";;Ended OK;Importation des Employes de GXP;;Job;No;1;No;CTMSRV;FINEXT_J13INT_05_Q;EXPLOITATION;ldkfinp01;M_L_FIN12;3mljv
FIN-FINANCE;FINEXT_J13INT_05_Q;FINEXT_J13INT_05_Q;"February 20, 2026";"February 20, 2026 6:46:40 PM";"February 20, 2026 6:49:05 PM";;Ended OK;FINANCE : Importation des Employes de GXP;;SMART Table;No;1;No;CTMSRV;FINEXT_J13INT_05_Q;opfinbac;ldkctmp50;;3mlju
FIN-FINANCE;FINEXT_J14GEN_06_Q;FINEXT_J14GEN_06_EXP01_Q;"February 20, 2026";"February 21, 2026 3:28:31 AM";"February 21, 2026 3:53:05 AM";;Ended OK;FINANCE : Extraction du Contrôle de Flux vers l'EAI;;Job;No;1;No;CTMSRV;FINEXT_J14GEN_06_Q;EXPLOITATION;ldkfinp01;M_L_FIN12;3mm6i
FIN-FINANCE;FINEXT_J14GEN_06_Q;FINEXT_J14GEN_06_MOV01_Q;"February 20, 2026";"February 21, 2026 3:53:06 AM";"February 21, 2026 3:53:22 AM";;Ended OK;FINANCE : Move du fichier FIN01_CTL_ECRITURES* vers le NAS;MOV_OUT_Generique_DKA.ksh;Job;No;1;No;CTMSRV;FINEXT_J14GEN_06_Q;opfinbac;ldkfinp11;M_L_FIN12;3mm6j
FIN-FINANCE;FINEXT_J14GEN_06_Q;FINEXT_J14GEN_06_Q;"February 20, 2026";"February 21, 2026 3:28:31 AM";"February 21, 2026 3:53:22 AM";;Ended OK;FINANCE : Extraction du Controle de Flux vers lEAI;;SMART Table;No;1;No;CTMSRV;FINEXT_J14GEN_06_Q;opfinbac;ldkctmp50;;3mm6h
FIN-FINANCE;FINEXT_J14INT_05_Q;FINEXT_J14INT_05_CON01_Q;"February 20, 2026";"February 21, 2026 7:19:41 AM";"February 21, 2026 7:19:43 AM";;Ended OK;FINANCE : Concaténer les fichiers Compteur*.txt dans un fichier AFB120.txt;CON_Generique_DKA.ksh;Job;No;1;No;CTMSRV;FINEXT_J14INT_05_Q;opfinbac;ldkfinp01;M_L_FIN12;3mkfj
FIN-FINANCE;FINEXT_J14INT_05_Q;FINEXT_J14INT_05_IMP01_Q;"February 20, 2026";"February 21, 2026 7:19:44 AM";"February 21, 2026 7:21:56 AM";;Ended OK;RB : Importation relevés dans RB;;Job;No;1;No;CTMSRV;FINEXT_J14INT_05_Q;EXPLOITATION;ldkfinp11;M_L_FIN12;3mkfd
FIN-FINANCE;FINEXT_J14INT_05_Q;FINEXT_J14INT_05_LIM01_Q;"February 20, 2026";;;;Wait for Event;FINANCE :  Limite Horaire;;Dummy;No;0;No;CTMSRV;FINEXT_J14INT_05_Q;DUMMYUSR;ldkctmp50;;3mkfk
FIN-FINANCE;FINEXT_J14INT_05_Q;FINEXT_J14INT_05_MEL01_Q;"February 20, 2026";"February 21, 2026 7:21:57 AM";"February 21, 2026 7:23:49 AM";;Ended OK;RB : Edition des releves manquants par mail;;Job;No;1;No;CTMSRV;FINEXT_J14INT_05_Q;EXPLOITATION;ldkfinp11;M_L_FIN12;3mkfg
FIN-FINANCE;FINEXT_J14INT_05_Q;FINEXT_J14INT_05_MOV01_Q;"February 20, 2026";"February 21, 2026 7:19:37 AM";"February 21, 2026 7:19:39 AM";;Ended OK;FINANCE : Move du fichier Compteur.zip depuis NAS;MOV_IN_Generique_DKA.ksh;Job;No;1;No;CTMSRV;FINEXT_J14INT_05_Q;opfinbac;ldkfinp01;M_L_FIN12;3mkfh
FIN-FINANCE;FINEXT_J14INT_05_Q;FINEXT_J14INT_05_Q;"February 20, 2026";"February 21, 2026 3:28:31 AM";;;Executing;FINANCE : Import des releves dans RB;;SMART Table;No;1;No;CTMSRV;FINEXT_J14INT_05_Q;opfinbac;ldkctmp50;;3mkfc
FIN-FINANCE;FINEXT_J14INT_05_Q;FINEXT_J14INT_05_WRK01_Q;"February 20, 2026";"February 21, 2026 7:19:43 AM";"February 21, 2026 7:19:43 AM";;Ended OK;RB : Filtre du fichier AFB120.txt;;Dummy;No;1;No;CTMSRV;FINEXT_J14INT_05_Q;EXPLOITATION;;M_L_FIN12;3mkfe
FIN-FINANCE;FINEXT_J14INT_05_Q;FINEXT_J14INT_05_WRK02_Q;"February 20, 2026";"February 21, 2026 7:21:57 AM";"February 21, 2026 7:27:26 AM";;Ended OK;RB : Edition des releves bancaires pour les CSP;;Job;No;1;No;CTMSRV;FINEXT_J14INT_05_Q;EXPLOITATION;ldkfinp01;M_L_FIN12;3mkff
FIN-FINANCE;FINEXT_J14INT_05_Q;FINEXT_J14INT_05_ZIP01_Q;"February 20, 2026";"February 21, 2026 7:19:39 AM";"February 21, 2026 7:19:40 AM";;Ended OK;FINANCE : Decompression du fichier Compteur.zip;DEZIP_Generique_DKA.ksh;Job;No;1;No;CTMSRV;FINEXT_J14INT_05_Q;opfinbac;ldkfinp11;M_L_FIN12;3mkfi
FIN-FINANCE;FINEXT_J14INT_06_Q;FINEXT_J14INT_06_CON01_Q;"February 20, 2026";;;;Wait for Event;FINANCE : Concaténer les fichiers Compteur*.txt dans un fichier AFB120.txt;CON_Generique_DKA.ksh;Job;No;0;Yes;CTMSRV;FINEXT_J14INT_06_Q;opfinbac;M_L_FIN12;M_L_FIN12;3ml0i
FIN-FINANCE;FINEXT_J14INT_06_Q;FINEXT_J14INT_06_IMP01_Q;"February 20, 2026";;;;Wait for Event;RB : Importation relevés dans RB;;Job;No;0;Yes;CTMSRV;FINEXT_J14INT_06_Q;EXPLOITATION;M_L_FIN12;M_L_FIN12;3ml0c
FIN-FINANCE;FINEXT_J14INT_06_Q;FINEXT_J14INT_06_MEL01_Q;"February 20, 2026";;;;Wait for Event;RB : Edition des releves manquants par mail;;Job;No;0;Yes;CTMSRV;FINEXT_J14INT_06_Q;EXPLOITATION;M_L_FIN12;M_L_FIN12;3ml0f
FIN-FINANCE;FINEXT_J14INT_06_Q;FINEXT_J14INT_06_MOV01_Q;"February 20, 2026";;;;Wait for Event;FINANCE : Move du fichier Compteur.zip depuis NAS;MOV_IN_Generique_DKA.ksh;Job;No;0;Yes;CTMSRV;FINEXT_J14INT_06_Q;opfinbac;M_L_FIN12;M_L_FIN12;3ml0g
FIN-FINANCE;FINEXT_J14INT_06_Q;FINEXT_J14INT_06_Q;"February 20, 2026";"February 20, 2026 1:30:12 PM";;;Executing;FINANCE : Import des releves dans RB partie Cyclique d�marrant � 8h apr�s la cha�ne FINEXT_J14INT_05_Q0000;;SMART Table;No;1;No;CTMSRV;;opfinbac;;;3ml0b
FIN-FINANCE;FINEXT_J14INT_06_Q;FINEXT_J14INT_06_WRK01_Q;"February 20, 2026";;;;Wait for Event;RB : Filtre du fichier AFB120.txt;;Dummy;No;0;Yes;CTMSRV;FINEXT_J14INT_06_Q;EXPLOITATION;M_L_FIN12;M_L_FIN12;3ml0d
FIN-FINANCE;FINEXT_J14INT_06_Q;FINEXT_J14INT_06_WRK02_Q;"February 20, 2026";;;;Wait for Event;RB : Edition des releves bancaires pour les CSP;;Job;No;0;Yes;CTMSRV;FINEXT_J14INT_06_Q;EXPLOITATION;M_L_FIN12;M_L_FIN12;3ml0e
FIN-FINANCE;FINEXT_J14INT_06_Q;FINEXT_J14INT_06_ZIP01_Q;"February 20, 2026";;;;Wait for Event;FINANCE : Decompression du fichier Compteur.zip;DEZIP_Generique_DKA.ksh;Job;No;0;Yes;CTMSRV;FINEXT_J14INT_06_Q;opfinbac;M_L_FIN12;M_L_FIN12;3ml0h
FIN-FINANCE;FINEXT_J15INT_05_Q;FINEXT_J15INT_05_IMP01_Q;"February 20, 2026";"February 20, 2026 5:00:02 PM";"February 20, 2026 5:03:31 PM";;Ended OK;FINANCE : Interface d'import des fournisseurs dans Oracle (soir);;Job;No;1;No;CTMSRV;FINEXT_J15INT_05_Q;EXPLOITATION;ldkfinp11;M_L_FIN12;3mldx
FIN-FINANCE;FINEXT_J15INT_05_Q;FINEXT_J15INT_05_IMP03_Q;"February 20, 2026";"February 20, 2026 7:11:23 PM";"February 20, 2026 7:20:13 PM";;Ended OK;FINANCE : Interface d'import des fournisseurs homologations dans Oracle (soir);;Job;No;1;No;CTMSRV;FINEXT_J15INT_05_Q;EXPLOITATION;ldkfinp01;M_L_FIN12;3mldz
FIN-FINANCE;FINEXT_J15INT_05_Q;FINEXT_J15INT_05_MOV01_Q;"February 20, 2026";"February 20, 2026 5:00:00 PM";"February 20, 2026 5:00:02 PM";;Ended OK;FINANCE : Deplacement des fichiers fournisseurs DSP01_SUP*.csv dans Oracle (soir);MOV_IN_Generique_DKA.ksh;Job;No;1;No;CTMSRV;FINEXT_J15INT_05_Q;opfinbac;ldkfinp01;M_L_FIN12;3mldw
FIN-FINANCE;FINEXT_J15INT_05_Q;FINEXT_J15INT_05_MOV03_Q;"February 20, 2026";"February 20, 2026 7:11:21 PM";"February 20, 2026 7:11:22 PM";;Ended OK;FINANCE : Deplacement des fichiers fournisseurs DSP01_SUP_HOMOLOGATIONS.csv dans Oracle (soir);MOV_IN_Generique_DKA.ksh;Job;No;1;No;CTMSRV;FINEXT_J15INT_05_Q;opfinbac;ldkfinp11;M_L_FIN12;3mldy
FIN-FINANCE;FINEXT_J15INT_05_Q;FINEXT_J15INT_05_Q;"February 20, 2026";"February 20, 2026 1:30:12 PM";"February 20, 2026 7:20:14 PM";;Ended OK;FINANCE : Interface d'import des fournisseurs dans Oracle;;SMART Table;No;1;No;CTMSRV;FINEXT_J15INT_05_Q;opfinbac;ldkctmp50;;3mldv
FIN-FINANCE;FINEXT_J16GEN_06_Q;FINEXT_J16GEN_06_EXP01_Q;"February 20, 2026";"February 21, 2026 3:28:30 AM";"February 21, 2026 3:36:27 AM";;Ended OK;FINANCE : Exportation GL vers HYPERION;;Job;No;1;No;CTMSRV;FINEXT_J16GEN_06_Q;EXPLOITATION;ldkfinp11;M_L_FIN12;3mmnq
FIN-FINANCE;FINEXT_J16GEN_06_Q;FINEXT_J16GEN_06_MOV01_Q;"February 20, 2026";"February 21, 2026 3:36:27 AM";"February 21, 2026 3:36:52 AM";;Ended OK;FINANCE : Move du fichier HYPERION_*_*.txt vers le NAS;MOV_OUT_Generique_DKA.ksh;Job;No;1;No;CTMSRV;FINEXT_J16GEN_06_Q;opfinbac;ldkfinp01;M_L_FIN12;3mmnr
FIN-FINANCE;FINEXT_J16GEN_06_Q;FINEXT_J16GEN_06_Q;"February 20, 2026";"February 20, 2026 10:49:57 PM";"February 21, 2026 3:36:53 AM";;Ended OK;FINANCE : Exportation GL vers Séléné -- Quotidien;;SMART Table;No;1;No;CTMSRV;FINEXT_J16GEN_06_Q;opfinbac;ldkctmp50;;3mmnp
FIN-FINANCE;FINEXT_J17GEN_06_Q;FINEXT_J17GEN_06_EXP01_Q;"February 20, 2026";"February 21, 2026 3:28:31 AM";"February 21, 2026 3:37:11 AM";;Ended OK;FINANCE : Export des factures pour Tradeshift vers PFE;;Job;No;1;No;CTMSRV;FINEXT_J17GEN_06_Q;EXPLOITATION;ldkfinp11;M_L_FIN12;3mllm
FIN-FINANCE;FINEXT_J17GEN_06_Q;FINEXT_J17GEN_06_MOV01_Q;"February 20, 2026";"February 21, 2026 3:37:12 AM";"February 21, 2026 3:37:20 AM";;Ended OK;FINANCE : Move du fichier STATUTSFACTURES_*.csv vers le NAS;MOV_OUT_Generique_DKA.ksh;Job;No;1;No;CTMSRV;FINEXT_J17GEN_06_Q;opfinbac;ldkfinp11;M_L_FIN12;3mlln
FIN-FINANCE;FINEXT_J17GEN_06_Q;FINEXT_J17GEN_06_Q;"February 20, 2026";"February 21, 2026 3:28:31 AM";"February 21, 2026 3:37:21 AM";;Ended OK;FINANCE : Export des factures pour Tradeshift vers PFE;;SMART Table;No;1;No;CTMSRV;FINEXT_J17GEN_06_Q;opfinbac;ldkctmp50;;3mlll
FIN-FINANCE;FINEXT_J17INT_05_Q;FINEXT_J17INT_05_IMP01_Q;"February 20, 2026";"February 20, 2026 7:20:20 PM";"February 20, 2026 7:41:23 PM";;Ended OK;FINANCE : Interface d'import des commandes iValua (soir);;Job;No;1;No;CTMSRV;FINEXT_J17INT_05_Q;EXPLOITATION;ldkfinp11;M_L_FIN12;3mkue
FIN-FINANCE;FINEXT_J17INT_05_Q;FINEXT_J17INT_05_IMP03_Q;"February 20, 2026";"February 20, 2026 7:41:24 PM";"February 20, 2026 7:43:12 PM";;Ended OK;FINANCE: chargement des contrats SSTR venant d'Ivalua;;Job;No;1;No;CTMSRV;FINEXT_J17INT_05_Q;EXPLOITATION;ldkfinp11;M_L_FIN12;3mkuf
FIN-FINANCE;FINEXT_J17INT_05_Q;FINEXT_J17INT_05_MOV01_Q;"February 20, 2026";"February 20, 2026 7:20:14 PM";"February 20, 2026 7:20:19 PM";;Ended OK;FINANCE : Deplacement des fichiers commandes DSP01_PO*.csv dans Oracle (soir);MOV_IN_Generique_DKA.ksh;Job;No;1;No;CTMSRV;FINEXT_J17INT_05_Q;opfinbac;ldkfinp01;M_L_FIN12;3mkud
FIN-FINANCE;FINEXT_J17INT_05_Q;FINEXT_J17INT_05_Q;"February 20, 2026";"February 20, 2026 1:30:12 PM";"February 20, 2026 7:43:13 PM";;Ended OK;FINANCE : Interface d'import des commandes iValua;;SMART Table;No;1;No;CTMSRV;FINEXT_J17INT_05_Q;opfinbac;ldkctmp50;;3mkuc
FIN-FINANCE;FINEXT_J18INT_05_Q;FINEXT_J18INT_05_IMP01_Q;"February 20, 2026";"February 20, 2026 7:43:14 PM";"February 20, 2026 7:52:40 PM";;Ended OK;FINANCE : Interface d'import des receptions iValua (soir);;Job;No;1;No;CTMSRV;FINEXT_J18INT_05_Q;EXPLOITATION;ldkfinp11;M_L_FIN12;3mlhh
FIN-FINANCE;FINEXT_J18INT_05_Q;FINEXT_J18INT_05_MOV01_Q;"February 20, 2026";"February 20, 2026 7:43:13 PM";"February 20, 2026 7:43:13 PM";;Ended OK;FINANCE : Deplacement des fichiers receptions DSP01_REC*.csv dans Oracle (soir);MOV_IN_Generique_DKA.ksh;Job;No;1;No;CTMSRV;FINEXT_J18INT_05_Q;opfinbac;ldkfinp01;M_L_FIN12;3mlhg
FIN-FINANCE;FINEXT_J18INT_05_Q;FINEXT_J18INT_05_Q;"February 20, 2026";"February 20, 2026 1:30:12 PM";"February 20, 2026 7:52:41 PM";;Ended OK;FINANCE : Interface d'import des réceptions;;SMART Table;No;1;No;CTMSRV;FINEXT_J18INT_05_Q;opfinbac;ldkctmp50;;3mlhf
FIN-FINANCE;FINEXT_J19GEN_06_Q;FINEXT_J19GEN_06_EXP01_Q;"February 20, 2026";"February 20, 2026 6:46:40 PM";"February 20, 2026 6:46:40 PM";;Ended OK;Export et envoi vers IVALUA des transferts de commandes à un tiers;;Dummy;No;1;No;CTMSRV;FINEXT_J19GEN_06_Q;EXPLOITATION;;M_L_FIN12;3mly8
FIN-FINANCE;FINEXT_J19GEN_06_Q;FINEXT_J19GEN_06_Q;"February 20, 2026";"February 20, 2026 1:30:13 PM";"February 20, 2026 6:46:40 PM";;Ended OK;FINANCE : Export des données factures vers iValua;;SMART Table;No;1;No;CTMSRV;FINEXT_J19GEN_06_Q;opfinbac;ldkctmp50;;3mly7
FIN-FINANCE;FINEXT_J19INT_05_Q;FINEXT_J19INT_05_IMP01_Q;"February 20, 2026";"February 20, 2026 9:22:24 PM";"February 20, 2026 9:24:26 PM";;Ended OK;Import des codes de déblocage facture depuis iValua;;Job;No;1;No;CTMSRV;FINEXT_J19INT_05_Q;EXPLOITATION;ldkfinp11;M_L_FIN12;3mkxk
FIN-FINANCE;FINEXT_J19INT_05_Q;FINEXT_J19INT_05_MOV01_Q;"February 20, 2026";"February 20, 2026 9:22:20 PM";"February 20, 2026 9:22:24 PM";;Ended OK;FINANCE : Move des Factures deblocage depuis le NAS;MOV_IN_Generique_DKA.ksh;Job;No;1;No;CTMSRV;FINEXT_J19INT_05_Q;opfinbac;ldkfinp01;M_L_FIN12;3mkxl
FIN-FINANCE;FINEXT_J19INT_05_Q;FINEXT_J19INT_05_Q;"February 20, 2026";"February 20, 2026 1:30:12 PM";"February 20, 2026 9:24:27 PM";;Ended OK;FINANCE : Import des codes de déblocage facture depuis iValua;;SMART Table;No;1;No;CTMSRV;FINEXT_J19INT_05_Q;opfinbac;ldkctmp50;;3mkxj
FIN-FINANCE;FINEXT_J20GEN_06_Q;FINEXT_J20GEN_06_EXP01_Q;"February 20, 2026";"February 20, 2026 10:49:57 PM";"February 20, 2026 10:53:19 PM";;Ended OK;"Export et envoi vers DATALAKE des Entêtes; Lignes et Règlements de factures fournisseurs";;Job;No;1;No;CTMSRV;FINEXT_J20GEN_06_Q;EXPLOITATION;ldkfinp11;M_L_FIN12;3mmp5
FIN-FINANCE;FINEXT_J20GEN_06_Q;FINEXT_J20GEN_06_EXP02_Q;"February 20, 2026";"February 20, 2026 10:49:57 PM";"February 20, 2026 10:52:33 PM";;Ended OK;Export et envoi vers DATALAKE des blocages;;Job;No;1;No;CTMSRV;FINEXT_J20GEN_06_Q;EXPLOITATION;ldkfinp01;M_L_FIN12;3mmp6
FIN-FINANCE;FINEXT_J20GEN_06_Q;FINEXT_J20GEN_06_MOV01_Q;"February 20, 2026";"February 20, 2026 10:53:20 PM";"February 20, 2026 10:53:21 PM";;Ended OK;FINANCE : Move du fichier DKA_EXP_FACTURE_ENTETE_ddMMYYYY-HHMMss.csv vers le NAS;MOV_OUT_Generique_DKA.ksh;Job;No;1;No;CTMSRV;FINEXT_J20GEN_06_Q;opfinbac;ldkfinp01;M_L_FIN12;3mmp8
FIN-FINANCE;FINEXT_J20GEN_06_Q;FINEXT_J20GEN_06_MOV02_Q;"February 20, 2026";"February 20, 2026 10:53:20 PM";"February 20, 2026 10:53:29 PM";;Ended OK;FINANCE : Move du fichier DKA_EXP_FACTURE_LIGNE_ddMMYYYY-HHMMss.csv vers le NAS;MOV_OUT_Generique_DKA.ksh;Job;No;1;No;CTMSRV;FINEXT_J20GEN_06_Q;opfinbac;ldkfinp11;M_L_FIN12;3mmp7
FIN-FINANCE;FINEXT_J20GEN_06_Q;FINEXT_J20GEN_06_MOV03_Q;"February 20, 2026";"February 20, 2026 10:53:20 PM";"February 20, 2026 10:53:24 PM";;Ended OK;FINANCE : Move du fichier DKA_EXP_FACTURE_LIGNE_ddMMYYYY-HHMMss.csv vers le NAS;MOV_OUT_Generique_DKA.ksh;Job;No;1;No;CTMSRV;FINEXT_J20GEN_06_Q;opfinbac;ldkfinp11;M_L_FIN12;3mmp9
FIN-FINANCE;FINEXT_J20GEN_06_Q;FINEXT_J20GEN_06_MOV04_Q;"February 20, 2026";"February 20, 2026 10:52:34 PM";"February 20, 2026 10:52:35 PM";;Ended OK;FINANCE : Move du fichier DKA_EXP_BLOCAGE_ddMMYYYY-HHMMss.csv vers le NAS;MOV_OUT_Generique_DKA.ksh;Job;No;1;No;CTMSRV;FINEXT_J20GEN_06_Q;opfinbac;ldkfinp01;M_L_FIN12;3mmpa
FIN-FINANCE;FINEXT_J20GEN_06_Q;FINEXT_J20GEN_06_Q;"February 20, 2026";"February 20, 2026 10:49:56 PM";"February 20, 2026 10:53:29 PM";;Ended OK;"FINANCE : Export des données fdes Entêtes; Lignes; blocages et Règlements de factures fournisseurs";;SMART Table;No;1;No;CTMSRV;FINEXT_J20GEN_06_Q;opfinbac;ldkctmp50;;3mmp4
FIN-FINANCE;FINEXT_J20INT_05_Q;FINEXT_J20INT_05_IMP01_Q;"February 20, 2026";"February 20, 2026 8:00:07 PM";"February 20, 2026 8:02:07 PM";;Ended OK;IVALUA : Chargement CONTROL_DSP.CSV;;Job;No;1;No;CTMSRV;FINEXT_J20INT_05_Q;EXPLOITATION;ldkfinp11;M_L_FIN12;3mmbk
FIN-FINANCE;FINEXT_J20INT_05_Q;FINEXT_J20INT_05_IMP02_Q;"February 20, 2026";"February 20, 2026 8:02:19 PM";"February 20, 2026 8:03:52 PM";;Ended OK;IVALUA : Chargement factures PO FLIP;;Job;No;1;No;CTMSRV;FINEXT_J20INT_05_Q;EXPLOITATION;ldkfinp11;M_L_FIN12;3mmbq
FIN-FINANCE;FINEXT_J20INT_05_Q;FINEXT_J20INT_05_MOV01_Q;"February 20, 2026";"February 20, 2026 8:00:00 PM";"February 20, 2026 8:00:05 PM";2220;Ended OK;FINANCE : Move du fichier DKA.DSP.CONTROL.*.csv depuis la PFE;MOV_IN_Generique_DKA.ksh;Job;No;1;No;CTMSRV;FINEXT_J20INT_05_Q;opfinbac;ldkfinp01;M_L_FIN12;3mmbi
FIN-FINANCE;FINEXT_J20INT_05_Q;FINEXT_J20INT_05_MOV02_Q;"February 20, 2026";"February 20, 2026 8:02:07 PM";"February 20, 2026 8:02:11 PM";;Ended OK;FINANCE : Move du fichier DKA.DSP.*.TR1 depuis la PFE;MOV_IN_Generique_DKA.ksh;Job;No;1;No;CTMSRV;FINEXT_J20INT_05_Q;opfinbac;ldkfinp01;M_L_FIN12;3mmbm
FIN-FINANCE;FINEXT_J20INT_05_Q;FINEXT_J20INT_05_MOV03_Q;"February 20, 2026";"February 20, 2026 8:02:14 PM";"February 20, 2026 8:02:16 PM";;Ended OK;FINANCE : Move du fichier DKA.DSP.IMAGE depuis la PFE;MOV_IN_Generique_DKA.ksh;Job;No;1;No;CTMSRV;FINEXT_J20INT_05_Q;opfinbac;ldkfinp01;M_L_FIN12;3mmbo
FIN-FINANCE;FINEXT_J20INT_05_Q;FINEXT_J20INT_05_Q;"February 20, 2026";"February 20, 2026 7:00:57 PM";"February 20, 2026 9:23:56 PM";1114;Ended OK;IVALUA : Chargement CONTROL_DSP.CSV;;SMART Table;No;1;No;CTMSRV;FINEXT_J20INT_05_Q;;ldkctmp50;;3mmbh
FIN-FINANCE;FINEXT_J20INT_05_Q;FINEXT_J20INT_05_WRK01_Q;"February 20, 2026";"February 20, 2026 9:22:20 PM";"February 20, 2026 9:23:55 PM";;Ended OK;IVALUA : Contrôle de flux PO FLIP;;Job;No;1;No;CTMSRV;FINEXT_J20INT_05_Q;EXPLOITATION;ldkfinp11;M_L_FIN12;3mmbl
FIN-FINANCE;FINEXT_J20INT_05_Q;FINEXT_J20INT_05_ZIP01_Q;"February 20, 2026";"February 20, 2026 8:02:16 PM";"February 20, 2026 8:02:18 PM";;Ended OK;FINANCE : Decompression du fichier DKA.DSP.IMAGE.*.zip;FINEXT_J20INT_05_ZIP01_Q.ksh;Job;No;1;No;CTMSRV;FINEXT_J20INT_05_Q;opfinbac;ldkfinp11;M_L_FIN12;3mmbp
FIN-FINANCE;FINEXT_J20INT_05_Q;FINEXT_J20NT_05_CON01_Q;"February 20, 2026";"February 20, 2026 8:00:06 PM";"February 20, 2026 8:00:06 PM";;Ended OK;FINANCE : Concatener les fichiers DKA.DSP.CONTROL*.csv en CONTROL_DSP.csv;FINEXT_J20INT_05_CON01_Q.ksh;Job;No;1;No;CTMSRV;FINEXT_J20INT_05_Q;opfinbac;ldkfinp11;M_L_FIN12;3mmbj
FIN-FINANCE;FINEXT_J20INT_05_Q;FINEXT_J20NT_05_CON02_Q;"February 20, 2026";"February 20, 2026 8:02:11 PM";"February 20, 2026 8:02:14 PM";;Ended OK;FINANCE : Concatener les fichiers DKA.DSP.*.TR1 en DSP_DAL.csv;CON_Generique_DKA.ksh;Job;No;1;No;CTMSRV;FINEXT_J20INT_05_Q;opfinbac;ldkfinp11;M_L_FIN12;3mmbn
FIN-FINANCE;FINEXT_J21GEN_06_Q;FINEXT_J21GEN_06_EXP01_Q;"February 20, 2026";"February 20, 2026 11:43:51 PM";"February 20, 2026 11:52:08 PM";;Ended OK;FINANCE : Campagne Prelevement (Q) : Remises en banque;;Job;No;1;No;CTMSRV;FINEXT_J21GEN_06_Q;EXPLOITATION;ldkfinp01;M_L_FIN12;3mkxs
FIN-FINANCE;FINEXT_J21GEN_06_Q;FINEXT_J21GEN_06_MOV01_Q;"February 20, 2026";"February 20, 2026 11:52:09 PM";"February 20, 2026 11:52:14 PM";;Ended OK;FINANCE : Move du fichier DK*PCX*.txt vers le NAS;MOV_OUT_Generique_DKA.ksh;Job;No;1;No;CTMSRV;FINEXT_J21GEN_06_Q;opfinbac;ldkfinp01;M_L_FIN12;3mkxt
FIN-FINANCE;FINEXT_J21GEN_06_Q;FINEXT_J21GEN_06_Q;"February 20, 2026";"February 20, 2026 11:43:51 PM";"February 20, 2026 11:56:55 PM";;Ended OK;FINANCE : Campagne Prelevement (Q) : Avis de prelevement;;SMART Table;No;1;No;CTMSRV;FINEXT_J21GEN_06_Q;opfinbac;ldkctmp50;;3mkxq
FIN-FINANCE;FINEXT_J21GEN_06_Q;FINEXT_J21GEN_06_WRK01_Q;"February 20, 2026";"February 20, 2026 11:52:14 PM";"February 20, 2026 11:54:50 PM";;Ended OK;FINANCE : Campagne Prelevement (Q) : Avis de prelevement;;Job;No;1;No;CTMSRV;FINEXT_J21GEN_06_Q;EXPLOITATION;ldkfinp11;M_L_FIN12;3mkxr
FIN-FINANCE;FINEXT_J21GEN_06_Q;FINEXT_J21GEN_06_WRK02_Q;"February 20, 2026";"February 20, 2026 11:54:51 PM";"February 20, 2026 11:56:54 PM";;Ended OK;FINANCE : Campagne Prélèvement (Q) : Etats de remise en banque et envoi aux régions;;Job;No;1;No;CTMSRV;FINEXT_J21GEN_06_Q;EXPLOITATION;ldkfinp01;M_L_FIN12;3mkxu
FIN-FINANCE;FINFIN_C18TRT_04_M;FINFIN_C18TRT_04_M;"February 20, 2026";"February 21, 2026 1:40:14 AM";"February 21, 2026 1:40:14 AM";;Ended OK;"FINANCE : Prise en compte GL (Cloture) - L1; L2; L3; L4; L5; L6";;SMART Table;No;1;No;CTMSRV;FINFIN_C18TRT_04_M;opfinbac;ldkctmp50;;3mmdq
FIN-FINANCE;FINFIN_C1ITRT_04_M;FINFIN_C1ITRT_04_M;"February 20, 2026";"February 21, 2026 1:40:14 AM";"February 21, 2026 3:28:30 AM";;Ended OK;FINANCE : Cloture FA : Cloture - L7;;SMART Table;No;1;No;CTMSRV;FINFIN_C1ITRT_04_M;opfinbac;ldkctmp50;;3mmap
FIN-FINANCE;FINFIN_C1ITRT_04_M;FINFIN_C1ITRT_04_WRK01_M;"February 20, 2026";"February 21, 2026 1:40:14 AM";"February 21, 2026 2:21:15 AM";;Ended OK;FINANCE : Cloture FA : Cloture;;Job;No;1;No;CTMSRV;FINFIN_C1ITRT_04_M;EXPLOITATION;ldkfinp01;M_L_FIN12;3mmaq
FIN-FINANCE;FINFIN_C1ITRT_04_M;FINFIN_C1ITRT_04_WRK02_M;"February 20, 2026";"February 21, 2026 2:58:22 AM";"February 21, 2026 3:22:10 AM";;Ended OK;Cloture FA : Transfert FA vers GL;;Job;No;1;No;CTMSRV;FINFIN_C1ITRT_04_M;EXPLOITATION;ldkfinp11;M_L_FIN12;3mmar
FIN-FINANCE;FINFIN_C1ITRT_04_M;FINFIN_C1ITRT_04_WRK03_M;"February 20, 2026";"February 21, 2026 3:22:11 AM";"February 21, 2026 3:28:29 AM";;Ended OK;Cloture FA : Prise en compte GL;;Job;No;1;No;CTMSRV;FINFIN_C1ITRT_04_M;EXPLOITATION;ldkfinp01;M_L_FIN12;3mmas
FIN-FINANCE;FINFIN_C1ITRT_04_M;FINFIN_C1ITRT_04_WRK04_M;"February 20, 2026";"February 21, 2026 2:21:16 AM";"February 21, 2026 2:58:22 AM";;Ended OK;Cloture FA : Cloture TAX;;Job;No;1;No;CTMSRV;FINFIN_C1ITRT_04_M;EXPLOITATION;ldkfinp01;M_L_FIN12;3mmat
FIN-FINANCE;FINFIN_C1JTRT_04_M;FINFIN_C1JTRT_04_M;"February 20, 2026";"February 21, 2026 1:40:14 AM";"February 21, 2026 2:20:35 AM";;Ended OK;FINANCE : Generation des Abonnements;;SMART Table;No;1;No;CTMSRV;FINFIN_C1JTRT_04_M;opfinbac;ldkctmp50;;3mlnj
FIN-FINANCE;FINFIN_C1JTRT_04_M;FINFIN_C1JTRT_04_WRK01_M;"February 20, 2026";"February 21, 2026 1:40:14 AM";"February 21, 2026 2:20:35 AM";;Ended OK;Generation des Abonnements;;Job;No;1;No;CTMSRV;FINFIN_C1JTRT_04_M;EXPLOITATION;ldkfinp11;M_L_FIN12;3mlnk
FIN-FINANCE;FINFIN_C1STRT_04_M;FINFIN_C1STRT_04_M;"February 20, 2026";"February 21, 2026 1:40:14 AM";"February 21, 2026 2:23:40 AM";;Ended OK;"FINANCE : Prise en compte GL (Cloture) - L2; L3; L4; L5; L6";;SMART Table;No;1;No;CTMSRV;FINFIN_C1STRT_04_M;opfinbac;ldkctmp50;;3mls2
FIN-FINANCE;FINFIN_C1STRT_04_M;FINFIN_C1STRT_04_WRK01_M;"February 20, 2026";"February 21, 2026 2:20:35 AM";"February 21, 2026 2:23:40 AM";;Ended OK;Prise en compte GL (Cloture);;Job;No;1;No;CTMSRV;FINFIN_C1STRT_04_M;EXPLOITATION;ldkfinp11;M_L_FIN12;3mls3
FIN-FINANCE;FINFIN_E11STP_01_Q;FINFIN_E11STP_01_ARR01_Q;"February 20, 2026";"February 20, 2026 7:00:01 PM";"February 20, 2026 7:00:08 PM";;Ended OK;Fermeture TP R12 - Stop OHS no 1;ebsstop.ksh;Job;No;1;No;CTMSRV;FINFIN_E11STP_01_Q;opfinbac;ldkfinp06;A_L_FIN06;3mmer
FIN-FINANCE;FINFIN_E11STP_01_Q;FINFIN_E11STP_01_ARR02_Q;"February 20, 2026";"February 20, 2026 7:00:01 PM";"February 20, 2026 7:00:06 PM";;Ended OK;Fermeture TP R12 - Stop OHS no 2;ebsstop.ksh;Job;No;1;No;CTMSRV;FINFIN_E11STP_01_Q;opfinbac;ldkfinp05;A_L_FIN05;3mmet
FIN-FINANCE;FINFIN_E11STP_01_Q;FINFIN_E11STP_01_ARR03_Q;"February 20, 2026";"February 20, 2026 7:00:08 PM";"February 20, 2026 7:00:14 PM";;Ended OK;ARRET des MS sur le %%hostname;ebskillfmrweb.ksh;Job;No;1;No;CTMSRV;FINFIN_E11STP_01_Q;opfinbac;ldkfinp03;A_L_FIN03;3mmeu
FIN-FINANCE;FINFIN_E11STP_01_Q;FINFIN_E11STP_01_ARR04_Q;"February 20, 2026";"February 20, 2026 7:00:08 PM";"February 20, 2026 7:00:14 PM";;Ended OK;ARRET des MS sur le %%hostname;ebskillfmrweb.ksh;Job;No;1;No;CTMSRV;FINFIN_E11STP_01_Q;opfinbac;ldkfinp04;A_L_FIN04;3mmev
FIN-FINANCE;FINFIN_E11STP_01_Q;FINFIN_E11STP_01_ATP01_Q;"February 20, 2026";"February 20, 2026 7:00:00 PM";"February 20, 2026 7:00:00 PM";;Ended OK;Fermeture TP R12 - Lock USERS;LOCK_USERS.ksh;Dummy;No;1;No;CTMSRV;FINFIN_E11STP_01_Q;opfinbac;;NOTEXIST;3mmes
FIN-FINANCE;FINFIN_E11STP_01_Q;FINFIN_E11STP_01_Q;"February 20, 2026";"February 20, 2026 7:00:00 PM";"February 20, 2026 7:00:56 PM";;Ended OK;FINANCE : Fermeture TP OracleR12;;SMART Table;No;1;No;CTMSRV;FINFIN_E11STP_01_Q;opfinbac;ldkctmp50;;3mmep
FIN-FINANCE;FINFIN_E11STP_01_Q;FINFIN_E11STP_01_WRK01_Q;"February 20, 2026";"February 20, 2026 7:00:14 PM";"February 20, 2026 7:00:55 PM";;Ended OK;Fermeture TP R12 - Flag TP;;Job;No;1;No;CTMSRV;FINFIN_E11STP_01_Q;EXPLOITATION;ldkfinp11;M_L_FIN12;3mmeq
FIN-FINANCE;FINFIN_E11STR_02_Q;FINFIN_E11STR_02_Q;"February 20, 2026";"February 21, 2026 7:00:00 AM";"February 21, 2026 7:00:00 AM";;Ended OK;FINANCE : Ouverture TP OracleR12;;SMART Table;No;1;No;CTMSRV;FINFIN_E11STR_02_Q;opfinbac;ldkctmp50;;3mlje
FIN-FINANCE;FINFIN_E12STR_02_Q;FINFIN_E12STR_02_DEM01_Q;"February 20, 2026";"February 20, 2026 7:00:57 PM";"February 20, 2026 7:01:12 PM";;Ended OK;Ouverture TP R12 - Start OHS no 1;ebsstart.ksh;Job;No;1;No;CTMSRV;FINFIN_E12STR_02_Q;opfinbac;ldkfinp06;A_L_FIN06;3mm0g
FIN-FINANCE;FINFIN_E12STR_02_Q;FINFIN_E12STR_02_DEM02_Q;"February 20, 2026";"February 20, 2026 7:01:13 PM";"February 20, 2026 7:02:00 PM";;Ended OK;Ouverture TP R12 - Start OHS no 2;ebsstart.ksh;Job;No;1;No;CTMSRV;FINFIN_E12STR_02_Q;opfinbac;ldkfinp05;A_L_FIN05;3mm0f
FIN-FINANCE;FINFIN_E12STR_02_Q;FINFIN_E12STR_02_Q;"February 20, 2026";"February 20, 2026 7:00:57 PM";"February 20, 2026 7:02:01 PM";;Ended OK;FINANCE : Ouverture TP OracleR12;;SMART Table;No;1;No;CTMSRV;FINFIN_E12STR_02_Q;opfinfrt;ldkctmp50;;3mm0e
FIN-FINANCE;FINFIN_J11TEC_04_DEB01_Q;FINFIN_J11TEC_04_DEB01_Q;"February 20, 2026";"February 20, 2026 7:00:56 PM";"February 20, 2026 7:00:56 PM";;Ended OK;FINANCE : Jalon Debut Finance;;SMART Table;No;1;No;CTMSRV;FINFIN_J11TEC_04_DEB01_Q;opfinbac;ldkctmp50;;3mmag
FIN-FINANCE;FINFIN_J11TEC_04_DEB02_Q;FINFIN_J11TEC_04_DEB02_Q;"February 20, 2026";"February 21, 2026 12:05:00 AM";"February 21, 2026 12:05:00 AM";;Ended OK;FINANCE : Jalon Debut Confirmation des règlements pour prélèvements;;SMART Table;No;1;No;CTMSRV;FINFIN_J11TEC_04_DEB02_Q;opfinbac;ldkctmp50;;3mlaq
FIN-FINANCE;FINFIN_J11TEC_04_FCL01_Q;FINFIN_J11TEC_04_FCL01_Q;"February 20, 2026";"February 21, 2026 3:28:30 AM";"February 21, 2026 3:28:30 AM";;Ended OK;FINANCE : Jalon fin Cloture;;SMART Table;No;1;No;CTMSRV;FINFIN_J11TEC_04_FCL01_Q;opfinbac;ldkctmp50;;3ml4a
FIN-FINANCE;FINFIN_J11TEC_04_FIN01_Q;FINFIN_J11TEC_04_FIN01_Q;"February 20, 2026";"February 21, 2026 7:28:16 AM";"February 21, 2026 7:28:16 AM";;Ended OK;FINANCE : Jalon fin Finance;;SMART Table;No;1;No;CTMSRV;FINFIN_J11TEC_04_FIN01_Q;opfinbac;ldkctmp50;;3mkti
FIN-FINANCE;FINFIN_J11TEC_04_FJA01_Q;FINFIN_J11TEC_04_FJA01_Q;"February 20, 2026";"February 20, 2026 11:43:49 PM";"February 20, 2026 11:43:49 PM";;Ended OK;FINANCE : Debut des campagnes de reglements ();;SMART Table;No;1;No;CTMSRV;FINFIN_J11TEC_04_FJA01_Q;opfinbac;ldkctmp50;;3mlo8
FIN-FINANCE;FINFIN_J11TEC_04_FJA02_Q;FINFIN_J11TEC_04_FJA02_Q;"February 20, 2026";"February 20, 2026 11:43:50 PM";"February 20, 2026 11:43:50 PM";;Ended OK;FINANCE : Jalon campagnes de reglements (Bloc 1);;SMART Table;No;1;No;CTMSRV;FINFIN_J11TEC_04_FJA02_Q;opfinbac;ldkctmp50;;3mm5m
FIN-FINANCE;FINFIN_J11TEC_04_FJA03_Q;FINFIN_J11TEC_04_FJA03_Q;"February 20, 2026";"February 21, 2026 12:00:42 AM";"February 21, 2026 12:00:42 AM";;Ended OK;FINANCE : Jalon campagnes de reglements (Bloc 2);;SMART Table;No;1;No;CTMSRV;FINFIN_J11TEC_04_FJA03_Q;opfinbac;ldkctmp50;;3mmfy
FIN-FINANCE;FINFIN_J11TEC_04_FJA04_Q;FINFIN_J11TEC_04_FJA04_Q;"February 20, 2026";"February 21, 2026 12:08:43 AM";"February 21, 2026 12:08:43 AM";;Ended OK;FINANCE : Jalon Campagnes de reglements (Bloc 3);;SMART Table;No;1;No;CTMSRV;FINFIN_J11TEC_04_FJA04_Q;opfinbac;ldkctmp50;;3ml8z
FIN-FINANCE;FINFIN_J11TEC_04_FJA05_Q;FINFIN_J11TEC_04_FJA05_Q;"February 20, 2026";"February 21, 2026 12:08:44 AM";"February 21, 2026 12:08:44 AM";;Ended OK;FINANCE : Jalon Campagnes de reglements (Bloc 4);;SMART Table;No;1;No;CTMSRV;FINFIN_J11TEC_04_FJA05_Q;opfinbac;ldkctmp50;;3mkod
FIN-FINANCE;FINFIN_J11TEC_04_FJA06_Q;FINFIN_J11TEC_04_FJA06_Q;"February 20, 2026";"February 21, 2026 1:40:11 AM";"February 21, 2026 1:40:11 AM";;Ended OK;FINANCE : Fin des campagnes de reglements;;SMART Table;No;1;No;CTMSRV;FINFIN_J11TEC_04_FJA06_Q;opfinbac;ldkctmp50;;3mlsn
FIN-FINANCE;FINFIN_J11TEC_04_FJO01_Q;FINFIN_J11TEC_04_FJO01_Q;"February 20, 2026";"February 20, 2026 10:49:55 PM";"February 20, 2026 10:49:55 PM";;Ended OK;FINANCE : Jalon fin Journaliere;;SMART Table;No;1;No;CTMSRV;FINFIN_J11TEC_04_FJO01_Q;opfinbac;ldkctmp50;;3mls8
FIN-FINANCE;FINFIN_J11TEC_04_FPE01_Q;FINFIN_J11TEC_04_FPE01_Q;"February 20, 2026";"February 21, 2026 1:40:12 AM";"February 21, 2026 1:40:12 AM";;Ended OK;FINANCE : Jalon fin des Periodique;;SMART Table;No;1;No;CTMSRV;FINFIN_J11TEC_04_FPE01_Q;opfinbac;ldkctmp50;;3mlmj
FIN-FINANCE;FINFIN_J11TEC_04_FRE01_Q;FINFIN_J11TEC_04_FRE01_Q;"February 20, 2026";"February 21, 2026 3:28:31 AM";"February 21, 2026 3:28:31 AM";;Ended OK;FINANCE : Jalon fin Referentiel;;SMART Table;No;1;No;CTMSRV;FINFIN_J11TEC_04_FRE01_Q;opfinbac;ldkctmp50;;3mleb
FIN-FINANCE;FINFIN_J12TEC_04_Q;FINFIN_J12TEC_04_PUR01_Q;"February 20, 2026";"February 20, 2026 4:00:00 PM";"February 20, 2026 4:00:01 PM";;Ended OK;"Archivage des repertoires IN; OUT et OUT_SEPA";FINFIN_J12TEC_04_PUR01_Q.ksh;Job;No;1;No;CTMSRV;FINFIN_J12TEC_04_Q;opfinbac;ldkfinp01;M_L_FIN12;3mlhn
FIN-FINANCE;FINFIN_J12TEC_04_Q;FINFIN_J12TEC_04_PUR02_Q;"February 20, 2026";;;;Wait for Event;"Archivage des repertoires IN; OUT et OUT_SEPA";FINFIN_J12TEC_04_PUR01_Q.ksh;Job;No;0;No;CTMSRV;FINFIN_J12TEC_04_Q;opfinbac;M_L_FIN12;M_L_FIN12;3mlho
FIN-FINANCE;FINFIN_J12TEC_04_Q;FINFIN_J12TEC_04_Q;"February 20, 2026";"February 20, 2026 1:30:12 PM";;;Executing;"FINANCE : Archivage des repertoires IN; OUT et OUT_SEPA";;SMART Table;No;1;No;CTMSRV;FINFIN_J12TEC_04_Q;root;;;3mlhm
FIN-FINANCE;FINFIN_J12TRT_04_Q;FINFIN_J12TRT_04_Q;"February 20, 2026";"February 20, 2026 7:00:57 PM";"February 20, 2026 10:49:55 PM";;Ended OK;FINANCE : Prise en compte GL/AP/AR du jour;;SMART Table;No;1;No;CTMSRV;FINFIN_J12TRT_04_Q;opfinbac;ldkctmp50;;3mkcp
FIN-FINANCE;FINFIN_J12TRT_04_Q;FINFIN_J12TRT_04_WRK01_Q;"February 20, 2026";"February 20, 2026 7:13:51 PM";"February 20, 2026 7:23:26 PM";;Ended OK;Prise en compte AR du jour;;Job;No;1;No;CTMSRV;FINFIN_J12TRT_04_Q;EXPLOITATION;ldkfinp11;M_L_FIN12;3mkcq
FIN-FINANCE;FINFIN_J12TRT_04_Q;FINFIN_J12TRT_04_WRK02_Q;"February 20, 2026";"February 20, 2026 9:24:27 PM";"February 20, 2026 10:33:52 PM";;Ended OK;Prise en compte AP du jour;;Job;No;1;No;CTMSRV;FINFIN_J12TRT_04_Q;EXPLOITATION;ldkfinp01;M_L_FIN12;3mkcr
FIN-FINANCE;FINFIN_J12TRT_04_Q;FINFIN_J12TRT_04_WRK03_Q;"February 20, 2026";"February 20, 2026 10:33:52 PM";"February 20, 2026 10:49:55 PM";;Ended OK;Prise en compte GL du jour;;Job;No;1;No;CTMSRV;FINFIN_J12TRT_04_Q;EXPLOITATION;ldkfinp11;M_L_FIN12;3mkcs
FIN-FINANCE;FINFIN_J12TRT_04_Q;FINFIN_J12TRT_04_WRK04_Q;"February 20, 2026";"February 20, 2026 7:25:34 PM";"February 20, 2026 7:37:55 PM";;Ended OK;Prise en compte AR du jour;;Job;No;1;No;CTMSRV;FINFIN_J12TRT_04_Q;EXPLOITATION;ldkfinp01;M_L_FIN12;3mkct
FIN-FINANCE;FINFIN_J12TRT_04_Q;FINFIN_J12TRT_04_WRK05_Q;"February 20, 2026";"February 20, 2026 7:00:57 PM";"February 20, 2026 7:13:17 PM";;Ended OK;Prise en compte AR du jour;;Job;No;1;No;CTMSRV;FINFIN_J12TRT_04_Q;EXPLOITATION;ldkfinp01;M_L_FIN12;3mkcu
FIN-FINANCE;FINFIN_J13TRT_04_H;FINFIN_J13TRT_04_H;"February 20, 2026";"February 21, 2026 12:00:42 AM";"February 21, 2026 12:08:43 AM";;Ended OK;FINANCE : Echeancier provisoire EMPLOYES;;SMART Table;No;1;No;CTMSRV;FINFIN_J13TRT_04_H;opfinbac;ldkctmp50;;3mkov
FIN-FINANCE;FINFIN_J13TRT_04_H;FINFIN_J13TRT_04_WRK01_H;"February 20, 2026";"February 21, 2026 12:00:42 AM";"February 21, 2026 12:08:42 AM";;Ended OK;FINANCE : Echeancier provisoire EMPLOYES;;Job;No;1;No;CTMSRV;FINFIN_J13TRT_04_H;EXPLOITATION;ldkfinp11;M_L_FIN12;3mkow
FIN-FINANCE;FINFIN_J13TRT_04_Q;FINFIN_J13TRT_04_Q;"February 20, 2026";"February 20, 2026 7:00:57 PM";"February 20, 2026 11:14:01 PM";;Ended OK;FINANCE : Workflow validation factures;;SMART Table;No;1;No;CTMSRV;FINFIN_J13TRT_04_Q;opfinbac;ldkctmp50;;3mkfy
FIN-FINANCE;FINFIN_J13TRT_04_Q;FINFIN_J13TRT_04_WRK01_Q;"February 20, 2026";"February 20, 2026 10:37:48 PM";"February 20, 2026 10:55:58 PM";;Ended OK;FINANCE : Workflow validation factures;;Job;No;1;No;CTMSRV;FINFIN_J13TRT_04_Q;EXPLOITATION;ldkfinp01;M_L_FIN12;3mkfz
FIN-FINANCE;FINFIN_J13TRT_04_Q;FINFIN_J13TRT_04_WRK02_Q;"February 20, 2026";"February 20, 2026 10:55:58 PM";"February 20, 2026 10:57:58 PM";;Ended OK;FINANCE : Approbation auto des notifications;;Job;No;1;No;CTMSRV;FINFIN_J13TRT_04_Q;EXPLOITATION;ldkfinp01;M_L_FIN12;3mkg0
FIN-FINANCE;FINFIN_J13TRT_04_Q;FINFIN_J13TRT_04_WRK03_Q;"February 20, 2026";"February 20, 2026 10:57:59 PM";"February 20, 2026 11:07:26 PM";;Ended OK;FINANCE : Workflow en arriere plan DKACSP;;Job;No;1;No;CTMSRV;FINFIN_J13TRT_04_Q;EXPLOITATION;ldkfinp11;M_L_FIN12;3mkg1
FIN-FINANCE;FINFIN_J13TRT_04_Q;FINFIN_J13TRT_04_WRK04_Q;"February 20, 2026";"February 20, 2026 11:07:26 PM";"February 20, 2026 11:09:15 PM";;Ended OK;FINANCE : Reporting des mvts sans image;;Job;No;1;No;CTMSRV;FINFIN_J13TRT_04_Q;EXPLOITATION;ldkfinp11;M_L_FIN12;3mkg2
FIN-FINANCE;FINFIN_J13TRT_04_Q;FINFIN_J13TRT_04_WRK05_Q;"February 20, 2026";"February 20, 2026 11:10:21 PM";"February 20, 2026 11:12:05 PM";;Ended OK;FINANCE : Suivi des notifications ouvertes;;Job;No;1;No;CTMSRV;FINFIN_J13TRT_04_Q;EXPLOITATION;ldkfinp11;M_L_FIN12;3mkg6
FIN-FINANCE;FINFIN_J13TRT_04_Q;FINFIN_J13TRT_04_WRK06_Q;"February 20, 2026";"February 20, 2026 11:12:06 PM";"February 20, 2026 11:14:00 PM";;Ended OK;FINANCE : Purge des workflow obsoletes;;Job;No;1;No;CTMSRV;FINFIN_J13TRT_04_Q;EXPLOITATION;ldkfinp11;M_L_FIN12;3mkg3
FIN-FINANCE;FINFIN_J13TRT_04_Q;FINFIN_J13TRT_04_WRK07_Q;"February 20, 2026";"February 20, 2026 7:23:27 PM";"February 20, 2026 7:25:34 PM";;Ended OK;FINANCE : Automatisation des etapes d'encaissement;;Job;No;1;No;CTMSRV;FINFIN_J13TRT_04_Q;EXPLOITATION;ldkfinp11;M_L_FIN12;3mkg4
FIN-FINANCE;FINFIN_J13TRT_04_Q;FINFIN_J13TRT_04_WRK08_Q;"February 20, 2026";"February 20, 2026 11:09:15 PM";"February 20, 2026 11:10:20 PM";;Ended OK;FINANCE : Annulation des notifications obsoletes CSP;;Job;No;1;No;CTMSRV;FINFIN_J13TRT_04_Q;EXPLOITATION;ldkfinp01;M_L_FIN12;3mkg5
FIN-FINANCE;FINFIN_J14TRT_04_Q;FINFIN_J14TRT_04_Q;"February 20, 2026";"February 21, 2026 3:28:31 AM";"February 21, 2026 3:32:07 AM";;Ended OK;FINANCE : Importation des donnees GL dans RB;;SMART Table;No;1;No;CTMSRV;FINFIN_J14TRT_04_Q;opfinbac;ldkctmp50;;3ml2y
FIN-FINANCE;FINFIN_J14TRT_04_Q;FINFIN_J14TRT_04_WRK01_Q;"February 20, 2026";"February 21, 2026 3:28:31 AM";"February 21, 2026 3:32:07 AM";;Ended OK;RB : Importation des donnees GL dans RB;;Job;No;1;No;CTMSRV;FINFIN_J14TRT_04_Q;EXPLOITATION;ldkfinp01;M_L_FIN12;3ml2z
FIN-FINANCE;FINFIN_J15TRT_04_Q;FINFIN_J15TRT_04_Q;"February 20, 2026";"February 21, 2026 3:28:31 AM";;;Executing;FINANCE : Rapprochement bancaire automatique;;SMART Table;No;1;No;CTMSRV;FINFIN_J15TRT_04_Q;opfinbac;ldkctmp50;;3mlrl
FIN-FINANCE;FINFIN_J15TRT_04_Q;FINFIN_J15TRT_04_WRK01_Q;"February 20, 2026";"February 21, 2026 7:23:50 AM";"February 21, 2026 7:28:15 AM";;Wait for Event;RB : rapprochement automatique;;Job;No;1;Yes;CTMSRV;FINFIN_J15TRT_04_Q;EXPLOITATION;ldkfinp01;M_L_FIN12;3mlrm
FIN-FINANCE;FINFIN_J17TRT_04_Q;FINFIN_J17TRT_04_Q;"February 20, 2026";"February 21, 2026 3:28:31 AM";"February 21, 2026 3:32:53 AM";;Ended OK;FINANCE : Securisation du workflow POAPPRV/REQAPPRV;;SMART Table;No;1;No;CTMSRV;FINFIN_J17TRT_04_Q;opfinbac;ldkctmp50;;3mm7m
FIN-FINANCE;FINFIN_J17TRT_04_Q;FINFIN_J17TRT_04_WRK01_Q;"February 20, 2026";"February 21, 2026 3:28:31 AM";"February 21, 2026 3:29:29 AM";;Ended OK;WF : Securisation du workflow POAPPRV;;Job;No;1;No;CTMSRV;FINFIN_J17TRT_04_Q;EXPLOITATION;ldkfinp11;M_L_FIN12;3mm7n
FIN-FINANCE;FINFIN_J17TRT_04_Q;FINFIN_J17TRT_04_WRK02_Q;"February 20, 2026";"February 21, 2026 3:29:30 AM";"February 21, 2026 3:32:52 AM";;Ended OK;WF : Securisation du workflow REQAPPRV;;Job;No;1;No;CTMSRV;FINFIN_J17TRT_04_Q;EXPLOITATION;ldkfinp01;M_L_FIN12;3mm7o
FIN-FINANCE;FINFIN_J18TRT_04_Q;FINFIN_J18TRT_04_IMP02_Q;"February 20, 2026";"February 20, 2026 6:45:00 PM";"February 20, 2026 6:48:21 PM";1900;Wait for Event;Import des projets dans PA (Apres-midi);;Job;No;22;Yes;CTMSRV;FINFIN_J18TRT_04_Q;EXPLOITATION;ldkfinp01;M_L_FIN12;3mm7b
FIN-FINANCE;FINFIN_J18TRT_04_Q;FINFIN_J18TRT_04_Q;"February 20, 2026";"February 20, 2026 1:30:13 PM";;;Executing;FINANCE : Import des projets dans PA;;SMART Table;No;1;No;CTMSRV;FINFIN_J18TRT_04_Q;opfinbac;;;3mm7a
FIN-FINANCE;FINFIN_J19TRT_04_Q;FINFIN_J19TRT_04_Q;"February 20, 2026";"February 20, 2026 7:00:57 PM";"February 20, 2026 10:35:57 PM";;Ended OK;FINANCE : Extraction des status factures AP;;SMART Table;No;1;No;CTMSRV;FINFIN_J19TRT_04_Q;opfinbac;ldkctmp50;;3mlg1
FIN-FINANCE;FINFIN_J19TRT_04_Q;FINFIN_J19TRT_04_WRK01_Q;"February 20, 2026";"February 20, 2026 10:33:52 PM";"February 20, 2026 10:35:57 PM";;Ended OK;Extraction des status factures AP;;Job;No;1;No;CTMSRV;FINFIN_J19TRT_04_Q;EXPLOITATION;ldkfinp01;M_L_FIN12;3mlg2
FIN-FINANCE;FINFIN_J1HTRT_04_M;FINFIN_J1HTRT_04_M;"February 20, 2026";"February 20, 2026 11:43:51 PM";"February 21, 2026 12:00:42 AM";;Ended OK;FINANCE : Campagne de lettrage a 0;;SMART Table;No;1;No;CTMSRV;FINFIN_J1HTRT_04_M;opfinbac;ldkctmp50;;3mky3
FIN-FINANCE;FINFIN_J1HTRT_04_M;FINFIN_J1HTRT_04_WRK01_M;"February 20, 2026";"February 20, 2026 11:43:51 PM";"February 21, 2026 12:00:41 AM";;Ended OK;FINANCE : Campagne de lettrage a 0;;Job;No;1;No;CTMSRV;FINFIN_J1HTRT_04_M;EXPLOITATION;ldkfinp11;M_L_FIN12;3mky4
FIN-FINANCE;FINFIN_J1JTRT_04_M;FINFIN_J1JTRT_04_M;"February 20, 2026";"February 21, 2026 12:08:45 AM";"February 21, 2026 1:40:11 AM";;Ended OK;FINANCE : Campagne TIERS (L6) : selection factures reglements;;SMART Table;No;1;No;CTMSRV;FINFIN_J1JTRT_04_M;opfinbac;ldkctmp50;;3mlz7
FIN-FINANCE;FINFIN_J1JTRT_04_M;FINFIN_J1JTRT_04_WRK01_M;"February 20, 2026";"February 21, 2026 12:08:45 AM";"February 21, 2026 1:40:11 AM";;Ended OK;FINANCE : Campagne TIERS (L6) : selection factures reglements;;Job;No;1;No;CTMSRV;FINFIN_J1JTRT_04_M;EXPLOITATION;ldkfinp01;M_L_FIN12;3mlz8
FIN-FINANCE;FINFIN_J1OTRT_04_M;FINFIN_J1OTRT_04_CTL01_M;"February 20, 2026";"February 21, 2026 3:28:31 AM";"February 21, 2026 3:32:45 AM";;Ended OK;FINANCE : Controle de pre-cloture - AMONTS;;Job;No;1;No;CTMSRV;FINFIN_J1OTRT_04_M;EXPLOITATION;ldkfinp01;M_L_FIN12;3mmlv
FIN-FINANCE;FINFIN_J1OTRT_04_M;FINFIN_J1OTRT_04_CTL02_M;"February 20, 2026";"February 21, 2026 3:28:31 AM";"February 21, 2026 3:37:22 AM";;Ended OK;FINANCE : Controle de pre-cloture - AP;;Job;No;1;No;CTMSRV;FINFIN_J1OTRT_04_M;EXPLOITATION;ldkfinp11;M_L_FIN12;3mmlw
FIN-FINANCE;FINFIN_J1OTRT_04_M;FINFIN_J1OTRT_04_CTL03_M;"February 20, 2026";"February 21, 2026 3:28:31 AM";"February 21, 2026 3:30:30 AM";;Ended OK;FINANCE : Controle de pre-cloture - AR;;Job;No;1;No;CTMSRV;FINFIN_J1OTRT_04_M;EXPLOITATION;ldkfinp01;M_L_FIN12;3mmlx
FIN-FINANCE;FINFIN_J1OTRT_04_M;FINFIN_J1OTRT_04_CTL04_M;"February 20, 2026";"February 21, 2026 3:28:31 AM";"February 21, 2026 3:39:05 AM";;Ended OK;FINANCE : Controle de pre-cloture - DIVERS;;Job;No;1;No;CTMSRV;FINFIN_J1OTRT_04_M;EXPLOITATION;ldkfinp11;M_L_FIN12;3mmly
FIN-FINANCE;FINFIN_J1OTRT_04_M;FINFIN_J1OTRT_04_CTL06_M;"February 20, 2026";"February 21, 2026 3:28:31 AM";"February 21, 2026 3:33:41 AM";;Ended OK;FINANCE : Controle de pre-cloture - GL;;Job;No;1;No;CTMSRV;FINFIN_J1OTRT_04_M;EXPLOITATION;ldkfinp01;M_L_FIN12;3mmlz
FIN-FINANCE;FINFIN_J1OTRT_04_M;FINFIN_J1OTRT_04_CTL07_M;"February 20, 2026";"February 21, 2026 3:28:31 AM";"February 21, 2026 3:58:12 AM";;Ended OK;FINANCE : Controle de pre-cloture - PA;;Job;No;1;No;CTMSRV;FINFIN_J1OTRT_04_M;EXPLOITATION;ldkfinp11;M_L_FIN12;3mmm0
FIN-FINANCE;FINFIN_J1OTRT_04_M;FINFIN_J1OTRT_04_CTL08_M;"February 20, 2026";"February 21, 2026 3:28:31 AM";"February 21, 2026 3:35:18 AM";;Ended OK;FINANCE : Controle de pre-cloture - PO;;Job;No;1;No;CTMSRV;FINFIN_J1OTRT_04_M;EXPLOITATION;ldkfinp01;M_L_FIN12;3mmm1
FIN-FINANCE;FINFIN_J1OTRT_04_M;FINFIN_J1OTRT_04_CTL09_M;"February 20, 2026";"February 21, 2026 3:28:31 AM";"February 21, 2026 3:31:01 AM";;Ended OK;FINANCE : Controle de pre-cloture - REFAC;;Job;No;1;No;CTMSRV;FINFIN_J1OTRT_04_M;EXPLOITATION;ldkfinp11;M_L_FIN12;3mmm2
FIN-FINANCE;FINFIN_J1OTRT_04_M;FINFIN_J1OTRT_04_CTL10_M;"February 20, 2026";"February 21, 2026 3:28:31 AM";"February 21, 2026 3:40:23 AM";;Ended OK;FINANCE : Controle de pre-cloture - SLA;;Job;No;1;No;CTMSRV;FINFIN_J1OTRT_04_M;EXPLOITATION;ldkfinp01;M_L_FIN12;3mmm3
FIN-FINANCE;FINFIN_J1OTRT_04_M;FINFIN_J1OTRT_04_M;"February 20, 2026";"February 21, 2026 3:28:31 AM";"February 21, 2026 3:58:12 AM";;Ended OK;FINANCE : Controles pre-cloture;;SMART Table;No;1;No;CTMSRV;FINFIN_J1OTRT_04_M;opfinbac;ldkctmp50;;3mmlu
FIN-FINANCE;FINFIN_J20TRT_04_Q;FINFIN_J20TRT_04_Q;"February 20, 2026";"February 20, 2026 7:00:57 PM";"February 20, 2026 7:46:28 PM";;Ended OK;FINANCE : Prise en compte FA du jour;;SMART Table;No;1;No;CTMSRV;FINFIN_J20TRT_04_Q;opfinbac;ldkctmp50;;3mm1y
FIN-FINANCE;FINFIN_J20TRT_04_Q;FINFIN_J20TRT_04_WRK01_Q;"February 20, 2026";"February 20, 2026 7:00:57 PM";"February 20, 2026 7:46:27 PM";;Ended OK;Prise en compte FA du jour;;Job;No;1;No;CTMSRV;FINFIN_J20TRT_04_Q;EXPLOITATION;ldkfinp11;M_L_FIN12;3mm1z
FIN-FINANCE;FINFIN_J21TRT_04_Q;FINFIN_J21TRT_04_Q;"February 20, 2026";"February 20, 2026 7:00:57 PM";"February 20, 2026 7:04:32 PM";;Ended OK;FINANCE : Chargement catalogue;;SMART Table;No;1;No;CTMSRV;FINFIN_J21TRT_04_Q;opfinbac;ldkctmp50;;3mlfv
FIN-FINANCE;FINFIN_J21TRT_04_Q;FINFIN_J21TRT_04_WRK01_Q;"February 20, 2026";"February 20, 2026 7:00:57 PM";"February 20, 2026 7:04:31 PM";;Ended OK;FINANCE : Chargement catalogue;;Job;No;1;No;CTMSRV;FINFIN_J21TRT_04_Q;EXPLOITATION;ldkfinp01;M_L_FIN12;3mlfw
FIN-FINANCE;FINFIN_J22TRT_04_Q;FINFIN_J22TRT_04_Q;"February 20, 2026";"February 20, 2026 1:30:12 PM";;;Executing;FINANCE : Duplication des sites fournisseurs;;SMART Table;No;1;No;CTMSRV;FINFIN_J22TRT_04_Q;opfinbac;;;3ml98
FIN-FINANCE;FINFIN_J22TRT_04_Q;FINFIN_J22TRT_04_WRK02_Q;"February 20, 2026";"February 20, 2026 6:55:00 PM";"February 20, 2026 6:55:00 PM";1900;Wait for Event;FINANCE : Duplication des sites fournisseurs (midi);;Dummy;No;33;Yes;CTMSRV;FINFIN_J22TRT_04_Q;EXPLOITATION;;M_L_FIN12;3ml99
FIN-FINANCE;FINFIN_J23TRT_06_Q;FINFIN_J23TRT_06_CTL01_Q;"February 20, 2026";"February 21, 2026 3:28:31 AM";"February 21, 2026 5:49:52 AM";;Ended OK;REFERENTIEL: Extraction SQL MOA - AP;;Job;No;1;No;CTMSRV;FINFIN_J23TRT_06_Q;EXPLOITATION;ldkfinp01;M_L_FIN12;3mm2n
FIN-FINANCE;FINFIN_J23TRT_06_Q;FINFIN_J23TRT_06_CTL02_Q;"February 20, 2026";"February 21, 2026 3:28:31 AM";"February 21, 2026 3:32:40 AM";;Ended OK;REFERENTIEL: Extraction SQL MOA - AR;;Job;No;1;No;CTMSRV;FINFIN_J23TRT_06_Q;EXPLOITATION;ldkfinp11;M_L_FIN12;3mm2o
FIN-FINANCE;FINFIN_J23TRT_06_Q;FINFIN_J23TRT_06_CTL03_Q;"February 20, 2026";"February 21, 2026 3:28:31 AM";"February 21, 2026 3:52:29 AM";;Ended OK;REFERENTIEL: Extraction SQL MOA - GL;;Job;No;1;No;CTMSRV;FINFIN_J23TRT_06_Q;EXPLOITATION;ldkfinp01;M_L_FIN12;3mm2p
FIN-FINANCE;FINFIN_J23TRT_06_Q;FINFIN_J23TRT_06_CTL04_Q;"February 20, 2026";"February 21, 2026 3:28:31 AM";"February 21, 2026 3:46:39 AM";;Ended OK;REFERENTIEL: Extraction SQL MOA - CSP;;Job;No;1;No;CTMSRV;FINFIN_J23TRT_06_Q;EXPLOITATION;ldkfinp11;M_L_FIN12;3mm2q
FIN-FINANCE;FINFIN_J23TRT_06_Q;FINFIN_J23TRT_06_Q;"February 20, 2026";"February 20, 2026 1:30:13 PM";"February 21, 2026 5:49:53 AM";;Ended OK;REFERENTIEL : Extraction SQL MOA;;SMART Table;No;1;No;CTMSRV;FINFIN_J23TRT_06_Q;opfinbac;ldkctmp50;;3mm2m
FIN-FINANCE;FINFIN_J32TRT_05_Q;FINFIN_J32TRT_05_Q;"February 20, 2026";"February 20, 2026 1:30:13 PM";"February 21, 2026 7:30:58 AM";;Ended OK;;;SMART Table;No;1;No;CTMSRV;FINFIN_J32TRT_05_Q;;ldkctmp50;;3mlvd
FIN-FINANCE;FINFIN_J32TRT_05_Q;FINFIN_J32TRT_05_WRK01_Q;"February 20, 2026";"February 20, 2026 11:07:26 PM";"February 20, 2026 11:11:04 PM";;Ended OK;Automatisation des prélèvements fournisseurs - Sélection références bancaires;;Job;No;1;No;CTMSRV;FINFIN_J32TRT_05_Q;EXPLOITATION;ldkfinp01;M_L_FIN12;3mlve
FIN-FINANCE;FINFIN_J32TRT_05_Q;FINFIN_J32TRT_05_WRK02_Q;"February 20, 2026";"February 20, 2026 11:11:05 PM";"February 20, 2026 11:20:48 PM";;Ended OK;Automatisation des prélèvements fournisseurs - Recherche factures;;Job;No;1;No;CTMSRV;FINFIN_J32TRT_05_Q;EXPLOITATION;ldkfinp01;M_L_FIN12;3mlvf
FIN-FINANCE;FINFIN_J32TRT_05_Q;FINFIN_J32TRT_05_WRK03_Q;"February 20, 2026";"February 20, 2026 11:20:49 PM";"February 20, 2026 11:40:16 PM";;Ended OK;Automatisation des prélèvements fournisseurs - Création règlements;;Job;No;1;No;CTMSRV;FINFIN_J32TRT_05_Q;EXPLOITATION;ldkfinp01;M_L_FIN12;3mlvg
FIN-FINANCE;FINFIN_J32TRT_05_Q;FINFIN_J32TRT_05_WRK04_Q;"February 20, 2026";"February 20, 2026 11:40:17 PM";"February 20, 2026 11:43:48 PM";;Ended OK;Automatisation des prélèvements fournisseurs - Comptabilisation règlements;;Job;No;1;No;CTMSRV;FINFIN_J32TRT_05_Q;EXPLOITATION;ldkfinp11;M_L_FIN12;3mlvh
FIN-FINANCE;FINFIN_J32TRT_05_Q;FINFIN_J32TRT_05_WRK05_Q;"February 20, 2026";"February 21, 2026 3:32:07 AM";"February 21, 2026 3:33:11 AM";;Ended OK;Automatisation des prélèvements fournisseurs - Ajout référence lettrage;;Job;No;1;No;CTMSRV;FINFIN_J32TRT_05_Q;EXPLOITATION;ldkfinp11;M_L_FIN12;3mlvi
FIN-FINANCE;FINFIN_J32TRT_05_Q;FINFIN_J32TRT_05_WRK06_Q;"February 20, 2026";"February 21, 2026 7:28:16 AM";"February 21, 2026 7:30:57 AM";;Ended OK;Automatisation des prélèvements fournisseurs - Génération des états et envoi par mail;;Job;No;1;No;CTMSRV;FINFIN_J32TRT_05_Q;EXPLOITATION;ldkfinp11;M_L_FIN12;3mlvj
FIN-FINANCE;FINFIN_J33TRT_04_Q;FINFIN_J33TRT_04_Q;"February 20, 2026";"February 20, 2026 1:30:13 PM";"February 20, 2026 4:38:31 PM";;Ended OK;;;SMART Table;No;1;No;CTMSRV;FINFIN_J33TRT_04_Q;;ldkctmp50;;3mmjt
FIN-FINANCE;FINFIN_J33TRT_04_Q;FINFIN_J33TRT_04_WRK01_Q;"February 20, 2026";"February 20, 2026 4:00:00 PM";"February 20, 2026 4:01:32 PM";;Ended OK;"Collecter les statistiques de la table AP; AP_INVOICES_INTERFACE";;Job;No;1;No;CTMSRV;FINFIN_J33TRT_04_Q;EXPLOITATION;ldkfinp11;M_L_FIN12;3mmju
FIN-FINANCE;FINFIN_J33TRT_04_Q;FINFIN_J33TRT_04_WRK02_Q;"February 20, 2026";"February 20, 2026 4:00:00 PM";"February 20, 2026 4:01:58 PM";;Ended OK;"Collecter les statistiques de la table AP; AP_INVOICES_ALL";;Job;No;1;No;CTMSRV;FINFIN_J33TRT_04_Q;EXPLOITATION;ldkfinp01;M_L_FIN12;3mmjv
FIN-FINANCE;FINFIN_J33TRT_04_Q;FINFIN_J33TRT_04_WRK03_Q;"February 20, 2026";"February 20, 2026 4:30:00 PM";"February 20, 2026 4:38:30 PM";;Ended OK;Collecter les statistiques du schéma  APPLSYS;;Job;No;1;No;CTMSRV;FINFIN_J33TRT_04_Q;EXPLOITATION;ldkfinp11;M_L_FIN12;3mmjw
FIN-FINANCE;FINFIN_J35TRT_04_H;FINFIN_J35TRT_04_H;"February 20, 2026";"February 20, 2026 1:30:12 PM";"February 20, 2026 1:30:16 PM";;Ended OK;;;SMART Table;No;1;No;CTMSRV;FINFIN_J35TRT_04_H;;ldkctmp50;;3mljj
FIN-FINANCE;FINFIN_J36TRT_04_H;FINFIN_J36TRT_04_H;"February 20, 2026";"February 20, 2026 1:30:13 PM";"February 20, 2026 1:30:16 PM";;Ended OK;;;SMART Table;No;1;No;CTMSRV;FINFIN_J36TRT_04_H;;ldkctmp50;;3mmek
FIN-FINANCE;FINHEC_J11GEN_06_Q;FINHEC_J11GEN_06_EXP01_Q;"February 20, 2026";"February 21, 2026 12:15:00 AM";"February 21, 2026 12:45:12 AM";;Ended OK;FINANCE : Interface des engages vers Hercule;;Job;No;1;No;CTMSRV;FINHEC_J11GEN_06_Q;EXPLOITATION;ldkfinp11;M_L_FIN12;3ml0o
FIN-FINANCE;FINHEC_J11GEN_06_Q;FINHEC_J11GEN_06_MOV01_Q;"February 20, 2026";"February 21, 2026 12:45:13 AM";"February 21, 2026 12:45:14 AM";;Ended OK;FINANCE : Move du fichier Engages_ORACLE_*.zip vers le NAS;MOV_OUT_Generique_DKA.ksh;Job;No;1;No;CTMSRV;FINHEC_J11GEN_06_Q;opfinbac;ldkfinp01;M_L_FIN12;3ml0p
FIN-FINANCE;FINHEC_J11GEN_06_Q;FINHEC_J11GEN_06_Q;"February 20, 2026";"February 21, 2026 12:15:00 AM";"February 21, 2026 12:45:14 AM";;Ended OK;FINANCE : Interface des engages vers Hercule;;SMART Table;No;1;No;CTMSRV;FINHEC_J11GEN_06_Q;opfinbac;ldkctmp50;;3ml0n
FIN-FINANCE;FINHEC_J13GEN_06_M;FINHEC_J13GEN_06_M;"February 20, 2026";"February 20, 2026 1:30:13 PM";"February 20, 2026 1:30:16 PM";;Ended OK;FINANCE EXPORT Encaissement Client D1 D8 L7 L1;;SMART Table;No;1;No;CTMSRV;FINHEC_J13GEN_06_M;opfinbac;ldkctmp50;;3mmoz
FIN-FINANCE;FINHEC_J13GEN_06_Q;FINHEC_J13GEN_06_EXP01_Q;"February 20, 2026";"February 20, 2026 7:37:56 PM";"February 20, 2026 7:47:41 PM";;Ended OK;FINANCE : Interface Export des encaissements clients vers Hercule (Quotidien);;Job;No;1;No;CTMSRV;FINHEC_J13GEN_06_Q;EXPLOITATION;ldkfinp01;M_L_FIN12;3ml2o
FIN-FINANCE;FINHEC_J13GEN_06_Q;FINHEC_J13GEN_06_MOV01_Q;"February 20, 2026";"February 20, 2026 7:47:42 PM";"February 20, 2026 7:47:44 PM";;Ended OK;FINANCE : Move du fichier ENCAISSEMENTS_CLIENTS_*.csv vers le NAS PFE (Quotidien);MOV_OUT_Generique_DKA.ksh;Job;No;1;No;CTMSRV;FINHEC_J13GEN_06_Q;opfinbac;ldkfinp01;M_L_FIN12;3ml2p
FIN-FINANCE;FINHEC_J13GEN_06_Q;FINHEC_J13GEN_06_Q;"February 20, 2026";"February 20, 2026 1:30:12 PM";"February 20, 2026 7:47:44 PM";;Ended OK;FINANCE EXPORT Encaissement Client - Quotidien;;SMART Table;No;1;No;CTMSRV;FINHEC_J13GEN_06_Q;;ldkctmp50;;3ml2n
FIN-FINANCE;FINSIC_J11INT_05_Q;FINSIC_J11INT_05_IMP01_Q;"February 20, 2026";"February 20, 2026 5:00:00 PM";"February 20, 2026 6:03:21 PM";;Ended OK;Importation des clients;;Job;No;1;No;CTMSRV;FINSIC_J11INT_05_Q;EXPLOITATION;ldkfinp01;M_L_FIN12;3mlxj
FIN-FINANCE;FINSIC_J11INT_05_Q;FINSIC_J11INT_05_Q;"February 20, 2026";"February 20, 2026 5:00:00 PM";"February 20, 2026 6:03:21 PM";;Ended OK;FINANCE : Importation des clients;;SMART Table;No;1;No;CTMSRV;FINSIC_J11INT_05_Q;opfinbac;ldkctmp50;;3mlxi
FIN-FINANCE;FINXXX_J11GEN_06_Q;FINXXX_J11GEN_06_EXP01_Q;"February 20, 2026";"February 20, 2026 7:00:57 PM";"February 20, 2026 7:11:07 PM";;Ended OK;Export Fournisseur (Delta);;Job;No;1;No;CTMSRV;FINXXX_J11GEN_06_Q;EXPLOITATION;ldkfinp01;M_L_FIN12;3mkrk
FIN-FINANCE;FINXXX_J11GEN_06_Q;FINXXX_J11GEN_06_MOV01_Q;"February 20, 2026";"February 20, 2026 7:11:07 PM";"February 20, 2026 7:11:20 PM";;Ended OK;FINANCE : Move le flux FOURNISSEURS_*DELTA* vers EAI;MOV_OUT_Generique_DKA.ksh;Job;No;1;No;CTMSRV;FINXXX_J11GEN_06_Q;opfinbac;ldkfinp01;M_L_FIN12;3mkrl
FIN-FINANCE;FINXXX_J11GEN_06_Q;FINXXX_J11GEN_06_Q;"February 20, 2026";"February 20, 2026 7:00:57 PM";"February 20, 2026 7:11:21 PM";;Ended OK;FINANCE : Export Fournisseur (Delta);;SMART Table;No;1;No;CTMSRV;FINXXX_J11GEN_06_Q;opfinbac;ldkctmp50;;3mkrj
FIN-FINANCE;FINXXX_J11INT_05_Q;FINXXX_J11INT_05_IMP01_Q;"February 20, 2026";"February 20, 2026 7:11:21 PM";"February 20, 2026 7:28:41 PM";;Ended OK;Import factures AP;;Job;No;1;No;CTMSRV;FINXXX_J11INT_05_Q;EXPLOITATION;ldkfinp01;M_L_FIN12;3mlde
FIN-FINANCE;FINXXX_J11INT_05_Q;FINXXX_J11INT_05_Q;"February 20, 2026";"February 20, 2026 7:00:57 PM";"February 20, 2026 7:28:41 PM";;Ended OK;FINANCE : Import factures AP;;SMART Table;No;1;No;CTMSRV;FINXXX_J11INT_05_Q;opfinbac;ldkctmp50;;3mldd
FIN-FINANCE;FINXXX_J12INT_05_Q;FINXXX_J12INT_05_IMP01_Q;"February 20, 2026";"February 20, 2026 8:00:00 PM";"February 20, 2026 8:01:34 PM";;Ended OK;Importation des donnees GL_INTERFACE;;Job;No;1;No;CTMSRV;FINXXX_J12INT_05_Q;EXPLOITATION;ldkfinp11;M_L_FIN12;3mm1k
FIN-FINANCE;FINXXX_J12INT_05_Q;FINXXX_J12INT_05_Q;"February 20, 2026";"February 20, 2026 7:00:57 PM";"February 20, 2026 8:01:35 PM";;Ended OK;FINANCE : Importation des données GL_INTERFACE;;SMART Table;No;1;No;CTMSRV;FINXXX_J12INT_05_Q;opfinbac;ldkctmp50;;3mm1j
FIN-FINANCE;FINXXX_J13INT_05_Q;FINXXX_J13INT_05_IMP01_Q;"February 20, 2026";"February 20, 2026 7:11:21 PM";"February 20, 2026 7:13:50 PM";;Ended OK;Import Factures Clients AR;;Job;No;1;No;CTMSRV;FINXXX_J13INT_05_Q;EXPLOITATION;ldkfinp11;M_L_FIN12;3mm60
FIN-FINANCE;FINXXX_J13INT_05_Q;FINXXX_J13INT_05_Q;"February 20, 2026";"February 20, 2026 7:00:57 PM";"February 20, 2026 7:13:51 PM";;Ended OK;FINANCE : Import Factures Clients AR;;SMART Table;No;1;No;CTMSRV;FINXXX_J13INT_05_Q;opfinbac;ldkctmp50;;3mm5z
FIN-FINANCE;FINXXX_J14INT_05_Q;FINXXX_J14INT_05_MOV01_Q;"February 20, 2026";"February 20, 2026 10:33:52 PM";"February 20, 2026 10:33:56 PM";;Ended OK;FINANCE : MOV du fichier MAG_DAL*.zip.;MOV_IN_Generique_DKA.ksh;Job;No;1;No;CTMSRV;FINXXX_J14INT_05_Q;opfinbac;ldkfinp11;M_L_FIN12;3mmgl
FIN-FINANCE;FINXXX_J14INT_05_Q;FINXXX_J14INT_05_MOV02_Q;"February 20, 2026";"February 20, 2026 10:37:57 PM";"February 20, 2026 10:37:59 PM";;Ended OK;FINANCE : Move du fichier aladin_tif_*  de NAS;MOV_IN_Generique_DKA.ksh;Job;No;1;No;CTMSRV;FINXXX_J14INT_05_Q;opfinbac;ldkfinp01;M_L_FIN12;3mmgj
FIN-FINANCE;FINXXX_J14INT_05_Q;FINXXX_J14INT_05_MOV03_Q;"February 20, 2026";"February 20, 2026 10:37:48 PM";"February 20, 2026 10:37:56 PM";;Ended OK;FINANCE : Move du fichier PRN01_SRC_FACTURESFOURNISSEURS_*.zip  de NAS;MOV_IN_Generique_DKA.ksh;Job;No;1;No;CTMSRV;FINXXX_J14INT_05_Q;opfinbac;ldkfinp11;M_L_FIN12;3mmgn
FIN-FINANCE;FINXXX_J14INT_05_Q;FINXXX_J14INT_05_Q;"February 20, 2026";"February 20, 2026 7:00:57 PM";"February 20, 2026 10:43:50 PM";;Ended Not OK;FINANCE : Rattachement des images XEROX/ALADIN;;SMART Table;No;1;No;CTMSRV;FINXXX_J14INT_05_Q;opfinbac;ldkctmp50;;3mmgg
FIN-FINANCE;FINXXX_J14INT_05_Q;FINXXX_J14INT_05_WRK01_Q;"February 20, 2026";"February 20, 2026 10:34:35 PM";"February 20, 2026 10:37:47 PM";;Ended OK;Rattachement des images XEROX - Tradeshift;;Job;No;1;No;CTMSRV;FINXXX_J14INT_05_Q;EXPLOITATION;ldkfinp11;M_L_FIN12;3mmgh
FIN-FINANCE;FINXXX_J14INT_05_Q;FINXXX_J14INT_05_WRK02_Q;"February 20, 2026";"February 20, 2026 10:38:06 PM";"February 20, 2026 10:43:49 PM";;Ended OK;Rattachement des images ALADIN;;Job;No;1;No;CTMSRV;FINXXX_J14INT_05_Q;EXPLOITATION;ldkfinp11;M_L_FIN12;3mmgi
FIN-FINANCE;FINXXX_J14INT_05_Q;FINXXX_J14INT_05_ZIP01_Q;"February 20, 2026";"February 20, 2026 10:33:56 PM";"February 20, 2026 10:34:35 PM";;Ended OK;FINANCE : Decompression du fichiers MAG_DAL*.zip;FINXXX_J14INT_05_ZIP01_Q.ksh;Job;No;1;No;CTMSRV;FINXXX_J14INT_05_Q;opfinbac;ldkfinp01;M_L_FIN12;3mmgm
FIN-FINANCE;FINXXX_J14INT_05_Q;FINXXX_J14INT_05_ZIP02_Q;"February 20, 2026";"February 20, 2026 10:38:00 PM";"February 20, 2026 10:38:05 PM";;Ended Not OK;FINANCE : Decompression du fichiers aladin_tif_*.zip;FINXXX_J14INT_05_ZIP02V02_Q.new.ksh;Job;No;1;No;CTMSRV;FINXXX_J14INT_05_Q;opfinbac;ldkfinp01;M_L_FIN12;3mmgk
FIN-FINANCE;FINXXX_J14INT_05_Q;FINXXX_J14INT_05_ZIP03_Q;"February 20, 2026";"February 20, 2026 10:37:57 PM";"February 20, 2026 10:38:00 PM";;Ended Not OK;FINANCE : Decompression du fichiers PRN01_SRC_FACTURESFOURNISSEURS_*.zip;FINXXX_J14INT_05_ZIP03V2_Q.ksh;Job;No;1;No;CTMSRV;FINXXX_J14INT_05_Q;opfinbac;ldkfinp11;M_L_FIN12;3mmgo
GDC-GESTION CONSIGNE;GDCREF_J11INT_05_Q;GDCREF_J11INT_05_DEL01_Q;"February 20, 2026";;;;Wait for Event;Consignes : Menage A00YH.dat suite traitement ok;GDCREF_J11INT_05_DEL00_Q.ksh;Job;No;0;No;CTMSRV;GDCREF_J11INT_05_Q;dispatch;NOTEXIST;NOTEXIST;3mkls
GDC-GESTION CONSIGNE;GDCREF_J11INT_05_Q;GDCREF_J11INT_05_DEL02_Q;"February 20, 2026";;;;Wait for Event;Consignes : Menage A00YG.dat suite traitement ok;GDCREF_J11INT_05_DEL00_Q.ksh;Job;No;0;No;CTMSRV;GDCREF_J11INT_05_Q;dispatch;NOTEXIST;NOTEXIST;3mklt
GDC-GESTION CONSIGNE;GDCREF_J11INT_05_Q;GDCREF_J11INT_05_DEL03_Q;"February 20, 2026";;;;Wait for Event;Consignes : Menage A00YA.dat suite traitement ok;GDCREF_J11INT_05_DEL00_Q.ksh;Job;No;0;No;CTMSRV;GDCREF_J11INT_05_Q;dispatch;NOTEXIST;NOTEXIST;3mklu
GDC-GESTION CONSIGNE;GDCREF_J11INT_05_Q;GDCREF_J11INT_05_DEL04_Q;"February 20, 2026";;;;Wait for Event;Consignes : Menage REFAYL.csv suite traitement ok;GDCREF_J11INT_05_DEL00_Q.ksh;Job;No;0;No;CTMSRV;GDCREF_J11INT_05_Q;dispatch;NOTEXIST;NOTEXIST;3mklv
GDC-GESTION CONSIGNE;GDCREF_J11INT_05_Q;GDCREF_J11INT_05_IMP01_Q;"February 20, 2026";;;;Wait for Event;Consignes : Integration des fichiers en provenance du referentiel appartenances;GDCREF_J11INT_05_IMP01_Q.ksh;Job;No;0;No;CTMSRV;GDCREF_J11INT_05_Q;dispatch;NOTEXIST;NOTEXIST;3mklr
GDR-GESTION DES REJETS;GDRFIN_J11GEN_06_Q;GDRFIN_J11GEN_06_EXP01_Q;"February 20, 2026";"February 20, 2026 5:30:00 PM";"February 20, 2026 5:30:06 PM";;Wait for Event;Export de l'ensemble des factures corrigees vers la PFE pour tous les types de factures à destination d'Oracle;lance_Traitement_Interne_GDR.bat;Job;No;1;Yes;CTMSRV;GDRFIN_J11GEN_06_Q;uSvcAppGDR;wdkgdrctlpa01;A_W_GDR01;3mlgy
GDR-GESTION DES REJETS;GDRFIN_J11GEN_06_Q;GDRFIN_J11GEN_06_Q;"February 20, 2026";"February 20, 2026 1:30:12 PM";;;Executing;Export des factures corrigées;;SMART Table;No;1;No;CTMSRV;GDRFIN_J11GEN_06_Q;uSvcGDR;;;3mlgx
GDR-GESTION DES REJETS;GDRFIN_J11INT_05_Q;GDRFIN_J11INT_05_IMP01_Q;"February 20, 2026";;;;Wait for Event;Integre les fichiers de type EcritureComptable GL depuis la PFE vers GDR;lance_Traitement_Interne_GDR.bat;Job;No;0;Yes;CTMSRV;GDRFIN_J11INT_05_Q;svce_cm;A_W_GDR01;A_W_GDR01;3mm43
GDR-GESTION DES REJETS;GDRFIN_J11INT_05_Q;GDRFIN_J11INT_05_IMP02_Q;"February 20, 2026";"February 20, 2026 7:45:19 PM";"February 20, 2026 7:45:26 PM";2000;Wait for Event;Integre les fichiers de type EcritureComptable GL depuis la PFE vers GDR;lance_Traitement_Interne_GDR.bat;Job;No;26;Yes;CTMSRV;GDRFIN_J11INT_05_Q;svce_cm;wdkgdrctlpa01;A_W_GDR01;3mm44
GDR-GESTION DES REJETS;GDRFIN_J11INT_05_Q;GDRFIN_J11INT_05_IMP03_Q;"February 20, 2026";;;;Wait for Event;Integre les fichiers de type Factures Client depuis la PFE vers GDR;lance_Traitement_Interne_GDR.bat;Job;No;0;Yes;CTMSRV;GDRFIN_J11INT_05_Q;svce_cm;A_W_GDR01;A_W_GDR01;3mm40
GDR-GESTION DES REJETS;GDRFIN_J11INT_05_Q;GDRFIN_J11INT_05_IMP04_Q;"February 20, 2026";"February 20, 2026 7:45:27 PM";"February 20, 2026 7:45:35 PM";2000;Wait for Event;Integre les fichiers de type Factures Client depuis la PFE vers GDR;lance_Traitement_Interne_GDR.bat;Job;No;26;Yes;CTMSRV;GDRFIN_J11INT_05_Q;svce_cm;wdkgdrctlpa01;A_W_GDR01;3mm45
GDR-GESTION DES REJETS;GDRFIN_J11INT_05_Q;GDRFIN_J11INT_05_IMP05_Q;"February 20, 2026";;;;Wait for Event;Integre les fichiers de type Factures Fournisseur depuis la PFE vers GDR;lance_Traitement_Interne_GDR.bat;Job;No;0;Yes;CTMSRV;GDRFIN_J11INT_05_Q;svce_cm;A_W_GDR01;A_W_GDR01;3mm41
GDR-GESTION DES REJETS;GDRFIN_J11INT_05_Q;GDRFIN_J11INT_05_IMP06_Q;"February 20, 2026";"February 20, 2026 7:45:11 PM";"February 20, 2026 7:45:18 PM";2000;Wait for Event;Integre les fichiers de type Factures Fournisseur depuis la PFE vers GDR;lance_Traitement_Interne_GDR.bat;Job;No;26;Yes;CTMSRV;GDRFIN_J11INT_05_Q;svce_cm;wdkgdrctlpa01;A_W_GDR01;3mm46
GDR-GESTION DES REJETS;GDRFIN_J11INT_05_Q;GDRFIN_J11INT_05_IMP07_Q;"February 20, 2026";;;;Wait for Event;Integre les fichiers de type Factures Erreur Source depuis la PFE vers GDR;lance_Traitement_Interne_GDR.bat;Job;No;0;Yes;CTMSRV;GDRFIN_J11INT_05_Q;svce_cm;A_W_GDR01;A_W_GDR01;3mm42
GDR-GESTION DES REJETS;GDRFIN_J11INT_05_Q;GDRFIN_J11INT_05_IMP08_Q;"February 20, 2026";"February 20, 2026 7:45:00 PM";"February 20, 2026 7:45:10 PM";2000;Wait for Event;Integre les fichiers de type Factures Erreur Source depuis la PFE vers GDR;lance_Traitement_Interne_GDR.bat;Job;No;26;Yes;CTMSRV;GDRFIN_J11INT_05_Q;svce_cm;wdkgdrctlpa01;A_W_GDR01;3mm47
GDR-GESTION DES REJETS;GDRFIN_J11INT_05_Q;GDRFIN_J11INT_05_Q;"February 20, 2026";"February 20, 2026 1:30:13 PM";;;Executing;Intégration des fichiers de type facture;;SMART Table;No;1;No;CTMSRV;GDRFIN_J11INT_05_Q;svce_cm;;;3mm3z
GDR-GESTION DES REJETS;GDRFIN_J11TEC_04_Q;GDRFIN_J11TEC_04_HIS01_Q;"February 20, 2026";"February 20, 2026 9:22:20 PM";"February 20, 2026 9:22:25 PM";;Ended Not OK;FINANCE : Requete  ST factures;lance_Traitement_Interne_GDR.bat;Job;No;1;No;CTMSRV;GDRFIN_J11TEC_04_Q;svce_cm;wdkgdrctlpa01;A_W_GDR01;3mlab
GDR-GESTION DES REJETS;GDRFIN_J11TEC_04_Q;GDRFIN_J11TEC_04_Q;"February 20, 2026";"February 20, 2026 1:30:12 PM";"February 20, 2026 9:22:26 PM";2200;Ended Not OK;FINANCE : Chargement factures Xerox;;SMART Table;No;1;No;CTMSRV;GDRFIN_J11TEC_04_Q;svce_cm;ldkctmp50;;3mlaa
GDR-GESTION DES REJETS;GDRFIN_J12GEN_06_Q;GDRFIN_J12GEN_06_EXP01_Q;"February 20, 2026";"February 21, 2026 7:00:00 AM";"February 21, 2026 7:00:00 AM";;Ended OK;Extraction des exports de syntheses effectuee la veille par les utilisateurs GDR;lance_Traitement_Interne_GDR.bat;Dummy;No;1;No;CTMSRV;GDRFIN_J12GEN_06_Q;uSvcAppGDR;;A_W_GDR01;3mlvx
GDR-GESTION DES REJETS;GDRFIN_J12GEN_06_Q;GDRFIN_J12GEN_06_Q;"February 20, 2026";"February 20, 2026 1:30:13 PM";"February 21, 2026 7:00:00 AM";;Ended OK;Extraction des exports de synthese;;SMART Table;No;1;No;CTMSRV;GDRFIN_J12GEN_06_Q;uSvcGDR;ldkctmp50;;3mlvw
GDR-GESTION DES REJETS;GDRFIN_J15TEC_04_Q;GDRFIN_J15INT_05_HIS02_Q;"February 20, 2026";"February 20, 2026 6:46:40 PM";"February 20, 2026 6:46:42 PM";;Ended Not OK;FINANCE : Requete  ST fournisseurs midi;lance_Traitement_Interne_GDR.bat;Job;No;1;No;CTMSRV;GDRFIN_J15TEC_04_Q;svce_cm;wdkgdrctlpa01;A_W_GDR01;3mln3
GDR-GESTION DES REJETS;GDRFIN_J15TEC_04_Q;GDRFIN_J15TEC_04_HIS01_Q;"February 20, 2026";"February 20, 2026 5:45:00 PM";"February 20, 2026 5:45:00 PM";;Ended OK;FINANCE : Requete  ST fournisseurs soir;lance_Traitement_Interne_GDR.bat;Job;No;1;No;CTMSRV;GDRFIN_J15TEC_04_Q;svce_cm;wdkgdrctlpa01;A_W_GDR01;3mln2
GDR-GESTION DES REJETS;GDRFIN_J15TEC_04_Q;GDRFIN_J15TEC_04_Q;"February 20, 2026";"February 20, 2026 1:30:12 PM";"February 20, 2026 6:46:42 PM";;Ended Not OK;FINANCE : Interface d'import des fournisseurs dans Oracle;;SMART Table;No;1;No;CTMSRV;GDRFIN_J15TEC_04_Q;svce_cm;ldkctmp50;;3mln1
GDR-GESTION DES REJETS;GDRFIN_J18TEC_04_Q;GDRFIN_J18INT_05_HIS02_Q;"February 20, 2026";"February 20, 2026 6:46:39 PM";"February 20, 2026 6:46:41 PM";;Ended Not OK;FINANCE : Requete  ST reception midi;lance_Traitement_Interne_GDR.bat;Job;No;1;No;CTMSRV;GDRFIN_J18TEC_04_Q;svce_cm;wdkgdrctlpa01;A_W_GDR01;3mkdb
GDR-GESTION DES REJETS;GDRFIN_J18TEC_04_Q;GDRFIN_J18TEC_04_HIS01_Q;"February 20, 2026";"February 20, 2026 7:52:41 PM";"February 20, 2026 7:52:43 PM";;Ended Not OK;FINANCE : Requete  ST reception soir;lance_Traitement_Interne_GDR.bat;Job;No;1;No;CTMSRV;GDRFIN_J18TEC_04_Q;svce_cm;wdkgdrctlpa01;A_W_GDR01;3mkda
GDR-GESTION DES REJETS;GDRFIN_J18TEC_04_Q;GDRFIN_J18TEC_04_Q;"February 20, 2026";"February 20, 2026 1:30:13 PM";"February 20, 2026 7:52:44 PM";;Ended Not OK;FINANCE : Interface d'import des réceptions;;SMART Table;No;1;No;CTMSRV;GDRFIN_J18TEC_04_Q;svce_cm;ldkctmp50;;3mkd9
GDR-GESTION DES REJETS;GDRFIN_J19TEC_04_Q;GDRFIN_J19TEC_04_HIS01_Q;"February 20, 2026";"February 20, 2026 9:24:27 PM";"February 20, 2026 9:24:29 PM";;Ended Not OK;FINANCE : Requete  ST deblocage facture;lance_Traitement_Interne_GDR.bat;Job;No;1;No;CTMSRV;GDRFIN_J19TEC_04_Q;svce_cm;wdkgdrctlpa01;A_W_GDR01;3mmir
GDR-GESTION DES REJETS;GDRFIN_J19TEC_04_Q;GDRFIN_J19TEC_04_Q;"February 20, 2026";"February 20, 2026 1:30:13 PM";"February 20, 2026 9:24:30 PM";;Ended Not OK;FINANCE : Import des codes de déblocage facture depuis iValua;;SMART Table;No;1;No;CTMSRV;GDRFIN_J19TEC_04_Q;svce_cm;ldkctmp50;;3mmiq
GDR-GESTION DES REJETS;GDRGDR_J11TRT_04_Q;GDRGDR_J11TRT_04_Q;"February 20, 2026";"February 20, 2026 1:30:13 PM";"February 20, 2026 2:30:10 PM";;Ended OK;Listing des factures restantes à corriger;;SMART Table;No;1;No;CTMSRV;GDRGDR_J11TRT_04_Q;uSvcGDR;ldkctmp50;;3mlzx
GDR-GESTION DES REJETS;GDRGDR_J11TRT_04_Q;GDRGDR_J11TRT_04_WRK02_Q;"February 20, 2026";"February 20, 2026 2:30:00 PM";"February 20, 2026 2:30:09 PM";;Ended OK;Liste dans un fichier csv les factures restantes à corriger pour chaque région (apres midi);lance_Traitement_Interne_GDR.bat;Job;No;1;No;CTMSRV;GDRGDR_J11TRT_04_Q;uSvcAppGDR;wdkgdrctlpa01;A_W_GDR01;3mlzy
HEC-HERCULE CHIFFRAG;HECCID_J11INT_05_Q;HECCID_J11INT_05_CPY01_Q;"February 20, 2026";"February 21, 2026 4:00:26 AM";"February 21, 2026 4:00:27 AM";;Ended OK;Copie fichierliens Code D-clients de PFE vers repertoire donnees entrantes HERCULE CHIFFRAGE;Copy_EAI_HEC.bat;Job;No;1;No;CTMSRV;HECCID_J11INT_05_Q;svce_cm;wdkhecp11;A_W_HEC11;3mld7
HEC-HERCULE CHIFFRAG;HECCID_J11INT_05_Q;HECCID_J11INT_05_FWT01_Q;"February 20, 2026";"February 21, 2026 3:00:15 AM";"February 21, 2026 3:00:19 AM";;Ended OK;HERCULE Scrutation du fichier LienPartenaireProjet_yyyyMMdd.csv sur PFE;FileWatcher.bat;Job;No;1;No;CTMSRV;HECCID_J11INT_05_Q;svce_cm;wdkhecp11;A_W_HEC11;3mld6
HEC-HERCULE CHIFFRAG;HECCID_J11INT_05_Q;HECCID_J11INT_05_IMP01_Q;"February 20, 2026";"February 21, 2026 4:00:28 AM";"February 21, 2026 4:12:58 AM";;Ended OK;Integration donnees du fichier lien code D client dans l'application HERCULE CHIFFRAGE;lance_Traitement_Interne.bat;Job;No;1;No;CTMSRV;HECCID_J11INT_05_Q;uSvcHEC-p;wdkhecp11;A_W_HEC11;3mld8
HEC-HERCULE CHIFFRAG;HECCID_J12INT_05_Q;HECCID_J12INT_05_CPY01_Q;"February 20, 2026";"February 21, 2026 3:00:06 AM";"February 21, 2026 3:00:08 AM";;Wait for Event;Copie fichier zip  PELFACTURE de PFE vers repertoire donnees entrantes PELFACTURE;Copy_EAI_HEC.bat;Job;No;1;Yes;CTMSRV;HECCID_J12INT_05_Q;svce_cm;wdkhecp11;A_W_HEC11;3mm3p
HEC-HERCULE CHIFFRAG;HECCID_J12INT_05_Q;HECCID_J12INT_05_FWT01_Q;"February 20, 2026";"February 21, 2026 7:30:36 AM";;;Executing;HERCULE Scrutation du fichier zip  DONNEECID sur PFE;FileWatcher.bat;Job;No;6;Yes;CTMSRV;HECCID_J12INT_05_Q;svce_cm;wdkhecp11;A_W_HEC11;3mm3o
HEC-HERCULE CHIFFRAG;HECCID_J12INT_05_Q;HECCID_J12INT_05_IMP01_Q;"February 20, 2026";"February 21, 2026 3:00:15 AM";"February 21, 2026 3:00:29 AM";;Wait for Event;Integration donnees du fichier PELFACTURE dans l'application PELFACTURE;lance_Traitement_Interne.bat;Job;No;1;Yes;CTMSRV;HECCID_J12INT_05_Q;uSvcHEC-p;wdkhecp11;A_W_HEC11;3mm3q
HEC-HERCULE CHIFFRAG;HECCIT_J11INT_05_Q;HECCIT_J11INT_05_CPY01_Q;"February 20, 2026";"February 21, 2026 3:00:17 AM";"February 21, 2026 3:00:19 AM";;Ended OK;Copie fichierliens factures travaux de PFE vers repertoire donnees entrantes HERCULE CHIFFRAGE;Copy_EAI_HEC.bat;Job;No;1;No;CTMSRV;HECCIT_J11INT_05_Q;svce_cm;wdkhecp11;A_W_HEC11;3mkr9
HEC-HERCULE CHIFFRAG;HECCIT_J11INT_05_Q;HECCIT_J11INT_05_FWT01_Q;"February 20, 2026";"February 21, 2026 3:00:15 AM";"February 21, 2026 3:00:17 AM";;Ended OK;HERCULE Scrutation du fichier CITY_FACTURE_yyyymmdd.xml sur PFE;FileWatcher.bat;Job;No;1;No;CTMSRV;HECCIT_J11INT_05_Q;svce_cm;wdkhecp11;A_W_HEC11;3mkr8
HEC-HERCULE CHIFFRAG;HECCIT_J11INT_05_Q;HECCIT_J11INT_05_IMP01_Q;"February 20, 2026";"February 21, 2026 3:00:20 AM";"February 21, 2026 3:01:13 AM";;Ended OK;Integration donnees du fichier CITY_FACTURE dans l'application HERCULE CHIFFRAGE;lance_Traitement_Interne.bat;Job;No;1;No;CTMSRV;HECCIT_J11INT_05_Q;uSvcHEC-p;wdkhecp11;A_W_HEC11;3mkra
HEC-HERCULE CHIFFRAG;HECDTR_J11GEN_05_Q;HECDTR_J11GEN_05_EXP01_Q;"February 20, 2026";"February 20, 2026 7:00:00 PM";"February 20, 2026 7:00:08 PM";;Ended OK;HEC : Generation applicative;lance_Traitement_Interne.bat;Job;No;1;No;CTMSRV;HECDTR_J11GEN_05_Q;uSvcHEC-p;wdkhecp11;A_W_HEC11;3mkcf
HEC-HERCULE CHIFFRAG;HECDTR_J11GEN_05_Q;HECDTR_J11GEN_05_MOV01_Q;"February 20, 2026";"February 20, 2026 7:00:09 PM";"February 20, 2026 7:00:10 PM";;Ended OK;HERCULE : Transfert du fichier HER01_*.csv vers PFE;MOV_Generique_DKA.bat;Job;No;1;No;CTMSRV;HECDTR_J11GEN_05_Q;svce_cm;wdkhecp11;A_W_HEC11;3mkcg
HEC-HERCULE CHIFFRAG;HECDTR_J11GEN_05_Q;HECDTR_J11GEN_05_Q;"February 20, 2026";"February 20, 2026 1:30:13 PM";"February 20, 2026 7:00:11 PM";;Ended OK;HERCULE : Export des Donnees DTR;;SMART Table;No;1;No;CTMSRV;HECDTR_J11GEN_05_Q;;ldkctmp50;;3mkce
HEC-HERCULE CHIFFRAG;HECEXT_J11INT_05_Q;HECEXT_J11INT_05_CPY01_Q;"February 20, 2026";;;;Wait for Event;Copie fichier recouvrement de PFE vers repertoire donnees entrantes HERCULE CHIFFRAGE;Copy_EAI_HEC.bat;Job;No;0;No;CTMSRV;HECEXT_J11INT_05_Q;svce_cm;A_W_HEC11;A_W_HEC11;3mkdq
HEC-HERCULE CHIFFRAG;HECEXT_J11INT_05_Q;HECEXT_J11INT_05_FWT01_Q;"February 20, 2026";"February 21, 2026 3:00:16 AM";"February 21, 2026 4:00:25 AM";;Ended Not OK;HERCULE Scrutation du fichier dalkia_syrushercule_yyyyMMdd.csv sur PFE;FileWatcher.bat;Job;No;1;No;CTMSRV;HECEXT_J11INT_05_Q;svce_cm;wdkhecp11;A_W_HEC11;3mkdp
HEC-HERCULE CHIFFRAG;HECEXT_J11INT_05_Q;HECEXT_J11INT_05_IMP01_Q;"February 20, 2026";;;;Wait for Event;Integration donnees du fichier Recouvrement dans l'application HERCULE CHIFFRAGE;lance_Traitement_Interne.bat;Job;No;0;No;CTMSRV;HECEXT_J11INT_05_Q;uSvcHEC-p;A_W_HEC11;A_W_HEC11;3mkdr
HEC-HERCULE CHIFFRAG;HECFIN_J11FLX_07_Q ;HECFIN_J11FLX_07_MOV01_Q;"February 20, 2026";"February 21, 2026 1:02:59 AM";"February 21, 2026 1:03:05 AM";;Ended OK;PFE : Job de déplacement de l'archive vers HEC;MOV_Generique_DKA.bat;Job;No;1;No;CTMSRV;HECFIN_J11FLX_07_Q ;svce_cm;wdkhecp11;A_W_HEC11;3mm6w
HEC-HERCULE CHIFFRAG;HECFIN_J12INT_05_Q;HECFIN_J12INT_05_MOV01_Q;"February 20, 2026";"February 20, 2026 7:52:53 PM";"February 20, 2026 7:52:58 PM";;Ended OK;HERCULE : Transfert du fichier ENCAISSEMENTS_CLIENTS_*.csv vers HEC;MOVOUT_Generique_DKA.bat;Job;No;1;No;CTMSRV;HECFIN_J12INT_05_Q;svce_cm;wdkhecp11;A_W_HEC11;3mm5c
HEC-HERCULE CHIFFRAG;HECFIN_J12INT_05_Q;HECFIN_J12INT_05_Q;"February 20, 2026";"February 20, 2026 1:30:13 PM";"February 20, 2026 7:53:34 PM";;Ended OK;;;SMART Table;No;1;No;CTMSRV;HECFIN_J12INT_05_Q;;ldkctmp50;;3mm5b
HEC-HERCULE CHIFFRAG;HECFIN_J12INT_05_Q;HECFIN_J12INT_05_WRK01_Q;"February 20, 2026";"February 20, 2026 7:52:59 PM";"February 20, 2026 7:53:33 PM";;Ended OK;HEC : Integration applicative du fichier ENCAISSEMENTS_CLIENTS_*.csv;lance_Traitement_Interne.bat;Job;No;1;No;CTMSRV;HECFIN_J12INT_05_Q;uSvcHEC-p;wdkhecp11;A_W_HEC11;3mm5d
HEC-HERCULE CHIFFRAG;HECHEC_E11STP_01_Q;HECHEC_E11STP_01_ARR01_Q;"February 20, 2026";"February 21, 2026 3:00:00 AM";"February 21, 2026 3:00:14 AM";;Ended OK;Redemarrage Hercule: STOP IIS (WDKHECP11);Start_Stop_Hercules.bat;Job;No;1;No;CTMSRV;HECHEC_E11STP_01_Q;svce_cm;wdkhecp11;A_W_HEC11;3mke5
HEC-HERCULE CHIFFRAG;HECHEC_E11STR_02_Q;HECHEC_E11STR_02_DEM01_Q;"February 20, 2026";"February 21, 2026 4:13:00 AM";"February 21, 2026 4:13:06 AM";;Ended OK;Redemarrage Hercule: START IIS (WDKHECP11);Start_Stop_Hercules.bat;Job;No;1;No;CTMSRV;HECHEC_E11STR_02_Q;svce_cm;wdkhecp11;A_W_HEC11;3mkbv
HEC-HERCULE CHIFFRAG;HECHEC_J11TEC_04_Q;HECHEC_J11TEC_04_DEB01_Q;"February 20, 2026";"February 21, 2026 3:00:15 AM";"February 21, 2026 3:00:15 AM";;Ended OK;Jalon de demarrage 03h00 de la production HERCULE CHIFFRAGE;Jalon de demarrage 03h00 HERCULE;Dummy;No;1;No;CTMSRV;HECHEC_J11TEC_04_Q;svce_cm;;;3mkf3
HEC-HERCULE CHIFFRAG;HECHEC_J11TRT_04_Q;HECHEC_J11TRT_04_LIM01_Q;"February 20, 2026";"February 21, 2026 2:00:00 AM";"February 21, 2026 2:00:00 AM";;Ended OK;Limite Horaire 0200;;Dummy;No;1;No;CTMSRV;HECHEC_J11TRT_04_Q;uSvcHEC-p;;A_W_HEC11;3mlgl
HEC-HERCULE CHIFFRAG;HECHEC_J11TRT_04_Q;HECHEC_J11TRT_04_WRK01_Q;"February 20, 2026";"February 20, 2026 11:31:39 PM";"February 20, 2026 11:33:01 PM";;Ended OK;Daily Hercule;HECHEC_J11TRT_04_WRK01_Q.bat;Job;No;1;No;CTMSRV;HECHEC_J11TRT_04_Q;uSvcHEC-p;wdkhecp11;A_W_HEC11;3mlgk
HEC-HERCULE CHIFFRAG;HECHEC_J12TEC_04_Q;HECHEC_J12TEC_04_FJA01_Q;"February 20, 2026";"February 21, 2026 4:12:59 AM";"February 21, 2026 4:12:59 AM";;Ended OK;HERCULE Fin des interfaces ENTRANTES;HERCULE Fin des interfaces ENTRANTES;Dummy;No;1;No;CTMSRV;HECHEC_J12TEC_04_Q;svce_cm;;;3mlqs
HEC-HERCULE CHIFFRAG;HECHEC_J12TRT_04_Q;HECHEC_J12TRT_04_WRK01_Q;"February 20, 2026";"February 21, 2026 1:03:08 AM";"February 21, 2026 1:12:42 AM";;Ended OK;HEC : Integration applicative;lance_Traitement_Interne.bat;Job;No;1;No;CTMSRV;HECHEC_J12TRT_04_Q;uSvcHEC-p;wdkhecp11;A_W_HEC11;3mkh5
HEC-HERCULE CHIFFRAG;HECHEC_J12TRT_04_Q;HECHEC_J12TRT_04_ZIP01_Q;"February 20, 2026";"February 21, 2026 1:03:06 AM";"February 21, 2026 1:03:07 AM";;Ended OK;HEC : unzip archive;DZIP_GEN_HEC.bat;Job;No;1;No;CTMSRV;HECHEC_J12TRT_04_Q;svce_cm;wdkhecp11;A_W_HEC11;3mkh4
KDR-KADOR;KDREXT_J11INT_05_Q;KDREXT_J11INT_05_IMP01_Q;"February 20, 2026";;;;Wait for Event;"KDR : Enrichit Societes; Etablissements et Adresses du MDM360";BATCH_Generique_DKA.ksh;Job;No;0;No;CTMSRV;KDREXT_J11INT_05_Q;dalkia-adm;A_L_MDM21;A_L_MDM21;3mm5s
KDR-KADOR;KDREXT_J11INT_05_Q;KDREXT_J11INT_05_MOV01_Q;"February 20, 2026";;;;Wait for Event;KDR : Deplacement du fichier SIRENE_Entreprise_*.csv vers KDR;MOV_IN_Generique_DKA.ksh;Job;No;0;No;CTMSRV;KDREXT_J11INT_05_Q;root;A_L_MDM21;A_L_MDM21;3mm5t
KDR-KADOR;KDREXT_J11INT_05_Q;KDREXT_J11INT_05_MOV02_Q;"February 20, 2026";;;;Wait for Event;KDR : Deplacement du fichier SIRENE_Etablissement_*.csv vers KDR;MOV_IN_Generique_DKA.ksh;Job;No;0;No;CTMSRV;KDREXT_J11INT_05_Q;root;A_L_MDM21;A_L_MDM21;3mm5u
KDR-KADOR;KDREXT_J11INT_05_Q;KDREXT_J11INT_05_Q;"February 20, 2026";"February 20, 2026 6:46:41 PM";;;Executing;"KADOR : Enrichit Societes; Etablissements et Adresses du MDM360";;SMART Table;No;1;No;CTMSRV;KDREXT_J11INT_05_Q;dalkia-adm;ldkctmp50;;3mm5r
KDR-KADOR;KDREXT_J12INT_05_Q;KDREXT_J12INT_05_IMP01_Q;"February 20, 2026";"February 21, 2026 3:03:04 AM";"February 21, 2026 3:08:13 AM";;Ended OK;KDR : Process Ressource Insert;BATCH_Generique_DKA.ksh;Job;No;1;No;CTMSRV;KDREXT_J12INT_05_Q;dalkia-adm;ldkmdmp21;A_L_MDM21;3mlpo
KDR-KADOR;KDREXT_J12INT_05_Q;KDREXT_J12INT_05_MOV01_Q;"February 20, 2026";"February 21, 2026 3:03:03 AM";"February 21, 2026 3:03:04 AM";;Ended OK;KDR : Deplacement du fichier *.zip vers KDR;MOV_IN_Generique_DKA.ksh;Job;No;1;No;CTMSRV;KDREXT_J12INT_05_Q;root;ldkmdmp21;A_L_MDM21;3mlpp
KDR-KADOR;KDREXT_J12INT_05_Q;KDREXT_J12INT_05_Q;"February 20, 2026";"February 21, 2026 3:03:03 AM";"February 21, 2026 3:08:14 AM";;Ended OK;KADOR : Process Ressource Insert;;SMART Table;No;1;No;CTMSRV;KDREXT_J12INT_05_Q;dalkia-adm;ldkctmp50;;3mlpn
KDR-KADOR;KDREXT_J13INT_05_Q;KDREXT_J13INT_05_IMP01_Q;"February 20, 2026";"February 21, 2026 12:43:01 AM";"February 21, 2026 12:43:07 AM";;Ended OK;KDR - JDV : Import du fichier de JEUXDEVALEURS;executeBatchImportGXPLOV.sh;Job;No;1;No;CTMSRV;KDREXT_J13INT_05_Q;dalkia-adm;ldkmdmp21;A_L_MDM21;3mlsz
KDR-KADOR;KDREXT_J13INT_05_Q;KDREXT_J13INT_05_MOV01_Q;"February 20, 2026";"February 21, 2026 12:43:00 AM";"February 21, 2026 12:43:01 AM";;Ended OK;KDR - JDV : Deplacement du fichier *.ZIP vers KDR;MOV_IN_DKA.ksh;Job;No;1;No;CTMSRV;KDREXT_J13INT_05_Q;dalkia-adm;ldkmdmp21;A_L_MDM21;3mlsy
KDR-KADOR;KDRKDR_J11TRT_04_Q;KDRKDR_J11TRT_04_MOV01_Q;"February 20, 2026";"February 20, 2026 11:32:49 PM";"February 20, 2026 11:32:50 PM";;Ended OK;Transfert du zip des donnees FULL FINANCE vers NAS PFE (TEMP);MOV_OUT_Generique_DKA.ksh;Job;No;1;No;CTMSRV;KDRKDR_J11TRT_04_Q;root;ldkmdmp21;A_L_MDM21;3mkq4
KDR-KADOR;KDRKDR_J11TRT_04_Q;KDRKDR_J11TRT_04_MOV02_Q;"February 20, 2026";"February 20, 2026 11:32:51 PM";"February 20, 2026 11:32:52 PM";;Ended OK;Transfert du zip des donnees FULL FINANCE vers NAS PFE;;Command;No;1;No;CTMSRV;KDRKDR_J11TRT_04_Q;root;ldkmdmp21;A_L_MDM21;3mkq5
KDR-KADOR;KDRKDR_J11TRT_04_Q;KDRKDR_J11TRT_04_Q;"February 20, 2026";"February 20, 2026 11:30:00 PM";"February 20, 2026 11:32:52 PM";;Ended OK;KDR : Bascule Statut Objet;;SMART Table;No;1;No;CTMSRV;KDRKDR_J11TRT_04_Q;infadm;ldkctmp50;;3mkq1
KDR-KADOR;KDRKDR_J11TRT_04_Q;KDRKDR_J11TRT_04_WRK01_Q;"February 20, 2026";"February 20, 2026 11:30:00 PM";"February 20, 2026 11:31:38 PM";;Ended OK;Bascule Statut Objet;BATCH_Generique_DKA.ksh;Job;No;1;No;CTMSRV;KDRKDR_J11TRT_04_Q;dalkia-adm;ldkmdmp21;A_L_MDM21;3mkq2
KDR-KADOR;KDRKDR_J11TRT_04_Q;KDRKDR_J11TRT_04_WRK02_Q;"February 20, 2026";"February 20, 2026 11:31:39 PM";"February 20, 2026 11:32:48 PM";;Ended OK;Export full finance;BATCH_Generique_DKA.ksh;Job;No;1;No;CTMSRV;KDRKDR_J11TRT_04_Q;dalkia-adm;ldkmdmp21;A_L_MDM21;3mkq3
KDR-KADOR;KDRKDR_J16TRT_04_Q;KDRKDR_J16TRT_04_EXP01_Q;"February 20, 2026";"February 21, 2026 12:30:00 AM";"February 21, 2026 12:30:27 AM";;Ended OK;Export full RH;BATCH_Generique_DKA.ksh;Job;No;1;No;CTMSRV;KDRKDR_J16TRT_04_Q;dalkia-adm;ldkmdmp21;A_L_MDM21;3mkzv
KDR-KADOR;KDRKDR_J16TRT_04_Q;KDRKDR_J16TRT_04_MOV01_Q;"February 20, 2026";"February 21, 2026 12:30:28 AM";"February 21, 2026 12:30:29 AM";;Ended OK;Move des fichiers FULL RH vers le NAS;MOV_OUT_Generique_DKA.ksh;Job;No;1;No;CTMSRV;KDRKDR_J16TRT_04_Q;root;ldkmdmp21;A_L_MDM21;3mkzw
KDR-KADOR;KDRKDR_J16TRT_04_Q;KDRKDR_J16TRT_04_Q;"February 20, 2026";"February 20, 2026 11:30:00 PM";"February 21, 2026 12:30:30 AM";;Ended OK;KDR : Bascule Statut Objet;;SMART Table;No;1;No;CTMSRV;KDRKDR_J16TRT_04_Q;infadm;ldkctmp50;;3mkzs
KDR-KADOR;KDRKDR_J16TRT_04_Q;KDRKDR_J16TRT_04_WRK01_Q;"February 20, 2026";"February 20, 2026 11:30:00 PM";"February 20, 2026 11:31:26 PM";;Ended OK;Chaine CALCUL_RESSOURCE_ORGA;BATCH_Generique_DKA.ksh;Job;No;1;No;CTMSRV;KDRKDR_J16TRT_04_Q;dalkia-adm;ldkmdmp21;A_L_MDM21;3mkzt
KDR-KADOR;KDRKDR_J16TRT_04_Q;KDRKDR_J16TRT_04_WRK02_Q;"February 20, 2026";"February 21, 2026 12:30:00 AM";"February 21, 2026 12:30:21 AM";;Ended OK;Chaine DIFFUSION_RESSOURCE_ORGA;BATCH_Generique_DKA.ksh;Job;No;1;No;CTMSRV;KDRKDR_J16TRT_04_Q;dalkia-adm;ldkmdmp21;A_L_MDM21;3mkzu
KDR-KADOR;KDRXXX_J11GEN_06_Q;KDRXXX_J11GEN_06_EXP01_Q;"February 20, 2026";"February 21, 2026 12:00:00 AM";"February 21, 2026 12:00:11 AM";;Ended OK;KDR : Export XML en deltas quotidiens par objets a destination du DTR Affaire;BATCH_Generique_DKA.ksh;Job;No;1;No;CTMSRV;KDRXXX_J11GEN_06_Q;dalkia-adm;ldkmdmp21;A_L_MDM21;3ml7u
KDR-KADOR;KDRXXX_J11GEN_06_Q;KDRXXX_J11GEN_06_MOV01_Q;"February 20, 2026";"February 21, 2026 12:00:11 AM";"February 21, 2026 12:00:12 AM";;Ended OK;KDR : Move des fichiers REF02_*_AFFAIRE-Q_001_*.xml vers le NAS;MOV_OUT_Generique_DKA.ksh;Job;No;1;No;CTMSRV;KDRXXX_J11GEN_06_Q;root;ldkmdmp21;A_L_MDM21;3ml7v
KDR-KADOR;KDRXXX_J11GEN_06_Q;KDRXXX_J11GEN_06_Q;"February 20, 2026";"February 21, 2026 12:00:00 AM";"February 21, 2026 12:00:12 AM";;Ended OK;KDR : Exports a destination de PFE;;SMART Table;No;1;No;CTMSRV;KDRXXX_J11GEN_06_Q;dalkia-adm;ldkctmp50;;3ml7t
KDR-KADOR;KDRXXX_J11TEC_04_Q;KDRXXX_J11TEC_04_Q;"February 20, 2026";"February 21, 2026 12:00:00 AM";"February 21, 2026 12:00:03 AM";;Ended OK;KDR : Ajout date derniere extraction dans Libmemsym;;SMART Table;No;1;No;CTMSRV;KDRXXX_J11TEC_04_Q;infadm;ldkctmp50;;3mkrq
KDR-KADOR;KDRXXX_J11TEC_04_Q;KDRXXX_J11TEC_04_WRK01_Q;"February 20, 2026";"February 21, 2026 12:00:00 AM";"February 21, 2026 12:00:02 AM";;Ended OK;KDR : Ajout date derniere extraction dans Libmemsym;;Command;No;1;No;CTMSRV;KDRXXX_J11TEC_04_Q;controlm;ldkctmp50;SRV_PRIMAIRE;3mkrr
KDR-KADOR;KDRXXX_J11TEC_04_Q;KDRXXX_J11TEC_04_WRK02_Q;"February 20, 2026";"February 21, 2026 12:00:02 AM";"February 21, 2026 12:00:03 AM";;Ended OK;KDR : Ajout date derniere extraction dans Libmemsym;SED_libmemsym_DALKIA_KDR_libmemsym_DALKIA.ksh;Job;No;1;No;CTMSRV;KDRXXX_J11TEC_04_Q;controlm;ldkctmp50;SRV_PRIMAIRE;3mkrs
KDR-KADOR;KDRXXX_J18GEN_06_Q;KDRXXX_J18GEN_06_EXP01_Q;"February 20, 2026";"February 21, 2026 12:00:00 AM";"February 21, 2026 12:00:05 AM";;Ended OK;KDR : Export au format XML des Centres Finance modifies dans le Referentiel;BATCH_Generique_DKA.ksh;Job;No;1;No;CTMSRV;KDRXXX_J18GEN_06_Q;dalkia-adm;ldkmdmp21;A_L_MDM21;3mmop
KDR-KADOR;KDRXXX_J18GEN_06_Q;KDRXXX_J18GEN_06_MOV01_Q;"February 20, 2026";"February 21, 2026 12:00:05 AM";"February 21, 2026 12:00:07 AM";;Ended OK;KDR : Move des fichiers REF02_*_CENTRE-FINANCE-Q_001_*_*.xml vers le NAS;MOV_OUT_Generique_DKA.ksh;Job;No;1;No;CTMSRV;KDRXXX_J18GEN_06_Q;root;ldkmdmp21;A_L_MDM21;3mmoq
KDR-KADOR;KDRXXX_J18GEN_06_Q;KDRXXX_J18GEN_06_Q;"February 20, 2026";"February 21, 2026 12:00:00 AM";"February 21, 2026 12:00:08 AM";;Ended OK;;;SMART Table;No;1;No;CTMSRV;KDRXXX_J18GEN_06_Q;;ldkctmp50;;3mmoo
KDR-KADOR;KDRXXX_J19GEN_06_Q;KDRXXX_J19GEN_06_EXP01_Q;"February 20, 2026";"February 21, 2026 12:00:00 AM";"February 21, 2026 12:00:19 AM";;Ended OK;KDR : Export au format XML les Projets Finance modifies dans le Referentiel depuis une date passee en parametre;BATCH_Generique_DKA.ksh;Job;No;1;No;CTMSRV;KDRXXX_J19GEN_06_Q;dalkia-adm;ldkmdmp21;A_L_MDM21;3mm30
KDR-KADOR;KDRXXX_J19GEN_06_Q;KDRXXX_J19GEN_06_MOV01_Q;"February 20, 2026";"February 21, 2026 12:00:19 AM";"February 21, 2026 12:00:20 AM";;Ended OK;KDR : Move des fichiers REF02_*_PROJET-FINANCE-Q_001_*_*.xml vers le NAS;MOV_OUT_Generique_DKA.ksh;Job;No;1;No;CTMSRV;KDRXXX_J19GEN_06_Q;root;ldkmdmp21;A_L_MDM21;3mm31
KDR-KADOR;KDRXXX_J19GEN_06_Q;KDRXXX_J19GEN_06_Q;"February 20, 2026";"February 21, 2026 12:00:00 AM";"February 21, 2026 12:00:21 AM";;Ended OK;;;SMART Table;No;1;No;CTMSRV;KDRXXX_J19GEN_06_Q;;ldkctmp50;;3mm2z
KDR-KADOR;KDRXXX_J20GEN_06_Q;KDRXXX_J20GEN_06_EXP01_Q;"February 20, 2026";"February 21, 2026 12:00:00 AM";"February 21, 2026 12:03:04 AM";;Ended OK;KDR : Export au format XML les Taches Finance modifiees dans le Referentiel depuis une date passee en parametre;BATCH_Generique_DKA.ksh;Job;No;1;No;CTMSRV;KDRXXX_J20GEN_06_Q;dalkia-adm;ldkmdmp21;A_L_MDM21;3mllt
KDR-KADOR;KDRXXX_J20GEN_06_Q;KDRXXX_J20GEN_06_MOV01_Q;"February 20, 2026";"February 21, 2026 12:03:05 AM";"February 21, 2026 12:03:06 AM";;Ended OK;KDR : Move des fichiers REF02_*_TACHE-FINANCE-Q_001_*_*.xml vers le NAS;MOV_OUT_Generique_DKA.ksh;Job;No;1;No;CTMSRV;KDRXXX_J20GEN_06_Q;root;ldkmdmp21;A_L_MDM21;3mllu
KDR-KADOR;KDRXXX_J20GEN_06_Q;KDRXXX_J20GEN_06_Q;"February 20, 2026";"February 21, 2026 12:00:00 AM";"February 21, 2026 12:03:06 AM";;Ended OK;;;SMART Table;No;1;No;CTMSRV;KDRXXX_J20GEN_06_Q;;ldkctmp50;;3mlls
KDR-KADOR;KDRXXX_J22GEN_06_Q;KDRXXX_J22GEN_06_EXP01_Q;"February 20, 2026";"February 21, 2026 12:00:00 AM";"February 21, 2026 12:00:10 AM";;Ended OK;KDR : Export au format XML les Organisations modifiees dans le Referentiel depuis une date passee en parametre;BATCH_Generique_DKA.ksh;Job;No;1;No;CTMSRV;KDRXXX_J22GEN_06_Q;dalkia-adm;ldkmdmp21;A_L_MDM21;3mle5
KDR-KADOR;KDRXXX_J22GEN_06_Q;KDRXXX_J22GEN_06_MOV01_Q;"February 20, 2026";"February 21, 2026 12:00:10 AM";"February 21, 2026 12:00:11 AM";;Ended OK;KDR : Move des fichiers REF02_*_ORGANISATION-Q_001_*_*.xml vers le NAS;MOV_OUT_Generique_DKA.ksh;Job;No;1;No;CTMSRV;KDRXXX_J22GEN_06_Q;root;ldkmdmp21;A_L_MDM21;3mle6
KDR-KADOR;KDRXXX_J22GEN_06_Q;KDRXXX_J22GEN_06_Q;"February 20, 2026";"February 21, 2026 12:00:00 AM";"February 21, 2026 12:00:11 AM";;Ended OK;;;SMART Table;No;1;No;CTMSRV;KDRXXX_J22GEN_06_Q;;ldkctmp50;;3mle4
KDR-KADOR;KDRXXX_J23GEN_06_Q;KDRXXX_J23GEN_06_EXP01_Q;"February 20, 2026";"February 21, 2026 12:00:00 AM";"February 21, 2026 12:00:38 AM";;Ended OK;KDR : Export au format XML les Ressources modifiees dans le Referentiel depuis une date passee en parametre;BATCH_Generique_DKA.ksh;Job;No;1;No;CTMSRV;KDRXXX_J23GEN_06_Q;dalkia-adm;ldkmdmp21;A_L_MDM21;3mlup
KDR-KADOR;KDRXXX_J23GEN_06_Q;KDRXXX_J23GEN_06_MOV01_Q;"February 20, 2026";"February 21, 2026 12:00:39 AM";"February 21, 2026 12:00:40 AM";;Ended OK;KDR :  Move des fichiers REF02_*_RESSOURCE-RESTREINT-Q_001_*_*.xml vers le NAS;MOV_OUT_Generique_DKA.ksh;Job;No;1;No;CTMSRV;KDRXXX_J23GEN_06_Q;root;ldkmdmp21;A_L_MDM21;3mluo
KDR-KADOR;KDRXXX_J23GEN_06_Q;KDRXXX_J23GEN_06_MOV02_Q;"February 20, 2026";"February 21, 2026 12:00:40 AM";"February 21, 2026 12:00:41 AM";;Ended OK;KDR :  Move des fichiers REF02_*_RESSOURCE-Q_001_*_*.xml vers le NAS;MOV_OUT_Generique_DKA.ksh;Job;No;1;No;CTMSRV;KDRXXX_J23GEN_06_Q;root;ldkmdmp21;A_L_MDM21;3mluq
KDR-KADOR;KDRXXX_J23GEN_06_Q;KDRXXX_J23GEN_06_Q;"February 20, 2026";"February 21, 2026 12:00:00 AM";"February 21, 2026 12:00:41 AM";;Ended OK;;;SMART Table;No;1;No;CTMSRV;KDRXXX_J23GEN_06_Q;;ldkctmp50;;3mlun
KDR-KADOR;KDRXXX_J24GEN_06_Q;KDRXXX_J24GEN_06_EXP01_Q;"February 20, 2026";"February 21, 2026 12:00:00 AM";"February 21, 2026 12:00:08 AM";;Ended OK;KDR : Export au format XML les Jeux de Valeurs modifies dans le Referentiel depuis une date passee en parametre;BATCH_Generique_DKA.ksh;Job;No;1;No;CTMSRV;KDRXXX_J24GEN_06_Q;dalkia-adm;ldkmdmp21;A_L_MDM21;3mmks
KDR-KADOR;KDRXXX_J24GEN_06_Q;KDRXXX_J24GEN_06_MOV01_Q;"February 20, 2026";"February 21, 2026 12:00:09 AM";"February 21, 2026 12:00:10 AM";;Ended OK;KDR :  Move des fichiers REF02_*_JDV-Q_001_*_*.xml vers le NAS;MOV_OUT_Generique_DKA.ksh;Job;No;1;No;CTMSRV;KDRXXX_J24GEN_06_Q;root;ldkmdmp21;A_L_MDM21;3mmkt
KDR-KADOR;KDRXXX_J24GEN_06_Q;KDRXXX_J24GEN_06_Q;"February 20, 2026";"February 21, 2026 12:00:00 AM";"February 21, 2026 12:00:10 AM";;Ended OK;;;SMART Table;No;1;No;CTMSRV;KDRXXX_J24GEN_06_Q;;ldkctmp50;;3mmkr
KDR-KADOR;KDRXXX_J25GEN_06_Q;KDRXXX_J25GEN_06_EXP01_Q;"February 20, 2026";"February 21, 2026 12:00:00 AM";"February 21, 2026 12:00:33 AM";;Ended OK;KDR : Export CSV en FULL quotidien des transcodifications a destination du DTR Referentiel et de la plateforme d echanges;BATCH_Generique_DKA.ksh;Job;No;1;No;CTMSRV;KDRXXX_J25GEN_06_Q;dalkia-adm;ldkmdmp21;A_L_MDM21;3mm1q
KDR-KADOR;KDRXXX_J25GEN_06_Q;KDRXXX_J25GEN_06_MOV01_Q;"February 20, 2026";"February 21, 2026 12:00:34 AM";"February 21, 2026 12:00:34 AM";;Ended OK;KDR : Move des fichiers REF02_*_TRANSCO-TF-ORG*.csv vers le NAS;MOV_OUT_Generique_DKA.ksh;Job;No;1;No;CTMSRV;KDRXXX_J25GEN_06_Q;root;ldkmdmp21;A_L_MDM21;3mm1t
KDR-KADOR;KDRXXX_J25GEN_06_Q;KDRXXX_J25GEN_06_MOV02_Q;"February 20, 2026";"February 21, 2026 12:01:36 AM";"February 21, 2026 12:01:37 AM";;Ended OK;KDR : Move des fichiers REF02_*_TRANSCO-*.csv vers le NAS;MOV_OUT_Generique_DKA.ksh;Job;No;1;No;CTMSRV;KDRXXX_J25GEN_06_Q;root;ldkmdmp21;A_L_MDM21;3mm1r
KDR-KADOR;KDRXXX_J25GEN_06_Q;KDRXXX_J25GEN_06_Q;"February 20, 2026";"February 21, 2026 12:00:00 AM";"February 21, 2026 12:01:38 AM";;Ended OK;;;SMART Table;No;1;No;CTMSRV;KDRXXX_J25GEN_06_Q;;ldkctmp50;;3mm1p
KDR-KADOR;KDRXXX_J25GEN_06_Q;KDRXXX_J25GEN_06_WAI01_Q;"February 20, 2026";"February 21, 2026 12:00:35 AM";"February 21, 2026 12:01:35 AM";;Ended OK;KDR : WAIT PFE;MOV_OUT_Generique_DKA.ksh;Command;No;1;No;CTMSRV;KDRXXX_J25GEN_06_Q;root;ldkmdmp21;A_L_MDM21;3mm1s
KDR-KADOR;KDRXXX_J26GEN_06_Q;KDRXXX_J26GEN_06_PUR01_Q;"February 20, 2026";"February 21, 2026 12:03:06 AM";"February 21, 2026 12:03:07 AM";;Ended OK;KDR : Purge des exports de plus de 30 jours;PURGE_EXPORT_TRAITE.ksh;Job;No;1;No;CTMSRV;KDRXXX_J26GEN_06_Q;dalkia-adm;ldkmdmp21;A_L_MDM21;3mlg8
KDR-KADOR;KDRXXX_J26GEN_06_Q;KDRXXX_J26GEN_06_PUR02_Q;"February 20, 2026";"February 21, 2026 12:30:00 AM";;;Ended OK;"KDR : le premier du mois; génère une archive zippée; supprime tous les fichiers datant de plus de 1 semaine";manageArchives.sh;Job;No;1;No;CTMSRV;KDRXXX_J26GEN_06_Q;dalkia-adm;ldkmdmp21;A_L_MDM21;3mlg9
KDR-KADOR;KDRXXX_J26GEN_06_Q;KDRXXX_J26GEN_06_Q;"February 20, 2026";"February 20, 2026 1:30:12 PM";"February 21, 2026 12:30:01 AM";;Ended OK;;;SMART Table;No;1;No;CTMSRV;KDRXXX_J26GEN_06_Q;;ldkctmp50;;3mlg7
KDR-KADOR;SEEREF_J11INT_05_Q;SEEREF_J11INT_05_IMP01_Q;"February 20, 2026";"February 20, 2026 8:40:10 PM";"February 20, 2026 8:45:21 PM";;Ended OK;Importation des partenaires;importPartenaire.sh;Job;No;1;No;CTMSRV;SEEREF_J11INT_05_Q;dalkia-adm;ldkmdmp21;A_L_MDM21;3mkiq
KDR-KADOR;SEEREF_J11INT_05_Q;SEEREF_J11INT_05_MOV01_Q;"February 20, 2026";"February 20, 2026 8:40:09 PM";"February 20, 2026 8:40:10 PM";;Ended OK;Move du ou des fichiers SEE01_*_PARTENAIRE-* de /data/flf/shares/files/REF02/INBOUND/SEE01.C_DELTA_PARTENAIRE vers input DTR /app/echanges/kador/import/kds/partenaire/input/;MOV_IN_DKA.ksh;Job;No;1;No;CTMSRV;SEEREF_J11INT_05_Q;dalkia-adm;ldkmdmp21;A_L_MDM21;3mkip
KDR-KADOR;SEEREF_J12INT_05_Q;SEEREF_J12INT_05_IMP01_Q;"February 20, 2026";"February 20, 2026 8:40:57 PM";"February 20, 2026 8:41:03 PM";;Ended OK;Importation des societes;importSociete.sh;Job;No;1;No;CTMSRV;SEEREF_J12INT_05_Q;dalkia-adm;ldkmdmp21;A_L_MDM21;3mln9
KDR-KADOR;SEEREF_J12INT_05_Q;SEEREF_J12INT_05_MOV01_Q;"February 20, 2026";"February 20, 2026 8:40:55 PM";"February 20, 2026 8:40:56 PM";;Ended OK;Move du fichier *.zip de /data/flf/shares/files/REF02/INBOUND/SEE01.C_DELTA_SOCIETE vers input DTR /app/echanges/kador/import/kds/societe/input/;MOV_IN_DKA.ksh;Job;No;1;No;CTMSRV;SEEREF_J12INT_05_Q;dalkia-adm;ldkmdmp21;A_L_MDM21;3mln8
MBB-MOBILITE BANCAIRE;MBBEXT_J11FLX_07_Q;MBBEXT_J11FLX_07_FTP01_Q;"February 20, 2026";;;;Wait for Event;FLUX : EDF01.SG.MOBILITEBANCAIRE PFE vers MBB;MOV_Generique_DKA.bat;Job;No;0;No;CTMSRV;MBBEXT_J11FLX_07_Q;svce_cm;A_W_MBB01;A_W_MBB01;3mksp
MBB-MOBILITE BANCAIRE;MBBEXT_J11FLX_07_Q;MBBEXT_J11FLX_07_Q;"February 20, 2026";;;;Wait for Event;FLUX : EDF01.SG.MOBILITEBANCAIRE PFE vers MBB;;SMART Table;No;0;No;CTMSRV;MBBEXT_J11FLX_07_Q;svce_cm;;;3mkso
MBB-MOBILITE BANCAIRE;MBBMBB_J01INT_05_Q;MBBMBB_J01INT_05_Q;"February 20, 2026";;;;Wait for Event;INT : Integration applicative Mobilité Bancaire;;SMART Table;No;0;No;CTMSRV;MBBMBB_J01INT_05_Q;svce_cm;;;3mljo
MBB-MOBILITE BANCAIRE;MBBMBB_J01INT_05_Q;MBBMBB_J01INT_05_WRK01_Q;"February 20, 2026";;;;Wait for Event;WRK : Integration applicative Mobilité Bancaire;Dalkia.MoveBank.BatchListener.exe;Job;No;0;No;CTMSRV;MBBMBB_J01INT_05_Q;svce_cm;A_W_MBB01;A_W_MBB01;3mljp
MOS-MOS PI;MOSMOS_E21TEC_PI_Q;MOSMOS_E21TEC_PI_PUR01_Q;"February 20, 2026";"February 20, 2026 2:00:00 PM";"February 20, 2026 2:10:07 PM";;Ended OK;Purge des logs;PURGE_FICHIER.exe;Job;No;1;No;CTMSRV;MOSMOS_E21TEC_PI_Q;crtuser;wdkmosinp01;wdkmosinp01;3ml81
MOS-MOS PI;MOSMOS_E21TEC_PI_Q;MOSMOS_E21TEC_PI_Q;"February 20, 2026";"February 20, 2026 1:30:12 PM";"February 20, 2026 2:10:08 PM";;Ended OK;Chaine de purge  des logs sur le serveur WDKMOSINP01;;SMART Table;No;1;No;CTMSRV;MOSMOS_E21TEC_PI_Q;;ldkctmp50;;3ml80
NRJ-ENERGY;NRJBDM_J13GEN_06_Q;NRJBDM_J13GEN_06_CVN01_Q;"February 20, 2026";"February 20, 2026 7:26:37 PM";"February 20, 2026 7:26:37 PM";;Ended OK;NRJ Script de conversion de fichier LFLUB;killcr.sh;Dummy;No;1;No;CTMSRV;NRJBDM_J13GEN_06_Q;root;;A_L_ENE12;3mmpg
NRJ-ENERGY;NRJBDM_J13GEN_06_Q;NRJBDM_J13GEN_06_CVN02_Q;"February 20, 2026";"February 20, 2026 7:26:37 PM";"February 20, 2026 7:26:37 PM";;Ended OK;NRJ Script de conversion de fichier LR0YM;killcr.sh;Dummy;No;1;No;CTMSRV;NRJBDM_J13GEN_06_Q;root;;A_L_ENE12;3mmph
NRJ-ENERGY;NRJBDM_J13GEN_06_Q;NRJBDM_J13GEN_06_FTP03_Q;"February 20, 2026";"February 20, 2026 7:26:38 PM";"February 20, 2026 7:26:38 PM";;Ended OK;NRJ copie fichier LFLUB vers PFE;FTP_GENERIQUE.ksh;Dummy;No;1;No;CTMSRV;NRJBDM_J13GEN_06_Q;root;;A_L_PFE11;3mmpi
NRJ-ENERGY;NRJBDM_J13GEN_06_Q;NRJBDM_J13GEN_06_FTP04_Q;"February 20, 2026";"February 20, 2026 7:26:38 PM";"February 20, 2026 7:26:38 PM";;Ended OK;NRJ copie fichier LR0YM vers PFE;FTP_GENERIQUE.ksh;Dummy;No;1;No;CTMSRV;NRJBDM_J13GEN_06_Q;root;;A_L_PFE11;3mmpj
NRJ-ENERGY;NRJBDM_J13GEN_06_Q;NRJBDM_J13GEN_06_FTP05_Q;"February 20, 2026";"February 20, 2026 7:26:37 PM";"February 20, 2026 7:26:39 PM";;Ended OK;NRJ copie fichier L00YM_NF vers PFE;FTP_GENERIQUE.ksh;Job;No;1;No;CTMSRV;NRJBDM_J13GEN_06_Q;root;ldkpfep11;A_L_PFE11;3mmpk
NRJ-ENERGY;NRJBDM_J13GEN_06_Q;NRJBDM_J13GEN_06_FTP06_Q;"February 20, 2026";"February 20, 2026 7:26:37 PM";"February 20, 2026 7:26:39 PM";;Ended OK;NRJ copie fichier L00YL_NF vers PFE;FTP_GENERIQUE.ksh;Job;No;1;No;CTMSRV;NRJBDM_J13GEN_06_Q;root;ldkpfep11;A_L_PFE11;3mmpl
NRJ-ENERGY;NRJBDM_J13GEN_06_Q;NRJBDM_J13GEN_06_WRK01_Q;"February 20, 2026";"February 20, 2026 7:25:33 PM";"February 20, 2026 7:26:36 PM";;Ended OK;NRJ Interf sortante retroalim. donnees bd meteo;NRJBDM_J13GEN_06_WRK01_Q.ksh;Job;No;1;No;CTMSRV;NRJBDM_J13GEN_06_Q;dbanrj;ldkenep12;A_L_ENE12;3mmpf
NRJ-ENERGY;NRJBDM_J14GEN_06_Q;NRJBDM_J14GEN_06_WRK01_Q;"February 20, 2026";"February 20, 2026 7:00:45 PM";"February 20, 2026 7:25:32 PM";;Ended OK;SPEGYMET2 : BD meteo - traitement de nuit;U112068010.sh;Job;No;1;No;CTMSRV;NRJBDM_J14GEN_06_Q;root;ldkenep12;A_L_ENE12;3mm1e
NRJ-ENERGY;NRJCEL_J12INT_05_Q;NRJCEL_J12INT_05_FLG01_Q;"February 20, 2026";"February 20, 2026 9:04:47 PM";"February 20, 2026 9:04:47 PM";;Ended OK;Fin trait : interface entrante Quantite livree;;Dummy;No;1;No;CTMSRV;NRJCEL_J12INT_05_Q;ctmagv7;;A_L_ENE12;3mkii
NRJ-ENERGY;NRJCEL_J12INT_05_Q;NRJCEL_J12INT_05_FTP01_Q;"February 20, 2026";"February 20, 2026 9:03:00 PM";"February 20, 2026 9:03:02 PM";2300;Ended OK;NRJ Transfert du fichier DFR01_QUANTITESLIVREES_*.txt depuis PFE;FTP_MULTI_GENERIQUE.ksh;Job;No;1;No;CTMSRV;NRJCEL_J12INT_05_Q;root;ldkpfep11;A_L_PFE11;3mkij
NRJ-ENERGY;NRJCEL_J12INT_05_Q;NRJCEL_J12INT_05_LIM01_Q;"February 20, 2026";"February 20, 2026 11:05:00 PM";"February 20, 2026 11:05:00 PM";;Ended OK;NRJ : Limite horaire;;Dummy;No;1;No;CTMSRV;NRJCEL_J12INT_05_Q;root;;A_L_ENE12;3mkik
NRJ-ENERGY;NRJCEL_J12INT_05_Q;NRJCEL_J12INT_05_WRK01_Q;"February 20, 2026";"February 20, 2026 9:03:02 PM";"February 20, 2026 9:04:46 PM";2300;Ended OK;Interf entrante quantite livree;NRJCEL_J12INT_05_WRK01_Q.ksh;Job;No;1;No;CTMSRV;NRJCEL_J12INT_05_Q;dbanrj;ldkenep12;A_L_ENE12;3mkih
NRJ-ENERGY;NRJCID_J12GEN_06_Q;NRJCID_J12GEN_06_WRK01_Q;"February 20, 2026";"February 20, 2026 7:00:41 PM";"February 20, 2026 7:00:44 PM";;Ended OK;SPEGYMET1 : BD meteo - traitement de nuit;U112062010.sh;Job;No;1;No;CTMSRV;NRJCID_J12GEN_06_Q;root;ldkenep12;A_L_ENE12;3mlne
NRJ-ENERGY;NRJCRT_J11INT_05_Q;NRJCRT_J11INT_05_FTP01_Q;"February 20, 2026";"February 21, 2026 7:30:00 AM";"February 21, 2026 7:30:01 AM";;Wait for Event;NRJ : Envoi FTP des fichiers index*gaz*.csv depuis PFE;FTP_MULTI_GENERIQUE.ksh;Job;No;3;Yes;CTMSRV;NRJCRT_J11INT_05_Q;root;ldkpfep11;A_L_PFE11;3mlud
NRJ-ENERGY;NRJCRT_J11INT_05_Q;NRJCRT_J11INT_05_IMP01_Q;"February 20, 2026";"February 21, 2026 7:30:01 AM";"February 21, 2026 7:34:55 AM";;Wait for Event;NRJ : Interface sortante indexes des compteurs gaz et hors gaz pour CRT;IICRTEGY01.sh;Job;No;3;Yes;CTMSRV;NRJCRT_J11INT_05_Q;dbanrj;ldkenep12;A_L_ENE12;3mlue
NRJ-ENERGY;NRJCRT_J11INT_05_Q;NRJCRT_J11INT_05_Q;"February 20, 2026";"February 20, 2026 1:30:12 PM";;;Executing;;;SMART Table;No;1;No;CTMSRV;NRJCRT_J11INT_05_Q;;;;3mluc
NRJ-ENERGY;NRJDTR_J11GEN_06_Q;NRJDTR_J11GEN_06_EXP01_Q;"February 20, 2026";"February 20, 2026 10:38:54 PM";"February 20, 2026 10:46:42 PM";;Ended OK;Extraction data Energy vers DWHBI EAI;U112441010.sh;Job;No;1;No;CTMSRV;NRJDTR_J11GEN_06_Q;root;ldkenep12;A_L_ENE12;3mm9d
NRJ-ENERGY;NRJDTR_J11GEN_06_Q;NRJDTR_J11GEN_06_EXP02_Q;"February 20, 2026";"February 20, 2026 10:46:43 PM";"February 20, 2026 10:48:07 PM";;Ended OK;lancement IEEGYDTR01_ExportBDD;U112441020.sh;Job;No;1;No;CTMSRV;NRJDTR_J11GEN_06_Q;root;ldkenep12;A_L_ENE12;3mm9e
NRJ-ENERGY;NRJDTR_J11GEN_06_Q;NRJDTR_J11GEN_06_EXP03_Q;"February 20, 2026";"February 20, 2026 10:48:08 PM";"February 20, 2026 10:48:10 PM";;Ended OK;Transfert ftp;U503IXX900.sh;Job;No;1;No;CTMSRV;NRJDTR_J11GEN_06_Q;dbanrj;ldkenep12;A_L_ENE12;3mm9f
NRJ-ENERGY;NRJEXT_J13INT_05_Q;NRJEXT_J13INT_05_IMP01_Q;"February 20, 2026";"February 21, 2026 5:30:00 AM";"February 21, 2026 5:31:01 AM";;Ended OK;Interface : intégrations des données météo issues de Météo France;NRJEXT_J13INT_05_IMP01_Q.ksh;Job;No;1;No;CTMSRV;NRJEXT_J13INT_05_Q;dbanrj;ldkenep12;A_L_ENE12;3mkpe
NRJ-ENERGY;NRJEXT_J13INT_05_Q;NRJEXT_J13INT_05_IMP02_Q;"February 20, 2026";;;;Wait for Event;Interface : intégrations des données météo issues de Météo France;NRJEXT_J13INT_05_IMP02_Q.ksh;Job;No;0;No;CTMSRV;NRJEXT_J13INT_05_Q;dbanrj;A_L_ENE12;A_L_ENE12;3mkpf
NRJ-ENERGY;NRJEXT_J13INT_05_Q;NRJEXT_J13INT_05_IMP03_Q;"February 20, 2026";"February 20, 2026 2:30:00 PM";"February 20, 2026 2:31:10 PM";;Ended OK;Interface : intégrations des données météo issues de Météo France;NRJEXT_J13INT_05_IMP03_Q.ksh;Job;No;1;No;CTMSRV;NRJEXT_J13INT_05_Q;dbanrj;ldkenep12;A_L_ENE12;3mkpg
NRJ-ENERGY;NRJEXT_J13INT_05_Q;NRJEXT_J13INT_05_IMP04_Q;"February 20, 2026";"February 20, 2026 6:30:00 PM";"February 20, 2026 6:31:11 PM";;Ended OK;Interface : intégrations des données météo issues de Météo France;NRJEXT_J13INT_05_IMP04_Q.ksh;Job;No;1;No;CTMSRV;NRJEXT_J13INT_05_Q;dbanrj;ldkenep12;A_L_ENE12;3mkph
NRJ-ENERGY;NRJEXT_J13INT_05_Q;NRJEXT_J13INT_05_Q;"February 20, 2026";"February 20, 2026 1:30:12 PM";;;Executing;;;SMART Table;No;1;No;CTMSRV;NRJEXT_J13INT_05_Q;;;;3mkpd
NRJ-ENERGY;NRJEXT_J14INT_05_Q;NRJEXT_J14INT_05_IMP01_Q;"February 20, 2026";"February 21, 2026 1:30:00 AM";"February 21, 2026 1:30:37 AM";;Ended OK;Import TPV2_Jxxxxxxxxx_YYYYMMDD_*.csv;IIGDDEGY01.sh;Job;No;1;No;CTMSRV;NRJEXT_J14INT_05_Q;dbanrj;ldkenep12;A_L_ENE12;3mmn3
NRJ-ENERGY;NRJEXT_J14INT_05_Q;NRJEXT_J14INT_05_MOV01_Q;"February 20, 2026";"February 21, 2026 12:45:00 AM";"February 21, 2026 12:45:01 AM";0100;Ended Not OK;NRJ : Envoi FTP TPV2_Jxxxxxxxxx_YYYYMMDD_Customer.csv depuis NAS EDF vers Energy;FTP_MULTI_GENERIQUE.ksh;Job;No;4;Yes;CTMSRV;NRJEXT_J14INT_05_Q;root;ldkpfep11;A_L_PFE11;3mmn4
NRJ-ENERGY;NRJEXT_J14INT_05_Q;NRJEXT_J14INT_05_Q;"February 20, 2026";"February 20, 2026 1:30:13 PM";"February 21, 2026 1:30:38 AM";;Ended Not OK;;;SMART Table;No;1;No;CTMSRV;NRJEXT_J14INT_05_Q;;ldkctmp50;;3mmn2
NRJ-ENERGY;NRJLAK_J11GEN_06_Q;NRJLAK_J11GEN_06_EXP01_Q;"February 20, 2026";"February 20, 2026 6:00:00 PM";"February 20, 2026 6:04:05 PM";;Wait for Event;NRJ : Interface sortante des données ENERGY pour DataLAKE;IEEGYLAK01.sh;Job;No;1;Yes;CTMSRV;NRJLAK_J11GEN_06_Q;dbanrj;ldkenep12;A_L_ENE12;3ml5k
NRJ-ENERGY;NRJLAK_J11GEN_06_Q;NRJLAK_J11GEN_06_FTP01_Q;"February 20, 2026";"February 20, 2026 6:04:05 PM";"February 20, 2026 6:04:07 PM";;Wait for Event;NRJ : Envoi FTP du INDICATEURSENERGY_*.xml vers PFE;FTP_MULTI_GENERIQUE.ksh;Job;No;1;Yes;CTMSRV;NRJLAK_J11GEN_06_Q;root;ldkpfep11;A_L_PFE11;3ml5j
NRJ-ENERGY;NRJLAK_J11GEN_06_Q;NRJLAK_J11GEN_06_FTP02_Q;"February 20, 2026";"February 20, 2026 6:04:05 PM";"February 20, 2026 6:04:07 PM";;Wait for Event;NRJ : Envoi FTP du EVENEMENTSENERGY_*.xml vers PFE;FTP_MULTI_GENERIQUE.ksh;Job;No;1;Yes;CTMSRV;NRJLAK_J11GEN_06_Q;root;ldkpfep11;A_L_PFE11;3ml5l
NRJ-ENERGY;NRJLAK_J11GEN_06_Q;NRJLAK_J11GEN_06_FTP03_Q;"February 20, 2026";"February 20, 2026 6:04:05 PM";"February 20, 2026 6:04:09 PM";;Wait for Event;NRJ : Envoi FTP du INDICATEURSELEMENTENERGY_*.xml vers PFE;FTP_MULTI_GENERIQUE.ksh;Job;No;1;Yes;CTMSRV;NRJLAK_J11GEN_06_Q;root;ldkpfep11;A_L_PFE11;3ml5m
NRJ-ENERGY;NRJLAK_J11GEN_06_Q;NRJLAK_J11GEN_06_Q;"February 20, 2026";"February 20, 2026 1:30:12 PM";;;Executing;NRJ : Interface sortante des données ENERGY pour DataLAKE;;SMART Table;No;1;No;CTMSRV;NRJLAK_J11GEN_06_Q;dbanrj;;;3ml5i
NRJ-ENERGY;NRJLAK_J11GEN_06_Q;NRJLAK_J12GEN_06_Q;"February 20, 2026";"February 20, 2026 1:30:13 PM";"February 20, 2026 10:46:47 PM";;Ended OK;;;SMART Table;No;1;No;CTMSRV;NRJLAK_J12GEN_06_Q;;ldkctmp50;;3mmj0
NRJ-ENERGY;NRJLAK_J12GEN_06_Q;NRJLAK_J12GEN_06_FTP01_Q;"February 20, 2026";"February 20, 2026 10:46:43 PM";"February 20, 2026 10:46:44 PM";;Ended OK;NRJ : Envoi FTP du DATA_BRUT_LIENELEMENT_*.tar.gz vers PFE;FTP_MULTI_GENERIQUE.ksh;Job;No;1;No;CTMSRV;NRJLAK_J12GEN_06_Q;root;ldkpfep11;A_L_PFE11;3mmj1
NRJ-ENERGY;NRJLAK_J12GEN_06_Q;NRJLAK_J12GEN_06_FTP02_Q;"February 20, 2026";"February 20, 2026 10:46:43 PM";"February 20, 2026 10:46:44 PM";;Ended OK;NRJ : Envoi FTP du DATA_BRUT_PROPDATE_*.tar.gz vers PFE;FTP_MULTI_GENERIQUE.ksh;Job;No;1;No;CTMSRV;NRJLAK_J12GEN_06_Q;root;ldkpfep11;A_L_PFE11;3mmj2
NRJ-ENERGY;NRJLAK_J12GEN_06_Q;NRJLAK_J12GEN_06_MOV01_Q;"February 20, 2026";"February 20, 2026 10:46:45 PM";"February 20, 2026 10:46:46 PM";;Ended OK;NRJ : MOVE du fichier DATA_BRUT_LIENELEMENT_*.tar.gz du répertoire temporaire vers le répertoire cible;MOV_DKA.ksh;Job;No;1;No;CTMSRV;NRJLAK_J12GEN_06_Q;root;ldkpfep11;A_L_PFE11;3mmj3
NRJ-ENERGY;NRJLAK_J12GEN_06_Q;NRJLAK_J12GEN_06_MOV02_Q;"February 20, 2026";"February 20, 2026 10:46:45 PM";"February 20, 2026 10:46:46 PM";;Ended OK;NRJ : MOVE du fichier DATA_BRUT_LIENELEMENT_*.tar.gz du répertoire temporaire vers le répertoire cible;MOV_DKA.ksh;Job;No;1;No;CTMSRV;NRJLAK_J12GEN_06_Q;root;ldkpfep11;A_L_PFE11;3mmj4
NRJ-ENERGY;NRJNRJ_B11TEC_04_Q;NRJNRJ_B11TEC_04_FJA96_Q;"February 20, 2026";"February 20, 2026 7:06:17 PM";"February 20, 2026 7:06:17 PM";;Ended OK;Fin trait. Valorisation Budget NRJ;U112_BUDGET;Dummy;No;1;No;CTMSRV;NRJNRJ_B11TEC_04_Q;ctmuser;;;3mkmm
NRJ-ENERGY;NRJNRJ_B12TRT_04_Q;NRJNRJ_B12TRT_04_99999_Q;"February 20, 2026";"February 20, 2026 7:06:16 PM";"February 20, 2026 7:06:16 PM";;Ended OK;Traitement des Calcul du budget des quantites;U112510999;Dummy;No;1;No;CTMSRV;NRJNRJ_B12TRT_04_Q;root;;;3ml9j
NRJ-ENERGY;NRJNRJ_B12TRT_04_Q;NRJNRJ_B12TRT_04_CAL01_Q;"February 20, 2026";"February 20, 2026 7:00:45 PM";"February 20, 2026 7:01:59 PM";;Ended OK;SPEGYBUD3 : Calcul du budget des quantites FR03;U112510010.cmd;Job;No;1;No;CTMSRV;NRJNRJ_B12TRT_04_Q;svce_cm;wdkenep11;A_W_ENE11;3ml9n
NRJ-ENERGY;NRJNRJ_B12TRT_04_Q;NRJNRJ_B12TRT_04_CAL02_Q;"February 20, 2026";"February 20, 2026 7:00:45 PM";"February 20, 2026 7:06:15 PM";;Ended OK;SPEGYBUD3 : Calcul du budget des quantites FR02;U112510020.cmd;Job;No;1;No;CTMSRV;NRJNRJ_B12TRT_04_Q;svce_cm;wdkenep12;A_W_ENE12;3ml9k
NRJ-ENERGY;NRJNRJ_B12TRT_04_Q;NRJNRJ_B12TRT_04_CAL03_Q;"February 20, 2026";"February 20, 2026 7:00:45 PM";"February 20, 2026 7:06:15 PM";;Ended OK;SPEGYBUD3 : Calcul du budget des quantites FR12;U112510030.cmd;Job;No;1;No;CTMSRV;NRJNRJ_B12TRT_04_Q;svce_cm;wdkenep13;A_W_ENE13;3ml9l
NRJ-ENERGY;NRJNRJ_B12TRT_04_Q;NRJNRJ_B12TRT_04_CAL04_Q;"February 20, 2026";"February 20, 2026 7:00:45 PM";"February 20, 2026 7:06:15 PM";;Ended OK;SPEGYBUD3 : Calcul du budget des quantites FR13;U112510040.cmd;Job;No;1;No;CTMSRV;NRJNRJ_B12TRT_04_Q;svce_cm;wdkenep14;A_W_ENE14;3ml9m
NRJ-ENERGY;NRJNRJ_E01TEC_04_Q;NRJNRJ_E01TEC_04_STA01_Q;"February 20, 2026";"February 21, 2026 5:00:00 AM";"February 21, 2026 5:01:39 AM";;Ended Not OK;Statistiques quotidiennes Oracle sur la base dprnrj;NRJNRJ_E01TEC_04_STA01_Q.sh;Job;No;1;No;CTMSRV;NRJNRJ_E01TEC_04_Q;root;ldkenep12;A_L_ENE12;3mlj4
NRJ-ENERGY;NRJNRJ_E11STP_01_Q;NRJNRJ_E11STP_01_99999_Q;"February 20, 2026";"February 20, 2026 7:00:36 PM";"February 20, 2026 7:00:36 PM";;Ended OK;Fin : Fermeture des TP ENERGY;U112001999;Dummy;No;1;No;CTMSRV;NRJNRJ_E11STP_01_Q;ENERGY;;;3ml6o
NRJ-ENERGY;NRJNRJ_E11STP_01_Q;NRJNRJ_E11STP_01_ARR01_Q;"February 20, 2026";"February 20, 2026 7:00:00 PM";"February 20, 2026 7:00:09 PM";;Ended OK;"Arrêt du service ""SPEGYEVT7"" A_W_ENE14";stop_service.cmd;Job;No;1;No;CTMSRV;NRJNRJ_E11STP_01_Q;ENERGY;wdkenep14;A_W_ENE14;3ml6w
NRJ-ENERGY;NRJNRJ_E11STP_01_Q;NRJNRJ_E11STP_01_ARR03_Q;"February 20, 2026";"February 20, 2026 7:00:14 PM";"February 20, 2026 7:00:16 PM";;Ended OK;"Arrêt du service ""IIEAIEGY01"" A_W_ENE14";stop_service.cmd;Job;No;1;No;CTMSRV;NRJNRJ_E11STP_01_Q;ENERGY;wdkenep14;A_W_ENE14;3ml6x
NRJ-ENERGY;NRJNRJ_E11STP_01_Q;NRJNRJ_E11STP_01_ARR08_Q;"February 20, 2026";"February 20, 2026 7:00:10 PM";"February 20, 2026 7:00:13 PM";;Ended OK;Arrêt des sites ENERGY sur WDKNRJP04;STOP_SITE_ENERGY;Command;No;1;No;CTMSRV;NRJNRJ_E11STP_01_Q;svce_cm;wdkenep14;A_W_ENE14;3ml74
NRJ-ENERGY;NRJNRJ_E11STP_01_Q;NRJNRJ_E11STP_01_ARR71_Q;"February 20, 2026";"February 20, 2026 7:00:00 PM";"February 20, 2026 7:00:09 PM";;Ended OK;"Arrêt du service ""SPEGYEVT7""  A_W_ENE11";stop_service.cmd;Job;No;1;No;CTMSRV;NRJNRJ_E11STP_01_Q;ENERGY;wdkenep11;A_W_ENE11;3ml6p
NRJ-ENERGY;NRJNRJ_E11STP_01_Q;NRJNRJ_E11STP_01_ARR78_Q;"February 20, 2026";"February 20, 2026 7:00:09 PM";"February 20, 2026 7:00:12 PM";;Ended OK;Arrêt des sites ENERGY sur le seveur WDKNRJx01;STOP_SITE_ENERGY;Command;No;1;No;CTMSRV;NRJNRJ_E11STP_01_Q;svce_cm;wdkenep11;A_W_ENE11;3ml75
NRJ-ENERGY;NRJNRJ_E11STP_01_Q;NRJNRJ_E11STP_01_ARR81_Q;"February 20, 2026";"February 20, 2026 7:00:00 PM";"February 20, 2026 7:00:09 PM";;Ended OK;"Arrêt du service ""SPEGYEVT7"" A_W_ENE12";stop_service.cmd;Job;No;1;No;CTMSRV;NRJNRJ_E11STP_01_Q;ENERGY;wdkenep12;A_W_ENE12;3ml6r
NRJ-ENERGY;NRJNRJ_E11STP_01_Q;NRJNRJ_E11STP_01_ARR83_Q;"February 20, 2026";"February 20, 2026 7:00:20 PM";"February 20, 2026 7:00:26 PM";;Ended OK;"Arrêt du service ""IEEGYELT01"" A_W_ENE12";stop_service.cmd;Job;No;1;No;CTMSRV;NRJNRJ_E11STP_01_Q;ENERGY;wdkenep12;A_W_ENE12;3ml6s
NRJ-ENERGY;NRJNRJ_E11STP_01_Q;NRJNRJ_E11STP_01_ARR87_Q;"February 20, 2026";"February 20, 2026 7:00:13 PM";"February 20, 2026 7:00:19 PM";;Ended OK;"Arrêt du service ""IIEAIEGY01"" A_W_ENE12";stop_service.cmd;Job;No;1;No;CTMSRV;NRJNRJ_E11STP_01_Q;ENERGY;wdkenep12;A_W_ENE12;3ml70
NRJ-ENERGY;NRJNRJ_E11STP_01_Q;NRJNRJ_E11STP_01_ARR88_Q;"February 20, 2026";"February 20, 2026 7:00:09 PM";"February 20, 2026 7:00:12 PM";;Ended OK;Arrêt des sites ENERGY sur le seveur WDKNRJx02;STOP_SITE_ENERGY;Command;No;1;No;CTMSRV;NRJNRJ_E11STP_01_Q;svce_cm;wdkenep12;A_W_ENE12;3ml77
NRJ-ENERGY;NRJNRJ_E11STP_01_Q;NRJNRJ_E11STP_01_ARR91_Q;"February 20, 2026";"February 20, 2026 7:00:00 PM";"February 20, 2026 7:00:09 PM";;Ended OK;"Arrêt du service ""SPEGYEVT7"" A_W_ENE13";stop_service.cmd;Job;No;1;No;CTMSRV;NRJNRJ_E11STP_01_Q;ENERGY;wdkenep13;A_W_ENE13;3ml6u
NRJ-ENERGY;NRJNRJ_E11STP_01_Q;NRJNRJ_E11STP_01_ARR93_Q;"February 20, 2026";"February 20, 2026 7:00:09 PM";"February 20, 2026 7:00:12 PM";;Ended OK;Arrêt des sites ENERGY sur le seveur WDKNRJx03;STOP_SITE_ENERGY;Command;No;1;No;CTMSRV;NRJNRJ_E11STP_01_Q;svce_cm;wdkenep13;A_W_ENE13;3ml76
NRJ-ENERGY;NRJNRJ_E11STP_01_Q;NRJNRJ_E11STP_01_ARR97_Q;"February 20, 2026";"February 20, 2026 7:00:13 PM";"February 20, 2026 7:00:19 PM";;Ended OK;"Arrêt du service ""SPEGYTBT3"" A_W_ENE13";stop_service.cmd;Job;No;1;No;CTMSRV;NRJNRJ_E11STP_01_Q;ENERGY;wdkenep13;A_W_ENE13;3ml71
NRJ-ENERGY;NRJNRJ_E11STP_01_Q;NRJNRJ_E11STP_01_ARR98_Q;"February 20, 2026";"February 20, 2026 7:00:20 PM";"February 20, 2026 7:00:26 PM";;Ended OK;"Arrêt du service ""SPEGYBUD6"" A_W_ENE13";stop_service.cmd;Job;No;1;No;CTMSRV;NRJNRJ_E11STP_01_Q;ENERGY;wdkenep13;A_W_ENE13;3ml72
NRJ-ENERGY;NRJNRJ_E11STP_01_Q;NRJNRJ_E11STP_01_ARR99_Q;"February 20, 2026";"February 20, 2026 7:00:27 PM";"February 20, 2026 7:00:33 PM";;Ended OK;"Arrêt du service ""IEEGYAPI01"" A_W_ENE13";stop_service.cmd;Job;No;1;No;CTMSRV;NRJNRJ_E11STP_01_Q;ENERGY;wdkenep13;A_W_ENE13;3ml78
NRJ-ENERGY;NRJNRJ_E11STP_01_Q;NRJNRJ_E11STP_01_PUR07_Q;"February 20, 2026";"February 20, 2026 7:00:17 PM";"February 20, 2026 7:00:19 PM";;Ended OK;Purge Fichier PNG A_W_ENE14;Purge_PNG.cmd;Job;No;1;No;CTMSRV;NRJNRJ_E11STP_01_Q;ENERGY;wdkenep14;A_W_ENE14;3ml6y
NRJ-ENERGY;NRJNRJ_E11STP_01_Q;NRJNRJ_E11STP_01_PUR77_Q;"February 20, 2026";"February 20, 2026 7:00:13 PM";"February 20, 2026 7:00:15 PM";;Ended OK;Purge Fichier PNG A_W_ENE11;Purge_PNG.cmd;Job;No;1;No;CTMSRV;NRJNRJ_E11STP_01_Q;ENERGY;wdkenep11;A_W_ENE11;3ml6q
NRJ-ENERGY;NRJNRJ_E11STP_01_Q;NRJNRJ_E11STP_01_PUR87_Q;"February 20, 2026";"February 20, 2026 7:00:27 PM";"February 20, 2026 7:00:29 PM";;Ended OK;Purge Fichier PNG A_W_ENE12;Purge_PNG.cmd;Job;No;1;No;CTMSRV;NRJNRJ_E11STP_01_Q;ENERGY;wdkenep12;A_W_ENE12;3ml6t
NRJ-ENERGY;NRJNRJ_E11STP_01_Q;NRJNRJ_E11STP_01_PUR97_Q;"February 20, 2026";"February 20, 2026 7:00:33 PM";"February 20, 2026 7:00:36 PM";;Ended OK;Purge Fichier PNG A_W_ENE13;Purge_PNG.cmd;Job;No;1;No;CTMSRV;NRJNRJ_E11STP_01_Q;ENERGY;wdkenep13;A_W_ENE13;3ml6v
NRJ-ENERGY;NRJNRJ_E11STP_01_Q;NRJNRJ_E11STP_01_Q;"February 20, 2026";"February 20, 2026 1:30:13 PM";"February 20, 2026 7:00:38 PM";;Ended OK;ENERGY: stop applicatif;;SMART Table;No;1;No;CTMSRV;NRJNRJ_E11STP_01_Q;;ldkctmp50;;3ml6n
NRJ-ENERGY;NRJNRJ_E11STP_01_Q;NRJNRJ_E11STP_01_SUB01_Q;"February 20, 2026";"February 20, 2026 7:00:37 PM";"February 20, 2026 7:00:37 PM";;Ended OK;Arret des Interactifs ENERGY;Arret des Interactifs ENERGY;Dummy;No;1;No;CTMSRV;NRJNRJ_E11STP_01_Q;root;;;3ml6z
NRJ-ENERGY;NRJNRJ_E11STP_01_Q;NRJNRJ_E11STP_01_WRK01_Q;"February 20, 2026";"February 20, 2026 7:00:00 PM";"February 20, 2026 7:00:01 PM";;Ended OK;NRJ : Affectation des droits sur energy;U512010120;Command;No;1;No;CTMSRV;NRJNRJ_E11STP_01_Q;root;ldkenep12;A_L_ENE12;3ml73
NRJ-ENERGY;NRJNRJ_J11TEC_04_Q;NRJNRJ_J11TEC_04_FBA99_Q;"February 20, 2026";;;;Wait for Event;controle heure fin trait.  DPRNRJ;FIN_BATCH;Dummy;No;0;No;CTMSRV;NRJNRJ_J11TEC_04_Q;eblondez;;;3mken
NRJ-ENERGY;NRJNRJ_J11TEC_04_Q;NRJNRJ_J11TEC_04_FBV99_Q;"February 20, 2026";"February 20, 2026 1:30:13 PM";"February 20, 2026 1:30:13 PM";;Ended OK;controle heure fin trait.  DPRNRJ;FIN_BATCH_VEILLE;Dummy;No;1;No;CTMSRV;NRJNRJ_J11TEC_04_Q;eblondez;;;3mkeo
NRJ-ENERGY;NRJNRJ_J11TEC_04_Q;NRJNRJ_J11TEC_04_FIN99_Q;"February 20, 2026";;;;Wait for Event;Fin trait. NRJ;U112_FIN;Dummy;No;0;No;CTMSRV;NRJNRJ_J11TEC_04_Q;ctmuser;;;3mker
NRJ-ENERGY;NRJNRJ_J11TEC_04_Q;NRJNRJ_J11TEC_04_FJA97_Q;"February 20, 2026";"February 20, 2026 7:00:41 PM";"February 20, 2026 7:00:41 PM";;Ended OK;Fin trait. Interfaces entrantes NRJ;U112_INTERFACE_ENT;Dummy;No;1;No;CTMSRV;NRJNRJ_J11TEC_04_Q;ctmuser;;;3mkes
NRJ-ENERGY;NRJNRJ_J11TEC_04_Q;NRJNRJ_J11TEC_04_FJA98_Q;"February 20, 2026";"February 20, 2026 7:00:41 PM";"February 20, 2026 7:00:41 PM";;Ended OK;Fin trait. Interfaces sortantes NRJ;U112_INTERFACE_SOR;Dummy;No;1;No;CTMSRV;NRJNRJ_J11TEC_04_Q;ctmuser;;;3mket
NRJ-ENERGY;NRJNRJ_J11TEC_04_Q;NRJNRJ_J11TEC_04_FJA99_Q;"February 20, 2026";;;;Wait for Event;Fin trait. specifiques NRJ (hors trait harry );U112_TRAIT;Dummy;No;0;No;CTMSRV;NRJNRJ_J11TEC_04_Q;ctmuser;;;3mkeu
NRJ-ENERGY;NRJNRJ_J11TEC_04_Q;NRJNRJ_J11TEC_04_FRE99_Q;"February 20, 2026";"February 20, 2026 8:34:35 PM";"February 20, 2026 8:34:35 PM";;Ended OK;controle heure fin refer.  DPRNRJ;FIN_112430;Dummy;No;1;No;CTMSRV;NRJNRJ_J11TEC_04_Q;eblondez;;;3mkem
NRJ-ENERGY;NRJNRJ_J11TEC_04_Q;NRJNRJ_J11TEC_04_Q;"February 20, 2026";"February 20, 2026 1:30:13 PM";;;Executing;ENERGY: JALON;;SMART Table;No;1;No;CTMSRV;NRJNRJ_J11TEC_04_Q;;;;3mkel
NRJ-ENERGY;NRJNRJ_J11TEC_04_Q;NRJNRJ_J11TEC_04_SC001_Q;"February 20, 2026";"February 20, 2026 3:00:00 PM";"February 20, 2026 3:00:00 PM";;Ended OK;TEST PRESENCE COND  SC_U503I_OK;SC_U503I;Dummy;No;1;No;CTMSRV;NRJNRJ_J11TEC_04_Q;root;;;3mkep
NRJ-ENERGY;NRJNRJ_J11TEC_04_Q;NRJNRJ_J11TEC_04_SC002_Q;"February 20, 2026";"February 20, 2026 3:00:00 PM";"February 20, 2026 3:00:00 PM";;Ended OK;"NRJ; TEST PRESENCE COND  SC_U512NRJ_OK";SC_U512NRJ;Dummy;No;1;No;CTMSRV;NRJNRJ_J11TEC_04_Q;root;;;3mkeq
NRJ-ENERGY;NRJNRJ_J11TRT_04_Q;NRJNRJ_J11TRT_04_00000_Q;"February 20, 2026";;;;Wait for Event;SPEGYPMT1: calcul des previsions a long terme;U112680;Dummy;No;0;No;CTMSRV;NRJNRJ_J11TRT_04_Q;root;;;3mmka
NRJ-ENERGY;NRJNRJ_J11TRT_04_Q;NRJNRJ_J11TRT_04_99999_Q;"February 20, 2026";;;;Wait for Event;Fin chne SPEGYPMT1: calcul des previsions lg terme;U112680999;Dummy;No;0;No;CTMSRV;NRJNRJ_J11TRT_04_Q;root;;;3mmk9
NRJ-ENERGY;NRJNRJ_J11TRT_04_Q;NRJNRJ_J11TRT_04_CAL10_Q;"February 20, 2026";;;;Wait for Event;SPEGYPMT1: calcul des previsions long terme;U112680040.cmd;Job;No;0;No;CTMSRV;NRJNRJ_J11TRT_04_Q;svce_cm;A_W_ENE14;A_W_ENE14;3mmk4
NRJ-ENERGY;NRJNRJ_J11TRT_04_Q;NRJNRJ_J11TRT_04_CAL97_Q;"February 20, 2026";;;;Wait for Event;SPEGYPMT1: calcul des previsions long terme;U112680010.cmd;Job;No;0;No;CTMSRV;NRJNRJ_J11TRT_04_Q;svce_cm;A_W_ENE11;A_W_ENE11;3mmk1
NRJ-ENERGY;NRJNRJ_J11TRT_04_Q;NRJNRJ_J11TRT_04_CAL98_Q;"February 20, 2026";;;;Wait for Event;SPEGYPMT1: calcul des previsions long terme;U112680020.cmd;Job;No;0;No;CTMSRV;NRJNRJ_J11TRT_04_Q;svce_cm;A_W_ENE12;A_W_ENE12;3mmk2
NRJ-ENERGY;NRJNRJ_J11TRT_04_Q;NRJNRJ_J11TRT_04_CAL99_Q;"February 20, 2026";;;;Wait for Event;SPEGYPMT1: calcul des previsions long terme;U112680030.cmd;Job;No;0;No;CTMSRV;NRJNRJ_J11TRT_04_Q;svce_cm;A_W_ENE13;A_W_ENE13;3mmk3
NRJ-ENERGY;NRJNRJ_J11TRT_04_Q;NRJNRJ_J11TRT_04_FLG01_Q;"February 20, 2026";;;;Wait for Event;Fin chne SPEGYPMT1: calcul des previsions lg terme;U112680199;Dummy;No;0;No;CTMSRV;NRJNRJ_J11TRT_04_Q;root;;;3mmk5
NRJ-ENERGY;NRJNRJ_J11TRT_04_Q;NRJNRJ_J11TRT_04_FLG02_Q;"February 20, 2026";;;;Wait for Event;Fin chne SPEGYPMT1: calcul des previsions lg terme;U112680299;Dummy;No;0;No;CTMSRV;NRJNRJ_J11TRT_04_Q;root;;;3mmk6
NRJ-ENERGY;NRJNRJ_J11TRT_04_Q;NRJNRJ_J11TRT_04_FLG03_Q;"February 20, 2026";;;;Wait for Event;Fin chne SPEGYPMT1: calcul des previsions lg terme;U112680399;Dummy;No;0;No;CTMSRV;NRJNRJ_J11TRT_04_Q;root;;;3mmk7
NRJ-ENERGY;NRJNRJ_J11TRT_04_Q;NRJNRJ_J11TRT_04_FLG04_Q;"February 20, 2026";;;;Wait for Event;Fin chne SPEGYPMT1: calcul des previsions lg terme;U112680499;Dummy;No;0;No;CTMSRV;NRJNRJ_J11TRT_04_Q;root;;;3mmk8
NRJ-ENERGY;NRJNRJ_J12TEC_04_Q;NRJNRJ_J12TEC_04_CPY03_Q;"February 20, 2026";;;;Wait for Event;Copie fichiers IN-OUT FIN DE BATCH sur DKA_IMNORD;U512012220;Dummy;No;0;No;CTMSRV;NRJNRJ_J12TEC_04_Q;root;A_L_ENE12;A_L_ENE12;3mm50
NRJ-ENERGY;NRJNRJ_J12TEC_04_Q;NRJNRJ_J12TEC_04_DEL04_Q;"February 20, 2026";;;;Wait for Event;"delete des /index/admin/DPRNRJ/[b;c]dump/*.trc";U512012230.sh;Dummy;No;0;No;CTMSRV;NRJNRJ_J12TEC_04_Q;root;A_L_ENE12;A_L_ENE12;3mm51
NRJ-ENERGY;NRJNRJ_J12TEC_04_Q;NRJNRJ_J12TEC_04_LOG01_Q;"February 20, 2026";;;;Wait for Event;Mise A DISPO LOGS EN FIN DE BATCH sur DKA_IMNORD;U512012210;Dummy;No;0;No;CTMSRV;NRJNRJ_J12TEC_04_Q;root;A_L_ENE12;A_L_ENE12;3mm4y
NRJ-ENERGY;NRJNRJ_J12TEC_04_Q;NRJNRJ_J12TEC_04_MOV02_Q;"February 20, 2026";;;;Wait for Event;DEPLACEMENT DES FIC7* dans /index/energy/ficharry;U512012215.sh;Dummy;No;0;No;CTMSRV;NRJNRJ_J12TEC_04_Q;root;A_L_ENE12;A_L_ENE12;3mm4z
NRJ-ENERGY;NRJNRJ_J12TEC_04_Q;NRJNRJ_J12TEC_04_PUR01_Q;"February 20, 2026";;;;Wait for Event;Purge des logs apres transfert sur DKA_IMNORD;Purge_Log.sh;Job;No;0;No;CTMSRV;NRJNRJ_J12TEC_04_Q;root;A_L_ENE12;A_L_ENE12;3mm52
NRJ-ENERGY;NRJNRJ_J12TRT_04_M;NRJNRJ_J12TRT_04_CAL97_M;"February 20, 2026";"February 20, 2026 10:38:15 PM";"February 20, 2026 10:38:53 PM";;Ended OK;Execution recalcul des conso. des stocks;U112140010.cmd;Job;No;1;No;CTMSRV;NRJNRJ_J12TRT_04_M;svce_cm;wdkenep11;A_W_ENE11;3mlka
NRJ-ENERGY;NRJNRJ_J13TRT_04_H;NRJNRJ_J13TRT_04_PUR01_H;"February 20, 2026";"February 20, 2026 10:27:42 PM";"February 20, 2026 10:34:18 PM";;Ended OK;SPEGYPUR1 : Purge tables TRACE et LOG ACCESS;U112445010.sh;Job;No;1;No;CTMSRV;NRJNRJ_J13TRT_04_H;root;ldkenep12;A_L_ENE12;3ml86
NRJ-ENERGY;NRJNRJ_J13TRT_04_Q;NRJNRJ_J13TRT_04_EXP97_Q;"February 20, 2026";"February 20, 2026 7:00:41 PM";"February 20, 2026 7:33:26 PM";;Ended OK;NRJ : SPEGYEVT4 : Generation releves compteurs fictifs;U112410010.cmd;Job;No;1;No;CTMSRV;NRJNRJ_J13TRT_04_Q;svce_cm;wdkenep11;A_W_ENE11;3mm3j
NRJ-ENERGY;NRJNRJ_J14TRT_04_Q;NRJNRJ_J14TRT_04_WRK01_Q;"February 20, 2026";"February 20, 2026 7:33:27 PM";"February 20, 2026 7:44:38 PM";;Ended OK;NRJ : SPEGYEVT2 : Detection releves complets;U112420010.sh;Job;No;1;No;CTMSRV;NRJNRJ_J14TRT_04_Q;root;ldkenep12;A_L_ENE12;3mlt4
NRJ-ENERGY;NRJNRJ_J15TRT_04_Q;NRJNRJ_J15TRT_04_WRK01_Q;"February 20, 2026";"February 20, 2026 8:01:00 PM";"February 20, 2026 8:34:34 PM";;Ended OK;NRJ : SPEGYEVT3 : Detection releves manquants;U112430010.sh;Job;No;1;No;CTMSRV;NRJNRJ_J15TRT_04_Q;root;ldkenep12;A_L_ENE12;3mm9z
NRJ-ENERGY;NRJNRJ_J16TRT_04_Q;NRJNRJ_J16TRT_04_00000_Q;"February 20, 2026";"February 20, 2026 9:47:42 PM";"February 20, 2026 9:47:42 PM";;Ended OK;SPEGYTBT1 : Debut Chaine : Tableaux de bord;U112440;Dummy;No;1;No;CTMSRV;NRJNRJ_J16TRT_04_Q;root;;;3mlfq
NRJ-ENERGY;NRJNRJ_J16TRT_04_Q;NRJNRJ_J16TRT_04_99999_Q;"February 20, 2026";"February 20, 2026 10:21:47 PM";"February 20, 2026 10:21:47 PM";;Ended OK;SPEGYTBT1 : Fin de chaîne : Tableaux de bord;U112440999;Dummy;No;1;No;CTMSRV;NRJNRJ_J16TRT_04_Q;root;;;3mlfp
NRJ-ENERGY;NRJNRJ_J16TRT_04_Q;NRJNRJ_J16TRT_04_CAL10_Q;"February 20, 2026";"February 20, 2026 9:47:43 PM";"February 20, 2026 10:03:45 PM";;Ended OK;SPEGYTBT1 : Execution calcul tableaux de bord techniques FR04;U112440040.cmd;Job;No;1;No;CTMSRV;NRJNRJ_J16TRT_04_Q;DCDKETI/svce_cm;wdkenep14;A_W_ENE14;3mlfn
NRJ-ENERGY;NRJNRJ_J16TRT_04_Q;NRJNRJ_J16TRT_04_CAL97_Q;"February 20, 2026";"February 20, 2026 9:47:43 PM";"February 20, 2026 10:05:38 PM";;Ended OK;SPEGYTBT1 : Execution calcul tableaux de bord techniques;U112440010.cmd;Job;No;1;No;CTMSRV;NRJNRJ_J16TRT_04_Q;svce_cm;wdkenep11;A_W_ENE11;3mlfk
NRJ-ENERGY;NRJNRJ_J16TRT_04_Q;NRJNRJ_J16TRT_04_CAL98_Q;"February 20, 2026";"February 20, 2026 9:47:43 PM";"February 20, 2026 10:21:46 PM";;Ended OK;SPEGYTBT1 : Execution calcul tableaux de bord techniques FR02;U112440020.cmd;Job;No;1;No;CTMSRV;NRJNRJ_J16TRT_04_Q;svce_cm;wdkenep12;A_W_ENE12;3mlfl
NRJ-ENERGY;NRJNRJ_J16TRT_04_Q;NRJNRJ_J16TRT_04_CAL99_Q;"February 20, 2026";"February 20, 2026 9:47:43 PM";"February 20, 2026 10:16:51 PM";;Ended OK;SPEGYTBT1 : Execution calcul tableaux de bord techniques FR01;U112440030.cmd;Job;No;1;No;CTMSRV;NRJNRJ_J16TRT_04_Q;svce_cm;wdkenep13;A_W_ENE13;3mlfm
NRJ-ENERGY;NRJNRJ_J16TRT_04_Q;NRJNRJ_J16TRT_04_LIM01_Q;"February 20, 2026";"February 21, 2026 2:00:01 AM";"February 21, 2026 2:00:01 AM";;Ended OK;SPEGYTBT1 : limite horaire;U112440990;Dummy;No;1;No;CTMSRV;NRJNRJ_J16TRT_04_Q;root;;;3mlfo
NRJ-ENERGY;NRJNRJ_J17TRT_04_Q;NRJNRJ_J17TRT_04_00000_Q;"February 20, 2026";"February 20, 2026 10:27:42 PM";"February 20, 2026 10:27:42 PM";;Ended OK;NRJ : SPEGYINT1 : Calcul de l interessement et suivi contractuel;U112460;Dummy;No;1;No;CTMSRV;NRJNRJ_J17TRT_04_Q;root;;;3mktw
NRJ-ENERGY;NRJNRJ_J17TRT_04_Q;NRJNRJ_J17TRT_04_99999_Q;"February 20, 2026";"February 20, 2026 10:38:14 PM";"February 20, 2026 10:38:14 PM";;Ended OK;NRJ : SPEGYINT1 : Calcul de l interessement et suivi contractuel;U112460999;Dummy;No;1;No;CTMSRV;NRJNRJ_J17TRT_04_Q;root;;;3mktv
NRJ-ENERGY;NRJNRJ_J17TRT_04_Q;NRJNRJ_J17TRT_04_CAL10_Q;"February 20, 2026";"February 20, 2026 10:27:43 PM";"February 20, 2026 10:35:29 PM";;Ended OK;NRJ : SPEGYINT1 : Calcul de l interessement et suivi contractuel;U112460040.cmd;Job;No;1;No;CTMSRV;NRJNRJ_J17TRT_04_Q;svce_cm;wdkenep14;A_W_ENE14;3mktu
NRJ-ENERGY;NRJNRJ_J17TRT_04_Q;NRJNRJ_J17TRT_04_CAL97_Q;"February 20, 2026";"February 20, 2026 10:27:43 PM";"February 20, 2026 10:35:31 PM";;Ended OK;NRJ : SPEGYINT1 : Calcul de l interessement et suivi contractuel;U112460010.cmd;Job;No;1;No;CTMSRV;NRJNRJ_J17TRT_04_Q;svce_cm;wdkenep11;A_W_ENE11;3mktr
NRJ-ENERGY;NRJNRJ_J17TRT_04_Q;NRJNRJ_J17TRT_04_CAL98_Q;"February 20, 2026";"February 20, 2026 10:27:43 PM";"February 20, 2026 10:38:14 PM";;Ended OK;NRJ : SPEGYINT1 : Calcul de l interessement et suivi contractuel;U112460020.cmd;Job;No;1;No;CTMSRV;NRJNRJ_J17TRT_04_Q;svce_cm;wdkenep12;A_W_ENE12;3mkts
NRJ-ENERGY;NRJNRJ_J17TRT_04_Q;NRJNRJ_J17TRT_04_CAL99_Q;"February 20, 2026";"February 20, 2026 10:27:43 PM";"February 20, 2026 10:35:29 PM";;Ended OK;NRJ : SPEGYINT1 : Calcul de l interessement et suivi contractuel;U112460030.cmd;Job;No;1;No;CTMSRV;NRJNRJ_J17TRT_04_Q;svce_cm;wdkenep13;A_W_ENE13;3mktt
NRJ-ENERGY;NRJNRJ_J18TRT_04_Q;NRJNRJ_J18TRT_04_CPY01_Q;"February 20, 2026";"February 20, 2026 7:00:41 PM";"February 20, 2026 7:00:44 PM";;Ended OK;NRJ : SPEGYCAL1 : Recopie donnees calendrier chauffage;U112505010.sh;Job;No;1;No;CTMSRV;NRJNRJ_J18TRT_04_Q;root;ldkenep12;A_L_ENE12;3mkv7
NRJ-ENERGY;NRJNRJ_J1ETRT_04_M;NRJNRJ_J1ETRT_04_00000_M;"February 20, 2026";"February 20, 2026 8:34:48 PM";"February 20, 2026 8:34:48 PM";;Ended OK;Debut Chaine : detection des calculs des cefm;U112570;Dummy;No;1;No;CTMSRV;NRJNRJ_J1ETRT_04_M;root;;;3mkyq
NRJ-ENERGY;NRJNRJ_J1ETRT_04_M;NRJNRJ_J1ETRT_04_99999_M;"February 20, 2026";"February 20, 2026 8:40:33 PM";"February 20, 2026 8:40:33 PM";;Ended OK;Fin de channe : detection des calculs des cefm;U112570999;Dummy;No;1;No;CTMSRV;NRJNRJ_J1ETRT_04_M;root;;;3mkyp
NRJ-ENERGY;NRJNRJ_J1ETRT_04_M;NRJNRJ_J1ETRT_04_CAL01_M;"February 20, 2026";"February 20, 2026 8:34:49 PM";"February 20, 2026 8:37:39 PM";;Ended OK;SPEGYCEF3(avRC) : calculs de cefm (SPEGYCEF3.sh mode AVECRC);U112570010.sh;Job;No;1;No;CTMSRV;NRJNRJ_J1ETRT_04_M;root;ldkenep12;A_L_ENE12;3mkyn
NRJ-ENERGY;NRJNRJ_J1ETRT_04_M;NRJNRJ_J1ETRT_04_CAL02_M;"February 20, 2026";"February 20, 2026 8:37:39 PM";"February 20, 2026 8:40:32 PM";;Ended OK;SPEGYCEF4 : Detection des calculs de cefm (SPEGYCEF4);U112570020.sh;Job;No;1;No;CTMSRV;NRJNRJ_J1ETRT_04_M;root;ldkenep12;A_L_ENE12;3mkyo
NRJ-ENERGY;NRJNRJ_J1ITRT_04_Q;NRJNRJ_J1ITRT_04_00000_Q;"February 20, 2026";"February 20, 2026 10:21:48 PM";"February 20, 2026 10:21:48 PM";;Ended OK;NRJ : Debut Chaine : Tableaux de bord;U112440;Dummy;No;1;No;CTMSRV;NRJNRJ_J1ITRT_04_Q;root;;;3mkxe
NRJ-ENERGY;NRJNRJ_J1ITRT_04_Q;NRJNRJ_J1ITRT_04_99999_Q;"February 20, 2026";"February 20, 2026 10:27:41 PM";"February 20, 2026 10:27:41 PM";;Ended OK;NRJ : Fin de chaîne : Tableaux de bord;U112440999;Dummy;No;1;No;CTMSRV;NRJNRJ_J1ITRT_04_Q;root;;;3mkxd
NRJ-ENERGY;NRJNRJ_J1ITRT_04_Q;NRJNRJ_J1ITRT_04_CAL10_Q;"February 20, 2026";"February 20, 2026 10:21:49 PM";"February 20, 2026 10:26:32 PM";;Ended OK;NRJ : SPEGYTBT1 : 2eme passes calcul tableaux de bord;U112440040.cmd;Job;No;1;No;CTMSRV;NRJNRJ_J1ITRT_04_Q;svce_cm;wdkenep14;A_W_ENE14;3mkx8
NRJ-ENERGY;NRJNRJ_J1ITRT_04_Q;NRJNRJ_J1ITRT_04_CAL97_Q;"February 20, 2026";"February 20, 2026 10:21:49 PM";"February 20, 2026 10:27:39 PM";;Ended OK;NRJ : SPEGYTBT1 : 2eme passes calcul tableaux de bord;U112440010.cmd;Job;No;1;No;CTMSRV;NRJNRJ_J1ITRT_04_Q;svce_cm;wdkenep11;A_W_ENE11;3mkx5
NRJ-ENERGY;NRJNRJ_J1ITRT_04_Q;NRJNRJ_J1ITRT_04_CAL98_Q;"February 20, 2026";"February 20, 2026 10:21:49 PM";"February 20, 2026 10:26:49 PM";;Ended OK;NRJ : SPEGYTBT1 : 2eme passes calcul tableaux de bord;U112440020.cmd;Job;No;1;No;CTMSRV;NRJNRJ_J1ITRT_04_Q;svce_cm;wdkenep12;A_W_ENE12;3mkx6
NRJ-ENERGY;NRJNRJ_J1ITRT_04_Q;NRJNRJ_J1ITRT_04_CAL99_Q;"February 20, 2026";"February 20, 2026 10:21:49 PM";"February 20, 2026 10:27:37 PM";;Ended OK;NRJ : SPEGYTBT1 : 2eme passes calcul tableaux de bord;U112440030.cmd;Job;No;1;No;CTMSRV;NRJNRJ_J1ITRT_04_Q;svce_cm;wdkenep13;A_W_ENE13;3mkx7
NRJ-ENERGY;NRJNRJ_J1ITRT_04_Q;NRJNRJ_J1ITRT_04_FLG01_Q;"February 20, 2026";"February 20, 2026 10:27:38 PM";"February 20, 2026 10:27:38 PM";;Ended OK;Fin de chaîne : Tableaux de bord FR01;U112440399;Dummy;No;1;No;CTMSRV;NRJNRJ_J1ITRT_04_Q;root;;;3mkxb
NRJ-ENERGY;NRJNRJ_J1ITRT_04_Q;NRJNRJ_J1ITRT_04_FLG02_Q;"February 20, 2026";"February 20, 2026 10:26:50 PM";"February 20, 2026 10:26:50 PM";;Ended OK;Fin de chaîne : Tableaux de bord FR02;U112440299;Dummy;No;1;No;CTMSRV;NRJNRJ_J1ITRT_04_Q;root;;;3mkxa
NRJ-ENERGY;NRJNRJ_J1ITRT_04_Q;NRJNRJ_J1ITRT_04_FLG03_Q;"February 20, 2026";"February 20, 2026 10:27:40 PM";"February 20, 2026 10:27:40 PM";;Ended OK;Fin de chaîne : Tableaux de bord FR03;U112440199;Dummy;No;1;No;CTMSRV;NRJNRJ_J1ITRT_04_Q;root;;;3mkx9
NRJ-ENERGY;NRJNRJ_J1ITRT_04_Q;NRJNRJ_J1ITRT_04_FLG04_Q;"February 20, 2026";"February 20, 2026 10:26:33 PM";"February 20, 2026 10:26:33 PM";;Ended OK;Fin de chaîne : Tableaux de bord FR04;U112440499;Dummy;No;1;No;CTMSRV;NRJNRJ_J1ITRT_04_Q;root;;;3mkxc
NRJ-ENERGY;NRJNRJ_J20TRT_04_Q;NRJNRJ_J20TRT_04_WRK01_Q;"February 20, 2026";"February 20, 2026 10:58:14 PM";"February 20, 2026 10:58:24 PM";0500;Ended OK;ENERGY suppression elements jamais actives;NRJNRJ_J20TRT_04_WRK01_Q.ksh;Job;No;1;No;CTMSRV;NRJNRJ_J20TRT_04_Q;dbanrj;ldkenep12;A_L_ENE12;3mmd0
NRJ-ENERGY;NRJNRJ_J23TRT_04_Q;NRJNRJ_J23TRT_04_WRK01_Q;"February 20, 2026";"February 20, 2026 8:34:35 PM";"February 20, 2026 8:34:47 PM";;Ended OK;NRJ : SPEGYEVT9;NRJNRJ_J23TRT_04_WRK01_Q.ksh;Job;No;1;No;CTMSRV;NRJNRJ_J23TRT_04_Q;dbanrj;ldkenep12;A_L_ENE12;3mml7
NRJ-ENERGY;NRJNRJ_J24TRT_04_Q;NRJNRJ_J24TRT_04_99999_Q;"February 20, 2026";"February 20, 2026 8:53:16 PM";"February 20, 2026 8:53:16 PM";;Ended OK;NRJ : Fin de Chaine : SPEGYPBR1;Fin de chaine SPEGYPBR1;Dummy;No;1;No;CTMSRV;NRJNRJ_J24TRT_04_Q;root;;;3mlv4
NRJ-ENERGY;NRJNRJ_J24TRT_04_Q;NRJNRJ_J24TRT_04_CAL10_Q;"February 20, 2026";"February 20, 2026 8:34:48 PM";"February 20, 2026 8:53:16 PM";;Ended OK;SPEGYPBR1.exe: calcul des estimations compteur suivant base référence technique (wdknrji04);NRJNRJ_J24TRT_04_CAL10_Q.cmd;Job;No;1;No;CTMSRV;NRJNRJ_J24TRT_04_Q;svce_cm;wdkenep14;A_W_ENE14;3mlv1
NRJ-ENERGY;NRJNRJ_J24TRT_04_Q;NRJNRJ_J24TRT_04_CAL97_Q;"February 20, 2026";"February 20, 2026 8:34:48 PM";"February 20, 2026 8:52:50 PM";;Ended OK;SPEGYPBR1.exe: calcul des estimations compteur suivant base référence technique (wdknrji01);NRJNRJ_J24TRT_04_CAL97_Q.cmd;Job;No;1;No;CTMSRV;NRJNRJ_J24TRT_04_Q;svce_cm;wdkenep11;A_W_ENE11;3mlv2
NRJ-ENERGY;NRJNRJ_J24TRT_04_Q;NRJNRJ_J24TRT_04_CAL98_Q;"February 20, 2026";"February 20, 2026 8:34:48 PM";"February 20, 2026 8:53:00 PM";;Ended OK;SPEGYPBR1.exe: calcul des estimations compteur suivant base référence technique (wdknrji02);NRJNRJ_J24TRT_04_CAL98_Q.cmd;Job;No;1;No;CTMSRV;NRJNRJ_J24TRT_04_Q;svce_cm;wdkenep12;A_W_ENE12;3mlv3
NRJ-ENERGY;NRJNRJ_J24TRT_04_Q;NRJNRJ_J24TRT_04_CAL99_Q;"February 20, 2026";"February 20, 2026 8:34:48 PM";"February 20, 2026 8:52:53 PM";;Ended OK;SPEGYPBR1.exe: calcul des estimations compteur suivant base référence technique (wdknrji03);NRJNRJ_J24TRT_04_CAL99_Q.cmd;Job;No;1;No;CTMSRV;NRJNRJ_J24TRT_04_Q;svce_cm;wdkenep13;A_W_ENE13;3mlv0
NRJ-ENERGY;NRJNRJ_J24TRT_04_Q;NRJNRJ_J24TRT_04_Q;"February 20, 2026";"February 20, 2026 8:34:48 PM";"February 20, 2026 8:53:17 PM";;Ended OK;SPEGYPBR1:  calcul des estimations compteur suivant base référence technique;;SMART Table;No;1;No;CTMSRV;NRJNRJ_J24TRT_04_Q;;ldkctmp50;;3mluz
NRJ-ENERGY;NRJNRJ_J25TRT_04_Q;NRJNRJ_J25TRT_04_WRK01_Q;"February 20, 2026";"February 20, 2026 8:53:17 PM";"February 20, 2026 9:42:27 PM";;Ended OK;NRJ : Consolidation des index estimés à partir des estimations;SPEGYPBR2.sh;Job;No;1;No;CTMSRV;NRJNRJ_J25TRT_04_Q;dbanrj;ldkenep12;A_L_ENE12;3mlpi
NRJ-ENERGY;NRJNRJ_J26TRT_04_Q;NRJNRJ_J26TRT_04_99999_Q;"February 20, 2026";"February 20, 2026 9:47:41 PM";"February 20, 2026 9:47:41 PM";;Ended OK;SPEGYEVT10 : Fin de chaîne : Tableaux de bord;U112440999;Dummy;No;1;No;CTMSRV;NRJNRJ_J26TRT_04_Q;root;;;3mmmx
NRJ-ENERGY;NRJNRJ_J26TRT_04_Q;NRJNRJ_J26TRT_04_WRK01_Q;"February 20, 2026";"February 20, 2026 9:42:28 PM";"February 20, 2026 9:42:41 PM";;Ended OK;NRJ : injection automatique des données;SPEGYEVT10.exe;Job;No;1;No;CTMSRV;NRJNRJ_J26TRT_04_Q;dbanrj;wdkenep11;A_W_ENE11;3mmmt
NRJ-ENERGY;NRJNRJ_J26TRT_04_Q;NRJNRJ_J26TRT_04_WRK02_Q;"February 20, 2026";"February 20, 2026 9:42:28 PM";"February 20, 2026 9:47:40 PM";;Ended OK;NRJ : injection automatique des données;SPEGYEVT10.exe;Job;No;1;No;CTMSRV;NRJNRJ_J26TRT_04_Q;dbanrj;wdkenep13;A_W_ENE13;3mmmw
NRJ-ENERGY;NRJNRJ_J26TRT_04_Q;NRJNRJ_J26TRT_04_WRK03_Q;"February 20, 2026";"February 20, 2026 9:42:28 PM";"February 20, 2026 9:47:40 PM";;Ended OK;NRJ : injection automatique des données;SPEGYEVT10.exe;Job;No;1;No;CTMSRV;NRJNRJ_J26TRT_04_Q;dbanrj;wdkenep12;A_W_ENE12;3mmmu
NRJ-ENERGY;NRJNRJ_J26TRT_04_Q;NRJNRJ_J26TRT_04_WRK04_Q;"February 20, 2026";"February 20, 2026 9:42:28 PM";"February 20, 2026 9:47:41 PM";;Ended OK;NRJ : injection automatique des données;SPEGYEVT10.exe;Job;No;1;No;CTMSRV;NRJNRJ_J26TRT_04_Q;dbanrj;wdkenep14;A_W_ENE14;3mmmv
NRJ-ENERGY;NRJNRJ_J27TRT_04_Q;NRJNRJ_J27TRT_04_99999_Q;"February 20, 2026";"February 20, 2026 10:58:13 PM";"February 20, 2026 10:58:13 PM";;Ended OK;SPEGYEVT10 : Fin de chaîne : Tableaux de bord;U112440999;Dummy;No;1;No;CTMSRV;NRJNRJ_J27TRT_04_Q;root;;;3mkux
NRJ-ENERGY;NRJNRJ_J27TRT_04_Q;NRJNRJ_J27TRT_04_WRK01_Q;"February 20, 2026";"February 20, 2026 10:48:10 PM";"February 20, 2026 10:58:11 PM";;Ended OK;NRJ : calcul ratio réel;SPEGYCAL2.exe;Job;No;1;No;CTMSRV;NRJNRJ_J27TRT_04_Q;dbanrj;wdkenep11;A_W_ENE11;3mkut
NRJ-ENERGY;NRJNRJ_J27TRT_04_Q;NRJNRJ_J27TRT_04_WRK02_Q;"February 20, 2026";"February 20, 2026 10:48:10 PM";"February 20, 2026 10:58:13 PM";;Ended OK;NRJ :calcul ratio réel;SPEGYCAL2.exe;Job;No;1;No;CTMSRV;NRJNRJ_J27TRT_04_Q;dbanrj;wdkenep13;A_W_ENE13;3mkuw
NRJ-ENERGY;NRJNRJ_J27TRT_04_Q;NRJNRJ_J27TRT_04_WRK03_Q;"February 20, 2026";"February 20, 2026 10:48:10 PM";"February 20, 2026 10:58:12 PM";;Ended OK;NRJ : calcul ratio réel;SPEGYCAL2.exe;Job;No;1;No;CTMSRV;NRJNRJ_J27TRT_04_Q;dbanrj;wdkenep12;A_W_ENE12;3mkuu
NRJ-ENERGY;NRJNRJ_J27TRT_04_Q;NRJNRJ_J27TRT_04_WRK04_Q;"February 20, 2026";"February 20, 2026 10:48:10 PM";"February 20, 2026 10:58:13 PM";;Ended OK;NRJ : calcul ratio réel;SPEGYCAL2.exe;Job;No;1;No;CTMSRV;NRJNRJ_J27TRT_04_Q;dbanrj;wdkenep14;A_W_ENE14;3mkuv
NRJ-ENERGY;NRJNRJ_J28TRT_04_Q;NRJNRJ_J28TRT_04_WRK01_Q;"February 20, 2026";"February 21, 2026 1:30:38 AM";"February 21, 2026 1:30:40 AM";;Ended OK;NRJ : SPEGYPLA1 :  Orchestration des OT RP1 par Energy dans Orion;SPEGYPLA1.sh;Job;No;1;No;CTMSRV;NRJNRJ_J28TRT_04_Q;dbanrj;ldkenep12;A_L_ENE12;3mm3a
NRJ-ENERGY;NRJNRJ_K12SVG_03_Q;NRJNRJ_K12SVG_03_ARC01_Q;"February 20, 2026";"February 21, 2026 7:30:00 AM";"February 21, 2026 7:30:00 AM";1300;Wait for Event;Sauvegarde Archivelogs de DBONRJP1  (Base 10g) -;backup_rman_10.sh;Dummy;No;10;Yes;CTMSRV;NRJNRJ_K12SVG_03_Q;oracle;;NOTEXIST;3mler
NRJ-ENERGY;NRJNRJ_K12SVG_03_Q;NRJNRJ_K12SVG_03_AVA01_Q;"February 20, 2026";"February 21, 2026 4:00:02 AM";"February 21, 2026 4:00:02 AM";;Ended OK;Sauvegarde AVAMAR du serveur UDKNRJP01:serveur decomm depuis le 14062019;LaunchSave.sh;Dummy;No;1;No;CTMSRV;NRJNRJ_K12SVG_03_Q;root;;NOTEXIST;3mleq
NRJ-ENERGY;NRJNRJ_K12SVG_03_Q;NRJNRJ_K12SVG_03_FLG01_Q;"February 20, 2026";"February 20, 2026 7:00:39 PM";"February 20, 2026 7:00:39 PM";;Ended OK;"Fin des sauvegardes av Batch; base DPRNRJ";U512003910;Dummy;No;1;No;CTMSRV;NRJNRJ_K12SVG_03_Q;root;;;3mles
NRJ-ENERGY;NRJNRJ_K12SVG_03_Q;NRJNRJ_K12SVG_03_FLG02_Q;"February 20, 2026";"February 20, 2026 7:00:40 PM";"February 20, 2026 7:00:40 PM";;Ended OK;Fin Save av batch redemarrage  DPRNRJ;U512003919;Dummy;No;1;No;CTMSRV;NRJNRJ_K12SVG_03_Q;root;;;3mlet
NRJ-ENERGY;NRJNRJ_K12SVG_03_Q;NRJNRJ_K12SVG_03_NBU02_Q;"February 20, 2026";"February 20, 2026 7:00:38 PM";"February 20, 2026 7:00:38 PM";;Ended OK;Save NBK jour de DPRNRJ sur UDKIFP01;BackupNetbackupRemote.ksh;Dummy;No;1;No;CTMSRV;NRJNRJ_K12SVG_03_Q;root;;NOTEXIST;3mleu
NRJ-ENERGY;NRJNRJ_K12SVG_03_Q;NRJNRJ_K12SVG_03_NBU10_Q;"February 20, 2026";"February 21, 2026 12:15:01 AM";"February 21, 2026 12:15:01 AM";;Ended OK;Save Netbackup jour de DKAFR-MS100;NetbackupRemoteWinFull.ksh;Dummy;No;1;No;CTMSRV;NRJNRJ_K12SVG_03_Q;root;;NOTEXIST;3mlew
NRJ-ENERGY;NRJNRJ_K12SVG_03_Q;NRJNRJ_K12SVG_03_NBU99_Q;"February 20, 2026";"February 21, 2026 12:15:01 AM";"February 21, 2026 12:15:01 AM";;Ended OK;Save Netbackup jour de DKAFR-MS099;NetbackupRemoteWinFull.ksh;Dummy;No;1;No;CTMSRV;NRJNRJ_K12SVG_03_Q;root;;NOTEXIST;3mlev
NRJ-ENERGY;NRJNRJ_K12SVG_03_Q;NRJNRJ_K12SVG_03_RMA01_Q;"February 20, 2026";"February 21, 2026 4:00:00 AM";"February 21, 2026 4:00:00 AM";;Ended OK;Sauvegarde RMAN sur disque de DBONRJP1 (Base 10g) -;backup_rman_10.sh;Dummy;No;1;No;CTMSRV;NRJNRJ_K12SVG_03_Q;oracle;;NOTEXIST;3mleo
NRJ-ENERGY;NRJNRJ_K12SVG_03_Q;NRJNRJ_K12SVG_03_RMA02_Q;"February 20, 2026";"February 21, 2026 4:00:01 AM";"February 21, 2026 4:00:01 AM";>;Ended OK;Sauvegarde RMAN sur bande de DBONRJP1 (Base 10g) -;backup_rman_10.sh;Dummy;No;1;No;CTMSRV;NRJNRJ_K12SVG_03_Q;oracle;;NOTEXIST;3mlep
NRJ-ENERGY;NRJXXX_J11GEN_06_Q;NRJXXX_J11GEN_06_EXP01_Q;"February 20, 2026";"February 20, 2026 6:00:00 PM";"February 20, 2026 6:00:46 PM";1900;Ended OK;NRJ : Interface sortante des données PATRIMOINE ENERGY pour DACTECH CID CELERIS PIRENE;IEEGYDTE01.sh;Job;No;5;Yes;CTMSRV;NRJXXX_J11GEN_06_Q;dbanrj;ldkenep12;A_L_ENE12;3mkmx
NRJ-ENERGY;NRJXXX_J11GEN_06_Q;NRJXXX_J11GEN_06_FTP01_Q;"February 20, 2026";"February 20, 2026 6:11:00 PM";"February 20, 2026 6:11:01 PM";1900;Ended OK;NRJ : Envoi FTP du PATRIMOINEENERGY*.xml vers PFE;FTP_MULTI_GENERIQUE.ksh;Job;No;5;Yes;CTMSRV;NRJXXX_J11GEN_06_Q;root;ldkpfep11;A_L_PFE11;3mkmw
NRJ-ENERGY;NRJXXX_J11GEN_06_Q;NRJXXX_J11GEN_06_Q;"February 20, 2026";"February 20, 2026 1:30:12 PM";"February 20, 2026 6:11:02 PM";;Ended OK;NRJ : Interface sortante des données PATRIMOINE ENERGY pour DACTECH CID CELERIS PIRENE;;SMART Table;No;1;No;CTMSRV;NRJXXX_J11GEN_06_Q;dbanrj;ldkctmp50;;3mkmv
NRJ-ENERGY;NRJXXX_J15GEN_06_H;NRJXXX_J15GEN_06_EXP02_H;"February 20, 2026";;;;Wait for Event;Export full des stations météo le samedi;NRJXXX_J15GEN_06_EXP02_H.ksh;Job;No;0;No;CTMSRV;NRJXXX_J15GEN_06_H;dbanrj;A_L_ENE12;A_L_ENE12;3mlyy
NRJ-ENERGY;NRJXXX_J15GEN_06_Q;NRJXXX_J15GEN_06_EXP01_Q;"February 20, 2026";"February 21, 2026 5:31:01 AM";"February 21, 2026 5:31:05 AM";;Ended OK;Export full des stations météo une fois par jour ( parm2 = 5);NRJXXX_J15GEN_06_EXP01_Q.ksh;Job;No;1;No;CTMSRV;NRJXXX_J15GEN_06_Q;dbanrj;ldkenep12;A_L_ENE12;3mma5
NRJ-ENERGY;NRJXXX_J15GEN_06_Q;NRJXXX_J15GEN_06_FTP01_Q;"February 20, 2026";"February 21, 2026 5:31:05 AM";"February 21, 2026 5:31:07 AM";;Ended OK;NRJ : Envoi FTP du stationsmeteo vers PFE;FTP_MULTI_GENERIQUE.ksh;Job;No;1;No;CTMSRV;NRJXXX_J15GEN_06_Q;root;ldkpfep11;A_L_PFE11;3mma6
NRJ-ENERGY;NRJXXX_J15GEN_06_Q;NRJXXX_J15GEN_06_Q;"February 20, 2026";"February 20, 2026 1:30:13 PM";"February 21, 2026 5:31:07 AM";;Ended OK;Export full des stations météo une fois par jour;;SMART Table;No;1;No;CTMSRV;NRJXXX_J15GEN_06_Q;;ldkctmp50;;3mma4
NRJ-ENERGY;NRJXXX_J16GEN_06_Q;NRJXXX_J16GEN_06_EXP01_Q;"February 20, 2026";"February 21, 2026 5:31:05 AM";"February 21, 2026 5:32:03 AM";;Ended OK;Quotidien : Export des données météo (PARAM=05);NRJXXX_J16GEN_06_EXP01_Q.ksh;Job;No;1;No;CTMSRV;NRJXXX_J16GEN_06_Q;dbanrj;ldkenep12;A_L_ENE12;3mkvv
NRJ-ENERGY;NRJXXX_J16GEN_06_Q;NRJXXX_J16GEN_06_FTP01_Q;"February 20, 2026";"February 21, 2026 5:32:03 AM";"February 21, 2026 5:32:05 AM";;Ended OK;NRJ Transfert de donneesmeteo_* vers PFE;FTP_MULTI_GENERIQUE.ksh;Job;No;1;No;CTMSRV;NRJXXX_J16GEN_06_Q;root;ldkpfep11;A_L_PFE11;3mkvw
NRJ-ENERGY;NRJXXX_J16GEN_06_Q;NRJXXX_J16GEN_06_Q;"February 20, 2026";"February 20, 2026 1:30:12 PM";"February 21, 2026 5:32:06 AM";;Ended OK;;;SMART Table;No;1;No;CTMSRV;NRJXXX_J16GEN_06_Q;;ldkctmp50;;3mkvu
NRJ-ENERGY;NRJXXX_J17GEN_06_Q;NRJXXX_J17GEN_06_EXP01_Q;"February 20, 2026";"February 20, 2026 2:31:11 PM";"February 20, 2026 2:32:01 PM";;Ended OK;Horaire : Export des données météo (PARAM=14);NRJXXX_J17GEN_06_EXP01_Q.ksh;Job;No;1;No;CTMSRV;NRJXXX_J17GEN_06_Q;dbanrj;ldkenep12;A_L_ENE12;3mkb7
NRJ-ENERGY;NRJXXX_J17GEN_06_Q;NRJXXX_J17GEN_06_FTP01_Q;"February 20, 2026";"February 20, 2026 2:32:01 PM";"February 20, 2026 2:32:04 PM";;Ended OK;NRJ Transfert de donneesmeteo_* vers PFE;FTP_MULTI_GENERIQUE.ksh;Job;No;1;No;CTMSRV;NRJXXX_J17GEN_06_Q;root;ldkpfep11;A_L_PFE11;3mkb8
NRJ-ENERGY;NRJXXX_J17GEN_06_Q;NRJXXX_J17GEN_06_Q;"February 20, 2026";"February 20, 2026 1:30:13 PM";"February 20, 2026 2:32:05 PM";;Ended OK;;;SMART Table;No;1;No;CTMSRV;NRJXXX_J17GEN_06_Q;;ldkctmp50;;3mkb6
NRJ-ENERGY;NRJXXX_J18GEN_06_Q;NRJXXX_J18GEN_06_EXP01_Q;"February 20, 2026";"February 20, 2026 6:31:12 PM";"February 20, 2026 6:32:00 PM";;Ended OK;Tri horaire : Export des données météo (PARAM=18);NRJXXX_J18GEN_06_EXP01_Q.ksh;Job;No;1;No;CTMSRV;NRJXXX_J18GEN_06_Q;dbanrj;ldkenep12;A_L_ENE12;3mkbl
NRJ-ENERGY;NRJXXX_J18GEN_06_Q;NRJXXX_J18GEN_06_FTP01_Q;"February 20, 2026";"February 20, 2026 6:32:01 PM";"February 20, 2026 6:32:03 PM";;Ended OK;NRJ Transfert de donneesmeteo_* vers PFE;FTP_MULTI_GENERIQUE.ksh;Job;No;1;No;CTMSRV;NRJXXX_J18GEN_06_Q;root;ldkpfep11;A_L_PFE11;3mkbm
NRJ-ENERGY;NRJXXX_J18GEN_06_Q;NRJXXX_J18GEN_06_Q;"February 20, 2026";"February 20, 2026 1:30:13 PM";"February 20, 2026 6:32:04 PM";;Ended OK;;;SMART Table;No;1;No;CTMSRV;NRJXXX_J18GEN_06_Q;;ldkctmp50;;3mkbk
NRJ-ENERGY;NRJXXX_J19GEN_06_H;NRJXXX_J19GEN_06_EXP01_H;"February 20, 2026";;;;Wait for Event;Tri horaire : Export des données météo (PARAM=10);NRJXXX_J19GEN_06_EXP01_H.ksh;Job;No;0;No;CTMSRV;NRJXXX_J19GEN_06_H;dbanrj;A_L_ENE12;A_L_ENE12;3mm8d
NRJ-ENERGY;NRJXXX_J19GEN_06_H;NRJXXX_J19GEN_06_FTP01_H;"February 20, 2026";;;;Wait for Event;NRJ Transfert de donneesmeteo_* vers PFE;FTP_MULTI_GENERIQUE.ksh;Job;No;0;No;CTMSRV;NRJXXX_J19GEN_06_H;root;A_L_PFE11;A_L_PFE11;3mm8e
NRJ-ENERGY;NRJXXX_J19GEN_06_Q;NRJXXX_J19GEN_06_EXP01_Q;"February 20, 2026";"February 20, 2026 10:38:15 PM";"February 20, 2026 10:43:29 PM";;Ended OK;NRJ : Interface sortante des données ENERGY pour INDICATEUR ENERGY INDICATEUR ELEMENT ENERGY ET EVENEMENT ENERGY POUR DATALAKE EVENEMENT ENERGY POUR CID CELERIS PIRENE;IEEGYLAK01.sh;Job;No;1;No;CTMSRV;NRJXXX_J19GEN_06_Q;dbanrj;ldkenep12;A_L_ENE12;3mkhg
NRJ-ENERGY;NRJXXX_J19GEN_06_Q;NRJXXX_J19GEN_06_FTP01_Q;"February 20, 2026";"February 20, 2026 10:43:30 PM";"February 20, 2026 10:43:32 PM";;Ended OK;NRJ : Envoi FTP du INDICATEURSENERGY_*.xml vers PFE;FTP_MULTI_GENERIQUE.ksh;Job;No;1;No;CTMSRV;NRJXXX_J19GEN_06_Q;root;ldkpfep11;A_L_PFE11;3mkhf
NRJ-ENERGY;NRJXXX_J19GEN_06_Q;NRJXXX_J19GEN_06_FTP02_Q;"February 20, 2026";"February 20, 2026 10:43:30 PM";"February 20, 2026 10:43:32 PM";;Ended OK;NRJ : Envoi FTP du EVENEMENTSENERGY_*.xml vers PFE;FTP_MULTI_GENERIQUE.ksh;Job;No;1;No;CTMSRV;NRJXXX_J19GEN_06_Q;root;ldkpfep11;A_L_PFE11;3mkhh
NRJ-ENERGY;NRJXXX_J19GEN_06_Q;NRJXXX_J19GEN_06_FTP03_Q;"February 20, 2026";"February 20, 2026 10:43:30 PM";"February 20, 2026 10:43:36 PM";;Ended OK;NRJ : Envoi FTP du INDICATEURSELEMENTENERGY_*.xml vers PFE;FTP_MULTI_GENERIQUE.ksh;Job;No;1;No;CTMSRV;NRJXXX_J19GEN_06_Q;root;ldkpfep11;A_L_PFE11;3mkhi
NRJ-ENERGY;NRJXXX_J19GEN_06_Q;NRJXXX_J19GEN_06_Q;"February 20, 2026";"February 20, 2026 1:30:12 PM";"February 20, 2026 10:43:37 PM";;Ended OK;NRJ : Interface sortante des données ENERGY pour INDICATEUR ENERGY INDICATEUR ELEMENT ENERGY ET EVENEMENT ENERGY POUR DATALAKE EVENEMENT ENERGY POUR CID CELERIS PIRENE;;SMART Table;No;1;No;CTMSRV;NRJXXX_J19GEN_06_Q;dbanrj;ldkctmp50;;3mkhe
NRJ-ENERGY;NRJXXX_J20GEN_06_Q;NRJXXX_J20GEN_06_EXP01_Q;"February 20, 2026";;;;Wait for Event;Tri horaire : Export des données météo (PARAM=09);NRJXXX_J20GEN_06_EXP01_Q.ksh;Job;No;0;No;CTMSRV;NRJXXX_J20GEN_06_Q;dbanrj;A_L_ENE12;A_L_ENE12;3mkc0
NRJ-ENERGY;NRJXXX_J20GEN_06_Q;NRJXXX_J20GEN_06_FTP01_Q;"February 20, 2026";;;;Wait for Event;NRJ Transfert de donneesmeteo_* vers PFE;FTP_MULTI_GENERIQUE.ksh;Job;No;0;No;CTMSRV;NRJXXX_J20GEN_06_Q;root;A_L_PFE11;A_L_PFE11;3mkc1
OCPU;OCPARR_E11STP_01;OCPARR_E11STP_01;"February 20, 2026";;;;Wait for Event;;;SMART Table;No;0;No;CTMSRV;OCPARR_E11STP_01;oracle;;;3mmhr
OCPU;OCPARR_E11STP_01;ORAOCP_E11STP_00_STP01_Q;"February 20, 2026";;;;Wait for Event;arret des  OCPU  GESTION  --mis en dummy tempo --;opc-action.ksh;Job;No;0;No;CTMSRV;OCPARR_E11STP_01;root;A_L_OEM02;A_L_OEM02;3mmhs
OCPU;OCPETI_E11ARR_01;OCPETI_E11ARR_01;"February 20, 2026";"February 20, 2026 8:00:00 PM";"February 20, 2026 8:05:05 PM";;Ended OK;;;SMART Table;No;1;No;CTMSRV;OCPETI_E11ARR_01;;ldkctmp50;;3mkwq
OCPU;OCPETI_E11ARR_01;OCPETI_E11ARR_11_FLAG01_Q;"February 20, 2026";"February 20, 2026 8:00:00 PM";"February 20, 2026 8:00:00 PM";;Ended OK;arret des OCPU sur la pre-production;flags-opc.ksh;Job;No;1;No;CTMSRV;OCPETI_E11ARR_01;ocpuflags;ldkoemp02;A_L_OEM02;3mkwt
OCPU;OCPETI_E11ARR_01;OCPETI_E11ARR_12_ARR02_Q;"February 20, 2026";"February 20, 2026 8:00:01 PM";"February 20, 2026 8:04:59 PM";;Ended OK;mail ::diminution des OCPU sur la  eti -mis en dummy tempo --;opc-action.ksh;Job;No;1;No;CTMSRV;OCPETI_E11ARR_01;root;ldkoemp02;A_L_OEM02;3mkwr
OCPU;OCPETI_E11ARR_01;OCPETI_E11ARR_13_TST02_Q;"February 20, 2026";"February 20, 2026 8:05:00 PM";"February 20, 2026 8:05:03 PM";;Ended OK;mail ::test diminution des OCPU sur la  eti -mis en dummy tempo --;opc-action.ksh;Job;No;1;No;CTMSRV;OCPETI_E11ARR_01;root;ldkoemp02;A_L_OEM02;3mkwu
OCPU;OCPETI_E11ARR_01;OCPETI_E11ARR_15_FLAG01_Q;"February 20, 2026";"February 20, 2026 8:05:03 PM";"February 20, 2026 8:05:04 PM";;Ended OK;mail ::diminution des OCPU sur la  eti;flags-opc.ksh;Job;No;1;No;CTMSRV;OCPETI_E11ARR_01;ocpuflags;ldkoemp02;A_L_OEM02;3mkws
ORA-ORA;CDBCRT_K13SVG_01_Q;CDBCRT_K13SVG_02_ARCH_Q;"February 20, 2026";;;;Wait Host;Sauvegarde EXACC : Backup Arch -CRT standby;;Command;No;0;No;CTMSRV;CDBCRT_K13SVG_01_Q1;oracle;A_L_OEM03;A_L_OEM03;3mkuk
ORA-ORA;CDBDTR_K13SVG_01_Q;CDBDTR_K13SVG_02_INC01_Q;"February 20, 2026";"February 20, 2026 9:00:00 PM";"February 20, 2026 10:00:53 PM";;Ended OK;Sauvegarde EXACC : TEST;;Command;No;1;No;CTMSRV;CDBDTR_K13SVG_01_Q;oracle;ldkoemp02;A_L_OEM02;3mmco
ORA-ORA;CDBFIN_K13SVG_01_Q;CDBFIN_K13SVG_02_ARCH_Q;"February 20, 2026";"February 20, 2026 5:00:00 PM";"February 20, 2026 5:04:18 PM";;Ended OK;Sauvegarde EXACC : Backup Finance archive rman intermediaire;;Command;No;1;No;CTMSRV;CDBFIN_K13SVG_01_Q;oracle;ldkoemp02;A_L_OEM02;3mlk0
ORA-ORA;CDBNRJ_K13SVG_01_Q;CDBNRJ_K13SVG_02_INC01_Q;"February 20, 2026";"February 20, 2026 6:00:00 PM";"February 20, 2026 6:05:23 PM";;Ended OK;Sauvegarde EXACC : backup NRJ inc1 quotidienne en semaine du lundi au samedi;;Command;No;1;No;CTMSRV;CDBNRJ_K13SVG_01_H;oracle;ldkoemp02;A_L_OEM02;3mmef
ORA-ORA;CDBPFE_K13SVG_01_Q;CDBPFE_K13SVG_02_INC01_Q;"February 20, 2026";"February 20, 2026 7:00:00 PM";"February 20, 2026 7:04:12 PM";;Ended OK;Sauvegarde EXACC : Backup Full - inc1 PFE;;Command;No;1;No;CTMSRV;CDBPFE_K13SVG_01_Q;oracle;ldkoemp02;A_L_OEM02;3mko8
ORA-ORA;CDBSSO_K13SVG_01_Q;CDBSSO_K13SVG_02_INC01_Q;"February 20, 2026";"February 20, 2026 7:30:00 PM";"February 20, 2026 7:31:00 PM";;Ended OK;Sauvegarde EXACC : Backup Full - inc1 SSO;;Command;No;1;No;CTMSRV;CDBSSO_K13SVG_01_Q1;oracle;ldkoemp02;A_L_OEM02;3mlha
PFE-PFE;PFEPFE_E13PRG_13_Q;PFEPFE_E13PRG_13_PFE01_Q;"February 20, 2026";"February 20, 2026 1:30:12 PM";"February 20, 2026 1:30:13 PM";;Ended OK;PURGE 01;Purg-LogsEMS LDKPFEP01;Command;No;1;No;CTMSRV;PFEPFE_E13PRG_13_Q;root;ldkpfep11;A_L_PFE11;3mkqa
PFE-PFE;PFEPFE_E13PRG_13_Q;PFEPFE_E13PRG_13_PFE02_Q;"February 20, 2026";"February 20, 2026 1:30:12 PM";"February 20, 2026 1:30:13 PM";;Ended OK;PURGE 01;Purg-LogsEMS LDKPFEP02;Command;No;1;No;CTMSRV;PFEPFE_E13PRG_13_Q;root;ldkpfep12;A_L_PFE12;3mkqb
PFE-PFE;PFEPFE_E13PRG_13_Q;PFEPFE_E13PRG_13_PFE03_Q;"February 20, 2026";"February 20, 2026 1:30:12 PM";"February 20, 2026 1:30:13 PM";;Ended OK;PURGE 01;Purg-LogsEMS LDKPFEP03;Command;No;1;No;CTMSRV;PFEPFE_E13PRG_13_Q;root;ldkpfep13;A_L_PFE13;3mkqc
PFE-PFE;PFEPFE_E13PRG_13_Q;PFEPFE_E13PRG_13_PFE04_Q;"February 20, 2026";"February 20, 2026 1:30:12 PM";"February 20, 2026 1:30:13 PM";;Ended OK;PURGE 01;Purg-LogsEMS LDKPFEP04;Command;No;1;No;CTMSRV;PFEPFE_E13PRG_13_Q;root;ldkpfep14;A_L_PFE14;3mkqd
PFE-PFE;PFEPFE_E13PRG_13_Q;PFEPFE_E13PRG_13_PFE05_Q;"February 20, 2026";"February 20, 2026 1:30:12 PM";"February 20, 2026 1:30:13 PM";;Ended OK;PURGE 01;Purg-LogsEMS LDKPFEP05;Command;No;1;No;CTMSRV;PFEPFE_E13PRG_13_Q;root;ldkpfep15;A_L_PFE15;3mkqe
PFE-PFE;PFEPFE_E13PRG_13_Q;PFEPFE_E13PRG_13_PFE06_Q;"February 20, 2026";"February 20, 2026 1:30:12 PM";"February 20, 2026 1:30:13 PM";;Ended OK;PURGE 01;Purg-LogsEMS LDKPFEP06;Command;No;1;No;CTMSRV;PFEPFE_E13PRG_13_Q;root;ldkpfep16;A_L_PFE16;3mkqf
PKI-PKI;CRTPKI_J11TRT_04_Q;CRTPKI_J11_TRT_04_PRT_Q;"February 20, 2026";"February 20, 2026 11:55:00 PM";"February 20, 2026 11:55:07 PM";2359;Wait for Event;script sofrel ::Sofrel.ps1;"powershell -command ""Sofrel.ps1""";Command;No;126;Yes;CTMSRV;CRTPKI_J11TRT_04_Q;WDKCRTSFP01\NETWORK SERVICE;wdkcrtsfp01;A_W_CRTSF01;3mksz
PKI-PKI;PKICRT_J11TRT_04_Q;PKICRT_J11TRT_04_Q;"February 20, 2026";"February 20, 2026 1:30:13 PM";"February 21, 2026 1:02:46 AM";;Ended OK;;;SMART Table;No;1;No;CTMSRV;PKICRT_J11TRT_04_Q;;ldkctmp50;;3mlxx
PKI-PKI;PKICRT_J11TRT_04_Q;PKICRT_J11_TRT_04_PRT_Q;"February 20, 2026";"February 21, 2026 1:00:00 AM";"February 21, 2026 1:02:45 AM";>;Ended OK;generation de la CRL;;Command;No;1;No;CTMSRV;PKICRT_J11TRT_04_Q;crtprd\pki-adm-srv;wdkcrtpkp10;A_W_CRTPK10;3mlxy
PKI-PKI;PKIPKI_EXPLOI_04_Q;PKIPKI_EXPLOI_04_GEN01_Q;"February 20, 2026";"February 21, 2026 2:00:00 AM";"February 21, 2026 2:00:04 AM";;Ended OK;Génération de la CRL;certutil.exe;Command;No;1;No;CTMSRV;PKIPKI_EXPLOI_04_Q;svce_cm;wdkpkip10;A_W_PKI10;3mlwq
PKI-PKI;PKIPKI_EXPLOI_04_Q;PKIPKI_EXPLOI_04_MDB01_Q;"February 20, 2026";"February 21, 2026 5:00:00 AM";"February 21, 2026 5:00:05 AM";;Ended OK;Maintenance de la Base de donnée;maintenance_DB.ps1;Command;No;1;No;CTMSRV;PKIPKI_EXPLOI_04_Q;svce_cm;wdkpkip10;A_W_PKI10;3mlws
PKI-PKI;PKIPKI_EXPLOI_04_Q;PKIPKI_EXPLOI_04_PUR01_Q;"February 20, 2026";"February 21, 2026 4:00:00 AM";"February 21, 2026 4:00:04 AM";;Ended OK;Purge des sauvegardes de logs;Purge_des_fichiers_de_logs.ps1;Command;No;1;No;CTMSRV;PKIPKI_EXPLOI_04_Q;svce_cm;wdkpkip10;A_W_PKI10;3mlwp
PKI-PKI;PKIPKI_EXPLOI_04_Q;PKIPKI_EXPLOI_04_Q;"February 20, 2026";"February 20, 2026 1:30:13 PM";"February 21, 2026 5:00:05 AM";;Ended Not OK;Traitement en interne pour l'application PKI avec reboot;;SMART Table;No;1;No;CTMSRV;PKIPKI_EXPLOI_04_Q;;ldkctmp50;;3mlwo
PKI-PKI;PKIPKI_EXPLOI_04_Q;PKIPKI_EXPLOI_04_SVG01_Q;"February 20, 2026";"February 21, 2026 2:00:00 AM";"February 21, 2026 2:00:04 AM";;Ended Not OK;Sauvegarde;Backup.ps1;Command;No;1;No;CTMSRV;PKIPKI_EXPLOI_04_Q;svce_cm;wdkpkip10;A_W_PKI10;3mlwr
PKI-PKI;PKIPKI_K11SVG_03_Q;PKIPKI_K11SVG_03_Q;"February 20, 2026";"February 20, 2026 1:30:13 PM";"February 20, 2026 1:32:46 PM";;Ended OK;;;SMART Table;No;1;No;CTMSRV;PKIPKI_K11SVG_03_Q;;ldkctmp50;;3mmpq
PKI-PKI;PKIPKI_K11SVG_03_Q;PKIPKI_K11SVG_03_SAV_Q;"February 20, 2026";"February 20, 2026 1:30:13 PM";"February 20, 2026 1:32:45 PM";0100;Ended OK;Backup de l'enviroment PKI;backup.cmd;Job;No;1;No;CTMSRV;PKIPKI_K11SVG_03_Q;crtprd\pki-adm-srv;wdkcrtpkp10;A_W_CRTPK10;3mmpr
SI-GESTION;MAINTENANCE_OEM_GESTION;MAINTENANCE_OEM_GESTION;"February 20, 2026";"February 20, 2026 1:30:12 PM";"February 20, 2026 1:30:16 PM";;Ended OK;MAINTENANCE_OEM_GESTION;;SMART Table;No;1;No;CTMSRV;MAINTENANCE_OEM_GESTION;;ldkctmp50;;3ml4y
SRN-SIRENE;SRNSRN_J11FLX_07_Q;SRNSRN_J11FLX_07_MOV01_Q;"February 20, 2026";;;;Wait for Event;SRN : Move du fichier SIRENE_Etablissement_*.csv vers la PFE;;Command;No;0;No;CTMSRV;SRNSRN_J11FLX_07_Q;root;A_L_SRN01;A_L_SRN01;3mmfb
SRN-SIRENE;SRNSRN_J11FLX_07_Q;SRNSRN_J11FLX_07_MOV02_Q;"February 20, 2026";;;;Wait for Event;SRN : Move du fichier SIRENE_Entreprise_*.csv vers la PFE;;Command;No;0;No;CTMSRV;SRNSRN_J11FLX_07_Q;root;A_L_SRN01;A_L_SRN01;3mmfc
SRN-SIRENE;SRNSRN_J11FLX_07_Q;SRNSRN_J11FLX_07_Q;"February 20, 2026";;;;Wait for Event;;;SMART Table;No;0;No;CTMSRV;SRNSRN_J11FLX_07_Q;;;;3mmfa
SRN-SIRENE;SRNSRN_J11TRT_04_Q;SRNSRN_J11TRT_04_Q;"February 20, 2026";"February 20, 2026 1:30:13 PM";;;Executing;;;SMART Table;No;1;No;CTMSRV;SRNSRN_J11TRT_04_Q;;ldkctmp50;;3mlla
SRN-SIRENE;SRNSRN_J11TRT_04_Q;SRNSRN_J11TRT_04_WRK01_Q;"February 20, 2026";"February 20, 2026 1:30:13 PM";"February 20, 2026 1:49:56 PM";;Ended Not OK;SRN : Batch de mise a jour depuis la base INSEE;insee.sh;Job;No;1;No;CTMSRV;SRNSRN_J11TRT_04_Q;dalkia-adm;ldksrnp01;A_L_SRN01;3mllb
SRN-SIRENE;SRNSRN_J11TRT_04_Q;SRNSRN_J11TRT_04_WRK02_Q;"February 20, 2026";;;;Wait for Event;SRN : Batch de diffusion des mises a jour partenaires;diffusion-quotidienne.sh;Job;No;0;No;CTMSRV;SRNSRN_J11TRT_04_Q;dalkia-adm;A_L_SRN01;A_L_SRN01;3mllc
