12380960;0688K2607WXF4;STANDARD;2026-07-01T00:00:00;;5416;;;10557;;492.82;EUR;;;;;;GAZ2607Facture intragroupe CID 0688;;;2026-07-03T11:57:10;1277;1277;2026-07-03T11:57:10;1277;;;;;;;;;;GAZ;FAC02_SRC_FACTURESFOURNISSEURS_020726-060434_ST_FAC02_639185690741033341_001;;;;;;JE.FR.APXIISIM.TAX_RULE;CRE/M;;;;;;;;;;;;;;;;;;;;;AMONTS;;;EMU FIXED;2026-07-03T11:57:10;1;EUR;;ENERGIE;;;GROUPEDKA;;;2026-07-28T00:00:00;7788357;;;88;;;;;;;;;01/07/2026;;;;;;;;;;;;;;;;;;;;;;;;;;;;;;DMS0001;;;;;;;;;;;;;;;;;;;;;;;;;;;;;;;;;;
12380961;0688K2607WXF2;STANDARD;2026-07-01T00:00:00;;5416;;;10557;;347.57;EUR;;;;;;GAZ2607Facture intragroupe CID 0688;;;2026-07-03T11:57:10;1277;1277;2026-07-03T11:57:10;1277;;;;;;;;;;GAZ;FAC02_SRC_FACTURESFOURNISSEURS_020726-060434_ST_FAC02_639185690741033341_001;;;;;;JE.FR.APXIISIM.TAX_RULE;CRE/M;;;;;;;;;;;;;;;;;;;;;AMONTS;;;EMU FIXED;2026-07-03T11:57:10;1;EUR;;ENERGIE;;;GROUPEDKA;;;2026-07-28T00:00:00;7788357;;;88;;;;;;;;;01/07/2026;;;;;;;;;;;;;;;;;;;;;;;;;;;;;;DMS0001;;;;;;;;;;;;;;;;;;;;;;;;;;;;;;;;;;
12380962;0688K2607WXF3;STANDARD;2026-07-01T00:00:00;;5416;;;10557;;506.83;EUR;;;;;;GAZ2607Facture intragroupe CID 0688;;;2026-07-03T11:57:10;1277;1277;2026-07-03T11:57:10;1277;;;;;;;;;;GAZ;FAC02_SRC_FACTURESFOURNISSEURS_020726-060434_ST_FAC02_639185690741033341_001;;;;;;JE.FR.APXIISIM.TAX_RULE;CRE/M;;;;;;;;;;;;;;;;;;;;;AMONTS;;;EMU FIXED;2026-07-03T11:57:10;1;EUR;;ENERGIE;;;GROUPEDKA;;;2026-07-28T00:00:00;7788357;;;88;;;;;;;;;01/07/2026;;;;;;;;;;;;;;;;;;;;;;;;;;;;;;DMS0001;;;;;;;;;;;;;;;;;;;;;;;;;;;;;;;;;;
12380963;0688K2607WWQ2;STANDARD;2026-07-01T00:00:00;;5416;;;38496;;355.36;EUR;;;;;;GAZ2607Facture intragroupe CID 0688;;;2026-07-03T11:57:10;1277;1277;2026-07-03T11:57:10;1277;;;;;;;;;;GAZ;FAC02_SRC_FACTURESFOURNISSEURS_020726-060434_ST_FAC02_639185690741033341_001;;;;;;JE.FR.APXIISIM.TAX_RULE;CRE/M;;;;;;;;;;;;;;;;;;;;;AMONTS;;;EMU FIXED;2026-07-03T11:57:10;1;EUR;;ENERGIE;;;GROUPEDKA;;;2026-07-28T00:00:00;7788270;;;86;;;;;;;;;01/07/2026;;;;;;;;;;;;;;;;;;;;;;;;;;;;;;DEW0001;;;;;;;;;;;;;;;;;;;;;;;;;;;;;;;;;;
12380964;0688K2607WWQ0;STANDARD;2026-07-01T00:00:00;;5416;;;38496;;742.16;EUR;;;;;;GAZ2607Facture intragroupe CID 0688;;;2026-07-03T11:57:10;1277;1277;2026-07-03T11:57:10;1277;;;;;;;;;;GAZ;FAC02_SRC_FACTURESFOURNISSEURS_020726-060434_ST_FAC02_639185690741033341_001;;;;;;JE.FR.APXIISIM.TAX_RULE;CRE/M;;;;;;;;;;;;;;;;;;;;;AMONTS;;;EMU FIXED;2026-07-03T11:57:10;1;EUR;;ENERGIE;;;GROUPEDKA;;;2026-07-28T00:00:00;7788270;;;86;;;;;;;;;01/07/2026;;;;;;;;;;;;;;;;;;;;;;;;;;;;;;DEW0001;;;;;;;;;;;;;;;;;;;;;;;;;;;;;;;;;;
12380965;0688K2607WWT5;STANDARD;2026-07-01T00:00:00;;5416;;;39959;;201.30;EUR;;;;;;GAZ2607Facture intragroupe CID 0688;;;2026-07-03T11:57:10;1277;1277;2026-07-03T11:57:10;1277;;;;;;;;;;GAZ;FAC02_SRC_FACTURESFOURNISSEURS_020726-060434_ST_FAC02_639185690741033341_001;;;;;;JE.FR.APXIISIM.TAX_RULE;CRE/M;;;;;;;;;;;;;;;;;;;;;AMONTS;;;EMU FIXED;2026-07-03T11:57:10;1;EUR;;ENERGIE;;;GROUPEDKA;;;2026-07-28T00:00:00;7788414;;;89;;;;;;;;;01/07/2026;;;;;;;;;;;;;;;;;;;;;;;;;;;;;;DNA0001;;;;;;;;;;;;;;;;;;;;;;;;;;;;;;;;;;
12380966;0688K2607WWT3;STANDARD;2026-07-01T00:00:00;;5416;;;39959;;377.77;EUR;;;;;;GAZ2607Facture intragroupe CID 0688;;;2026-07-03T11:57:10;1277;1277;2026-07-03T11:57:10;1277;;;;;;;;;;GAZ;FAC02_SRC_FACTURESFOURNISSEURS_020726-060434_ST_FAC02_639185690741033341_001;;;;;;JE.FR.APXIISIM.TAX_RULE;CRE/M;;;;;;;;;;;;;;;;;;;;;AMONTS;;;EMU FIXED;2026-07-03T11:57:10;1;EUR;;ENERGIE;;;GROUPEDKA;;;2026-07-28T00:00:00;7788414;;;89;;;;;;;;;01/07/2026;;;;;;;;;;;;;;;;;;;;;;;;;;;;;;DNA0001;;;;;;;;;;;;;;;;;;;;;;;;;;;;;;;;;;
12380967;0688K2607WWT2;STANDARD;2026-07-01T00:00:00;;5416;;;39959;;145.07;EUR;;;;;;GAZ2607Facture intragroupe CID 0688;;;2026-07-03T11:57:10;1277;1277;2026-07-03T11:57:10;1277;;;;;;;;;;GAZ;FAC02_SRC_FACTURESFOURNISSEURS_020726-060434_ST_FAC02_639185690741033341_001;;;;;;JE.FR.APXIISIM.TAX_RULE;CRE/M;;;;;;;;;;;;;;;;;;;;;AMONTS;;;EMU FIXED;2026-07-03T11:57:10;1;EUR;;ENERGIE;;;GROUPEDKA;;;2026-07-28T00:00:00;7788414;;;89;;;;;;;;;01/07/2026;;;;;;;;;;;;;;;;;;;;;;;;;;;;;;DNA0001;;;;;;;;;;;;;;;;;;;;;;;;;;;;;;;;;;
12380968;0688K2607WWT4;STANDARD;2026-07-01T00:00:00;;5416;;;39959;;244.11;EUR;;;;;;GAZ2607Facture intragroupe CID 0688;;;2026-07-03T11:57:10;1277;1277;2026-07-03T11:57:10;1277;;;;;;;;;;GAZ;FAC02_SRC_FACTURESFOURNISSEURS_020726-060434_ST_FAC02_639185690741033341_001;;;;;;JE.FR.APXIISIM.TAX_RULE;CRE/M;;;;;;;;;;;;;;;;;;;;;AMONTS;;;EMU FIXED;2026-07-03T11:57:10;1;EUR;;ENERGIE;;;GROUPEDKA;;;2026-07-28T00:00:00;7788414;;;89;;;;;;;;;01/07/2026;;;;;;;;;;;;;;;;;;;;;;;;;;;;;;DNA0001;;;;;;;;;;;;;;;;;;;;;;;;;;;;;;;;;;
12380969;0688K2607WWS9;STANDARD;2026-07-01T00:00:00;;5416;;;39959;;197.75;EUR;;;;;;GAZ2607Facture intragroupe CID 0688;;;2026-07-03T11:57:10;1277;1277;2026-07-03T11:57:10;1277;;;;;;;;;;GAZ;FAC02_SRC_FACTURESFOURNISSEURS_020726-060434_ST_FAC02_639185690741033341_001;;;;;;JE.FR.APXIISIM.TAX_RULE;CRE/M;;;;;;;;;;;;;;;;;;;;;AMONTS;;;EMU FIXED;2026-07-03T11:57:10;1;EUR;;ENERGIE;;;GROUPEDKA;;;2026-07-28T00:00:00;7788414;;;89;;;;;;;;;01/07/2026;;;;;;;;;;;;;;;;;;;;;;;;;;;;;;DNA0001;;;;;;;;;;;;;;;;;;;;;;;;;;;;;;;;;;
12380970;0688K2607WWT0;STANDARD;2026-07-01T00:00:00;;5416;;;39959;;301.79;EUR;;;;;;GAZ2607Facture intragroupe CID 0688;;;2026-07-03T11:57:10;1277;1277;2026-07-03T11:57:10;1277;;;;;;;;;;GAZ;FAC02_SRC_FACTURESFOURNISSEURS_020726-060434_ST_FAC02_639185690741033341_001;;;;;;JE.FR.APXIISIM.TAX_RULE;CRE/M;;;;;;;;;;;;;;;;;;;;;AMONTS;;;EMU FIXED;2026-07-03T11:57:10;1;EUR;;ENERGIE;;;GROUPEDKA;;;2026-07-28T00:00:00;7788414;;;89;;;;;;;;;01/07/2026;;;;;;;;;;;;;;;;;;;;;;;;;;;;;;DNA0001;;;;;;;;;;;;;;;;;;;;;;;;;;;;;;;;;;
12380971;0688K2607WWT1;STANDARD;2026-07-01T00:00:00;;5416;;;39959;;74.91;EUR;;;;;;GAZ2607Facture intragroupe CID 0688;;;2026-07-03T11:57:10;1277;1277;2026-07-03T11:57:10;1277;;;;;;;;;;GAZ;FAC02_SRC_FACTURESFOURNISSEURS_020726-060434_ST_FAC02_639185690741033341_001;;;;;;JE.FR.APXIISIM.TAX_RULE;CRE/M;;;;;;;;;;;;;;;;;;;;;AMONTS;;;EMU FIXED;2026-07-03T11:57:10;1;EUR;;ENERGIE;;;GROUPEDKA;;;2026-07-28T00:00:00;7788414;;;89;;;;;;;;;01/07/2026;;;;;;;;;;;;;;;;;;;;;;;;;;;;;;DNA0001;;;;;;;;;;;;;;;;;;;;;;;;;;;;;;;;;;
12380972;0688K2607WXG4;STANDARD;2026-07-01T00:00:00;;5416;;;10557;;18052.70;EUR;;;;;;GAZ2607Facture intragroupe CID 0688;;;2026-07-03T11:57:10;1277;1277;2026-07-03T11:57:10;1277;;;;;;;;;;GAZ;FAC02_SRC_FACTURESFOURNISSEURS_020726-060434_ST_FAC02_639185690741033341_001;;;;;;JE.FR.APXIISIM.TAX_RULE;CRE/M;;;;;;;;;;;;;;;;;;;;;AMONTS;;;EMU FIXED;2026-07-03T11:57:10;1;EUR;;ENERGIE;;;GROUPEDKA;;;2026-07-28T00:00:00;7788357;;;88;;;;;;;;;01/07/2026;;;;;;;;;;;;;;;;;;;;;;;;;;;;;;DMS0001;;;;;;;;;;;;;;;;;;;;;;;;;;;;;;;;;;
12380973;0688K2607WXG5;STANDARD;2026-07-01T00:00:00;;5416;;;10557;;235.83;EUR;;;;;;GAZ2607Facture intragroupe CID 0688;;;2026-07-03T11:57:10;1277;1277;2026-07-03T11:57:10;1277;;;;;;;;;;GAZ;FAC02_SRC_FACTURESFOURNISSEURS_020726-060434_ST_FAC02_639185690741033341_001;;;;;;JE.FR.APXIISIM.TAX_RULE;CRE/M;;;;;;;;;;;;;;;;;;;;;AMONTS;;;EMU FIXED;2026-07-03T11:57:10;1;EUR;;ENERGIE;;;GROUPEDKA;;;2026-07-28T00:00:00;7788357;;;88;;;;;;;;;01/07/2026;;;;;;;;;;;;;;;;;;;;;;;;;;;;;;DMS0001;;;;;;;;;;;;;;;;;;;;;;;;;;;;;;;;;;
12380974;0688K2607WXE8;STANDARD;2026-07-01T00:00:00;;5416;;;10557;;821.64;EUR;;;;;;GAZ2607Facture intragroupe CID 0688;;;2026-07-03T11:57:10;1277;1277;2026-07-03T11:57:10;1277;;;;;;;;;;GAZ;FAC02_SRC_FACTURESFOURNISSEURS_020726-060434_ST_FAC02_639185690741033341_001;;;;;;JE.FR.APXIISIM.TAX_RULE;CRE/M;;;;;;;;;;;;;;;;;;;;;AMONTS;;;EMU FIXED;2026-07-03T11:57:10;1;EUR;;ENERGIE;;;GROUPEDKA;;;2026-07-28T00:00:00;7788357;;;88;;;;;;;;;01/07/2026;;;;;;;;;;;;;;;;;;;;;;;;;;;;;;DMS0001;;;;;;;;;;;;;;;;;;;;;;;;;;;;;;;;;;
12380975;0688K2607WXH7;STANDARD;2026-07-01T00:00:00;;5416;;;10557;;267.11;EUR;;;;;;GAZ2607Facture intragroupe CID 0688;;;2026-07-03T11:57:10;1277;1277;2026-07-03T11:57:10;1277;;;;;;;;;;GAZ;FAC02_SRC_FACTURESFOURNISSEURS_020726-060434_ST_FAC02_639185690741033341_001;;;;;;JE.FR.APXIISIM.TAX_RULE;CRE/M;;;;;;;;;;;;;;;;;;;;;AMONTS;;;EMU FIXED;2026-07-03T11:57:10;1;EUR;;ENERGIE;;;GROUPEDKA;;;2026-07-28T00:00:00;7788357;;;88;;;;;;;;;01/07/2026;;;;;;;;;;;;;;;;;;;;;;;;;;;;;;DMS0001;;;;;;;;;;;;;;;;;;;;;;;;;;;;;;;;;;
12380976;0688K2607WXH6;STANDARD;2026-07-01T00:00:00;;5416;;;10557;;222.36;EUR;;;;;;GAZ2607Facture intragroupe CID 0688;;;2026-07-03T11:57:10;1277;1277;2026-07-03T11:57:10;1277;;;;;;;;;;GAZ;FAC02_SRC_FACTURESFOURNISSEURS_020726-060434_ST_FAC02_639185690741033341_001;;;;;;JE.FR.APXIISIM.TAX_RULE;CRE/M;;;;;;;;;;;;;;;;;;;;;AMONTS;;;EMU FIXED;2026-07-03T11:57:10;1;EUR;;ENERGIE;;;GROUPEDKA;;;2026-07-28T00:00:00;7788357;;;88;;;;;;;;;01/07/2026;;;;;;;;;;;;;;;;;;;;;;;;;;;;;;DMS0001;;;;;;;;;;;;;;;;;;;;;;;;;;;;;;;;;;
12380977;0688K2607WWY5;STANDARD;2026-07-01T00:00:00;;5416;;;17273;;100.03;EUR;;;;;;GAZ2607Facture intragroupe CID 0688;;;2026-07-03T11:57:10;1277;1277;2026-07-03T11:57:10;1277;;;;;;;;;;GAZ;FAC02_SRC_FACTURESFOURNISSEURS_020726-060434_ST_FAC02_639185690741033341_001;;;;;;JE.FR.APXIISIM.TAX_RULE;CRE/M;;;;;;;;;;;;;;;;;;;;;AMONTS;;;EMU FIXED;2026-07-03T11:57:10;1;EUR;;ENERGIE;;;GROUPEDKA;;;2026-07-28T00:00:00;7788309;;;87;;;;;;;;;01/07/2026;;;;;;;;;;;;;;;;;;;;;;;;;;;;;;DLS0001;;;;;;;;;;;;;;;;;;;;;;;;;;;;;;;;;;
12380978;0688K2607WWY6;STANDARD;2026-07-01T00:00:00;;5416;;;17273;;248.42;EUR;;;;;;GAZ2607Facture intragroupe CID 0688;;;2026-07-03T11:57:10;1277;1277;2026-07-03T11:57:10;1277;;;;;;;;;;GAZ;FAC02_SRC_FACTURESFOURNISSEURS_020726-060434_ST_FAC02_639185690741033341_001;;;;;;JE.FR.APXIISIM.TAX_RULE;CRE/M;;;;;;;;;;;;;;;;;;;;;AMONTS;;;EMU FIXED;2026-07-03T11:57:10;1;EUR;;ENERGIE;;;GROUPEDKA;;;2026-07-28T00:00:00;7788309;;;87;;;;;;;;;01/07/2026;;;;;;;;;;;;;;;;;;;;;;;;;;;;;;DLS0001;;;;;;;;;;;;;;;;;;;;;;;;;;;;;;;;;;
12380979;0688K2607WXH4;STANDARD;2026-07-01T00:00:00;;5416;;;10557;;462.16;EUR;;;;;;GAZ2607Facture intragroupe CID 0688;;;2026-07-03T11:57:10;1277;1277;2026-07-03T11:57:10;1277;;;;;;;;;;GAZ;FAC02_SRC_FACTURESFOURNISSEURS_020726-060434_ST_FAC02_639185690741033341_001;;;;;;JE.FR.APXIISIM.TAX_RULE;CRE/M;;;;;;;;;;;;;;;;;;;;;AMONTS;;;EMU FIXED;2026-07-03T11:57:10;1;EUR;;ENERGIE;;;GROUPEDKA;;;2026-07-28T00:00:00;7788357;;;88;;;;;;;;;01/07/2026;;;;;;;;;;;;;;;;;;;;;;;;;;;;;;DMS0001;;;;;;;;;;;;;;;;;;;;;;;;;;;;;;;;;;
12380980;0688K2607WWT9;STANDARD;2026-07-01T00:00:00;;5416;;;38496;;202.60;EUR;;;;;;GAZ2607Facture intragroupe CID 0688;;;2026-07-03T11:57:10;1277;1277;2026-07-03T11:57:10;1277;;;;;;;;;;GAZ;FAC02_SRC_FACTURESFOURNISSEURS_020726-060434_ST_FAC02_639185690741033341_001;;;;;;JE.FR.APXIISIM.TAX_RULE;CRE/M;;;;;;;;;;;;;;;;;;;;;AMONTS;;;EMU FIXED;2026-07-03T11:57:10;1;EUR;;ENERGIE;;;GROUPEDKA;;;2026-07-28T00:00:00;7788270;;;86;;;;;;;;;01/07/2026;;;;;;;;;;;;;;;;;;;;;;;;;;;;;;DEW0001;;;;;;;;;;;;;;;;;;;;;;;;;;;;;;;;;;
12380981;0688K2607WWV0;STANDARD;2026-07-01T00:00:00;;5416;;;38496;;64.92;EUR;;;;;;GAZ2607Facture intragroupe CID 0688;;;2026-07-03T11:57:10;1277;1277;2026-07-03T11:57:10;1277;;;;;;;;;;GAZ;FAC02_SRC_FACTURESFOURNISSEURS_020726-060434_ST_FAC02_639185690741033341_001;;;;;;JE.FR.APXIISIM.TAX_RULE;CRE/M;;;;;;;;;;;;;;;;;;;;;AMONTS;;;EMU FIXED;2026-07-03T11:57:10;1;EUR;;ENERGIE;;;GROUPEDKA;;;2026-07-28T00:00:00;7788270;;;86;;;;;;;;;01/07/2026;;;;;;;;;;;;;;;;;;;;;;;;;;;;;;DEW0001;;;;;;;;;;;;;;;;;;;;;;;;;;;;;;;;;;
12380982;0688K2607WWU9;STANDARD;2026-07-01T00:00:00;;5416;;;38496;;222.92;EUR;;;;;;GAZ2607Facture intragroupe CID 0688;;;2026-07-03T11:57:10;1277;1277;2026-07-03T11:57:10;1277;;;;;;;;;;GAZ;FAC02_SRC_FACTURESFOURNISSEURS_020726-060434_ST_FAC02_639185690741033341_001;;;;;;JE.FR.APXIISIM.TAX_RULE;CRE/M;;;;;;;;;;;;;;;;;;;;;AMONTS;;;EMU FIXED;2026-07-03T11:57:10;1;EUR;;ENERGIE;;;GROUPEDKA;;;2026-07-28T00:00:00;7788270;;;86;;;;;;;;;01/07/2026;;;;;;;;;;;;;;;;;;;;;;;;;;;;;;DEW0001;;;;;;;;;;;;;;;;;;;;;;;;;;;;;;;;;;
12380983;0688K2607WXV0;STANDARD;2026-07-01T00:00:00;;5416;;;29731;;315.85;EUR;;;;;;GAZ2607Facture intragroupe CID 0688;;;2026-07-03T11:57:10;1277;1277;2026-07-03T11:57:10;1277;;;;;;;;;;GAZ;FAC02_SRC_FACTURESFOURNISSEURS_020726-060434_ST_FAC02_639185690741033341_001;;;;;;JE.FR.APXIISIM.TAX_RULE;CRE/M;;;;;;;;;;;;;;;;;;;;;AMONTS;;;EMU FIXED;2026-07-03T11:57:10;1;EUR;;ENERGIE;;;GROUPEDKA;;;2026-07-28T00:00:00;7788549;;;91;;;;;;;;;01/07/2026;;;;;;;;;;;;;;;;;;;;;;;;;;;;;;DSW0001;;;;;;;;;;;;;;;;;;;;;;;;;;;;;;;;;;
12380984;0688K2607WXV1;STANDARD;2026-07-01T00:00:00;;5416;;;29731;;339.06;EUR;;;;;;GAZ2607Facture intragroupe CID 0688;;;2026-07-03T11:57:10;1277;1277;2026-07-03T11:57:10;1277;;;;;;;;;;GAZ;FAC02_SRC_FACTURESFOURNISSEURS_020726-060434_ST_FAC02_639185690741033341_001;;;;;;JE.FR.APXIISIM.TAX_RULE;CRE/M;;;;;;;;;;;;;;;;;;;;;AMONTS;;;EMU FIXED;2026-07-03T11:57:10;1;EUR;;ENERGIE;;;GROUPEDKA;;;2026-07-28T00:00:00;7788549;;;91;;;;;;;;;01/07/2026;;;;;;;;;;;;;;;;;;;;;;;;;;;;;;DSW0001;;;;;;;;;;;;;;;;;;;;;;;;;;;;;;;;;;
12380985;0688K2607WXV3;STANDARD;2026-07-01T00:00:00;;5416;;;29731;;235.17;EUR;;;;;;GAZ2607Facture intragroupe CID 0688;;;2026-07-03T11:57:10;1277;1277;2026-07-03T11:57:10;1277;;;;;;;;;;GAZ;FAC02_SRC_FACTURESFOURNISSEURS_020726-060434_ST_FAC02_639185690741033341_001;;;;;;JE.FR.APXIISIM.TAX_RULE;CRE/M;;;;;;;;;;;;;;;;;;;;;AMONTS;;;EMU FIXED;2026-07-03T11:57:10;1;EUR;;ENERGIE;;;GROUPEDKA;;;2026-07-28T00:00:00;7788549;;;91;;;;;;;;;01/07/2026;;;;;;;;;;;;;;;;;;;;;;;;;;;;;;DSW0001;;;;;;;;;;;;;;;;;;;;;;;;;;;;;;;;;;
12380986;0688K2607WXV5;STANDARD;2026-07-01T00:00:00;;5416;;;29731;;130.56;EUR;;;;;;GAZ2607Facture intragroupe CID 0688;;;2026-07-03T11:57:10;1277;1277;2026-07-03T11:57:10;1277;;;;;;;;;;GAZ;FAC02_SRC_FACTURESFOURNISSEURS_020726-060434_ST_FAC02_639185690741033341_001;;;;;;JE.FR.APXIISIM.TAX_RULE;CRE/M;;;;;;;;;;;;;;;;;;;;;AMONTS;;;EMU FIXED;2026-07-03T11:57:10;1;EUR;;ENERGIE;;;GROUPEDKA;;;2026-07-28T00:00:00;7788549;;;91;;;;;;;;;01/07/2026;;;;;;;;;;;;;;;;;;;;;;;;;;;;;;DSW0001;;;;;;;;;;;;;;;;;;;;;;;;;;;;;;;;;;
12380987;0688K2607WXU2;STANDARD;2026-07-01T00:00:00;;5416;;;29731;;777.30;EUR;;;;;;GAZ2607Facture intragroupe CID 0688;;;2026-07-03T11:57:10;1277;1277;2026-07-03T11:57:10;1277;;;;;;;;;;GAZ;FAC02_SRC_FACTURESFOURNISSEURS_020726-060434_ST_FAC02_639185690741033341_001;;;;;;JE.FR.APXIISIM.TAX_RULE;CRE/M;;;;;;;;;;;;;;;;;;;;;AMONTS;;;EMU FIXED;2026-07-03T11:57:10;1;EUR;;ENERGIE;;;GROUPEDKA;;;2026-07-28T00:00:00;7788549;;;91;;;;;;;;;01/07/2026;;;;;;;;;;;;;;;;;;;;;;;;;;;;;;DSW0001;;;;;;;;;;;;;;;;;;;;;;;;;;;;;;;;;;
12380988;0688K2607WXV6;STANDARD;2026-07-01T00:00:00;;5416;;;29731;;77.59;EUR;;;;;;GAZ2607Facture intragroupe CID 0688;;;2026-07-03T11:57:10;1277;1277;2026-07-03T11:57:10;1277;;;;;;;;;;GAZ;FAC02_SRC_FACTURESFOURNISSEURS_020726-060434_ST_FAC02_639185690741033341_001;;;;;;JE.FR.APXIISIM.TAX_RULE;CRE/M;;;;;;;;;;;;;;;;;;;;;AMONTS;;;EMU FIXED;2026-07-03T11:57:10;1;EUR;;ENERGIE;;;GROUPEDKA;;;2026-07-28T00:00:00;7788549;;;91;;;;;;;;;01/07/2026;;;;;;;;;;;;;;;;;;;;;;;;;;;;;;DSW0001;;;;;;;;;;;;;;;;;;;;;;;;;;;;;;;;;;
12380989;0688K2607WXU9;STANDARD;2026-07-01T00:00:00;;5416;;;29731;;117.98;EUR;;;;;;GAZ2607Facture intragroupe CID 0688;;;2026-07-03T11:57:10;1277;1277;2026-07-03T11:57:10;1277;;;;;;;;;;GAZ;FAC02_SRC_FACTURESFOURNISSEURS_020726-060434_ST_FAC02_639185690741033341_001;;;;;;JE.FR.APXIISIM.TAX_RULE;CRE/M;;;;;;;;;;;;;;;;;;;;;AMONTS;;;EMU FIXED;2026-07-03T11:57:10;1;EUR;;ENERGIE;;;GROUPEDKA;;;2026-07-28T00:00:00;7788549;;;91;;;;;;;;;01/07/2026;;;;;;;;;;;;;;;;;;;;;;;;;;;;;;DSW0001;;;;;;;;;;;;;;;;;;;;;;;;;;;;;;;;;;
12380990;0688K2607WWW0;STANDARD;2026-07-01T00:00:00;;5416;;;17273;;125.56;EUR;;;;;;GAZ2607Facture intragroupe CID 0688;;;2026-07-03T11:57:10;1277;1277;2026-07-03T11:57:10;1277;;;;;;;;;;GAZ;FAC02_SRC_FACTURESFOURNISSEURS_020726-060434_ST_FAC02_639185690741033341_001;;;;;;JE.FR.APXIISIM.TAX_RULE;CRE/M;;;;;;;;;;;;;;;;;;;;;AMONTS;;;EMU FIXED;2026-07-03T11:57:10;1;EUR;;ENERGIE;;;GROUPEDKA;;;2026-07-28T00:00:00;7788309;;;87;;;;;;;;;01/07/2026;;;;;;;;;;;;;;;;;;;;;;;;;;;;;;DLS0001;;;;;;;;;;;;;;;;;;;;;;;;;;;;;;;;;;
12380991;0688K2607WWV9;STANDARD;2026-07-01T00:00:00;;5416;;;17273;;237.94;EUR;;;;;;GAZ2607Facture intragroupe CID 0688;;;2026-07-03T11:57:10;1277;1277;2026-07-03T11:57:10;1277;;;;;;;;;;GAZ;FAC02_SRC_FACTURESFOURNISSEURS_020726-060434_ST_FAC02_639185690741033341_001;;;;;;JE.FR.APXIISIM.TAX_RULE;CRE/M;;;;;;;;;;;;;;;;;;;;;AMONTS;;;EMU FIXED;2026-07-03T11:57:10;1;EUR;;ENERGIE;;;GROUPEDKA;;;2026-07-28T00:00:00;7788309;;;87;;;;;;;;;01/07/2026;;;;;;;;;;;;;;;;;;;;;;;;;;;;;;DLS0001;;;;;;;;;;;;;;;;;;;;;;;;;;;;;;;;;;
12380992;0688K2607WXK2;STANDARD;2026-07-01T00:00:00;;5416;;;17273;;252.56;EUR;;;;;;GAZ2607Facture intragroupe CID 0688;;;2026-07-03T11:57:10;1277;1277;2026-07-03T11:57:10;1277;;;;;;;;;;GAZ;FAC02_SRC_FACTURESFOURNISSEURS_020726-060434_ST_FAC02_639185690741033341_001;;;;;;JE.FR.APXIISIM.TAX_RULE;CRE/M;;;;;;;;;;;;;;;;;;;;;AMONTS;;;EMU FIXED;2026-07-03T11:57:10;1;EUR;;ENERGIE;;;GROUPEDKA;;;2026-07-28T00:00:00;7788309;;;87;;;;;;;;;01/07/2026;;;;;;;;;;;;;;;;;;;;;;;;;;;;;;DLS0001;;;;;;;;;;;;;;;;;;;;;;;;;;;;;;;;;;
12380993;0688K2607WXW6;STANDARD;2026-07-01T00:00:00;;5416;;;29731;;460.96;EUR;;;;;;GAZ2607Facture intragroupe CID 0688;;;2026-07-03T11:57:10;1277;1277;2026-07-03T11:57:10;1277;;;;;;;;;;GAZ;FAC02_SRC_FACTURESFOURNISSEURS_020726-060434_ST_FAC02_639185690741033341_001;;;;;;JE.FR.APXIISIM.TAX_RULE;CRE/M;;;;;;;;;;;;;;;;;;;;;AMONTS;;;EMU FIXED;2026-07-03T11:57:10;1;EUR;;ENERGIE;;;GROUPEDKA;;;2026-07-28T00:00:00;7788549;;;91;;;;;;;;;01/07/2026;;;;;;;;;;;;;;;;;;;;;;;;;;;;;;DSW0001;;;;;;;;;;;;;;;;;;;;;;;;;;;;;;;;;;
12380994;0688K2607WXW9;STANDARD;2026-07-01T00:00:00;;5416;;;29731;;123.45;EUR;;;;;;GAZ2607Facture intragroupe CID 0688;;;2026-07-03T11:57:10;1277;1277;2026-07-03T11:57:10;1277;;;;;;;;;;GAZ;FAC02_SRC_FACTURESFOURNISSEURS_020726-060434_ST_FAC02_639185690741033341_001;;;;;;JE.FR.APXIISIM.TAX_RULE;CRE/M;;;;;;;;;;;;;;;;;;;;;AMONTS;;;EMU FIXED;2026-07-03T11:57:10;1;EUR;;ENERGIE;;;GROUPEDKA;;;2026-07-28T00:00:00;7788549;;;91;;;;;;;;;01/07/2026;;;;;;;;;;;;;;;;;;;;;;;;;;;;;;DSW0001;;;;;;;;;;;;;;;;;;;;;;;;;;;;;;;;;;
12380995;0688K2607WWY4;STANDARD;2026-07-01T00:00:00;;5416;;;17273;;140.34;EUR;;;;;;GAZ2607Facture intragroupe CID 0688;;;2026-07-03T11:57:10;1277;1277;2026-07-03T11:57:10;1277;;;;;;;;;;GAZ;FAC02_SRC_FACTURESFOURNISSEURS_020726-060434_ST_FAC02_639185690741033341_001;;;;;;JE.FR.APXIISIM.TAX_RULE;CRE/M;;;;;;;;;;;;;;;;;;;;;AMONTS;;;EMU FIXED;2026-07-03T11:57:10;1;EUR;;ENERGIE;;;GROUPEDKA;;;2026-07-28T00:00:00;7788309;;;87;;;;;;;;;01/07/2026;;;;;;;;;;;;;;;;;;;;;;;;;;;;;;DLS0001;;;;;;;;;;;;;;;;;;;;;;;;;;;;;;;;;;
12380996;0688K2607WWP7;STANDARD;2026-07-01T00:00:00;;5416;;;230015;;129.01;EUR;;;;;;GAZ2607Facture intragroupe CID 0688;;;2026-07-03T11:57:10;1277;1277;2026-07-03T11:57:10;1277;;;;;;;;;;GAZ;FAC02_SRC_FACTURESFOURNISSEURS_020726-060434_ST_FAC02_639185690741033341_001;;;;;;JE.FR.APXIISIM.TAX_RULE;CRE/M;;;;;;;;;;;;;;;;;;;;;AMONTS;;;EMU FIXED;2026-07-03T11:57:10;1;EUR;;ENERGIE;;;GROUPEDKA;;;2026-07-28T00:00:00;13049260;;;236;;;;;;;;;01/07/2026;;;;;;;;;;;;;;;;;;;;;;;;;;;;;;DNA0691;;;;;;;;;;;;;;;;;;;;;;;;;;;;;;;;;;
12380997;0688K2607WWS8;STANDARD;2026-07-01T00:00:00;;5416;;;230015;;129.93;EUR;;;;;;GAZ2607Facture intragroupe CID 0688;;;2026-07-03T11:57:10;1277;1277;2026-07-03T11:57:10;1277;;;;;;;;;;GAZ;FAC02_SRC_FACTURESFOURNISSEURS_020726-060434_ST_FAC02_639185690741033341_001;;;;;;JE.FR.APXIISIM.TAX_RULE;CRE/M;;;;;;;;;;;;;;;;;;;;;AMONTS;;;EMU FIXED;2026-07-03T11:57:10;1;EUR;;ENERGIE;;;GROUPEDKA;;;2026-07-28T00:00:00;13049260;;;236;;;;;;;;;01/07/2026;;;;;;;;;;;;;;;;;;;;;;;;;;;;;;DNA0691;;;;;;;;;;;;;;;;;;;;;;;;;;;;;;;;;;
12380998;0688K2607WWS7;STANDARD;2026-07-01T00:00:00;;5416;;;230015;;139.59;EUR;;;;;;GAZ2607Facture intragroupe CID 0688;;;2026-07-03T11:57:10;1277;1277;2026-07-03T11:57:10;1277;;;;;;;;;;GAZ;FAC02_SRC_FACTURESFOURNISSEURS_020726-060434_ST_FAC02_639185690741033341_001;;;;;;JE.FR.APXIISIM.TAX_RULE;CRE/M;;;;;;;;;;;;;;;;;;;;;AMONTS;;;EMU FIXED;2026-07-03T11:57:10;1;EUR;;ENERGIE;;;GROUPEDKA;;;2026-07-28T00:00:00;13049260;;;236;;;;;;;;;01/07/2026;;;;;;;;;;;;;;;;;;;;;;;;;;;;;;DNA0691;;;;;;;;;;;;;;;;;;;;;;;;;;;;;;;;;;
12380999;0688K2607WWY7;STANDARD;2026-07-01T00:00:00;;5416;;;17273;;2759.70;EUR;;;;;;GAZ2607Facture intragroupe CID 0688;;;2026-07-03T11:57:10;1277;1277;2026-07-03T11:57:10;1277;;;;;;;;;;GAZ;FAC02_SRC_FACTURESFOURNISSEURS_020726-060434_ST_FAC02_639185690741033341_001;;;;;;JE.FR.APXIISIM.TAX_RULE;CRE/M;;;;;;;;;;;;;;;;;;;;;AMONTS;;;EMU FIXED;2026-07-03T11:57:10;1;EUR;;ENERGIE;;;GROUPEDKA;;;2026-07-28T00:00:00;7788309;;;87;;;;;;;;;01/07/2026;;;;;;;;;;;;;;;;;;;;;;;;;;;;;;DLS0001;;;;;;;;;;;;;;;;;;;;;;;;;;;;;;;;;;
12381000;0688K2607WXF5;STANDARD;2026-07-01T00:00:00;;5416;;;10557;;404.76;EUR;;;;;;GAZ2607Facture intragroupe CID 0688;;;2026-07-03T11:57:10;1277;1277;2026-07-03T11:57:10;1277;;;;;;;;;;GAZ;FAC02_SRC_FACTURESFOURNISSEURS_020726-060434_ST_FAC02_639185690741033341_001;;;;;;JE.FR.APXIISIM.TAX_RULE;CRE/M;;;;;;;;;;;;;;;;;;;;;AMONTS;;;EMU FIXED;2026-07-03T11:57:10;1;EUR;;ENERGIE;;;GROUPEDKA;;;2026-07-28T00:00:00;7788357;;;88;;;;;;;;;01/07/2026;;;;;;;;;;;;;;;;;;;;;;;;;;;;;;DMS0001;;;;;;;;;;;;;;;;;;;;;;;;;;;;;;;;;;
12381001;0688K2607WWP5;STANDARD;2026-07-01T00:00:00;;5416;;;18431;;768.04;EUR;;;;;;GAZ2607Facture intragroupe CID 0688;;;2026-07-03T11:57:10;1277;1277;2026-07-03T11:57:10;1277;;;;;;;;;;GAZ;FAC02_SRC_FACTURESFOURNISSEURS_020726-060434_ST_FAC02_639185690741033341_001;;;;;;JE.FR.APXIISIM.TAX_RULE;CRE/M;;;;;;;;;;;;;;;;;;;;;AMONTS;;;EMU FIXED;2026-07-03T11:57:10;1;EUR;;ENERGIE;;;GROUPEDKA;;;2026-07-28T00:00:00;7788225;;;85;;;;;;;;;01/07/2026;;;;;;;;;;;;;;;;;;;;;;;;;;;;;;DCW0001;;;;;;;;;;;;;;;;;;;;;;;;;;;;;;;;;;
12381002;0688K2607WXN0;STANDARD;2026-07-01T00:00:00;;5416;;;10557;;298.80;EUR;;;;;;GAZ2607Facture intragroupe CID 0688;;;2026-07-03T11:57:10;1277;1277;2026-07-03T11:57:10;1277;;;;;;;;;;GAZ;FAC02_SRC_FACTURESFOURNISSEURS_020726-060434_ST_FAC02_639185690741033341_001;;;;;;JE.FR.APXIISIM.TAX_RULE;CRE/M;;;;;;;;;;;;;;;;;;;;;AMONTS;;;EMU FIXED;2026-07-03T11:57:10;1;EUR;;ENERGIE;;;GROUPEDKA;;;2026-07-28T00:00:00;7788357;;;88;;;;;;;;;01/07/2026;;;;;;;;;;;;;;;;;;;;;;;;;;;;;;DMS0001;;;;;;;;;;;;;;;;;;;;;;;;;;;;;;;;;;
12381003;0688K2607WXP2;STANDARD;2026-07-01T00:00:00;;5416;;;23958;;284.67;EUR;;;;;;GAZ2607Facture intragroupe CID 0688;;;2026-07-03T11:57:10;1277;1277;2026-07-03T11:57:10;1277;;;;;;;;;;GAZ;FAC02_SRC_FACTURESFOURNISSEURS_020726-060434_ST_FAC02_639185690741033341_001;;;;;;JE.FR.APXIISIM.TAX_RULE;CRE/M;;;;;;;;;;;;;;;;;;;;;AMONTS;;;EMU FIXED;2026-07-03T11:57:10;1;EUR;;ENERGIE;;;GROUPEDKA;;;2026-07-28T00:00:00;7788489;;;90;;;;;;;;;01/07/2026;;;;;;;;;;;;;;;;;;;;;;;;;;;;;;DRW0001;;;;;;;;;;;;;;;;;;;;;;;;;;;;;;;;;;
12381004;0688K2607WXS5;STANDARD;2026-07-01T00:00:00;;5416;;;29731;;431.80;EUR;;;;;;GAZ2607Facture intragroupe CID 0688;;;2026-07-03T11:57:10;1277;1277;2026-07-03T11:57:10;1277;;;;;;;;;;GAZ;FAC02_SRC_FACTURESFOURNISSEURS_020726-060434_ST_FAC02_639185690741033341_001;;;;;;JE.FR.APXIISIM.TAX_RULE;CRE/M;;;;;;;;;;;;;;;;;;;;;AMONTS;;;EMU FIXED;2026-07-03T11:57:10;1;EUR;;ENERGIE;;;GROUPEDKA;;;2026-07-28T00:00:00;7788549;;;91;;;;;;;;;01/07/2026;;;;;;;;;;;;;;;;;;;;;;;;;;;;;;DSW0001;;;;;;;;;;;;;;;;;;;;;;;;;;;;;;;;;;
12381005;0688K2607WXD2;STANDARD;2026-07-01T00:00:00;;5416;;;10557;;1005.52;EUR;;;;;;GAZ2607Facture intragroupe CID 0688;;;2026-07-03T11:57:10;1277;1277;2026-07-03T11:57:10;1277;;;;;;;;;;GAZ;FAC02_SRC_FACTURESFOURNISSEURS_020726-060434_ST_FAC02_639185690741033341_001;;;;;;JE.FR.APXIISIM.TAX_RULE;CRE/M;;;;;;;;;;;;;;;;;;;;;AMONTS;;;EMU FIXED;2026-07-03T11:57:10;1;EUR;;ENERGIE;;;GROUPEDKA;;;2026-07-28T00:00:00;7788357;;;88;;;;;;;;;01/07/2026;;;;;;;;;;;;;;;;;;;;;;;;;;;;;;DMS0001;;;;;;;;;;;;;;;;;;;;;;;;;;;;;;;;;;
12381006;0688K2607WXD3;STANDARD;2026-07-01T00:00:00;;5416;;;10557;;367.55;EUR;;;;;;GAZ2607Facture intragroupe CID 0688;;;2026-07-03T11:57:10;1277;1277;2026-07-03T11:57:10;1277;;;;;;;;;;GAZ;FAC02_SRC_FACTURESFOURNISSEURS_020726-060434_ST_FAC02_639185690741033341_001;;;;;;JE.FR.APXIISIM.TAX_RULE;CRE/M;;;;;;;;;;;;;;;;;;;;;AMONTS;;;EMU FIXED;2026-07-03T11:57:10;1;EUR;;ENERGIE;;;GROUPEDKA;;;2026-07-28T00:00:00;7788357;;;88;;;;;;;;;01/07/2026;;;;;;;;;;;;;;;;;;;;;;;;;;;;;;DMS0001;;;;;;;;;;;;;;;;;;;;;;;;;;;;;;;;;;
12381007;0688K2607WWQ5;STANDARD;2026-07-01T00:00:00;;5416;;;38496;;861.50;EUR;;;;;;GAZ2607Facture intragroupe CID 0688;;;2026-07-03T11:57:10;1277;1277;2026-07-03T11:57:10;1277;;;;;;;;;;GAZ;FAC02_SRC_FACTURESFOURNISSEURS_020726-060434_ST_FAC02_639185690741033341_001;;;;;;JE.FR.APXIISIM.TAX_RULE;CRE/M;;;;;;;;;;;;;;;;;;;;;AMONTS;;;EMU FIXED;2026-07-03T11:57:10;1;EUR;;ENERGIE;;;GROUPEDKA;;;2026-07-28T00:00:00;7788270;;;86;;;;;;;;;01/07/2026;;;;;;;;;;;;;;;;;;;;;;;;;;;;;;DEW0001;;;;;;;;;;;;;;;;;;;;;;;;;;;;;;;;;;
12381008;0688K2607WWR7;STANDARD;2026-07-01T00:00:00;;5416;;;17273;;616.98;EUR;;;;;;GAZ2607Facture intragroupe CID 0688;;;2026-07-03T11:57:10;1277;1277;2026-07-03T11:57:10;1277;;;;;;;;;;GAZ;FAC02_SRC_FACTURESFOURNISSEURS_020726-060434_ST_FAC02_639185690741033341_001;;;;;;JE.FR.APXIISIM.TAX_RULE;CRE/M;;;;;;;;;;;;;;;;;;;;;AMONTS;;;EMU FIXED;2026-07-03T11:57:10;1;EUR;;ENERGIE;;;GROUPEDKA;;;2026-07-28T00:00:00;7788309;;;87;;;;;;;;;01/07/2026;;;;;;;;;;;;;;;;;;;;;;;;;;;;;;DLS0001;;;;;;;;;;;;;;;;;;;;;;;;;;;;;;;;;;
12381009;0688K2607WWR5;STANDARD;2026-07-01T00:00:00;;5416;;;17273;;144.20;EUR;;;;;;GAZ2607Facture intragroupe CID 0688;;;2026-07-03T11:57:10;1277;1277;2026-07-03T11:57:10;1277;;;;;;;;;;GAZ;FAC02_SRC_FACTURESFOURNISSEURS_020726-060434_ST_FAC02_639185690741033341_001;;;;;;JE.FR.APXIISIM.TAX_RULE;CRE/M;;;;;;;;;;;;;;;;;;;;;AMONTS;;;EMU FIXED;2026-07-03T11:57:10;1;EUR;;ENERGIE;;;GROUPEDKA;;;2026-07-28T00:00:00;7788309;;;87;;;;;;;;;01/07/2026;;;;;;;;;;;;;;;;;;;;;;;;;;;;;;DLS0001;;;;;;;;;;;;;;;;;;;;;;;;;;;;;;;;;;
12381010;0688K2607WWR9;STANDARD;2026-07-01T00:00:00;;5416;;;17273;;263.09;EUR;;;;;;GAZ2607Facture intragroupe CID 0688;;;2026-07-03T11:57:10;1277;1277;2026-07-03T11:57:10;1277;;;;;;;;;;GAZ;FAC02_SRC_FACTURESFOURNISSEURS_020726-060434_ST_FAC02_639185690741033341_001;;;;;;JE.FR.APXIISIM.TAX_RULE;CRE/M;;;;;;;;;;;;;;;;;;;;;AMONTS;;;EMU FIXED;2026-07-03T11:57:10;1;EUR;;ENERGIE;;;GROUPEDKA;;;2026-07-28T00:00:00;7788309;;;87;;;;;;;;;01/07/2026;;;;;;;;;;;;;;;;;;;;;;;;;;;;;;DLS0001;;;;;;;;;;;;;;;;;;;;;;;;;;;;;;;;;;
12381011;0688K2607WXD1;STANDARD;2026-07-01T00:00:00;;5416;;;10557;;218.14;EUR;;;;;;GAZ2607Facture intragroupe CID 0688;;;2026-07-03T11:57:10;1277;1277;2026-07-03T11:57:10;1277;;;;;;;;;;GAZ;FAC02_SRC_FACTURESFOURNISSEURS_020726-060434_ST_FAC02_639185690741033341_001;;;;;;JE.FR.APXIISIM.TAX_RULE;CRE/M;;;;;;;;;;;;;;;;;;;;;AMONTS;;;EMU FIXED;2026-07-03T11:57:10;1;EUR;;ENERGIE;;;GROUPEDKA;;;2026-07-28T00:00:00;7788357;;;88;;;;;;;;;01/07/2026;;;;;;;;;;;;;;;;;;;;;;;;;;;;;;DMS0001;;;;;;;;;;;;;;;;;;;;;;;;;;;;;;;;;;
12381012;0688K2607WXG2;STANDARD;2026-07-01T00:00:00;;5416;;;10557;;471.78;EUR;;;;;;GAZ2607Facture intragroupe CID 0688;;;2026-07-03T11:57:10;1277;1277;2026-07-03T11:57:10;1277;;;;;;;;;;GAZ;FAC02_SRC_FACTURESFOURNISSEURS_020726-060434_ST_FAC02_639185690741033341_001;;;;;;JE.FR.APXIISIM.TAX_RULE;CRE/M;;;;;;;;;;;;;;;;;;;;;AMONTS;;;EMU FIXED;2026-07-03T11:57:10;1;EUR;;ENERGIE;;;GROUPEDKA;;;2026-07-28T00:00:00;7788357;;;88;;;;;;;;;01/07/2026;;;;;;;;;;;;;;;;;;;;;;;;;;;;;;DMS0001;;;;;;;;;;;;;;;;;;;;;;;;;;;;;;;;;;
12381013;0688K2607WXW2;STANDARD;2026-07-01T00:00:00;;5416;;;29731;;397.76;EUR;;;;;;GAZ2607Facture intragroupe CID 0688;;;2026-07-03T11:57:10;1277;1277;2026-07-03T11:57:10;1277;;;;;;;;;;GAZ;FAC02_SRC_FACTURESFOURNISSEURS_020726-060434_ST_FAC02_639185690741033341_001;;;;;;JE.FR.APXIISIM.TAX_RULE;CRE/M;;;;;;;;;;;;;;;;;;;;;AMONTS;;;EMU FIXED;2026-07-03T11:57:10;1;EUR;;ENERGIE;;;GROUPEDKA;;;2026-07-28T00:00:00;7788549;;;91;;;;;;;;;01/07/2026;;;;;;;;;;;;;;;;;;;;;;;;;;;;;;DSW0001;;;;;;;;;;;;;;;;;;;;;;;;;;;;;;;;;;
12381014;0688K2607WXR8;STANDARD;2026-07-01T00:00:00;;5416;;;29731;;66.29;EUR;;;;;;GAZ2607Facture intragroupe CID 0688;;;2026-07-03T11:57:10;1277;1277;2026-07-03T11:57:10;1277;;;;;;;;;;GAZ;FAC02_SRC_FACTURESFOURNISSEURS_020726-060434_ST_FAC02_639185690741033341_001;;;;;;JE.FR.APXIISIM.TAX_RULE;CRE/M;;;;;;;;;;;;;;;;;;;;;AMONTS;;;EMU FIXED;2026-07-03T11:57:10;1;EUR;;ENERGIE;;;GROUPEDKA;;;2026-07-28T00:00:00;7788549;;;91;;;;;;;;;01/07/2026;;;;;;;;;;;;;;;;;;;;;;;;;;;;;;DSW0001;;;;;;;;;;;;;;;;;;;;;;;;;;;;;;;;;;
12381015;0688K2607WXK7;STANDARD;2026-07-01T00:00:00;;5416;;;18431;;307.30;EUR;;;;;;GAZ2607Facture intragroupe CID 0688;;;2026-07-03T11:57:10;1277;1277;2026-07-03T11:57:10;1277;;;;;;;;;;GAZ;FAC02_SRC_FACTURESFOURNISSEURS_020726-060434_ST_FAC02_639185690741033341_001;;;;;;JE.FR.APXIISIM.TAX_RULE;CRE/M;;;;;;;;;;;;;;;;;;;;;AMONTS;;;EMU FIXED;2026-07-03T11:57:10;1;EUR;;ENERGIE;;;GROUPEDKA;;;2026-07-28T00:00:00;7788225;;;85;;;;;;;;;01/07/2026;;;;;;;;;;;;;;;;;;;;;;;;;;;;;;DCW0001;;;;;;;;;;;;;;;;;;;;;;;;;;;;;;;;;;
12381016;0688K2607WWP9;STANDARD;2026-07-01T00:00:00;;5416;;;38496;;911.85;EUR;;;;;;GAZ2607Facture intragroupe CID 0688;;;2026-07-03T11:57:10;1277;1277;2026-07-03T11:57:10;1277;;;;;;;;;;GAZ;FAC02_SRC_FACTURESFOURNISSEURS_020726-060434_ST_FAC02_639185690741033341_001;;;;;;JE.FR.APXIISIM.TAX_RULE;CRE/M;;;;;;;;;;;;;;;;;;;;;AMONTS;;;EMU FIXED;2026-07-03T11:57:10;1;EUR;;ENERGIE;;;GROUPEDKA;;;2026-07-28T00:00:00;7788270;;;86;;;;;;;;;01/07/2026;;;;;;;;;;;;;;;;;;;;;;;;;;;;;;DEW0001;;;;;;;;;;;;;;;;;;;;;;;;;;;;;;;;;;
12381017;0001S2607XHW7;STANDARD;2026-07-01T00:00:00;;815;;;3703737;;76455.01;EUR;;;;;;ING2607Facture intragroupe CID 0001;;;2026-07-03T11:57:10;1277;1277;2026-07-03T11:57:10;1277;;;;;;;;;;ING;FAC02_SRC_FACTURESFOURNISSEURS_020726-060434_ST_FAC02_639185690741033341_001;;;;;;JE.FR.APXIISIM.TAX_RULE;CRE/M;;;;;;;;;;;;;;;;;;;;;AMONTS;;;EMU FIXED;2026-07-03T11:57:10;1;EUR;;ENERGIE;;;GROUPEDKA;;;2026-07-28T00:00:00;7785553;;;346;;;;;;;;;01/07/2026;;;;;;;;;;;;;;;;;;;;;;;;;;;;;;DSW0409;;;;;;;;;;;;;;;;;;;;;;;;;;;;;;;;;;
12381018;0600S26070886;STANDARD;2026-07-01T00:00:00;;7988;;;32061;;878.20;EUR;;;;;;ING2607Facture intragroupe CID 0600;;;2026-07-03T11:57:10;1277;1277;2026-07-03T11:57:10;1277;;;;;;;;;;ING;FAC02_SRC_FACTURESFOURNISSEURS_020726-060434_ST_FAC02_639185690741033341_001;;;;;;JE.FR.APXIISIM.TAX_RULE;CRE/M;;;;;;;;;;;;;;;;;;;;;AMONTS;;;EMU FIXED;2026-07-03T11:57:10;1;EUR;;ENERGIE;;;GROUPEDKA;;;2026-07-28T00:00:00;7789885;;;91;;;;;;;;;01/07/2026;;;;;;;;;;;;;;;;;;;;;;;;;;;;;;DSW0001;;;;;;;;;;;;;;;;;;;;;;;;;;;;;;;;;;
12381019;0600S26070897;STANDARD;2026-07-01T00:00:00;;7988;;;32061;;1756.42;EUR;;;;;;ING2607Facture intragroupe CID 0600;;;2026-07-03T11:57:10;1277;1277;2026-07-03T11:57:10;1277;;;;;;;;;;ING;FAC02_SRC_FACTURESFOURNISSEURS_020726-060434_ST_FAC02_639185690741033341_001;;;;;;JE.FR.APXIISIM.TAX_RULE;CRE/M;;;;;;;;;;;;;;;;;;;;;AMONTS;;;EMU FIXED;2026-07-03T11:57:10;1;EUR;;ENERGIE;;;GROUPEDKA;;;2026-07-28T00:00:00;7789885;;;91;;;;;;;;;01/07/2026;;;;;;;;;;;;;;;;;;;;;;;;;;;;;;DSW0001;;;;;;;;;;;;;;;;;;;;;;;;;;;;;;;;;;
12381020;0409S26070016;STANDARD;2026-07-01T00:00:00;;8182;;;31647;;76455.01;EUR;;;;;;ING2607Facture intragroupe CID 0409;;;2026-07-03T11:57:10;1277;1277;2026-07-03T11:57:10;1277;;;;;;;;;;ING;FAC02_SRC_FACTURESFOURNISSEURS_020726-060434_ST_FAC02_639185690741033341_001;;;;;;JE.FR.APXIISIM.TAX_RULE;CRE/M;;;;;;;;;;;;;;;;;;;;;AMONTS;;;EMU FIXED;2026-07-03T11:57:10;1;EUR;;ENERGIE;;;GROUPEDKA;;;2026-07-28T00:00:00;7789705;;;91;;;;;;;;;01/07/2026;;;;;;;;;;;;;;;;;;;;;;;;;;;;;;DSW0001;;;;;;;;;;;;;;;;;;;;;;;;;;;;;;;;;;
12381021;0001E2607VWW8;STANDARD;2026-07-01T00:00:00;;815;;;3703912;;9263.99;EUR;;;;;;ING2607Facture intragroupe CID 0001;;;2026-07-03T11:57:10;1277;1277;2026-07-03T11:57:10;1277;;;;;;;;;;ING;FAC02_SRC_FACTURESFOURNISSEURS_020726-060434_ST_FAC02_639185690741033341_001;;;;;;JE.FR.APXIISIM.TAX_RULE;CRE/M;;;;;;;;;;;;;;;;;;;;;AMONTS;;;EMU FIXED;2026-07-03T11:57:10;1;EUR;;ENERGIE;;;GROUPEDKA;;;2026-07-28T00:00:00;15031440;;;6393;;;;;;;;;01/07/2026;;;;;;;;;;;;;;;;;;;;;;;;;;;;;;DEW0490;;;;;;;;;;;;;;;;;;;;;;;;;;;;;;;;;;
12381022;0306C26070301;STANDARD;2026-07-01T00:00:00;;902;;;158378;;4674.71;EUR;;;;;;ING2607Facture intragroupe CID 0306;;;2026-07-03T11:57:10;1277;1277;2026-07-03T11:57:10;1277;;;;;;;;;;ING;FAC02_SRC_FACTURESFOURNISSEURS_020726-060434_ST_FAC02_639185690741033341_001;;;;;;JE.FR.APXIISIM.TAX_RULE;CRE/M;;;;;;;;;;;;;;;;;;;;;AMONTS;;;EMU FIXED;2026-07-03T11:57:10;1;EUR;;ENERGIE;;;GROUPEDKA;;;2026-07-28T00:00:00;7786594;;;409;;;;;;;;;01/07/2026;;;;;;;;;;;;;;;;;;;;;;;;;;;;;;DCW0166;;;;;;;;;;;;;;;;;;;;;;;;;;;;;;;;;;
12381023;0341L26071674;STANDARD;2026-07-01T00:00:00;;6735;;;17813;;4462.62;EUR;;;;;;ING2607Facture intragroupe CID 0341;;;2026-07-03T11:57:10;1277;1277;2026-07-03T11:57:10;1277;;;;;;;;;;ING;FAC02_SRC_FACTURESFOURNISSEURS_020726-060434_ST_FAC02_639185690741033341_001;;;;;;JE.FR.APXIISIM.TAX_RULE;CRE/M;;;;;;;;;;;;;;;;;;;;;AMONTS;;;EMU FIXED;2026-07-03T11:57:10;1;EUR;;ENERGIE;;;GROUPEDKA;;;2026-07-28T00:00:00;7788750;;;87;;;;;;;;;01/07/2026;;;;;;;;;;;;;;;;;;;;;;;;;;;;;;DLS0001;;;;;;;;;;;;;;;;;;;;;;;;;;;;;;;;;;
12381024;0341L26071684;STANDARD;2026-07-01T00:00:00;;6735;;;17813;;918.10;EUR;;;;;;ING2607Facture intragroupe CID 0341;;;2026-07-03T11:57:10;1277;1277;2026-07-03T11:57:10;1277;;;;;;;;;;ING;FAC02_SRC_FACTURESFOURNISSEURS_020726-060434_ST_FAC02_639185690741033341_001;;;;;;JE.FR.APXIISIM.TAX_RULE;CRE/M;;;;;;;;;;;;;;;;;;;;;AMONTS;;;EMU FIXED;2026-07-03T11:57:10;1;EUR;;ENERGIE;;;GROUPEDKA;;;2026-07-28T00:00:00;7788750;;;87;;;;;;;;;01/07/2026;;;;;;;;;;;;;;;;;;;;;;;;;;;;;;DLS0001;;;;;;;;;;;;;;;;;;;;;;;;;;;;;;;;;;
12381025;0688K2607WXY1;STANDARD;2026-07-01T00:00:00;;5416;;;29731;;46.62;EUR;;;;;;GAZ2607Facture intragroupe CID 0688;;;2026-07-03T11:57:10;1277;1277;2026-07-03T11:57:10;1277;;;;;;;;;;GAZ;FAC02_SRC_FACTURESFOURNISSEURS_020726-060434_ST_FAC02_639185690741033341_001;;;;;;JE.FR.APXIISIM.TAX_RULE;CRE/M;;;;;;;;;;;;;;;;;;;;;AMONTS;;;EMU FIXED;2026-07-03T11:57:10;1;EUR;;ENERGIE;;;GROUPEDKA;;;2026-07-28T00:00:00;7788549;;;91;;;;;;;;;01/07/2026;;;;;;;;;;;;;;;;;;;;;;;;;;;;;;DSW0001;;;;;;;;;;;;;;;;;;;;;;;;;;;;;;;;;;
12381026;0688K2607WWW5;STANDARD;2026-07-01T00:00:00;;5416;;;39959;;46.10;EUR;;;;;;GAZ2607Facture intragroupe CID 0688;;;2026-07-03T11:57:10;1277;1277;2026-07-03T11:57:10;1277;;;;;;;;;;GAZ;FAC02_SRC_FACTURESFOURNISSEURS_020726-060434_ST_FAC02_639185690741033341_001;;;;;;JE.FR.APXIISIM.TAX_RULE;CRE/M;;;;;;;;;;;;;;;;;;;;;AMONTS;;;EMU FIXED;2026-07-03T11:57:10;1;EUR;;ENERGIE;;;GROUPEDKA;;;2026-07-28T00:00:00;7788414;;;89;;;;;;;;;01/07/2026;;;;;;;;;;;;;;;;;;;;;;;;;;;;;;DNA0001;;;;;;;;;;;;;;;;;;;;;;;;;;;;;;;;;;
12381027;0688K2607WXL0;STANDARD;2026-07-01T00:00:00;;5416;;;18431;;205.95;EUR;;;;;;GAZ2607Facture intragroupe CID 0688;;;2026-07-03T11:57:10;1277;1277;2026-07-03T11:57:10;1277;;;;;;;;;;GAZ;FAC02_SRC_FACTURESFOURNISSEURS_020726-060434_ST_FAC02_639185690741033341_001;;;;;;JE.FR.APXIISIM.TAX_RULE;CRE/M;;;;;;;;;;;;;;;;;;;;;AMONTS;;;EMU FIXED;2026-07-03T11:57:10;1;EUR;;ENERGIE;;;GROUPEDKA;;;2026-07-28T00:00:00;7788225;;;85;;;;;;;;;01/07/2026;;;;;;;;;;;;;;;;;;;;;;;;;;;;;;DCW0001;;;;;;;;;;;;;;;;;;;;;;;;;;;;;;;;;;
12381028;0688K2607WWV6;STANDARD;2026-07-01T00:00:00;;5416;;;17273;;6.83;EUR;;;;;;GAZ2607Facture intragroupe CID 0688;;;2026-07-03T11:57:10;1277;1277;2026-07-03T11:57:10;1277;;;;;;;;;;GAZ;FAC02_SRC_FACTURESFOURNISSEURS_020726-060434_ST_FAC02_639185690741033341_001;;;;;;JE.FR.APXIISIM.TAX_RULE;CRE/M;;;;;;;;;;;;;;;;;;;;;AMONTS;;;EMU FIXED;2026-07-03T11:57:10;1;EUR;;ENERGIE;;;GROUPEDKA;;;2026-07-28T00:00:00;7788309;;;87;;;;;;;;;01/07/2026;;;;;;;;;;;;;;;;;;;;;;;;;;;;;;DLS0001;;;;;;;;;;;;;;;;;;;;;;;;;;;;;;;;;;
12381029;0688K2607WWV7;STANDARD;2026-07-01T00:00:00;;5416;;;17273;;439.55;EUR;;;;;;GAZ2607Facture intragroupe CID 0688;;;2026-07-03T11:57:10;1277;1277;2026-07-03T11:57:10;1277;;;;;;;;;;GAZ;FAC02_SRC_FACTURESFOURNISSEURS_020726-060434_ST_FAC02_639185690741033341_001;;;;;;JE.FR.APXIISIM.TAX_RULE;CRE/M;;;;;;;;;;;;;;;;;;;;;AMONTS;;;EMU FIXED;2026-07-03T11:57:10;1;EUR;;ENERGIE;;;GROUPEDKA;;;2026-07-28T00:00:00;7788309;;;87;;;;;;;;;01/07/2026;;;;;;;;;;;;;;;;;;;;;;;;;;;;;;DLS0001;;;;;;;;;;;;;;;;;;;;;;;;;;;;;;;;;;
12381030;0688K2607WXC6;STANDARD;2026-07-01T00:00:00;;5416;;;10557;;1627.02;EUR;;;;;;GAZ2607Facture intragroupe CID 0688;;;2026-07-03T11:57:10;1277;1277;2026-07-03T11:57:10;1277;;;;;;;;;;GAZ;FAC02_SRC_FACTURESFOURNISSEURS_020726-060434_ST_FAC02_639185690741033341_001;;;;;;JE.FR.APXIISIM.TAX_RULE;CRE/M;;;;;;;;;;;;;;;;;;;;;AMONTS;;;EMU FIXED;2026-07-03T11:57:10;1;EUR;;ENERGIE;;;GROUPEDKA;;;2026-07-28T00:00:00;7788357;;;88;;;;;;;;;01/07/2026;;;;;;;;;;;;;;;;;;;;;;;;;;;;;;DMS0001;;;;;;;;;;;;;;;;;;;;;;;;;;;;;;;;;;
12381031;0688K2607WWV5;STANDARD;2026-07-01T00:00:00;;5416;;;17273;;94.02;EUR;;;;;;GAZ2607Facture intragroupe CID 0688;;;2026-07-03T11:57:10;1277;1277;2026-07-03T11:57:10;1277;;;;;;;;;;GAZ;FAC02_SRC_FACTURESFOURNISSEURS_020726-060434_ST_FAC02_639185690741033341_001;;;;;;JE.FR.APXIISIM.TAX_RULE;CRE/M;;;;;;;;;;;;;;;;;;;;;AMONTS;;;EMU FIXED;2026-07-03T11:57:10;1;EUR;;ENERGIE;;;GROUPEDKA;;;2026-07-28T00:00:00;7788309;;;87;;;;;;;;;01/07/2026;;;;;;;;;;;;;;;;;;;;;;;;;;;;;;DLS0001;;;;;;;;;;;;;;;;;;;;;;;;;;;;;;;;;;
12381032;0688K2607WXC5;STANDARD;2026-07-01T00:00:00;;5416;;;10557;;1399.13;EUR;;;;;;GAZ2607Facture intragroupe CID 0688;;;2026-07-03T11:57:10;1277;1277;2026-07-03T11:57:10;1277;;;;;;;;;;GAZ;FAC02_SRC_FACTURESFOURNISSEURS_020726-060434_ST_FAC02_639185690741033341_001;;;;;;JE.FR.APXIISIM.TAX_RULE;CRE/M;;;;;;;;;;;;;;;;;;;;;AMONTS;;;EMU FIXED;2026-07-03T11:57:10;1;EUR;;ENERGIE;;;GROUPEDKA;;;2026-07-28T00:00:00;7788357;;;88;;;;;;;;;01/07/2026;;;;;;;;;;;;;;;;;;;;;;;;;;;;;;DMS0001;;;;;;;;;;;;;;;;;;;;;;;;;;;;;;;;;;
12381033;0688K2607WXC4;STANDARD;2026-07-01T00:00:00;;5416;;;10557;;989.81;EUR;;;;;;GAZ2607Facture intragroupe CID 0688;;;2026-07-03T11:57:10;1277;1277;2026-07-03T11:57:10;1277;;;;;;;;;;GAZ;FAC02_SRC_FACTURESFOURNISSEURS_020726-060434_ST_FAC02_639185690741033341_001;;;;;;JE.FR.APXIISIM.TAX_RULE;CRE/M;;;;;;;;;;;;;;;;;;;;;AMONTS;;;EMU FIXED;2026-07-03T11:57:10;1;EUR;;ENERGIE;;;GROUPEDKA;;;2026-07-28T00:00:00;7788357;;;88;;;;;;;;;01/07/2026;;;;;;;;;;;;;;;;;;;;;;;;;;;;;;DMS0001;;;;;;;;;;;;;;;;;;;;;;;;;;;;;;;;;;
12381034;0688K2607WXC3;STANDARD;2026-07-01T00:00:00;;5416;;;10557;;929.24;EUR;;;;;;GAZ2607Facture intragroupe CID 0688;;;2026-07-03T11:57:10;1277;1277;2026-07-03T11:57:10;1277;;;;;;;;;;GAZ;FAC02_SRC_FACTURESFOURNISSEURS_020726-060434_ST_FAC02_639185690741033341_001;;;;;;JE.FR.APXIISIM.TAX_RULE;CRE/M;;;;;;;;;;;;;;;;;;;;;AMONTS;;;EMU FIXED;2026-07-03T11:57:10;1;EUR;;ENERGIE;;;GROUPEDKA;;;2026-07-28T00:00:00;7788357;;;88;;;;;;;;;01/07/2026;;;;;;;;;;;;;;;;;;;;;;;;;;;;;;DMS0001;;;;;;;;;;;;;;;;;;;;;;;;;;;;;;;;;;
12381035;0688K2607WXC8;STANDARD;2026-07-01T00:00:00;;5416;;;10557;;908.31;EUR;;;;;;GAZ2607Facture intragroupe CID 0688;;;2026-07-03T11:57:10;1277;1277;2026-07-03T11:57:10;1277;;;;;;;;;;GAZ;FAC02_SRC_FACTURESFOURNISSEURS_020726-060434_ST_FAC02_639185690741033341_001;;;;;;JE.FR.APXIISIM.TAX_RULE;CRE/M;;;;;;;;;;;;;;;;;;;;;AMONTS;;;EMU FIXED;2026-07-03T11:57:10;1;EUR;;ENERGIE;;;GROUPEDKA;;;2026-07-28T00:00:00;7788357;;;88;;;;;;;;;01/07/2026;;;;;;;;;;;;;;;;;;;;;;;;;;;;;;DMS0001;;;;;;;;;;;;;;;;;;;;;;;;;;;;;;;;;;
12381036;0688K2607WXC7;STANDARD;2026-07-01T00:00:00;;5416;;;10557;;193.09;EUR;;;;;;GAZ2607Facture intragroupe CID 0688;;;2026-07-03T11:57:10;1277;1277;2026-07-03T11:57:10;1277;;;;;;;;;;GAZ;FAC02_SRC_FACTURESFOURNISSEURS_020726-060434_ST_FAC02_639185690741033341_001;;;;;;JE.FR.APXIISIM.TAX_RULE;CRE/M;;;;;;;;;;;;;;;;;;;;;AMONTS;;;EMU FIXED;2026-07-03T11:57:10;1;EUR;;ENERGIE;;;GROUPEDKA;;;2026-07-28T00:00:00;7788357;;;88;;;;;;;;;01/07/2026;;;;;;;;;;;;;;;;;;;;;;;;;;;;;;DMS0001;;;;;;;;;;;;;;;;;;;;;;;;;;;;;;;;;;
12381037;0688K2607WXH9;STANDARD;2026-07-01T00:00:00;;5416;;;10557;;1451.64;EUR;;;;;;GAZ2607Facture intragroupe CID 0688;;;2026-07-03T11:57:10;1277;1277;2026-07-03T11:57:10;1277;;;;;;;;;;GAZ;FAC02_SRC_FACTURESFOURNISSEURS_020726-060434_ST_FAC02_639185690741033341_001;;;;;;JE.FR.APXIISIM.TAX_RULE;CRE/M;;;;;;;;;;;;;;;;;;;;;AMONTS;;;EMU FIXED;2026-07-03T11:57:10;1;EUR;;ENERGIE;;;GROUPEDKA;;;2026-07-28T00:00:00;7788357;;;88;;;;;;;;;01/07/2026;;;;;;;;;;;;;;;;;;;;;;;;;;;;;;DMS0001;;;;;;;;;;;;;;;;;;;;;;;;;;;;;;;;;;
12381038;0688K2607WXH8;STANDARD;2026-07-01T00:00:00;;5416;;;10557;;545.58;EUR;;;;;;GAZ2607Facture intragroupe CID 0688;;;2026-07-03T11:57:10;1277;1277;2026-07-03T11:57:10;1277;;;;;;;;;;GAZ;FAC02_SRC_FACTURESFOURNISSEURS_020726-060434_ST_FAC02_639185690741033341_001;;;;;;JE.FR.APXIISIM.TAX_RULE;CRE/M;;;;;;;;;;;;;;;;;;;;;AMONTS;;;EMU FIXED;2026-07-03T11:57:10;1;EUR;;ENERGIE;;;GROUPEDKA;;;2026-07-28T00:00:00;7788357;;;88;;;;;;;;;01/07/2026;;;;;;;;;;;;;;;;;;;;;;;;;;;;;;DMS0001;;;;;;;;;;;;;;;;;;;;;;;;;;;;;;;;;;
12381039;0688K2607WWT6;STANDARD;2026-07-01T00:00:00;;5416;;;38496;;210.61;EUR;;;;;;GAZ2607Facture intragroupe CID 0688;;;2026-07-03T11:57:10;1277;1277;2026-07-03T11:57:10;1277;;;;;;;;;;GAZ;FAC02_SRC_FACTURESFOURNISSEURS_020726-060434_ST_FAC02_639185690741033341_001;;;;;;JE.FR.APXIISIM.TAX_RULE;CRE/M;;;;;;;;;;;;;;;;;;;;;AMONTS;;;EMU FIXED;2026-07-03T11:57:10;1;EUR;;ENERGIE;;;GROUPEDKA;;;2026-07-28T00:00:00;7788270;;;86;;;;;;;;;01/07/2026;;;;;;;;;;;;;;;;;;;;;;;;;;;;;;DEW0001;;;;;;;;;;;;;;;;;;;;;;;;;;;;;;;;;;
12381040;0688K2607WWW9;STANDARD;2026-07-01T00:00:00;;5416;;;39959;;68.44;EUR;;;;;;GAZ2607Facture intragroupe CID 0688;;;2026-07-03T11:57:10;1277;1277;2026-07-03T11:57:10;1277;;;;;;;;;;GAZ;FAC02_SRC_FACTURESFOURNISSEURS_020726-060434_ST_FAC02_639185690741033341_001;;;;;;JE.FR.APXIISIM.TAX_RULE;CRE/M;;;;;;;;;;;;;;;;;;;;;AMONTS;;;EMU FIXED;2026-07-03T11:57:10;1;EUR;;ENERGIE;;;GROUPEDKA;;;2026-07-28T00:00:00;7788414;;;89;;;;;;;;;01/07/2026;;;;;;;;;;;;;;;;;;;;;;;;;;;;;;DNA0001;;;;;;;;;;;;;;;;;;;;;;;;;;;;;;;;;;
12381041;0688K2607WXN5;STANDARD;2026-07-01T00:00:00;;5416;;;23958;;1529.33;EUR;;;;;;GAZ2607Facture intragroupe CID 0688;;;2026-07-03T11:57:10;1277;1277;2026-07-03T11:57:10;1277;;;;;;;;;;GAZ;FAC02_SRC_FACTURESFOURNISSEURS_020726-060434_ST_FAC02_639185690741033341_001;;;;;;JE.FR.APXIISIM.TAX_RULE;CRE/M;;;;;;;;;;;;;;;;;;;;;AMONTS;;;EMU FIXED;2026-07-03T11:57:10;1;EUR;;ENERGIE;;;GROUPEDKA;;;2026-07-28T00:00:00;7788489;;;90;;;;;;;;;01/07/2026;;;;;;;;;;;;;;;;;;;;;;;;;;;;;;DRW0001;;;;;;;;;;;;;;;;;;;;;;;;;;;;;;;;;;
12381042;0688K2607WXQ9;STANDARD;2026-07-01T00:00:00;;5416;;;29731;;823.56;EUR;;;;;;GAZ2607Facture intragroupe CID 0688;;;2026-07-03T11:57:10;1277;1277;2026-07-03T11:57:10;1277;;;;;;;;;;GAZ;FAC02_SRC_FACTURESFOURNISSEURS_020726-060434_ST_FAC02_639185690741033341_001;;;;;;JE.FR.APXIISIM.TAX_RULE;CRE/M;;;;;;;;;;;;;;;;;;;;;AMONTS;;;EMU FIXED;2026-07-03T11:57:10;1;EUR;;ENERGIE;;;GROUPEDKA;;;2026-07-28T00:00:00;7788549;;;91;;;;;;;;;01/07/2026;;;;;;;;;;;;;;;;;;;;;;;;;;;;;;DSW0001;;;;;;;;;;;;;;;;;;;;;;;;;;;;;;;;;;
12381043;0688K2607WXQ7;STANDARD;2026-07-01T00:00:00;;5416;;;29731;;221.99;EUR;;;;;;GAZ2607Facture intragroupe CID 0688;;;2026-07-03T11:57:10;1277;1277;2026-07-03T11:57:10;1277;;;;;;;;;;GAZ;FAC02_SRC_FACTURESFOURNISSEURS_020726-060434_ST_FAC02_639185690741033341_001;;;;;;JE.FR.APXIISIM.TAX_RULE;CRE/M;;;;;;;;;;;;;;;;;;;;;AMONTS;;;EMU FIXED;2026-07-03T11:57:10;1;EUR;;ENERGIE;;;GROUPEDKA;;;2026-07-28T00:00:00;7788549;;;91;;;;;;;;;01/07/2026;;;;;;;;;;;;;;;;;;;;;;;;;;;;;;DSW0001;;;;;;;;;;;;;;;;;;;;;;;;;;;;;;;;;;
12381044;0688K2607WXS2;STANDARD;2026-07-01T00:00:00;;5416;;;29731;;479.57;EUR;;;;;;GAZ2607Facture intragroupe CID 0688;;;2026-07-03T11:57:10;1277;1277;2026-07-03T11:57:10;1277;;;;;;;;;;GAZ;FAC02_SRC_FACTURESFOURNISSEURS_020726-060434_ST_FAC02_639185690741033341_001;;;;;;JE.FR.APXIISIM.TAX_RULE;CRE/M;;;;;;;;;;;;;;;;;;;;;AMONTS;;;EMU FIXED;2026-07-03T11:57:10;1;EUR;;ENERGIE;;;GROUPEDKA;;;2026-07-28T00:00:00;7788549;;;91;;;;;;;;;01/07/2026;;;;;;;;;;;;;;;;;;;;;;;;;;;;;;DSW0001;;;;;;;;;;;;;;;;;;;;;;;;;;;;;;;;;;
12381045;0688K2607WXS3;STANDARD;2026-07-01T00:00:00;;5416;;;29731;;458.98;EUR;;;;;;GAZ2607Facture intragroupe CID 0688;;;2026-07-03T11:57:10;1277;1277;2026-07-03T11:57:10;1277;;;;;;;;;;GAZ;FAC02_SRC_FACTURESFOURNISSEURS_020726-060434_ST_FAC02_639185690741033341_001;;;;;;JE.FR.APXIISIM.TAX_RULE;CRE/M;;;;;;;;;;;;;;;;;;;;;AMONTS;;;EMU FIXED;2026-07-03T11:57:10;1;EUR;;ENERGIE;;;GROUPEDKA;;;2026-07-28T00:00:00;7788549;;;91;;;;;;;;;01/07/2026;;;;;;;;;;;;;;;;;;;;;;;;;;;;;;DSW0001;;;;;;;;;;;;;;;;;;;;;;;;;;;;;;;;;;
12381046;0688K2607WWY0;STANDARD;2026-07-01T00:00:00;;5416;;;38496;;171.25;EUR;;;;;;GAZ2607Facture intragroupe CID 0688;;;2026-07-03T11:57:10;1277;1277;2026-07-03T11:57:10;1277;;;;;;;;;;GAZ;FAC02_SRC_FACTURESFOURNISSEURS_020726-060434_ST_FAC02_639185690741033341_001;;;;;;JE.FR.APXIISIM.TAX_RULE;CRE/M;;;;;;;;;;;;;;;;;;;;;AMONTS;;;EMU FIXED;2026-07-03T11:57:10;1;EUR;;ENERGIE;;;GROUPEDKA;;;2026-07-28T00:00:00;7788270;;;86;;;;;;;;;01/07/2026;;;;;;;;;;;;;;;;;;;;;;;;;;;;;;DEW0001;;;;;;;;;;;;;;;;;;;;;;;;;;;;;;;;;;
12381047;0688K2607WWW8;STANDARD;2026-07-01T00:00:00;;5416;;;18431;;713.19;EUR;;;;;;GAZ2607Facture intragroupe CID 0688;;;2026-07-03T11:57:10;1277;1277;2026-07-03T11:57:10;1277;;;;;;;;;;GAZ;FAC02_SRC_FACTURESFOURNISSEURS_020726-060434_ST_FAC02_639185690741033341_001;;;;;;JE.FR.APXIISIM.TAX_RULE;CRE/M;;;;;;;;;;;;;;;;;;;;;AMONTS;;;EMU FIXED;2026-07-03T11:57:10;1;EUR;;ENERGIE;;;GROUPEDKA;;;2026-07-28T00:00:00;7788225;;;85;;;;;;;;;01/07/2026;;;;;;;;;;;;;;;;;;;;;;;;;;;;;;DCW0001;;;;;;;;;;;;;;;;;;;;;;;;;;;;;;;;;;
12381048;0688K2607WXH0;STANDARD;2026-07-01T00:00:00;;5416;;;10557;;153.73;EUR;;;;;;GAZ2607Facture intragroupe CID 0688;;;2026-07-03T11:57:10;1277;1277;2026-07-03T11:57:10;1277;;;;;;;;;;GAZ;FAC02_SRC_FACTURESFOURNISSEURS_020726-060434_ST_FAC02_639185690741033341_001;;;;;;JE.FR.APXIISIM.TAX_RULE;CRE/M;;;;;;;;;;;;;;;;;;;;;AMONTS;;;EMU FIXED;2026-07-03T11:57:10;1;EUR;;ENERGIE;;;GROUPEDKA;;;2026-07-28T00:00:00;7788357;;;88;;;;;;;;;01/07/2026;;;;;;;;;;;;;;;;;;;;;;;;;;;;;;DMS0001;;;;;;;;;;;;;;;;;;;;;;;;;;;;;;;;;;
12381049;0688K2607WXG1;STANDARD;2026-07-01T00:00:00;;5416;;;10557;;225.68;EUR;;;;;;GAZ2607Facture intragroupe CID 0688;;;2026-07-03T11:57:10;1277;1277;2026-07-03T11:57:10;1277;;;;;;;;;;GAZ;FAC02_SRC_FACTURESFOURNISSEURS_020726-060434_ST_FAC02_639185690741033341_001;;;;;;JE.FR.APXIISIM.TAX_RULE;CRE/M;;;;;;;;;;;;;;;;;;;;;AMONTS;;;EMU FIXED;2026-07-03T11:57:10;1;EUR;;ENERGIE;;;GROUPEDKA;;;2026-07-28T00:00:00;7788357;;;88;;;;;;;;;01/07/2026;;;;;;;;;;;;;;;;;;;;;;;;;;;;;;DMS0001;;;;;;;;;;;;;;;;;;;;;;;;;;;;;;;;;;
12381050;0688K2607WXE9;STANDARD;2026-07-01T00:00:00;;5416;;;10557;;1221.88;EUR;;;;;;GAZ2607Facture intragroupe CID 0688;;;2026-07-03T11:57:10;1277;1277;2026-07-03T11:57:10;1277;;;;;;;;;;GAZ;FAC02_SRC_FACTURESFOURNISSEURS_020726-060434_ST_FAC02_639185690741033341_001;;;;;;JE.FR.APXIISIM.TAX_RULE;CRE/M;;;;;;;;;;;;;;;;;;;;;AMONTS;;;EMU FIXED;2026-07-03T11:57:10;1;EUR;;ENERGIE;;;GROUPEDKA;;;2026-07-28T00:00:00;7788357;;;88;;;;;;;;;01/07/2026;;;;;;;;;;;;;;;;;;;;;;;;;;;;;;DMS0001;;;;;;;;;;;;;;;;;;;;;;;;;;;;;;;;;;
12381051;0688K2607WXH5;STANDARD;2026-07-01T00:00:00;;5416;;;10557;;1557.20;EUR;;;;;;GAZ2607Facture intragroupe CID 0688;;;2026-07-03T11:57:10;1277;1277;2026-07-03T11:57:10;1277;;;;;;;;;;GAZ;FAC02_SRC_FACTURESFOURNISSEURS_020726-060434_ST_FAC02_639185690741033341_001;;;;;;JE.FR.APXIISIM.TAX_RULE;CRE/M;;;;;;;;;;;;;;;;;;;;;AMONTS;;;EMU FIXED;2026-07-03T11:57:10;1;EUR;;ENERGIE;;;GROUPEDKA;;;2026-07-28T00:00:00;7788357;;;88;;;;;;;;;01/07/2026;;;;;;;;;;;;;;;;;;;;;;;;;;;;;;DMS0001;;;;;;;;;;;;;;;;;;;;;;;;;;;;;;;;;;
12381052;0688K2607WWP4;STANDARD;2026-07-01T00:00:00;;5416;;;38496;;151.88;EUR;;;;;;GAZ2607Facture intragroupe CID 0688;;;2026-07-03T11:57:10;1277;1277;2026-07-03T11:57:10;1277;;;;;;;;;;GAZ;FAC02_SRC_FACTURESFOURNISSEURS_020726-060434_ST_FAC02_639185690741033341_001;;;;;;JE.FR.APXIISIM.TAX_RULE;CRE/M;;;;;;;;;;;;;;;;;;;;;AMONTS;;;EMU FIXED;2026-07-03T11:57:10;1;EUR;;ENERGIE;;;GROUPEDKA;;;2026-07-28T00:00:00;7788270;;;86;;;;;;;;;01/07/2026;;;;;;;;;;;;;;;;;;;;;;;;;;;;;;DEW0001;;;;;;;;;;;;;;;;;;;;;;;;;;;;;;;;;;
12381053;0688K2607WWP1;STANDARD;2026-07-01T00:00:00;;5416;;;38496;;69.97;EUR;;;;;;GAZ2607Facture intragroupe CID 0688;;;2026-07-03T11:57:10;1277;1277;2026-07-03T11:57:10;1277;;;;;;;;;;GAZ;FAC02_SRC_FACTURESFOURNISSEURS_020726-060434_ST_FAC02_639185690741033341_001;;;;;;JE.FR.APXIISIM.TAX_RULE;CRE/M;;;;;;;;;;;;;;;;;;;;;AMONTS;;;EMU FIXED;2026-07-03T11:57:10;1;EUR;;ENERGIE;;;GROUPEDKA;;;2026-07-28T00:00:00;7788270;;;86;;;;;;;;;01/07/2026;;;;;;;;;;;;;;;;;;;;;;;;;;;;;;DEW0001;;;;;;;;;;;;;;;;;;;;;;;;;;;;;;;;;;
12381054;0688K2607WXQ6;STANDARD;2026-07-01T00:00:00;;5416;;;29731;;181.16;EUR;;;;;;GAZ2607Facture intragroupe CID 0688;;;2026-07-03T11:57:10;1277;1277;2026-07-03T11:57:10;1277;;;;;;;;;;GAZ;FAC02_SRC_FACTURESFOURNISSEURS_020726-060434_ST_FAC02_639185690741033341_001;;;;;;JE.FR.APXIISIM.TAX_RULE;CRE/M;;;;;;;;;;;;;;;;;;;;;AMONTS;;;EMU FIXED;2026-07-03T11:57:10;1;EUR;;ENERGIE;;;GROUPEDKA;;;2026-07-28T00:00:00;7788549;;;91;;;;;;;;;01/07/2026;;;;;;;;;;;;;;;;;;;;;;;;;;;;;;DSW0001;;;;;;;;;;;;;;;;;;;;;;;;;;;;;;;;;;
12381055;0688K2607WXJ5;STANDARD;2026-07-01T00:00:00;;5416;;;39959;;438.67;EUR;;;;;;GAZ2607Facture intragroupe CID 0688;;;2026-07-03T11:57:10;1277;1277;2026-07-03T11:57:10;1277;;;;;;;;;;GAZ;FAC02_SRC_FACTURESFOURNISSEURS_020726-060434_ST_FAC02_639185690741033341_001;;;;;;JE.FR.APXIISIM.TAX_RULE;CRE/M;;;;;;;;;;;;;;;;;;;;;AMONTS;;;EMU FIXED;2026-07-03T11:57:10;1;EUR;;ENERGIE;;;GROUPEDKA;;;2026-07-28T00:00:00;7788414;;;89;;;;;;;;;01/07/2026;;;;;;;;;;;;;;;;;;;;;;;;;;;;;;DNA0001;;;;;;;;;;;;;;;;;;;;;;;;;;;;;;;;;;
12381056;0688K2607WXU5;STANDARD;2026-07-01T00:00:00;;5416;;;29731;;162.96;EUR;;;;;;GAZ2607Facture intragroupe CID 0688;;;2026-07-03T11:57:10;1277;1277;2026-07-03T11:57:10;1277;;;;;;;;;;GAZ;FAC02_SRC_FACTURESFOURNISSEURS_020726-060434_ST_FAC02_639185690741033341_001;;;;;;JE.FR.APXIISIM.TAX_RULE;CRE/M;;;;;;;;;;;;;;;;;;;;;AMONTS;;;EMU FIXED;2026-07-03T11:57:10;1;EUR;;ENERGIE;;;GROUPEDKA;;;2026-07-28T00:00:00;7788549;;;91;;;;;;;;;01/07/2026;;;;;;;;;;;;;;;;;;;;;;;;;;;;;;DSW0001;;;;;;;;;;;;;;;;;;;;;;;;;;;;;;;;;;
12381057;0688K2607WXM3;STANDARD;2026-07-01T00:00:00;;5416;;;23958;;348.98;EUR;;;;;;GAZ2607Facture intragroupe CID 0688;;;2026-07-03T11:57:10;1277;1277;2026-07-03T11:57:10;1277;;;;;;;;;;GAZ;FAC02_SRC_FACTURESFOURNISSEURS_020726-060434_ST_FAC02_639185690741033341_001;;;;;;JE.FR.APXIISIM.TAX_RULE;CRE/M;;;;;;;;;;;;;;;;;;;;;AMONTS;;;EMU FIXED;2026-07-03T11:57:10;1;EUR;;ENERGIE;;;GROUPEDKA;;;2026-07-28T00:00:00;7788489;;;90;;;;;;;;;01/07/2026;;;;;;;;;;;;;;;;;;;;;;;;;;;;;;DRW0001;;;;;;;;;;;;;;;;;;;;;;;;;;;;;;;;;;
12381058;0688K2607WWS5;STANDARD;2026-07-01T00:00:00;;5416;;;38496;;623.31;EUR;;;;;;GAZ2607Facture intragroupe CID 0688;;;2026-07-03T11:57:10;1277;1277;2026-07-03T11:57:10;1277;;;;;;;;;;GAZ;FAC02_SRC_FACTURESFOURNISSEURS_020726-060434_ST_FAC02_639185690741033341_001;;;;;;JE.FR.APXIISIM.TAX_RULE;CRE/M;;;;;;;;;;;;;;;;;;;;;AMONTS;;;EMU FIXED;2026-07-03T11:57:10;1;EUR;;ENERGIE;;;GROUPEDKA;;;2026-07-28T00:00:00;7788270;;;86;;;;;;;;;01/07/2026;;;;;;;;;;;;;;;;;;;;;;;;;;;;;;DEW0001;;;;;;;;;;;;;;;;;;;;;;;;;;;;;;;;;;
12381059;0688K2607WXT9;STANDARD;2026-07-01T00:00:00;;5416;;;29731;;585.96;EUR;;;;;;GAZ2607Facture intragroupe CID 0688;;;2026-07-03T11:57:10;1277;1277;2026-07-03T11:57:10;1277;;;;;;;;;;GAZ;FAC02_SRC_FACTURESFOURNISSEURS_020726-060434_ST_FAC02_639185690741033341_001;;;;;;JE.FR.APXIISIM.TAX_RULE;CRE/M;;;;;;;;;;;;;;;;;;;;;AMONTS;;;EMU FIXED;2026-07-03T11:57:10;1;EUR;;ENERGIE;;;GROUPEDKA;;;2026-07-28T00:00:00;7788549;;;91;;;;;;;;;01/07/2026;;;;;;;;;;;;;;;;;;;;;;;;;;;;;;DSW0001;;;;;;;;;;;;;;;;;;;;;;;;;;;;;;;;;;
12381060;0688K2607WXS1;STANDARD;2026-07-01T00:00:00;;5416;;;29731;;455.85;EUR;;;;;;GAZ2607Facture intragroupe CID 0688;;;2026-07-03T11:57:10;1277;1277;2026-07-03T11:57:10;1277;;;;;;;;;;GAZ;FAC02_SRC_FACTURESFOURNISSEURS_020726-060434_ST_FAC02_639185690741033341_001;;;;;;JE.FR.APXIISIM.TAX_RULE;CRE/M;;;;;;;;;;;;;;;;;;;;;AMONTS;;;EMU FIXED;2026-07-03T11:57:10;1;EUR;;ENERGIE;;;GROUPEDKA;;;2026-07-28T00:00:00;7788549;;;91;;;;;;;;;01/07/2026;;;;;;;;;;;;;;;;;;;;;;;;;;;;;;DSW0001;;;;;;;;;;;;;;;;;;;;;;;;;;;;;;;;;;
12381061;0688K2607WXX0;STANDARD;2026-07-01T00:00:00;;5416;;;29731;;277.52;EUR;;;;;;GAZ2607Facture intragroupe CID 0688;;;2026-07-03T11:57:10;1277;1277;2026-07-03T11:57:10;1277;;;;;;;;;;GAZ;FAC02_SRC_FACTURESFOURNISSEURS_020726-060434_ST_FAC02_639185690741033341_001;;;;;;JE.FR.APXIISIM.TAX_RULE;CRE/M;;;;;;;;;;;;;;;;;;;;;AMONTS;;;EMU FIXED;2026-07-03T11:57:10;1;EUR;;ENERGIE;;;GROUPEDKA;;;2026-07-28T00:00:00;7788549;;;91;;;;;;;;;01/07/2026;;;;;;;;;;;;;;;;;;;;;;;;;;;;;;DSW0001;;;;;;;;;;;;;;;;;;;;;;;;;;;;;;;;;;
12381062;0688K2607WXX3;STANDARD;2026-07-01T00:00:00;;5416;;;29731;;144.09;EUR;;;;;;GAZ2607Facture intragroupe CID 0688;;;2026-07-03T11:57:10;1277;1277;2026-07-03T11:57:10;1277;;;;;;;;;;GAZ;FAC02_SRC_FACTURESFOURNISSEURS_020726-060434_ST_FAC02_639185690741033341_001;;;;;;JE.FR.APXIISIM.TAX_RULE;CRE/M;;;;;;;;;;;;;;;;;;;;;AMONTS;;;EMU FIXED;2026-07-03T11:57:10;1;EUR;;ENERGIE;;;GROUPEDKA;;;2026-07-28T00:00:00;7788549;;;91;;;;;;;;;01/07/2026;;;;;;;;;;;;;;;;;;;;;;;;;;;;;;DSW0001;;;;;;;;;;;;;;;;;;;;;;;;;;;;;;;;;;
12381063;0688K2607WWQ4;STANDARD;2026-07-01T00:00:00;;5416;;;38496;;97.20;EUR;;;;;;GAZ2607Facture intragroupe CID 0688;;;2026-07-03T11:57:10;1277;1277;2026-07-03T11:57:10;1277;;;;;;;;;;GAZ;FAC02_SRC_FACTURESFOURNISSEURS_020726-060434_ST_FAC02_639185690741033341_001;;;;;;JE.FR.APXIISIM.TAX_RULE;CRE/M;;;;;;;;;;;;;;;;;;;;;AMONTS;;;EMU FIXED;2026-07-03T11:57:10;1;EUR;;ENERGIE;;;GROUPEDKA;;;2026-07-28T00:00:00;7788270;;;86;;;;;;;;;01/07/2026;;;;;;;;;;;;;;;;;;;;;;;;;;;;;;DEW0001;;;;;;;;;;;;;;;;;;;;;;;;;;;;;;;;;;
12381064;0688K2607WXU8;STANDARD;2026-07-01T00:00:00;;5416;;;29731;;164.24;EUR;;;;;;GAZ2607Facture intragroupe CID 0688;;;2026-07-03T11:57:10;1277;1277;2026-07-03T11:57:10;1277;;;;;;;;;;GAZ;FAC02_SRC_FACTURESFOURNISSEURS_020726-060434_ST_FAC02_639185690741033341_001;;;;;;JE.FR.APXIISIM.TAX_RULE;CRE/M;;;;;;;;;;;;;;;;;;;;;AMONTS;;;EMU FIXED;2026-07-03T11:57:10;1;EUR;;ENERGIE;;;GROUPEDKA;;;2026-07-28T00:00:00;7788549;;;91;;;;;;;;;01/07/2026;;;;;;;;;;;;;;;;;;;;;;;;;;;;;;DSW0001;;;;;;;;;;;;;;;;;;;;;;;;;;;;;;;;;;
12381065;0414R26070549;STANDARD;2026-07-01T00:00:00;;3759;;;345014;;200386.80;EUR;;;;;;ING2607Facture intragroupe CID 0414;;;2026-07-03T11:57:10;1277;1277;2026-07-03T11:57:10;1277;;;;;;;;;;ING;FAC02_SRC_FACTURESFOURNISSEURS_020726-060434_ST_FAC02_639185690741033341_001;;;;;;JE.FR.APXIISIM.TAX_RULE;CRE/M;;;;;;;;;;;;;;;;;;;;;AMONTS;;;EMU FIXED;2026-07-03T11:57:10;1;EUR;;ENERGIE;;;GROUPEDKA;;;2026-07-28T00:00:00;13033523;;;257;;;;;;;;;01/07/2026;;;;;;;;;;;;;;;;;;;;;;;;;;;;;;DRW0184;;;;;;;;;;;;;;;;;;;;;;;;;;;;;;;;;;
12381066;0414R26070550;STANDARD;2026-07-01T00:00:00;;3759;;;345014;;179700.10;EUR;;;;;;ING2607Facture intragroupe CID 0414;;;2026-07-03T11:57:10;1277;1277;2026-07-03T11:57:10;1277;;;;;;;;;;ING;FAC02_SRC_FACTURESFOURNISSEURS_020726-060434_ST_FAC02_639185690741033341_001;;;;;;JE.FR.APXIISIM.TAX_RULE;CRE/M;;;;;;;;;;;;;;;;;;;;;AMONTS;;;EMU FIXED;2026-07-03T11:57:10;1;EUR;;ENERGIE;;;GROUPEDKA;;;2026-07-28T00:00:00;13033523;;;257;;;;;;;;;01/07/2026;;;;;;;;;;;;;;;;;;;;;;;;;;;;;;DRW0184;;;;;;;;;;;;;;;;;;;;;;;;;;;;;;;;;;
12381067;0001S2607VNN2;STANDARD;2026-07-01T00:00:00;;815;;;3703677;;59725.09;EUR;;;;;;ING2607Facture intragroupe CID 0001;;;2026-07-03T11:57:10;1277;1277;2026-07-03T11:57:10;1277;;;;;;;;;;ING;FAC02_SRC_FACTURESFOURNISSEURS_020726-060434_ST_FAC02_639185690741033341_001;;;;;;JE.FR.APXIISIM.TAX_RULE;CRE/M;;;;;;;;;;;;;;;;;;;;;AMONTS;;;EMU FIXED;2026-07-03T11:57:10;1;EUR;;ENERGIE;;;GROUPEDKA;;;2026-07-28T00:00:00;7785562;;;332;;;;;;;;;01/07/2026;;;;;;;;;;;;;;;;;;;;;;;;;;;;;;DSW0148;;;;;;;;;;;;;;;;;;;;;;;;;;;;;;;;;;
12381068;0261L26070029;STANDARD;2026-07-01T00:00:00;;7226;;;18722;;183273.95;EUR;;;;;;ING2607Facture intragroupe CID 0261;;;2026-07-03T11:57:10;1277;1277;2026-07-03T11:57:10;1277;;;;;;;;;;ING;FAC02_SRC_FACTURESFOURNISSEURS_020726-060434_ST_FAC02_639185690741033341_001;;;;;;JE.FR.APXIISIM.TAX_RULE;CRE/M;;;;;;;;;;;;;;;;;;;;;AMONTS;;;EMU FIXED;2026-07-03T11:57:10;1;EUR;;ENERGIE;;;GROUPEDKA;;;2026-07-28T00:00:00;7789822;;;164;;;;;;;;;01/07/2026;;;;;;;;;;;;;;;;;;;;;;;;;;;;;;DLS0034;;;;;;;;;;;;;;;;;;;;;;;;;;;;;;;;;;
12381069;0688K2607WWR6;STANDARD;2026-07-01T00:00:00;;5416;;;39959;;141.06;EUR;;;;;;GAZ2607Facture intragroupe CID 0688;;;2026-07-03T11:57:10;1277;1277;2026-07-03T11:57:10;1277;;;;;;;;;;GAZ;FAC02_SRC_FACTURESFOURNISSEURS_020726-060434_ST_FAC02_639185690741033341_001;;;;;;JE.FR.APXIISIM.TAX_RULE;CRE/M;;;;;;;;;;;;;;;;;;;;;AMONTS;;;EMU FIXED;2026-07-03T11:57:10;1;EUR;;ENERGIE;;;GROUPEDKA;;;2026-07-28T00:00:00;7788414;;;89;;;;;;;;;01/07/2026;;;;;;;;;;;;;;;;;;;;;;;;;;;;;;DNA0001;;;;;;;;;;;;;;;;;;;;;;;;;;;;;;;;;;
12381070;0414R26070561;STANDARD;2026-07-01T00:00:00;;3759;;;345014;;8530.06;EUR;;;;;;ING2607Facture intragroupe CID 0414;;;2026-07-03T11:57:10;1277;1277;2026-07-03T11:57:10;1277;;;;;;;;;;ING;FAC02_SRC_FACTURESFOURNISSEURS_020726-060434_ST_FAC02_639185690741033341_001;;;;;;JE.FR.APXIISIM.TAX_RULE;CRE/M;;;;;;;;;;;;;;;;;;;;;AMONTS;;;EMU FIXED;2026-07-03T11:57:10;1;EUR;;ENERGIE;;;GROUPEDKA;;;2026-07-28T00:00:00;13033523;;;257;;;;;;;;;01/07/2026;;;;;;;;;;;;;;;;;;;;;;;;;;;;;;DRW0184;;;;;;;;;;;;;;;;;;;;;;;;;;;;;;;;;;
12381071;0688K2607WXJ7;STANDARD;2026-07-01T00:00:00;;5416;;;39959;;41.78;EUR;;;;;;GAZ2607Facture intragroupe CID 0688;;;2026-07-03T11:57:10;1277;1277;2026-07-03T11:57:10;1277;;;;;;;;;;GAZ;FAC02_SRC_FACTURESFOURNISSEURS_020726-060434_ST_FAC02_639185690741033341_001;;;;;;JE.FR.APXIISIM.TAX_RULE;CRE/M;;;;;;;;;;;;;;;;;;;;;AMONTS;;;EMU FIXED;2026-07-03T11:57:10;1;EUR;;ENERGIE;;;GROUPEDKA;;;2026-07-28T00:00:00;7788414;;;89;;;;;;;;;01/07/2026;;;;;;;;;;;;;;;;;;;;;;;;;;;;;;DNA0001;;;;;;;;;;;;;;;;;;;;;;;;;;;;;;;;;;
12381072;0688K2607WXY2;STANDARD;2026-07-01T00:00:00;;5416;;;29731;;274.54;EUR;;;;;;GAZ2607Facture intragroupe CID 0688;;;2026-07-03T11:57:10;1277;1277;2026-07-03T11:57:10;1277;;;;;;;;;;GAZ;FAC02_SRC_FACTURESFOURNISSEURS_020726-060434_ST_FAC02_639185690741033341_001;;;;;;JE.FR.APXIISIM.TAX_RULE;CRE/M;;;;;;;;;;;;;;;;;;;;;AMONTS;;;EMU FIXED;2026-07-03T11:57:10;1;EUR;;ENERGIE;;;GROUPEDKA;;;2026-07-28T00:00:00;7788549;;;91;;;;;;;;;01/07/2026;;;;;;;;;;;;;;;;;;;;;;;;;;;;;;DSW0001;;;;;;;;;;;;;;;;;;;;;;;;;;;;;;;;;;
12381073;0688K2607WXL1;STANDARD;2026-07-01T00:00:00;;5416;;;18431;;398.26;EUR;;;;;;GAZ2607Facture intragroupe CID 0688;;;2026-07-03T11:57:10;1277;1277;2026-07-03T11:57:10;1277;;;;;;;;;;GAZ;FAC02_SRC_FACTURESFOURNISSEURS_020726-060434_ST_FAC02_639185690741033341_001;;;;;;JE.FR.APXIISIM.TAX_RULE;CRE/M;;;;;;;;;;;;;;;;;;;;;AMONTS;;;EMU FIXED;2026-07-03T11:57:10;1;EUR;;ENERGIE;;;GROUPEDKA;;;2026-07-28T00:00:00;7788225;;;85;;;;;;;;;01/07/2026;;;;;;;;;;;;;;;;;;;;;;;;;;;;;;DCW0001;;;;;;;;;;;;;;;;;;;;;;;;;;;;;;;;;;
12381074;0688K2607WXS7;STANDARD;2026-07-01T00:00:00;;5416;;;29731;;353.72;EUR;;;;;;GAZ2607Facture intragroupe CID 0688;;;2026-07-03T11:57:10;1277;1277;2026-07-03T11:57:10;1277;;;;;;;;;;GAZ;FAC02_SRC_FACTURESFOURNISSEURS_020726-060434_ST_FAC02_639185690741033341_001;;;;;;JE.FR.APXIISIM.TAX_RULE;CRE/M;;;;;;;;;;;;;;;;;;;;;AMONTS;;;EMU FIXED;2026-07-03T11:57:10;1;EUR;;ENERGIE;;;GROUPEDKA;;;2026-07-28T00:00:00;7788549;;;91;;;;;;;;;01/07/2026;;;;;;;;;;;;;;;;;;;;;;;;;;;;;;DSW0001;;;;;;;;;;;;;;;;;;;;;;;;;;;;;;;;;;
12381075;0414R26070562;STANDARD;2026-07-01T00:00:00;;3759;;;3503657;;97066.47;EUR;;;;;;ING2607Facture intragroupe CID 0414;;;2026-07-03T11:57:10;1277;1277;2026-07-03T11:57:10;1277;;;;;;;;;;ING;FAC02_SRC_FACTURESFOURNISSEURS_020726-060434_ST_FAC02_639185690741033341_001;;;;;;JE.FR.APXIISIM.TAX_RULE;CRE/M;;;;;;;;;;;;;;;;;;;;;AMONTS;;;EMU FIXED;2026-07-03T11:57:10;1;EUR;;ENERGIE;;;GROUPEDKA;;;2026-07-28T00:00:00;15411872;;;5761;;;;;;;;;01/07/2026;;;;;;;;;;;;;;;;;;;;;;;;;;;;;;DRW0453;;;;;;;;;;;;;;;;;;;;;;;;;;;;;;;;;;
12381076;0414R26070563;STANDARD;2026-07-01T00:00:00;;3759;;;3503657;;82439.28;EUR;;;;;;ING2607Facture intragroupe CID 0414;;;2026-07-03T11:57:10;1277;1277;2026-07-03T11:57:10;1277;;;;;;;;;;ING;FAC02_SRC_FACTURESFOURNISSEURS_020726-060434_ST_FAC02_639185690741033341_001;;;;;;JE.FR.APXIISIM.TAX_RULE;CRE/M;;;;;;;;;;;;;;;;;;;;;AMONTS;;;EMU FIXED;2026-07-03T11:57:10;1;EUR;;ENERGIE;;;GROUPEDKA;;;2026-07-28T00:00:00;15411872;;;5761;;;;;;;;;01/07/2026;;;;;;;;;;;;;;;;;;;;;;;;;;;;;;DRW0453;;;;;;;;;;;;;;;;;;;;;;;;;;;;;;;;;;
12381077;0688K2607WXJ8;STANDARD;2026-07-01T00:00:00;;5416;;;39959;;662.85;EUR;;;;;;GAZ2607Facture intragroupe CID 0688;;;2026-07-03T11:57:10;1277;1277;2026-07-03T11:57:10;1277;;;;;;;;;;GAZ;FAC02_SRC_FACTURESFOURNISSEURS_020726-060434_ST_FAC02_639185690741033341_001;;;;;;JE.FR.APXIISIM.TAX_RULE;CRE/M;;;;;;;;;;;;;;;;;;;;;AMONTS;;;EMU FIXED;2026-07-03T11:57:10;1;EUR;;ENERGIE;;;GROUPEDKA;;;2026-07-28T00:00:00;7788414;;;89;;;;;;;;;01/07/2026;;;;;;;;;;;;;;;;;;;;;;;;;;;;;;DNA0001;;;;;;;;;;;;;;;;;;;;;;;;;;;;;;;;;;
12381078;0688K2607WXF8;STANDARD;2026-07-01T00:00:00;;5416;;;10557;;667.61;EUR;;;;;;GAZ2607Facture intragroupe CID 0688;;;2026-07-03T11:57:10;1277;1277;2026-07-03T11:57:10;1277;;;;;;;;;;GAZ;FAC02_SRC_FACTURESFOURNISSEURS_020726-060434_ST_FAC02_639185690741033341_001;;;;;;JE.FR.APXIISIM.TAX_RULE;CRE/M;;;;;;;;;;;;;;;;;;;;;AMONTS;;;EMU FIXED;2026-07-03T11:57:10;1;EUR;;ENERGIE;;;GROUPEDKA;;;2026-07-28T00:00:00;7788357;;;88;;;;;;;;;01/07/2026;;;;;;;;;;;;;;;;;;;;;;;;;;;;;;DMS0001;;;;;;;;;;;;;;;;;;;;;;;;;;;;;;;;;;
12381079;0688K2607WWP2;STANDARD;2026-07-01T00:00:00;;5416;;;38496;;444.28;EUR;;;;;;GAZ2607Facture intragroupe CID 0688;;;2026-07-03T11:57:10;1277;1277;2026-07-03T11:57:10;1277;;;;;;;;;;GAZ;FAC02_SRC_FACTURESFOURNISSEURS_020726-060434_ST_FAC02_639185690741033341_001;;;;;;JE.FR.APXIISIM.TAX_RULE;CRE/M;;;;;;;;;;;;;;;;;;;;;AMONTS;;;EMU FIXED;2026-07-03T11:57:10;1;EUR;;ENERGIE;;;GROUPEDKA;;;2026-07-28T00:00:00;7788270;;;86;;;;;;;;;01/07/2026;;;;;;;;;;;;;;;;;;;;;;;;;;;;;;DEW0001;;;;;;;;;;;;;;;;;;;;;;;;;;;;;;;;;;
12381080;0688K2607WXH3;STANDARD;2026-07-01T00:00:00;;5416;;;10557;;301.33;EUR;;;;;;GAZ2607Facture intragroupe CID 0688;;;2026-07-03T11:57:10;1277;1277;2026-07-03T11:57:10;1277;;;;;;;;;;GAZ;FAC02_SRC_FACTURESFOURNISSEURS_020726-060434_ST_FAC02_639185690741033341_001;;;;;;JE.FR.APXIISIM.TAX_RULE;CRE/M;;;;;;;;;;;;;;;;;;;;;AMONTS;;;EMU FIXED;2026-07-03T11:57:10;1;EUR;;ENERGIE;;;GROUPEDKA;;;2026-07-28T00:00:00;7788357;;;88;;;;;;;;;01/07/2026;;;;;;;;;;;;;;;;;;;;;;;;;;;;;;DMS0001;;;;;;;;;;;;;;;;;;;;;;;;;;;;;;;;;;
12381081;0688K2607WXW1;STANDARD;2026-07-01T00:00:00;;5416;;;29731;;983.04;EUR;;;;;;GAZ2607Facture intragroupe CID 0688;;;2026-07-03T11:57:10;1277;1277;2026-07-03T11:57:10;1277;;;;;;;;;;GAZ;FAC02_SRC_FACTURESFOURNISSEURS_020726-060434_ST_FAC02_639185690741033341_001;;;;;;JE.FR.APXIISIM.TAX_RULE;CRE/M;;;;;;;;;;;;;;;;;;;;;AMONTS;;;EMU FIXED;2026-07-03T11:57:10;1;EUR;;ENERGIE;;;GROUPEDKA;;;2026-07-28T00:00:00;7788549;;;91;;;;;;;;;01/07/2026;;;;;;;;;;;;;;;;;;;;;;;;;;;;;;DSW0001;;;;;;;;;;;;;;;;;;;;;;;;;;;;;;;;;;
12381082;0688K2607WWV1;STANDARD;2026-07-01T00:00:00;;5416;;;4609649;;275.94;EUR;;;;;;GAZ2607Facture intragroupe CID 0688;;;2026-07-03T11:57:10;1277;1277;2026-07-03T11:57:10;1277;;;;;;;;;;GAZ;FAC02_SRC_FACTURESFOURNISSEURS_020726-060434_ST_FAC02_639185690741033341_001;;;;;;JE.FR.APXIISIM.TAX_RULE;CRE/M;;;;;;;;;;;;;;;;;;;;;AMONTS;;;EMU FIXED;2026-07-03T11:57:10;1;EUR;;ENERGIE;;;GROUPEDKA;;;2026-07-28T00:00:00;16904306;;;9203;;;;;;;;;01/07/2026;;;;;;;;;;;;;;;;;;;;;;;;;;;;;;DEW0691;;;;;;;;;;;;;;;;;;;;;;;;;;;;;;;;;;
12381083;0688K2607WXB2;STANDARD;2026-07-01T00:00:00;;5416;;;38496;;178.10;EUR;;;;;;GAZ2607Facture intragroupe CID 0688;;;2026-07-03T11:57:10;1277;1277;2026-07-03T11:57:10;1277;;;;;;;;;;GAZ;FAC02_SRC_FACTURESFOURNISSEURS_020726-060434_ST_FAC02_639185690741033341_001;;;;;;JE.FR.APXIISIM.TAX_RULE;CRE/M;;;;;;;;;;;;;;;;;;;;;AMONTS;;;EMU FIXED;2026-07-03T11:57:10;1;EUR;;ENERGIE;;;GROUPEDKA;;;2026-07-28T00:00:00;7788270;;;86;;;;;;;;;01/07/2026;;;;;;;;;;;;;;;;;;;;;;;;;;;;;;DEW0001;;;;;;;;;;;;;;;;;;;;;;;;;;;;;;;;;;
12381084;0688K2607WXB3;STANDARD;2026-07-01T00:00:00;;5416;;;38496;;83.25;EUR;;;;;;GAZ2607Facture intragroupe CID 0688;;;2026-07-03T11:57:10;1277;1277;2026-07-03T11:57:10;1277;;;;;;;;;;GAZ;FAC02_SRC_FACTURESFOURNISSEURS_020726-060434_ST_FAC02_639185690741033341_001;;;;;;JE.FR.APXIISIM.TAX_RULE;CRE/M;;;;;;;;;;;;;;;;;;;;;AMONTS;;;EMU FIXED;2026-07-03T11:57:10;1;EUR;;ENERGIE;;;GROUPEDKA;;;2026-07-28T00:00:00;7788270;;;86;;;;;;;;;01/07/2026;;;;;;;;;;;;;;;;;;;;;;;;;;;;;;DEW0001;;;;;;;;;;;;;;;;;;;;;;;;;;;;;;;;;;
12381085;0688K2607WXB5;STANDARD;2026-07-01T00:00:00;;5416;;;38496;;65.21;EUR;;;;;;GAZ2607Facture intragroupe CID 0688;;;2026-07-03T11:57:10;1277;1277;2026-07-03T11:57:10;1277;;;;;;;;;;GAZ;FAC02_SRC_FACTURESFOURNISSEURS_020726-060434_ST_FAC02_639185690741033341_001;;;;;;JE.FR.APXIISIM.TAX_RULE;CRE/M;;;;;;;;;;;;;;;;;;;;;AMONTS;;;EMU FIXED;2026-07-03T11:57:10;1;EUR;;ENERGIE;;;GROUPEDKA;;;2026-07-28T00:00:00;7788270;;;86;;;;;;;;;01/07/2026;;;;;;;;;;;;;;;;;;;;;;;;;;;;;;DEW0001;;;;;;;;;;;;;;;;;;;;;;;;;;;;;;;;;;
12381086;0688K2607WXB4;STANDARD;2026-07-01T00:00:00;;5416;;;38496;;172.84;EUR;;;;;;GAZ2607Facture intragroupe CID 0688;;;2026-07-03T11:57:10;1277;1277;2026-07-03T11:57:10;1277;;;;;;;;;;GAZ;FAC02_SRC_FACTURESFOURNISSEURS_020726-060434_ST_FAC02_639185690741033341_001;;;;;;JE.FR.APXIISIM.TAX_RULE;CRE/M;;;;;;;;;;;;;;;;;;;;;AMONTS;;;EMU FIXED;2026-07-03T11:57:10;1;EUR;;ENERGIE;;;GROUPEDKA;;;2026-07-28T00:00:00;7788270;;;86;;;;;;;;;01/07/2026;;;;;;;;;;;;;;;;;;;;;;;;;;;;;;DEW0001;;;;;;;;;;;;;;;;;;;;;;;;;;;;;;;;;;
12381087;0688K2607WXU0;STANDARD;2026-07-01T00:00:00;;5416;;;29731;;440.31;EUR;;;;;;GAZ2607Facture intragroupe CID 0688;;;2026-07-03T11:57:10;1277;1277;2026-07-03T11:57:10;1277;;;;;;;;;;GAZ;FAC02_SRC_FACTURESFOURNISSEURS_020726-060434_ST_FAC02_639185690741033341_001;;;;;;JE.FR.APXIISIM.TAX_RULE;CRE/M;;;;;;;;;;;;;;;;;;;;;AMONTS;;;EMU FIXED;2026-07-03T11:57:10;1;EUR;;ENERGIE;;;GROUPEDKA;;;2026-07-28T00:00:00;7788549;;;91;;;;;;;;;01/07/2026;;;;;;;;;;;;;;;;;;;;;;;;;;;;;;DSW0001;;;;;;;;;;;;;;;;;;;;;;;;;;;;;;;;;;
12381088;0688K2607WXN2;STANDARD;2026-07-01T00:00:00;;5416;;;10557;;281.76;EUR;;;;;;GAZ2607Facture intragroupe CID 0688;;;2026-07-03T11:57:10;1277;1277;2026-07-03T11:57:10;1277;;;;;;;;;;GAZ;FAC02_SRC_FACTURESFOURNISSEURS_020726-060434_ST_FAC02_639185690741033341_001;;;;;;JE.FR.APXIISIM.TAX_RULE;CRE/M;;;;;;;;;;;;;;;;;;;;;AMONTS;;;EMU FIXED;2026-07-03T11:57:10;1;EUR;;ENERGIE;;;GROUPEDKA;;;2026-07-28T00:00:00;7788357;;;88;;;;;;;;;01/07/2026;;;;;;;;;;;;;;;;;;;;;;;;;;;;;;DMS0001;;;;;;;;;;;;;;;;;;;;;;;;;;;;;;;;;;
12381089;0653R26070199;STANDARD;2026-07-01T00:00:00;;5318;;;2978507;;94046.17;EUR;;;;;;ING2607Facture intragroupe CID 0653;;;2026-07-03T11:57:10;1277;1277;2026-07-03T11:57:10;1277;;;;;;;;;;ING;FAC02_SRC_FACTURESFOURNISSEURS_020726-060434_ST_FAC02_639185690741033341_001;;;;;;JE.FR.APXIISIM.TAX_RULE;CRE/M;;;;;;;;;;;;;;;;;;;;;AMONTS;;;EMU FIXED;2026-07-03T11:57:10;1;EUR;;ENERGIE;;;GROUPEDKA;;;2026-07-28T00:00:00;14591400;;;289;;;;;;;;;31/07/2026;;;;;;;;;;;;;;;;;;;;;;;;;;;;;;DRW0169;;;;;;;;;;;;;;;;;;;;;;;;;;;;;;;;;;
12381090;0688K2607WXZ0;STANDARD;2026-07-01T00:00:00;;5416;;;29731;;345.82;EUR;;;;;;GAZ2607Facture intragroupe CID 0688;;;2026-07-03T11:57:10;1277;1277;2026-07-03T11:57:10;1277;;;;;;;;;;GAZ;FAC02_SRC_FACTURESFOURNISSEURS_020726-060434_ST_FAC02_639185690741033341_001;;;;;;JE.FR.APXIISIM.TAX_RULE;CRE/M;;;;;;;;;;;;;;;;;;;;;AMONTS;;;EMU FIXED;2026-07-03T11:57:10;1;EUR;;ENERGIE;;;GROUPEDKA;;;2026-07-28T00:00:00;7788549;;;91;;;;;;;;;01/07/2026;;;;;;;;;;;;;;;;;;;;;;;;;;;;;;DSW0001;;;;;;;;;;;;;;;;;;;;;;;;;;;;;;;;;;
12381091;0688K2607WXY8;STANDARD;2026-07-01T00:00:00;;5416;;;29731;;78.88;EUR;;;;;;GAZ2607Facture intragroupe CID 0688;;;2026-07-03T11:57:10;1277;1277;2026-07-03T11:57:10;1277;;;;;;;;;;GAZ;FAC02_SRC_FACTURESFOURNISSEURS_020726-060434_ST_FAC02_639185690741033341_001;;;;;;JE.FR.APXIISIM.TAX_RULE;CRE/M;;;;;;;;;;;;;;;;;;;;;AMONTS;;;EMU FIXED;2026-07-03T11:57:10;1;EUR;;ENERGIE;;;GROUPEDKA;;;2026-07-28T00:00:00;7788549;;;91;;;;;;;;;01/07/2026;;;;;;;;;;;;;;;;;;;;;;;;;;;;;;DSW0001;;;;;;;;;;;;;;;;;;;;;;;;;;;;;;;;;;
12381092;0688K2607WXL4;STANDARD;2026-07-01T00:00:00;;5416;;;17273;;162.56;EUR;;;;;;GAZ2607Facture intragroupe CID 0688;;;2026-07-03T11:57:10;1277;1277;2026-07-03T11:57:10;1277;;;;;;;;;;GAZ;FAC02_SRC_FACTURESFOURNISSEURS_020726-060434_ST_FAC02_639185690741033341_001;;;;;;JE.FR.APXIISIM.TAX_RULE;CRE/M;;;;;;;;;;;;;;;;;;;;;AMONTS;;;EMU FIXED;2026-07-03T11:57:10;1;EUR;;ENERGIE;;;GROUPEDKA;;;2026-07-28T00:00:00;7788309;;;87;;;;;;;;;01/07/2026;;;;;;;;;;;;;;;;;;;;;;;;;;;;;;DLS0001;;;;;;;;;;;;;;;;;;;;;;;;;;;;;;;;;;
12381093;0688K2607WXM2;STANDARD;2026-07-01T00:00:00;;5416;;;23958;;279.09;EUR;;;;;;GAZ2607Facture intragroupe CID 0688;;;2026-07-03T11:57:10;1277;1277;2026-07-03T11:57:10;1277;;;;;;;;;;GAZ;FAC02_SRC_FACTURESFOURNISSEURS_020726-060434_ST_FAC02_639185690741033341_001;;;;;;JE.FR.APXIISIM.TAX_RULE;CRE/M;;;;;;;;;;;;;;;;;;;;;AMONTS;;;EMU FIXED;2026-07-03T11:57:10;1;EUR;;ENERGIE;;;GROUPEDKA;;;2026-07-28T00:00:00;7788489;;;90;;;;;;;;;01/07/2026;;;;;;;;;;;;;;;;;;;;;;;;;;;;;;DRW0001;;;;;;;;;;;;;;;;;;;;;;;;;;;;;;;;;;
12381094;0688K2607WXT2;STANDARD;2026-07-01T00:00:00;;5416;;;29731;;309.71;EUR;;;;;;GAZ2607Facture intragroupe CID 0688;;;2026-07-03T11:57:10;1277;1277;2026-07-03T11:57:10;1277;;;;;;;;;;GAZ;FAC02_SRC_FACTURESFOURNISSEURS_020726-060434_ST_FAC02_639185690741033341_001;;;;;;JE.FR.APXIISIM.TAX_RULE;CRE/M;;;;;;;;;;;;;;;;;;;;;AMONTS;;;EMU FIXED;2026-07-03T11:57:10;1;EUR;;ENERGIE;;;GROUPEDKA;;;2026-07-28T00:00:00;7788549;;;91;;;;;;;;;01/07/2026;;;;;;;;;;;;;;;;;;;;;;;;;;;;;;DSW0001;;;;;;;;;;;;;;;;;;;;;;;;;;;;;;;;;;
12381095;0688K2607WXT3;STANDARD;2026-07-01T00:00:00;;5416;;;29731;;242.36;EUR;;;;;;GAZ2607Facture intragroupe CID 0688;;;2026-07-03T11:57:10;1277;1277;2026-07-03T11:57:10;1277;;;;;;;;;;GAZ;FAC02_SRC_FACTURESFOURNISSEURS_020726-060434_ST_FAC02_639185690741033341_001;;;;;;JE.FR.APXIISIM.TAX_RULE;CRE/M;;;;;;;;;;;;;;;;;;;;;AMONTS;;;EMU FIXED;2026-07-03T11:57:10;1;EUR;;ENERGIE;;;GROUPEDKA;;;2026-07-28T00:00:00;7788549;;;91;;;;;;;;;01/07/2026;;;;;;;;;;;;;;;;;;;;;;;;;;;;;;DSW0001;;;;;;;;;;;;;;;;;;;;;;;;;;;;;;;;;;
12381096;0688K2607WXQ3;STANDARD;2026-07-01T00:00:00;;5416;;;29731;;105.23;EUR;;;;;;GAZ2607Facture intragroupe CID 0688;;;2026-07-03T11:57:10;1277;1277;2026-07-03T11:57:10;1277;;;;;;;;;;GAZ;FAC02_SRC_FACTURESFOURNISSEURS_020726-060434_ST_FAC02_639185690741033341_001;;;;;;JE.FR.APXIISIM.TAX_RULE;CRE/M;;;;;;;;;;;;;;;;;;;;;AMONTS;;;EMU FIXED;2026-07-03T11:57:10;1;EUR;;ENERGIE;;;GROUPEDKA;;;2026-07-28T00:00:00;7788549;;;91;;;;;;;;;01/07/2026;;;;;;;;;;;;;;;;;;;;;;;;;;;;;;DSW0001;;;;;;;;;;;;;;;;;;;;;;;;;;;;;;;;;;
12381097;0688K2607WXQ2;STANDARD;2026-07-01T00:00:00;;5416;;;29731;;174.72;EUR;;;;;;GAZ2607Facture intragroupe CID 0688;;;2026-07-03T11:57:10;1277;1277;2026-07-03T11:57:10;1277;;;;;;;;;;GAZ;FAC02_SRC_FACTURESFOURNISSEURS_020726-060434_ST_FAC02_639185690741033341_001;;;;;;JE.FR.APXIISIM.TAX_RULE;CRE/M;;;;;;;;;;;;;;;;;;;;;AMONTS;;;EMU FIXED;2026-07-03T11:57:10;1;EUR;;ENERGIE;;;GROUPEDKA;;;2026-07-28T00:00:00;7788549;;;91;;;;;;;;;01/07/2026;;;;;;;;;;;;;;;;;;;;;;;;;;;;;;DSW0001;;;;;;;;;;;;;;;;;;;;;;;;;;;;;;;;;;
12381098;0688K2607WXB8;STANDARD;2026-07-01T00:00:00;;5416;;;38496;;39.58;EUR;;;;;;GAZ2607Facture intragroupe CID 0688;;;2026-07-03T11:57:10;1277;1277;2026-07-03T11:57:10;1277;;;;;;;;;;GAZ;FAC02_SRC_FACTURESFOURNISSEURS_020726-060434_ST_FAC02_639185690741033341_001;;;;;;JE.FR.APXIISIM.TAX_RULE;CRE/M;;;;;;;;;;;;;;;;;;;;;AMONTS;;;EMU FIXED;2026-07-03T11:57:10;1;EUR;;ENERGIE;;;GROUPEDKA;;;2026-07-28T00:00:00;7788270;;;86;;;;;;;;;01/07/2026;;;;;;;;;;;;;;;;;;;;;;;;;;;;;;DEW0001;;;;;;;;;;;;;;;;;;;;;;;;;;;;;;;;;;
12381099;0688K2607WXB7;STANDARD;2026-07-01T00:00:00;;5416;;;38496;;178.86;EUR;;;;;;GAZ2607Facture intragroupe CID 0688;;;2026-07-03T11:57:10;1277;1277;2026-07-03T11:57:10;1277;;;;;;;;;;GAZ;FAC02_SRC_FACTURESFOURNISSEURS_020726-060434_ST_FAC02_639185690741033341_001;;;;;;JE.FR.APXIISIM.TAX_RULE;CRE/M;;;;;;;;;;;;;;;;;;;;;AMONTS;;;EMU FIXED;2026-07-03T11:57:10;1;EUR;;ENERGIE;;;GROUPEDKA;;;2026-07-28T00:00:00;7788270;;;86;;;;;;;;;01/07/2026;;;;;;;;;;;;;;;;;;;;;;;;;;;;;;DEW0001;;;;;;;;;;;;;;;;;;;;;;;;;;;;;;;;;;
12381100;0688K2607WWX1;STANDARD;2026-07-01T00:00:00;;5416;;;39959;;1290.66;EUR;;;;;;GAZ2607Facture intragroupe CID 0688;;;2026-07-03T11:57:10;1277;1277;2026-07-03T11:57:10;1277;;;;;;;;;;GAZ;FAC02_SRC_FACTURESFOURNISSEURS_020726-060434_ST_FAC02_639185690741033341_001;;;;;;JE.FR.APXIISIM.TAX_RULE;CRE/M;;;;;;;;;;;;;;;;;;;;;AMONTS;;;EMU FIXED;2026-07-03T11:57:10;1;EUR;;ENERGIE;;;GROUPEDKA;;;2026-07-28T00:00:00;7788414;;;89;;;;;;;;;01/07/2026;;;;;;;;;;;;;;;;;;;;;;;;;;;;;;DNA0001;;;;;;;;;;;;;;;;;;;;;;;;;;;;;;;;;;
12381101;0688K2607WWX6;STANDARD;2026-07-01T00:00:00;;5416;;;39959;;51.38;EUR;;;;;;GAZ2607Facture intragroupe CID 0688;;;2026-07-03T11:57:10;1277;1277;2026-07-03T11:57:10;1277;;;;;;;;;;GAZ;FAC02_SRC_FACTURESFOURNISSEURS_020726-060434_ST_FAC02_639185690741033341_001;;;;;;JE.FR.APXIISIM.TAX_RULE;CRE/M;;;;;;;;;;;;;;;;;;;;;AMONTS;;;EMU FIXED;2026-07-03T11:57:10;1;EUR;;ENERGIE;;;GROUPEDKA;;;2026-07-28T00:00:00;7788414;;;89;;;;;;;;;01/07/2026;;;;;;;;;;;;;;;;;;;;;;;;;;;;;;DNA0001;;;;;;;;;;;;;;;;;;;;;;;;;;;;;;;;;;
12381102;0688K2607WWX4;STANDARD;2026-07-01T00:00:00;;5416;;;39959;;105.14;EUR;;;;;;GAZ2607Facture intragroupe CID 0688;;;2026-07-03T11:57:10;1277;1277;2026-07-03T11:57:10;1277;;;;;;;;;;GAZ;FAC02_SRC_FACTURESFOURNISSEURS_020726-060434_ST_FAC02_639185690741033341_001;;;;;;JE.FR.APXIISIM.TAX_RULE;CRE/M;;;;;;;;;;;;;;;;;;;;;AMONTS;;;EMU FIXED;2026-07-03T11:57:10;1;EUR;;ENERGIE;;;GROUPEDKA;;;2026-07-28T00:00:00;7788414;;;89;;;;;;;;;01/07/2026;;;;;;;;;;;;;;;;;;;;;;;;;;;;;;DNA0001;;;;;;;;;;;;;;;;;;;;;;;;;;;;;;;;;;
12381103;0688K2607WXS9;STANDARD;2026-07-01T00:00:00;;5416;;;29731;;132.67;EUR;;;;;;GAZ2607Facture intragroupe CID 0688;;;2026-07-03T11:57:10;1277;1277;2026-07-03T11:57:10;1277;;;;;;;;;;GAZ;FAC02_SRC_FACTURESFOURNISSEURS_020726-060434_ST_FAC02_639185690741033341_001;;;;;;JE.FR.APXIISIM.TAX_RULE;CRE/M;;;;;;;;;;;;;;;;;;;;;AMONTS;;;EMU FIXED;2026-07-03T11:57:10;1;EUR;;ENERGIE;;;GROUPEDKA;;;2026-07-28T00:00:00;7788549;;;91;;;;;;;;;01/07/2026;;;;;;;;;;;;;;;;;;;;;;;;;;;;;;DSW0001;;;;;;;;;;;;;;;;;;;;;;;;;;;;;;;;;;
12381104;0688K2607WWS3;STANDARD;2026-07-01T00:00:00;;5416;;;17273;;189.06;EUR;;;;;;GAZ2607Facture intragroupe CID 0688;;;2026-07-03T11:57:10;1277;1277;2026-07-03T11:57:10;1277;;;;;;;;;;GAZ;FAC02_SRC_FACTURESFOURNISSEURS_020726-060434_ST_FAC02_639185690741033341_001;;;;;;JE.FR.APXIISIM.TAX_RULE;CRE/M;;;;;;;;;;;;;;;;;;;;;AMONTS;;;EMU FIXED;2026-07-03T11:57:10;1;EUR;;ENERGIE;;;GROUPEDKA;;;2026-07-28T00:00:00;7788309;;;87;;;;;;;;;01/07/2026;;;;;;;;;;;;;;;;;;;;;;;;;;;;;;DLS0001;;;;;;;;;;;;;;;;;;;;;;;;;;;;;;;;;;
12381105;0688K2607WWS4;STANDARD;2026-07-01T00:00:00;;5416;;;17273;;208.70;EUR;;;;;;GAZ2607Facture intragroupe CID 0688;;;2026-07-03T11:57:10;1277;1277;2026-07-03T11:57:10;1277;;;;;;;;;;GAZ;FAC02_SRC_FACTURESFOURNISSEURS_020726-060434_ST_FAC02_639185690741033341_001;;;;;;JE.FR.APXIISIM.TAX_RULE;CRE/M;;;;;;;;;;;;;;;;;;;;;AMONTS;;;EMU FIXED;2026-07-03T11:57:10;1;EUR;;ENERGIE;;;GROUPEDKA;;;2026-07-28T00:00:00;7788309;;;87;;;;;;;;;01/07/2026;;;;;;;;;;;;;;;;;;;;;;;;;;;;;;DLS0001;;;;;;;;;;;;;;;;;;;;;;;;;;;;;;;;;;
12381106;0001L2607XEM0;STANDARD;2026-07-01T00:00:00;;815;;;3703649;;31499.59;EUR;;;;;;ING2607Facture intragroupe CID 0001;;;2026-07-03T11:57:10;1277;1277;2026-07-03T11:57:10;1277;;;;;;;;;;ING;FAC02_SRC_FACTURESFOURNISSEURS_020726-060434_ST_FAC02_639185690741033341_001;;;;;;JE.FR.APXIISIM.TAX_RULE;CRE/M;;;;;;;;;;;;;;;;;;;;;AMONTS;;;EMU FIXED;2026-07-03T11:57:10;1;EUR;;ENERGIE;;;GROUPEDKA;;;2026-07-28T00:00:00;7785802;;;176;;;;;;;;;01/07/2026;;;;;;;;;;;;;;;;;;;;;;;;;;;;;;DLS0245;;;;;;;;;;;;;;;;;;;;;;;;;;;;;;;;;;
12381107;0688K2607WXS4;STANDARD;2026-07-01T00:00:00;;5416;;;29731;;1468.61;EUR;;;;;;GAZ2607Facture intragroupe CID 0688;;;2026-07-03T11:57:10;1277;1277;2026-07-03T11:57:10;1277;;;;;;;;;;GAZ;FAC02_SRC_FACTURESFOURNISSEURS_020726-060434_ST_FAC02_639185690741033341_001;;;;;;JE.FR.APXIISIM.TAX_RULE;CRE/M;;;;;;;;;;;;;;;;;;;;;AMONTS;;;EMU FIXED;2026-07-03T11:57:10;1;EUR;;ENERGIE;;;GROUPEDKA;;;2026-07-28T00:00:00;7788549;;;91;;;;;;;;;01/07/2026;;;;;;;;;;;;;;;;;;;;;;;;;;;;;;DSW0001;;;;;;;;;;;;;;;;;;;;;;;;;;;;;;;;;;
12381108;0688K2607WXR9;STANDARD;2026-07-01T00:00:00;;5416;;;29731;;1314.07;EUR;;;;;;GAZ2607Facture intragroupe CID 0688;;;2026-07-03T11:57:10;1277;1277;2026-07-03T11:57:10;1277;;;;;;;;;;GAZ;FAC02_SRC_FACTURESFOURNISSEURS_020726-060434_ST_FAC02_639185690741033341_001;;;;;;JE.FR.APXIISIM.TAX_RULE;CRE/M;;;;;;;;;;;;;;;;;;;;;AMONTS;;;EMU FIXED;2026-07-03T11:57:10;1;EUR;;ENERGIE;;;GROUPEDKA;;;2026-07-28T00:00:00;7788549;;;91;;;;;;;;;01/07/2026;;;;;;;;;;;;;;;;;;;;;;;;;;;;;;DSW0001;;;;;;;;;;;;;;;;;;;;;;;;;;;;;;;;;;
12381109;0688K2607WXS0;STANDARD;2026-07-01T00:00:00;;5416;;;29731;;165.18;EUR;;;;;;GAZ2607Facture intragroupe CID 0688;;;2026-07-03T11:57:10;1277;1277;2026-07-03T11:57:10;1277;;;;;;;;;;GAZ;FAC02_SRC_FACTURESFOURNISSEURS_020726-060434_ST_FAC02_639185690741033341_001;;;;;;JE.FR.APXIISIM.TAX_RULE;CRE/M;;;;;;;;;;;;;;;;;;;;;AMONTS;;;EMU FIXED;2026-07-03T11:57:10;1;EUR;;ENERGIE;;;GROUPEDKA;;;2026-07-28T00:00:00;7788549;;;91;;;;;;;;;01/07/2026;;;;;;;;;;;;;;;;;;;;;;;;;;;;;;DSW0001;;;;;;;;;;;;;;;;;;;;;;;;;;;;;;;;;;
12381110;0688K2607WXW7;STANDARD;2026-07-01T00:00:00;;5416;;;29731;;130.02;EUR;;;;;;GAZ2607Facture intragroupe CID 0688;;;2026-07-03T11:57:10;1277;1277;2026-07-03T11:57:10;1277;;;;;;;;;;GAZ;FAC02_SRC_FACTURESFOURNISSEURS_020726-060434_ST_FAC02_639185690741033341_001;;;;;;JE.FR.APXIISIM.TAX_RULE;CRE/M;;;;;;;;;;;;;;;;;;;;;AMONTS;;;EMU FIXED;2026-07-03T11:57:10;1;EUR;;ENERGIE;;;GROUPEDKA;;;2026-07-28T00:00:00;7788549;;;91;;;;;;;;;01/07/2026;;;;;;;;;;;;;;;;;;;;;;;;;;;;;;DSW0001;;;;;;;;;;;;;;;;;;;;;;;;;;;;;;;;;;
12381111;0688K2607WXW8;STANDARD;2026-07-01T00:00:00;;5416;;;29731;;265.90;EUR;;;;;;GAZ2607Facture intragroupe CID 0688;;;2026-07-03T11:57:10;1277;1277;2026-07-03T11:57:10;1277;;;;;;;;;;GAZ;FAC02_SRC_FACTURESFOURNISSEURS_020726-060434_ST_FAC02_639185690741033341_001;;;;;;JE.FR.APXIISIM.TAX_RULE;CRE/M;;;;;;;;;;;;;;;;;;;;;AMONTS;;;EMU FIXED;2026-07-03T11:57:10;1;EUR;;ENERGIE;;;GROUPEDKA;;;2026-07-28T00:00:00;7788549;;;91;;;;;;;;;01/07/2026;;;;;;;;;;;;;;;;;;;;;;;;;;;;;;DSW0001;;;;;;;;;;;;;;;;;;;;;;;;;;;;;;;;;;
12381112;0688K2607WXF6;STANDARD;2026-07-01T00:00:00;;5416;;;10557;;259.16;EUR;;;;;;GAZ2607Facture intragroupe CID 0688;;;2026-07-03T11:57:10;1277;1277;2026-07-03T11:57:10;1277;;;;;;;;;;GAZ;FAC02_SRC_FACTURESFOURNISSEURS_020726-060434_ST_FAC02_639185690741033341_001;;;;;;JE.FR.APXIISIM.TAX_RULE;CRE/M;;;;;;;;;;;;;;;;;;;;;AMONTS;;;EMU FIXED;2026-07-03T11:57:10;1;EUR;;ENERGIE;;;GROUPEDKA;;;2026-07-28T00:00:00;7788357;;;88;;;;;;;;;01/07/2026;;;;;;;;;;;;;;;;;;;;;;;;;;;;;;DMS0001;;;;;;;;;;;;;;;;;;;;;;;;;;;;;;;;;;
12381113;0688K2607WWN6;STANDARD;2026-07-01T00:00:00;;5416;;;38492;;566.34;EUR;;;;;;GAZ2607Facture intragroupe CID 0688;;;2026-07-03T11:57:10;1277;1277;2026-07-03T11:57:10;1277;;;;;;;;;;GAZ;FAC02_SRC_FACTURESFOURNISSEURS_020726-060434_ST_FAC02_639185690741033341_001;;;;;;JE.FR.APXIISIM.TAX_RULE;CRE/M;;;;;;;;;;;;;;;;;;;;;AMONTS;;;EMU FIXED;2026-07-03T11:57:10;1;EUR;;ENERGIE;;;GROUPEDKA;;;2026-07-28T00:00:00;7788300;;;407;;;;;;;;;01/07/2026;;;;;;;;;;;;;;;;;;;;;;;;;;;;;;DEW0800;;;;;;;;;;;;;;;;;;;;;;;;;;;;;;;;;;
12381114;0688K2607WXF0;STANDARD;2026-07-01T00:00:00;;5416;;;10557;;77.27;EUR;;;;;;GAZ2607Facture intragroupe CID 0688;;;2026-07-03T11:57:10;1277;1277;2026-07-03T11:57:10;1277;;;;;;;;;;GAZ;FAC02_SRC_FACTURESFOURNISSEURS_020726-060434_ST_FAC02_639185690741033341_001;;;;;;JE.FR.APXIISIM.TAX_RULE;CRE/M;;;;;;;;;;;;;;;;;;;;;AMONTS;;;EMU FIXED;2026-07-03T11:57:10;1;EUR;;ENERGIE;;;GROUPEDKA;;;2026-07-28T00:00:00;7788357;;;88;;;;;;;;;01/07/2026;;;;;;;;;;;;;;;;;;;;;;;;;;;;;;DMS0001;;;;;;;;;;;;;;;;;;;;;;;;;;;;;;;;;;
12381115;0688K2607WXF1;STANDARD;2026-07-01T00:00:00;;5416;;;10557;;75.63;EUR;;;;;;GAZ2607Facture intragroupe CID 0688;;;2026-07-03T11:57:10;1277;1277;2026-07-03T11:57:10;1277;;;;;;;;;;GAZ;FAC02_SRC_FACTURESFOURNISSEURS_020726-060434_ST_FAC02_639185690741033341_001;;;;;;JE.FR.APXIISIM.TAX_RULE;CRE/M;;;;;;;;;;;;;;;;;;;;;AMONTS;;;EMU FIXED;2026-07-03T11:57:10;1;EUR;;ENERGIE;;;GROUPEDKA;;;2026-07-28T00:00:00;7788357;;;88;;;;;;;;;01/07/2026;;;;;;;;;;;;;;;;;;;;;;;;;;;;;;DMS0001;;;;;;;;;;;;;;;;;;;;;;;;;;;;;;;;;;
12381116;0688K2607WXU3;STANDARD;2026-07-01T00:00:00;;5416;;;29731;;542.28;EUR;;;;;;GAZ2607Facture intragroupe CID 0688;;;2026-07-03T11:57:10;1277;1277;2026-07-03T11:57:10;1277;;;;;;;;;;GAZ;FAC02_SRC_FACTURESFOURNISSEURS_020726-060434_ST_FAC02_639185690741033341_001;;;;;;JE.FR.APXIISIM.TAX_RULE;CRE/M;;;;;;;;;;;;;;;;;;;;;AMONTS;;;EMU FIXED;2026-07-03T11:57:10;1;EUR;;ENERGIE;;;GROUPEDKA;;;2026-07-28T00:00:00;7788549;;;91;;;;;;;;;01/07/2026;;;;;;;;;;;;;;;;;;;;;;;;;;;;;;DSW0001;;;;;;;;;;;;;;;;;;;;;;;;;;;;;;;;;;
12381117;0688K2607WXD4;STANDARD;2026-07-01T00:00:00;;5416;;;10557;;163.80;EUR;;;;;;GAZ2607Facture intragroupe CID 0688;;;2026-07-03T11:57:10;1277;1277;2026-07-03T11:57:10;1277;;;;;;;;;;GAZ;FAC02_SRC_FACTURESFOURNISSEURS_020726-060434_ST_FAC02_639185690741033341_001;;;;;;JE.FR.APXIISIM.TAX_RULE;CRE/M;;;;;;;;;;;;;;;;;;;;;AMONTS;;;EMU FIXED;2026-07-03T11:57:10;1;EUR;;ENERGIE;;;GROUPEDKA;;;2026-07-28T00:00:00;7788357;;;88;;;;;;;;;01/07/2026;;;;;;;;;;;;;;;;;;;;;;;;;;;;;;DMS0001;;;;;;;;;;;;;;;;;;;;;;;;;;;;;;;;;;
12381118;0001E2607WNQ3;STANDARD;2026-07-01T00:00:00;;815;;;3703912;;11819.80;EUR;;;;;;ING2607Facture intragroupe CID 0001;;;2026-07-03T11:57:10;1277;1277;2026-07-03T11:57:10;1277;;;;;;;;;;ING;FAC02_SRC_FACTURESFOURNISSEURS_020726-060434_ST_FAC02_639185690741033341_001;;;;;;JE.FR.APXIISIM.TAX_RULE;CRE/M;;;;;;;;;;;;;;;;;;;;;AMONTS;;;EMU FIXED;2026-07-03T11:57:10;1;EUR;;ENERGIE;;;GROUPEDKA;;;2026-07-28T00:00:00;15031440;;;6393;;;;;;;;;01/07/2026;;;;;;;;;;;;;;;;;;;;;;;;;;;;;;DEW0490;;;;;;;;;;;;;;;;;;;;;;;;;;;;;;;;;;
12381119;0688K2607WXY4;STANDARD;2026-07-01T00:00:00;;5416;;;29731;;50.74;EUR;;;;;;GAZ2607Facture intragroupe CID 0688;;;2026-07-03T11:57:10;1277;1277;2026-07-03T11:57:10;1277;;;;;;;;;;GAZ;FAC02_SRC_FACTURESFOURNISSEURS_020726-060434_ST_FAC02_639185690741033341_001;;;;;;JE.FR.APXIISIM.TAX_RULE;CRE/M;;;;;;;;;;;;;;;;;;;;;AMONTS;;;EMU FIXED;2026-07-03T11:57:10;1;EUR;;ENERGIE;;;GROUPEDKA;;;2026-07-28T00:00:00;7788549;;;91;;;;;;;;;01/07/2026;;;;;;;;;;;;;;;;;;;;;;;;;;;;;;DSW0001;;;;;;;;;;;;;;;;;;;;;;;;;;;;;;;;;;
12381120;0688K2607WXY3;STANDARD;2026-07-01T00:00:00;;5416;;;29731;;65.64;EUR;;;;;;GAZ2607Facture intragroupe CID 0688;;;2026-07-03T11:57:10;1277;1277;2026-07-03T11:57:10;1277;;;;;;;;;;GAZ;FAC02_SRC_FACTURESFOURNISSEURS_020726-060434_ST_FAC02_639185690741033341_001;;;;;;JE.FR.APXIISIM.TAX_RULE;CRE/M;;;;;;;;;;;;;;;;;;;;;AMONTS;;;EMU FIXED;2026-07-03T11:57:10;1;EUR;;ENERGIE;;;GROUPEDKA;;;2026-07-28T00:00:00;7788549;;;91;;;;;;;;;01/07/2026;;;;;;;;;;;;;;;;;;;;;;;;;;;;;;DSW0001;;;;;;;;;;;;;;;;;;;;;;;;;;;;;;;;;;
12381121;0001C2607VLX4;STANDARD;2026-07-01T00:00:00;;815;;;3703774;;750.07;EUR;;;;;;ING2607Facture intragroupe CID 0001;;;2026-07-03T11:57:10;1277;1277;2026-07-03T11:57:10;1277;;;;;;;;;;ING;FAC02_SRC_FACTURESFOURNISSEURS_020726-060434_ST_FAC02_639185690741033341_001;;;;;;JE.FR.APXIISIM.TAX_RULE;CRE/M;;;;;;;;;;;;;;;;;;;;;AMONTS;;;EMU FIXED;2026-07-03T11:57:10;1;EUR;;ENERGIE;;;GROUPEDKA;;;2026-07-28T00:00:00;13067599;;;249;;;;;;;;;01/07/2026;;;;;;;;;;;;;;;;;;;;;;;;;;;;;;DOS0119;;;;;;;;;;;;;;;;;;;;;;;;;;;;;;;;;;
12381122;0001R2607XMY0;STANDARD;2026-07-01T00:00:00;;815;;;3703840;;5433.10;EUR;;;;;;ING2607Facture intragroupe CID 0001;;;2026-07-03T11:57:10;1277;1277;2026-07-03T11:57:10;1277;;;;;;;;;;ING;FAC02_SRC_FACTURESFOURNISSEURS_020726-060434_ST_FAC02_639185690741033341_001;;;;;;JE.FR.APXIISIM.TAX_RULE;CRE/M;;;;;;;;;;;;;;;;;;;;;AMONTS;;;EMU FIXED;2026-07-03T11:57:10;1;EUR;;ENERGIE;;;GROUPEDKA;;;2026-07-28T00:00:00;14756608;;;5761;;;;;;;;;01/07/2026;;;;;;;;;;;;;;;;;;;;;;;;;;;;;;DRW0453;;;;;;;;;;;;;;;;;;;;;;;;;;;;;;;;;;
12381123;0688K2607WXG0;STANDARD;2026-07-01T00:00:00;;5416;;;10557;;1387.60;EUR;;;;;;GAZ2607Facture intragroupe CID 0688;;;2026-07-03T11:57:10;1277;1277;2026-07-03T11:57:10;1277;;;;;;;;;;GAZ;FAC02_SRC_FACTURESFOURNISSEURS_020726-060434_ST_FAC02_639185690741033341_001;;;;;;JE.FR.APXIISIM.TAX_RULE;CRE/M;;;;;;;;;;;;;;;;;;;;;AMONTS;;;EMU FIXED;2026-07-03T11:57:10;1;EUR;;ENERGIE;;;GROUPEDKA;;;2026-07-28T00:00:00;7788357;;;88;;;;;;;;;01/07/2026;;;;;;;;;;;;;;;;;;;;;;;;;;;;;;DMS0001;;;;;;;;;;;;;;;;;;;;;;;;;;;;;;;;;;
12381124;0688K2607WXE4;STANDARD;2026-07-01T00:00:00;;5416;;;10557;;168.20;EUR;;;;;;GAZ2607Facture intragroupe CID 0688;;;2026-07-03T11:57:10;1277;1277;2026-07-03T11:57:10;1277;;;;;;;;;;GAZ;FAC02_SRC_FACTURESFOURNISSEURS_020726-060434_ST_FAC02_639185690741033341_001;;;;;;JE.FR.APXIISIM.TAX_RULE;CRE/M;;;;;;;;;;;;;;;;;;;;;AMONTS;;;EMU FIXED;2026-07-03T11:57:10;1;EUR;;ENERGIE;;;GROUPEDKA;;;2026-07-28T00:00:00;7788357;;;88;;;;;;;;;01/07/2026;;;;;;;;;;;;;;;;;;;;;;;;;;;;;;DMS0001;;;;;;;;;;;;;;;;;;;;;;;;;;;;;;;;;;
12381125;0688K2607WWP8;STANDARD;2026-07-01T00:00:00;;5416;;;230015;;232.49;EUR;;;;;;GAZ2607Facture intragroupe CID 0688;;;2026-07-03T11:57:10;1277;1277;2026-07-03T11:57:10;1277;;;;;;;;;;GAZ;FAC02_SRC_FACTURESFOURNISSEURS_020726-060434_ST_FAC02_639185690741033341_001;;;;;;JE.FR.APXIISIM.TAX_RULE;CRE/M;;;;;;;;;;;;;;;;;;;;;AMONTS;;;EMU FIXED;2026-07-03T11:57:10;1;EUR;;ENERGIE;;;GROUPEDKA;;;2026-07-28T00:00:00;13049260;;;236;;;;;;;;;01/07/2026;;;;;;;;;;;;;;;;;;;;;;;;;;;;;;DNA0691;;;;;;;;;;;;;;;;;;;;;;;;;;;;;;;;;;
12381126;0688K2607WXQ5;STANDARD;2026-07-01T00:00:00;;5416;;;29731;;240.21;EUR;;;;;;GAZ2607Facture intragroupe CID 0688;;;2026-07-03T11:57:10;1277;1277;2026-07-03T11:57:10;1277;;;;;;;;;;GAZ;FAC02_SRC_FACTURESFOURNISSEURS_020726-060434_ST_FAC02_639185690741033341_001;;;;;;JE.FR.APXIISIM.TAX_RULE;CRE/M;;;;;;;;;;;;;;;;;;;;;AMONTS;;;EMU FIXED;2026-07-03T11:57:10;1;EUR;;ENERGIE;;;GROUPEDKA;;;2026-07-28T00:00:00;7788549;;;91;;;;;;;;;01/07/2026;;;;;;;;;;;;;;;;;;;;;;;;;;;;;;DSW0001;;;;;;;;;;;;;;;;;;;;;;;;;;;;;;;;;;
12381127;0688K2607WXU4;STANDARD;2026-07-01T00:00:00;;5416;;;29731;;435.97;EUR;;;;;;GAZ2607Facture intragroupe CID 0688;;;2026-07-03T11:57:10;1277;1277;2026-07-03T11:57:10;1277;;;;;;;;;;GAZ;FAC02_SRC_FACTURESFOURNISSEURS_020726-060434_ST_FAC02_639185690741033341_001;;;;;;JE.FR.APXIISIM.TAX_RULE;CRE/M;;;;;;;;;;;;;;;;;;;;;AMONTS;;;EMU FIXED;2026-07-03T11:57:10;1;EUR;;ENERGIE;;;GROUPEDKA;;;2026-07-28T00:00:00;7788549;;;91;;;;;;;;;01/07/2026;;;;;;;;;;;;;;;;;;;;;;;;;;;;;;DSW0001;;;;;;;;;;;;;;;;;;;;;;;;;;;;;;;;;;
12381128;0688K2607WXQ1;STANDARD;2026-07-01T00:00:00;;5416;;;29731;;203.76;EUR;;;;;;GAZ2607Facture intragroupe CID 0688;;;2026-07-03T11:57:10;1277;1277;2026-07-03T11:57:10;1277;;;;;;;;;;GAZ;FAC02_SRC_FACTURESFOURNISSEURS_020726-060434_ST_FAC02_639185690741033341_001;;;;;;JE.FR.APXIISIM.TAX_RULE;CRE/M;;;;;;;;;;;;;;;;;;;;;AMONTS;;;EMU FIXED;2026-07-03T11:57:10;1;EUR;;ENERGIE;;;GROUPEDKA;;;2026-07-28T00:00:00;7788549;;;91;;;;;;;;;01/07/2026;;;;;;;;;;;;;;;;;;;;;;;;;;;;;;DSW0001;;;;;;;;;;;;;;;;;;;;;;;;;;;;;;;;;;
12381129;0688K2607WXL2;CREDIT;2026-07-01T00:00:00;;5416;;;18431;;-2378.82;EUR;;;;;;GAZ2607Facture intragroupe CID 0688;;;2026-07-03T11:57:10;1277;1277;2026-07-03T11:57:10;1277;;;;;;;;;;GAZ;FAC02_SRC_FACTURESFOURNISSEURS_020726-060434_ST_FAC02_639185690741033341_001;;;;;;JE.FR.APXIISIM.TAX_RULE;CRE/M;;;;;;;;;;;;;;;;;;;;;AMONTS;;;EMU FIXED;2026-07-03T11:57:10;1;EUR;;ENERGIE;;;GROUPEDKA;;;2026-07-28T00:00:00;7788225;;;85;;;;;;;;;01/07/2026;;;;;;;;;;;;;;;;;;;;;;;;;;;;;;DCW0001;;;;;;;;;;;;;;;;;;;;;;;;;;;;;;;;;;
12381130;0688K2607WXT5;STANDARD;2026-07-01T00:00:00;;5416;;;29731;;992.46;EUR;;;;;;GAZ2607Facture intragroupe CID 0688;;;2026-07-03T11:57:10;1277;1277;2026-07-03T11:57:10;1277;;;;;;;;;;GAZ;FAC02_SRC_FACTURESFOURNISSEURS_020726-060434_ST_FAC02_639185690741033341_001;;;;;;JE.FR.APXIISIM.TAX_RULE;CRE/M;;;;;;;;;;;;;;;;;;;;;AMONTS;;;EMU FIXED;2026-07-03T11:57:10;1;EUR;;ENERGIE;;;GROUPEDKA;;;2026-07-28T00:00:00;7788549;;;91;;;;;;;;;01/07/2026;;;;;;;;;;;;;;;;;;;;;;;;;;;;;;DSW0001;;;;;;;;;;;;;;;;;;;;;;;;;;;;;;;;;;
12381131;0688K2607WXG8;STANDARD;2026-07-01T00:00:00;;5416;;;10557;;1948.46;EUR;;;;;;GAZ2607Facture intragroupe CID 0688;;;2026-07-03T11:57:10;1277;1277;2026-07-03T11:57:10;1277;;;;;;;;;;GAZ;FAC02_SRC_FACTURESFOURNISSEURS_020726-060434_ST_FAC02_639185690741033341_001;;;;;;JE.FR.APXIISIM.TAX_RULE;CRE/M;;;;;;;;;;;;;;;;;;;;;AMONTS;;;EMU FIXED;2026-07-03T11:57:10;1;EUR;;ENERGIE;;;GROUPEDKA;;;2026-07-28T00:00:00;7788357;;;88;;;;;;;;;01/07/2026;;;;;;;;;;;;;;;;;;;;;;;;;;;;;;DMS0001;;;;;;;;;;;;;;;;;;;;;;;;;;;;;;;;;;
12381132;0688K2607WXT1;STANDARD;2026-07-01T00:00:00;;5416;;;29731;;34.26;EUR;;;;;;GAZ2607Facture intragroupe CID 0688;;;2026-07-03T11:57:10;1277;1277;2026-07-03T11:57:10;1277;;;;;;;;;;GAZ;FAC02_SRC_FACTURESFOURNISSEURS_020726-060434_ST_FAC02_639185690741033341_001;;;;;;JE.FR.APXIISIM.TAX_RULE;CRE/M;;;;;;;;;;;;;;;;;;;;;AMONTS;;;EMU FIXED;2026-07-03T11:57:10;1;EUR;;ENERGIE;;;GROUPEDKA;;;2026-07-28T00:00:00;7788549;;;91;;;;;;;;;01/07/2026;;;;;;;;;;;;;;;;;;;;;;;;;;;;;;DSW0001;;;;;;;;;;;;;;;;;;;;;;;;;;;;;;;;;;
12381133;0688K2607WXM4;STANDARD;2026-07-01T00:00:00;;5416;;;23958;;280.86;EUR;;;;;;GAZ2607Facture intragroupe CID 0688;;;2026-07-03T11:57:10;1277;1277;2026-07-03T11:57:10;1277;;;;;;;;;;GAZ;FAC02_SRC_FACTURESFOURNISSEURS_020726-060434_ST_FAC02_639185690741033341_001;;;;;;JE.FR.APXIISIM.TAX_RULE;CRE/M;;;;;;;;;;;;;;;;;;;;;AMONTS;;;EMU FIXED;2026-07-03T11:57:10;1;EUR;;ENERGIE;;;GROUPEDKA;;;2026-07-28T00:00:00;7788489;;;90;;;;;;;;;01/07/2026;;;;;;;;;;;;;;;;;;;;;;;;;;;;;;DRW0001;;;;;;;;;;;;;;;;;;;;;;;;;;;;;;;;;;
12381134;0688K2607WXN1;STANDARD;2026-07-01T00:00:00;;5416;;;10557;;154.03;EUR;;;;;;GAZ2607Facture intragroupe CID 0688;;;2026-07-03T11:57:10;1277;1277;2026-07-03T11:57:10;1277;;;;;;;;;;GAZ;FAC02_SRC_FACTURESFOURNISSEURS_020726-060434_ST_FAC02_639185690741033341_001;;;;;;JE.FR.APXIISIM.TAX_RULE;CRE/M;;;;;;;;;;;;;;;;;;;;;AMONTS;;;EMU FIXED;2026-07-03T11:57:10;1;EUR;;ENERGIE;;;GROUPEDKA;;;2026-07-28T00:00:00;7788357;;;88;;;;;;;;;01/07/2026;;;;;;;;;;;;;;;;;;;;;;;;;;;;;;DMS0001;;;;;;;;;;;;;;;;;;;;;;;;;;;;;;;;;;
12381135;0688K2607WXL3;STANDARD;2026-07-01T00:00:00;;5416;;;18431;;550.89;EUR;;;;;;GAZ2607Facture intragroupe CID 0688;;;2026-07-03T11:57:10;1277;1277;2026-07-03T11:57:10;1277;;;;;;;;;;GAZ;FAC02_SRC_FACTURESFOURNISSEURS_020726-060434_ST_FAC02_639185690741033341_001;;;;;;JE.FR.APXIISIM.TAX_RULE;CRE/M;;;;;;;;;;;;;;;;;;;;;AMONTS;;;EMU FIXED;2026-07-03T11:57:10;1;EUR;;ENERGIE;;;GROUPEDKA;;;2026-07-28T00:00:00;7788225;;;85;;;;;;;;;01/07/2026;;;;;;;;;;;;;;;;;;;;;;;;;;;;;;DCW0001;;;;;;;;;;;;;;;;;;;;;;;;;;;;;;;;;;
12381136;0688K2607WXH1;STANDARD;2026-07-01T00:00:00;;5416;;;10557;;147.86;EUR;;;;;;GAZ2607Facture intragroupe CID 0688;;;2026-07-03T11:57:10;1277;1277;2026-07-03T11:57:10;1277;;;;;;;;;;GAZ;FAC02_SRC_FACTURESFOURNISSEURS_020726-060434_ST_FAC02_639185690741033341_001;;;;;;JE.FR.APXIISIM.TAX_RULE;CRE/M;;;;;;;;;;;;;;;;;;;;;AMONTS;;;EMU FIXED;2026-07-03T11:57:10;1;EUR;;ENERGIE;;;GROUPEDKA;;;2026-07-28T00:00:00;7788357;;;88;;;;;;;;;01/07/2026;;;;;;;;;;;;;;;;;;;;;;;;;;;;;;DMS0001;;;;;;;;;;;;;;;;;;;;;;;;;;;;;;;;;;
12381137;0688K2607WXZ6;STANDARD;2026-07-01T00:00:00;;5416;;;29731;;176.15;EUR;;;;;;GAZ2607Facture intragroupe CID 0688;;;2026-07-03T11:57:10;1277;1277;2026-07-03T11:57:10;1277;;;;;;;;;;GAZ;FAC02_SRC_FACTURESFOURNISSEURS_020726-060434_ST_FAC02_639185690741033341_001;;;;;;JE.FR.APXIISIM.TAX_RULE;CRE/M;;;;;;;;;;;;;;;;;;;;;AMONTS;;;EMU FIXED;2026-07-03T11:57:10;1;EUR;;ENERGIE;;;GROUPEDKA;;;2026-07-28T00:00:00;7788549;;;91;;;;;;;;;01/07/2026;;;;;;;;;;;;;;;;;;;;;;;;;;;;;;DSW0001;;;;;;;;;;;;;;;;;;;;;;;;;;;;;;;;;;
12381138;0688K2607WXV2;STANDARD;2026-07-01T00:00:00;;5416;;;29731;;162.95;EUR;;;;;;GAZ2607Facture intragroupe CID 0688;;;2026-07-03T11:57:10;1277;1277;2026-07-03T11:57:10;1277;;;;;;;;;;GAZ;FAC02_SRC_FACTURESFOURNISSEURS_020726-060434_ST_FAC02_639185690741033341_001;;;;;;JE.FR.APXIISIM.TAX_RULE;CRE/M;;;;;;;;;;;;;;;;;;;;;AMONTS;;;EMU FIXED;2026-07-03T11:57:10;1;EUR;;ENERGIE;;;GROUPEDKA;;;2026-07-28T00:00:00;7788549;;;91;;;;;;;;;01/07/2026;;;;;;;;;;;;;;;;;;;;;;;;;;;;;;DSW0001;;;;;;;;;;;;;;;;;;;;;;;;;;;;;;;;;;
12381139;0688K2607WXZ2;STANDARD;2026-07-01T00:00:00;;5416;;;29731;;485.58;EUR;;;;;;GAZ2607Facture intragroupe CID 0688;;;2026-07-03T11:57:10;1277;1277;2026-07-03T11:57:10;1277;;;;;;;;;;GAZ;FAC02_SRC_FACTURESFOURNISSEURS_020726-060434_ST_FAC02_639185690741033341_001;;;;;;JE.FR.APXIISIM.TAX_RULE;CRE/M;;;;;;;;;;;;;;;;;;;;;AMONTS;;;EMU FIXED;2026-07-03T11:57:10;1;EUR;;ENERGIE;;;GROUPEDKA;;;2026-07-28T00:00:00;7788549;;;91;;;;;;;;;01/07/2026;;;;;;;;;;;;;;;;;;;;;;;;;;;;;;DSW0001;;;;;;;;;;;;;;;;;;;;;;;;;;;;;;;;;;
12381140;0688K2607WXM5;STANDARD;2026-07-01T00:00:00;;5416;;;23958;;247.81;EUR;;;;;;GAZ2607Facture intragroupe CID 0688;;;2026-07-03T11:57:10;1277;1277;2026-07-03T11:57:10;1277;;;;;;;;;;GAZ;FAC02_SRC_FACTURESFOURNISSEURS_020726-060434_ST_FAC02_639185690741033341_001;;;;;;JE.FR.APXIISIM.TAX_RULE;CRE/M;;;;;;;;;;;;;;;;;;;;;AMONTS;;;EMU FIXED;2026-07-03T11:57:10;1;EUR;;ENERGIE;;;GROUPEDKA;;;2026-07-28T00:00:00;7788489;;;90;;;;;;;;;01/07/2026;;;;;;;;;;;;;;;;;;;;;;;;;;;;;;DRW0001;;;;;;;;;;;;;;;;;;;;;;;;;;;;;;;;;;
12381141;0688K2607WXP5;STANDARD;2026-07-01T00:00:00;;5416;;;23958;;1201.29;EUR;;;;;;GAZ2607Facture intragroupe CID 0688;;;2026-07-03T11:57:10;1277;1277;2026-07-03T11:57:10;1277;;;;;;;;;;GAZ;FAC02_SRC_FACTURESFOURNISSEURS_020726-060434_ST_FAC02_639185690741033341_001;;;;;;JE.FR.APXIISIM.TAX_RULE;CRE/M;;;;;;;;;;;;;;;;;;;;;AMONTS;;;EMU FIXED;2026-07-03T11:57:10;1;EUR;;ENERGIE;;;GROUPEDKA;;;2026-07-28T00:00:00;7788489;;;90;;;;;;;;;01/07/2026;;;;;;;;;;;;;;;;;;;;;;;;;;;;;;DRW0001;;;;;;;;;;;;;;;;;;;;;;;;;;;;;;;;;;
12381142;0001S2607XLG5;STANDARD;2026-07-01T00:00:00;;815;;;3703741;;855.72;EUR;;;;;;ING2607Facture intragroupe CID 0001;;;2026-07-03T11:57:10;1277;1277;2026-07-03T11:57:10;1277;;;;;;;;;;ING;FAC02_SRC_FACTURESFOURNISSEURS_020726-060434_ST_FAC02_639185690741033341_001;;;;;;JE.FR.APXIISIM.TAX_RULE;CRE/M;;;;;;;;;;;;;;;;;;;;;AMONTS;;;EMU FIXED;2026-07-03T11:57:10;1;EUR;;ENERGIE;;;GROUPEDKA;;;2026-07-28T00:00:00;7785616;;;359;;;;;;;;;01/07/2026;;;;;;;;;;;;;;;;;;;;;;;;;;;;;;DSW0628;;;;;;;;;;;;;;;;;;;;;;;;;;;;;;;;;;
12381143;0688K2607WWV3;STANDARD;2026-07-01T00:00:00;;5416;;;17273;;106.72;EUR;;;;;;GAZ2607Facture intragroupe CID 0688;;;2026-07-03T11:57:10;1277;1277;2026-07-03T11:57:10;1277;;;;;;;;;;GAZ;FAC02_SRC_FACTURESFOURNISSEURS_020726-060434_ST_FAC02_639185690741033341_001;;;;;;JE.FR.APXIISIM.TAX_RULE;CRE/M;;;;;;;;;;;;;;;;;;;;;AMONTS;;;EMU FIXED;2026-07-03T11:57:10;1;EUR;;ENERGIE;;;GROUPEDKA;;;2026-07-28T00:00:00;7788309;;;87;;;;;;;;;01/07/2026;;;;;;;;;;;;;;;;;;;;;;;;;;;;;;DLS0001;;;;;;;;;;;;;;;;;;;;;;;;;;;;;;;;;;
12381144;0688K2607WWX8;STANDARD;2026-07-01T00:00:00;;5416;;;39959;;95.26;EUR;;;;;;GAZ2607Facture intragroupe CID 0688;;;2026-07-03T11:57:10;1277;1277;2026-07-03T11:57:10;1277;;;;;;;;;;GAZ;FAC02_SRC_FACTURESFOURNISSEURS_020726-060434_ST_FAC02_639185690741033341_001;;;;;;JE.FR.APXIISIM.TAX_RULE;CRE/M;;;;;;;;;;;;;;;;;;;;;AMONTS;;;EMU FIXED;2026-07-03T11:57:10;1;EUR;;ENERGIE;;;GROUPEDKA;;;2026-07-28T00:00:00;7788414;;;89;;;;;;;;;01/07/2026;;;;;;;;;;;;;;;;;;;;;;;;;;;;;;DNA0001;;;;;;;;;;;;;;;;;;;;;;;;;;;;;;;;;;
12381145;0688K2607WXD5;STANDARD;2026-07-01T00:00:00;;5416;;;10557;;138.19;EUR;;;;;;GAZ2607Facture intragroupe CID 0688;;;2026-07-03T11:57:10;1277;1277;2026-07-03T11:57:10;1277;;;;;;;;;;GAZ;FAC02_SRC_FACTURESFOURNISSEURS_020726-060434_ST_FAC02_639185690741033341_001;;;;;;JE.FR.APXIISIM.TAX_RULE;CRE/M;;;;;;;;;;;;;;;;;;;;;AMONTS;;;EMU FIXED;2026-07-03T11:57:10;1;EUR;;ENERGIE;;;GROUPEDKA;;;2026-07-28T00:00:00;7788357;;;88;;;;;;;;;01/07/2026;;;;;;;;;;;;;;;;;;;;;;;;;;;;;;DMS0001;;;;;;;;;;;;;;;;;;;;;;;;;;;;;;;;;;
12381146;0688K2607WXG3;STANDARD;2026-07-01T00:00:00;;5416;;;10557;;1134.67;EUR;;;;;;GAZ2607Facture intragroupe CID 0688;;;2026-07-03T11:57:10;1277;1277;2026-07-03T11:57:10;1277;;;;;;;;;;GAZ;FAC02_SRC_FACTURESFOURNISSEURS_020726-060434_ST_FAC02_639185690741033341_001;;;;;;JE.FR.APXIISIM.TAX_RULE;CRE/M;;;;;;;;;;;;;;;;;;;;;AMONTS;;;EMU FIXED;2026-07-03T11:57:10;1;EUR;;ENERGIE;;;GROUPEDKA;;;2026-07-28T00:00:00;7788357;;;88;;;;;;;;;01/07/2026;;;;;;;;;;;;;;;;;;;;;;;;;;;;;;DMS0001;;;;;;;;;;;;;;;;;;;;;;;;;;;;;;;;;;
12381147;0688K2607WXF7;STANDARD;2026-07-01T00:00:00;;5416;;;10557;;238.87;EUR;;;;;;GAZ2607Facture intragroupe CID 0688;;;2026-07-03T11:57:10;1277;1277;2026-07-03T11:57:10;1277;;;;;;;;;;GAZ;FAC02_SRC_FACTURESFOURNISSEURS_020726-060434_ST_FAC02_639185690741033341_001;;;;;;JE.FR.APXIISIM.TAX_RULE;CRE/M;;;;;;;;;;;;;;;;;;;;;AMONTS;;;EMU FIXED;2026-07-03T11:57:10;1;EUR;;ENERGIE;;;GROUPEDKA;;;2026-07-28T00:00:00;7788357;;;88;;;;;;;;;01/07/2026;;;;;;;;;;;;;;;;;;;;;;;;;;;;;;DMS0001;;;;;;;;;;;;;;;;;;;;;;;;;;;;;;;;;;
12381148;0001R2607XMY1;STANDARD;2026-07-01T00:00:00;;815;;;3703666;;17099.93;EUR;;;;;;ING2607Facture intragroupe CID 0001;;;2026-07-03T11:57:10;1277;1277;2026-07-03T11:57:10;1277;;;;;;;;;;ING;FAC02_SRC_FACTURESFOURNISSEURS_020726-060434_ST_FAC02_639185690741033341_001;;;;;;JE.FR.APXIISIM.TAX_RULE;CRE/M;;;;;;;;;;;;;;;;;;;;;AMONTS;;;EMU FIXED;2026-07-03T11:57:10;1;EUR;;ENERGIE;;;GROUPEDKA;;;2026-07-28T00:00:00;7786075;;;289;;;;;;;;;01/07/2026;;;;;;;;;;;;;;;;;;;;;;;;;;;;;;DRW0169;;;;;;;;;;;;;;;;;;;;;;;;;;;;;;;;;;
12381149;0169R26070746;STANDARD;2026-07-01T00:00:00;;937;;;3674;;1156.10;EUR;;;;;;ING2607Facture intragroupe CID 0169;;;2026-07-03T11:57:10;1277;1277;2026-07-03T11:57:10;1277;;;;;;;;;;ING;FAC02_SRC_FACTURESFOURNISSEURS_020726-060434_ST_FAC02_639185690741033341_001;;;;;;JE.FR.APXIISIM.TAX_RULE;CRE/M;;;;;;;;;;;;;;;;;;;;;AMONTS;;;EMU FIXED;2026-07-03T11:57:10;1;EUR;;ENERGIE;;;GROUPEDKA;;;2026-07-28T00:00:00;7786923;;;90;;;;;;;;;01/07/2026;;;;;;;;;;;;;;;;;;;;;;;;;;;;;;DRW0001;;;;;;;;;;;;;;;;;;;;;;;;;;;;;;;;;;
12381150;0547R26070006;STANDARD;2026-07-01T00:00:00;;789;;;3394;;1973.57;EUR;;;;;;ING2607Facture intragroupe CID 0547;;;2026-07-03T11:57:10;1277;1277;2026-07-03T11:57:10;1277;;;;;;;;;;ING;FAC02_SRC_FACTURESFOURNISSEURS_020726-060434_ST_FAC02_639185690741033341_001;;;;;;JE.FR.APXIISIM.TAX_RULE;CRE/M;;;;;;;;;;;;;;;;;;;;;AMONTS;;;EMU FIXED;2026-07-03T11:57:10;1;EUR;;ENERGIE;;;GROUPEDKA;;;2026-07-28T00:00:00;7786450;;;90;;;;;;;;;01/07/2026;;;;;;;;;;;;;;;;;;;;;;;;;;;;;;DRW0001;;;;;;;;;;;;;;;;;;;;;;;;;;;;;;;;;;
12381151;0001C2607VTY3;STANDARD;2026-07-01T00:00:00;;815;;;3703844;;156789.48;EUR;;;;;;ING2607Facture intragroupe CID 0001;;;2026-07-03T11:57:10;1277;1277;2026-07-03T11:57:10;1277;;;;;;;;;;ING;FAC02_SRC_FACTURESFOURNISSEURS_020726-060434_ST_FAC02_639185690741033341_001;;;;;;JE.FR.APXIISIM.TAX_RULE;CRE/M;;;;;;;;;;;;;;;;;;;;;AMONTS;;;EMU FIXED;2026-07-03T11:57:10;1;EUR;;ENERGIE;;;GROUPEDKA;;;2026-07-28T00:00:00;7785706;;;121;;;;;;;;;01/07/2026;;;;;;;;;;;;;;;;;;;;;;;;;;;;;;DCW0148;;;;;;;;;;;;;;;;;;;;;;;;;;;;;;;;;;
12381152;0001R2607WMF7;STANDARD;2026-07-01T00:00:00;;815;;;3703820;;156849.93;EUR;;;;;;ING2607Facture intragroupe CID 0001;;;2026-07-03T11:57:10;1277;1277;2026-07-03T11:57:10;1277;;;;;;;;;;ING;FAC02_SRC_FACTURESFOURNISSEURS_020726-060434_ST_FAC02_639185690741033341_001;;;;;;JE.FR.APXIISIM.TAX_RULE;CRE/M;;;;;;;;;;;;;;;;;;;;;AMONTS;;;EMU FIXED;2026-07-03T11:57:10;1;EUR;;ENERGIE;;;GROUPEDKA;;;2026-07-28T00:00:00;7785538;;;318;;;;;;;;;01/07/2026;;;;;;;;;;;;;;;;;;;;;;;;;;;;;;DRW0631;;;;;;;;;;;;;;;;;;;;;;;;;;;;;;;;;;
12381153;0261L26070028;STANDARD;2026-07-01T00:00:00;;7226;;;18723;;72869.03;EUR;;;;;;ING2607Facture intragroupe CID 0261;;;2026-07-03T11:57:10;1277;1277;2026-07-03T11:57:10;1277;;;;;;;;;;ING;FAC02_SRC_FACTURESFOURNISSEURS_020726-060434_ST_FAC02_639185690741033341_001;;;;;;JE.FR.APXIISIM.TAX_RULE;CRE/M;;;;;;;;;;;;;;;;;;;;;AMONTS;;;EMU FIXED;2026-07-03T11:57:10;1;EUR;;ENERGIE;;;GROUPEDKA;;;2026-07-28T00:00:00;7789825;;;87;;;;;;;;;01/07/2026;;;;;;;;;;;;;;;;;;;;;;;;;;;;;;DLS0001;;;;;;;;;;;;;;;;;;;;;;;;;;;;;;;;;;
12381154;0344R26070008;STANDARD;2026-07-01T00:00:00;;7477;;;25495;;18020.02;EUR;;;;;;ING2607Facture intragroupe CID 0344;;;2026-07-03T11:57:10;1277;1277;2026-07-03T11:57:10;1277;;;;;;;;;;ING;FAC02_SRC_FACTURESFOURNISSEURS_020726-060434_ST_FAC02_639185690741033341_001;;;;;;JE.FR.APXIISIM.TAX_RULE;CRE/M;;;;;;;;;;;;;;;;;;;;;AMONTS;;;EMU FIXED;2026-07-03T11:57:10;1;EUR;;ENERGIE;;;GROUPEDKA;;;2026-07-28T00:00:00;7789678;;;90;;;;;;;;;01/07/2026;;;;;;;;;;;;;;;;;;;;;;;;;;;;;;DRW0001;;;;;;;;;;;;;;;;;;;;;;;;;;;;;;;;;;
12381155;0034L26070680;STANDARD;2026-07-01T00:00:00;;912;;;2483;;8300.59;EUR;;;;;;ING2607Facture intragroupe CID 0034;;;2026-07-03T11:57:10;1277;1277;2026-07-03T11:57:10;1277;;;;;;;;;;ING;FAC02_SRC_FACTURESFOURNISSEURS_020726-060434_ST_FAC02_639185690741033341_001;;;;;;JE.FR.APXIISIM.TAX_RULE;CRE/M;;;;;;;;;;;;;;;;;;;;;AMONTS;;;EMU FIXED;2026-07-03T11:57:10;1;EUR;;ENERGIE;;;GROUPEDKA;;;2026-07-28T00:00:00;7786652;;;87;;;;;;;;;01/07/2026;;;;;;;;;;;;;;;;;;;;;;;;;;;;;;DLS0001;;;;;;;;;;;;;;;;;;;;;;;;;;;;;;;;;;
12381156;0360C26070709;STANDARD;2026-07-01T00:00:00;;918;;;2346;;1101.26;EUR;;;;;;ING2607Facture intragroupe CID 0360;;;2026-07-03T11:57:10;1277;1277;2026-07-03T11:57:10;1277;;;;;;;;;;ING;FAC02_SRC_FACTURESFOURNISSEURS_020726-060434_ST_FAC02_639185690741033341_001;;;;;;JE.FR.APXIISIM.TAX_RULE;CRE/M;;;;;;;;;;;;;;;;;;;;;AMONTS;;;EMU FIXED;2026-07-03T11:57:10;1;EUR;;ENERGIE;;;GROUPEDKA;;;2026-07-28T00:00:00;7786688;;;85;;;;;;;;;01/07/2026;;;;;;;;;;;;;;;;;;;;;;;;;;;;;;DCW0001;;;;;;;;;;;;;;;;;;;;;;;;;;;;;;;;;;
12381157;0185O26070068;STANDARD;2026-07-01T00:00:00;;795;;;1951123;;238200.00;EUR;;;;;;ING2607Facture intragroupe CID 0185;;;2026-07-03T11:57:10;1277;1277;2026-07-03T11:57:10;1277;;;;;;;;;;ING;FAC02_SRC_FACTURESFOURNISSEURS_020726-060434_ST_FAC02_639185690741033341_001;;;;;;JE.FR.APXIISIM.TAX_RULE;CRE/M;;;;;;;;;;;;;;;;;;;;;AMONTS;;;EMU FIXED;2026-07-03T11:57:10;1;EUR;;ENERGIE;;;GROUPEDKA;;;2026-07-28T00:00:00;7785502;;;91;;;;;;;;;01/07/2026;;;;;;;;;;;;;;;;;;;;;;;;;;;;;;DSW0001;;;;;;;;;;;;;;;;;;;;;;;;;;;;;;;;;;
12381158;0185O26070069;STANDARD;2026-07-01T00:00:00;;795;;;1951127;;221400.00;EUR;;;;;;ING2607Facture intragroupe CID 0185;;;2026-07-03T11:57:10;1277;1277;2026-07-03T11:57:10;1277;;;;;;;;;;ING;FAC02_SRC_FACTURESFOURNISSEURS_020726-060434_ST_FAC02_639185690741033341_001;;;;;;JE.FR.APXIISIM.TAX_RULE;CRE/M;;;;;;;;;;;;;;;;;;;;;AMONTS;;;EMU FIXED;2026-07-03T11:57:10;1;EUR;;ENERGIE;;;GROUPEDKA;;;2026-07-28T00:00:00;7785481;;;88;;;;;;;;;01/07/2026;;;;;;;;;;;;;;;;;;;;;;;;;;;;;;DMS0001;;;;;;;;;;;;;;;;;;;;;;;;;;;;;;;;;;
12381159;0185O26070070;STANDARD;2026-07-01T00:00:00;;795;;;1951125;;49800.00;EUR;;;;;;ING2607Facture intragroupe CID 0185;;;2026-07-03T11:57:10;1277;1277;2026-07-03T11:57:10;1277;;;;;;;;;;ING;FAC02_SRC_FACTURESFOURNISSEURS_020726-060434_ST_FAC02_639185690741033341_001;;;;;;JE.FR.APXIISIM.TAX_RULE;CRE/M;;;;;;;;;;;;;;;;;;;;;AMONTS;;;EMU FIXED;2026-07-03T11:57:10;1;EUR;;ENERGIE;;;GROUPEDKA;;;2026-07-28T00:00:00;7785478;;;87;;;;;;;;;01/07/2026;;;;;;;;;;;;;;;;;;;;;;;;;;;;;;DLS0001;;;;;;;;;;;;;;;;;;;;;;;;;;;;;;;;;;
12381160;0185O26070067;STANDARD;2026-07-01T00:00:00;;795;;;1926129;;123300.00;EUR;;;;;;ING2607Facture intragroupe CID 0185;;;2026-07-03T11:57:10;1277;1277;2026-07-03T11:57:10;1277;;;;;;;;;;ING;FAC02_SRC_FACTURESFOURNISSEURS_020726-060434_ST_FAC02_639185690741033341_001;;;;;;JE.FR.APXIISIM.TAX_RULE;CRE/M;;;;;;;;;;;;;;;;;;;;;AMONTS;;;EMU FIXED;2026-07-03T11:57:10;1;EUR;;ENERGIE;;;GROUPEDKA;;;2026-07-28T00:00:00;7785484;;;89;;;;;;;;;01/07/2026;;;;;;;;;;;;;;;;;;;;;;;;;;;;;;DNA0001;;;;;;;;;;;;;;;;;;;;;;;;;;;;;;;;;;
12381161;0185O26070072;STANDARD;2026-07-01T00:00:00;;795;;;1951124;;121800.00;EUR;;;;;;ING2607Facture intragroupe CID 0185;;;2026-07-03T11:57:10;1277;1277;2026-07-03T11:57:10;1277;;;;;;;;;;ING;FAC02_SRC_FACTURESFOURNISSEURS_020726-060434_ST_FAC02_639185690741033341_001;;;;;;JE.FR.APXIISIM.TAX_RULE;CRE/M;;;;;;;;;;;;;;;;;;;;;AMONTS;;;EMU FIXED;2026-07-03T11:57:10;1;EUR;;ENERGIE;;;GROUPEDKA;;;2026-07-28T00:00:00;7785472;;;85;;;;;;;;;01/07/2026;;;;;;;;;;;;;;;;;;;;;;;;;;;;;;DCW0001;;;;;;;;;;;;;;;;;;;;;;;;;;;;;;;;;;
12381162;0185O26070073;STANDARD;2026-07-01T00:00:00;;795;;;43142;;224400.00;EUR;;;;;;ING2607Facture intragroupe CID 0185;;;2026-07-03T11:57:10;1277;1277;2026-07-03T11:57:10;1277;;;;;;;;;;ING;FAC02_SRC_FACTURESFOURNISSEURS_020726-060434_ST_FAC02_639185690741033341_001;;;;;;JE.FR.APXIISIM.TAX_RULE;CRE/M;;;;;;;;;;;;;;;;;;;;;AMONTS;;;EMU FIXED;2026-07-03T11:57:10;1;EUR;;ENERGIE;;;GROUPEDKA;;;2026-07-28T00:00:00;7785499;;;90;;;;;;;;;01/07/2026;;;;;;;;;;;;;;;;;;;;;;;;;;;;;;DRW0001;;;;;;;;;;;;;;;;;;;;;;;;;;;;;;;;;;
12381163;0185O26070071;STANDARD;2026-07-01T00:00:00;;795;;;1951126;;69300.00;EUR;;;;;;ING2607Facture intragroupe CID 0185;;;2026-07-03T11:57:10;1277;1277;2026-07-03T11:57:10;1277;;;;;;;;;;ING;FAC02_SRC_FACTURESFOURNISSEURS_020726-060434_ST_FAC02_639185690741033341_001;;;;;;JE.FR.APXIISIM.TAX_RULE;CRE/M;;;;;;;;;;;;;;;;;;;;;AMONTS;;;EMU FIXED;2026-07-03T11:57:10;1;EUR;;ENERGIE;;;GROUPEDKA;;;2026-07-28T00:00:00;7785475;;;86;;;;;;;;;01/07/2026;;;;;;;;;;;;;;;;;;;;;;;;;;;;;;DEW0001;;;;;;;;;;;;;;;;;;;;;;;;;;;;;;;;;;
12381164;0693C26073186;STANDARD;2026-07-01T00:00:00;;5668;;;21394;;2373.61;EUR;;;;;;ING2607Facture intragroupe CID 0693;;;2026-07-03T11:57:10;1277;1277;2026-07-03T11:57:10;1277;;;;;;;;;;ING;FAC02_SRC_FACTURESFOURNISSEURS_020726-060434_ST_FAC02_639185690741033341_001;;;;;;JE.FR.APXIISIM.TAX_RULE;CRE/M;;;;;;;;;;;;;;;;;;;;;AMONTS;;;EMU FIXED;2026-07-03T11:57:10;1;EUR;;ENERGIE;;;GROUPEDKA;;;2026-07-28T00:00:00;7789626;;;85;;;;;;;;;01/07/2026;;;;;;;;;;;;;;;;;;;;;;;;;;;;;;DCW0001;;;;;;;;;;;;;;;;;;;;;;;;;;;;;;;;;;
12381165;0693C26073208;STANDARD;2026-07-01T00:00:00;;5668;;;21394;;520.15;EUR;;;;;;ING2607Facture intragroupe CID 0693;;;2026-07-03T11:57:10;1277;1277;2026-07-03T11:57:10;1277;;;;;;;;;;ING;FAC02_SRC_FACTURESFOURNISSEURS_020726-060434_ST_FAC02_639185690741033341_001;;;;;;JE.FR.APXIISIM.TAX_RULE;CRE/M;;;;;;;;;;;;;;;;;;;;;AMONTS;;;EMU FIXED;2026-07-03T11:57:10;1;EUR;;ENERGIE;;;GROUPEDKA;;;2026-07-28T00:00:00;7789626;;;85;;;;;;;;;01/07/2026;;;;;;;;;;;;;;;;;;;;;;;;;;;;;;DCW0001;;;;;;;;;;;;;;;;;;;;;;;;;;;;;;;;;;
12381166;0693C26073213;STANDARD;2026-07-01T00:00:00;;5668;;;21394;;1791.61;EUR;;;;;;ING2607Facture intragroupe CID 0693;;;2026-07-03T11:57:10;1277;1277;2026-07-03T11:57:10;1277;;;;;;;;;;ING;FAC02_SRC_FACTURESFOURNISSEURS_020726-060434_ST_FAC02_639185690741033341_001;;;;;;JE.FR.APXIISIM.TAX_RULE;CRE/M;;;;;;;;;;;;;;;;;;;;;AMONTS;;;EMU FIXED;2026-07-03T11:57:10;1;EUR;;ENERGIE;;;GROUPEDKA;;;2026-07-28T00:00:00;7789626;;;85;;;;;;;;;01/07/2026;;;;;;;;;;;;;;;;;;;;;;;;;;;;;;DCW0001;;;;;;;;;;;;;;;;;;;;;;;;;;;;;;;;;;
12381167;0693C26073206;STANDARD;2026-07-01T00:00:00;;5668;;;21394;;838.01;EUR;;;;;;ING2607Facture intragroupe CID 0693;;;2026-07-03T11:57:10;1277;1277;2026-07-03T11:57:10;1277;;;;;;;;;;ING;FAC02_SRC_FACTURESFOURNISSEURS_020726-060434_ST_FAC02_639185690741033341_001;;;;;;JE.FR.APXIISIM.TAX_RULE;CRE/M;;;;;;;;;;;;;;;;;;;;;AMONTS;;;EMU FIXED;2026-07-03T11:57:10;1;EUR;;ENERGIE;;;GROUPEDKA;;;2026-07-28T00:00:00;7789626;;;85;;;;;;;;;01/07/2026;;;;;;;;;;;;;;;;;;;;;;;;;;;;;;DCW0001;;;;;;;;;;;;;;;;;;;;;;;;;;;;;;;;;;
12381168;0539M26070233;STANDARD;2026-07-01T00:00:00;;823;;;4879649;;3066.55;EUR;;;;;;ING2607Facture intragroupe CID 0539;;;2026-07-03T11:57:10;1277;1277;2026-07-03T11:57:10;1277;;;;;;;;;;ING;FAC02_SRC_FACTURESFOURNISSEURS_020726-060434_ST_FAC02_639185690741033341_001;;;;;;JE.FR.APXIISIM.TAX_RULE;CRE/M;;;;;;;;;;;;;;;;;;;;;AMONTS;;;EMU FIXED;2026-07-03T11:57:10;1;EUR;;ENERGIE;;;GROUPEDKA;;;2026-07-28T00:00:00;17185039;;;4360;;;;;;;;;01/07/2026;;;;;;;;;;;;;;;;;;;;;;;;;;;;;;DMS0400;;;;;;;;;;;;;;;;;;;;;;;;;;;;;;;;;;
12381169;0539S26070234;STANDARD;2026-07-01T00:00:00;;823;;;613253;;6340.78;EUR;;;;;;ING2607Facture intragroupe CID 0539;;;2026-07-03T11:57:10;1277;1277;2026-07-03T11:57:10;1277;;;;;;;;;;ING;FAC02_SRC_FACTURESFOURNISSEURS_020726-060434_ST_FAC02_639185690741033341_001;;;;;;JE.FR.APXIISIM.TAX_RULE;CRE/M;;;;;;;;;;;;;;;;;;;;;AMONTS;;;EMU FIXED;2026-07-03T11:57:10;1;EUR;;ENERGIE;;;GROUPEDKA;;;2026-07-28T00:00:00;7786312;;;91;;;;;;;;;01/07/2026;;;;;;;;;;;;;;;;;;;;;;;;;;;;;;DSW0001;;;;;;;;;;;;;;;;;;;;;;;;;;;;;;;;;;
12381170;0102M26070602;STANDARD;2026-07-01T00:00:00;;8186;;;15592;;4836.78;EUR;;;;;;ING2607Facture intragroupe CID 0102;;;2026-07-03T11:57:10;1277;1277;2026-07-03T11:57:10;1277;;;;;;;;;;ING;FAC02_SRC_FACTURESFOURNISSEURS_020726-060434_ST_FAC02_639185690741033341_001;;;;;;JE.FR.APXIISIM.TAX_RULE;CRE/M;;;;;;;;;;;;;;;;;;;;;AMONTS;;;EMU FIXED;2026-07-03T11:57:10;1;EUR;;ENERGIE;;;GROUPEDKA;;;2026-07-28T00:00:00;7789717;;;88;;;;;;;;;01/07/2026;;;;;;;;;;;;;;;;;;;;;;;;;;;;;;DMS0001;;;;;;;;;;;;;;;;;;;;;;;;;;;;;;;;;;
12381171;0102M26070592;STANDARD;2026-07-01T00:00:00;;8186;;;15592;;5717.48;EUR;;;;;;ING2607Facture intragroupe CID 0102;;;2026-07-03T11:57:10;1277;1277;2026-07-03T11:57:10;1277;;;;;;;;;;ING;FAC02_SRC_FACTURESFOURNISSEURS_020726-060434_ST_FAC02_639185690741033341_001;;;;;;JE.FR.APXIISIM.TAX_RULE;CRE/M;;;;;;;;;;;;;;;;;;;;;AMONTS;;;EMU FIXED;2026-07-03T11:57:10;1;EUR;;ENERGIE;;;GROUPEDKA;;;2026-07-28T00:00:00;7789717;;;88;;;;;;;;;01/07/2026;;;;;;;;;;;;;;;;;;;;;;;;;;;;;;DMS0001;;;;;;;;;;;;;;;;;;;;;;;;;;;;;;;;;;
12381172;0378S26070716;STANDARD;2026-07-01T00:00:00;;6761;;;30666;;0.23;EUR;;;;;;ING2607Facture intragroupe CID 0378;;;2026-07-03T11:57:10;1277;1277;2026-07-03T11:57:10;1277;;;;;;;;;;ING;FAC02_SRC_FACTURESFOURNISSEURS_020726-060434_ST_FAC02_639185690741033341_001;;;;;;JE.FR.APXIISIM.TAX_RULE;CRE/M;;;;;;;;;;;;;;;;;;;;;AMONTS;;;EMU FIXED;2026-07-03T11:57:10;1;EUR;;ENERGIE;;;GROUPEDKA;;;2026-07-28T00:00:00;7788834;;;91;;;;;;;;;01/07/2026;;;;;;;;;;;;;;;;;;;;;;;;;;;;;;DSW0001;;;;;;;;;;;;;;;;;;;;;;;;;;;;;;;;;;
12381173;0001M2607VWL3;STANDARD;2026-07-01T00:00:00;;815;;;3703905;;18121.97;EUR;;;;;;ING2607Facture intragroupe CID 0001;;;2026-07-03T11:57:10;1277;1277;2026-07-03T11:57:10;1277;;;;;;;;;;ING;FAC02_SRC_FACTURESFOURNISSEURS_020726-060434_ST_FAC02_639185690741033341_001;;;;;;JE.FR.APXIISIM.TAX_RULE;CRE/M;;;;;;;;;;;;;;;;;;;;;AMONTS;;;EMU FIXED;2026-07-03T11:57:10;1;EUR;;ENERGIE;;;GROUPEDKA;;;2026-07-28T00:00:00;14668723;;;5581;;;;;;;;;01/07/2026;;;;;;;;;;;;;;;;;;;;;;;;;;;;;;DMS0442;;;;;;;;;;;;;;;;;;;;;;;;;;;;;;;;;;
12381174;0001S2607XKA3;STANDARD;2026-07-01T00:00:00;;815;;;3703825;;20914.28;EUR;;;;;;ING2607Facture intragroupe CID 0001;;;2026-07-03T11:57:10;1277;1277;2026-07-03T11:57:10;1277;;;;;;;;;;ING;FAC02_SRC_FACTURESFOURNISSEURS_020726-060434_ST_FAC02_639185690741033341_001;;;;;;JE.FR.APXIISIM.TAX_RULE;CRE/M;;;;;;;;;;;;;;;;;;;;;AMONTS;;;EMU FIXED;2026-07-03T11:57:10;1;EUR;;ENERGIE;;;GROUPEDKA;;;2026-07-28T00:00:00;7785601;;;345;;;;;;;;;01/07/2026;;;;;;;;;;;;;;;;;;;;;;;;;;;;;;DSW0378;;;;;;;;;;;;;;;;;;;;;;;;;;;;;;;;;;
12381175;0361M26078845;STANDARD;2026-07-01T00:00:00;;12967;;;785002;;30449.87;EUR;;;;;;ING2607Facture intragroupe CID 0361;;;2026-07-03T11:57:10;1277;1277;2026-07-03T11:57:10;1277;;;;;;;;;;ING;FAC02_SRC_FACTURESFOURNISSEURS_020726-060434_ST_FAC02_639185690741033341_001;;;;;;JE.FR.APXIISIM.TAX_RULE;CRE/M;;;;;;;;;;;;;;;;;;;;;AMONTS;;;EMU FIXED;2026-07-03T11:57:10;1;EUR;;ENERGIE;;;GROUPEDKA;;;2026-07-28T00:00:00;13412156;;;220;;;;;;;;;01/07/2026;;;;;;;;;;;;;;;;;;;;;;;;;;;;;;DMS0756;;;;;;;;;;;;;;;;;;;;;;;;;;;;;;;;;;
12381176;0361M26078844;STANDARD;2026-07-01T00:00:00;;12967;;;785002;;3616.95;EUR;;;;;;ING2607Facture intragroupe CID 0361;;;2026-07-03T11:57:10;1277;1277;2026-07-03T11:57:10;1277;;;;;;;;;;ING;FAC02_SRC_FACTURESFOURNISSEURS_020726-060434_ST_FAC02_639185690741033341_001;;;;;;JE.FR.APXIISIM.TAX_RULE;CRE/M;;;;;;;;;;;;;;;;;;;;;AMONTS;;;EMU FIXED;2026-07-03T11:57:10;1;EUR;;ENERGIE;;;GROUPEDKA;;;2026-07-28T00:00:00;13412156;;;220;;;;;;;;;01/07/2026;;;;;;;;;;;;;;;;;;;;;;;;;;;;;;DMS0756;;;;;;;;;;;;;;;;;;;;;;;;;;;;;;;;;;
12381177;0693C26073182;STANDARD;2026-07-01T00:00:00;;5668;;;21396;;10175.48;EUR;;;;;;ING2607Facture intragroupe CID 0693;;;2026-07-03T11:57:10;1277;1277;2026-07-03T11:57:10;1277;;;;;;;;;;ING;FAC02_SRC_FACTURESFOURNISSEURS_020726-060434_ST_FAC02_639185690741033341_001;;;;;;JE.FR.APXIISIM.TAX_RULE;CRE/M;;;;;;;;;;;;;;;;;;;;;AMONTS;;;EMU FIXED;2026-07-03T11:57:10;1;EUR;;ENERGIE;;;GROUPEDKA;;;2026-07-28T00:00:00;7789632;;;129;;;;;;;;;01/07/2026;;;;;;;;;;;;;;;;;;;;;;;;;;;;;;DCW0322;;;;;;;;;;;;;;;;;;;;;;;;;;;;;;;;;;
12381178;0688K2607WWW7;STANDARD;2026-07-01T00:00:00;;5416;;;39959;;242.18;EUR;;;;;;GAZ2607Facture intragroupe CID 0688;;;2026-07-03T11:57:10;1277;1277;2026-07-03T11:57:10;1277;;;;;;;;;;GAZ;FAC02_SRC_FACTURESFOURNISSEURS_020726-060434_ST_FAC02_639185690741033341_001;;;;;;JE.FR.APXIISIM.TAX_RULE;CRE/M;;;;;;;;;;;;;;;;;;;;;AMONTS;;;EMU FIXED;2026-07-03T11:57:10;1;EUR;;ENERGIE;;;GROUPEDKA;;;2026-07-28T00:00:00;7788414;;;89;;;;;;;;;01/07/2026;;;;;;;;;;;;;;;;;;;;;;;;;;;;;;DNA0001;;;;;;;;;;;;;;;;;;;;;;;;;;;;;;;;;;
12381179;0105S26073542;STANDARD;2026-07-01T00:00:00;;141006;;;230042;;18403.35;EUR;;;;;;ING2607Facture intragroupe CID 0105;;;2026-07-03T11:57:10;1277;1277;2026-07-03T11:57:10;1277;;;;;;;;;;ING;FAC02_SRC_FACTURESFOURNISSEURS_020726-060434_ST_FAC02_639185690741033341_001;;;;;;JE.FR.APXIISIM.TAX_RULE;CRE/M;;;;;;;;;;;;;;;;;;;;;AMONTS;;;EMU FIXED;2026-07-03T11:57:10;1;EUR;;ENERGIE;;;GROUPEDKA;;;2026-07-28T00:00:00;12905491;;;91;;;;;;;;;01/07/2026;;;;;;;;;;;;;;;;;;;;;;;;;;;;;;DSW0001;;;;;;;;;;;;;;;;;;;;;;;;;;;;;;;;;;
12381180;0001M2607VWK5;STANDARD;2026-07-01T00:00:00;;815;;;3688659;;7384.60;EUR;;;;;;ING2607Facture intragroupe CID 0001;;;2026-07-03T11:57:10;1277;1277;2026-07-03T11:57:10;1277;;;;;;;;;;ING;FAC02_SRC_FACTURESFOURNISSEURS_020726-060434_ST_FAC02_639185690741033341_001;;;;;;JE.FR.APXIISIM.TAX_RULE;CRE/M;;;;;;;;;;;;;;;;;;;;;AMONTS;;;EMU FIXED;2026-07-03T11:57:10;1;EUR;;ENERGIE;;;GROUPEDKA;;;2026-07-28T00:00:00;7785871;;;107;;;;;;;;;01/07/2026;;;;;;;;;;;;;;;;;;;;;;;;;;;;;;DMS0441;;;;;;;;;;;;;;;;;;;;;;;;;;;;;;;;;;
12381181;0001E2607VWR6;STANDARD;2026-07-01T00:00:00;;815;;;3703912;;7965.17;EUR;;;;;;ING2607Facture intragroupe CID 0001;;;2026-07-03T11:57:10;1277;1277;2026-07-03T11:57:10;1277;;;;;;;;;;ING;FAC02_SRC_FACTURESFOURNISSEURS_020726-060434_ST_FAC02_639185690741033341_001;;;;;;JE.FR.APXIISIM.TAX_RULE;CRE/M;;;;;;;;;;;;;;;;;;;;;AMONTS;;;EMU FIXED;2026-07-03T11:57:10;1;EUR;;ENERGIE;;;GROUPEDKA;;;2026-07-28T00:00:00;15031440;;;6393;;;;;;;;;31/07/2026;;;;;;;;;;;;;;;;;;;;;;;;;;;;;;DEW0490;;;;;;;;;;;;;;;;;;;;;;;;;;;;;;;;;;
12381182;0001M2607VWK6;STANDARD;2026-07-01T00:00:00;;815;;;3703774;;36623.77;EUR;;;;;;ING2607Facture intragroupe CID 0001;;;2026-07-03T11:57:10;1277;1277;2026-07-03T11:57:10;1277;;;;;;;;;;ING;FAC02_SRC_FACTURESFOURNISSEURS_020726-060434_ST_FAC02_639185690741033341_001;;;;;;JE.FR.APXIISIM.TAX_RULE;CRE/M;;;;;;;;;;;;;;;;;;;;;AMONTS;;;EMU FIXED;2026-07-03T11:57:10;1;EUR;;ENERGIE;;;GROUPEDKA;;;2026-07-28T00:00:00;13067599;;;249;;;;;;;;;01/07/2026;;;;;;;;;;;;;;;;;;;;;;;;;;;;;;DOS0119;;;;;;;;;;;;;;;;;;;;;;;;;;;;;;;;;;
12381183;0001M2607VWK7;STANDARD;2026-07-01T00:00:00;;815;;;3703884;;1718.65;EUR;;;;;;ING2607Facture intragroupe CID 0001;;;2026-07-03T11:57:10;1277;1277;2026-07-03T11:57:10;1277;;;;;;;;;;ING;FAC02_SRC_FACTURESFOURNISSEURS_020726-060434_ST_FAC02_639185690741033341_001;;;;;;JE.FR.APXIISIM.TAX_RULE;CRE/M;;;;;;;;;;;;;;;;;;;;;AMONTS;;;EMU FIXED;2026-07-03T11:57:10;1;EUR;;ENERGIE;;;GROUPEDKA;;;2026-07-28T00:00:00;7785667;;;274;;;;;;;;;01/07/2026;;;;;;;;;;;;;;;;;;;;;;;;;;;;;;DOS0658;;;;;;;;;;;;;;;;;;;;;;;;;;;;;;;;;;
12381184;0001M2607VWK8;STANDARD;2026-07-01T00:00:00;;815;;;3688659;;13539.36;EUR;;;;;;ING2607Facture intragroupe CID 0001;;;2026-07-03T11:57:10;1277;1277;2026-07-03T11:57:10;1277;;;;;;;;;;ING;FAC02_SRC_FACTURESFOURNISSEURS_020726-060434_ST_FAC02_639185690741033341_001;;;;;;JE.FR.APXIISIM.TAX_RULE;CRE/M;;;;;;;;;;;;;;;;;;;;;AMONTS;;;EMU FIXED;2026-07-03T11:57:10;1;EUR;;ENERGIE;;;GROUPEDKA;;;2026-07-28T00:00:00;7785871;;;107;;;;;;;;;01/07/2026;;;;;;;;;;;;;;;;;;;;;;;;;;;;;;DMS0441;;;;;;;;;;;;;;;;;;;;;;;;;;;;;;;;;;
12381185;0001M2607VWL0;STANDARD;2026-07-01T00:00:00;;815;;;3688659;;10074.17;EUR;;;;;;ING2607Facture intragroupe CID 0001;;;2026-07-03T11:57:10;1277;1277;2026-07-03T11:57:10;1277;;;;;;;;;;ING;FAC02_SRC_FACTURESFOURNISSEURS_020726-060434_ST_FAC02_639185690741033341_001;;;;;;JE.FR.APXIISIM.TAX_RULE;CRE/M;;;;;;;;;;;;;;;;;;;;;AMONTS;;;EMU FIXED;2026-07-03T11:57:10;1;EUR;;ENERGIE;;;GROUPEDKA;;;2026-07-28T00:00:00;7785871;;;107;;;;;;;;;01/07/2026;;;;;;;;;;;;;;;;;;;;;;;;;;;;;;DMS0441;;;;;;;;;;;;;;;;;;;;;;;;;;;;;;;;;;
12381186;0001M2607VWL1;STANDARD;2026-07-01T00:00:00;;815;;;3688659;;10945.12;EUR;;;;;;ING2607Facture intragroupe CID 0001;;;2026-07-03T11:57:10;1277;1277;2026-07-03T11:57:10;1277;;;;;;;;;;ING;FAC02_SRC_FACTURESFOURNISSEURS_020726-060434_ST_FAC02_639185690741033341_001;;;;;;JE.FR.APXIISIM.TAX_RULE;CRE/M;;;;;;;;;;;;;;;;;;;;;AMONTS;;;EMU FIXED;2026-07-03T11:57:10;1;EUR;;ENERGIE;;;GROUPEDKA;;;2026-07-28T00:00:00;7785871;;;107;;;;;;;;;01/07/2026;;;;;;;;;;;;;;;;;;;;;;;;;;;;;;DMS0441;;;;;;;;;;;;;;;;;;;;;;;;;;;;;;;;;;
12381187;0158E26071051;STANDARD;2026-07-01T00:00:00;;7334;;;4647656;;2669.97;EUR;;;;;;ING2607Facture intragroupe CID 0158;;;2026-07-03T11:57:10;1277;1277;2026-07-03T11:57:10;1277;;;;;;;;;;ING;FAC02_SRC_FACTURESFOURNISSEURS_020726-060434_ST_FAC02_639185690741033341_001;;;;;;JE.FR.APXIISIM.TAX_RULE;CRE/M;;;;;;;;;;;;;;;;;;;;;AMONTS;;;EMU FIXED;2026-07-03T11:57:10;1;EUR;;ENERGIE;;;GROUPEDKA;;;2026-07-28T00:00:00;16931433;;;9203;;;;;;;;;01/07/2026;;;;;;;;;;;;;;;;;;;;;;;;;;;;;;DEW0691;;;;;;;;;;;;;;;;;;;;;;;;;;;;;;;;;;
12381188;0102M26070608;STANDARD;2026-07-01T00:00:00;;8186;;;15592;;734.70;EUR;;;;;;ING2607Facture intragroupe CID 0102;;;2026-07-03T11:57:10;1277;1277;2026-07-03T11:57:10;1277;;;;;;;;;;ING;FAC02_SRC_FACTURESFOURNISSEURS_020726-060434_ST_FAC02_639185690741033341_001;;;;;;JE.FR.APXIISIM.TAX_RULE;CRE/M;;;;;;;;;;;;;;;;;;;;;AMONTS;;;EMU FIXED;2026-07-03T11:57:10;1;EUR;;ENERGIE;;;GROUPEDKA;;;2026-07-28T00:00:00;7789717;;;88;;;;;;;;;01/07/2026;;;;;;;;;;;;;;;;;;;;;;;;;;;;;;DMS0001;;;;;;;;;;;;;;;;;;;;;;;;;;;;;;;;;;
12381189;0688K2607WXT0;STANDARD;2026-07-01T00:00:00;;5416;;;29731;;355.74;EUR;;;;;;GAZ2607Facture intragroupe CID 0688;;;2026-07-03T11:57:10;1277;1277;2026-07-03T11:57:10;1277;;;;;;;;;;GAZ;FAC02_SRC_FACTURESFOURNISSEURS_020726-060434_ST_FAC02_639185690741033341_001;;;;;;JE.FR.APXIISIM.TAX_RULE;CRE/M;;;;;;;;;;;;;;;;;;;;;AMONTS;;;EMU FIXED;2026-07-03T11:57:10;1;EUR;;ENERGIE;;;GROUPEDKA;;;2026-07-28T00:00:00;7788549;;;91;;;;;;;;;01/07/2026;;;;;;;;;;;;;;;;;;;;;;;;;;;;;;DSW0001;;;;;;;;;;;;;;;;;;;;;;;;;;;;;;;;;;
12381190;0688K2607WXX5;STANDARD;2026-07-01T00:00:00;;5416;;;29731;;207.96;EUR;;;;;;GAZ2607Facture intragroupe CID 0688;;;2026-07-03T11:57:10;1277;1277;2026-07-03T11:57:10;1277;;;;;;;;;;GAZ;FAC02_SRC_FACTURESFOURNISSEURS_020726-060434_ST_FAC02_639185690741033341_001;;;;;;JE.FR.APXIISIM.TAX_RULE;CRE/M;;;;;;;;;;;;;;;;;;;;;AMONTS;;;EMU FIXED;2026-07-03T11:57:10;1;EUR;;ENERGIE;;;GROUPEDKA;;;2026-07-28T00:00:00;7788549;;;91;;;;;;;;;01/07/2026;;;;;;;;;;;;;;;;;;;;;;;;;;;;;;DSW0001;;;;;;;;;;;;;;;;;;;;;;;;;;;;;;;;;;
12381191;0551R26071477;STANDARD;2026-07-01T00:00:00;;2497;;;44672;;11035.70;EUR;;;;;;ING2607Facture intragroupe CID 0551;;;2026-07-03T11:57:10;1277;1277;2026-07-03T11:57:10;1277;;;;;;;;;;ING;FAC02_SRC_FACTURESFOURNISSEURS_020726-060434_ST_FAC02_639185690741033341_001;;;;;;JE.FR.APXIISIM.TAX_RULE;CRE/M;;;;;;;;;;;;;;;;;;;;;AMONTS;;;EMU FIXED;2026-07-03T11:57:10;1;EUR;;ENERGIE;;;GROUPEDKA;;;2026-07-28T00:00:00;7787526;;;90;;;;;;;;;01/07/2026;;;;;;;;;;;;;;;;;;;;;;;;;;;;;;DRW0001;;;;;;;;;;;;;;;;;;;;;;;;;;;;;;;;;;
12381192;0551R26071444;STANDARD;2026-07-01T00:00:00;;2497;;;44672;;1847.47;EUR;;;;;;ING2607Facture intragroupe CID 0551;;;2026-07-03T11:57:10;1277;1277;2026-07-03T11:57:10;1277;;;;;;;;;;ING;FAC02_SRC_FACTURESFOURNISSEURS_020726-060434_ST_FAC02_639185690741033341_001;;;;;;JE.FR.APXIISIM.TAX_RULE;CRE/M;;;;;;;;;;;;;;;;;;;;;AMONTS;;;EMU FIXED;2026-07-03T11:57:10;1;EUR;;ENERGIE;;;GROUPEDKA;;;2026-07-28T00:00:00;7787526;;;90;;;;;;;;;01/07/2026;;;;;;;;;;;;;;;;;;;;;;;;;;;;;;DRW0001;;;;;;;;;;;;;;;;;;;;;;;;;;;;;;;;;;
12381193;0551R26071504;STANDARD;2026-07-01T00:00:00;;2497;;;44672;;988.80;EUR;;;;;;ING2607Facture intragroupe CID 0551;;;2026-07-03T11:57:10;1277;1277;2026-07-03T11:57:10;1277;;;;;;;;;;ING;FAC02_SRC_FACTURESFOURNISSEURS_020726-060434_ST_FAC02_639185690741033341_001;;;;;;JE.FR.APXIISIM.TAX_RULE;CRE/M;;;;;;;;;;;;;;;;;;;;;AMONTS;;;EMU FIXED;2026-07-03T11:57:10;1;EUR;;ENERGIE;;;GROUPEDKA;;;2026-07-28T00:00:00;7787526;;;90;;;;;;;;;01/07/2026;;;;;;;;;;;;;;;;;;;;;;;;;;;;;;DRW0001;;;;;;;;;;;;;;;;;;;;;;;;;;;;;;;;;;
12381194;0551R26071505;STANDARD;2026-07-01T00:00:00;;2497;;;44672;;772.50;EUR;;;;;;ING2607Facture intragroupe CID 0551;;;2026-07-03T11:57:10;1277;1277;2026-07-03T11:57:10;1277;;;;;;;;;;ING;FAC02_SRC_FACTURESFOURNISSEURS_020726-060434_ST_FAC02_639185690741033341_001;;;;;;JE.FR.APXIISIM.TAX_RULE;CRE/M;;;;;;;;;;;;;;;;;;;;;AMONTS;;;EMU FIXED;2026-07-03T11:57:10;1;EUR;;ENERGIE;;;GROUPEDKA;;;2026-07-28T00:00:00;7787526;;;90;;;;;;;;;01/07/2026;;;;;;;;;;;;;;;;;;;;;;;;;;;;;;DRW0001;;;;;;;;;;;;;;;;;;;;;;;;;;;;;;;;;;
12381195;0551R26071479;STANDARD;2026-07-01T00:00:00;;2497;;;44672;;2210.28;EUR;;;;;;ING2607Facture intragroupe CID 0551;;;2026-07-03T11:57:10;1277;1277;2026-07-03T11:57:10;1277;;;;;;;;;;ING;FAC02_SRC_FACTURESFOURNISSEURS_020726-060434_ST_FAC02_639185690741033341_001;;;;;;JE.FR.APXIISIM.TAX_RULE;CRE/M;;;;;;;;;;;;;;;;;;;;;AMONTS;;;EMU FIXED;2026-07-03T11:57:10;1;EUR;;ENERGIE;;;GROUPEDKA;;;2026-07-28T00:00:00;7787526;;;90;;;;;;;;;01/07/2026;;;;;;;;;;;;;;;;;;;;;;;;;;;;;;DRW0001;;;;;;;;;;;;;;;;;;;;;;;;;;;;;;;;;;
12381196;0551R26071481;STANDARD;2026-07-01T00:00:00;;2497;;;44672;;980.46;EUR;;;;;;ING2607Facture intragroupe CID 0551;;;2026-07-03T11:57:10;1277;1277;2026-07-03T11:57:10;1277;;;;;;;;;;ING;FAC02_SRC_FACTURESFOURNISSEURS_020726-060434_ST_FAC02_639185690741033341_001;;;;;;JE.FR.APXIISIM.TAX_RULE;CRE/M;;;;;;;;;;;;;;;;;;;;;AMONTS;;;EMU FIXED;2026-07-03T11:57:10;1;EUR;;ENERGIE;;;GROUPEDKA;;;2026-07-28T00:00:00;7787526;;;90;;;;;;;;;01/07/2026;;;;;;;;;;;;;;;;;;;;;;;;;;;;;;DRW0001;;;;;;;;;;;;;;;;;;;;;;;;;;;;;;;;;;
12381197;0551R26071482;STANDARD;2026-07-01T00:00:00;;2497;;;44672;;1481.35;EUR;;;;;;ING2607Facture intragroupe CID 0551;;;2026-07-03T11:57:10;1277;1277;2026-07-03T11:57:10;1277;;;;;;;;;;ING;FAC02_SRC_FACTURESFOURNISSEURS_020726-060434_ST_FAC02_639185690741033341_001;;;;;;JE.FR.APXIISIM.TAX_RULE;CRE/M;;;;;;;;;;;;;;;;;;;;;AMONTS;;;EMU FIXED;2026-07-03T11:57:10;1;EUR;;ENERGIE;;;GROUPEDKA;;;2026-07-28T00:00:00;7787526;;;90;;;;;;;;;01/07/2026;;;;;;;;;;;;;;;;;;;;;;;;;;;;;;DRW0001;;;;;;;;;;;;;;;;;;;;;;;;;;;;;;;;;;
12381198;0551R26071483;STANDARD;2026-07-01T00:00:00;;2497;;;44672;;1117.34;EUR;;;;;;ING2607Facture intragroupe CID 0551;;;2026-07-03T11:57:10;1277;1277;2026-07-03T11:57:10;1277;;;;;;;;;;ING;FAC02_SRC_FACTURESFOURNISSEURS_020726-060434_ST_FAC02_639185690741033341_001;;;;;;JE.FR.APXIISIM.TAX_RULE;CRE/M;;;;;;;;;;;;;;;;;;;;;AMONTS;;;EMU FIXED;2026-07-03T11:57:10;1;EUR;;ENERGIE;;;GROUPEDKA;;;2026-07-28T00:00:00;7787526;;;90;;;;;;;;;01/07/2026;;;;;;;;;;;;;;;;;;;;;;;;;;;;;;DRW0001;;;;;;;;;;;;;;;;;;;;;;;;;;;;;;;;;;
12381199;0551R26071484;STANDARD;2026-07-01T00:00:00;;2497;;;44672;;1252.99;EUR;;;;;;ING2607Facture intragroupe CID 0551;;;2026-07-03T11:57:10;1277;1277;2026-07-03T11:57:10;1277;;;;;;;;;;ING;FAC02_SRC_FACTURESFOURNISSEURS_020726-060434_ST_FAC02_639185690741033341_001;;;;;;JE.FR.APXIISIM.TAX_RULE;CRE/M;;;;;;;;;;;;;;;;;;;;;AMONTS;;;EMU FIXED;2026-07-03T11:57:10;1;EUR;;ENERGIE;;;GROUPEDKA;;;2026-07-28T00:00:00;7787526;;;90;;;;;;;;;01/07/2026;;;;;;;;;;;;;;;;;;;;;;;;;;;;;;DRW0001;;;;;;;;;;;;;;;;;;;;;;;;;;;;;;;;;;
12381200;0551R26071485;STANDARD;2026-07-01T00:00:00;;2497;;;44672;;600.70;EUR;;;;;;ING2607Facture intragroupe CID 0551;;;2026-07-03T11:57:10;1277;1277;2026-07-03T11:57:10;1277;;;;;;;;;;ING;FAC02_SRC_FACTURESFOURNISSEURS_020726-060434_ST_FAC02_639185690741033341_001;;;;;;JE.FR.APXIISIM.TAX_RULE;CRE/M;;;;;;;;;;;;;;;;;;;;;AMONTS;;;EMU FIXED;2026-07-03T11:57:10;1;EUR;;ENERGIE;;;GROUPEDKA;;;2026-07-28T00:00:00;7787526;;;90;;;;;;;;;01/07/2026;;;;;;;;;;;;;;;;;;;;;;;;;;;;;;DRW0001;;;;;;;;;;;;;;;;;;;;;;;;;;;;;;;;;;
12381201;0551R26071486;STANDARD;2026-07-01T00:00:00;;2497;;;44672;;264.50;EUR;;;;;;ING2607Facture intragroupe CID 0551;;;2026-07-03T11:57:10;1277;1277;2026-07-03T11:57:10;1277;;;;;;;;;;ING;FAC02_SRC_FACTURESFOURNISSEURS_020726-060434_ST_FAC02_639185690741033341_001;;;;;;JE.FR.APXIISIM.TAX_RULE;CRE/M;;;;;;;;;;;;;;;;;;;;;AMONTS;;;EMU FIXED;2026-07-03T11:57:10;1;EUR;;ENERGIE;;;GROUPEDKA;;;2026-07-28T00:00:00;7787526;;;90;;;;;;;;;01/07/2026;;;;;;;;;;;;;;;;;;;;;;;;;;;;;;DRW0001;;;;;;;;;;;;;;;;;;;;;;;;;;;;;;;;;;
12381202;0551R26071380;STANDARD;2026-07-01T00:00:00;;2497;;;44672;;317.65;EUR;;;;;;ING2607Facture intragroupe CID 0551;;;2026-07-03T11:57:10;1277;1277;2026-07-03T11:57:10;1277;;;;;;;;;;ING;FAC02_SRC_FACTURESFOURNISSEURS_020726-060434_ST_FAC02_639185690741033341_001;;;;;;JE.FR.APXIISIM.TAX_RULE;CRE/M;;;;;;;;;;;;;;;;;;;;;AMONTS;;;EMU FIXED;2026-07-03T11:57:10;1;EUR;;ENERGIE;;;GROUPEDKA;;;2026-07-28T00:00:00;7787526;;;90;;;;;;;;;01/07/2026;;;;;;;;;;;;;;;;;;;;;;;;;;;;;;DRW0001;;;;;;;;;;;;;;;;;;;;;;;;;;;;;;;;;;
12381203;0551R26071522;STANDARD;2026-07-01T00:00:00;;2497;;;44672;;10104.30;EUR;;;;;;ING2607Facture intragroupe CID 0551;;;2026-07-03T11:57:10;1277;1277;2026-07-03T11:57:10;1277;;;;;;;;;;ING;FAC02_SRC_FACTURESFOURNISSEURS_020726-060434_ST_FAC02_639185690741033341_001;;;;;;JE.FR.APXIISIM.TAX_RULE;CRE/M;;;;;;;;;;;;;;;;;;;;;AMONTS;;;EMU FIXED;2026-07-03T11:57:10;1;EUR;;ENERGIE;;;GROUPEDKA;;;2026-07-28T00:00:00;7787526;;;90;;;;;;;;;01/07/2026;;;;;;;;;;;;;;;;;;;;;;;;;;;;;;DRW0001;;;;;;;;;;;;;;;;;;;;;;;;;;;;;;;;;;
12381204;0551R26071378;STANDARD;2026-07-01T00:00:00;;2497;;;44672;;1034.02;EUR;;;;;;ING2607Facture intragroupe CID 0551;;;2026-07-03T11:57:10;1277;1277;2026-07-03T11:57:10;1277;;;;;;;;;;ING;FAC02_SRC_FACTURESFOURNISSEURS_020726-060434_ST_FAC02_639185690741033341_001;;;;;;JE.FR.APXIISIM.TAX_RULE;CRE/M;;;;;;;;;;;;;;;;;;;;;AMONTS;;;EMU FIXED;2026-07-03T11:57:10;1;EUR;;ENERGIE;;;GROUPEDKA;;;2026-07-28T00:00:00;7787526;;;90;;;;;;;;;01/07/2026;;;;;;;;;;;;;;;;;;;;;;;;;;;;;;DRW0001;;;;;;;;;;;;;;;;;;;;;;;;;;;;;;;;;;
12381205;0551R26071386;STANDARD;2026-07-01T00:00:00;;2497;;;44672;;1959.35;EUR;;;;;;ING2607Facture intragroupe CID 0551;;;2026-07-03T11:57:10;1277;1277;2026-07-03T11:57:10;1277;;;;;;;;;;ING;FAC02_SRC_FACTURESFOURNISSEURS_020726-060434_ST_FAC02_639185690741033341_001;;;;;;JE.FR.APXIISIM.TAX_RULE;CRE/M;;;;;;;;;;;;;;;;;;;;;AMONTS;;;EMU FIXED;2026-07-03T11:57:10;1;EUR;;ENERGIE;;;GROUPEDKA;;;2026-07-28T00:00:00;7787526;;;90;;;;;;;;;01/07/2026;;;;;;;;;;;;;;;;;;;;;;;;;;;;;;DRW0001;;;;;;;;;;;;;;;;;;;;;;;;;;;;;;;;;;
12381206;0551R26071388;STANDARD;2026-07-01T00:00:00;;2497;;;44672;;1706.45;EUR;;;;;;ING2607Facture intragroupe CID 0551;;;2026-07-03T11:57:10;1277;1277;2026-07-03T11:57:10;1277;;;;;;;;;;ING;FAC02_SRC_FACTURESFOURNISSEURS_020726-060434_ST_FAC02_639185690741033341_001;;;;;;JE.FR.APXIISIM.TAX_RULE;CRE/M;;;;;;;;;;;;;;;;;;;;;AMONTS;;;EMU FIXED;2026-07-03T11:57:10;1;EUR;;ENERGIE;;;GROUPEDKA;;;2026-07-28T00:00:00;7787526;;;90;;;;;;;;;01/07/2026;;;;;;;;;;;;;;;;;;;;;;;;;;;;;;DRW0001;;;;;;;;;;;;;;;;;;;;;;;;;;;;;;;;;;
12381207;0551R26071523;STANDARD;2026-07-01T00:00:00;;2497;;;44672;;510.16;EUR;;;;;;ING2607Facture intragroupe CID 0551;;;2026-07-03T11:57:10;1277;1277;2026-07-03T11:57:10;1277;;;;;;;;;;ING;FAC02_SRC_FACTURESFOURNISSEURS_020726-060434_ST_FAC02_639185690741033341_001;;;;;;JE.FR.APXIISIM.TAX_RULE;CRE/M;;;;;;;;;;;;;;;;;;;;;AMONTS;;;EMU FIXED;2026-07-03T11:57:10;1;EUR;;ENERGIE;;;GROUPEDKA;;;2026-07-28T00:00:00;7787526;;;90;;;;;;;;;01/07/2026;;;;;;;;;;;;;;;;;;;;;;;;;;;;;;DRW0001;;;;;;;;;;;;;;;;;;;;;;;;;;;;;;;;;;
12381208;0551R26071376;STANDARD;2026-07-01T00:00:00;;2497;;;44672;;310.86;EUR;;;;;;ING2607Facture intragroupe CID 0551;;;2026-07-03T11:57:10;1277;1277;2026-07-03T11:57:10;1277;;;;;;;;;;ING;FAC02_SRC_FACTURESFOURNISSEURS_020726-060434_ST_FAC02_639185690741033341_001;;;;;;JE.FR.APXIISIM.TAX_RULE;CRE/M;;;;;;;;;;;;;;;;;;;;;AMONTS;;;EMU FIXED;2026-07-03T11:57:10;1;EUR;;ENERGIE;;;GROUPEDKA;;;2026-07-28T00:00:00;7787526;;;90;;;;;;;;;01/07/2026;;;;;;;;;;;;;;;;;;;;;;;;;;;;;;DRW0001;;;;;;;;;;;;;;;;;;;;;;;;;;;;;;;;;;
12381209;0551R26071377;STANDARD;2026-07-01T00:00:00;;2497;;;44672;;1320.05;EUR;;;;;;ING2607Facture intragroupe CID 0551;;;2026-07-03T11:57:10;1277;1277;2026-07-03T11:57:10;1277;;;;;;;;;;ING;FAC02_SRC_FACTURESFOURNISSEURS_020726-060434_ST_FAC02_639185690741033341_001;;;;;;JE.FR.APXIISIM.TAX_RULE;CRE/M;;;;;;;;;;;;;;;;;;;;;AMONTS;;;EMU FIXED;2026-07-03T11:57:10;1;EUR;;ENERGIE;;;GROUPEDKA;;;2026-07-28T00:00:00;7787526;;;90;;;;;;;;;01/07/2026;;;;;;;;;;;;;;;;;;;;;;;;;;;;;;DRW0001;;;;;;;;;;;;;;;;;;;;;;;;;;;;;;;;;;
12381210;0551R26071379;STANDARD;2026-07-01T00:00:00;;2497;;;44672;;669.91;EUR;;;;;;ING2607Facture intragroupe CID 0551;;;2026-07-03T11:57:10;1277;1277;2026-07-03T11:57:10;1277;;;;;;;;;;ING;FAC02_SRC_FACTURESFOURNISSEURS_020726-060434_ST_FAC02_639185690741033341_001;;;;;;JE.FR.APXIISIM.TAX_RULE;CRE/M;;;;;;;;;;;;;;;;;;;;;AMONTS;;;EMU FIXED;2026-07-03T11:57:10;1;EUR;;ENERGIE;;;GROUPEDKA;;;2026-07-28T00:00:00;7787526;;;90;;;;;;;;;01/07/2026;;;;;;;;;;;;;;;;;;;;;;;;;;;;;;DRW0001;;;;;;;;;;;;;;;;;;;;;;;;;;;;;;;;;;
12381211;0551R26071463;STANDARD;2026-07-01T00:00:00;;2497;;;44672;;1413.55;EUR;;;;;;ING2607Facture intragroupe CID 0551;;;2026-07-03T11:57:10;1277;1277;2026-07-03T11:57:10;1277;;;;;;;;;;ING;FAC02_SRC_FACTURESFOURNISSEURS_020726-060434_ST_FAC02_639185690741033341_001;;;;;;JE.FR.APXIISIM.TAX_RULE;CRE/M;;;;;;;;;;;;;;;;;;;;;AMONTS;;;EMU FIXED;2026-07-03T11:57:10;1;EUR;;ENERGIE;;;GROUPEDKA;;;2026-07-28T00:00:00;7787526;;;90;;;;;;;;;01/07/2026;;;;;;;;;;;;;;;;;;;;;;;;;;;;;;DRW0001;;;;;;;;;;;;;;;;;;;;;;;;;;;;;;;;;;
12381212;0551R26071524;STANDARD;2026-07-01T00:00:00;;2497;;;44672;;1870.18;EUR;;;;;;ING2607Facture intragroupe CID 0551;;;2026-07-03T11:57:10;1277;1277;2026-07-03T11:57:10;1277;;;;;;;;;;ING;FAC02_SRC_FACTURESFOURNISSEURS_020726-060434_ST_FAC02_639185690741033341_001;;;;;;JE.FR.APXIISIM.TAX_RULE;CRE/M;;;;;;;;;;;;;;;;;;;;;AMONTS;;;EMU FIXED;2026-07-03T11:57:10;1;EUR;;ENERGIE;;;GROUPEDKA;;;2026-07-28T00:00:00;7787526;;;90;;;;;;;;;01/07/2026;;;;;;;;;;;;;;;;;;;;;;;;;;;;;;DRW0001;;;;;;;;;;;;;;;;;;;;;;;;;;;;;;;;;;
12381213;0551R26071383;STANDARD;2026-07-01T00:00:00;;2497;;;44672;;1753.88;EUR;;;;;;ING2607Facture intragroupe CID 0551;;;2026-07-03T11:57:10;1277;1277;2026-07-03T11:57:10;1277;;;;;;;;;;ING;FAC02_SRC_FACTURESFOURNISSEURS_020726-060434_ST_FAC02_639185690741033341_001;;;;;;JE.FR.APXIISIM.TAX_RULE;CRE/M;;;;;;;;;;;;;;;;;;;;;AMONTS;;;EMU FIXED;2026-07-03T11:57:10;1;EUR;;ENERGIE;;;GROUPEDKA;;;2026-07-28T00:00:00;7787526;;;90;;;;;;;;;01/07/2026;;;;;;;;;;;;;;;;;;;;;;;;;;;;;;DRW0001;;;;;;;;;;;;;;;;;;;;;;;;;;;;;;;;;;
12381214;0551R26071365;STANDARD;2026-07-01T00:00:00;;2497;;;44672;;1879.64;EUR;;;;;;ING2607Facture intragroupe CID 0551;;;2026-07-03T11:57:10;1277;1277;2026-07-03T11:57:10;1277;;;;;;;;;;ING;FAC02_SRC_FACTURESFOURNISSEURS_020726-060434_ST_FAC02_639185690741033341_001;;;;;;JE.FR.APXIISIM.TAX_RULE;CRE/M;;;;;;;;;;;;;;;;;;;;;AMONTS;;;EMU FIXED;2026-07-03T11:57:10;1;EUR;;ENERGIE;;;GROUPEDKA;;;2026-07-28T00:00:00;7787526;;;90;;;;;;;;;01/07/2026;;;;;;;;;;;;;;;;;;;;;;;;;;;;;;DRW0001;;;;;;;;;;;;;;;;;;;;;;;;;;;;;;;;;;
12381215;0551R26071506;STANDARD;2026-07-01T00:00:00;;2497;;;44672;;1003.22;EUR;;;;;;ING2607Facture intragroupe CID 0551;;;2026-07-03T11:57:10;1277;1277;2026-07-03T11:57:10;1277;;;;;;;;;;ING;FAC02_SRC_FACTURESFOURNISSEURS_020726-060434_ST_FAC02_639185690741033341_001;;;;;;JE.FR.APXIISIM.TAX_RULE;CRE/M;;;;;;;;;;;;;;;;;;;;;AMONTS;;;EMU FIXED;2026-07-03T11:57:10;1;EUR;;ENERGIE;;;GROUPEDKA;;;2026-07-28T00:00:00;7787526;;;90;;;;;;;;;01/07/2026;;;;;;;;;;;;;;;;;;;;;;;;;;;;;;DRW0001;;;;;;;;;;;;;;;;;;;;;;;;;;;;;;;;;;
12381216;0551R26071507;STANDARD;2026-07-01T00:00:00;;2497;;;44672;;1946.70;EUR;;;;;;ING2607Facture intragroupe CID 0551;;;2026-07-03T11:57:10;1277;1277;2026-07-03T11:57:10;1277;;;;;;;;;;ING;FAC02_SRC_FACTURESFOURNISSEURS_020726-060434_ST_FAC02_639185690741033341_001;;;;;;JE.FR.APXIISIM.TAX_RULE;CRE/M;;;;;;;;;;;;;;;;;;;;;AMONTS;;;EMU FIXED;2026-07-03T11:57:10;1;EUR;;ENERGIE;;;GROUPEDKA;;;2026-07-28T00:00:00;7787526;;;90;;;;;;;;;01/07/2026;;;;;;;;;;;;;;;;;;;;;;;;;;;;;;DRW0001;;;;;;;;;;;;;;;;;;;;;;;;;;;;;;;;;;
12381217;0551R26071452;STANDARD;2026-07-01T00:00:00;;2497;;;44672;;1432.21;EUR;;;;;;ING2607Facture intragroupe CID 0551;;;2026-07-03T11:57:10;1277;1277;2026-07-03T11:57:10;1277;;;;;;;;;;ING;FAC02_SRC_FACTURESFOURNISSEURS_020726-060434_ST_FAC02_639185690741033341_001;;;;;;JE.FR.APXIISIM.TAX_RULE;CRE/M;;;;;;;;;;;;;;;;;;;;;AMONTS;;;EMU FIXED;2026-07-03T11:57:10;1;EUR;;ENERGIE;;;GROUPEDKA;;;2026-07-28T00:00:00;7787526;;;90;;;;;;;;;01/07/2026;;;;;;;;;;;;;;;;;;;;;;;;;;;;;;DRW0001;;;;;;;;;;;;;;;;;;;;;;;;;;;;;;;;;;
12381218;0551R26071404;STANDARD;2026-07-01T00:00:00;;2497;;;44672;;304.98;EUR;;;;;;ING2607Facture intragroupe CID 0551;;;2026-07-03T11:57:10;1277;1277;2026-07-03T11:57:10;1277;;;;;;;;;;ING;FAC02_SRC_FACTURESFOURNISSEURS_020726-060434_ST_FAC02_639185690741033341_001;;;;;;JE.FR.APXIISIM.TAX_RULE;CRE/M;;;;;;;;;;;;;;;;;;;;;AMONTS;;;EMU FIXED;2026-07-03T11:57:10;1;EUR;;ENERGIE;;;GROUPEDKA;;;2026-07-28T00:00:00;7787526;;;90;;;;;;;;;01/07/2026;;;;;;;;;;;;;;;;;;;;;;;;;;;;;;DRW0001;;;;;;;;;;;;;;;;;;;;;;;;;;;;;;;;;;
12381219;0551R26071405;STANDARD;2026-07-01T00:00:00;;2497;;;44672;;965.94;EUR;;;;;;ING2607Facture intragroupe CID 0551;;;2026-07-03T11:57:10;1277;1277;2026-07-03T11:57:10;1277;;;;;;;;;;ING;FAC02_SRC_FACTURESFOURNISSEURS_020726-060434_ST_FAC02_639185690741033341_001;;;;;;JE.FR.APXIISIM.TAX_RULE;CRE/M;;;;;;;;;;;;;;;;;;;;;AMONTS;;;EMU FIXED;2026-07-03T11:57:10;1;EUR;;ENERGIE;;;GROUPEDKA;;;2026-07-28T00:00:00;7787526;;;90;;;;;;;;;01/07/2026;;;;;;;;;;;;;;;;;;;;;;;;;;;;;;DRW0001;;;;;;;;;;;;;;;;;;;;;;;;;;;;;;;;;;
12381220;0551R26071406;STANDARD;2026-07-01T00:00:00;;2497;;;44672;;529.01;EUR;;;;;;ING2607Facture intragroupe CID 0551;;;2026-07-03T11:57:10;1277;1277;2026-07-03T11:57:10;1277;;;;;;;;;;ING;FAC02_SRC_FACTURESFOURNISSEURS_020726-060434_ST_FAC02_639185690741033341_001;;;;;;JE.FR.APXIISIM.TAX_RULE;CRE/M;;;;;;;;;;;;;;;;;;;;;AMONTS;;;EMU FIXED;2026-07-03T11:57:10;1;EUR;;ENERGIE;;;GROUPEDKA;;;2026-07-28T00:00:00;7787526;;;90;;;;;;;;;01/07/2026;;;;;;;;;;;;;;;;;;;;;;;;;;;;;;DRW0001;;;;;;;;;;;;;;;;;;;;;;;;;;;;;;;;;;
12381221;0551R26071407;STANDARD;2026-07-01T00:00:00;;2497;;;44672;;538.58;EUR;;;;;;ING2607Facture intragroupe CID 0551;;;2026-07-03T11:57:10;1277;1277;2026-07-03T11:57:10;1277;;;;;;;;;;ING;FAC02_SRC_FACTURESFOURNISSEURS_020726-060434_ST_FAC02_639185690741033341_001;;;;;;JE.FR.APXIISIM.TAX_RULE;CRE/M;;;;;;;;;;;;;;;;;;;;;AMONTS;;;EMU FIXED;2026-07-03T11:57:10;1;EUR;;ENERGIE;;;GROUPEDKA;;;2026-07-28T00:00:00;7787526;;;90;;;;;;;;;01/07/2026;;;;;;;;;;;;;;;;;;;;;;;;;;;;;;DRW0001;;;;;;;;;;;;;;;;;;;;;;;;;;;;;;;;;;
12381222;0551R26071408;STANDARD;2026-07-01T00:00:00;;2497;;;44672;;127.62;EUR;;;;;;ING2607Facture intragroupe CID 0551;;;2026-07-03T11:57:10;1277;1277;2026-07-03T11:57:10;1277;;;;;;;;;;ING;FAC02_SRC_FACTURESFOURNISSEURS_020726-060434_ST_FAC02_639185690741033341_001;;;;;;JE.FR.APXIISIM.TAX_RULE;CRE/M;;;;;;;;;;;;;;;;;;;;;AMONTS;;;EMU FIXED;2026-07-03T11:57:10;1;EUR;;ENERGIE;;;GROUPEDKA;;;2026-07-28T00:00:00;7787526;;;90;;;;;;;;;01/07/2026;;;;;;;;;;;;;;;;;;;;;;;;;;;;;;DRW0001;;;;;;;;;;;;;;;;;;;;;;;;;;;;;;;;;;
12381223;0551R26071409;STANDARD;2026-07-01T00:00:00;;2497;;;44672;;638.09;EUR;;;;;;ING2607Facture intragroupe CID 0551;;;2026-07-03T11:57:10;1277;1277;2026-07-03T11:57:10;1277;;;;;;;;;;ING;FAC02_SRC_FACTURESFOURNISSEURS_020726-060434_ST_FAC02_639185690741033341_001;;;;;;JE.FR.APXIISIM.TAX_RULE;CRE/M;;;;;;;;;;;;;;;;;;;;;AMONTS;;;EMU FIXED;2026-07-03T11:57:10;1;EUR;;ENERGIE;;;GROUPEDKA;;;2026-07-28T00:00:00;7787526;;;90;;;;;;;;;01/07/2026;;;;;;;;;;;;;;;;;;;;;;;;;;;;;;DRW0001;;;;;;;;;;;;;;;;;;;;;;;;;;;;;;;;;;
12381224;0551R26071410;STANDARD;2026-07-01T00:00:00;;2497;;;44672;;197.15;EUR;;;;;;ING2607Facture intragroupe CID 0551;;;2026-07-03T11:57:10;1277;1277;2026-07-03T11:57:10;1277;;;;;;;;;;ING;FAC02_SRC_FACTURESFOURNISSEURS_020726-060434_ST_FAC02_639185690741033341_001;;;;;;JE.FR.APXIISIM.TAX_RULE;CRE/M;;;;;;;;;;;;;;;;;;;;;AMONTS;;;EMU FIXED;2026-07-03T11:57:10;1;EUR;;ENERGIE;;;GROUPEDKA;;;2026-07-28T00:00:00;7787526;;;90;;;;;;;;;01/07/2026;;;;;;;;;;;;;;;;;;;;;;;;;;;;;;DRW0001;;;;;;;;;;;;;;;;;;;;;;;;;;;;;;;;;;
12381225;0551R26071412;STANDARD;2026-07-01T00:00:00;;2497;;;44672;;418.69;EUR;;;;;;ING2607Facture intragroupe CID 0551;;;2026-07-03T11:57:10;1277;1277;2026-07-03T11:57:10;1277;;;;;;;;;;ING;FAC02_SRC_FACTURESFOURNISSEURS_020726-060434_ST_FAC02_639185690741033341_001;;;;;;JE.FR.APXIISIM.TAX_RULE;CRE/M;;;;;;;;;;;;;;;;;;;;;AMONTS;;;EMU FIXED;2026-07-03T11:57:10;1;EUR;;ENERGIE;;;GROUPEDKA;;;2026-07-28T00:00:00;7787526;;;90;;;;;;;;;01/07/2026;;;;;;;;;;;;;;;;;;;;;;;;;;;;;;DRW0001;;;;;;;;;;;;;;;;;;;;;;;;;;;;;;;;;;
12381226;0551R26071413;STANDARD;2026-07-01T00:00:00;;2497;;;44672;;127.62;EUR;;;;;;ING2607Facture intragroupe CID 0551;;;2026-07-03T11:57:10;1277;1277;2026-07-03T11:57:10;1277;;;;;;;;;;ING;FAC02_SRC_FACTURESFOURNISSEURS_020726-060434_ST_FAC02_639185690741033341_001;;;;;;JE.FR.APXIISIM.TAX_RULE;CRE/M;;;;;;;;;;;;;;;;;;;;;AMONTS;;;EMU FIXED;2026-07-03T11:57:10;1;EUR;;ENERGIE;;;GROUPEDKA;;;2026-07-28T00:00:00;7787526;;;90;;;;;;;;;01/07/2026;;;;;;;;;;;;;;;;;;;;;;;;;;;;;;DRW0001;;;;;;;;;;;;;;;;;;;;;;;;;;;;;;;;;;
12381227;0551R26071414;STANDARD;2026-07-01T00:00:00;;2497;;;44672;;127.62;EUR;;;;;;ING2607Facture intragroupe CID 0551;;;2026-07-03T11:57:10;1277;1277;2026-07-03T11:57:10;1277;;;;;;;;;;ING;FAC02_SRC_FACTURESFOURNISSEURS_020726-060434_ST_FAC02_639185690741033341_001;;;;;;JE.FR.APXIISIM.TAX_RULE;CRE/M;;;;;;;;;;;;;;;;;;;;;AMONTS;;;EMU FIXED;2026-07-03T11:57:10;1;EUR;;ENERGIE;;;GROUPEDKA;;;2026-07-28T00:00:00;7787526;;;90;;;;;;;;;01/07/2026;;;;;;;;;;;;;;;;;;;;;;;;;;;;;;DRW0001;;;;;;;;;;;;;;;;;;;;;;;;;;;;;;;;;;
12381228;0551R26071415;STANDARD;2026-07-01T00:00:00;;2497;;;44672;;266.66;EUR;;;;;;ING2607Facture intragroupe CID 0551;;;2026-07-03T11:57:10;1277;1277;2026-07-03T11:57:10;1277;;;;;;;;;;ING;FAC02_SRC_FACTURESFOURNISSEURS_020726-060434_ST_FAC02_639185690741033341_001;;;;;;JE.FR.APXIISIM.TAX_RULE;CRE/M;;;;;;;;;;;;;;;;;;;;;AMONTS;;;EMU FIXED;2026-07-03T11:57:10;1;EUR;;ENERGIE;;;GROUPEDKA;;;2026-07-28T00:00:00;7787526;;;90;;;;;;;;;01/07/2026;;;;;;;;;;;;;;;;;;;;;;;;;;;;;;DRW0001;;;;;;;;;;;;;;;;;;;;;;;;;;;;;;;;;;
12381229;0551R26071416;STANDARD;2026-07-01T00:00:00;;2497;;;44672;;298.80;EUR;;;;;;ING2607Facture intragroupe CID 0551;;;2026-07-03T11:57:10;1277;1277;2026-07-03T11:57:10;1277;;;;;;;;;;ING;FAC02_SRC_FACTURESFOURNISSEURS_020726-060434_ST_FAC02_639185690741033341_001;;;;;;JE.FR.APXIISIM.TAX_RULE;CRE/M;;;;;;;;;;;;;;;;;;;;;AMONTS;;;EMU FIXED;2026-07-03T11:57:10;1;EUR;;ENERGIE;;;GROUPEDKA;;;2026-07-28T00:00:00;7787526;;;90;;;;;;;;;01/07/2026;;;;;;;;;;;;;;;;;;;;;;;;;;;;;;DRW0001;;;;;;;;;;;;;;;;;;;;;;;;;;;;;;;;;;
12381230;0551R26071417;STANDARD;2026-07-01T00:00:00;;2497;;;44672;;591.43;EUR;;;;;;ING2607Facture intragroupe CID 0551;;;2026-07-03T11:57:10;1277;1277;2026-07-03T11:57:10;1277;;;;;;;;;;ING;FAC02_SRC_FACTURESFOURNISSEURS_020726-060434_ST_FAC02_639185690741033341_001;;;;;;JE.FR.APXIISIM.TAX_RULE;CRE/M;;;;;;;;;;;;;;;;;;;;;AMONTS;;;EMU FIXED;2026-07-03T11:57:10;1;EUR;;ENERGIE;;;GROUPEDKA;;;2026-07-28T00:00:00;7787526;;;90;;;;;;;;;01/07/2026;;;;;;;;;;;;;;;;;;;;;;;;;;;;;;DRW0001;;;;;;;;;;;;;;;;;;;;;;;;;;;;;;;;;;
12381231;0551R26071418;STANDARD;2026-07-01T00:00:00;;2497;;;44672;;356.89;EUR;;;;;;ING2607Facture intragroupe CID 0551;;;2026-07-03T11:57:10;1277;1277;2026-07-03T11:57:10;1277;;;;;;;;;;ING;FAC02_SRC_FACTURESFOURNISSEURS_020726-060434_ST_FAC02_639185690741033341_001;;;;;;JE.FR.APXIISIM.TAX_RULE;CRE/M;;;;;;;;;;;;;;;;;;;;;AMONTS;;;EMU FIXED;2026-07-03T11:57:10;1;EUR;;ENERGIE;;;GROUPEDKA;;;2026-07-28T00:00:00;7787526;;;90;;;;;;;;;01/07/2026;;;;;;;;;;;;;;;;;;;;;;;;;;;;;;DRW0001;;;;;;;;;;;;;;;;;;;;;;;;;;;;;;;;;;
12381232;0551R26071419;STANDARD;2026-07-01T00:00:00;;2497;;;44672;;255.24;EUR;;;;;;ING2607Facture intragroupe CID 0551;;;2026-07-03T11:57:10;1277;1277;2026-07-03T11:57:10;1277;;;;;;;;;;ING;FAC02_SRC_FACTURESFOURNISSEURS_020726-060434_ST_FAC02_639185690741033341_001;;;;;;JE.FR.APXIISIM.TAX_RULE;CRE/M;;;;;;;;;;;;;;;;;;;;;AMONTS;;;EMU FIXED;2026-07-03T11:57:10;1;EUR;;ENERGIE;;;GROUPEDKA;;;2026-07-28T00:00:00;7787526;;;90;;;;;;;;;01/07/2026;;;;;;;;;;;;;;;;;;;;;;;;;;;;;;DRW0001;;;;;;;;;;;;;;;;;;;;;;;;;;;;;;;;;;
12381233;0551R26071420;STANDARD;2026-07-01T00:00:00;;2497;;;44672;;197.15;EUR;;;;;;ING2607Facture intragroupe CID 0551;;;2026-07-03T11:57:10;1277;1277;2026-07-03T11:57:10;1277;;;;;;;;;;ING;FAC02_SRC_FACTURESFOURNISSEURS_020726-060434_ST_FAC02_639185690741033341_001;;;;;;JE.FR.APXIISIM.TAX_RULE;CRE/M;;;;;;;;;;;;;;;;;;;;;AMONTS;;;EMU FIXED;2026-07-03T11:57:10;1;EUR;;ENERGIE;;;GROUPEDKA;;;2026-07-28T00:00:00;7787526;;;90;;;;;;;;;01/07/2026;;;;;;;;;;;;;;;;;;;;;;;;;;;;;;DRW0001;;;;;;;;;;;;;;;;;;;;;;;;;;;;;;;;;;
12381234;0551R26071441;STANDARD;2026-07-01T00:00:00;;2497;;;44672;;602.69;EUR;;;;;;ING2607Facture intragroupe CID 0551;;;2026-07-03T11:57:10;1277;1277;2026-07-03T11:57:10;1277;;;;;;;;;;ING;FAC02_SRC_FACTURESFOURNISSEURS_020726-060434_ST_FAC02_639185690741033341_001;;;;;;JE.FR.APXIISIM.TAX_RULE;CRE/M;;;;;;;;;;;;;;;;;;;;;AMONTS;;;EMU FIXED;2026-07-03T11:57:10;1;EUR;;ENERGIE;;;GROUPEDKA;;;2026-07-28T00:00:00;7787526;;;90;;;;;;;;;01/07/2026;;;;;;;;;;;;;;;;;;;;;;;;;;;;;;DRW0001;;;;;;;;;;;;;;;;;;;;;;;;;;;;;;;;;;
12381235;0551R26071498;STANDARD;2026-07-01T00:00:00;;2497;;;44672;;716.51;EUR;;;;;;ING2607Facture intragroupe CID 0551;;;2026-07-03T11:57:10;1277;1277;2026-07-03T11:57:10;1277;;;;;;;;;;ING;FAC02_SRC_FACTURESFOURNISSEURS_020726-060434_ST_FAC02_639185690741033341_001;;;;;;JE.FR.APXIISIM.TAX_RULE;CRE/M;;;;;;;;;;;;;;;;;;;;;AMONTS;;;EMU FIXED;2026-07-03T11:57:10;1;EUR;;ENERGIE;;;GROUPEDKA;;;2026-07-28T00:00:00;7787526;;;90;;;;;;;;;01/07/2026;;;;;;;;;;;;;;;;;;;;;;;;;;;;;;DRW0001;;;;;;;;;;;;;;;;;;;;;;;;;;;;;;;;;;
12381236;0551R26071438;STANDARD;2026-07-01T00:00:00;;2497;;;44672;;1199.23;EUR;;;;;;ING2607Facture intragroupe CID 0551;;;2026-07-03T11:57:10;1277;1277;2026-07-03T11:57:10;1277;;;;;;;;;;ING;FAC02_SRC_FACTURESFOURNISSEURS_020726-060434_ST_FAC02_639185690741033341_001;;;;;;JE.FR.APXIISIM.TAX_RULE;CRE/M;;;;;;;;;;;;;;;;;;;;;AMONTS;;;EMU FIXED;2026-07-03T11:57:10;1;EUR;;ENERGIE;;;GROUPEDKA;;;2026-07-28T00:00:00;7787526;;;90;;;;;;;;;01/07/2026;;;;;;;;;;;;;;;;;;;;;;;;;;;;;;DRW0001;;;;;;;;;;;;;;;;;;;;;;;;;;;;;;;;;;
12381237;0551R26071371;STANDARD;2026-07-01T00:00:00;;2497;;;44672;;10837.00;EUR;;;;;;ING2607Facture intragroupe CID 0551;;;2026-07-03T11:57:10;1277;1277;2026-07-03T11:57:10;1277;;;;;;;;;;ING;FAC02_SRC_FACTURESFOURNISSEURS_020726-060434_ST_FAC02_639185690741033341_001;;;;;;JE.FR.APXIISIM.TAX_RULE;CRE/M;;;;;;;;;;;;;;;;;;;;;AMONTS;;;EMU FIXED;2026-07-03T11:57:10;1;EUR;;ENERGIE;;;GROUPEDKA;;;2026-07-28T00:00:00;7787526;;;90;;;;;;;;;01/07/2026;;;;;;;;;;;;;;;;;;;;;;;;;;;;;;DRW0001;;;;;;;;;;;;;;;;;;;;;;;;;;;;;;;;;;
12381238;0551R26071372;STANDARD;2026-07-01T00:00:00;;2497;;;44672;;1977.60;EUR;;;;;;ING2607Facture intragroupe CID 0551;;;2026-07-03T11:57:10;1277;1277;2026-07-03T11:57:10;1277;;;;;;;;;;ING;FAC02_SRC_FACTURESFOURNISSEURS_020726-060434_ST_FAC02_639185690741033341_001;;;;;;JE.FR.APXIISIM.TAX_RULE;CRE/M;;;;;;;;;;;;;;;;;;;;;AMONTS;;;EMU FIXED;2026-07-03T11:57:10;1;EUR;;ENERGIE;;;GROUPEDKA;;;2026-07-28T00:00:00;7787526;;;90;;;;;;;;;01/07/2026;;;;;;;;;;;;;;;;;;;;;;;;;;;;;;DRW0001;;;;;;;;;;;;;;;;;;;;;;;;;;;;;;;;;;
12381239;0551R26071489;STANDARD;2026-07-01T00:00:00;;2497;;;44672;;2504.45;EUR;;;;;;ING2607Facture intragroupe CID 0551;;;2026-07-03T11:57:10;1277;1277;2026-07-03T11:57:10;1277;;;;;;;;;;ING;FAC02_SRC_FACTURESFOURNISSEURS_020726-060434_ST_FAC02_639185690741033341_001;;;;;;JE.FR.APXIISIM.TAX_RULE;CRE/M;;;;;;;;;;;;;;;;;;;;;AMONTS;;;EMU FIXED;2026-07-03T11:57:10;1;EUR;;ENERGIE;;;GROUPEDKA;;;2026-07-28T00:00:00;7787526;;;90;;;;;;;;;01/07/2026;;;;;;;;;;;;;;;;;;;;;;;;;;;;;;DRW0001;;;;;;;;;;;;;;;;;;;;;;;;;;;;;;;;;;
12381240;0551R26071476;STANDARD;2026-07-01T00:00:00;;2497;;;44672;;531.91;EUR;;;;;;ING2607Facture intragroupe CID 0551;;;2026-07-03T11:57:10;1277;1277;2026-07-03T11:57:10;1277;;;;;;;;;;ING;FAC02_SRC_FACTURESFOURNISSEURS_020726-060434_ST_FAC02_639185690741033341_001;;;;;;JE.FR.APXIISIM.TAX_RULE;CRE/M;;;;;;;;;;;;;;;;;;;;;AMONTS;;;EMU FIXED;2026-07-03T11:57:10;1;EUR;;ENERGIE;;;GROUPEDKA;;;2026-07-28T00:00:00;7787526;;;90;;;;;;;;;01/07/2026;;;;;;;;;;;;;;;;;;;;;;;;;;;;;;DRW0001;;;;;;;;;;;;;;;;;;;;;;;;;;;;;;;;;;
12381241;0551R26071465;STANDARD;2026-07-01T00:00:00;;2497;;;44672;;1712.78;EUR;;;;;;ING2607Facture intragroupe CID 0551;;;2026-07-03T11:57:10;1277;1277;2026-07-03T11:57:10;1277;;;;;;;;;;ING;FAC02_SRC_FACTURESFOURNISSEURS_020726-060434_ST_FAC02_639185690741033341_001;;;;;;JE.FR.APXIISIM.TAX_RULE;CRE/M;;;;;;;;;;;;;;;;;;;;;AMONTS;;;EMU FIXED;2026-07-03T11:57:10;1;EUR;;ENERGIE;;;GROUPEDKA;;;2026-07-28T00:00:00;7787526;;;90;;;;;;;;;01/07/2026;;;;;;;;;;;;;;;;;;;;;;;;;;;;;;DRW0001;;;;;;;;;;;;;;;;;;;;;;;;;;;;;;;;;;
12381242;0551R26071466;STANDARD;2026-07-01T00:00:00;;2497;;;44672;;922.06;EUR;;;;;;ING2607Facture intragroupe CID 0551;;;2026-07-03T11:57:10;1277;1277;2026-07-03T11:57:10;1277;;;;;;;;;;ING;FAC02_SRC_FACTURESFOURNISSEURS_020726-060434_ST_FAC02_639185690741033341_001;;;;;;JE.FR.APXIISIM.TAX_RULE;CRE/M;;;;;;;;;;;;;;;;;;;;;AMONTS;;;EMU FIXED;2026-07-03T11:57:10;1;EUR;;ENERGIE;;;GROUPEDKA;;;2026-07-28T00:00:00;7787526;;;90;;;;;;;;;01/07/2026;;;;;;;;;;;;;;;;;;;;;;;;;;;;;;DRW0001;;;;;;;;;;;;;;;;;;;;;;;;;;;;;;;;;;
12381243;0551R26071432;STANDARD;2026-07-01T00:00:00;;2497;;;44672;;1601.62;EUR;;;;;;ING2607Facture intragroupe CID 0551;;;2026-07-03T11:57:10;1277;1277;2026-07-03T11:57:10;1277;;;;;;;;;;ING;FAC02_SRC_FACTURESFOURNISSEURS_020726-060434_ST_FAC02_639185690741033341_001;;;;;;JE.FR.APXIISIM.TAX_RULE;CRE/M;;;;;;;;;;;;;;;;;;;;;AMONTS;;;EMU FIXED;2026-07-03T11:57:10;1;EUR;;ENERGIE;;;GROUPEDKA;;;2026-07-28T00:00:00;7787526;;;90;;;;;;;;;01/07/2026;;;;;;;;;;;;;;;;;;;;;;;;;;;;;;DRW0001;;;;;;;;;;;;;;;;;;;;;;;;;;;;;;;;;;
12381244;0551R26071512;STANDARD;2026-07-01T00:00:00;;2497;;;44672;;611.21;EUR;;;;;;ING2607Facture intragroupe CID 0551;;;2026-07-03T11:57:10;1277;1277;2026-07-03T11:57:10;1277;;;;;;;;;;ING;FAC02_SRC_FACTURESFOURNISSEURS_020726-060434_ST_FAC02_639185690741033341_001;;;;;;JE.FR.APXIISIM.TAX_RULE;CRE/M;;;;;;;;;;;;;;;;;;;;;AMONTS;;;EMU FIXED;2026-07-03T11:57:10;1;EUR;;ENERGIE;;;GROUPEDKA;;;2026-07-28T00:00:00;7787526;;;90;;;;;;;;;01/07/2026;;;;;;;;;;;;;;;;;;;;;;;;;;;;;;DRW0001;;;;;;;;;;;;;;;;;;;;;;;;;;;;;;;;;;
12381245;0551R26071508;STANDARD;2026-07-01T00:00:00;;2497;;;44672;;733.57;EUR;;;;;;ING2607Facture intragroupe CID 0551;;;2026-07-03T11:57:10;1277;1277;2026-07-03T11:57:10;1277;;;;;;;;;;ING;FAC02_SRC_FACTURESFOURNISSEURS_020726-060434_ST_FAC02_639185690741033341_001;;;;;;JE.FR.APXIISIM.TAX_RULE;CRE/M;;;;;;;;;;;;;;;;;;;;;AMONTS;;;EMU FIXED;2026-07-03T11:57:10;1;EUR;;ENERGIE;;;GROUPEDKA;;;2026-07-28T00:00:00;7787526;;;90;;;;;;;;;01/07/2026;;;;;;;;;;;;;;;;;;;;;;;;;;;;;;DRW0001;;;;;;;;;;;;;;;;;;;;;;;;;;;;;;;;;;
12381246;0551R26071525;STANDARD;2026-07-01T00:00:00;;2497;;;44672;;1184.87;EUR;;;;;;ING2607Facture intragroupe CID 0551;;;2026-07-03T11:57:10;1277;1277;2026-07-03T11:57:10;1277;;;;;;;;;;ING;FAC02_SRC_FACTURESFOURNISSEURS_020726-060434_ST_FAC02_639185690741033341_001;;;;;;JE.FR.APXIISIM.TAX_RULE;CRE/M;;;;;;;;;;;;;;;;;;;;;AMONTS;;;EMU FIXED;2026-07-03T11:57:10;1;EUR;;ENERGIE;;;GROUPEDKA;;;2026-07-28T00:00:00;7787526;;;90;;;;;;;;;01/07/2026;;;;;;;;;;;;;;;;;;;;;;;;;;;;;;DRW0001;;;;;;;;;;;;;;;;;;;;;;;;;;;;;;;;;;
12381247;0551R26071515;STANDARD;2026-07-01T00:00:00;;2497;;;44672;;7450.48;EUR;;;;;;ING2607Facture intragroupe CID 0551;;;2026-07-03T11:57:10;1277;1277;2026-07-03T11:57:10;1277;;;;;;;;;;ING;FAC02_SRC_FACTURESFOURNISSEURS_020726-060434_ST_FAC02_639185690741033341_001;;;;;;JE.FR.APXIISIM.TAX_RULE;CRE/M;;;;;;;;;;;;;;;;;;;;;AMONTS;;;EMU FIXED;2026-07-03T11:57:10;1;EUR;;ENERGIE;;;GROUPEDKA;;;2026-07-28T00:00:00;7787526;;;90;;;;;;;;;01/07/2026;;;;;;;;;;;;;;;;;;;;;;;;;;;;;;DRW0001;;;;;;;;;;;;;;;;;;;;;;;;;;;;;;;;;;
12381248;0551R26071513;STANDARD;2026-07-01T00:00:00;;2497;;;44672;;3729.42;EUR;;;;;;ING2607Facture intragroupe CID 0551;;;2026-07-03T11:57:10;1277;1277;2026-07-03T11:57:10;1277;;;;;;;;;;ING;FAC02_SRC_FACTURESFOURNISSEURS_020726-060434_ST_FAC02_639185690741033341_001;;;;;;JE.FR.APXIISIM.TAX_RULE;CRE/M;;;;;;;;;;;;;;;;;;;;;AMONTS;;;EMU FIXED;2026-07-03T11:57:10;1;EUR;;ENERGIE;;;GROUPEDKA;;;2026-07-28T00:00:00;7787526;;;90;;;;;;;;;01/07/2026;;;;;;;;;;;;;;;;;;;;;;;;;;;;;;DRW0001;;;;;;;;;;;;;;;;;;;;;;;;;;;;;;;;;;
12381249;0551R26071367;STANDARD;2026-07-01T00:00:00;;2497;;;44672;;1059.66;EUR;;;;;;ING2607Facture intragroupe CID 0551;;;2026-07-03T11:57:10;1277;1277;2026-07-03T11:57:10;1277;;;;;;;;;;ING;FAC02_SRC_FACTURESFOURNISSEURS_020726-060434_ST_FAC02_639185690741033341_001;;;;;;JE.FR.APXIISIM.TAX_RULE;CRE/M;;;;;;;;;;;;;;;;;;;;;AMONTS;;;EMU FIXED;2026-07-03T11:57:10;1;EUR;;ENERGIE;;;GROUPEDKA;;;2026-07-28T00:00:00;7787526;;;90;;;;;;;;;01/07/2026;;;;;;;;;;;;;;;;;;;;;;;;;;;;;;DRW0001;;;;;;;;;;;;;;;;;;;;;;;;;;;;;;;;;;
12381250;0551R26071368;STANDARD;2026-07-01T00:00:00;;2497;;;44672;;4326.00;EUR;;;;;;ING2607Facture intragroupe CID 0551;;;2026-07-03T11:57:10;1277;1277;2026-07-03T11:57:10;1277;;;;;;;;;;ING;FAC02_SRC_FACTURESFOURNISSEURS_020726-060434_ST_FAC02_639185690741033341_001;;;;;;JE.FR.APXIISIM.TAX_RULE;CRE/M;;;;;;;;;;;;;;;;;;;;;AMONTS;;;EMU FIXED;2026-07-03T11:57:10;1;EUR;;ENERGIE;;;GROUPEDKA;;;2026-07-28T00:00:00;7787526;;;90;;;;;;;;;01/07/2026;;;;;;;;;;;;;;;;;;;;;;;;;;;;;;DRW0001;;;;;;;;;;;;;;;;;;;;;;;;;;;;;;;;;;
12381251;0551R26071503;STANDARD;2026-07-01T00:00:00;;2497;;;44672;;1163.70;EUR;;;;;;ING2607Facture intragroupe CID 0551;;;2026-07-03T11:57:10;1277;1277;2026-07-03T11:57:10;1277;;;;;;;;;;ING;FAC02_SRC_FACTURESFOURNISSEURS_020726-060434_ST_FAC02_639185690741033341_001;;;;;;JE.FR.APXIISIM.TAX_RULE;CRE/M;;;;;;;;;;;;;;;;;;;;;AMONTS;;;EMU FIXED;2026-07-03T11:57:10;1;EUR;;ENERGIE;;;GROUPEDKA;;;2026-07-28T00:00:00;7787526;;;90;;;;;;;;;01/07/2026;;;;;;;;;;;;;;;;;;;;;;;;;;;;;;DRW0001;;;;;;;;;;;;;;;;;;;;;;;;;;;;;;;;;;
12381252;0551R26071472;STANDARD;2026-07-01T00:00:00;;2497;;;44672;;662.50;EUR;;;;;;ING2607Facture intragroupe CID 0551;;;2026-07-03T11:57:10;1277;1277;2026-07-03T11:57:10;1277;;;;;;;;;;ING;FAC02_SRC_FACTURESFOURNISSEURS_020726-060434_ST_FAC02_639185690741033341_001;;;;;;JE.FR.APXIISIM.TAX_RULE;CRE/M;;;;;;;;;;;;;;;;;;;;;AMONTS;;;EMU FIXED;2026-07-03T11:57:10;1;EUR;;ENERGIE;;;GROUPEDKA;;;2026-07-28T00:00:00;7787526;;;90;;;;;;;;;01/07/2026;;;;;;;;;;;;;;;;;;;;;;;;;;;;;;DRW0001;;;;;;;;;;;;;;;;;;;;;;;;;;;;;;;;;;
12381253;0551R26071473;STANDARD;2026-07-01T00:00:00;;2497;;;44672;;1041.43;EUR;;;;;;ING2607Facture intragroupe CID 0551;;;2026-07-03T11:57:10;1277;1277;2026-07-03T11:57:10;1277;;;;;;;;;;ING;FAC02_SRC_FACTURESFOURNISSEURS_020726-060434_ST_FAC02_639185690741033341_001;;;;;;JE.FR.APXIISIM.TAX_RULE;CRE/M;;;;;;;;;;;;;;;;;;;;;AMONTS;;;EMU FIXED;2026-07-03T11:57:10;1;EUR;;ENERGIE;;;GROUPEDKA;;;2026-07-28T00:00:00;7787526;;;90;;;;;;;;;01/07/2026;;;;;;;;;;;;;;;;;;;;;;;;;;;;;;DRW0001;;;;;;;;;;;;;;;;;;;;;;;;;;;;;;;;;;
12381254;0551R26071474;STANDARD;2026-07-01T00:00:00;;2497;;;44672;;2700.14;EUR;;;;;;ING2607Facture intragroupe CID 0551;;;2026-07-03T11:57:10;1277;1277;2026-07-03T11:57:10;1277;;;;;;;;;;ING;FAC02_SRC_FACTURESFOURNISSEURS_020726-060434_ST_FAC02_639185690741033341_001;;;;;;JE.FR.APXIISIM.TAX_RULE;CRE/M;;;;;;;;;;;;;;;;;;;;;AMONTS;;;EMU FIXED;2026-07-03T11:57:10;1;EUR;;ENERGIE;;;GROUPEDKA;;;2026-07-28T00:00:00;7787526;;;90;;;;;;;;;01/07/2026;;;;;;;;;;;;;;;;;;;;;;;;;;;;;;DRW0001;;;;;;;;;;;;;;;;;;;;;;;;;;;;;;;;;;
12381255;0688K2607WXR2;STANDARD;2026-07-01T00:00:00;;5416;;;29731;;196.91;EUR;;;;;;GAZ2607Facture intragroupe CID 0688;;;2026-07-03T11:57:10;1277;1277;2026-07-03T11:57:10;1277;;;;;;;;;;GAZ;FAC02_SRC_FACTURESFOURNISSEURS_020726-060434_ST_FAC02_639185690741033341_001;;;;;;JE.FR.APXIISIM.TAX_RULE;CRE/M;;;;;;;;;;;;;;;;;;;;;AMONTS;;;EMU FIXED;2026-07-03T11:57:10;1;EUR;;ENERGIE;;;GROUPEDKA;;;2026-07-28T00:00:00;7788549;;;91;;;;;;;;;01/07/2026;;;;;;;;;;;;;;;;;;;;;;;;;;;;;;DSW0001;;;;;;;;;;;;;;;;;;;;;;;;;;;;;;;;;;
12381256;0551R26071443;STANDARD;2026-07-01T00:00:00;;2497;;;44672;;448.06;EUR;;;;;;ING2607Facture intragroupe CID 0551;;;2026-07-03T11:57:10;1277;1277;2026-07-03T11:57:10;1277;;;;;;;;;;ING;FAC02_SRC_FACTURESFOURNISSEURS_020726-060434_ST_FAC02_639185690741033341_001;;;;;;JE.FR.APXIISIM.TAX_RULE;CRE/M;;;;;;;;;;;;;;;;;;;;;AMONTS;;;EMU FIXED;2026-07-03T11:57:10;1;EUR;;ENERGIE;;;GROUPEDKA;;;2026-07-28T00:00:00;7787526;;;90;;;;;;;;;01/07/2026;;;;;;;;;;;;;;;;;;;;;;;;;;;;;;DRW0001;;;;;;;;;;;;;;;;;;;;;;;;;;;;;;;;;;
12381257;0551R26071527;STANDARD;2026-07-01T00:00:00;;2497;;;44672;;951.72;EUR;;;;;;ING2607Facture intragroupe CID 0551;;;2026-07-03T11:57:10;1277;1277;2026-07-03T11:57:10;1277;;;;;;;;;;ING;FAC02_SRC_FACTURESFOURNISSEURS_020726-060434_ST_FAC02_639185690741033341_001;;;;;;JE.FR.APXIISIM.TAX_RULE;CRE/M;;;;;;;;;;;;;;;;;;;;;AMONTS;;;EMU FIXED;2026-07-03T11:57:10;1;EUR;;ENERGIE;;;GROUPEDKA;;;2026-07-28T00:00:00;7787526;;;90;;;;;;;;;01/07/2026;;;;;;;;;;;;;;;;;;;;;;;;;;;;;;DRW0001;;;;;;;;;;;;;;;;;;;;;;;;;;;;;;;;;;
12381258;0551R26071381;STANDARD;2026-07-01T00:00:00;;2497;;;44672;;197.76;EUR;;;;;;ING2607Facture intragroupe CID 0551;;;2026-07-03T11:57:10;1277;1277;2026-07-03T11:57:10;1277;;;;;;;;;;ING;FAC02_SRC_FACTURESFOURNISSEURS_020726-060434_ST_FAC02_639185690741033341_001;;;;;;JE.FR.APXIISIM.TAX_RULE;CRE/M;;;;;;;;;;;;;;;;;;;;;AMONTS;;;EMU FIXED;2026-07-03T11:57:10;1;EUR;;ENERGIE;;;GROUPEDKA;;;2026-07-28T00:00:00;7787526;;;90;;;;;;;;;01/07/2026;;;;;;;;;;;;;;;;;;;;;;;;;;;;;;DRW0001;;;;;;;;;;;;;;;;;;;;;;;;;;;;;;;;;;
12381259;0551R26071554;STANDARD;2026-07-01T00:00:00;;2497;;;44672;;1595.36;EUR;;;;;;ING2607Facture intragroupe CID 0551;;;2026-07-03T11:57:10;1277;1277;2026-07-03T11:57:10;1277;;;;;;;;;;ING;FAC02_SRC_FACTURESFOURNISSEURS_020726-060434_ST_FAC02_639185690741033341_001;;;;;;JE.FR.APXIISIM.TAX_RULE;CRE/M;;;;;;;;;;;;;;;;;;;;;AMONTS;;;EMU FIXED;2026-07-03T11:57:10;1;EUR;;ENERGIE;;;GROUPEDKA;;;2026-07-28T00:00:00;7787526;;;90;;;;;;;;;01/07/2026;;;;;;;;;;;;;;;;;;;;;;;;;;;;;;DRW0001;;;;;;;;;;;;;;;;;;;;;;;;;;;;;;;;;;
12381260;0688K2607WXX4;STANDARD;2026-07-01T00:00:00;;5416;;;29731;;280.89;EUR;;;;;;GAZ2607Facture intragroupe CID 0688;;;2026-07-03T11:57:10;1277;1277;2026-07-03T11:57:10;1277;;;;;;;;;;GAZ;FAC02_SRC_FACTURESFOURNISSEURS_020726-060434_ST_FAC02_639185690741033341_001;;;;;;JE.FR.APXIISIM.TAX_RULE;CRE/M;;;;;;;;;;;;;;;;;;;;;AMONTS;;;EMU FIXED;2026-07-03T11:57:10;1;EUR;;ENERGIE;;;GROUPEDKA;;;2026-07-28T00:00:00;7788549;;;91;;;;;;;;;01/07/2026;;;;;;;;;;;;;;;;;;;;;;;;;;;;;;DSW0001;;;;;;;;;;;;;;;;;;;;;;;;;;;;;;;;;;
12381261;0551R26071548;STANDARD;2026-07-01T00:00:00;;2497;;;44672;;1762.33;EUR;;;;;;ING2607Facture intragroupe CID 0551;;;2026-07-03T11:57:10;1277;1277;2026-07-03T11:57:10;1277;;;;;;;;;;ING;FAC02_SRC_FACTURESFOURNISSEURS_020726-060434_ST_FAC02_639185690741033341_001;;;;;;JE.FR.APXIISIM.TAX_RULE;CRE/M;;;;;;;;;;;;;;;;;;;;;AMONTS;;;EMU FIXED;2026-07-03T11:57:10;1;EUR;;ENERGIE;;;GROUPEDKA;;;2026-07-28T00:00:00;7787526;;;90;;;;;;;;;01/07/2026;;;;;;;;;;;;;;;;;;;;;;;;;;;;;;DRW0001;;;;;;;;;;;;;;;;;;;;;;;;;;;;;;;;;;
12381262;0551R26071356;STANDARD;2026-07-01T00:00:00;;2497;;;44672;;4481.40;EUR;;;;;;ING2607Facture intragroupe CID 0551;;;2026-07-03T11:57:10;1277;1277;2026-07-03T11:57:10;1277;;;;;;;;;;ING;FAC02_SRC_FACTURESFOURNISSEURS_020726-060434_ST_FAC02_639185690741033341_001;;;;;;JE.FR.APXIISIM.TAX_RULE;CRE/M;;;;;;;;;;;;;;;;;;;;;AMONTS;;;EMU FIXED;2026-07-03T11:57:10;1;EUR;;ENERGIE;;;GROUPEDKA;;;2026-07-28T00:00:00;7787526;;;90;;;;;;;;;01/07/2026;;;;;;;;;;;;;;;;;;;;;;;;;;;;;;DRW0001;;;;;;;;;;;;;;;;;;;;;;;;;;;;;;;;;;
12381263;0688K2607WXP7;STANDARD;2026-07-01T00:00:00;;5416;;;29731;;679.08;EUR;;;;;;GAZ2607Facture intragroupe CID 0688;;;2026-07-03T11:57:10;1277;1277;2026-07-03T11:57:10;1277;;;;;;;;;;GAZ;FAC02_SRC_FACTURESFOURNISSEURS_020726-060434_ST_FAC02_639185690741033341_001;;;;;;JE.FR.APXIISIM.TAX_RULE;CRE/M;;;;;;;;;;;;;;;;;;;;;AMONTS;;;EMU FIXED;2026-07-03T11:57:10;1;EUR;;ENERGIE;;;GROUPEDKA;;;2026-07-28T00:00:00;7788549;;;91;;;;;;;;;01/07/2026;;;;;;;;;;;;;;;;;;;;;;;;;;;;;;DSW0001;;;;;;;;;;;;;;;;;;;;;;;;;;;;;;;;;;
12381264;0688K2607WXX9;STANDARD;2026-07-01T00:00:00;;5416;;;29731;;213.60;EUR;;;;;;GAZ2607Facture intragroupe CID 0688;;;2026-07-03T11:57:10;1277;1277;2026-07-03T11:57:10;1277;;;;;;;;;;GAZ;FAC02_SRC_FACTURESFOURNISSEURS_020726-060434_ST_FAC02_639185690741033341_001;;;;;;JE.FR.APXIISIM.TAX_RULE;CRE/M;;;;;;;;;;;;;;;;;;;;;AMONTS;;;EMU FIXED;2026-07-03T11:57:10;1;EUR;;ENERGIE;;;GROUPEDKA;;;2026-07-28T00:00:00;7788549;;;91;;;;;;;;;01/07/2026;;;;;;;;;;;;;;;;;;;;;;;;;;;;;;DSW0001;;;;;;;;;;;;;;;;;;;;;;;;;;;;;;;;;;
12381265;0688K2607WXQ0;STANDARD;2026-07-01T00:00:00;;5416;;;29731;;407.33;EUR;;;;;;GAZ2607Facture intragroupe CID 0688;;;2026-07-03T11:57:10;1277;1277;2026-07-03T11:57:10;1277;;;;;;;;;;GAZ;FAC02_SRC_FACTURESFOURNISSEURS_020726-060434_ST_FAC02_639185690741033341_001;;;;;;JE.FR.APXIISIM.TAX_RULE;CRE/M;;;;;;;;;;;;;;;;;;;;;AMONTS;;;EMU FIXED;2026-07-03T11:57:10;1;EUR;;ENERGIE;;;GROUPEDKA;;;2026-07-28T00:00:00;7788549;;;91;;;;;;;;;01/07/2026;;;;;;;;;;;;;;;;;;;;;;;;;;;;;;DSW0001;;;;;;;;;;;;;;;;;;;;;;;;;;;;;;;;;;
12381266;0688K2607WXY9;STANDARD;2026-07-01T00:00:00;;5416;;;29731;;90.16;EUR;;;;;;GAZ2607Facture intragroupe CID 0688;;;2026-07-03T11:57:10;1277;1277;2026-07-03T11:57:10;1277;;;;;;;;;;GAZ;FAC02_SRC_FACTURESFOURNISSEURS_020726-060434_ST_FAC02_639185690741033341_001;;;;;;JE.FR.APXIISIM.TAX_RULE;CRE/M;;;;;;;;;;;;;;;;;;;;;AMONTS;;;EMU FIXED;2026-07-03T11:57:10;1;EUR;;ENERGIE;;;GROUPEDKA;;;2026-07-28T00:00:00;7788549;;;91;;;;;;;;;01/07/2026;;;;;;;;;;;;;;;;;;;;;;;;;;;;;;DSW0001;;;;;;;;;;;;;;;;;;;;;;;;;;;;;;;;;;
12381267;0551R26071387;STANDARD;2026-07-01T00:00:00;;2497;;;44672;;222.02;EUR;;;;;;ING2607Facture intragroupe CID 0551;;;2026-07-03T11:57:10;1277;1277;2026-07-03T11:57:10;1277;;;;;;;;;;ING;FAC02_SRC_FACTURESFOURNISSEURS_020726-060434_ST_FAC02_639185690741033341_001;;;;;;JE.FR.APXIISIM.TAX_RULE;CRE/M;;;;;;;;;;;;;;;;;;;;;AMONTS;;;EMU FIXED;2026-07-03T11:57:10;1;EUR;;ENERGIE;;;GROUPEDKA;;;2026-07-28T00:00:00;7787526;;;90;;;;;;;;;01/07/2026;;;;;;;;;;;;;;;;;;;;;;;;;;;;;;DRW0001;;;;;;;;;;;;;;;;;;;;;;;;;;;;;;;;;;
12381268;0551R26071427;STANDARD;2026-07-01T00:00:00;;2497;;;44672;;310.50;EUR;;;;;;ING2607Facture intragroupe CID 0551;;;2026-07-03T11:57:10;1277;1277;2026-07-03T11:57:10;1277;;;;;;;;;;ING;FAC02_SRC_FACTURESFOURNISSEURS_020726-060434_ST_FAC02_639185690741033341_001;;;;;;JE.FR.APXIISIM.TAX_RULE;CRE/M;;;;;;;;;;;;;;;;;;;;;AMONTS;;;EMU FIXED;2026-07-03T11:57:10;1;EUR;;ENERGIE;;;GROUPEDKA;;;2026-07-28T00:00:00;7787526;;;90;;;;;;;;;01/07/2026;;;;;;;;;;;;;;;;;;;;;;;;;;;;;;DRW0001;;;;;;;;;;;;;;;;;;;;;;;;;;;;;;;;;;
12381269;0551R26071428;STANDARD;2026-07-01T00:00:00;;2497;;;44672;;264.50;EUR;;;;;;ING2607Facture intragroupe CID 0551;;;2026-07-03T11:57:10;1277;1277;2026-07-03T11:57:10;1277;;;;;;;;;;ING;FAC02_SRC_FACTURESFOURNISSEURS_020726-060434_ST_FAC02_639185690741033341_001;;;;;;JE.FR.APXIISIM.TAX_RULE;CRE/M;;;;;;;;;;;;;;;;;;;;;AMONTS;;;EMU FIXED;2026-07-03T11:57:10;1;EUR;;ENERGIE;;;GROUPEDKA;;;2026-07-28T00:00:00;7787526;;;90;;;;;;;;;01/07/2026;;;;;;;;;;;;;;;;;;;;;;;;;;;;;;DRW0001;;;;;;;;;;;;;;;;;;;;;;;;;;;;;;;;;;
12381270;0551R26071429;STANDARD;2026-07-01T00:00:00;;2497;;;44672;;195.29;EUR;;;;;;ING2607Facture intragroupe CID 0551;;;2026-07-03T11:57:10;1277;1277;2026-07-03T11:57:10;1277;;;;;;;;;;ING;FAC02_SRC_FACTURESFOURNISSEURS_020726-060434_ST_FAC02_639185690741033341_001;;;;;;JE.FR.APXIISIM.TAX_RULE;CRE/M;;;;;;;;;;;;;;;;;;;;;AMONTS;;;EMU FIXED;2026-07-03T11:57:10;1;EUR;;ENERGIE;;;GROUPEDKA;;;2026-07-28T00:00:00;7787526;;;90;;;;;;;;;01/07/2026;;;;;;;;;;;;;;;;;;;;;;;;;;;;;;DRW0001;;;;;;;;;;;;;;;;;;;;;;;;;;;;;;;;;;
12381271;0551R26071430;STANDARD;2026-07-01T00:00:00;;2497;;;44672;;290.46;EUR;;;;;;ING2607Facture intragroupe CID 0551;;;2026-07-03T11:57:10;1277;1277;2026-07-03T11:57:10;1277;;;;;;;;;;ING;FAC02_SRC_FACTURESFOURNISSEURS_020726-060434_ST_FAC02_639185690741033341_001;;;;;;JE.FR.APXIISIM.TAX_RULE;CRE/M;;;;;;;;;;;;;;;;;;;;;AMONTS;;;EMU FIXED;2026-07-03T11:57:10;1;EUR;;ENERGIE;;;GROUPEDKA;;;2026-07-28T00:00:00;7787526;;;90;;;;;;;;;01/07/2026;;;;;;;;;;;;;;;;;;;;;;;;;;;;;;DRW0001;;;;;;;;;;;;;;;;;;;;;;;;;;;;;;;;;;
12381272;0551R26071431;STANDARD;2026-07-01T00:00:00;;2497;;;44672;;409.74;EUR;;;;;;ING2607Facture intragroupe CID 0551;;;2026-07-03T11:57:10;1277;1277;2026-07-03T11:57:10;1277;;;;;;;;;;ING;FAC02_SRC_FACTURESFOURNISSEURS_020726-060434_ST_FAC02_639185690741033341_001;;;;;;JE.FR.APXIISIM.TAX_RULE;CRE/M;;;;;;;;;;;;;;;;;;;;;AMONTS;;;EMU FIXED;2026-07-03T11:57:10;1;EUR;;ENERGIE;;;GROUPEDKA;;;2026-07-28T00:00:00;7787526;;;90;;;;;;;;;01/07/2026;;;;;;;;;;;;;;;;;;;;;;;;;;;;;;DRW0001;;;;;;;;;;;;;;;;;;;;;;;;;;;;;;;;;;
12381273;0551R26071341;STANDARD;2026-07-01T00:00:00;;2497;;;44672;;2351.39;EUR;;;;;;ING2607Facture intragroupe CID 0551;;;2026-07-03T11:57:10;1277;1277;2026-07-03T11:57:10;1277;;;;;;;;;;ING;FAC02_SRC_FACTURESFOURNISSEURS_020726-060434_ST_FAC02_639185690741033341_001;;;;;;JE.FR.APXIISIM.TAX_RULE;CRE/M;;;;;;;;;;;;;;;;;;;;;AMONTS;;;EMU FIXED;2026-07-03T11:57:10;1;EUR;;ENERGIE;;;GROUPEDKA;;;2026-07-28T00:00:00;7787526;;;90;;;;;;;;;01/07/2026;;;;;;;;;;;;;;;;;;;;;;;;;;;;;;DRW0001;;;;;;;;;;;;;;;;;;;;;;;;;;;;;;;;;;
12381274;0688K2607WXK1;STANDARD;2026-07-01T00:00:00;;5416;;;17273;;54.83;EUR;;;;;;GAZ2607Facture intragroupe CID 0688;;;2026-07-03T11:57:10;1277;1277;2026-07-03T11:57:10;1277;;;;;;;;;;GAZ;FAC02_SRC_FACTURESFOURNISSEURS_020726-060434_ST_FAC02_639185690741033341_001;;;;;;JE.FR.APXIISIM.TAX_RULE;CRE/M;;;;;;;;;;;;;;;;;;;;;AMONTS;;;EMU FIXED;2026-07-03T11:57:10;1;EUR;;ENERGIE;;;GROUPEDKA;;;2026-07-28T00:00:00;7788309;;;87;;;;;;;;;01/07/2026;;;;;;;;;;;;;;;;;;;;;;;;;;;;;;DLS0001;;;;;;;;;;;;;;;;;;;;;;;;;;;;;;;;;;
12381275;0688K2607WXK0;STANDARD;2026-07-01T00:00:00;;5416;;;17273;;222.92;EUR;;;;;;GAZ2607Facture intragroupe CID 0688;;;2026-07-03T11:57:10;1277;1277;2026-07-03T11:57:10;1277;;;;;;;;;;GAZ;FAC02_SRC_FACTURESFOURNISSEURS_020726-060434_ST_FAC02_639185690741033341_001;;;;;;JE.FR.APXIISIM.TAX_RULE;CRE/M;;;;;;;;;;;;;;;;;;;;;AMONTS;;;EMU FIXED;2026-07-03T11:57:10;1;EUR;;ENERGIE;;;GROUPEDKA;;;2026-07-28T00:00:00;7788309;;;87;;;;;;;;;01/07/2026;;;;;;;;;;;;;;;;;;;;;;;;;;;;;;DLS0001;;;;;;;;;;;;;;;;;;;;;;;;;;;;;;;;;;
12381276;0551R26071551;STANDARD;2026-07-01T00:00:00;;2497;;;44672;;3083.10;EUR;;;;;;ING2607Facture intragroupe CID 0551;;;2026-07-03T11:57:10;1277;1277;2026-07-03T11:57:10;1277;;;;;;;;;;ING;FAC02_SRC_FACTURESFOURNISSEURS_020726-060434_ST_FAC02_639185690741033341_001;;;;;;JE.FR.APXIISIM.TAX_RULE;CRE/M;;;;;;;;;;;;;;;;;;;;;AMONTS;;;EMU FIXED;2026-07-03T11:57:10;1;EUR;;ENERGIE;;;GROUPEDKA;;;2026-07-28T00:00:00;7787526;;;90;;;;;;;;;01/07/2026;;;;;;;;;;;;;;;;;;;;;;;;;;;;;;DRW0001;;;;;;;;;;;;;;;;;;;;;;;;;;;;;;;;;;
12381277;0001S2607VMM2;STANDARD;2026-07-01T00:00:00;;815;;;3703662;;15.80;EUR;;;;;;ING2607Facture intragroupe CID 0001;;;2026-07-03T11:57:10;1277;1277;2026-07-03T11:57:10;1277;;;;;;;;;;ING;FAC02_SRC_FACTURESFOURNISSEURS_020726-060434_ST_FAC02_639185690741033341_001;;;;;;JE.FR.APXIISIM.TAX_RULE;CRE/M;;;;;;;;;;;;;;;;;;;;;AMONTS;;;EMU FIXED;2026-07-03T11:57:10;1;EUR;;ENERGIE;;;GROUPEDKA;;;2026-07-28T00:00:00;13194810;;;263;;;;;;;;;01/07/2026;;;;;;;;;;;;;;;;;;;;;;;;;;;;;;DSW0346;;;;;;;;;;;;;;;;;;;;;;;;;;;;;;;;;;
12381278;0346S26072656;STANDARD;2026-07-01T00:00:00;;615006;;;608011;;48779.74;EUR;;;;;;ING2607Facture intragroupe CID 0346;;;2026-07-03T11:57:10;1277;1277;2026-07-03T11:57:10;1277;;;;;;;;;;ING;FAC02_SRC_FACTURESFOURNISSEURS_020726-060434_ST_FAC02_639185690741033341_001;;;;;;JE.FR.APXIISIM.TAX_RULE;CRE/M;;;;;;;;;;;;;;;;;;;;;AMONTS;;;EMU FIXED;2026-07-03T11:57:10;1;EUR;;ENERGIE;;;GROUPEDKA;;;2026-07-28T00:00:00;13311294;;;91;;;;;;;;;16/08/2026;;;;;;;;;;;;;;;;;;;;;;;;;;;;;;DSW0001;;;;;;;;;;;;;;;;;;;;;;;;;;;;;;;;;;
12381279;0688K2607WXH2;STANDARD;2026-07-01T00:00:00;;5416;;;10557;;120.24;EUR;;;;;;GAZ2607Facture intragroupe CID 0688;;;2026-07-03T11:57:10;1277;1277;2026-07-03T11:57:10;1277;;;;;;;;;;GAZ;FAC02_SRC_FACTURESFOURNISSEURS_020726-060434_ST_FAC02_639185690741033341_001;;;;;;JE.FR.APXIISIM.TAX_RULE;CRE/M;;;;;;;;;;;;;;;;;;;;;AMONTS;;;EMU FIXED;2026-07-03T11:57:10;1;EUR;;ENERGIE;;;GROUPEDKA;;;2026-07-28T00:00:00;7788357;;;88;;;;;;;;;01/07/2026;;;;;;;;;;;;;;;;;;;;;;;;;;;;;;DMS0001;;;;;;;;;;;;;;;;;;;;;;;;;;;;;;;;;;
12381280;0551R26071385;STANDARD;2026-07-01T00:00:00;;2497;;;44672;;3870.01;EUR;;;;;;ING2607Facture intragroupe CID 0551;;;2026-07-03T11:57:10;1277;1277;2026-07-03T11:57:10;1277;;;;;;;;;;ING;FAC02_SRC_FACTURESFOURNISSEURS_020726-060434_ST_FAC02_639185690741033341_001;;;;;;JE.FR.APXIISIM.TAX_RULE;CRE/M;;;;;;;;;;;;;;;;;;;;;AMONTS;;;EMU FIXED;2026-07-03T11:57:10;1;EUR;;ENERGIE;;;GROUPEDKA;;;2026-07-28T00:00:00;7787526;;;90;;;;;;;;;01/07/2026;;;;;;;;;;;;;;;;;;;;;;;;;;;;;;DRW0001;;;;;;;;;;;;;;;;;;;;;;;;;;;;;;;;;;
12381281;0688K2607WWR2;STANDARD;2026-07-01T00:00:00;;5416;;;39959;;302.49;EUR;;;;;;GAZ2607Facture intragroupe CID 0688;;;2026-07-03T11:57:10;1277;1277;2026-07-03T11:57:10;1277;;;;;;;;;;GAZ;FAC02_SRC_FACTURESFOURNISSEURS_020726-060434_ST_FAC02_639185690741033341_001;;;;;;JE.FR.APXIISIM.TAX_RULE;CRE/M;;;;;;;;;;;;;;;;;;;;;AMONTS;;;EMU FIXED;2026-07-03T11:57:10;1;EUR;;ENERGIE;;;GROUPEDKA;;;2026-07-28T00:00:00;7788414;;;89;;;;;;;;;01/07/2026;;;;;;;;;;;;;;;;;;;;;;;;;;;;;;DNA0001;;;;;;;;;;;;;;;;;;;;;;;;;;;;;;;;;;
12381282;0688K2607WXT4;STANDARD;2026-07-01T00:00:00;;5416;;;29731;;79.48;EUR;;;;;;GAZ2607Facture intragroupe CID 0688;;;2026-07-03T11:57:10;1277;1277;2026-07-03T11:57:10;1277;;;;;;;;;;GAZ;FAC02_SRC_FACTURESFOURNISSEURS_020726-060434_ST_FAC02_639185690741033341_001;;;;;;JE.FR.APXIISIM.TAX_RULE;CRE/M;;;;;;;;;;;;;;;;;;;;;AMONTS;;;EMU FIXED;2026-07-03T11:57:10;1;EUR;;ENERGIE;;;GROUPEDKA;;;2026-07-28T00:00:00;7788549;;;91;;;;;;;;;01/07/2026;;;;;;;;;;;;;;;;;;;;;;;;;;;;;;DSW0001;;;;;;;;;;;;;;;;;;;;;;;;;;;;;;;;;;
12381283;0688K2607WXE7;STANDARD;2026-07-01T00:00:00;;5416;;;10557;;494.99;EUR;;;;;;GAZ2607Facture intragroupe CID 0688;;;2026-07-03T11:57:10;1277;1277;2026-07-03T11:57:10;1277;;;;;;;;;;GAZ;FAC02_SRC_FACTURESFOURNISSEURS_020726-060434_ST_FAC02_639185690741033341_001;;;;;;JE.FR.APXIISIM.TAX_RULE;CRE/M;;;;;;;;;;;;;;;;;;;;;AMONTS;;;EMU FIXED;2026-07-03T11:57:10;1;EUR;;ENERGIE;;;GROUPEDKA;;;2026-07-28T00:00:00;7788357;;;88;;;;;;;;;01/07/2026;;;;;;;;;;;;;;;;;;;;;;;;;;;;;;DMS0001;;;;;;;;;;;;;;;;;;;;;;;;;;;;;;;;;;
12381284;0688K2607WXE6;STANDARD;2026-07-01T00:00:00;;5416;;;10557;;1989.97;EUR;;;;;;GAZ2607Facture intragroupe CID 0688;;;2026-07-03T11:57:10;1277;1277;2026-07-03T11:57:10;1277;;;;;;;;;;GAZ;FAC02_SRC_FACTURESFOURNISSEURS_020726-060434_ST_FAC02_639185690741033341_001;;;;;;JE.FR.APXIISIM.TAX_RULE;CRE/M;;;;;;;;;;;;;;;;;;;;;AMONTS;;;EMU FIXED;2026-07-03T11:57:10;1;EUR;;ENERGIE;;;GROUPEDKA;;;2026-07-28T00:00:00;7788357;;;88;;;;;;;;;01/07/2026;;;;;;;;;;;;;;;;;;;;;;;;;;;;;;DMS0001;;;;;;;;;;;;;;;;;;;;;;;;;;;;;;;;;;
12381285;0551R26071436;STANDARD;2026-07-01T00:00:00;;2497;;;44672;;1333.96;EUR;;;;;;ING2607Facture intragroupe CID 0551;;;2026-07-03T11:57:10;1277;1277;2026-07-03T11:57:10;1277;;;;;;;;;;ING;FAC02_SRC_FACTURESFOURNISSEURS_020726-060434_ST_FAC02_639185690741033341_001;;;;;;JE.FR.APXIISIM.TAX_RULE;CRE/M;;;;;;;;;;;;;;;;;;;;;AMONTS;;;EMU FIXED;2026-07-03T11:57:10;1;EUR;;ENERGIE;;;GROUPEDKA;;;2026-07-28T00:00:00;7787526;;;90;;;;;;;;;01/07/2026;;;;;;;;;;;;;;;;;;;;;;;;;;;;;;DRW0001;;;;;;;;;;;;;;;;;;;;;;;;;;;;;;;;;;
12381286;0551R26071451;STANDARD;2026-07-01T00:00:00;;2497;;;44672;;1092.83;EUR;;;;;;ING2607Facture intragroupe CID 0551;;;2026-07-03T11:57:10;1277;1277;2026-07-03T11:57:10;1277;;;;;;;;;;ING;FAC02_SRC_FACTURESFOURNISSEURS_020726-060434_ST_FAC02_639185690741033341_001;;;;;;JE.FR.APXIISIM.TAX_RULE;CRE/M;;;;;;;;;;;;;;;;;;;;;AMONTS;;;EMU FIXED;2026-07-03T11:57:10;1;EUR;;ENERGIE;;;GROUPEDKA;;;2026-07-28T00:00:00;7787526;;;90;;;;;;;;;01/07/2026;;;;;;;;;;;;;;;;;;;;;;;;;;;;;;DRW0001;;;;;;;;;;;;;;;;;;;;;;;;;;;;;;;;;;
12381287;0105S26073510;STANDARD;2026-07-01T00:00:00;;141006;;;230042;;1.99;EUR;;;;;;ING2607Facture intragroupe CID 0105;;;2026-07-03T11:57:10;1277;1277;2026-07-03T11:57:10;1277;;;;;;;;;;ING;FAC02_SRC_FACTURESFOURNISSEURS_020726-060434_ST_FAC02_639185690741033341_001;;;;;;JE.FR.APXIISIM.TAX_RULE;CRE/M;;;;;;;;;;;;;;;;;;;;;AMONTS;;;EMU FIXED;2026-07-03T11:57:10;1;EUR;;ENERGIE;;;GROUPEDKA;;;2026-07-28T00:00:00;12905491;;;91;;;;;;;;;01/07/2026;;;;;;;;;;;;;;;;;;;;;;;;;;;;;;DSW0001;;;;;;;;;;;;;;;;;;;;;;;;;;;;;;;;;;
12381288;0551R26071549;STANDARD;2026-07-01T00:00:00;;2497;;;44672;;97.20;EUR;;;;;;ING2607Facture intragroupe CID 0551;;;2026-07-03T11:57:10;1277;1277;2026-07-03T11:57:10;1277;;;;;;;;;;ING;FAC02_SRC_FACTURESFOURNISSEURS_020726-060434_ST_FAC02_639185690741033341_001;;;;;;JE.FR.APXIISIM.TAX_RULE;CRE/M;;;;;;;;;;;;;;;;;;;;;AMONTS;;;EMU FIXED;2026-07-03T11:57:10;1;EUR;;ENERGIE;;;GROUPEDKA;;;2026-07-28T00:00:00;7787526;;;90;;;;;;;;;01/07/2026;;;;;;;;;;;;;;;;;;;;;;;;;;;;;;DRW0001;;;;;;;;;;;;;;;;;;;;;;;;;;;;;;;;;;
12381289;0001M2607WLW6;STANDARD;2026-07-01T00:00:00;;815;;;3703905;;220.38;EUR;;;;;;ING2607Facture intragroupe CID 0001;;;2026-07-03T11:57:10;1277;1277;2026-07-03T11:57:10;1277;;;;;;;;;;ING;FAC02_SRC_FACTURESFOURNISSEURS_020726-060434_ST_FAC02_639185690741033341_001;;;;;;JE.FR.APXIISIM.TAX_RULE;CRE/M;;;;;;;;;;;;;;;;;;;;;AMONTS;;;EMU FIXED;2026-07-03T11:57:10;1;EUR;;ENERGIE;;;GROUPEDKA;;;2026-07-28T00:00:00;14668723;;;5581;;;;;;;;;07/07/2026;;;;;;;;;;;;;;;;;;;;;;;;;;;;;;DMS0442;;;;;;;;;;;;;;;;;;;;;;;;;;;;;;;;;;
12381290;0001M2607WLW7;STANDARD;2026-07-01T00:00:00;;815;;;3703905;;1675.92;EUR;;;;;;ING2607Facture intragroupe CID 0001;;;2026-07-03T11:57:10;1277;1277;2026-07-03T11:57:10;1277;;;;;;;;;;ING;FAC02_SRC_FACTURESFOURNISSEURS_020726-060434_ST_FAC02_639185690741033341_001;;;;;;JE.FR.APXIISIM.TAX_RULE;CRE/M;;;;;;;;;;;;;;;;;;;;;AMONTS;;;EMU FIXED;2026-07-03T11:57:10;1;EUR;;ENERGIE;;;GROUPEDKA;;;2026-07-28T00:00:00;14668723;;;5581;;;;;;;;;07/07/2026;;;;;;;;;;;;;;;;;;;;;;;;;;;;;;DMS0442;;;;;;;;;;;;;;;;;;;;;;;;;;;;;;;;;;
12381291;0001M2607WLW5;STANDARD;2026-07-01T00:00:00;;815;;;3703905;;18006.90;EUR;;;;;;ING2607Facture intragroupe CID 0001;;;2026-07-03T11:57:10;1277;1277;2026-07-03T11:57:10;1277;;;;;;;;;;ING;FAC02_SRC_FACTURESFOURNISSEURS_020726-060434_ST_FAC02_639185690741033341_001;;;;;;JE.FR.APXIISIM.TAX_RULE;CRE/M;;;;;;;;;;;;;;;;;;;;;AMONTS;;;EMU FIXED;2026-07-03T11:57:10;1;EUR;;ENERGIE;;;GROUPEDKA;;;2026-07-28T00:00:00;14668723;;;5581;;;;;;;;;07/07/2026;;;;;;;;;;;;;;;;;;;;;;;;;;;;;;DMS0442;;;;;;;;;;;;;;;;;;;;;;;;;;;;;;;;;;
12381292;0688K2607WXB6;STANDARD;2026-07-01T00:00:00;;5416;;;38496;;235.98;EUR;;;;;;GAZ2607Facture intragroupe CID 0688;;;2026-07-03T11:57:10;1277;1277;2026-07-03T11:57:10;1277;;;;;;;;;;GAZ;FAC02_SRC_FACTURESFOURNISSEURS_020726-060434_ST_FAC02_639185690741033341_001;;;;;;JE.FR.APXIISIM.TAX_RULE;CRE/M;;;;;;;;;;;;;;;;;;;;;AMONTS;;;EMU FIXED;2026-07-03T11:57:10;1;EUR;;ENERGIE;;;GROUPEDKA;;;2026-07-28T00:00:00;7788270;;;86;;;;;;;;;01/07/2026;;;;;;;;;;;;;;;;;;;;;;;;;;;;;;DEW0001;;;;;;;;;;;;;;;;;;;;;;;;;;;;;;;;;;
12381293;0001M2607UUN9;STANDARD;2026-07-01T00:00:00;;815;;;4125468;;350.00;EUR;;;;;;ING2607Facture intragroupe CID 0001;;;2026-07-03T11:57:10;1277;1277;2026-07-03T11:57:10;1277;;;;;;;;;;ING;FAC02_SRC_FACTURESFOURNISSEURS_020726-060434_ST_FAC02_639185690741033341_001;;;;;;JE.FR.APXIISIM.TAX_RULE;CRE/M;;;;;;;;;;;;;;;;;;;;;AMONTS;;;EMU FIXED;2026-07-03T11:57:10;1;EUR;;ENERGIE;;;GROUPEDKA;;;2026-07-28T00:00:00;16288855;;;8102;;;;;;;;;31/07/2026;;;;;;;;;;;;;;;;;;;;;;;;;;;;;;DMS0502;;;;;;;;;;;;;;;;;;;;;;;;;;;;;;;;;;
12381294;0688K2607WXX1;STANDARD;2026-07-01T00:00:00;;5416;;;29731;;35.08;EUR;;;;;;GAZ2607Facture intragroupe CID 0688;;;2026-07-03T11:57:10;1277;1277;2026-07-03T11:57:10;1277;;;;;;;;;;GAZ;FAC02_SRC_FACTURESFOURNISSEURS_020726-060434_ST_FAC02_639185690741033341_001;;;;;;JE.FR.APXIISIM.TAX_RULE;CRE/M;;;;;;;;;;;;;;;;;;;;;AMONTS;;;EMU FIXED;2026-07-03T11:57:10;1;EUR;;ENERGIE;;;GROUPEDKA;;;2026-07-28T00:00:00;7788549;;;91;;;;;;;;;01/07/2026;;;;;;;;;;;;;;;;;;;;;;;;;;;;;;DSW0001;;;;;;;;;;;;;;;;;;;;;;;;;;;;;;;;;;
12381295;0001L2607XEM1;STANDARD;2026-07-01T00:00:00;;815;;;3703774;;12300.50;EUR;;;;;;ING2607Facture intragroupe CID 0001;;;2026-07-03T11:57:10;1277;1277;2026-07-03T11:57:10;1277;;;;;;;;;;ING;FAC02_SRC_FACTURESFOURNISSEURS_020726-060434_ST_FAC02_639185690741033341_001;;;;;;JE.FR.APXIISIM.TAX_RULE;CRE/M;;;;;;;;;;;;;;;;;;;;;AMONTS;;;EMU FIXED;2026-07-03T11:57:10;1;EUR;;ENERGIE;;;GROUPEDKA;;;2026-07-28T00:00:00;13067599;;;249;;;;;;;;;01/07/2026;;;;;;;;;;;;;;;;;;;;;;;;;;;;;;DOS0119;;;;;;;;;;;;;;;;;;;;;;;;;;;;;;;;;;
12381296;0551R26071424;STANDARD;2026-07-01T00:00:00;;2497;;;44672;;1483.20;EUR;;;;;;ING2607Facture intragroupe CID 0551;;;2026-07-03T11:57:10;1277;1277;2026-07-03T11:57:10;1277;;;;;;;;;;ING;FAC02_SRC_FACTURESFOURNISSEURS_020726-060434_ST_FAC02_639185690741033341_001;;;;;;JE.FR.APXIISIM.TAX_RULE;CRE/M;;;;;;;;;;;;;;;;;;;;;AMONTS;;;EMU FIXED;2026-07-03T11:57:10;1;EUR;;ENERGIE;;;GROUPEDKA;;;2026-07-28T00:00:00;7787526;;;90;;;;;;;;;01/07/2026;;;;;;;;;;;;;;;;;;;;;;;;;;;;;;DRW0001;;;;;;;;;;;;;;;;;;;;;;;;;;;;;;;;;;
12381297;0551R26071550;STANDARD;2026-07-01T00:00:00;;2497;;;44672;;6318.54;EUR;;;;;;ING2607Facture intragroupe CID 0551;;;2026-07-03T11:57:10;1277;1277;2026-07-03T11:57:10;1277;;;;;;;;;;ING;FAC02_SRC_FACTURESFOURNISSEURS_020726-060434_ST_FAC02_639185690741033341_001;;;;;;JE.FR.APXIISIM.TAX_RULE;CRE/M;;;;;;;;;;;;;;;;;;;;;AMONTS;;;EMU FIXED;2026-07-03T11:57:10;1;EUR;;ENERGIE;;;GROUPEDKA;;;2026-07-28T00:00:00;7787526;;;90;;;;;;;;;01/07/2026;;;;;;;;;;;;;;;;;;;;;;;;;;;;;;DRW0001;;;;;;;;;;;;;;;;;;;;;;;;;;;;;;;;;;
12381298;0450C26070437;STANDARD;2026-07-01T00:00:00;;3193056;;;4265401;;49.57;EUR;;;;;;ING2607Facture intragroupe CID 0450;;;2026-07-03T11:57:10;1277;1277;2026-07-03T11:57:10;1277;;;;;;;;;;ING;FAC02_SRC_FACTURESFOURNISSEURS_020726-060434_ST_FAC02_639185690741033341_001;;;;;;JE.FR.APXIISIM.TAX_RULE;CRE/M;;;;;;;;;;;;;;;;;;;;;AMONTS;;;EMU FIXED;2026-07-03T11:57:10;1;EUR;;ENERGIE;;;GROUPEDKA;;;2026-07-28T00:00:00;16589369;;;85;;;;;;;;;01/07/2026;;;;;;;;;;;;;;;;;;;;;;;;;;;;;;DCW0001;;;;;;;;;;;;;;;;;;;;;;;;;;;;;;;;;;
12381299;0450C26070438;STANDARD;2026-07-01T00:00:00;;3193056;;;4265401;;1503.19;EUR;;;;;;ING2607Facture intragroupe CID 0450;;;2026-07-03T11:57:10;1277;1277;2026-07-03T11:57:10;1277;;;;;;;;;;ING;FAC02_SRC_FACTURESFOURNISSEURS_020726-060434_ST_FAC02_639185690741033341_001;;;;;;JE.FR.APXIISIM.TAX_RULE;CRE/M;;;;;;;;;;;;;;;;;;;;;AMONTS;;;EMU FIXED;2026-07-03T11:57:10;1;EUR;;ENERGIE;;;GROUPEDKA;;;2026-07-28T00:00:00;16589369;;;85;;;;;;;;;01/07/2026;;;;;;;;;;;;;;;;;;;;;;;;;;;;;;DCW0001;;;;;;;;;;;;;;;;;;;;;;;;;;;;;;;;;;
12381300;0450C26070439;STANDARD;2026-07-01T00:00:00;;3193056;;;4265401;;1488.67;EUR;;;;;;ING2607Facture intragroupe CID 0450;;;2026-07-03T11:57:10;1277;1277;2026-07-03T11:57:10;1277;;;;;;;;;;ING;FAC02_SRC_FACTURESFOURNISSEURS_020726-060434_ST_FAC02_639185690741033341_001;;;;;;JE.FR.APXIISIM.TAX_RULE;CRE/M;;;;;;;;;;;;;;;;;;;;;AMONTS;;;EMU FIXED;2026-07-03T11:57:10;1;EUR;;ENERGIE;;;GROUPEDKA;;;2026-07-28T00:00:00;16589369;;;85;;;;;;;;;01/07/2026;;;;;;;;;;;;;;;;;;;;;;;;;;;;;;DCW0001;;;;;;;;;;;;;;;;;;;;;;;;;;;;;;;;;;
12381301;0450C26070440;STANDARD;2026-07-01T00:00:00;;3193056;;;4265401;;1427.60;EUR;;;;;;ING2607Facture intragroupe CID 0450;;;2026-07-03T11:57:10;1277;1277;2026-07-03T11:57:10;1277;;;;;;;;;;ING;FAC02_SRC_FACTURESFOURNISSEURS_020726-060434_ST_FAC02_639185690741033341_001;;;;;;JE.FR.APXIISIM.TAX_RULE;CRE/M;;;;;;;;;;;;;;;;;;;;;AMONTS;;;EMU FIXED;2026-07-03T11:57:10;1;EUR;;ENERGIE;;;GROUPEDKA;;;2026-07-28T00:00:00;16589369;;;85;;;;;;;;;01/07/2026;;;;;;;;;;;;;;;;;;;;;;;;;;;;;;DCW0001;;;;;;;;;;;;;;;;;;;;;;;;;;;;;;;;;;
12381302;0450C26070441;STANDARD;2026-07-01T00:00:00;;3193056;;;4265401;;487.54;EUR;;;;;;ING2607Facture intragroupe CID 0450;;;2026-07-03T11:57:10;1277;1277;2026-07-03T11:57:10;1277;;;;;;;;;;ING;FAC02_SRC_FACTURESFOURNISSEURS_020726-060434_ST_FAC02_639185690741033341_001;;;;;;JE.FR.APXIISIM.TAX_RULE;CRE/M;;;;;;;;;;;;;;;;;;;;;AMONTS;;;EMU FIXED;2026-07-03T11:57:10;1;EUR;;ENERGIE;;;GROUPEDKA;;;2026-07-28T00:00:00;16589369;;;85;;;;;;;;;01/07/2026;;;;;;;;;;;;;;;;;;;;;;;;;;;;;;DCW0001;;;;;;;;;;;;;;;;;;;;;;;;;;;;;;;;;;
12381303;0450C26070442;STANDARD;2026-07-01T00:00:00;;3193056;;;4265401;;1732.51;EUR;;;;;;ING2607Facture intragroupe CID 0450;;;2026-07-03T11:57:10;1277;1277;2026-07-03T11:57:10;1277;;;;;;;;;;ING;FAC02_SRC_FACTURESFOURNISSEURS_020726-060434_ST_FAC02_639185690741033341_001;;;;;;JE.FR.APXIISIM.TAX_RULE;CRE/M;;;;;;;;;;;;;;;;;;;;;AMONTS;;;EMU FIXED;2026-07-03T11:57:10;1;EUR;;ENERGIE;;;GROUPEDKA;;;2026-07-28T00:00:00;16589369;;;85;;;;;;;;;01/07/2026;;;;;;;;;;;;;;;;;;;;;;;;;;;;;;DCW0001;;;;;;;;;;;;;;;;;;;;;;;;;;;;;;;;;;
12381304;0450C26070443;STANDARD;2026-07-01T00:00:00;;3193056;;;4265401;;733.07;EUR;;;;;;ING2607Facture intragroupe CID 0450;;;2026-07-03T11:57:10;1277;1277;2026-07-03T11:57:10;1277;;;;;;;;;;ING;FAC02_SRC_FACTURESFOURNISSEURS_020726-060434_ST_FAC02_639185690741033341_001;;;;;;JE.FR.APXIISIM.TAX_RULE;CRE/M;;;;;;;;;;;;;;;;;;;;;AMONTS;;;EMU FIXED;2026-07-03T11:57:10;1;EUR;;ENERGIE;;;GROUPEDKA;;;2026-07-28T00:00:00;16589369;;;85;;;;;;;;;01/07/2026;;;;;;;;;;;;;;;;;;;;;;;;;;;;;;DCW0001;;;;;;;;;;;;;;;;;;;;;;;;;;;;;;;;;;
12381305;0450C26070444;STANDARD;2026-07-01T00:00:00;;3193056;;;4265401;;1126.30;EUR;;;;;;ING2607Facture intragroupe CID 0450;;;2026-07-03T11:57:10;1277;1277;2026-07-03T11:57:10;1277;;;;;;;;;;ING;FAC02_SRC_FACTURESFOURNISSEURS_020726-060434_ST_FAC02_639185690741033341_001;;;;;;JE.FR.APXIISIM.TAX_RULE;CRE/M;;;;;;;;;;;;;;;;;;;;;AMONTS;;;EMU FIXED;2026-07-03T11:57:10;1;EUR;;ENERGIE;;;GROUPEDKA;;;2026-07-28T00:00:00;16589369;;;85;;;;;;;;;01/07/2026;;;;;;;;;;;;;;;;;;;;;;;;;;;;;;DCW0001;;;;;;;;;;;;;;;;;;;;;;;;;;;;;;;;;;
12381306;0450C26070389;STANDARD;2026-07-01T00:00:00;;3193056;;;4265401;;448.59;EUR;;;;;;ING2607Facture intragroupe CID 0450;;;2026-07-03T11:57:10;1277;1277;2026-07-03T11:57:10;1277;;;;;;;;;;ING;FAC02_SRC_FACTURESFOURNISSEURS_020726-060434_ST_FAC02_639185690741033341_001;;;;;;JE.FR.APXIISIM.TAX_RULE;CRE/M;;;;;;;;;;;;;;;;;;;;;AMONTS;;;EMU FIXED;2026-07-03T11:57:10;1;EUR;;ENERGIE;;;GROUPEDKA;;;2026-07-28T00:00:00;16589369;;;85;;;;;;;;;01/07/2026;;;;;;;;;;;;;;;;;;;;;;;;;;;;;;DCW0001;;;;;;;;;;;;;;;;;;;;;;;;;;;;;;;;;;
12381307;0450C26070390;STANDARD;2026-07-01T00:00:00;;3193056;;;4265401;;370.76;EUR;;;;;;ING2607Facture intragroupe CID 0450;;;2026-07-03T11:57:10;1277;1277;2026-07-03T11:57:10;1277;;;;;;;;;;ING;FAC02_SRC_FACTURESFOURNISSEURS_020726-060434_ST_FAC02_639185690741033341_001;;;;;;JE.FR.APXIISIM.TAX_RULE;CRE/M;;;;;;;;;;;;;;;;;;;;;AMONTS;;;EMU FIXED;2026-07-03T11:57:10;1;EUR;;ENERGIE;;;GROUPEDKA;;;2026-07-28T00:00:00;16589369;;;85;;;;;;;;;01/07/2026;;;;;;;;;;;;;;;;;;;;;;;;;;;;;;DCW0001;;;;;;;;;;;;;;;;;;;;;;;;;;;;;;;;;;
12381308;0450C26070391;STANDARD;2026-07-01T00:00:00;;3193056;;;4265401;;870.68;EUR;;;;;;ING2607Facture intragroupe CID 0450;;;2026-07-03T11:57:10;1277;1277;2026-07-03T11:57:10;1277;;;;;;;;;;ING;FAC02_SRC_FACTURESFOURNISSEURS_020726-060434_ST_FAC02_639185690741033341_001;;;;;;JE.FR.APXIISIM.TAX_RULE;CRE/M;;;;;;;;;;;;;;;;;;;;;AMONTS;;;EMU FIXED;2026-07-03T11:57:10;1;EUR;;ENERGIE;;;GROUPEDKA;;;2026-07-28T00:00:00;16589369;;;85;;;;;;;;;01/07/2026;;;;;;;;;;;;;;;;;;;;;;;;;;;;;;DCW0001;;;;;;;;;;;;;;;;;;;;;;;;;;;;;;;;;;
12381309;0450C26070392;STANDARD;2026-07-01T00:00:00;;3193056;;;4265401;;991.09;EUR;;;;;;ING2607Facture intragroupe CID 0450;;;2026-07-03T11:57:10;1277;1277;2026-07-03T11:57:10;1277;;;;;;;;;;ING;FAC02_SRC_FACTURESFOURNISSEURS_020726-060434_ST_FAC02_639185690741033341_001;;;;;;JE.FR.APXIISIM.TAX_RULE;CRE/M;;;;;;;;;;;;;;;;;;;;;AMONTS;;;EMU FIXED;2026-07-03T11:57:10;1;EUR;;ENERGIE;;;GROUPEDKA;;;2026-07-28T00:00:00;16589369;;;85;;;;;;;;;01/07/2026;;;;;;;;;;;;;;;;;;;;;;;;;;;;;;DCW0001;;;;;;;;;;;;;;;;;;;;;;;;;;;;;;;;;;
12381310;0450C26070393;STANDARD;2026-07-01T00:00:00;;3193056;;;4265401;;650.28;EUR;;;;;;ING2607Facture intragroupe CID 0450;;;2026-07-03T11:57:10;1277;1277;2026-07-03T11:57:10;1277;;;;;;;;;;ING;FAC02_SRC_FACTURESFOURNISSEURS_020726-060434_ST_FAC02_639185690741033341_001;;;;;;JE.FR.APXIISIM.TAX_RULE;CRE/M;;;;;;;;;;;;;;;;;;;;;AMONTS;;;EMU FIXED;2026-07-03T11:57:10;1;EUR;;ENERGIE;;;GROUPEDKA;;;2026-07-28T00:00:00;16589369;;;85;;;;;;;;;01/07/2026;;;;;;;;;;;;;;;;;;;;;;;;;;;;;;DCW0001;;;;;;;;;;;;;;;;;;;;;;;;;;;;;;;;;;
12381311;0450C26070394;STANDARD;2026-07-01T00:00:00;;3193056;;;4265401;;276.40;EUR;;;;;;ING2607Facture intragroupe CID 0450;;;2026-07-03T11:57:10;1277;1277;2026-07-03T11:57:10;1277;;;;;;;;;;ING;FAC02_SRC_FACTURESFOURNISSEURS_020726-060434_ST_FAC02_639185690741033341_001;;;;;;JE.FR.APXIISIM.TAX_RULE;CRE/M;;;;;;;;;;;;;;;;;;;;;AMONTS;;;EMU FIXED;2026-07-03T11:57:10;1;EUR;;ENERGIE;;;GROUPEDKA;;;2026-07-28T00:00:00;16589369;;;85;;;;;;;;;01/07/2026;;;;;;;;;;;;;;;;;;;;;;;;;;;;;;DCW0001;;;;;;;;;;;;;;;;;;;;;;;;;;;;;;;;;;
12381312;0450C26070395;STANDARD;2026-07-01T00:00:00;;3193056;;;4265401;;324.62;EUR;;;;;;ING2607Facture intragroupe CID 0450;;;2026-07-03T11:57:10;1277;1277;2026-07-03T11:57:10;1277;;;;;;;;;;ING;FAC02_SRC_FACTURESFOURNISSEURS_020726-060434_ST_FAC02_639185690741033341_001;;;;;;JE.FR.APXIISIM.TAX_RULE;CRE/M;;;;;;;;;;;;;;;;;;;;;AMONTS;;;EMU FIXED;2026-07-03T11:57:10;1;EUR;;ENERGIE;;;GROUPEDKA;;;2026-07-28T00:00:00;16589369;;;85;;;;;;;;;01/07/2026;;;;;;;;;;;;;;;;;;;;;;;;;;;;;;DCW0001;;;;;;;;;;;;;;;;;;;;;;;;;;;;;;;;;;
12381313;0450C26070396;STANDARD;2026-07-01T00:00:00;;3193056;;;4265401;;811.04;EUR;;;;;;ING2607Facture intragroupe CID 0450;;;2026-07-03T11:57:10;1277;1277;2026-07-03T11:57:10;1277;;;;;;;;;;ING;FAC02_SRC_FACTURESFOURNISSEURS_020726-060434_ST_FAC02_639185690741033341_001;;;;;;JE.FR.APXIISIM.TAX_RULE;CRE/M;;;;;;;;;;;;;;;;;;;;;AMONTS;;;EMU FIXED;2026-07-03T11:57:10;1;EUR;;ENERGIE;;;GROUPEDKA;;;2026-07-28T00:00:00;16589369;;;85;;;;;;;;;01/07/2026;;;;;;;;;;;;;;;;;;;;;;;;;;;;;;DCW0001;;;;;;;;;;;;;;;;;;;;;;;;;;;;;;;;;;
12381314;0450C26070405;STANDARD;2026-07-01T00:00:00;;3193056;;;4265401;;175.28;EUR;;;;;;ING2607Facture intragroupe CID 0450;;;2026-07-03T11:57:10;1277;1277;2026-07-03T11:57:10;1277;;;;;;;;;;ING;FAC02_SRC_FACTURESFOURNISSEURS_020726-060434_ST_FAC02_639185690741033341_001;;;;;;JE.FR.APXIISIM.TAX_RULE;CRE/M;;;;;;;;;;;;;;;;;;;;;AMONTS;;;EMU FIXED;2026-07-03T11:57:10;1;EUR;;ENERGIE;;;GROUPEDKA;;;2026-07-28T00:00:00;16589369;;;85;;;;;;;;;01/07/2026;;;;;;;;;;;;;;;;;;;;;;;;;;;;;;DCW0001;;;;;;;;;;;;;;;;;;;;;;;;;;;;;;;;;;
12381315;0450C26070406;STANDARD;2026-07-01T00:00:00;;3193056;;;4265401;;283.14;EUR;;;;;;ING2607Facture intragroupe CID 0450;;;2026-07-03T11:57:10;1277;1277;2026-07-03T11:57:10;1277;;;;;;;;;;ING;FAC02_SRC_FACTURESFOURNISSEURS_020726-060434_ST_FAC02_639185690741033341_001;;;;;;JE.FR.APXIISIM.TAX_RULE;CRE/M;;;;;;;;;;;;;;;;;;;;;AMONTS;;;EMU FIXED;2026-07-03T11:57:10;1;EUR;;ENERGIE;;;GROUPEDKA;;;2026-07-28T00:00:00;16589369;;;85;;;;;;;;;01/07/2026;;;;;;;;;;;;;;;;;;;;;;;;;;;;;;DCW0001;;;;;;;;;;;;;;;;;;;;;;;;;;;;;;;;;;
12381316;0450C26070407;STANDARD;2026-07-01T00:00:00;;3193056;;;4265401;;1083.88;EUR;;;;;;ING2607Facture intragroupe CID 0450;;;2026-07-03T11:57:10;1277;1277;2026-07-03T11:57:10;1277;;;;;;;;;;ING;FAC02_SRC_FACTURESFOURNISSEURS_020726-060434_ST_FAC02_639185690741033341_001;;;;;;JE.FR.APXIISIM.TAX_RULE;CRE/M;;;;;;;;;;;;;;;;;;;;;AMONTS;;;EMU FIXED;2026-07-03T11:57:10;1;EUR;;ENERGIE;;;GROUPEDKA;;;2026-07-28T00:00:00;16589369;;;85;;;;;;;;;01/07/2026;;;;;;;;;;;;;;;;;;;;;;;;;;;;;;DCW0001;;;;;;;;;;;;;;;;;;;;;;;;;;;;;;;;;;
12381317;0450C26070408;STANDARD;2026-07-01T00:00:00;;3193056;;;4265401;;752.78;EUR;;;;;;ING2607Facture intragroupe CID 0450;;;2026-07-03T11:57:10;1277;1277;2026-07-03T11:57:10;1277;;;;;;;;;;ING;FAC02_SRC_FACTURESFOURNISSEURS_020726-060434_ST_FAC02_639185690741033341_001;;;;;;JE.FR.APXIISIM.TAX_RULE;CRE/M;;;;;;;;;;;;;;;;;;;;;AMONTS;;;EMU FIXED;2026-07-03T11:57:10;1;EUR;;ENERGIE;;;GROUPEDKA;;;2026-07-28T00:00:00;16589369;;;85;;;;;;;;;01/07/2026;;;;;;;;;;;;;;;;;;;;;;;;;;;;;;DCW0001;;;;;;;;;;;;;;;;;;;;;;;;;;;;;;;;;;
12381318;0450C26070409;STANDARD;2026-07-01T00:00:00;;3193056;;;4265401;;774.77;EUR;;;;;;ING2607Facture intragroupe CID 0450;;;2026-07-03T11:57:10;1277;1277;2026-07-03T11:57:10;1277;;;;;;;;;;ING;FAC02_SRC_FACTURESFOURNISSEURS_020726-060434_ST_FAC02_639185690741033341_001;;;;;;JE.FR.APXIISIM.TAX_RULE;CRE/M;;;;;;;;;;;;;;;;;;;;;AMONTS;;;EMU FIXED;2026-07-03T11:57:10;1;EUR;;ENERGIE;;;GROUPEDKA;;;2026-07-28T00:00:00;16589369;;;85;;;;;;;;;01/07/2026;;;;;;;;;;;;;;;;;;;;;;;;;;;;;;DCW0001;;;;;;;;;;;;;;;;;;;;;;;;;;;;;;;;;;
12381319;0450C26070410;STANDARD;2026-07-01T00:00:00;;3193056;;;4265401;;283.14;EUR;;;;;;ING2607Facture intragroupe CID 0450;;;2026-07-03T11:57:10;1277;1277;2026-07-03T11:57:10;1277;;;;;;;;;;ING;FAC02_SRC_FACTURESFOURNISSEURS_020726-060434_ST_FAC02_639185690741033341_001;;;;;;JE.FR.APXIISIM.TAX_RULE;CRE/M;;;;;;;;;;;;;;;;;;;;;AMONTS;;;EMU FIXED;2026-07-03T11:57:10;1;EUR;;ENERGIE;;;GROUPEDKA;;;2026-07-28T00:00:00;16589369;;;85;;;;;;;;;01/07/2026;;;;;;;;;;;;;;;;;;;;;;;;;;;;;;DCW0001;;;;;;;;;;;;;;;;;;;;;;;;;;;;;;;;;;
12381320;0450C26070412;STANDARD;2026-07-01T00:00:00;;3193056;;;4265401;;269.66;EUR;;;;;;ING2607Facture intragroupe CID 0450;;;2026-07-03T11:57:10;1277;1277;2026-07-03T11:57:10;1277;;;;;;;;;;ING;FAC02_SRC_FACTURESFOURNISSEURS_020726-060434_ST_FAC02_639185690741033341_001;;;;;;JE.FR.APXIISIM.TAX_RULE;CRE/M;;;;;;;;;;;;;;;;;;;;;AMONTS;;;EMU FIXED;2026-07-03T11:57:10;1;EUR;;ENERGIE;;;GROUPEDKA;;;2026-07-28T00:00:00;16589369;;;85;;;;;;;;;01/07/2026;;;;;;;;;;;;;;;;;;;;;;;;;;;;;;DCW0001;;;;;;;;;;;;;;;;;;;;;;;;;;;;;;;;;;
12381321;0693C26073183;STANDARD;2026-07-01T00:00:00;;5668;;;21396;;34897.21;EUR;;;;;;ING2607Facture intragroupe CID 0693;;;2026-07-03T11:57:10;1277;1277;2026-07-03T11:57:10;1277;;;;;;;;;;ING;FAC02_SRC_FACTURESFOURNISSEURS_020726-060434_ST_FAC02_639185690741033341_001;;;;;;JE.FR.APXIISIM.TAX_RULE;CRE/M;;;;;;;;;;;;;;;;;;;;;AMONTS;;;EMU FIXED;2026-07-03T11:57:10;1;EUR;;ENERGIE;;;GROUPEDKA;;;2026-07-28T00:00:00;7789632;;;129;;;;;;;;;01/07/2026;;;;;;;;;;;;;;;;;;;;;;;;;;;;;;DCW0322;;;;;;;;;;;;;;;;;;;;;;;;;;;;;;;;;;
12381322;0688K2607WWN9;STANDARD;2026-07-01T00:00:00;;5416;;;38496;;736.21;EUR;;;;;;GAZ2607Facture intragroupe CID 0688;;;2026-07-03T11:57:10;1277;1277;2026-07-03T11:57:10;1277;;;;;;;;;;GAZ;FAC02_SRC_FACTURESFOURNISSEURS_020726-060434_ST_FAC02_639185690741033341_001;;;;;;JE.FR.APXIISIM.TAX_RULE;CRE/M;;;;;;;;;;;;;;;;;;;;;AMONTS;;;EMU FIXED;2026-07-03T11:57:10;1;EUR;;ENERGIE;;;GROUPEDKA;;;2026-07-28T00:00:00;7788270;;;86;;;;;;;;;01/07/2026;;;;;;;;;;;;;;;;;;;;;;;;;;;;;;DEW0001;;;;;;;;;;;;;;;;;;;;;;;;;;;;;;;;;;
12381323;0688K2607WWP0;STANDARD;2026-07-01T00:00:00;;5416;;;38496;;152.47;EUR;;;;;;GAZ2607Facture intragroupe CID 0688;;;2026-07-03T11:57:10;1277;1277;2026-07-03T11:57:10;1277;;;;;;;;;;GAZ;FAC02_SRC_FACTURESFOURNISSEURS_020726-060434_ST_FAC02_639185690741033341_001;;;;;;JE.FR.APXIISIM.TAX_RULE;CRE/M;;;;;;;;;;;;;;;;;;;;;AMONTS;;;EMU FIXED;2026-07-03T11:57:10;1;EUR;;ENERGIE;;;GROUPEDKA;;;2026-07-28T00:00:00;7788270;;;86;;;;;;;;;01/07/2026;;;;;;;;;;;;;;;;;;;;;;;;;;;;;;DEW0001;;;;;;;;;;;;;;;;;;;;;;;;;;;;;;;;;;
12381324;0551R26071475;STANDARD;2026-07-01T00:00:00;;2497;;;44672;;2972.17;EUR;;;;;;ING2607Facture intragroupe CID 0551;;;2026-07-03T11:57:10;1277;1277;2026-07-03T11:57:10;1277;;;;;;;;;;ING;FAC02_SRC_FACTURESFOURNISSEURS_020726-060434_ST_FAC02_639185690741033341_001;;;;;;JE.FR.APXIISIM.TAX_RULE;CRE/M;;;;;;;;;;;;;;;;;;;;;AMONTS;;;EMU FIXED;2026-07-03T11:57:10;1;EUR;;ENERGIE;;;GROUPEDKA;;;2026-07-28T00:00:00;7787526;;;90;;;;;;;;;01/07/2026;;;;;;;;;;;;;;;;;;;;;;;;;;;;;;DRW0001;;;;;;;;;;;;;;;;;;;;;;;;;;;;;;;;;;
12381325;0688K2607WXY6;STANDARD;2026-07-01T00:00:00;;5416;;;29731;;306.30;EUR;;;;;;GAZ2607Facture intragroupe CID 0688;;;2026-07-03T11:57:10;1277;1277;2026-07-03T11:57:10;1277;;;;;;;;;;GAZ;FAC02_SRC_FACTURESFOURNISSEURS_020726-060434_ST_FAC02_639185690741033341_001;;;;;;JE.FR.APXIISIM.TAX_RULE;CRE/M;;;;;;;;;;;;;;;;;;;;;AMONTS;;;EMU FIXED;2026-07-03T11:57:10;1;EUR;;ENERGIE;;;GROUPEDKA;;;2026-07-28T00:00:00;7788549;;;91;;;;;;;;;01/07/2026;;;;;;;;;;;;;;;;;;;;;;;;;;;;;;DSW0001;;;;;;;;;;;;;;;;;;;;;;;;;;;;;;;;;;
12381326;0551R26071478;STANDARD;2026-07-01T00:00:00;;2497;;;44672;;618.00;EUR;;;;;;ING2607Facture intragroupe CID 0551;;;2026-07-03T11:57:10;1277;1277;2026-07-03T11:57:10;1277;;;;;;;;;;ING;FAC02_SRC_FACTURESFOURNISSEURS_020726-060434_ST_FAC02_639185690741033341_001;;;;;;JE.FR.APXIISIM.TAX_RULE;CRE/M;;;;;;;;;;;;;;;;;;;;;AMONTS;;;EMU FIXED;2026-07-03T11:57:10;1;EUR;;ENERGIE;;;GROUPEDKA;;;2026-07-28T00:00:00;7787526;;;90;;;;;;;;;01/07/2026;;;;;;;;;;;;;;;;;;;;;;;;;;;;;;DRW0001;;;;;;;;;;;;;;;;;;;;;;;;;;;;;;;;;;
12381327;0688K2607WWU8;STANDARD;2026-07-01T00:00:00;;5416;;;38496;;128.53;EUR;;;;;;GAZ2607Facture intragroupe CID 0688;;;2026-07-03T11:57:10;1277;1277;2026-07-03T11:57:10;1277;;;;;;;;;;GAZ;FAC02_SRC_FACTURESFOURNISSEURS_020726-060434_ST_FAC02_639185690741033341_001;;;;;;JE.FR.APXIISIM.TAX_RULE;CRE/M;;;;;;;;;;;;;;;;;;;;;AMONTS;;;EMU FIXED;2026-07-03T11:57:10;1;EUR;;ENERGIE;;;GROUPEDKA;;;2026-07-28T00:00:00;7788270;;;86;;;;;;;;;01/07/2026;;;;;;;;;;;;;;;;;;;;;;;;;;;;;;DEW0001;;;;;;;;;;;;;;;;;;;;;;;;;;;;;;;;;;
12381328;0688K2607WWU6;STANDARD;2026-07-01T00:00:00;;5416;;;38496;;722.17;EUR;;;;;;GAZ2607Facture intragroupe CID 0688;;;2026-07-03T11:57:10;1277;1277;2026-07-03T11:57:10;1277;;;;;;;;;;GAZ;FAC02_SRC_FACTURESFOURNISSEURS_020726-060434_ST_FAC02_639185690741033341_001;;;;;;JE.FR.APXIISIM.TAX_RULE;CRE/M;;;;;;;;;;;;;;;;;;;;;AMONTS;;;EMU FIXED;2026-07-03T11:57:10;1;EUR;;ENERGIE;;;GROUPEDKA;;;2026-07-28T00:00:00;7788270;;;86;;;;;;;;;01/07/2026;;;;;;;;;;;;;;;;;;;;;;;;;;;;;;DEW0001;;;;;;;;;;;;;;;;;;;;;;;;;;;;;;;;;;
12381329;0688K2607WWU7;STANDARD;2026-07-01T00:00:00;;5416;;;38496;;44.06;EUR;;;;;;GAZ2607Facture intragroupe CID 0688;;;2026-07-03T11:57:10;1277;1277;2026-07-03T11:57:10;1277;;;;;;;;;;GAZ;FAC02_SRC_FACTURESFOURNISSEURS_020726-060434_ST_FAC02_639185690741033341_001;;;;;;JE.FR.APXIISIM.TAX_RULE;CRE/M;;;;;;;;;;;;;;;;;;;;;AMONTS;;;EMU FIXED;2026-07-03T11:57:10;1;EUR;;ENERGIE;;;GROUPEDKA;;;2026-07-28T00:00:00;7788270;;;86;;;;;;;;;01/07/2026;;;;;;;;;;;;;;;;;;;;;;;;;;;;;;DEW0001;;;;;;;;;;;;;;;;;;;;;;;;;;;;;;;;;;
12381330;0688K2607WWU0;STANDARD;2026-07-01T00:00:00;;5416;;;38496;;60.84;EUR;;;;;;GAZ2607Facture intragroupe CID 0688;;;2026-07-03T11:57:10;1277;1277;2026-07-03T11:57:10;1277;;;;;;;;;;GAZ;FAC02_SRC_FACTURESFOURNISSEURS_020726-060434_ST_FAC02_639185690741033341_001;;;;;;JE.FR.APXIISIM.TAX_RULE;CRE/M;;;;;;;;;;;;;;;;;;;;;AMONTS;;;EMU FIXED;2026-07-03T11:57:10;1;EUR;;ENERGIE;;;GROUPEDKA;;;2026-07-28T00:00:00;7788270;;;86;;;;;;;;;01/07/2026;;;;;;;;;;;;;;;;;;;;;;;;;;;;;;DEW0001;;;;;;;;;;;;;;;;;;;;;;;;;;;;;;;;;;
12381331;0688K2607WWU5;STANDARD;2026-07-01T00:00:00;;5416;;;38496;;15.10;EUR;;;;;;GAZ2607Facture intragroupe CID 0688;;;2026-07-03T11:57:10;1277;1277;2026-07-03T11:57:10;1277;;;;;;;;;;GAZ;FAC02_SRC_FACTURESFOURNISSEURS_020726-060434_ST_FAC02_639185690741033341_001;;;;;;JE.FR.APXIISIM.TAX_RULE;CRE/M;;;;;;;;;;;;;;;;;;;;;AMONTS;;;EMU FIXED;2026-07-03T11:57:10;1;EUR;;ENERGIE;;;GROUPEDKA;;;2026-07-28T00:00:00;7788270;;;86;;;;;;;;;01/07/2026;;;;;;;;;;;;;;;;;;;;;;;;;;;;;;DEW0001;;;;;;;;;;;;;;;;;;;;;;;;;;;;;;;;;;
12381332;0688K2607WWU4;STANDARD;2026-07-01T00:00:00;;5416;;;38496;;38.29;EUR;;;;;;GAZ2607Facture intragroupe CID 0688;;;2026-07-03T11:57:10;1277;1277;2026-07-03T11:57:10;1277;;;;;;;;;;GAZ;FAC02_SRC_FACTURESFOURNISSEURS_020726-060434_ST_FAC02_639185690741033341_001;;;;;;JE.FR.APXIISIM.TAX_RULE;CRE/M;;;;;;;;;;;;;;;;;;;;;AMONTS;;;EMU FIXED;2026-07-03T11:57:10;1;EUR;;ENERGIE;;;GROUPEDKA;;;2026-07-28T00:00:00;7788270;;;86;;;;;;;;;01/07/2026;;;;;;;;;;;;;;;;;;;;;;;;;;;;;;DEW0001;;;;;;;;;;;;;;;;;;;;;;;;;;;;;;;;;;
12381333;0688K2607WWU1;STANDARD;2026-07-01T00:00:00;;5416;;;38496;;81.19;EUR;;;;;;GAZ2607Facture intragroupe CID 0688;;;2026-07-03T11:57:10;1277;1277;2026-07-03T11:57:10;1277;;;;;;;;;;GAZ;FAC02_SRC_FACTURESFOURNISSEURS_020726-060434_ST_FAC02_639185690741033341_001;;;;;;JE.FR.APXIISIM.TAX_RULE;CRE/M;;;;;;;;;;;;;;;;;;;;;AMONTS;;;EMU FIXED;2026-07-03T11:57:10;1;EUR;;ENERGIE;;;GROUPEDKA;;;2026-07-28T00:00:00;7788270;;;86;;;;;;;;;01/07/2026;;;;;;;;;;;;;;;;;;;;;;;;;;;;;;DEW0001;;;;;;;;;;;;;;;;;;;;;;;;;;;;;;;;;;
12381334;0688K2607WWU3;STANDARD;2026-07-01T00:00:00;;5416;;;38496;;426.91;EUR;;;;;;GAZ2607Facture intragroupe CID 0688;;;2026-07-03T11:57:10;1277;1277;2026-07-03T11:57:10;1277;;;;;;;;;;GAZ;FAC02_SRC_FACTURESFOURNISSEURS_020726-060434_ST_FAC02_639185690741033341_001;;;;;;JE.FR.APXIISIM.TAX_RULE;CRE/M;;;;;;;;;;;;;;;;;;;;;AMONTS;;;EMU FIXED;2026-07-03T11:57:10;1;EUR;;ENERGIE;;;GROUPEDKA;;;2026-07-28T00:00:00;7788270;;;86;;;;;;;;;01/07/2026;;;;;;;;;;;;;;;;;;;;;;;;;;;;;;DEW0001;;;;;;;;;;;;;;;;;;;;;;;;;;;;;;;;;;
12381335;0688K2607WXW0;STANDARD;2026-07-01T00:00:00;;5416;;;29731;;242.72;EUR;;;;;;GAZ2607Facture intragroupe CID 0688;;;2026-07-03T11:57:10;1277;1277;2026-07-03T11:57:10;1277;;;;;;;;;;GAZ;FAC02_SRC_FACTURESFOURNISSEURS_020726-060434_ST_FAC02_639185690741033341_001;;;;;;JE.FR.APXIISIM.TAX_RULE;CRE/M;;;;;;;;;;;;;;;;;;;;;AMONTS;;;EMU FIXED;2026-07-03T11:57:10;1;EUR;;ENERGIE;;;GROUPEDKA;;;2026-07-28T00:00:00;7788549;;;91;;;;;;;;;01/07/2026;;;;;;;;;;;;;;;;;;;;;;;;;;;;;;DSW0001;;;;;;;;;;;;;;;;;;;;;;;;;;;;;;;;;;
12381336;0034L26070679;STANDARD;2026-07-01T00:00:00;;912;;;2483;;1533.52;EUR;;;;;;ING2607Facture intragroupe CID 0034;;;2026-07-03T11:57:10;1277;1277;2026-07-03T11:57:10;1277;;;;;;;;;;ING;FAC02_SRC_FACTURESFOURNISSEURS_020726-060434_ST_FAC02_639185690741033341_001;;;;;;JE.FR.APXIISIM.TAX_RULE;CRE/M;;;;;;;;;;;;;;;;;;;;;AMONTS;;;EMU FIXED;2026-07-03T11:57:10;1;EUR;;ENERGIE;;;GROUPEDKA;;;2026-07-28T00:00:00;7786652;;;87;;;;;;;;;01/07/2026;;;;;;;;;;;;;;;;;;;;;;;;;;;;;;DLS0001;;;;;;;;;;;;;;;;;;;;;;;;;;;;;;;;;;
12381337;0688K2607WXE0;STANDARD;2026-07-01T00:00:00;;5416;;;10557;;331.69;EUR;;;;;;GAZ2607Facture intragroupe CID 0688;;;2026-07-03T11:57:10;1277;1277;2026-07-03T11:57:10;1277;;;;;;;;;;GAZ;FAC02_SRC_FACTURESFOURNISSEURS_020726-060434_ST_FAC02_639185690741033341_001;;;;;;JE.FR.APXIISIM.TAX_RULE;CRE/M;;;;;;;;;;;;;;;;;;;;;AMONTS;;;EMU FIXED;2026-07-03T11:57:10;1;EUR;;ENERGIE;;;GROUPEDKA;;;2026-07-28T00:00:00;7788357;;;88;;;;;;;;;01/07/2026;;;;;;;;;;;;;;;;;;;;;;;;;;;;;;DMS0001;;;;;;;;;;;;;;;;;;;;;;;;;;;;;;;;;;
12381338;0688K2607WXD7;STANDARD;2026-07-01T00:00:00;;5416;;;10557;;1315.47;EUR;;;;;;GAZ2607Facture intragroupe CID 0688;;;2026-07-03T11:57:10;1277;1277;2026-07-03T11:57:10;1277;;;;;;;;;;GAZ;FAC02_SRC_FACTURESFOURNISSEURS_020726-060434_ST_FAC02_639185690741033341_001;;;;;;JE.FR.APXIISIM.TAX_RULE;CRE/M;;;;;;;;;;;;;;;;;;;;;AMONTS;;;EMU FIXED;2026-07-03T11:57:10;1;EUR;;ENERGIE;;;GROUPEDKA;;;2026-07-28T00:00:00;7788357;;;88;;;;;;;;;01/07/2026;;;;;;;;;;;;;;;;;;;;;;;;;;;;;;DMS0001;;;;;;;;;;;;;;;;;;;;;;;;;;;;;;;;;;
12381339;0688K2607WXD6;STANDARD;2026-07-01T00:00:00;;5416;;;10557;;1367.31;EUR;;;;;;GAZ2607Facture intragroupe CID 0688;;;2026-07-03T11:57:10;1277;1277;2026-07-03T11:57:10;1277;;;;;;;;;;GAZ;FAC02_SRC_FACTURESFOURNISSEURS_020726-060434_ST_FAC02_639185690741033341_001;;;;;;JE.FR.APXIISIM.TAX_RULE;CRE/M;;;;;;;;;;;;;;;;;;;;;AMONTS;;;EMU FIXED;2026-07-03T11:57:10;1;EUR;;ENERGIE;;;GROUPEDKA;;;2026-07-28T00:00:00;7788357;;;88;;;;;;;;;01/07/2026;;;;;;;;;;;;;;;;;;;;;;;;;;;;;;DMS0001;;;;;;;;;;;;;;;;;;;;;;;;;;;;;;;;;;
12381340;0688K2607WXM9;STANDARD;2026-07-01T00:00:00;;5416;;;23958;;214.37;EUR;;;;;;GAZ2607Facture intragroupe CID 0688;;;2026-07-03T11:57:10;1277;1277;2026-07-03T11:57:10;1277;;;;;;;;;;GAZ;FAC02_SRC_FACTURESFOURNISSEURS_020726-060434_ST_FAC02_639185690741033341_001;;;;;;JE.FR.APXIISIM.TAX_RULE;CRE/M;;;;;;;;;;;;;;;;;;;;;AMONTS;;;EMU FIXED;2026-07-03T11:57:10;1;EUR;;ENERGIE;;;GROUPEDKA;;;2026-07-28T00:00:00;7788489;;;90;;;;;;;;;01/07/2026;;;;;;;;;;;;;;;;;;;;;;;;;;;;;;DRW0001;;;;;;;;;;;;;;;;;;;;;;;;;;;;;;;;;;
12381341;0688K2607WXJ2;STANDARD;2026-07-01T00:00:00;;5416;;;23958;;54.71;EUR;;;;;;GAZ2607Facture intragroupe CID 0688;;;2026-07-03T11:57:10;1277;1277;2026-07-03T11:57:10;1277;;;;;;;;;;GAZ;FAC02_SRC_FACTURESFOURNISSEURS_020726-060434_ST_FAC02_639185690741033341_001;;;;;;JE.FR.APXIISIM.TAX_RULE;CRE/M;;;;;;;;;;;;;;;;;;;;;AMONTS;;;EMU FIXED;2026-07-03T11:57:10;1;EUR;;ENERGIE;;;GROUPEDKA;;;2026-07-28T00:00:00;7788489;;;90;;;;;;;;;01/07/2026;;;;;;;;;;;;;;;;;;;;;;;;;;;;;;DRW0001;;;;;;;;;;;;;;;;;;;;;;;;;;;;;;;;;;
12381342;0688K2607WWV2;STANDARD;2026-07-01T00:00:00;;5416;;;38496;;1373.13;EUR;;;;;;GAZ2607Facture intragroupe CID 0688;;;2026-07-03T11:57:10;1277;1277;2026-07-03T11:57:10;1277;;;;;;;;;;GAZ;FAC02_SRC_FACTURESFOURNISSEURS_020726-060434_ST_FAC02_639185690741033341_001;;;;;;JE.FR.APXIISIM.TAX_RULE;CRE/M;;;;;;;;;;;;;;;;;;;;;AMONTS;;;EMU FIXED;2026-07-03T11:57:10;1;EUR;;ENERGIE;;;GROUPEDKA;;;2026-07-28T00:00:00;7788270;;;86;;;;;;;;;01/07/2026;;;;;;;;;;;;;;;;;;;;;;;;;;;;;;DEW0001;;;;;;;;;;;;;;;;;;;;;;;;;;;;;;;;;;
12381343;0688K2607WWP3;STANDARD;2026-07-01T00:00:00;;5416;;;38496;;135.13;EUR;;;;;;GAZ2607Facture intragroupe CID 0688;;;2026-07-03T11:57:10;1277;1277;2026-07-03T11:57:10;1277;;;;;;;;;;GAZ;FAC02_SRC_FACTURESFOURNISSEURS_020726-060434_ST_FAC02_639185690741033341_001;;;;;;JE.FR.APXIISIM.TAX_RULE;CRE/M;;;;;;;;;;;;;;;;;;;;;AMONTS;;;EMU FIXED;2026-07-03T11:57:10;1;EUR;;ENERGIE;;;GROUPEDKA;;;2026-07-28T00:00:00;7788270;;;86;;;;;;;;;01/07/2026;;;;;;;;;;;;;;;;;;;;;;;;;;;;;;DEW0001;;;;;;;;;;;;;;;;;;;;;;;;;;;;;;;;;;
12381344;0688K2607WWV8;STANDARD;2026-07-01T00:00:00;;5416;;;17273;;128.90;EUR;;;;;;GAZ2607Facture intragroupe CID 0688;;;2026-07-03T11:57:10;1277;1277;2026-07-03T11:57:10;1277;;;;;;;;;;GAZ;FAC02_SRC_FACTURESFOURNISSEURS_020726-060434_ST_FAC02_639185690741033341_001;;;;;;JE.FR.APXIISIM.TAX_RULE;CRE/M;;;;;;;;;;;;;;;;;;;;;AMONTS;;;EMU FIXED;2026-07-03T11:57:10;1;EUR;;ENERGIE;;;GROUPEDKA;;;2026-07-28T00:00:00;7788309;;;87;;;;;;;;;01/07/2026;;;;;;;;;;;;;;;;;;;;;;;;;;;;;;DLS0001;;;;;;;;;;;;;;;;;;;;;;;;;;;;;;;;;;
12381345;0688K2607WXJ1;STANDARD;2026-07-01T00:00:00;;5416;;;23958;;91.71;EUR;;;;;;GAZ2607Facture intragroupe CID 0688;;;2026-07-03T11:57:10;1277;1277;2026-07-03T11:57:10;1277;;;;;;;;;;GAZ;FAC02_SRC_FACTURESFOURNISSEURS_020726-060434_ST_FAC02_639185690741033341_001;;;;;;JE.FR.APXIISIM.TAX_RULE;CRE/M;;;;;;;;;;;;;;;;;;;;;AMONTS;;;EMU FIXED;2026-07-03T11:57:10;1;EUR;;ENERGIE;;;GROUPEDKA;;;2026-07-28T00:00:00;7788489;;;90;;;;;;;;;01/07/2026;;;;;;;;;;;;;;;;;;;;;;;;;;;;;;DRW0001;;;;;;;;;;;;;;;;;;;;;;;;;;;;;;;;;;
12381346;0688K2607WXY7;STANDARD;2026-07-01T00:00:00;;5416;;;29731;;1012.23;EUR;;;;;;GAZ2607Facture intragroupe CID 0688;;;2026-07-03T11:57:10;1277;1277;2026-07-03T11:57:10;1277;;;;;;;;;;GAZ;FAC02_SRC_FACTURESFOURNISSEURS_020726-060434_ST_FAC02_639185690741033341_001;;;;;;JE.FR.APXIISIM.TAX_RULE;CRE/M;;;;;;;;;;;;;;;;;;;;;AMONTS;;;EMU FIXED;2026-07-03T11:57:10;1;EUR;;ENERGIE;;;GROUPEDKA;;;2026-07-28T00:00:00;7788549;;;91;;;;;;;;;01/07/2026;;;;;;;;;;;;;;;;;;;;;;;;;;;;;;DSW0001;;;;;;;;;;;;;;;;;;;;;;;;;;;;;;;;;;
12381347;0688K2607WXR3;STANDARD;2026-07-01T00:00:00;;5416;;;29731;;103.60;EUR;;;;;;GAZ2607Facture intragroupe CID 0688;;;2026-07-03T11:57:10;1277;1277;2026-07-03T11:57:10;1277;;;;;;;;;;GAZ;FAC02_SRC_FACTURESFOURNISSEURS_020726-060434_ST_FAC02_639185690741033341_001;;;;;;JE.FR.APXIISIM.TAX_RULE;CRE/M;;;;;;;;;;;;;;;;;;;;;AMONTS;;;EMU FIXED;2026-07-03T11:57:10;1;EUR;;ENERGIE;;;GROUPEDKA;;;2026-07-28T00:00:00;7788549;;;91;;;;;;;;;01/07/2026;;;;;;;;;;;;;;;;;;;;;;;;;;;;;;DSW0001;;;;;;;;;;;;;;;;;;;;;;;;;;;;;;;;;;
12381348;0688K2607WXU1;STANDARD;2026-07-01T00:00:00;;5416;;;29731;;528.24;EUR;;;;;;GAZ2607Facture intragroupe CID 0688;;;2026-07-03T11:57:10;1277;1277;2026-07-03T11:57:10;1277;;;;;;;;;;GAZ;FAC02_SRC_FACTURESFOURNISSEURS_020726-060434_ST_FAC02_639185690741033341_001;;;;;;JE.FR.APXIISIM.TAX_RULE;CRE/M;;;;;;;;;;;;;;;;;;;;;AMONTS;;;EMU FIXED;2026-07-03T11:57:10;1;EUR;;ENERGIE;;;GROUPEDKA;;;2026-07-28T00:00:00;7788549;;;91;;;;;;;;;01/07/2026;;;;;;;;;;;;;;;;;;;;;;;;;;;;;;DSW0001;;;;;;;;;;;;;;;;;;;;;;;;;;;;;;;;;;
12381349;0688K2607WXK9;STANDARD;2026-07-01T00:00:00;;5416;;;18431;;18.69;EUR;;;;;;GAZ2607Facture intragroupe CID 0688;;;2026-07-03T11:57:10;1277;1277;2026-07-03T11:57:10;1277;;;;;;;;;;GAZ;FAC02_SRC_FACTURESFOURNISSEURS_020726-060434_ST_FAC02_639185690741033341_001;;;;;;JE.FR.APXIISIM.TAX_RULE;CRE/M;;;;;;;;;;;;;;;;;;;;;AMONTS;;;EMU FIXED;2026-07-03T11:57:10;1;EUR;;ENERGIE;;;GROUPEDKA;;;2026-07-28T00:00:00;7788225;;;85;;;;;;;;;01/07/2026;;;;;;;;;;;;;;;;;;;;;;;;;;;;;;DCW0001;;;;;;;;;;;;;;;;;;;;;;;;;;;;;;;;;;
12381350;0551R26071437;STANDARD;2026-07-01T00:00:00;;2497;;;44672;;2895.64;EUR;;;;;;ING2607Facture intragroupe CID 0551;;;2026-07-03T11:57:10;1277;1277;2026-07-03T11:57:10;1277;;;;;;;;;;ING;FAC02_SRC_FACTURESFOURNISSEURS_020726-060434_ST_FAC02_639185690741033341_001;;;;;;JE.FR.APXIISIM.TAX_RULE;CRE/M;;;;;;;;;;;;;;;;;;;;;AMONTS;;;EMU FIXED;2026-07-03T11:57:10;1;EUR;;ENERGIE;;;GROUPEDKA;;;2026-07-28T00:00:00;7787526;;;90;;;;;;;;;01/07/2026;;;;;;;;;;;;;;;;;;;;;;;;;;;;;;DRW0001;;;;;;;;;;;;;;;;;;;;;;;;;;;;;;;;;;
12381351;0551R26071435;STANDARD;2026-07-01T00:00:00;;2497;;;44672;;2317.50;EUR;;;;;;ING2607Facture intragroupe CID 0551;;;2026-07-03T11:57:10;1277;1277;2026-07-03T11:57:10;1277;;;;;;;;;;ING;FAC02_SRC_FACTURESFOURNISSEURS_020726-060434_ST_FAC02_639185690741033341_001;;;;;;JE.FR.APXIISIM.TAX_RULE;CRE/M;;;;;;;;;;;;;;;;;;;;;AMONTS;;;EMU FIXED;2026-07-03T11:57:10;1;EUR;;ENERGIE;;;GROUPEDKA;;;2026-07-28T00:00:00;7787526;;;90;;;;;;;;;01/07/2026;;;;;;;;;;;;;;;;;;;;;;;;;;;;;;DRW0001;;;;;;;;;;;;;;;;;;;;;;;;;;;;;;;;;;
12381352;0551R26071458;STANDARD;2026-07-01T00:00:00;;2497;;;44672;;1960.20;EUR;;;;;;ING2607Facture intragroupe CID 0551;;;2026-07-03T11:57:10;1277;1277;2026-07-03T11:57:10;1277;;;;;;;;;;ING;FAC02_SRC_FACTURESFOURNISSEURS_020726-060434_ST_FAC02_639185690741033341_001;;;;;;JE.FR.APXIISIM.TAX_RULE;CRE/M;;;;;;;;;;;;;;;;;;;;;AMONTS;;;EMU FIXED;2026-07-03T11:57:10;1;EUR;;ENERGIE;;;GROUPEDKA;;;2026-07-28T00:00:00;7787526;;;90;;;;;;;;;01/07/2026;;;;;;;;;;;;;;;;;;;;;;;;;;;;;;DRW0001;;;;;;;;;;;;;;;;;;;;;;;;;;;;;;;;;;
12381353;0551R26071425;STANDARD;2026-07-01T00:00:00;;2497;;;44672;;648.90;EUR;;;;;;ING2607Facture intragroupe CID 0551;;;2026-07-03T11:57:10;1277;1277;2026-07-03T11:57:10;1277;;;;;;;;;;ING;FAC02_SRC_FACTURESFOURNISSEURS_020726-060434_ST_FAC02_639185690741033341_001;;;;;;JE.FR.APXIISIM.TAX_RULE;CRE/M;;;;;;;;;;;;;;;;;;;;;AMONTS;;;EMU FIXED;2026-07-03T11:57:10;1;EUR;;ENERGIE;;;GROUPEDKA;;;2026-07-28T00:00:00;7787526;;;90;;;;;;;;;01/07/2026;;;;;;;;;;;;;;;;;;;;;;;;;;;;;;DRW0001;;;;;;;;;;;;;;;;;;;;;;;;;;;;;;;;;;
12381354;0551R26071426;STANDARD;2026-07-01T00:00:00;;2497;;;44672;;139.06;EUR;;;;;;ING2607Facture intragroupe CID 0551;;;2026-07-03T11:57:10;1277;1277;2026-07-03T11:57:10;1277;;;;;;;;;;ING;FAC02_SRC_FACTURESFOURNISSEURS_020726-060434_ST_FAC02_639185690741033341_001;;;;;;JE.FR.APXIISIM.TAX_RULE;CRE/M;;;;;;;;;;;;;;;;;;;;;AMONTS;;;EMU FIXED;2026-07-03T11:57:10;1;EUR;;ENERGIE;;;GROUPEDKA;;;2026-07-28T00:00:00;7787526;;;90;;;;;;;;;01/07/2026;;;;;;;;;;;;;;;;;;;;;;;;;;;;;;DRW0001;;;;;;;;;;;;;;;;;;;;;;;;;;;;;;;;;;
12381355;0511N26070388;STANDARD;2026-07-01T00:00:00;;3466;;;5962;;5587.70;EUR;;;;;;ING2607Facture intragroupe CID 0511;;;2026-07-03T11:57:10;1277;1277;2026-07-03T11:57:10;1277;;;;;;;;;;ING;FAC02_SRC_FACTURESFOURNISSEURS_020726-060434_ST_FAC02_639185690741033341_001;;;;;;JE.FR.APXIISIM.TAX_RULE;CRE/M;;;;;;;;;;;;;;;;;;;;;AMONTS;;;EMU FIXED;2026-07-03T11:57:10;1;EUR;;ENERGIE;;;GROUPEDKA;;;2026-07-28T00:00:00;7788093;;;89;;;;;;;;;01/07/2026;;;;;;;;;;;;;;;;;;;;;;;;;;;;;;DNA0001;;;;;;;;;;;;;;;;;;;;;;;;;;;;;;;;;;
12381356;0501M26070008;STANDARD;2026-07-01T00:00:00;;3363073;;;4258421;;258850.50;EUR;;;;;;ING2607Facture intragroupe CID 0501;;;2026-07-03T11:57:10;1277;1277;2026-07-03T11:57:10;1277;;;;;;;;;;ING;FAC02_SRC_FACTURESFOURNISSEURS_020726-060434_ST_FAC02_639185690741033341_001;;;;;;JE.FR.APXIISIM.TAX_RULE;CRE/M;;;;;;;;;;;;;;;;;;;;;AMONTS;;;EMU FIXED;2026-07-03T11:57:10;1;EUR;;ENERGIE;;;GROUPEDKA;;;2026-07-28T00:00:00;16577315;;;88;;;;;;;;;01/07/2026;;;;;;;;;;;;;;;;;;;;;;;;;;;;;;DMS0001;;;;;;;;;;;;;;;;;;;;;;;;;;;;;;;;;;
12381357;0551R26071384;STANDARD;2026-07-01T00:00:00;;2497;;;44672;;22153.20;EUR;;;;;;ING2607Facture intragroupe CID 0551;;;2026-07-03T11:57:10;1277;1277;2026-07-03T11:57:10;1277;;;;;;;;;;ING;FAC02_SRC_FACTURESFOURNISSEURS_020726-060434_ST_FAC02_639185690741033341_001;;;;;;JE.FR.APXIISIM.TAX_RULE;CRE/M;;;;;;;;;;;;;;;;;;;;;AMONTS;;;EMU FIXED;2026-07-03T11:57:10;1;EUR;;ENERGIE;;;GROUPEDKA;;;2026-07-28T00:00:00;7787526;;;90;;;;;;;;;01/07/2026;;;;;;;;;;;;;;;;;;;;;;;;;;;;;;DRW0001;;;;;;;;;;;;;;;;;;;;;;;;;;;;;;;;;;
12381358;0551R26071461;STANDARD;2026-07-01T00:00:00;;2497;;;44672;;1286.23;EUR;;;;;;ING2607Facture intragroupe CID 0551;;;2026-07-03T11:57:10;1277;1277;2026-07-03T11:57:10;1277;;;;;;;;;;ING;FAC02_SRC_FACTURESFOURNISSEURS_020726-060434_ST_FAC02_639185690741033341_001;;;;;;JE.FR.APXIISIM.TAX_RULE;CRE/M;;;;;;;;;;;;;;;;;;;;;AMONTS;;;EMU FIXED;2026-07-03T11:57:10;1;EUR;;ENERGIE;;;GROUPEDKA;;;2026-07-28T00:00:00;7787526;;;90;;;;;;;;;01/07/2026;;;;;;;;;;;;;;;;;;;;;;;;;;;;;;DRW0001;;;;;;;;;;;;;;;;;;;;;;;;;;;;;;;;;;
12381359;0688K2607WXV9;STANDARD;2026-07-01T00:00:00;;5416;;;29731;;851.90;EUR;;;;;;GAZ2607Facture intragroupe CID 0688;;;2026-07-03T11:57:10;1277;1277;2026-07-03T11:57:10;1277;;;;;;;;;;GAZ;FAC02_SRC_FACTURESFOURNISSEURS_020726-060434_ST_FAC02_639185690741033341_001;;;;;;JE.FR.APXIISIM.TAX_RULE;CRE/M;;;;;;;;;;;;;;;;;;;;;AMONTS;;;EMU FIXED;2026-07-03T11:57:10;1;EUR;;ENERGIE;;;GROUPEDKA;;;2026-07-28T00:00:00;7788549;;;91;;;;;;;;;01/07/2026;;;;;;;;;;;;;;;;;;;;;;;;;;;;;;DSW0001;;;;;;;;;;;;;;;;;;;;;;;;;;;;;;;;;;
12381360;0551R26071529;STANDARD;2026-07-01T00:00:00;;2497;;;44672;;1120.20;EUR;;;;;;ING2607Facture intragroupe CID 0551;;;2026-07-03T11:57:10;1277;1277;2026-07-03T11:57:10;1277;;;;;;;;;;ING;FAC02_SRC_FACTURESFOURNISSEURS_020726-060434_ST_FAC02_639185690741033341_001;;;;;;JE.FR.APXIISIM.TAX_RULE;CRE/M;;;;;;;;;;;;;;;;;;;;;AMONTS;;;EMU FIXED;2026-07-03T11:57:10;1;EUR;;ENERGIE;;;GROUPEDKA;;;2026-07-28T00:00:00;7787526;;;90;;;;;;;;;01/07/2026;;;;;;;;;;;;;;;;;;;;;;;;;;;;;;DRW0001;;;;;;;;;;;;;;;;;;;;;;;;;;;;;;;;;;
12381361;0688K2607WXP6;STANDARD;2026-07-01T00:00:00;;5416;;;23958;;15.95;EUR;;;;;;GAZ2607Facture intragroupe CID 0688;;;2026-07-03T11:57:10;1277;1277;2026-07-03T11:57:10;1277;;;;;;;;;;GAZ;FAC02_SRC_FACTURESFOURNISSEURS_020726-060434_ST_FAC02_639185690741033341_001;;;;;;JE.FR.APXIISIM.TAX_RULE;CRE/M;;;;;;;;;;;;;;;;;;;;;AMONTS;;;EMU FIXED;2026-07-03T11:57:10;1;EUR;;ENERGIE;;;GROUPEDKA;;;2026-07-28T00:00:00;7788489;;;90;;;;;;;;;01/07/2026;;;;;;;;;;;;;;;;;;;;;;;;;;;;;;DRW0001;;;;;;;;;;;;;;;;;;;;;;;;;;;;;;;;;;
12381362;0688K2607WXX6;STANDARD;2026-07-01T00:00:00;;5416;;;29731;;532.03;EUR;;;;;;GAZ2607Facture intragroupe CID 0688;;;2026-07-03T11:57:10;1277;1277;2026-07-03T11:57:10;1277;;;;;;;;;;GAZ;FAC02_SRC_FACTURESFOURNISSEURS_020726-060434_ST_FAC02_639185690741033341_001;;;;;;JE.FR.APXIISIM.TAX_RULE;CRE/M;;;;;;;;;;;;;;;;;;;;;AMONTS;;;EMU FIXED;2026-07-03T11:57:10;1;EUR;;ENERGIE;;;GROUPEDKA;;;2026-07-28T00:00:00;7788549;;;91;;;;;;;;;01/07/2026;;;;;;;;;;;;;;;;;;;;;;;;;;;;;;DSW0001;;;;;;;;;;;;;;;;;;;;;;;;;;;;;;;;;;
12381363;0688K2607WXT6;STANDARD;2026-07-01T00:00:00;;5416;;;29731;;1636.21;EUR;;;;;;GAZ2607Facture intragroupe CID 0688;;;2026-07-03T11:57:10;1277;1277;2026-07-03T11:57:10;1277;;;;;;;;;;GAZ;FAC02_SRC_FACTURESFOURNISSEURS_020726-060434_ST_FAC02_639185690741033341_001;;;;;;JE.FR.APXIISIM.TAX_RULE;CRE/M;;;;;;;;;;;;;;;;;;;;;AMONTS;;;EMU FIXED;2026-07-03T11:57:10;1;EUR;;ENERGIE;;;GROUPEDKA;;;2026-07-28T00:00:00;7788549;;;91;;;;;;;;;01/07/2026;;;;;;;;;;;;;;;;;;;;;;;;;;;;;;DSW0001;;;;;;;;;;;;;;;;;;;;;;;;;;;;;;;;;;
12381364;0688K2607WXX8;STANDARD;2026-07-01T00:00:00;;5416;;;29731;;912.91;EUR;;;;;;GAZ2607Facture intragroupe CID 0688;;;2026-07-03T11:57:10;1277;1277;2026-07-03T11:57:10;1277;;;;;;;;;;GAZ;FAC02_SRC_FACTURESFOURNISSEURS_020726-060434_ST_FAC02_639185690741033341_001;;;;;;JE.FR.APXIISIM.TAX_RULE;CRE/M;;;;;;;;;;;;;;;;;;;;;AMONTS;;;EMU FIXED;2026-07-03T11:57:10;1;EUR;;ENERGIE;;;GROUPEDKA;;;2026-07-28T00:00:00;7788549;;;91;;;;;;;;;01/07/2026;;;;;;;;;;;;;;;;;;;;;;;;;;;;;;DSW0001;;;;;;;;;;;;;;;;;;;;;;;;;;;;;;;;;;
12381365;0688K2607WXR0;STANDARD;2026-07-01T00:00:00;;5416;;;29731;;891.90;EUR;;;;;;GAZ2607Facture intragroupe CID 0688;;;2026-07-03T11:57:10;1277;1277;2026-07-03T11:57:10;1277;;;;;;;;;;GAZ;FAC02_SRC_FACTURESFOURNISSEURS_020726-060434_ST_FAC02_639185690741033341_001;;;;;;JE.FR.APXIISIM.TAX_RULE;CRE/M;;;;;;;;;;;;;;;;;;;;;AMONTS;;;EMU FIXED;2026-07-03T11:57:10;1;EUR;;ENERGIE;;;GROUPEDKA;;;2026-07-28T00:00:00;7788549;;;91;;;;;;;;;01/07/2026;;;;;;;;;;;;;;;;;;;;;;;;;;;;;;DSW0001;;;;;;;;;;;;;;;;;;;;;;;;;;;;;;;;;;
12381366;0688K2607WWW6;STANDARD;2026-07-01T00:00:00;;5416;;;18431;;1026.82;EUR;;;;;;GAZ2607Facture intragroupe CID 0688;;;2026-07-03T11:57:10;1277;1277;2026-07-03T11:57:10;1277;;;;;;;;;;GAZ;FAC02_SRC_FACTURESFOURNISSEURS_020726-060434_ST_FAC02_639185690741033341_001;;;;;;JE.FR.APXIISIM.TAX_RULE;CRE/M;;;;;;;;;;;;;;;;;;;;;AMONTS;;;EMU FIXED;2026-07-03T11:57:10;1;EUR;;ENERGIE;;;GROUPEDKA;;;2026-07-28T00:00:00;7788225;;;85;;;;;;;;;01/07/2026;;;;;;;;;;;;;;;;;;;;;;;;;;;;;;DCW0001;;;;;;;;;;;;;;;;;;;;;;;;;;;;;;;;;;
12381367;0688K2607WWW4;STANDARD;2026-07-01T00:00:00;;5416;;;18431;;917.63;EUR;;;;;;GAZ2607Facture intragroupe CID 0688;;;2026-07-03T11:57:10;1277;1277;2026-07-03T11:57:10;1277;;;;;;;;;;GAZ;FAC02_SRC_FACTURESFOURNISSEURS_020726-060434_ST_FAC02_639185690741033341_001;;;;;;JE.FR.APXIISIM.TAX_RULE;CRE/M;;;;;;;;;;;;;;;;;;;;;AMONTS;;;EMU FIXED;2026-07-03T11:57:10;1;EUR;;ENERGIE;;;GROUPEDKA;;;2026-07-28T00:00:00;7788225;;;85;;;;;;;;;01/07/2026;;;;;;;;;;;;;;;;;;;;;;;;;;;;;;DCW0001;;;;;;;;;;;;;;;;;;;;;;;;;;;;;;;;;;
12381368;0688K2607WXJ3;STANDARD;2026-07-01T00:00:00;;5416;;;23958;;552.16;EUR;;;;;;GAZ2607Facture intragroupe CID 0688;;;2026-07-03T11:57:10;1277;1277;2026-07-03T11:57:10;1277;;;;;;;;;;GAZ;FAC02_SRC_FACTURESFOURNISSEURS_020726-060434_ST_FAC02_639185690741033341_001;;;;;;JE.FR.APXIISIM.TAX_RULE;CRE/M;;;;;;;;;;;;;;;;;;;;;AMONTS;;;EMU FIXED;2026-07-03T11:57:10;1;EUR;;ENERGIE;;;GROUPEDKA;;;2026-07-28T00:00:00;7788489;;;90;;;;;;;;;01/07/2026;;;;;;;;;;;;;;;;;;;;;;;;;;;;;;DRW0001;;;;;;;;;;;;;;;;;;;;;;;;;;;;;;;;;;
12381369;0688K2607WWQ1;STANDARD;2026-07-01T00:00:00;;5416;;;38496;;23.80;EUR;;;;;;GAZ2607Facture intragroupe CID 0688;;;2026-07-03T11:57:10;1277;1277;2026-07-03T11:57:10;1277;;;;;;;;;;GAZ;FAC02_SRC_FACTURESFOURNISSEURS_020726-060434_ST_FAC02_639185690741033341_001;;;;;;JE.FR.APXIISIM.TAX_RULE;CRE/M;;;;;;;;;;;;;;;;;;;;;AMONTS;;;EMU FIXED;2026-07-03T11:57:10;1;EUR;;ENERGIE;;;GROUPEDKA;;;2026-07-28T00:00:00;7788270;;;86;;;;;;;;;01/07/2026;;;;;;;;;;;;;;;;;;;;;;;;;;;;;;DEW0001;;;;;;;;;;;;;;;;;;;;;;;;;;;;;;;;;;
12381370;0688K2607WWQ3;STANDARD;2026-07-01T00:00:00;;5416;;;38496;;1028.87;EUR;;;;;;GAZ2607Facture intragroupe CID 0688;;;2026-07-03T11:57:10;1277;1277;2026-07-03T11:57:10;1277;;;;;;;;;;GAZ;FAC02_SRC_FACTURESFOURNISSEURS_020726-060434_ST_FAC02_639185690741033341_001;;;;;;JE.FR.APXIISIM.TAX_RULE;CRE/M;;;;;;;;;;;;;;;;;;;;;AMONTS;;;EMU FIXED;2026-07-03T11:57:10;1;EUR;;ENERGIE;;;GROUPEDKA;;;2026-07-28T00:00:00;7788270;;;86;;;;;;;;;01/07/2026;;;;;;;;;;;;;;;;;;;;;;;;;;;;;;DEW0001;;;;;;;;;;;;;;;;;;;;;;;;;;;;;;;;;;
12381371;0688K2607WXG6;STANDARD;2026-07-01T00:00:00;;5416;;;10557;;48.83;EUR;;;;;;GAZ2607Facture intragroupe CID 0688;;;2026-07-03T11:57:10;1277;1277;2026-07-03T11:57:10;1277;;;;;;;;;;GAZ;FAC02_SRC_FACTURESFOURNISSEURS_020726-060434_ST_FAC02_639185690741033341_001;;;;;;JE.FR.APXIISIM.TAX_RULE;CRE/M;;;;;;;;;;;;;;;;;;;;;AMONTS;;;EMU FIXED;2026-07-03T11:57:10;1;EUR;;ENERGIE;;;GROUPEDKA;;;2026-07-28T00:00:00;7788357;;;88;;;;;;;;;01/07/2026;;;;;;;;;;;;;;;;;;;;;;;;;;;;;;DMS0001;;;;;;;;;;;;;;;;;;;;;;;;;;;;;;;;;;
12381372;0688K2607WXD0;STANDARD;2026-07-01T00:00:00;;5416;;;10557;;2528.00;EUR;;;;;;GAZ2607Facture intragroupe CID 0688;;;2026-07-03T11:57:10;1277;1277;2026-07-03T11:57:10;1277;;;;;;;;;;GAZ;FAC02_SRC_FACTURESFOURNISSEURS_020726-060434_ST_FAC02_639185690741033341_001;;;;;;JE.FR.APXIISIM.TAX_RULE;CRE/M;;;;;;;;;;;;;;;;;;;;;AMONTS;;;EMU FIXED;2026-07-03T11:57:10;1;EUR;;ENERGIE;;;GROUPEDKA;;;2026-07-28T00:00:00;7788357;;;88;;;;;;;;;01/07/2026;;;;;;;;;;;;;;;;;;;;;;;;;;;;;;DMS0001;;;;;;;;;;;;;;;;;;;;;;;;;;;;;;;;;;
12381373;0688K2607WXV4;STANDARD;2026-07-01T00:00:00;;5416;;;29731;;1489.31;EUR;;;;;;GAZ2607Facture intragroupe CID 0688;;;2026-07-03T11:57:10;1277;1277;2026-07-03T11:57:10;1277;;;;;;;;;;GAZ;FAC02_SRC_FACTURESFOURNISSEURS_020726-060434_ST_FAC02_639185690741033341_001;;;;;;JE.FR.APXIISIM.TAX_RULE;CRE/M;;;;;;;;;;;;;;;;;;;;;AMONTS;;;EMU FIXED;2026-07-03T11:57:10;1;EUR;;ENERGIE;;;GROUPEDKA;;;2026-07-28T00:00:00;7788549;;;91;;;;;;;;;01/07/2026;;;;;;;;;;;;;;;;;;;;;;;;;;;;;;DSW0001;;;;;;;;;;;;;;;;;;;;;;;;;;;;;;;;;;
12381374;0688K2607WXZ1;STANDARD;2026-07-01T00:00:00;;5416;;;29731;;120.49;EUR;;;;;;GAZ2607Facture intragroupe CID 0688;;;2026-07-03T11:57:10;1277;1277;2026-07-03T11:57:10;1277;;;;;;;;;;GAZ;FAC02_SRC_FACTURESFOURNISSEURS_020726-060434_ST_FAC02_639185690741033341_001;;;;;;JE.FR.APXIISIM.TAX_RULE;CRE/M;;;;;;;;;;;;;;;;;;;;;AMONTS;;;EMU FIXED;2026-07-03T11:57:10;1;EUR;;ENERGIE;;;GROUPEDKA;;;2026-07-28T00:00:00;7788549;;;91;;;;;;;;;01/07/2026;;;;;;;;;;;;;;;;;;;;;;;;;;;;;;DSW0001;;;;;;;;;;;;;;;;;;;;;;;;;;;;;;;;;;
12381375;0688K2607WWN8;STANDARD;2026-07-01T00:00:00;;5416;;;38492;;2145.38;EUR;;;;;;GAZ2607Facture intragroupe CID 0688;;;2026-07-03T11:57:10;1277;1277;2026-07-03T11:57:10;1277;;;;;;;;;;GAZ;FAC02_SRC_FACTURESFOURNISSEURS_020726-060434_ST_FAC02_639185690741033341_001;;;;;;JE.FR.APXIISIM.TAX_RULE;CRE/M;;;;;;;;;;;;;;;;;;;;;AMONTS;;;EMU FIXED;2026-07-03T11:57:10;1;EUR;;ENERGIE;;;GROUPEDKA;;;2026-07-28T00:00:00;7788300;;;407;;;;;;;;;01/07/2026;;;;;;;;;;;;;;;;;;;;;;;;;;;;;;DEW0800;;;;;;;;;;;;;;;;;;;;;;;;;;;;;;;;;;
12381376;0688K2607WXV7;STANDARD;2026-07-01T00:00:00;;5416;;;29731;;607.42;EUR;;;;;;GAZ2607Facture intragroupe CID 0688;;;2026-07-03T11:57:10;1277;1277;2026-07-03T11:57:10;1277;;;;;;;;;;GAZ;FAC02_SRC_FACTURESFOURNISSEURS_020726-060434_ST_FAC02_639185690741033341_001;;;;;;JE.FR.APXIISIM.TAX_RULE;CRE/M;;;;;;;;;;;;;;;;;;;;;AMONTS;;;EMU FIXED;2026-07-03T11:57:10;1;EUR;;ENERGIE;;;GROUPEDKA;;;2026-07-28T00:00:00;7788549;;;91;;;;;;;;;01/07/2026;;;;;;;;;;;;;;;;;;;;;;;;;;;;;;DSW0001;;;;;;;;;;;;;;;;;;;;;;;;;;;;;;;;;;
12381377;0688K2607WXZ5;STANDARD;2026-07-01T00:00:00;;5416;;;29731;;6436.66;EUR;;;;;;GAZ2607Facture intragroupe CID 0688;;;2026-07-03T11:57:10;1277;1277;2026-07-03T11:57:10;1277;;;;;;;;;;GAZ;FAC02_SRC_FACTURESFOURNISSEURS_020726-060434_ST_FAC02_639185690741033341_001;;;;;;JE.FR.APXIISIM.TAX_RULE;CRE/M;;;;;;;;;;;;;;;;;;;;;AMONTS;;;EMU FIXED;2026-07-03T11:57:10;1;EUR;;ENERGIE;;;GROUPEDKA;;;2026-07-28T00:00:00;7788549;;;91;;;;;;;;;01/07/2026;;;;;;;;;;;;;;;;;;;;;;;;;;;;;;DSW0001;;;;;;;;;;;;;;;;;;;;;;;;;;;;;;;;;;
12381378;0688K2607WXP8;STANDARD;2026-07-01T00:00:00;;5416;;;29731;;1580.34;EUR;;;;;;GAZ2607Facture intragroupe CID 0688;;;2026-07-03T11:57:10;1277;1277;2026-07-03T11:57:10;1277;;;;;;;;;;GAZ;FAC02_SRC_FACTURESFOURNISSEURS_020726-060434_ST_FAC02_639185690741033341_001;;;;;;JE.FR.APXIISIM.TAX_RULE;CRE/M;;;;;;;;;;;;;;;;;;;;;AMONTS;;;EMU FIXED;2026-07-03T11:57:10;1;EUR;;ENERGIE;;;GROUPEDKA;;;2026-07-28T00:00:00;7788549;;;91;;;;;;;;;01/07/2026;;;;;;;;;;;;;;;;;;;;;;;;;;;;;;DSW0001;;;;;;;;;;;;;;;;;;;;;;;;;;;;;;;;;;
12381379;0688K2607WWR8;STANDARD;2026-07-01T00:00:00;;5416;;;39959;;113.64;EUR;;;;;;GAZ2607Facture intragroupe CID 0688;;;2026-07-03T11:57:10;1277;1277;2026-07-03T11:57:10;1277;;;;;;;;;;GAZ;FAC02_SRC_FACTURESFOURNISSEURS_020726-060434_ST_FAC02_639185690741033341_001;;;;;;JE.FR.APXIISIM.TAX_RULE;CRE/M;;;;;;;;;;;;;;;;;;;;;AMONTS;;;EMU FIXED;2026-07-03T11:57:10;1;EUR;;ENERGIE;;;GROUPEDKA;;;2026-07-28T00:00:00;7788414;;;89;;;;;;;;;01/07/2026;;;;;;;;;;;;;;;;;;;;;;;;;;;;;;DNA0001;;;;;;;;;;;;;;;;;;;;;;;;;;;;;;;;;;
12381380;0688K2607WWR4;STANDARD;2026-07-01T00:00:00;;5416;;;39959;;145.66;EUR;;;;;;GAZ2607Facture intragroupe CID 0688;;;2026-07-03T11:57:10;1277;1277;2026-07-03T11:57:10;1277;;;;;;;;;;GAZ;FAC02_SRC_FACTURESFOURNISSEURS_020726-060434_ST_FAC02_639185690741033341_001;;;;;;JE.FR.APXIISIM.TAX_RULE;CRE/M;;;;;;;;;;;;;;;;;;;;;AMONTS;;;EMU FIXED;2026-07-03T11:57:10;1;EUR;;ENERGIE;;;GROUPEDKA;;;2026-07-28T00:00:00;7788414;;;89;;;;;;;;;01/07/2026;;;;;;;;;;;;;;;;;;;;;;;;;;;;;;DNA0001;;;;;;;;;;;;;;;;;;;;;;;;;;;;;;;;;;
12381381;0688K2607WXF9;STANDARD;2026-07-01T00:00:00;;5416;;;10557;;1407.19;EUR;;;;;;GAZ2607Facture intragroupe CID 0688;;;2026-07-03T11:57:10;1277;1277;2026-07-03T11:57:10;1277;;;;;;;;;;GAZ;FAC02_SRC_FACTURESFOURNISSEURS_020726-060434_ST_FAC02_639185690741033341_001;;;;;;JE.FR.APXIISIM.TAX_RULE;CRE/M;;;;;;;;;;;;;;;;;;;;;AMONTS;;;EMU FIXED;2026-07-03T11:57:10;1;EUR;;ENERGIE;;;GROUPEDKA;;;2026-07-28T00:00:00;7788357;;;88;;;;;;;;;01/07/2026;;;;;;;;;;;;;;;;;;;;;;;;;;;;;;DMS0001;;;;;;;;;;;;;;;;;;;;;;;;;;;;;;;;;;
12381382;0688K2607WXJ4;STANDARD;2026-07-01T00:00:00;;5416;;;39959;;120.98;EUR;;;;;;GAZ2607Facture intragroupe CID 0688;;;2026-07-03T11:57:10;1277;1277;2026-07-03T11:57:10;1277;;;;;;;;;;GAZ;FAC02_SRC_FACTURESFOURNISSEURS_020726-060434_ST_FAC02_639185690741033341_001;;;;;;JE.FR.APXIISIM.TAX_RULE;CRE/M;;;;;;;;;;;;;;;;;;;;;AMONTS;;;EMU FIXED;2026-07-03T11:57:10;1;EUR;;ENERGIE;;;GROUPEDKA;;;2026-07-28T00:00:00;7788414;;;89;;;;;;;;;01/07/2026;;;;;;;;;;;;;;;;;;;;;;;;;;;;;;DNA0001;;;;;;;;;;;;;;;;;;;;;;;;;;;;;;;;;;
12381383;0688K2607WWT8;STANDARD;2026-07-01T00:00:00;;5416;;;38496;;347.82;EUR;;;;;;GAZ2607Facture intragroupe CID 0688;;;2026-07-03T11:57:10;1277;1277;2026-07-03T11:57:10;1277;;;;;;;;;;GAZ;FAC02_SRC_FACTURESFOURNISSEURS_020726-060434_ST_FAC02_639185690741033341_001;;;;;;JE.FR.APXIISIM.TAX_RULE;CRE/M;;;;;;;;;;;;;;;;;;;;;AMONTS;;;EMU FIXED;2026-07-03T11:57:10;1;EUR;;ENERGIE;;;GROUPEDKA;;;2026-07-28T00:00:00;7788270;;;86;;;;;;;;;01/07/2026;;;;;;;;;;;;;;;;;;;;;;;;;;;;;;DEW0001;;;;;;;;;;;;;;;;;;;;;;;;;;;;;;;;;;
12381384;0688K2607WXX7;STANDARD;2026-07-01T00:00:00;;5416;;;29731;;1336.40;EUR;;;;;;GAZ2607Facture intragroupe CID 0688;;;2026-07-03T11:57:10;1277;1277;2026-07-03T11:57:10;1277;;;;;;;;;;GAZ;FAC02_SRC_FACTURESFOURNISSEURS_020726-060434_ST_FAC02_639185690741033341_001;;;;;;JE.FR.APXIISIM.TAX_RULE;CRE/M;;;;;;;;;;;;;;;;;;;;;AMONTS;;;EMU FIXED;2026-07-03T11:57:10;1;EUR;;ENERGIE;;;GROUPEDKA;;;2026-07-28T00:00:00;7788549;;;91;;;;;;;;;01/07/2026;;;;;;;;;;;;;;;;;;;;;;;;;;;;;;DSW0001;;;;;;;;;;;;;;;;;;;;;;;;;;;;;;;;;;
12381385;0688K2607WXR1;STANDARD;2026-07-01T00:00:00;;5416;;;29731;;47.47;EUR;;;;;;GAZ2607Facture intragroupe CID 0688;;;2026-07-03T11:57:10;1277;1277;2026-07-03T11:57:10;1277;;;;;;;;;;GAZ;FAC02_SRC_FACTURESFOURNISSEURS_020726-060434_ST_FAC02_639185690741033341_001;;;;;;JE.FR.APXIISIM.TAX_RULE;CRE/M;;;;;;;;;;;;;;;;;;;;;AMONTS;;;EMU FIXED;2026-07-03T11:57:10;1;EUR;;ENERGIE;;;GROUPEDKA;;;2026-07-28T00:00:00;7788549;;;91;;;;;;;;;01/07/2026;;;;;;;;;;;;;;;;;;;;;;;;;;;;;;DSW0001;;;;;;;;;;;;;;;;;;;;;;;;;;;;;;;;;;
12381386;0688K2607WWY2;STANDARD;2026-07-01T00:00:00;;5416;;;18431;;23.21;EUR;;;;;;GAZ2607Facture intragroupe CID 0688;;;2026-07-03T11:57:10;1277;1277;2026-07-03T11:57:10;1277;;;;;;;;;;GAZ;FAC02_SRC_FACTURESFOURNISSEURS_020726-060434_ST_FAC02_639185690741033341_001;;;;;;JE.FR.APXIISIM.TAX_RULE;CRE/M;;;;;;;;;;;;;;;;;;;;;AMONTS;;;EMU FIXED;2026-07-03T11:57:10;1;EUR;;ENERGIE;;;GROUPEDKA;;;2026-07-28T00:00:00;7788225;;;85;;;;;;;;;01/07/2026;;;;;;;;;;;;;;;;;;;;;;;;;;;;;;DCW0001;;;;;;;;;;;;;;;;;;;;;;;;;;;;;;;;;;
12381387;0688K2607WWY1;STANDARD;2026-07-01T00:00:00;;5416;;;18431;;6.86;EUR;;;;;;GAZ2607Facture intragroupe CID 0688;;;2026-07-03T11:57:10;1277;1277;2026-07-03T11:57:10;1277;;;;;;;;;;GAZ;FAC02_SRC_FACTURESFOURNISSEURS_020726-060434_ST_FAC02_639185690741033341_001;;;;;;JE.FR.APXIISIM.TAX_RULE;CRE/M;;;;;;;;;;;;;;;;;;;;;AMONTS;;;EMU FIXED;2026-07-03T11:57:10;1;EUR;;ENERGIE;;;GROUPEDKA;;;2026-07-28T00:00:00;7788225;;;85;;;;;;;;;01/07/2026;;;;;;;;;;;;;;;;;;;;;;;;;;;;;;DCW0001;;;;;;;;;;;;;;;;;;;;;;;;;;;;;;;;;;
12381388;0688K2607WXC0;STANDARD;2026-07-01T00:00:00;;5416;;;10557;;204.30;EUR;;;;;;GAZ2607Facture intragroupe CID 0688;;;2026-07-03T11:57:10;1277;1277;2026-07-03T11:57:10;1277;;;;;;;;;;GAZ;FAC02_SRC_FACTURESFOURNISSEURS_020726-060434_ST_FAC02_639185690741033341_001;;;;;;JE.FR.APXIISIM.TAX_RULE;CRE/M;;;;;;;;;;;;;;;;;;;;;AMONTS;;;EMU FIXED;2026-07-03T11:57:10;1;EUR;;ENERGIE;;;GROUPEDKA;;;2026-07-28T00:00:00;7788357;;;88;;;;;;;;;01/07/2026;;;;;;;;;;;;;;;;;;;;;;;;;;;;;;DMS0001;;;;;;;;;;;;;;;;;;;;;;;;;;;;;;;;;;
12381389;0688K2607WXC1;STANDARD;2026-07-01T00:00:00;;5416;;;10557;;228.93;EUR;;;;;;GAZ2607Facture intragroupe CID 0688;;;2026-07-03T11:57:10;1277;1277;2026-07-03T11:57:10;1277;;;;;;;;;;GAZ;FAC02_SRC_FACTURESFOURNISSEURS_020726-060434_ST_FAC02_639185690741033341_001;;;;;;JE.FR.APXIISIM.TAX_RULE;CRE/M;;;;;;;;;;;;;;;;;;;;;AMONTS;;;EMU FIXED;2026-07-03T11:57:10;1;EUR;;ENERGIE;;;GROUPEDKA;;;2026-07-28T00:00:00;7788357;;;88;;;;;;;;;01/07/2026;;;;;;;;;;;;;;;;;;;;;;;;;;;;;;DMS0001;;;;;;;;;;;;;;;;;;;;;;;;;;;;;;;;;;
12381390;0688K2607WXT8;STANDARD;2026-07-01T00:00:00;;5416;;;29731;;705.96;EUR;;;;;;GAZ2607Facture intragroupe CID 0688;;;2026-07-03T11:57:10;1277;1277;2026-07-03T11:57:10;1277;;;;;;;;;;GAZ;FAC02_SRC_FACTURESFOURNISSEURS_020726-060434_ST_FAC02_639185690741033341_001;;;;;;JE.FR.APXIISIM.TAX_RULE;CRE/M;;;;;;;;;;;;;;;;;;;;;AMONTS;;;EMU FIXED;2026-07-03T11:57:10;1;EUR;;ENERGIE;;;GROUPEDKA;;;2026-07-28T00:00:00;7788549;;;91;;;;;;;;;01/07/2026;;;;;;;;;;;;;;;;;;;;;;;;;;;;;;DSW0001;;;;;;;;;;;;;;;;;;;;;;;;;;;;;;;;;;
12381391;0688K2607WXB1;STANDARD;2026-07-01T00:00:00;;5416;;;38496;;259.85;EUR;;;;;;GAZ2607Facture intragroupe CID 0688;;;2026-07-03T11:57:10;1277;1277;2026-07-03T11:57:10;1277;;;;;;;;;;GAZ;FAC02_SRC_FACTURESFOURNISSEURS_020726-060434_ST_FAC02_639185690741033341_001;;;;;;JE.FR.APXIISIM.TAX_RULE;CRE/M;;;;;;;;;;;;;;;;;;;;;AMONTS;;;EMU FIXED;2026-07-03T11:57:10;1;EUR;;ENERGIE;;;GROUPEDKA;;;2026-07-28T00:00:00;7788270;;;86;;;;;;;;;01/07/2026;;;;;;;;;;;;;;;;;;;;;;;;;;;;;;DEW0001;;;;;;;;;;;;;;;;;;;;;;;;;;;;;;;;;;
12381392;0688K2607WXV8;STANDARD;2026-07-01T00:00:00;;5416;;;29731;;74.62;EUR;;;;;;GAZ2607Facture intragroupe CID 0688;;;2026-07-03T11:57:10;1277;1277;2026-07-03T11:57:10;1277;;;;;;;;;;GAZ;FAC02_SRC_FACTURESFOURNISSEURS_020726-060434_ST_FAC02_639185690741033341_001;;;;;;JE.FR.APXIISIM.TAX_RULE;CRE/M;;;;;;;;;;;;;;;;;;;;;AMONTS;;;EMU FIXED;2026-07-03T11:57:10;1;EUR;;ENERGIE;;;GROUPEDKA;;;2026-07-28T00:00:00;7788549;;;91;;;;;;;;;01/07/2026;;;;;;;;;;;;;;;;;;;;;;;;;;;;;;DSW0001;;;;;;;;;;;;;;;;;;;;;;;;;;;;;;;;;;
12381393;0688K2607WXX2;STANDARD;2026-07-01T00:00:00;;5416;;;29732;;28.21;EUR;;;;;;GAZ2607Facture intragroupe CID 0688;;;2026-07-03T11:57:10;1277;1277;2026-07-03T11:57:10;1277;;;;;;;;;;GAZ;FAC02_SRC_FACTURESFOURNISSEURS_020726-060434_ST_FAC02_639185690741033341_001;;;;;;JE.FR.APXIISIM.TAX_RULE;CRE/M;;;;;;;;;;;;;;;;;;;;;AMONTS;;;EMU FIXED;2026-07-03T11:57:10;1;EUR;;ENERGIE;;;GROUPEDKA;;;2026-07-28T00:00:00;7788552;;;342;;;;;;;;;01/07/2026;;;;;;;;;;;;;;;;;;;;;;;;;;;;;;DSW0364;;;;;;;;;;;;;;;;;;;;;;;;;;;;;;;;;;
12381394;0688K2607WWW1;STANDARD;2026-07-01T00:00:00;;5416;;;17273;;54.72;EUR;;;;;;GAZ2607Facture intragroupe CID 0688;;;2026-07-03T11:57:10;1277;1277;2026-07-03T11:57:10;1277;;;;;;;;;;GAZ;FAC02_SRC_FACTURESFOURNISSEURS_020726-060434_ST_FAC02_639185690741033341_001;;;;;;JE.FR.APXIISIM.TAX_RULE;CRE/M;;;;;;;;;;;;;;;;;;;;;AMONTS;;;EMU FIXED;2026-07-03T11:57:10;1;EUR;;ENERGIE;;;GROUPEDKA;;;2026-07-28T00:00:00;7788309;;;87;;;;;;;;;01/07/2026;;;;;;;;;;;;;;;;;;;;;;;;;;;;;;DLS0001;;;;;;;;;;;;;;;;;;;;;;;;;;;;;;;;;;
12381395;0688K2607WXJ6;STANDARD;2026-07-01T00:00:00;;5416;;;39959;;149.49;EUR;;;;;;GAZ2607Facture intragroupe CID 0688;;;2026-07-03T11:57:10;1277;1277;2026-07-03T11:57:10;1277;;;;;;;;;;GAZ;FAC02_SRC_FACTURESFOURNISSEURS_020726-060434_ST_FAC02_639185690741033341_001;;;;;;JE.FR.APXIISIM.TAX_RULE;CRE/M;;;;;;;;;;;;;;;;;;;;;AMONTS;;;EMU FIXED;2026-07-03T11:57:10;1;EUR;;ENERGIE;;;GROUPEDKA;;;2026-07-28T00:00:00;7788414;;;89;;;;;;;;;01/07/2026;;;;;;;;;;;;;;;;;;;;;;;;;;;;;;DNA0001;;;;;;;;;;;;;;;;;;;;;;;;;;;;;;;;;;
12381396;0551R26071467;STANDARD;2026-07-01T00:00:00;;2497;;;44672;;417.16;EUR;;;;;;ING2607Facture intragroupe CID 0551;;;2026-07-03T11:57:10;1277;1277;2026-07-03T11:57:10;1277;;;;;;;;;;ING;FAC02_SRC_FACTURESFOURNISSEURS_020726-060434_ST_FAC02_639185690741033341_001;;;;;;JE.FR.APXIISIM.TAX_RULE;CRE/M;;;;;;;;;;;;;;;;;;;;;AMONTS;;;EMU FIXED;2026-07-03T11:57:10;1;EUR;;ENERGIE;;;GROUPEDKA;;;2026-07-28T00:00:00;7787526;;;90;;;;;;;;;01/07/2026;;;;;;;;;;;;;;;;;;;;;;;;;;;;;;DRW0001;;;;;;;;;;;;;;;;;;;;;;;;;;;;;;;;;;
12381397;0551R26071459;STANDARD;2026-07-01T00:00:00;;2497;;;44672;;810.00;EUR;;;;;;ING2607Facture intragroupe CID 0551;;;2026-07-03T11:57:10;1277;1277;2026-07-03T11:57:10;1277;;;;;;;;;;ING;FAC02_SRC_FACTURESFOURNISSEURS_020726-060434_ST_FAC02_639185690741033341_001;;;;;;JE.FR.APXIISIM.TAX_RULE;CRE/M;;;;;;;;;;;;;;;;;;;;;AMONTS;;;EMU FIXED;2026-07-03T11:57:10;1;EUR;;ENERGIE;;;GROUPEDKA;;;2026-07-28T00:00:00;7787526;;;90;;;;;;;;;01/07/2026;;;;;;;;;;;;;;;;;;;;;;;;;;;;;;DRW0001;;;;;;;;;;;;;;;;;;;;;;;;;;;;;;;;;;
12381398;0551R26071460;STANDARD;2026-07-01T00:00:00;;2497;;;44672;;2317.50;EUR;;;;;;ING2607Facture intragroupe CID 0551;;;2026-07-03T11:57:10;1277;1277;2026-07-03T11:57:10;1277;;;;;;;;;;ING;FAC02_SRC_FACTURESFOURNISSEURS_020726-060434_ST_FAC02_639185690741033341_001;;;;;;JE.FR.APXIISIM.TAX_RULE;CRE/M;;;;;;;;;;;;;;;;;;;;;AMONTS;;;EMU FIXED;2026-07-03T11:57:10;1;EUR;;ENERGIE;;;GROUPEDKA;;;2026-07-28T00:00:00;7787526;;;90;;;;;;;;;01/07/2026;;;;;;;;;;;;;;;;;;;;;;;;;;;;;;DRW0001;;;;;;;;;;;;;;;;;;;;;;;;;;;;;;;;;;
12381399;0551R26071390;STANDARD;2026-07-01T00:00:00;;2497;;;44672;;620.40;EUR;;;;;;ING2607Facture intragroupe CID 0551;;;2026-07-03T11:57:10;1277;1277;2026-07-03T11:57:10;1277;;;;;;;;;;ING;FAC02_SRC_FACTURESFOURNISSEURS_020726-060434_ST_FAC02_639185690741033341_001;;;;;;JE.FR.APXIISIM.TAX_RULE;CRE/M;;;;;;;;;;;;;;;;;;;;;AMONTS;;;EMU FIXED;2026-07-03T11:57:10;1;EUR;;ENERGIE;;;GROUPEDKA;;;2026-07-28T00:00:00;7787526;;;90;;;;;;;;;01/07/2026;;;;;;;;;;;;;;;;;;;;;;;;;;;;;;DRW0001;;;;;;;;;;;;;;;;;;;;;;;;;;;;;;;;;;
12381400;0511N26070389;STANDARD;2026-07-01T00:00:00;;3466;;;5962;;11346.77;EUR;;;;;;ING2607Facture intragroupe CID 0511;;;2026-07-03T11:57:10;1277;1277;2026-07-03T11:57:10;1277;;;;;;;;;;ING;FAC02_SRC_FACTURESFOURNISSEURS_020726-060434_ST_FAC02_639185690741033341_001;;;;;;JE.FR.APXIISIM.TAX_RULE;CRE/M;;;;;;;;;;;;;;;;;;;;;AMONTS;;;EMU FIXED;2026-07-03T11:57:10;1;EUR;;ENERGIE;;;GROUPEDKA;;;2026-07-28T00:00:00;7788093;;;89;;;;;;;;;01/07/2026;;;;;;;;;;;;;;;;;;;;;;;;;;;;;;DNA0001;;;;;;;;;;;;;;;;;;;;;;;;;;;;;;;;;;
12381401;0511N26070390;STANDARD;2026-07-01T00:00:00;;3466;;;5962;;5989.55;EUR;;;;;;ING2607Facture intragroupe CID 0511;;;2026-07-03T11:57:10;1277;1277;2026-07-03T11:57:10;1277;;;;;;;;;;ING;FAC02_SRC_FACTURESFOURNISSEURS_020726-060434_ST_FAC02_639185690741033341_001;;;;;;JE.FR.APXIISIM.TAX_RULE;CRE/M;;;;;;;;;;;;;;;;;;;;;AMONTS;;;EMU FIXED;2026-07-03T11:57:10;1;EUR;;ENERGIE;;;GROUPEDKA;;;2026-07-28T00:00:00;7788093;;;89;;;;;;;;;01/07/2026;;;;;;;;;;;;;;;;;;;;;;;;;;;;;;DNA0001;;;;;;;;;;;;;;;;;;;;;;;;;;;;;;;;;;
12381402;0551R26071456;STANDARD;2026-07-01T00:00:00;;2497;;;44672;;64.90;EUR;;;;;;ING2607Facture intragroupe CID 0551;;;2026-07-03T11:57:10;1277;1277;2026-07-03T11:57:10;1277;;;;;;;;;;ING;FAC02_SRC_FACTURESFOURNISSEURS_020726-060434_ST_FAC02_639185690741033341_001;;;;;;JE.FR.APXIISIM.TAX_RULE;CRE/M;;;;;;;;;;;;;;;;;;;;;AMONTS;;;EMU FIXED;2026-07-03T11:57:10;1;EUR;;ENERGIE;;;GROUPEDKA;;;2026-07-28T00:00:00;7787526;;;90;;;;;;;;;01/07/2026;;;;;;;;;;;;;;;;;;;;;;;;;;;;;;DRW0001;;;;;;;;;;;;;;;;;;;;;;;;;;;;;;;;;;
12381403;0551R26071446;STANDARD;2026-07-01T00:00:00;;2497;;;44672;;723.68;EUR;;;;;;ING2607Facture intragroupe CID 0551;;;2026-07-03T11:57:10;1277;1277;2026-07-03T11:57:10;1277;;;;;;;;;;ING;FAC02_SRC_FACTURESFOURNISSEURS_020726-060434_ST_FAC02_639185690741033341_001;;;;;;JE.FR.APXIISIM.TAX_RULE;CRE/M;;;;;;;;;;;;;;;;;;;;;AMONTS;;;EMU FIXED;2026-07-03T11:57:10;1;EUR;;ENERGIE;;;GROUPEDKA;;;2026-07-28T00:00:00;7787526;;;90;;;;;;;;;01/07/2026;;;;;;;;;;;;;;;;;;;;;;;;;;;;;;DRW0001;;;;;;;;;;;;;;;;;;;;;;;;;;;;;;;;;;
12381404;0551R26071502;STANDARD;2026-07-01T00:00:00;;2497;;;44672;;2064.12;EUR;;;;;;ING2607Facture intragroupe CID 0551;;;2026-07-03T11:57:10;1277;1277;2026-07-03T11:57:10;1277;;;;;;;;;;ING;FAC02_SRC_FACTURESFOURNISSEURS_020726-060434_ST_FAC02_639185690741033341_001;;;;;;JE.FR.APXIISIM.TAX_RULE;CRE/M;;;;;;;;;;;;;;;;;;;;;AMONTS;;;EMU FIXED;2026-07-03T11:57:10;1;EUR;;ENERGIE;;;GROUPEDKA;;;2026-07-28T00:00:00;7787526;;;90;;;;;;;;;01/07/2026;;;;;;;;;;;;;;;;;;;;;;;;;;;;;;DRW0001;;;;;;;;;;;;;;;;;;;;;;;;;;;;;;;;;;
12381405;0688K2607WXD9;STANDARD;2026-07-01T00:00:00;;5416;;;10557;;1551.17;EUR;;;;;;GAZ2607Facture intragroupe CID 0688;;;2026-07-03T11:57:10;1277;1277;2026-07-03T11:57:10;1277;;;;;;;;;;GAZ;FAC02_SRC_FACTURESFOURNISSEURS_020726-060434_ST_FAC02_639185690741033341_001;;;;;;JE.FR.APXIISIM.TAX_RULE;CRE/M;;;;;;;;;;;;;;;;;;;;;AMONTS;;;EMU FIXED;2026-07-03T11:57:10;1;EUR;;ENERGIE;;;GROUPEDKA;;;2026-07-28T00:00:00;7788357;;;88;;;;;;;;;01/07/2026;;;;;;;;;;;;;;;;;;;;;;;;;;;;;;DMS0001;;;;;;;;;;;;;;;;;;;;;;;;;;;;;;;;;;
12381406;0688K2607WXD8;STANDARD;2026-07-01T00:00:00;;5416;;;10557;;564.13;EUR;;;;;;GAZ2607Facture intragroupe CID 0688;;;2026-07-03T11:57:10;1277;1277;2026-07-03T11:57:10;1277;;;;;;;;;;GAZ;FAC02_SRC_FACTURESFOURNISSEURS_020726-060434_ST_FAC02_639185690741033341_001;;;;;;JE.FR.APXIISIM.TAX_RULE;CRE/M;;;;;;;;;;;;;;;;;;;;;AMONTS;;;EMU FIXED;2026-07-03T11:57:10;1;EUR;;ENERGIE;;;GROUPEDKA;;;2026-07-28T00:00:00;7788357;;;88;;;;;;;;;01/07/2026;;;;;;;;;;;;;;;;;;;;;;;;;;;;;;DMS0001;;;;;;;;;;;;;;;;;;;;;;;;;;;;;;;;;;
12381407;0688K2607WWU2;CREDIT;2026-07-01T00:00:00;;5416;;;38496;;-239.78;EUR;;;;;;GAZ2607Facture intragroupe CID 0688;;;2026-07-03T11:57:10;1277;1277;2026-07-03T11:57:10;1277;;;;;;;;;;GAZ;FAC02_SRC_FACTURESFOURNISSEURS_020726-060434_ST_FAC02_639185690741033341_001;;;;;;JE.FR.APXIISIM.TAX_RULE;CRE/M;;;;;;;;;;;;;;;;;;;;;AMONTS;;;EMU FIXED;2026-07-03T11:57:10;1;EUR;;ENERGIE;;;GROUPEDKA;;;2026-07-28T00:00:00;7788270;;;86;;;;;;;;;01/07/2026;;;;;;;;;;;;;;;;;;;;;;;;;;;;;;DEW0001;;;;;;;;;;;;;;;;;;;;;;;;;;;;;;;;;;
12381408;0688K2607WWN7;STANDARD;2026-07-01T00:00:00;;5416;;;38492;;486.32;EUR;;;;;;GAZ2607Facture intragroupe CID 0688;;;2026-07-03T11:57:10;1277;1277;2026-07-03T11:57:10;1277;;;;;;;;;;GAZ;FAC02_SRC_FACTURESFOURNISSEURS_020726-060434_ST_FAC02_639185690741033341_001;;;;;;JE.FR.APXIISIM.TAX_RULE;CRE/M;;;;;;;;;;;;;;;;;;;;;AMONTS;;;EMU FIXED;2026-07-03T11:57:10;1;EUR;;ENERGIE;;;GROUPEDKA;;;2026-07-28T00:00:00;7788300;;;407;;;;;;;;;01/07/2026;;;;;;;;;;;;;;;;;;;;;;;;;;;;;;DEW0800;;;;;;;;;;;;;;;;;;;;;;;;;;;;;;;;;;
12381409;0688K2607WXC2;STANDARD;2026-07-01T00:00:00;;5416;;;10557;;989.82;EUR;;;;;;GAZ2607Facture intragroupe CID 0688;;;2026-07-03T11:57:10;1277;1277;2026-07-03T11:57:10;1277;;;;;;;;;;GAZ;FAC02_SRC_FACTURESFOURNISSEURS_020726-060434_ST_FAC02_639185690741033341_001;;;;;;JE.FR.APXIISIM.TAX_RULE;CRE/M;;;;;;;;;;;;;;;;;;;;;AMONTS;;;EMU FIXED;2026-07-03T11:57:10;1;EUR;;ENERGIE;;;GROUPEDKA;;;2026-07-28T00:00:00;7788357;;;88;;;;;;;;;01/07/2026;;;;;;;;;;;;;;;;;;;;;;;;;;;;;;DMS0001;;;;;;;;;;;;;;;;;;;;;;;;;;;;;;;;;;
12381410;0441X26079639;STANDARD;2026-07-01T00:00:00;;921;;;45622;;1440.00;EUR;;;;;;ING2607Facture intragroupe CID 0441;;;2026-07-03T11:57:10;1277;1277;2026-07-03T11:57:10;1277;;;;;;;;;;ING;FAC02_SRC_FACTURESFOURNISSEURS_020726-060434_ST_FAC02_639185690741033341_001;;;;;;JE.FR.APXIISIM.TAX_RULE;CRE/M;;;;;;;;;;;;;;;;;;;;;AMONTS;;;EMU FIXED;2026-07-03T11:57:10;1;EUR;;ENERGIE;;;GROUPEDKA;;;2026-07-28T00:00:00;7786715;;;88;;;;;;;;;01/07/2026;;;;;;;;;;;;;;;;;;;;;;;;;;;;;;DMS0001;;;;;;;;;;;;;;;;;;;;;;;;;;;;;;;;;;
12381411;0551R26071342;STANDARD;2026-07-01T00:00:00;;2497;;;44672;;337.50;EUR;;;;;;ING2607Facture intragroupe CID 0551;;;2026-07-03T11:57:10;1277;1277;2026-07-03T11:57:10;1277;;;;;;;;;;ING;FAC02_SRC_FACTURESFOURNISSEURS_020726-060434_ST_FAC02_639185690741033341_001;;;;;;JE.FR.APXIISIM.TAX_RULE;CRE/M;;;;;;;;;;;;;;;;;;;;;AMONTS;;;EMU FIXED;2026-07-03T11:57:10;1;EUR;;ENERGIE;;;GROUPEDKA;;;2026-07-28T00:00:00;7787526;;;90;;;;;;;;;01/07/2026;;;;;;;;;;;;;;;;;;;;;;;;;;;;;;DRW0001;;;;;;;;;;;;;;;;;;;;;;;;;;;;;;;;;;
12381412;0551R26071343;STANDARD;2026-07-01T00:00:00;;2497;;;44672;;149.40;EUR;;;;;;ING2607Facture intragroupe CID 0551;;;2026-07-03T11:57:10;1277;1277;2026-07-03T11:57:10;1277;;;;;;;;;;ING;FAC02_SRC_FACTURESFOURNISSEURS_020726-060434_ST_FAC02_639185690741033341_001;;;;;;JE.FR.APXIISIM.TAX_RULE;CRE/M;;;;;;;;;;;;;;;;;;;;;AMONTS;;;EMU FIXED;2026-07-03T11:57:10;1;EUR;;ENERGIE;;;GROUPEDKA;;;2026-07-28T00:00:00;7787526;;;90;;;;;;;;;01/07/2026;;;;;;;;;;;;;;;;;;;;;;;;;;;;;;DRW0001;;;;;;;;;;;;;;;;;;;;;;;;;;;;;;;;;;
12381413;0551R26071344;STANDARD;2026-07-01T00:00:00;;2497;;;44672;;92.70;EUR;;;;;;ING2607Facture intragroupe CID 0551;;;2026-07-03T11:57:10;1277;1277;2026-07-03T11:57:10;1277;;;;;;;;;;ING;FAC02_SRC_FACTURESFOURNISSEURS_020726-060434_ST_FAC02_639185690741033341_001;;;;;;JE.FR.APXIISIM.TAX_RULE;CRE/M;;;;;;;;;;;;;;;;;;;;;AMONTS;;;EMU FIXED;2026-07-03T11:57:10;1;EUR;;ENERGIE;;;GROUPEDKA;;;2026-07-28T00:00:00;7787526;;;90;;;;;;;;;01/07/2026;;;;;;;;;;;;;;;;;;;;;;;;;;;;;;DRW0001;;;;;;;;;;;;;;;;;;;;;;;;;;;;;;;;;;
12381414;0551R26071345;STANDARD;2026-07-01T00:00:00;;2497;;;44672;;92.70;EUR;;;;;;ING2607Facture intragroupe CID 0551;;;2026-07-03T11:57:10;1277;1277;2026-07-03T11:57:10;1277;;;;;;;;;;ING;FAC02_SRC_FACTURESFOURNISSEURS_020726-060434_ST_FAC02_639185690741033341_001;;;;;;JE.FR.APXIISIM.TAX_RULE;CRE/M;;;;;;;;;;;;;;;;;;;;;AMONTS;;;EMU FIXED;2026-07-03T11:57:10;1;EUR;;ENERGIE;;;GROUPEDKA;;;2026-07-28T00:00:00;7787526;;;90;;;;;;;;;01/07/2026;;;;;;;;;;;;;;;;;;;;;;;;;;;;;;DRW0001;;;;;;;;;;;;;;;;;;;;;;;;;;;;;;;;;;
12381415;0688K2607WWX9;STANDARD;2026-07-01T00:00:00;;5416;;;38496;;1027.45;EUR;;;;;;GAZ2607Facture intragroupe CID 0688;;;2026-07-03T11:57:10;1277;1277;2026-07-03T11:57:10;1277;;;;;;;;;;GAZ;FAC02_SRC_FACTURESFOURNISSEURS_020726-060434_ST_FAC02_639185690741033341_001;;;;;;JE.FR.APXIISIM.TAX_RULE;CRE/M;;;;;;;;;;;;;;;;;;;;;AMONTS;;;EMU FIXED;2026-07-03T11:57:10;1;EUR;;ENERGIE;;;GROUPEDKA;;;2026-07-28T00:00:00;7788270;;;86;;;;;;;;;01/07/2026;;;;;;;;;;;;;;;;;;;;;;;;;;;;;;DEW0001;;;;;;;;;;;;;;;;;;;;;;;;;;;;;;;;;;
12381416;0688K2607WWX5;STANDARD;2026-07-01T00:00:00;;5416;;;38496;;169.74;EUR;;;;;;GAZ2607Facture intragroupe CID 0688;;;2026-07-03T11:57:10;1277;1277;2026-07-03T11:57:10;1277;;;;;;;;;;GAZ;FAC02_SRC_FACTURESFOURNISSEURS_020726-060434_ST_FAC02_639185690741033341_001;;;;;;JE.FR.APXIISIM.TAX_RULE;CRE/M;;;;;;;;;;;;;;;;;;;;;AMONTS;;;EMU FIXED;2026-07-03T11:57:10;1;EUR;;ENERGIE;;;GROUPEDKA;;;2026-07-28T00:00:00;7788270;;;86;;;;;;;;;01/07/2026;;;;;;;;;;;;;;;;;;;;;;;;;;;;;;DEW0001;;;;;;;;;;;;;;;;;;;;;;;;;;;;;;;;;;
12381417;0688K2607WWX3;STANDARD;2026-07-01T00:00:00;;5416;;;38496;;346.55;EUR;;;;;;GAZ2607Facture intragroupe CID 0688;;;2026-07-03T11:57:10;1277;1277;2026-07-03T11:57:10;1277;;;;;;;;;;GAZ;FAC02_SRC_FACTURESFOURNISSEURS_020726-060434_ST_FAC02_639185690741033341_001;;;;;;JE.FR.APXIISIM.TAX_RULE;CRE/M;;;;;;;;;;;;;;;;;;;;;AMONTS;;;EMU FIXED;2026-07-03T11:57:10;1;EUR;;ENERGIE;;;GROUPEDKA;;;2026-07-28T00:00:00;7788270;;;86;;;;;;;;;01/07/2026;;;;;;;;;;;;;;;;;;;;;;;;;;;;;;DEW0001;;;;;;;;;;;;;;;;;;;;;;;;;;;;;;;;;;
12381418;0688K2607WXM7;STANDARD;2026-07-01T00:00:00;;5416;;;23958;;443.95;EUR;;;;;;GAZ2607Facture intragroupe CID 0688;;;2026-07-03T11:57:10;1277;1277;2026-07-03T11:57:10;1277;;;;;;;;;;GAZ;FAC02_SRC_FACTURESFOURNISSEURS_020726-060434_ST_FAC02_639185690741033341_001;;;;;;JE.FR.APXIISIM.TAX_RULE;CRE/M;;;;;;;;;;;;;;;;;;;;;AMONTS;;;EMU FIXED;2026-07-03T11:57:10;1;EUR;;ENERGIE;;;GROUPEDKA;;;2026-07-28T00:00:00;7788489;;;90;;;;;;;;;01/07/2026;;;;;;;;;;;;;;;;;;;;;;;;;;;;;;DRW0001;;;;;;;;;;;;;;;;;;;;;;;;;;;;;;;;;;
12381419;0551R26071346;STANDARD;2026-07-01T00:00:00;;2497;;;44672;;92.70;EUR;;;;;;ING2607Facture intragroupe CID 0551;;;2026-07-03T11:57:10;1277;1277;2026-07-03T11:57:10;1277;;;;;;;;;;ING;FAC02_SRC_FACTURESFOURNISSEURS_020726-060434_ST_FAC02_639185690741033341_001;;;;;;JE.FR.APXIISIM.TAX_RULE;CRE/M;;;;;;;;;;;;;;;;;;;;;AMONTS;;;EMU FIXED;2026-07-03T11:57:10;1;EUR;;ENERGIE;;;GROUPEDKA;;;2026-07-28T00:00:00;7787526;;;90;;;;;;;;;01/07/2026;;;;;;;;;;;;;;;;;;;;;;;;;;;;;;DRW0001;;;;;;;;;;;;;;;;;;;;;;;;;;;;;;;;;;
12381420;0551R26071347;STANDARD;2026-07-01T00:00:00;;2497;;;44672;;176.40;EUR;;;;;;ING2607Facture intragroupe CID 0551;;;2026-07-03T11:57:10;1277;1277;2026-07-03T11:57:10;1277;;;;;;;;;;ING;FAC02_SRC_FACTURESFOURNISSEURS_020726-060434_ST_FAC02_639185690741033341_001;;;;;;JE.FR.APXIISIM.TAX_RULE;CRE/M;;;;;;;;;;;;;;;;;;;;;AMONTS;;;EMU FIXED;2026-07-03T11:57:10;1;EUR;;ENERGIE;;;GROUPEDKA;;;2026-07-28T00:00:00;7787526;;;90;;;;;;;;;01/07/2026;;;;;;;;;;;;;;;;;;;;;;;;;;;;;;DRW0001;;;;;;;;;;;;;;;;;;;;;;;;;;;;;;;;;;
12381421;0551R26071348;STANDARD;2026-07-01T00:00:00;;2497;;;44672;;122.40;EUR;;;;;;ING2607Facture intragroupe CID 0551;;;2026-07-03T11:57:10;1277;1277;2026-07-03T11:57:10;1277;;;;;;;;;;ING;FAC02_SRC_FACTURESFOURNISSEURS_020726-060434_ST_FAC02_639185690741033341_001;;;;;;JE.FR.APXIISIM.TAX_RULE;CRE/M;;;;;;;;;;;;;;;;;;;;;AMONTS;;;EMU FIXED;2026-07-03T11:57:10;1;EUR;;ENERGIE;;;GROUPEDKA;;;2026-07-28T00:00:00;7787526;;;90;;;;;;;;;01/07/2026;;;;;;;;;;;;;;;;;;;;;;;;;;;;;;DRW0001;;;;;;;;;;;;;;;;;;;;;;;;;;;;;;;;;;
12381422;0551R26071349;STANDARD;2026-07-01T00:00:00;;2497;;;44672;;685.20;EUR;;;;;;ING2607Facture intragroupe CID 0551;;;2026-07-03T11:57:10;1277;1277;2026-07-03T11:57:10;1277;;;;;;;;;;ING;FAC02_SRC_FACTURESFOURNISSEURS_020726-060434_ST_FAC02_639185690741033341_001;;;;;;JE.FR.APXIISIM.TAX_RULE;CRE/M;;;;;;;;;;;;;;;;;;;;;AMONTS;;;EMU FIXED;2026-07-03T11:57:10;1;EUR;;ENERGIE;;;GROUPEDKA;;;2026-07-28T00:00:00;7787526;;;90;;;;;;;;;01/07/2026;;;;;;;;;;;;;;;;;;;;;;;;;;;;;;DRW0001;;;;;;;;;;;;;;;;;;;;;;;;;;;;;;;;;;
12381423;0551R26071350;STANDARD;2026-07-01T00:00:00;;2497;;;44672;;185.40;EUR;;;;;;ING2607Facture intragroupe CID 0551;;;2026-07-03T11:57:10;1277;1277;2026-07-03T11:57:10;1277;;;;;;;;;;ING;FAC02_SRC_FACTURESFOURNISSEURS_020726-060434_ST_FAC02_639185690741033341_001;;;;;;JE.FR.APXIISIM.TAX_RULE;CRE/M;;;;;;;;;;;;;;;;;;;;;AMONTS;;;EMU FIXED;2026-07-03T11:57:10;1;EUR;;ENERGIE;;;GROUPEDKA;;;2026-07-28T00:00:00;7787526;;;90;;;;;;;;;01/07/2026;;;;;;;;;;;;;;;;;;;;;;;;;;;;;;DRW0001;;;;;;;;;;;;;;;;;;;;;;;;;;;;;;;;;;
12381424;0551R26071351;STANDARD;2026-07-01T00:00:00;;2497;;;44672;;489.60;EUR;;;;;;ING2607Facture intragroupe CID 0551;;;2026-07-03T11:57:10;1277;1277;2026-07-03T11:57:10;1277;;;;;;;;;;ING;FAC02_SRC_FACTURESFOURNISSEURS_020726-060434_ST_FAC02_639185690741033341_001;;;;;;JE.FR.APXIISIM.TAX_RULE;CRE/M;;;;;;;;;;;;;;;;;;;;;AMONTS;;;EMU FIXED;2026-07-03T11:57:10;1;EUR;;ENERGIE;;;GROUPEDKA;;;2026-07-28T00:00:00;7787526;;;90;;;;;;;;;01/07/2026;;;;;;;;;;;;;;;;;;;;;;;;;;;;;;DRW0001;;;;;;;;;;;;;;;;;;;;;;;;;;;;;;;;;;
12381425;0551R26071391;STANDARD;2026-07-01T00:00:00;;2497;;;44672;;282.00;EUR;;;;;;ING2607Facture intragroupe CID 0551;;;2026-07-03T11:57:10;1277;1277;2026-07-03T11:57:10;1277;;;;;;;;;;ING;FAC02_SRC_FACTURESFOURNISSEURS_020726-060434_ST_FAC02_639185690741033341_001;;;;;;JE.FR.APXIISIM.TAX_RULE;CRE/M;;;;;;;;;;;;;;;;;;;;;AMONTS;;;EMU FIXED;2026-07-03T11:57:10;1;EUR;;ENERGIE;;;GROUPEDKA;;;2026-07-28T00:00:00;7787526;;;90;;;;;;;;;01/07/2026;;;;;;;;;;;;;;;;;;;;;;;;;;;;;;DRW0001;;;;;;;;;;;;;;;;;;;;;;;;;;;;;;;;;;
12381426;0551R26071392;STANDARD;2026-07-01T00:00:00;;2497;;;44672;;846.00;EUR;;;;;;ING2607Facture intragroupe CID 0551;;;2026-07-03T11:57:10;1277;1277;2026-07-03T11:57:10;1277;;;;;;;;;;ING;FAC02_SRC_FACTURESFOURNISSEURS_020726-060434_ST_FAC02_639185690741033341_001;;;;;;JE.FR.APXIISIM.TAX_RULE;CRE/M;;;;;;;;;;;;;;;;;;;;;AMONTS;;;EMU FIXED;2026-07-03T11:57:10;1;EUR;;ENERGIE;;;GROUPEDKA;;;2026-07-28T00:00:00;7787526;;;90;;;;;;;;;01/07/2026;;;;;;;;;;;;;;;;;;;;;;;;;;;;;;DRW0001;;;;;;;;;;;;;;;;;;;;;;;;;;;;;;;;;;
12381427;0551R26071393;STANDARD;2026-07-01T00:00:00;;2497;;;44672;;619.50;EUR;;;;;;ING2607Facture intragroupe CID 0551;;;2026-07-03T11:57:10;1277;1277;2026-07-03T11:57:10;1277;;;;;;;;;;ING;FAC02_SRC_FACTURESFOURNISSEURS_020726-060434_ST_FAC02_639185690741033341_001;;;;;;JE.FR.APXIISIM.TAX_RULE;CRE/M;;;;;;;;;;;;;;;;;;;;;AMONTS;;;EMU FIXED;2026-07-03T11:57:10;1;EUR;;ENERGIE;;;GROUPEDKA;;;2026-07-28T00:00:00;7787526;;;90;;;;;;;;;01/07/2026;;;;;;;;;;;;;;;;;;;;;;;;;;;;;;DRW0001;;;;;;;;;;;;;;;;;;;;;;;;;;;;;;;;;;
12381428;0551R26071394;STANDARD;2026-07-01T00:00:00;;2497;;;44672;;1757.50;EUR;;;;;;ING2607Facture intragroupe CID 0551;;;2026-07-03T11:57:10;1277;1277;2026-07-03T11:57:10;1277;;;;;;;;;;ING;FAC02_SRC_FACTURESFOURNISSEURS_020726-060434_ST_FAC02_639185690741033341_001;;;;;;JE.FR.APXIISIM.TAX_RULE;CRE/M;;;;;;;;;;;;;;;;;;;;;AMONTS;;;EMU FIXED;2026-07-03T11:57:10;1;EUR;;ENERGIE;;;GROUPEDKA;;;2026-07-28T00:00:00;7787526;;;90;;;;;;;;;01/07/2026;;;;;;;;;;;;;;;;;;;;;;;;;;;;;;DRW0001;;;;;;;;;;;;;;;;;;;;;;;;;;;;;;;;;;
12381429;0551R26071395;STANDARD;2026-07-01T00:00:00;;2497;;;44672;;97.20;EUR;;;;;;ING2607Facture intragroupe CID 0551;;;2026-07-03T11:57:10;1277;1277;2026-07-03T11:57:10;1277;;;;;;;;;;ING;FAC02_SRC_FACTURESFOURNISSEURS_020726-060434_ST_FAC02_639185690741033341_001;;;;;;JE.FR.APXIISIM.TAX_RULE;CRE/M;;;;;;;;;;;;;;;;;;;;;AMONTS;;;EMU FIXED;2026-07-03T11:57:10;1;EUR;;ENERGIE;;;GROUPEDKA;;;2026-07-28T00:00:00;7787526;;;90;;;;;;;;;01/07/2026;;;;;;;;;;;;;;;;;;;;;;;;;;;;;;DRW0001;;;;;;;;;;;;;;;;;;;;;;;;;;;;;;;;;;
12381430;0551R26071396;STANDARD;2026-07-01T00:00:00;;2497;;;44672;;967.80;EUR;;;;;;ING2607Facture intragroupe CID 0551;;;2026-07-03T11:57:10;1277;1277;2026-07-03T11:57:10;1277;;;;;;;;;;ING;FAC02_SRC_FACTURESFOURNISSEURS_020726-060434_ST_FAC02_639185690741033341_001;;;;;;JE.FR.APXIISIM.TAX_RULE;CRE/M;;;;;;;;;;;;;;;;;;;;;AMONTS;;;EMU FIXED;2026-07-03T11:57:10;1;EUR;;ENERGIE;;;GROUPEDKA;;;2026-07-28T00:00:00;7787526;;;90;;;;;;;;;01/07/2026;;;;;;;;;;;;;;;;;;;;;;;;;;;;;;DRW0001;;;;;;;;;;;;;;;;;;;;;;;;;;;;;;;;;;
12381431;0551R26071397;STANDARD;2026-07-01T00:00:00;;2497;;;44672;;147.60;EUR;;;;;;ING2607Facture intragroupe CID 0551;;;2026-07-03T11:57:10;1277;1277;2026-07-03T11:57:10;1277;;;;;;;;;;ING;FAC02_SRC_FACTURESFOURNISSEURS_020726-060434_ST_FAC02_639185690741033341_001;;;;;;JE.FR.APXIISIM.TAX_RULE;CRE/M;;;;;;;;;;;;;;;;;;;;;AMONTS;;;EMU FIXED;2026-07-03T11:57:10;1;EUR;;ENERGIE;;;GROUPEDKA;;;2026-07-28T00:00:00;7787526;;;90;;;;;;;;;01/07/2026;;;;;;;;;;;;;;;;;;;;;;;;;;;;;;DRW0001;;;;;;;;;;;;;;;;;;;;;;;;;;;;;;;;;;
12381432;0551R26071492;STANDARD;2026-07-01T00:00:00;;2497;;;44672;;2368.72;EUR;;;;;;ING2607Facture intragroupe CID 0551;;;2026-07-03T11:57:10;1277;1277;2026-07-03T11:57:10;1277;;;;;;;;;;ING;FAC02_SRC_FACTURESFOURNISSEURS_020726-060434_ST_FAC02_639185690741033341_001;;;;;;JE.FR.APXIISIM.TAX_RULE;CRE/M;;;;;;;;;;;;;;;;;;;;;AMONTS;;;EMU FIXED;2026-07-03T11:57:10;1;EUR;;ENERGIE;;;GROUPEDKA;;;2026-07-28T00:00:00;7787526;;;90;;;;;;;;;01/07/2026;;;;;;;;;;;;;;;;;;;;;;;;;;;;;;DRW0001;;;;;;;;;;;;;;;;;;;;;;;;;;;;;;;;;;
12381433;0551R26071493;STANDARD;2026-07-01T00:00:00;;2497;;;44672;;1014.60;EUR;;;;;;ING2607Facture intragroupe CID 0551;;;2026-07-03T11:57:10;1277;1277;2026-07-03T11:57:10;1277;;;;;;;;;;ING;FAC02_SRC_FACTURESFOURNISSEURS_020726-060434_ST_FAC02_639185690741033341_001;;;;;;JE.FR.APXIISIM.TAX_RULE;CRE/M;;;;;;;;;;;;;;;;;;;;;AMONTS;;;EMU FIXED;2026-07-03T11:57:10;1;EUR;;ENERGIE;;;GROUPEDKA;;;2026-07-28T00:00:00;7787526;;;90;;;;;;;;;01/07/2026;;;;;;;;;;;;;;;;;;;;;;;;;;;;;;DRW0001;;;;;;;;;;;;;;;;;;;;;;;;;;;;;;;;;;
12381434;0551R26071494;STANDARD;2026-07-01T00:00:00;;2497;;;44672;;1016.15;EUR;;;;;;ING2607Facture intragroupe CID 0551;;;2026-07-03T11:57:10;1277;1277;2026-07-03T11:57:10;1277;;;;;;;;;;ING;FAC02_SRC_FACTURESFOURNISSEURS_020726-060434_ST_FAC02_639185690741033341_001;;;;;;JE.FR.APXIISIM.TAX_RULE;CRE/M;;;;;;;;;;;;;;;;;;;;;AMONTS;;;EMU FIXED;2026-07-03T11:57:10;1;EUR;;ENERGIE;;;GROUPEDKA;;;2026-07-28T00:00:00;7787526;;;90;;;;;;;;;01/07/2026;;;;;;;;;;;;;;;;;;;;;;;;;;;;;;DRW0001;;;;;;;;;;;;;;;;;;;;;;;;;;;;;;;;;;
12381435;0551R26071495;STANDARD;2026-07-01T00:00:00;;2497;;;44672;;777.76;EUR;;;;;;ING2607Facture intragroupe CID 0551;;;2026-07-03T11:57:10;1277;1277;2026-07-03T11:57:10;1277;;;;;;;;;;ING;FAC02_SRC_FACTURESFOURNISSEURS_020726-060434_ST_FAC02_639185690741033341_001;;;;;;JE.FR.APXIISIM.TAX_RULE;CRE/M;;;;;;;;;;;;;;;;;;;;;AMONTS;;;EMU FIXED;2026-07-03T11:57:10;1;EUR;;ENERGIE;;;GROUPEDKA;;;2026-07-28T00:00:00;7787526;;;90;;;;;;;;;01/07/2026;;;;;;;;;;;;;;;;;;;;;;;;;;;;;;DRW0001;;;;;;;;;;;;;;;;;;;;;;;;;;;;;;;;;;
12381436;0551R26071496;STANDARD;2026-07-01T00:00:00;;2497;;;44672;;1541.03;EUR;;;;;;ING2607Facture intragroupe CID 0551;;;2026-07-03T11:57:10;1277;1277;2026-07-03T11:57:10;1277;;;;;;;;;;ING;FAC02_SRC_FACTURESFOURNISSEURS_020726-060434_ST_FAC02_639185690741033341_001;;;;;;JE.FR.APXIISIM.TAX_RULE;CRE/M;;;;;;;;;;;;;;;;;;;;;AMONTS;;;EMU FIXED;2026-07-03T11:57:10;1;EUR;;ENERGIE;;;GROUPEDKA;;;2026-07-28T00:00:00;7787526;;;90;;;;;;;;;01/07/2026;;;;;;;;;;;;;;;;;;;;;;;;;;;;;;DRW0001;;;;;;;;;;;;;;;;;;;;;;;;;;;;;;;;;;
12381437;0551R26071462;STANDARD;2026-07-01T00:00:00;;2497;;;44672;;1223.60;EUR;;;;;;ING2607Facture intragroupe CID 0551;;;2026-07-03T11:57:10;1277;1277;2026-07-03T11:57:10;1277;;;;;;;;;;ING;FAC02_SRC_FACTURESFOURNISSEURS_020726-060434_ST_FAC02_639185690741033341_001;;;;;;JE.FR.APXIISIM.TAX_RULE;CRE/M;;;;;;;;;;;;;;;;;;;;;AMONTS;;;EMU FIXED;2026-07-03T11:57:10;1;EUR;;ENERGIE;;;GROUPEDKA;;;2026-07-28T00:00:00;7787526;;;90;;;;;;;;;01/07/2026;;;;;;;;;;;;;;;;;;;;;;;;;;;;;;DRW0001;;;;;;;;;;;;;;;;;;;;;;;;;;;;;;;;;;
12381438;0551R26071421;STANDARD;2026-07-01T00:00:00;;2497;;;44672;;233.70;EUR;;;;;;ING2607Facture intragroupe CID 0551;;;2026-07-03T11:57:10;1277;1277;2026-07-03T11:57:10;1277;;;;;;;;;;ING;FAC02_SRC_FACTURESFOURNISSEURS_020726-060434_ST_FAC02_639185690741033341_001;;;;;;JE.FR.APXIISIM.TAX_RULE;CRE/M;;;;;;;;;;;;;;;;;;;;;AMONTS;;;EMU FIXED;2026-07-03T11:57:10;1;EUR;;ENERGIE;;;GROUPEDKA;;;2026-07-28T00:00:00;7787526;;;90;;;;;;;;;01/07/2026;;;;;;;;;;;;;;;;;;;;;;;;;;;;;;DRW0001;;;;;;;;;;;;;;;;;;;;;;;;;;;;;;;;;;
12381439;0551R26071468;STANDARD;2026-07-01T00:00:00;;2497;;;44672;;122.40;EUR;;;;;;ING2607Facture intragroupe CID 0551;;;2026-07-03T11:57:10;1277;1277;2026-07-03T11:57:10;1277;;;;;;;;;;ING;FAC02_SRC_FACTURESFOURNISSEURS_020726-060434_ST_FAC02_639185690741033341_001;;;;;;JE.FR.APXIISIM.TAX_RULE;CRE/M;;;;;;;;;;;;;;;;;;;;;AMONTS;;;EMU FIXED;2026-07-03T11:57:10;1;EUR;;ENERGIE;;;GROUPEDKA;;;2026-07-28T00:00:00;7787526;;;90;;;;;;;;;01/07/2026;;;;;;;;;;;;;;;;;;;;;;;;;;;;;;DRW0001;;;;;;;;;;;;;;;;;;;;;;;;;;;;;;;;;;
12381440;0551R26071389;STANDARD;2026-07-01T00:00:00;;2497;;;44672;;320.40;EUR;;;;;;ING2607Facture intragroupe CID 0551;;;2026-07-03T11:57:10;1277;1277;2026-07-03T11:57:10;1277;;;;;;;;;;ING;FAC02_SRC_FACTURESFOURNISSEURS_020726-060434_ST_FAC02_639185690741033341_001;;;;;;JE.FR.APXIISIM.TAX_RULE;CRE/M;;;;;;;;;;;;;;;;;;;;;AMONTS;;;EMU FIXED;2026-07-03T11:57:10;1;EUR;;ENERGIE;;;GROUPEDKA;;;2026-07-28T00:00:00;7787526;;;90;;;;;;;;;01/07/2026;;;;;;;;;;;;;;;;;;;;;;;;;;;;;;DRW0001;;;;;;;;;;;;;;;;;;;;;;;;;;;;;;;;;;
12381441;0688K2607WWN5;STANDARD;2026-07-01T00:00:00;;5416;;;38492;;634.84;EUR;;;;;;GAZ2607Facture intragroupe CID 0688;;;2026-07-03T11:57:10;1277;1277;2026-07-03T11:57:10;1277;;;;;;;;;;GAZ;FAC02_SRC_FACTURESFOURNISSEURS_020726-060434_ST_FAC02_639185690741033341_001;;;;;;JE.FR.APXIISIM.TAX_RULE;CRE/M;;;;;;;;;;;;;;;;;;;;;AMONTS;;;EMU FIXED;2026-07-03T11:57:10;1;EUR;;ENERGIE;;;GROUPEDKA;;;2026-07-28T00:00:00;7788300;;;407;;;;;;;;;01/07/2026;;;;;;;;;;;;;;;;;;;;;;;;;;;;;;DEW0800;;;;;;;;;;;;;;;;;;;;;;;;;;;;;;;;;;
12381442;0551R26071423;STANDARD;2026-07-01T00:00:00;;2497;;;44672;;580.31;EUR;;;;;;ING2607Facture intragroupe CID 0551;;;2026-07-03T11:57:10;1277;1277;2026-07-03T11:57:10;1277;;;;;;;;;;ING;FAC02_SRC_FACTURESFOURNISSEURS_020726-060434_ST_FAC02_639185690741033341_001;;;;;;JE.FR.APXIISIM.TAX_RULE;CRE/M;;;;;;;;;;;;;;;;;;;;;AMONTS;;;EMU FIXED;2026-07-03T11:57:10;1;EUR;;ENERGIE;;;GROUPEDKA;;;2026-07-28T00:00:00;7787526;;;90;;;;;;;;;01/07/2026;;;;;;;;;;;;;;;;;;;;;;;;;;;;;;DRW0001;;;;;;;;;;;;;;;;;;;;;;;;;;;;;;;;;;
12381443;0551R26071422;STANDARD;2026-07-01T00:00:00;;2497;;;44672;;276.55;EUR;;;;;;ING2607Facture intragroupe CID 0551;;;2026-07-03T11:57:10;1277;1277;2026-07-03T11:57:10;1277;;;;;;;;;;ING;FAC02_SRC_FACTURESFOURNISSEURS_020726-060434_ST_FAC02_639185690741033341_001;;;;;;JE.FR.APXIISIM.TAX_RULE;CRE/M;;;;;;;;;;;;;;;;;;;;;AMONTS;;;EMU FIXED;2026-07-03T11:57:10;1;EUR;;ENERGIE;;;GROUPEDKA;;;2026-07-28T00:00:00;7787526;;;90;;;;;;;;;01/07/2026;;;;;;;;;;;;;;;;;;;;;;;;;;;;;;DRW0001;;;;;;;;;;;;;;;;;;;;;;;;;;;;;;;;;;
12381444;0688K2607WXJ0;STANDARD;2026-07-01T00:00:00;;5416;;;23958;;498.73;EUR;;;;;;GAZ2607Facture intragroupe CID 0688;;;2026-07-03T11:57:10;1277;1277;2026-07-03T11:57:10;1277;;;;;;;;;;GAZ;FAC02_SRC_FACTURESFOURNISSEURS_020726-060434_ST_FAC02_639185690741033341_001;;;;;;JE.FR.APXIISIM.TAX_RULE;CRE/M;;;;;;;;;;;;;;;;;;;;;AMONTS;;;EMU FIXED;2026-07-03T11:57:10;1;EUR;;ENERGIE;;;GROUPEDKA;;;2026-07-28T00:00:00;7788489;;;90;;;;;;;;;01/07/2026;;;;;;;;;;;;;;;;;;;;;;;;;;;;;;DRW0001;;;;;;;;;;;;;;;;;;;;;;;;;;;;;;;;;;
12381445;0688K2607WXR7;STANDARD;2026-07-01T00:00:00;;5416;;;29731;;49.03;EUR;;;;;;GAZ2607Facture intragroupe CID 0688;;;2026-07-03T11:57:10;1277;1277;2026-07-03T11:57:10;1277;;;;;;;;;;GAZ;FAC02_SRC_FACTURESFOURNISSEURS_020726-060434_ST_FAC02_639185690741033341_001;;;;;;JE.FR.APXIISIM.TAX_RULE;CRE/M;;;;;;;;;;;;;;;;;;;;;AMONTS;;;EMU FIXED;2026-07-03T11:57:10;1;EUR;;ENERGIE;;;GROUPEDKA;;;2026-07-28T00:00:00;7788549;;;91;;;;;;;;;01/07/2026;;;;;;;;;;;;;;;;;;;;;;;;;;;;;;DSW0001;;;;;;;;;;;;;;;;;;;;;;;;;;;;;;;;;;
12381446;0688K2607WXE3;STANDARD;2026-07-01T00:00:00;;5416;;;10557;;279.12;EUR;;;;;;GAZ2607Facture intragroupe CID 0688;;;2026-07-03T11:57:10;1277;1277;2026-07-03T11:57:10;1277;;;;;;;;;;GAZ;FAC02_SRC_FACTURESFOURNISSEURS_020726-060434_ST_FAC02_639185690741033341_001;;;;;;JE.FR.APXIISIM.TAX_RULE;CRE/M;;;;;;;;;;;;;;;;;;;;;AMONTS;;;EMU FIXED;2026-07-03T11:57:10;1;EUR;;ENERGIE;;;GROUPEDKA;;;2026-07-28T00:00:00;7788357;;;88;;;;;;;;;01/07/2026;;;;;;;;;;;;;;;;;;;;;;;;;;;;;;DMS0001;;;;;;;;;;;;;;;;;;;;;;;;;;;;;;;;;;
12381447;0688K2607WXA9;STANDARD;2026-07-01T00:00:00;;5416;;;38496;;64.50;EUR;;;;;;GAZ2607Facture intragroupe CID 0688;;;2026-07-03T11:57:10;1277;1277;2026-07-03T11:57:10;1277;;;;;;;;;;GAZ;FAC02_SRC_FACTURESFOURNISSEURS_020726-060434_ST_FAC02_639185690741033341_001;;;;;;JE.FR.APXIISIM.TAX_RULE;CRE/M;;;;;;;;;;;;;;;;;;;;;AMONTS;;;EMU FIXED;2026-07-03T11:57:10;1;EUR;;ENERGIE;;;GROUPEDKA;;;2026-07-28T00:00:00;7788270;;;86;;;;;;;;;01/07/2026;;;;;;;;;;;;;;;;;;;;;;;;;;;;;;DEW0001;;;;;;;;;;;;;;;;;;;;;;;;;;;;;;;;;;
12381448;0001E2607VWT9;STANDARD;2026-07-01T00:00:00;;815;;;3703912;;5174.71;EUR;;;;;;ING2607Facture intragroupe CID 0001;;;2026-07-03T11:57:10;1277;1277;2026-07-03T11:57:10;1277;;;;;;;;;;ING;FAC02_SRC_FACTURESFOURNISSEURS_020726-060434_ST_FAC02_639185690741033341_001;;;;;;JE.FR.APXIISIM.TAX_RULE;CRE/M;;;;;;;;;;;;;;;;;;;;;AMONTS;;;EMU FIXED;2026-07-03T11:57:10;1;EUR;;ENERGIE;;;GROUPEDKA;;;2026-07-28T00:00:00;15031440;;;6393;;;;;;;;;01/07/2026;;;;;;;;;;;;;;;;;;;;;;;;;;;;;;DEW0490;;;;;;;;;;;;;;;;;;;;;;;;;;;;;;;;;;
12381449;0688K2607WXL9;STANDARD;2026-07-01T00:00:00;;5416;;;10557;;644.30;EUR;;;;;;GAZ2607Facture intragroupe CID 0688;;;2026-07-03T11:57:10;1277;1277;2026-07-03T11:57:10;1277;;;;;;;;;;GAZ;FAC02_SRC_FACTURESFOURNISSEURS_020726-060434_ST_FAC02_639185690741033341_001;;;;;;JE.FR.APXIISIM.TAX_RULE;CRE/M;;;;;;;;;;;;;;;;;;;;;AMONTS;;;EMU FIXED;2026-07-03T11:57:10;1;EUR;;ENERGIE;;;GROUPEDKA;;;2026-07-28T00:00:00;7788357;;;88;;;;;;;;;01/07/2026;;;;;;;;;;;;;;;;;;;;;;;;;;;;;;DMS0001;;;;;;;;;;;;;;;;;;;;;;;;;;;;;;;;;;
12381450;0688K2607WXS6;STANDARD;2026-07-01T00:00:00;;5416;;;29731;;1896.62;EUR;;;;;;GAZ2607Facture intragroupe CID 0688;;;2026-07-03T11:57:10;1277;1277;2026-07-03T11:57:10;1277;;;;;;;;;;GAZ;FAC02_SRC_FACTURESFOURNISSEURS_020726-060434_ST_FAC02_639185690741033341_001;;;;;;JE.FR.APXIISIM.TAX_RULE;CRE/M;;;;;;;;;;;;;;;;;;;;;AMONTS;;;EMU FIXED;2026-07-03T11:57:10;1;EUR;;ENERGIE;;;GROUPEDKA;;;2026-07-28T00:00:00;7788549;;;91;;;;;;;;;01/07/2026;;;;;;;;;;;;;;;;;;;;;;;;;;;;;;DSW0001;;;;;;;;;;;;;;;;;;;;;;;;;;;;;;;;;;
12381451;0688K2607WXW4;STANDARD;2026-07-01T00:00:00;;5416;;;29731;;380.20;EUR;;;;;;GAZ2607Facture intragroupe CID 0688;;;2026-07-03T11:57:10;1277;1277;2026-07-03T11:57:10;1277;;;;;;;;;;GAZ;FAC02_SRC_FACTURESFOURNISSEURS_020726-060434_ST_FAC02_639185690741033341_001;;;;;;JE.FR.APXIISIM.TAX_RULE;CRE/M;;;;;;;;;;;;;;;;;;;;;AMONTS;;;EMU FIXED;2026-07-03T11:57:10;1;EUR;;ENERGIE;;;GROUPEDKA;;;2026-07-28T00:00:00;7788549;;;91;;;;;;;;;01/07/2026;;;;;;;;;;;;;;;;;;;;;;;;;;;;;;DSW0001;;;;;;;;;;;;;;;;;;;;;;;;;;;;;;;;;;
12381452;0688K2607WXK3;STANDARD;2026-07-01T00:00:00;;5416;;;17273;;1222.58;EUR;;;;;;GAZ2607Facture intragroupe CID 0688;;;2026-07-03T11:57:10;1277;1277;2026-07-03T11:57:10;1277;;;;;;;;;;GAZ;FAC02_SRC_FACTURESFOURNISSEURS_020726-060434_ST_FAC02_639185690741033341_001;;;;;;JE.FR.APXIISIM.TAX_RULE;CRE/M;;;;;;;;;;;;;;;;;;;;;AMONTS;;;EMU FIXED;2026-07-03T11:57:10;1;EUR;;ENERGIE;;;GROUPEDKA;;;2026-07-28T00:00:00;7788309;;;87;;;;;;;;;01/07/2026;;;;;;;;;;;;;;;;;;;;;;;;;;;;;;DLS0001;;;;;;;;;;;;;;;;;;;;;;;;;;;;;;;;;;
12381453;0688K2607WXM6;STANDARD;2026-07-01T00:00:00;;5416;;;23958;;641.99;EUR;;;;;;GAZ2607Facture intragroupe CID 0688;;;2026-07-03T11:57:10;1277;1277;2026-07-03T11:57:10;1277;;;;;;;;;;GAZ;FAC02_SRC_FACTURESFOURNISSEURS_020726-060434_ST_FAC02_639185690741033341_001;;;;;;JE.FR.APXIISIM.TAX_RULE;CRE/M;;;;;;;;;;;;;;;;;;;;;AMONTS;;;EMU FIXED;2026-07-03T11:57:10;1;EUR;;ENERGIE;;;GROUPEDKA;;;2026-07-28T00:00:00;7788489;;;90;;;;;;;;;01/07/2026;;;;;;;;;;;;;;;;;;;;;;;;;;;;;;DRW0001;;;;;;;;;;;;;;;;;;;;;;;;;;;;;;;;;;
12381454;0551R26071398;STANDARD;2026-07-01T00:00:00;;2497;;;44672;;97.20;EUR;;;;;;ING2607Facture intragroupe CID 0551;;;2026-07-03T11:57:10;1277;1277;2026-07-03T11:57:10;1277;;;;;;;;;;ING;FAC02_SRC_FACTURESFOURNISSEURS_020726-060434_ST_FAC02_639185690741033341_001;;;;;;JE.FR.APXIISIM.TAX_RULE;CRE/M;;;;;;;;;;;;;;;;;;;;;AMONTS;;;EMU FIXED;2026-07-03T11:57:10;1;EUR;;ENERGIE;;;GROUPEDKA;;;2026-07-28T00:00:00;7787526;;;90;;;;;;;;;01/07/2026;;;;;;;;;;;;;;;;;;;;;;;;;;;;;;DRW0001;;;;;;;;;;;;;;;;;;;;;;;;;;;;;;;;;;
12381455;0551R26071439;STANDARD;2026-07-01T00:00:00;;2497;;;44672;;824.57;EUR;;;;;;ING2607Facture intragroupe CID 0551;;;2026-07-03T11:57:10;1277;1277;2026-07-03T11:57:10;1277;;;;;;;;;;ING;FAC02_SRC_FACTURESFOURNISSEURS_020726-060434_ST_FAC02_639185690741033341_001;;;;;;JE.FR.APXIISIM.TAX_RULE;CRE/M;;;;;;;;;;;;;;;;;;;;;AMONTS;;;EMU FIXED;2026-07-03T11:57:10;1;EUR;;ENERGIE;;;GROUPEDKA;;;2026-07-28T00:00:00;7787526;;;90;;;;;;;;;01/07/2026;;;;;;;;;;;;;;;;;;;;;;;;;;;;;;DRW0001;;;;;;;;;;;;;;;;;;;;;;;;;;;;;;;;;;
12381456;0551R26071440;STANDARD;2026-07-01T00:00:00;;2497;;;44672;;464.40;EUR;;;;;;ING2607Facture intragroupe CID 0551;;;2026-07-03T11:57:10;1277;1277;2026-07-03T11:57:10;1277;;;;;;;;;;ING;FAC02_SRC_FACTURESFOURNISSEURS_020726-060434_ST_FAC02_639185690741033341_001;;;;;;JE.FR.APXIISIM.TAX_RULE;CRE/M;;;;;;;;;;;;;;;;;;;;;AMONTS;;;EMU FIXED;2026-07-03T11:57:10;1;EUR;;ENERGIE;;;GROUPEDKA;;;2026-07-28T00:00:00;7787526;;;90;;;;;;;;;01/07/2026;;;;;;;;;;;;;;;;;;;;;;;;;;;;;;DRW0001;;;;;;;;;;;;;;;;;;;;;;;;;;;;;;;;;;
12381457;0551R26071530;STANDARD;2026-07-01T00:00:00;;2497;;;44672;;571.50;EUR;;;;;;ING2607Facture intragroupe CID 0551;;;2026-07-03T11:57:10;1277;1277;2026-07-03T11:57:10;1277;;;;;;;;;;ING;FAC02_SRC_FACTURESFOURNISSEURS_020726-060434_ST_FAC02_639185690741033341_001;;;;;;JE.FR.APXIISIM.TAX_RULE;CRE/M;;;;;;;;;;;;;;;;;;;;;AMONTS;;;EMU FIXED;2026-07-03T11:57:10;1;EUR;;ENERGIE;;;GROUPEDKA;;;2026-07-28T00:00:00;7787526;;;90;;;;;;;;;01/07/2026;;;;;;;;;;;;;;;;;;;;;;;;;;;;;;DRW0001;;;;;;;;;;;;;;;;;;;;;;;;;;;;;;;;;;
12381458;0551R26071457;STANDARD;2026-07-01T00:00:00;;2497;;;44672;;3514.21;EUR;;;;;;ING2607Facture intragroupe CID 0551;;;2026-07-03T11:57:10;1277;1277;2026-07-03T11:57:10;1277;;;;;;;;;;ING;FAC02_SRC_FACTURESFOURNISSEURS_020726-060434_ST_FAC02_639185690741033341_001;;;;;;JE.FR.APXIISIM.TAX_RULE;CRE/M;;;;;;;;;;;;;;;;;;;;;AMONTS;;;EMU FIXED;2026-07-03T11:57:10;1;EUR;;ENERGIE;;;GROUPEDKA;;;2026-07-28T00:00:00;7787526;;;90;;;;;;;;;01/07/2026;;;;;;;;;;;;;;;;;;;;;;;;;;;;;;DRW0001;;;;;;;;;;;;;;;;;;;;;;;;;;;;;;;;;;
12381459;0551R26071373;STANDARD;2026-07-01T00:00:00;;2497;;;44672;;256.80;EUR;;;;;;ING2607Facture intragroupe CID 0551;;;2026-07-03T11:57:10;1277;1277;2026-07-03T11:57:10;1277;;;;;;;;;;ING;FAC02_SRC_FACTURESFOURNISSEURS_020726-060434_ST_FAC02_639185690741033341_001;;;;;;JE.FR.APXIISIM.TAX_RULE;CRE/M;;;;;;;;;;;;;;;;;;;;;AMONTS;;;EMU FIXED;2026-07-03T11:57:10;1;EUR;;ENERGIE;;;GROUPEDKA;;;2026-07-28T00:00:00;7787526;;;90;;;;;;;;;01/07/2026;;;;;;;;;;;;;;;;;;;;;;;;;;;;;;DRW0001;;;;;;;;;;;;;;;;;;;;;;;;;;;;;;;;;;
12381460;0551R26071374;STANDARD;2026-07-01T00:00:00;;2497;;;44672;;256.80;EUR;;;;;;ING2607Facture intragroupe CID 0551;;;2026-07-03T11:57:10;1277;1277;2026-07-03T11:57:10;1277;;;;;;;;;;ING;FAC02_SRC_FACTURESFOURNISSEURS_020726-060434_ST_FAC02_639185690741033341_001;;;;;;JE.FR.APXIISIM.TAX_RULE;CRE/M;;;;;;;;;;;;;;;;;;;;;AMONTS;;;EMU FIXED;2026-07-03T11:57:10;1;EUR;;ENERGIE;;;GROUPEDKA;;;2026-07-28T00:00:00;7787526;;;90;;;;;;;;;01/07/2026;;;;;;;;;;;;;;;;;;;;;;;;;;;;;;DRW0001;;;;;;;;;;;;;;;;;;;;;;;;;;;;;;;;;;
12381461;0551R26071375;STANDARD;2026-07-01T00:00:00;;2497;;;44672;;372.60;EUR;;;;;;ING2607Facture intragroupe CID 0551;;;2026-07-03T11:57:10;1277;1277;2026-07-03T11:57:10;1277;;;;;;;;;;ING;FAC02_SRC_FACTURESFOURNISSEURS_020726-060434_ST_FAC02_639185690741033341_001;;;;;;JE.FR.APXIISIM.TAX_RULE;CRE/M;;;;;;;;;;;;;;;;;;;;;AMONTS;;;EMU FIXED;2026-07-03T11:57:10;1;EUR;;ENERGIE;;;GROUPEDKA;;;2026-07-28T00:00:00;7787526;;;90;;;;;;;;;01/07/2026;;;;;;;;;;;;;;;;;;;;;;;;;;;;;;DRW0001;;;;;;;;;;;;;;;;;;;;;;;;;;;;;;;;;;
12381462;0551R26071532;STANDARD;2026-07-01T00:00:00;;2497;;;44672;;28337.77;EUR;;;;;;ING2607Facture intragroupe CID 0551;;;2026-07-03T11:57:10;1277;1277;2026-07-03T11:57:10;1277;;;;;;;;;;ING;FAC02_SRC_FACTURESFOURNISSEURS_020726-060434_ST_FAC02_639185690741033341_001;;;;;;JE.FR.APXIISIM.TAX_RULE;CRE/M;;;;;;;;;;;;;;;;;;;;;AMONTS;;;EMU FIXED;2026-07-03T11:57:10;1;EUR;;ENERGIE;;;GROUPEDKA;;;2026-07-28T00:00:00;7787526;;;90;;;;;;;;;01/07/2026;;;;;;;;;;;;;;;;;;;;;;;;;;;;;;DRW0001;;;;;;;;;;;;;;;;;;;;;;;;;;;;;;;;;;
12381463;0551R26071357;STANDARD;2026-07-01T00:00:00;;2497;;;44672;;191.40;EUR;;;;;;ING2607Facture intragroupe CID 0551;;;2026-07-03T11:57:10;1277;1277;2026-07-03T11:57:10;1277;;;;;;;;;;ING;FAC02_SRC_FACTURESFOURNISSEURS_020726-060434_ST_FAC02_639185690741033341_001;;;;;;JE.FR.APXIISIM.TAX_RULE;CRE/M;;;;;;;;;;;;;;;;;;;;;AMONTS;;;EMU FIXED;2026-07-03T11:57:10;1;EUR;;ENERGIE;;;GROUPEDKA;;;2026-07-28T00:00:00;7787526;;;90;;;;;;;;;01/07/2026;;;;;;;;;;;;;;;;;;;;;;;;;;;;;;DRW0001;;;;;;;;;;;;;;;;;;;;;;;;;;;;;;;;;;
12381464;0551R26071358;STANDARD;2026-07-01T00:00:00;;2497;;;44672;;256.80;EUR;;;;;;ING2607Facture intragroupe CID 0551;;;2026-07-03T11:57:10;1277;1277;2026-07-03T11:57:10;1277;;;;;;;;;;ING;FAC02_SRC_FACTURESFOURNISSEURS_020726-060434_ST_FAC02_639185690741033341_001;;;;;;JE.FR.APXIISIM.TAX_RULE;CRE/M;;;;;;;;;;;;;;;;;;;;;AMONTS;;;EMU FIXED;2026-07-03T11:57:10;1;EUR;;ENERGIE;;;GROUPEDKA;;;2026-07-28T00:00:00;7787526;;;90;;;;;;;;;01/07/2026;;;;;;;;;;;;;;;;;;;;;;;;;;;;;;DRW0001;;;;;;;;;;;;;;;;;;;;;;;;;;;;;;;;;;
12381465;0551R26071359;STANDARD;2026-07-01T00:00:00;;2497;;;44672;;128.40;EUR;;;;;;ING2607Facture intragroupe CID 0551;;;2026-07-03T11:57:10;1277;1277;2026-07-03T11:57:10;1277;;;;;;;;;;ING;FAC02_SRC_FACTURESFOURNISSEURS_020726-060434_ST_FAC02_639185690741033341_001;;;;;;JE.FR.APXIISIM.TAX_RULE;CRE/M;;;;;;;;;;;;;;;;;;;;;AMONTS;;;EMU FIXED;2026-07-03T11:57:10;1;EUR;;ENERGIE;;;GROUPEDKA;;;2026-07-28T00:00:00;7787526;;;90;;;;;;;;;01/07/2026;;;;;;;;;;;;;;;;;;;;;;;;;;;;;;DRW0001;;;;;;;;;;;;;;;;;;;;;;;;;;;;;;;;;;
12381466;0551R26071360;STANDARD;2026-07-01T00:00:00;;2497;;;44672;;186.30;EUR;;;;;;ING2607Facture intragroupe CID 0551;;;2026-07-03T11:57:10;1277;1277;2026-07-03T11:57:10;1277;;;;;;;;;;ING;FAC02_SRC_FACTURESFOURNISSEURS_020726-060434_ST_FAC02_639185690741033341_001;;;;;;JE.FR.APXIISIM.TAX_RULE;CRE/M;;;;;;;;;;;;;;;;;;;;;AMONTS;;;EMU FIXED;2026-07-03T11:57:10;1;EUR;;ENERGIE;;;GROUPEDKA;;;2026-07-28T00:00:00;7787526;;;90;;;;;;;;;01/07/2026;;;;;;;;;;;;;;;;;;;;;;;;;;;;;;DRW0001;;;;;;;;;;;;;;;;;;;;;;;;;;;;;;;;;;
12381467;0551R26071361;STANDARD;2026-07-01T00:00:00;;2497;;;44672;;197.40;EUR;;;;;;ING2607Facture intragroupe CID 0551;;;2026-07-03T11:57:10;1277;1277;2026-07-03T11:57:10;1277;;;;;;;;;;ING;FAC02_SRC_FACTURESFOURNISSEURS_020726-060434_ST_FAC02_639185690741033341_001;;;;;;JE.FR.APXIISIM.TAX_RULE;CRE/M;;;;;;;;;;;;;;;;;;;;;AMONTS;;;EMU FIXED;2026-07-03T11:57:10;1;EUR;;ENERGIE;;;GROUPEDKA;;;2026-07-28T00:00:00;7787526;;;90;;;;;;;;;01/07/2026;;;;;;;;;;;;;;;;;;;;;;;;;;;;;;DRW0001;;;;;;;;;;;;;;;;;;;;;;;;;;;;;;;;;;
12381468;0551R26071362;STANDARD;2026-07-01T00:00:00;;2497;;;44672;;197.40;EUR;;;;;;ING2607Facture intragroupe CID 0551;;;2026-07-03T11:57:10;1277;1277;2026-07-03T11:57:10;1277;;;;;;;;;;ING;FAC02_SRC_FACTURESFOURNISSEURS_020726-060434_ST_FAC02_639185690741033341_001;;;;;;JE.FR.APXIISIM.TAX_RULE;CRE/M;;;;;;;;;;;;;;;;;;;;;AMONTS;;;EMU FIXED;2026-07-03T11:57:10;1;EUR;;ENERGIE;;;GROUPEDKA;;;2026-07-28T00:00:00;7787526;;;90;;;;;;;;;01/07/2026;;;;;;;;;;;;;;;;;;;;;;;;;;;;;;DRW0001;;;;;;;;;;;;;;;;;;;;;;;;;;;;;;;;;;
12381469;0551R26071363;STANDARD;2026-07-01T00:00:00;;2497;;;44672;;332.40;EUR;;;;;;ING2607Facture intragroupe CID 0551;;;2026-07-03T11:57:10;1277;1277;2026-07-03T11:57:10;1277;;;;;;;;;;ING;FAC02_SRC_FACTURESFOURNISSEURS_020726-060434_ST_FAC02_639185690741033341_001;;;;;;JE.FR.APXIISIM.TAX_RULE;CRE/M;;;;;;;;;;;;;;;;;;;;;AMONTS;;;EMU FIXED;2026-07-03T11:57:10;1;EUR;;ENERGIE;;;GROUPEDKA;;;2026-07-28T00:00:00;7787526;;;90;;;;;;;;;01/07/2026;;;;;;;;;;;;;;;;;;;;;;;;;;;;;;DRW0001;;;;;;;;;;;;;;;;;;;;;;;;;;;;;;;;;;
12381470;0551R26071364;STANDARD;2026-07-01T00:00:00;;2497;;;44672;;256.80;EUR;;;;;;ING2607Facture intragroupe CID 0551;;;2026-07-03T11:57:10;1277;1277;2026-07-03T11:57:10;1277;;;;;;;;;;ING;FAC02_SRC_FACTURESFOURNISSEURS_020726-060434_ST_FAC02_639185690741033341_001;;;;;;JE.FR.APXIISIM.TAX_RULE;CRE/M;;;;;;;;;;;;;;;;;;;;;AMONTS;;;EMU FIXED;2026-07-03T11:57:10;1;EUR;;ENERGIE;;;GROUPEDKA;;;2026-07-28T00:00:00;7787526;;;90;;;;;;;;;01/07/2026;;;;;;;;;;;;;;;;;;;;;;;;;;;;;;DRW0001;;;;;;;;;;;;;;;;;;;;;;;;;;;;;;;;;;
12381471;0551R26071464;STANDARD;2026-07-01T00:00:00;;2497;;;44672;;813.29;EUR;;;;;;ING2607Facture intragroupe CID 0551;;;2026-07-03T11:57:10;1277;1277;2026-07-03T11:57:10;1277;;;;;;;;;;ING;FAC02_SRC_FACTURESFOURNISSEURS_020726-060434_ST_FAC02_639185690741033341_001;;;;;;JE.FR.APXIISIM.TAX_RULE;CRE/M;;;;;;;;;;;;;;;;;;;;;AMONTS;;;EMU FIXED;2026-07-03T11:57:10;1;EUR;;ENERGIE;;;GROUPEDKA;;;2026-07-28T00:00:00;7787526;;;90;;;;;;;;;01/07/2026;;;;;;;;;;;;;;;;;;;;;;;;;;;;;;DRW0001;;;;;;;;;;;;;;;;;;;;;;;;;;;;;;;;;;
12381472;0551R26071497;STANDARD;2026-07-01T00:00:00;;2497;;;44672;;1848.30;EUR;;;;;;ING2607Facture intragroupe CID 0551;;;2026-07-03T11:57:10;1277;1277;2026-07-03T11:57:10;1277;;;;;;;;;;ING;FAC02_SRC_FACTURESFOURNISSEURS_020726-060434_ST_FAC02_639185690741033341_001;;;;;;JE.FR.APXIISIM.TAX_RULE;CRE/M;;;;;;;;;;;;;;;;;;;;;AMONTS;;;EMU FIXED;2026-07-03T11:57:10;1;EUR;;ENERGIE;;;GROUPEDKA;;;2026-07-28T00:00:00;7787526;;;90;;;;;;;;;01/07/2026;;;;;;;;;;;;;;;;;;;;;;;;;;;;;;DRW0001;;;;;;;;;;;;;;;;;;;;;;;;;;;;;;;;;;
12381473;0551R26071369;STANDARD;2026-07-01T00:00:00;;2497;;;44672;;748.40;EUR;;;;;;ING2607Facture intragroupe CID 0551;;;2026-07-03T11:57:10;1277;1277;2026-07-03T11:57:10;1277;;;;;;;;;;ING;FAC02_SRC_FACTURESFOURNISSEURS_020726-060434_ST_FAC02_639185690741033341_001;;;;;;JE.FR.APXIISIM.TAX_RULE;CRE/M;;;;;;;;;;;;;;;;;;;;;AMONTS;;;EMU FIXED;2026-07-03T11:57:10;1;EUR;;ENERGIE;;;GROUPEDKA;;;2026-07-28T00:00:00;7787526;;;90;;;;;;;;;01/07/2026;;;;;;;;;;;;;;;;;;;;;;;;;;;;;;DRW0001;;;;;;;;;;;;;;;;;;;;;;;;;;;;;;;;;;
12381474;0688K2607WWW3;STANDARD;2026-07-01T00:00:00;;5416;;;18431;;232.20;EUR;;;;;;GAZ2607Facture intragroupe CID 0688;;;2026-07-03T11:57:10;1277;1277;2026-07-03T11:57:10;1277;;;;;;;;;;GAZ;FAC02_SRC_FACTURESFOURNISSEURS_020726-060434_ST_FAC02_639185690741033341_001;;;;;;JE.FR.APXIISIM.TAX_RULE;CRE/M;;;;;;;;;;;;;;;;;;;;;AMONTS;;;EMU FIXED;2026-07-03T11:57:10;1;EUR;;ENERGIE;;;GROUPEDKA;;;2026-07-28T00:00:00;7788225;;;85;;;;;;;;;01/07/2026;;;;;;;;;;;;;;;;;;;;;;;;;;;;;;DCW0001;;;;;;;;;;;;;;;;;;;;;;;;;;;;;;;;;;
12381475;0511N26070391;STANDARD;2026-07-01T00:00:00;;3466;;;5962;;29825.93;EUR;;;;;;ING2607Facture intragroupe CID 0511;;;2026-07-03T11:57:10;1277;1277;2026-07-03T11:57:10;1277;;;;;;;;;;ING;FAC02_SRC_FACTURESFOURNISSEURS_020726-060434_ST_FAC02_639185690741033341_001;;;;;;JE.FR.APXIISIM.TAX_RULE;CRE/M;;;;;;;;;;;;;;;;;;;;;AMONTS;;;EMU FIXED;2026-07-03T11:57:10;1;EUR;;ENERGIE;;;GROUPEDKA;;;2026-07-28T00:00:00;7788093;;;89;;;;;;;;;01/07/2026;;;;;;;;;;;;;;;;;;;;;;;;;;;;;;DNA0001;;;;;;;;;;;;;;;;;;;;;;;;;;;;;;;;;;
12381476;0551R26071338;STANDARD;2026-07-01T00:00:00;;2497;;;44672;;1055.26;EUR;;;;;;ING2607Facture intragroupe CID 0551;;;2026-07-03T11:57:10;1277;1277;2026-07-03T11:57:10;1277;;;;;;;;;;ING;FAC02_SRC_FACTURESFOURNISSEURS_020726-060434_ST_FAC02_639185690741033341_001;;;;;;JE.FR.APXIISIM.TAX_RULE;CRE/M;;;;;;;;;;;;;;;;;;;;;AMONTS;;;EMU FIXED;2026-07-03T11:57:10;1;EUR;;ENERGIE;;;GROUPEDKA;;;2026-07-28T00:00:00;7787526;;;90;;;;;;;;;01/07/2026;;;;;;;;;;;;;;;;;;;;;;;;;;;;;;DRW0001;;;;;;;;;;;;;;;;;;;;;;;;;;;;;;;;;;
12381477;0551R26071487;STANDARD;2026-07-01T00:00:00;;2497;;;44672;;1171.42;EUR;;;;;;ING2607Facture intragroupe CID 0551;;;2026-07-03T11:57:10;1277;1277;2026-07-03T11:57:10;1277;;;;;;;;;;ING;FAC02_SRC_FACTURESFOURNISSEURS_020726-060434_ST_FAC02_639185690741033341_001;;;;;;JE.FR.APXIISIM.TAX_RULE;CRE/M;;;;;;;;;;;;;;;;;;;;;AMONTS;;;EMU FIXED;2026-07-03T11:57:10;1;EUR;;ENERGIE;;;GROUPEDKA;;;2026-07-28T00:00:00;7787526;;;90;;;;;;;;;01/07/2026;;;;;;;;;;;;;;;;;;;;;;;;;;;;;;DRW0001;;;;;;;;;;;;;;;;;;;;;;;;;;;;;;;;;;
12381478;0551R26071488;STANDARD;2026-07-01T00:00:00;;2497;;;44672;;1286.36;EUR;;;;;;ING2607Facture intragroupe CID 0551;;;2026-07-03T11:57:10;1277;1277;2026-07-03T11:57:10;1277;;;;;;;;;;ING;FAC02_SRC_FACTURESFOURNISSEURS_020726-060434_ST_FAC02_639185690741033341_001;;;;;;JE.FR.APXIISIM.TAX_RULE;CRE/M;;;;;;;;;;;;;;;;;;;;;AMONTS;;;EMU FIXED;2026-07-03T11:57:10;1;EUR;;ENERGIE;;;GROUPEDKA;;;2026-07-28T00:00:00;7787526;;;90;;;;;;;;;01/07/2026;;;;;;;;;;;;;;;;;;;;;;;;;;;;;;DRW0001;;;;;;;;;;;;;;;;;;;;;;;;;;;;;;;;;;
12381479;0551R26071453;STANDARD;2026-07-01T00:00:00;;2497;;;44672;;202.09;EUR;;;;;;ING2607Facture intragroupe CID 0551;;;2026-07-03T11:57:10;1277;1277;2026-07-03T11:57:10;1277;;;;;;;;;;ING;FAC02_SRC_FACTURESFOURNISSEURS_020726-060434_ST_FAC02_639185690741033341_001;;;;;;JE.FR.APXIISIM.TAX_RULE;CRE/M;;;;;;;;;;;;;;;;;;;;;AMONTS;;;EMU FIXED;2026-07-03T11:57:10;1;EUR;;ENERGIE;;;GROUPEDKA;;;2026-07-28T00:00:00;7787526;;;90;;;;;;;;;01/07/2026;;;;;;;;;;;;;;;;;;;;;;;;;;;;;;DRW0001;;;;;;;;;;;;;;;;;;;;;;;;;;;;;;;;;;
12381480;0688K2607WXK8;STANDARD;2026-07-01T00:00:00;;5416;;;18431;;107.58;EUR;;;;;;GAZ2607Facture intragroupe CID 0688;;;2026-07-03T11:57:10;1277;1277;2026-07-03T11:57:10;1277;;;;;;;;;;GAZ;FAC02_SRC_FACTURESFOURNISSEURS_020726-060434_ST_FAC02_639185690741033341_001;;;;;;JE.FR.APXIISIM.TAX_RULE;CRE/M;;;;;;;;;;;;;;;;;;;;;AMONTS;;;EMU FIXED;2026-07-03T11:57:10;1;EUR;;ENERGIE;;;GROUPEDKA;;;2026-07-28T00:00:00;7788225;;;85;;;;;;;;;01/07/2026;;;;;;;;;;;;;;;;;;;;;;;;;;;;;;DCW0001;;;;;;;;;;;;;;;;;;;;;;;;;;;;;;;;;;
12381481;0688K2607WWS6;STANDARD;2026-07-01T00:00:00;;5416;;;39959;;402.01;EUR;;;;;;GAZ2607Facture intragroupe CID 0688;;;2026-07-03T11:57:10;1277;1277;2026-07-03T11:57:10;1277;;;;;;;;;;GAZ;FAC02_SRC_FACTURESFOURNISSEURS_020726-060434_ST_FAC02_639185690741033341_001;;;;;;JE.FR.APXIISIM.TAX_RULE;CRE/M;;;;;;;;;;;;;;;;;;;;;AMONTS;;;EMU FIXED;2026-07-03T11:57:10;1;EUR;;ENERGIE;;;GROUPEDKA;;;2026-07-28T00:00:00;7788414;;;89;;;;;;;;;01/07/2026;;;;;;;;;;;;;;;;;;;;;;;;;;;;;;DNA0001;;;;;;;;;;;;;;;;;;;;;;;;;;;;;;;;;;
12381482;0551R26071552;STANDARD;2026-07-01T00:00:00;;2497;;;44672;;1432.08;EUR;;;;;;ING2607Facture intragroupe CID 0551;;;2026-07-03T11:57:10;1277;1277;2026-07-03T11:57:10;1277;;;;;;;;;;ING;FAC02_SRC_FACTURESFOURNISSEURS_020726-060434_ST_FAC02_639185690741033341_001;;;;;;JE.FR.APXIISIM.TAX_RULE;CRE/M;;;;;;;;;;;;;;;;;;;;;AMONTS;;;EMU FIXED;2026-07-03T11:57:10;1;EUR;;ENERGIE;;;GROUPEDKA;;;2026-07-28T00:00:00;7787526;;;90;;;;;;;;;01/07/2026;;;;;;;;;;;;;;;;;;;;;;;;;;;;;;DRW0001;;;;;;;;;;;;;;;;;;;;;;;;;;;;;;;;;;
12381483;0688K2607WXS8;STANDARD;2026-07-01T00:00:00;;5416;;;29731;;1571.08;EUR;;;;;;GAZ2607Facture intragroupe CID 0688;;;2026-07-03T11:57:10;1277;1277;2026-07-03T11:57:10;1277;;;;;;;;;;GAZ;FAC02_SRC_FACTURESFOURNISSEURS_020726-060434_ST_FAC02_639185690741033341_001;;;;;;JE.FR.APXIISIM.TAX_RULE;CRE/M;;;;;;;;;;;;;;;;;;;;;AMONTS;;;EMU FIXED;2026-07-03T11:57:10;1;EUR;;ENERGIE;;;GROUPEDKA;;;2026-07-28T00:00:00;7788549;;;91;;;;;;;;;01/07/2026;;;;;;;;;;;;;;;;;;;;;;;;;;;;;;DSW0001;;;;;;;;;;;;;;;;;;;;;;;;;;;;;;;;;;
12381484;0688K2607WXT7;STANDARD;2026-07-01T00:00:00;;5416;;;29731;;220.05;EUR;;;;;;GAZ2607Facture intragroupe CID 0688;;;2026-07-03T11:57:10;1277;1277;2026-07-03T11:57:10;1277;;;;;;;;;;GAZ;FAC02_SRC_FACTURESFOURNISSEURS_020726-060434_ST_FAC02_639185690741033341_001;;;;;;JE.FR.APXIISIM.TAX_RULE;CRE/M;;;;;;;;;;;;;;;;;;;;;AMONTS;;;EMU FIXED;2026-07-03T11:57:10;1;EUR;;ENERGIE;;;GROUPEDKA;;;2026-07-28T00:00:00;7788549;;;91;;;;;;;;;01/07/2026;;;;;;;;;;;;;;;;;;;;;;;;;;;;;;DSW0001;;;;;;;;;;;;;;;;;;;;;;;;;;;;;;;;;;
12381485;0688K2607WXM1;CREDIT;2026-07-01T00:00:00;;5416;;;23958;;-630.46;EUR;;;;;;GAZ2607Facture intragroupe CID 0688;;;2026-07-03T11:57:10;1277;1277;2026-07-03T11:57:10;1277;;;;;;;;;;GAZ;FAC02_SRC_FACTURESFOURNISSEURS_020726-060434_ST_FAC02_639185690741033341_001;;;;;;JE.FR.APXIISIM.TAX_RULE;CRE/M;;;;;;;;;;;;;;;;;;;;;AMONTS;;;EMU FIXED;2026-07-03T11:57:10;1;EUR;;ENERGIE;;;GROUPEDKA;;;2026-07-28T00:00:00;7788489;;;90;;;;;;;;;01/07/2026;;;;;;;;;;;;;;;;;;;;;;;;;;;;;;DRW0001;;;;;;;;;;;;;;;;;;;;;;;;;;;;;;;;;;
12381486;0551R26071433;STANDARD;2026-07-01T00:00:00;;2497;;;44672;;529.01;EUR;;;;;;ING2607Facture intragroupe CID 0551;;;2026-07-03T11:57:10;1277;1277;2026-07-03T11:57:10;1277;;;;;;;;;;ING;FAC02_SRC_FACTURESFOURNISSEURS_020726-060434_ST_FAC02_639185690741033341_001;;;;;;JE.FR.APXIISIM.TAX_RULE;CRE/M;;;;;;;;;;;;;;;;;;;;;AMONTS;;;EMU FIXED;2026-07-03T11:57:10;1;EUR;;ENERGIE;;;GROUPEDKA;;;2026-07-28T00:00:00;7787526;;;90;;;;;;;;;01/07/2026;;;;;;;;;;;;;;;;;;;;;;;;;;;;;;DRW0001;;;;;;;;;;;;;;;;;;;;;;;;;;;;;;;;;;
12381487;0551R26071434;STANDARD;2026-07-01T00:00:00;;2497;;;44672;;423.34;EUR;;;;;;ING2607Facture intragroupe CID 0551;;;2026-07-03T11:57:10;1277;1277;2026-07-03T11:57:10;1277;;;;;;;;;;ING;FAC02_SRC_FACTURESFOURNISSEURS_020726-060434_ST_FAC02_639185690741033341_001;;;;;;JE.FR.APXIISIM.TAX_RULE;CRE/M;;;;;;;;;;;;;;;;;;;;;AMONTS;;;EMU FIXED;2026-07-03T11:57:10;1;EUR;;ENERGIE;;;GROUPEDKA;;;2026-07-28T00:00:00;7787526;;;90;;;;;;;;;01/07/2026;;;;;;;;;;;;;;;;;;;;;;;;;;;;;;DRW0001;;;;;;;;;;;;;;;;;;;;;;;;;;;;;;;;;;
12381488;0688K2607WWP6;STANDARD;2026-07-01T00:00:00;;5416;;;39959;;157.84;EUR;;;;;;GAZ2607Facture intragroupe CID 0688;;;2026-07-03T11:57:10;1277;1277;2026-07-03T11:57:10;1277;;;;;;;;;;GAZ;FAC02_SRC_FACTURESFOURNISSEURS_020726-060434_ST_FAC02_639185690741033341_001;;;;;;JE.FR.APXIISIM.TAX_RULE;CRE/M;;;;;;;;;;;;;;;;;;;;;AMONTS;;;EMU FIXED;2026-07-03T11:57:10;1;EUR;;ENERGIE;;;GROUPEDKA;;;2026-07-28T00:00:00;7788414;;;89;;;;;;;;;01/07/2026;;;;;;;;;;;;;;;;;;;;;;;;;;;;;;DNA0001;;;;;;;;;;;;;;;;;;;;;;;;;;;;;;;;;;
12381489;0688K2607WWS0;STANDARD;2026-07-01T00:00:00;;5416;;;39959;;156.72;EUR;;;;;;GAZ2607Facture intragroupe CID 0688;;;2026-07-03T11:57:10;1277;1277;2026-07-03T11:57:10;1277;;;;;;;;;;GAZ;FAC02_SRC_FACTURESFOURNISSEURS_020726-060434_ST_FAC02_639185690741033341_001;;;;;;JE.FR.APXIISIM.TAX_RULE;CRE/M;;;;;;;;;;;;;;;;;;;;;AMONTS;;;EMU FIXED;2026-07-03T11:57:10;1;EUR;;ENERGIE;;;GROUPEDKA;;;2026-07-28T00:00:00;7788414;;;89;;;;;;;;;01/07/2026;;;;;;;;;;;;;;;;;;;;;;;;;;;;;;DNA0001;;;;;;;;;;;;;;;;;;;;;;;;;;;;;;;;;;
12381490;0688K2607WWS2;STANDARD;2026-07-01T00:00:00;;5416;;;39959;;88.76;EUR;;;;;;GAZ2607Facture intragroupe CID 0688;;;2026-07-03T11:57:10;1277;1277;2026-07-03T11:57:10;1277;;;;;;;;;;GAZ;FAC02_SRC_FACTURESFOURNISSEURS_020726-060434_ST_FAC02_639185690741033341_001;;;;;;JE.FR.APXIISIM.TAX_RULE;CRE/M;;;;;;;;;;;;;;;;;;;;;AMONTS;;;EMU FIXED;2026-07-03T11:57:10;1;EUR;;ENERGIE;;;GROUPEDKA;;;2026-07-28T00:00:00;7788414;;;89;;;;;;;;;01/07/2026;;;;;;;;;;;;;;;;;;;;;;;;;;;;;;DNA0001;;;;;;;;;;;;;;;;;;;;;;;;;;;;;;;;;;
12381491;0688K2607WXW5;STANDARD;2026-07-01T00:00:00;;5416;;;29731;;440.74;EUR;;;;;;GAZ2607Facture intragroupe CID 0688;;;2026-07-03T11:57:10;1277;1277;2026-07-03T11:57:10;1277;;;;;;;;;;GAZ;FAC02_SRC_FACTURESFOURNISSEURS_020726-060434_ST_FAC02_639185690741033341_001;;;;;;JE.FR.APXIISIM.TAX_RULE;CRE/M;;;;;;;;;;;;;;;;;;;;;AMONTS;;;EMU FIXED;2026-07-03T11:57:10;1;EUR;;ENERGIE;;;GROUPEDKA;;;2026-07-28T00:00:00;7788549;;;91;;;;;;;;;01/07/2026;;;;;;;;;;;;;;;;;;;;;;;;;;;;;;DSW0001;;;;;;;;;;;;;;;;;;;;;;;;;;;;;;;;;;
12381492;0688K2607WXE2;STANDARD;2026-07-01T00:00:00;;5416;;;10557;;57.40;EUR;;;;;;GAZ2607Facture intragroupe CID 0688;;;2026-07-03T11:57:10;1277;1277;2026-07-03T11:57:10;1277;;;;;;;;;;GAZ;FAC02_SRC_FACTURESFOURNISSEURS_020726-060434_ST_FAC02_639185690741033341_001;;;;;;JE.FR.APXIISIM.TAX_RULE;CRE/M;;;;;;;;;;;;;;;;;;;;;AMONTS;;;EMU FIXED;2026-07-03T11:57:10;1;EUR;;ENERGIE;;;GROUPEDKA;;;2026-07-28T00:00:00;7788357;;;88;;;;;;;;;01/07/2026;;;;;;;;;;;;;;;;;;;;;;;;;;;;;;DMS0001;;;;;;;;;;;;;;;;;;;;;;;;;;;;;;;;;;
12381493;0688K2607WXR5;STANDARD;2026-07-01T00:00:00;;5416;;;29731;;250.32;EUR;;;;;;GAZ2607Facture intragroupe CID 0688;;;2026-07-03T11:57:10;1277;1277;2026-07-03T11:57:10;1277;;;;;;;;;;GAZ;FAC02_SRC_FACTURESFOURNISSEURS_020726-060434_ST_FAC02_639185690741033341_001;;;;;;JE.FR.APXIISIM.TAX_RULE;CRE/M;;;;;;;;;;;;;;;;;;;;;AMONTS;;;EMU FIXED;2026-07-03T11:57:10;1;EUR;;ENERGIE;;;GROUPEDKA;;;2026-07-28T00:00:00;7788549;;;91;;;;;;;;;01/07/2026;;;;;;;;;;;;;;;;;;;;;;;;;;;;;;DSW0001;;;;;;;;;;;;;;;;;;;;;;;;;;;;;;;;;;
12381494;0688K2607WXU7;STANDARD;2026-07-01T00:00:00;;5416;;;29731;;212.18;EUR;;;;;;GAZ2607Facture intragroupe CID 0688;;;2026-07-03T11:57:10;1277;1277;2026-07-03T11:57:10;1277;;;;;;;;;;GAZ;FAC02_SRC_FACTURESFOURNISSEURS_020726-060434_ST_FAC02_639185690741033341_001;;;;;;JE.FR.APXIISIM.TAX_RULE;CRE/M;;;;;;;;;;;;;;;;;;;;;AMONTS;;;EMU FIXED;2026-07-03T11:57:10;1;EUR;;ENERGIE;;;GROUPEDKA;;;2026-07-28T00:00:00;7788549;;;91;;;;;;;;;01/07/2026;;;;;;;;;;;;;;;;;;;;;;;;;;;;;;DSW0001;;;;;;;;;;;;;;;;;;;;;;;;;;;;;;;;;;
12381495;0688K2607WXE5;STANDARD;2026-07-01T00:00:00;;5416;;;10557;;263.11;EUR;;;;;;GAZ2607Facture intragroupe CID 0688;;;2026-07-03T11:57:10;1277;1277;2026-07-03T11:57:10;1277;;;;;;;;;;GAZ;FAC02_SRC_FACTURESFOURNISSEURS_020726-060434_ST_FAC02_639185690741033341_001;;;;;;JE.FR.APXIISIM.TAX_RULE;CRE/M;;;;;;;;;;;;;;;;;;;;;AMONTS;;;EMU FIXED;2026-07-03T11:57:10;1;EUR;;ENERGIE;;;GROUPEDKA;;;2026-07-28T00:00:00;7788357;;;88;;;;;;;;;01/07/2026;;;;;;;;;;;;;;;;;;;;;;;;;;;;;;DMS0001;;;;;;;;;;;;;;;;;;;;;;;;;;;;;;;;;;
12381496;0688K2607WWV4;STANDARD;2026-07-01T00:00:00;;5416;;;17273;;1050.59;EUR;;;;;;GAZ2607Facture intragroupe CID 0688;;;2026-07-03T11:57:10;1277;1277;2026-07-03T11:57:10;1277;;;;;;;;;;GAZ;FAC02_SRC_FACTURESFOURNISSEURS_020726-060434_ST_FAC02_639185690741033341_001;;;;;;JE.FR.APXIISIM.TAX_RULE;CRE/M;;;;;;;;;;;;;;;;;;;;;AMONTS;;;EMU FIXED;2026-07-03T11:57:10;1;EUR;;ENERGIE;;;GROUPEDKA;;;2026-07-28T00:00:00;7788309;;;87;;;;;;;;;01/07/2026;;;;;;;;;;;;;;;;;;;;;;;;;;;;;;DLS0001;;;;;;;;;;;;;;;;;;;;;;;;;;;;;;;;;;
12381497;0551R26071411;STANDARD;2026-07-01T00:00:00;;2497;;;44672;;101.66;EUR;;;;;;ING2607Facture intragroupe CID 0551;;;2026-07-03T11:57:10;1277;1277;2026-07-03T11:57:10;1277;;;;;;;;;;ING;FAC02_SRC_FACTURESFOURNISSEURS_020726-060434_ST_FAC02_639185690741033341_001;;;;;;JE.FR.APXIISIM.TAX_RULE;CRE/M;;;;;;;;;;;;;;;;;;;;;AMONTS;;;EMU FIXED;2026-07-03T11:57:10;1;EUR;;ENERGIE;;;GROUPEDKA;;;2026-07-28T00:00:00;7787526;;;90;;;;;;;;;01/07/2026;;;;;;;;;;;;;;;;;;;;;;;;;;;;;;DRW0001;;;;;;;;;;;;;;;;;;;;;;;;;;;;;;;;;;
12381498;0551R26071510;STANDARD;2026-07-01T00:00:00;;2497;;;44672;;4120.40;EUR;;;;;;ING2607Facture intragroupe CID 0551;;;2026-07-03T11:57:10;1277;1277;2026-07-03T11:57:10;1277;;;;;;;;;;ING;FAC02_SRC_FACTURESFOURNISSEURS_020726-060434_ST_FAC02_639185690741033341_001;;;;;;JE.FR.APXIISIM.TAX_RULE;CRE/M;;;;;;;;;;;;;;;;;;;;;AMONTS;;;EMU FIXED;2026-07-03T11:57:10;1;EUR;;ENERGIE;;;GROUPEDKA;;;2026-07-28T00:00:00;7787526;;;90;;;;;;;;;01/07/2026;;;;;;;;;;;;;;;;;;;;;;;;;;;;;;DRW0001;;;;;;;;;;;;;;;;;;;;;;;;;;;;;;;;;;
12381499;0551R26071509;STANDARD;2026-07-01T00:00:00;;2497;;;44672;;2626.80;EUR;;;;;;ING2607Facture intragroupe CID 0551;;;2026-07-03T11:57:10;1277;1277;2026-07-03T11:57:10;1277;;;;;;;;;;ING;FAC02_SRC_FACTURESFOURNISSEURS_020726-060434_ST_FAC02_639185690741033341_001;;;;;;JE.FR.APXIISIM.TAX_RULE;CRE/M;;;;;;;;;;;;;;;;;;;;;AMONTS;;;EMU FIXED;2026-07-03T11:57:10;1;EUR;;ENERGIE;;;GROUPEDKA;;;2026-07-28T00:00:00;7787526;;;90;;;;;;;;;01/07/2026;;;;;;;;;;;;;;;;;;;;;;;;;;;;;;DRW0001;;;;;;;;;;;;;;;;;;;;;;;;;;;;;;;;;;
12381500;0551R26071399;STANDARD;2026-07-01T00:00:00;;2497;;;44672;;247.80;EUR;;;;;;ING2607Facture intragroupe CID 0551;;;2026-07-03T11:57:10;1277;1277;2026-07-03T11:57:10;1277;;;;;;;;;;ING;FAC02_SRC_FACTURESFOURNISSEURS_020726-060434_ST_FAC02_639185690741033341_001;;;;;;JE.FR.APXIISIM.TAX_RULE;CRE/M;;;;;;;;;;;;;;;;;;;;;AMONTS;;;EMU FIXED;2026-07-03T11:57:10;1;EUR;;ENERGIE;;;GROUPEDKA;;;2026-07-28T00:00:00;7787526;;;90;;;;;;;;;01/07/2026;;;;;;;;;;;;;;;;;;;;;;;;;;;;;;DRW0001;;;;;;;;;;;;;;;;;;;;;;;;;;;;;;;;;;
12381501;0551R26071400;STANDARD;2026-07-01T00:00:00;;2497;;;44672;;194.40;EUR;;;;;;ING2607Facture intragroupe CID 0551;;;2026-07-03T11:57:10;1277;1277;2026-07-03T11:57:10;1277;;;;;;;;;;ING;FAC02_SRC_FACTURESFOURNISSEURS_020726-060434_ST_FAC02_639185690741033341_001;;;;;;JE.FR.APXIISIM.TAX_RULE;CRE/M;;;;;;;;;;;;;;;;;;;;;AMONTS;;;EMU FIXED;2026-07-03T11:57:10;1;EUR;;ENERGIE;;;GROUPEDKA;;;2026-07-28T00:00:00;7787526;;;90;;;;;;;;;01/07/2026;;;;;;;;;;;;;;;;;;;;;;;;;;;;;;DRW0001;;;;;;;;;;;;;;;;;;;;;;;;;;;;;;;;;;
12381502;0551R26071401;STANDARD;2026-07-01T00:00:00;;2497;;;44672;;987.00;EUR;;;;;;ING2607Facture intragroupe CID 0551;;;2026-07-03T11:57:10;1277;1277;2026-07-03T11:57:10;1277;;;;;;;;;;ING;FAC02_SRC_FACTURESFOURNISSEURS_020726-060434_ST_FAC02_639185690741033341_001;;;;;;JE.FR.APXIISIM.TAX_RULE;CRE/M;;;;;;;;;;;;;;;;;;;;;AMONTS;;;EMU FIXED;2026-07-03T11:57:10;1;EUR;;ENERGIE;;;GROUPEDKA;;;2026-07-28T00:00:00;7787526;;;90;;;;;;;;;01/07/2026;;;;;;;;;;;;;;;;;;;;;;;;;;;;;;DRW0001;;;;;;;;;;;;;;;;;;;;;;;;;;;;;;;;;;
12381503;0551R26071402;STANDARD;2026-07-01T00:00:00;;2497;;;44672;;61.20;EUR;;;;;;ING2607Facture intragroupe CID 0551;;;2026-07-03T11:57:10;1277;1277;2026-07-03T11:57:10;1277;;;;;;;;;;ING;FAC02_SRC_FACTURESFOURNISSEURS_020726-060434_ST_FAC02_639185690741033341_001;;;;;;JE.FR.APXIISIM.TAX_RULE;CRE/M;;;;;;;;;;;;;;;;;;;;;AMONTS;;;EMU FIXED;2026-07-03T11:57:10;1;EUR;;ENERGIE;;;GROUPEDKA;;;2026-07-28T00:00:00;7787526;;;90;;;;;;;;;01/07/2026;;;;;;;;;;;;;;;;;;;;;;;;;;;;;;DRW0001;;;;;;;;;;;;;;;;;;;;;;;;;;;;;;;;;;
12381504;0551R26071403;STANDARD;2026-07-01T00:00:00;;2497;;;44672;;244.20;EUR;;;;;;ING2607Facture intragroupe CID 0551;;;2026-07-03T11:57:10;1277;1277;2026-07-03T11:57:10;1277;;;;;;;;;;ING;FAC02_SRC_FACTURESFOURNISSEURS_020726-060434_ST_FAC02_639185690741033341_001;;;;;;JE.FR.APXIISIM.TAX_RULE;CRE/M;;;;;;;;;;;;;;;;;;;;;AMONTS;;;EMU FIXED;2026-07-03T11:57:10;1;EUR;;ENERGIE;;;GROUPEDKA;;;2026-07-28T00:00:00;7787526;;;90;;;;;;;;;01/07/2026;;;;;;;;;;;;;;;;;;;;;;;;;;;;;;DRW0001;;;;;;;;;;;;;;;;;;;;;;;;;;;;;;;;;;
12381505;0551R26071526;STANDARD;2026-07-01T00:00:00;;2497;;;44672;;2696.95;EUR;;;;;;ING2607Facture intragroupe CID 0551;;;2026-07-03T11:57:10;1277;1277;2026-07-03T11:57:10;1277;;;;;;;;;;ING;FAC02_SRC_FACTURESFOURNISSEURS_020726-060434_ST_FAC02_639185690741033341_001;;;;;;JE.FR.APXIISIM.TAX_RULE;CRE/M;;;;;;;;;;;;;;;;;;;;;AMONTS;;;EMU FIXED;2026-07-03T11:57:10;1;EUR;;ENERGIE;;;GROUPEDKA;;;2026-07-28T00:00:00;7787526;;;90;;;;;;;;;01/07/2026;;;;;;;;;;;;;;;;;;;;;;;;;;;;;;DRW0001;;;;;;;;;;;;;;;;;;;;;;;;;;;;;;;;;;
12381506;0551R26071366;STANDARD;2026-07-01T00:00:00;;2497;;;44672;;285.00;EUR;;;;;;ING2607Facture intragroupe CID 0551;;;2026-07-03T11:57:10;1277;1277;2026-07-03T11:57:10;1277;;;;;;;;;;ING;FAC02_SRC_FACTURESFOURNISSEURS_020726-060434_ST_FAC02_639185690741033341_001;;;;;;JE.FR.APXIISIM.TAX_RULE;CRE/M;;;;;;;;;;;;;;;;;;;;;AMONTS;;;EMU FIXED;2026-07-03T11:57:10;1;EUR;;ENERGIE;;;GROUPEDKA;;;2026-07-28T00:00:00;7787526;;;90;;;;;;;;;01/07/2026;;;;;;;;;;;;;;;;;;;;;;;;;;;;;;DRW0001;;;;;;;;;;;;;;;;;;;;;;;;;;;;;;;;;;
12381507;0551R26071447;STANDARD;2026-07-01T00:00:00;;2497;;;44672;;1432.52;EUR;;;;;;ING2607Facture intragroupe CID 0551;;;2026-07-03T11:57:10;1277;1277;2026-07-03T11:57:10;1277;;;;;;;;;;ING;FAC02_SRC_FACTURESFOURNISSEURS_020726-060434_ST_FAC02_639185690741033341_001;;;;;;JE.FR.APXIISIM.TAX_RULE;CRE/M;;;;;;;;;;;;;;;;;;;;;AMONTS;;;EMU FIXED;2026-07-03T11:57:10;1;EUR;;ENERGIE;;;GROUPEDKA;;;2026-07-28T00:00:00;7787526;;;90;;;;;;;;;01/07/2026;;;;;;;;;;;;;;;;;;;;;;;;;;;;;;DRW0001;;;;;;;;;;;;;;;;;;;;;;;;;;;;;;;;;;
12381508;0551R26071448;STANDARD;2026-07-01T00:00:00;;2497;;;44672;;831.83;EUR;;;;;;ING2607Facture intragroupe CID 0551;;;2026-07-03T11:57:10;1277;1277;2026-07-03T11:57:10;1277;;;;;;;;;;ING;FAC02_SRC_FACTURESFOURNISSEURS_020726-060434_ST_FAC02_639185690741033341_001;;;;;;JE.FR.APXIISIM.TAX_RULE;CRE/M;;;;;;;;;;;;;;;;;;;;;AMONTS;;;EMU FIXED;2026-07-03T11:57:10;1;EUR;;ENERGIE;;;GROUPEDKA;;;2026-07-28T00:00:00;7787526;;;90;;;;;;;;;01/07/2026;;;;;;;;;;;;;;;;;;;;;;;;;;;;;;DRW0001;;;;;;;;;;;;;;;;;;;;;;;;;;;;;;;;;;
12381509;0551R26071449;STANDARD;2026-07-01T00:00:00;;2497;;;44672;;1032.68;EUR;;;;;;ING2607Facture intragroupe CID 0551;;;2026-07-03T11:57:10;1277;1277;2026-07-03T11:57:10;1277;;;;;;;;;;ING;FAC02_SRC_FACTURESFOURNISSEURS_020726-060434_ST_FAC02_639185690741033341_001;;;;;;JE.FR.APXIISIM.TAX_RULE;CRE/M;;;;;;;;;;;;;;;;;;;;;AMONTS;;;EMU FIXED;2026-07-03T11:57:10;1;EUR;;ENERGIE;;;GROUPEDKA;;;2026-07-28T00:00:00;7787526;;;90;;;;;;;;;01/07/2026;;;;;;;;;;;;;;;;;;;;;;;;;;;;;;DRW0001;;;;;;;;;;;;;;;;;;;;;;;;;;;;;;;;;;
12381510;0551R26071442;STANDARD;2026-07-01T00:00:00;;2497;;;44672;;527.46;EUR;;;;;;ING2607Facture intragroupe CID 0551;;;2026-07-03T11:57:10;1277;1277;2026-07-03T11:57:10;1277;;;;;;;;;;ING;FAC02_SRC_FACTURESFOURNISSEURS_020726-060434_ST_FAC02_639185690741033341_001;;;;;;JE.FR.APXIISIM.TAX_RULE;CRE/M;;;;;;;;;;;;;;;;;;;;;AMONTS;;;EMU FIXED;2026-07-03T11:57:10;1;EUR;;ENERGIE;;;GROUPEDKA;;;2026-07-28T00:00:00;7787526;;;90;;;;;;;;;01/07/2026;;;;;;;;;;;;;;;;;;;;;;;;;;;;;;DRW0001;;;;;;;;;;;;;;;;;;;;;;;;;;;;;;;;;;
12381511;0551R26071480;STANDARD;2026-07-01T00:00:00;;2497;;;44672;;1290.38;EUR;;;;;;ING2607Facture intragroupe CID 0551;;;2026-07-03T11:57:10;1277;1277;2026-07-03T11:57:10;1277;;;;;;;;;;ING;FAC02_SRC_FACTURESFOURNISSEURS_020726-060434_ST_FAC02_639185690741033341_001;;;;;;JE.FR.APXIISIM.TAX_RULE;CRE/M;;;;;;;;;;;;;;;;;;;;;AMONTS;;;EMU FIXED;2026-07-03T11:57:10;1;EUR;;ENERGIE;;;GROUPEDKA;;;2026-07-28T00:00:00;7787526;;;90;;;;;;;;;01/07/2026;;;;;;;;;;;;;;;;;;;;;;;;;;;;;;DRW0001;;;;;;;;;;;;;;;;;;;;;;;;;;;;;;;;;;
12381512;0551R26071352;STANDARD;2026-07-01T00:00:00;;2497;;;44672;;149.10;EUR;;;;;;ING2607Facture intragroupe CID 0551;;;2026-07-03T11:57:10;1277;1277;2026-07-03T11:57:10;1277;;;;;;;;;;ING;FAC02_SRC_FACTURESFOURNISSEURS_020726-060434_ST_FAC02_639185690741033341_001;;;;;;JE.FR.APXIISIM.TAX_RULE;CRE/M;;;;;;;;;;;;;;;;;;;;;AMONTS;;;EMU FIXED;2026-07-03T11:57:10;1;EUR;;ENERGIE;;;GROUPEDKA;;;2026-07-28T00:00:00;7787526;;;90;;;;;;;;;01/07/2026;;;;;;;;;;;;;;;;;;;;;;;;;;;;;;DRW0001;;;;;;;;;;;;;;;;;;;;;;;;;;;;;;;;;;
12381513;0551R26071353;STANDARD;2026-07-01T00:00:00;;2497;;;44672;;141.53;EUR;;;;;;ING2607Facture intragroupe CID 0551;;;2026-07-03T11:57:10;1277;1277;2026-07-03T11:57:10;1277;;;;;;;;;;ING;FAC02_SRC_FACTURESFOURNISSEURS_020726-060434_ST_FAC02_639185690741033341_001;;;;;;JE.FR.APXIISIM.TAX_RULE;CRE/M;;;;;;;;;;;;;;;;;;;;;AMONTS;;;EMU FIXED;2026-07-03T11:57:10;1;EUR;;ENERGIE;;;GROUPEDKA;;;2026-07-28T00:00:00;7787526;;;90;;;;;;;;;01/07/2026;;;;;;;;;;;;;;;;;;;;;;;;;;;;;;DRW0001;;;;;;;;;;;;;;;;;;;;;;;;;;;;;;;;;;
12381514;0551R26071354;STANDARD;2026-07-01T00:00:00;;2497;;;44672;;247.20;EUR;;;;;;ING2607Facture intragroupe CID 0551;;;2026-07-03T11:57:10;1277;1277;2026-07-03T11:57:10;1277;;;;;;;;;;ING;FAC02_SRC_FACTURESFOURNISSEURS_020726-060434_ST_FAC02_639185690741033341_001;;;;;;JE.FR.APXIISIM.TAX_RULE;CRE/M;;;;;;;;;;;;;;;;;;;;;AMONTS;;;EMU FIXED;2026-07-03T11:57:10;1;EUR;;ENERGIE;;;GROUPEDKA;;;2026-07-28T00:00:00;7787526;;;90;;;;;;;;;01/07/2026;;;;;;;;;;;;;;;;;;;;;;;;;;;;;;DRW0001;;;;;;;;;;;;;;;;;;;;;;;;;;;;;;;;;;
12381515;0551R26071355;STANDARD;2026-07-01T00:00:00;;2497;;;44672;;1539.44;EUR;;;;;;ING2607Facture intragroupe CID 0551;;;2026-07-03T11:57:10;1277;1277;2026-07-03T11:57:10;1277;;;;;;;;;;ING;FAC02_SRC_FACTURESFOURNISSEURS_020726-060434_ST_FAC02_639185690741033341_001;;;;;;JE.FR.APXIISIM.TAX_RULE;CRE/M;;;;;;;;;;;;;;;;;;;;;AMONTS;;;EMU FIXED;2026-07-03T11:57:10;1;EUR;;ENERGIE;;;GROUPEDKA;;;2026-07-28T00:00:00;7787526;;;90;;;;;;;;;01/07/2026;;;;;;;;;;;;;;;;;;;;;;;;;;;;;;DRW0001;;;;;;;;;;;;;;;;;;;;;;;;;;;;;;;;;;
12381516;0688K2607WXP0;STANDARD;2026-07-01T00:00:00;;5416;;;23958;;151.42;EUR;;;;;;GAZ2607Facture intragroupe CID 0688;;;2026-07-03T11:57:10;1277;1277;2026-07-03T11:57:10;1277;;;;;;;;;;GAZ;FAC02_SRC_FACTURESFOURNISSEURS_020726-060434_ST_FAC02_639185690741033341_001;;;;;;JE.FR.APXIISIM.TAX_RULE;CRE/M;;;;;;;;;;;;;;;;;;;;;AMONTS;;;EMU FIXED;2026-07-03T11:57:10;1;EUR;;ENERGIE;;;GROUPEDKA;;;2026-07-28T00:00:00;7788489;;;90;;;;;;;;;01/07/2026;;;;;;;;;;;;;;;;;;;;;;;;;;;;;;DRW0001;;;;;;;;;;;;;;;;;;;;;;;;;;;;;;;;;;
12381517;0688K2607WXP3;STANDARD;2026-07-01T00:00:00;;5416;;;23958;;1933.35;EUR;;;;;;GAZ2607Facture intragroupe CID 0688;;;2026-07-03T11:57:10;1277;1277;2026-07-03T11:57:10;1277;;;;;;;;;;GAZ;FAC02_SRC_FACTURESFOURNISSEURS_020726-060434_ST_FAC02_639185690741033341_001;;;;;;JE.FR.APXIISIM.TAX_RULE;CRE/M;;;;;;;;;;;;;;;;;;;;;AMONTS;;;EMU FIXED;2026-07-03T11:57:10;1;EUR;;ENERGIE;;;GROUPEDKA;;;2026-07-28T00:00:00;7788489;;;90;;;;;;;;;01/07/2026;;;;;;;;;;;;;;;;;;;;;;;;;;;;;;DRW0001;;;;;;;;;;;;;;;;;;;;;;;;;;;;;;;;;;
12381518;0688K2607WXN9;STANDARD;2026-07-01T00:00:00;;5416;;;23958;;641.40;EUR;;;;;;GAZ2607Facture intragroupe CID 0688;;;2026-07-03T11:57:10;1277;1277;2026-07-03T11:57:10;1277;;;;;;;;;;GAZ;FAC02_SRC_FACTURESFOURNISSEURS_020726-060434_ST_FAC02_639185690741033341_001;;;;;;JE.FR.APXIISIM.TAX_RULE;CRE/M;;;;;;;;;;;;;;;;;;;;;AMONTS;;;EMU FIXED;2026-07-03T11:57:10;1;EUR;;ENERGIE;;;GROUPEDKA;;;2026-07-28T00:00:00;7788489;;;90;;;;;;;;;01/07/2026;;;;;;;;;;;;;;;;;;;;;;;;;;;;;;DRW0001;;;;;;;;;;;;;;;;;;;;;;;;;;;;;;;;;;
12381519;0688K2607WXP1;STANDARD;2026-07-01T00:00:00;;5416;;;23958;;216.27;EUR;;;;;;GAZ2607Facture intragroupe CID 0688;;;2026-07-03T11:57:10;1277;1277;2026-07-03T11:57:10;1277;;;;;;;;;;GAZ;FAC02_SRC_FACTURESFOURNISSEURS_020726-060434_ST_FAC02_639185690741033341_001;;;;;;JE.FR.APXIISIM.TAX_RULE;CRE/M;;;;;;;;;;;;;;;;;;;;;AMONTS;;;EMU FIXED;2026-07-03T11:57:10;1;EUR;;ENERGIE;;;GROUPEDKA;;;2026-07-28T00:00:00;7788489;;;90;;;;;;;;;01/07/2026;;;;;;;;;;;;;;;;;;;;;;;;;;;;;;DRW0001;;;;;;;;;;;;;;;;;;;;;;;;;;;;;;;;;;
12381520;0688K2607WXN8;STANDARD;2026-07-01T00:00:00;;5416;;;23958;;72.38;EUR;;;;;;GAZ2607Facture intragroupe CID 0688;;;2026-07-03T11:57:10;1277;1277;2026-07-03T11:57:10;1277;;;;;;;;;;GAZ;FAC02_SRC_FACTURESFOURNISSEURS_020726-060434_ST_FAC02_639185690741033341_001;;;;;;JE.FR.APXIISIM.TAX_RULE;CRE/M;;;;;;;;;;;;;;;;;;;;;AMONTS;;;EMU FIXED;2026-07-03T11:57:10;1;EUR;;ENERGIE;;;GROUPEDKA;;;2026-07-28T00:00:00;7788489;;;90;;;;;;;;;01/07/2026;;;;;;;;;;;;;;;;;;;;;;;;;;;;;;DRW0001;;;;;;;;;;;;;;;;;;;;;;;;;;;;;;;;;;
12381521;0688K2607WXN7;STANDARD;2026-07-01T00:00:00;;5416;;;23958;;156.29;EUR;;;;;;GAZ2607Facture intragroupe CID 0688;;;2026-07-03T11:57:10;1277;1277;2026-07-03T11:57:10;1277;;;;;;;;;;GAZ;FAC02_SRC_FACTURESFOURNISSEURS_020726-060434_ST_FAC02_639185690741033341_001;;;;;;JE.FR.APXIISIM.TAX_RULE;CRE/M;;;;;;;;;;;;;;;;;;;;;AMONTS;;;EMU FIXED;2026-07-03T11:57:10;1;EUR;;ENERGIE;;;GROUPEDKA;;;2026-07-28T00:00:00;7788489;;;90;;;;;;;;;01/07/2026;;;;;;;;;;;;;;;;;;;;;;;;;;;;;;DRW0001;;;;;;;;;;;;;;;;;;;;;;;;;;;;;;;;;;
12381522;0688K2607WXN6;STANDARD;2026-07-01T00:00:00;;5416;;;23958;;74.37;EUR;;;;;;GAZ2607Facture intragroupe CID 0688;;;2026-07-03T11:57:10;1277;1277;2026-07-03T11:57:10;1277;;;;;;;;;;GAZ;FAC02_SRC_FACTURESFOURNISSEURS_020726-060434_ST_FAC02_639185690741033341_001;;;;;;JE.FR.APXIISIM.TAX_RULE;CRE/M;;;;;;;;;;;;;;;;;;;;;AMONTS;;;EMU FIXED;2026-07-03T11:57:10;1;EUR;;ENERGIE;;;GROUPEDKA;;;2026-07-28T00:00:00;7788489;;;90;;;;;;;;;01/07/2026;;;;;;;;;;;;;;;;;;;;;;;;;;;;;;DRW0001;;;;;;;;;;;;;;;;;;;;;;;;;;;;;;;;;;
12381523;0688K2607WXB0;CREDIT;2026-07-01T00:00:00;;5416;;;38496;;-714.02;EUR;;;;;;GAZ2607Facture intragroupe CID 0688;;;2026-07-03T11:57:10;1277;1277;2026-07-03T11:57:10;1277;;;;;;;;;;GAZ;FAC02_SRC_FACTURESFOURNISSEURS_020726-060434_ST_FAC02_639185690741033341_001;;;;;;JE.FR.APXIISIM.TAX_RULE;CRE/M;;;;;;;;;;;;;;;;;;;;;AMONTS;;;EMU FIXED;2026-07-03T11:57:10;1;EUR;;ENERGIE;;;GROUPEDKA;;;2026-07-28T00:00:00;7788270;;;86;;;;;;;;;01/07/2026;;;;;;;;;;;;;;;;;;;;;;;;;;;;;;DEW0001;;;;;;;;;;;;;;;;;;;;;;;;;;;;;;;;;;
12381524;0551R26071339;STANDARD;2026-07-01T00:00:00;;2497;;;198776;;1236.00;EUR;;;;;;ING2607Facture intragroupe CID 0551;;;2026-07-03T11:57:10;1277;1277;2026-07-03T11:57:10;1277;;;;;;;;;;ING;FAC02_SRC_FACTURESFOURNISSEURS_020726-060434_ST_FAC02_639185690741033341_001;;;;;;JE.FR.APXIISIM.TAX_RULE;CRE/M;;;;;;;;;;;;;;;;;;;;;AMONTS;;;EMU FIXED;2026-07-03T11:57:10;1;EUR;;ENERGIE;;;GROUPEDKA;;;2026-07-28T00:00:00;12882474;;;317;;;;;;;;;01/07/2026;;;;;;;;;;;;;;;;;;;;;;;;;;;;;;DRW0608;;;;;;;;;;;;;;;;;;;;;;;;;;;;;;;;;;
12381525;0551R26071340;STANDARD;2026-07-01T00:00:00;;2497;;;198776;;2027.35;EUR;;;;;;ING2607Facture intragroupe CID 0551;;;2026-07-03T11:57:10;1277;1277;2026-07-03T11:57:10;1277;;;;;;;;;;ING;FAC02_SRC_FACTURESFOURNISSEURS_020726-060434_ST_FAC02_639185690741033341_001;;;;;;JE.FR.APXIISIM.TAX_RULE;CRE/M;;;;;;;;;;;;;;;;;;;;;AMONTS;;;EMU FIXED;2026-07-03T11:57:10;1;EUR;;ENERGIE;;;GROUPEDKA;;;2026-07-28T00:00:00;12882474;;;317;;;;;;;;;01/07/2026;;;;;;;;;;;;;;;;;;;;;;;;;;;;;;DRW0608;;;;;;;;;;;;;;;;;;;;;;;;;;;;;;;;;;
12381526;0551R26071450;STANDARD;2026-07-01T00:00:00;;2497;;;44672;;432.60;EUR;;;;;;ING2607Facture intragroupe CID 0551;;;2026-07-03T11:57:10;1277;1277;2026-07-03T11:57:10;1277;;;;;;;;;;ING;FAC02_SRC_FACTURESFOURNISSEURS_020726-060434_ST_FAC02_639185690741033341_001;;;;;;JE.FR.APXIISIM.TAX_RULE;CRE/M;;;;;;;;;;;;;;;;;;;;;AMONTS;;;EMU FIXED;2026-07-03T11:57:10;1;EUR;;ENERGIE;;;GROUPEDKA;;;2026-07-28T00:00:00;7787526;;;90;;;;;;;;;01/07/2026;;;;;;;;;;;;;;;;;;;;;;;;;;;;;;DRW0001;;;;;;;;;;;;;;;;;;;;;;;;;;;;;;;;;;
12381527;0551R26071528;STANDARD;2026-07-01T00:00:00;;2497;;;44672;;935.96;EUR;;;;;;ING2607Facture intragroupe CID 0551;;;2026-07-03T11:57:10;1277;1277;2026-07-03T11:57:10;1277;;;;;;;;;;ING;FAC02_SRC_FACTURESFOURNISSEURS_020726-060434_ST_FAC02_639185690741033341_001;;;;;;JE.FR.APXIISIM.TAX_RULE;CRE/M;;;;;;;;;;;;;;;;;;;;;AMONTS;;;EMU FIXED;2026-07-03T11:57:10;1;EUR;;ENERGIE;;;GROUPEDKA;;;2026-07-28T00:00:00;7787526;;;90;;;;;;;;;01/07/2026;;;;;;;;;;;;;;;;;;;;;;;;;;;;;;DRW0001;;;;;;;;;;;;;;;;;;;;;;;;;;;;;;;;;;
12381528;0551R26071490;STANDARD;2026-07-01T00:00:00;;2497;;;44672;;437.54;EUR;;;;;;ING2607Facture intragroupe CID 0551;;;2026-07-03T11:57:10;1277;1277;2026-07-03T11:57:10;1277;;;;;;;;;;ING;FAC02_SRC_FACTURESFOURNISSEURS_020726-060434_ST_FAC02_639185690741033341_001;;;;;;JE.FR.APXIISIM.TAX_RULE;CRE/M;;;;;;;;;;;;;;;;;;;;;AMONTS;;;EMU FIXED;2026-07-03T11:57:10;1;EUR;;ENERGIE;;;GROUPEDKA;;;2026-07-28T00:00:00;7787526;;;90;;;;;;;;;01/07/2026;;;;;;;;;;;;;;;;;;;;;;;;;;;;;;DRW0001;;;;;;;;;;;;;;;;;;;;;;;;;;;;;;;;;;
12381529;0551R26071491;STANDARD;2026-07-01T00:00:00;;2497;;;44672;;421.48;EUR;;;;;;ING2607Facture intragroupe CID 0551;;;2026-07-03T11:57:10;1277;1277;2026-07-03T11:57:10;1277;;;;;;;;;;ING;FAC02_SRC_FACTURESFOURNISSEURS_020726-060434_ST_FAC02_639185690741033341_001;;;;;;JE.FR.APXIISIM.TAX_RULE;CRE/M;;;;;;;;;;;;;;;;;;;;;AMONTS;;;EMU FIXED;2026-07-03T11:57:10;1;EUR;;ENERGIE;;;GROUPEDKA;;;2026-07-28T00:00:00;7787526;;;90;;;;;;;;;01/07/2026;;;;;;;;;;;;;;;;;;;;;;;;;;;;;;DRW0001;;;;;;;;;;;;;;;;;;;;;;;;;;;;;;;;;;
12381530;0688K2607WWT7;STANDARD;2026-07-01T00:00:00;;5416;;;38496;;90.60;EUR;;;;;;GAZ2607Facture intragroupe CID 0688;;;2026-07-03T11:57:10;1277;1277;2026-07-03T11:57:10;1277;;;;;;;;;;GAZ;FAC02_SRC_FACTURESFOURNISSEURS_020726-060434_ST_FAC02_639185690741033341_001;;;;;;JE.FR.APXIISIM.TAX_RULE;CRE/M;;;;;;;;;;;;;;;;;;;;;AMONTS;;;EMU FIXED;2026-07-03T11:57:10;1;EUR;;ENERGIE;;;GROUPEDKA;;;2026-07-28T00:00:00;7788270;;;86;;;;;;;;;01/07/2026;;;;;;;;;;;;;;;;;;;;;;;;;;;;;;DEW0001;;;;;;;;;;;;;;;;;;;;;;;;;;;;;;;;;;
12381531;0551R26071469;STANDARD;2026-07-01T00:00:00;;2497;;;44672;;195.60;EUR;;;;;;ING2607Facture intragroupe CID 0551;;;2026-07-03T11:57:10;1277;1277;2026-07-03T11:57:10;1277;;;;;;;;;;ING;FAC02_SRC_FACTURESFOURNISSEURS_020726-060434_ST_FAC02_639185690741033341_001;;;;;;JE.FR.APXIISIM.TAX_RULE;CRE/M;;;;;;;;;;;;;;;;;;;;;AMONTS;;;EMU FIXED;2026-07-03T11:57:10;1;EUR;;ENERGIE;;;GROUPEDKA;;;2026-07-28T00:00:00;7787526;;;90;;;;;;;;;01/07/2026;;;;;;;;;;;;;;;;;;;;;;;;;;;;;;DRW0001;;;;;;;;;;;;;;;;;;;;;;;;;;;;;;;;;;
12381532;0551R26071470;STANDARD;2026-07-01T00:00:00;;2497;;;44672;;116.18;EUR;;;;;;ING2607Facture intragroupe CID 0551;;;2026-07-03T11:57:10;1277;1277;2026-07-03T11:57:10;1277;;;;;;;;;;ING;FAC02_SRC_FACTURESFOURNISSEURS_020726-060434_ST_FAC02_639185690741033341_001;;;;;;JE.FR.APXIISIM.TAX_RULE;CRE/M;;;;;;;;;;;;;;;;;;;;;AMONTS;;;EMU FIXED;2026-07-03T11:57:10;1;EUR;;ENERGIE;;;GROUPEDKA;;;2026-07-28T00:00:00;7787526;;;90;;;;;;;;;01/07/2026;;;;;;;;;;;;;;;;;;;;;;;;;;;;;;DRW0001;;;;;;;;;;;;;;;;;;;;;;;;;;;;;;;;;;
12381533;0551R26071471;STANDARD;2026-07-01T00:00:00;;2497;;;44672;;195.66;EUR;;;;;;ING2607Facture intragroupe CID 0551;;;2026-07-03T11:57:10;1277;1277;2026-07-03T11:57:10;1277;;;;;;;;;;ING;FAC02_SRC_FACTURESFOURNISSEURS_020726-060434_ST_FAC02_639185690741033341_001;;;;;;JE.FR.APXIISIM.TAX_RULE;CRE/M;;;;;;;;;;;;;;;;;;;;;AMONTS;;;EMU FIXED;2026-07-03T11:57:10;1;EUR;;ENERGIE;;;GROUPEDKA;;;2026-07-28T00:00:00;7787526;;;90;;;;;;;;;01/07/2026;;;;;;;;;;;;;;;;;;;;;;;;;;;;;;DRW0001;;;;;;;;;;;;;;;;;;;;;;;;;;;;;;;;;;
12381534;0551R26071533;STANDARD;2026-07-01T00:00:00;;2497;;;44672;;181.20;EUR;;;;;;ING2607Facture intragroupe CID 0551;;;2026-07-03T11:57:10;1277;1277;2026-07-03T11:57:10;1277;;;;;;;;;;ING;FAC02_SRC_FACTURESFOURNISSEURS_020726-060434_ST_FAC02_639185690741033341_001;;;;;;JE.FR.APXIISIM.TAX_RULE;CRE/M;;;;;;;;;;;;;;;;;;;;;AMONTS;;;EMU FIXED;2026-07-03T11:57:10;1;EUR;;ENERGIE;;;GROUPEDKA;;;2026-07-28T00:00:00;7787526;;;90;;;;;;;;;01/07/2026;;;;;;;;;;;;;;;;;;;;;;;;;;;;;;DRW0001;;;;;;;;;;;;;;;;;;;;;;;;;;;;;;;;;;
12381535;0551R26071534;STANDARD;2026-07-01T00:00:00;;2497;;;44672;;1188.00;EUR;;;;;;ING2607Facture intragroupe CID 0551;;;2026-07-03T11:57:10;1277;1277;2026-07-03T11:57:10;1277;;;;;;;;;;ING;FAC02_SRC_FACTURESFOURNISSEURS_020726-060434_ST_FAC02_639185690741033341_001;;;;;;JE.FR.APXIISIM.TAX_RULE;CRE/M;;;;;;;;;;;;;;;;;;;;;AMONTS;;;EMU FIXED;2026-07-03T11:57:10;1;EUR;;ENERGIE;;;GROUPEDKA;;;2026-07-28T00:00:00;7787526;;;90;;;;;;;;;01/07/2026;;;;;;;;;;;;;;;;;;;;;;;;;;;;;;DRW0001;;;;;;;;;;;;;;;;;;;;;;;;;;;;;;;;;;
12381536;0551R26071535;STANDARD;2026-07-01T00:00:00;;2497;;;44672;;181.20;EUR;;;;;;ING2607Facture intragroupe CID 0551;;;2026-07-03T11:57:10;1277;1277;2026-07-03T11:57:10;1277;;;;;;;;;;ING;FAC02_SRC_FACTURESFOURNISSEURS_020726-060434_ST_FAC02_639185690741033341_001;;;;;;JE.FR.APXIISIM.TAX_RULE;CRE/M;;;;;;;;;;;;;;;;;;;;;AMONTS;;;EMU FIXED;2026-07-03T11:57:10;1;EUR;;ENERGIE;;;GROUPEDKA;;;2026-07-28T00:00:00;7787526;;;90;;;;;;;;;01/07/2026;;;;;;;;;;;;;;;;;;;;;;;;;;;;;;DRW0001;;;;;;;;;;;;;;;;;;;;;;;;;;;;;;;;;;
12381537;0551R26071536;STANDARD;2026-07-01T00:00:00;;2497;;;44672;;534.00;EUR;;;;;;ING2607Facture intragroupe CID 0551;;;2026-07-03T11:57:10;1277;1277;2026-07-03T11:57:10;1277;;;;;;;;;;ING;FAC02_SRC_FACTURESFOURNISSEURS_020726-060434_ST_FAC02_639185690741033341_001;;;;;;JE.FR.APXIISIM.TAX_RULE;CRE/M;;;;;;;;;;;;;;;;;;;;;AMONTS;;;EMU FIXED;2026-07-03T11:57:10;1;EUR;;ENERGIE;;;GROUPEDKA;;;2026-07-28T00:00:00;7787526;;;90;;;;;;;;;01/07/2026;;;;;;;;;;;;;;;;;;;;;;;;;;;;;;DRW0001;;;;;;;;;;;;;;;;;;;;;;;;;;;;;;;;;;
12381538;0551R26071537;STANDARD;2026-07-01T00:00:00;;2497;;;44672;;372.60;EUR;;;;;;ING2607Facture intragroupe CID 0551;;;2026-07-03T11:57:10;1277;1277;2026-07-03T11:57:10;1277;;;;;;;;;;ING;FAC02_SRC_FACTURESFOURNISSEURS_020726-060434_ST_FAC02_639185690741033341_001;;;;;;JE.FR.APXIISIM.TAX_RULE;CRE/M;;;;;;;;;;;;;;;;;;;;;AMONTS;;;EMU FIXED;2026-07-03T11:57:10;1;EUR;;ENERGIE;;;GROUPEDKA;;;2026-07-28T00:00:00;7787526;;;90;;;;;;;;;01/07/2026;;;;;;;;;;;;;;;;;;;;;;;;;;;;;;DRW0001;;;;;;;;;;;;;;;;;;;;;;;;;;;;;;;;;;
12381539;0551R26071538;STANDARD;2026-07-01T00:00:00;;2497;;;44672;;256.80;EUR;;;;;;ING2607Facture intragroupe CID 0551;;;2026-07-03T11:57:10;1277;1277;2026-07-03T11:57:10;1277;;;;;;;;;;ING;FAC02_SRC_FACTURESFOURNISSEURS_020726-060434_ST_FAC02_639185690741033341_001;;;;;;JE.FR.APXIISIM.TAX_RULE;CRE/M;;;;;;;;;;;;;;;;;;;;;AMONTS;;;EMU FIXED;2026-07-03T11:57:10;1;EUR;;ENERGIE;;;GROUPEDKA;;;2026-07-28T00:00:00;7787526;;;90;;;;;;;;;01/07/2026;;;;;;;;;;;;;;;;;;;;;;;;;;;;;;DRW0001;;;;;;;;;;;;;;;;;;;;;;;;;;;;;;;;;;
12381540;0551R26071539;STANDARD;2026-07-01T00:00:00;;2497;;;44672;;241.80;EUR;;;;;;ING2607Facture intragroupe CID 0551;;;2026-07-03T11:57:10;1277;1277;2026-07-03T11:57:10;1277;;;;;;;;;;ING;FAC02_SRC_FACTURESFOURNISSEURS_020726-060434_ST_FAC02_639185690741033341_001;;;;;;JE.FR.APXIISIM.TAX_RULE;CRE/M;;;;;;;;;;;;;;;;;;;;;AMONTS;;;EMU FIXED;2026-07-03T11:57:10;1;EUR;;ENERGIE;;;GROUPEDKA;;;2026-07-28T00:00:00;7787526;;;90;;;;;;;;;01/07/2026;;;;;;;;;;;;;;;;;;;;;;;;;;;;;;DRW0001;;;;;;;;;;;;;;;;;;;;;;;;;;;;;;;;;;
12381541;0551R26071540;STANDARD;2026-07-01T00:00:00;;2497;;;44672;;241.80;EUR;;;;;;ING2607Facture intragroupe CID 0551;;;2026-07-03T11:57:10;1277;1277;2026-07-03T11:57:10;1277;;;;;;;;;;ING;FAC02_SRC_FACTURESFOURNISSEURS_020726-060434_ST_FAC02_639185690741033341_001;;;;;;JE.FR.APXIISIM.TAX_RULE;CRE/M;;;;;;;;;;;;;;;;;;;;;AMONTS;;;EMU FIXED;2026-07-03T11:57:10;1;EUR;;ENERGIE;;;GROUPEDKA;;;2026-07-28T00:00:00;7787526;;;90;;;;;;;;;01/07/2026;;;;;;;;;;;;;;;;;;;;;;;;;;;;;;DRW0001;;;;;;;;;;;;;;;;;;;;;;;;;;;;;;;;;;
12381542;0551R26071541;STANDARD;2026-07-01T00:00:00;;2497;;;44672;;241.80;EUR;;;;;;ING2607Facture intragroupe CID 0551;;;2026-07-03T11:57:10;1277;1277;2026-07-03T11:57:10;1277;;;;;;;;;;ING;FAC02_SRC_FACTURESFOURNISSEURS_020726-060434_ST_FAC02_639185690741033341_001;;;;;;JE.FR.APXIISIM.TAX_RULE;CRE/M;;;;;;;;;;;;;;;;;;;;;AMONTS;;;EMU FIXED;2026-07-03T11:57:10;1;EUR;;ENERGIE;;;GROUPEDKA;;;2026-07-28T00:00:00;7787526;;;90;;;;;;;;;01/07/2026;;;;;;;;;;;;;;;;;;;;;;;;;;;;;;DRW0001;;;;;;;;;;;;;;;;;;;;;;;;;;;;;;;;;;
12381543;0551R26071542;STANDARD;2026-07-01T00:00:00;;2497;;;44672;;241.80;EUR;;;;;;ING2607Facture intragroupe CID 0551;;;2026-07-03T11:57:10;1277;1277;2026-07-03T11:57:10;1277;;;;;;;;;;ING;FAC02_SRC_FACTURESFOURNISSEURS_020726-060434_ST_FAC02_639185690741033341_001;;;;;;JE.FR.APXIISIM.TAX_RULE;CRE/M;;;;;;;;;;;;;;;;;;;;;AMONTS;;;EMU FIXED;2026-07-03T11:57:10;1;EUR;;ENERGIE;;;GROUPEDKA;;;2026-07-28T00:00:00;7787526;;;90;;;;;;;;;01/07/2026;;;;;;;;;;;;;;;;;;;;;;;;;;;;;;DRW0001;;;;;;;;;;;;;;;;;;;;;;;;;;;;;;;;;;
12381544;0551R26071543;STANDARD;2026-07-01T00:00:00;;2497;;;44672;;1535.42;EUR;;;;;;ING2607Facture intragroupe CID 0551;;;2026-07-03T11:57:10;1277;1277;2026-07-03T11:57:10;1277;;;;;;;;;;ING;FAC02_SRC_FACTURESFOURNISSEURS_020726-060434_ST_FAC02_639185690741033341_001;;;;;;JE.FR.APXIISIM.TAX_RULE;CRE/M;;;;;;;;;;;;;;;;;;;;;AMONTS;;;EMU FIXED;2026-07-03T11:57:10;1;EUR;;ENERGIE;;;GROUPEDKA;;;2026-07-28T00:00:00;7787526;;;90;;;;;;;;;01/07/2026;;;;;;;;;;;;;;;;;;;;;;;;;;;;;;DRW0001;;;;;;;;;;;;;;;;;;;;;;;;;;;;;;;;;;
12381545;0551R26071544;STANDARD;2026-07-01T00:00:00;;2497;;;44672;;2831.68;EUR;;;;;;ING2607Facture intragroupe CID 0551;;;2026-07-03T11:57:10;1277;1277;2026-07-03T11:57:10;1277;;;;;;;;;;ING;FAC02_SRC_FACTURESFOURNISSEURS_020726-060434_ST_FAC02_639185690741033341_001;;;;;;JE.FR.APXIISIM.TAX_RULE;CRE/M;;;;;;;;;;;;;;;;;;;;;AMONTS;;;EMU FIXED;2026-07-03T11:57:10;1;EUR;;ENERGIE;;;GROUPEDKA;;;2026-07-28T00:00:00;7787526;;;90;;;;;;;;;01/07/2026;;;;;;;;;;;;;;;;;;;;;;;;;;;;;;DRW0001;;;;;;;;;;;;;;;;;;;;;;;;;;;;;;;;;;
12381546;0551R26071545;STANDARD;2026-07-01T00:00:00;;2497;;;44672;;368.95;EUR;;;;;;ING2607Facture intragroupe CID 0551;;;2026-07-03T11:57:10;1277;1277;2026-07-03T11:57:10;1277;;;;;;;;;;ING;FAC02_SRC_FACTURESFOURNISSEURS_020726-060434_ST_FAC02_639185690741033341_001;;;;;;JE.FR.APXIISIM.TAX_RULE;CRE/M;;;;;;;;;;;;;;;;;;;;;AMONTS;;;EMU FIXED;2026-07-03T11:57:10;1;EUR;;ENERGIE;;;GROUPEDKA;;;2026-07-28T00:00:00;7787526;;;90;;;;;;;;;01/07/2026;;;;;;;;;;;;;;;;;;;;;;;;;;;;;;DRW0001;;;;;;;;;;;;;;;;;;;;;;;;;;;;;;;;;;
12381547;0551R26071546;STANDARD;2026-07-01T00:00:00;;2497;;;44672;;1120.13;EUR;;;;;;ING2607Facture intragroupe CID 0551;;;2026-07-03T11:57:10;1277;1277;2026-07-03T11:57:10;1277;;;;;;;;;;ING;FAC02_SRC_FACTURESFOURNISSEURS_020726-060434_ST_FAC02_639185690741033341_001;;;;;;JE.FR.APXIISIM.TAX_RULE;CRE/M;;;;;;;;;;;;;;;;;;;;;AMONTS;;;EMU FIXED;2026-07-03T11:57:10;1;EUR;;ENERGIE;;;GROUPEDKA;;;2026-07-28T00:00:00;7787526;;;90;;;;;;;;;01/07/2026;;;;;;;;;;;;;;;;;;;;;;;;;;;;;;DRW0001;;;;;;;;;;;;;;;;;;;;;;;;;;;;;;;;;;
12381548;0551R26071501;STANDARD;2026-07-01T00:00:00;;2497;;;44672;;229.20;EUR;;;;;;ING2607Facture intragroupe CID 0551;;;2026-07-03T11:57:10;1277;1277;2026-07-03T11:57:10;1277;;;;;;;;;;ING;FAC02_SRC_FACTURESFOURNISSEURS_020726-060434_ST_FAC02_639185690741033341_001;;;;;;JE.FR.APXIISIM.TAX_RULE;CRE/M;;;;;;;;;;;;;;;;;;;;;AMONTS;;;EMU FIXED;2026-07-03T11:57:10;1;EUR;;ENERGIE;;;GROUPEDKA;;;2026-07-28T00:00:00;7787526;;;90;;;;;;;;;01/07/2026;;;;;;;;;;;;;;;;;;;;;;;;;;;;;;DRW0001;;;;;;;;;;;;;;;;;;;;;;;;;;;;;;;;;;
12381549;0688K2607WXR4;STANDARD;2026-07-01T00:00:00;;5416;;;29731;;2400.76;EUR;;;;;;GAZ2607Facture intragroupe CID 0688;;;2026-07-03T11:57:10;1277;1277;2026-07-03T11:57:10;1277;;;;;;;;;;GAZ;FAC02_SRC_FACTURESFOURNISSEURS_020726-060434_ST_FAC02_639185690741033341_001;;;;;;JE.FR.APXIISIM.TAX_RULE;CRE/M;;;;;;;;;;;;;;;;;;;;;AMONTS;;;EMU FIXED;2026-07-03T11:57:10;1;EUR;;ENERGIE;;;GROUPEDKA;;;2026-07-28T00:00:00;7788549;;;91;;;;;;;;;01/07/2026;;;;;;;;;;;;;;;;;;;;;;;;;;;;;;DSW0001;;;;;;;;;;;;;;;;;;;;;;;;;;;;;;;;;;
12381550;0551R26071553;STANDARD;2026-07-01T00:00:00;;2497;;;44672;;484.36;EUR;;;;;;ING2607Facture intragroupe CID 0551;;;2026-07-03T11:57:10;1277;1277;2026-07-03T11:57:10;1277;;;;;;;;;;ING;FAC02_SRC_FACTURESFOURNISSEURS_020726-060434_ST_FAC02_639185690741033341_001;;;;;;JE.FR.APXIISIM.TAX_RULE;CRE/M;;;;;;;;;;;;;;;;;;;;;AMONTS;;;EMU FIXED;2026-07-03T11:57:10;1;EUR;;ENERGIE;;;GROUPEDKA;;;2026-07-28T00:00:00;7787526;;;90;;;;;;;;;01/07/2026;;;;;;;;;;;;;;;;;;;;;;;;;;;;;;DRW0001;;;;;;;;;;;;;;;;;;;;;;;;;;;;;;;;;;
12381551;0688K2607WXB9;CREDIT;2026-07-01T00:00:00;;5416;;;38496;;-1118.54;EUR;;;;;;GAZ2607Facture intragroupe CID 0688;;;2026-07-03T11:57:10;1277;1277;2026-07-03T11:57:10;1277;;;;;;;;;;GAZ;FAC02_SRC_FACTURESFOURNISSEURS_020726-060434_ST_FAC02_639185690741033341_001;;;;;;JE.FR.APXIISIM.TAX_RULE;CRE/M;;;;;;;;;;;;;;;;;;;;;AMONTS;;;EMU FIXED;2026-07-03T11:57:10;1;EUR;;ENERGIE;;;GROUPEDKA;;;2026-07-28T00:00:00;7788270;;;86;;;;;;;;;01/07/2026;;;;;;;;;;;;;;;;;;;;;;;;;;;;;;DEW0001;;;;;;;;;;;;;;;;;;;;;;;;;;;;;;;;;;
12381552;0551R26071370;STANDARD;2026-07-01T00:00:00;;2497;;;44672;;1200.00;EUR;;;;;;ING2607Facture intragroupe CID 0551;;;2026-07-03T11:57:10;1277;1277;2026-07-03T11:57:10;1277;;;;;;;;;;ING;FAC02_SRC_FACTURESFOURNISSEURS_020726-060434_ST_FAC02_639185690741033341_001;;;;;;JE.FR.APXIISIM.TAX_RULE;CRE/M;;;;;;;;;;;;;;;;;;;;;AMONTS;;;EMU FIXED;2026-07-03T11:57:10;1;EUR;;ENERGIE;;;GROUPEDKA;;;2026-07-28T00:00:00;7787526;;;90;;;;;;;;;01/07/2026;;;;;;;;;;;;;;;;;;;;;;;;;;;;;;DRW0001;;;;;;;;;;;;;;;;;;;;;;;;;;;;;;;;;;
12381553;0551R26071455;STANDARD;2026-07-01T00:00:00;;2497;;;44672;;1696.15;EUR;;;;;;ING2607Facture intragroupe CID 0551;;;2026-07-03T11:57:10;1277;1277;2026-07-03T11:57:10;1277;;;;;;;;;;ING;FAC02_SRC_FACTURESFOURNISSEURS_020726-060434_ST_FAC02_639185690741033341_001;;;;;;JE.FR.APXIISIM.TAX_RULE;CRE/M;;;;;;;;;;;;;;;;;;;;;AMONTS;;;EMU FIXED;2026-07-03T11:57:10;1;EUR;;ENERGIE;;;GROUPEDKA;;;2026-07-28T00:00:00;7787526;;;90;;;;;;;;;01/07/2026;;;;;;;;;;;;;;;;;;;;;;;;;;;;;;DRW0001;;;;;;;;;;;;;;;;;;;;;;;;;;;;;;;;;;
12381554;0001M2607VWK9;STANDARD;2026-07-01T00:00:00;;815;;;3688659;;3475.27;EUR;;;;;;ING2607Facture intragroupe CID 0001;;;2026-07-03T11:57:10;1277;1277;2026-07-03T11:57:10;1277;;;;;;;;;;ING;FAC02_SRC_FACTURESFOURNISSEURS_020726-060434_ST_FAC02_639185690741033341_001;;;;;;JE.FR.APXIISIM.TAX_RULE;CRE/M;;;;;;;;;;;;;;;;;;;;;AMONTS;;;EMU FIXED;2026-07-03T11:57:10;1;EUR;;ENERGIE;;;GROUPEDKA;;;2026-07-28T00:00:00;7785871;;;107;;;;;;;;;01/07/2026;;;;;;;;;;;;;;;;;;;;;;;;;;;;;;DMS0441;;;;;;;;;;;;;;;;;;;;;;;;;;;;;;;;;;
12381555;0001M2607VWL2;STANDARD;2026-07-01T00:00:00;;815;;;3688659;;871.68;EUR;;;;;;ING2607Facture intragroupe CID 0001;;;2026-07-03T11:57:10;1277;1277;2026-07-03T11:57:10;1277;;;;;;;;;;ING;FAC02_SRC_FACTURESFOURNISSEURS_020726-060434_ST_FAC02_639185690741033341_001;;;;;;JE.FR.APXIISIM.TAX_RULE;CRE/M;;;;;;;;;;;;;;;;;;;;;AMONTS;;;EMU FIXED;2026-07-03T11:57:10;1;EUR;;ENERGIE;;;GROUPEDKA;;;2026-07-28T00:00:00;7785871;;;107;;;;;;;;;01/07/2026;;;;;;;;;;;;;;;;;;;;;;;;;;;;;;DMS0441;;;;;;;;;;;;;;;;;;;;;;;;;;;;;;;;;;
12381556;0688K2607WWS1;CREDIT;2026-07-01T00:00:00;;5416;;;17273;;-283.87;EUR;;;;;;GAZ2607Facture intragroupe CID 0688;;;2026-07-03T11:57:10;1277;1277;2026-07-03T11:57:10;1277;;;;;;;;;;GAZ;FAC02_SRC_FACTURESFOURNISSEURS_020726-060434_ST_FAC02_639185690741033341_001;;;;;;JE.FR.APXIISIM.TAX_RULE;CRE/M;;;;;;;;;;;;;;;;;;;;;AMONTS;;;EMU FIXED;2026-07-03T11:57:10;1;EUR;;ENERGIE;;;GROUPEDKA;;;2026-07-28T00:00:00;7788309;;;87;;;;;;;;;01/07/2026;;;;;;;;;;;;;;;;;;;;;;;;;;;;;;DLS0001;;;;;;;;;;;;;;;;;;;;;;;;;;;;;;;;;;
12381557;0688K2607WXG7;STANDARD;2026-07-01T00:00:00;;5416;;;10557;;1109.72;EUR;;;;;;GAZ2607Facture intragroupe CID 0688;;;2026-07-03T11:57:10;1277;1277;2026-07-03T11:57:10;1277;;;;;;;;;;GAZ;FAC02_SRC_FACTURESFOURNISSEURS_020726-060434_ST_FAC02_639185690741033341_001;;;;;;JE.FR.APXIISIM.TAX_RULE;CRE/M;;;;;;;;;;;;;;;;;;;;;AMONTS;;;EMU FIXED;2026-07-03T11:57:10;1;EUR;;ENERGIE;;;GROUPEDKA;;;2026-07-28T00:00:00;7788357;;;88;;;;;;;;;01/07/2026;;;;;;;;;;;;;;;;;;;;;;;;;;;;;;DMS0001;;;;;;;;;;;;;;;;;;;;;;;;;;;;;;;;;;
12381558;0551R26071514;STANDARD;2026-07-01T00:00:00;;2497;;;44672;;1055.74;EUR;;;;;;ING2607Facture intragroupe CID 0551;;;2026-07-03T11:57:10;1277;1277;2026-07-03T11:57:10;1277;;;;;;;;;;ING;FAC02_SRC_FACTURESFOURNISSEURS_020726-060434_ST_FAC02_639185690741033341_001;;;;;;JE.FR.APXIISIM.TAX_RULE;CRE/M;;;;;;;;;;;;;;;;;;;;;AMONTS;;;EMU FIXED;2026-07-03T11:57:10;1;EUR;;ENERGIE;;;GROUPEDKA;;;2026-07-28T00:00:00;7787526;;;90;;;;;;;;;01/07/2026;;;;;;;;;;;;;;;;;;;;;;;;;;;;;;DRW0001;;;;;;;;;;;;;;;;;;;;;;;;;;;;;;;;;;
12381559;0001M2607WWG4;STANDARD;2026-07-01T00:00:00;;815;;;3703809;;61495.25;EUR;;;;;;ING2607Facture intragroupe CID 0001;;;2026-07-03T11:57:10;1277;1277;2026-07-03T11:57:10;1277;;;;;;;;;;ING;FAC02_SRC_FACTURESFOURNISSEURS_020726-060434_ST_FAC02_639185690741033341_001;;;;;;JE.FR.APXIISIM.TAX_RULE;CRE/M;;;;;;;;;;;;;;;;;;;;;AMONTS;;;EMU FIXED;2026-07-03T11:57:10;1;EUR;;ENERGIE;;;GROUPEDKA;;;2026-07-28T00:00:00;7785883;;;196;;;;;;;;;01/07/2026;;;;;;;;;;;;;;;;;;;;;;;;;;;;;;DMS0148;;;;;;;;;;;;;;;;;;;;;;;;;;;;;;;;;;
12381560;0688K2607WXZ4;STANDARD;2026-07-01T00:00:00;;5416;;;29731;;101.33;EUR;;;;;;GAZ2607Facture intragroupe CID 0688;;;2026-07-03T11:57:10;1277;1277;2026-07-03T11:57:10;1277;;;;;;;;;;GAZ;FAC02_SRC_FACTURESFOURNISSEURS_020726-060434_ST_FAC02_639185690741033341_001;;;;;;JE.FR.APXIISIM.TAX_RULE;CRE/M;;;;;;;;;;;;;;;;;;;;;AMONTS;;;EMU FIXED;2026-07-03T11:57:10;1;EUR;;ENERGIE;;;GROUPEDKA;;;2026-07-28T00:00:00;7788549;;;91;;;;;;;;;01/07/2026;;;;;;;;;;;;;;;;;;;;;;;;;;;;;;DSW0001;;;;;;;;;;;;;;;;;;;;;;;;;;;;;;;;;;
12381561;0688K2607WXZ3;STANDARD;2026-07-01T00:00:00;;5416;;;29731;;620.27;EUR;;;;;;GAZ2607Facture intragroupe CID 0688;;;2026-07-03T11:57:10;1277;1277;2026-07-03T11:57:10;1277;;;;;;;;;;GAZ;FAC02_SRC_FACTURESFOURNISSEURS_020726-060434_ST_FAC02_639185690741033341_001;;;;;;JE.FR.APXIISIM.TAX_RULE;CRE/M;;;;;;;;;;;;;;;;;;;;;AMONTS;;;EMU FIXED;2026-07-03T11:57:10;1;EUR;;ENERGIE;;;GROUPEDKA;;;2026-07-28T00:00:00;7788549;;;91;;;;;;;;;01/07/2026;;;;;;;;;;;;;;;;;;;;;;;;;;;;;;DSW0001;;;;;;;;;;;;;;;;;;;;;;;;;;;;;;;;;;
12381562;0551R26071547;STANDARD;2026-07-01T00:00:00;;2497;;;44672;;307.20;EUR;;;;;;ING2607Facture intragroupe CID 0551;;;2026-07-03T11:57:10;1277;1277;2026-07-03T11:57:10;1277;;;;;;;;;;ING;FAC02_SRC_FACTURESFOURNISSEURS_020726-060434_ST_FAC02_639185690741033341_001;;;;;;JE.FR.APXIISIM.TAX_RULE;CRE/M;;;;;;;;;;;;;;;;;;;;;AMONTS;;;EMU FIXED;2026-07-03T11:57:10;1;EUR;;ENERGIE;;;GROUPEDKA;;;2026-07-28T00:00:00;7787526;;;90;;;;;;;;;01/07/2026;;;;;;;;;;;;;;;;;;;;;;;;;;;;;;DRW0001;;;;;;;;;;;;;;;;;;;;;;;;;;;;;;;;;;
12381563;0551R26071531;STANDARD;2026-07-01T00:00:00;;2497;;;44672;;960.00;EUR;;;;;;ING2607Facture intragroupe CID 0551;;;2026-07-03T11:57:10;1277;1277;2026-07-03T11:57:10;1277;;;;;;;;;;ING;FAC02_SRC_FACTURESFOURNISSEURS_020726-060434_ST_FAC02_639185690741033341_001;;;;;;JE.FR.APXIISIM.TAX_RULE;CRE/M;;;;;;;;;;;;;;;;;;;;;AMONTS;;;EMU FIXED;2026-07-03T11:57:10;1;EUR;;ENERGIE;;;GROUPEDKA;;;2026-07-28T00:00:00;7787526;;;90;;;;;;;;;01/07/2026;;;;;;;;;;;;;;;;;;;;;;;;;;;;;;DRW0001;;;;;;;;;;;;;;;;;;;;;;;;;;;;;;;;;;
12381564;0688K2607WXN3;CREDIT;2026-07-01T00:00:00;;5416;;;23958;;-705.66;EUR;;;;;;GAZ2607Facture intragroupe CID 0688;;;2026-07-03T11:57:10;1277;1277;2026-07-03T11:57:10;1277;;;;;;;;;;GAZ;FAC02_SRC_FACTURESFOURNISSEURS_020726-060434_ST_FAC02_639185690741033341_001;;;;;;JE.FR.APXIISIM.TAX_RULE;CRE/M;;;;;;;;;;;;;;;;;;;;;AMONTS;;;EMU FIXED;2026-07-03T11:57:10;1;EUR;;ENERGIE;;;GROUPEDKA;;;2026-07-28T00:00:00;7788489;;;90;;;;;;;;;01/07/2026;;;;;;;;;;;;;;;;;;;;;;;;;;;;;;DRW0001;;;;;;;;;;;;;;;;;;;;;;;;;;;;;;;;;;
12381565;0551R26071516;STANDARD;2026-07-01T00:00:00;;2497;;;44672;;2414.53;EUR;;;;;;ING2607Facture intragroupe CID 0551;;;2026-07-03T11:57:10;1277;1277;2026-07-03T11:57:10;1277;;;;;;;;;;ING;FAC02_SRC_FACTURESFOURNISSEURS_020726-060434_ST_FAC02_639185690741033341_001;;;;;;JE.FR.APXIISIM.TAX_RULE;CRE/M;;;;;;;;;;;;;;;;;;;;;AMONTS;;;EMU FIXED;2026-07-03T11:57:10;1;EUR;;ENERGIE;;;GROUPEDKA;;;2026-07-28T00:00:00;7787526;;;90;;;;;;;;;01/07/2026;;;;;;;;;;;;;;;;;;;;;;;;;;;;;;DRW0001;;;;;;;;;;;;;;;;;;;;;;;;;;;;;;;;;;
12381566;0551R26071517;STANDARD;2026-07-01T00:00:00;;2497;;;44672;;1116.73;EUR;;;;;;ING2607Facture intragroupe CID 0551;;;2026-07-03T11:57:10;1277;1277;2026-07-03T11:57:10;1277;;;;;;;;;;ING;FAC02_SRC_FACTURESFOURNISSEURS_020726-060434_ST_FAC02_639185690741033341_001;;;;;;JE.FR.APXIISIM.TAX_RULE;CRE/M;;;;;;;;;;;;;;;;;;;;;AMONTS;;;EMU FIXED;2026-07-03T11:57:10;1;EUR;;ENERGIE;;;GROUPEDKA;;;2026-07-28T00:00:00;7787526;;;90;;;;;;;;;01/07/2026;;;;;;;;;;;;;;;;;;;;;;;;;;;;;;DRW0001;;;;;;;;;;;;;;;;;;;;;;;;;;;;;;;;;;
12381567;0551R26071518;STANDARD;2026-07-01T00:00:00;;2497;;;44672;;1895.30;EUR;;;;;;ING2607Facture intragroupe CID 0551;;;2026-07-03T11:57:10;1277;1277;2026-07-03T11:57:10;1277;;;;;;;;;;ING;FAC02_SRC_FACTURESFOURNISSEURS_020726-060434_ST_FAC02_639185690741033341_001;;;;;;JE.FR.APXIISIM.TAX_RULE;CRE/M;;;;;;;;;;;;;;;;;;;;;AMONTS;;;EMU FIXED;2026-07-03T11:57:10;1;EUR;;ENERGIE;;;GROUPEDKA;;;2026-07-28T00:00:00;7787526;;;90;;;;;;;;;01/07/2026;;;;;;;;;;;;;;;;;;;;;;;;;;;;;;DRW0001;;;;;;;;;;;;;;;;;;;;;;;;;;;;;;;;;;
12381568;0551R26071519;STANDARD;2026-07-01T00:00:00;;2497;;;44672;;1354.25;EUR;;;;;;ING2607Facture intragroupe CID 0551;;;2026-07-03T11:57:10;1277;1277;2026-07-03T11:57:10;1277;;;;;;;;;;ING;FAC02_SRC_FACTURESFOURNISSEURS_020726-060434_ST_FAC02_639185690741033341_001;;;;;;JE.FR.APXIISIM.TAX_RULE;CRE/M;;;;;;;;;;;;;;;;;;;;;AMONTS;;;EMU FIXED;2026-07-03T11:57:10;1;EUR;;ENERGIE;;;GROUPEDKA;;;2026-07-28T00:00:00;7787526;;;90;;;;;;;;;01/07/2026;;;;;;;;;;;;;;;;;;;;;;;;;;;;;;DRW0001;;;;;;;;;;;;;;;;;;;;;;;;;;;;;;;;;;
12381569;0551R26071520;STANDARD;2026-07-01T00:00:00;;2497;;;44672;;1265.26;EUR;;;;;;ING2607Facture intragroupe CID 0551;;;2026-07-03T11:57:10;1277;1277;2026-07-03T11:57:10;1277;;;;;;;;;;ING;FAC02_SRC_FACTURESFOURNISSEURS_020726-060434_ST_FAC02_639185690741033341_001;;;;;;JE.FR.APXIISIM.TAX_RULE;CRE/M;;;;;;;;;;;;;;;;;;;;;AMONTS;;;EMU FIXED;2026-07-03T11:57:10;1;EUR;;ENERGIE;;;GROUPEDKA;;;2026-07-28T00:00:00;7787526;;;90;;;;;;;;;01/07/2026;;;;;;;;;;;;;;;;;;;;;;;;;;;;;;DRW0001;;;;;;;;;;;;;;;;;;;;;;;;;;;;;;;;;;
12381570;0551R26071521;STANDARD;2026-07-01T00:00:00;;2497;;;44672;;1228.79;EUR;;;;;;ING2607Facture intragroupe CID 0551;;;2026-07-03T11:57:10;1277;1277;2026-07-03T11:57:10;1277;;;;;;;;;;ING;FAC02_SRC_FACTURESFOURNISSEURS_020726-060434_ST_FAC02_639185690741033341_001;;;;;;JE.FR.APXIISIM.TAX_RULE;CRE/M;;;;;;;;;;;;;;;;;;;;;AMONTS;;;EMU FIXED;2026-07-03T11:57:10;1;EUR;;ENERGIE;;;GROUPEDKA;;;2026-07-28T00:00:00;7787526;;;90;;;;;;;;;01/07/2026;;;;;;;;;;;;;;;;;;;;;;;;;;;;;;DRW0001;;;;;;;;;;;;;;;;;;;;;;;;;;;;;;;;;;
12381571;0688K2607WXQ8;CREDIT;2026-07-01T00:00:00;;5416;;;29731;;-579.89;EUR;;;;;;GAZ2607Facture intragroupe CID 0688;;;2026-07-03T11:57:10;1277;1277;2026-07-03T11:57:10;1277;;;;;;;;;;GAZ;FAC02_SRC_FACTURESFOURNISSEURS_020726-060434_ST_FAC02_639185690741033341_001;;;;;;JE.FR.APXIISIM.TAX_RULE;CRE/M;;;;;;;;;;;;;;;;;;;;;AMONTS;;;EMU FIXED;2026-07-03T11:57:10;1;EUR;;ENERGIE;;;GROUPEDKA;;;2026-07-28T00:00:00;7788549;;;91;;;;;;;;;01/07/2026;;;;;;;;;;;;;;;;;;;;;;;;;;;;;;DSW0001;;;;;;;;;;;;;;;;;;;;;;;;;;;;;;;;;;
12381572;0688K2607WXJ9;STANDARD;2026-07-01T00:00:00;;5416;;;17273;;236.78;EUR;;;;;;GAZ2607Facture intragroupe CID 0688;;;2026-07-03T11:57:10;1277;1277;2026-07-03T11:57:10;1277;;;;;;;;;;GAZ;FAC02_SRC_FACTURESFOURNISSEURS_020726-060434_ST_FAC02_639185690741033341_001;;;;;;JE.FR.APXIISIM.TAX_RULE;CRE/M;;;;;;;;;;;;;;;;;;;;;AMONTS;;;EMU FIXED;2026-07-03T11:57:10;1;EUR;;ENERGIE;;;GROUPEDKA;;;2026-07-28T00:00:00;7788309;;;87;;;;;;;;;01/07/2026;;;;;;;;;;;;;;;;;;;;;;;;;;;;;;DLS0001;;;;;;;;;;;;;;;;;;;;;;;;;;;;;;;;;;
12381573;0688K2607WWW2;STANDARD;2026-07-01T00:00:00;;5416;;;17273;;90.49;EUR;;;;;;GAZ2607Facture intragroupe CID 0688;;;2026-07-03T11:57:10;1277;1277;2026-07-03T11:57:10;1277;;;;;;;;;;GAZ;FAC02_SRC_FACTURESFOURNISSEURS_020726-060434_ST_FAC02_639185690741033341_001;;;;;;JE.FR.APXIISIM.TAX_RULE;CRE/M;;;;;;;;;;;;;;;;;;;;;AMONTS;;;EMU FIXED;2026-07-03T11:57:10;1;EUR;;ENERGIE;;;GROUPEDKA;;;2026-07-28T00:00:00;7788309;;;87;;;;;;;;;01/07/2026;;;;;;;;;;;;;;;;;;;;;;;;;;;;;;DLS0001;;;;;;;;;;;;;;;;;;;;;;;;;;;;;;;;;;
12381574;0688K2607WXW3;STANDARD;2026-07-01T00:00:00;;5416;;;29731;;302.12;EUR;;;;;;GAZ2607Facture intragroupe CID 0688;;;2026-07-03T11:57:10;1277;1277;2026-07-03T11:57:10;1277;;;;;;;;;;GAZ;FAC02_SRC_FACTURESFOURNISSEURS_020726-060434_ST_FAC02_639185690741033341_001;;;;;;JE.FR.APXIISIM.TAX_RULE;CRE/M;;;;;;;;;;;;;;;;;;;;;AMONTS;;;EMU FIXED;2026-07-03T11:57:10;1;EUR;;ENERGIE;;;GROUPEDKA;;;2026-07-28T00:00:00;7788549;;;91;;;;;;;;;01/07/2026;;;;;;;;;;;;;;;;;;;;;;;;;;;;;;DSW0001;;;;;;;;;;;;;;;;;;;;;;;;;;;;;;;;;;
12381575;0688K2607WXA8;CREDIT;2026-07-01T00:00:00;;5416;;;38496;;-223.67;EUR;;;;;;GAZ2607Facture intragroupe CID 0688;;;2026-07-03T11:57:10;1277;1277;2026-07-03T11:57:10;1277;;;;;;;;;;GAZ;FAC02_SRC_FACTURESFOURNISSEURS_020726-060434_ST_FAC02_639185690741033341_001;;;;;;JE.FR.APXIISIM.TAX_RULE;CRE/M;;;;;;;;;;;;;;;;;;;;;AMONTS;;;EMU FIXED;2026-07-03T11:57:10;1;EUR;;ENERGIE;;;GROUPEDKA;;;2026-07-28T00:00:00;7788270;;;86;;;;;;;;;01/07/2026;;;;;;;;;;;;;;;;;;;;;;;;;;;;;;DEW0001;;;;;;;;;;;;;;;;;;;;;;;;;;;;;;;;;;
12381576;0688K2607WXQ4;CREDIT;2026-07-01T00:00:00;;5416;;;29731;;-136.51;EUR;;;;;;GAZ2607Facture intragroupe CID 0688;;;2026-07-03T11:57:10;1277;1277;2026-07-03T11:57:10;1277;;;;;;;;;;GAZ;FAC02_SRC_FACTURESFOURNISSEURS_020726-060434_ST_FAC02_639185690741033341_001;;;;;;JE.FR.APXIISIM.TAX_RULE;CRE/M;;;;;;;;;;;;;;;;;;;;;AMONTS;;;EMU FIXED;2026-07-03T11:57:10;1;EUR;;ENERGIE;;;GROUPEDKA;;;2026-07-28T00:00:00;7788549;;;91;;;;;;;;;01/07/2026;;;;;;;;;;;;;;;;;;;;;;;;;;;;;;DSW0001;;;;;;;;;;;;;;;;;;;;;;;;;;;;;;;;;;
12381577;0688K2607WXM8;CREDIT;2026-07-01T00:00:00;;5416;;;23958;;-343.70;EUR;;;;;;GAZ2607Facture intragroupe CID 0688;;;2026-07-03T11:57:10;1277;1277;2026-07-03T11:57:10;1277;;;;;;;;;;GAZ;FAC02_SRC_FACTURESFOURNISSEURS_020726-060434_ST_FAC02_639185690741033341_001;;;;;;JE.FR.APXIISIM.TAX_RULE;CRE/M;;;;;;;;;;;;;;;;;;;;;AMONTS;;;EMU FIXED;2026-07-03T11:57:10;1;EUR;;ENERGIE;;;GROUPEDKA;;;2026-07-28T00:00:00;7788489;;;90;;;;;;;;;01/07/2026;;;;;;;;;;;;;;;;;;;;;;;;;;;;;;DRW0001;;;;;;;;;;;;;;;;;;;;;;;;;;;;;;;;;;
12381578;0688K2607WWX7;STANDARD;2026-07-01T00:00:00;;5416;;;38496;;236.24;EUR;;;;;;GAZ2607Facture intragroupe CID 0688;;;2026-07-03T11:57:10;1277;1277;2026-07-03T11:57:10;1277;;;;;;;;;;GAZ;FAC02_SRC_FACTURESFOURNISSEURS_020726-060434_ST_FAC02_639185690741033341_001;;;;;;JE.FR.APXIISIM.TAX_RULE;CRE/M;;;;;;;;;;;;;;;;;;;;;AMONTS;;;EMU FIXED;2026-07-03T11:57:10;1;EUR;;ENERGIE;;;GROUPEDKA;;;2026-07-28T00:00:00;7788270;;;86;;;;;;;;;01/07/2026;;;;;;;;;;;;;;;;;;;;;;;;;;;;;;DEW0001;;;;;;;;;;;;;;;;;;;;;;;;;;;;;;;;;;
12381579;0688K2607WXE1;CREDIT;2026-07-01T00:00:00;;5416;;;10557;;-154.68;EUR;;;;;;GAZ2607Facture intragroupe CID 0688;;;2026-07-03T11:57:10;1277;1277;2026-07-03T11:57:10;1277;;;;;;;;;;GAZ;FAC02_SRC_FACTURESFOURNISSEURS_020726-060434_ST_FAC02_639185690741033341_001;;;;;;JE.FR.APXIISIM.TAX_RULE;CRE/M;;;;;;;;;;;;;;;;;;;;;AMONTS;;;EMU FIXED;2026-07-03T11:57:10;1;EUR;;ENERGIE;;;GROUPEDKA;;;2026-07-28T00:00:00;7788357;;;88;;;;;;;;;01/07/2026;;;;;;;;;;;;;;;;;;;;;;;;;;;;;;DMS0001;;;;;;;;;;;;;;;;;;;;;;;;;;;;;;;;;;
12381580;0688K2607WXC9;STANDARD;2026-07-01T00:00:00;;5416;;;10557;;385.05;EUR;;;;;;GAZ2607Facture intragroupe CID 0688;;;2026-07-03T11:57:10;1277;1277;2026-07-03T11:57:10;1277;;;;;;;;;;GAZ;FAC02_SRC_FACTURESFOURNISSEURS_020726-060434_ST_FAC02_639185690741033341_001;;;;;;JE.FR.APXIISIM.TAX_RULE;CRE/M;;;;;;;;;;;;;;;;;;;;;AMONTS;;;EMU FIXED;2026-07-03T11:57:10;1;EUR;;ENERGIE;;;GROUPEDKA;;;2026-07-28T00:00:00;7788357;;;88;;;;;;;;;01/07/2026;;;;;;;;;;;;;;;;;;;;;;;;;;;;;;DMS0001;;;;;;;;;;;;;;;;;;;;;;;;;;;;;;;;;;
12381581;0551R26071445;STANDARD;2026-07-01T00:00:00;;2497;;;44672;;2804.28;EUR;;;;;;ING2607Facture intragroupe CID 0551;;;2026-07-03T11:57:10;1277;1277;2026-07-03T11:57:10;1277;;;;;;;;;;ING;FAC02_SRC_FACTURESFOURNISSEURS_020726-060434_ST_FAC02_639185690741033341_001;;;;;;JE.FR.APXIISIM.TAX_RULE;CRE/M;;;;;;;;;;;;;;;;;;;;;AMONTS;;;EMU FIXED;2026-07-03T11:57:10;1;EUR;;ENERGIE;;;GROUPEDKA;;;2026-07-28T00:00:00;7787526;;;90;;;;;;;;;01/07/2026;;;;;;;;;;;;;;;;;;;;;;;;;;;;;;DRW0001;;;;;;;;;;;;;;;;;;;;;;;;;;;;;;;;;;
12381582;0551R26071500;STANDARD;2026-07-01T00:00:00;;2497;;;44672;;1391.02;EUR;;;;;;ING2607Facture intragroupe CID 0551;;;2026-07-03T11:57:10;1277;1277;2026-07-03T11:57:10;1277;;;;;;;;;;ING;FAC02_SRC_FACTURESFOURNISSEURS_020726-060434_ST_FAC02_639185690741033341_001;;;;;;JE.FR.APXIISIM.TAX_RULE;CRE/M;;;;;;;;;;;;;;;;;;;;;AMONTS;;;EMU FIXED;2026-07-03T11:57:10;1;EUR;;ENERGIE;;;GROUPEDKA;;;2026-07-28T00:00:00;7787526;;;90;;;;;;;;;01/07/2026;;;;;;;;;;;;;;;;;;;;;;;;;;;;;;DRW0001;;;;;;;;;;;;;;;;;;;;;;;;;;;;;;;;;;
12381583;0551R26071511;STANDARD;2026-07-01T00:00:00;;2497;;;44672;;13258.60;EUR;;;;;;ING2607Facture intragroupe CID 0551;;;2026-07-03T11:57:10;1277;1277;2026-07-03T11:57:10;1277;;;;;;;;;;ING;FAC02_SRC_FACTURESFOURNISSEURS_020726-060434_ST_FAC02_639185690741033341_001;;;;;;JE.FR.APXIISIM.TAX_RULE;CRE/M;;;;;;;;;;;;;;;;;;;;;AMONTS;;;EMU FIXED;2026-07-03T11:57:10;1;EUR;;ENERGIE;;;GROUPEDKA;;;2026-07-28T00:00:00;7787526;;;90;;;;;;;;;01/07/2026;;;;;;;;;;;;;;;;;;;;;;;;;;;;;;DRW0001;;;;;;;;;;;;;;;;;;;;;;;;;;;;;;;;;;
12381584;0551R26071454;STANDARD;2026-07-01T00:00:00;;2497;;;44672;;9234.56;EUR;;;;;;ING2607Facture intragroupe CID 0551;;;2026-07-03T11:57:10;1277;1277;2026-07-03T11:57:10;1277;;;;;;;;;;ING;FAC02_SRC_FACTURESFOURNISSEURS_020726-060434_ST_FAC02_639185690741033341_001;;;;;;JE.FR.APXIISIM.TAX_RULE;CRE/M;;;;;;;;;;;;;;;;;;;;;AMONTS;;;EMU FIXED;2026-07-03T11:57:10;1;EUR;;ENERGIE;;;GROUPEDKA;;;2026-07-28T00:00:00;7787526;;;90;;;;;;;;;01/07/2026;;;;;;;;;;;;;;;;;;;;;;;;;;;;;;DRW0001;;;;;;;;;;;;;;;;;;;;;;;;;;;;;;;;;;
12381585;0688K2607WXP4;CREDIT;2026-07-01T00:00:00;;5416;;;23958;;-525.14;EUR;;;;;;GAZ2607Facture intragroupe CID 0688;;;2026-07-03T11:57:10;1277;1277;2026-07-03T11:57:10;1277;;;;;;;;;;GAZ;FAC02_SRC_FACTURESFOURNISSEURS_020726-060434_ST_FAC02_639185690741033341_001;;;;;;JE.FR.APXIISIM.TAX_RULE;CRE/M;;;;;;;;;;;;;;;;;;;;;AMONTS;;;EMU FIXED;2026-07-03T11:57:10;1;EUR;;ENERGIE;;;GROUPEDKA;;;2026-07-28T00:00:00;7788489;;;90;;;;;;;;;01/07/2026;;;;;;;;;;;;;;;;;;;;;;;;;;;;;;DRW0001;;;;;;;;;;;;;;;;;;;;;;;;;;;;;;;;;;
12381586;0551R26071499;STANDARD;2026-07-01T00:00:00;;2497;;;44672;;618.00;EUR;;;;;;ING2607Facture intragroupe CID 0551;;;2026-07-03T11:57:10;1277;1277;2026-07-03T11:57:10;1277;;;;;;;;;;ING;FAC02_SRC_FACTURESFOURNISSEURS_020726-060434_ST_FAC02_639185690741033341_001;;;;;;JE.FR.APXIISIM.TAX_RULE;CRE/M;;;;;;;;;;;;;;;;;;;;;AMONTS;;;EMU FIXED;2026-07-03T11:57:10;1;EUR;;ENERGIE;;;GROUPEDKA;;;2026-07-28T00:00:00;7787526;;;90;;;;;;;;;01/07/2026;;;;;;;;;;;;;;;;;;;;;;;;;;;;;;DRW0001;;;;;;;;;;;;;;;;;;;;;;;;;;;;;;;;;;
12381587;0688K2607WXY5;CREDIT;2026-07-01T00:00:00;;5416;;;29731;;-586.79;EUR;;;;;;GAZ2607Facture intragroupe CID 0688;;;2026-07-03T11:57:10;1277;1277;2026-07-03T11:57:10;1277;;;;;;;;;;GAZ;FAC02_SRC_FACTURESFOURNISSEURS_020726-060434_ST_FAC02_639185690741033341_001;;;;;;JE.FR.APXIISIM.TAX_RULE;CRE/M;;;;;;;;;;;;;;;;;;;;;AMONTS;;;EMU FIXED;2026-07-03T11:57:10;1;EUR;;ENERGIE;;;GROUPEDKA;;;2026-07-28T00:00:00;7788549;;;91;;;;;;;;;01/07/2026;;;;;;;;;;;;;;;;;;;;;;;;;;;;;;DSW0001;;;;;;;;;;;;;;;;;;;;;;;;;;;;;;;;;;
12381588;0551R26071382;STANDARD;2026-07-01T00:00:00;;2497;;;44672;;556.20;EUR;;;;;;ING2607Facture intragroupe CID 0551;;;2026-07-03T11:57:10;1277;1277;2026-07-03T11:57:10;1277;;;;;;;;;;ING;FAC02_SRC_FACTURESFOURNISSEURS_020726-060434_ST_FAC02_639185690741033341_001;;;;;;JE.FR.APXIISIM.TAX_RULE;CRE/M;;;;;;;;;;;;;;;;;;;;;AMONTS;;;EMU FIXED;2026-07-03T11:57:10;1;EUR;;ENERGIE;;;GROUPEDKA;;;2026-07-28T00:00:00;7787526;;;90;;;;;;;;;01/07/2026;;;;;;;;;;;;;;;;;;;;;;;;;;;;;;DRW0001;;;;;;;;;;;;;;;;;;;;;;;;;;;;;;;;;;
12381589;0688K2607WXN4;CREDIT;2026-07-01T00:00:00;;5416;;;23958;;-107.30;EUR;;;;;;GAZ2607Facture intragroupe CID 0688;;;2026-07-03T11:57:10;1277;1277;2026-07-03T11:57:10;1277;;;;;;;;;;GAZ;FAC02_SRC_FACTURESFOURNISSEURS_020726-060434_ST_FAC02_639185690741033341_001;;;;;;JE.FR.APXIISIM.TAX_RULE;CRE/M;;;;;;;;;;;;;;;;;;;;;AMONTS;;;EMU FIXED;2026-07-03T11:57:10;1;EUR;;ENERGIE;;;GROUPEDKA;;;2026-07-28T00:00:00;7788489;;;90;;;;;;;;;01/07/2026;;;;;;;;;;;;;;;;;;;;;;;;;;;;;;DRW0001;;;;;;;;;;;;;;;;;;;;;;;;;;;;;;;;;;
12381590;0367M26074493;STANDARD;2026-07-01T00:00:00;;6157;;;3215547;;2167.77;EUR;;;;;;BIO2607Facture intragroupe CID 0367;;;2026-07-03T11:57:10;1277;1277;2026-07-03T11:57:10;1277;;;;;;;;;;BIO;FAC02_SRC_FACTURESFOURNISSEURS_020726-060434_ST_FAC02_639185690741033341_001;;;;;;JE.FR.APXIISIM.TAX_RULE;CRE/M;;;;;;;;;;;;;;;;;;;;;AMONTS;;;EMU FIXED;2026-07-03T11:57:10;1;EUR;;ENERGIE;;;GROUPEDKA;;;2026-07-28T00:00:00;13440307;;;88;;;;;;;;;01/07/2026;;;;;;;;;;;;;;;;;;;;;;;;;;;;;;DMS0001;;;;;;;;;;;;;;;;;;;;;;;;;;;;;;;;;;
12381592;0688K2607WXU6;STANDARD;2026-07-01T00:00:00;;5416;;;29731;;144.30;EUR;;;;;;GAZ2607Facture intragroupe CID 0688;;;2026-07-03T11:57:10;1277;1277;2026-07-03T11:57:10;1277;;;;;;;;;;GAZ;FAC02_SRC_FACTURESFOURNISSEURS_020726-060434_ST_FAC02_639185690741033341_001;;;;;;JE.FR.APXIISIM.TAX_RULE;CRE/M;;;;;;;;;;;;;;;;;;;;;AMONTS;;;EMU FIXED;2026-07-03T11:57:10;1;EUR;;ENERGIE;;;GROUPEDKA;;;2026-07-28T00:00:00;7788549;;;91;;;;;;;;;01/07/2026;;;;;;;;;;;;;;;;;;;;;;;;;;;;;;DSW0001;;;;;;;;;;;;;;;;;;;;;;;;;;;;;;;;;;
12381593;0804O2607RQX6;STANDARD;2026-07-01T00:00:00;;2890;;;38022;;571.60;EUR;;;;;;HAC2607Facture intragroupe CID 0804;;;2026-07-03T11:57:10;1277;1277;2026-07-03T11:57:10;1277;;;;;;;;;;HAC;FAC02_SRC_FACTURESFOURNISSEURS_020726-060434_ST_FAC02_639185690741033341_001;;;;;;JE.FR.APXIISIM.TAX_RULE;CRE/M;;;;;;;;;;;;;;;;;;;;;AMONTS;;;EMU FIXED;2026-07-03T11:57:10;1;EUR;;PIRENE;;;GROUPEDKA;;;2026-07-28T00:00:00;7787673;;;86;;;;;;;;;01/07/2026;;;;;;;;;;;;;;;;;;;;;;;;;;;;;;DEW0001;;;;;;;;;;;;;;;;;;;;;;;;;;;;;;;;;;
12381594;0804O2607RQX9;STANDARD;2026-07-01T00:00:00;;2890;;;38022;;5415.12;EUR;;;;;;HAC2607Facture intragroupe CID 0804;;;2026-07-03T11:57:10;1277;1277;2026-07-03T11:57:10;1277;;;;;;;;;;HAC;FAC02_SRC_FACTURESFOURNISSEURS_020726-060434_ST_FAC02_639185690741033341_001;;;;;;JE.FR.APXIISIM.TAX_RULE;CRE/M;;;;;;;;;;;;;;;;;;;;;AMONTS;;;EMU FIXED;2026-07-03T11:57:10;1;EUR;;PIRENE;;;GROUPEDKA;;;2026-07-28T00:00:00;7787673;;;86;;;;;;;;;01/07/2026;;;;;;;;;;;;;;;;;;;;;;;;;;;;;;DEW0001;;;;;;;;;;;;;;;;;;;;;;;;;;;;;;;;;;
12381595;0804O2607RQX7;STANDARD;2026-07-01T00:00:00;;2890;;;4375451;;2485.54;EUR;;;;;;HAC2607Facture intragroupe CID 0804;;;2026-07-03T11:57:10;1277;1277;2026-07-03T11:57:10;1277;;;;;;;;;;HAC;FAC02_SRC_FACTURESFOURNISSEURS_020726-060434_ST_FAC02_639185690741033341_001;;;;;;JE.FR.APXIISIM.TAX_RULE;CRE/M;;;;;;;;;;;;;;;;;;;;;AMONTS;;;EMU FIXED;2026-07-03T11:57:10;1;EUR;;PIRENE;;;GROUPEDKA;;;2026-07-28T00:00:00;16662818;;;8128;;;;;;;;;01/07/2026;;;;;;;;;;;;;;;;;;;;;;;;;;;;;;DLS0512;;;;;;;;;;;;;;;;;;;;;;;;;;;;;;;;;;
12381596;0804O2607RQX4;STANDARD;2026-07-01T00:00:00;;2890;;;38022;;2716.56;EUR;;;;;;HAC2607Facture intragroupe CID 0804;;;2026-07-03T11:57:10;1277;1277;2026-07-03T11:57:10;1277;;;;;;;;;;HAC;FAC02_SRC_FACTURESFOURNISSEURS_020726-060434_ST_FAC02_639185690741033341_001;;;;;;JE.FR.APXIISIM.TAX_RULE;CRE/M;;;;;;;;;;;;;;;;;;;;;AMONTS;;;EMU FIXED;2026-07-03T11:57:10;1;EUR;;PIRENE;;;GROUPEDKA;;;2026-07-28T00:00:00;7787673;;;86;;;;;;;;;09/07/2026;;;;;;;;;;;;;;;;;;;;;;;;;;;;;;DEW0001;;;;;;;;;;;;;;;;;;;;;;;;;;;;;;;;;;
12381597;0804O2607RQY1;CREDIT;2026-07-01T00:00:00;;2890;;;38022;;-86502.48;EUR;;;;;;HAC2607Facture intragroupe CID 0804;;;2026-07-03T11:57:10;1277;1277;2026-07-03T11:57:10;1277;;;;;;;;;;HAC;FAC02_SRC_FACTURESFOURNISSEURS_020726-060434_ST_FAC02_639185690741033341_001;;;;;;JE.FR.APXIISIM.TAX_RULE;CRE/M;;;;;;;;;;;;;;;;;;;;;AMONTS;;;EMU FIXED;2026-07-03T11:57:10;1;EUR;;PIRENE;;;GROUPEDKA;;;2026-07-28T00:00:00;7787673;;;86;;;;;;;;;01/07/2026;;;;;;;;;;;;;;;;;;;;;;;;;;;;;;DEW0001;;;;;;;;;;;;;;;;;;;;;;;;;;;;;;;;;;
12381598;0804O2607RQY8;STANDARD;2026-07-01T00:00:00;;2890;;;38022;;77540.23;EUR;;;;;;HAC2607Facture intragroupe CID 0804;;;2026-07-03T11:57:10;1277;1277;2026-07-03T11:57:10;1277;;;;;;;;;;HAC;FAC02_SRC_FACTURESFOURNISSEURS_020726-060434_ST_FAC02_639185690741033341_001;;;;;;JE.FR.APXIISIM.TAX_RULE;CRE/M;;;;;;;;;;;;;;;;;;;;;AMONTS;;;EMU FIXED;2026-07-03T11:57:10;1;EUR;;PIRENE;;;GROUPEDKA;;;2026-07-28T00:00:00;7787673;;;86;;;;;;;;;01/07/2026;;;;;;;;;;;;;;;;;;;;;;;;;;;;;;DEW0001;;;;;;;;;;;;;;;;;;;;;;;;;;;;;;;;;;
12381599;0804O2607RQY2;CREDIT;2026-07-01T00:00:00;;2890;;;39716;;-8361.08;EUR;;;;;;HAC2607Facture intragroupe CID 0804;;;2026-07-03T11:57:10;1277;1277;2026-07-03T11:57:10;1277;;;;;;;;;;HAC;FAC02_SRC_FACTURESFOURNISSEURS_020726-060434_ST_FAC02_639185690741033341_001;;;;;;JE.FR.APXIISIM.TAX_RULE;CRE/M;;;;;;;;;;;;;;;;;;;;;AMONTS;;;EMU FIXED;2026-07-03T11:57:10;1;EUR;;PIRENE;;;GROUPEDKA;;;2026-07-28T00:00:00;7787760;;;226;;;;;;;;;01/07/2026;;;;;;;;;;;;;;;;;;;;;;;;;;;;;;DNA0349;;;;;;;;;;;;;;;;;;;;;;;;;;;;;;;;;;
12381600;0804O2607RQY7;STANDARD;2026-07-01T00:00:00;;2890;;;39716;;5454.32;EUR;;;;;;HAC2607Facture intragroupe CID 0804;;;2026-07-03T11:57:10;1277;1277;2026-07-03T11:57:10;1277;;;;;;;;;;HAC;FAC02_SRC_FACTURESFOURNISSEURS_020726-060434_ST_FAC02_639185690741033341_001;;;;;;JE.FR.APXIISIM.TAX_RULE;CRE/M;;;;;;;;;;;;;;;;;;;;;AMONTS;;;EMU FIXED;2026-07-03T11:57:10;1;EUR;;PIRENE;;;GROUPEDKA;;;2026-07-28T00:00:00;7787760;;;226;;;;;;;;;01/07/2026;;;;;;;;;;;;;;;;;;;;;;;;;;;;;;DNA0349;;;;;;;;;;;;;;;;;;;;;;;;;;;;;;;;;;
12381601;0804O2607RQY3;CREDIT;2026-07-01T00:00:00;;2890;;;46793;;-18346.38;EUR;;;;;;HAC2607Facture intragroupe CID 0804;;;2026-07-03T11:57:10;1277;1277;2026-07-03T11:57:10;1277;;;;;;;;;;HAC;FAC02_SRC_FACTURESFOURNISSEURS_020726-060434_ST_FAC02_639185690741033341_001;;;;;;JE.FR.APXIISIM.TAX_RULE;CRE/M;;;;;;;;;;;;;;;;;;;;;AMONTS;;;EMU FIXED;2026-07-03T11:57:10;1;EUR;;PIRENE;;;GROUPEDKA;;;2026-07-28T00:00:00;7787733;;;88;;;;;;;;;01/07/2026;;;;;;;;;;;;;;;;;;;;;;;;;;;;;;DMS0001;;;;;;;;;;;;;;;;;;;;;;;;;;;;;;;;;;
12381602;0804O2607RQY5;STANDARD;2026-07-01T00:00:00;;2890;;;46793;;18346.38;EUR;;;;;;HAC2607Facture intragroupe CID 0804;;;2026-07-03T11:57:10;1277;1277;2026-07-03T11:57:10;1277;;;;;;;;;;HAC;FAC02_SRC_FACTURESFOURNISSEURS_020726-060434_ST_FAC02_639185690741033341_001;;;;;;JE.FR.APXIISIM.TAX_RULE;CRE/M;;;;;;;;;;;;;;;;;;;;;AMONTS;;;EMU FIXED;2026-07-03T11:57:10;1;EUR;;PIRENE;;;GROUPEDKA;;;2026-07-28T00:00:00;7787733;;;88;;;;;;;;;01/07/2026;;;;;;;;;;;;;;;;;;;;;;;;;;;;;;DMS0001;;;;;;;;;;;;;;;;;;;;;;;;;;;;;;;;;;
12381603;0804O2607RQY4;CREDIT;2026-07-01T00:00:00;;2890;;;46793;;-11989.33;EUR;;;;;;HAC2607Facture intragroupe CID 0804;;;2026-07-03T11:57:10;1277;1277;2026-07-03T11:57:10;1277;;;;;;;;;;HAC;FAC02_SRC_FACTURESFOURNISSEURS_020726-060434_ST_FAC02_639185690741033341_001;;;;;;JE.FR.APXIISIM.TAX_RULE;CRE/M;;;;;;;;;;;;;;;;;;;;;AMONTS;;;EMU FIXED;2026-07-03T11:57:10;1;EUR;;PIRENE;;;GROUPEDKA;;;2026-07-28T00:00:00;7787733;;;88;;;;;;;;;01/07/2026;;;;;;;;;;;;;;;;;;;;;;;;;;;;;;DMS0001;;;;;;;;;;;;;;;;;;;;;;;;;;;;;;;;;;
12381604;0804O2607RQY6;STANDARD;2026-07-01T00:00:00;;2890;;;46793;;20055.04;EUR;;;;;;HAC2607Facture intragroupe CID 0804;;;2026-07-03T11:57:10;1277;1277;2026-07-03T11:57:10;1277;;;;;;;;;;HAC;FAC02_SRC_FACTURESFOURNISSEURS_020726-060434_ST_FAC02_639185690741033341_001;;;;;;JE.FR.APXIISIM.TAX_RULE;CRE/M;;;;;;;;;;;;;;;;;;;;;AMONTS;;;EMU FIXED;2026-07-03T11:57:10;1;EUR;;PIRENE;;;GROUPEDKA;;;2026-07-28T00:00:00;7787733;;;88;;;;;;;;;01/07/2026;;;;;;;;;;;;;;;;;;;;;;;;;;;;;;DMS0001;;;;;;;;;;;;;;;;;;;;;;;;;;;;;;;;;;
12381605;0688K2607WWM9;CREDIT;2026-07-01T00:00:00;;5416;;;39959;;-330.77;EUR;;;;;;GAZ2607Facture intragroupe CID 0688;;;2026-07-03T11:57:10;1277;1277;2026-07-03T11:57:10;1277;;;;;;;;;;GAZ;FAC02_SRC_FACTURESFOURNISSEURS_020726-060434_ST_FAC02_639185690741033341_001;;;;;;JE.FR.APXIISIM.TAX_RULE;CRE/M;;;;;;;;;;;;;;;;;;;;;AMONTS;;;EMU FIXED;2026-07-03T11:57:10;1;EUR;;ENERGIE;;;GROUPEDKA;;;2026-07-28T00:00:00;7788414;;;89;;;;;;;;;01/07/2026;;;;;;;;;;;;;;;;;;;;;;;;;;;;;;DNA0001;;;;;;;;;;;;;;;;;;;;;;;;;;;;;;;;;;
12381606;0688K2607WXK4;STANDARD;2026-07-01T00:00:00;;5416;;;39959;;2432.22;EUR;;;;;;GAZ2607Facture intragroupe CID 0688;;;2026-07-03T11:57:10;1277;1277;2026-07-03T11:57:10;1277;;;;;;;;;;GAZ;FAC02_SRC_FACTURESFOURNISSEURS_020726-060434_ST_FAC02_639185690741033341_001;;;;;;JE.FR.APXIISIM.TAX_RULE;CRE/M;;;;;;;;;;;;;;;;;;;;;AMONTS;;;EMU FIXED;2026-07-03T11:57:10;1;EUR;;ENERGIE;;;GROUPEDKA;;;2026-07-28T00:00:00;7788414;;;89;;;;;;;;;01/07/2026;;;;;;;;;;;;;;;;;;;;;;;;;;;;;;DNA0001;;;;;;;;;;;;;;;;;;;;;;;;;;;;;;;;;;
12381607;0688K2607WWN0;CREDIT;2026-07-01T00:00:00;;5416;;;39959;;-279.95;EUR;;;;;;GAZ2607Facture intragroupe CID 0688;;;2026-07-03T11:57:10;1277;1277;2026-07-03T11:57:10;1277;;;;;;;;;;GAZ;FAC02_SRC_FACTURESFOURNISSEURS_020726-060434_ST_FAC02_639185690741033341_001;;;;;;JE.FR.APXIISIM.TAX_RULE;CRE/M;;;;;;;;;;;;;;;;;;;;;AMONTS;;;EMU FIXED;2026-07-03T11:57:10;1;EUR;;ENERGIE;;;GROUPEDKA;;;2026-07-28T00:00:00;7788414;;;89;;;;;;;;;01/07/2026;;;;;;;;;;;;;;;;;;;;;;;;;;;;;;DNA0001;;;;;;;;;;;;;;;;;;;;;;;;;;;;;;;;;;
12381608;0688K2607WXK5;STANDARD;2026-07-01T00:00:00;;5416;;;39959;;1934.00;EUR;;;;;;GAZ2607Facture intragroupe CID 0688;;;2026-07-03T11:57:10;1277;1277;2026-07-03T11:57:10;1277;;;;;;;;;;GAZ;FAC02_SRC_FACTURESFOURNISSEURS_020726-060434_ST_FAC02_639185690741033341_001;;;;;;JE.FR.APXIISIM.TAX_RULE;CRE/M;;;;;;;;;;;;;;;;;;;;;AMONTS;;;EMU FIXED;2026-07-03T11:57:10;1;EUR;;ENERGIE;;;GROUPEDKA;;;2026-07-28T00:00:00;7788414;;;89;;;;;;;;;01/07/2026;;;;;;;;;;;;;;;;;;;;;;;;;;;;;;DNA0001;;;;;;;;;;;;;;;;;;;;;;;;;;;;;;;;;;
12381609;0688K2607WWN1;CREDIT;2026-07-01T00:00:00;;5416;;;39959;;-114.75;EUR;;;;;;GAZ2607Facture intragroupe CID 0688;;;2026-07-03T11:57:10;1277;1277;2026-07-03T11:57:10;1277;;;;;;;;;;GAZ;FAC02_SRC_FACTURESFOURNISSEURS_020726-060434_ST_FAC02_639185690741033341_001;;;;;;JE.FR.APXIISIM.TAX_RULE;CRE/M;;;;;;;;;;;;;;;;;;;;;AMONTS;;;EMU FIXED;2026-07-03T11:57:10;1;EUR;;ENERGIE;;;GROUPEDKA;;;2026-07-28T00:00:00;7788414;;;89;;;;;;;;;01/07/2026;;;;;;;;;;;;;;;;;;;;;;;;;;;;;;DNA0001;;;;;;;;;;;;;;;;;;;;;;;;;;;;;;;;;;
12381610;0688K2607WXK6;STANDARD;2026-07-01T00:00:00;;5416;;;39959;;572.09;EUR;;;;;;GAZ2607Facture intragroupe CID 0688;;;2026-07-03T11:57:10;1277;1277;2026-07-03T11:57:10;1277;;;;;;;;;;GAZ;FAC02_SRC_FACTURESFOURNISSEURS_020726-060434_ST_FAC02_639185690741033341_001;;;;;;JE.FR.APXIISIM.TAX_RULE;CRE/M;;;;;;;;;;;;;;;;;;;;;AMONTS;;;EMU FIXED;2026-07-03T11:57:10;1;EUR;;ENERGIE;;;GROUPEDKA;;;2026-07-28T00:00:00;7788414;;;89;;;;;;;;;01/07/2026;;;;;;;;;;;;;;;;;;;;;;;;;;;;;;DNA0001;;;;;;;;;;;;;;;;;;;;;;;;;;;;;;;;;;
12381611;0688K2607WWN2;CREDIT;2026-07-01T00:00:00;;5416;;;10557;;-7490.56;EUR;;;;;;GAZ2607Facture intragroupe CID 0688;;;2026-07-03T11:57:10;1277;1277;2026-07-03T11:57:10;1277;;;;;;;;;;GAZ;FAC02_SRC_FACTURESFOURNISSEURS_020726-060434_ST_FAC02_639185690741033341_001;;;;;;JE.FR.APXIISIM.TAX_RULE;CRE/M;;;;;;;;;;;;;;;;;;;;;AMONTS;;;EMU FIXED;2026-07-03T11:57:10;1;EUR;;ENERGIE;;;GROUPEDKA;;;2026-07-28T00:00:00;7788357;;;88;;;;;;;;;01/07/2026;;;;;;;;;;;;;;;;;;;;;;;;;;;;;;DMS0001;;;;;;;;;;;;;;;;;;;;;;;;;;;;;;;;;;
12381612;0688K2607WWN4;CREDIT;2026-07-01T00:00:00;;5416;;;29731;;-440.90;EUR;;;;;;GAZ2607Facture intragroupe CID 0688;;;2026-07-03T11:57:10;1277;1277;2026-07-03T11:57:10;1277;;;;;;;;;;GAZ;FAC02_SRC_FACTURESFOURNISSEURS_020726-060434_ST_FAC02_639185690741033341_001;;;;;;JE.FR.APXIISIM.TAX_RULE;CRE/M;;;;;;;;;;;;;;;;;;;;;AMONTS;;;EMU FIXED;2026-07-03T11:57:10;1;EUR;;ENERGIE;;;GROUPEDKA;;;2026-07-28T00:00:00;7788549;;;91;;;;;;;;;01/07/2026;;;;;;;;;;;;;;;;;;;;;;;;;;;;;;DSW0001;;;;;;;;;;;;;;;;;;;;;;;;;;;;;;;;;;
12381613;0001C2607USH4;CREDIT;2026-07-01T00:00:00;;815;;;3703801;;-10847.94;EUR;;;;;;ING2607Facture intragroupe CID 0001;;;2026-07-03T11:57:10;1277;1277;2026-07-03T11:57:10;1277;;;;;;;;;;ING;FAC02_SRC_FACTURESFOURNISSEURS_020726-060434_ST_FAC02_639185690741033341_001;;;;;;JE.FR.APXIISIM.TAX_RULE;CRE/M;;;;;;;;;;;;;;;;;;;;;AMONTS;;;EMU FIXED;2026-07-03T11:57:10;1;EUR;;ENERGIE;;;GROUPEDKA;;;2026-07-28T00:00:00;15026735;;;6392;;;;;;;;;16/08/2026;;;;;;;;;;;;;;;;;;;;;;;;;;;;;;DCW0490;;;;;;;;;;;;;;;;;;;;;;;;;;;;;;;;;;
12381614;0001C2607XCR8;STANDARD;2026-07-01T00:00:00;;815;;;3703801;;10847.94;EUR;;;;;;ING2607Facture intragroupe CID 0001;;;2026-07-03T11:57:10;1277;1277;2026-07-03T11:57:10;1277;;;;;;;;;;ING;FAC02_SRC_FACTURESFOURNISSEURS_020726-060434_ST_FAC02_639185690741033341_001;;;;;;JE.FR.APXIISIM.TAX_RULE;CRE/M;;;;;;;;;;;;;;;;;;;;;AMONTS;;;EMU FIXED;2026-07-03T11:57:10;1;EUR;;ENERGIE;;;GROUPEDKA;;;2026-07-28T00:00:00;15026735;;;6392;;;;;;;;;16/08/2026;;;;;;;;;;;;;;;;;;;;;;;;;;;;;;DCW0490;;;;;;;;;;;;;;;;;;;;;;;;;;;;;;;;;;
12381615;0001C2607USH6;CREDIT;2026-07-01T00:00:00;;815;;;3703801;;-10847.94;EUR;;;;;;ING2607Facture intragroupe CID 0001;;;2026-07-03T11:57:10;1277;1277;2026-07-03T11:57:10;1277;;;;;;;;;;ING;FAC02_SRC_FACTURESFOURNISSEURS_020726-060434_ST_FAC02_639185690741033341_001;;;;;;JE.FR.APXIISIM.TAX_RULE;CRE/M;;;;;;;;;;;;;;;;;;;;;AMONTS;;;EMU FIXED;2026-07-03T11:57:10;1;EUR;;ENERGIE;;;GROUPEDKA;;;2026-07-28T00:00:00;15026735;;;6392;;;;;;;;;16/08/2026;;;;;;;;;;;;;;;;;;;;;;;;;;;;;;DCW0490;;;;;;;;;;;;;;;;;;;;;;;;;;;;;;;;;;
12381616;0001C2607XCR9;STANDARD;2026-07-01T00:00:00;;815;;;3703801;;10847.94;EUR;;;;;;ING2607Facture intragroupe CID 0001;;;2026-07-03T11:57:10;1277;1277;2026-07-03T11:57:10;1277;;;;;;;;;;ING;FAC02_SRC_FACTURESFOURNISSEURS_020726-060434_ST_FAC02_639185690741033341_001;;;;;;JE.FR.APXIISIM.TAX_RULE;CRE/M;;;;;;;;;;;;;;;;;;;;;AMONTS;;;EMU FIXED;2026-07-03T11:57:10;1;EUR;;ENERGIE;;;GROUPEDKA;;;2026-07-28T00:00:00;15026735;;;6392;;;;;;;;;16/08/2026;;;;;;;;;;;;;;;;;;;;;;;;;;;;;;DCW0490;;;;;;;;;;;;;;;;;;;;;;;;;;;;;;;;;;
