GN1034406L;02/02/2026;B00000001B;DOS
GL0027627V;02/02/2026;B00000004E;DCW
GL1256662A;02/02/2026;B00000008J;DMS
GN1274845M;02/02/2026;B00000001B;DOS
GN1276228J;02/02/2026;B00000001B;DOS
GL1281143V;02/02/2026;B00000004E;DCW
GN1287941V;02/02/2026;B00000001B;DOS
GN1302312A;02/02/2026;B00000001B;DOS
GN1303456A;02/02/2026;B00000001B;DOS
GN1304938J;02/02/2026;B00000001B;DOS
GN1305786Y;02/02/2026;B00000001B;DOS
GN1210662C;02/02/2026;B00000001B;DOS
GN1317410G;02/02/2026;B00000001B;DOS
GL0614073K;02/02/2026;B00000008J;DMS
GN1340057S;02/02/2026;B00000001B;DOS
GN1340259X;02/02/2026;B00000001B;DOS
GL0008213H;02/02/2026;B00000008J;DMS
GL0005210W;02/02/2026;B00000008J;DMS
GL1352767K;02/02/2026;B00000008J;DMS
GN1206216A;02/02/2026;B00000001B;DOS
GN1206218C;02/02/2026;B00000001B;DOS
GN1206219D;02/02/2026;B00000001B;DOS
GL0531721D;02/02/2026;B00000003D;DSW
GN1354912Y;02/02/2026;B00000001B;DOS
GN1355011K;02/02/2026;B00000001B;DOS
GN1355013M;02/02/2026;B00000001B;DOS
GN1355269D;02/02/2026;B00000001B;DOS
GN1355301P;02/02/2026;B00000001B;DOS
GN1355320L;02/02/2026;B00000001B;DOS
GL1535151P;02/02/2026;B00000008J;DMS
GN1364412T;02/02/2026;B00000001B;DOS
GN1364426J;02/02/2026;B00000001B;DOS
GL1142893S;02/02/2026;B00000008J;DMS
GL0007852Y;02/02/2026;B00000002C;DRW
GL0031846N;02/02/2026;B00000005F;DNA
GL0031838E;02/02/2026;B00000005F;DNA
GL1361900N;02/02/2026;B00000005F;DNA
GL1361912C;02/02/2026;B00000005F;DNA
GL0031840G;02/02/2026;B00000005F;DNA
GL0031843K;02/02/2026;B00000005F;DNA
GL0590913S;02/02/2026;B00000005F;DNA
GL0031842J;02/02/2026;B00000005F;DNA
GL0031839F;02/02/2026;B00000005F;DNA
GL1361919K;02/02/2026;B00000005F;DNA
GL0590895X;02/02/2026;B00000005F;DNA
GL0590878C;02/02/2026;B00000005F;DNA
GN1369183P;02/02/2026;B00000001B;DOS
GN1369189X;02/02/2026;B00000001B;DOS
GN1369209V;02/02/2026;B00000001B;DOS
GN1369214A;02/02/2026;B00000001B;DOS
GN1369218E;02/02/2026;B00000001B;DOS
GN1369270N;02/02/2026;B00000001B;DOS
GN1369310J;02/02/2026;B00000001B;DOS
GL1359721M;02/02/2026;B00000008J;DMS
GL1362487F;02/02/2026;B00000008J;DMS
GL1344412R;02/02/2026;B00000003D;DSW
GN1376750N;02/02/2026;B00000001B;DOS
GN1377472J;02/02/2026;B00000001B;DOS
GL0025963D;02/02/2026;B00000004E;DCW
GL1376122A;02/02/2026;B00000005F;DNA
GL0031544W;02/02/2026;B00000005F;DNA
GL0027599M;02/02/2026;B00000004E;DCW
GL0220064Y;02/02/2026;B00000008J;DMS
GL1364009K;02/02/2026;B00000004E;DCW
GL1361975Z;02/02/2026;B00000003D;DSW
GL1384879B;02/02/2026;B00000005F;DNA
GN1385920J;02/02/2026;B00000001B;DOS
GL0232690W;02/02/2026;B00000008J;DMS
GN1389566C;02/02/2026;B00000001B;DOS
GL0030389H;02/02/2026;B00000005F;DNA
GL0006807K;02/02/2026;B00000008J;DMS
GN1393520W;02/02/2026;B00000001B;DOS
GL1390632N;02/02/2026;B00000008J;DMS
GL0004027B;02/02/2026;B00000008J;DMS
GL0004431K;02/02/2026;B00000008J;DMS
GL1206169X;02/02/2026;B00000008J;DMS
GL0003231X;02/02/2026;B00000008J;DMS
GL1535147K;02/02/2026;B00000008J;DMS
GL0906589P;02/02/2026;B00000007H;DEW
GN1397772C;02/02/2026;B00000001B;DOS
GL0006345K;02/02/2026;B00000008J;DMS
GL0005382R;02/02/2026;B00000008J;DMS
GL1390643B;02/02/2026;B00000008J;DMS
GN1400336R;02/02/2026;B00000001B;DOS
GN1404229P;02/02/2026;B00000001B;DOS
GN1404239B;02/02/2026;B00000001B;DOS
GN1404482C;02/02/2026;B00000001B;DOS
GL0005324A;02/02/2026;B00000008J;DMS
GL0005881H;02/02/2026;B00000008J;DMS
GL1394784G;02/02/2026;B00000008J;DMS
GL0003754R;02/02/2026;B00000008J;DMS
GL0008185B;02/02/2026;B00000008J;DMS
GL1409150G;02/02/2026;B00000008J;DMS
GN1406741V;02/02/2026;B00000001B;DOS
GN1407360Y;02/02/2026;B00000001B;DOS
GL0573822W;02/02/2026;B00000003D;DSW
GL0036944G;02/02/2026;B00000003D;DSW
GL1400370E;02/02/2026;B00000008J;DMS
GL0009345V;02/02/2026;B00000008J;DMS
GN1408501V;02/02/2026;B00000001B;DOS
GN1409962E;02/02/2026;B00000001B;DOS
GN1409968L;02/02/2026;B00000001B;DOS
GN1416754Y;02/02/2026;B00000001B;DOS
GN1416755Z;02/02/2026;B00000001B;DOS
GN1416810L;02/02/2026;B00000001B;DOS
GN1416812N;02/02/2026;B00000001B;DOS
GN1416838T;02/02/2026;B00000001B;DOS
GN1416850G;02/02/2026;B00000001B;DOS
GN1417613Z;02/02/2026;B00000001B;DOS
GN1417662E;02/02/2026;B00000001B;DOS
GN1417669M;02/02/2026;B00000001B;DOS
GL0002921V;02/02/2026;B00000008J;DMS
GL0057825K;02/02/2026;B00000003D;DSW
GN1420824Y;02/02/2026;B00000001B;DOS
GN1420828C;02/02/2026;B00000001B;DOS
GN1422141V;02/02/2026;B00000001B;DOS
GL0005877D;02/02/2026;B00000008J;DMS
GL0001898G;02/02/2026;B00000008J;DMS
GL0003058A;02/02/2026;B00000008J;DMS
GL0012662N;02/02/2026;B00000003D;DSW
GL0011610T;02/02/2026;B00000003D;DSW
GL0620011H;02/02/2026;B00000008J;DMS
GL0057869K;02/02/2026;B00000003D;DSW
GL0318577V;02/02/2026;B00000003D;DSW
GL1205913F;02/02/2026;B00000008J;DMS
GL0063741H;02/02/2026;B00000008J;DMS
GN1422722E;02/02/2026;B00000001B;DOS
GN1422731P;02/02/2026;B00000001B;DOS
GN1422742C;02/02/2026;B00000001B;DOS
GN1425180Y;02/02/2026;B00000001B;DOS
GL0012094T;02/02/2026;B00000003D;DSW
GL1293922R;02/02/2026;B00000005F;DNA
GL1429001P;02/02/2026;B00000003D;DSW
GN1404497V;02/02/2026;B00000001B;DOS
GN1427070W;02/02/2026;B00000001B;DOS
GN1430000A;02/02/2026;B00000001B;DOS
GL0002256N;02/02/2026;B00000008J;DMS
GN0350195Z;02/02/2026;B00000001B;DOS
GN0878467H;02/02/2026;B00000001B;DOS
GL1294861H;02/02/2026;B00000005F;DNA
GL1294883H;02/02/2026;B00000005F;DNA
GL1294905H;02/02/2026;B00000005F;DNA
GL1294938W;02/02/2026;B00000005F;DNA
GL1294956R;02/02/2026;B00000005F;DNA
GL1294968E;02/02/2026;B00000005F;DNA
GN1433767F;02/02/2026;B00000001B;DOS
GN1437400J;02/02/2026;B00000001B;DOS
GL1449105K;02/02/2026;B00000004E;DCW
GL1437684G;02/02/2026;B00000008J;DMS
GL0027189X;02/02/2026;B00000004E;DCW
GL0048317F;02/02/2026;B00000006G;DLS
GL0013645F;02/02/2026;B00000005F;DNA
GL0006965P;02/02/2026;B00000008J;DMS
GL0031804R;02/02/2026;B00000005F;DNA
GL0006721M;02/02/2026;B00000008J;DMS
GL0018322W;02/02/2026;B00000008J;DMS
GL0012341Z;02/02/2026;B00000008J;DMS
GL0011014R;02/02/2026;B00000008J;DMS
GL0013673M;02/02/2026;B00000005F;DNA
GL0013143K;02/02/2026;B00000008J;DMS
GL0028966R;02/02/2026;B00000003D;DSW
GL0028978E;02/02/2026;B00000003D;DSW
GL0061831M;02/02/2026;B00000003D;DSW
GL0061837V;02/02/2026;B00000003D;DSW
GL0061845D;02/02/2026;B00000003D;DSW
GL0028972Y;02/02/2026;B00000003D;DSW
GL0061800C;02/02/2026;B00000003D;DSW
GL0061738G;02/02/2026;B00000003D;DSW
GL0061753Z;02/02/2026;B00000003D;DSW
GL0028969V;02/02/2026;B00000003D;DSW
GL0220364N;02/02/2026;B00000003D;DSW
GL0220836A;02/02/2026;B00000003D;DSW
GL0220835Z;02/02/2026;B00000003D;DSW
GL0220837B;02/02/2026;B00000003D;DSW
GL0220838C;02/02/2026;B00000003D;DSW
GL0220839D;02/02/2026;B00000003D;DSW
GL0061763K;02/02/2026;B00000003D;DSW
GL0217415M;02/02/2026;B00000003D;DSW
GL0061848G;02/02/2026;B00000003D;DSW
GL0869630R;02/02/2026;B00000003D;DSW
GL0220613X;02/02/2026;B00000008J;DMS
GL0007652W;02/02/2026;B00000002C;DRW
GL0024662A;02/02/2026;B00000002C;DRW
GL0012316W;02/02/2026;B00000008J;DMS
GL0012317X;02/02/2026;B00000008J;DMS
GL0012327H;02/02/2026;B00000008J;DMS
GL0012319Z;02/02/2026;B00000008J;DMS
GL0012318Y;02/02/2026;B00000008J;DMS
GL0012322C;02/02/2026;B00000008J;DMS
GL0012323D;02/02/2026;B00000008J;DMS
GL0232075X;02/02/2026;B00000008J;DMS
GL0315351D;02/02/2026;B00000008J;DMS
GL0012324E;02/02/2026;B00000008J;DMS
GL0012315V;02/02/2026;B00000008J;DMS
GL0012325F;02/02/2026;B00000008J;DMS
GL0012326G;02/02/2026;B00000008J;DMS
GL0012329K;02/02/2026;B00000008J;DMS
GL0012312R;02/02/2026;B00000008J;DMS
GL0012308L;02/02/2026;B00000008J;DMS
GL0012313S;02/02/2026;B00000008J;DMS
GL0012310N;02/02/2026;B00000008J;DMS
GL0012309M;02/02/2026;B00000008J;DMS
GL0012302E;02/02/2026;B00000008J;DMS
GL0012303F;02/02/2026;B00000008J;DMS
GL0012304G;02/02/2026;B00000008J;DMS
GL0012311P;02/02/2026;B00000008J;DMS
GL0012301D;02/02/2026;B00000008J;DMS
GL0012305H;02/02/2026;B00000008J;DMS
GL0012328J;02/02/2026;B00000008J;DMS
GL0012332N;02/02/2026;B00000008J;DMS
GL0012331M;02/02/2026;B00000008J;DMS
GL0012334R;02/02/2026;B00000008J;DMS
GL0012299B;02/02/2026;B00000008J;DMS
GL0012300C;02/02/2026;B00000008J;DMS
GL0012336T;02/02/2026;B00000008J;DMS
GL0006656N;02/02/2026;B00000008J;DMS
GL0232073V;02/02/2026;B00000008J;DMS
GL0007675X;02/02/2026;B00000002C;DRW
GL0418654T;02/02/2026;B00000002C;DRW
GL0418656W;02/02/2026;B00000002C;DRW
GL0418661B;02/02/2026;B00000002C;DRW
GL0418663D;02/02/2026;B00000002C;DRW
GL0418664E;02/02/2026;B00000002C;DRW
GL0418667H;02/02/2026;B00000002C;DRW
GL0418670L;02/02/2026;B00000002C;DRW
GL0418672N;02/02/2026;B00000002C;DRW
GL0418678W;02/02/2026;B00000002C;DRW
GL0418681Z;02/02/2026;B00000002C;DRW
GL0418682A;02/02/2026;B00000002C;DRW
GL0418684C;02/02/2026;B00000002C;DRW
GL0010431D;02/02/2026;B00000008J;DMS
GL0010432E;02/02/2026;B00000008J;DMS
GN0349941K;02/02/2026;B00000001B;DOS
GN0377544C;02/02/2026;B00000001B;DOS
GL0024663B;02/02/2026;B00000002C;DRW
GL0007158J;02/02/2026;B00000008J;DMS
GL0387697P;02/02/2026;B00000008J;DMS
GL0006726T;02/02/2026;B00000008J;DMS
GN0428885V;02/02/2026;B00000001B;DOS
GL0432814J;02/02/2026;B00000008J;DMS
GL0510532A;02/02/2026;B00000008J;DMS
GL0436298T;02/02/2026;B00000007H;DEW
GL0023889X;02/02/2026;B00000002C;DRW
GL0543205D;02/02/2026;B00000008J;DMS
GL0543200Y;02/02/2026;B00000008J;DMS
GL0543181B;02/02/2026;B00000008J;DMS
GL0547006Y;02/02/2026;B00000008J;DMS
GL0006946T;02/02/2026;B00000008J;DMS
GL0044496N;02/02/2026;B00000003D;DSW
GL0671563P;02/02/2026;B00000003D;DSW
GL0619912W;02/02/2026;B00000008J;DMS
GL0009176C;02/02/2026;B00000007H;DEW
GL0007758R;02/02/2026;B00000002C;DRW
GL0052181X;02/02/2026;B00000003D;DSW
GL0052173M;02/02/2026;B00000003D;DSW
GL0052174N;02/02/2026;B00000003D;DSW
GL0052175P;02/02/2026;B00000003D;DSW
GL0052176R;02/02/2026;B00000003D;DSW
GL0052177S;02/02/2026;B00000003D;DSW
GL0052178T;02/02/2026;B00000003D;DSW
GL0052179V;02/02/2026;B00000003D;DSW
GL0052180W;02/02/2026;B00000003D;DSW
GL0644716G;02/02/2026;B00000002C;DRW
GL0644724R;02/02/2026;B00000002C;DRW
GL0013110Y;02/02/2026;B00000008J;DMS
GN0738367D;02/02/2026;B00000001B;DOS
GL0041960G;02/02/2026;B00000002C;DRW
GL0029319S;02/02/2026;B00000008J;DMS
GL0006683V;02/02/2026;B00000008J;DMS
GL0750514G;02/02/2026;B00000008J;DMS
GL0013232L;02/02/2026;B00000008J;DMS
GL0220650N;02/02/2026;B00000007H;DEW
GL0821059X;02/02/2026;B00000003D;DSW
GL0007755M;02/02/2026;B00000002C;DRW
GN0779127X;02/02/2026;B00000001B;DOS
GL0015053F;02/02/2026;B00000008J;DMS
GL0015054G;02/02/2026;B00000008J;DMS
GL0015033H;02/02/2026;B00000008J;DMS
GL0769397P;02/02/2026;B00000008J;DMS
GL0769399S;02/02/2026;B00000008J;DMS
GL0014681H;02/02/2026;B00000008J;DMS
GL0025675B;02/02/2026;B00000002C;DRW
GL0796125M;02/02/2026;B00000007H;DEW
GN0829324N;02/02/2026;B00000001B;DOS
GL0010534W;02/02/2026;B00000008J;DMS
GL0010538A;02/02/2026;B00000008J;DMS
GL0010656J;02/02/2026;B00000008J;DMS
GL0754303M;02/02/2026;B00000008J;DMS
GL0231375B;02/02/2026;B00000008J;DMS
GL0869362L;02/02/2026;B00000008J;DMS
GL0869372Y;02/02/2026;B00000008J;DMS
GL0869383K;02/02/2026;B00000008J;DMS
GL0869385M;02/02/2026;B00000008J;DMS
GL0869390T;02/02/2026;B00000008J;DMS
GL0823430R;02/02/2026;B00000002C;DRW
GL0790781P;02/02/2026;B00000008J;DMS
GL0514393M;02/02/2026;B00000003D;DSW
GL0514400W;02/02/2026;B00000003D;DSW
GL0514410G;02/02/2026;B00000003D;DSW
GL0514468Y;02/02/2026;B00000003D;DSW
GL0514417P;02/02/2026;B00000003D;DSW
GL0514420T;02/02/2026;B00000003D;DSW
GL0514436L;02/02/2026;B00000003D;DSW
GL0514397S;02/02/2026;B00000003D;DSW
GL0514446Y;02/02/2026;B00000003D;DSW
GL0514440R;02/02/2026;B00000003D;DSW
GL0514445X;02/02/2026;B00000003D;DSW
GL0514448A;02/02/2026;B00000003D;DSW
GL0014696A;02/02/2026;B00000008J;DMS
GL0009874W;02/02/2026;B00000008J;DMS
GN0917329V;02/02/2026;B00000001B;DOS
GL0007762W;02/02/2026;B00000002C;DRW
GL0007678A;02/02/2026;B00000002C;DRW
GL0046844G;02/02/2026;B00000002C;DRW
GL0046821F;02/02/2026;B00000002C;DRW
GL0046824J;02/02/2026;B00000002C;DRW
GL0046832T;02/02/2026;B00000002C;DRW
GL0046834W;02/02/2026;B00000002C;DRW
GL0046831S;02/02/2026;B00000002C;DRW
GL0046851P;02/02/2026;B00000002C;DRW
GL0046836Y;02/02/2026;B00000002C;DRW
GL0046856W;02/02/2026;B00000002C;DRW
GL0046846J;02/02/2026;B00000002C;DRW
GL0046837Z;02/02/2026;B00000002C;DRW
GL0046835X;02/02/2026;B00000002C;DRW
GL0046839B;02/02/2026;B00000002C;DRW
GL0046833V;02/02/2026;B00000002C;DRW
GL0445486J;02/02/2026;B00000002C;DRW
GL0006730Y;02/02/2026;B00000008J;DMS
GL0298815M;02/02/2026;B00000008J;DMS
GL0298875F;02/02/2026;B00000008J;DMS
GL0298897F;02/02/2026;B00000008J;DMS
GL0298917D;02/02/2026;B00000008J;DMS
GL0298922J;02/02/2026;B00000008J;DMS
GL0298924L;02/02/2026;B00000008J;DMS
GL0298932W;02/02/2026;B00000008J;DMS
GN1063955P;02/02/2026;B00000001B;DOS
GL0012167B;02/02/2026;B00000008J;DMS
GL0012168C;02/02/2026;B00000008J;DMS
GL0012169D;02/02/2026;B00000008J;DMS
GL0012170E;02/02/2026;B00000008J;DMS
GL0012203S;02/02/2026;B00000008J;DMS
GL0481244T;02/02/2026;B00000008J;DMS
GL1014141H;02/02/2026;B00000008J;DMS
GN1078470J;02/02/2026;B00000001B;DOS
GL0006878R;02/02/2026;B00000008J;DMS
GL0061217P;02/02/2026;B00000008J;DMS
GL0061235K;02/02/2026;B00000008J;DMS
GL0061236L;02/02/2026;B00000008J;DMS
GL0061237M;02/02/2026;B00000008J;DMS
GL0061239P;02/02/2026;B00000008J;DMS
GL0061240R;02/02/2026;B00000008J;DMS
GL0061241S;02/02/2026;B00000008J;DMS
GL0061242T;02/02/2026;B00000008J;DMS
GL0061243V;02/02/2026;B00000008J;DMS
GL1029407F;02/02/2026;B00000008J;DMS
GL0061216N;02/02/2026;B00000008J;DMS
GL0061245X;02/02/2026;B00000008J;DMS
GL0061246Y;02/02/2026;B00000008J;DMS
GL0061250C;02/02/2026;B00000008J;DMS
GL0061251D;02/02/2026;B00000008J;DMS
GL0061252E;02/02/2026;B00000008J;DMS
GL0061253F;02/02/2026;B00000008J;DMS
GL0061254G;02/02/2026;B00000008J;DMS
GL0061133V;02/02/2026;B00000008J;DMS
GL1160520Y;02/02/2026;B00000008J;DMS
GL1160522A;02/02/2026;B00000008J;DMS
GL1160523B;02/02/2026;B00000008J;DMS
GL1160524C;02/02/2026;B00000008J;DMS
GL1057132L;02/02/2026;B00000008J;DMS
GL0061218R;02/02/2026;B00000008J;DMS
GL0061219S;02/02/2026;B00000008J;DMS
GL0061220T;02/02/2026;B00000008J;DMS
GL0061221V;02/02/2026;B00000008J;DMS
GL0061223X;02/02/2026;B00000008J;DMS
GL0061224Y;02/02/2026;B00000008J;DMS
GL0061225Z;02/02/2026;B00000008J;DMS
GL0061226A;02/02/2026;B00000008J;DMS
GL0061227B;02/02/2026;B00000008J;DMS
GL0061229D;02/02/2026;B00000008J;DMS
GL0061230E;02/02/2026;B00000008J;DMS
GL0061233H;02/02/2026;B00000008J;DMS
GL0061234J;02/02/2026;B00000008J;DMS
GL0006834R;02/02/2026;B00000008J;DMS
GL1083871X;02/02/2026;B00000002C;DRW
GL1084273D;02/02/2026;B00000002C;DRW
GN1086187D;02/02/2026;B00000001B;DOS
GL0008916G;02/02/2026;B00000007H;DEW
GL0220679X;02/02/2026;B00000005F;DNA
GL1095662W;02/02/2026;B00000007H;DEW
GN1100918T;02/02/2026;B00000001B;DOS
GN1100929F;02/02/2026;B00000001B;DOS
GN1105145X;02/02/2026;B00000001B;DOS
GL0314522L;02/02/2026;B00000003D;DSW
GL0012568G;02/02/2026;B00000008J;DMS
GL0012584A;02/02/2026;B00000008J;DMS
GL0012569H;02/02/2026;B00000008J;DMS
GL1104440W;02/02/2026;B00000008J;DMS
GL1104427F;02/02/2026;B00000008J;DMS
GL1104439V;02/02/2026;B00000008J;DMS
GL0012570J;02/02/2026;B00000008J;DMS
GL0012575P;02/02/2026;B00000008J;DMS
GL0012571K;02/02/2026;B00000008J;DMS
GL0012576R;02/02/2026;B00000008J;DMS
GL0012574N;02/02/2026;B00000008J;DMS
GL0012579V;02/02/2026;B00000008J;DMS
GL0012582Y;02/02/2026;B00000008J;DMS
GL0012577S;02/02/2026;B00000008J;DMS
GL0012572L;02/02/2026;B00000008J;DMS
GL0012578T;02/02/2026;B00000008J;DMS
GL0012573M;02/02/2026;B00000008J;DMS
GL0012580W;02/02/2026;B00000008J;DMS
GL1124860A;02/02/2026;B00000005F;DNA
GN1141391K;02/02/2026;B00000001B;DOS
GL1268477B;02/02/2026;B00000002C;DRW
GL0220477S;02/02/2026;B00000002C;DRW
GL1323478C;02/02/2026;B00000008J;DMS
GL0231551B;02/02/2026;B00000008J;DMS
GN1201728A;02/02/2026;B00000001B;DOS
GN1201729B;02/02/2026;B00000001B;DOS
GL0006673H;02/02/2026;B00000008J;DMS
GL1225400A;02/02/2026;B00000008J;DMS
GL0045495Z;02/02/2026;B00000003D;DSW
GL0045485M;02/02/2026;B00000003D;DSW
GL0015171P;02/02/2026;B00000008J;DMS
GL0396978L;02/02/2026;B00000008J;DMS
GL0015831P;02/02/2026;B00000008J;DMS
GL0015834T;02/02/2026;B00000008J;DMS
GL0015792W;02/02/2026;B00000008J;DMS
GL0015829M;02/02/2026;B00000008J;DMS
GL0015830N;02/02/2026;B00000008J;DMS
GL1243166N;02/02/2026;B00000005F;DNA
GL0012417K;02/02/2026;B00000008J;DMS
GL0012418L;02/02/2026;B00000008J;DMS
GL0012419M;02/02/2026;B00000008J;DMS
GL0012422R;02/02/2026;B00000008J;DMS
GL0012423S;02/02/2026;B00000008J;DMS
GL0012424T;02/02/2026;B00000008J;DMS
GL0012425V;02/02/2026;B00000008J;DMS
GL0012426W;02/02/2026;B00000008J;DMS
GL0012427X;02/02/2026;B00000008J;DMS
GL0012428Y;02/02/2026;B00000008J;DMS
GL0012429Z;02/02/2026;B00000008J;DMS
GL0012430A;02/02/2026;B00000008J;DMS
GL0012433D;02/02/2026;B00000008J;DMS
GL0012434E;02/02/2026;B00000008J;DMS
GL0012435F;02/02/2026;B00000008J;DMS
GL0012436G;02/02/2026;B00000008J;DMS
GL0012437H;02/02/2026;B00000008J;DMS
GL0012438J;02/02/2026;B00000008J;DMS
GL0012443P;02/02/2026;B00000008J;DMS
GL0012444R;02/02/2026;B00000008J;DMS
GL0012445S;02/02/2026;B00000008J;DMS
GL0012446T;02/02/2026;B00000008J;DMS
GL0012447V;02/02/2026;B00000008J;DMS
GL0012448W;02/02/2026;B00000008J;DMS
GL0012449X;02/02/2026;B00000008J;DMS
GL0012452A;02/02/2026;B00000008J;DMS
GL0012453B;02/02/2026;B00000008J;DMS
GL0012454C;02/02/2026;B00000008J;DMS
GL0012585B;02/02/2026;B00000008J;DMS
GL1372215K;02/02/2026;B00000008J;DMS
GN1257560W;02/02/2026;B00000001B;DOS
GL0745108N;02/02/2026;B00000008J;DMS
GL1262750T;02/02/2026;B00000008J;DMS
GN1258445B;02/02/2026;B00000001B;DOS
GN1258464Y;02/02/2026;B00000001B;DOS
GL1270967F;02/02/2026;B00000008J;DMS
GL1276443D;02/02/2026;B00000008J;DMS
GL0066015S;02/02/2026;B00000008J;DMS
GL0013051F;02/02/2026;B00000008J;DMS
GL0012957Z;02/02/2026;B00000008J;DMS
GL0291822R;02/02/2026;B00000008J;DMS
GL1313670G;02/02/2026;B00000008J;DMS
GL1333838A;02/02/2026;B00000008J;DMS
GL0025351H;02/02/2026;B00000004E;DCW
GL0580084L;02/02/2026;B00000008J;DMS
GL0012926N;02/02/2026;B00000008J;DMS
GL1382912R;02/02/2026;B00000008J;DMS
GL1382922C;02/02/2026;B00000008J;DMS
GL1382950J;02/02/2026;B00000008J;DMS
GL1382956R;02/02/2026;B00000008J;DMS
GL1382789B;02/02/2026;B00000008J;DMS
GL1388470G;02/02/2026;B00000008J;DMS
GL1382824R;02/02/2026;B00000008J;DMS
GL1382862J;02/02/2026;B00000008J;DMS
GL1382868R;02/02/2026;B00000008J;DMS
GL1382879D;02/02/2026;B00000008J;DMS
GL1382884J;02/02/2026;B00000008J;DMS
GL1382889P;02/02/2026;B00000008J;DMS
GL1382894W;02/02/2026;B00000008J;DMS
GL1382902E;02/02/2026;B00000008J;DMS
GL1382906J;02/02/2026;B00000008J;DMS
GL1390192N;02/02/2026;B00000008J;DMS
GL1390197V;02/02/2026;B00000008J;DMS
GL1390207F;02/02/2026;B00000008J;DMS
GL1383286R;02/02/2026;B00000008J;DMS
GL1383310T;02/02/2026;B00000008J;DMS
GL1383332T;02/02/2026;B00000008J;DMS
GL1435632A;02/02/2026;B00000008J;DMS
GL1385065M;02/02/2026;B00000008J;DMS
GL1390890G;02/02/2026;B00000008J;DMS
GL1388504W;02/02/2026;B00000008J;DMS
GL1388509B;02/02/2026;B00000008J;DMS
GL1388512E;02/02/2026;B00000008J;DMS
GL1385908W;02/02/2026;B00000008J;DMS
GL1388428J;02/02/2026;B00000008J;DMS
GL1388472J;02/02/2026;B00000008J;DMS
GL1388629M;02/02/2026;B00000008J;DMS
GL1388650L;02/02/2026;B00000008J;DMS
GL1388707B;02/02/2026;B00000008J;DMS
GL1388763P;02/02/2026;B00000008J;DMS
GL1388636W;02/02/2026;B00000008J;DMS
GL1388810T;02/02/2026;B00000008J;DMS
GL1388665D;02/02/2026;B00000008J;DMS
GL1388676R;02/02/2026;B00000008J;DMS
GL1388821F;02/02/2026;B00000008J;DMS
GL1385862T;02/02/2026;B00000008J;DMS
GL1388984R;02/02/2026;B00000008J;DMS
GL1388989X;02/02/2026;B00000008J;DMS
GL1388992A;02/02/2026;B00000008J;DMS
GL1385698G;02/02/2026;B00000008J;DMS
GL1385714A;02/02/2026;B00000008J;DMS
GL1385738C;02/02/2026;B00000008J;DMS
GL1390252G;02/02/2026;B00000008J;DMS
GL1390266Y;02/02/2026;B00000008J;DMS
GL1388972C;02/02/2026;B00000008J;DMS
GL1388976G;02/02/2026;B00000008J;DMS
GL1385872E;02/02/2026;B00000008J;DMS
GL1385877K;02/02/2026;B00000008J;DMS
GL1385888Y;02/02/2026;B00000008J;DMS
GL1385893D;02/02/2026;B00000008J;DMS
GL1385895F;02/02/2026;B00000008J;DMS
GL1390944T;02/02/2026;B00000008J;DMS
GL1385898J;02/02/2026;B00000008J;DMS
GL1389084E;02/02/2026;B00000008J;DMS
GL1385899K;02/02/2026;B00000008J;DMS
GL1385900L;02/02/2026;B00000008J;DMS
GL1385901M;02/02/2026;B00000008J;DMS
GL1384709H;02/02/2026;B00000008J;DMS
GL1385035D;02/02/2026;B00000008J;DMS
GL1389187X;02/02/2026;B00000008J;DMS
GL1385574R;02/02/2026;B00000008J;DMS
GL1385040J;02/02/2026;B00000008J;DMS
GL1385044N;02/02/2026;B00000008J;DMS
GL1385048T;02/02/2026;B00000008J;DMS
GL1385052Y;02/02/2026;B00000008J;DMS
GL1390839Z;02/02/2026;B00000008J;DMS
GL1390814W;02/02/2026;B00000008J;DMS
GL1390047Z;02/02/2026;B00000008J;DMS
GL1389364Y;02/02/2026;B00000008J;DMS
GL1389396J;02/02/2026;B00000008J;DMS
GL1384745Z;02/02/2026;B00000008J;DMS
GL1389413D;02/02/2026;B00000008J;DMS
GL1389421M;02/02/2026;B00000008J;DMS
GL1384665H;02/02/2026;B00000008J;DMS
GL1385558Y;02/02/2026;B00000008J;DMS
GL1389437F;02/02/2026;B00000008J;DMS
GL1389474Y;02/02/2026;B00000008J;DMS
GL1389405V;02/02/2026;B00000008J;DMS
GL1389194E;02/02/2026;B00000008J;DMS
GL1389493V;02/02/2026;B00000008J;DMS
GL1389428W;02/02/2026;B00000008J;DMS
GL1389503F;02/02/2026;B00000008J;DMS
GL1389135M;02/02/2026;B00000008J;DMS
GL1389369D;02/02/2026;B00000008J;DMS
GL1389141V;02/02/2026;B00000008J;DMS
GL1389149D;02/02/2026;B00000008J;DMS
GL1389523D;02/02/2026;B00000008J;DMS
GL1384997K;02/02/2026;B00000008J;DMS
GL1385008Y;02/02/2026;B00000008J;DMS
GL1385024R;02/02/2026;B00000008J;DMS
GL1385027V;02/02/2026;B00000008J;DMS
GL1385032A;02/02/2026;B00000008J;DMS
GL1390299K;02/02/2026;B00000008J;DMS
GL1385543F;02/02/2026;B00000008J;DMS
GL1388555D;02/02/2026;B00000008J;DMS
GL1389116R;02/02/2026;B00000008J;DMS
GL1389538W;02/02/2026;B00000008J;DMS
GL1389790G;02/02/2026;B00000008J;DMS
GL1389382T;02/02/2026;B00000008J;DMS
GL1384790A;02/02/2026;B00000008J;DMS
GL1384817F;02/02/2026;B00000008J;DMS
GL1389547F;02/02/2026;B00000008J;DMS
GL1389157M;02/02/2026;B00000008J;DMS
GL1384511H;02/02/2026;B00000008J;DMS
GL1390032G;02/02/2026;B00000008J;DMS
GL1384580L;02/02/2026;B00000008J;DMS
GL1389162T;02/02/2026;B00000008J;DMS
GL1389168A;02/02/2026;B00000008J;DMS
GL1389818N;02/02/2026;B00000008J;DMS
GL1390804J;02/02/2026;B00000008J;DMS
GL1385059F;02/02/2026;B00000008J;DMS
GL1384723Z;02/02/2026;B00000008J;DMS
GL1384727D;02/02/2026;B00000008J;DMS
GL1385778Y;02/02/2026;B00000008J;DMS
GL1385902N;02/02/2026;B00000008J;DMS
GL1390705X;02/02/2026;B00000008J;DMS
GL1385904R;02/02/2026;B00000008J;DMS
GL1389342Y;02/02/2026;B00000008J;DMS
GL1389353K;02/02/2026;B00000008J;DMS
GL1385905S;02/02/2026;B00000008J;DMS
GL1390008E;02/02/2026;B00000008J;DMS
GL1385907V;02/02/2026;B00000008J;DMS
GL1390133X;02/02/2026;B00000008J;DMS
GL1390156Y;02/02/2026;B00000008J;DMS
GL1390674L;02/02/2026;B00000008J;DMS
GL1384719V;02/02/2026;B00000008J;DMS
GN1437789B;02/02/2026;B00000001B;DOS
GL0063729V;02/02/2026;B00000008J;DMS
GL0012981B;02/02/2026;B00000008J;DMS
GL1444452Y;02/02/2026;B00000003D;DSW
GL0440885F;02/02/2026;B00000003D;DSW
GL0440883D;02/02/2026;B00000003D;DSW
GL0036803X;02/02/2026;B00000003D;DSW
GL0036192C;02/02/2026;B00000003D;DSW
GN1445589P;02/02/2026;B00000001B;DOS
GL0005493S;02/02/2026;B00000008J;DMS
GL0007109D;02/02/2026;B00000008J;DMS
GL0228780C;02/02/2026;B00000008J;DMS
GL0022099M;02/02/2026;B00000008J;DMS
GL0006686Y;02/02/2026;B00000008J;DMS
GL0672046N;02/02/2026;B00000008J;DMS
GL1160517V;02/02/2026;B00000008J;DMS
GL0232138T;02/02/2026;B00000003D;DSW
GL1301463K;02/02/2026;B00000004E;DCW
GL0030249Z;02/02/2026;B00000004E;DCW
GL0009111D;02/02/2026;B00000007H;DEW
GL0009115H;02/02/2026;B00000007H;DEW
GL0217745M;02/02/2026;B00000003D;DSW
GL0029627S;02/02/2026;B00000004E;DCW
GL1241282Y;02/02/2026;B00000004E;DCW
GL0305699K;02/02/2026;B00000003D;DSW
GL0212071P;02/02/2026;B00000007H;DEW
GL1145793M;02/02/2026;B00000002C;DRW
GL0232491V;02/02/2026;B00000008J;DMS
GL0294326L;02/02/2026;B00000006G;DLS
GL0731624R;02/02/2026;B00000007H;DEW
GN0428881P;02/02/2026;B00000001B;DOS
GL0906901V;02/02/2026;B00000004E;DCW
GN0561480W;02/02/2026;B00000001B;DOS
GN0768612Y;02/02/2026;B00000001B;DOS
GL0776576Y;02/02/2026;B00000004E;DCW
GL0218264C;02/02/2026;B00000007H;DEW
GL0773705K;02/02/2026;B00000008J;DMS
GN0917946W;02/02/2026;B00000001B;DOS
GL0211930E;02/02/2026;B00000008J;DMS
GL0979665F;02/02/2026;B00000002C;DRW
GL0007522Y;02/02/2026;B00000002C;DRW
GL1116250R;02/02/2026;B00000004E;DCW
GN1234358E;02/02/2026;B00000001B;DOS
GN1457073P;02/02/2026;B00000001B;DOS
GN1457100W;02/02/2026;B00000001B;DOS
GL1452115F;02/02/2026;B00000008J;DMS
GL1456542L;02/02/2026;B00000008J;DMS
GL1457358N;02/02/2026;B00000008J;DMS
GL0011651P;02/02/2026;B00000003D;DSW
GL0003991K;02/02/2026;B00000008J;DMS
GL0218100R;02/02/2026;B00000008J;DMS
GL0012338W;02/02/2026;B00000008J;DMS
GL0003171D;02/02/2026;B00000008J;DMS
GL1455597M;02/02/2026;B00000008J;DMS
GL1455337S;02/02/2026;B00000008J;DMS
GL1461299S;02/02/2026;B00000008J;DMS
GL1461082W;02/02/2026;B00000008J;DMS
GL1461075M;02/02/2026;B00000008J;DMS
GL0002898T;02/02/2026;B00000008J;DMS
GL0911027H;02/02/2026;B00000003D;DSW
GL0911039X;02/02/2026;B00000003D;DSW
GL1535266W;02/02/2026;B00000008J;DMS
GL0911043B;02/02/2026;B00000003D;DSW
GL1464583Z;02/02/2026;B00000008J;DMS
GL0003982A;02/02/2026;B00000008J;DMS
GL0012129H;02/02/2026;B00000003D;DSW
GL0004394T;02/02/2026;B00000008J;DMS
GL0382827F;02/02/2026;B00000008J;DMS
GL1464395K;02/02/2026;B00000008J;DMS
GL0232142Y;02/02/2026;B00000008J;DMS
GL0318571M;02/02/2026;B00000008J;DMS
GL0212515V;02/02/2026;B00000008J;DMS
GL0212508L;02/02/2026;B00000008J;DMS
GL1104383F;02/02/2026;B00000008J;DMS
GL1104390N;02/02/2026;B00000008J;DMS
GL1104398Y;02/02/2026;B00000008J;DMS
GL1104401B;02/02/2026;B00000008J;DMS
GL1104407H;02/02/2026;B00000008J;DMS
GL1104415S;02/02/2026;B00000008J;DMS
GL1104421Z;02/02/2026;B00000008J;DMS
GN1465640A;02/02/2026;B00000001B;DOS
GN1465651M;02/02/2026;B00000001B;DOS
GN1465656T;02/02/2026;B00000001B;DOS
GN1465657V;02/02/2026;B00000001B;DOS
GN1465662A;02/02/2026;B00000001B;DOS
GN1465668G;02/02/2026;B00000001B;DOS
GN1465685B;02/02/2026;B00000001B;DOS
GN1465687D;02/02/2026;B00000001B;DOS
GN1465690G;02/02/2026;B00000001B;DOS
GN1465702W;02/02/2026;B00000001B;DOS
GN1465725X;02/02/2026;B00000001B;DOS
GN1465743S;02/02/2026;B00000001B;DOS
GN1465744T;02/02/2026;B00000001B;DOS
GN1465751B;02/02/2026;B00000001B;DOS
GN1465752C;02/02/2026;B00000001B;DOS
GN1467134Y;02/02/2026;B00000001B;DOS
GL1464662N;02/02/2026;B00000003D;DSW
GL0220193V;02/02/2026;B00000005F;DNA
GL1193103Z;02/02/2026;B00000008J;DMS
GL0013081P;02/02/2026;B00000008J;DMS
GL0199698E;02/02/2026;B00000005F;DNA
GL0232845X;02/02/2026;B00000005F;DNA
GL1473723K;02/02/2026;B00000008J;DMS
GL1473743H;02/02/2026;B00000008J;DMS
GL1473225V;02/02/2026;B00000008J;DMS
GL1477626W;02/02/2026;B00000008J;DMS
GN1473948R;02/02/2026;B00000001B;DOS
GL0027811D;02/02/2026;B00000004E;DCW
GL1473763F;02/02/2026;B00000008J;DMS
GL0057877V;02/02/2026;B00000003D;DSW
GL1288929S;02/02/2026;B00000008J;DMS
GL0292215M;02/02/2026;B00000008J;DMS
GL0008200T;02/02/2026;B00000008J;DMS
GL0028749V;02/02/2026;B00000003D;DSW
GL1470163P;02/02/2026;B00000003D;DSW
GL1478500N;02/02/2026;B00000008J;DMS
GL1477794L;02/02/2026;B00000008J;DMS
GL1478511B;02/02/2026;B00000008J;DMS
GL1478518J;02/02/2026;B00000008J;DMS
GL0004397X;02/02/2026;B00000008J;DMS
GL0003447S;02/02/2026;B00000008J;DMS
GN1485041X;02/02/2026;B00000001B;DOS
GN1485737M;02/02/2026;B00000001B;DOS
GL0211902Y;02/02/2026;B00000008J;DMS
GL1483347X;02/02/2026;B00000008J;DMS
GL1483308C;02/02/2026;B00000008J;DMS
GL1483294L;02/02/2026;B00000008J;DMS
GL0031535K;02/02/2026;B00000005F;DNA
GL1483167S;02/02/2026;B00000008J;DMS
GL1255524G;02/02/2026;B00000004E;DCW
GL0025333M;02/02/2026;B00000004E;DCW
GL0898506E;02/02/2026;B00000008J;DMS
GN1485615Z;02/02/2026;B00000001B;DOS
GL0218312G;02/02/2026;B00000003D;DSW
GL1483314J;02/02/2026;B00000008J;DMS
GL1486811H;02/02/2026;B00000008J;DMS
GL0199701H;02/02/2026;B00000005F;DNA
GL1252317M;02/02/2026;B00000004E;DCW
GL0027920C;02/02/2026;B00000007H;DEW
GL0008912C;02/02/2026;B00000007H;DEW
GL0015652L;02/02/2026;B00000008J;DMS
GL0039049Z;02/02/2026;B00000002C;DRW
GL0026882Y;02/02/2026;B00000004E;DCW
GL0026883Z;02/02/2026;B00000004E;DCW
GL0056603X;02/02/2026;B00000003D;DSW
GL0003588C;02/02/2026;B00000008J;DMS
GL0023093S;02/02/2026;B00000002C;DRW
GL0027160N;02/02/2026;B00000004E;DCW
GL0024986T;02/02/2026;B00000004E;DCW
GL0220073H;02/02/2026;B00000007H;DEW
GL0015659V;02/02/2026;B00000008J;DMS
GL0022499S;02/02/2026;B00000005F;DNA
GN0055004E;02/02/2026;B00000001B;DOS
GN0293765Z;02/02/2026;B00000001B;DOS
GL0322400N;02/02/2026;B00000006G;DLS
GL0351694C;02/02/2026;B00000005F;DNA
GL0027541X;02/02/2026;B00000004E;DCW
GL0465137P;02/02/2026;B00000007H;DEW
GL1477500C;02/02/2026;B00000006G;DLS
GN0542283F;02/02/2026;B00000001B;DOS
GL0561049F;02/02/2026;B00000008J;DMS
GL0618306W;02/02/2026;B00000004E;DCW
GL0623679B;02/02/2026;B00000008J;DMS
GL0623897Z;02/02/2026;B00000008J;DMS
GL0623903F;02/02/2026;B00000008J;DMS
GL0623908L;02/02/2026;B00000008J;DMS
GL0623909M;02/02/2026;B00000008J;DMS
GL0624297D;02/02/2026;B00000008J;DMS
GL0624289V;02/02/2026;B00000008J;DMS
GL0623926G;02/02/2026;B00000008J;DMS
GL0623931M;02/02/2026;B00000008J;DMS
GL0623936T;02/02/2026;B00000008J;DMS
GL0623953M;02/02/2026;B00000008J;DMS
GL0623973K;02/02/2026;B00000008J;DMS
GL0623726E;02/02/2026;B00000008J;DMS
GL0623740W;02/02/2026;B00000008J;DMS
GL0623752J;02/02/2026;B00000008J;DMS
GL0623869S;02/02/2026;B00000008J;DMS
GL0623992G;02/02/2026;B00000008J;DMS
GL0624011D;02/02/2026;B00000008J;DMS
GL0624259K;02/02/2026;B00000008J;DMS
GL0624263P;02/02/2026;B00000008J;DMS
GL0624267V;02/02/2026;B00000008J;DMS
GL0624270Y;02/02/2026;B00000008J;DMS
GL0966266E;02/02/2026;B00000008J;DMS
GL0623819K;02/02/2026;B00000008J;DMS
GL0623905H;02/02/2026;B00000008J;DMS
GL0623964A;02/02/2026;B00000008J;DMS
GL0007357K;02/02/2026;B00000002C;DRW
GL0642871K;02/02/2026;B00000007H;DEW
GL0632029P;02/02/2026;B00000007H;DEW
GL0009860E;02/02/2026;B00000008J;DMS
GL0011018W;02/02/2026;B00000008J;DMS
GL0027547D;02/02/2026;B00000004E;DCW
GL0693755H;02/02/2026;B00000005F;DNA
GN0711133F;02/02/2026;B00000001B;DOS
GL0796660W;02/02/2026;B00000007H;DEW
GN0837482J;02/02/2026;B00000001B;DOS
GL0218184L;02/02/2026;B00000003D;DSW
GL0009389V;02/02/2026;B00000007H;DEW
GN0910984J;02/02/2026;B00000001B;DOS
GL0882994C;02/02/2026;B00000006G;DLS
GL0851987S;02/02/2026;B00000006G;DLS
GL0960998T;02/02/2026;B00000003D;DSW
GL0027560T;02/02/2026;B00000004E;DCW
GL0966076N;02/02/2026;B00000003D;DSW
GL0020673S;02/02/2026;B00000006G;DLS
GL0999784T;02/02/2026;B00000007H;DEW
GL0480489K;02/02/2026;B00000007H;DEW
GN1108379X;02/02/2026;B00000001B;DOS
GN1120915S;02/02/2026;B00000001B;DOS
GN1125106E;02/02/2026;B00000001B;DOS
GL1130956C;02/02/2026;B00000008J;DMS
GL0217622Y;02/02/2026;B00000004E;DCW
GL1139806J;02/02/2026;B00000008J;DMS
GL1155543S;02/02/2026;B00000006G;DLS
GL0336973Z;02/02/2026;B00000004E;DCW
GL1140483D;02/02/2026;B00000004E;DCW
GL0024225D;02/02/2026;B00000004E;DCW
GL1146957K;02/02/2026;B00000007H;DEW
GL1128025X;02/02/2026;B00000003D;DSW
GL0624621X;02/02/2026;B00000007H;DEW
GL0624583D;02/02/2026;B00000007H;DEW
GL1326242T;02/02/2026;B00000007H;DEW
GL1326251D;02/02/2026;B00000007H;DEW
GL1326624C;02/02/2026;B00000007H;DEW
GL0510814W;02/02/2026;B00000003D;DSW
GL0003941D;02/02/2026;B00000008J;DMS
GN1470623M;02/02/2026;B00000001B;DOS
GL0005107D;02/02/2026;B00000008J;DMS
GL0011212R;02/02/2026;B00000003D;DSW
GL0025355M;02/02/2026;B00000004E;DCW
GL0002165K;02/02/2026;B00000008J;DMS
GL0005682G;02/02/2026;B00000008J;DMS
GL0001764E;02/02/2026;B00000007H;DEW
GL0002590T;02/02/2026;B00000008J;DMS
GL0543050C;02/02/2026;B00000002C;DRW
GL0036938A;02/02/2026;B00000003D;DSW
GL0216817H;02/02/2026;B00000003D;DSW
GL0002302R;02/02/2026;B00000008J;DMS
GL0027859H;02/02/2026;B00000004E;DCW
GL0009127X;02/02/2026;B00000007H;DEW
GL0005777P;02/02/2026;B00000008J;DMS
GL0006820A;02/02/2026;B00000008J;DMS
GL0004474J;02/02/2026;B00000008J;DMS
GL0023390E;02/02/2026;B00000002C;DRW
GL0028530W;02/02/2026;B00000004E;DCW
GL0007088E;02/02/2026;B00000008J;DMS
GL0019394N;02/02/2026;B00000008J;DMS
GL0007337M;02/02/2026;B00000008J;DMS
GL0007007M;02/02/2026;B00000008J;DMS
GL0019390J;02/02/2026;B00000008J;DMS
GL0003532N;02/02/2026;B00000008J;DMS
GL0031671P;02/02/2026;B00000008J;DMS
GL0008959F;02/02/2026;B00000007H;DEW
GL0220078N;02/02/2026;B00000007H;DEW
GL0001827B;02/02/2026;B00000007H;DEW
GL0002240W;02/02/2026;B00000008J;DMS
GL0011693M;02/02/2026;B00000003D;DSW
GL0351288R;02/02/2026;B00000008J;DMS
GL1325032T;02/02/2026;B00000007H;DEW
GL0016398J;02/02/2026;B00000008J;DMS
GL0016403P;02/02/2026;B00000008J;DMS
GL0016402N;02/02/2026;B00000008J;DMS
GL0016400L;02/02/2026;B00000008J;DMS
GL0016399K;02/02/2026;B00000008J;DMS
GL0016404R;02/02/2026;B00000008J;DMS
GL0382816T;02/02/2026;B00000008J;DMS
GL0023802Y;02/02/2026;B00000002C;DRW
GL0308234R;02/02/2026;B00000007H;DEW
GL0488771X;02/02/2026;B00000008J;DMS
GL0488503S;02/02/2026;B00000008J;DMS
GL0477930C;02/02/2026;B00000008J;DMS
GL0019796W;02/02/2026;B00000006G;DLS
GL0008204Y;02/02/2026;B00000008J;DMS
GL0020733K;02/02/2026;B00000006G;DLS
GL0425233V;02/02/2026;B00000008J;DMS
GL0546534L;02/02/2026;B00000008J;DMS
GL0527189D;02/02/2026;B00000007H;DEW
GL0639247S;02/02/2026;B00000007H;DEW
GL0004832R;02/02/2026;B00000008J;DMS
GL0659349K;02/02/2026;B00000008J;DMS
GL0657151M;02/02/2026;B00000008J;DMS
GL0657185B;02/02/2026;B00000008J;DMS
GL0011447H;02/02/2026;B00000003D;DSW
GL0620260R;02/02/2026;B00000008J;DMS
GL0637607D;02/02/2026;B00000002C;DRW
GN0769868A;02/02/2026;B00000001B;DOS
GN0769165B;02/02/2026;B00000001B;DOS
GN0761171S;02/02/2026;B00000001B;DOS
GL0015653M;02/02/2026;B00000008J;DMS
GL0801592A;02/02/2026;B00000008J;DMS
GL0008265S;02/02/2026;B00000008J;DMS
GL0009297P;02/02/2026;B00000008J;DMS
GL0008054C;02/02/2026;B00000008J;DMS
GL0011327X;02/02/2026;B00000003D;DSW
GL0009863H;02/02/2026;B00000008J;DMS
GL0826267P;02/02/2026;B00000007H;DEW
GL0873250E;02/02/2026;B00000005F;DNA
GN0917719M;02/02/2026;B00000001B;DOS
GL0008315Z;02/02/2026;B00000008J;DMS
GL0955740T;02/02/2026;B00000002C;DRW
GL0975316N;02/02/2026;B00000008J;DMS
GL0220100N;02/02/2026;B00000007H;DEW
GL0350909K;02/02/2026;B00000008J;DMS
GL0008669B;02/02/2026;B00000007H;DEW
GL0986275S;02/02/2026;B00000008J;DMS
GL0659264N;02/02/2026;B00000008J;DMS
GL0019229B;02/02/2026;B00000007H;DEW
GL0009458Y;02/02/2026;B00000007H;DEW
GL0052631H;02/02/2026;B00000007H;DEW
GL0052636N;02/02/2026;B00000007H;DEW
GL0052625B;02/02/2026;B00000007H;DEW
GL0052608G;02/02/2026;B00000007H;DEW
GL0052604C;02/02/2026;B00000007H;DEW
GL0052640T;02/02/2026;B00000007H;DEW
GL0008186C;02/02/2026;B00000008J;DMS
GL1152638R;02/02/2026;B00000008J;DMS
GL1152619V;02/02/2026;B00000008J;DMS
GL1142876Y;02/02/2026;B00000008J;DMS
GL1116215B;02/02/2026;B00000005F;DNA
GL1125304E;02/02/2026;B00000007H;DEW
GL1124953F;02/02/2026;B00000008J;DMS
GL0012761B;02/02/2026;B00000003D;DSW
GL1126796A;02/02/2026;B00000006G;DLS
GL0005480C;02/02/2026;B00000008J;DMS
GL1224641M;02/02/2026;B00000008J;DMS
GL1146161F;02/02/2026;B00000003D;DSW
GL1331760N;02/02/2026;B00000008J;DMS
GL1334652A;02/02/2026;B00000004E;DCW
GL0009341P;02/02/2026;B00000008J;DMS
GL0212422N;02/02/2026;B00000007H;DEW
GL0024240W;02/02/2026;B00000004E;DCW
GL0027823S;02/02/2026;B00000004E;DCW
GL1337726T;02/02/2026;B00000003D;DSW
GL0005046J;02/02/2026;B00000008J;DMS
GL1294016Y;02/02/2026;B00000005F;DNA
GL1486806C;02/02/2026;B00000008J;DMS
GL1473683P;02/02/2026;B00000008J;DMS
GL1477810E;02/02/2026;B00000008J;DMS
GL1493542G;02/02/2026;B00000008J;DMS
GL1491646C;02/02/2026;B00000008J;DMS
GL1491657P;02/02/2026;B00000008J;DMS
GL1491705V;02/02/2026;B00000008J;DMS
GL0006469B;02/02/2026;B00000008J;DMS
GL1491698L;02/02/2026;B00000008J;DMS
GN1245839B;02/02/2026;B00000001B;DOS
GL1492669P;02/02/2026;B00000003D;DSW
GL0057856W;02/02/2026;B00000003D;DSW
GN1495679K;02/02/2026;B00000001B;DOS
GN1495681M;02/02/2026;B00000001B;DOS
GL0898203K;02/02/2026;B00000008J;DMS
GL1471773V;02/02/2026;B00000005F;DNA
GL1501208T;02/02/2026;B00000004E;DCW
GL0012017F;02/02/2026;B00000003D;DSW
GL0524750G;02/02/2026;B00000008J;DMS
GN1498269D;02/02/2026;B00000001B;DOS
GL1030919Z;02/02/2026;B00000008J;DMS
GL1500644C;02/02/2026;B00000008J;DMS
GL1191766E;02/02/2026;B00000007H;DEW
GL0232515X;02/02/2026;B00000007H;DEW
GL1068211B;02/02/2026;B00000008J;DMS
GL0012713X;02/02/2026;B00000003D;DSW
GL1256394W;02/02/2026;B00000008J;DMS
GL0008282L;02/02/2026;B00000008J;DMS
GN1497650A;02/02/2026;B00000001B;DOS
GL0030251B;02/02/2026;B00000004E;DCW
GL0003718A;02/02/2026;B00000008J;DMS
GL0018494R;02/02/2026;B00000007H;DEW
GL0015527V;02/02/2026;B00000004E;DCW
GL0025950N;02/02/2026;B00000004E;DCW
GL0001757X;02/02/2026;B00000004E;DCW
GL0026842C;02/02/2026;B00000004E;DCW
GL0009296N;02/02/2026;B00000007H;DEW
GL0016505F;02/02/2026;B00000008J;DMS
GL0009321S;02/02/2026;B00000008J;DMS
GL0027053S;02/02/2026;B00000004E;DCW
GL0003673Z;02/02/2026;B00000008J;DMS
GL0015581F;02/02/2026;B00000004E;DCW
GL0016389Z;02/02/2026;B00000008J;DMS
GL0217192J;02/02/2026;B00000004E;DCW
GL0010859P;02/02/2026;B00000004E;DCW
GL1229673F;02/02/2026;B00000004E;DCW
GL0229211S;02/02/2026;B00000007H;DEW
GL0231142L;02/02/2026;B00000008J;DMS
GN0032470Y;02/02/2026;B00000001B;DOS
GN0293764Y;02/02/2026;B00000001B;DOS
GN0293788A;02/02/2026;B00000001B;DOS
GL0217387F;02/02/2026;B00000008J;DMS
GL0497448G;02/02/2026;B00000007H;DEW
GL0008106L;02/02/2026;B00000008J;DMS
GL0514612L;02/02/2026;B00000007H;DEW
GL1255400R;02/02/2026;B00000004E;DCW
GL0491495S;02/02/2026;B00000004E;DCW
GL0491496T;02/02/2026;B00000004E;DCW
GL0217638R;02/02/2026;B00000004E;DCW
GL0491500Y;02/02/2026;B00000004E;DCW
GL0491501Z;02/02/2026;B00000004E;DCW
GN0577318T;02/02/2026;B00000001B;DOS
GL1151558N;02/02/2026;B00000004E;DCW
GN0644909B;02/02/2026;B00000001B;DOS
GL0011689H;02/02/2026;B00000003D;DSW
GL0686892J;02/02/2026;B00000002C;DRW
GL0805270E;02/02/2026;B00000008J;DMS
GL0009018Y;02/02/2026;B00000007H;DEW
GL0818429H;02/02/2026;B00000008J;DMS
GL0841735S;02/02/2026;B00000008J;DMS
GL0850476A;02/02/2026;B00000008J;DMS
GL0850479D;02/02/2026;B00000008J;DMS
GL0837721F;02/02/2026;B00000003D;DSW
GL0013223B;02/02/2026;B00000008J;DMS
GL0986211V;02/02/2026;B00000003D;DSW
GL0035114C;02/02/2026;B00000003D;DSW
GL0035113B;02/02/2026;B00000003D;DSW
GL0370272N;02/02/2026;B00000003D;DSW
GL1004524E;02/02/2026;B00000008J;DMS
GL1013489S;02/02/2026;B00000008J;DMS
GL0988769B;02/02/2026;B00000002C;DRW
GL1004295V;02/02/2026;B00000008J;DMS
GL1004226R;02/02/2026;B00000008J;DMS
GL1015841P;02/02/2026;B00000006G;DLS
GL0041175P;02/02/2026;B00000008J;DMS
GL0041167F;02/02/2026;B00000008J;DMS
GL0041120C;02/02/2026;B00000008J;DMS
GL0041127K;02/02/2026;B00000008J;DMS
GN1135039S;02/02/2026;B00000001B;DOS
GL1175099P;02/02/2026;B00000002C;DRW
GL0526648N;02/02/2026;B00000003D;DSW
GL1177410R;02/02/2026;B00000003D;DSW
GL1167659K;02/02/2026;B00000007H;DEW
GL0002469F;02/02/2026;B00000008J;DMS
GL0002466C;02/02/2026;B00000008J;DMS
GL1181199X;02/02/2026;B00000008J;DMS
GL1199062W;02/02/2026;B00000008J;DMS
GL1148218T;02/02/2026;B00000002C;DRW
GL0884542L;02/02/2026;B00000007H;DEW
GN1224997S;02/02/2026;B00000001B;DOS
GL1184377H;02/02/2026;B00000006G;DLS
GL1208973H;02/02/2026;B00000007H;DEW
GL1148238R;02/02/2026;B00000002C;DRW
GL1340770C;02/02/2026;B00000002C;DRW
GL0032109M;02/02/2026;B00000007H;DEW
GL1535246Y;02/02/2026;B00000008J;DMS
GL1535206C;02/02/2026;B00000008J;DMS
GL1535212J;02/02/2026;B00000008J;DMS
GL1033515Z;02/02/2026;B00000005F;DNA
GL0041906W;02/02/2026;B00000002C;DRW
GL0031617D;02/02/2026;B00000002C;DRW
GL0052298E;02/02/2026;B00000007H;DEW
GL0008779B;02/02/2026;B00000007H;DEW
GN1502635P;02/02/2026;B00000001B;DOS
GL1496683B;02/02/2026;B00000003D;DSW
GL1498734G;02/02/2026;B00000008J;DMS
GL1498709D;02/02/2026;B00000008J;DMS
GL1498689F;02/02/2026;B00000008J;DMS
GL1498503V;02/02/2026;B00000008J;DMS
GL1498742R;02/02/2026;B00000008J;DMS
GL0002570W;02/02/2026;B00000008J;DMS
GL0477849K;02/02/2026;B00000005F;DNA
GL0216849V;02/02/2026;B00000003D;DSW
GL0568891S;02/02/2026;B00000008J;DMS
GL0027644N;02/02/2026;B00000004E;DCW
GL0003445P;02/02/2026;B00000008J;DMS
GL0855386E;02/02/2026;B00000008J;DMS
GL0752641Z;02/02/2026;B00000008J;DMS
GL0004908C;02/02/2026;B00000008J;DMS
GL0412900E;02/02/2026;B00000008J;DMS
GL0015560G;02/02/2026;B00000004E;DCW
GL1462857M;02/02/2026;B00000003D;DSW
GL1463230L;02/02/2026;B00000003D;DSW
GL1471785H;02/02/2026;B00000005F;DNA
GL1471790N;02/02/2026;B00000005F;DNA
GL1471798Y;02/02/2026;B00000005F;DNA
GL1473693B;02/02/2026;B00000008J;DMS
GL1466119V;02/02/2026;B00000008J;DMS
GL0009406N;02/02/2026;B00000007H;DEW
GL0331239H;02/02/2026;B00000008J;DMS
GL1598018E;02/02/2026;B00000008J;DMS
GL1598032W;02/02/2026;B00000008J;DMS
GL1598046L;02/02/2026;B00000008J;DMS
GL1598033X;02/02/2026;B00000008J;DMS
GN1510948L;02/02/2026;B00000001B;DOS
GN1512300Y;02/02/2026;B00000001B;DOS
GN1512319V;02/02/2026;B00000001B;DOS
GN1517709V;02/02/2026;B00000001B;DOS
GL0008293Z;02/02/2026;B00000008J;DMS
GL0005665M;02/02/2026;B00000008J;DMS
GL0006060L;02/02/2026;B00000008J;DMS
GL1506214G;02/02/2026;B00000008J;DMS
GL1512968G;02/02/2026;B00000008J;DMS
GL1483330C;02/02/2026;B00000008J;DMS
GL1483321S;02/02/2026;B00000008J;DMS
GL0006079H;02/02/2026;B00000008J;DMS
GL1490714T;02/02/2026;B00000008J;DMS
GN0873601D;02/02/2026;B00000001B;DOS
GL1515314Y;02/02/2026;B00000004E;DCW
GL1490721B;02/02/2026;B00000008J;DMS
GL1504095Z;02/02/2026;B00000008J;DMS
GL0309872C;02/02/2026;B00000005F;DNA
GL1484926R;02/02/2026;B00000006G;DLS
GL0006020R;02/02/2026;B00000008J;DMS
GL0005718Y;02/02/2026;B00000008J;DMS
GL0587186G;02/02/2026;B00000008J;DMS
GL1422793K;02/02/2026;B00000008J;DMS
GL0001861P;02/02/2026;B00000008J;DMS
GL0002478R;02/02/2026;B00000008J;DMS
GL0007943B;02/02/2026;B00000002C;DRW
GL1535278J;02/02/2026;B00000008J;DMS
GL1522820C;02/02/2026;B00000008J;DMS
GL1523286G;02/02/2026;B00000008J;DMS
GL1523291M;02/02/2026;B00000008J;DMS
GL1522441X;02/02/2026;B00000008J;DMS
GL1523326C;02/02/2026;B00000008J;DMS
GL1523330G;02/02/2026;B00000008J;DMS
GL1523323Z;02/02/2026;B00000008J;DMS
GL1523417F;02/02/2026;B00000008J;DMS
GL1522452J;02/02/2026;B00000008J;DMS
GL1513613P;02/02/2026;B00000008J;DMS
GL1522857V;02/02/2026;B00000008J;DMS
GL0922187P;02/02/2026;B00000008J;DMS
GL0857387D;02/02/2026;B00000008J;DMS
GL1523304C;02/02/2026;B00000008J;DMS
GL1523311K;02/02/2026;B00000008J;DMS
GL1522451H;02/02/2026;B00000008J;DMS
GL1522457P;02/02/2026;B00000008J;DMS
GL1513608J;02/02/2026;B00000008J;DMS
GL1513609K;02/02/2026;B00000008J;DMS
GL1523322Y;02/02/2026;B00000008J;DMS
GL1522489B;02/02/2026;B00000008J;DMS
GL1523276W;02/02/2026;B00000008J;DMS
GL1523305D;02/02/2026;B00000008J;DMS
GL1513602C;02/02/2026;B00000008J;DMS
GL1522633P;02/02/2026;B00000008J;DMS
GL1522416T;02/02/2026;B00000008J;DMS
GL1523403P;02/02/2026;B00000008J;DMS
GL1523409X;02/02/2026;B00000008J;DMS
GL1513612N;02/02/2026;B00000008J;DMS
GL1522444A;02/02/2026;B00000008J;DMS
GL1522875P;02/02/2026;B00000008J;DMS
GL1522987S;02/02/2026;B00000008J;DMS
GL1523197F;02/02/2026;B00000008J;DMS
GL1523218E;02/02/2026;B00000008J;DMS
GL1522492E;02/02/2026;B00000008J;DMS
GL1523007P;02/02/2026;B00000008J;DMS
GL1522490C;02/02/2026;B00000008J;DMS
GL0232417K;02/02/2026;B00000008J;DMS
GL1524345K;02/02/2026;B00000008J;DMS
GL0027098T;02/02/2026;B00000004E;DCW
GL0004879V;02/02/2026;B00000008J;DMS
GL0009020A;02/02/2026;B00000007H;DEW
GL0008815S;02/02/2026;B00000004E;DCW
GL0008319D;02/02/2026;B00000008J;DMS
GL0056500E;02/02/2026;B00000003D;DSW
GL1384714N;02/02/2026;B00000004E;DCW
GL0036856G;02/02/2026;B00000003D;DSW
GL0036811F;02/02/2026;B00000003D;DSW
GL0023145B;02/02/2026;B00000002C;DRW
GL0008873H;02/02/2026;B00000007H;DEW
GL0007099S;02/02/2026;B00000008J;DMS
GL0048771X;02/02/2026;B00000006G;DLS
GL0020837D;02/02/2026;B00000006G;DLS
GL0220736L;02/02/2026;B00000008J;DMS
GL0344660J;02/02/2026;B00000003D;DSW
GL0711157H;02/02/2026;B00000003D;DSW
GL0711158J;02/02/2026;B00000003D;DSW
GL0711070J;02/02/2026;B00000003D;DSW
GL0711067F;02/02/2026;B00000003D;DSW
GL0711062A;02/02/2026;B00000003D;DSW
GL0711059X;02/02/2026;B00000003D;DSW
GL0711048J;02/02/2026;B00000003D;DSW
GL0063067S;02/02/2026;B00000003D;DSW
GL0711027K;02/02/2026;B00000003D;DSW
GL0710986N;02/02/2026;B00000003D;DSW
GL1028568C;02/02/2026;B00000002C;DRW
GL0221045M;02/02/2026;B00000002C;DRW
GL0344794L;02/02/2026;B00000003D;DSW
GL0344795M;02/02/2026;B00000003D;DSW
GL0344796N;02/02/2026;B00000003D;DSW
GL0344798R;02/02/2026;B00000003D;DSW
GL0344827Z;02/02/2026;B00000003D;DSW
GL0344828A;02/02/2026;B00000003D;DSW
GL0344830C;02/02/2026;B00000003D;DSW
GL0344832E;02/02/2026;B00000003D;DSW
GL0344833F;02/02/2026;B00000003D;DSW
GL0344834G;02/02/2026;B00000003D;DSW
GL0344836J;02/02/2026;B00000003D;DSW
GL0344790G;02/02/2026;B00000003D;DSW
GL0344793K;02/02/2026;B00000003D;DSW
GL0344777S;02/02/2026;B00000003D;DSW
GL0344776R;02/02/2026;B00000003D;DSW
GL0344835H;02/02/2026;B00000003D;DSW
GL0344837K;02/02/2026;B00000003D;DSW
GL0344838L;02/02/2026;B00000003D;DSW
GL0347167H;02/02/2026;B00000003D;DSW
GL0009735M;02/02/2026;B00000004E;DCW
GL0019348L;02/02/2026;B00000007H;DEW
GL0011175Z;02/02/2026;B00000003D;DSW
GL0503988N;02/02/2026;B00000004E;DCW
GL0653469D;02/02/2026;B00000004E;DCW
GL0666266W;02/02/2026;B00000002C;DRW
GL0671258T;02/02/2026;B00000007H;DEW
GL0009713M;02/02/2026;B00000004E;DCW
GL0707250T;02/02/2026;B00000008J;DMS
GL0009712L;02/02/2026;B00000004E;DCW
GN0708756E;02/02/2026;B00000001B;DOS
GL0009381K;02/02/2026;B00000007H;DEW
GL0775239D;02/02/2026;B00000008J;DMS
GL0827308Y;02/02/2026;B00000007H;DEW
GL0825450L;02/02/2026;B00000007H;DEW
GL0827256N;02/02/2026;B00000005F;DNA
GL0029220E;02/02/2026;B00000007H;DEW
GL0825875V;02/02/2026;B00000004E;DCW
GL0854418E;02/02/2026;B00000003D;DSW
GL0012128G;02/02/2026;B00000003D;DSW
GL1009457K;02/02/2026;B00000008J;DMS
GL1010577H;02/02/2026;B00000008J;DMS
GL0995787B;02/02/2026;B00000003D;DSW
GL0980443P;02/02/2026;B00000003D;DSW
GL0995830A;02/02/2026;B00000003D;DSW
GL0980490T;02/02/2026;B00000003D;DSW
GL0980476C;02/02/2026;B00000003D;DSW
GL0980485M;02/02/2026;B00000003D;DSW
GL0018505D;02/02/2026;B00000007H;DEW
GL1068131K;02/02/2026;B00000008J;DMS
GN1110046R;02/02/2026;B00000001B;DOS
GL1130571P;02/02/2026;B00000007H;DEW
GL0020630T;02/02/2026;B00000006G;DLS
GL0016751K;02/02/2026;B00000008J;DMS
GL0232537X;02/02/2026;B00000008J;DMS
GL0020740T;02/02/2026;B00000006G;DLS
GL0011183H;02/02/2026;B00000003D;DSW
GN1332387B;02/02/2026;B00000001B;DOS
GL0504891P;02/02/2026;B00000007H;DEW
GL0648687V;02/02/2026;B00000008J;DMS
GL0012832G;02/02/2026;B00000008J;DMS
GL0027015Z;02/02/2026;B00000004E;DCW
GL1386928E;02/02/2026;B00000006G;DLS
GL0669745Z;02/02/2026;B00000003D;DSW
GL1491692E;02/02/2026;B00000008J;DMS
GL0012984E;02/02/2026;B00000008J;DMS
GL0005714T;02/02/2026;B00000008J;DMS
GL0005016A;02/02/2026;B00000008J;DMS
GL1524495F;02/02/2026;B00000008J;DMS
GL0012982C;02/02/2026;B00000008J;DMS
GL0012983D;02/02/2026;B00000008J;DMS
GL1464600T;02/02/2026;B00000008J;DMS
GL0661930T;02/02/2026;B00000008J;DMS
GN0735992E;02/02/2026;B00000001B;DOS
GL1478019S;02/02/2026;B00000002C;DRW
GN0901244R;02/02/2026;B00000001B;DOS
GL0217661S;02/02/2026;B00000008J;DMS
GN1078462A;02/02/2026;B00000001B;DOS
GL0862577B;02/02/2026;B00000004E;DCW
GL1264330N;02/02/2026;B00000003D;DSW
GL1524463V;02/02/2026;B00000008J;DMS
GL0013259S;02/02/2026;B00000008J;DMS
GL0305413K;02/02/2026;B00000007H;DEW
GL0010641S;02/02/2026;B00000008J;DMS
GN1533792W;02/02/2026;B00000001B;DOS
GL1115103M;02/02/2026;B00000008J;DMS
GL0228920L;02/02/2026;B00000005F;DNA
GL0003175H;02/02/2026;B00000008J;DMS
GL0056381V;02/02/2026;B00000003D;DSW
GL0056488R;02/02/2026;B00000003D;DSW
GL0011486C;02/02/2026;B00000003D;DSW
GL0029005K;02/02/2026;B00000003D;DSW
GL0011664E;02/02/2026;B00000003D;DSW
GL0057865F;02/02/2026;B00000003D;DSW
GL0011629P;02/02/2026;B00000003D;DSW
GL0011845K;02/02/2026;B00000003D;DSW
GL0056650A;02/02/2026;B00000003D;DSW
GL0012006T;02/02/2026;B00000003D;DSW
GL0056860N;02/02/2026;B00000003D;DSW
GL0036233Z;02/02/2026;B00000003D;DSW
GL0057335D;02/02/2026;B00000003D;DSW
GL0044201D;02/02/2026;B00000002C;DRW
GL0023043K;02/02/2026;B00000002C;DRW
GL0044153Z;02/02/2026;B00000002C;DRW
GL0007348A;02/02/2026;B00000002C;DRW
GL0023756W;02/02/2026;B00000002C;DRW
GL0044130Y;02/02/2026;B00000002C;DRW
GL0023527K;02/02/2026;B00000002C;DRW
GL0023528L;02/02/2026;B00000002C;DRW
GL0031556J;02/02/2026;B00000002C;DRW
GL0028283P;02/02/2026;B00000005F;DNA
GL0013452L;02/02/2026;B00000005F;DNA
GL0028275F;02/02/2026;B00000005F;DNA
GL1413776N;02/02/2026;B00000005F;DNA
GL0013363K;02/02/2026;B00000005F;DNA
GL0212167Z;02/02/2026;B00000005F;DNA
GL0013496L;02/02/2026;B00000005F;DNA
GL0013491F;02/02/2026;B00000005F;DNA
GL1413825V;02/02/2026;B00000005F;DNA
GL0013478R;02/02/2026;B00000005F;DNA
GL0020853X;02/02/2026;B00000006G;DLS
GL0020660C;02/02/2026;B00000006G;DLS
GL0048192N;02/02/2026;B00000006G;DLS
GL1339215K;02/02/2026;B00000006G;DLS
GL0048322L;02/02/2026;B00000006G;DLS
GL0013398A;02/02/2026;B00000005F;DNA
GL0013411P;02/02/2026;B00000005F;DNA
GL1306087P;02/02/2026;B00000006G;DLS
GL0020638C;02/02/2026;B00000006G;DLS
GL0020298R;02/02/2026;B00000006G;DLS
GL0217965M;02/02/2026;B00000006G;DLS
GL0048203B;02/02/2026;B00000006G;DLS
GL0019985K;02/02/2026;B00000006G;DLS
GL0020387S;02/02/2026;B00000006G;DLS
GL0051947F;02/02/2026;B00000006G;DLS
GL0020352C;02/02/2026;B00000006G;DLS
GL0020472N;02/02/2026;B00000006G;DLS
GL0743542J;02/02/2026;B00000006G;DLS
GL0205681D;02/02/2026;B00000006G;DLS
GL0205692R;02/02/2026;B00000006G;DLS
GL0205684G;02/02/2026;B00000006G;DLS
GL0205680C;02/02/2026;B00000006G;DLS
GL0205667M;02/02/2026;B00000006G;DLS
GL0205688L;02/02/2026;B00000006G;DLS
GL0205678A;02/02/2026;B00000006G;DLS
GL0205677Z;02/02/2026;B00000006G;DLS
GL0205679B;02/02/2026;B00000006G;DLS
GL0205682E;02/02/2026;B00000006G;DLS
GL0205687K;02/02/2026;B00000006G;DLS
GL0205691P;02/02/2026;B00000006G;DLS
GL0205689M;02/02/2026;B00000006G;DLS
GL0205690N;02/02/2026;B00000006G;DLS
GL0205696W;02/02/2026;B00000006G;DLS
GL0020309D;02/02/2026;B00000006G;DLS
GL0020399F;02/02/2026;B00000006G;DLS
GL0020448L;02/02/2026;B00000006G;DLS
GL0205683F;02/02/2026;B00000006G;DLS
GL0020401H;02/02/2026;B00000006G;DLS
GL0020485D;02/02/2026;B00000006G;DLS
GL0020381K;02/02/2026;B00000006G;DLS
GL0020414Y;02/02/2026;B00000006G;DLS
GL0020398E;02/02/2026;B00000006G;DLS
GL0020504A;02/02/2026;B00000006G;DLS
GL0020395B;02/02/2026;B00000006G;DLS
GL0020993F;02/02/2026;B00000006G;DLS
GL0218077P;02/02/2026;B00000006G;DLS
GL0019890C;02/02/2026;B00000006G;DLS
GL0020652T;02/02/2026;B00000006G;DLS
GL0018083Z;02/02/2026;B00000008J;DMS
GL0027039B;02/02/2026;B00000004E;DCW
GL0027085D;02/02/2026;B00000004E;DCW
GL0027055V;02/02/2026;B00000004E;DCW
GL0027413B;02/02/2026;B00000004E;DCW
GL0060003K;02/02/2026;B00000004E;DCW
GL0025163V;02/02/2026;B00000004E;DCW
GL0025371F;02/02/2026;B00000004E;DCW
GL0025376L;02/02/2026;B00000004E;DCW
GL0025363X;02/02/2026;B00000004E;DCW
GL0025313P;02/02/2026;B00000004E;DCW
GL0025346C;02/02/2026;B00000004E;DCW
GL0015577B;02/02/2026;B00000004E;DCW
GL0029662G;02/02/2026;B00000004E;DCW
GL0029666L;02/02/2026;B00000004E;DCW
GL0029672T;02/02/2026;B00000004E;DCW
GL0029668N;02/02/2026;B00000004E;DCW
GL0029693S;02/02/2026;B00000004E;DCW
GL0029644L;02/02/2026;B00000004E;DCW
GL0029661F;02/02/2026;B00000004E;DCW
GL0030517D;02/02/2026;B00000004E;DCW
GL0007057V;02/02/2026;B00000008J;DMS
GL0007043D;02/02/2026;B00000008J;DMS
GL0007037X;02/02/2026;B00000008J;DMS
GL0006882W;02/02/2026;B00000008J;DMS
GL0008090T;02/02/2026;B00000008J;DMS
GL0004927Z;02/02/2026;B00000008J;DMS
GL0008244T;02/02/2026;B00000008J;DMS
GL0008214J;02/02/2026;B00000008J;DMS
GL0004840A;02/02/2026;B00000008J;DMS
GL0004545P;02/02/2026;B00000008J;DMS
GL0004577B;02/02/2026;B00000008J;DMS
GL0005599M;02/02/2026;B00000008J;DMS
GL0005683H;02/02/2026;B00000008J;DMS
GL0007162N;02/02/2026;B00000008J;DMS
GL0002951D;02/02/2026;B00000008J;DMS
GL0003165X;02/02/2026;B00000008J;DMS
GL0003286J;02/02/2026;B00000008J;DMS
GL0004100J;02/02/2026;B00000008J;DMS
GL0006928Y;02/02/2026;B00000008J;DMS
GL0007127Z;02/02/2026;B00000008J;DMS
GL0025671X;02/02/2026;B00000005F;DNA
GL0013336E;02/02/2026;B00000005F;DNA
GL0046144L;02/02/2026;B00000005F;DNA
GL0018001F;02/02/2026;B00000005F;DNA
GL0046134A;02/02/2026;B00000005F;DNA
GL0046139F;02/02/2026;B00000005F;DNA
GL0046142J;02/02/2026;B00000005F;DNA
GL0026985P;02/02/2026;B00000005F;DNA
GL0013438W;02/02/2026;B00000005F;DNA
GL0009791B;02/02/2026;B00000007H;DEW
GL0009445H;02/02/2026;B00000007H;DEW
GL0009528C;02/02/2026;B00000007H;DEW
GL0001012A;02/02/2026;B00000007H;DEW
GL0009338L;02/02/2026;B00000007H;DEW
GL0009079S;02/02/2026;B00000007H;DEW
GL0018503B;02/02/2026;B00000007H;DEW
GL0009408R;02/02/2026;B00000007H;DEW
GL0009488G;02/02/2026;B00000007H;DEW
GL0009093H;02/02/2026;B00000007H;DEW
GL0009511H;02/02/2026;B00000007H;DEW
GL0019689Z;02/02/2026;B00000007H;DEW
GL0013544R;02/02/2026;B00000005F;DNA
GL0004677P;02/02/2026;B00000008J;DMS
GL0009168T;02/02/2026;B00000007H;DEW
GL0030471B;02/02/2026;B00000003D;DSW
GL0004678R;02/02/2026;B00000008J;DMS
GL0020341P;02/02/2026;B00000006G;DLS
GL0009234T;02/02/2026;B00000007H;DEW
GL0028269Z;02/02/2026;B00000005F;DNA
GL0013451K;02/02/2026;B00000005F;DNA
GL0218138J;02/02/2026;B00000006G;DLS
GL0023696C;02/02/2026;B00000002C;DRW
GL0053440C;02/02/2026;B00000003D;DSW
GL0218076N;02/02/2026;B00000006G;DLS
GL0019852J;02/02/2026;B00000006G;DLS
GL0031815D;02/02/2026;B00000005F;DNA
GL0009240A;02/02/2026;B00000007H;DEW
GL0009383M;02/02/2026;B00000007H;DEW
GL0013350W;02/02/2026;B00000005F;DNA
GL0019526N;02/02/2026;B00000007H;DEW
GL0031501X;02/02/2026;B00000005F;DNA
GL0013489D;02/02/2026;B00000005F;DNA
GL0004650J;02/02/2026;B00000008J;DMS
GL0004587M;02/02/2026;B00000008J;DMS
GL0004588N;02/02/2026;B00000008J;DMS
GL0025321Z;02/02/2026;B00000004E;DCW
GL0020382L;02/02/2026;B00000006G;DLS
GL0013450J;02/02/2026;B00000005F;DNA
GL0009362N;02/02/2026;B00000007H;DEW
GL0009286C;02/02/2026;B00000007H;DEW
GL0009222E;02/02/2026;B00000007H;DEW
GL0009462C;02/02/2026;B00000007H;DEW
GL0019483P;02/02/2026;B00000007H;DEW
GL0002598C;02/02/2026;B00000008J;DMS
GL0015678R;02/02/2026;B00000008J;DMS
GL0063220R;02/02/2026;B00000003D;DSW
GL0020297P;02/02/2026;B00000006G;DLS
GL0020334G;02/02/2026;B00000006G;DLS
GL0027151D;02/02/2026;B00000004E;DCW
GL0020743X;02/02/2026;B00000006G;DLS
GL0004893K;02/02/2026;B00000008J;DMS
GL0029954N;02/02/2026;B00000008J;DMS
GL0002404G;02/02/2026;B00000008J;DMS
GL0019555X;02/02/2026;B00000007H;DEW
GL0025147B;02/02/2026;B00000004E;DCW
GL0005069K;02/02/2026;B00000008J;DMS
GL0004696L;02/02/2026;B00000008J;DMS
GL0019456J;02/02/2026;B00000007H;DEW
GL0009496R;02/02/2026;B00000007H;DEW
GL0004547S;02/02/2026;B00000008J;DMS
GL0019987M;02/02/2026;B00000006G;DLS
GL0016776N;02/02/2026;B00000008J;DMS
GL0013546T;02/02/2026;B00000005F;DNA
GL0004601D;02/02/2026;B00000008J;DMS
GL0004948Y;02/02/2026;B00000008J;DMS
GL0019888A;02/02/2026;B00000006G;DLS
GL0036867V;02/02/2026;B00000003D;DSW
GL0057346R;02/02/2026;B00000003D;DSW
GL0014093P;02/02/2026;B00000008J;DMS
GL0006902T;02/02/2026;B00000008J;DMS
GL0006963M;02/02/2026;B00000008J;DMS
GL0011913M;02/02/2026;B00000003D;DSW
GL0006918L;02/02/2026;B00000008J;DMS
GL0004880W;02/02/2026;B00000008J;DMS
GL0023492W;02/02/2026;B00000002C;DRW
GL0031508E;02/02/2026;B00000005F;DNA
GL0022895S;02/02/2026;B00000002C;DRW
GL0015495H;02/02/2026;B00000004E;DCW
GL0020008L;02/02/2026;B00000006G;DLS
GL0218246G;02/02/2026;B00000003D;DSW
GL0008243S;02/02/2026;B00000008J;DMS
GL0231466E;02/02/2026;B00000002C;DRW
GL0009455V;02/02/2026;B00000007H;DEW
GL0020631V;02/02/2026;B00000006G;DLS
GL0009107Z;02/02/2026;B00000007H;DEW
GL0011916R;02/02/2026;B00000003D;DSW
GL0007046G;02/02/2026;B00000008J;DMS
GL0025088J;02/02/2026;B00000004E;DCW
GL0026701S;02/02/2026;B00000004E;DCW
GL0004956G;02/02/2026;B00000008J;DMS
GL0005095P;02/02/2026;B00000008J;DMS
GL0008276E;02/02/2026;B00000008J;DMS
GL0006783H;02/02/2026;B00000008J;DMS
GL0007013V;02/02/2026;B00000008J;DMS
GL0005242G;02/02/2026;B00000008J;DMS
GL0012718C;02/02/2026;B00000003D;DSW
GL0026765P;02/02/2026;B00000004E;DCW
GL0349246W;02/02/2026;B00000008J;DMS
GL0020785V;02/02/2026;B00000006G;DLS
GL0026753B;02/02/2026;B00000004E;DCW
GL0004610N;02/02/2026;B00000008J;DMS
GL0013494J;02/02/2026;B00000005F;DNA
GL0019470A;02/02/2026;B00000007H;DEW
GL0009358J;02/02/2026;B00000007H;DEW
GL0006916J;02/02/2026;B00000008J;DMS
GL0008337Z;02/02/2026;B00000008J;DMS
GL0008876L;02/02/2026;B00000007H;DEW
GL0027222J;02/02/2026;B00000005F;DNA
GL0032334T;02/02/2026;B00000003D;DSW
GL0031990C;02/02/2026;B00000003D;DSW
GL0218399F;02/02/2026;B00000007H;DEW
GL0004711D;02/02/2026;B00000008J;DMS
GL0008247X;02/02/2026;B00000008J;DMS
GL0018516R;02/02/2026;B00000007H;DEW
GL0293239B;02/02/2026;B00000008J;DMS
GL0293238A;02/02/2026;B00000008J;DMS
GL0293236Y;02/02/2026;B00000008J;DMS
GL0004715H;02/02/2026;B00000008J;DMS
GL0025220J;02/02/2026;B00000004E;DCW
GL0025332L;02/02/2026;B00000004E;DCW
GL0007049K;02/02/2026;B00000008J;DMS
GL0008144E;02/02/2026;B00000008J;DMS
GL0009393Z;02/02/2026;B00000007H;DEW
GL0009366T;02/02/2026;B00000007H;DEW
GL0004848J;02/02/2026;B00000008J;DMS
GL0004853P;02/02/2026;B00000008J;DMS
GL0004874N;02/02/2026;B00000008J;DMS
GL0004390N;02/02/2026;B00000008J;DMS
GL0004970Y;02/02/2026;B00000008J;DMS
GL0026758G;02/02/2026;B00000004E;DCW
GL0011618C;02/02/2026;B00000003D;DSW
GL0023020J;02/02/2026;B00000002C;DRW
GL0044080R;02/02/2026;B00000002C;DRW
GL0027882J;02/02/2026;B00000003D;DSW
GL0020524Y;02/02/2026;B00000006G;DLS
GL0025103B;02/02/2026;B00000004E;DCW
GL0031189S;02/02/2026;B00000007H;DEW
GL0019913D;02/02/2026;B00000006G;DLS
GL0020482A;02/02/2026;B00000006G;DLS
GL0009290G;02/02/2026;B00000007H;DEW
GL0029951K;02/02/2026;B00000002C;DRW
GL0009312G;02/02/2026;B00000007H;DEW
GL0008146G;02/02/2026;B00000008J;DMS
GL0007000E;02/02/2026;B00000008J;DMS
GL0025181P;02/02/2026;B00000004E;DCW
GL0013685B;02/02/2026;B00000005F;DNA
GL0004648G;02/02/2026;B00000008J;DMS
GL0012731S;02/02/2026;B00000003D;DSW
GL0009344T;02/02/2026;B00000007H;DEW
GL0008313X;02/02/2026;B00000008J;DMS
GL0007062A;02/02/2026;B00000008J;DMS
GL0009400G;02/02/2026;B00000007H;DEW
GL0003630A;02/02/2026;B00000008J;DMS
GL0025315S;02/02/2026;B00000004E;DCW
GL0025302C;02/02/2026;B00000004E;DCW
GL0009384N;02/02/2026;B00000007H;DEW
GL0005238C;02/02/2026;B00000008J;DMS
GL0008358Y;02/02/2026;B00000008J;DMS
GL0003631B;02/02/2026;B00000008J;DMS
GL0008283M;02/02/2026;B00000008J;DMS
GL0002624G;02/02/2026;B00000008J;DMS
GL0009350A;02/02/2026;B00000007H;DEW
GL0009392Y;02/02/2026;B00000007H;DEW
GL0009379H;02/02/2026;B00000007H;DEW
GL0009401H;02/02/2026;B00000007H;DEW
GL0008286R;02/02/2026;B00000008J;DMS
GL0005011V;02/02/2026;B00000008J;DMS
GL0005253V;02/02/2026;B00000008J;DMS
GL0009266E;02/02/2026;B00000007H;DEW
GL0020021B;02/02/2026;B00000006G;DLS
GL0009352C;02/02/2026;B00000007H;DEW
GL0009316L;02/02/2026;B00000007H;DEW
GL0009380J;02/02/2026;B00000007H;DEW
GL0006016L;02/02/2026;B00000008J;DMS
GL0025227S;02/02/2026;B00000004E;DCW
GL0005758T;02/02/2026;B00000008J;DMS
GL0006396T;02/02/2026;B00000008J;DMS
GL0019532W;02/02/2026;B00000007H;DEW
GL0009284A;02/02/2026;B00000007H;DEW
GL0020506C;02/02/2026;B00000006G;DLS
GL0012504J;02/02/2026;B00000008J;DMS
GL0012505K;02/02/2026;B00000008J;DMS
GL0012506L;02/02/2026;B00000008J;DMS
GL0012689V;02/02/2026;B00000003D;DSW
GL0031962W;02/02/2026;B00000003D;DSW
GL0019845B;02/02/2026;B00000006G;DLS
GL0013560J;02/02/2026;B00000005F;DNA
GL0212046L;02/02/2026;B00000007H;DEW
GL0019840W;02/02/2026;B00000006G;DLS
GL0016347B;02/02/2026;B00000008J;DMS
GL0013572Y;02/02/2026;B00000005F;DNA
GL0020704C;02/02/2026;B00000006G;DLS
GL0027793H;02/02/2026;B00000003D;DSW
GL0007148Y;02/02/2026;B00000008J;DMS
GL0013561K;02/02/2026;B00000005F;DNA
GL0009394A;02/02/2026;B00000007H;DEW
GL0009310E;02/02/2026;B00000007H;DEW
GL0009346W;02/02/2026;B00000007H;DEW
GL0009399F;02/02/2026;B00000007H;DEW
GL0038632A;02/02/2026;B00000003D;DSW
GL0005781V;02/02/2026;B00000008J;DMS
GL0026269B;02/02/2026;B00000004E;DCW
GL0006953B;02/02/2026;B00000008J;DMS
GL0002779H;02/02/2026;B00000008J;DMS
GL0028192L;02/02/2026;B00000003D;DSW
GL0009174A;02/02/2026;B00000007H;DEW
GL0013319K;02/02/2026;B00000005F;DNA
GL0007754L;02/02/2026;B00000002C;DRW
GL0002783M;02/02/2026;B00000008J;DMS
GL0013604J;02/02/2026;B00000005F;DNA
GL0007984Y;02/02/2026;B00000008J;DMS
GL0009334G;02/02/2026;B00000007H;DEW
GL0013332A;02/02/2026;B00000005F;DNA
GL0011668J;02/02/2026;B00000003D;DSW
GL0003090L;02/02/2026;B00000008J;DMS
GL0009407P;02/02/2026;B00000007H;DEW
GL0006911D;02/02/2026;B00000008J;DMS
GL0020488G;02/02/2026;B00000006G;DLS
GL0009059V;02/02/2026;B00000007H;DEW
GL0007903F;02/02/2026;B00000002C;DRW
GL0020430R;02/02/2026;B00000006G;DLS
GL0009364R;02/02/2026;B00000007H;DEW
GL0020570A;02/02/2026;B00000006G;DLS
GL0012071S;02/02/2026;B00000003D;DSW
GL0027873Z;02/02/2026;B00000004E;DCW
GL0028289X;02/02/2026;B00000005F;DNA
GL0013349V;02/02/2026;B00000005F;DNA
GL0011955K;02/02/2026;B00000003D;DSW
GL0008356W;02/02/2026;B00000008J;DMS
GL0020020A;02/02/2026;B00000006G;DLS
GL0026763M;02/02/2026;B00000004E;DCW
GL0025086G;02/02/2026;B00000004E;DCW
GL0004493F;02/02/2026;B00000008J;DMS
GL0025091M;02/02/2026;B00000004E;DCW
GL0027375H;02/02/2026;B00000004E;DCW
GL0009324W;02/02/2026;B00000007H;DEW
GL0019956C;02/02/2026;B00000006G;DLS
GL0007156G;02/02/2026;B00000008J;DMS
GL0004496J;02/02/2026;B00000008J;DMS
GL0002512E;02/02/2026;B00000008J;DMS
GL0012657H;02/02/2026;B00000003D;DSW
GL0009371Z;02/02/2026;B00000007H;DEW
GL0020404L;02/02/2026;B00000006G;DLS
GL0013498N;02/02/2026;B00000005F;DNA
GL0007100T;02/02/2026;B00000008J;DMS
GL0006390L;02/02/2026;B00000008J;DMS
GL0020349Z;02/02/2026;B00000006G;DLS
GL0007108C;02/02/2026;B00000008J;DMS
GL0027105B;02/02/2026;B00000004E;DCW
GL0011607P;02/02/2026;B00000003D;DSW
GL0057330Y;02/02/2026;B00000003D;DSW
GL0005717X;02/02/2026;B00000008J;DMS
GL0019983H;02/02/2026;B00000006G;DLS
GL0056443P;02/02/2026;B00000003D;DSW
GL0003380R;02/02/2026;B00000008J;DMS
GL0013554C;02/02/2026;B00000005F;DNA
GL0026715H;02/02/2026;B00000004E;DCW
GL0025027P;02/02/2026;B00000004E;DCW
GL0009486E;02/02/2026;B00000007H;DEW
GL0005463H;02/02/2026;B00000008J;DMS
GL0009412W;02/02/2026;B00000007H;DEW
GL0041838T;02/02/2026;B00000005F;DNA
GL0026717K;02/02/2026;B00000004E;DCW
GL1212264Y;02/02/2026;B00000002C;DRW
GL0009045D;02/02/2026;B00000007H;DEW
GL0025015B;02/02/2026;B00000004E;DCW
GL0020376E;02/02/2026;B00000006G;DLS
GL0007760T;02/02/2026;B00000002C;DRW
GL0056746J;02/02/2026;B00000003D;DSW
GL0020326Y;02/02/2026;B00000006G;DLS
GL0036833F;02/02/2026;B00000003D;DSW
GL0036429X;02/02/2026;B00000003D;DSW
GL0025186W;02/02/2026;B00000004E;DCW
GL0036415F;02/02/2026;B00000003D;DSW
GL0026761K;02/02/2026;B00000004E;DCW
GL0026848J;02/02/2026;B00000004E;DCW
GL0026764N;02/02/2026;B00000004E;DCW
GL0011638A;02/02/2026;B00000003D;DSW
GL0045224R;02/02/2026;B00000003D;DSW
GL0036279B;02/02/2026;B00000003D;DSW
GL0026727X;02/02/2026;B00000004E;DCW
GL0036893Z;02/02/2026;B00000003D;DSW
GL0036891X;02/02/2026;B00000003D;DSW
GL0036892Y;02/02/2026;B00000003D;DSW
GL0411674L;02/02/2026;B00000003D;DSW
GL0061132T;02/02/2026;B00000003D;DSW
GL0009395B;02/02/2026;B00000007H;DEW
GL0006941M;02/02/2026;B00000008J;DMS
GL0029623M;02/02/2026;B00000004E;DCW
GL0019824C;02/02/2026;B00000006G;DLS
GL0023242L;02/02/2026;B00000002C;DRW
GL0046171S;02/02/2026;B00000003D;DSW
GL0217904T;02/02/2026;B00000003D;DSW
GL0231545V;02/02/2026;B00000003D;DSW
GL0020012R;02/02/2026;B00000006G;DLS
GL0007232T;02/02/2026;B00000008J;DMS
GL0006672G;02/02/2026;B00000008J;DMS
GL0026747V;02/02/2026;B00000004E;DCW
GL0036412C;02/02/2026;B00000003D;DSW
GL0027433Z;02/02/2026;B00000008J;DMS
GL0212240G;02/02/2026;B00000007H;DEW
GL0026699P;02/02/2026;B00000004E;DCW
GL0004619Z;02/02/2026;B00000008J;DMS
GL0031878A;02/02/2026;B00000007H;DEW
GL0002574A;02/02/2026;B00000008J;DMS
GL0036381S;02/02/2026;B00000003D;DSW
GL0004817Z;02/02/2026;B00000008J;DMS
GL0005499Z;02/02/2026;B00000008J;DMS
GL0019296C;02/02/2026;B00000008J;DMS
GL0032172J;02/02/2026;B00000008J;DMS
GL0032311S;02/02/2026;B00000008J;DMS
GL0013531B;02/02/2026;B00000005F;DNA
GL0062752J;02/02/2026;B00000008J;DMS
GL0008953Z;02/02/2026;B00000007H;DEW
GL0008141B;02/02/2026;B00000008J;DMS
GL0029304A;02/02/2026;B00000008J;DMS
GL0066465D;02/02/2026;B00000005F;DNA
GL0030150L;02/02/2026;B00000002C;DRW
GL0011603K;02/02/2026;B00000003D;DSW
GL0217958E;02/02/2026;B00000006G;DLS
GL0031892R;02/02/2026;B00000007H;DEW
GL0012007V;02/02/2026;B00000003D;DSW
GL0013298L;02/02/2026;B00000005F;DNA
GL0027293P;02/02/2026;B00000005F;DNA
GL0006929Z;02/02/2026;B00000008J;DMS
GL0001870A;02/02/2026;B00000008J;DMS
GL0064356G;02/02/2026;B00000007H;DEW
GL0011600G;02/02/2026;B00000003D;DSW
GL0011605M;02/02/2026;B00000003D;DSW
GL0011676T;02/02/2026;B00000003D;DSW
GL0002777F;02/02/2026;B00000008J;DMS
GL0009461B;02/02/2026;B00000007H;DEW
GL0009456W;02/02/2026;B00000007H;DEW
GL0002577D;02/02/2026;B00000008J;DMS
GL0009071H;02/02/2026;B00000007H;DEW
GL0013225D;02/02/2026;B00000008J;DMS
GL0231726A;02/02/2026;B00000007H;DEW
GL1415699Z;02/02/2026;B00000005F;DNA
GL0047386Y;02/02/2026;B00000003D;DSW
GL0011604L;02/02/2026;B00000003D;DSW
GL0019121D;02/02/2026;B00000007H;DEW
GL0336535B;02/02/2026;B00000006G;DLS
GL0086609V;02/02/2026;B00000008J;DMS
GL0013419Z;02/02/2026;B00000005F;DNA
GL0520682J;02/02/2026;B00000002C;DRW
GL0007033S;02/02/2026;B00000008J;DMS
GL0032350L;02/02/2026;B00000003D;DSW
GL0011926C;02/02/2026;B00000003D;DSW
GL0046722T;02/02/2026;B00000002C;DRW
GL0046719P;02/02/2026;B00000002C;DRW
GL0046714J;02/02/2026;B00000002C;DRW
GL0046726Y;02/02/2026;B00000002C;DRW
GL0046708C;02/02/2026;B00000002C;DRW
GL0212431Z;02/02/2026;B00000002C;DRW
GL0046735H;02/02/2026;B00000002C;DRW
GL0046733F;02/02/2026;B00000002C;DRW
GL0212430Y;02/02/2026;B00000002C;DRW
GL0217727S;02/02/2026;B00000003D;DSW
GL0028677M;02/02/2026;B00000003D;DSW
GL0045692Y;02/02/2026;B00000003D;DSW
GL0217518E;02/02/2026;B00000007H;DEW
GL0220032L;02/02/2026;B00000003D;DSW
GL0011608R;02/02/2026;B00000003D;DSW
GL0020323V;02/02/2026;B00000006G;DLS
GL0220256R;02/02/2026;B00000008J;DMS
GL0038631Z;02/02/2026;B00000003D;DSW
GL0008270Y;02/02/2026;B00000008J;DMS
GL0009282Y;02/02/2026;B00000007H;DEW
GL0036850A;02/02/2026;B00000003D;DSW
GL0004726W;02/02/2026;B00000008J;DMS
GL0007433X;02/02/2026;B00000002C;DRW
GL0220743V;02/02/2026;B00000008J;DMS
GL0014017D;02/02/2026;B00000008J;DMS
GL0013539K;02/02/2026;B00000005F;DNA
GL0228775X;02/02/2026;B00000008J;DMS
GL0226728W;02/02/2026;B00000008J;DMS
GL0226727V;02/02/2026;B00000008J;DMS
GL0003305F;02/02/2026;B00000008J;DMS
GL0011694N;02/02/2026;B00000003D;DSW
GL0221031X;02/02/2026;B00000008J;DMS
GL0228871F;02/02/2026;B00000008J;DMS
GL0006962L;02/02/2026;B00000008J;DMS
GL0221089M;02/02/2026;B00000006G;DLS
GL0212717Z;02/02/2026;B00000008J;DMS
GL0009360L;02/02/2026;B00000007H;DEW
GL0008948T;02/02/2026;B00000007H;DEW
GL0231106W;02/02/2026;B00000008J;DMS
GL0231506A;02/02/2026;B00000007H;DEW
GL0231081S;02/02/2026;B00000003D;DSW
GL0212194E;02/02/2026;B00000007H;DEW
GL0007979S;02/02/2026;B00000008J;DMS
GL0009304Y;02/02/2026;B00000007H;DEW
GL0063527P;02/02/2026;B00000003D;DSW
GL0231110A;02/02/2026;B00000008J;DMS
GL0009534J;02/02/2026;B00000007H;DEW
GL0008251B;02/02/2026;B00000008J;DMS
GL0020354E;02/02/2026;B00000006G;DLS
GL0228965M;02/02/2026;B00000004E;DCW
GL0011793B;02/02/2026;B00000003D;DSW
GL0057126R;02/02/2026;B00000003D;DSW
GL0009302W;02/02/2026;B00000007H;DEW
GL0006944R;02/02/2026;B00000008J;DMS
GL0231119K;02/02/2026;B00000008J;DMS
GL0009342R;02/02/2026;B00000007H;DEW
GL0222104R;02/02/2026;B00000007H;DEW
GL0009493M;02/02/2026;B00000007H;DEW
GL0013602G;02/02/2026;B00000005F;DNA
GL0019842Y;02/02/2026;B00000006G;DLS
GL0008241P;02/02/2026;B00000008J;DMS
GL0018330E;02/02/2026;B00000008J;DMS
GL0008103H;02/02/2026;B00000008J;DMS
GL0217797X;02/02/2026;B00000007H;DEW
GL0010062J;02/02/2026;B00000008J;DMS
GL0011251K;02/02/2026;B00000003D;DSW
GL0013367P;02/02/2026;B00000005F;DNA
GL1333566R;02/02/2026;B00000002C;DRW
GL0022921X;02/02/2026;B00000002C;DRW
GL0220956L;02/02/2026;B00000005F;DNA
GL0006895K;02/02/2026;B00000008J;DMS
GL0231638A;02/02/2026;B00000007H;DEW
GL0006927X;02/02/2026;B00000008J;DMS
GL0009446J;02/02/2026;B00000007H;DEW
GL0020572C;02/02/2026;B00000006G;DLS
GL0008237K;02/02/2026;B00000008J;DMS
GL0290697M;02/02/2026;B00000007H;DEW
GL0294209D;02/02/2026;B00000002C;DRW
GL0009043B;02/02/2026;B00000007H;DEW
GL0008875K;02/02/2026;B00000007H;DEW
GL0009294L;02/02/2026;B00000007H;DEW
GL0231881B;02/02/2026;B00000005F;DNA
GL0020550C;02/02/2026;B00000006G;DLS
GL0007095M;02/02/2026;B00000008J;DMS
GL0013255M;02/02/2026;B00000008J;DMS
GL0314121F;02/02/2026;B00000008J;DMS
GL0038793H;02/02/2026;B00000003D;DSW
GL0038794J;02/02/2026;B00000003D;DSW
GL0013479S;02/02/2026;B00000005F;DNA
GL0008300G;02/02/2026;B00000008J;DMS
GL0009495P;02/02/2026;B00000007H;DEW
GL0218065B;02/02/2026;B00000006G;DLS
GL0009035S;02/02/2026;B00000007H;DEW
GL0337647P;02/02/2026;B00000007H;DEW
GL0007065D;02/02/2026;B00000008J;DMS
GL0026702T;02/02/2026;B00000004E;DCW
GL0004768T;02/02/2026;B00000008J;DMS
GL0332236R;02/02/2026;B00000007H;DEW
GL0337684G;02/02/2026;B00000008J;DMS
GL0007986A;02/02/2026;B00000008J;DMS
GL0323877S;02/02/2026;B00000004E;DCW
GL0007977P;02/02/2026;B00000008J;DMS
GL0053159H;02/02/2026;B00000003D;DSW
GL0025196G;02/02/2026;B00000004E;DCW
GL0007976N;02/02/2026;B00000008J;DMS
GL0004884A;02/02/2026;B00000008J;DMS
GL0350947D;02/02/2026;B00000008J;DMS
GL0352723X;02/02/2026;B00000007H;DEW
GL0008232E;02/02/2026;B00000008J;DMS
GL0361585S;02/02/2026;B00000007H;DEW
GL0006662W;02/02/2026;B00000008J;DMS
GL0013180C;02/02/2026;B00000008J;DMS
GL0349224W;02/02/2026;B00000003D;DSW
GL0367380C;02/02/2026;B00000002C;DRW
GL0368712R;02/02/2026;B00000008J;DMS
GL0368676A;02/02/2026;B00000008J;DMS
GL0368692T;02/02/2026;B00000008J;DMS
GL0368671V;02/02/2026;B00000008J;DMS
GL0005029P;02/02/2026;B00000008J;DMS
GL0035075H;02/02/2026;B00000003D;DSW
GL0367490C;02/02/2026;B00000003D;DSW
GL0045429Z;02/02/2026;B00000003D;DSW
GL0045439K;02/02/2026;B00000003D;DSW
GL0045443P;02/02/2026;B00000003D;DSW
GL0945243P;02/02/2026;B00000003D;DSW
GL0373286N;02/02/2026;B00000004E;DCW
GL0371301H;02/02/2026;B00000004E;DCW
GL0009242C;02/02/2026;B00000007H;DEW
GL0009117K;02/02/2026;B00000007H;DEW
GL0008742J;02/02/2026;B00000007H;DEW
GL0003137P;02/02/2026;B00000008J;DMS
GL0009463D;02/02/2026;B00000007H;DEW
GL0363425H;02/02/2026;B00000007H;DEW
GL0220327X;02/02/2026;B00000007H;DEW
GL0228909Z;02/02/2026;B00000007H;DEW
GL0019999B;02/02/2026;B00000006G;DLS
GL0370601M;02/02/2026;B00000004E;DCW
GL0231255P;02/02/2026;B00000006G;DLS
GL0218147V;02/02/2026;B00000006G;DLS
GL0368305D;02/02/2026;B00000004E;DCW
GL0009779M;02/02/2026;B00000007H;DEW
GL0027232W;02/02/2026;B00000005F;DNA
GL0359778N;02/02/2026;B00000005F;DNA
GL0042894T;02/02/2026;B00000003D;DSW
GL0376474L;02/02/2026;B00000003D;DSW
GL0376454N;02/02/2026;B00000003D;DSW
GL0376476N;02/02/2026;B00000003D;DSW
GL1027118E;02/02/2026;B00000003D;DSW
GL0376385K;02/02/2026;B00000003D;DSW
GL0376360G;02/02/2026;B00000003D;DSW
GL0376581H;02/02/2026;B00000003D;DSW
GL0376498N;02/02/2026;B00000003D;DSW
GL0376492G;02/02/2026;B00000003D;DSW
GL0376473K;02/02/2026;B00000003D;DSW
GL0376348T;02/02/2026;B00000003D;DSW
GL0376577D;02/02/2026;B00000003D;DSW
GL0376485Z;02/02/2026;B00000003D;DSW
GL0376490E;02/02/2026;B00000003D;DSW
GL0376122L;02/02/2026;B00000003D;DSW
GL0376576C;02/02/2026;B00000003D;DSW
GL0376342L;02/02/2026;B00000003D;DSW
GL1027020T;02/02/2026;B00000003D;DSW
GL0376390R;02/02/2026;B00000003D;DSW
GL1452438Y;02/02/2026;B00000003D;DSW
GL0376358E;02/02/2026;B00000003D;DSW
GL0008999B;02/02/2026;B00000007H;DEW
GL0384881P;02/02/2026;B00000008J;DMS
GL0352970C;02/02/2026;B00000004E;DCW
GL0352981P;02/02/2026;B00000004E;DCW
GL0008944N;02/02/2026;B00000007H;DEW
GL0009388T;02/02/2026;B00000007H;DEW
GL0056371H;02/02/2026;B00000003D;DSW
GL0389763M;02/02/2026;B00000007H;DEW
GL0372756L;02/02/2026;B00000008J;DMS
GL0384700J;02/02/2026;B00000006G;DLS
GL0020371Z;02/02/2026;B00000006G;DLS
GL0217411H;02/02/2026;B00000005F;DNA
GL0399450W;02/02/2026;B00000005F;DNA
GL0394281X;02/02/2026;B00000002C;DRW
GL0012649Z;02/02/2026;B00000008J;DMS
GL0012646W;02/02/2026;B00000008J;DMS
GL0012647X;02/02/2026;B00000008J;DMS
GL0012651B;02/02/2026;B00000008J;DMS
GL0012648Y;02/02/2026;B00000008J;DMS
GL0012650A;02/02/2026;B00000008J;DMS
GL0012645V;02/02/2026;B00000008J;DMS
GL0013425F;02/02/2026;B00000005F;DNA
GL0397872C;02/02/2026;B00000007H;DEW
GL0023055Z;02/02/2026;B00000002C;DRW
GL0007393B;02/02/2026;B00000002C;DRW
GL0057826L;02/02/2026;B00000003D;DSW
GL0007642J;02/02/2026;B00000002C;DRW
GL0019936E;02/02/2026;B00000006G;DLS
GL0006657P;02/02/2026;B00000008J;DMS
GL0035062T;02/02/2026;B00000003D;DSW
GL1350487V;02/02/2026;B00000004E;DCW
GL0022943X;02/02/2026;B00000002C;DRW
GL0011366R;02/02/2026;B00000003D;DSW
GL0006073B;02/02/2026;B00000008J;DMS
GL0011822J;02/02/2026;B00000003D;DSW
GL0020665H;02/02/2026;B00000006G;DLS
GL0019977B;02/02/2026;B00000006G;DLS
GL0012705M;02/02/2026;B00000003D;DSW
GL0413754A;02/02/2026;B00000007H;DEW
GL0013427H;02/02/2026;B00000005F;DNA
GL0470732Y;02/02/2026;B00000002C;DRW
GL0057349V;02/02/2026;B00000003D;DSW
GL0441562A;02/02/2026;B00000008J;DMS
GL0441459H;02/02/2026;B00000008J;DMS
GL0578696J;02/02/2026;B00000003D;DSW
GL0035187K;02/02/2026;B00000003D;DSW
GL0002731D;02/02/2026;B00000008J;DMS
GL0007442G;02/02/2026;B00000002C;DRW
GL0059983M;02/02/2026;B00000004E;DCW
GL0059981K;02/02/2026;B00000004E;DCW
GL0023184W;02/02/2026;B00000002C;DRW
GL0467057X;02/02/2026;B00000008J;DMS
GL0006774Y;02/02/2026;B00000008J;DMS
GL0009183K;02/02/2026;B00000008J;DMS
GL0007380L;02/02/2026;B00000002C;DRW
GL1415695V;02/02/2026;B00000005F;DNA
GL0011114E;02/02/2026;B00000003D;DSW
GL0386369F;02/02/2026;B00000004E;DCW
GL0028420W;02/02/2026;B00000003D;DSW
GL0045635H;02/02/2026;B00000003D;DSW
GL0060578N;02/02/2026;B00000003D;DSW
GL0307914C;02/02/2026;B00000003D;DSW
GL0045645V;02/02/2026;B00000003D;DSW
GL0009856A;02/02/2026;B00000008J;DMS
GL0011884E;02/02/2026;B00000003D;DSW
GL0231275M;02/02/2026;B00000006G;DLS
GL0006977D;02/02/2026;B00000008J;DMS
GL0491834C;02/02/2026;B00000007H;DEW
GL0007334J;02/02/2026;B00000008J;DMS
GL0005503D;02/02/2026;B00000008J;DMS
GL0497461X;02/02/2026;B00000008J;DMS
GL0027100W;02/02/2026;B00000004E;DCW
GL0009468J;02/02/2026;B00000007H;DEW
GL0006712C;02/02/2026;B00000008J;DMS
GL1415691P;02/02/2026;B00000005F;DNA
GL0006699M;02/02/2026;B00000008J;DMS
GL0511990G;02/02/2026;B00000008J;DMS
GL0217163B;02/02/2026;B00000008J;DMS
GL0013168N;02/02/2026;B00000008J;DMS
GL0506845K;02/02/2026;B00000008J;DMS
GL0514306N;02/02/2026;B00000008J;DMS
GL0023421P;02/02/2026;B00000002C;DRW
GL0019855M;02/02/2026;B00000006G;DLS
GL0228940J;02/02/2026;B00000008J;DMS
GL0011658Y;02/02/2026;B00000003D;DSW
GL0533792G;02/02/2026;B00000005F;DNA
GL0513030N;02/02/2026;B00000008J;DMS
GL0513038Y;02/02/2026;B00000008J;DMS
GL0514305M;02/02/2026;B00000008J;DMS
GL0009469K;02/02/2026;B00000007H;DEW
GL0524611Z;02/02/2026;B00000008J;DMS
GL0524735P;02/02/2026;B00000008J;DMS
GL0526480Y;02/02/2026;B00000008J;DMS
GL0529338W;02/02/2026;B00000008J;DMS
GL0019850G;02/02/2026;B00000006G;DLS
GL0006655M;02/02/2026;B00000008J;DMS
GL0012096W;02/02/2026;B00000003D;DSW
GL0007672T;02/02/2026;B00000002C;DRW
GL0533761X;02/02/2026;B00000005F;DNA
GL0533765B;02/02/2026;B00000005F;DNA
GL0533768E;02/02/2026;B00000005F;DNA
GL0533781V;02/02/2026;B00000005F;DNA
GL0533786A;02/02/2026;B00000005F;DNA
GL0533778R;02/02/2026;B00000005F;DNA
GL0533780T;02/02/2026;B00000005F;DNA
GL0533794J;02/02/2026;B00000005F;DNA
GL0534284R;02/02/2026;B00000005F;DNA
GL0534294C;02/02/2026;B00000005F;DNA
GL0534303M;02/02/2026;B00000005F;DNA
GL0534307S;02/02/2026;B00000005F;DNA
GL0534313Z;02/02/2026;B00000005F;DNA
GL0534384E;02/02/2026;B00000005F;DNA
GL0534316C;02/02/2026;B00000005F;DNA
GL0534371P;02/02/2026;B00000005F;DNA
GL0534377X;02/02/2026;B00000005F;DNA
GL0534387H;02/02/2026;B00000005F;DNA
GL0533752L;02/02/2026;B00000005F;DNA
GL0533773K;02/02/2026;B00000005F;DNA
GL0533755P;02/02/2026;B00000005F;DNA
GL0019865Z;02/02/2026;B00000006G;DLS
GL0534326N;02/02/2026;B00000005F;DNA
GL0534332W;02/02/2026;B00000005F;DNA
GL0534338C;02/02/2026;B00000005F;DNA
GL0534341F;02/02/2026;B00000005F;DNA
GL0534345K;02/02/2026;B00000005F;DNA
GL0534357Z;02/02/2026;B00000005F;DNA
GL0534400Y;02/02/2026;B00000005F;DNA
GL0534404C;02/02/2026;B00000005F;DNA
GL0534407F;02/02/2026;B00000005F;DNA
GL0515860E;02/02/2026;B00000003D;DSW
GL0016531K;02/02/2026;B00000008J;DMS
GL0010760C;02/02/2026;B00000004E;DCW
GL0539350Y;02/02/2026;B00000004E;DCW
GL0010762E;02/02/2026;B00000004E;DCW
GL0661063H;02/02/2026;B00000003D;DSW
GL0512694G;02/02/2026;B00000008J;DMS
GL0001932W;02/02/2026;B00000008J;DMS
GL0661022L;02/02/2026;B00000003D;DSW
GL0661869Z;02/02/2026;B00000003D;DSW
GL0661863S;02/02/2026;B00000003D;DSW
GL0661865V;02/02/2026;B00000003D;DSW
GL0661867X;02/02/2026;B00000003D;DSW
GL0661868Y;02/02/2026;B00000003D;DSW
GL0007072L;02/02/2026;B00000008J;DMS
GL0512006A;02/02/2026;B00000003D;DSW
GL0006961K;02/02/2026;B00000008J;DMS
GL0013312C;02/02/2026;B00000005F;DNA
GL0007024G;02/02/2026;B00000008J;DMS
GL0500855D;02/02/2026;B00000004E;DCW
GL0547925S;02/02/2026;B00000002C;DRW
GL0019906W;02/02/2026;B00000006G;DLS
GL0009376E;02/02/2026;B00000007H;DEW
GL0007054R;02/02/2026;B00000008J;DMS
GL0536219P;02/02/2026;B00000004E;DCW
GL0539158E;02/02/2026;B00000007H;DEW
GL0011910J;02/02/2026;B00000003D;DSW
GL0515337K;02/02/2026;B00000002C;DRW
GL0536257H;02/02/2026;B00000004E;DCW
GL0560663S;02/02/2026;B00000004E;DCW
GL0036361V;02/02/2026;B00000003D;DSW
GL0026726W;02/02/2026;B00000004E;DCW
GL0008918J;02/02/2026;B00000007H;DEW
GL0629691H;02/02/2026;B00000003D;DSW
GL0007723B;02/02/2026;B00000002C;DRW
GL0020509F;02/02/2026;B00000006G;DLS
GL0005677B;02/02/2026;B00000008J;DMS
GL0547661S;02/02/2026;B00000008J;DMS
GL0555845S;02/02/2026;B00000007H;DEW
GL0056568G;02/02/2026;B00000003D;DSW
GL0559074L;02/02/2026;B00000003D;DSW
GL0604199P;02/02/2026;B00000008J;DMS
GL0007035V;02/02/2026;B00000008J;DMS
GL0561775F;02/02/2026;B00000007H;DEW
GL0024664C;02/02/2026;B00000002C;DRW
GL0007144T;02/02/2026;B00000008J;DMS
GL0528929F;02/02/2026;B00000003D;DSW
GL0045999X;02/02/2026;B00000003D;DSW
GL0997266G;02/02/2026;B00000003D;DSW
GL0218363P;02/02/2026;B00000003D;DSW
GL0036934W;02/02/2026;B00000003D;DSW
GL0007085B;02/02/2026;B00000008J;DMS
GL0009778L;02/02/2026;B00000007H;DEW
GL0015683X;02/02/2026;B00000008J;DMS
GL0006740J;02/02/2026;B00000008J;DMS
GL0007736R;02/02/2026;B00000002C;DRW
GL0035074G;02/02/2026;B00000003D;DSW
GL0006689B;02/02/2026;B00000008J;DMS
GL0008258J;02/02/2026;B00000008J;DMS
GL0009141M;02/02/2026;B00000007H;DEW
GL0584328J;02/02/2026;B00000008J;DMS
GL0340670A;02/02/2026;B00000006G;DLS
GL0009246G;02/02/2026;B00000007H;DEW
GL0027188W;02/02/2026;B00000004E;DCW
GL0059506W;02/02/2026;B00000004E;DCW
GL0059537F;02/02/2026;B00000004E;DCW
GL0059534C;02/02/2026;B00000004E;DCW
GL0026977F;02/02/2026;B00000005F;DNA
GL0012742E;02/02/2026;B00000003D;DSW
GL0009226J;02/02/2026;B00000007H;DEW
GL0638952G;02/02/2026;B00000008J;DMS
GL0638970C;02/02/2026;B00000008J;DMS
GL0009454T;02/02/2026;B00000007H;DEW
GL0583047D;02/02/2026;B00000007H;DEW
GL0639265M;02/02/2026;B00000008J;DMS
GL0638392W;02/02/2026;B00000008J;DMS
GL0639267P;02/02/2026;B00000008J;DMS
GL0639342A;02/02/2026;B00000008J;DMS
GL0639269S;02/02/2026;B00000008J;DMS
GL0639264L;02/02/2026;B00000008J;DMS
GL0638389S;02/02/2026;B00000008J;DMS
GL1393111F;02/02/2026;B00000008J;DMS
GL1393140N;02/02/2026;B00000008J;DMS
GL1393146W;02/02/2026;B00000008J;DMS
GL0026827K;02/02/2026;B00000004E;DCW
GL0581292J;02/02/2026;B00000004E;DCW
GL0578858T;02/02/2026;B00000004E;DCW
GL0580207B;02/02/2026;B00000004E;DCW
GL0605926C;02/02/2026;B00000004E;DCW
GL0639065K;02/02/2026;B00000007H;DEW
GL0006713D;02/02/2026;B00000008J;DMS
GL0526540R;02/02/2026;B00000007H;DEW
GL0026847H;02/02/2026;B00000004E;DCW
GL0885096R;02/02/2026;B00000004E;DCW
GL0005839K;02/02/2026;B00000008J;DMS
GL0002314E;02/02/2026;B00000008J;DMS
GL0002317H;02/02/2026;B00000008J;DMS
GL0007038Y;02/02/2026;B00000008J;DMS
GL0020345V;02/02/2026;B00000006G;DLS
GL0668979D;02/02/2026;B00000008J;DMS
GL0670201S;02/02/2026;B00000008J;DMS
GL0669177D;02/02/2026;B00000008J;DMS
GL0007330E;02/02/2026;B00000008J;DMS
GL0676958W;02/02/2026;B00000008J;DMS
GL0672224R;02/02/2026;B00000008J;DMS
GL0004563K;02/02/2026;B00000008J;DMS
GL0681678J;02/02/2026;B00000008J;DMS
GL0019993V;02/02/2026;B00000006G;DLS
GL0034914A;02/02/2026;B00000003D;DSW
GL0662229H;02/02/2026;B00000003D;DSW
GL1320196Y;02/02/2026;B00000003D;DSW
GL0667551F;02/02/2026;B00000007H;DEW
GL0020602L;02/02/2026;B00000006G;DLS
GL0011860C;02/02/2026;B00000003D;DSW
GL0006875M;02/02/2026;B00000008J;DMS
GL0046918R;02/02/2026;B00000003D;DSW
GL0046910G;02/02/2026;B00000003D;DSW
GL0536020N;02/02/2026;B00000003D;DSW
GL0681555V;02/02/2026;B00000008J;DMS
GL0006887B;02/02/2026;B00000008J;DMS
GL0012106G;02/02/2026;B00000003D;DSW
GL0361455V;02/02/2026;B00000004E;DCW
GL0674865S;02/02/2026;B00000008J;DMS
GL0008002T;02/02/2026;B00000008J;DMS
GL0008206A;02/02/2026;B00000008J;DMS
GL0009182J;02/02/2026;B00000007H;DEW
GL0013502T;02/02/2026;B00000005F;DNA
GL0675506W;02/02/2026;B00000008J;DMS
GL0675513D;02/02/2026;B00000008J;DMS
GL0011598E;02/02/2026;B00000003D;DSW
GL0007165S;02/02/2026;B00000008J;DMS
GL0012337V;02/02/2026;B00000008J;DMS
GL0699123H;02/02/2026;B00000007H;DEW
GL0715036R;02/02/2026;B00000003D;DSW
GL0027720A;02/02/2026;B00000004E;DCW
GL0020571B;02/02/2026;B00000006G;DLS
GL0011976J;02/02/2026;B00000003D;DSW
GL0689881F;02/02/2026;B00000003D;DSW
GL0689778N;02/02/2026;B00000003D;DSW
GL0036278A;02/02/2026;B00000003D;DSW
GL0009300T;02/02/2026;B00000007H;DEW
GL0731071M;02/02/2026;B00000003D;DSW
GL0006734C;02/02/2026;B00000008J;DMS
GL0723743K;02/02/2026;B00000008J;DMS
GL0693111B;02/02/2026;B00000007H;DEW
GL0002051F;02/02/2026;B00000008J;DMS
GL0052878N;02/02/2026;B00000007H;DEW
GL0001875F;02/02/2026;B00000008J;DMS
GL0007126Y;02/02/2026;B00000008J;DMS
GL0006937H;02/02/2026;B00000008J;DMS
GL0008537B;02/02/2026;B00000007H;DEW
GL0743036J;02/02/2026;B00000005F;DNA
GL0046125P;02/02/2026;B00000005F;DNA
GL0046100L;02/02/2026;B00000005F;DNA
GL0007987B;02/02/2026;B00000008J;DMS
GL0673372W;02/02/2026;B00000003D;DSW
GL0012134N;02/02/2026;B00000003D;DSW
GL0220038T;02/02/2026;B00000008J;DMS
GL0007151B;02/02/2026;B00000008J;DMS
GL0013482W;02/02/2026;B00000005F;DNA
GL0007021D;02/02/2026;B00000008J;DMS
GL0019849F;02/02/2026;B00000006G;DLS
GL0007705F;02/02/2026;B00000002C;DRW
GL0007937V;02/02/2026;B00000002C;DRW
GL0755709K;02/02/2026;B00000008J;DMS
GL0027104A;02/02/2026;B00000004E;DCW
GL0748267D;02/02/2026;B00000005F;DNA
GL0007750G;02/02/2026;B00000002C;DRW
GL0044725Z;02/02/2026;B00000002C;DRW
GL0044766W;02/02/2026;B00000002C;DRW
GL0044759M;02/02/2026;B00000002C;DRW
GL0044746Y;02/02/2026;B00000002C;DRW
GL0044739P;02/02/2026;B00000002C;DRW
GL0044748A;02/02/2026;B00000002C;DRW
GL0044765V;02/02/2026;B00000002C;DRW
GL0044757K;02/02/2026;B00000002C;DRW
GL0044747Z;02/02/2026;B00000002C;DRW
GL0044728C;02/02/2026;B00000002C;DRW
GL0007738T;02/02/2026;B00000002C;DRW
GL1359647D;02/02/2026;B00000008J;DMS
GL0009280W;02/02/2026;B00000007H;DEW
GL0009484C;02/02/2026;B00000007H;DEW
GL0013538J;02/02/2026;B00000005F;DNA
GL0708844E;02/02/2026;B00000002C;DRW
GL0813533V;02/02/2026;B00000008J;DMS
GL0217375S;02/02/2026;B00000008J;DMS
GL0808523B;02/02/2026;B00000003D;DSW
GL0007631X;02/02/2026;B00000002C;DRW
GL0056370G;02/02/2026;B00000003D;DSW
GL0012351K;02/02/2026;B00000008J;DMS
GL0808422L;02/02/2026;B00000007H;DEW
GL0013447F;02/02/2026;B00000005F;DNA
GL0830922E;02/02/2026;B00000008J;DMS
GL0011153Z;02/02/2026;B00000003D;DSW
GL0006810N;02/02/2026;B00000008J;DMS
GL0007055S;02/02/2026;B00000008J;DMS
GL0006971X;02/02/2026;B00000008J;DMS
GL0006924T;02/02/2026;B00000008J;DMS
GL0023800W;02/02/2026;B00000002C;DRW
GL0023799V;02/02/2026;B00000002C;DRW
GL0023801X;02/02/2026;B00000002C;DRW
GL0013567S;02/02/2026;B00000005F;DNA
GL0985207D;02/02/2026;B00000003D;DSW
GL0007056T;02/02/2026;B00000008J;DMS
GL0022918T;02/02/2026;B00000002C;DRW
GL0004646E;02/02/2026;B00000008J;DMS
GL0004557D;02/02/2026;B00000008J;DMS
GL0004643B;02/02/2026;B00000008J;DMS
GL0844852J;02/02/2026;B00000008J;DMS
GL0843626R;02/02/2026;B00000008J;DMS
GL0855908Y;02/02/2026;B00000008J;DMS
GL0020034R;02/02/2026;B00000006G;DLS
GL0857402W;02/02/2026;B00000008J;DMS
GL0839750L;02/02/2026;B00000007H;DEW
GL0839712T;02/02/2026;B00000007H;DEW
GL0839732R;02/02/2026;B00000007H;DEW
GL0844010C;02/02/2026;B00000007H;DEW
GL0020702A;02/02/2026;B00000006G;DLS
GL0012671Z;02/02/2026;B00000003D;DSW
GL0056629B;02/02/2026;B00000003D;DSW
GL0006958G;02/02/2026;B00000008J;DMS
GL0005585X;02/02/2026;B00000008J;DMS
GL0001883P;02/02/2026;B00000008J;DMS
GL0839745F;02/02/2026;B00000007H;DEW
GL0865231S;02/02/2026;B00000005F;DNA
GL0042828T;02/02/2026;B00000005F;DNA
GL0042829V;02/02/2026;B00000005F;DNA
GL0552232L;02/02/2026;B00000005F;DNA
GL0865243F;02/02/2026;B00000005F;DNA
GL0839722E;02/02/2026;B00000007H;DEW
GL0870531P;02/02/2026;B00000008J;DMS
GL0008341D;02/02/2026;B00000008J;DMS
GL0839740A;02/02/2026;B00000007H;DEW
GL0008057F;02/02/2026;B00000008J;DMS
GL0858401F;02/02/2026;B00000008J;DMS
GL0871400C;02/02/2026;B00000008J;DMS
GL0872177K;02/02/2026;B00000008J;DMS
GL0872166Y;02/02/2026;B00000008J;DMS
GL0029307D;02/02/2026;B00000008J;DMS
GL0022067B;02/02/2026;B00000008J;DMS
GL0217374R;02/02/2026;B00000008J;DMS
GL0056632E;02/02/2026;B00000003D;DSW
GL0217940J;02/02/2026;B00000006G;DLS
GL0829001X;02/02/2026;B00000003D;DSW
GL0011262Y;02/02/2026;B00000003D;DSW
GL0009029K;02/02/2026;B00000007H;DEW
GL0853706W;02/02/2026;B00000007H;DEW
GL0013409M;02/02/2026;B00000005F;DNA
GL0853188G;02/02/2026;B00000007H;DEW
GL0830047K;02/02/2026;B00000003D;DSW
GL0013423D;02/02/2026;B00000005F;DNA
GL0046991Z;02/02/2026;B00000002C;DRW
GL0828959Z;02/02/2026;B00000003D;DSW
GL0870614J;02/02/2026;B00000004E;DCW
GL0828973P;02/02/2026;B00000003D;DSW
GL0872501D;02/02/2026;B00000004E;DCW
GL0830060A;02/02/2026;B00000003D;DSW
GL0865506E;02/02/2026;B00000006G;DLS
GL0006999D;02/02/2026;B00000008J;DMS
GL0652302C;02/02/2026;B00000004E;DCW
GL0872132J;02/02/2026;B00000004E;DCW
GL0013413S;02/02/2026;B00000005F;DNA
GL0039412L;02/02/2026;B00000004E;DCW
GL0039409H;02/02/2026;B00000004E;DCW
GL0012661M;02/02/2026;B00000003D;DSW
GL0057339H;02/02/2026;B00000003D;DSW
GL0039324L;02/02/2026;B00000004E;DCW
GL0841336N;02/02/2026;B00000002C;DRW
GL0007356J;02/02/2026;B00000002C;DRW
GL0855067S;02/02/2026;B00000003D;DSW
GL0839188Y;02/02/2026;B00000008J;DMS
GL0013366N;02/02/2026;B00000005F;DNA
GL0839101Z;02/02/2026;B00000008J;DMS
GL0868204W;02/02/2026;B00000007H;DEW
GL0036460G;02/02/2026;B00000003D;DSW
GL0845435X;02/02/2026;B00000002C;DRW
GL0007105Z;02/02/2026;B00000008J;DMS
GL0907653Z;02/02/2026;B00000008J;DMS
GL0851669F;02/02/2026;B00000002C;DRW
GL0044975H;02/02/2026;B00000002C;DRW
GL0006768R;02/02/2026;B00000008J;DMS
GL0006767P;02/02/2026;B00000008J;DMS
GL0212664N;02/02/2026;B00000008J;DMS
GL0020555H;02/02/2026;B00000006G;DLS
GL0020563S;02/02/2026;B00000006G;DLS
GL0013205F;02/02/2026;B00000008J;DMS
GL0026653M;02/02/2026;B00000005F;DNA
GL0914286L;02/02/2026;B00000006G;DLS
GL0011614Y;02/02/2026;B00000003D;DSW
GL0023366C;02/02/2026;B00000002C;DRW
GL0005479B;02/02/2026;B00000008J;DMS
GL0057824J;02/02/2026;B00000003D;DSW
GL0006409H;02/02/2026;B00000008J;DMS
GL0020564T;02/02/2026;B00000006G;DLS
GL0020546Y;02/02/2026;B00000006G;DLS
GL0020786W;02/02/2026;B00000006G;DLS
GL0898587X;02/02/2026;B00000007H;DEW
GL0911952J;02/02/2026;B00000004E;DCW
GL0036289M;02/02/2026;B00000003D;DSW
GL0009434W;02/02/2026;B00000007H;DEW
GL0012111M;02/02/2026;B00000003D;DSW
GL0023470W;02/02/2026;B00000002C;DRW
GL0027267K;02/02/2026;B00000005F;DNA
GL0023485M;02/02/2026;B00000002C;DRW
GL0919782G;02/02/2026;B00000007H;DEW
GL0964468L;02/02/2026;B00000008J;DMS
GL0943882T;02/02/2026;B00000006G;DLS
GL0963409H;02/02/2026;B00000008J;DMS
GL0020756L;02/02/2026;B00000006G;DLS
GL0751193D;02/02/2026;B00000002C;DRW
GL0027174E;02/02/2026;B00000004E;DCW
GL0986542W;02/02/2026;B00000004E;DCW
GL0388607Z;02/02/2026;B00000002C;DRW
GL0922441D;02/02/2026;B00000003D;DSW
GL0006710A;02/02/2026;B00000008J;DMS
GL0009096L;02/02/2026;B00000008J;DMS
GL0220714L;02/02/2026;B00000003D;DSW
GL1007307S;02/02/2026;B00000003D;DSW
GL1007222W;02/02/2026;B00000003D;DSW
GL0008310T;02/02/2026;B00000008J;DMS
GL0369613P;02/02/2026;B00000008J;DMS
GN1013837M;02/02/2026;B00000001B;DOS
GL0670216J;02/02/2026;B00000008J;DMS
GL0004541K;02/02/2026;B00000008J;DMS
GL1011956A;02/02/2026;B00000008J;DMS
GL1009974Y;02/02/2026;B00000008J;DMS
GL1010995H;02/02/2026;B00000008J;DMS
GL0002864E;02/02/2026;B00000008J;DMS
GL1489365K;02/02/2026;B00000003D;DSW
GL1518551B;02/02/2026;B00000003D;DSW
GL0027341V;02/02/2026;B00000003D;DSW
GL0220763S;02/02/2026;B00000003D;DSW
GL0220772C;02/02/2026;B00000003D;DSW
GL0064241B;02/02/2026;B00000004E;DCW
GL0006844C;02/02/2026;B00000008J;DMS
GL0025090L;02/02/2026;B00000004E;DCW
GL1028553K;02/02/2026;B00000006G;DLS
GL1004846W;02/02/2026;B00000008J;DMS
GL0002942T;02/02/2026;B00000008J;DMS
GL0064220C;02/02/2026;B00000004E;DCW
GL0064217Z;02/02/2026;B00000004E;DCW
GL0018002G;02/02/2026;B00000005F;DNA
GL1035014C;02/02/2026;B00000008J;DMS
GL0006454J;02/02/2026;B00000008J;DMS
GL1017771H;02/02/2026;B00000007H;DEW
GL0009051K;02/02/2026;B00000007H;DEW
GL0011420C;02/02/2026;B00000003D;DSW
GL1036625H;02/02/2026;B00000006G;DLS
GL0984773K;02/02/2026;B00000003D;DSW
GL1041033S;02/02/2026;B00000008J;DMS
GL1041237Z;02/02/2026;B00000008J;DMS
GL0004886C;02/02/2026;B00000008J;DMS
GL0020668L;02/02/2026;B00000006G;DLS
GL0957851S;02/02/2026;B00000008J;DMS
GL0009050J;02/02/2026;B00000008J;DMS
GL1017776N;02/02/2026;B00000007H;DEW
GL0019801B;02/02/2026;B00000006G;DLS
GL0006311X;02/02/2026;B00000008J;DMS
GL1049693H;02/02/2026;B00000007H;DEW
GL0006973Z;02/02/2026;B00000008J;DMS
GL0011870N;02/02/2026;B00000003D;DSW
GL0019881S;02/02/2026;B00000006G;DLS
GL0036480E;02/02/2026;B00000003D;DSW
GL0007063B;02/02/2026;B00000008J;DMS
GL0018040A;02/02/2026;B00000005F;DNA
GL1059787D;02/02/2026;B00000008J;DMS
GL1060491D;02/02/2026;B00000008J;DMS
GL0046465B;02/02/2026;B00000003D;DSW
GL0028745P;02/02/2026;B00000003D;DSW
GL0060806Y;02/02/2026;B00000003D;DSW
GL0011601H;02/02/2026;B00000003D;DSW
GL0054646Y;02/02/2026;B00000006G;DLS
GL1060276J;02/02/2026;B00000002C;DRW
GL1066351M;02/02/2026;B00000004E;DCW
GL0013566R;02/02/2026;B00000005F;DNA
GL0009148W;02/02/2026;B00000008J;DMS
GL0046057M;02/02/2026;B00000003D;DSW
GL0046067Z;02/02/2026;B00000003D;DSW
GL0046070C;02/02/2026;B00000003D;DSW
GL0046074G;02/02/2026;B00000003D;DSW
GL0006948W;02/02/2026;B00000008J;DMS
GL0065139X;02/02/2026;B00000004E;DCW
GL0004888E;02/02/2026;B00000008J;DMS
GN1078576E;02/02/2026;B00000001B;DOS
GN1078644G;02/02/2026;B00000001B;DOS
GL1081928N;02/02/2026;B00000008J;DMS
GL0007383P;02/02/2026;B00000002C;DRW
GL0007895X;02/02/2026;B00000002C;DRW
GL1090950R;02/02/2026;B00000003D;DSW
GL0012016E;02/02/2026;B00000003D;DSW
GL1088364C;02/02/2026;B00000004E;DCW
GL1087546Y;02/02/2026;B00000004E;DCW
GL0020515M;02/02/2026;B00000006G;DLS
GL0006930A;02/02/2026;B00000008J;DMS
GL1104670G;02/02/2026;B00000008J;DMS
GL0015541K;02/02/2026;B00000004E;DCW
GL1031439P;02/02/2026;B00000007H;DEW
GL1121266R;02/02/2026;B00000008J;DMS
GL1108853K;02/02/2026;B00000007H;DEW
GL1068076Y;02/02/2026;B00000004E;DCW
GL0036808C;02/02/2026;B00000003D;DSW
GL0035210L;02/02/2026;B00000003D;DSW
GL0007204L;02/02/2026;B00000008J;DMS
GL0010019K;02/02/2026;B00000008J;DMS
GL0231626L;02/02/2026;B00000003D;DSW
GL1103186W;02/02/2026;B00000002C;DRW
GL0010017H;02/02/2026;B00000008J;DMS
GL0009996J;02/02/2026;B00000008J;DMS
GL1220955Z;02/02/2026;B00000008J;DMS
GL1220963H;02/02/2026;B00000008J;DMS
GL1220953X;02/02/2026;B00000008J;DMS
GL1220956A;02/02/2026;B00000008J;DMS
GL1220954Y;02/02/2026;B00000008J;DMS
GL1220957B;02/02/2026;B00000008J;DMS
GL1220958C;02/02/2026;B00000008J;DMS
GL1220949S;02/02/2026;B00000008J;DMS
GL1220950T;02/02/2026;B00000008J;DMS
GL1220951V;02/02/2026;B00000008J;DMS
GL1220959D;02/02/2026;B00000008J;DMS
GL1220960E;02/02/2026;B00000008J;DMS
GL1220962G;02/02/2026;B00000008J;DMS
GL1220944L;02/02/2026;B00000008J;DMS
GL1220943K;02/02/2026;B00000008J;DMS
GL1220942J;02/02/2026;B00000008J;DMS
GL1220945M;02/02/2026;B00000008J;DMS
GL1220940G;02/02/2026;B00000008J;DMS
GL1220941H;02/02/2026;B00000008J;DMS
GL1220939F;02/02/2026;B00000008J;DMS
GL1220938E;02/02/2026;B00000008J;DMS
GL1220948R;02/02/2026;B00000008J;DMS
GL1220947P;02/02/2026;B00000008J;DMS
GL1220937D;02/02/2026;B00000008J;DMS
GL1220946N;02/02/2026;B00000008J;DMS
GL1220961F;02/02/2026;B00000008J;DMS
GL1210950E;02/02/2026;B00000008J;DMS
GL0867555H;02/02/2026;B00000008J;DMS
GL1210315H;02/02/2026;B00000008J;DMS
GL1210323S;02/02/2026;B00000008J;DMS
GL1210341M;02/02/2026;B00000008J;DMS
GL1210347V;02/02/2026;B00000008J;DMS
GL1210355D;02/02/2026;B00000008J;DMS
GL1210419B;02/02/2026;B00000008J;DMS
GL0009997K;02/02/2026;B00000008J;DMS
GL0009995H;02/02/2026;B00000008J;DMS
GL1220952W;02/02/2026;B00000008J;DMS
GL0913569X;02/02/2026;B00000008J;DMS
GL1451020L;02/02/2026;B00000008J;DMS
GN1175492L;02/02/2026;B00000001B;DOS
GN1177736L;02/02/2026;B00000001B;DOS
GN1185363D;02/02/2026;B00000001B;DOS
GN1185475F;02/02/2026;B00000001B;DOS
GL0020043B;02/02/2026;B00000006G;DLS
GL0020508E;02/02/2026;B00000006G;DLS
GN1187842W;02/02/2026;B00000001B;DOS
GN1188003D;02/02/2026;B00000001B;DOS
GN1188051H;02/02/2026;B00000001B;DOS
GN1188906E;02/02/2026;B00000001B;DOS
GN1188916R;02/02/2026;B00000001B;DOS
GN1188919V;02/02/2026;B00000001B;DOS
GN1189142Y;02/02/2026;B00000001B;DOS
GN1189128G;02/02/2026;B00000001B;DOS
GN1189136R;02/02/2026;B00000001B;DOS
GN1189828C;02/02/2026;B00000001B;DOS
GN1189841S;02/02/2026;B00000001B;DOS
GL1191891X;02/02/2026;B00000008J;DMS
GL1175667K;02/02/2026;B00000007H;DEW
GL1192599B;02/02/2026;B00000008J;DMS
GL1192180A;02/02/2026;B00000008J;DMS
GL1192395V;02/02/2026;B00000008J;DMS
GL1192688C;02/02/2026;B00000008J;DMS
GL1192844E;02/02/2026;B00000008J;DMS
GL1193125Z;02/02/2026;B00000008J;DMS
GN1190380E;02/02/2026;B00000001B;DOS
GN1190980L;02/02/2026;B00000001B;DOS
GL1194740J;02/02/2026;B00000008J;DMS
GL0052534Y;02/02/2026;B00000007H;DEW
GL0052501K;02/02/2026;B00000007H;DEW
GL0216867P;02/02/2026;B00000007H;DEW
GL1186499V;02/02/2026;B00000008J;DMS
GL1219379H;02/02/2026;B00000007H;DEW
GL1191249S;02/02/2026;B00000007H;DEW
GL0216866N;02/02/2026;B00000007H;DEW
GL1198934A;02/02/2026;B00000008J;DMS
GL1198980C;02/02/2026;B00000008J;DMS
GL0007130C;02/02/2026;B00000008J;DMS
GN1198453D;02/02/2026;B00000001B;DOS
GN1198555V;02/02/2026;B00000001B;DOS
GN1198591K;02/02/2026;B00000001B;DOS
GN1199393X;02/02/2026;B00000001B;DOS
GL0008219P;02/02/2026;B00000008J;DMS
GL0011056N;02/02/2026;B00000008J;DMS
GL0011054L;02/02/2026;B00000008J;DMS
GL0010448Y;02/02/2026;B00000008J;DMS
GL0496276A;02/02/2026;B00000008J;DMS
GL0010442R;02/02/2026;B00000008J;DMS
GL0010453D;02/02/2026;B00000008J;DMS
GL0010455F;02/02/2026;B00000008J;DMS
GL1436736E;02/02/2026;B00000008J;DMS
GL0010415K;02/02/2026;B00000008J;DMS
GL0010417M;02/02/2026;B00000008J;DMS
GL0010418N;02/02/2026;B00000008J;DMS
GL0010420R;02/02/2026;B00000008J;DMS
GL0010421S;02/02/2026;B00000008J;DMS
GL0010423V;02/02/2026;B00000008J;DMS
GL0010424W;02/02/2026;B00000008J;DMS
GL0010425X;02/02/2026;B00000008J;DMS
GL0010416L;02/02/2026;B00000008J;DMS
GL0010426Y;02/02/2026;B00000008J;DMS
GL0010446W;02/02/2026;B00000008J;DMS
GL0010449Z;02/02/2026;B00000008J;DMS
GL0010450A;02/02/2026;B00000008J;DMS
GL0010452C;02/02/2026;B00000008J;DMS
GL0010462N;02/02/2026;B00000008J;DMS
GL0010473B;02/02/2026;B00000008J;DMS
GL0010464R;02/02/2026;B00000008J;DMS
GL0010414J;02/02/2026;B00000008J;DMS
GL0010463P;02/02/2026;B00000008J;DMS
GL0010466T;02/02/2026;B00000008J;DMS
GL0010458J;02/02/2026;B00000008J;DMS
GL0010437K;02/02/2026;B00000008J;DMS
GL0010456G;02/02/2026;B00000008J;DMS
GL0885474W;02/02/2026;B00000008J;DMS
GL0592705D;02/02/2026;B00000008J;DMS
GL0010362A;02/02/2026;B00000008J;DMS
GL0010409D;02/02/2026;B00000008J;DMS
GL0010363B;02/02/2026;B00000008J;DMS
GL0039058J;02/02/2026;B00000008J;DMS
GL0010361Z;02/02/2026;B00000008J;DMS
GL0010378T;02/02/2026;B00000008J;DMS
GL0010355S;02/02/2026;B00000008J;DMS
GL0010439M;02/02/2026;B00000008J;DMS
GL0010374N;02/02/2026;B00000008J;DMS
GL0010375P;02/02/2026;B00000008J;DMS
GL0571650C;02/02/2026;B00000008J;DMS
GL1096261B;02/02/2026;B00000008J;DMS
GL0870266N;02/02/2026;B00000008J;DMS
GL0010339Z;02/02/2026;B00000008J;DMS
GL0010359X;02/02/2026;B00000008J;DMS
GL0010358W;02/02/2026;B00000008J;DMS
GL0018052N;02/02/2026;B00000008J;DMS
GL0018075P;02/02/2026;B00000008J;DMS
GL0018055S;02/02/2026;B00000008J;DMS
GL0018056T;02/02/2026;B00000008J;DMS
GL0010445V;02/02/2026;B00000008J;DMS
GL0010441P;02/02/2026;B00000008J;DMS
GL0010457H;02/02/2026;B00000008J;DMS
GL0010436J;02/02/2026;B00000008J;DMS
GL0010419P;02/02/2026;B00000008J;DMS
GL0010422T;02/02/2026;B00000008J;DMS
GL0011053K;02/02/2026;B00000008J;DMS
GL0010346G;02/02/2026;B00000008J;DMS
GL0010365D;02/02/2026;B00000008J;DMS
GL0010350L;02/02/2026;B00000008J;DMS
GL0010408C;02/02/2026;B00000008J;DMS
GL0018057V;02/02/2026;B00000008J;DMS
GL0018058W;02/02/2026;B00000008J;DMS
GL0018059X;02/02/2026;B00000008J;DMS
GL0018060Y;02/02/2026;B00000008J;DMS
GL0018061Z;02/02/2026;B00000008J;DMS
GL0018062A;02/02/2026;B00000008J;DMS
GL0018063B;02/02/2026;B00000008J;DMS
GL0018064C;02/02/2026;B00000008J;DMS
GL0018065D;02/02/2026;B00000008J;DMS
GL0018066E;02/02/2026;B00000008J;DMS
GL0010451B;02/02/2026;B00000008J;DMS
GL0010433F;02/02/2026;B00000008J;DMS
GL0010389F;02/02/2026;B00000008J;DMS
GL0592749D;02/02/2026;B00000008J;DMS
GL0592736N;02/02/2026;B00000008J;DMS
GL0010732W;02/02/2026;B00000008J;DMS
GL0010405Z;02/02/2026;B00000008J;DMS
GL0231818E;02/02/2026;B00000008J;DMS
GL0010402W;02/02/2026;B00000008J;DMS
GL0885141S;02/02/2026;B00000008J;DMS
GL0992231K;02/02/2026;B00000008J;DMS
GL0010430C;02/02/2026;B00000008J;DMS
GL0010428A;02/02/2026;B00000008J;DMS
GL0010469X;02/02/2026;B00000008J;DMS
GL0010429B;02/02/2026;B00000008J;DMS
GL1091816A;02/02/2026;B00000008J;DMS
GL1139922R;02/02/2026;B00000008J;DMS
GL0303664Y;02/02/2026;B00000008J;DMS
GL0018050L;02/02/2026;B00000008J;DMS
GL0018051M;02/02/2026;B00000008J;DMS
GL0010379V;02/02/2026;B00000008J;DMS
GL0010380W;02/02/2026;B00000008J;DMS
GL0010376R;02/02/2026;B00000008J;DMS
GL0010356T;02/02/2026;B00000008J;DMS
GL0010370J;02/02/2026;B00000008J;DMS
GL0010357V;02/02/2026;B00000008J;DMS
GL0010383Z;02/02/2026;B00000008J;DMS
GL0010434G;02/02/2026;B00000008J;DMS
GL0010447X;02/02/2026;B00000008J;DMS
GL0010459K;02/02/2026;B00000008J;DMS
GL0010444T;02/02/2026;B00000008J;DMS
GL0010440N;02/02/2026;B00000008J;DMS
GL0010438L;02/02/2026;B00000008J;DMS
GL0018049K;02/02/2026;B00000008J;DMS
GL0010460L;02/02/2026;B00000008J;DMS
GL0010367F;02/02/2026;B00000008J;DMS
GL0010347H;02/02/2026;B00000008J;DMS
GL0010342C;02/02/2026;B00000008J;DMS
GL0010352N;02/02/2026;B00000008J;DMS
GL0010353P;02/02/2026;B00000008J;DMS
GL0010354R;02/02/2026;B00000008J;DMS
GL0010384A;02/02/2026;B00000008J;DMS
GL0020051K;02/02/2026;B00000008J;DMS
GL0020052L;02/02/2026;B00000008J;DMS
GL0010334T;02/02/2026;B00000008J;DMS
GL0010413H;02/02/2026;B00000008J;DMS
GL0018067F;02/02/2026;B00000008J;DMS
GL0018068G;02/02/2026;B00000008J;DMS
GL0018070J;02/02/2026;B00000008J;DMS
GL0018071K;02/02/2026;B00000008J;DMS
GL0018072L;02/02/2026;B00000008J;DMS
GL0018073M;02/02/2026;B00000008J;DMS
GL0018074N;02/02/2026;B00000008J;DMS
GL0010465S;02/02/2026;B00000008J;DMS
GL0010467V;02/02/2026;B00000008J;DMS
GL0010468W;02/02/2026;B00000008J;DMS
GL0010411F;02/02/2026;B00000008J;DMS
GL0010372L;02/02/2026;B00000008J;DMS
GL0010351M;02/02/2026;B00000008J;DMS
GL0062758R;02/02/2026;B00000008J;DMS
GL0004360E;02/02/2026;B00000008J;DMS
GL0022122N;02/02/2026;B00000008J;DMS
GL0029626R;02/02/2026;B00000007H;DEW
GL1204948J;02/02/2026;B00000006G;DLS
GN1216195P;02/02/2026;B00000001B;DOS
GL0009436Y;02/02/2026;B00000007H;DEW
GL0354649K;02/02/2026;B00000004E;DCW
GL1220669Z;02/02/2026;B00000005F;DNA
GL0006972Y;02/02/2026;B00000008J;DMS
GL0013661Z;02/02/2026;B00000005F;DNA
GL1218580A;02/02/2026;B00000006G;DLS
GL1209040J;02/02/2026;B00000008J;DMS
GL0009852W;02/02/2026;B00000008J;DMS
GL0036157M;02/02/2026;B00000003D;DSW
GL0015657S;02/02/2026;B00000008J;DMS
GL0011516L;02/02/2026;B00000003D;DSW
GL0012719D;02/02/2026;B00000003D;DSW
GN1226576L;02/02/2026;B00000001B;DOS
GL0218386R;02/02/2026;B00000007H;DEW
GL0036257B;02/02/2026;B00000003D;DSW
GL1195127Z;02/02/2026;B00000008J;DMS
GL0217414L;02/02/2026;B00000003D;DSW
GL1209032A;02/02/2026;B00000008J;DMS
GL0048251F;02/02/2026;B00000006G;DLS
GL0365178A;02/02/2026;B00000006G;DLS
GL1209577V;02/02/2026;B00000008J;DMS
GL1213012Y;02/02/2026;B00000008J;DMS
GN1238695H;02/02/2026;B00000001B;DOS
GL0023016E;02/02/2026;B00000002C;DRW
GL1216949X;02/02/2026;B00000002C;DRW
GL0009027H;02/02/2026;B00000007H;DEW
GL0043171H;02/02/2026;B00000003D;DSW
GL0217778A;02/02/2026;B00000006G;DLS
GL0006877P;02/02/2026;B00000008J;DMS
GL1253325H;02/02/2026;B00000008J;DMS
GL0009457X;02/02/2026;B00000007H;DEW
GL0696925K;02/02/2026;B00000003D;DSW
GL0696851B;02/02/2026;B00000003D;DSW
GL0012747K;02/02/2026;B00000003D;DSW
GL0006876N;02/02/2026;B00000008J;DMS
GL0011336G;02/02/2026;B00000003D;DSW
GL0025056Y;02/02/2026;B00000004E;DCW
GL0020330C;02/02/2026;B00000006G;DLS
GL1239780R;02/02/2026;B00000003D;DSW
GL1236527V;02/02/2026;B00000007H;DEW
GL1252091F;02/02/2026;B00000007H;DEW
GL0026833S;02/02/2026;B00000004E;DCW
GL0020003F;02/02/2026;B00000006G;DLS
GL0426673F;02/02/2026;B00000008J;DMS
GL0020788Y;02/02/2026;B00000006G;DLS
GL0012673B;02/02/2026;B00000003D;DSW
GL1218573S;02/02/2026;B00000006G;DLS
GL0019031B;02/02/2026;B00000008J;DMS
GL0402741K;02/02/2026;B00000008J;DMS
GL0402802E;02/02/2026;B00000008J;DMS
GL0402817X;02/02/2026;B00000008J;DMS
GL0402443X;02/02/2026;B00000008J;DMS
GL0402461S;02/02/2026;B00000008J;DMS
GL0402475H;02/02/2026;B00000008J;DMS
GL0018820L;02/02/2026;B00000008J;DMS
GL0020263B;02/02/2026;B00000007H;DEW
GL1151300W;02/02/2026;B00000008J;DMS
GL1151315M;02/02/2026;B00000008J;DMS
GL0006798A;02/02/2026;B00000008J;DMS
GL0006761H;02/02/2026;B00000008J;DMS
GL1029672G;02/02/2026;B00000003D;DSW
GL1294456Y;02/02/2026;B00000005F;DNA
GL1294923D;02/02/2026;B00000005F;DNA
GL1269212L;02/02/2026;B00000003D;DSW
GL1293051B;02/02/2026;B00000003D;DSW
GL0009052L;02/02/2026;B00000008J;DMS
GL0011616A;02/02/2026;B00000003D;DSW
GL0020028J;02/02/2026;B00000006G;DLS
GL1270870W;02/02/2026;B00000003D;DSW
GL1306848E;02/02/2026;B00000008J;DMS
GL1324321K;02/02/2026;B00000007H;DEW
GL1300317H;02/02/2026;B00000002C;DRW
GL1317973X;02/02/2026;B00000006G;DLS
GL1322511D;02/02/2026;B00000003D;DSW
GL1334167Z;02/02/2026;B00000008J;DMS
GL1335366L;02/02/2026;B00000008J;DMS
GL1317993V;02/02/2026;B00000006G;DLS
GL0007541V;02/02/2026;B00000002C;DRW
GL1317950W;02/02/2026;B00000006G;DLS
GL0009427M;02/02/2026;B00000007H;DEW
GL0217148J;02/02/2026;B00000007H;DEW
GN1341127H;02/02/2026;B00000001B;DOS
GN1341136T;02/02/2026;B00000001B;DOS
GL0059161D;02/02/2026;B00000004E;DCW
GL0059125M;02/02/2026;B00000004E;DCW
GL0059131V;02/02/2026;B00000004E;DCW
GL0059167K;02/02/2026;B00000004E;DCW
GL1349708J;02/02/2026;B00000006G;DLS
GL0006629H;02/02/2026;B00000008J;DMS
GL0009502Y;02/02/2026;B00000007H;DEW
GL1352790L;02/02/2026;B00000008J;DMS
GN1349978R;02/02/2026;B00000001B;DOS
GN1349977P;02/02/2026;B00000001B;DOS
GL0026786N;02/02/2026;B00000004E;DCW
GL0008879P;02/02/2026;B00000007H;DEW
GL0013581H;02/02/2026;B00000005F;DNA
GL1286879M;02/02/2026;B00000002C;DRW
GL1354525H;02/02/2026;B00000008J;DMS
GL1364022A;02/02/2026;B00000003D;DSW
GL1367074T;02/02/2026;B00000003D;DSW
GL1366330Y;02/02/2026;B00000003D;DSW
GL1367311M;02/02/2026;B00000003D;DSW
GL1367224N;02/02/2026;B00000003D;DSW
GL1366570W;02/02/2026;B00000003D;DSW
GL0549476E;02/02/2026;B00000008J;DMS
GL1352875H;02/02/2026;B00000008J;DMS
GL1240301H;02/02/2026;B00000005F;DNA
GL0316187D;02/02/2026;B00000005F;DNA
GL1374427Z;02/02/2026;B00000008J;DMS
GL1374526L;02/02/2026;B00000008J;DMS
GL0008298E;02/02/2026;B00000008J;DMS
GL1376202R;02/02/2026;B00000003D;DSW
GL0031473P;02/02/2026;B00000003D;DSW
GL1535112W;02/02/2026;B00000008J;DMS
GL1293903V;02/02/2026;B00000005F;DNA
GL1293941M;02/02/2026;B00000005F;DNA
GL1293957F;02/02/2026;B00000005F;DNA
GL1472215X;02/02/2026;B00000005F;DNA
GL0848002N;02/02/2026;B00000002C;DRW
GL0011228J;02/02/2026;B00000003D;DSW
GL0009368W;02/02/2026;B00000007H;DEW
GL1377233M;02/02/2026;B00000007H;DEW
GL0013306W;02/02/2026;B00000005F;DNA
GL0640371V;02/02/2026;B00000008J;DMS
GL1374472A;02/02/2026;B00000008J;DMS
GL1364774E;02/02/2026;B00000008J;DMS
GL0507805B;02/02/2026;B00000008J;DMS
GL0009340N;02/02/2026;B00000007H;DEW
GL0027242G;02/02/2026;B00000005F;DNA
GL0006819Z;02/02/2026;B00000008J;DMS
GL0017928Y;02/02/2026;B00000008J;DMS
GL0015747V;02/02/2026;B00000008J;DMS
GL0015684Y;02/02/2026;B00000008J;DMS
GL0015700R;02/02/2026;B00000008J;DMS
GL0015768T;02/02/2026;B00000008J;DMS
GL0015696L;02/02/2026;B00000008J;DMS
GL0015713F;02/02/2026;B00000008J;DMS
GL0837242L;02/02/2026;B00000003D;DSW
GL1385359X;02/02/2026;B00000004E;DCW
GL0011977K;02/02/2026;B00000003D;DSW
GL0020526A;02/02/2026;B00000006G;DLS
GL0377156L;02/02/2026;B00000003D;DSW
GL0056753S;02/02/2026;B00000003D;DSW
GL1389230W;02/02/2026;B00000008J;DMS
GL1392641X;02/02/2026;B00000008J;DMS
GL1377701V;02/02/2026;B00000007H;DEW
GL1391602R;02/02/2026;B00000008J;DMS
GL0008050Y;02/02/2026;B00000008J;DMS
GL0008051Z;02/02/2026;B00000008J;DMS
GL1394608G;02/02/2026;B00000008J;DMS
GL1394472C;02/02/2026;B00000008J;DMS
GL0393136W;02/02/2026;B00000008J;DMS
GL1390608L;02/02/2026;B00000008J;DMS
GL1392614R;02/02/2026;B00000008J;DMS
GL0057338G;02/02/2026;B00000003D;DSW
GL0025693X;02/02/2026;B00000005F;DNA
GL0810467K;02/02/2026;B00000004E;DCW
GL0009402J;02/02/2026;B00000007H;DEW
GL1394486T;02/02/2026;B00000008J;DMS
GL1002302E;02/02/2026;B00000007H;DEW
GL1002300C;02/02/2026;B00000007H;DEW
GL0567043S;02/02/2026;B00000007H;DEW
GL0036945H;02/02/2026;B00000003D;DSW
GL1408092E;02/02/2026;B00000003D;DSW
GL0509446R;02/02/2026;B00000006G;DLS
GL1535272C;02/02/2026;B00000008J;DMS
GL0490238N;02/02/2026;B00000003D;DSW
GL1276851S;02/02/2026;B00000007H;DEW
GL1535273D;02/02/2026;B00000008J;DMS
GL1409023M;02/02/2026;B00000008J;DMS
GL0009147V;02/02/2026;B00000007H;DEW
GL0011593Z;02/02/2026;B00000003D;DSW
GL0005666N;02/02/2026;B00000008J;DMS
GL0063330R;02/02/2026;B00000003D;DSW
GL0063328N;02/02/2026;B00000003D;DSW
GL0063331S;02/02/2026;B00000003D;DSW
GL0063329P;02/02/2026;B00000003D;DSW
GL0053694R;02/02/2026;B00000003D;DSW
GL0846645X;02/02/2026;B00000003D;DSW
GL1221796E;02/02/2026;B00000003D;DSW
GL0370917X;02/02/2026;B00000003D;DSW
GL0020037V;02/02/2026;B00000006G;DLS
GL0007495S;02/02/2026;B00000002C;DRW
GL1416738E;02/02/2026;B00000002C;DRW
GL1303444L;02/02/2026;B00000002C;DRW
GL1425910C;02/02/2026;B00000004E;DCW
GL0007948G;02/02/2026;B00000002C;DRW
GL0012693Z;02/02/2026;B00000003D;DSW
GL1535275F;02/02/2026;B00000008J;DMS
GL0722645M;02/02/2026;B00000006G;DLS
GL0006782G;02/02/2026;B00000008J;DMS
GL0057828N;02/02/2026;B00000003D;DSW
GL0009306A;02/02/2026;B00000007H;DEW
GL1443841D;02/02/2026;B00000003D;DSW
GL0386097X;02/02/2026;B00000005F;DNA
GL0544905K;02/02/2026;B00000007H;DEW
GL0013393V;02/02/2026;B00000005F;DNA
GL0006728W;02/02/2026;B00000008J;DMS
GL0013448G;02/02/2026;B00000005F;DNA
GL0637968N;02/02/2026;B00000004E;DCW
GL1434430J;02/02/2026;B00000007H;DEW
GL0007114J;02/02/2026;B00000008J;DMS
GL1470558N;02/02/2026;B00000004E;DCW
GL1468000G;02/02/2026;B00000008J;DMS
GL0064291H;02/02/2026;B00000003D;DSW
GL0007774J;02/02/2026;B00000002C;DRW
GL0006933D;02/02/2026;B00000008J;DMS
GL0026779F;02/02/2026;B00000004E;DCW
GL0221097X;02/02/2026;B00000002C;DRW
GL0362629D;02/02/2026;B00000005F;DNA
GN1534046J;02/02/2026;B00000001B;DOS
GN1534071M;02/02/2026;B00000001B;DOS
GN1535820A;02/02/2026;B00000001B;DOS
GN1535872J;02/02/2026;B00000001B;DOS
GL0011215V;02/02/2026;B00000003D;DSW
GL0007173B;02/02/2026;B00000008J;DMS
GL1081191B;02/02/2026;B00000004E;DCW
GL0064346W;02/02/2026;B00000007H;DEW
GL1496143M;02/02/2026;B00000007H;DEW
GN1210790Y;02/02/2026;B00000001B;DOS
GN1537616R;02/02/2026;B00000001B;DOS
GN1537720J;02/02/2026;B00000001B;DOS
GN1538082W;02/02/2026;B00000001B;DOS
GN1538245F;02/02/2026;B00000001B;DOS
GD0036004N;02/02/2026;B00000001B;DOS
GD0037294E;02/02/2026;B00000001B;DOS
GL0003352J;02/02/2026;B00000008J;DMS
GL0020273M;02/02/2026;B00000007H;DEW
GL0804902L;02/02/2026;B00000008J;DMS
GL0023579V;02/02/2026;B00000002C;DRW
GL0217567K;02/02/2026;B00000003D;DSW
GL0698122W;02/02/2026;B00000006G;DLS
GL1239306C;02/02/2026;B00000005F;DNA
GL0218420E;02/02/2026;B00000007H;DEW
GL1525782T;02/02/2026;B00000006G;DLS
GL0011602J;02/02/2026;B00000003D;DSW
GL0027194C;02/02/2026;B00000005F;DNA
GL0216791D;02/02/2026;B00000003D;DSW
GL0057872N;02/02/2026;B00000003D;DSW
GN1540996G;02/02/2026;B00000001B;DOS
GN1542696N;02/02/2026;B00000001B;DOS
GL0220066A;02/02/2026;B00000008J;DMS
GL0695867H;02/02/2026;B00000005F;DNA
GN1543327F;02/02/2026;B00000001B;DOS
GN1543737X;02/02/2026;B00000001B;DOS
GN1544842C;02/02/2026;B00000001B;DOS
GN1545521Z;02/02/2026;B00000001B;DOS
GL1047715K;02/02/2026;B00000007H;DEW
GL0008199S;02/02/2026;B00000008J;DMS
GL1374033B;02/02/2026;B00000003D;DSW
GL0788493P;02/02/2026;B00000008J;DMS
GD1545373F;02/02/2026;B00000001B;DOS
GL1545780T;02/02/2026;B00000008J;DMS
GL1546901S;02/02/2026;B00000003D;DSW
GN1547918Y;02/02/2026;B00000001B;DOS
GN1548557Z;02/02/2026;B00000001B;DOS
GN1548716E;02/02/2026;B00000001B;DOS
GN1548768N;02/02/2026;B00000001B;DOS
GN1549032N;02/02/2026;B00000001B;DOS
GL1537648C;02/02/2026;B00000008J;DMS
GL1215575K;02/02/2026;B00000005F;DNA
GL1483879B;02/02/2026;B00000005F;DNA
GL1546982J;02/02/2026;B00000004E;DCW
GL0291142T;02/02/2026;B00000007H;DEW
GL0020423H;02/02/2026;B00000006G;DLS
GL0906747V;02/02/2026;B00000008J;DMS
GL0002625H;02/02/2026;B00000008J;DMS
GL0009689K;02/02/2026;B00000004E;DCW
GL0004786N;02/02/2026;B00000008J;DMS
GL0010984G;02/02/2026;B00000008J;DMS
GL0002747X;02/02/2026;B00000008J;DMS
GL0005514R;02/02/2026;B00000008J;DMS
GL0027061B;02/02/2026;B00000004E;DCW
GL0007096N;02/02/2026;B00000008J;DMS
GL0039033F;02/02/2026;B00000002C;DRW
GL0009305Z;02/02/2026;B00000008J;DMS
GL0013443B;02/02/2026;B00000005F;DNA
GL0679843Z;02/02/2026;B00000007H;DEW
GL0011095H;02/02/2026;B00000008J;DMS
GL0019817V;02/02/2026;B00000006G;DLS
GL0032165B;02/02/2026;B00000008J;DMS
GL0028090W;02/02/2026;B00000004E;DCW
GN0222657V;02/02/2026;B00000001B;DOS
GL0231784R;02/02/2026;B00000007H;DEW
GL0031426L;02/02/2026;B00000003D;DSW
GL0527089P;02/02/2026;B00000008J;DMS
GL0537720W;02/02/2026;B00000007H;DEW
GL0524009P;02/02/2026;B00000008J;DMS
GL0541581H;02/02/2026;B00000008J;DMS
GL0003849Z;02/02/2026;B00000008J;DMS
GL0540703K;02/02/2026;B00000008J;DMS
GL0020303X;02/02/2026;B00000006G;DLS
GL0543618Y;02/02/2026;B00000006G;DLS
GL0532207F;02/02/2026;B00000003D;DSW
GL0056993P;02/02/2026;B00000003D;DSW
GL0666320G;02/02/2026;B00000006G;DLS
GL0666316C;02/02/2026;B00000006G;DLS
GL0687838J;02/02/2026;B00000002C;DRW
GL0689451S;02/02/2026;B00000007H;DEW
GL0667056T;02/02/2026;B00000002C;DRW
GL0006813S;02/02/2026;B00000008J;DMS
GL0506250J;02/02/2026;B00000006G;DLS
GL0710055F;02/02/2026;B00000002C;DRW
GL0712886Y;02/02/2026;B00000002C;DRW
GL0016461F;02/02/2026;B00000008J;DMS
GL0218416A;02/02/2026;B00000007H;DEW
GL0840926Y;02/02/2026;B00000007H;DEW
GL0865217B;02/02/2026;B00000007H;DEW
GL0853556A;02/02/2026;B00000007H;DEW
GL0064352C;02/02/2026;B00000007H;DEW
GN0879180T;02/02/2026;B00000001B;DOS
GL0857670A;02/02/2026;B00000005F;DNA
GL0853614R;02/02/2026;B00000005F;DNA
GL0870123B;02/02/2026;B00000005F;DNA
GL0870100A;02/02/2026;B00000005F;DNA
GN0915518L;02/02/2026;B00000001B;DOS
GL0025153H;02/02/2026;B00000004E;DCW
GL0889976L;02/02/2026;B00000008J;DMS
GL0045843V;02/02/2026;B00000003D;DSW
GL0028425B;02/02/2026;B00000003D;DSW
GN1030893V;02/02/2026;B00000001B;DOS
GL0232697D;02/02/2026;B00000005F;DNA
GL1040728W;02/02/2026;B00000008J;DMS
GL1045448J;02/02/2026;B00000003D;DSW
GL0212061D;02/02/2026;B00000007H;DEW
GN1041705F;02/02/2026;B00000001B;DOS
GL1042929X;02/02/2026;B00000008J;DMS
GL0999794E;02/02/2026;B00000007H;DEW
GL1053015H;02/02/2026;B00000008J;DMS
GL0999791B;02/02/2026;B00000007H;DEW
GL0028365H;02/02/2026;B00000003D;DSW
GL0006566L;02/02/2026;B00000008J;DMS
GL0999792C;02/02/2026;B00000007H;DEW
GL0013796C;02/02/2026;B00000008J;DMS
GL0006595V;02/02/2026;B00000008J;DMS
GL1040381B;02/02/2026;B00000008J;DMS
GL1074127Z;02/02/2026;B00000008J;DMS
GL1069278N;02/02/2026;B00000008J;DMS
GL0217546L;02/02/2026;B00000007H;DEW
GL0006582E;02/02/2026;B00000008J;DMS
GL1027814W;02/02/2026;B00000003D;DSW
GL0041128L;02/02/2026;B00000008J;DMS
GL0232825Z;02/02/2026;B00000007H;DEW
GL0827279P;02/02/2026;B00000006G;DLS
GL1162927H;02/02/2026;B00000007H;DEW
GL0015485X;02/02/2026;B00000004E;DCW
GL1209871D;02/02/2026;B00000002C;DRW
GL1213062E;02/02/2026;B00000008J;DMS
GL1205903V;02/02/2026;B00000008J;DMS
GL1208320R;02/02/2026;B00000007H;DEW
GL0232716A;02/02/2026;B00000005F;DNA
GL1216714E;02/02/2026;B00000002C;DRW
GL0800221S;02/02/2026;B00000006G;DLS
GL0026392R;02/02/2026;B00000003D;DSW
GL1246304E;02/02/2026;B00000006G;DLS
GL0464187K;02/02/2026;B00000007H;DEW
GL0026785M;02/02/2026;B00000004E;DCW
GL1535197S;02/02/2026;B00000008J;DMS
GL1535248A;02/02/2026;B00000008J;DMS
GL1535207D;02/02/2026;B00000008J;DMS
GL1535224Y;02/02/2026;B00000008J;DMS
GL0027813F;02/02/2026;B00000004E;DCW
GL0006562G;02/02/2026;B00000008J;DMS
GL0028334Y;02/02/2026;B00000003D;DSW
GL1445535D;02/02/2026;B00000003D;DSW
GL1396909X;02/02/2026;B00000005F;DNA
GL0945880N;02/02/2026;B00000007H;DEW
GL1161117B;02/02/2026;B00000008J;DMS
GL0009450N;02/02/2026;B00000007H;DEW
GN1549890N;02/02/2026;B00000001B;DOS
GN1551087Z;02/02/2026;B00000001B;DOS
GL0008192J;02/02/2026;B00000008J;DMS
GL0007329D;02/02/2026;B00000008J;DMS
GL0651052G;02/02/2026;B00000008J;DMS
GL0007861H;02/02/2026;B00000002C;DRW
GL0035194T;02/02/2026;B00000003D;DSW
GL1551280T;02/02/2026;B00000008J;DMS
GL0565452J;02/02/2026;B00000004E;DCW
GL0232178N;02/02/2026;B00000008J;DMS
GL0064782R;02/02/2026;B00000008J;DMS
GL1340752G;02/02/2026;B00000008J;DMS
GL0407523V;02/02/2026;B00000008J;DMS
GL0008343F;02/02/2026;B00000008J;DMS
GL0006447B;02/02/2026;B00000008J;DMS
GL0012979Z;02/02/2026;B00000008J;DMS
GL0870434E;02/02/2026;B00000005F;DNA
GL0428164A;02/02/2026;B00000008J;DMS
GN1554909S;02/02/2026;B00000001B;DOS
GN1554926L;02/02/2026;B00000001B;DOS
GN1556223K;02/02/2026;B00000001B;DOS
GN1556534N;02/02/2026;B00000001B;DOS
GN1556685K;02/02/2026;B00000001B;DOS
GN1556698A;02/02/2026;B00000001B;DOS
GN1556742A;02/02/2026;B00000001B;DOS
GN1556758T;02/02/2026;B00000001B;DOS
GN1557759F;02/02/2026;B00000001B;DOS
GN1558039Z;02/02/2026;B00000001B;DOS
GL0020672R;02/02/2026;B00000006G;DLS
GL1557904W;02/02/2026;B00000008J;DMS
GL0212715X;02/02/2026;B00000008J;DMS
GL0440830T;02/02/2026;B00000008J;DMS
GN0915551Z;02/02/2026;B00000001B;DOS
GN1127164T;02/02/2026;B00000001B;DOS
GL0066591X;02/02/2026;B00000006G;DLS
GL0005047K;02/02/2026;B00000008J;DMS
GL0879051X;02/02/2026;B00000003D;DSW
GN1179986T;02/02/2026;B00000001B;DOS
GN1561475D;02/02/2026;B00000001B;DOS
GL0025704J;02/02/2026;B00000005F;DNA
GL0013220Y;02/02/2026;B00000008J;DMS
GL1564146N;02/02/2026;B00000008J;DMS
GL1565391D;02/02/2026;B00000006G;DLS
GL0004630L;02/02/2026;B00000008J;DMS
GL1561159V;02/02/2026;B00000005F;DNA
GL1565237D;02/02/2026;B00000008J;DMS
GL1565454A;02/02/2026;B00000003D;DSW
GL0012352L;02/02/2026;B00000008J;DMS
GL0019559B;02/02/2026;B00000007H;DEW
GL0005542Y;02/02/2026;B00000008J;DMS
GL0003583X;02/02/2026;B00000008J;DMS
GL0048765P;02/02/2026;B00000006G;DLS
GL0017881V;02/02/2026;B00000008J;DMS
GL0007032R;02/02/2026;B00000008J;DMS
GL0026751Z;02/02/2026;B00000004E;DCW
GL0027169Z;02/02/2026;B00000004E;DCW
GL0011403H;02/02/2026;B00000003D;DSW
GL0993553M;02/02/2026;B00000003D;DSW
GL0063349M;02/02/2026;B00000006G;DLS
GL1005678R;02/02/2026;B00000003D;DSW
GL0009034R;02/02/2026;B00000008J;DMS
GL0013266A;02/02/2026;B00000008J;DMS
GL0035204E;02/02/2026;B00000003D;DSW
GL0008189F;02/02/2026;B00000008J;DMS
GL0014109H;02/02/2026;B00000008J;DMS
GL0020618E;02/02/2026;B00000006G;DLS
GL0048780G;02/02/2026;B00000006G;DLS
GL0031276R;02/02/2026;B00000007H;DEW
GL0025193D;02/02/2026;B00000004E;DCW
GL0064337K;02/02/2026;B00000007H;DEW
GL0027540W;02/02/2026;B00000004E;DCW
GL1219135F;02/02/2026;B00000004E;DCW
GL1219140L;02/02/2026;B00000004E;DCW
GL0009440C;02/02/2026;B00000007H;DEW
GL0217761F;02/02/2026;B00000003D;DSW
GL0059979H;02/02/2026;B00000003D;DSW
GL0218411V;02/02/2026;B00000007H;DEW
GL0231344R;02/02/2026;B00000004E;DCW
GL0292637S;02/02/2026;B00000003D;DSW
GL0026368N;02/02/2026;B00000004E;DCW
GL0216936T;02/02/2026;B00000003D;DSW
GL0220504Y;02/02/2026;B00000002C;DRW
GL0515949F;02/02/2026;B00000007H;DEW
GL0059178Y;02/02/2026;B00000004E;DCW
GL0059179Z;02/02/2026;B00000004E;DCW
GL0059182C;02/02/2026;B00000004E;DCW
GL0059181B;02/02/2026;B00000004E;DCW
GL0025078Y;02/02/2026;B00000004E;DCW
GL0392447M;02/02/2026;B00000008J;DMS
GL0026899S;02/02/2026;B00000004E;DCW
GL0041973X;02/02/2026;B00000002C;DRW
GL0377189Z;02/02/2026;B00000003D;DSW
GL0217944N;02/02/2026;B00000006G;DLS
GL0061177V;02/02/2026;B00000003D;DSW
GL0523527S;02/02/2026;B00000006G;DLS
GL0538327K;02/02/2026;B00000004E;DCW
GL0009575F;02/02/2026;B00000007H;DEW
GL0025151F;02/02/2026;B00000004E;DCW
GL0027082A;02/02/2026;B00000004E;DCW
GL0027130E;02/02/2026;B00000004E;DCW
GL0368736T;02/02/2026;B00000003D;DSW
GL0567264T;02/02/2026;B00000007H;DEW
GL0592155D;02/02/2026;B00000002C;DRW
GL0013258R;02/02/2026;B00000008J;DMS
GL0606896E;02/02/2026;B00000007H;DEW
GL0231874T;02/02/2026;B00000002C;DRW
GN0644531X;02/02/2026;B00000001B;DOS
GL0026248C;02/02/2026;B00000004E;DCW
GL0690113V;02/02/2026;B00000008J;DMS
GL0027411Z;02/02/2026;B00000004E;DCW
GL0018812C;02/02/2026;B00000007H;DEW
GL0747819V;02/02/2026;B00000004E;DCW
GL0557559P;02/02/2026;B00000005F;DNA
GL0006635P;02/02/2026;B00000008J;DMS
GL0009781P;02/02/2026;B00000007H;DEW
GL0863295S;02/02/2026;B00000004E;DCW
GL0860241X;02/02/2026;B00000006G;DLS
GL0862203B;02/02/2026;B00000008J;DMS
GL0862276J;02/02/2026;B00000008J;DMS
GL0862303P;02/02/2026;B00000008J;DMS
GL0862373V;02/02/2026;B00000008J;DMS
GL0862414R;02/02/2026;B00000008J;DMS
GL0862254J;02/02/2026;B00000008J;DMS
GL0862270C;02/02/2026;B00000008J;DMS
GL0862289Z;02/02/2026;B00000008J;DMS
GL0862225B;02/02/2026;B00000008J;DMS
GL0862233K;02/02/2026;B00000008J;DMS
GL0862228E;02/02/2026;B00000008J;DMS
GL0862227D;02/02/2026;B00000008J;DMS
GL0862266Y;02/02/2026;B00000008J;DMS
GL0026994A;02/02/2026;B00000004E;DCW
GL0861624T;02/02/2026;B00000007H;DEW
GL0868227X;02/02/2026;B00000006G;DLS
GL1001610T;02/02/2026;B00000003D;DSW
GL0876734N;02/02/2026;B00000004E;DCW
GL0009227K;02/02/2026;B00000008J;DMS
GL0066435V;02/02/2026;B00000004E;DCW
GL0066434T;02/02/2026;B00000004E;DCW
GL0535392A;02/02/2026;B00000004E;DCW
GL0864835S;02/02/2026;B00000004E;DCW
GL0007483D;02/02/2026;B00000002C;DRW
GL0863498Y;02/02/2026;B00000004E;DCW
GL0910852J;02/02/2026;B00000003D;DSW
GL0012124C;02/02/2026;B00000003D;DSW
GL0011129X;02/02/2026;B00000003D;DSW
GL0021070T;02/02/2026;B00000006G;DLS
GL0012050T;02/02/2026;B00000003D;DSW
GL0933427M;02/02/2026;B00000007H;DEW
GL0028741K;02/02/2026;B00000003D;DSW
GL0046457S;02/02/2026;B00000003D;DSW
GL0041907X;02/02/2026;B00000002C;DRW
GN0995744C;02/02/2026;B00000001B;DOS
GL0036325D;02/02/2026;B00000003D;DSW
GN1033326J;02/02/2026;B00000001B;DOS
GL0010116W;02/02/2026;B00000004E;DCW
GL0010114T;02/02/2026;B00000004E;DCW
GL0010113S;02/02/2026;B00000004E;DCW
GL0010112R;02/02/2026;B00000004E;DCW
GL1036986T;02/02/2026;B00000004E;DCW
GL1049784L;02/02/2026;B00000004E;DCW
GL0020417B;02/02/2026;B00000006G;DLS
GL1047067Z;02/02/2026;B00000003D;DSW
GL0006883X;02/02/2026;B00000008J;DMS
GL1052971H;02/02/2026;B00000006G;DLS
GL1049333Z;02/02/2026;B00000004E;DCW
GL0039291Z;02/02/2026;B00000004E;DCW
GL0039280L;02/02/2026;B00000004E;DCW
GL0039284R;02/02/2026;B00000004E;DCW
GL0039297F;02/02/2026;B00000004E;DCW
GL0039290Y;02/02/2026;B00000004E;DCW
GL0039288W;02/02/2026;B00000004E;DCW
GL1047719P;02/02/2026;B00000003D;DSW
GL0680992E;02/02/2026;B00000003D;DSW
GL0036902J;02/02/2026;B00000003D;DSW
GL0036903K;02/02/2026;B00000003D;DSW
GL0009204J;02/02/2026;B00000007H;DEW
GL1068924L;02/02/2026;B00000003D;DSW
GL1050616G;02/02/2026;B00000006G;DLS
GL1059357P;02/02/2026;B00000007H;DEW
GL1028081Z;02/02/2026;B00000003D;DSW
GL0046415V;02/02/2026;B00000003D;DSW
GL0028735D;02/02/2026;B00000003D;DSW
GL0059024Y;02/02/2026;B00000004E;DCW
GL0059028C;02/02/2026;B00000004E;DCW
GL0026896N;02/02/2026;B00000004E;DCW
GL0059033H;02/02/2026;B00000004E;DCW
GL1073158Y;02/02/2026;B00000005F;DNA
GL1042174N;02/02/2026;B00000004E;DCW
GL1075155S;02/02/2026;B00000004E;DCW
GL0561277P;02/02/2026;B00000007H;DEW
GL0009771D;02/02/2026;B00000007H;DEW
GL0212714W;02/02/2026;B00000008J;DMS
GL0731017B;02/02/2026;B00000002C;DRW
GL0730998E;02/02/2026;B00000002C;DRW
GL0023050T;02/02/2026;B00000002C;DRW
GL0023047P;02/02/2026;B00000002C;DRW
GL0023049S;02/02/2026;B00000002C;DRW
GL0023048R;02/02/2026;B00000002C;DRW
GL0042028J;02/02/2026;B00000002C;DRW
GL0212711S;02/02/2026;B00000008J;DMS
GL1106853M;02/02/2026;B00000006G;DLS
GL0006568N;02/02/2026;B00000008J;DMS
GL1050128C;02/02/2026;B00000003D;DSW
GN1112638L;02/02/2026;B00000001B;DOS
GL0007817H;02/02/2026;B00000002C;DRW
GL0011581K;02/02/2026;B00000003D;DSW
GN1198697F;02/02/2026;B00000001B;DOS
GN1210720T;02/02/2026;B00000001B;DOS
GN1211372J;02/02/2026;B00000001B;DOS
GN1211383X;02/02/2026;B00000001B;DOS
GL0018013V;02/02/2026;B00000005F;DNA
GL1225801F;02/02/2026;B00000005F;DNA
GL0056486N;02/02/2026;B00000003D;DSW
GL0028259M;02/02/2026;B00000005F;DNA
GL0725889Z;02/02/2026;B00000008J;DMS
GL0028575X;02/02/2026;B00000004E;DCW
GL1229025V;02/02/2026;B00000007H;DEW
GL0324277X;02/02/2026;B00000008J;DMS
GL0324282C;02/02/2026;B00000008J;DMS
GL1272325Z;02/02/2026;B00000003D;DSW
GL0401350E;02/02/2026;B00000002C;DRW
GL1027603F;02/02/2026;B00000002C;DRW
GL0041978C;02/02/2026;B00000002C;DRW
GL0386467S;02/02/2026;B00000002C;DRW
GL0231478T;02/02/2026;B00000002C;DRW
GL0388000J;02/02/2026;B00000002C;DRW
GL0038958W;02/02/2026;B00000005F;DNA
GL0368607X;02/02/2026;B00000004E;DCW
GL0027352G;02/02/2026;B00000004E;DCW
GL0030317B;02/02/2026;B00000004E;DCW
GL0009212T;02/02/2026;B00000007H;DEW
GL0025213B;02/02/2026;B00000004E;DCW
GL0027357M;02/02/2026;B00000004E;DCW
GL1417147V;02/02/2026;B00000008J;DMS
GL0020676W;02/02/2026;B00000006G;DLS
GL0026996C;02/02/2026;B00000004E;DCW
GL1403410J;02/02/2026;B00000004E;DCW
GL0028291Z;02/02/2026;B00000005F;DNA
GL0020713M;02/02/2026;B00000006G;DLS
GL1442731S;02/02/2026;B00000008J;DMS
GL1402572G;02/02/2026;B00000002C;DRW
GL1423983M;02/02/2026;B00000006G;DLS
GL0045948N;02/02/2026;B00000002C;DRW
GL0434014Y;02/02/2026;B00000004E;DCW
GN1564959M;02/02/2026;B00000001B;DOS
GL0866839V;02/02/2026;B00000008J;DMS
GL0007370A;02/02/2026;B00000002C;DRW
GL1520982N;02/02/2026;B00000008J;DMS
GL1157213P;02/02/2026;B00000007H;DEW
GN0542742C;02/02/2026;B00000001B;DOS
GL0783751B;02/02/2026;B00000007H;DEW
GN1467306T;02/02/2026;B00000001B;DOS
GN1545515S;02/02/2026;B00000001B;DOS
GL1567703F;02/02/2026;B00000008J;DMS
GL1489783K;02/02/2026;B00000004E;DCW
GL0006792T;02/02/2026;B00000008J;DMS
GL0006675K;02/02/2026;B00000008J;DMS
GL0394102T;02/02/2026;B00000005F;DNA
GL1552509P;02/02/2026;B00000008J;DMS
GL0007413Z;02/02/2026;B00000002C;DRW
GL1530301D;02/02/2026;B00000007H;DEW
GN1377025B;02/02/2026;B00000001B;DOS
GN0885566A;02/02/2026;B00000001B;DOS
GN1407827D;02/02/2026;B00000001B;DOS
GL0014532N;02/02/2026;B00000008J;DMS
GL0036179M;02/02/2026;B00000003D;DSW
GD1561838R;02/02/2026;B00000001B;DOS
GL0672113P;02/02/2026;B00000002C;DRW
GL1142257V;02/02/2026;B00000002C;DRW
GL0023275Z;02/02/2026;B00000002C;DRW
GL1126926Y;02/02/2026;B00000002C;DRW
GN1569330E;02/02/2026;B00000001B;DOS
GN1571902C;02/02/2026;B00000001B;DOS
GN1572935B;02/02/2026;B00000001B;DOS
GN1572995V;02/02/2026;B00000001B;DOS
GN1573043Z;02/02/2026;B00000001B;DOS
GL0013640A;02/02/2026;B00000005F;DNA
GL0721064R;02/02/2026;B00000008J;DMS
GL0217380Y;02/02/2026;B00000008J;DMS
GL0002557F;02/02/2026;B00000008J;DMS
GL1484318A;02/02/2026;B00000003D;DSW
GL1552506L;02/02/2026;B00000008J;DMS
GN0071965D;02/02/2026;B00000001B;DOS
GN0350243D;02/02/2026;B00000001B;DOS
GN0564320Y;02/02/2026;B00000001B;DOS
GN0564339V;02/02/2026;B00000001B;DOS
GN0731688N;02/02/2026;B00000001B;DOS
GN0769161X;02/02/2026;B00000001B;DOS
GN1007055F;02/02/2026;B00000001B;DOS
GN1039171B;02/02/2026;B00000001B;DOS
GN1178857K;02/02/2026;B00000001B;DOS
GN1182134J;02/02/2026;B00000001B;DOS
GN1217025H;02/02/2026;B00000001B;DOS
GN1242648A;02/02/2026;B00000001B;DOS
GN1245833V;02/02/2026;B00000001B;DOS
GN1270987D;02/02/2026;B00000001B;DOS
GN1296337K;02/02/2026;B00000001B;DOS
GN1309645H;02/02/2026;B00000001B;DOS
GN1317409F;02/02/2026;B00000001B;DOS
GN1318102T;02/02/2026;B00000001B;DOS
GN1364417Z;02/02/2026;B00000001B;DOS
GN1389707M;02/02/2026;B00000001B;DOS
GN1389709P;02/02/2026;B00000001B;DOS
GN1400157M;02/02/2026;B00000001B;DOS
GN1436393P;02/02/2026;B00000001B;DOS
GN1436394R;02/02/2026;B00000001B;DOS
GN1470145V;02/02/2026;B00000001B;DOS
GN1535887B;02/02/2026;B00000001B;DOS
GN1535889D;02/02/2026;B00000001B;DOS
GN1573114E;02/02/2026;B00000001B;DOS
GN1573227H;02/02/2026;B00000001B;DOS
GN1573341M;02/02/2026;B00000001B;DOS
GL0001876G;02/02/2026;B00000008J;DMS
GL0809662W;02/02/2026;B00000005F;DNA
GL0809664Y;02/02/2026;B00000005F;DNA
GN0704322R;02/02/2026;B00000001B;DOS
GN1360984Y;02/02/2026;B00000001B;DOS
GN1417577H;02/02/2026;B00000001B;DOS
GL0013708C;02/02/2026;B00000007H;DEW
GL0394338L;02/02/2026;B00000004E;DCW
GN1485765V;02/02/2026;B00000001B;DOS
GL0298429Z;02/02/2026;B00000008J;DMS
GL0045578T;02/02/2026;B00000003D;DSW
GL0004977F;02/02/2026;B00000008J;DMS
GN1016820C;02/02/2026;B00000001B;DOS
GL0006715F;02/02/2026;B00000008J;DMS
GL1146793Z;02/02/2026;B00000008J;DMS
GN1497638L;02/02/2026;B00000001B;DOS
GL0012714Y;02/02/2026;B00000003D;DSW
GL0045979Z;02/02/2026;B00000003D;DSW
GL0036246N;02/02/2026;B00000003D;DSW
GL0023500E;02/02/2026;B00000002C;DRW
GL0027184R;02/02/2026;B00000004E;DCW
GL1057240J;02/02/2026;B00000004E;DCW
GL0001937B;02/02/2026;B00000008J;DMS
GL0004102L;02/02/2026;B00000008J;DMS
GL0004816Y;02/02/2026;B00000008J;DMS
GL0744579M;02/02/2026;B00000007H;DEW
GL1002288N;02/02/2026;B00000007H;DEW
GL0008563F;02/02/2026;B00000007H;DEW
GL0016488L;02/02/2026;B00000008J;DMS
GL0009378G;02/02/2026;B00000007H;DEW
GL0002597B;02/02/2026;B00000008J;DMS
GL0020561P;02/02/2026;B00000006G;DLS
GL0044195X;02/02/2026;B00000002C;DRW
GL0020490J;02/02/2026;B00000006G;DLS
GL0026824G;02/02/2026;B00000004E;DCW
GL0025223M;02/02/2026;B00000004E;DCW
GL0026825H;02/02/2026;B00000004E;DCW
GL0005039B;02/02/2026;B00000008J;DMS
GL0004406G;02/02/2026;B00000008J;DMS
GL1057100A;02/02/2026;B00000004E;DCW
GL0018501Z;02/02/2026;B00000007H;DEW
GL0062007M;02/02/2026;B00000008J;DMS
GL0010951V;02/02/2026;B00000004E;DCW
GL0020389V;02/02/2026;B00000006G;DLS
GL0006736E;02/02/2026;B00000008J;DMS
GL0004569S;02/02/2026;B00000008J;DMS
GL0004707Z;02/02/2026;B00000008J;DMS
GL0026757F;02/02/2026;B00000004E;DCW
GL0010202T;02/02/2026;B00000008J;DMS
GL0006985M;02/02/2026;B00000008J;DMS
GL0006691D;02/02/2026;B00000008J;DMS
GL0004615V;02/02/2026;B00000008J;DMS
GL0004974C;02/02/2026;B00000008J;DMS
GL0025020G;02/02/2026;B00000004E;DCW
GL0023751P;02/02/2026;B00000002C;DRW
GL0031280W;02/02/2026;B00000007H;DEW
GL0008880R;02/02/2026;B00000007H;DEW
GL0007059X;02/02/2026;B00000008J;DMS
GL0008949V;02/02/2026;B00000007H;DEW
GL0002305V;02/02/2026;B00000008J;DMS
GL0009499V;02/02/2026;B00000007H;DEW
GL0009521V;02/02/2026;B00000007H;DEW
GL0007270L;02/02/2026;B00000008J;DMS
GL0003359S;02/02/2026;B00000008J;DMS
GL0009270J;02/02/2026;B00000007H;DEW
GL0031996J;02/02/2026;B00000005F;DNA
GL0006585H;02/02/2026;B00000008J;DMS
GL0005553K;02/02/2026;B00000008J;DMS
GL0019802C;02/02/2026;B00000006G;DLS
GL0006698L;02/02/2026;B00000008J;DMS
GL0004445B;02/02/2026;B00000008J;DMS
GL0825268E;02/02/2026;B00000008J;DMS
GL0019812N;02/02/2026;B00000006G;DLS
GL0004514E;02/02/2026;B00000008J;DMS
GL0002563M;02/02/2026;B00000008J;DMS
GL0025904L;02/02/2026;B00000004E;DCW
GL0005327D;02/02/2026;B00000008J;DMS
GL0005326C;02/02/2026;B00000008J;DMS
GL1415703D;02/02/2026;B00000005F;DNA
GL0025366A;02/02/2026;B00000004E;DCW
GL0036777S;02/02/2026;B00000003D;DSW
GL0002461X;02/02/2026;B00000008J;DMS
GL0025187X;02/02/2026;B00000004E;DCW
GL0048323M;02/02/2026;B00000006G;DLS
GL0032316Y;02/02/2026;B00000008J;DMS
GL0022064Y;02/02/2026;B00000008J;DMS
GL0009449M;02/02/2026;B00000007H;DEW
GL0066576E;02/02/2026;B00000008J;DMS
GL0009101S;02/02/2026;B00000007H;DEW
GL0006192L;02/02/2026;B00000008J;DMS
GL0027810C;02/02/2026;B00000004E;DCW
GL0027812E;02/02/2026;B00000004E;DCW
GL0009532G;02/02/2026;B00000007H;DEW
GL0066589V;02/02/2026;B00000006G;DLS
GL0059875P;02/02/2026;B00000004E;DCW
GL0026759H;02/02/2026;B00000004E;DCW
GL0003830C;02/02/2026;B00000008J;DMS
GL0217634L;02/02/2026;B00000004E;DCW
GL0008249Z;02/02/2026;B00000008J;DMS
GL0005548E;02/02/2026;B00000008J;DMS
GN0968269F;02/02/2026;B00000001B;DOS
GL0221038E;02/02/2026;B00000004E;DCW
GL0231774E;02/02/2026;B00000002C;DRW
GL0231712J;02/02/2026;B00000004E;DCW
GL0022935M;02/02/2026;B00000002C;DRW
GL0022916R;02/02/2026;B00000002C;DRW
GL0004890G;02/02/2026;B00000008J;DMS
GL0344733S;02/02/2026;B00000007H;DEW
GL0368729K;02/02/2026;B00000008J;DMS
GL0009354E;02/02/2026;B00000007H;DEW
GL0384577V;02/02/2026;B00000008J;DMS
GL0396774E;02/02/2026;B00000008J;DMS
GL0395979B;02/02/2026;B00000007H;DEW
GL0228908Y;02/02/2026;B00000007H;DEW
GL0398770Y;02/02/2026;B00000004E;DCW
GL0008073Z;02/02/2026;B00000008J;DMS
GL0397812J;02/02/2026;B00000004E;DCW
GN0435448C;02/02/2026;B00000001B;DOS
GL0023012A;02/02/2026;B00000002C;DRW
GL0008254E;02/02/2026;B00000008J;DMS
GL0008256G;02/02/2026;B00000008J;DMS
GL0009298R;02/02/2026;B00000007H;DEW
GL0023581X;02/02/2026;B00000002C;DRW
GL0232288N;02/02/2026;B00000008J;DMS
GL0007980T;02/02/2026;B00000008J;DMS
GL0043401V;02/02/2026;B00000002C;DRW
GL0549925P;02/02/2026;B00000004E;DCW
GL0543553Z;02/02/2026;B00000008J;DMS
GL0007345X;02/02/2026;B00000002C;DRW
GL0218122R;02/02/2026;B00000003D;DSW
GL0587351V;02/02/2026;B00000003D;DSW
GL0591772T;02/02/2026;B00000003D;DSW
GL0591778A;02/02/2026;B00000003D;DSW
GL0591783F;02/02/2026;B00000003D;DSW
GL0591786J;02/02/2026;B00000003D;DSW
GL0591807H;02/02/2026;B00000003D;DSW
GL0048226C;02/02/2026;B00000006G;DLS
GL0587262T;02/02/2026;B00000003D;DSW
GL0059564L;02/02/2026;B00000006G;DLS
GL0020613Z;02/02/2026;B00000006G;DLS
GL0059568R;02/02/2026;B00000006G;DLS
GL0006381B;02/02/2026;B00000008J;DMS
GL0569158W;02/02/2026;B00000004E;DCW
GL0008273B;02/02/2026;B00000008J;DMS
GL0001882N;02/02/2026;B00000008J;DMS
GL0013196W;02/02/2026;B00000008J;DMS
GL0020248J;02/02/2026;B00000007H;DEW
GL0587282R;02/02/2026;B00000003D;DSW
GL0064127X;02/02/2026;B00000004E;DCW
GL0004861Z;02/02/2026;B00000008J;DMS
GL0004868G;02/02/2026;B00000008J;DMS
GL0015650J;02/02/2026;B00000008J;DMS
GL0603493M;02/02/2026;B00000004E;DCW
GL0008275D;02/02/2026;B00000008J;DMS
GL0698839K;02/02/2026;B00000007H;DEW
GL0698873Z;02/02/2026;B00000007H;DEW
GL0693955K;02/02/2026;B00000007H;DEW
GL0693690J;02/02/2026;B00000007H;DEW
GL0698829Z;02/02/2026;B00000007H;DEW
GL1394315Z;02/02/2026;B00000008J;DMS
GL0693020Y;02/02/2026;B00000007H;DEW
GL0008269X;02/02/2026;B00000008J;DMS
GL0704803M;02/02/2026;B00000004E;DCW
GL0713310E;02/02/2026;B00000008J;DMS
GL0704835Z;02/02/2026;B00000004E;DCW
GL0006758E;02/02/2026;B00000008J;DMS
GL0708815X;02/02/2026;B00000008J;DMS
GL0019079F;02/02/2026;B00000008J;DMS
GL0698843P;02/02/2026;B00000007H;DEW
GL0698832C;02/02/2026;B00000007H;DEW
GL0698849X;02/02/2026;B00000007H;DEW
GL0698856E;02/02/2026;B00000007H;DEW
GL0725161X;02/02/2026;B00000008J;DMS
GL0009509F;02/02/2026;B00000007H;DEW
GL0731647S;02/02/2026;B00000007H;DEW
GL0708131V;02/02/2026;B00000008J;DMS
GL0720734R;02/02/2026;B00000004E;DCW
GL0006697K;02/02/2026;B00000008J;DMS
GL0020642G;02/02/2026;B00000006G;DLS
GL0759123P;02/02/2026;B00000003D;DSW
GL0006702R;02/02/2026;B00000008J;DMS
GL0638009K;02/02/2026;B00000008J;DMS
GL1154822Y;02/02/2026;B00000002C;DRW
GL0008332T;02/02/2026;B00000008J;DMS
GL0838930E;02/02/2026;B00000007H;DEW
GL0212164W;02/02/2026;B00000005F;DNA
GL0004819B;02/02/2026;B00000008J;DMS
GL0004865D;02/02/2026;B00000008J;DMS
GL0877637P;02/02/2026;B00000004E;DCW
GN0873575Z;02/02/2026;B00000001B;DOS
GN0873707Z;02/02/2026;B00000001B;DOS
GN0874352G;02/02/2026;B00000001B;DOS
GL0878055P;02/02/2026;B00000004E;DCW
GL0878097M;02/02/2026;B00000004E;DCW
GL0872735V;02/02/2026;B00000007H;DEW
GL0009396C;02/02/2026;B00000007H;DEW
GL0006055F;02/02/2026;B00000008J;DMS
GL0888875K;02/02/2026;B00000008J;DMS
GL0890494A;02/02/2026;B00000008J;DMS
GL0064777K;02/02/2026;B00000008J;DMS
GL0898270L;02/02/2026;B00000008J;DMS
GL0898322W;02/02/2026;B00000008J;DMS
GL0020516N;02/02/2026;B00000006G;DLS
GL0903805B;02/02/2026;B00000008J;DMS
GL0009404L;02/02/2026;B00000007H;DEW
GN0910893F;02/02/2026;B00000001B;DOS
GL0025059B;02/02/2026;B00000004E;DCW
GL0882539K;02/02/2026;B00000007H;DEW
GL0902065Z;02/02/2026;B00000006G;DLS
GL0905780W;02/02/2026;B00000004E;DCW
GL1521011X;02/02/2026;B00000008J;DMS
GL1521009V;02/02/2026;B00000008J;DMS
GL1520999H;02/02/2026;B00000008J;DMS
GL0036333M;02/02/2026;B00000003D;DSW
GL0212077X;02/02/2026;B00000007H;DEW
GL0029093K;02/02/2026;B00000007H;DEW
GL0323543M;02/02/2026;B00000007H;DEW
GL0007388W;02/02/2026;B00000002C;DRW
GL0587887D;02/02/2026;B00000008J;DMS
GL0019770R;02/02/2026;B00000006G;DLS
GL0008230C;02/02/2026;B00000008J;DMS
GL0005457B;02/02/2026;B00000008J;DMS
GL0220322R;02/02/2026;B00000004E;DCW
GL0019820Y;02/02/2026;B00000006G;DLS
GL0019918J;02/02/2026;B00000006G;DLS
GL0065042L;02/02/2026;B00000006G;DLS
GL0705317X;02/02/2026;B00000008J;DMS
GL0002281S;02/02/2026;B00000008J;DMS
GN1033989M;02/02/2026;B00000001B;DOS
GN1034011M;02/02/2026;B00000001B;DOS
GN1039193B;02/02/2026;B00000001B;DOS
GN1041360N;02/02/2026;B00000001B;DOS
GN1041411X;02/02/2026;B00000001B;DOS
GL0013568T;02/02/2026;B00000005F;DNA
GL1054934N;02/02/2026;B00000008J;DMS
GL1055231B;02/02/2026;B00000008J;DMS
GL0036164W;02/02/2026;B00000003D;DSW
GL1059929P;02/02/2026;B00000007H;DEW
GL0004641Z;02/02/2026;B00000008J;DMS
GL1066758A;02/02/2026;B00000008J;DMS
GL1068498C;02/02/2026;B00000008J;DMS
GL0036792J;02/02/2026;B00000003D;DSW
GL0036457D;02/02/2026;B00000003D;DSW
GL1056783P;02/02/2026;B00000007H;DEW
GL1074799M;02/02/2026;B00000004E;DCW
GL1036181D;02/02/2026;B00000007H;DEW
GL0020269H;02/02/2026;B00000007H;DEW
GL0031616C;02/02/2026;B00000002C;DRW
GL1054998L;02/02/2026;B00000007H;DEW
GL0020320R;02/02/2026;B00000006G;DLS
GL1081176J;02/02/2026;B00000007H;DEW
GL1066262L;02/02/2026;B00000007H;DEW
GL1053860T;02/02/2026;B00000007H;DEW
GL1058450J;02/02/2026;B00000007H;DEW
GL1049777D;02/02/2026;B00000006G;DLS
GL0022154A;02/02/2026;B00000008J;DMS
GL0026228E;02/02/2026;B00000004E;DCW
GL1091003B;02/02/2026;B00000004E;DCW
GL1091863D;02/02/2026;B00000004E;DCW
GL1091859Z;02/02/2026;B00000004E;DCW
GL0026890G;02/02/2026;B00000004E;DCW
GL0026892J;02/02/2026;B00000004E;DCW
GL1053627D;02/02/2026;B00000007H;DEW
GL0007437B;02/02/2026;B00000002C;DRW
GL0006537D;02/02/2026;B00000008J;DMS
GL0999898Y;02/02/2026;B00000005F;DNA
GL1162737S;02/02/2026;B00000007H;DEW
GL0025053V;02/02/2026;B00000004E;DCW
GL1181928A;02/02/2026;B00000008J;DMS
GL0008878N;02/02/2026;B00000007H;DEW
GN1254860C;02/02/2026;B00000007H;DEW
GN1211381V;02/02/2026;B00000001B;DOS
GN1221301S;02/02/2026;B00000001B;DOS
GN1226586Y;02/02/2026;B00000001B;DOS
GN1226661H;02/02/2026;B00000001B;DOS
GN1226672W;02/02/2026;B00000001B;DOS
GL0004864C;02/02/2026;B00000008J;DMS
GN1230657Z;02/02/2026;B00000001B;DOS
GN1230669M;02/02/2026;B00000001B;DOS
GL1456220W;02/02/2026;B00000004E;DCW
GL1456228E;02/02/2026;B00000004E;DCW
GL1204519X;02/02/2026;B00000004E;DCW
GL0578760G;02/02/2026;B00000008J;DMS
GL1232386N;02/02/2026;B00000005F;DNA
GL1236889F;02/02/2026;B00000007H;DEW
GL1128148L;02/02/2026;B00000002C;DRW
GL1209621V;02/02/2026;B00000008J;DMS
GL0020010N;02/02/2026;B00000006G;DLS
GL1239598J;02/02/2026;B00000005F;DNA
GN1239351D;02/02/2026;B00000001B;DOS
GL0056609D;02/02/2026;B00000003D;DSW
GL0510406G;02/02/2026;B00000008J;DMS
GL1246267M;02/02/2026;B00000008J;DMS
GL1229033D;02/02/2026;B00000007H;DEW
GL0218390W;02/02/2026;B00000007H;DEW
GL0008261M;02/02/2026;B00000008J;DMS
GL0022100N;02/02/2026;B00000008J;DMS
GL0218403K;02/02/2026;B00000007H;DEW
GL1230759P;02/02/2026;B00000007H;DEW
GL0218187P;02/02/2026;B00000003D;DSW
GL0018566Y;02/02/2026;B00000007H;DEW
GL0025169B;02/02/2026;B00000004E;DCW
GL1234485Z;02/02/2026;B00000004E;DCW
GL0023393H;02/02/2026;B00000002C;DRW
GL0046252J;02/02/2026;B00000003D;DSW
GL0008962J;02/02/2026;B00000007H;DEW
GL1278481V;02/02/2026;B00000006G;DLS
GL0020258W;02/02/2026;B00000007H;DEW
GL1235908R;02/02/2026;B00000003D;DSW
GL0086607S;02/02/2026;B00000008J;DMS
GL0231691K;02/02/2026;B00000004E;DCW
GL0026777D;02/02/2026;B00000004E;DCW
GL0026781H;02/02/2026;B00000004E;DCW
GL0026787P;02/02/2026;B00000004E;DCW
GL0026780G;02/02/2026;B00000004E;DCW
GL0006679P;02/02/2026;B00000008J;DMS
GN1322848L;02/02/2026;B00000001B;DOS
GN1322852R;02/02/2026;B00000001B;DOS
GL0005600N;02/02/2026;B00000008J;DMS
GL1232861D;02/02/2026;B00000002C;DRW
GL1232862E;02/02/2026;B00000002C;DRW
GL1362847P;02/02/2026;B00000008J;DMS
GN1395551D;02/02/2026;B00000001B;DOS
GN1395567X;02/02/2026;B00000001B;DOS
GN1395575F;02/02/2026;B00000001B;DOS
GL0009853X;02/02/2026;B00000008J;DMS
GL1407236G;02/02/2026;B00000002C;DRW
GL1409130J;02/02/2026;B00000008J;DMS
GL0026376Y;02/02/2026;B00000004E;DCW
GL0391374T;02/02/2026;B00000002C;DRW
GN1416758C;02/02/2026;B00000001B;DOS
GN1420911X;02/02/2026;B00000001B;DOS
GN1420676E;02/02/2026;B00000001B;DOS
GL0212283F;02/02/2026;B00000004E;DCW
GL1422779V;02/02/2026;B00000008J;DMS
GL1422628Y;02/02/2026;B00000008J;DMS
GL1422622R;02/02/2026;B00000008J;DMS
GL0009370Y;02/02/2026;B00000007H;DEW
GL0028058J;02/02/2026;B00000004E;DCW
GL1434719M;02/02/2026;B00000008J;DMS
GL1434781H;02/02/2026;B00000008J;DMS
GL1430840E;02/02/2026;B00000002C;DRW
GL1435639H;02/02/2026;B00000008J;DMS
GL1422990J;02/02/2026;B00000006G;DLS
GL1442025P;02/02/2026;B00000003D;DSW
GL1410780J;02/02/2026;B00000007H;DEW
GL0039437P;02/02/2026;B00000004E;DCW
GL0039446A;02/02/2026;B00000004E;DCW
GL0039436N;02/02/2026;B00000004E;DCW
GL0218394A;02/02/2026;B00000007H;DEW
GL0006010E;02/02/2026;B00000008J;DMS
GL1127556N;02/02/2026;B00000004E;DCW
GL1442182T;02/02/2026;B00000004E;DCW
GL0750041V;02/02/2026;B00000008J;DMS
GL1457551H;02/02/2026;B00000008J;DMS
GL1427459M;02/02/2026;B00000007H;DEW
GL1420274Y;02/02/2026;B00000004E;DCW
GL0009085Z;02/02/2026;B00000007H;DEW
GL0009139K;02/02/2026;B00000007H;DEW
GL0008187D;02/02/2026;B00000008J;DMS
GN1577963P;02/02/2026;B00000001B;DOS
GL0607469F;02/02/2026;B00000008J;DMS
GL1535102J;02/02/2026;B00000008J;DMS
GL1567226N;02/02/2026;B00000008J;DMS
GL0029010R;02/02/2026;B00000003D;DSW
GL0800607F;02/02/2026;B00000006G;DLS
GL1580875Z;02/02/2026;B00000008J;DMS
GN1535891F;02/02/2026;B00000001B;DOS
GL1564913K;02/02/2026;B00000008J;DMS
GL0006705V;02/02/2026;B00000008J;DMS
GL1546141D;02/02/2026;B00000008J;DMS
GL1574136R;02/02/2026;B00000008J;DMS
GL0013613V;02/02/2026;B00000005F;DNA
GL0009009M;02/02/2026;B00000007H;DEW
GL0003855F;02/02/2026;B00000008J;DMS
GL1572561B;02/02/2026;B00000008J;DMS
GL1572503K;02/02/2026;B00000008J;DMS
GL1577340G;02/02/2026;B00000004E;DCW
GN1581418R;02/02/2026;B00000001B;DOS
GN1582242C;02/02/2026;B00000001B;DOS
GL0495498R;02/02/2026;B00000002C;DRW
GL0028631K;02/02/2026;B00000004E;DCW
GL0026886C;02/02/2026;B00000004E;DCW
GN1138569D;02/02/2026;B00000001B;DOS
GN1212620C;02/02/2026;B00000001B;DOS
GN1467345M;02/02/2026;B00000001B;DOS
GN1549892R;02/02/2026;B00000001B;DOS
GN1552786E;02/02/2026;B00000001B;DOS
GN1553075H;02/02/2026;B00000001B;DOS
GL0212716Y;02/02/2026;B00000008J;DMS
GL1288438J;02/02/2026;B00000005F;DNA
GL0009343S;02/02/2026;B00000008J;DMS
GL0013473K;02/02/2026;B00000005F;DNA
GL0221048R;02/02/2026;B00000003D;DSW
GL1563657H;02/02/2026;B00000005F;DNA
GL0025646T;02/02/2026;B00000002C;DRW
GL1258229F;02/02/2026;B00000008J;DMS
GL0633154T;02/02/2026;B00000008J;DMS
GL0040504C;02/02/2026;B00000003D;DSW
GL0040508G;02/02/2026;B00000003D;DSW
GL0020253P;02/02/2026;B00000007H;DEW
GL0647017X;02/02/2026;B00000003D;DSW
GN1587318W;02/02/2026;B00000001B;DOS
GN1587319X;02/02/2026;B00000001B;DOS
GN1587666R;02/02/2026;B00000001B;DOS
GN1589263F;02/02/2026;B00000001B;DOS
GN1589264G;02/02/2026;B00000001B;DOS
GL0027613D;02/02/2026;B00000004E;DCW
GL0063127K;02/02/2026;B00000008J;DMS
GL0006893H;02/02/2026;B00000008J;DMS
GL1543865S;02/02/2026;B00000002C;DRW
GL0392209S;02/02/2026;B00000003D;DSW
GL0022952G;02/02/2026;B00000002C;DRW
GL0922248J;02/02/2026;B00000008J;DMS
GL0045886T;02/02/2026;B00000003D;DSW
GL0045890Y;02/02/2026;B00000003D;DSW
GL0013592W;02/02/2026;B00000005F;DNA
GL1591609X;02/02/2026;B00000008J;DMS
GL0011475P;02/02/2026;B00000003D;DSW
GL0023550L;02/02/2026;B00000002C;DRW
GL0006264T;02/02/2026;B00000008J;DMS
GL0003036A;02/02/2026;B00000008J;DMS
GL0008922N;02/02/2026;B00000007H;DEW
GL0005889S;02/02/2026;B00000008J;DMS
GL0016507H;02/02/2026;B00000008J;DMS
GL0898187S;02/02/2026;B00000007H;DEW
GL0021040J;02/02/2026;B00000006G;DLS
GL0007255V;02/02/2026;B00000008J;DMS
GL0064180G;02/02/2026;B00000003D;DSW
GL0036941D;02/02/2026;B00000003D;DSW
GL0009199D;02/02/2026;B00000008J;DMS
GL0001748L;02/02/2026;B00000004E;DCW
GL0018795H;02/02/2026;B00000007H;DEW
GL0023409B;02/02/2026;B00000002C;DRW
GL0028203Z;02/02/2026;B00000005F;DNA
GL0015635S;02/02/2026;B00000008J;DMS
GL0991420N;02/02/2026;B00000002C;DRW
GL0013279P;02/02/2026;B00000008J;DMS
GL0026255K;02/02/2026;B00000004E;DCW
GL0010122C;02/02/2026;B00000004E;DCW
GL0027647S;02/02/2026;B00000004E;DCW
GL0032136T;02/02/2026;B00000008J;DMS
GL0006836T;02/02/2026;B00000008J;DMS
GL0029949H;02/02/2026;B00000008J;DMS
GL0046927B;02/02/2026;B00000003D;DSW
GL0002754E;02/02/2026;B00000008J;DMS
GL0022939S;02/02/2026;B00000002C;DRW
GL0022946A;02/02/2026;B00000002C;DRW
GL0041879P;02/02/2026;B00000002C;DRW
GL0032211D;02/02/2026;B00000007H;DEW
GL0028547P;02/02/2026;B00000004E;DCW
GL0028540G;02/02/2026;B00000004E;DCW
GL0212585Z;02/02/2026;B00000008J;DMS
GL0028081K;02/02/2026;B00000004E;DCW
GL0212568E;02/02/2026;B00000008J;DMS
GL0216889P;02/02/2026;B00000008J;DMS
GL0212573K;02/02/2026;B00000008J;DMS
GL0066460Y;02/02/2026;B00000008J;DMS
GL0066461Z;02/02/2026;B00000008J;DMS
GL0020477V;02/02/2026;B00000006G;DLS
GL0229265D;02/02/2026;B00000007H;DEW
GL0006594T;02/02/2026;B00000008J;DMS
GL0220306Y;02/02/2026;B00000004E;DCW
GL0929088G;02/02/2026;B00000006G;DLS
GL0220938R;02/02/2026;B00000002C;DRW
GL0217796W;02/02/2026;B00000007H;DEW
GL0220326W;02/02/2026;B00000007H;DEW
GL0016767D;02/02/2026;B00000008J;DMS
GL0030617S;02/02/2026;B00000002C;DRW
GL0212569F;02/02/2026;B00000008J;DMS
GL0004984N;02/02/2026;B00000008J;DMS
GL0231674R;02/02/2026;B00000004E;DCW
GL0209879Z;02/02/2026;B00000006G;DLS
GL0220262Y;02/02/2026;B00000008J;DMS
GL0220303V;02/02/2026;B00000008J;DMS
GL0220257S;02/02/2026;B00000008J;DMS
GL0232774R;02/02/2026;B00000004E;DCW
GL0220261X;02/02/2026;B00000008J;DMS
GL0029675X;02/02/2026;B00000004E;DCW
GL0001771M;02/02/2026;B00000007H;DEW
GL0232787F;02/02/2026;B00000007H;DEW
GL0342689V;02/02/2026;B00000006G;DLS
GL0423929M;02/02/2026;B00000002C;DRW
GL0217451D;02/02/2026;B00000005F;DNA
GL0209878Y;02/02/2026;B00000006G;DLS
GL0220260W;02/02/2026;B00000008J;DMS
GL0220315H;02/02/2026;B00000008J;DMS
GL0232691X;02/02/2026;B00000008J;DMS
GL0421480E;02/02/2026;B00000007H;DEW
GL0584362Y;02/02/2026;B00000008J;DMS
GL0027937X;02/02/2026;B00000007H;DEW
GL1138748G;02/02/2026;B00000003D;DSW
GL0573662N;02/02/2026;B00000003D;DSW
GL0008138Y;02/02/2026;B00000008J;DMS
GL0056570J;02/02/2026;B00000003D;DSW
GL0497804L;02/02/2026;B00000004E;DCW
GL0702032N;02/02/2026;B00000002C;DRW
GL0020178E;02/02/2026;B00000006G;DLS
GL0724649P;02/02/2026;B00000008J;DMS
GL0727787F;02/02/2026;B00000004E;DCW
GL0725912A;02/02/2026;B00000004E;DCW
GL0719837X;02/02/2026;B00000007H;DEW
GL0725981D;02/02/2026;B00000007H;DEW
GL0732498J;02/02/2026;B00000002C;DRW
GL0737417Z;02/02/2026;B00000007H;DEW
GL0744362R;02/02/2026;B00000002C;DRW
GL0799839H;02/02/2026;B00000003D;DSW
GL0659416L;02/02/2026;B00000003D;DSW
GL0024261V;02/02/2026;B00000002C;DRW
GL0024265Z;02/02/2026;B00000002C;DRW
GL0024268C;02/02/2026;B00000002C;DRW
GL0024269D;02/02/2026;B00000002C;DRW
GL0866730W;02/02/2026;B00000008J;DMS
GN0890965K;02/02/2026;B00000001B;DOS
GN0900802N;02/02/2026;B00000001B;DOS
GL0973201K;02/02/2026;B00000002C;DRW
GL0887882G;02/02/2026;B00000006G;DLS
GL0901431D;02/02/2026;B00000002C;DRW
GL0024262W;02/02/2026;B00000002C;DRW
GL0024263X;02/02/2026;B00000002C;DRW
GL0024279P;02/02/2026;B00000002C;DRW
GL0024280R;02/02/2026;B00000002C;DRW
GL0910219P;02/02/2026;B00000007H;DEW
GL0021001P;02/02/2026;B00000006G;DLS
GL0952755B;02/02/2026;B00000004E;DCW
GL0020232R;02/02/2026;B00000007H;DEW
GL0065120A;02/02/2026;B00000007H;DEW
GL0946401F;02/02/2026;B00000003D;DSW
GL1031096A;02/02/2026;B00000008J;DMS
GL0008099D;02/02/2026;B00000008J;DMS
GL0921836R;02/02/2026;B00000002C;DRW
GL1093398Y;02/02/2026;B00000003D;DSW
GL0012778W;02/02/2026;B00000003D;DSW
GL0041177S;02/02/2026;B00000008J;DMS
GL0041176R;02/02/2026;B00000008J;DMS
GL0218304Y;02/02/2026;B00000003D;DSW
GL0041204Y;02/02/2026;B00000008J;DMS
GL0041201V;02/02/2026;B00000008J;DMS
GL0041191H;02/02/2026;B00000008J;DMS
GL1077659M;02/02/2026;B00000002C;DRW
GL0664272E;02/02/2026;B00000004E;DCW
GL1109739S;02/02/2026;B00000005F;DNA
GL0041165D;02/02/2026;B00000008J;DMS
GL0009001D;02/02/2026;B00000007H;DEW
GL1114439H;02/02/2026;B00000008J;DMS
GN1236735F;02/02/2026;B00000001B;DOS
GN1236822E;02/02/2026;B00000001B;DOS
GN1242649B;02/02/2026;B00000001B;DOS
GL1241933M;02/02/2026;B00000004E;DCW
GN1245850N;02/02/2026;B00000001B;DOS
GN1250195B;02/02/2026;B00000001B;DOS
GN1250950J;02/02/2026;B00000001B;DOS
GN1255319Z;02/02/2026;B00000001B;DOS
GL0924989Z;02/02/2026;B00000007H;DEW
GL1257920E;02/02/2026;B00000005F;DNA
GL1267639Z;02/02/2026;B00000008J;DMS
GL1535161B;02/02/2026;B00000008J;DMS
GL1535175S;02/02/2026;B00000008J;DMS
GL1535115Z;02/02/2026;B00000008J;DMS
GL1535154T;02/02/2026;B00000008J;DMS
GL1535153S;02/02/2026;B00000008J;DMS
GL0231443D;02/02/2026;B00000008J;DMS
GL1410907D;02/02/2026;B00000008J;DMS
GL1369018C;02/02/2026;B00000007H;DEW
GL1434517H;02/02/2026;B00000004E;DCW
GN1443189M;02/02/2026;B00000001B;DOS
GL1445568R;02/02/2026;B00000004E;DCW
GL1446153F;02/02/2026;B00000007H;DEW
GL1441297M;02/02/2026;B00000007H;DEW
GL0023398N;02/02/2026;B00000002C;DRW
GL0231403H;02/02/2026;B00000007H;DEW
GL0009292J;02/02/2026;B00000007H;DEW
GL0984856E;02/02/2026;B00000007H;DEW
GL1440462N;02/02/2026;B00000007H;DEW
GL0065097Z;02/02/2026;B00000007H;DEW
GL0028483S;02/02/2026;B00000003D;DSW
GL0218229M;02/02/2026;B00000003D;DSW
GL0912369H;02/02/2026;B00000003D;DSW
GL0059882Y;02/02/2026;B00000004E;DCW
GL1379260R;02/02/2026;B00000006G;DLS
GL0023387B;02/02/2026;B00000002C;DRW
GL1559390J;02/02/2026;B00000005F;DNA
GL1575800G;02/02/2026;B00000008J;DMS
GL0010781B;02/02/2026;B00000004E;DCW
GL1579275F;02/02/2026;B00000007H;DEW
GN1591331F;02/02/2026;B00000001B;DOS
GN1591335K;02/02/2026;B00000001B;DOS
GN1591338N;02/02/2026;B00000001B;DOS
GN1591354G;02/02/2026;B00000001B;DOS
GN1592090T;02/02/2026;B00000001B;DOS
GL0026821D;02/02/2026;B00000004E;DCW
GN0644885Z;02/02/2026;B00000001B;DOS
GN1007565K;02/02/2026;B00000001B;DOS
GL1560736N;02/02/2026;B00000003D;DSW
GL1599074E;02/02/2026;B00000004E;DCW
GL1572408C;02/02/2026;B00000008J;DMS
GN1241452R;02/02/2026;B00000001B;DOS
GL1545806Y;02/02/2026;B00000006G;DLS
GL0702827S;02/02/2026;B00000008J;DMS
GN1598217F;02/02/2026;B00000001B;DOS
GL0031712L;02/02/2026;B00000005F;DNA
GL0042581M;02/02/2026;B00000003D;DSW
GL0232981B;02/02/2026;B00000003D;DSW
GL0399767F;02/02/2026;B00000008J;DMS
GL1592464T;02/02/2026;B00000003D;DSW
GL1535117B;02/02/2026;B00000008J;DMS
GL0002691H;02/02/2026;B00000008J;DMS
GL0212479D;02/02/2026;B00000008J;DMS
GL0006012G;02/02/2026;B00000008J;DMS
GL0001867X;02/02/2026;B00000008J;DMS
GL0008768N;02/02/2026;B00000007H;DEW
GN1187831H;02/02/2026;B00000001B;DOS
GN1535885Z;02/02/2026;B00000001B;DOS
GN1544826J;02/02/2026;B00000001B;DOS
GL0060905K;02/02/2026;B00000003D;DSW
GN1489757F;02/02/2026;B00000001B;DOS
GL0028304N;02/02/2026;B00000005F;DNA
GL0028305P;02/02/2026;B00000005F;DNA
GL0212720C;02/02/2026;B00000008J;DMS
GL0866668A;02/02/2026;B00000003D;DSW
GN1236054G;02/02/2026;B00000001B;DOS
GN1599533B;02/02/2026;B00000001B;DOS
GN1599610N;02/02/2026;B00000001B;DOS
GN1600796L;02/02/2026;B00000001B;DOS
GN1600801S;02/02/2026;B00000001B;DOS
GN1600816J;02/02/2026;B00000001B;DOS
GN1603377V;02/02/2026;B00000001B;DOS
GN1603378W;02/02/2026;B00000001B;DOS
GN1603380Y;02/02/2026;B00000001B;DOS
GN1603384C;02/02/2026;B00000001B;DOS
GN1603388G;02/02/2026;B00000001B;DOS
GN1603633K;02/02/2026;B00000001B;DOS
GN1603638R;02/02/2026;B00000001B;DOS
GN1603640T;02/02/2026;B00000001B;DOS
GN1603653H;02/02/2026;B00000001B;DOS
GN1603659P;02/02/2026;B00000001B;DOS
GN1603737D;02/02/2026;B00000001B;DOS
GN1603948T;02/02/2026;B00000001B;DOS
GN1603977B;02/02/2026;B00000001B;DOS
GL1604643H;02/02/2026;B00000008J;DMS
GL1604577H;02/02/2026;B00000008J;DMS
GL0027365X;02/02/2026;B00000004E;DCW
GL0639354N;02/02/2026;B00000008J;DMS
GN1339916G;02/02/2026;B00000001B;DOS
GN1276286A;02/02/2026;B00000001B;DOS
GL0796527V;02/02/2026;B00000007H;DEW
GN1410570W;02/02/2026;B00000001B;DOS
GL0232796R;02/02/2026;B00000008J;DMS
GL1574739B;02/02/2026;B00000002C;DRW
GL0997631X;02/02/2026;B00000008J;DMS
GL1555743P;02/02/2026;B00000007H;DEW
GL0015647F;02/02/2026;B00000008J;DMS
GL0028534A;02/02/2026;B00000004E;DCW
GL0006230E;02/02/2026;B00000008J;DMS
GL0006229D;02/02/2026;B00000008J;DMS
GL0006233H;02/02/2026;B00000008J;DMS
GL0019349M;02/02/2026;B00000007H;DEW
GL0003659H;02/02/2026;B00000008J;DMS
GL0027052R;02/02/2026;B00000004E;DCW
GL0216788A;02/02/2026;B00000007H;DEW
GL0292208E;02/02/2026;B00000008J;DMS
GL0036428W;02/02/2026;B00000003D;DSW
GL1077374N;02/02/2026;B00000008J;DMS
GL0019529S;02/02/2026;B00000008J;DMS
GL0012231Z;02/02/2026;B00000008J;DMS
GL0012237F;02/02/2026;B00000008J;DMS
GL0012226T;02/02/2026;B00000008J;DMS
GL0012242L;02/02/2026;B00000008J;DMS
GL0012240J;02/02/2026;B00000008J;DMS
GL0012225S;02/02/2026;B00000008J;DMS
GL0012223P;02/02/2026;B00000008J;DMS
GL0012221M;02/02/2026;B00000008J;DMS
GL0527107K;02/02/2026;B00000008J;DMS
GL0802896G;02/02/2026;B00000008J;DMS
GL1023173X;02/02/2026;B00000008J;DMS
GL0019565H;02/02/2026;B00000008J;DMS
GL0019566J;02/02/2026;B00000008J;DMS
GL0019567K;02/02/2026;B00000008J;DMS
GL0019573S;02/02/2026;B00000008J;DMS
GL0019571P;02/02/2026;B00000008J;DMS
GL0019572R;02/02/2026;B00000008J;DMS
GL0012253Z;02/02/2026;B00000008J;DMS
GL0012255B;02/02/2026;B00000008J;DMS
GL0012254A;02/02/2026;B00000008J;DMS
GL0019570N;02/02/2026;B00000008J;DMS
GL0012256C;02/02/2026;B00000008J;DMS
GL0012244N;02/02/2026;B00000008J;DMS
GL0012246R;02/02/2026;B00000008J;DMS
GL0012278C;02/02/2026;B00000008J;DMS
GL0012274Y;02/02/2026;B00000008J;DMS
GL0012273X;02/02/2026;B00000008J;DMS
GL0012280E;02/02/2026;B00000008J;DMS
GL0012281F;02/02/2026;B00000008J;DMS
GL0012265M;02/02/2026;B00000008J;DMS
GL0012268R;02/02/2026;B00000008J;DMS
GL0012264L;02/02/2026;B00000008J;DMS
GL0012267P;02/02/2026;B00000008J;DMS
GL0012275Z;02/02/2026;B00000008J;DMS
GL0012266N;02/02/2026;B00000008J;DMS
GL0012261H;02/02/2026;B00000008J;DMS
GL0012284J;02/02/2026;B00000008J;DMS
GL0012290R;02/02/2026;B00000008J;DMS
GL0012259F;02/02/2026;B00000008J;DMS
GL0012210A;02/02/2026;B00000008J;DMS
GL0063742J;02/02/2026;B00000008J;DMS
GL0012277B;02/02/2026;B00000008J;DMS
GL0012343B;02/02/2026;B00000008J;DMS
GL0727554R;02/02/2026;B00000008J;DMS
GL0802889Z;02/02/2026;B00000008J;DMS
GL0802892C;02/02/2026;B00000008J;DMS
GL0012289P;02/02/2026;B00000008J;DMS
GL1544197V;02/02/2026;B00000008J;DMS
GL1544216R;02/02/2026;B00000008J;DMS
GL0612406R;02/02/2026;B00000008J;DMS
GN0738369F;02/02/2026;B00000001B;DOS
GL0750470G;02/02/2026;B00000005F;DNA
GL0027374G;02/02/2026;B00000004E;DCW
GL0220071F;02/02/2026;B00000008J;DMS
GL0220068C;02/02/2026;B00000008J;DMS
GL0220080R;02/02/2026;B00000008J;DMS
GL0737047D;02/02/2026;B00000002C;DRW
GL0045227V;02/02/2026;B00000003D;DSW
GL0577003K;02/02/2026;B00000004E;DCW
GN0911022C;02/02/2026;B00000001B;DOS
GL0019472C;02/02/2026;B00000007H;DEW
GL0008911B;02/02/2026;B00000007H;DEW
GL0920507F;02/02/2026;B00000008J;DMS
GL0920525B;02/02/2026;B00000008J;DMS
GL0990759M;02/02/2026;B00000003D;DSW
GL0956350L;02/02/2026;B00000008J;DMS
GN1001033M;02/02/2026;B00000001B;DOS
GN1013827B;02/02/2026;B00000001B;DOS
GL0062535M;02/02/2026;B00000006G;DLS
GL0042036T;02/02/2026;B00000002C;DRW
GL1071887D;02/02/2026;B00000008J;DMS
GL0411600C;02/02/2026;B00000008J;DMS
GL1133280T;02/02/2026;B00000005F;DNA
GL1136436E;02/02/2026;B00000005F;DNA
GN1211379S;02/02/2026;B00000001B;DOS
GN1234354A;02/02/2026;B00000001B;DOS
GN1235603V;02/02/2026;B00000001B;DOS
GN1244250W;02/02/2026;B00000001B;DOS
GN1258256L;02/02/2026;B00000001B;DOS
GN1267357D;02/02/2026;B00000001B;DOS
GL1247048A;02/02/2026;B00000007H;DEW
GL1266511S;02/02/2026;B00000007H;DEW
GL0043236G;02/02/2026;B00000007H;DEW
GL1303619K;02/02/2026;B00000003D;DSW
GL0021069S;02/02/2026;B00000006G;DLS
GL0025028R;02/02/2026;B00000004E;DCW
GL1319020L;02/02/2026;B00000008J;DMS
GN1437800N;02/02/2026;B00000001B;DOS
GN1416767M;02/02/2026;B00000001B;DOS
GN1437801P;02/02/2026;B00000001B;DOS
GN1437806W;02/02/2026;B00000001B;DOS
GN1437808Y;02/02/2026;B00000001B;DOS
GL1452335F;02/02/2026;B00000005F;DNA
GN1452268E;02/02/2026;B00000001B;DOS
GN1452397B;02/02/2026;B00000001B;DOS
GN1452400E;02/02/2026;B00000001B;DOS
GL1458315B;02/02/2026;B00000003D;DSW
GL0036160R;02/02/2026;B00000003D;DSW
GL0056108J;02/02/2026;B00000002C;DRW
GL1518494L;02/02/2026;B00000008J;DMS
GD1463011M;02/02/2026;B00000001B;DOS
GD1463010L;02/02/2026;B00000001B;DOS
GN1604672R;02/02/2026;B00000001B;DOS
GN1606187M;02/02/2026;B00000001B;DOS
GN1606193V;02/02/2026;B00000001B;DOS
GN1451770N;02/02/2026;B00000001B;DOS
GL0003556R;02/02/2026;B00000008J;DMS
GL1362553F;02/02/2026;B00000008J;DMS
GL0006633M;02/02/2026;B00000008J;DMS
GL1606969B;02/02/2026;B00000008J;DMS
GN1533856T;02/02/2026;B00000001B;DOS
GL1606765V;02/02/2026;B00000008J;DMS
GL1604088C;02/02/2026;B00000008J;DMS
GL0026802G;02/02/2026;B00000004E;DCW
GL1607463M;02/02/2026;B00000008J;DMS
GN0879232C;02/02/2026;B00000001B;DOS
GL1590211H;02/02/2026;B00000008J;DMS
GL1585794N;02/02/2026;B00000008J;DMS
GL0011594A;02/02/2026;B00000003D;DSW
GL0019892E;02/02/2026;B00000006G;DLS
GL0006831M;02/02/2026;B00000008J;DMS
GL1564644E;02/02/2026;B00000008J;DMS
GL1564602G;02/02/2026;B00000008J;DMS
GN1608994C;02/02/2026;B00000001B;DOS
GN1610429H;02/02/2026;B00000001B;DOS
GN1611312L;02/02/2026;B00000001B;DOS
GN1611594G;02/02/2026;B00000001B;DOS
GN1611662J;02/02/2026;B00000001B;DOS
GN1611870W;02/02/2026;B00000001B;DOS
GL1504112T;02/02/2026;B00000008J;DMS
GL1612310W;02/02/2026;B00000008J;DMS
GL1612249B;02/02/2026;B00000008J;DMS
GL1609321Z;02/02/2026;B00000003D;DSW
GL1567364W;02/02/2026;B00000002C;DRW
GL1611715V;02/02/2026;B00000004E;DCW
GL0036814J;02/02/2026;B00000003D;DSW
GL0063440R;02/02/2026;B00000003D;DSW
GL1610967V;02/02/2026;B00000008J;DMS
GL1489949Z;02/02/2026;B00000004E;DCW
GL0915225D;02/02/2026;B00000008J;DMS
GL0218218A;02/02/2026;B00000003D;DSW
GL0208304J;02/02/2026;B00000008J;DMS
GL1614650E;02/02/2026;B00000002C;DRW
GL0008931Z;02/02/2026;B00000007H;DEW
GL0003362W;02/02/2026;B00000008J;DMS
GL1027472G;02/02/2026;B00000004E;DCW
GL1604632W;02/02/2026;B00000008J;DMS
GL1612366J;02/02/2026;B00000008J;DMS
GL1610833S;02/02/2026;B00000008J;DMS
GL0004311Z;02/02/2026;B00000008J;DMS
GL0009161K;02/02/2026;B00000007H;DEW
GL1615360L;02/02/2026;B00000008J;DMS
GL1617158E;02/02/2026;B00000008J;DMS
GL1614361B;02/02/2026;B00000008J;DMS
GL1596523F;02/02/2026;B00000002C;DRW
GL0526088C;02/02/2026;B00000007H;DEW
GL1530124C;02/02/2026;B00000007H;DEW
GL1530109K;02/02/2026;B00000007H;DEW
GL0218346W;02/02/2026;B00000003D;DSW
GL1529663D;02/02/2026;B00000007H;DEW
GL1529661B;02/02/2026;B00000007H;DEW
GL0006852L;02/02/2026;B00000008J;DMS
GL0022473M;02/02/2026;B00000005F;DNA
GL0212719B;02/02/2026;B00000008J;DMS
GL1610416T;02/02/2026;B00000003D;DSW
GN1198440N;02/02/2026;B00000001B;DOS
GN1198623X;02/02/2026;B00000001B;DOS
GN1395587V;02/02/2026;B00000001B;DOS
GN1416806G;02/02/2026;B00000001B;DOS
GN1569349B;02/02/2026;B00000001B;DOS
GN1603995X;02/02/2026;B00000001B;DOS
GN1612597X;02/02/2026;B00000001B;DOS
GN1612877P;02/02/2026;B00000001B;DOS
GN1614902R;02/02/2026;B00000001B;DOS
GN1615577H;02/02/2026;B00000001B;DOS
GN1616191F;02/02/2026;B00000001B;DOS
GN1617019X;02/02/2026;B00000001B;DOS
GN1617025D;02/02/2026;B00000001B;DOS
GN1617031K;02/02/2026;B00000001B;DOS
GN1617032L;02/02/2026;B00000001B;DOS
GN1617092E;02/02/2026;B00000001B;DOS
GN1617128W;02/02/2026;B00000001B;DOS
GN1617130Y;02/02/2026;B00000001B;DOS
GN1617136E;02/02/2026;B00000001B;DOS
GN1617145P;02/02/2026;B00000001B;DOS
GN1618727M;02/02/2026;B00000001B;DOS
GN1618823X;02/02/2026;B00000001B;DOS
GL0857351M;02/02/2026;B00000005F;DNA
GL0757343S;02/02/2026;B00000008J;DMS
GL0048199X;02/02/2026;B00000006G;DLS
GN1565277Z;02/02/2026;B00000001B;DOS
GL0686234L;02/02/2026;B00000008J;DMS
GL0686237P;02/02/2026;B00000008J;DMS
GL0216858E;02/02/2026;B00000003D;DSW
GN1355235P;02/02/2026;B00000001B;DOS
GL0025019F;02/02/2026;B00000004E;DCW
GL0957687F;02/02/2026;B00000008J;DMS
GL0880189P;02/02/2026;B00000008J;DMS
GL0004592T;02/02/2026;B00000008J;DMS
GL0060531K;02/02/2026;B00000005F;DNA
GL0012670Y;02/02/2026;B00000003D;DSW
GL0029723B;02/02/2026;B00000003D;DSW
GL0035184G;02/02/2026;B00000003D;DSW
GL0871742R;02/02/2026;B00000002C;DRW
GL0020144R;02/02/2026;B00000006G;DLS
GL0048213M;02/02/2026;B00000006G;DLS
GL1509296J;02/02/2026;B00000006G;DLS
GL0010943K;02/02/2026;B00000004E;DCW
GL0026420Y;02/02/2026;B00000004E;DCW
GL0599759V;02/02/2026;B00000004E;DCW
GL1116242G;02/02/2026;B00000004E;DCW
GL1116208T;02/02/2026;B00000004E;DCW
GL0025360T;02/02/2026;B00000004E;DCW
GL0025301B;02/02/2026;B00000004E;DCW
GL0025296W;02/02/2026;B00000004E;DCW
GL0026837X;02/02/2026;B00000004E;DCW
GL0007044E;02/02/2026;B00000008J;DMS
GL0018329D;02/02/2026;B00000008J;DMS
GL0009859D;02/02/2026;B00000008J;DMS
GL0003060C;02/02/2026;B00000008J;DMS
GL0004376Y;02/02/2026;B00000008J;DMS
GL0004666C;02/02/2026;B00000008J;DMS
GL0005602R;02/02/2026;B00000008J;DMS
GL0005671V;02/02/2026;B00000008J;DMS
GL0009287D;02/02/2026;B00000008J;DMS
GL0013198Y;02/02/2026;B00000008J;DMS
GL0003134L;02/02/2026;B00000008J;DMS
GL0003526G;02/02/2026;B00000008J;DMS
GL0003887S;02/02/2026;B00000008J;DMS
GL0003807B;02/02/2026;B00000008J;DMS
GL0003896C;02/02/2026;B00000008J;DMS
GL0003814J;02/02/2026;B00000008J;DMS
GL0003872A;02/02/2026;B00000008J;DMS
GL0004236N;02/02/2026;B00000008J;DMS
GL0004238R;02/02/2026;B00000008J;DMS
GL0004214N;02/02/2026;B00000008J;DMS
GL0004748W;02/02/2026;B00000008J;DMS
GL0002077K;02/02/2026;B00000008J;DMS
GL0005885M;02/02/2026;B00000008J;DMS
GL0006086R;02/02/2026;B00000008J;DMS
GL0005819M;02/02/2026;B00000008J;DMS
GL0006059K;02/02/2026;B00000008J;DMS
GL0006098E;02/02/2026;B00000008J;DMS
GL0006221V;02/02/2026;B00000008J;DMS
GL0006136Y;02/02/2026;B00000008J;DMS
GL0013327V;02/02/2026;B00000005F;DNA
GL0013358E;02/02/2026;B00000005F;DNA
GL0022522T;02/02/2026;B00000005F;DNA
GL0022493K;02/02/2026;B00000005F;DNA
GL0009382L;02/02/2026;B00000007H;DEW
GL0008745M;02/02/2026;B00000007H;DEW
GL0009517P;02/02/2026;B00000007H;DEW
GL0008971V;02/02/2026;B00000007H;DEW
GL0208329M;02/02/2026;B00000007H;DEW
GL0006017M;02/02/2026;B00000008J;DMS
GL0006013H;02/02/2026;B00000008J;DMS
GL0006147K;02/02/2026;B00000008J;DMS
GL0008306N;02/02/2026;B00000008J;DMS
GL0006123H;02/02/2026;B00000008J;DMS
GL0002589S;02/02/2026;B00000008J;DMS
GL0006193M;02/02/2026;B00000008J;DMS
GL0006156W;02/02/2026;B00000008J;DMS
GL0032288R;02/02/2026;B00000003D;DSW
GL0013213P;02/02/2026;B00000008J;DMS
GL0008209D;02/02/2026;B00000008J;DMS
GL0217924R;02/02/2026;B00000003D;DSW
GL0004932E;02/02/2026;B00000008J;DMS
GL0005498Y;02/02/2026;B00000008J;DMS
GL0023394J;02/02/2026;B00000002C;DRW
GL0025300A;02/02/2026;B00000004E;DCW
GL0025358R;02/02/2026;B00000004E;DCW
GL0007004J;02/02/2026;B00000008J;DMS
GL0006207D;02/02/2026;B00000008J;DMS
GL0006320G;02/02/2026;B00000008J;DMS
GL0038615F;02/02/2026;B00000003D;DSW
GL0004046Y;02/02/2026;B00000008J;DMS
GL0004224A;02/02/2026;B00000008J;DMS
GL0004047Z;02/02/2026;B00000008J;DMS
GL0015554A;02/02/2026;B00000004E;DCW
GL0002745V;02/02/2026;B00000008J;DMS
GL0025372G;02/02/2026;B00000004E;DCW
GL0016393D;02/02/2026;B00000008J;DMS
GL0011220A;02/02/2026;B00000003D;DSW
GL0005994L;02/02/2026;B00000008J;DMS
GL0005979V;02/02/2026;B00000008J;DMS
GL0005982Y;02/02/2026;B00000008J;DMS
GL0006154T;02/02/2026;B00000008J;DMS
GL0002578E;02/02/2026;B00000008J;DMS
GL0011499S;02/02/2026;B00000003D;DSW
GL0005891V;02/02/2026;B00000008J;DMS
GL0015525S;02/02/2026;B00000004E;DCW
GL0004944T;02/02/2026;B00000008J;DMS
GL0004942R;02/02/2026;B00000008J;DMS
GL0019344G;02/02/2026;B00000007H;DEW
GL0004597Z;02/02/2026;B00000008J;DMS
GL0029027K;02/02/2026;B00000007H;DEW
GL0019517D;02/02/2026;B00000007H;DEW
GL0023134N;02/02/2026;B00000002C;DRW
GL0006083M;02/02/2026;B00000008J;DMS
GL0046302R;02/02/2026;B00000003D;DSW
GL0003611D;02/02/2026;B00000008J;DMS
GL0003107F;02/02/2026;B00000008J;DMS
GL0030282L;02/02/2026;B00000004E;DCW
GL0025342Y;02/02/2026;B00000004E;DCW
GL0008263P;02/02/2026;B00000008J;DMS
GL0004634R;02/02/2026;B00000008J;DMS
GL0006764L;02/02/2026;B00000008J;DMS
GL0013806N;02/02/2026;B00000008J;DMS
GL0001877H;02/02/2026;B00000008J;DMS
GL0029419F;02/02/2026;B00000005F;DNA
GL0002752C;02/02/2026;B00000008J;DMS
GL0027795K;02/02/2026;B00000003D;DSW
GL0002510C;02/02/2026;B00000008J;DMS
GL0011472L;02/02/2026;B00000003D;DSW
GL0003616J;02/02/2026;B00000008J;DMS
GL0044199B;02/02/2026;B00000002C;DRW
GL0004063S;02/02/2026;B00000008J;DMS
GL0027038A;02/02/2026;B00000004E;DCW
GL0004701S;02/02/2026;B00000008J;DMS
GL0004609M;02/02/2026;B00000008J;DMS
GL0043222R;02/02/2026;B00000007H;DEW
GL0030393M;02/02/2026;B00000005F;DNA
GL0031805S;02/02/2026;B00000005F;DNA
GL0003618L;02/02/2026;B00000008J;DMS
GL0002583K;02/02/2026;B00000008J;DMS
GL0042017X;02/02/2026;B00000002C;DRW
GL0002601F;02/02/2026;B00000008J;DMS
GL0983368N;02/02/2026;B00000003D;DSW
GL0003907P;02/02/2026;B00000008J;DMS
GL0002262W;02/02/2026;B00000008J;DMS
GL0004708A;02/02/2026;B00000008J;DMS
GL0002761M;02/02/2026;B00000008J;DMS
GL0002515H;02/02/2026;B00000008J;DMS
GL0003471V;02/02/2026;B00000008J;DMS
GL0003620N;02/02/2026;B00000008J;DMS
GL0008245V;02/02/2026;B00000008J;DMS
GL0002291D;02/02/2026;B00000008J;DMS
GL0003338T;02/02/2026;B00000008J;DMS
GL1536595F;02/02/2026;B00000004E;DCW
GL0025308J;02/02/2026;B00000004E;DCW
GL0009248J;02/02/2026;B00000007H;DEW
GL0018084A;02/02/2026;B00000008J;DMS
GL0025317V;02/02/2026;B00000004E;DCW
GL0007888N;02/02/2026;B00000002C;DRW
GL0007196C;02/02/2026;B00000008J;DMS
GL0009840G;02/02/2026;B00000008J;DMS
GL0003624T;02/02/2026;B00000008J;DMS
GL0003623S;02/02/2026;B00000008J;DMS
GL0003625V;02/02/2026;B00000008J;DMS
GL0003626W;02/02/2026;B00000008J;DMS
GL0025310L;02/02/2026;B00000004E;DCW
GL0006720L;02/02/2026;B00000008J;DMS
GL0004987S;02/02/2026;B00000008J;DMS
GL0002680W;02/02/2026;B00000008J;DMS
GL0004989V;02/02/2026;B00000008J;DMS
GL0004076G;02/02/2026;B00000008J;DMS
GL0002922W;02/02/2026;B00000008J;DMS
GL0005748G;02/02/2026;B00000008J;DMS
GL0005346A;02/02/2026;B00000008J;DMS
GL0005746E;02/02/2026;B00000008J;DMS
GL0003274W;02/02/2026;B00000008J;DMS
GL0031953K;02/02/2026;B00000003D;DSW
GL0006006A;02/02/2026;B00000008J;DMS
GL0005347B;02/02/2026;B00000008J;DMS
GL0003474Y;02/02/2026;B00000008J;DMS
GL0002735H;02/02/2026;B00000008J;DMS
GL0003627X;02/02/2026;B00000008J;DMS
GL0002859Z;02/02/2026;B00000008J;DMS
GL0868170G;02/02/2026;B00000008J;DMS
GL0003628Y;02/02/2026;B00000008J;DMS
GL0562848A;02/02/2026;B00000002C;DRW
GL0005751K;02/02/2026;B00000008J;DMS
GL0005752L;02/02/2026;B00000008J;DMS
GL0006313Z;02/02/2026;B00000008J;DMS
GL0016529H;02/02/2026;B00000008J;DMS
GL0002769X;02/02/2026;B00000008J;DMS
GL0016453X;02/02/2026;B00000008J;DMS
GL0025875D;02/02/2026;B00000004E;DCW
GL0005523B;02/02/2026;B00000008J;DMS
GL0022153Z;02/02/2026;B00000008J;DMS
GL0043184Y;02/02/2026;B00000007H;DEW
GL0022171V;02/02/2026;B00000008J;DMS
GL0002771Z;02/02/2026;B00000008J;DMS
GL0013547V;02/02/2026;B00000005F;DNA
GL0022164L;02/02/2026;B00000008J;DMS
GL1268585Z;02/02/2026;B00000007H;DEW
GL0005012W;02/02/2026;B00000008J;DMS
GL0008729V;02/02/2026;B00000007H;DEW
GL0003634E;02/02/2026;B00000008J;DMS
GL0004567P;02/02/2026;B00000008J;DMS
GL0003635F;02/02/2026;B00000008J;DMS
GL0003636G;02/02/2026;B00000008J;DMS
GL0002772A;02/02/2026;B00000008J;DMS
GL0003916A;02/02/2026;B00000008J;DMS
GL0018340R;02/02/2026;B00000008J;DMS
GL0005760W;02/02/2026;B00000008J;DMS
GL0018893V;02/02/2026;B00000008J;DMS
GL0032064L;02/02/2026;B00000003D;DSW
GL0031546Y;02/02/2026;B00000005F;DNA
GL0002350W;02/02/2026;B00000008J;DMS
GL0221001M;02/02/2026;B00000007H;DEW
GL0004617X;02/02/2026;B00000008J;DMS
GL0004618Y;02/02/2026;B00000008J;DMS
GL0014101Z;02/02/2026;B00000008J;DMS
GL0004230G;02/02/2026;B00000008J;DMS
GL0003059B;02/02/2026;B00000008J;DMS
GL0018326A;02/02/2026;B00000008J;DMS
GL0003645S;02/02/2026;B00000008J;DMS
GL0004623D;02/02/2026;B00000008J;DMS
GL0003488N;02/02/2026;B00000008J;DMS
GL0729084E;02/02/2026;B00000008J;DMS
GL0729090L;02/02/2026;B00000008J;DMS
GL0729087H;02/02/2026;B00000008J;DMS
GL0009113F;02/02/2026;B00000007H;DEW
GL0022934L;02/02/2026;B00000002C;DRW
GL0043177P;02/02/2026;B00000007H;DEW
GL0003111K;02/02/2026;B00000008J;DMS
GL0019899M;02/02/2026;B00000006G;DLS
GL0005353H;02/02/2026;B00000008J;DMS
GL0014219H;02/02/2026;B00000008J;DMS
GL0003230W;02/02/2026;B00000008J;DMS
GL0018883H;02/02/2026;B00000008J;DMS
GL0005355K;02/02/2026;B00000008J;DMS
GL0004024Y;02/02/2026;B00000008J;DMS
GL0005387X;02/02/2026;B00000008J;DMS
GL0005354J;02/02/2026;B00000008J;DMS
GL0004231H;02/02/2026;B00000008J;DMS
GL0006214L;02/02/2026;B00000008J;DMS
GL0020229M;02/02/2026;B00000007H;DEW
GL0008290W;02/02/2026;B00000008J;DMS
GL0004415S;02/02/2026;B00000008J;DMS
GL0002781K;02/02/2026;B00000008J;DMS
GL0009308C;02/02/2026;B00000007H;DEW
GL0297023B;02/02/2026;B00000007H;DEW
GL0013265Z;02/02/2026;B00000008J;DMS
GL0008859S;02/02/2026;B00000007H;DEW
GL0023783B;02/02/2026;B00000002C;DRW
GL0023314T;02/02/2026;B00000002C;DRW
GL0003651Z;02/02/2026;B00000008J;DMS
GL0006292A;02/02/2026;B00000008J;DMS
GL0004443Z;02/02/2026;B00000008J;DMS
GL0020285B;02/02/2026;B00000006G;DLS
GL0003653B;02/02/2026;B00000008J;DMS
GL0003654C;02/02/2026;B00000008J;DMS
GL0003655D;02/02/2026;B00000008J;DMS
GL0003656E;02/02/2026;B00000008J;DMS
GL0003657F;02/02/2026;B00000008J;DMS
GL0412729K;02/02/2026;B00000002C;DRW
GL0412758T;02/02/2026;B00000002C;DRW
GL0041864Y;02/02/2026;B00000002C;DRW
GL0451912L;02/02/2026;B00000002C;DRW
GL0008344G;02/02/2026;B00000008J;DMS
GL0003369D;02/02/2026;B00000008J;DMS
GL0001938C;02/02/2026;B00000008J;DMS
GL0004447D;02/02/2026;B00000008J;DMS
GL0004233K;02/02/2026;B00000008J;DMS
GL0003661K;02/02/2026;B00000008J;DMS
GL0003663M;02/02/2026;B00000008J;DMS
GL0004449F;02/02/2026;B00000008J;DMS
GL0002271F;02/02/2026;B00000008J;DMS
GL0003186W;02/02/2026;B00000008J;DMS
GL0016773K;02/02/2026;B00000008J;DMS
GL0004450G;02/02/2026;B00000008J;DMS
GL0004451H;02/02/2026;B00000008J;DMS
GL0005126A;02/02/2026;B00000008J;DMS
GL0019811M;02/02/2026;B00000006G;DLS
GL0009073K;02/02/2026;B00000007H;DEW
GL0004453K;02/02/2026;B00000008J;DMS
GL0008689Z;02/02/2026;B00000007H;DEW
GL0008972W;02/02/2026;B00000007H;DEW
GL0990885F;02/02/2026;B00000003D;DSW
GL0003667S;02/02/2026;B00000008J;DMS
GL0025093P;02/02/2026;B00000004E;DCW
GL0026760J;02/02/2026;B00000004E;DCW
GL0023462L;02/02/2026;B00000002C;DRW
GL0004468C;02/02/2026;B00000008J;DMS
GL0022141K;02/02/2026;B00000008J;DMS
GL0015448E;02/02/2026;B00000004E;DCW
GL0025175H;02/02/2026;B00000004E;DCW
GL0008345H;02/02/2026;B00000008J;DMS
GL0003670W;02/02/2026;B00000008J;DMS
GL0375964G;02/02/2026;B00000004E;DCW
GL0027304C;02/02/2026;B00000005F;DNA
GL0007921B;02/02/2026;B00000002C;DRW
GL0027069K;02/02/2026;B00000004E;DCW
GL0029395D;02/02/2026;B00000005F;DNA
GL0035077K;02/02/2026;B00000003D;DSW
GL0027063D;02/02/2026;B00000004E;DCW
GL0002532C;02/02/2026;B00000008J;DMS
GL0002533D;02/02/2026;B00000008J;DMS
GL0003292R;02/02/2026;B00000008J;DMS
GL0016484G;02/02/2026;B00000008J;DMS
GL0052132R;02/02/2026;B00000005F;DNA
GL0028247Z;02/02/2026;B00000005F;DNA
GL0052128L;02/02/2026;B00000005F;DNA
GL0346492R;02/02/2026;B00000007H;DEW
GL0006530W;02/02/2026;B00000008J;DMS
GL0027165V;02/02/2026;B00000004E;DCW
GL0036778T;02/02/2026;B00000003D;DSW
GL0052167F;02/02/2026;B00000003D;DSW
GL0004518J;02/02/2026;B00000008J;DMS
GL0003689S;02/02/2026;B00000008J;DMS
GL0030329P;02/02/2026;B00000004E;DCW
GL0064128Y;02/02/2026;B00000003D;DSW
GL0014020G;02/02/2026;B00000008J;DMS
GL0002534E;02/02/2026;B00000008J;DMS
GL0003385X;02/02/2026;B00000008J;DMS
GL0002492G;02/02/2026;B00000008J;DMS
GL0220790Y;02/02/2026;B00000006G;DLS
GL0492936E;02/02/2026;B00000008J;DMS
GL0059380C;02/02/2026;B00000004E;DCW
GL0022947B;02/02/2026;B00000002C;DRW
GL0004270C;02/02/2026;B00000008J;DMS
GL0003967H;02/02/2026;B00000008J;DMS
GL0003685M;02/02/2026;B00000008J;DMS
GL0027298W;02/02/2026;B00000005F;DNA
GL0003686N;02/02/2026;B00000008J;DMS
GL0003926L;02/02/2026;B00000008J;DMS
GL0025709P;02/02/2026;B00000005F;DNA
GL0013284W;02/02/2026;B00000008J;DMS
GL0006467Z;02/02/2026;B00000008J;DMS
GL0004106R;02/02/2026;B00000008J;DMS
GL0004141F;02/02/2026;B00000008J;DMS
GL0003589D;02/02/2026;B00000008J;DMS
GL0014234A;02/02/2026;B00000008J;DMS
GL0009742W;02/02/2026;B00000004E;DCW
GL0008871F;02/02/2026;B00000007H;DEW
GL0006044T;02/02/2026;B00000008J;DMS
GL0008309S;02/02/2026;B00000008J;DMS
GL0004119F;02/02/2026;B00000008J;DMS
GL0023118W;02/02/2026;B00000002C;DRW
GL0028303M;02/02/2026;B00000005F;DNA
GL0027619K;02/02/2026;B00000004E;DCW
GL0014231X;02/02/2026;B00000008J;DMS
GL0014220J;02/02/2026;B00000008J;DMS
GL0020951H;02/02/2026;B00000006G;DLS
GL0004245Z;02/02/2026;B00000008J;DMS
GL0016431X;02/02/2026;B00000008J;DMS
GL0016433Z;02/02/2026;B00000008J;DMS
GL0005257Z;02/02/2026;B00000008J;DMS
GL0030058G;02/02/2026;B00000002C;DRW
GL0019373P;02/02/2026;B00000008J;DMS
GL0008264R;02/02/2026;B00000008J;DMS
GL0019294A;02/02/2026;B00000008J;DMS
GL0020870R;02/02/2026;B00000006G;DLS
GL0036481F;02/02/2026;B00000003D;DSW
GL0028968T;02/02/2026;B00000003D;DSW
GL0019396R;02/02/2026;B00000008J;DMS
GL0028965P;02/02/2026;B00000003D;DSW
GL0028967S;02/02/2026;B00000003D;DSW
GL0027193B;02/02/2026;B00000004E;DCW
GL0041858R;02/02/2026;B00000002C;DRW
GL0044209M;02/02/2026;B00000002C;DRW
GL0019321F;02/02/2026;B00000008J;DMS
GL0019323H;02/02/2026;B00000008J;DMS
GL0019325K;02/02/2026;B00000008J;DMS
GL0019332T;02/02/2026;B00000008J;DMS
GL0061786L;02/02/2026;B00000003D;DSW
GL0220899X;02/02/2026;B00000003D;DSW
GL0061781F;02/02/2026;B00000003D;DSW
GL0019318C;02/02/2026;B00000008J;DMS
GL0030097B;02/02/2026;B00000002C;DRW
GL0016465K;02/02/2026;B00000008J;DMS
GL0018431V;02/02/2026;B00000008J;DMS
GL0004877S;02/02/2026;B00000008J;DMS
GL0030243S;02/02/2026;B00000004E;DCW
GL0003851B;02/02/2026;B00000008J;DMS
GL0062781S;02/02/2026;B00000002C;DRW
GL0041860T;02/02/2026;B00000002C;DRW
GL0027090J;02/02/2026;B00000004E;DCW
GL0004074E;02/02/2026;B00000008J;DMS
GL0063748R;02/02/2026;B00000008J;DMS
GL0063747P;02/02/2026;B00000008J;DMS
GL0003751M;02/02/2026;B00000008J;DMS
GL0064778L;02/02/2026;B00000008J;DMS
GL0029581P;02/02/2026;B00000004E;DCW
GL0021181V;02/02/2026;B00000008J;DMS
GL0055815B;02/02/2026;B00000002C;DRW
GL0051426N;02/02/2026;B00000007H;DEW
GL0349034E;02/02/2026;B00000008J;DMS
GL0044953H;02/02/2026;B00000002C;DRW
GL0212152G;02/02/2026;B00000005F;DNA
GL0065096Y;02/02/2026;B00000007H;DEW
GL0036219H;02/02/2026;B00000003D;DSW
GL0211982N;02/02/2026;B00000008J;DMS
GL0212284G;02/02/2026;B00000004E;DCW
GL0007027K;02/02/2026;B00000008J;DMS
GL0048190L;02/02/2026;B00000006G;DLS
GL0003823V;02/02/2026;B00000008J;DMS
GL0003415F;02/02/2026;B00000008J;DMS
GL0211989X;02/02/2026;B00000008J;DMS
GL0016749H;02/02/2026;B00000008J;DMS
GL0211916N;02/02/2026;B00000008J;DMS
GL0217577X;02/02/2026;B00000004E;DCW
GL0050049Z;02/02/2026;B00000007H;DEW
GL0008781D;02/02/2026;B00000007H;DEW
GL0019459M;02/02/2026;B00000007H;DEW
GL0028548R;02/02/2026;B00000004E;DCW
GL0020254R;02/02/2026;B00000007H;DEW
GL0020239Z;02/02/2026;B00000007H;DEW
GL0212712T;02/02/2026;B00000008J;DMS
GL0020188R;02/02/2026;B00000007H;DEW
GL0212713V;02/02/2026;B00000008J;DMS
GL0028542J;02/02/2026;B00000004E;DCW
GL0212477B;02/02/2026;B00000008J;DMS
GL0004838Y;02/02/2026;B00000008J;DMS
GL0027059Z;02/02/2026;B00000004E;DCW
GL0216883H;02/02/2026;B00000008J;DMS
GL0009279V;02/02/2026;B00000008J;DMS
GL0212060C;02/02/2026;B00000003D;DSW
GL0064289F;02/02/2026;B00000003D;DSW
GL0212049P;02/02/2026;B00000003D;DSW
GL0216892T;02/02/2026;B00000008J;DMS
GL0212078Y;02/02/2026;B00000003D;DSW
GL0212076W;02/02/2026;B00000003D;DSW
GL0217103H;02/02/2026;B00000008J;DMS
GL0220486C;02/02/2026;B00000003D;DSW
GL0220386N;02/02/2026;B00000003D;DSW
GL0212042G;02/02/2026;B00000008J;DMS
GL0216929K;02/02/2026;B00000008J;DMS
GL0003847X;02/02/2026;B00000008J;DMS
GL0002092C;02/02/2026;B00000008J;DMS
GL0217372N;02/02/2026;B00000008J;DMS
GL0217388G;02/02/2026;B00000008J;DMS
GL0003665P;02/02/2026;B00000008J;DMS
GL0038786A;02/02/2026;B00000003D;DSW
GL0212080A;02/02/2026;B00000003D;DSW
GL0216857D;02/02/2026;B00000003D;DSW
GL0066569X;02/02/2026;B00000008J;DMS
GL0002877V;02/02/2026;B00000008J;DMS
GL0005427S;02/02/2026;B00000008J;DMS
GL0023336T;02/02/2026;B00000002C;DRW
GL0217758C;02/02/2026;B00000008J;DMS
GL0002464A;02/02/2026;B00000008J;DMS
GL0002767V;02/02/2026;B00000008J;DMS
GL0001916C;02/02/2026;B00000008J;DMS
GL0006439S;02/02/2026;B00000008J;DMS
GL0216773H;02/02/2026;B00000008J;DMS
GL0218260Y;02/02/2026;B00000008J;DMS
GL0218292J;02/02/2026;B00000008J;DMS
GL0009507D;02/02/2026;B00000007H;DEW
GL0229224G;02/02/2026;B00000007H;DEW
GL0003767F;02/02/2026;B00000008J;DMS
GL0002791X;02/02/2026;B00000008J;DMS
GL0218472N;02/02/2026;B00000003D;DSW
GL0011625K;02/02/2026;B00000003D;DSW
GL0011210N;02/02/2026;B00000003D;DSW
GL0007576J;02/02/2026;B00000002C;DRW
GL0022063X;02/02/2026;B00000008J;DMS
GL0007167V;02/02/2026;B00000008J;DMS
GL0005854C;02/02/2026;B00000008J;DMS
GL0220684C;02/02/2026;B00000008J;DMS
GL0226751X;02/02/2026;B00000002C;DRW
GL0220630R;02/02/2026;B00000008J;DMS
GL0220500T;02/02/2026;B00000008J;DMS
GL0026986R;02/02/2026;B00000005F;DNA
GL0023597P;02/02/2026;B00000002C;DRW
GL0008049X;02/02/2026;B00000008J;DMS
GL0013221Z;02/02/2026;B00000008J;DMS
GL0028242T;02/02/2026;B00000005F;DNA
GL0231713K;02/02/2026;B00000008J;DMS
GL0007992G;02/02/2026;B00000008J;DMS
GL0046928C;02/02/2026;B00000003D;DSW
GL0228942L;02/02/2026;B00000005F;DNA
GL0229063Z;02/02/2026;B00000004E;DCW
GL0007193Z;02/02/2026;B00000008J;DMS
GL0232451Z;02/02/2026;B00000008J;DMS
GL0232453B;02/02/2026;B00000008J;DMS
GL0218069F;02/02/2026;B00000006G;DLS
GL0219510T;02/02/2026;B00000002C;DRW
GL0232770L;02/02/2026;B00000008J;DMS
GL0031538N;02/02/2026;B00000005F;DNA
GL0232160T;02/02/2026;B00000008J;DMS
GL0004184E;02/02/2026;B00000008J;DMS
GL0046930E;02/02/2026;B00000003D;DSW
GL0220664E;02/02/2026;B00000004E;DCW
GL0232379S;02/02/2026;B00000008J;DMS
GL0030230C;02/02/2026;B00000004E;DCW
GL0232760A;02/02/2026;B00000008J;DMS
GL0232166A;02/02/2026;B00000008J;DMS
GL0231898W;02/02/2026;B00000004E;DCW
GL0019933B;02/02/2026;B00000006G;DLS
GL0232372J;02/02/2026;B00000008J;DMS
GL0056158R;02/02/2026;B00000002C;DRW
GL0008257H;02/02/2026;B00000008J;DMS
GL0232270T;02/02/2026;B00000008J;DMS
GL0231661B;02/02/2026;B00000008J;DMS
GL0008239M;02/02/2026;B00000008J;DMS
GL0004133X;02/02/2026;B00000008J;DMS
GL0004490C;02/02/2026;B00000008J;DMS
GL0299057M;02/02/2026;B00000008J;DMS
GL0232405X;02/02/2026;B00000008J;DMS
GL0232380T;02/02/2026;B00000008J;DMS
GL0292164E;02/02/2026;B00000008J;DMS
GL0293169X;02/02/2026;B00000008J;DMS
GL0004470E;02/02/2026;B00000008J;DMS
GL0004388L;02/02/2026;B00000008J;DMS
GL0297041X;02/02/2026;B00000008J;DMS
GL0232382W;02/02/2026;B00000008J;DMS
GL0297828R;02/02/2026;B00000008J;DMS
GL0296859P;02/02/2026;B00000008J;DMS
GL0303148L;02/02/2026;B00000008J;DMS
GL0232426W;02/02/2026;B00000007H;DEW
GL0232752R;02/02/2026;B00000007H;DEW
GL0232751P;02/02/2026;B00000007H;DEW
GL0232299B;02/02/2026;B00000008J;DMS
GL0009866L;02/02/2026;B00000008J;DMS
GL0532531Z;02/02/2026;B00000003D;DSW
GL0231789X;02/02/2026;B00000004E;DCW
GL0326988C;02/02/2026;B00000005F;DNA
GL0003643P;02/02/2026;B00000008J;DMS
GL0330495M;02/02/2026;B00000008J;DMS
GL0330802L;02/02/2026;B00000008J;DMS
GL0005536R;02/02/2026;B00000008J;DMS
GL0003608A;02/02/2026;B00000008J;DMS
GL0220481X;02/02/2026;B00000003D;DSW
GL0220489F;02/02/2026;B00000003D;DSW
GL0220476R;02/02/2026;B00000003D;DSW
GL0231305X;02/02/2026;B00000003D;DSW
GL0004836W;02/02/2026;B00000008J;DMS
GL0811133S;02/02/2026;B00000007H;DEW
GL0005621M;02/02/2026;B00000008J;DMS
GL0220482Y;02/02/2026;B00000003D;DSW
GL0220473M;02/02/2026;B00000003D;DSW
GL0212403S;02/02/2026;B00000004E;DCW
GL0220470J;02/02/2026;B00000003D;DSW
GL0337766A;02/02/2026;B00000008J;DMS
GL0003733S;02/02/2026;B00000008J;DMS
GL0324614E;02/02/2026;B00000008J;DMS
GL0220954J;02/02/2026;B00000003D;DSW
GL0220952G;02/02/2026;B00000003D;DSW
GL0231302T;02/02/2026;B00000003D;DSW
GL0059479P;02/02/2026;B00000004E;DCW
GL0011485B;02/02/2026;B00000003D;DSW
GL0003771K;02/02/2026;B00000008J;DMS
GL0014107F;02/02/2026;B00000008J;DMS
GL0217527P;02/02/2026;B00000003D;DSW
GL0232758Y;02/02/2026;B00000002C;DRW
GL0356811S;02/02/2026;B00000008J;DMS
GL0302676A;02/02/2026;B00000004E;DCW
GL0004266Y;02/02/2026;B00000008J;DMS
GL0298876G;02/02/2026;B00000004E;DCW
GL0011423F;02/02/2026;B00000003D;DSW
GL0053128Y;02/02/2026;B00000003D;DSW
GL0232466R;02/02/2026;B00000003D;DSW
GL0016178J;02/02/2026;B00000008J;DMS
GL0017917K;02/02/2026;B00000008J;DMS
GL0016186T;02/02/2026;B00000008J;DMS
GL0004007D;02/02/2026;B00000008J;DMS
GL0367222Y;02/02/2026;B00000008J;DMS
GL0027287H;02/02/2026;B00000005F;DNA
GL0364127F;02/02/2026;B00000005F;DNA
GL0368836G;02/02/2026;B00000008J;DMS
GL0041955B;02/02/2026;B00000002C;DRW
GL0373517B;02/02/2026;B00000008J;DMS
GL0385264A;02/02/2026;B00000008J;DMS
GL0027281B;02/02/2026;B00000005F;DNA
GL0366243K;02/02/2026;B00000004E;DCW
GL0393494C;02/02/2026;B00000008J;DMS
GL0042062Y;02/02/2026;B00000002C;DRW
GL0393271Z;02/02/2026;B00000008J;DMS
GL0346382R;02/02/2026;B00000002C;DRW
GL0346352G;02/02/2026;B00000002C;DRW
GL0401164T;02/02/2026;B00000008J;DMS
GL0338258J;02/02/2026;B00000002C;DRW
GL0005741Z;02/02/2026;B00000008J;DMS
GL0002683Z;02/02/2026;B00000008J;DMS
GL0408718C;02/02/2026;B00000008J;DMS
GL0008074A;02/02/2026;B00000008J;DMS
GL0008181X;02/02/2026;B00000008J;DMS
GL0757952J;02/02/2026;B00000004E;DCW
GL0025540Y;02/02/2026;B00000002C;DRW
GL0420481V;02/02/2026;B00000008J;DMS
GL0003841P;02/02/2026;B00000008J;DMS
GL0428745K;02/02/2026;B00000008J;DMS
GL0428545H;02/02/2026;B00000008J;DMS
GL0218313H;02/02/2026;B00000008J;DMS
GL0430897F;02/02/2026;B00000008J;DMS
GL0007972J;02/02/2026;B00000008J;DMS
GL0426729V;02/02/2026;B00000008J;DMS
GL0003786C;02/02/2026;B00000008J;DMS
GL0232452A;02/02/2026;B00000008J;DMS
GL0430425V;02/02/2026;B00000008J;DMS
GL0433090Y;02/02/2026;B00000008J;DMS
GL0440898W;02/02/2026;B00000008J;DMS
GL0440981P;02/02/2026;B00000008J;DMS
GL0440659Z;02/02/2026;B00000008J;DMS
GL0441607B;02/02/2026;B00000008J;DMS
GL0441188A;02/02/2026;B00000008J;DMS
GL0440897V;02/02/2026;B00000008J;DMS
GL0441591H;02/02/2026;B00000008J;DMS
GL0433939M;02/02/2026;B00000008J;DMS
GL0437554W;02/02/2026;B00000003D;DSW
GL0437539D;02/02/2026;B00000003D;DSW
GL0436966C;02/02/2026;B00000008J;DMS
GL0452506L;02/02/2026;B00000008J;DMS
GL0002548W;02/02/2026;B00000008J;DMS
GL0003068L;02/02/2026;B00000008J;DMS
GL0018023F;02/02/2026;B00000005F;DNA
GL0431317H;02/02/2026;B00000005F;DNA
GL0801651S;02/02/2026;B00000005F;DNA
GL0025095S;02/02/2026;B00000004E;DCW
GL0220655V;02/02/2026;B00000008J;DMS
GL0453661Z;02/02/2026;B00000008J;DMS
GL0447926G;02/02/2026;B00000008J;DMS
GL0220657X;02/02/2026;B00000008J;DMS
GL0452513V;02/02/2026;B00000008J;DMS
GL0436970G;02/02/2026;B00000008J;DMS
GL0452524G;02/02/2026;B00000008J;DMS
GL0453414T;02/02/2026;B00000008J;DMS
GL0459959F;02/02/2026;B00000008J;DMS
GL0059986R;02/02/2026;B00000004E;DCW
GL0856295M;02/02/2026;B00000004E;DCW
GL0435282N;02/02/2026;B00000004E;DCW
GL0004148N;02/02/2026;B00000008J;DMS
GL0467414C;02/02/2026;B00000008J;DMS
GL0469597H;02/02/2026;B00000006G;DLS
GL0464961P;02/02/2026;B00000007H;DEW
GL0464978J;02/02/2026;B00000007H;DEW
GL0464976G;02/02/2026;B00000007H;DEW
GL0007086C;02/02/2026;B00000008J;DMS
GL0464944W;02/02/2026;B00000007H;DEW
GL0464983P;02/02/2026;B00000007H;DEW
GL0064123S;02/02/2026;B00000004E;DCW
GL0064114G;02/02/2026;B00000004E;DCW
GL0064126W;02/02/2026;B00000004E;DCW
GL0064118L;02/02/2026;B00000004E;DCW
GL0645339P;02/02/2026;B00000004E;DCW
GL0669173Z;02/02/2026;B00000004E;DCW
GL0467034W;02/02/2026;B00000008J;DMS
GL0449500W;02/02/2026;B00000004E;DCW
GL0491718W;02/02/2026;B00000008J;DMS
GL0004685Z;02/02/2026;B00000008J;DMS
GL0491782T;02/02/2026;B00000008J;DMS
GL0009611X;02/02/2026;B00000007H;DEW
GL0409177Z;02/02/2026;B00000002C;DRW
GL0409180C;02/02/2026;B00000002C;DRW
GL0008112T;02/02/2026;B00000008J;DMS
GL0026720N;02/02/2026;B00000004E;DCW
GL0026724T;02/02/2026;B00000004E;DCW
GL0026723S;02/02/2026;B00000004E;DCW
GL0026722R;02/02/2026;B00000004E;DCW
GL0026719M;02/02/2026;B00000004E;DCW
GL0026718L;02/02/2026;B00000004E;DCW
GL0008105K;02/02/2026;B00000008J;DMS
GL0503056E;02/02/2026;B00000005F;DNA
GL0008111S;02/02/2026;B00000008J;DMS
GL0488891H;02/02/2026;B00000008J;DMS
GL0008087P;02/02/2026;B00000008J;DMS
GL0004114A;02/02/2026;B00000008J;DMS
GL0002648J;02/02/2026;B00000008J;DMS
GL0002749Z;02/02/2026;B00000008J;DMS
GL0488629K;02/02/2026;B00000008J;DMS
GL0008933B;02/02/2026;B00000007H;DEW
GL0047385X;02/02/2026;B00000003D;DSW
GL0025048N;02/02/2026;B00000004E;DCW
GL0635496E;02/02/2026;B00000004E;DCW
GL0006157X;02/02/2026;B00000008J;DMS
GL0635479K;02/02/2026;B00000004E;DCW
GL0635499H;02/02/2026;B00000004E;DCW
GL0025047M;02/02/2026;B00000004E;DCW
GL0026387K;02/02/2026;B00000004E;DCW
GL0026389M;02/02/2026;B00000004E;DCW
GL0036822T;02/02/2026;B00000003D;DSW
GL0456220G;02/02/2026;B00000002C;DRW
GL0513171Z;02/02/2026;B00000008J;DMS
GL0513339P;02/02/2026;B00000008J;DMS
GL0036876E;02/02/2026;B00000003D;DSW
GL0004385H;02/02/2026;B00000008J;DMS
GL0064993F;02/02/2026;B00000007H;DEW
GL0498586A;02/02/2026;B00000007H;DEW
GL0498601S;02/02/2026;B00000007H;DEW
GL0497635V;02/02/2026;B00000007H;DEW
GL0498571H;02/02/2026;B00000007H;DEW
GL0003730N;02/02/2026;B00000008J;DMS
GL0003790G;02/02/2026;B00000008J;DMS
GL0526485D;02/02/2026;B00000008J;DMS
GL0232714Y;02/02/2026;B00000003D;DSW
GL0522360R;02/02/2026;B00000005F;DNA
GL0522354J;02/02/2026;B00000005F;DNA
GL0522363V;02/02/2026;B00000005F;DNA
GL0522366Y;02/02/2026;B00000005F;DNA
GL0522364W;02/02/2026;B00000005F;DNA
GL0522599M;02/02/2026;B00000005F;DNA
GL0522614E;02/02/2026;B00000005F;DNA
GL0522627V;02/02/2026;B00000005F;DNA
GL0522331H;02/02/2026;B00000005F;DNA
GL0522765B;02/02/2026;B00000005F;DNA
GL0522768E;02/02/2026;B00000005F;DNA
GL0522772J;02/02/2026;B00000005F;DNA
GL0522346A;02/02/2026;B00000005F;DNA
GL0522367Z;02/02/2026;B00000005F;DNA
GL0522337P;02/02/2026;B00000005F;DNA
GL0522500A;02/02/2026;B00000005F;DNA
GL0522503D;02/02/2026;B00000005F;DNA
GL0522505F;02/02/2026;B00000005F;DNA
GL0522506G;02/02/2026;B00000005F;DNA
GL0522508J;02/02/2026;B00000005F;DNA
GL0522509K;02/02/2026;B00000005F;DNA
GL0522773K;02/02/2026;B00000005F;DNA
GL0522778R;02/02/2026;B00000005F;DNA
GL0522785Z;02/02/2026;B00000005F;DNA
GL0522788C;02/02/2026;B00000005F;DNA
GL0539159F;02/02/2026;B00000008J;DMS
GL0007842L;02/02/2026;B00000002C;DRW
GL0531715X;02/02/2026;B00000008J;DMS
GL0059715H;02/02/2026;B00000004E;DCW
GL0059714G;02/02/2026;B00000004E;DCW
GL0059720N;02/02/2026;B00000004E;DCW
GL0523580C;02/02/2026;B00000004E;DCW
GL0523584G;02/02/2026;B00000004E;DCW
GL0005024J;02/02/2026;B00000008J;DMS
GL0541592W;02/02/2026;B00000008J;DMS
GL0007489K;02/02/2026;B00000002C;DRW
GL0018814E;02/02/2026;B00000007H;DEW
GL0018498W;02/02/2026;B00000007H;DEW
GL0515260Y;02/02/2026;B00000005F;DNA
GL0515263B;02/02/2026;B00000005F;DNA
GL0515117K;02/02/2026;B00000005F;DNA
GL0515118L;02/02/2026;B00000005F;DNA
GL0515123S;02/02/2026;B00000005F;DNA
GL0515124T;02/02/2026;B00000005F;DNA
GL0515040Y;02/02/2026;B00000005F;DNA
GL0515125V;02/02/2026;B00000005F;DNA
GL0036916A;02/02/2026;B00000003D;DSW
GL0552448G;02/02/2026;B00000004E;DCW
GL0552441Z;02/02/2026;B00000004E;DCW
GL0552417X;02/02/2026;B00000004E;DCW
GL0552445D;02/02/2026;B00000004E;DCW
GL0552453M;02/02/2026;B00000004E;DCW
GL0552420A;02/02/2026;B00000004E;DCW
GL0552428J;02/02/2026;B00000004E;DCW
GL0552426G;02/02/2026;B00000004E;DCW
GL0552439X;02/02/2026;B00000004E;DCW
GL0552451K;02/02/2026;B00000004E;DCW
GL0552455P;02/02/2026;B00000004E;DCW
GL0552423D;02/02/2026;B00000004E;DCW
GL0552450J;02/02/2026;B00000004E;DCW
GL0546791D;02/02/2026;B00000008J;DMS
GL0028277H;02/02/2026;B00000005F;DNA
GL0039378Y;02/02/2026;B00000004E;DCW
GL0005915X;02/02/2026;B00000008J;DMS
GL0474280E;02/02/2026;B00000007H;DEW
GL0008159X;02/02/2026;B00000008J;DMS
GL0584942G;02/02/2026;B00000007H;DEW
GL0011496N;02/02/2026;B00000003D;DSW
GL0581026G;02/02/2026;B00000007H;DEW
GL0590758R;02/02/2026;B00000007H;DEW
GL0030496E;02/02/2026;B00000003D;DSW
GL0591467X;02/02/2026;B00000007H;DEW
GL0511148A;02/02/2026;B00000007H;DEW
GL0559078R;02/02/2026;B00000004E;DCW
GL0644073B;02/02/2026;B00000007H;DEW
GL0614631V;02/02/2026;B00000008J;DMS
GL0004150R;02/02/2026;B00000008J;DMS
GL0614781P;02/02/2026;B00000008J;DMS
GL0614646L;02/02/2026;B00000008J;DMS
GL0003191B;02/02/2026;B00000008J;DMS
GL0590749F;02/02/2026;B00000007H;DEW
GL0590700A;02/02/2026;B00000007H;DEW
GL0002792Y;02/02/2026;B00000008J;DMS
GL0003787D;02/02/2026;B00000008J;DMS
GL0586602T;02/02/2026;B00000003D;DSW
GL0018497V;02/02/2026;B00000007H;DEW
GL0018519V;02/02/2026;B00000007H;DEW
GL0019353S;02/02/2026;B00000007H;DEW
GL1228836E;02/02/2026;B00000007H;DEW
GL0742909P;02/02/2026;B00000007H;DEW
GL0370957S;02/02/2026;B00000007H;DEW
GL0597551K;02/02/2026;B00000008J;DMS
GL0574082R;02/02/2026;B00000008J;DMS
GL0602071X;02/02/2026;B00000008J;DMS
GL0622209F;02/02/2026;B00000008J;DMS
GL0622262R;02/02/2026;B00000008J;DMS
GL0622217P;02/02/2026;B00000008J;DMS
GL0003836J;02/02/2026;B00000008J;DMS
GL0583088A;02/02/2026;B00000007H;DEW
GL0626107K;02/02/2026;B00000008J;DMS
GL0622776A;02/02/2026;B00000008J;DMS
GL0025658G;02/02/2026;B00000002C;DRW
GL0009149X;02/02/2026;B00000007H;DEW
GL0021159V;02/02/2026;B00000008J;DMS
GL0005655B;02/02/2026;B00000008J;DMS
GL0627776G;02/02/2026;B00000006G;DLS
GL0017931B;02/02/2026;B00000008J;DMS
GL0632521Z;02/02/2026;B00000008J;DMS
GL0632493S;02/02/2026;B00000008J;DMS
GL0028525P;02/02/2026;B00000004E;DCW
GL0011506A;02/02/2026;B00000003D;DSW
GL0027686L;02/02/2026;B00000003D;DSW
GL0027679D;02/02/2026;B00000003D;DSW
GL0627591X;02/02/2026;B00000003D;DSW
GL0063168G;02/02/2026;B00000003D;DSW
GL0231671M;02/02/2026;B00000003D;DSW
GL0611244W;02/02/2026;B00000003D;DSW
GL0012734W;02/02/2026;B00000003D;DSW
GL0027682G;02/02/2026;B00000003D;DSW
GL0627836A;02/02/2026;B00000003D;DSW
GL0607813X;02/02/2026;B00000003D;DSW
GL0060295S;02/02/2026;B00000003D;DSW
GL0860503V;02/02/2026;B00000003D;DSW
GL0063162A;02/02/2026;B00000003D;DSW
GL0063164C;02/02/2026;B00000003D;DSW
GL0686058L;02/02/2026;B00000003D;DSW
GL0027669S;02/02/2026;B00000003D;DSW
GL0063150L;02/02/2026;B00000003D;DSW
GL0063147H;02/02/2026;B00000003D;DSW
GL0063166E;02/02/2026;B00000003D;DSW
GL0063160Y;02/02/2026;B00000003D;DSW
GL0027683H;02/02/2026;B00000003D;DSW
GL0860530A;02/02/2026;B00000003D;DSW
GL0027674Y;02/02/2026;B00000003D;DSW
GL0623842L;02/02/2026;B00000006G;DLS
GL0634235X;02/02/2026;B00000008J;DMS
GL0004459S;02/02/2026;B00000008J;DMS
GL0219490W;02/02/2026;B00000008J;DMS
GL0664497K;02/02/2026;B00000003D;DSW
GL0635020N;02/02/2026;B00000008J;DMS
GL0634999P;02/02/2026;B00000008J;DMS
GL0631322L;02/02/2026;B00000008J;DMS
GL0006363F;02/02/2026;B00000008J;DMS
GL0018502A;02/02/2026;B00000007H;DEW
GL0597292R;02/02/2026;B00000007H;DEW
GL0637493Z;02/02/2026;B00000007H;DEW
GL0009122R;02/02/2026;B00000008J;DMS
GL0003099X;02/02/2026;B00000008J;DMS
GL0587170N;02/02/2026;B00000008J;DMS
GL0577419H;02/02/2026;B00000002C;DRW
GL0001862R;02/02/2026;B00000008J;DMS
GL0453697P;02/02/2026;B00000008J;DMS
GL0218310E;02/02/2026;B00000003D;DSW
GL0002920T;02/02/2026;B00000008J;DMS
GL0002233M;02/02/2026;B00000008J;DMS
GL0003920E;02/02/2026;B00000008J;DMS
GL0603441D;02/02/2026;B00000007H;DEW
GL0006304N;02/02/2026;B00000008J;DMS
GL0005396G;02/02/2026;B00000008J;DMS
GL0217584E;02/02/2026;B00000004E;DCW
GL0014096T;02/02/2026;B00000008J;DMS
GL0007572E;02/02/2026;B00000002C;DRW
GL0610332J;02/02/2026;B00000005F;DNA
GL0634063B;02/02/2026;B00000008J;DMS
GL0453270E;02/02/2026;B00000008J;DMS
GL0007269K;02/02/2026;B00000008J;DMS
GL0592719V;02/02/2026;B00000004E;DCW
GL0627832W;02/02/2026;B00000008J;DMS
GL0004217S;02/02/2026;B00000008J;DMS
GL0004177X;02/02/2026;B00000008J;DMS
GL0549470Y;02/02/2026;B00000004E;DCW
GL0004764N;02/02/2026;B00000008J;DMS
GL0003782Y;02/02/2026;B00000008J;DMS
GL0186654G;02/02/2026;B00000008J;DMS
GL0004905Z;02/02/2026;B00000008J;DMS
GL0515426L;02/02/2026;B00000005F;DNA
GL0515427M;02/02/2026;B00000005F;DNA
GL0515630T;02/02/2026;B00000005F;DNA
GL0515299S;02/02/2026;B00000005F;DNA
GL0584361X;02/02/2026;B00000003D;DSW
GL0613178T;02/02/2026;B00000008J;DMS
GL0424947V;02/02/2026;B00000008J;DMS
GL0644889D;02/02/2026;B00000008J;DMS
GL0011695P;02/02/2026;B00000003D;DSW
GL0003067K;02/02/2026;B00000008J;DMS
GL0036830C;02/02/2026;B00000003D;DSW
GL0036829B;02/02/2026;B00000003D;DSW
GL0003424R;02/02/2026;B00000008J;DMS
GL0678929K;02/02/2026;B00000002C;DRW
GL0675956G;02/02/2026;B00000008J;DMS
GL0013707B;02/02/2026;B00000007H;DEW
GL0003802W;02/02/2026;B00000008J;DMS
GL0003784A;02/02/2026;B00000008J;DMS
GL0640224C;02/02/2026;B00000002C;DRW
GL0675471F;02/02/2026;B00000008J;DMS
GL0661020J;02/02/2026;B00000008J;DMS
GL0004206E;02/02/2026;B00000008J;DMS
GL0576187H;02/02/2026;B00000007H;DEW
GL0693369V;02/02/2026;B00000006G;DLS
GL0052184A;02/02/2026;B00000003D;DSW
GL0052182Y;02/02/2026;B00000003D;DSW
GL0052183Z;02/02/2026;B00000003D;DSW
GL0060830A;02/02/2026;B00000003D;DSW
GL0008320E;02/02/2026;B00000008J;DMS
GL1260615S;02/02/2026;B00000008J;DMS
GL0713230N;02/02/2026;B00000008J;DMS
GL0713361M;02/02/2026;B00000006G;DLS
GL0715960R;02/02/2026;B00000008J;DMS
GL0711814E;02/02/2026;B00000007H;DEW
GL0008861V;02/02/2026;B00000007H;DEW
GL0523111V;02/02/2026;B00000004E;DCW
GL0053377F;02/02/2026;B00000005F;DNA
GL0723547M;02/02/2026;B00000005F;DNA
GL0723608G;02/02/2026;B00000005F;DNA
GL0723618T;02/02/2026;B00000005F;DNA
GL0723741H;02/02/2026;B00000005F;DNA
GL0723801B;02/02/2026;B00000005F;DNA
GL0723818W;02/02/2026;B00000005F;DNA
GL0723754Y;02/02/2026;B00000005F;DNA
GL0733806W;02/02/2026;B00000005F;DNA
GL0796197V;02/02/2026;B00000005F;DNA
GL0723629F;02/02/2026;B00000005F;DNA
GL1393805V;02/02/2026;B00000005F;DNA
GL1487952E;02/02/2026;B00000005F;DNA
GL0722862J;02/02/2026;B00000006G;DLS
GL0720275V;02/02/2026;B00000008J;DMS
GL0057895P;02/02/2026;B00000003D;DSW
GL0004936J;02/02/2026;B00000008J;DMS
GL0008769P;02/02/2026;B00000007H;DEW
GL0013368R;02/02/2026;B00000005F;DNA
GL0004846G;02/02/2026;B00000008J;DMS
GL0006420W;02/02/2026;B00000008J;DMS
GL0742596J;02/02/2026;B00000008J;DMS
GL0013365M;02/02/2026;B00000005F;DNA
GL0014016C;02/02/2026;B00000008J;DMS
GL0746785V;02/02/2026;B00000005F;DNA
GL0742358N;02/02/2026;B00000007H;DEW
GL0726220A;02/02/2026;B00000004E;DCW
GL1241316L;02/02/2026;B00000004E;DCW
GL0746364R;02/02/2026;B00000008J;DMS
GL0744662G;02/02/2026;B00000008J;DMS
GL0657776Y;02/02/2026;B00000004E;DCW
GL0751531M;02/02/2026;B00000008J;DMS
GL0065088N;02/02/2026;B00000007H;DEW
GL0753262E;02/02/2026;B00000008J;DMS
GL0753603S;02/02/2026;B00000008J;DMS
GL0753247M;02/02/2026;B00000008J;DMS
GL0753627V;02/02/2026;B00000008J;DMS
GL0752926Y;02/02/2026;B00000008J;DMS
GL0754341F;02/02/2026;B00000008J;DMS
GL0753312L;02/02/2026;B00000008J;DMS
GL0755524A;02/02/2026;B00000008J;DMS
GL0756709X;02/02/2026;B00000008J;DMS
GL0746719V;02/02/2026;B00000004E;DCW
GL0756692C;02/02/2026;B00000008J;DMS
GL0756703P;02/02/2026;B00000008J;DMS
GL0715072G;02/02/2026;B00000003D;DSW
GL0004735F;02/02/2026;B00000008J;DMS
GL0760188A;02/02/2026;B00000008J;DMS
GL0762849Z;02/02/2026;B00000008J;DMS
GL0753616G;02/02/2026;B00000008J;DMS
GL0620114A;02/02/2026;B00000004E;DCW
GL0027066G;02/02/2026;B00000004E;DCW
GL0005405S;02/02/2026;B00000008J;DMS
GL0002406J;02/02/2026;B00000008J;DMS
GL0005456A;02/02/2026;B00000008J;DMS
GL0220809V;02/02/2026;B00000003D;DSW
GL0220810W;02/02/2026;B00000003D;DSW
GL0775607X;02/02/2026;B00000003D;DSW
GL0220808T;02/02/2026;B00000003D;DSW
GL0765149M;02/02/2026;B00000008J;DMS
GL0768136G;02/02/2026;B00000008J;DMS
GL0768120N;02/02/2026;B00000008J;DMS
GL0006258L;02/02/2026;B00000008J;DMS
GL0006050A;02/02/2026;B00000008J;DMS
GL0020527B;02/02/2026;B00000006G;DLS
GL0054863V;02/02/2026;B00000004E;DCW
GL0054870C;02/02/2026;B00000004E;DCW
GL0054873F;02/02/2026;B00000004E;DCW
GL0054856L;02/02/2026;B00000004E;DCW
GL0054861S;02/02/2026;B00000004E;DCW
GL0054865X;02/02/2026;B00000004E;DCW
GL0797702E;02/02/2026;B00000004E;DCW
GL0004194R;02/02/2026;B00000008J;DMS
GL0776778C;02/02/2026;B00000008J;DMS
GL0936800W;02/02/2026;B00000004E;DCW
GL0797679D;02/02/2026;B00000004E;DCW
GL0936809F;02/02/2026;B00000004E;DCW
GL0003826Y;02/02/2026;B00000008J;DMS
GL0746784T;02/02/2026;B00000008J;DMS
GL0747501H;02/02/2026;B00000008J;DMS
GL0806824W;02/02/2026;B00000008J;DMS
GL0746745Z;02/02/2026;B00000008J;DMS
GL0746775H;02/02/2026;B00000008J;DMS
GL0746794E;02/02/2026;B00000008J;DMS
GL0746029K;02/02/2026;B00000008J;DMS
GL0005525D;02/02/2026;B00000008J;DMS
GL0008094Y;02/02/2026;B00000008J;DMS
GL0216822N;02/02/2026;B00000008J;DMS
GL0781254N;02/02/2026;B00000007H;DEW
GL0782320A;02/02/2026;B00000002C;DRW
GL0022587S;02/02/2026;B00000008J;DMS
GL0002879X;02/02/2026;B00000008J;DMS
GL0002681X;02/02/2026;B00000008J;DMS
GL0695167M;02/02/2026;B00000003D;DSW
GL0011444E;02/02/2026;B00000003D;DSW
GL0695375Z;02/02/2026;B00000003D;DSW
GL0797835F;02/02/2026;B00000004E;DCW
GL0005290L;02/02/2026;B00000008J;DMS
GL0005027M;02/02/2026;B00000008J;DMS
GL0006175S;02/02/2026;B00000008J;DMS
GL0218398E;02/02/2026;B00000007H;DEW
GL0001889X;02/02/2026;B00000008J;DMS
GL0749978Y;02/02/2026;B00000002C;DRW
GL0797726G;02/02/2026;B00000008J;DMS
GL0009261Z;02/02/2026;B00000008J;DMS
GL0036193D;02/02/2026;B00000003D;DSW
GL0008994W;02/02/2026;B00000007H;DEW
GL0829900T;02/02/2026;B00000006G;DLS
GL0497651M;02/02/2026;B00000007H;DEW
GL1174236J;02/02/2026;B00000002C;DRW
GL0024286Y;02/02/2026;B00000002C;DRW
GL1148292C;02/02/2026;B00000002C;DRW
GL0024342L;02/02/2026;B00000002C;DRW
GL1148242W;02/02/2026;B00000002C;DRW
GL1147964E;02/02/2026;B00000002C;DRW
GL0024344N;02/02/2026;B00000002C;DRW
GL0024347S;02/02/2026;B00000002C;DRW
GL0024339H;02/02/2026;B00000002C;DRW
GL1190052G;02/02/2026;B00000002C;DRW
GL1134631D;02/02/2026;B00000002C;DRW
GL1134644T;02/02/2026;B00000002C;DRW
GL0550038T;02/02/2026;B00000002C;DRW
GL1148043V;02/02/2026;B00000002C;DRW
GL0024311B;02/02/2026;B00000002C;DRW
GL1358419H;02/02/2026;B00000002C;DRW
GL0024337F;02/02/2026;B00000002C;DRW
GL0024288A;02/02/2026;B00000002C;DRW
GL0024340J;02/02/2026;B00000002C;DRW
GL1344183F;02/02/2026;B00000002C;DRW
GL0024287Z;02/02/2026;B00000002C;DRW
GL1174262N;02/02/2026;B00000002C;DRW
GL0024326T;02/02/2026;B00000002C;DRW
GL1467359D;02/02/2026;B00000002C;DRW
GL0846864W;02/02/2026;B00000005F;DNA
GL0380879S;02/02/2026;B00000008J;DMS
GL0010589H;02/02/2026;B00000008J;DMS
GL0010683P;02/02/2026;B00000008J;DMS
GL0010662R;02/02/2026;B00000008J;DMS
GL0010557X;02/02/2026;B00000008J;DMS
GL0220447H;02/02/2026;B00000008J;DMS
GL0010677H;02/02/2026;B00000008J;DMS
GL1084985M;02/02/2026;B00000008J;DMS
GL0010649B;02/02/2026;B00000008J;DMS
GL0006763K;02/02/2026;B00000008J;DMS
GL0018531H;02/02/2026;B00000007H;DEW
GL0869393X;02/02/2026;B00000008J;DMS
GL0869423F;02/02/2026;B00000008J;DMS
GL0869430N;02/02/2026;B00000008J;DMS
GL0869436W;02/02/2026;B00000008J;DMS
GL0010916E;02/02/2026;B00000004E;DCW
GL0867633X;02/02/2026;B00000005F;DNA
GL0871182E;02/02/2026;B00000008J;DMS
GL0514409F;02/02/2026;B00000003D;DSW
GL0514413K;02/02/2026;B00000003D;DSW
GL0514414L;02/02/2026;B00000003D;DSW
GL0508905B;02/02/2026;B00000003D;DSW
GL0514438N;02/02/2026;B00000003D;DSW
GL0873818A;02/02/2026;B00000008J;DMS
GL0056153K;02/02/2026;B00000002C;DRW
GL0860473K;02/02/2026;B00000007H;DEW
GL0877756A;02/02/2026;B00000008J;DMS
GL0865135H;02/02/2026;B00000004E;DCW
GL0865118N;02/02/2026;B00000004E;DCW
GL0855692C;02/02/2026;B00000002C;DRW
GL0212182R;02/02/2026;B00000004E;DCW
GL0020286C;02/02/2026;B00000006G;DLS
GL0880938R;02/02/2026;B00000002C;DRW
GL0885810C;02/02/2026;B00000008J;DMS
GL0884551X;02/02/2026;B00000008J;DMS
GL0006989S;02/02/2026;B00000008J;DMS
GL0890926R;02/02/2026;B00000008J;DMS
GL0899703P;02/02/2026;B00000008J;DMS
GL1118594E;02/02/2026;B00000002C;DRW
GL0044372Y;02/02/2026;B00000002C;DRW
GL0044311D;02/02/2026;B00000002C;DRW
GL0044377D;02/02/2026;B00000002C;DRW
GL0044329Z;02/02/2026;B00000002C;DRW
GL0044353B;02/02/2026;B00000002C;DRW
GL0044359H;02/02/2026;B00000002C;DRW
GL0004568R;02/02/2026;B00000008J;DMS
GL0887789B;02/02/2026;B00000006G;DLS
GL0007200G;02/02/2026;B00000008J;DMS
GL0899691B;02/02/2026;B00000008J;DMS
GL0347551V;02/02/2026;B00000003D;DSW
GL0019986L;02/02/2026;B00000006G;DLS
GL0882004C;02/02/2026;B00000003D;DSW
GL0907109F;02/02/2026;B00000008J;DMS
GL0008340C;02/02/2026;B00000008J;DMS
GL1157230J;02/02/2026;B00000005F;DNA
GL0466042T;02/02/2026;B00000008J;DMS
GL0885263F;02/02/2026;B00000007H;DEW
GL0912466T;02/02/2026;B00000004E;DCW
GL0917538G;02/02/2026;B00000008J;DMS
GL0912478G;02/02/2026;B00000004E;DCW
GL0002908E;02/02/2026;B00000008J;DMS
GL0918062C;02/02/2026;B00000008J;DMS
GL0002307X;02/02/2026;B00000008J;DMS
GL0920328C;02/02/2026;B00000008J;DMS
GL0002300N;02/02/2026;B00000008J;DMS
GL0920519V;02/02/2026;B00000008J;DMS
GL0922282Y;02/02/2026;B00000008J;DMS
GL0922118L;02/02/2026;B00000008J;DMS
GL0004257M;02/02/2026;B00000008J;DMS
GL0019766L;02/02/2026;B00000006G;DLS
GL0917612R;02/02/2026;B00000008J;DMS
GL0920301X;02/02/2026;B00000008J;DMS
GL0922255S;02/02/2026;B00000008J;DMS
GL0019889B;02/02/2026;B00000006G;DLS
GL0018409V;02/02/2026;B00000008J;DMS
GL0983141F;02/02/2026;B00000002C;DRW
GL0005203M;02/02/2026;B00000008J;DMS
GL0004286W;02/02/2026;B00000008J;DMS
GL0005185S;02/02/2026;B00000008J;DMS
GL0932951X;02/02/2026;B00000008J;DMS
GL0933106Y;02/02/2026;B00000008J;DMS
GL1344219X;02/02/2026;B00000004E;DCW
GL1360004J;02/02/2026;B00000004E;DCW
GL1344222A;02/02/2026;B00000004E;DCW
GL0218097M;02/02/2026;B00000008J;DMS
GL0933935P;02/02/2026;B00000008J;DMS
GL0933943Z;02/02/2026;B00000008J;DMS
GL0933915S;02/02/2026;B00000008J;DMS
GL0933091F;02/02/2026;B00000008J;DMS
GL0942835D;02/02/2026;B00000008J;DMS
GL0933023D;02/02/2026;B00000008J;DMS
GL0941113X;02/02/2026;B00000004E;DCW
GL0013054J;02/02/2026;B00000008J;DMS
GL0009790A;02/02/2026;B00000007H;DEW
GL0943788L;02/02/2026;B00000008J;DMS
GL0942457Z;02/02/2026;B00000008J;DMS
GL0006348N;02/02/2026;B00000008J;DMS
GL0004805K;02/02/2026;B00000008J;DMS
GL0942809Z;02/02/2026;B00000008J;DMS
GL0919274E;02/02/2026;B00000007H;DEW
GL0003921F;02/02/2026;B00000008J;DMS
GL0943196N;02/02/2026;B00000008J;DMS
GL0943210E;02/02/2026;B00000008J;DMS
GL0943300G;02/02/2026;B00000008J;DMS
GL0943766L;02/02/2026;B00000008J;DMS
GL0943762G;02/02/2026;B00000008J;DMS
GL0922400G;02/02/2026;B00000008J;DMS
GL0013089Z;02/02/2026;B00000008J;DMS
GL0948933H;02/02/2026;B00000008J;DMS
GL0927998T;02/02/2026;B00000007H;DEW
GL0950567P;02/02/2026;B00000008J;DMS
GL0947873D;02/02/2026;B00000008J;DMS
GL0927953S;02/02/2026;B00000007H;DEW
GL0009453S;02/02/2026;B00000007H;DEW
GL0922589X;02/02/2026;B00000005F;DNA
GL0927829B;02/02/2026;B00000007H;DEW
GL0007391Z;02/02/2026;B00000002C;DRW
GL0959215S;02/02/2026;B00000008J;DMS
GL0060180L;02/02/2026;B00000004E;DCW
GL0060174E;02/02/2026;B00000004E;DCW
GL0060175F;02/02/2026;B00000004E;DCW
GL0060177H;02/02/2026;B00000004E;DCW
GL0004389M;02/02/2026;B00000008J;DMS
GL0003829B;02/02/2026;B00000008J;DMS
GL0012816N;02/02/2026;B00000008J;DMS
GL0481127K;02/02/2026;B00000008J;DMS
GL1174209D;02/02/2026;B00000002C;DRW
GL0031814C;02/02/2026;B00000005F;DNA
GL0220495M;02/02/2026;B00000005F;DNA
GL0031801M;02/02/2026;B00000005F;DNA
GL0031808W;02/02/2026;B00000005F;DNA
GL0031812A;02/02/2026;B00000005F;DNA
GL0031809X;02/02/2026;B00000005F;DNA
GL0031813B;02/02/2026;B00000005F;DNA
GL0031806T;02/02/2026;B00000005F;DNA
GL0031807V;02/02/2026;B00000005F;DNA
GL1019343V;02/02/2026;B00000005F;DNA
GL0008231D;02/02/2026;B00000008J;DMS
GL0030497F;02/02/2026;B00000003D;DSW
GL0217895H;02/02/2026;B00000003D;DSW
GL0012072T;02/02/2026;B00000003D;DSW
GL0970865F;02/02/2026;B00000008J;DMS
GL0231289D;02/02/2026;B00000002C;DRW
GL0967043M;02/02/2026;B00000002C;DRW
GL0003591F;02/02/2026;B00000008J;DMS
GL0392169X;02/02/2026;B00000008J;DMS
GL0003607Z;02/02/2026;B00000008J;DMS
GL0003812G;02/02/2026;B00000008J;DMS
GL0975910N;02/02/2026;B00000006G;DLS
GL0975915V;02/02/2026;B00000006G;DLS
GL0975903F;02/02/2026;B00000006G;DLS
GL0975856C;02/02/2026;B00000006G;DLS
GL0975894W;02/02/2026;B00000006G;DLS
GL0975898A;02/02/2026;B00000006G;DLS
GL0013486A;02/02/2026;B00000005F;DNA
GL0048316E;02/02/2026;B00000006G;DLS
GL0012698E;02/02/2026;B00000003D;DSW
GL0003824W;02/02/2026;B00000008J;DMS
GL0232152J;02/02/2026;B00000008J;DMS
GL0397913Z;02/02/2026;B00000007H;DEW
GL0995010T;02/02/2026;B00000002C;DRW
GL0028046W;02/02/2026;B00000004E;DCW
GL0011003D;02/02/2026;B00000008J;DMS
GL1483797H;02/02/2026;B00000004E;DCW
GL0019333V;02/02/2026;B00000007H;DEW
GL0030494C;02/02/2026;B00000003D;DSW
GL0024341K;02/02/2026;B00000002C;DRW
GL0006441V;02/02/2026;B00000008J;DMS
GL1008248L;02/02/2026;B00000007H;DEW
GL0009438A;02/02/2026;B00000007H;DEW
GL0979017V;02/02/2026;B00000003D;DSW
GL0019300G;02/02/2026;B00000008J;DMS
GL0004208G;02/02/2026;B00000008J;DMS
GL0003760Y;02/02/2026;B00000008J;DMS
GL0027306E;02/02/2026;B00000005F;DNA
GL1030932N;02/02/2026;B00000008J;DMS
GL0027938Y;02/02/2026;B00000007H;DEW
GL0021025S;02/02/2026;B00000006G;DLS
GL0952930A;02/02/2026;B00000003D;DSW
GL1011674E;02/02/2026;B00000007H;DEW
GL0027129D;02/02/2026;B00000004E;DCW
GL0006879S;02/02/2026;B00000008J;DMS
GL0231194W;02/02/2026;B00000008J;DMS
GL0012497B;02/02/2026;B00000008J;DMS
GL1111010L;02/02/2026;B00000002C;DRW
GL0007125X;02/02/2026;B00000008J;DMS
GL0012496A;02/02/2026;B00000008J;DMS
GL0541468E;02/02/2026;B00000002C;DRW
GL1107860G;02/02/2026;B00000002C;DRW
GL1107864L;02/02/2026;B00000002C;DRW
GL0231507B;02/02/2026;B00000002C;DRW
GL0007068G;02/02/2026;B00000008J;DMS
GL1111022A;02/02/2026;B00000002C;DRW
GL0231512G;02/02/2026;B00000002C;DRW
GL0007039Z;02/02/2026;B00000008J;DMS
GL1030974L;02/02/2026;B00000008J;DMS
GL0999790A;02/02/2026;B00000007H;DEW
GL1001323S;02/02/2026;B00000002C;DRW
GL1561833K;02/02/2026;B00000003D;DSW
GL0063124G;02/02/2026;B00000003D;DSW
GL0063138Y;02/02/2026;B00000003D;DSW
GL0063320E;02/02/2026;B00000003D;DSW
GL0063143D;02/02/2026;B00000003D;DSW
GL0063159X;02/02/2026;B00000003D;DSW
GL0608261F;02/02/2026;B00000003D;DSW
GL0031947D;02/02/2026;B00000003D;DSW
GL0063140A;02/02/2026;B00000003D;DSW
GL0063141B;02/02/2026;B00000003D;DSW
GL0063144E;02/02/2026;B00000003D;DSW
GL0011524W;02/02/2026;B00000003D;DSW
GL1035024N;02/02/2026;B00000008J;DMS
GL0063158W;02/02/2026;B00000003D;DSW
GL0011526Y;02/02/2026;B00000003D;DSW
GL0057639Z;02/02/2026;B00000003D;DSW
GL1047330Y;02/02/2026;B00000003D;DSW
GL0063103H;02/02/2026;B00000003D;DSW
GL0063139Z;02/02/2026;B00000003D;DSW
GL0063114W;02/02/2026;B00000003D;DSW
GL0063118A;02/02/2026;B00000003D;DSW
GL0063149K;02/02/2026;B00000003D;DSW
GL0063146G;02/02/2026;B00000003D;DSW
GL0063128L;02/02/2026;B00000003D;DSW
GL0063121D;02/02/2026;B00000003D;DSW
GL0063134T;02/02/2026;B00000003D;DSW
GL0063131P;02/02/2026;B00000003D;DSW
GL0031951H;02/02/2026;B00000003D;DSW
GL1017757S;02/02/2026;B00000007H;DEW
GL0298810G;02/02/2026;B00000008J;DMS
GL0298825Z;02/02/2026;B00000008J;DMS
GL0298822W;02/02/2026;B00000008J;DMS
GL0298837M;02/02/2026;B00000008J;DMS
GL0298860N;02/02/2026;B00000008J;DMS
GL0298864T;02/02/2026;B00000008J;DMS
GL0298914A;02/02/2026;B00000008J;DMS
GL0036885P;02/02/2026;B00000003D;DSW
GL0048772Y;02/02/2026;B00000006G;DLS
GL0890403X;02/02/2026;B00000005F;DNA
GL1062202Y;02/02/2026;B00000008J;DMS
GL0992575B;02/02/2026;B00000006G;DLS
GL0006068W;02/02/2026;B00000008J;DMS
GL0639428Y;02/02/2026;B00000008J;DMS
GL0019883V;02/02/2026;B00000006G;DLS
GL1043573D;02/02/2026;B00000002C;DRW
GL0218453S;02/02/2026;B00000008J;DMS
GL0005301Z;02/02/2026;B00000008J;DMS
GL1047543P;02/02/2026;B00000002C;DRW
GL1068156N;02/02/2026;B00000008J;DMS
GL1069584L;02/02/2026;B00000008J;DMS
GL1069604J;02/02/2026;B00000008J;DMS
GL1068145B;02/02/2026;B00000008J;DMS
GL1059908R;02/02/2026;B00000004E;DCW
GL1021779M;02/02/2026;B00000005F;DNA
GL0009510G;02/02/2026;B00000007H;DEW
GL1051739H;02/02/2026;B00000002C;DRW
GL1069618A;02/02/2026;B00000008J;DMS
GL0039456L;02/02/2026;B00000004E;DCW
GL0039450E;02/02/2026;B00000004E;DCW
GL1296089D;02/02/2026;B00000004E;DCW
GL1029867D;02/02/2026;B00000008J;DMS
GL1029868E;02/02/2026;B00000008J;DMS
GL0231193V;02/02/2026;B00000008J;DMS
GL0291799P;02/02/2026;B00000008J;DMS
GL0006661V;02/02/2026;B00000008J;DMS
GL1080997F;02/02/2026;B00000008J;DMS
GL0026911F;02/02/2026;B00000004E;DCW
GL0061255H;02/02/2026;B00000008J;DMS
GL0026907B;02/02/2026;B00000004E;DCW
GL0061247Z;02/02/2026;B00000008J;DMS
GL0060048L;02/02/2026;B00000004E;DCW
GL0217208C;02/02/2026;B00000004E;DCW
GL0026917M;02/02/2026;B00000004E;DCW
GL0061244W;02/02/2026;B00000008J;DMS
GL0061248A;02/02/2026;B00000008J;DMS
GL0061249B;02/02/2026;B00000008J;DMS
GL0026906A;02/02/2026;B00000004E;DCW
GL0026912G;02/02/2026;B00000004E;DCW
GL0061238N;02/02/2026;B00000008J;DMS
GL0957679X;02/02/2026;B00000008J;DMS
GL0957681Z;02/02/2026;B00000008J;DMS
GL1244516Y;02/02/2026;B00000008J;DMS
GL0061222W;02/02/2026;B00000008J;DMS
GL0061231F;02/02/2026;B00000008J;DMS
GL0061232G;02/02/2026;B00000008J;DMS
GL0957682A;02/02/2026;B00000008J;DMS
GL0018522Y;02/02/2026;B00000007H;DEW
GL0004190L;02/02/2026;B00000008J;DMS
GL0020545X;02/02/2026;B00000006G;DLS
GL0009513K;02/02/2026;B00000007H;DEW
GL0004189K;02/02/2026;B00000008J;DMS
GL1088243P;02/02/2026;B00000008J;DMS
GL1088266R;02/02/2026;B00000008J;DMS
GL0664554A;02/02/2026;B00000008J;DMS
GL0008333V;02/02/2026;B00000008J;DMS
GL0388392E;02/02/2026;B00000004E;DCW
GL0391945S;02/02/2026;B00000004E;DCW
GL0391937H;02/02/2026;B00000004E;DCW
GL0391946T;02/02/2026;B00000004E;DCW
GL0391940L;02/02/2026;B00000004E;DCW
GL0391947V;02/02/2026;B00000004E;DCW
GL0391942N;02/02/2026;B00000004E;DCW
GL0391948W;02/02/2026;B00000004E;DCW
GL0391943P;02/02/2026;B00000004E;DCW
GL0391944R;02/02/2026;B00000004E;DCW
GL0572519P;02/02/2026;B00000004E;DCW
GL0391949X;02/02/2026;B00000004E;DCW
GL0391950Y;02/02/2026;B00000004E;DCW
GL0009837D;02/02/2026;B00000008J;DMS
GL1096981V;02/02/2026;B00000008J;DMS
GL0004174T;02/02/2026;B00000008J;DMS
GL0021010A;02/02/2026;B00000006G;DLS
GL1088285M;02/02/2026;B00000008J;DMS
GL1097007Z;02/02/2026;B00000008J;DMS
GL1101765F;02/02/2026;B00000008J;DMS
GL0957869M;02/02/2026;B00000008J;DMS
GL0018534L;02/02/2026;B00000007H;DEW
GL1106095B;02/02/2026;B00000006G;DLS
GL0506475P;02/02/2026;B00000008J;DMS
GL1107183M;02/02/2026;B00000008J;DMS
GL1107211V;02/02/2026;B00000008J;DMS
GL1107198E;02/02/2026;B00000008J;DMS
GL1112738A;02/02/2026;B00000008J;DMS
GL1112788G;02/02/2026;B00000008J;DMS
GL0004301M;02/02/2026;B00000008J;DMS
GL0004193P;02/02/2026;B00000008J;DMS
GL1114333M;02/02/2026;B00000008J;DMS
GL0623091H;02/02/2026;B00000008J;DMS
GL0004237P;02/02/2026;B00000008J;DMS
GL1112801X;02/02/2026;B00000008J;DMS
GL0957680Y;02/02/2026;B00000008J;DMS
GL0022101P;02/02/2026;B00000008J;DMS
GL1114893Z;02/02/2026;B00000008J;DMS
GL0046388N;02/02/2026;B00000003D;DSW
GL1243557H;02/02/2026;B00000003D;DSW
GL0028728W;02/02/2026;B00000003D;DSW
GL1112841S;02/02/2026;B00000008J;DMS
GL0294740G;02/02/2026;B00000007H;DEW
GL0294731X;02/02/2026;B00000007H;DEW
GL0232820T;02/02/2026;B00000007H;DEW
GL1114956W;02/02/2026;B00000008J;DMS
GL1121212E;02/02/2026;B00000008J;DMS
GL0020243D;02/02/2026;B00000007H;DEW
GL1114327F;02/02/2026;B00000008J;DMS
GL1126152T;02/02/2026;B00000008J;DMS
GL0218120N;02/02/2026;B00000003D;DSW
GL1120334G;02/02/2026;B00000008J;DMS
GL0036800T;02/02/2026;B00000003D;DSW
GL1121193H;02/02/2026;B00000008J;DMS
GL1121200R;02/02/2026;B00000008J;DMS
GL0006414N;02/02/2026;B00000008J;DMS
GL1135503V;02/02/2026;B00000008J;DMS
GL1124376A;02/02/2026;B00000008J;DMS
GL0935241Z;02/02/2026;B00000003D;DSW
GL0220788W;02/02/2026;B00000006G;DLS
GL1127096R;02/02/2026;B00000002C;DRW
GL1130536A;02/02/2026;B00000008J;DMS
GL1135532C;02/02/2026;B00000008J;DMS
GL0025016C;02/02/2026;B00000004E;DCW
GL0232664R;02/02/2026;B00000004E;DCW
GL1142178E;02/02/2026;B00000002C;DRW
GL1141529S;02/02/2026;B00000008J;DMS
GL0027271P;02/02/2026;B00000005F;DNA
GL1130483P;02/02/2026;B00000008J;DMS
GL0027092L;02/02/2026;B00000004E;DCW
GL0059712E;02/02/2026;B00000004E;DCW
GL0009597F;02/02/2026;B00000007H;DEW
GL1092986E;02/02/2026;B00000008J;DMS
GL1142816E;02/02/2026;B00000008J;DMS
GL1138008R;02/02/2026;B00000008J;DMS
GL1142827S;02/02/2026;B00000008J;DMS
GL1149460E;02/02/2026;B00000008J;DMS
GL1092124A;02/02/2026;B00000008J;DMS
GL0003988G;02/02/2026;B00000008J;DMS
GL0004272E;02/02/2026;B00000008J;DMS
GL1155016T;02/02/2026;B00000008J;DMS
GL0218356G;02/02/2026;B00000003D;DSW
GL0057849M;02/02/2026;B00000003D;DSW
GL0036815K;02/02/2026;B00000003D;DSW
GL1117807K;02/02/2026;B00000005F;DNA
GL0591175P;02/02/2026;B00000003D;DSW
GL0591179V;02/02/2026;B00000003D;DSW
GL1106564J;02/02/2026;B00000003D;DSW
GL0012045M;02/02/2026;B00000003D;DSW
GL1159897P;02/02/2026;B00000002C;DRW
GL1162770E;02/02/2026;B00000008J;DMS
GL0005056W;02/02/2026;B00000008J;DMS
GL1161613P;02/02/2026;B00000008J;DMS
GL1161774Y;02/02/2026;B00000008J;DMS
GL0006435M;02/02/2026;B00000008J;DMS
GL0011253M;02/02/2026;B00000003D;DSW
GL1164016W;02/02/2026;B00000008J;DMS
GL0411656R;02/02/2026;B00000003D;DSW
GL0042504A;02/02/2026;B00000003D;DSW
GL1095821B;02/02/2026;B00000002C;DRW
GL1095870G;02/02/2026;B00000002C;DRW
GL1095987P;02/02/2026;B00000002C;DRW
GL1096033S;02/02/2026;B00000002C;DRW
GL1095881V;02/02/2026;B00000002C;DRW
GL1095893H;02/02/2026;B00000002C;DRW
GL1095898N;02/02/2026;B00000002C;DRW
GL1095909B;02/02/2026;B00000002C;DRW
GL1095945S;02/02/2026;B00000002C;DRW
GL1095901S;02/02/2026;B00000002C;DRW
GL1140526C;02/02/2026;B00000004E;DCW
GL1140547B;02/02/2026;B00000004E;DCW
GL1162390Y;02/02/2026;B00000002C;DRW
GL1016981K;02/02/2026;B00000008J;DMS
GL1174377V;02/02/2026;B00000005F;DNA
GL0036423P;02/02/2026;B00000003D;DSW
GL0638329Z;02/02/2026;B00000008J;DMS
GL0008331S;02/02/2026;B00000008J;DMS
GL1176248W;02/02/2026;B00000007H;DEW
GL0668550R;02/02/2026;B00000007H;DEW
GL1017003K;02/02/2026;B00000008J;DMS
GL1108831K;02/02/2026;B00000003D;DSW
GL1194473F;02/02/2026;B00000008J;DMS
GL0290774A;02/02/2026;B00000008J;DMS
GL0037797B;02/02/2026;B00000003D;DSW
GL1174256G;02/02/2026;B00000002C;DRW
GL1187620T;02/02/2026;B00000008J;DMS
GL0831706W;02/02/2026;B00000008J;DMS
GL0027292N;02/02/2026;B00000005F;DNA
GL0888646A;02/02/2026;B00000008J;DMS
GL1192988T;02/02/2026;B00000003D;DSW
GL1231081F;02/02/2026;B00000003D;DSW
GL1230385P;02/02/2026;B00000003D;DSW
GL1231226W;02/02/2026;B00000003D;DSW
GL1231107K;02/02/2026;B00000003D;DSW
GL1231414J;02/02/2026;B00000003D;DSW
GL1193061B;02/02/2026;B00000003D;DSW
GL0006023V;02/02/2026;B00000008J;DMS
GL0036520A;02/02/2026;B00000003D;DSW
GL1230514L;02/02/2026;B00000003D;DSW
GL1230518R;02/02/2026;B00000003D;DSW
GL1230425K;02/02/2026;B00000003D;DSW
GL1231260J;02/02/2026;B00000003D;DSW
GL1231262L;02/02/2026;B00000003D;DSW
GL1231384A;02/02/2026;B00000003D;DSW
GL1231249X;02/02/2026;B00000003D;DSW
GL1231036E;02/02/2026;B00000003D;DSW
GL1230535K;02/02/2026;B00000003D;DSW
GL1231509S;02/02/2026;B00000003D;DSW
GL1230528C;02/02/2026;B00000003D;DSW
GL1231020L;02/02/2026;B00000003D;DSW
GL1193116N;02/02/2026;B00000003D;DSW
GL1192997D;02/02/2026;B00000003D;DSW
GL1231040J;02/02/2026;B00000003D;DSW
GL1205907Z;02/02/2026;B00000008J;DMS
GL1231401V;02/02/2026;B00000003D;DSW
GL1193100W;02/02/2026;B00000003D;DSW
GL1193114L;02/02/2026;B00000003D;DSW
GL1230447K;02/02/2026;B00000003D;DSW
GL1203918N;02/02/2026;B00000005F;DNA
GL1230493M;02/02/2026;B00000003D;DSW
GL1231045P;02/02/2026;B00000003D;DSW
GL1231066N;02/02/2026;B00000003D;DSW
GL1231073X;02/02/2026;B00000003D;DSW
GL1230437Z;02/02/2026;B00000003D;DSW
GL1231407B;02/02/2026;B00000003D;DSW
GL1231408C;02/02/2026;B00000003D;DSW
GL1370050A;02/02/2026;B00000003D;DSW
GL1231180T;02/02/2026;B00000003D;DSW
GL1193078W;02/02/2026;B00000003D;DSW
GL1192975D;02/02/2026;B00000003D;DSW
GL1230396C;02/02/2026;B00000003D;DSW
GL1231090R;02/02/2026;B00000003D;DSW
GL1231097Z;02/02/2026;B00000003D;DSW
GL1230490J;02/02/2026;B00000003D;DSW
GL1193105B;02/02/2026;B00000003D;DSW
GL1231192G;02/02/2026;B00000003D;DSW
GL1231224T;02/02/2026;B00000003D;DSW
GL1231233D;02/02/2026;B00000003D;DSW
GL1222210A;02/02/2026;B00000003D;DSW
GL1230405M;02/02/2026;B00000003D;DSW
GL1230414Y;02/02/2026;B00000003D;DSW
GL1230423H;02/02/2026;B00000003D;DSW
GL0020425K;02/02/2026;B00000006G;DLS
GL0002375Z;02/02/2026;B00000008J;DMS
GL0218311F;02/02/2026;B00000003D;DSW
GL0917472G;02/02/2026;B00000005F;DNA
GL0218481Z;02/02/2026;B00000006G;DLS
GL1220810J;02/02/2026;B00000006G;DLS
GL0063473D;02/02/2026;B00000003D;DSW
GL1505837D;02/02/2026;B00000003D;DSW
GL0035050E;02/02/2026;B00000003D;DSW
GL0382087P;02/02/2026;B00000007H;DEW
GL0046799F;02/02/2026;B00000003D;DSW
GL0046801H;02/02/2026;B00000003D;DSW
GL0046804L;02/02/2026;B00000003D;DSW
GL0046806N;02/02/2026;B00000003D;DSW
GL1192749X;02/02/2026;B00000003D;DSW
GL1229851H;02/02/2026;B00000008J;DMS
GL1253941H;02/02/2026;B00000003D;DSW
GL1253938E;02/02/2026;B00000003D;DSW
GL1253947P;02/02/2026;B00000003D;DSW
GL1253974W;02/02/2026;B00000003D;DSW
GL1254008J;02/02/2026;B00000003D;DSW
GL0046802J;02/02/2026;B00000003D;DSW
GL1253955Z;02/02/2026;B00000003D;DSW
GL1254010L;02/02/2026;B00000003D;DSW
GL0046794A;02/02/2026;B00000003D;DSW
GL0046796C;02/02/2026;B00000003D;DSW
GL0046797D;02/02/2026;B00000003D;DSW
GL0046811V;02/02/2026;B00000003D;DSW
GL1253986J;02/02/2026;B00000003D;DSW
GL1253995V;02/02/2026;B00000003D;DSW
GL1253998Y;02/02/2026;B00000003D;DSW
GL0973179K;02/02/2026;B00000003D;DSW
GL1269275H;02/02/2026;B00000008J;DMS
GL0015175V;02/02/2026;B00000008J;DMS
GL0062538R;02/02/2026;B00000005F;DNA
GL1211061F;02/02/2026;B00000006G;DLS
GL1220376R;02/02/2026;B00000003D;DSW
GL1259202L;02/02/2026;B00000008J;DMS
GL1259215B;02/02/2026;B00000008J;DMS
GL1259222J;02/02/2026;B00000008J;DMS
GL1251074A;02/02/2026;B00000008J;DMS
GL0052146G;02/02/2026;B00000005F;DNA
GL0052145F;02/02/2026;B00000005F;DNA
GL0053333F;02/02/2026;B00000005F;DNA
GL0014740A;02/02/2026;B00000008J;DMS
GL0005849X;02/02/2026;B00000008J;DMS
GL0012420N;02/02/2026;B00000008J;DMS
GL0012421P;02/02/2026;B00000008J;DMS
GL0012450Y;02/02/2026;B00000008J;DMS
GL0012451Z;02/02/2026;B00000008J;DMS
GL0012349H;02/02/2026;B00000008J;DMS
GL1090537X;02/02/2026;B00000004E;DCW
GL0034927P;02/02/2026;B00000003D;DSW
GL0002892L;02/02/2026;B00000008J;DMS
GL1246639K;02/02/2026;B00000008J;DMS
GL0004188J;02/02/2026;B00000008J;DMS
GL0008233F;02/02/2026;B00000008J;DMS
GL0004844E;02/02/2026;B00000008J;DMS
GL0016434A;02/02/2026;B00000008J;DMS
GL0395627B;02/02/2026;B00000008J;DMS
GL0384056C;02/02/2026;B00000007H;DEW
GL0004225B;02/02/2026;B00000008J;DMS
GL1267665D;02/02/2026;B00000008J;DMS
GL0013084T;02/02/2026;B00000008J;DMS
GL1279445P;02/02/2026;B00000008J;DMS
GL1258491D;02/02/2026;B00000008J;DMS
GL1239212W;02/02/2026;B00000002C;DRW
GL1275404Y;02/02/2026;B00000002C;DRW
GL0064271K;02/02/2026;B00000004E;DCW
GL0064276R;02/02/2026;B00000004E;DCW
GL0064273M;02/02/2026;B00000004E;DCW
GL0064278T;02/02/2026;B00000004E;DCW
GL0064275P;02/02/2026;B00000004E;DCW
GL0025032W;02/02/2026;B00000004E;DCW
GL0359676Y;02/02/2026;B00000002C;DRW
GL1275887X;02/02/2026;B00000008J;DMS
GL0043340A;02/02/2026;B00000002C;DRW
GL0472522G;02/02/2026;B00000002C;DRW
GL0043336W;02/02/2026;B00000002C;DRW
GL1295043P;02/02/2026;B00000002C;DRW
GL1036972C;02/02/2026;B00000002C;DRW
GL0043350L;02/02/2026;B00000002C;DRW
GL0043339Z;02/02/2026;B00000002C;DRW
GL0776988R;02/02/2026;B00000002C;DRW
GL0022602J;02/02/2026;B00000002C;DRW
GL0043355S;02/02/2026;B00000002C;DRW
GL0043330N;02/02/2026;B00000002C;DRW
GL0043331P;02/02/2026;B00000002C;DRW
GL0043332R;02/02/2026;B00000002C;DRW
GL0043334T;02/02/2026;B00000002C;DRW
GL0043333S;02/02/2026;B00000002C;DRW
GL0043347H;02/02/2026;B00000002C;DRW
GL0043341B;02/02/2026;B00000002C;DRW
GL0043335V;02/02/2026;B00000002C;DRW
GL0043352N;02/02/2026;B00000002C;DRW
GL0043338Y;02/02/2026;B00000002C;DRW
GL0692122C;02/02/2026;B00000002C;DRW
GL0692124E;02/02/2026;B00000002C;DRW
GL0955479X;02/02/2026;B00000002C;DRW
GL0955480Y;02/02/2026;B00000002C;DRW
GL0955481Z;02/02/2026;B00000002C;DRW
GL0955482A;02/02/2026;B00000002C;DRW
GL0690508T;02/02/2026;B00000002C;DRW
GL0955483B;02/02/2026;B00000002C;DRW
GL1320394Y;02/02/2026;B00000002C;DRW
GL0043351M;02/02/2026;B00000002C;DRW
GL0507230Y;02/02/2026;B00000002C;DRW
GL0008314Y;02/02/2026;B00000008J;DMS
GL0003422N;02/02/2026;B00000008J;DMS
GL1283946E;02/02/2026;B00000008J;DMS
GL0009301V;02/02/2026;B00000008J;DMS
GL0393168G;02/02/2026;B00000008J;DMS
GL1284694E;02/02/2026;B00000008J;DMS
GL0474984E;02/02/2026;B00000004E;DCW
GL0014701F;02/02/2026;B00000008J;DMS
GL0015086T;02/02/2026;B00000008J;DMS
GL0015128R;02/02/2026;B00000008J;DMS
GL1288922J;02/02/2026;B00000008J;DMS
GL1289313D;02/02/2026;B00000008J;DMS
GL1288918E;02/02/2026;B00000008J;DMS
GL1288978Y;02/02/2026;B00000008J;DMS
GL0015487Z;02/02/2026;B00000004E;DCW
GL0823727D;02/02/2026;B00000004E;DCW
GL0823728E;02/02/2026;B00000004E;DCW
GL0823730G;02/02/2026;B00000004E;DCW
GL1559346J;02/02/2026;B00000005F;DNA
GL1559378W;02/02/2026;B00000005F;DNA
GL0004154W;02/02/2026;B00000008J;DMS
GL0231253M;02/02/2026;B00000008J;DMS
GL1292167X;02/02/2026;B00000008J;DMS
GL1301077X;02/02/2026;B00000008J;DMS
GL1240342E;02/02/2026;B00000004E;DCW
GL1240303K;02/02/2026;B00000004E;DCW
GL0025639K;02/02/2026;B00000002C;DRW
GL0695408L;02/02/2026;B00000008J;DMS
GL1082278L;02/02/2026;B00000008J;DMS
GL0762832E;02/02/2026;B00000008J;DMS
GL1310288N;02/02/2026;B00000008J;DMS
GL0057888G;02/02/2026;B00000003D;DSW
GL1295251B;02/02/2026;B00000007H;DEW
GL1294785X;02/02/2026;B00000007H;DEW
GL1240265S;02/02/2026;B00000004E;DCW
GL1240272A;02/02/2026;B00000004E;DCW
GL0052096A;02/02/2026;B00000005F;DNA
GL0052098C;02/02/2026;B00000005F;DNA
GL0228913D;02/02/2026;B00000007H;DEW
GL0036462J;02/02/2026;B00000003D;DSW
GL1302594W;02/02/2026;B00000006G;DLS
GL1314201K;02/02/2026;B00000008J;DMS
GL1310257D;02/02/2026;B00000008J;DMS
GL1314208T;02/02/2026;B00000008J;DMS
GL0008982G;02/02/2026;B00000007H;DEW
GL1316242E;02/02/2026;B00000008J;DMS
GL0291821P;02/02/2026;B00000008J;DMS
GL0025081B;02/02/2026;B00000004E;DCW
GL0920633Z;02/02/2026;B00000008J;DMS
GL0028038L;02/02/2026;B00000004E;DCW
GL0217603B;02/02/2026;B00000004E;DCW
GL1317778A;02/02/2026;B00000006G;DLS
GL0066549Z;02/02/2026;B00000008J;DMS
GL1322730C;02/02/2026;B00000008J;DMS
GL0957823K;02/02/2026;B00000008J;DMS
GL0009433V;02/02/2026;B00000007H;DEW
GL1326427D;02/02/2026;B00000008J;DMS
GL1330519D;02/02/2026;B00000008J;DMS
GL0027020E;02/02/2026;B00000004E;DCW
GL0008228A;02/02/2026;B00000008J;DMS
GL1331693M;02/02/2026;B00000008J;DMS
GL1330985H;02/02/2026;B00000006G;DLS
GL1161355X;02/02/2026;B00000003D;DSW
GL0003160R;02/02/2026;B00000008J;DMS
GL0026820C;02/02/2026;B00000004E;DCW
GL0052272A;02/02/2026;B00000007H;DEW
GL0052269X;02/02/2026;B00000007H;DEW
GL0956996W;02/02/2026;B00000007H;DEW
GL0052280J;02/02/2026;B00000007H;DEW
GL0052278G;02/02/2026;B00000007H;DEW
GL0212248R;02/02/2026;B00000007H;DEW
GL0052282L;02/02/2026;B00000007H;DEW
GL0212247P;02/02/2026;B00000007H;DEW
GL1317115X;02/02/2026;B00000004E;DCW
GL1317113V;02/02/2026;B00000004E;DCW
GL1135609P;02/02/2026;B00000004E;DCW
GL1423602E;02/02/2026;B00000004E;DCW
GL0052268W;02/02/2026;B00000007H;DEW
GL0052275D;02/02/2026;B00000007H;DEW
GL0052283M;02/02/2026;B00000007H;DEW
GL0052270Y;02/02/2026;B00000007H;DEW
GL0475832T;02/02/2026;B00000008J;DMS
GL0750372W;02/02/2026;B00000008J;DMS
GL0011669K;02/02/2026;B00000003D;DSW
GL1295435K;02/02/2026;B00000007H;DEW
GL0229075M;02/02/2026;B00000003D;DSW
GL0003545D;02/02/2026;B00000008J;DMS
GL0002511D;02/02/2026;B00000008J;DMS
GL1301411B;02/02/2026;B00000004E;DCW
GL1307837D;02/02/2026;B00000004E;DCW
GL1352700J;02/02/2026;B00000007H;DEW
GL1344187K;02/02/2026;B00000002C;DRW
GL1345161S;02/02/2026;B00000004E;DCW
GL0782765F;02/02/2026;B00000007H;DEW
GL0782718C;02/02/2026;B00000007H;DEW
GL0338598W;02/02/2026;B00000007H;DEW
GL0338602A;02/02/2026;B00000007H;DEW
GL0338595S;02/02/2026;B00000007H;DEW
GL0338593P;02/02/2026;B00000007H;DEW
GL0782751P;02/02/2026;B00000007H;DEW
GL0338556Y;02/02/2026;B00000007H;DEW
GL0782744G;02/02/2026;B00000007H;DEW
GL0338549P;02/02/2026;B00000007H;DEW
GL0782742E;02/02/2026;B00000007H;DEW
GL0338545K;02/02/2026;B00000007H;DEW
GL0338542G;02/02/2026;B00000007H;DEW
GL0338537B;02/02/2026;B00000007H;DEW
GL0338522J;02/02/2026;B00000007H;DEW
GL0338532W;02/02/2026;B00000007H;DEW
GL0782740C;02/02/2026;B00000007H;DEW
GL0338611K;02/02/2026;B00000007H;DEW
GL0338609H;02/02/2026;B00000007H;DEW
GL0338534Y;02/02/2026;B00000007H;DEW
GL0782736Y;02/02/2026;B00000007H;DEW
GL0338607F;02/02/2026;B00000007H;DEW
GL0338606E;02/02/2026;B00000007H;DEW
GL0338487V;02/02/2026;B00000007H;DEW
GL0338604C;02/02/2026;B00000007H;DEW
GL0338617S;02/02/2026;B00000007H;DEW
GL0338618T;02/02/2026;B00000007H;DEW
GL0782780Y;02/02/2026;B00000007H;DEW
GL0907202L;02/02/2026;B00000008J;DMS
GL0003464L;02/02/2026;B00000008J;DMS
GL0014023K;02/02/2026;B00000008J;DMS
GL0002795B;02/02/2026;B00000008J;DMS
GL0002903Z;02/02/2026;B00000008J;DMS
GL0425241D;02/02/2026;B00000006G;DLS
GL0353899H;02/02/2026;B00000006G;DLS
GL0002890J;02/02/2026;B00000008J;DMS
GL0036844T;02/02/2026;B00000003D;DSW
GL1535176T;02/02/2026;B00000008J;DMS
GL0229228L;02/02/2026;B00000007H;DEW
GL1374083H;02/02/2026;B00000008J;DMS
GL0504501X;02/02/2026;B00000005F;DNA
GL1294183M;02/02/2026;B00000005F;DNA
GL0011701X;02/02/2026;B00000003D;DSW
GL1226246L;02/02/2026;B00000007H;DEW
GL1333546T;02/02/2026;B00000005F;DNA
GL1334615H;02/02/2026;B00000005F;DNA
GL0609599B;02/02/2026;B00000003D;DSW
GL0008981F;02/02/2026;B00000007H;DEW
GL1153283Z;02/02/2026;B00000002C;DRW
GL0668302J;02/02/2026;B00000004E;DCW
GL1386124R;02/02/2026;B00000005F;DNA
GL0017819Z;02/02/2026;B00000008J;DMS
GL0017806J;02/02/2026;B00000008J;DMS
GL0017783H;02/02/2026;B00000008J;DMS
GL0017782G;02/02/2026;B00000008J;DMS
GL0293192Y;02/02/2026;B00000008J;DMS
GL1598030T;02/02/2026;B00000008J;DMS
GL1598044J;02/02/2026;B00000008J;DMS
GL1523443K;02/02/2026;B00000008J;DMS
GL0013238T;02/02/2026;B00000008J;DMS
GL1522456N;02/02/2026;B00000008J;DMS
GL1402308G;02/02/2026;B00000008J;DMS
GL1402309H;02/02/2026;B00000008J;DMS
GL0011147S;02/02/2026;B00000003D;DSW
GL1388826L;02/02/2026;B00000008J;DMS
GL1513844C;02/02/2026;B00000008J;DMS
GL1513611M;02/02/2026;B00000008J;DMS
GL1523424N;02/02/2026;B00000008J;DMS
GL1522961M;02/02/2026;B00000008J;DMS
GL1385743H;02/02/2026;B00000008J;DMS
GL1390178Y;02/02/2026;B00000008J;DMS
GL1388521P;02/02/2026;B00000008J;DMS
GL1388379D;02/02/2026;B00000008J;DMS
GL1522433M;02/02/2026;B00000008J;DMS
GL1522448E;02/02/2026;B00000008J;DMS
GL1390101K;02/02/2026;B00000008J;DMS
GL1390016N;02/02/2026;B00000008J;DMS
GL1389838L;02/02/2026;B00000008J;DMS
GL1384838E;02/02/2026;B00000008J;DMS
GL1390703V;02/02/2026;B00000008J;DMS
GL1389915Z;02/02/2026;B00000008J;DMS
GL1389175H;02/02/2026;B00000008J;DMS
GL1389812G;02/02/2026;B00000008J;DMS
GL1390024Y;02/02/2026;B00000008J;DMS
GL1523235Z;02/02/2026;B00000008J;DMS
GL1523309H;02/02/2026;B00000008J;DMS
GL1522844E;02/02/2026;B00000008J;DMS
GL0023395K;02/02/2026;B00000002C;DRW
GL1407321D;02/02/2026;B00000004E;DCW
GL1409160T;02/02/2026;B00000008J;DMS
GL0487575M;02/02/2026;B00000003D;DSW
GL0540346E;02/02/2026;B00000008J;DMS
GL1354777V;02/02/2026;B00000005F;DNA
GL0212417H;02/02/2026;B00000007H;DEW
GL0008980E;02/02/2026;B00000007H;DEW
GL0035255M;02/02/2026;B00000003D;DSW
GL0220889K;02/02/2026;B00000003D;DSW
GL0220890L;02/02/2026;B00000003D;DSW
GL1431432C;02/02/2026;B00000003D;DSW
GL0024985S;02/02/2026;B00000004E;DCW
GL1289328W;02/02/2026;B00000008J;DMS
GL0560047S;02/02/2026;B00000002C;DRW
GL0011652R;02/02/2026;B00000003D;DSW
GL1438605D;02/02/2026;B00000003D;DSW
GL0006472E;02/02/2026;B00000008J;DMS
GL1077890A;02/02/2026;B00000007H;DEW
GL0009722Y;02/02/2026;B00000004E;DCW
GL0004456N;02/02/2026;B00000008J;DMS
GL1443375Z;02/02/2026;B00000008J;DMS
GL1535276G;02/02/2026;B00000008J;DMS
GL0351313V;02/02/2026;B00000008J;DMS
GL0325824E;02/02/2026;B00000005F;DNA
GL0026905Z;02/02/2026;B00000004E;DCW
GL1461325X;02/02/2026;B00000008J;DMS
GL1461322T;02/02/2026;B00000008J;DMS
GL1461314J;02/02/2026;B00000008J;DMS
GL0006341F;02/02/2026;B00000008J;DMS
GL0004433M;02/02/2026;B00000008J;DMS
GL0004434N;02/02/2026;B00000008J;DMS
GL1452126T;02/02/2026;B00000008J;DMS
GL1456562J;02/02/2026;B00000008J;DMS
GL0004241V;02/02/2026;B00000008J;DMS
GL0066462A;02/02/2026;B00000006G;DLS
GL1465645F;02/02/2026;B00000005F;DNA
GL1462321D;02/02/2026;B00000003D;DSW
GL1466108G;02/02/2026;B00000008J;DMS
GL1453721F;02/02/2026;B00000008J;DMS
GL0009335H;02/02/2026;B00000008J;DMS
GL0212497Z;02/02/2026;B00000008J;DMS
GL0696803X;02/02/2026;B00000004E;DCW
GL1470598J;02/02/2026;B00000008J;DMS
GL1468817K;02/02/2026;B00000004E;DCW
GL0217245V;02/02/2026;B00000003D;DSW
GL1474020Y;02/02/2026;B00000003D;DSW
GL0015502R;02/02/2026;B00000004E;DCW
GL0013209K;02/02/2026;B00000008J;DMS
GL1471307P;02/02/2026;B00000008J;DMS
GL1470097P;02/02/2026;B00000003D;DSW
GL1470106A;02/02/2026;B00000003D;DSW
GL1470103X;02/02/2026;B00000003D;DSW
GL1477272T;02/02/2026;B00000003D;DSW
GL1470110E;02/02/2026;B00000003D;DSW
GL1477246N;02/02/2026;B00000003D;DSW
GL0008722L;02/02/2026;B00000007H;DEW
GL1476913K;02/02/2026;B00000006G;DLS
GL0009651S;02/02/2026;B00000004E;DCW
GL0015648G;02/02/2026;B00000008J;DMS
GL1486101B;02/02/2026;B00000006G;DLS
GL0501810N;02/02/2026;B00000005F;DNA
GL1495476E;02/02/2026;B00000008J;DMS
GL1081271S;02/02/2026;B00000004E;DCW
GL1080161F;02/02/2026;B00000004E;DCW
GL0064558L;02/02/2026;B00000005F;DNA
GL1499362W;02/02/2026;B00000007H;DEW
GL0032285M;02/02/2026;B00000003D;DSW
GL0370959V;02/02/2026;B00000006G;DLS
GL0051956R;02/02/2026;B00000006G;DLS
GL0062786Y;02/02/2026;B00000002C;DRW
GL0607352Y;02/02/2026;B00000007H;DEW
GL0026210J;02/02/2026;B00000004E;DCW
GL0009075M;02/02/2026;B00000007H;DEW
GL1512609Z;02/02/2026;B00000005F;DNA
GL1513030C;02/02/2026;B00000007H;DEW
GL1514357K;02/02/2026;B00000002C;DRW
GL1473711X;02/02/2026;B00000008J;DMS
GL0008667Z;02/02/2026;B00000007H;DEW
GL1514885K;02/02/2026;B00000007H;DEW
GL1535277H;02/02/2026;B00000008J;DMS
GL0004262T;02/02/2026;B00000008J;DMS
GL0001844W;02/02/2026;B00000008J;DMS
GL1483277S;02/02/2026;B00000008J;DMS
GL1430695P;02/02/2026;B00000005F;DNA
GL1430676T;02/02/2026;B00000005F;DNA
GL1430654T;02/02/2026;B00000005F;DNA
GL0443573K;02/02/2026;B00000008J;DMS
GL1430660A;02/02/2026;B00000005F;DNA
GL1430672N;02/02/2026;B00000005F;DNA
GL1430673P;02/02/2026;B00000005F;DNA
GL1168914L;02/02/2026;B00000005F;DNA
GL1430667H;02/02/2026;B00000005F;DNA
GL1499632C;02/02/2026;B00000008J;DMS
GL1429040J;02/02/2026;B00000005F;DNA
GL1430627M;02/02/2026;B00000005F;DNA
GL0701173M;02/02/2026;B00000008J;DMS
GL1504086N;02/02/2026;B00000008J;DMS
GL1193118R;02/02/2026;B00000008J;DMS
GL1176648A;02/02/2026;B00000007H;DEW
GL0232381V;02/02/2026;B00000006G;DLS
GL0232754T;02/02/2026;B00000008J;DMS
GL0730437S;02/02/2026;B00000008J;DMS
GL0018890R;02/02/2026;B00000008J;DMS
GL1419346T;02/02/2026;B00000006G;DLS
GL1466895B;02/02/2026;B00000002C;DRW
GL0019302J;02/02/2026;B00000008J;DMS
GL0570766Y;02/02/2026;B00000005F;DNA
GL0895751Z;02/02/2026;B00000007H;DEW
GL1457934T;02/02/2026;B00000002C;DRW
GL0009318N;02/02/2026;B00000007H;DEW
GL0623565X;02/02/2026;B00000003D;DSW
GL0055788W;02/02/2026;B00000002C;DRW
GL1465649K;02/02/2026;B00000002C;DRW
GL1296266E;02/02/2026;B00000008J;DMS
GL0028302L;02/02/2026;B00000005F;DNA
GL0002718N;02/02/2026;B00000008J;DMS
GL1318795F;02/02/2026;B00000004E;DCW
GL0013325S;02/02/2026;B00000005F;DNA
GL0231788W;02/02/2026;B00000004E;DCW
GL0006553X;02/02/2026;B00000008J;DMS
GL0006759F;02/02/2026;B00000008J;DMS
GL0408875F;02/02/2026;B00000007H;DEW
GL1539623X;02/02/2026;B00000002C;DRW
GL1573557H;02/02/2026;B00000002C;DRW
GL0298451Z;02/02/2026;B00000008J;DMS
GL0298463M;02/02/2026;B00000008J;DMS
GL1514897Z;02/02/2026;B00000007H;DEW
GL0217832L;02/02/2026;B00000007H;DEW
GL0407589V;02/02/2026;B00000007H;DEW
GL1514901D;02/02/2026;B00000007H;DEW
GL1579097D;02/02/2026;B00000004E;DCW
GL0019335X;02/02/2026;B00000007H;DEW
GL1545243H;02/02/2026;B00000008J;DMS
GL0023386A;02/02/2026;B00000002C;DRW
GL0005716W;02/02/2026;B00000008J;DMS
GL0005322Y;02/02/2026;B00000008J;DMS
GL1055284L;02/02/2026;B00000008J;DMS
GL0061263S;02/02/2026;B00000004E;DCW
GL0465837K;02/02/2026;B00000004E;DCW
GL0061283P;02/02/2026;B00000004E;DCW
GL1379239S;02/02/2026;B00000006G;DLS
GL0005802T;02/02/2026;B00000008J;DMS
GL1586083S;02/02/2026;B00000007H;DEW
GL1587129F;02/02/2026;B00000003D;DSW
GL1532191B;02/02/2026;B00000002C;DRW
GL0012677F;02/02/2026;B00000003D;DSW
GN1389699D;02/02/2026;B00000001B;DOS
GN1542701V;02/02/2026;B00000001B;DOS
GL0218391X;02/02/2026;B00000007H;DEW
GL0012751P;02/02/2026;B00000003D;DSW
GN1620382T;02/02/2026;B00000001B;DOS
GN1622429V;02/02/2026;B00000001B;DOS
GN1622947H;02/02/2026;B00000001B;DOS
GL1228646N;02/02/2026;B00000004E;DCW
GL0007578L;02/02/2026;B00000002C;DRW
GL1107640G;02/02/2026;B00000002C;DRW
GL0506793B;02/02/2026;B00000006G;DLS
GL1379267Z;02/02/2026;B00000006G;DLS
GN1593514L;02/02/2026;B00000001B;DOS
GN1598077X;02/02/2026;B00000001B;DOS
GL1057428Y;02/02/2026;B00000002C;DRW
GL0042001D;02/02/2026;B00000002C;DRW
GL0231520R;02/02/2026;B00000007H;DEW
GL1599718L;02/02/2026;B00000006G;DLS
GL0714620T;02/02/2026;B00000008J;DMS
GL1610242W;02/02/2026;B00000008J;DMS
GL1584678W;02/02/2026;B00000002C;DRW
GL0974091X;02/02/2026;B00000002C;DRW
GL0878348Y;02/02/2026;B00000003D;DSW
GL1619911H;02/02/2026;B00000008J;DMS
GL0009153B;02/02/2026;B00000007H;DEW
GL0712818W;02/02/2026;B00000007H;DEW
GL0009224G;02/02/2026;B00000007H;DEW
GL0003863P;02/02/2026;B00000008J;DMS
GL0689223H;02/02/2026;B00000007H;DEW
GL0001716A;02/02/2026;B00000004E;DCW
GN1424964C;02/02/2026;B00000001B;DOS
GN1432710E;02/02/2026;B00000001B;DOS
GN0958549K;02/02/2026;B00000001B;DOS
GL0294346J;02/02/2026;B00000008J;DMS
GL1584128W;02/02/2026;B00000002C;DRW
GL1570979D;02/02/2026;B00000007H;DEW
GL1626789Z;02/02/2026;B00000007H;DEW
GL1458059K;02/02/2026;B00000004E;DCW
GL0028282N;02/02/2026;B00000005F;DNA
GL0220129X;02/02/2026;B00000008J;DMS
GL0522979V;02/02/2026;B00000004E;DCW
GL0220620E;02/02/2026;B00000008J;DMS
GL1608675P;02/02/2026;B00000006G;DLS
GL1589324A;02/02/2026;B00000004E;DCW
GL0039349P;02/02/2026;B00000004E;DCW
GL0039348N;02/02/2026;B00000004E;DCW
GL0039359B;02/02/2026;B00000004E;DCW
GL1559268W;02/02/2026;B00000004E;DCW
GL1298154A;02/02/2026;B00000008J;DMS
GL0045347F;02/02/2026;B00000003D;DSW
GL1499622R;02/02/2026;B00000006G;DLS
GL0774030E;02/02/2026;B00000005F;DNA
GL0877585F;02/02/2026;B00000008J;DMS
GL0019327M;02/02/2026;B00000008J;DMS
GL1564545S;02/02/2026;B00000007H;DEW
GN1627926R;02/02/2026;B00000001B;DOS
GN1630557F;02/02/2026;B00000001B;DOS
GN1627938E;02/02/2026;B00000001B;DOS
GL1447224Y;02/02/2026;B00000004E;DCW
GL0029927H;02/02/2026;B00000008J;DMS
GL1408646J;02/02/2026;B00000003D;DSW
GL1484459K;02/02/2026;B00000006G;DLS
GN0796269B;02/02/2026;B00000001B;DOS
GN1034408N;02/02/2026;B00000001B;DOS
GN1168028E;02/02/2026;B00000001B;DOS
GN1250196C;02/02/2026;B00000001B;DOS
GL0018540T;02/02/2026;B00000007H;DEW
GL1366582J;02/02/2026;B00000003D;DSW
GL0232059D;02/02/2026;B00000008J;DMS
GL0005631Z;02/02/2026;B00000008J;DMS
GN1198716C;02/02/2026;B00000001B;DOS
GL0013553B;02/02/2026;B00000005F;DNA
GL1572820W;02/02/2026;B00000007H;DEW
GL0027309H;02/02/2026;B00000005F;DNA
GL0231738N;02/02/2026;B00000004E;DCW
GL0046874R;02/02/2026;B00000002C;DRW
GL0777080W;02/02/2026;B00000002C;DRW
GL1285127X;02/02/2026;B00000003D;DSW
GL1382169X;02/02/2026;B00000008J;DMS
GL0039296E;02/02/2026;B00000004E;DCW
GL1631247P;02/02/2026;B00000008J;DMS
GN1637909K;02/02/2026;B00000001B;DOS
GN1638351M;02/02/2026;B00000001B;DOS
GN1637680A;02/02/2026;B00000001B;DOS
GN1636439P;02/02/2026;B00000001B;DOS
GL0007092J;02/02/2026;B00000008J;DMS
GL0009220C;02/02/2026;B00000007H;DEW
GL1580074N;02/02/2026;B00000008J;DMS
GL0009356G;02/02/2026;B00000007H;DEW
GL1573577F;02/02/2026;B00000008J;DMS
GL1638363B;02/02/2026;B00000008J;DMS
GL1472595D;02/02/2026;B00000003D;DSW
GN1354914A;02/02/2026;B00000001B;DOS
GN1565230W;02/02/2026;B00000001B;DOS
GL0220796E;02/02/2026;B00000006G;DLS
GL0008986L;02/02/2026;B00000007H;DEW
GN1385426Y;02/02/2026;B00000001B;DOS
GN1416378W;02/02/2026;B00000001B;DOS
GN1544841B;02/02/2026;B00000001B;DOS
GN0779114G;02/02/2026;B00000001B;DOS
GN1083259B;02/02/2026;B00000001B;DOS
GN1452398C;02/02/2026;B00000001B;DOS
GL0018538R;02/02/2026;B00000007H;DEW
GL0008323H;02/02/2026;B00000008J;DMS
GL1617207K;02/02/2026;B00000008J;DMS
GL1617138G;02/02/2026;B00000008J;DMS
GL1619331Z;02/02/2026;B00000008J;DMS
GL1621098G;02/02/2026;B00000008J;DMS
GL1629731S;02/02/2026;B00000008J;DMS
GL0018053P;02/02/2026;B00000008J;DMS
GL0018054R;02/02/2026;B00000008J;DMS
GL0018069H;02/02/2026;B00000008J;DMS
GL0878441D;02/02/2026;B00000003D;DSW
GL0020932L;02/02/2026;B00000006G;DLS
GL1262194L;02/02/2026;B00000004E;DCW
GL0002949B;02/02/2026;B00000008J;DMS
GL0005660G;02/02/2026;B00000008J;DMS
GL0005706J;02/02/2026;B00000008J;DMS
GL0003585Z;02/02/2026;B00000008J;DMS
GL0003140T;02/02/2026;B00000008J;DMS
GL0004028C;02/02/2026;B00000008J;DMS
GL0005168Y;02/02/2026;B00000008J;DMS
GL0004124L;02/02/2026;B00000008J;DMS
GL0015642A;02/02/2026;B00000008J;DMS
GL0785156Y;02/02/2026;B00000007H;DEW
GL0734052A;02/02/2026;B00000007H;DEW
GL1001276N;02/02/2026;B00000007H;DEW
GL0003225P;02/02/2026;B00000008J;DMS
GL0008304L;02/02/2026;B00000008J;DMS
GL0003399M;02/02/2026;B00000008J;DMS
GL0003400N;02/02/2026;B00000008J;DMS
GL1252100R;02/02/2026;B00000004E;DCW
GL0003192C;02/02/2026;B00000008J;DMS
GL0004040R;02/02/2026;B00000008J;DMS
GL0002539K;02/02/2026;B00000008J;DMS
GL0004041S;02/02/2026;B00000008J;DMS
GL1255742E;02/02/2026;B00000004E;DCW
GL0632243H;02/02/2026;B00000005F;DNA
GL0004053F;02/02/2026;B00000008J;DMS
GL0004052E;02/02/2026;B00000008J;DMS
GL1103951P;02/02/2026;B00000003D;DSW
GL0026362G;02/02/2026;B00000004E;DCW
GL1255513V;02/02/2026;B00000004E;DCW
GL0038929M;02/02/2026;B00000005F;DNA
GL0021104G;02/02/2026;B00000006G;DLS
GL0019524L;02/02/2026;B00000007H;DEW
GL0020137H;02/02/2026;B00000006G;DLS
GL0009794E;02/02/2026;B00000007H;DEW
GL0023341Z;02/02/2026;B00000002C;DRW
GL0008883V;02/02/2026;B00000007H;DEW
GL0023618N;02/02/2026;B00000002C;DRW
GL0015539H;02/02/2026;B00000004E;DCW
GL0025323B;02/02/2026;B00000004E;DCW
GL0022487D;02/02/2026;B00000005F;DNA
GL0219519D;02/02/2026;B00000008J;DMS
GL0229406N;02/02/2026;B00000007H;DEW
GL1001217X;02/02/2026;B00000007H;DEW
GL0987056E;02/02/2026;B00000007H;DEW
GL0229214W;02/02/2026;B00000007H;DEW
GL0981854T;02/02/2026;B00000007H;DEW
GL0985329S;02/02/2026;B00000007H;DEW
GL0229361M;02/02/2026;B00000007H;DEW
GL0984825V;02/02/2026;B00000007H;DEW
GL0986212W;02/02/2026;B00000007H;DEW
GL0229169V;02/02/2026;B00000007H;DEW
GL0986774J;02/02/2026;B00000007H;DEW
GL0006855P;02/02/2026;B00000008J;DMS
GL0301975D;02/02/2026;B00000008J;DMS
GL0020202G;02/02/2026;B00000006G;DLS
GL0498386Y;02/02/2026;B00000002C;DRW
GL0549760C;02/02/2026;B00000004E;DCW
GL0018581P;02/02/2026;B00000007H;DEW
GL0220402G;02/02/2026;B00000006G;DLS
GL0029020C;02/02/2026;B00000007H;DEW
GL0966283Z;02/02/2026;B00000006G;DLS
GL0773357P;02/02/2026;B00000004E;DCW
GL0771271V;02/02/2026;B00000007H;DEW
GL0787588L;02/02/2026;B00000004E;DCW
GL0229264C;02/02/2026;B00000007H;DEW
GL0762800T;02/02/2026;B00000008J;DMS
GL0822005X;02/02/2026;B00000004E;DCW
GL0792327X;02/02/2026;B00000007H;DEW
GL0807846G;02/02/2026;B00000006G;DLS
GL0540935Z;02/02/2026;B00000003D;DSW
GL0020914R;02/02/2026;B00000006G;DLS
GL0020803P;02/02/2026;B00000006G;DLS
GL0020954L;02/02/2026;B00000006G;DLS
GL0949984C;02/02/2026;B00000002C;DRW
GL0456668R;02/02/2026;B00000003D;DSW
GL0456691S;02/02/2026;B00000003D;DSW
GL0960493V;02/02/2026;B00000002C;DRW
GL0957785S;02/02/2026;B00000008J;DMS
GL1096821M;02/02/2026;B00000003D;DSW
GL0041193K;02/02/2026;B00000008J;DMS
GL0041170J;02/02/2026;B00000008J;DMS
GL0041197P;02/02/2026;B00000008J;DMS
GL1118095M;02/02/2026;B00000008J;DMS
GL1032034R;02/02/2026;B00000008J;DMS
GL0957822J;02/02/2026;B00000008J;DMS
GL0957858A;02/02/2026;B00000008J;DMS
GL1153902C;02/02/2026;B00000006G;DLS
GL0024697P;02/02/2026;B00000004E;DCW
GL1161453H;02/02/2026;B00000008J;DMS
GL1120316L;02/02/2026;B00000004E;DCW
GL1165004T;02/02/2026;B00000003D;DSW
GL1307925D;02/02/2026;B00000008J;DMS
GL1347415D;02/02/2026;B00000004E;DCW
GL0974871H;02/02/2026;B00000002C;DRW
GL0026822E;02/02/2026;B00000004E;DCW
GL1335050C;02/02/2026;B00000002C;DRW
GL1535127M;02/02/2026;B00000008J;DMS
GL0232660L;02/02/2026;B00000003D;DSW
GL1492213X;02/02/2026;B00000008J;DMS
GL1493446Y;02/02/2026;B00000004E;DCW
GL1491245X;02/02/2026;B00000007H;DEW
GL1500036L;02/02/2026;B00000002C;DRW
GN1206214Y;02/02/2026;B00000001B;DOS
GN1639904C;02/02/2026;B00000001B;DOS
GN1640697D;02/02/2026;B00000001B;DOS
GL0019153P;02/02/2026;B00000007H;DEW
GL0683618N;02/02/2026;B00000008J;DMS
GL0573061F;02/02/2026;B00000002C;DRW
GL0573245P;02/02/2026;B00000002C;DRW
GL1642530L;02/02/2026;B00000008J;DMS
GL0481248Y;02/02/2026;B00000003D;DSW
GL1642542A;02/02/2026;B00000008J;DMS
GL0024171S;02/02/2026;B00000004E;DCW
GL1629150G;02/02/2026;B00000008J;DMS
GL0639435F;02/02/2026;B00000008J;DMS
GL1643445B;02/02/2026;B00000004E;DCW
GN0677969V;02/02/2026;B00000001B;DOS
GN0678040A;02/02/2026;B00000001B;DOS
GN1358602R;02/02/2026;B00000001B;DOS
GL1642503F;02/02/2026;B00000008J;DMS
GL0004400A;02/02/2026;B00000008J;DMS
GL1604567X;02/02/2026;B00000008J;DMS
GL0004524R;02/02/2026;B00000008J;DMS
GL1561012C;02/02/2026;B00000003D;DSW
GL1641883B;02/02/2026;B00000008J;DMS
GL0003472W;02/02/2026;B00000008J;DMS
GL0231625K;02/02/2026;B00000005F;DNA
GL0019320E;02/02/2026;B00000008J;DMS
GL0032344E;02/02/2026;B00000003D;DSW
GL1627040J;02/02/2026;B00000002C;DRW
GL0003867V;02/02/2026;B00000008J;DMS
GL0005483F;02/02/2026;B00000008J;DMS
GL0005468N;02/02/2026;B00000008J;DMS
GL1644097S;02/02/2026;B00000008J;DMS
GL0003868W;02/02/2026;B00000008J;DMS
GL0003866T;02/02/2026;B00000008J;DMS
GN0779137H;02/02/2026;B00000001B;DOS
GN1544353X;02/02/2026;B00000001B;DOS
GL1643295F;02/02/2026;B00000008J;DMS
GL1467670G;02/02/2026;B00000006G;DLS
GL1635520W;02/02/2026;B00000005F;DNA
GL1647397S;02/02/2026;B00000008J;DMS
GL1647090T;02/02/2026;B00000008J;DMS
GL0212412C;02/02/2026;B00000004E;DCW
GN1583552R;02/02/2026;B00000001B;DOS
GL1551985V;02/02/2026;B00000006G;DLS
GL0456686L;02/02/2026;B00000003D;DSW
GL1646626R;02/02/2026;B00000008J;DMS
GL1238914G;02/02/2026;B00000002C;DRW
GL1489011H;02/02/2026;B00000002C;DRW
GL0407637Z;02/02/2026;B00000007H;DEW
GL1638354R;02/02/2026;B00000002C;DRW
GL1524107P;02/02/2026;B00000002C;DRW
GL1524111V;02/02/2026;B00000002C;DRW
GL1638371K;02/02/2026;B00000002C;DRW
GL1524108R;02/02/2026;B00000002C;DRW
GL1638367F;02/02/2026;B00000002C;DRW
GL0407649M;02/02/2026;B00000007H;DEW
GL0407603K;02/02/2026;B00000007H;DEW
GL0086603M;02/02/2026;B00000008J;DMS
GL0003757V;02/02/2026;B00000008J;DMS
GL1518767X;02/02/2026;B00000003D;DSW
GN1647915F;02/02/2026;B00000001B;DOS
GN1647940J;02/02/2026;B00000001B;DOS
GL0025205S;02/02/2026;B00000004E;DCW
GL0009673S;02/02/2026;B00000004E;DCW
GL0027622N;02/02/2026;B00000004E;DCW
GL0980643S;02/02/2026;B00000004E;DCW
GL0024179B;02/02/2026;B00000004E;DCW
GL1647365F;02/02/2026;B00000008J;DMS
GL0007881F;02/02/2026;B00000002C;DRW
GL1494924C;02/02/2026;B00000007H;DEW
GL1594726N;02/02/2026;B00000002C;DRW
GN0911061X;02/02/2026;B00000001B;DOS
GN1256083S;02/02/2026;B00000001B;DOS
GN1355061S;02/02/2026;B00000001B;DOS
GN1404502A;02/02/2026;B00000001B;DOS
GN1418595P;02/02/2026;B00000001B;DOS
GN1558625P;02/02/2026;B00000001B;DOS
GN1575431M;02/02/2026;B00000001B;DOS
GN1573302T;02/02/2026;B00000001B;DOS
GN0638544T;02/02/2026;B00000001B;DOS
GN1654019S;02/02/2026;B00000001B;DOS
GL0407672N;02/02/2026;B00000007H;DEW
GL0757326Y;02/02/2026;B00000008J;DMS
GL1236188J;02/02/2026;B00000008J;DMS
GL1614334W;02/02/2026;B00000008J;DMS
GL0008201V;02/02/2026;B00000008J;DMS
GL0871587P;02/02/2026;B00000008J;DMS
GL1655670T;02/02/2026;B00000008J;DMS
GL1229636N;02/02/2026;B00000004E;DCW
GL1654652L;02/02/2026;B00000008J;DMS
GL1656189H;02/02/2026;B00000008J;DMS
GL0005474W;02/02/2026;B00000008J;DMS
GL1242324G;02/02/2026;B00000008J;DMS
GL0018134G;02/02/2026;B00000008J;DMS
GL0024300N;02/02/2026;B00000002C;DRW
GL0393210E;02/02/2026;B00000008J;DMS
GN0972583H;02/02/2026;B00000001B;DOS
GN1036822G;02/02/2026;B00000001B;DOS
GN1437805V;02/02/2026;B00000001B;DOS
GL0291277X;02/02/2026;B00000008J;DMS
GL0005988E;02/02/2026;B00000008J;DMS
GL1617183H;02/02/2026;B00000008J;DMS
GL0043484N;02/02/2026;B00000002C;DRW
GL1361502L;02/02/2026;B00000002C;DRW
GN1598160R;02/02/2026;B00000001B;DOS
GN1658451D;02/02/2026;B00000001B;DOS
GL0853811P;02/02/2026;B00000001B;DOS
GL1607189B;02/02/2026;B00000007H;DEW
GL0746270J;02/02/2026;B00000007H;DEW
GN1198558Y;02/02/2026;B00000001B;DOS
GN1198559Z;02/02/2026;B00000001B;DOS
GN1213551K;02/02/2026;B00000001B;DOS
GN1447898N;02/02/2026;B00000001B;DOS
GL1655462G;02/02/2026;B00000008J;DMS
GL1655471S;02/02/2026;B00000008J;DMS
GL1655741Z;02/02/2026;B00000008J;DMS
GL1655797M;02/02/2026;B00000008J;DMS
GL1655813F;02/02/2026;B00000008J;DMS
GL0014039D;02/02/2026;B00000008J;DMS
GL1660524J;02/02/2026;B00000008J;DMS
GL1660533V;02/02/2026;B00000008J;DMS
GL0006829K;02/02/2026;B00000008J;DMS
GL1655309H;02/02/2026;B00000006G;DLS
GL0027017B;02/02/2026;B00000004E;DCW
GL1662811H;02/02/2026;B00000008J;DMS
GL1664016C;02/02/2026;B00000008J;DMS
GN1199504Y;02/02/2026;B00000001B;DOS
GL1654374W;02/02/2026;B00000008J;DMS
GL1211946L;02/02/2026;B00000002C;DRW
GL0972673K;02/02/2026;B00000007H;DEW
GL1640603X;02/02/2026;B00000007H;DEW
GL0337299V;02/02/2026;B00000007H;DEW
GL0530503V;02/02/2026;B00000007H;DEW
GL1207995X;02/02/2026;B00000008J;DMS
GL1288968L;02/02/2026;B00000008J;DMS
GL0006325M;02/02/2026;B00000008J;DMS
GL0382867B;02/02/2026;B00000008J;DMS
GL0356852N;02/02/2026;B00000008J;DMS
GL0061742L;02/02/2026;B00000003D;DSW
GN0055078N;02/02/2026;B00000001B;DOS
GL1643183D;02/02/2026;B00000008J;DMS
GL1643199X;02/02/2026;B00000008J;DMS
GL1182804W;02/02/2026;B00000008J;DMS
GL1548854L;02/02/2026;B00000005F;DNA
GN1385953X;02/02/2026;B00000001B;DOS
GN1385956A;02/02/2026;B00000001B;DOS
GN1385941H;02/02/2026;B00000001B;DOS
GL1367952R;02/02/2026;B00000007H;DEW
GL0725121B;02/02/2026;B00000003D;DSW
GL0218465F;02/02/2026;B00000008J;DMS
GN1385980C;02/02/2026;B00000001B;DOS
GN1385981D;02/02/2026;B00000001B;DOS
GL0019816T;02/02/2026;B00000006G;DLS
GL1667413M;02/02/2026;B00000008J;DMS
GL1293861X;02/02/2026;B00000005F;DNA
GN1179744T;02/02/2026;B00000001B;DOS
GN1385997X;02/02/2026;B00000001B;DOS
GL0037803H;02/02/2026;B00000003D;DSW
GN1386001B;02/02/2026;B00000001B;DOS
GN0850008T;02/02/2026;B00000001B;DOS
GL0221008W;02/02/2026;B00000002C;DRW
GN1633370C;02/02/2026;B00000001B;DOS
GL1043604N;02/02/2026;B00000002C;DRW
GN0223339V;02/02/2026;B00000001B;DOS
GL0013594Y;02/02/2026;B00000005F;DNA
GN1640664R;02/02/2026;B00000001B;DOS
GL1213767F;02/02/2026;B00000004E;DCW
GL0024349V;02/02/2026;B00000002C;DRW
GL1420087K;02/02/2026;B00000005F;DNA
GN1558209S;02/02/2026;B00000001B;DOS
GN1354350J;02/02/2026;B00000001B;DOS
GN1340284A;02/02/2026;B00000001B;DOS
GN0082106C;02/02/2026;B00000001B;DOS
GN1286655H;02/02/2026;B00000001B;DOS
GL0018420G;02/02/2026;B00000008J;DMS
GN1247994A;02/02/2026;B00000001B;DOS
GL0022631S;02/02/2026;B00000002C;DRW
GL0380483S;02/02/2026;B00000002C;DRW
GL1253108L;02/02/2026;B00000001B;DOS
GL1321821V;02/02/2026;B00000002C;DRW
GN1255347F;02/02/2026;B00000001B;DOS
GL1148054G;02/02/2026;B00000002C;DRW
GN1651730R;02/02/2026;B00000001B;DOS
GN1202840N;02/02/2026;B00000001B;DOS
GL1340102T;02/02/2026;B00000002C;DRW
GN1619945X;02/02/2026;B00000001B;DOS
GN1381645B;02/02/2026;B00000001B;DOS
GL0001885S;02/02/2026;B00000008J;DMS
GL0209774E;02/02/2026;B00000008J;DMS
GL0031694R;02/02/2026;B00000007H;DEW
GN0380545M;02/02/2026;B00000001B;DOS
GN0053917V;02/02/2026;B00000001B;DOS
GN0542513S;02/02/2026;B00000001B;DOS
GN0414150A;02/02/2026;B00000001B;DOS
GN0221767H;02/02/2026;B00000001B;DOS
GN0034005S;02/02/2026;B00000001B;DOS
GL0016841M;02/02/2026;B00000008J;DMS
GD0221843V;02/02/2026;B00000001B;DOS
GL0001846Y;02/02/2026;B00000008J;DMS
GL0009487F;02/02/2026;B00000007H;DEW
GL0007569B;02/02/2026;B00000002C;DRW
GL0025685M;02/02/2026;B00000005F;DNA
GL0217607F;02/02/2026;B00000004E;DCW
GL0013148R;02/02/2026;B00000008J;DMS
GN1604871S;02/02/2026;B00000001B;DOS
GN1574413F;02/02/2026;B00000001B;DOS
GN0030203X;02/02/2026;B00000004E;DCW
GN1644066G;02/02/2026;B00000001B;DOS
GN1632592T;02/02/2026;B00000001B;DOS
GN1635588Y;02/02/2026;B00000001B;DOS
GN1635587X;02/02/2026;B00000001B;DOS
GN1644073P;02/02/2026;B00000001B;DOS
GN1648782R;02/02/2026;B00000001B;DOS
GN1650912L;02/02/2026;B00000001B;DOS
GN1648845M;02/02/2026;B00000001B;DOS
GN1644070L;02/02/2026;B00000001B;DOS
GN1644060A;02/02/2026;B00000001B;DOS
GN1648863H;02/02/2026;B00000001B;DOS
GN1648829V;02/02/2026;B00000001B;DOS
GN1648826R;02/02/2026;B00000001B;DOS
GN1635435Z;02/02/2026;B00000001B;DOS
GN1635421H;02/02/2026;B00000001B;DOS
GN1650965X;02/02/2026;B00000001B;DOS
GN1648831X;02/02/2026;B00000001B;DOS
GN1648751F;02/02/2026;B00000001B;DOS
GN1648827S;02/02/2026;B00000001B;DOS
GN1644055V;02/02/2026;B00000001B;DOS
GN1648841H;02/02/2026;B00000001B;DOS
GN1635569B;02/02/2026;B00000001B;DOS
GN1635582R;02/02/2026;B00000001B;DOS
GN1569177F;02/02/2026;B00000001B;DOS
GL0005430W;02/02/2026;B00000008J;DMS
GN1648838E;02/02/2026;B00000001B;DOS
GN1636241P;02/02/2026;B00000001B;DOS
GN1648861F;02/02/2026;B00000001B;DOS
GN1636224W;02/02/2026;B00000001B;DOS
GN1636317B;02/02/2026;B00000001B;DOS
GN1648763V;02/02/2026;B00000001B;DOS
GN1648766Y;02/02/2026;B00000001B;DOS
GN1648848R;02/02/2026;B00000001B;DOS
GN1648762T;02/02/2026;B00000001B;DOS
GL0733341S;02/02/2026;B00000002C;DRW
GL0232575P;02/02/2026;B00000005F;DNA
GL0032282J;02/02/2026;B00000003D;DSW
GN0030307P;02/02/2026;B00000004E;DCW
GN0030312W;02/02/2026;B00000004E;DCW
GL0649145P;02/02/2026;B00000004E;DCW
GL1514637D;02/02/2026;B00000002C;DRW
GL0007078T;02/02/2026;B00000008J;DMS
GL1548332T;02/02/2026;B00000008J;DMS
GL1148169M;02/02/2026;B00000002C;DRW
GL0011091D;02/02/2026;B00000008J;DMS
GL1506507P;02/02/2026;B00000002C;DRW
GL1043645K;02/02/2026;B00000002C;DRW
GL1623046W;02/02/2026;B00000008J;DMS
GL0026884A;02/02/2026;B00000004E;DCW
GL0009283Z;02/02/2026;B00000008J;DMS
GN1457086E;02/02/2026;B00000001B;DOS
GN0231563P;02/02/2026;B00000001B;DOS
GL0812393Z;02/02/2026;B00000008J;DMS
GL0220070E;02/02/2026;B00000008J;DMS
GL0026378A;02/02/2026;B00000004E;DCW
GL0898588Y;02/02/2026;B00000007H;DEW
GL0028492C;02/02/2026;B00000003D;DSW
GL1354793M;02/02/2026;B00000005F;DNA
GL1098416A;02/02/2026;B00000002C;DRW
