Application;Group Name;Job Name;Odate;Start Time;End Time;Run Time;Status;Description;Member Name;Task Type;Deleted;Rerun Counter;Cyclic;CONTROL-M Name;Table;Run as User;Hostname;Nodegroup;Order id;
CEL-CELERIS;CELALA_J13INT_05_Q;CELALA_J13INT_05_IMP01_Q;"March 23, 2026";"March 23, 2026 7:30:00 PM";"March 23, 2026 7:30:10 PM";;Ended OK;CELERIS Integration des factures fournisseur ALADIN;lance_Traitement_Interne.bat;Job;No;3;Yes;CTMSRV;CELALA_J13INT_05_Q;svce_cm;wdkcelp12;A_W_CEL12;3oncs
CEL-CELERIS;CELCEL_E11STP_01_Q;CELCEL_E11STP_01_ARR01_Q;"March 23, 2026";"March 23, 2026 7:00:00 PM";"March 23, 2026 7:00:04 PM";;Ended OK;CELERIS: STOP IIS (Front);Start_Stop_Celeris.bat;Job;No;1;No;CTMSRV;CELCEL_E11STP_01_Q;svce_cm;wdkcelp11;A_W_CEL11;3onxp
CEL-CELERIS;CELCEL_E11STP_01_Q;CELCEL_E11STP_01_ARR02_Q;"March 23, 2026";"March 23, 2026 7:00:05 PM";"March 23, 2026 7:00:42 PM";;Ended OK;CELERIS: STOP IIS (Back);Start_Stop_Celeris.bat;Job;No;1;No;CTMSRV;CELCEL_E11STP_01_Q;svce_cm;wdkcelp12;A_W_CEL12;3onxq
CEL-CELERIS;CELCEL_E11STR_02_Q;CELCEL_E11STR_02_DEM01_Q;"March 23, 2026";"March 24, 2026 6:00:00 AM";"March 24, 2026 6:00:04 AM";;Ended OK;CELERIS : START IIS (Front);Start_Stop_Celeris.bat;Job;No;1;No;CTMSRV;CELCEL_E11STR_02_Q;svce_cm;wdkcelp11;A_W_CEL11;3onji
CEL-CELERIS;CELCEL_E11STR_02_Q;CELCEL_E11STR_02_DEM02_Q;"March 23, 2026";"March 23, 2026 7:15:00 PM";"March 23, 2026 7:15:04 PM";;Ended OK;CELERIS : START IIS (Back);Start_Stop_Celeris.bat;Job;No;1;No;CTMSRV;CELCEL_E11STR_02_Q;svce_cm;wdkcelp12;A_W_CEL12;3onjj
CEL-CELERIS;CELCEL_E11TEC_04_Q;CELCEL_E11TEC_04_FIN01_Q;"March 23, 2026";"March 23, 2026 8:44:18 PM";"March 23, 2026 8:44:18 PM";;Ended OK;CELERIS Fin des traitements batch;;Dummy;No;1;No;CTMSRV;CELCEL_E11TEC_04_Q;svce_cm;;;3oofn
CEL-CELERIS;CELCEL_F10TRT_04_Q;CELCEL_F10TRT_04_Q;"March 23, 2026";"March 23, 2026 1:30:09 PM";;;Executing;CELERIS : Rejeu de l'intégration des TF;;SMART Table;No;1;No;CTMSRV;CELCEL_F10TRT_04_Q;;;;3oo11
CEL-CELERIS;CELCEL_F10TRT_04_Q;CELCEL_F10TRT_04_WRK01_Q;"March 23, 2026";"March 23, 2026 3:35:00 PM";"March 23, 2026 3:40:23 PM";1630;Wait for Event;CELERIS : Rejeu de l'intégration des TF;RejeuEai.bat;Job;No;2;Yes;CTMSRV;CELCEL_F10TRT_04_Q;svce_cm;wdkcelp12;A_W_CEL12;3oo12
CEL-CELERIS;CELCEL_F10TRT_04_Q;CELCEL_F10TRT_04_WRK01_Q;"March 23, 2026";"March 24, 2026 7:00:00 AM";"March 24, 2026 7:05:00 AM";1125;Wait for Event;CELERIS : Rejeu de l'intégration des TF;RejeuEai.bat;Job;No;1;Yes;CTMSRV;CELCEL_F10TRT_04_Q;svce_cm;wdkcelp12;A_W_CEL12;3oo13
CEL-CELERIS;CELCEL_J11INT_05_Q;CELCEL_J11INT_05_LIM01_Q;"March 23, 2026";"March 23, 2026 9:15:00 PM";"March 23, 2026 9:15:00 PM";;Ended OK;CELERIS : limitation horaire 21h15;;Dummy;No;1;No;CTMSRV;CELCEL_J11INT_05_Q;DUMMYUSR;;;3omsz
CEL-CELERIS;CELCEL_J11INT_05_Q;CELCEL_J11INT_05_MOV01_Q;"March 23, 2026";"March 23, 2026 8:02:57 PM";"March 23, 2026 8:03:02 PM";;Ended OK;CELERIS : Copie Factures dematerialisees sur CELERIS depuis PFE;MOV_Generique_DKA.bat;Job;No;1;No;CTMSRV;CELCEL_J11INT_05_Q;svce_cm;wdkcelp12;A_W_CEL12;3omsw
CEL-CELERIS;CELCEL_J11INT_05_Q;CELCEL_J11INT_05_WRK01_Q;"March 23, 2026";"March 23, 2026 8:03:05 PM";"March 23, 2026 8:03:39 PM";;Ended OK;CELERIS : integration facture dematerialisees;lance_Traitement_Interne.bat;Job;No;1;No;CTMSRV;CELCEL_J11INT_05_Q;svce_cm;wdkcelp12;A_W_CEL12;3omsy
CEL-CELERIS;CELCEL_J11INT_05_Q;CELCEL_J11INT_05_ZIP01_Q;"March 23, 2026";"March 23, 2026 8:03:02 PM";"March 23, 2026 8:03:04 PM";;Ended OK;CELERIS : Decompression facture dematerialisees;DZIP_ARC_CEL_V2.bat;Job;No;1;No;CTMSRV;CELCEL_J11INT_05_Q;svce_cm;wdkcelp12;A_W_CEL12;3omsx
CEL-CELERIS;CELCEL_J11TRT_04_Q;CELCEL_J11TRT_04_WRK01_Q;"March 23, 2026";"March 23, 2026 8:26:36 PM";"March 23, 2026 8:26:45 PM";;Ended OK;CELERIS Basculement de cycle des factures;lance_Traitement_Interne.bat;Job;No;1;No;CTMSRV;CELCEL_J11TRT_04_Q;svce_cm;wdkcelp12;A_W_CEL12;3omxe
CEL-CELERIS;CELCEL_J12TRT_04_Q;CELCEL_J12TRT_04_CAL01_Q;"March 23, 2026";"March 23, 2026 8:26:46 PM";"March 23, 2026 8:42:42 PM";;Ended OK;CELERIS Calcul des factures;lance_Traitement_Interne.bat;Job;No;1;No;CTMSRV;CELCEL_J12TRT_04_Q;svce_cm;wdkcelp12;A_W_CEL12;3on1n
CEL-CELERIS;CELCEL_J13TRT_04_Q;CELCEL_J13TRT_04_WRK01_Q;"March 23, 2026";"March 23, 2026 8:26:28 PM";"March 23, 2026 8:26:35 PM";;Ended OK;CELERIS Prolongation des contrats;lance_Traitement_Interne.bat;Job;No;1;No;CTMSRV;CELCEL_J13TRT_04_Q;svce_cm;wdkcelp12;A_W_CEL12;3omck
CEL-CELERIS;CELCEL_J14TRT_04_Q;CELCEL_J14TRT_04_WRK01_Q;"March 23, 2026";"March 23, 2026 8:26:25 PM";"March 23, 2026 8:26:27 PM";;Ended OK;CELERIS Mise a jour des compteurs;lance_Traitement_Interne.bat;Job;No;1;No;CTMSRV;CELCEL_J14TRT_04_Q;svce_cm;wdkcelp13;A_W_CEL13;3on1a
CEL-CELERIS;CELCEL_J15TRT_04_Q;CELCEL_J15TRT_04_WRK01_Q;"March 23, 2026";"March 23, 2026 8:42:42 PM";"March 23, 2026 8:44:02 PM";;Ended OK;CELERIS Traitement des cycles facture;lance_Traitement_Interne.bat;Job;No;1;No;CTMSRV;CELCEL_J15TRT_04_Q;svce_cm;wdkcelp12;A_W_CEL12;3oo5z
CEL-CELERIS;CELCEL_J17TRT_04_Q;CELCEL_J17TRT_04_WRK01_Q;"March 23, 2026";"March 24, 2026 7:00:00 AM";"March 24, 2026 7:00:40 AM";;Ended OK;CELERIS - EndNuitApplicative;EndNuitApplicative.bat;Job;No;1;No;CTMSRV;CELCEL_J17TRT_04_Q;svce_cm;wdkcelp12;A_W_CEL12;3omvo
CEL-CELERIS;CELCID_J11GEN_06_Q;CELCID_J11GEN_06_EXP01_Q;"March 23, 2026";"March 23, 2026 8:04:22 PM";"March 23, 2026 8:04:38 PM";;Ended OK;Génération du fichier de refacturation (CEL01_SRC_ERF_*);ExportRefacturationCelCid.bat;Job;No;1;No;CTMSRV;CELCID_J11GEN_06_Q;svce_cm;wdkcelp12;A_W_CEL12;3onpd
CEL-CELERIS;CELCID_J11GEN_06_Q;CELCID_J11GEN_06_MOV01_Q;"March 23, 2026";"March 23, 2026 8:04:39 PM";"March 23, 2026 8:04:41 PM";;Ended OK;CELERIS : Déplacement du fichier de refacturation vers la PFE;MOV_Generique_DKA.bat;Job;No;1;No;CTMSRV;CELCID_J11GEN_06_Q;svce_cm;wdkcelp12;A_W_CEL12;3onpe
CEL-CELERIS;CELCID_J11GEN_06_Q;CELCID_J11GEN_06_Q;"March 23, 2026";"March 23, 2026 1:30:09 PM";"March 23, 2026 8:04:42 PM";;Ended OK;Génération et déplacement du fichier de refacturation;;SMART Table;No;1;No;CTMSRV;CELCID_J11GEN_06_Q;;ldkctmp50;;3onpc
CEL-CELERIS;CELCID_J11INT_05_Q;CELCID_J11INT_05_IMP01_Q;"March 23, 2026";"March 23, 2026 8:13:01 PM";"March 23, 2026 8:26:09 PM";2310;Ended OK;CELERIS Integration des donnees du fichier du referentiel partage CID;lance_Traitement_Interne.bat;Job;No;1;No;CTMSRV;CELCID_J11INT_05_Q;svce_cm;wdkcelp12;A_W_CEL12;3oo4w
CEL-CELERIS;CELCID_J11INT_05_Q;CELCID_J11INT_05_LIM01_Q;"March 23, 2026";"March 23, 2026 11:15:00 PM";"March 23, 2026 11:15:00 PM";;Ended OK;CELERIS Limite horaire Integration des donnees du fichier du referentiel partage CID;;Dummy;No;1;No;CTMSRV;CELCID_J11INT_05_Q;svce_cm;;A_W_CEL12;3oo4x
CEL-CELERIS;CELCID_J12INT_05_Q;CELCID_J12INT_05_IMP01_Q;"March 23, 2026";"March 23, 2026 8:12:52 PM";"March 23, 2026 8:13:00 PM";2250;Ended OK;CELERIS Integration des liens PCECompteurs en provenance de CID;lance_Traitement_Interne.bat;Job;No;1;No;CTMSRV;CELCID_J12INT_05_Q;svce_cm;wdkcelp12;A_W_CEL12;3ont8
CEL-CELERIS;CELCID_J12INT_05_Q;CELCID_J12INT_05_LIM01_Q;"March 23, 2026";"March 23, 2026 11:05:00 PM";"March 23, 2026 11:05:00 PM";;Ended OK;CELERIS Limite horaire Integration des liens PCECompteurs en provenance de CID;;Dummy;No;1;No;CTMSRV;CELCID_J12INT_05_Q;svce_cm;;A_W_CEL12;3ont9
CEL-CELERIS;CELCRT_J11INT_05_Q;CELCRT_J11INT_05_IMP01_Q;"March 23, 2026";"March 23, 2026 9:03:30 PM";"March 23, 2026 9:04:14 PM";0000;Ended OK;CELERIS Integration des donnees du fichier des releves compteur CRT;lance_Traitement_Interne.bat;Job;No;1;No;CTMSRV;CELCRT_J11INT_05_Q;svce_cm;wdkcelp13;A_W_CEL13;3one0
CEL-CELERIS;CELCRT_J11INT_05_Q;CELCRT_J11INT_05_LIM01_Q;"March 23, 2026";"March 24, 2026 12:10:00 AM";"March 24, 2026 12:10:00 AM";;Ended OK;CELERIS Limite horaire Integration des donnees du fichier des releves compteur CRT;;Dummy;No;1;No;CTMSRV;CELCRT_J11INT_05_Q;svce_cm;;A_W_CEL13;3one1
CEL-CELERIS;CELNRJ_J11GEN_06_Q;CELNRJ_J11GEN_06_EXP01_Q;"March 23, 2026";"March 23, 2026 8:44:02 PM";"March 23, 2026 8:44:17 PM";;Ended OK;CELERIS Export des liens PTA PCS;lance_Traitement_Interne.bat;Job;No;1;No;CTMSRV;CELNRJ_J11GEN_06_Q;svce_cm;wdkcelp12;A_W_CEL12;3omw4
CEL-CELERIS;CELNRJ_J16INT_05_Q;CELNRJ_J16INT_05_FW01_Q;"March 23, 2026";"March 23, 2026 7:00:00 PM";"March 23, 2026 7:00:07 PM";;Ended OK;CELERIS : Scrutation du fichier PATRIMOINEENERGY_*.xml de la PFE au serveur CELERIS;FileWatcher.bat;Job;No;1;No;CTMSRV;CELNRJ_J16INT_05_Q;svce_cm;wdkcelp13;A_W_CEL13;3oo8e
CEL-CELERIS;CELNRJ_J16INT_05_Q;CELNRJ_J16INT_05_FW02_Q;"March 23, 2026";"March 23, 2026 7:00:00 PM";"March 23, 2026 7:01:06 PM";;Ended OK;CELERIS : Scrutation du fichier PATRIMOINEENERGY_*.xml  de la PFE au serveur CELERIS;FileWatcher.bat;Job;No;1;No;CTMSRV;CELNRJ_J16INT_05_Q;svce_cm;wdkcelp13;A_W_CEL13;3oo8h
CEL-CELERIS;CELNRJ_J16INT_05_Q;CELNRJ_J16INT_05_FW03_Q;"March 23, 2026";"March 23, 2026 7:00:00 PM";"March 23, 2026 7:00:07 PM";;Ended OK;CELERIS : Scrutation du fichier EVENEMENTSENERGY_*.xml de la PFE au serveur CELERIS;FileWatcher.bat;Job;No;1;No;CTMSRV;CELNRJ_J16INT_05_Q;svce_cm;wdkcelp13;A_W_CEL13;3oo8g
CEL-CELERIS;CELNRJ_J16INT_05_Q;CELNRJ_J16INT_05_FW04_Q;"March 23, 2026";"March 23, 2026 7:00:00 PM";"March 23, 2026 7:01:07 PM";;Ended OK;CELERIS : Scrutation du fichier EVENEMENTSENERGY_*.xml de la PFE au serveur CELERIS;FileWatcher.bat;Job;No;1;No;CTMSRV;CELNRJ_J16INT_05_Q;svce_cm;wdkcelp13;A_W_CEL13;3oo8f
CEL-CELERIS;CELNRJ_J16INT_05_Q;CELNRJ_J16INT_05_IMP01_Q;"March 23, 2026";"March 23, 2026 7:30:00 PM";"March 23, 2026 7:43:37 PM";;Ended OK;CELERIS : Intégration du fichier PATRIMOINEENERGY dans CELERIS;lance_Traitement_Interne.bat;Job;No;1;No;CTMSRV;CELNRJ_J16INT_05_Q;svce_cm;wdkcelp13;A_W_CEL13;3oo8a
CEL-CELERIS;CELNRJ_J16INT_05_Q;CELNRJ_J16INT_05_IMP02_Q;"March 23, 2026";"March 23, 2026 8:30:00 PM";"March 23, 2026 11:48:43 PM";;Ended OK;CELERIS : Intégration du fichier EVENEMENTSENERGY dans CELERIS;lance_Traitement_Interne.bat;Job;No;1;No;CTMSRV;CELNRJ_J16INT_05_Q;svce_cm;wdkcelp13;A_W_CEL13;3oo8d
CEL-CELERIS;CELNRJ_J16INT_05_Q;CELNRJ_J16INT_05_MOV01_Q;"March 23, 2026";"March 23, 2026 7:00:08 PM";"March 23, 2026 7:00:21 PM";;Ended OK;CELERIS : Deplacement du fichier PATRIMOINEENERGY_*.xml depuis le NAS EDF;MOV_Multi_Generique_DKA.bat;Job;No;1;No;CTMSRV;CELNRJ_J16INT_05_Q;svce_cm;wdkcelp13;A_W_CEL13;3oo8b
CEL-CELERIS;CELNRJ_J16INT_05_Q;CELNRJ_J16INT_05_MOV02_Q;"March 23, 2026";"March 23, 2026 7:00:08 PM";"March 23, 2026 7:00:11 PM";;Ended OK;CELERIS : Deplacement du fichier EVENEMENTSENERGY_*.xml depuis le NAS EDF;MOV_Multi_Generique_DKA.bat;Job;No;1;No;CTMSRV;CELNRJ_J16INT_05_Q;svce_cm;wdkcelp13;A_W_CEL13;3oo8c
CEL-CELERIS;CELNRJ_J16INT_05_Q;CELNRJ_J16INT_05_Q;"March 23, 2026";"March 23, 2026 7:00:00 PM";"March 23, 2026 11:48:44 PM";;Ended OK;SEE CEL01: Gestion des flux PATRIMOINEENERGY et EVENEMENTSENERGY;;SMART Table;No;1;No;CTMSRV;CELNRJ_J16INT_05_Q;;ldkctmp50;;3oo89
CEL-CELERIS;CELOAF_J11GEN_06_Q;CELOAF_J11GEN_06_EXP01_Q;"March 23, 2026";"March 23, 2026 8:03:40 PM";"March 23, 2026 8:04:15 PM";;Ended OK;CELERIS Export des ecritures comptables AP et GL;lance_Traitement_Interne.bat;Job;No;1;No;CTMSRV;CELOAF_J11GEN_06_Q;svce_cm;wdkcelp12;A_W_CEL12;3ooqs
CEL-CELERIS;CELOAF_J11GEN_06_Q;CELOAF_J11GEN_06_MOV01_Q;"March 23, 2026";"March 23, 2026 8:04:16 PM";"March 23, 2026 8:04:18 PM";;Ended OK;CELERIS : Deplacement des fichiers donnees Ecritures AP vers EAI;MOV_Generique_DKA.bat;Job;No;1;No;CTMSRV;CELOAF_J11GEN_06_Q;svce_cm;wdkcelp12;A_W_CEL12;3ooqt
CEL-CELERIS;CELOAF_J11GEN_06_Q;CELOAF_J11GEN_06_MOV02_Q;"March 23, 2026";"March 23, 2026 8:04:19 PM";"March 23, 2026 8:04:21 PM";;Ended OK;CELERIS : Deplacement des fichiers controle Ecritures AP vers EAI;MOV_Generique_DKA.bat;Job;No;1;No;CTMSRV;CELOAF_J11GEN_06_Q;svce_cm;wdkcelp12;A_W_CEL12;3ooqu
CEL-CELERIS;CELOAF_J12INT_05_Q;CELOAF_J12INT_05_IMP01_Q;"March 23, 2026";"March 23, 2026 8:26:16 PM";"March 23, 2026 8:26:25 PM";0000;Ended OK;CELERIS Integration des donnees du fichier des fournisseurs;lance_Traitement_Interne.bat;Job;No;1;No;CTMSRV;CELOAF_J12INT_05_Q;svce_cm;wdkcelp13;A_W_CEL13;3omge
CEL-CELERIS;CELOAF_J12INT_05_Q;CELOAF_J12INT_05_LIM01_Q;"March 23, 2026";"March 24, 2026 12:10:00 AM";"March 24, 2026 12:10:00 AM";;Ended OK;CELERIS Limite horaire Integration des donnees du fichier des fournisseurs;;Dummy;No;1;No;CTMSRV;CELOAF_J12INT_05_Q;svce_cm;;A_W_CEL12;3omgf
CEL-CELERIS;CELOAF_J12INT_05_Q;CELOAF_J12INT_05_MOV01_Q;"March 23, 2026";"March 23, 2026 8:26:10 PM";"March 23, 2026 8:26:15 PM";;Ended OK;CELERIS : Deplacement du fichier fournisseur de l'EAI vers repertoire donnees entrantes;MOV_Generique_DKA.bat;Job;No;1;No;CTMSRV;CELOAF_J12INT_05_Q;svce_cm;wdkcelp13;A_W_CEL13;3omgg
CEL-CELERIS;CELXXX_J11GEN_06_Q;CELXXX_J11GEN_06_MOV01_Q;"March 23, 2026";"March 23, 2026 8:04:28 PM";"March 23, 2026 8:04:30 PM";;Ended OK;CELERIS : Deplacement dU fichier ALADIN vers PFE;MOV_Generique_DKA.bat;Job;No;1;No;CTMSRV;CELXXX_J11GEN_06_Q;svce_cm;wdkcelp12;A_W_CEL12;3oo3b
CEL-CELERIS;CELXXX_J11GEN_06_Q;CELXXX_J11GEN_06_Q;"March 23, 2026";"March 23, 2026 1:30:10 PM";"March 23, 2026 8:04:31 PM";;Ended OK;;;SMART Table;No;1;No;CTMSRV;CELXXX_J11GEN_06_Q;;ldkctmp50;;3oo39
CEL-CELERIS;CELXXX_J11GEN_06_Q;CELXXX_J11GEN_06_ZIP01_Q;"March 23, 2026";"March 23, 2026 8:04:22 PM";"March 23, 2026 8:04:27 PM";;Ended OK;compression des fichiers TIF et PDF dans aladin-tif.zip;ZIP_ALA_FACT.bat;Job;No;1;No;CTMSRV;CELXXX_J11GEN_06_Q;svce_cm;wdkcelp12;A_W_CEL12;3oo3a
CID-CONTRACTUAL INVO;CIDCEL_F11GEN_06_Q;CIDCEL_F11GEN_06_EXP01_Q;"March 23, 2026";"March 23, 2026 8:00:00 PM";"March 23, 2026 8:08:32 PM";;Ended OK;CID Export donnees du referentiel partage CID vers CELERIS;lance_Traitement_Interne.bat;Job;No;1;No;CTMSRV;CIDCEL_F11GEN_06_Q;svce_cm;wdkcidp12;A_W_CID12;3oobs
CID-CONTRACTUAL INVO;CIDCEL_F11GEN_06_Q;CIDCEL_F11GEN_06_MOV01_Q;"March 23, 2026";"March 23, 2026 8:08:33 PM";"March 23, 2026 8:08:34 PM";;Ended OK;Move du fichier depuis le repertoire CID vers PFE;MOVE_IN_TO_OUT.bat;Job;No;1;No;CTMSRV;CIDCEL_F11GEN_06_Q;svce_cm;wdkcidp12;A_W_CID12;3oobt
CID-CONTRACTUAL INVO;CIDCEL_F11INT_05_Q;CIDCEL_F11INT_05_INT01_Q;"March 23, 2026";"March 23, 2026 8:17:54 PM";"March 23, 2026 8:21:12 PM";;Ended OK;CONTRACTUAL INVO : Intégration du fichier de refacturation;ImportRefacturationCelCid.bat;Job;No;1;No;CTMSRV;CIDCEL_F11INT_05_Q;svce_cm;wdkcidp12;A_W_CID12;3omqa
CID-CONTRACTUAL INVO;CIDCEL_F11INT_05_Q;CIDCEL_F11INT_05_MOV01_Q;"March 23, 2026";"March 23, 2026 8:17:52 PM";"March 23, 2026 8:17:54 PM";;Ended OK;CID : Déplacement du fichier de refacturation : PFE > CID;MOV_Generique_DKA.bat;Job;No;1;No;CTMSRV;CIDCEL_F11INT_05_Q;svce_cm;wdkcidp12;A_W_CID12;3omqb
CID-CONTRACTUAL INVO;CIDCEL_F11INT_05_Q;CIDCEL_F11INT_05_Q;"March 23, 2026";"March 23, 2026 1:30:08 PM";"March 23, 2026 8:21:13 PM";;Ended OK;Déplacement du fichier de refacturation vers CID;;SMART Table;No;1;No;CTMSRV;CIDCEL_F11INT_05_Q;;ldkctmp50;;3omq9
CID-CONTRACTUAL INVO;CIDCEL_J11GEN_06_Q;CIDCEL_J11GEN_06_EXP01_Q;"March 23, 2026";"March 23, 2026 8:08:35 PM";"March 23, 2026 8:08:46 PM";;Ended OK;CID Generation du fichier PCE Compteur vers CELERIS;lance_Traitement_Interne.bat;Job;No;1;No;CTMSRV;CIDCEL_J11GEN_06_Q;svce_cm;wdkcidp12;A_W_CID12;3omvy
CID-CONTRACTUAL INVO;CIDCEL_J11GEN_06_Q;CIDCEL_J11GEN_06_MOV01_Q;"March 23, 2026";"March 23, 2026 8:08:47 PM";"March 23, 2026 8:08:49 PM";;Ended OK;CID Deplacement du fichier PCECompteur vers PFE;MOVE_IN_TO_OUT.bat;Job;No;1;No;CTMSRV;CIDCEL_J11GEN_06_Q;svce_cm;wdkcidp12;A_W_CID12;3omvz
CID-CONTRACTUAL INVO;CIDCID_E11STP_01_Q;CIDCID_E11STP_01_ATP01_Q;"March 23, 2026";"March 23, 2026 7:00:01 PM";"March 23, 2026 7:00:12 PM";;Ended OK;Arret de l'application CID sur WDKCIDP11;start_stop_appli_CID.bat;Job;No;1;No;CTMSRV;CIDCID_E11STP_01_Q;svce_cm;wdkcidp11;A_W_CID11;3oo1k
CID-CONTRACTUAL INVO;CIDCID_E11STR_02_Q;CIDCID_E11STR_02_DTP01_Q;"March 23, 2026";"March 24, 2026 6:00:00 AM";"March 24, 2026 6:00:05 AM";;Ended OK;Demarrage de l'application CID sur WDKCIDP11;start_stop_appli_CID.bat;Job;No;1;No;CTMSRV;CIDCID_E11STR_02_Q;svce_cm;wdkcidp11;A_W_CID11;3oopo
CID-CONTRACTUAL INVO;CIDCID_F11TEC_04_Q;CIDCID_F11TEC_04_DEB01_Q;"March 23, 2026";"March 23, 2026 7:00:00 PM";"March 23, 2026 7:00:00 PM";;Ended OK;Jalon de demarrage de la production CID;CID_PROD_START_ALL_001J;Dummy;No;1;No;CTMSRV;CIDCID_F11TEC_04_Q;svce_cm;;;3onsz
CID-CONTRACTUAL INVO;CIDCID_F11TEC_04_Q;CIDCID_F11TEC_04_FIN99_Q;"March 23, 2026";"March 24, 2026 2:08:25 AM";"March 24, 2026 2:08:25 AM";;Ended OK;Jalon de fin de la production CID;CID_PROD_END_ALL_001J;Dummy;No;1;No;CTMSRV;CIDCID_F11TEC_04_Q;svce_cm;;;3onsy
CID-CONTRACTUAL INVO;CIDCID_F11TEC_04_Q;CIDCID_F11TEC_04_FJA97_Q;"March 23, 2026";"March 24, 2026 12:00:53 AM";"March 24, 2026 12:00:53 AM";;Ended OK;G1 G2 G3  fin des interfaces ENTRANTES;CIDFIN_INT_ENTRANT;Dummy;No;1;No;CTMSRV;CIDCID_F11TEC_04_Q;svce_cm;;A_W_CID13;3ont1
CID-CONTRACTUAL INVO;CIDCID_F11TEC_04_Q;CIDCID_F11TEC_04_FJA98_Q;"March 23, 2026";"March 24, 2026 1:14:58 AM";"March 24, 2026 1:14:58 AM";;Ended OK;G5 fin des traitements INTERNE;FIN_TRT_INTERNE;Dummy;No;1;No;CTMSRV;CIDCID_F11TEC_04_Q;svce_cm;;A_W_CID13;3ont3
CID-CONTRACTUAL INVO;CIDCID_F11TEC_04_Q;CIDCID_F11TEC_04_FJA99_Q;"March 23, 2026";"March 24, 2026 2:08:24 AM";"March 24, 2026 2:08:24 AM";;Ended OK;G4 G6 G8 G9 fin des interfaces SORTANTES;CIDFIN_INT_SORTANT;Dummy;No;1;No;CTMSRV;CIDCID_F11TEC_04_Q;svce_cm;;A_W_CID13;3ont2
CID-CONTRACTUAL INVO;CIDCID_F11TEC_04_Q;CIDCID_F11TEC_04_SC001_Q;"March 23, 2026";"March 23, 2026 3:00:00 PM";"March 23, 2026 3:00:00 PM";;Ended OK;"CID ; TEST PRESENCE COND SC_WCID107_OK";SC_WCID107_OK;Dummy;No;1;No;CTMSRV;CIDCID_F11TEC_04_Q;root;;;3ont0
CID-CONTRACTUAL INVO;CIDCID_F12TRT_04_Q;CIDCID_F12TRT_04_CAL01_Q;"March 23, 2026";"March 24, 2026 12:00:54 AM";"March 24, 2026 12:03:38 AM";;Ended OK;G5 calcul type affiné;lance_Traitement_Interne.bat;Job;No;1;No;CTMSRV;CIDCID_F12TRT_04_Q;svce_cm;wdkcidp12;A_W_CID12;3oofi
CID-CONTRACTUAL INVO;CIDCID_F13TRT_04_Q;CIDCID_F13TRT_04_WRK01_Q;"March 23, 2026";"March 24, 2026 12:17:22 AM";"March 24, 2026 12:17:33 AM";;Ended OK;G5 raj et substitution indices;lance_Traitement_Interne.bat;Job;No;1;No;CTMSRV;CIDCID_F13TRT_04_Q;svce_cm;wdkcidp12;A_W_CID12;3ommf
CID-CONTRACTUAL INVO;CIDCID_F14TRT_04_Q;CIDCID_F14TRT_04_CAL01_Q;"March 23, 2026";"March 24, 2026 12:17:34 AM";"March 24, 2026 12:20:41 AM";;Ended OK;G5  calcul des factures regie Negoces;lance_Traitement_Interne.bat;Job;No;1;No;CTMSRV;CIDCID_F14TRT_04_Q;svce_cm;wdkcidp12;A_W_CID12;3ompj
CID-CONTRACTUAL INVO;CIDCID_F14TRT_04_Q;CIDCID_F14TRT_04_Q;"March 23, 2026";"March 23, 2026 1:30:09 PM";"March 24, 2026 12:20:42 AM";;Ended OK;;;SMART Table;No;1;No;CTMSRV;CIDCID_F14TRT_04_Q;;ldkctmp50;;3ompi
CID-CONTRACTUAL INVO;CIDCID_F15TRT_04_Q;CIDCID_F15TRT_04_CAL01_Q;"March 23, 2026";"March 24, 2026 12:56:00 AM";"March 24, 2026 1:12:21 AM";;Ended OK;G5 calcul des factures;lance_Traitement_Interne.bat;Job;No;1;No;CTMSRV;CIDCID_F15TRT_04_Q;svce_cm;wdkcidp12;A_W_CID12;3onvz
CID-CONTRACTUAL INVO;CIDCID_F15TRT_04_Q;CIDCID_F15TRT_04_CAL02_Q;"March 23, 2026";"March 24, 2026 1:12:22 AM";"March 24, 2026 1:14:57 AM";;Ended OK;G5 calcul facture individuel;lance_Traitement_Interne.bat;Job;No;1;No;CTMSRV;CIDCID_F15TRT_04_Q;svce_cm;wdkcidp12;A_W_CID12;3onw0
CID-CONTRACTUAL INVO;CIDCID_F15TRT_04_Q;CIDCID_F15TRT_04_CAL03_Q;"March 23, 2026";"March 24, 2026 1:14:58 AM";"March 24, 2026 1:15:11 AM";;Ended OK;G5 calcul des factures specifique;CalculFactureSpecifique.bat;Job;No;1;No;CTMSRV;CIDCID_F15TRT_04_Q;svce_cm;wdkcidp12;A_W_CID12;3onw1
CID-CONTRACTUAL INVO;CIDCID_F18TRT_04_Q;CIDCID_F18TRT_04_WRK01_Q;"March 23, 2026";"March 23, 2026 7:15:00 PM";"March 23, 2026 7:21:31 PM";;Ended OK;G5 Relance Instance;lance_Traitement_Interne.bat;Job;No;1;No;CTMSRV;CIDCID_F18TRT_04_Q;svce_cm;wdkcidp12;A_W_CID12;3onl7
CID-CONTRACTUAL INVO;CIDCID_F19TRT_04_Q;CIDCID_F19TRT_04_WRK01_Q;"March 23, 2026";"March 24, 2026 7:00:00 AM";"March 24, 2026 7:00:49 AM";;Ended OK;CID Reinitialise les donnees de la nuit applicative precedente;lance_Traitement_Interne.bat;Job;No;1;No;CTMSRV;CIDCID_F19TRT_04_Q;svce_cm;wdkcidp12;A_W_CID12;3omez
CID-CONTRACTUAL INVO;CIDCID_F20TRT_04_Q;CIDCID_F20TRT_04_WRK01_Q;"March 23, 2026";"March 23, 2026 5:31:00 PM";"March 23, 2026 5:31:49 PM";1812;Wait for Event;CID batch rejeu;RejeuEai.bat;Job;No;3;Yes;CTMSRV;CIDCID_F20TRT_04_Q;svce_cm;wdkcidp12;A_W_CID12;3on61
CID-CONTRACTUAL INVO;CIDCID_F20TRT_04_Q;CIDCID_F20TRT_04_WRK02_Q;"March 23, 2026";"March 24, 2026 7:00:00 AM";"March 24, 2026 7:01:02 AM";1300;Wait for Event;CID batch rejeu;RejeuEai.bat;Job;No;1;Yes;CTMSRV;CIDCID_F20TRT_04_Q;svce_cm;wdkcidp12;A_W_CID12;3on62
CID-CONTRACTUAL INVO;CIDCID_F21TRT_04_Q;CIDCID_F21TRT_04_CAL01_Q;"March 23, 2026";"March 24, 2026 12:20:42 AM";"March 24, 2026 12:55:59 AM";;Ended OK;CID : Calcul Vente Forfaitaire;lance_Traitement_Interne.bat;Job;No;1;No;CTMSRV;CIDCID_F21TRT_04_Q;svce_cm;wdkcidp12;A_W_CID12;3omzd
CID-CONTRACTUAL INVO;CIDCID_F21TRT_04_Q;CIDCID_F21TRT_04_Q;"March 23, 2026";"March 23, 2026 1:30:09 PM";"March 24, 2026 12:56:00 AM";;Ended OK;;;SMART Table;No;1;No;CTMSRV;CIDCID_F21TRT_04_Q;;ldkctmp50;;3omzc
CID-CONTRACTUAL INVO;CIDCID_J11TRT_04_Q;CIDCID_J11TRT_04_Q;"March 23, 2026";"March 23, 2026 1:30:09 PM";"March 24, 2026 6:03:16 AM";;Ended OK;Traitement Indexation Meilisearch;;SMART Table;No;1;No;CTMSRV;CIDCID_J11TRT_04_Q;;ldkctmp50;;3oo0m
CID-CONTRACTUAL INVO;CIDCID_J11TRT_04_Q;CIDCID_J11TRT_04_WRK01_Q;"March 23, 2026";"March 24, 2026 6:00:06 AM";"March 24, 2026 6:03:15 AM";;Ended OK;Traitement Indexation Meilisearch;IndexationMeilisearch.bat;Job;No;1;No;CTMSRV;CIDCID_J11TRT_04_Q;svce_cm;wdkcidp12;A_W_CID12;3oo0n
CID-CONTRACTUAL INVO;CIDCID_K12SVG_03_Q;CIDCID_K12SVG_03_FWT01_Q;"March 23, 2026";"March 23, 2026 8:00:00 PM";"March 23, 2026 8:00:00 PM";;Ended OK;Controle dump log apres 20h sur wdkcidp03;test_fin_dump.bat;Dummy;No;1;No;CTMSRV;CIDCID_K12SVG_03_Q;svce_cm;;NOTEXIST;3oogx
CID-CONTRACTUAL INVO;CIDCID_K12SVG_03_Q;CIDCID_K12SVG_03_FWT02_Q;"March 23, 2026";"March 24, 2026 4:00:00 AM";"March 24, 2026 4:00:00 AM";;Ended OK;Controle dump log apres 04h sur wdkcidp03;test_fin_dump.bat;Dummy;No;1;No;CTMSRV;CIDCID_K12SVG_03_Q;svce_cm;;NOTEXIST;3oogw
CID-CONTRACTUAL INVO;CIDCID_K12SVG_03_Q;CIDCID_K12SVG_03_NBU01_Q;"March 23, 2026";"March 24, 2026 5:00:00 AM";"March 24, 2026 5:00:00 AM";;Ended OK;Sauvegarde Incremental NBU du serveur WDKCIDP01;NetbackupRemoteCtm_Incr.ksh;Dummy;No;1;No;CTMSRV;CIDCID_K12SVG_03_Q;root;;NOTEXIST;3oogy
CID-CONTRACTUAL INVO;CIDCID_K12SVG_03_Q;CIDCID_K12SVG_03_NBU02_Q;"March 23, 2026";"March 24, 2026 5:00:00 AM";"March 24, 2026 5:00:00 AM";;Ended OK;Sauvegarde Incremental NBU du serveur WDKCIDP02;NetbackupRemoteCtm_Incr.ksh;Dummy;No;1;No;CTMSRV;CIDCID_K12SVG_03_Q;root;;NOTEXIST;3oogz
CID-CONTRACTUAL INVO;CIDCID_K12SVG_03_Q;CIDCID_K12SVG_03_NBU03_Q;"March 23, 2026";"March 24, 2026 8:00:00 AM";"March 24, 2026 8:00:00 AM";;Ended OK;Sauvegarde Incremental NBU du serveur WDKCIDP03;NetbackupRemoteCtm_Incr.ksh;Dummy;No;1;No;CTMSRV;CIDCID_K12SVG_03_Q;root;;NOTEXIST;3ooh0
CID-CONTRACTUAL INVO;CIDDTR_F11GEN_06_Q;CIDDTR_F11GEN_06_EXP01_Q;"March 23, 2026";"March 24, 2026 2:03:45 AM";"March 24, 2026 2:04:09 AM";;Ended OK;Genration fichier DTR_CONTRAT;Lance_INTERFACE.bat;Job;No;1;No;CTMSRV;CIDDTR_F11GEN_06_Q;svce_cm;wdkcidp13;A_W_CID13;3oof4
CID-CONTRACTUAL INVO;CIDDTR_F11GEN_06_Q;CIDDTR_F11GEN_06_EXP02_Q;"March 23, 2026";"March 24, 2026 2:04:09 AM";"March 24, 2026 2:04:21 AM";;Ended OK;Generation du fichier DTR_SLP_VPR;Lance_INTERFACE.bat;Job;No;1;No;CTMSRV;CIDDTR_F11GEN_06_Q;svce_cm;wdkcidp13;A_W_CID13;3oof5
CID-CONTRACTUAL INVO;CIDDTR_F11GEN_06_Q;CIDDTR_F11GEN_06_EXP03_Q;"March 23, 2026";"March 24, 2026 2:04:22 AM";"March 24, 2026 2:05:08 AM";;Ended OK;Generation fichier DTR_SLP_ATT;Lance_INTERFACE.bat;Job;No;1;No;CTMSRV;CIDDTR_F11GEN_06_Q;svce_cm;wdkcidp13;A_W_CID13;3oof6
CID-CONTRACTUAL INVO;CIDDTR_F11GEN_06_Q;CIDDTR_F11GEN_06_EXP04_Q;"March 23, 2026";"March 24, 2026 2:05:09 AM";"March 24, 2026 2:05:33 AM";;Ended OK;Generation fichier DTR_SLP_IMP;Lance_INTERFACE.bat;Job;No;1;No;CTMSRV;CIDDTR_F11GEN_06_Q;svce_cm;wdkcidp13;A_W_CID13;3oof7
CID-CONTRACTUAL INVO;CIDDTR_F11GEN_06_Q;CIDDTR_F11GEN_06_EXP05_Q;"March 23, 2026";"March 24, 2026 2:05:34 AM";"March 24, 2026 2:06:11 AM";;Ended OK;Generation fichier DTR_SLP_DT;Lance_INTERFACE.bat;Job;No;1;No;CTMSRV;CIDDTR_F11GEN_06_Q;svce_cm;wdkcidp13;A_W_CID13;3oof8
CID-CONTRACTUAL INVO;CIDDTR_F11GEN_06_Q;CIDDTR_F11GEN_06_EXP06_Q;"March 23, 2026";"March 24, 2026 2:06:11 AM";"March 24, 2026 2:07:06 AM";;Ended OK;Generation fichier DTR_SLP_DR;Lance_INTERFACE.bat;Job;No;1;No;CTMSRV;CIDDTR_F11GEN_06_Q;svce_cm;wdkcidp13;A_W_CID13;3oof9
CID-CONTRACTUAL INVO;CIDDTR_F11GEN_06_Q;CIDDTR_F11GEN_06_EXP07_Q;"March 23, 2026";"March 24, 2026 2:07:06 AM";"March 24, 2026 2:07:31 AM";;Ended OK;Generation fichier DTR_SLP_DA;Lance_INTERFACE.bat;Job;No;1;No;CTMSRV;CIDDTR_F11GEN_06_Q;svce_cm;wdkcidp13;A_W_CID13;3oofa
CID-CONTRACTUAL INVO;CIDDTR_F11GEN_06_Q;CIDDTR_F11GEN_06_EXP08_Q;"March 23, 2026";"March 24, 2026 2:07:32 AM";"March 24, 2026 2:08:02 AM";;Ended OK;Generation fichier DTR_SLP_RFAC;Lance_INTERFACE.bat;Job;No;1;No;CTMSRV;CIDDTR_F11GEN_06_Q;svce_cm;wdkcidp13;A_W_CID13;3oofb
CID-CONTRACTUAL INVO;CIDDTR_F11GEN_06_Q;CIDDTR_F11GEN_06_EXP09_Q;"March 23, 2026";"March 24, 2026 2:08:03 AM";"March 24, 2026 2:08:13 AM";;Ended OK;Generation fichier DTR_COEF_BLOQUE;Lance_INTERFACE.bat;Job;No;1;No;CTMSRV;CIDDTR_F11GEN_06_Q;svce_cm;wdkcidp13;A_W_CID13;3oofc
CID-CONTRACTUAL INVO;CIDDTR_F11GEN_06_Q;CIDDTR_F11GEN_06_EXP10_Q;"March 23, 2026";"March 24, 2026 2:08:14 AM";"March 24, 2026 2:08:23 AM";;Ended OK;Generation fichier DTR_VIN;Lance_INTERFACE.bat;Job;No;1;No;CTMSRV;CIDDTR_F11GEN_06_Q;svce_cm;wdkcidp13;A_W_CID13;3oofd
CID-CONTRACTUAL INVO;CIDECO_F11INT_05_Q;CIDECO_F11INT_05_LIM01_Q;"March 23, 2026";"March 24, 2026 12:00:00 AM";"March 24, 2026 12:00:00 AM";;Ended OK;limite horaire 00H00 CID si pb A00ON  ECO;W512_LIMITCID0200;Dummy;No;1;No;CTMSRV;CIDECO_F11INT_05_Q;root;;;3omcf
CID-CONTRACTUAL INVO;CIDEXT_F11GEN_06_Q;CIDEXT_F11GEN_06_EXP01_Q;"March 23, 2026";"March 24, 2026 1:26:09 AM";"March 24, 2026 1:26:15 AM";;Ended OK;Prélèvement vers Next;Lance_INTERFACE.bat;Job;No;1;No;CTMSRV;CIDEXT_F11GEN_06_Q;svce_cm;wdkcidp13;A_W_CID13;3omca
CID-CONTRACTUAL INVO;CIDEXT_F11GEN_06_Q;CIDEXT_F11GEN_06_Q;"March 23, 2026";"March 23, 2026 1:30:10 PM";"March 24, 2026 1:26:16 AM";;Ended OK;;;SMART Table;No;1;No;CTMSRV;CIDEXT_F11GEN_06_Q;;ldkctmp50;;3omc9
CID-CONTRACTUAL INVO;CIDEXT_F12FLX_07_Q;CIDEXT_F12FLX_07_FWT03_Q;"March 23, 2026";"March 24, 2026 1:14:58 AM";"March 24, 2026 1:28:33 AM";0700;Ended OK;Scrutation fichier pilote fact couleur  & generation du zip sur NAS PFE;nFW_Fac_DOCAPOST.bat;Job;No;1;Yes;CTMSRV;CIDEXT_F12FLX_07_Q;svce_cm;wdkcidp12;A_W_CID12;3ome1
CID-CONTRACTUAL INVO;CIDEXT_F12GEN_06_Q;CIDEXT_F12GEN_06_EXP01_Q;"March 23, 2026";;;;Wait for Event;G6 interface extraction vacation  va.csv;Lance_INTERFACE.bat;Job;No;0;No;CTMSRV;CIDEXT_F12GEN_06_Q;svce_cm;A_W_CID13;A_W_CID13;3onhs
CID-CONTRACTUAL INVO;CIDEXT_F12GEN_06_Q;CIDEXT_F12GEN_06_MOV01_Q;"March 23, 2026";;;;Wait for Event;CID Déplacement du fichier Fichier_vacation_aaaammjj.zip vers EAI;MOV_Generique_DKA.bat;Job;No;0;No;CTMSRV;CIDEXT_F12GEN_06_Q;svce_cm;A_W_CID13;A_W_CID13;3onhu
CID-CONTRACTUAL INVO;CIDEXT_F12GEN_06_Q;CIDEXT_F12GEN_06_ZIP01_Q;"March 23, 2026";;;;Wait for Event;CID Creation du fichier Fichier_vacation__aaaammjj.zip;ZIP_FAC_CID.bat;Job;No;0;No;CTMSRV;CIDEXT_F12GEN_06_Q;svce_cm;A_W_CID13;A_W_CID13;3onht
CID-CONTRACTUAL INVO;CIDEXT_F13FLX_07_Q;CIDEXT_F13FLX_07_ARC01_Q;"March 23, 2026";"March 24, 2026 1:57:12 AM";"March 24, 2026 1:57:14 AM";;Ended OK;Archiver les fichiers EDI;CIDEXT_F13FLX_07_ARC01_Q.bat;Job;No;1;No;CTMSRV;CIDEXT_F13FLX_07_Q;svce_cm;wdkcidp12;A_W_CID12;3onsl
CID-CONTRACTUAL INVO;CIDEXT_F13FLX_07_Q;CIDEXT_F13FLX_07_FWT01_Q;"March 23, 2026";"March 23, 2026 10:45:18 PM";"March 24, 2026 1:26:51 AM";0700;Ended OK;Scrutation du fichier FLAG;CIDEXT_F13FLX_07_FWT01_Q.bat;Job;No;2;Yes;CTMSRV;CIDEXT_F13FLX_07_Q;svce_cm;wdkcidp12;A_W_CID12;3onsi
CID-CONTRACTUAL INVO;CIDEXT_F13FLX_07_Q;CIDEXT_F13FLX_07_MOV01_Q;"March 23, 2026";"March 24, 2026 1:57:02 AM";"March 24, 2026 1:57:11 AM";;Ended OK;Move de Factures_EDI_*.zip vers PFE;CIDEXT_F13FLX_07_MOV01_Q.bat;Job;No;1;No;CTMSRV;CIDEXT_F13FLX_07_Q;svce_cm;wdkcidp12;A_W_CID12;3onsk
CID-CONTRACTUAL INVO;CIDEXT_F13FLX_07_Q;CIDEXT_F13FLX_07_PUR01_Q;"March 23, 2026";"March 24, 2026 1:57:15 AM";"March 24, 2026 2:07:00 AM";;Ended OK;Purge des fichiers EDI xml;CIDEXT_F13FLX_07_PUR01_Q.bat;Job;No;1;No;CTMSRV;CIDEXT_F13FLX_07_Q;svce_cm;wdkcidp12;A_W_CID12;3onsm
CID-CONTRACTUAL INVO;CIDEXT_F13FLX_07_Q;CIDEXT_F13FLX_07_PUR02_Q;"March 23, 2026";"March 24, 2026 2:07:01 AM";"March 24, 2026 2:07:03 AM";;Ended OK;Purge des fichiers ZIP -15 jours;CIDEXT_F13FLX_07_PUR02_Q.bat;Job;No;1;No;CTMSRV;CIDEXT_F13FLX_07_Q;svce_cm;wdkcidp12;A_W_CID12;3onsn
CID-CONTRACTUAL INVO;CIDEXT_F13FLX_07_Q;CIDEXT_F13FLX_07_ZIP01_Q;"March 23, 2026";"March 24, 2026 1:47:22 AM";"March 24, 2026 1:57:02 AM";;Ended OK;CID : Création du fichier Factures_EDI_aaaammjj.zip;CIDEXT_F13FLX_07_ZIP01_Q.bat;Job;No;1;No;CTMSRV;CIDEXT_F13FLX_07_Q;svce_cm;wdkcidp12;A_W_CID12;3onsj
CID-CONTRACTUAL INVO;CIDEXT_F13GEN_06_Q;CIDEXT_F13GEN_06_CPY01_Q;"March 23, 2026";"March 23, 2026 8:01:05 PM";"March 23, 2026 8:01:07 PM";;Ended OK;Copie du fichier depuis le repertoire CID vers EAI;MOV_Generique_DKA.bat;Job;No;1;No;CTMSRV;CIDEXT_F13GEN_06_Q;svce_cm;wdkcidp13;A_W_CID13;3onv2
CID-CONTRACTUAL INVO;CIDEXT_F13GEN_06_Q;CIDEXT_F13GEN_06_EXP01_Q;"March 23, 2026";"March 23, 2026 8:00:00 PM";"March 23, 2026 8:01:05 PM";;Ended OK;Generation du fichier Lien partenaire Code D;Lance_INTERFACE.bat;Job;No;1;No;CTMSRV;CIDEXT_F13GEN_06_Q;svce_cm;wdkcidp13;A_W_CID13;3onv1
CID-CONTRACTUAL INVO;CIDEXT_J11INT_05_Q;CIDEXT_J11INT_05_MOV01_Q;"March 23, 2026";"March 23, 2026 8:14:37 PM";"March 23, 2026 8:14:43 PM";;Ended OK;CID : deplacement ALADIN-TIF.ZIP depuis PFE;MOV_Generique_DKA.bat;Job;No;1;No;CTMSRV;CIDEXT_J11INT_05_Q;svce_cm;wdkcidp13;A_W_CID13;3onog
CID-CONTRACTUAL INVO;CIDEXT_J11INT_05_Q;CIDEXT_J11INT_05_Q;"March 23, 2026";"March 23, 2026 1:30:09 PM";"March 23, 2026 8:14:49 PM";;Ended OK;;;SMART Table;No;1;No;CTMSRV;CIDEXT_J11INT_05_Q;;ldkctmp50;;3onof
CID-CONTRACTUAL INVO;CIDEXT_J11INT_05_Q;CIDEXT_J11INT_05_TRT01_Q;"March 23, 2026";"March 23, 2026 8:14:46 PM";"March 23, 2026 8:14:48 PM";;Ended OK;CIDY : traitement permettant le transfert aladin_tif sur le NAS_EDF;DeplacementImage.bat;Job;No;1;No;CTMSRV;CIDEXT_J11INT_05_Q;svce_cm;wdkcidp13;A_W_CID13;3onoi
CID-CONTRACTUAL INVO;CIDEXT_J11INT_05_Q;CIDEXT_J11INT_05_ZIP01_Q;"March 23, 2026";"March 23, 2026 8:14:44 PM";"March 23, 2026 8:14:46 PM";;Ended OK;CID : Decompression ALADIN-TIF.ZIP;DZIP_ALA_CID.bat;Job;No;1;No;CTMSRV;CIDEXT_J11INT_05_Q;svce_cm;wdkcidp13;A_W_CID13;3onoh
CID-CONTRACTUAL INVO;CIDEXT_J12INT_05_Q;CIDEXT_J12INT_05_FW01_Q;"March 23, 2026";"March 23, 2026 11:15:34 PM";"March 24, 2026 12:15:43 AM";0000;Wait for Event;CID : Scrutation du fichier CHORUS STATUTSSERENSIA.FAC02   de la  PFE au serveur CITY;FileWatcher.bat;Job;No;8;Yes;CTMSRV;CIDEXT_J12INT_05_Q;svce_cm;wdkcidp12;A_W_CID12;3onup
CID-CONTRACTUAL INVO;CIDEXT_J12INT_05_Q;CIDEXT_J12INT_05_FW02_Q;"March 23, 2026";"March 23, 2026 11:18:12 PM";"March 24, 2026 12:18:14 AM";0000;Wait for Event;CID : Scrutation du fichier CHORUS STATUTSSERENSIA.FAC02 pour intégration;FileWatcher.bat;Job;No;8;Yes;CTMSRV;CIDEXT_J12INT_05_Q;svce_cm;wdkcidp12;A_W_CID12;3onuq
CID-CONTRACTUAL INVO;CIDEXT_J12INT_05_Q;CIDEXT_J12INT_05_IMP01_Q;"March 23, 2026";"March 23, 2026 7:11:02 PM";"March 23, 2026 7:11:11 PM";;Wait for Event;CID :integration  fchier  STATUTSSERENSIA.FAC02;ImportFluxRetourSerensia.bat;Job;No;3;Yes;CTMSRV;CIDEXT_J12INT_05_Q;svce_cm;wdkcidp12;A_W_CID12;3onuo
CID-CONTRACTUAL INVO;CIDEXT_J12INT_05_Q;CIDEXT_J12INT_05_MOV01_Q;"March 23, 2026";"March 23, 2026 7:10:03 PM";"March 23, 2026 7:10:04 PM";0000;Wait for Event;CID : Transfert du fichier  STATUTSSERENSIA.FAC02   de la  PFE au serveur CID;MOVOUT_Generique_DKA.bat;Job;No;3;Yes;CTMSRV;CIDEXT_J12INT_05_Q;svce_cm;wdkcidp12;A_W_CID12;3onun
CID-CONTRACTUAL INVO;CIDGRT_F11INT_05_Q;CIDGRT_F11INT_05_CON01_Q;"March 23, 2026";"March 23, 2026 9:30:02 PM";"March 23, 2026 9:30:04 PM";;Ended OK;Controle du type de fichier recu et ren _ concat;CIDConcat.cmd;Job;No;1;No;CTMSRV;CIDGRT_F11INT_05_Q;svce_cm;wdkcidp13;A_W_CID13;3on76
CID-CONTRACTUAL INVO;CIDGRT_F11INT_05_Q;CIDGRT_F11INT_05_FWT01_Q;"March 23, 2026";"March 23, 2026 9:30:00 PM";"March 23, 2026 9:30:01 PM";;Ended OK;Scrutation du fichier CTGCID_QTEGST;FileWatcher_CID.bat;Job;No;1;No;CTMSRV;CIDGRT_F11INT_05_Q;svce_cm;wdkcidp13;A_W_CID13;3on75
CID-CONTRACTUAL INVO;CIDGRT_F11INT_05_Q;CIDGRT_F11INT_05_IMP01_Q;"March 23, 2026";"March 23, 2026 9:30:04 PM";"March 23, 2026 9:30:23 PM";;Ended OK;integ CTGCID_QTEGST  du fichier Donnees Gen;Lance_INTERFACE.bat;Job;No;1;No;CTMSRV;CIDGRT_F11INT_05_Q;svce_cm;wdkcidp13;A_W_CID13;3on77
CID-CONTRACTUAL INVO;CIDMDM_J11TRT_04_Q;CIDMDM_J11TRT_04_WRK01_Q;"March 23, 2026";"March 24, 2026 1:26:09 AM";"March 24, 2026 1:27:15 AM";;Ended OK;CID : Batch appel du WS de MDM360 pour envoyer les maj des contrats;lance_Traitement_Interne.bat;Job;No;1;No;CTMSRV;CIDMDM_J11TRT_04_Q;svce_cm;wdkcidp12;A_W_CID12;3onpj
CID-CONTRACTUAL INVO;CIDMEC_F11INT_05_Q;CIDMEC_F11INT_05_IMP01_Q;"March 23, 2026";"March 24, 2026 1:14:58 AM";"March 24, 2026 1:25:23 AM";;Ended OK;Integration du Fichier ContratTop;Lance_INTERFACE.bat;Job;No;1;No;CTMSRV;CIDMEC_F11INT_05_Q;svce_cm;wdkcidp13;A_W_CID13;3on0t
CID-CONTRACTUAL INVO;CIDMEC_F11INT_05_Q;CIDMEC_F11INT_05_Q;"March 23, 2026";"March 23, 2026 1:30:09 PM";"March 24, 2026 1:26:09 AM";;Ended Not OK;;;SMART Table;No;1;No;CTMSRV;CIDMEC_F11INT_05_Q;;ldkctmp50;;3on0s
CID-CONTRACTUAL INVO;CIDMEC_F11INT_05_Q;CIDMEC_F11INT_05_WRK01_Q;"March 23, 2026";"March 24, 2026 1:25:24 AM";"March 24, 2026 1:26:07 AM";;Ended OK;Migration formule;lance_Traitement_Interne.bat;Job;No;1;No;CTMSRV;CIDMEC_F11INT_05_Q;svce_cm;wdkcidp12;A_W_CID12;3on0u
CID-CONTRACTUAL INVO;CIDMEC_F11INT_05_Q;CIDMEC_F11INT_05_WRK02_Q;"March 23, 2026";"March 24, 2026 1:26:08 AM";;;Ended Not OK;Production des rapport MEC;MEC_RapportsMec.bat;Job;No;1;No;CTMSRV;CIDMEC_F11INT_05_Q;svce_cm;wdkcidp13;A_W_CID13;3on0v
CID-CONTRACTUAL INVO;CIDNRJ_F11INT_05_Q;CIDNRJ_F11INT_05_CON01_Q;"March 23, 2026";"March 24, 2026 12:00:09 AM";"March 24, 2026 12:00:11 AM";;Ended OK;Controle du type de fichier recu et ren _ concat;CIDConcat.cmd;Job;No;1;No;CTMSRV;CIDNRJ_F11INT_05_Q;svce_cm;wdkcidp13;A_W_CID13;3onih
CID-CONTRACTUAL INVO;CIDNRJ_F11INT_05_Q;CIDNRJ_F11INT_05_FWT01_Q;"March 23, 2026";"March 24, 2026 12:00:00 AM";"March 24, 2026 12:00:07 AM";;Ended OK;Scrutation du fichier;FileWatcher_CID.bat;Job;No;1;No;CTMSRV;CIDNRJ_F11INT_05_Q;svce_cm;wdkcidp13;A_W_CID13;3onig
CID-CONTRACTUAL INVO;CIDNRJ_F11INT_05_Q;CIDNRJ_F11INT_05_IMP01_Q;"March 23, 2026";"March 24, 2026 12:00:11 AM";"March 24, 2026 12:00:22 AM";;Ended OK;integration ene_station   du fichier L00YL_NF;Lance_INTERFACE.bat;Job;No;1;No;CTMSRV;CIDNRJ_F11INT_05_Q;svce_cm;wdkcidp13;A_W_CID13;3onii
CID-CONTRACTUAL INVO;CIDNRJ_F12INT_05_Q;CIDNRJ_F12INT_05_CON01_Q;"March 23, 2026";"March 24, 2026 12:00:07 AM";"March 24, 2026 12:00:09 AM";;Ended OK;Controle du type de fichier recu et ren _ concat;CIDConcat.cmd;Job;No;1;No;CTMSRV;CIDNRJ_F12INT_05_Q;svce_cm;wdkcidp13;A_W_CID13;3oogl
CID-CONTRACTUAL INVO;CIDNRJ_F12INT_05_Q;CIDNRJ_F12INT_05_FWT01_Q;"March 23, 2026";"March 24, 2026 12:00:00 AM";"March 24, 2026 12:00:06 AM";;Ended OK;Scrutation du fichier;FileWatcher_CID.bat;Job;No;1;No;CTMSRV;CIDNRJ_F12INT_05_Q;svce_cm;wdkcidp13;A_W_CID13;3oogk
CID-CONTRACTUAL INVO;CIDNRJ_F12INT_05_Q;CIDNRJ_F12INT_05_IMP01_Q;"March 23, 2026";"March 24, 2026 12:00:09 AM";"March 24, 2026 12:00:52 AM";;Ended OK;integration ene_station   du fichier L00YM_NF_*;Lance_INTERFACE.bat;Job;No;1;No;CTMSRV;CIDNRJ_F12INT_05_Q;svce_cm;wdkcidp13;A_W_CID13;3oogm
CID-CONTRACTUAL INVO;CIDNRJ_J11INT_05_Q;CIDNRJ_J11INT_05_FW01_Q;"March 23, 2026";"March 23, 2026 7:00:01 PM";"March 23, 2026 7:00:07 PM";;Ended OK;CID : Scrutation du fichier PATRIMOINEENERGYde la PFE au serveur CID;FileWatcher.bat;Job;No;1;No;CTMSRV;CIDNRJ_J11INT_05_Q;svce_cm;wdkcidp13;A_W_CID13;3oojf
CID-CONTRACTUAL INVO;CIDNRJ_J11INT_05_Q;CIDNRJ_J11INT_05_FW02_Q;"March 23, 2026";"March 23, 2026 7:00:01 PM";"March 23, 2026 7:01:06 PM";;Ended OK;CID : Scrutation du fichier CEFM_.*xmll de la PFE au serveur CID;FileWatcher.bat;Job;No;1;No;CTMSRV;CIDNRJ_J11INT_05_Q;svce_cm;wdkcidp13;A_W_CID13;3oojg
CID-CONTRACTUAL INVO;CIDNRJ_J11INT_05_Q;CIDNRJ_J11INT_05_FW03_Q;"March 23, 2026";"March 23, 2026 7:00:01 PM";"March 23, 2026 7:00:08 PM";;Ended OK;CID : Scrutation du fichier EVENEMENTSENERGY de la PFE au serveur CID (20h30);FileWatcher.bat;Job;No;1;No;CTMSRV;CIDNRJ_J11INT_05_Q;svce_cm;wdkcidp13;A_W_CID13;3oojh
CID-CONTRACTUAL INVO;CIDNRJ_J11INT_05_Q;CIDNRJ_J11INT_05_FW04_Q;"March 23, 2026";"March 23, 2026 7:00:01 PM";"March 23, 2026 7:01:07 PM";;Ended OK;CID : Scrutation du fichier EVENEMENTSENERGY de la PFE au serveur CID;FileWatcher.bat;Job;No;1;No;CTMSRV;CIDNRJ_J11INT_05_Q;svce_cm;wdkcidp13;A_W_CID13;3ooji
CID-CONTRACTUAL INVO;CIDNRJ_J11INT_05_Q;CIDNRJ_J11INT_05_FW05_Q;"March 23, 2026";"March 23, 2026 10:30:00 PM";"March 23, 2026 10:41:06 PM";;Ended OK;CID : Scrutation du fichier EVENEMENTSENERGY de la PFE au serveur CID (22h45);FileWatcher.bat;Job;No;1;No;CTMSRV;CIDNRJ_J11INT_05_Q;svce_cm;wdkcidp13;A_W_CID13;3oojk
CID-CONTRACTUAL INVO;CIDNRJ_J11INT_05_Q;CIDNRJ_J11INT_05_FW06_Q;"March 23, 2026";"March 23, 2026 10:30:00 PM";"March 23, 2026 10:42:05 PM";;Ended OK;CID : Scrutation du fichier EVENEMENTSENERGY de la PFE au serveur CID;FileWatcher.bat;Job;No;1;No;CTMSRV;CIDNRJ_J11INT_05_Q;svce_cm;wdkcidp13;A_W_CID13;3oojm
CID-CONTRACTUAL INVO;CIDNRJ_J11INT_05_Q;CIDNRJ_J11INT_05_IMP01_Q;"March 23, 2026";"March 23, 2026 7:30:00 PM";"March 23, 2026 7:51:28 PM";;Ended OK;CONTRACTUAL INVO : Intégration du fichier PATRIMOINEENERGY dans CID;lance_INTERFACE.bat;Job;No;1;No;CTMSRV;CIDNRJ_J11INT_05_Q;svce_cm;wdkcidp13;A_W_CID13;3oojb
CID-CONTRACTUAL INVO;CIDNRJ_J11INT_05_Q;CIDNRJ_J11INT_05_IMP02_Q;"March 23, 2026";"March 23, 2026 8:30:00 PM";"March 23, 2026 9:45:58 PM";;Ended OK;CONTRACTUAL INVO : Intégration du fichier EVENEMENTSENERGY dans CID (20h30);lance_INTERFACE.bat;Job;No;1;No;CTMSRV;CIDNRJ_J11INT_05_Q;svce_cm;wdkcidp13;A_W_CID13;3ooje
CID-CONTRACTUAL INVO;CIDNRJ_J11INT_05_Q;CIDNRJ_J11INT_05_IMP03_Q;"March 23, 2026";"March 23, 2026 10:45:00 PM";"March 23, 2026 11:15:18 PM";;Ended OK;CONTRACTUAL INVO : Intégration du fichier EVENEMENTSENERGY dans CID (22h45);lance_INTERFACE.bat;Job;No;1;No;CTMSRV;CIDNRJ_J11INT_05_Q;svce_cm;wdkcidp13;A_W_CID13;3oojj
CID-CONTRACTUAL INVO;CIDNRJ_J11INT_05_Q;CIDNRJ_J11INT_05_MOV01_Q;"March 23, 2026";"March 23, 2026 7:00:08 PM";"March 23, 2026 7:00:18 PM";;Ended OK;CID : Deplacement du fichier PATRIMOINEENERGY_*.xml depuis le NAS EDF;MOV_Multi_Generique_DKA.bat;Job;No;1;No;CTMSRV;CIDNRJ_J11INT_05_Q;svce_cm;wdkcidp13;A_W_CID13;3oojc
CID-CONTRACTUAL INVO;CIDNRJ_J11INT_05_Q;CIDNRJ_J11INT_05_MOV02_Q;"March 23, 2026";"March 23, 2026 7:00:08 PM";"March 23, 2026 7:00:11 PM";;Ended OK;CID : Deplacement du fichier EVENEMENTSENERGY_*.xml depuis le NAS EDF (20h30);MOV_Multi_Generique_DKA.bat;Job;No;1;No;CTMSRV;CIDNRJ_J11INT_05_Q;svce_cm;wdkcidp13;A_W_CID13;3oojd
CID-CONTRACTUAL INVO;CIDNRJ_J11INT_05_Q;CIDNRJ_J11INT_05_MOV03_Q;"March 23, 2026";"March 23, 2026 10:41:07 PM";"March 23, 2026 10:41:09 PM";;Ended OK;CID : Deplacement du fichier EVENEMENTSENERGY_*.xml depuis le NAS EDF (22h45);MOV_Multi_Generique_DKA.bat;Job;No;1;No;CTMSRV;CIDNRJ_J11INT_05_Q;svce_cm;wdkcidp13;A_W_CID13;3oojl
CID-CONTRACTUAL INVO;CIDNRJ_J11INT_05_Q;CIDNRJ_J11INT_05_Q;"March 23, 2026";"March 23, 2026 7:00:00 PM";"March 23, 2026 11:15:19 PM";;Ended OK;SEE FAC02: Gestion des flux PATRIMOINEENERGY et EVENEMENTSENERGY;;SMART Table;No;1;No;CTMSRV;CIDNRJ_J11INT_05_Q;;ldkctmp50;;3ooja
CID-CONTRACTUAL INVO;CIDOAP_F11GEN_06_Q;CIDOAP_F11GEN_06_EXP01_Q;"March 23, 2026";"March 24, 2026 1:26:09 AM";"March 24, 2026 1:32:17 AM";;Ended OK;CID Export des ecritures comptables AR;BATCH_Generique_DKA.bat;Job;No;1;No;CTMSRV;CIDOAP_F11GEN_06_Q;svce_cm;wdkcidp12;A_W_CID12;3oncy
CID-CONTRACTUAL INVO;CIDOAP_F11GEN_06_Q;CIDOAP_F11GEN_06_EXP02_Q;"March 23, 2026";"March 24, 2026 1:32:17 AM";"March 24, 2026 1:33:04 AM";;Ended OK;CID Export des ecritures comptables AP;BATCH_Generique_DKA.bat;Job;No;1;No;CTMSRV;CIDOAP_F11GEN_06_Q;svce_cm;wdkcidp12;A_W_CID12;3oncz
CID-CONTRACTUAL INVO;CIDOAP_F11GEN_06_Q;CIDOAP_F11GEN_06_EXP03_Q;"March 23, 2026";"March 24, 2026 1:33:05 AM";"March 24, 2026 1:34:06 AM";;Ended OK;CID Export des ecritures comptables GL (Individuelle);BATCH_Generique_DKA.bat;Job;No;1;No;CTMSRV;CIDOAP_F11GEN_06_Q;svce_cm;wdkcidp12;A_W_CID12;3ond0
CID-CONTRACTUAL INVO;CIDOAP_F11GEN_06_Q;CIDOAP_F11GEN_06_MOV01_Q;"March 23, 2026";"March 24, 2026 1:32:17 AM";"March 24, 2026 1:32:19 AM";;Ended OK;CID : Deplacement des fichiers donnees Ecritures AR vers EAI;MOV_Generique_DKA.bat;Job;No;1;No;CTMSRV;CIDOAP_F11GEN_06_Q;svce_cm;wdkcidp12;A_W_CID12;3ond1
CID-CONTRACTUAL INVO;CIDOAP_F11GEN_06_Q;CIDOAP_F11GEN_06_MOV02_Q;"March 23, 2026";"March 24, 2026 1:32:20 AM";"March 24, 2026 1:32:21 AM";;Ended OK;CID : Deplacement des fichiers donnees Ecritures AR vers EAI;MOV_Generique_DKA.bat;Job;No;1;No;CTMSRV;CIDOAP_F11GEN_06_Q;svce_cm;wdkcidp12;A_W_CID12;3ond2
CID-CONTRACTUAL INVO;CIDOAP_F11GEN_06_Q;CIDOAP_F11GEN_06_MOV03_Q;"March 23, 2026";"March 24, 2026 1:33:05 AM";"March 24, 2026 1:33:07 AM";;Ended OK;CID : Deplacement des fichiers donnees Ecritures AP vers EAI;MOV_Generique_DKA.bat;Job;No;1;No;CTMSRV;CIDOAP_F11GEN_06_Q;svce_cm;wdkcidp12;A_W_CID12;3ond3
CID-CONTRACTUAL INVO;CIDOAP_F11GEN_06_Q;CIDOAP_F11GEN_06_MOV04_Q;"March 23, 2026";"March 24, 2026 1:33:07 AM";"March 24, 2026 1:33:09 AM";;Ended OK;CID : Deplacement des fichiers donnees Ecritures AP vers EAI;MOV_Generique_DKA.bat;Job;No;1;No;CTMSRV;CIDOAP_F11GEN_06_Q;svce_cm;wdkcidp12;A_W_CID12;3ond4
CID-CONTRACTUAL INVO;CIDOAP_F11GEN_06_Q;CIDOAP_F11GEN_06_MOV05_Q;"March 23, 2026";"March 24, 2026 1:34:07 AM";"March 24, 2026 1:34:09 AM";;Ended OK;CID : Deplacement des fichiers donnees Ecritures GL vers EAI (Individuelle);MOV_Generique_DKA.bat;Job;No;1;No;CTMSRV;CIDOAP_F11GEN_06_Q;svce_cm;wdkcidp12;A_W_CID12;3ond5
CID-CONTRACTUAL INVO;CIDOAP_F11GEN_06_Q;CIDOAP_F11GEN_06_MOV06_Q;"March 23, 2026";"March 24, 2026 1:34:10 AM";"March 24, 2026 1:34:11 AM";;Ended OK;CID : Deplacement des fichiers donnees Ecritures GL vers EAI (Individuelle);MOV_Generique_DKA.bat;Job;No;1;No;CTMSRV;CIDOAP_F11GEN_06_Q;svce_cm;wdkcidp12;A_W_CID12;3ond6
CID-CONTRACTUAL INVO;CIDOAP_F11GEN_06_Q;CIDOAP_F11GEN_06_Q;"March 23, 2026";"March 23, 2026 1:30:09 PM";"March 24, 2026 1:34:12 AM";;Ended OK;;;SMART Table;No;1;No;CTMSRV;CIDOAP_F11GEN_06_Q;;ldkctmp50;;3oncx
CID-CONTRACTUAL INVO;CIDPEL_F11GEN_06_Q;CIDPEL_F11GEN_06_CPY01_Q;"March 23, 2026";"March 24, 2026 2:00:04 AM";"March 24, 2026 2:00:05 AM";;Ended OK;G9 DTR  PEL facturation - copie local du fichier PEC_FACTURE;Copy_CID_local.bat;Job;No;1;No;CTMSRV;CIDPEL_F11GEN_06_Q;svce_cm;wdkcidp13;A_W_CID13;3ooco
CID-CONTRACTUAL INVO;CIDPEL_F11GEN_06_Q;CIDPEL_F11GEN_06_EXP01_Q;"March 23, 2026";"March 24, 2026 1:34:07 AM";"March 24, 2026 1:39:23 AM";;Ended OK;G9 DTR  PEL contrat prestation;Lance_INTERFACE.bat;Job;No;1;No;CTMSRV;CIDPEL_F11GEN_06_Q;svce_cm;wdkcidp13;A_W_CID13;3oocc
CID-CONTRACTUAL INVO;CIDPEL_F11GEN_06_Q;CIDPEL_F11GEN_06_EXP02_Q;"March 23, 2026";"March 24, 2026 1:39:24 AM";"March 24, 2026 1:40:15 AM";;Ended OK;G9 DTR  PEL Affaire;Lance_INTERFACE.bat;Job;No;1;No;CTMSRV;CIDPEL_F11GEN_06_Q;svce_cm;wdkcidp13;A_W_CID13;3oocd
CID-CONTRACTUAL INVO;CIDPEL_F11GEN_06_Q;CIDPEL_F11GEN_06_EXP03_Q;"March 23, 2026";"March 24, 2026 1:40:16 AM";"March 24, 2026 1:42:23 AM";;Ended OK;G9 DTR  PEL FCP COMPTEUR;Lance_INTERFACE.bat;Job;No;1;No;CTMSRV;CIDPEL_F11GEN_06_Q;svce_cm;wdkcidp13;A_W_CID13;3ooce
CID-CONTRACTUAL INVO;CIDPEL_F11GEN_06_Q;CIDPEL_F11GEN_06_EXP04_Q;"March 23, 2026";"March 24, 2026 1:42:24 AM";"March 24, 2026 1:43:48 AM";;Ended OK;G9 DTR  PEL indice de revision;Lance_INTERFACE.bat;Job;No;1;No;CTMSRV;CIDPEL_F11GEN_06_Q;svce_cm;wdkcidp13;A_W_CID13;3oocf
CID-CONTRACTUAL INVO;CIDPEL_F11GEN_06_Q;CIDPEL_F11GEN_06_EXP05_Q;"March 23, 2026";"March 24, 2026 1:43:49 AM";"March 24, 2026 2:00:03 AM";;Ended OK;G9 DTR  PEL facturation;Lance_INTERFACE.bat;Job;No;1;No;CTMSRV;CIDPEL_F11GEN_06_Q;svce_cm;wdkcidp13;A_W_CID13;3oocg
CID-CONTRACTUAL INVO;CIDPEL_F11GEN_06_Q;CIDPEL_F11GEN_06_EXP07_Q;"March 23, 2026";"March 24, 2026 2:00:04 AM";"March 24, 2026 2:02:48 AM";;Ended OK;G9 DTR  PEL Interessement;Lance_INTERFACE.bat;Job;No;1;No;CTMSRV;CIDPEL_F11GEN_06_Q;svce_cm;wdkcidp13;A_W_CID13;3ooch
CID-CONTRACTUAL INVO;CIDPEL_F11GEN_06_Q;CIDPEL_F11GEN_06_EXP08_Q;"March 23, 2026";"March 24, 2026 2:02:49 AM";"March 24, 2026 2:02:54 AM";;Ended OK;G9 DTR  PEL valeur Indice;Lance_INTERFACE.bat;Job;No;1;No;CTMSRV;CIDPEL_F11GEN_06_Q;svce_cm;wdkcidp13;A_W_CID13;3ooci
CID-CONTRACTUAL INVO;CIDPEL_F11GEN_06_Q;CIDPEL_F11GEN_06_EXP09_Q;"March 23, 2026";"March 24, 2026 2:02:54 AM";"March 24, 2026 2:03:05 AM";;Ended OK;G9 DTR  PEL Utilisateur;Lance_INTERFACE.bat;Job;No;1;No;CTMSRV;CIDPEL_F11GEN_06_Q;svce_cm;wdkcidp13;A_W_CID13;3oocj
CID-CONTRACTUAL INVO;CIDPEL_F11GEN_06_Q;CIDPEL_F11GEN_06_EXP10_Q;"March 23, 2026";"March 24, 2026 2:03:06 AM";"March 24, 2026 2:03:20 AM";;Ended OK;G9 DTR  PEL BAPC;Lance_INTERFACE.bat;Job;No;1;No;CTMSRV;CIDPEL_F11GEN_06_Q;svce_cm;wdkcidp13;A_W_CID13;3oock
CID-CONTRACTUAL INVO;CIDPEL_F11GEN_06_Q;CIDPEL_F11GEN_06_EXP11_Q;"March 23, 2026";"March 24, 2026 2:03:20 AM";"March 24, 2026 2:03:30 AM";;Ended OK;G9 DTR  PEL Instances;Lance_INTERFACE.bat;Job;No;1;No;CTMSRV;CIDPEL_F11GEN_06_Q;svce_cm;wdkcidp13;A_W_CID13;3oocl
CID-CONTRACTUAL INVO;CIDPEL_F11GEN_06_Q;CIDPEL_F11GEN_06_EXP12_Q;"March 23, 2026";"March 24, 2026 2:03:31 AM";"March 24, 2026 2:03:42 AM";;Ended OK;G9 DTR  PEL lignes Instances;Lance_INTERFACE.bat;Job;No;1;No;CTMSRV;CIDPEL_F11GEN_06_Q;svce_cm;wdkcidp13;A_W_CID13;3oocm
CID-CONTRACTUAL INVO;CIDPEL_F11GEN_06_Q;CIDPEL_F11GEN_06_EXP13_Q;"March 23, 2026";"March 24, 2026 2:03:42 AM";"March 24, 2026 2:03:45 AM";;Ended OK;G9 DTR  PEL BUDGET des ventes;Lance_INTERFACE.bat;Job;No;1;No;CTMSRV;CIDPEL_F11GEN_06_Q;svce_cm;wdkcidp13;A_W_CID13;3oocn
CID-CONTRACTUAL INVO;CIDPEL_F11GEN_06_Q;CIDPEL_F11GEN_06_MOV01_Q;"March 23, 2026";"March 24, 2026 2:00:05 AM";"March 24, 2026 2:00:06 AM";;Ended OK;CID :Transfert du fichier PEL FACTURE depuis CID pour FAC02.FACTURATIONCID;MOV_Multi_Generique_DKA.bat;Job;No;1;No;CTMSRV;CIDPEL_F11GEN_06_Q;svce_cm;wdkcidp13;A_W_CID13;3oocp
CID-CONTRACTUAL INVO;CIDPEL_F11GEN_06_Q;CIDPEL_F11GEN_06_Q;"March 23, 2026";"March 23, 2026 1:30:09 PM";"March 24, 2026 2:03:45 AM";;Ended OK;;;SMART Table;No;1;No;CTMSRV;CIDPEL_F11GEN_06_Q;;ldkctmp50;;3oocb
CID-CONTRACTUAL INVO;CIDPRN_J11GEN_06_Q;CIDPRN_J11GEN_06_EXP01_Q;"March 23, 2026";"March 24, 2026 1:26:09 AM";"March 24, 2026 1:26:13 AM";;Ended OK;CID : G6 interface extraction indice revision  P2 P3;Lance_INTERFACE.bat;Job;No;1;No;CTMSRV;CIDPRN_J11GEN_06_Q;svce_cm;wdkcidp13;A_W_CID13;3oog7
CID-CONTRACTUAL INVO;CIDPRN_J11INT_05_Q;CIDPRN_J11INT_05_IMP01_Q;"March 23, 2026";"March 24, 2026 12:00:00 AM";"March 24, 2026 12:00:25 AM";;Ended OK;CID Integration des avis reçu pendant la journee;Lance_INTERFACE.bat;Job;No;1;No;CTMSRV;CIDPRN_J11INT_05_Q;svce_cm;wdkcidp13;A_W_CID13;3omh6
CID-CONTRACTUAL INVO;CIDSIC_F11GEN_06_Q;CIDSIC_F11GEN_06_EXP01_Q;"March 23, 2026";"March 24, 2026 1:26:09 AM";"March 24, 2026 1:26:23 AM";;Ended OK;G4 interface extraction contrat1;Lance_INTERFACE.bat;Job;No;1;No;CTMSRV;CIDSIC_F11GEN_06_Q;svce_cm;wdkcidp13;A_W_CID13;3onpp
CID-CONTRACTUAL INVO;CIDSIC_F11GEN_06_Q;CIDSIC_F11GEN_06_EXP02_Q;"March 23, 2026";"March 24, 2026 1:26:24 AM";"March 24, 2026 1:26:37 AM";;Ended OK;G4 interface extraction contrat2;Lance_INTERFACE.bat;Job;No;1;No;CTMSRV;CIDSIC_F11GEN_06_Q;svce_cm;wdkcidp13;A_W_CID13;3onpq
CID-CONTRACTUAL INVO;CIDSIC_F11GEN_06_Q;CIDSIC_F11GEN_06_EXP03_Q;"March 23, 2026";"March 24, 2026 1:26:37 AM";"March 24, 2026 1:26:54 AM";;Ended OK;G4 interface extraction contrat3;Lance_INTERFACE.bat;Job;No;1;No;CTMSRV;CIDSIC_F11GEN_06_Q;svce_cm;wdkcidp13;A_W_CID13;3onpr
CID-CONTRACTUAL INVO;CIDSIC_F11GEN_06_Q;CIDSIC_F11GEN_06_EXP05_Q;"March 23, 2026";"March 24, 2026 1:26:56 AM";"March 24, 2026 1:27:15 AM";;Ended OK;G4 interface extraction contrat5;Lance_INTERFACE.bat;Job;No;1;No;CTMSRV;CIDSIC_F11GEN_06_Q;svce_cm;wdkcidp13;A_W_CID13;3onps
CID-CONTRACTUAL INVO;CIDSIC_F11GEN_06_Q;CIDSIC_F11GEN_06_Q;"March 23, 2026";"March 23, 2026 1:30:09 PM";"March 24, 2026 1:27:16 AM";;Ended OK;;;SMART Table;No;1;No;CTMSRV;CIDSIC_F11GEN_06_Q;;ldkctmp50;;3onpo
CIT-CITY;CITCID_J11INT_05_Q;CITCID_J11INT_05_CPY01_Q;"March 23, 2026";"March 24, 2026 1:00:07 AM";"March 24, 2026 1:00:10 AM";;Ended OK;Copie du fichier liens projet-partenaire de PFE vers repertoire donnees entrantes CITY;Copy_EAI_CIT.bat;Job;No;1;No;CTMSRV;CITCID_J11INT_05_Q;svce_cm;wdkcitp12;A_W_CIT12;3on1x
CIT-CITY;CITCID_J11INT_05_Q;CITCID_J11INT_05_FWT01_Q;"March 23, 2026";"March 24, 2026 1:00:00 AM";"March 24, 2026 1:00:06 AM";;Ended OK;CITY Scrutation du fichier LienPartenaireProjet_yyyyMMdd.csv sur PFE;FileWatcher.bat;Job;No;1;No;CTMSRV;CITCID_J11INT_05_Q;svce_cm;wdkcitp12;A_W_CIT12;3on1w
CIT-CITY;CITCID_J11INT_05_Q;CITCID_J11INT_05_IMP01_Q;"March 23, 2026";"March 24, 2026 1:00:10 AM";"March 24, 2026 1:00:30 AM";;Ended OK;Integration donnees du fichier lien code D-client dans l'application CITY;lance_Traitement_Interne.bat;Job;No;1;No;CTMSRV;CITCID_J11INT_05_Q;adm-citbatch;wdkcitp12;A_W_CIT12;3on1y
CIT-CITY;CITCIT_E11STP_01_Q;CITCIT_E11STP_01_ARR01_Q;"March 23, 2026";"March 23, 2026 7:00:00 PM";"March 23, 2026 7:00:08 PM";;Ended OK;ARRET  city : STOP  (WDKCITP11);application.stop.bat;Job;No;1;No;CTMSRV;CITCIT_E11STP_01_Q;svce_cm;wdkcitp11;A_W_CIT11;3ons4
CIT-CITY;CITCIT_E11STR_02_Q;CITCIT_E11STR_02_DEM01_Q;"March 23, 2026";"March 24, 2026 6:00:00 AM";"March 24, 2026 6:00:04 AM";;Ended OK;DEMMARAGE city: START (WDKCITP11);application.start.bat;Job;No;1;No;CTMSRV;CITCIT_E11STR_02_Q;svce_cm;wdkcitp11;A_W_CIT11;3omht
CIT-CITY;CITCIT_J11TEC_04_Q;CITCIT_J11TEC_04_DEB01_Q;"March 23, 2026";"March 24, 2026 1:00:00 AM";"March 24, 2026 1:00:00 AM";;Ended OK;Jalon de demarrage 01h00 de la production CITY;Jalon de demarrage 01h00 de la production CITY;Dummy;No;1;No;CTMSRV;CITCIT_J11TEC_04_Q;svce_cm;;;3ooe0
CIT-CITY;CITCIT_J11TRT_04_Q;CITCIT_J11TRT_04_WRK01_Q;"March 23, 2026";"March 24, 2026 1:00:32 AM";"March 24, 2026 1:07:07 AM";;Ended OK;CITY Numerotation des factures validees;lance_Traitement_Interne.bat;Job;No;1;No;CTMSRV;CITCIT_J11TRT_04_Q;adm-citbatch;wdkcitp12;A_W_CIT12;3ooiv
CIT-CITY;CITCIT_J12TEC_04_Q;CITCIT_J12TEC_04_FJA01_Q;"March 23, 2026";"March 24, 2026 1:00:31 AM";"March 24, 2026 1:00:31 AM";;Ended OK;CITY Fin des interfaces ENTRANTES;CITY Fin des interfaces ENTRANTES;Dummy;No;1;No;CTMSRV;CITCIT_J12TEC_04_Q;svce_cm;;;3omf4
CIT-CITY;CITCIT_J12TRT_04_Q;CITCIT_J12TRT_04_WRK01_Q;"March 23, 2026";"March 24, 2026 1:07:08 AM";"March 24, 2026 1:19:52 AM";;Ended OK;CITY Production des fichiers pdf pour les factures precedemment numerotees;lance_Traitement_Interne.bat;Job;No;1;No;CTMSRV;CITCIT_J12TRT_04_Q;adm-citbatch;wdkcitp12;A_W_CIT12;3on8b
CIT-CITY;CITCIT_J13TEC_04_Q;CITCIT_J13TEC_04_DEB01_Q;"March 23, 2026";"March 24, 2026 1:19:53 AM";"March 24, 2026 1:19:53 AM";;Ended OK;CITY Debut des sortants Docapost et amonts;CITY Debut des sortants Docapost et amonts;Dummy;No;1;No;CTMSRV;CITCIT_J13TEC_04_Q;svce_cm;;;3omyd
CIT-CITY;CITCIT_J14TEC_04_Q;CITCIT_J14TEC_04_DEB01_Q;"March 23, 2026";"March 24, 2026 1:07:08 AM";"March 24, 2026 1:07:08 AM";;Ended OK;CITY Debut des sortants compta et décisionnel;CITY Debut des sortants compta et décisionnel;Dummy;No;1;No;CTMSRV;CITCIT_J14TEC_04_Q;svce_cm;;;3oo8z
CIT-CITY;CITCIT_J15TEC_04_Q;CITCIT_J15TEC_04_FJA01_Q;"March 23, 2026";"March 24, 2026 1:24:26 AM";"March 24, 2026 1:24:26 AM";;Ended OK;CITY Fin des interfaces SORTANTES;CITY Fin des interfaces SORTANTES;Dummy;No;1;No;CTMSRV;CITCIT_J15TEC_04_Q;svce_cm;;;3omho
CIT-CITY;CITCIT_J16TEC_04_Q;CITCIT_J16TEC_04_FJA01_Q;"March 23, 2026";"March 24, 2026 1:24:27 AM";"March 24, 2026 1:24:27 AM";;Ended OK;CITY Jalon de fin de la production;CITY Jalon de fin de la production;Dummy;No;1;No;CTMSRV;CITCIT_J16TEC_04_Q;svce_cm;;;3oodv
CIT-CITY;CITEXT_J11GEN_06_Q;CITEXT_J11GEN_06_CPY02_Q;"March 23, 2026";"March 24, 2026 1:23:11 AM";"March 24, 2026 1:23:16 AM";;Ended OK;CITY Deplacement du fichier Factures_EDI_travaux_aaaammjj.zip vers NAS;CITEXT_J11GEN_06_CPY02_Q.bat;Job;No;1;No;CTMSRV;CITEXT_J11GEN_06_Q;svce_cm;wdkcitp12;A_W_CIT12;3onrh
CIT-CITY;CITEXT_J11GEN_06_Q;CITEXT_J11GEN_06_WRK01_Q;"March 23, 2026";"March 24, 2026 1:19:54 AM";"March 24, 2026 1:22:33 AM";;Ended OK;CITY Generation du fichier pilote;lance_Traitement_Interne.bat;Job;No;1;No;CTMSRV;CITEXT_J11GEN_06_Q;adm-citbatch;wdkcitp12;A_W_CIT12;3onrf
CIT-CITY;CITEXT_J11GEN_06_Q;CITEXT_J11GEN_06_ZIP02_Q;"March 23, 2026";"March 24, 2026 1:22:34 AM";"March 24, 2026 1:23:10 AM";;Ended OK;CITY Creation du fichier Factures_EDI_travaux_aaaammjj.zip;CITEXT_J11GEN_06_ZIP02_Q.bat;Job;No;1;No;CTMSRV;CITEXT_J11GEN_06_Q;svce_cm;wdkcitp12;A_W_CIT12;3onrg
CIT-CITY;CITEXT_J12GEN_06_Q;CITEXT_J12GEN_06_CPY01_Q;"March 23, 2026";;;;Wait for Event;CITY Transfert du fichier Fichier_vacation_travaux_aaaammjj.zip vers EAI;MOV_Generique_DKA.bat;Job;No;0;No;CTMSRV;CITEXT_J12GEN_06_Q;svce_cm;A_W_CIT12;A_W_CIT12;3omz2
CIT-CITY;CITEXT_J12GEN_06_Q;CITEXT_J12GEN_06_WRK01_Q;"March 23, 2026";;;;Wait for Event;CITY Generation du fichier vacation;lance_Traitement_Interne.bat;Job;No;0;No;CTMSRV;CITEXT_J12GEN_06_Q;adm-citbatch;A_W_CIT12;A_W_CIT12;3omz1
CIT-CITY;CITEXT_J12GEN_06_Q;CITEXT_J12GEN_06_ZIP01_Q;"March 23, 2026";;;;Wait for Event;CITY Creation du fichier Fichier_vacation_travaux_aaaammjj.zip;ZIP_VAC_CIT.bat;Job;No;0;No;CTMSRV;CITEXT_J12GEN_06_Q;svce_cm;A_W_CIT12;A_W_CIT12;3omz3
CIT-CITY;CITEXT_J12INT_05_Q;CITEXT_J12INT_05_IMP01_Q;"March 23, 2026";"March 23, 2026 7:00:05 PM";"March 23, 2026 7:01:02 PM";;Ended OK;CITY: Integration fichier STATUTSSERENSIA.FAC02;FluxRetourSerensia.bat;Job;No;1;No;CTMSRV;CITEXT_J12INT_05_Q;svce_cm;wdkcitp12;A_W_CIT12;3oms2
CIT-CITY;CITEXT_J12INT_05_Q;CITEXT_J12INT_05_MOV01_Q;"March 23, 2026";"March 23, 2026 7:00:00 PM";"March 23, 2026 7:00:05 PM";0000;Ended OK;CITY : Transfert du fichier  STATUTSSERENSIA.HEF01 de la PFE vers le serveur CITY;MOVOUT_Generique_DKA.bat;Job;No;1;No;CTMSRV;CITEXT_J12INT_05_Q;svce_cm;wdkcitp12;A_W_CIT12;3oms1
CIT-CITY;CITOAF_J11GEN_06_Q;CITOAF_J11GEN_06_MOV01_Q;"March 23, 2026";"March 24, 2026 1:07:38 AM";"March 24, 2026 1:07:41 AM";;Ended OK;CITY : Deplacement des fichiers donnees Ecritures AR vers EAI;MOV_Generique_DKA.bat;Job;No;1;No;CTMSRV;CITOAF_J11GEN_06_Q;svce_cm;wdkcitp12;A_W_CIT12;3oo20
CIT-CITY;CITOAF_J11GEN_06_Q;CITOAF_J11GEN_06_MOV02_Q;"March 23, 2026";"March 24, 2026 1:07:42 AM";"March 24, 2026 1:07:44 AM";;Ended OK;CITY : Deplacement des fichiers controle Ecritures AR vers EAI;MOV_Generique_DKA.bat;Job;No;1;No;CTMSRV;CITOAF_J11GEN_06_Q;svce_cm;wdkcitp12;A_W_CIT12;3oo21
CIT-CITY;CITOAF_J11GEN_06_Q;CITOAF_J11GEN_06_MOV03_Q;"March 23, 2026";"March 24, 2026 1:07:53 AM";"March 24, 2026 1:07:55 AM";;Ended OK;CITY : Deplacement des fichiers donnees Ecritures AP vers EAI;MOV_Generique_DKA.bat;Job;No;1;No;CTMSRV;CITOAF_J11GEN_06_Q;svce_cm;wdkcitp12;A_W_CIT12;3oo22
CIT-CITY;CITOAF_J11GEN_06_Q;CITOAF_J11GEN_06_MOV04_Q;"March 23, 2026";"March 24, 2026 1:07:56 AM";"March 24, 2026 1:07:59 AM";;Ended OK;CITY : Deplacement des fichiers controle Ecritures AP vers EAI;MOV_Generique_DKA.bat;Job;No;1;No;CTMSRV;CITOAF_J11GEN_06_Q;svce_cm;wdkcitp12;A_W_CIT12;3oo23
CIT-CITY;CITOAF_J11GEN_06_Q;CITOAF_J11GEN_06_WRK01_Q;"March 23, 2026";"March 24, 2026 1:07:08 AM";"March 24, 2026 1:07:37 AM";;Ended OK;CITY Generation des fichiers pour la compta Vente (AR);lance_Traitement_Interne.bat;Job;No;1;No;CTMSRV;CITOAF_J11GEN_06_Q;adm-citbatch;wdkcitp12;A_W_CIT12;3oo24
CIT-CITY;CITOAF_J11GEN_06_Q;CITOAF_J11GEN_06_WRK02_Q;"March 23, 2026";"March 24, 2026 1:07:38 AM";"March 24, 2026 1:07:52 AM";;Ended OK;CITY Generation des fichiers pour la compta Achat (AP);lance_Traitement_Interne.bat;Job;No;1;No;CTMSRV;CITOAF_J11GEN_06_Q;adm-citbatch;wdkcitp12;A_W_CIT12;3oo1z
CIT-CITY;CITOAF_J11INT_05_Q;CITOAF_J11INT_05_IMP01_Q;"March 23, 2026";"March 24, 2026 2:00:01 AM";"March 24, 2026 2:00:01 AM";;Ended OK;Integration donnees du fichier societe dans l'application CITY;lance_Traitement_Interne.bat;Dummy;No;1;No;CTMSRV;CITOAF_J11INT_05_Q;adm-citbatch;;A_W_CIT12;3on6m
CIT-CITY;CITOAF_J11INT_05_Q;CITOAF_J11INT_05_MOV01_Q;"March 23, 2026";"March 24, 2026 2:00:00 AM";"March 24, 2026 2:00:00 AM";;Ended OK;CITY Deplacement du fichier societe de l'EAI vers repertoire donnees entrantes;MOV_REN_Generique_DKA.bat;Dummy;No;1;No;CTMSRV;CITOAF_J11INT_05_Q;svce_cm;;A_W_CIT12;3on6l
CIT-CITY;CITPEL_J11GEN_06_Q;CITPEL_J11GEN_06_CPY01_Q;"March 23, 2026";"March 24, 2026 1:09:19 AM";"March 24, 2026 1:09:23 AM";;Ended OK;CITY Copie des fichiers DOSSIER pour les applications amont;MOV_REN_Generique_DKA.bat;Job;No;1;No;CTMSRV;CITPEL_J11GEN_06_Q;adm-citbatch;wdkcitp12;A_W_CIT12;3omml
CIT-CITY;CITPEL_J11GEN_06_Q;CITPEL_J11GEN_06_CPY02_Q;"March 23, 2026";"March 24, 2026 1:09:19 AM";"March 24, 2026 1:09:23 AM";;Ended OK;CITY Copie des fichiers DEVIS pour les applications amont;MOV_REN_Generique_DKA.bat;Job;No;1;No;CTMSRV;CITPEL_J11GEN_06_Q;adm-citbatch;wdkcitp12;A_W_CIT12;3ommm
CIT-CITY;CITPEL_J11GEN_06_Q;CITPEL_J11GEN_06_CPY03_Q;"March 23, 2026";"March 24, 2026 1:09:19 AM";"March 24, 2026 1:09:26 AM";;Ended OK;CITY Copie des fichiers FACTURE pour les applications amont;MOV_REN_Generique_DKA.bat;Job;No;1;No;CTMSRV;CITPEL_J11GEN_06_Q;adm-citbatch;wdkcitp12;A_W_CIT12;3ommn
CIT-CITY;CITPEL_J11GEN_06_Q;CITPEL_J11GEN_06_CPY04_Q;"March 23, 2026";"March 24, 2026 1:09:24 AM";"March 24, 2026 1:09:27 AM";;Ended OK;CITY Copie des fichiers CTL DOSSIER pour les applications amont;MOV_REN_Generique_DKA.bat;Job;No;1;No;CTMSRV;CITPEL_J11GEN_06_Q;adm-citbatch;wdkcitp12;A_W_CIT12;3ommo
CIT-CITY;CITPEL_J11GEN_06_Q;CITPEL_J11GEN_06_CPY05_Q;"March 23, 2026";"March 24, 2026 1:09:24 AM";"March 24, 2026 1:09:28 AM";;Ended OK;CITY Copie des fichiers CTL DEVIS pour les applications amont;MOV_REN_Generique_DKA.bat;Job;No;1;No;CTMSRV;CITPEL_J11GEN_06_Q;adm-citbatch;wdkcitp12;A_W_CIT12;3ommp
CIT-CITY;CITPEL_J11GEN_06_Q;CITPEL_J11GEN_06_CPY06_Q;"March 23, 2026";"March 24, 2026 1:09:26 AM";"March 24, 2026 1:09:29 AM";;Ended OK;CITY Copie des fichiers CTL FACTURE pour les applications amont;MOV_REN_Generique_DKA.bat;Job;No;1;No;CTMSRV;CITPEL_J11GEN_06_Q;adm-citbatch;wdkcitp12;A_W_CIT12;3ommq
CIT-CITY;CITPEL_J11GEN_06_Q;CITPEL_J11GEN_06_WRK01_Q;"March 23, 2026";"March 24, 2026 1:08:00 AM";"March 24, 2026 1:09:18 AM";;Ended OK;CITY Generation des fichiers pour les applications amont;lance_Traitement_Interne.bat;Job;No;1;No;CTMSRV;CITPEL_J11GEN_06_Q;adm-citbatch;wdkcitp12;A_W_CIT12;3ommk
CIT-CITY;CITXXX_J11FLX_07_Q;CITXXX_J11FLX_07_FTP01_Q;"March 23, 2026";"March 24, 2026 1:23:17 AM";"March 24, 2026 1:23:51 AM";;Ended OK;CITY Copie des fichiers pdf vers le serveur de fichier EAI;lance_Traitement_Interne.bat;Job;No;1;No;CTMSRV;CITXXX_J11FLX_07_Q;svce_cm;wdkcitp12;A_W_CIT12;3omu5
CIT-CITY;CITXXX_J11GEN_06_Q;CITXXX_J11GEN_06_CPY01_Q;"March 23, 2026";"March 24, 2026 1:24:24 AM";"March 24, 2026 1:24:25 AM";;Ended OK;CITY Copie du fichier xml facture vers PFE;MOV_Generique_DKA.bat;Job;No;1;No;CTMSRV;CITXXX_J11GEN_06_Q;svce_cm;wdkcitp12;A_W_CIT12;3ondv
CIT-CITY;CITXXX_J11GEN_06_Q;CITXXX_J11GEN_06_WRK01_Q;"March 23, 2026";"March 24, 2026 1:23:52 AM";"March 24, 2026 1:24:23 AM";;Ended OK;CITY Generation du fichier xml facture pour les amonts devis;lance_Traitement_Interne.bat;Job;No;1;No;CTMSRV;CITXXX_J11GEN_06_Q;svce_cm;wdkcitp12;A_W_CIT12;3ondu
CIT-CITY;CITXXX_J11TEC_07_Q;CITXXX_J11TEC_07_ARC01_Q;"March 23, 2026";"March 24, 2026 1:23:17 AM";"March 24, 2026 1:23:18 AM";;Ended OK;Archivage du fichier Factures_EDI_travaux_*.zip;CITXXX_J11TEC_07_ARC01_Q.bat;Job;No;1;No;CTMSRV;CITXXX_J11TEC_07_Q;svce_cm;wdkcitp12;A_W_CIT12;3ook5
CIT-CITY;CITXXX_J11TEC_07_Q;CITXXX_J11TEC_07_PUR01_Q;"March 23, 2026";"March 24, 2026 1:23:19 AM";"March 24, 2026 1:24:33 AM";;Ended OK;Purge de fichier .pdf .txt;CITXXX_J11TEC_07_PUR01_Q.bat;Job;No;1;No;CTMSRV;CITXXX_J11TEC_07_Q;svce_cm;wdkcitp12;A_W_CIT12;3ook4
CIT-CITY;CITXXX_J11TEC_07_Q;CITXXX_J11TEC_07_PUR02_Q;"March 23, 2026";"March 24, 2026 1:24:34 AM";"March 24, 2026 1:24:35 AM";;Ended OK;Purge de fichier zip;CITXXX_J11TEC_07_PUR02_Q.bat;Job;No;1;No;CTMSRV;CITXXX_J11TEC_07_Q;svce_cm;wdkcitp12;A_W_CIT12;3ook6
CRT-CRT;CRTCRT_E21TEC_V1_Q;CRTCRT_E21TEC_V1_PUR01_Q;"March 23, 2026";"March 23, 2026 3:00:00 PM";"March 23, 2026 3:00:11 PM";;Ended OK;Purge des logs;PURGE_FICHIER.exe;Job;No;1;No;CTMSRV;CRTCRT_E21TEC_V1_Q;crtuser;wdkcrtv1p03;wdkcrtv1p03;3onvc
CRT-CRT;CRTCRT_E21TEC_V1_Q;CRTCRT_E21TEC_V1_Q;"March 23, 2026";"March 23, 2026 1:30:09 PM";"March 23, 2026 3:00:12 PM";;Ended OK;Chaine de purge  des logs sur le serveur WDKMOSVP03;;SMART Table;No;1;No;CTMSRV;CRTCRT_E21TEC_V1_Q;;ldkctmp50;;3onvb
CRT-CRT;CRTCRT_E21TEC_XX_Q;CRTCRT_E21TEC_XX_ARC01_Q;"March 23, 2026";"March 24, 2026 7:30:00 AM";"March 24, 2026 7:30:02 AM";;Wait for Event;Archivage des logs;Archivage_Logs_BridgeClient.bat;Job;No;19;Yes;CTMSRV;CRTCRT_E21TEC_XX_Q;crtuser;wdkcrttdp05;wdkcrttdp05;3omm2
CRT-CRT;CRTCRT_E21TEC_XX_Q;CRTCRT_E21TEC_XX_ARC01_Q;"March 23, 2026";"March 24, 2026 7:30:00 AM";"March 24, 2026 7:30:02 AM";;Wait for Event;Archivage des logs;Archivage_Logs_BridgeClient.bat;Job;No;19;Yes;CTMSRV;CRTCRT_E21TEC_XX_Q;crtuser;wdkcrttgp01;wdkcrttgp01;3omm5
CRT-CRT;CRTCRT_E21TEC_XX_Q;CRTCRT_E21TEC_XX_ARC01_Q;"March 23, 2026";"March 24, 2026 7:30:00 AM";"March 24, 2026 7:30:03 AM";;Wait for Event;Archivage des logs;Archivage_Logs_BridgeClient.bat;Job;No;19;Yes;CTMSRV;CRTCRT_E21TEC_XX_Q;crtuser;wdkcrttdp01;wdkcrttdp01;3omly
CRT-CRT;CRTCRT_E21TEC_XX_Q;CRTCRT_E21TEC_XX_ARC01_Q;"March 23, 2026";"March 24, 2026 7:30:00 AM";"March 24, 2026 7:30:03 AM";;Wait for Event;Archivage des logs;Archivage_Logs_BridgeClient.bat;Job;No;19;Yes;CTMSRV;CRTCRT_E21TEC_XX_Q;crtuser;wdkcrttdp02;wdkcrttdp02;3omlz
CRT-CRT;CRTCRT_E21TEC_XX_Q;CRTCRT_E21TEC_XX_ARC01_Q;"March 23, 2026";"March 24, 2026 7:30:00 AM";"March 24, 2026 7:30:03 AM";;Wait for Event;Archivage des logs;Archivage_Logs_BridgeClient.bat;Job;No;19;Yes;CTMSRV;CRTCRT_E21TEC_XX_Q;crtuser;wdkcrttdp04;wdkcrttdp04;3omm1
CRT-CRT;CRTCRT_E21TEC_XX_Q;CRTCRT_E21TEC_XX_ARC01_Q;"March 23, 2026";"March 24, 2026 7:30:00 AM";"March 24, 2026 7:30:03 AM";;Wait for Event;Archivage des logs;Archivage_Logs_BridgeClient.bat;Job;No;19;Yes;CTMSRV;CRTCRT_E21TEC_XX_Q;crtuser;wdkcrttdp06;wdkcrttdp06;3omm3
CRT-CRT;CRTCRT_E21TEC_XX_Q;CRTCRT_E21TEC_XX_ARC01_Q;"March 23, 2026";"March 24, 2026 7:30:00 AM";"March 24, 2026 7:30:04 AM";;Wait for Event;Archivage des logs;Archivage_Logs_BridgeClient.bat;Job;No;19;Yes;CTMSRV;CRTCRT_E21TEC_XX_Q;crtuser;wdkcrttdp03;wdkcrttdp03;3omm0
CRT-CRT;CRTCRT_E21TEC_XX_Q;CRTCRT_E21TEC_XX_ARC01_Q;"March 23, 2026";"March 24, 2026 7:30:00 AM";"March 24, 2026 7:30:07 AM";;Wait for Event;Archivage des logs;Archivage_Logs_BridgeClient.bat;Job;No;19;Yes;CTMSRV;CRTCRT_E21TEC_XX_Q;crtuser;wdkcrttcp01;wdkcrttcp01;3omlv
CRT-CRT;CRTCRT_E21TEC_XX_Q;CRTCRT_E21TEC_XX_ARC01_Q;"March 23, 2026";"March 24, 2026 7:30:00 AM";"March 24, 2026 7:30:07 AM";;Wait for Event;Archivage des logs;Archivage_Logs_BridgeClient.bat;Job;No;19;Yes;CTMSRV;CRTCRT_E21TEC_XX_Q;crtuser;wdkcrttcp03;wdkcrttcp03;3omlx
CRT-CRT;CRTCRT_E21TEC_XX_Q;CRTCRT_E21TEC_XX_ARC01_Q;"March 23, 2026";"March 24, 2026 7:30:00 AM";"March 24, 2026 7:30:11 AM";;Wait for Event;Archivage des logs;Archivage_Logs_BridgeClient.bat;Job;No;19;Yes;CTMSRV;CRTCRT_E21TEC_XX_Q;crtuser;wdkcrttcp02;wdkcrttcp02;3omlw
CRT-CRT;CRTCRT_E21TEC_XX_Q;CRTCRT_E21TEC_XX_ARC01_Q;"March 23, 2026";"March 24, 2026 7:30:00 AM";"March 24, 2026 7:30:16 AM";;Wait for Event;Archivage des logs;Archivage_Logs_BridgeClient.bat;Job;No;19;Yes;CTMSRV;CRTCRT_E21TEC_XX_Q;crtuser;wdkcrtbcp04;wdkcrtbcp04;3omlt
CRT-CRT;CRTCRT_E21TEC_XX_Q;CRTCRT_E21TEC_XX_ARC01_Q;"March 23, 2026";"March 24, 2026 7:30:00 AM";"March 24, 2026 7:30:20 AM";;Wait for Event;Archivage des logs;Archivage_Logs_BridgeClient.bat;Job;No;19;Yes;CTMSRV;CRTCRT_E21TEC_XX_Q;crtuser;wdkcrttmp01;wdkcrttmp01;3omm6
CRT-CRT;CRTCRT_E21TEC_XX_Q;CRTCRT_E21TEC_XX_ARC01_Q;"March 23, 2026";"March 24, 2026 7:30:00 AM";"March 24, 2026 7:30:21 AM";;Wait for Event;Archivage des logs;Archivage_Logs_BridgeClient.bat;Job;No;19;Yes;CTMSRV;CRTCRT_E21TEC_XX_Q;crtuser;wdkcrttmp03;wdkcrttmp03;3omm8
CRT-CRT;CRTCRT_E21TEC_XX_Q;CRTCRT_E21TEC_XX_ARC01_Q;"March 23, 2026";"March 24, 2026 7:30:00 AM";"March 24, 2026 7:30:24 AM";;Wait for Event;Archivage des logs;Archivage_Logs_BridgeClient.bat;Job;No;19;Yes;CTMSRV;CRTCRT_E21TEC_XX_Q;crtuser;wdkcrttmp02;wdkcrttmp02;3omm7
CRT-CRT;CRTCRT_E21TEC_XX_Q;CRTCRT_E21TEC_XX_ARC01_Q;"March 23, 2026";"March 24, 2026 7:30:00 AM";"March 24, 2026 7:30:25 AM";;Wait for Event;Archivage des logs;Archivage_Logs_BridgeClient.bat;Job;No;19;Yes;CTMSRV;CRTCRT_E21TEC_XX_Q;crtuser;wdkcrttmp05;wdkcrttmp05;3omma
CRT-CRT;CRTCRT_E21TEC_XX_Q;CRTCRT_E21TEC_XX_ARC01_Q;"March 23, 2026";"March 24, 2026 7:30:00 AM";"March 24, 2026 7:30:28 AM";;Wait for Event;Archivage des logs;Archivage_Logs_BridgeClient.bat;Job;No;19;Yes;CTMSRV;CRTCRT_E21TEC_XX_Q;crtuser;wdkcrtbcp02;wdkcrtbcp02;3omlr
CRT-CRT;CRTCRT_E21TEC_XX_Q;CRTCRT_E21TEC_XX_ARC01_Q;"March 23, 2026";"March 24, 2026 7:30:00 AM";"March 24, 2026 7:30:31 AM";;Wait for Event;Archivage des logs;Archivage_Logs_BridgeClient.bat;Job;No;19;Yes;CTMSRV;CRTCRT_E21TEC_XX_Q;crtuser;wdkcrtbcp01;wdkcrtbcp01;3omlq
CRT-CRT;CRTCRT_E21TEC_XX_Q;CRTCRT_E21TEC_XX_ARC01_Q;"March 23, 2026";"March 24, 2026 7:30:00 AM";"March 24, 2026 7:30:32 AM";;Wait for Event;Archivage des logs;Archivage_Logs_BridgeClient.bat;Job;No;19;Yes;CTMSRV;CRTCRT_E21TEC_XX_Q;crtuser;wdkcrtbcp03;wdkcrtbcp03;3omls
CRT-CRT;CRTCRT_E21TEC_XX_Q;CRTCRT_E21TEC_XX_ARC01_Q;"March 23, 2026";"March 24, 2026 7:30:00 AM";"March 24, 2026 7:30:36 AM";;Wait for Event;Archivage des logs;Archivage_Logs_BridgeClient.bat;Job;No;19;Yes;CTMSRV;CRTCRT_E21TEC_XX_Q;crtuser;wdkcrttmp04;wdkcrttmp04;3omm9
CRT-CRT;CRTCRT_E21TEC_XX_Q;CRTCRT_E21TEC_XX_ARC01_Q;"March 23, 2026";;;;Wait Host;Archivage des logs;Archivage_Logs_BridgeClient.bat;Job;No;0;Yes;CTMSRV;CRTCRT_E21TEC_XX_Q;crtuser;wdkcrtcwp01;wdkcrtcwp01;3omlu
CRT-CRT;CRTCRT_E21TEC_XX_Q;CRTCRT_E21TEC_XX_ARC01_Q;"March 23, 2026";;;;Wait Host;Archivage des logs;Archivage_Logs_BridgeClient.bat;Job;No;0;Yes;CTMSRV;CRTCRT_E21TEC_XX_Q;crtuser;wdkcrttep01;wdkcrttep01;3omm4
CRT-CRT;CRTCRT_E21TEC_XX_Q;CRTCRT_E21TEC_XX_PUR01_Q;"March 23, 2026";"March 24, 2026 7:00:00 AM";"March 24, 2026 7:00:05 AM";;Ended OK;Purge des logs;PURGE_FICHIER.exe;Job;No;1;No;CTMSRV;CRTCRT_E21TEC_XX_Q;crtuser;wdkcrtg2p01;wdkcrtg2p01;3oml3
CRT-CRT;CRTCRT_E21TEC_XX_Q;CRTCRT_E21TEC_XX_PUR01_Q;"March 23, 2026";"March 24, 2026 7:00:00 AM";"March 24, 2026 7:00:05 AM";;Ended OK;Purge des logs;PURGE_FICHIER.exe;Job;No;1;No;CTMSRV;CRTCRT_E21TEC_XX_Q;crtuser;wdkcrtg2p02;wdkcrtg2p02;3oml4
CRT-CRT;CRTCRT_E21TEC_XX_Q;CRTCRT_E21TEC_XX_PUR01_Q;"March 23, 2026";"March 24, 2026 7:00:00 AM";"March 24, 2026 7:00:05 AM";;Ended OK;Purge des logs;PURGE_FICHIER.exe;Job;No;1;No;CTMSRV;CRTCRT_E21TEC_XX_Q;crtuser;wdkcrttdp04;wdkcrttdp04;3omlc
CRT-CRT;CRTCRT_E21TEC_XX_Q;CRTCRT_E21TEC_XX_PUR01_Q;"March 23, 2026";"March 24, 2026 7:00:00 AM";"March 24, 2026 7:00:05 AM";;Ended OK;Purge des logs;PURGE_FICHIER.exe;Job;No;1;No;CTMSRV;CRTCRT_E21TEC_XX_Q;crtuser;wdkcrttdp05;wdkcrttdp05;3omld
CRT-CRT;CRTCRT_E21TEC_XX_Q;CRTCRT_E21TEC_XX_PUR01_Q;"March 23, 2026";"March 24, 2026 7:00:00 AM";"March 24, 2026 7:00:05 AM";;Ended OK;Purge des logs;PURGE_FICHIER.exe;Job;No;1;No;CTMSRV;CRTCRT_E21TEC_XX_Q;crtuser;wdkcrttdp06;wdkcrttdp06;3omle
CRT-CRT;CRTCRT_E21TEC_XX_Q;CRTCRT_E21TEC_XX_PUR01_Q;"March 23, 2026";"March 24, 2026 7:00:00 AM";"March 24, 2026 7:00:08 AM";;Ended OK;Purge des logs;PURGE_FICHIER.exe;Job;No;1;No;CTMSRV;CRTCRT_E21TEC_XX_Q;crtuser;wdkcrtwbp03;wdkcrtwbp03;3omlp
CRT-CRT;CRTCRT_E21TEC_XX_Q;CRTCRT_E21TEC_XX_PUR01_Q;"March 23, 2026";"March 24, 2026 7:00:00 AM";"March 24, 2026 7:00:09 AM";;Ended OK;Purge des logs;PURGE_FICHIER.exe;Job;No;1;No;CTMSRV;CRTCRT_E21TEC_XX_Q;crtuser;wdkcrtbgp01;wdkcrtbgp01;3omkz
CRT-CRT;CRTCRT_E21TEC_XX_Q;CRTCRT_E21TEC_XX_PUR01_Q;"March 23, 2026";"March 24, 2026 7:00:00 AM";"March 24, 2026 7:00:10 AM";;Ended OK;Purge des logs;PURGE_FICHIER.exe;Job;No;1;No;CTMSRV;CRTCRT_E21TEC_XX_Q;crtuser;wdkcrttwp01;wdkcrttwp01;3omlm
CRT-CRT;CRTCRT_E21TEC_XX_Q;CRTCRT_E21TEC_XX_PUR01_Q;"March 23, 2026";"March 24, 2026 7:00:00 AM";"March 24, 2026 7:00:12 AM";;Ended OK;Purge des logs;PURGE_FICHIER.exe;Job;No;1;No;CTMSRV;CRTCRT_E21TEC_XX_Q;crtuser;wdkcrtecp01;wdkcrtecp01;3oml0
CRT-CRT;CRTCRT_E21TEC_XX_Q;CRTCRT_E21TEC_XX_PUR01_Q;"March 23, 2026";"March 24, 2026 7:00:00 AM";"March 24, 2026 7:00:12 AM";;Ended OK;Purge des logs;PURGE_FICHIER.exe;Job;No;1;No;CTMSRV;CRTCRT_E21TEC_XX_Q;crtuser;wdkcrttdp02;wdkcrttdp02;3omla
CRT-CRT;CRTCRT_E21TEC_XX_Q;CRTCRT_E21TEC_XX_PUR01_Q;"March 23, 2026";"March 24, 2026 7:00:00 AM";"March 24, 2026 7:00:12 AM";;Ended OK;Purge des logs;PURGE_FICHIER.exe;Job;No;1;No;CTMSRV;CRTCRT_E21TEC_XX_Q;crtuser;wdkcrttdp03;wdkcrttdp03;3omlb
CRT-CRT;CRTCRT_E21TEC_XX_Q;CRTCRT_E21TEC_XX_PUR01_Q;"March 23, 2026";"March 24, 2026 7:00:00 AM";"March 24, 2026 7:00:14 AM";;Ended OK;Purge des logs;PURGE_FICHIER.exe;Job;No;1;No;CTMSRV;CRTCRT_E21TEC_XX_Q;crtuser;wdkcrtecp02;wdkcrtecp02;3oml1
CRT-CRT;CRTCRT_E21TEC_XX_Q;CRTCRT_E21TEC_XX_PUR01_Q;"March 23, 2026";"March 24, 2026 7:00:00 AM";"March 24, 2026 7:00:15 AM";;Ended OK;Purge des logs;PURGE_FICHIER.exe;Job;No;1;No;CTMSRV;CRTCRT_E21TEC_XX_Q;crtuser;wdkcrttdp01;wdkcrttdp01;3oml9
CRT-CRT;CRTCRT_E21TEC_XX_Q;CRTCRT_E21TEC_XX_PUR01_Q;"March 23, 2026";"March 24, 2026 7:00:00 AM";"March 24, 2026 7:00:22 AM";;Ended OK;Purge des logs;PURGE_FICHIER.exe;Job;No;1;No;CTMSRV;CRTCRT_E21TEC_XX_Q;crtuser;wdkcrtbcp04;wdkcrtbcp04;3omkx
CRT-CRT;CRTCRT_E21TEC_XX_Q;CRTCRT_E21TEC_XX_PUR01_Q;"March 23, 2026";"March 24, 2026 7:00:00 AM";"March 24, 2026 7:00:26 AM";;Ended OK;Purge des logs;PURGE_FICHIER.exe;Job;No;1;No;CTMSRV;CRTCRT_E21TEC_XX_Q;crtuser;wdkcrtbcp01;wdkcrtbcp01;3omku
CRT-CRT;CRTCRT_E21TEC_XX_Q;CRTCRT_E21TEC_XX_PUR01_Q;"March 23, 2026";"March 24, 2026 7:00:00 AM";"March 24, 2026 7:00:32 AM";;Ended OK;Purge des logs;PURGE_FICHIER.exe;Job;No;1;No;CTMSRV;CRTCRT_E21TEC_XX_Q;crtuser;wdkcrtbcp05;wdkcrtbcp05;3omky
CRT-CRT;CRTCRT_E21TEC_XX_Q;CRTCRT_E21TEC_XX_PUR01_Q;"March 23, 2026";"March 24, 2026 7:00:00 AM";"March 24, 2026 7:00:33 AM";;Ended OK;Purge des logs;PURGE_FICHIER.exe;Job;No;1;No;CTMSRV;CRTCRT_E21TEC_XX_Q;crtuser;wdkcrttmp01;wdkcrttmp01;3omlg
CRT-CRT;CRTCRT_E21TEC_XX_Q;CRTCRT_E21TEC_XX_PUR01_Q;"March 23, 2026";"March 24, 2026 7:00:00 AM";"March 24, 2026 7:00:35 AM";;Ended OK;Purge des logs;PURGE_FICHIER.exe;Job;No;1;No;CTMSRV;CRTCRT_E21TEC_XX_Q;crtuser;wdkcrttmp05;wdkcrttmp05;3omlk
CRT-CRT;CRTCRT_E21TEC_XX_Q;CRTCRT_E21TEC_XX_PUR01_Q;"March 23, 2026";"March 24, 2026 7:00:00 AM";"March 24, 2026 7:00:38 AM";;Ended OK;Purge des logs;PURGE_FICHIER.exe;Job;No;1;No;CTMSRV;CRTCRT_E21TEC_XX_Q;crtuser;wdkcrtbcp02;wdkcrtbcp02;3omkv
CRT-CRT;CRTCRT_E21TEC_XX_Q;CRTCRT_E21TEC_XX_PUR01_Q;"March 23, 2026";"March 24, 2026 7:00:00 AM";"March 24, 2026 7:00:38 AM";;Ended OK;Purge des logs;PURGE_FICHIER.exe;Job;No;1;No;CTMSRV;CRTCRT_E21TEC_XX_Q;crtuser;wdkcrttmp03;wdkcrttmp03;3omli
CRT-CRT;CRTCRT_E21TEC_XX_Q;CRTCRT_E21TEC_XX_PUR01_Q;"March 23, 2026";"March 24, 2026 7:00:00 AM";"March 24, 2026 7:00:45 AM";;Ended OK;Purge des logs;PURGE_FICHIER.exe;Job;No;1;No;CTMSRV;CRTCRT_E21TEC_XX_Q;crtuser;wdkcrttmp02;wdkcrttmp02;3omlh
CRT-CRT;CRTCRT_E21TEC_XX_Q;CRTCRT_E21TEC_XX_PUR01_Q;"March 23, 2026";"March 24, 2026 7:00:00 AM";"March 24, 2026 7:00:52 AM";;Ended OK;Purge des logs;PURGE_FICHIER.exe;Job;No;1;No;CTMSRV;CRTCRT_E21TEC_XX_Q;crtuser;wdkcrttcp03;wdkcrttcp03;3oml8
CRT-CRT;CRTCRT_E21TEC_XX_Q;CRTCRT_E21TEC_XX_PUR01_Q;"March 23, 2026";"March 24, 2026 7:00:00 AM";"March 24, 2026 7:00:55 AM";;Ended OK;Purge des logs;PURGE_FICHIER.exe;Job;No;1;No;CTMSRV;CRTCRT_E21TEC_XX_Q;crtuser;wdkcrttmp04;wdkcrttmp04;3omlj
CRT-CRT;CRTCRT_E21TEC_XX_Q;CRTCRT_E21TEC_XX_PUR01_Q;"March 23, 2026";"March 24, 2026 7:00:00 AM";"March 24, 2026 7:01:16 AM";;Ended OK;Purge des logs;PURGE_FICHIER.exe;Job;No;1;No;CTMSRV;CRTCRT_E21TEC_XX_Q;crtuser;wdkcrtwbp02;wdkcrtwbp02;3omlo
CRT-CRT;CRTCRT_E21TEC_XX_Q;CRTCRT_E21TEC_XX_PUR01_Q;"March 23, 2026";"March 24, 2026 7:00:00 AM";"March 24, 2026 7:02:28 AM";;Ended OK;Purge des logs;PURGE_FICHIER.exe;Job;No;1;No;CTMSRV;CRTCRT_E21TEC_XX_Q;crtuser;wdkcrtbcp03;wdkcrtbcp03;3omkw
CRT-CRT;CRTCRT_E21TEC_XX_Q;CRTCRT_E21TEC_XX_PUR01_Q;"March 23, 2026";"March 24, 2026 7:00:00 AM";"March 24, 2026 7:09:14 AM";;Ended OK;Purge des logs;PURGE_FICHIER.exe;Job;No;1;No;CTMSRV;CRTCRT_E21TEC_XX_Q;crtuser;wdkcrtexp01;wdkcrtexp01;3oml2
CRT-CRT;CRTCRT_E21TEC_XX_Q;CRTCRT_E21TEC_XX_PUR01_Q;"March 23, 2026";"March 24, 2026 7:00:00 AM";"March 24, 2026 7:10:01 AM";;Ended OK;Purge des logs;PURGE_FICHIER.exe;Job;No;1;No;CTMSRV;CRTCRT_E21TEC_XX_Q;crtuser;wdkcrtb2p01;wdkcrtb2p01;3omkt
CRT-CRT;CRTCRT_E21TEC_XX_Q;CRTCRT_E21TEC_XX_PUR01_Q;"March 23, 2026";"March 24, 2026 7:00:00 AM";"March 24, 2026 7:10:02 AM";;Ended OK;Purge des logs;PURGE_FICHIER.exe;Job;No;1;No;CTMSRV;CRTCRT_E21TEC_XX_Q;crtuser;wdkcrtinp01;wdkcrtinp01;3oml5
CRT-CRT;CRTCRT_E21TEC_XX_Q;CRTCRT_E21TEC_XX_PUR01_Q;"March 23, 2026";"March 24, 2026 7:00:00 AM";"March 24, 2026 7:10:04 AM";;Ended OK;Purge des logs;PURGE_FICHIER.exe;Job;No;1;No;CTMSRV;CRTCRT_E21TEC_XX_Q;crtuser;wdkcrttcp01;wdkcrttcp01;3oml6
CRT-CRT;CRTCRT_E21TEC_XX_Q;CRTCRT_E21TEC_XX_PUR01_Q;"March 23, 2026";"March 24, 2026 7:00:00 AM";"March 24, 2026 7:10:12 AM";;Ended OK;Purge des logs;PURGE_FICHIER.exe;Job;No;1;No;CTMSRV;CRTCRT_E21TEC_XX_Q;crtuser;wdkcrttcp02;wdkcrttcp02;3oml7
CRT-CRT;CRTCRT_E21TEC_XX_Q;CRTCRT_E21TEC_XX_PUR01_Q;"March 23, 2026";"March 24, 2026 7:00:00 AM";;;Executing;Purge des logs;PURGE_FICHIER.exe;Job;No;1;No;CTMSRV;CRTCRT_E21TEC_XX_Q;crtuser;wdkcrttgp01;wdkcrttgp01;3omlf
CRT-CRT;CRTCRT_E21TEC_XX_Q;CRTCRT_E21TEC_XX_PUR01_Q;"March 23, 2026";"March 24, 2026 7:00:00 AM";;;Executing;Purge des logs;PURGE_FICHIER.exe;Job;No;1;No;CTMSRV;CRTCRT_E21TEC_XX_Q;crtuser;wdkcrttsp01;wdkcrttsp01;3omll
CRT-CRT;CRTCRT_E21TEC_XX_Q;CRTCRT_E21TEC_XX_PUR01_Q;"March 23, 2026";"March 24, 2026 7:00:00 AM";;;Executing;Purge des logs;PURGE_FICHIER.exe;Job;No;1;No;CTMSRV;CRTCRT_E21TEC_XX_Q;crtuser;wdkcrtwbp01;wdkcrtwbp01;3omln
CRT-CRT;CRTCRT_E21TEC_XX_Q;CRTCRT_E21TEC_XX_Q;"March 23, 2026";"March 23, 2026 1:30:08 PM";;;Executing;Chaine de purge et archivage  des logs sur les serveurs CRT;;SMART Table;No;1;No;CTMSRV;CRTCRT_E21TEC_XX_Q;;;;3omks
CRT-CRT;CRTCRT_E21TRT_TW_Q;CRTCRT_E21TRT_TW_Q;"March 23, 2026";"March 23, 2026 3:00:00 PM";"March 23, 2026 9:00:41 PM";;Ended OK;Lancement du module de détection de trous d'historique CRT - 15h et 21h;;SMART Table;No;1;No;CTMSRV;CRTCRT_E21TRT_TW_Q;;ldkctmp50;;3on7c
CRT-CRT;CRTCRT_E21TRT_TW_Q;CRTCRT_E21TRT_TW_WRK01_Q;"March 23, 2026";"March 23, 2026 9:00:00 PM";"March 23, 2026 9:00:41 PM";;Ended OK;Lancement du module de détection de trous d'historique CRT - 15h et 21h;historique_recherche_trou.bat;Job;No;2;Yes;CTMSRV;CRTCRT_E21TRT_TW_Q;crtuser;wdkcrttwp01;wdkcrttwp01;3on7d
CRT-CRT;CRTCRT_EXPLOI_XX_Q;CRTCRT_E22TEC_BC_CTL01_Q;"March 23, 2026";"March 24, 2026 7:00:00 AM";"March 24, 2026 7:00:12 AM";;Ended OK;WDKCRTBCxxx : Check Service PanoAdmin;CRT_CHECK_BRIDGECTRL;Command;No;1;No;CTMSRV;CRTCRT_EXPLOI_XX_Q/CRTCRT_E22TEC_BC_Q;crtuser;wdkcrtbcp04;wdkcrtbcp04;3on3m
CRT-CRT;CRTCRT_EXPLOI_XX_Q;CRTCRT_E22TEC_BC_CTL01_Q;"March 23, 2026";"March 24, 2026 7:00:00 AM";"March 24, 2026 7:00:15 AM";;Ended OK;WDKCRTBCxxx : Check Service PanoAdmin;CRT_CHECK_BRIDGECTRL;Command;No;1;No;CTMSRV;CRTCRT_EXPLOI_XX_Q/CRTCRT_E22TEC_BC_Q;crtuser;wdkcrtbcp01;wdkcrtbcp01;3on3j
CRT-CRT;CRTCRT_EXPLOI_XX_Q;CRTCRT_E22TEC_BC_CTL01_Q;"March 23, 2026";"March 24, 2026 7:00:00 AM";"March 24, 2026 7:00:16 AM";;Ended OK;WDKCRTBCxxx : Check Service PanoAdmin;CRT_CHECK_BRIDGECTRL;Command;No;1;No;CTMSRV;CRTCRT_EXPLOI_XX_Q/CRTCRT_E22TEC_BC_Q;crtuser;wdkcrtbcp03;wdkcrtbcp03;3on3l
CRT-CRT;CRTCRT_EXPLOI_XX_Q;CRTCRT_E22TEC_BC_CTL01_Q;"March 23, 2026";"March 24, 2026 7:00:00 AM";"March 24, 2026 7:00:19 AM";;Ended OK;WDKCRTBCxxx : Check Service PanoAdmin;CRT_CHECK_BRIDGECTRL;Command;No;1;No;CTMSRV;CRTCRT_EXPLOI_XX_Q/CRTCRT_E22TEC_BC_Q;crtuser;wdkcrtbcp05;wdkcrtbcp05;3on3n
CRT-CRT;CRTCRT_EXPLOI_XX_Q;CRTCRT_E22TEC_BC_CTL01_Q;"March 23, 2026";"March 24, 2026 7:00:00 AM";"March 24, 2026 7:00:22 AM";;Ended OK;WDKCRTBCxxx : Check Service PanoAdmin;CRT_CHECK_BRIDGECTRL;Command;No;1;No;CTMSRV;CRTCRT_EXPLOI_XX_Q/CRTCRT_E22TEC_BC_Q;crtuser;wdkcrtbcp02;wdkcrtbcp02;3on3k
CRT-CRT;CRTCRT_EXPLOI_XX_Q;CRTCRT_E22TEC_BC_CTL02_Q;"March 23, 2026";"March 24, 2026 7:00:00 AM";"March 24, 2026 7:00:10 AM";;Ended OK;WDKCRTBCxxx : Check Service Composer;CRT_CHECK_BRIDGECTRL;Command;No;1;No;CTMSRV;CRTCRT_EXPLOI_XX_Q/CRTCRT_E22TEC_BC_Q;crtuser;wdkcrtbcp04;wdkcrtbcp04;3on3r
CRT-CRT;CRTCRT_EXPLOI_XX_Q;CRTCRT_E22TEC_BC_CTL02_Q;"March 23, 2026";"March 24, 2026 7:00:00 AM";"March 24, 2026 7:00:15 AM";;Ended OK;WDKCRTBCxxx : Check Service Composer;CRT_CHECK_BRIDGECTRL;Command;No;1;No;CTMSRV;CRTCRT_EXPLOI_XX_Q/CRTCRT_E22TEC_BC_Q;crtuser;wdkcrtbcp01;wdkcrtbcp01;3on3o
CRT-CRT;CRTCRT_EXPLOI_XX_Q;CRTCRT_E22TEC_BC_CTL02_Q;"March 23, 2026";"March 24, 2026 7:00:00 AM";"March 24, 2026 7:00:15 AM";;Ended OK;WDKCRTBCxxx : Check Service Composer;CRT_CHECK_BRIDGECTRL;Command;No;1;No;CTMSRV;CRTCRT_EXPLOI_XX_Q/CRTCRT_E22TEC_BC_Q;crtuser;wdkcrtbcp05;wdkcrtbcp05;3on3s
CRT-CRT;CRTCRT_EXPLOI_XX_Q;CRTCRT_E22TEC_BC_CTL02_Q;"March 23, 2026";"March 24, 2026 7:00:00 AM";"March 24, 2026 7:00:19 AM";;Ended OK;WDKCRTBCxxx : Check Service Composer;CRT_CHECK_BRIDGECTRL;Command;No;1;No;CTMSRV;CRTCRT_EXPLOI_XX_Q/CRTCRT_E22TEC_BC_Q;crtuser;wdkcrtbcp03;wdkcrtbcp03;3on3q
CRT-CRT;CRTCRT_EXPLOI_XX_Q;CRTCRT_E22TEC_BC_CTL02_Q;"March 23, 2026";"March 24, 2026 7:00:00 AM";"March 24, 2026 7:00:20 AM";;Ended OK;WDKCRTBCxxx : Check Service Composer;CRT_CHECK_BRIDGECTRL;Command;No;1;No;CTMSRV;CRTCRT_EXPLOI_XX_Q/CRTCRT_E22TEC_BC_Q;crtuser;wdkcrtbcp02;wdkcrtbcp02;3on3p
CRT-CRT;CRTCRT_EXPLOI_XX_Q;CRTCRT_E22TEC_BC_Q;"March 23, 2026";"March 24, 2026 7:00:00 AM";"March 24, 2026 7:00:22 AM";;Ended OK;Controle Service BACNET;;Sub-Table;No;1;No;CTMSRV;CRTCRT_EXPLOI_XX_Q;crtuser;ldkctmp50;;3on3i
CRT-CRT;CRTCRT_EXPLOI_XX_Q;CRTCRT_E22TEC_BG_CTL01_Q;"March 23, 2026";"March 24, 2026 7:00:00 AM";"March 24, 2026 7:01:34 AM";;Ended OK;WDKCRTBGx01 : Check BridgeCtrl.exe STATUS;CRT_CHECK_BRIDGECTRL;Command;No;1;No;CTMSRV;CRTCRT_EXPLOI_XX_Q/CRTCRT_E22TEC_BG_Q;crtuser;wdkcrttwp01;A_W_CRTTW01;3on3u
CRT-CRT;CRTCRT_EXPLOI_XX_Q;CRTCRT_E22TEC_BG_Q;"March 23, 2026";"March 24, 2026 7:00:00 AM";"March 24, 2026 7:01:34 AM";;Ended OK;Controle Bridge Clients  et les CRTs;;Sub-Table;No;1;No;CTMSRV;CRTCRT_EXPLOI_XX_Q;crtuser;ldkctmp50;;3on3t
CRT-CRT;CRTCRT_EXPLOI_XX_Q;CRTCRT_E22TEC_BS_CTL01_Q;"March 23, 2026";"March 24, 2026 7:00:00 AM";"March 24, 2026 7:00:14 AM";;Ended OK;LDKCRTBSx01 : Check KafkaZookeeper;AllKafkaZookeeper.sh;Command;No;1;No;CTMSRV;CRTCRT_EXPLOI_XX_Q/CRTCRT_E22TEC_BS_Q;crt-admin;ldkcrtbap01;A_L_CRTBA01;3on3w
CRT-CRT;CRTCRT_EXPLOI_XX_Q;CRTCRT_E22TEC_BS_CTL02_Q;"March 23, 2026";"March 24, 2026 7:00:00 AM";"March 24, 2026 7:00:02 AM";;Ended OK;LDKCRTBSx01 : Check Worker et Master;spark-cluster-status;Command;No;1;No;CTMSRV;CRTCRT_EXPLOI_XX_Q/CRTCRT_E22TEC_BS_Q;busadm;ldkcrtbsp01;A_L_CRTBS01;3on3x
CRT-CRT;CRTCRT_EXPLOI_XX_Q;CRTCRT_E22TEC_BS_CTL03_Q;"March 23, 2026";"March 24, 2026 7:00:00 AM";"March 24, 2026 7:00:02 AM";;Ended OK;LDKCRTBSx01 : Check Applications;spark-apps-status;Command;No;1;No;CTMSRV;CRTCRT_EXPLOI_XX_Q/CRTCRT_E22TEC_BS_Q;busadm;ldkcrtbsp01;A_L_CRTBS01;3on3y
CRT-CRT;CRTCRT_EXPLOI_XX_Q;CRTCRT_E22TEC_BS_Q;"March 23, 2026";"March 24, 2026 7:00:00 AM";"March 24, 2026 7:00:14 AM";;Ended OK;Controle du Bus Streaming;;Sub-Table;No;1;No;CTMSRV;CRTCRT_EXPLOI_XX_Q;busadm;ldkctmp50;;3on3v
CRT-CRT;CRTCRT_EXPLOI_XX_Q;CRTCRT_E22TEC_EC_CTL01_Q;"March 23, 2026";"March 24, 2026 7:00:00 AM";"March 24, 2026 7:00:05 AM";;Ended OK;WDKCRTECxxx : Check Service CRT TransFTP;CRT_CHECK_BRIDGECTRL;Command;No;1;No;CTMSRV;CRTCRT_EXPLOI_XX_Q/CRTCRT_E22TEC_EC_Q;crtuser;wdkcrtecp02;wdkcrtecp02;3on41
CRT-CRT;CRTCRT_EXPLOI_XX_Q;CRTCRT_E22TEC_EC_CTL01_Q;"March 23, 2026";"March 24, 2026 7:00:00 AM";"March 24, 2026 7:00:06 AM";;Ended OK;WDKCRTECxxx : Check Service CRT TransFTP;CRT_CHECK_BRIDGECTRL;Command;No;1;No;CTMSRV;CRTCRT_EXPLOI_XX_Q/CRTCRT_E22TEC_EC_Q;crtuser;wdkcrtecp01;wdkcrtecp01;3on40
CRT-CRT;CRTCRT_EXPLOI_XX_Q;CRTCRT_E22TEC_EC_Q;"March 23, 2026";"March 24, 2026 7:00:00 AM";"March 24, 2026 7:00:06 AM";;Ended OK;Controle Service CRT TransFTP;;Sub-Table;No;1;No;CTMSRV;CRTCRT_EXPLOI_XX_Q;crtuser;ldkctmp50;;3on3z
CRT-CRT;CRTCRT_EXPLOI_XX_Q;CRTCRT_E22TEC_MS_CTL01_Q;"March 23, 2026";"March 24, 2026 7:00:00 AM";"March 24, 2026 7:00:03 AM";;Ended OK;LDKCRTMSxxx : Check des commandes curl MicroServices;check_microservices.ksh;Job;No;1;No;CTMSRV;CRTCRT_EXPLOI_XX_Q/CRTCRT_E22TEC_MS_Q;root;ldkcrtmsp01;ldkcrtmsp01;3on43
CRT-CRT;CRTCRT_EXPLOI_XX_Q;CRTCRT_E22TEC_MS_CTL01_Q;"March 23, 2026";"March 24, 2026 7:00:00 AM";"March 24, 2026 7:00:03 AM";;Ended OK;LDKCRTMSxxx : Check des commandes curl MicroServices;check_microservices.ksh;Job;No;1;No;CTMSRV;CRTCRT_EXPLOI_XX_Q/CRTCRT_E22TEC_MS_Q;root;ldkcrtmsp02;ldkcrtmsp02;3on44
CRT-CRT;CRTCRT_EXPLOI_XX_Q;CRTCRT_E22TEC_MS_Q;"March 23, 2026";"March 24, 2026 7:00:00 AM";"March 24, 2026 7:00:03 AM";;Ended OK;Controle des MicroServices;;Sub-Table;No;1;No;CTMSRV;CRTCRT_EXPLOI_XX_Q;root;ldkctmp50;;3on42
CRT-CRT;CRTCRT_EXPLOI_XX_Q;CRTCRT_E22TEC_TD_CTL01_Q;"March 23, 2026";"March 24, 2026 7:00:00 AM";"March 24, 2026 7:00:02 AM";;Ended OK;WDKCRTTDxxx : Check Service datarelay;CRT_CHECK_BRIDGECTRL;Command;No;1;No;CTMSRV;CRTCRT_EXPLOI_XX_Q/CRTCRT_E22TEC_TD_Q;crtuser;wdkcrttdp04;wdkcrttdp04;3on49
CRT-CRT;CRTCRT_EXPLOI_XX_Q;CRTCRT_E22TEC_TD_CTL01_Q;"March 23, 2026";"March 24, 2026 7:00:00 AM";"March 24, 2026 7:00:02 AM";;Ended OK;WDKCRTTDxxx : Check Service datarelay;CRT_CHECK_BRIDGECTRL;Command;No;1;No;CTMSRV;CRTCRT_EXPLOI_XX_Q/CRTCRT_E22TEC_TD_Q;crtuser;wdkcrttdp05;wdkcrttdp05;3on4a
CRT-CRT;CRTCRT_EXPLOI_XX_Q;CRTCRT_E22TEC_TD_CTL01_Q;"March 23, 2026";"March 24, 2026 7:00:00 AM";"March 24, 2026 7:00:02 AM";;Ended OK;WDKCRTTDxxx : Check Service datarelay;CRT_CHECK_BRIDGECTRL;Command;No;1;No;CTMSRV;CRTCRT_EXPLOI_XX_Q/CRTCRT_E22TEC_TD_Q;crtuser;wdkcrttdp06;wdkcrttdp06;3on4b
CRT-CRT;CRTCRT_EXPLOI_XX_Q;CRTCRT_E22TEC_TD_CTL01_Q;"March 23, 2026";"March 24, 2026 7:00:00 AM";"March 24, 2026 7:00:06 AM";;Ended OK;WDKCRTTDxxx : Check Service datarelay;CRT_CHECK_BRIDGECTRL;Command;No;1;No;CTMSRV;CRTCRT_EXPLOI_XX_Q/CRTCRT_E22TEC_TD_Q;crtuser;wdkcrttdp01;wdkcrttdp01;3on46
CRT-CRT;CRTCRT_EXPLOI_XX_Q;CRTCRT_E22TEC_TD_CTL01_Q;"March 23, 2026";"March 24, 2026 7:00:00 AM";"March 24, 2026 7:00:07 AM";;Ended OK;WDKCRTTDxxx : Check Service datarelay;CRT_CHECK_BRIDGECTRL;Command;No;1;No;CTMSRV;CRTCRT_EXPLOI_XX_Q/CRTCRT_E22TEC_TD_Q;crtuser;wdkcrttdp03;wdkcrttdp03;3on48
CRT-CRT;CRTCRT_EXPLOI_XX_Q;CRTCRT_E22TEC_TD_CTL01_Q;"March 23, 2026";"March 24, 2026 7:00:00 AM";"March 24, 2026 7:00:08 AM";;Ended OK;WDKCRTTDxxx : Check Service datarelay;CRT_CHECK_BRIDGECTRL;Command;No;1;No;CTMSRV;CRTCRT_EXPLOI_XX_Q/CRTCRT_E22TEC_TD_Q;crtuser;wdkcrttdp02;wdkcrttdp02;3on47
CRT-CRT;CRTCRT_EXPLOI_XX_Q;CRTCRT_E22TEC_TD_Q;"March 23, 2026";"March 24, 2026 7:00:00 AM";"March 24, 2026 7:00:09 AM";;Ended OK;Controle Service Trend;;Sub-Table;No;1;No;CTMSRV;CRTCRT_EXPLOI_XX_Q;crtuser;ldkctmp50;;3on45
CRT-CRT;CRTCRT_EXPLOI_XX_Q;CRTCRT_E22TEC_TW_CTL01_Q;"March 23, 2026";"March 24, 2026 7:00:00 AM";"March 24, 2026 7:00:06 AM";;Ended OK;WDKCRTTWx01 : Check Service CRT SpvApp;CRT_CHECK_BRIDGECTRL;Command;No;1;No;CTMSRV;CRTCRT_EXPLOI_XX_Q/CRTCRT_E22TEC_TW_Q;crtuser;wdkcrttwp01;wdkcrttwp01;3on4d
CRT-CRT;CRTCRT_EXPLOI_XX_Q;CRTCRT_E22TEC_TW_Q;"March 23, 2026";"March 24, 2026 7:00:00 AM";"March 24, 2026 7:00:07 AM";;Ended OK;Controle Service CRT SpvApp;;Sub-Table;No;1;No;CTMSRV;CRTCRT_EXPLOI_XX_Q;crtuser;ldkctmp50;;3on4c
CRT-CRT;CRTCRT_EXPLOI_XX_Q;CRTCRT_E22TEC_XX_MEL01_O;"March 23, 2026";"March 24, 2026 7:01:37 AM";"March 24, 2026 7:01:38 AM";;Ended OK;Notification par Mail du suivi quotidien du CRT;CRT_NOTIF_MAIL;Command;No;1;No;CTMSRV;CRTCRT_E22TEC_XX_O;root;ldkctmp50;ldkctmp50;3ootk
CRT-CRT;CRTCRT_EXPLOI_XX_Q;CRTCRT_E23TEC_BG_CTL01_Q;"March 23, 2026";"March 24, 2026 7:00:00 AM";"March 24, 2026 7:00:00 AM";;Ended OK;WDKCRTBGxxx : Check Service Tomcat7  Bridge générique;CRT_CHECK_BRIDGECTRL;Dummy;No;1;No;CTMSRV;CRTCRT_EXPLOI_XX_Q/CRTCRT_E23TEC_BG_Q;crtuser;;A_W_CRTBG01;3on4f
CRT-CRT;CRTCRT_EXPLOI_XX_Q;CRTCRT_E23TEC_BG_CTL02_Q;"March 23, 2026";"March 24, 2026 7:00:00 AM";"March 24, 2026 7:00:00 AM";;Ended OK;WDKCRTBGxxx : Check Service CRTService Bridge générique;CRT_CHECK_BRIDGECTRL;Dummy;No;1;No;CTMSRV;CRTCRT_EXPLOI_XX_Q/CRTCRT_E23TEC_BG_Q;crtuser;;A_W_CRTBG01;3on4g
CRT-CRT;CRTCRT_EXPLOI_XX_Q;CRTCRT_E23TEC_BG_Q;"March 23, 2026";"March 24, 2026 7:00:00 AM";"March 24, 2026 7:00:01 AM";;Ended OK;Controle Services Bridge Générique;;Sub-Table;No;1;No;CTMSRV;CRTCRT_EXPLOI_XX_Q;crtuser;ldkctmp50;;3on4e
CRT-CRT;CRTCRT_EXPLOI_XX_Q;CRTCRT_E23TEC_TS_CTL01_Q;"March 23, 2026";"March 24, 2026 7:00:00 AM";"March 24, 2026 7:00:02 AM";;Ended OK;WDKCRTTSx01 : Check Service Tomcat7;CRT_CHECK_BRIDGECTRL;Command;No;1;No;CTMSRV;CRTCRT_EXPLOI_XX_Q/CRTCRT_E23TEC_TS_Q;crtuser;wdkcrttsp01;A_W_CRTTS01;3on4i
CRT-CRT;CRTCRT_EXPLOI_XX_Q;CRTCRT_E23TEC_TS_CTL02_Q;"March 23, 2026";"March 24, 2026 7:00:00 AM";"March 24, 2026 7:00:02 AM";;Ended OK;WDKCRTTSx01 : Check Service CRT CipRip;CRT_CHECK_BRIDGECTRL;Command;No;1;No;CTMSRV;CRTCRT_EXPLOI_XX_Q/CRTCRT_E23TEC_TS_Q;crtuser;wdkcrttsp01;A_W_CRTTS01;3on4j
CRT-CRT;CRTCRT_EXPLOI_XX_Q;CRTCRT_E23TEC_TS_Q;"March 23, 2026";"March 24, 2026 7:00:00 AM";"March 24, 2026 7:00:02 AM";;Ended OK;Controle Services Bridge Générique;;Sub-Table;No;1;No;CTMSRV;CRTCRT_EXPLOI_XX_Q;crtuser;ldkctmp50;;3on4h
CRT-CRT;CRTCRT_EXPLOI_XX_Q;CRTCRT_EXPLOI_XX_Q;"March 23, 2026";"March 24, 2026 7:00:00 AM";"March 24, 2026 7:01:35 AM";;Ended OK;CRT : Controle de la plateforme CRT;;SMART Table;No;1;No;CTMSRV;CRTCRT_EXPLOI_XX_Q;crtuser;ldkctmp50;;3on3h
CRT-CRT;CRTCRT_J11TRT_04_Q;CRTCRT_J11TRT_04_CAL01_Q;"March 23, 2026";"March 23, 2026 8:00:00 PM";"March 23, 2026 8:01:14 PM";;Ended OK;CRT : Module Calcul;;Command;No;1;No;CTMSRV;CRTCRT_J11TRT_04_Q;crtuser;wdkcrttsp01;A_W_CRTTS01;3oopw
CRT-CRT;CRTCRT_J11TRT_04_Q;CRTCRT_J11TRT_04_CAL02_Q;"March 23, 2026";"March 23, 2026 3:00:00 PM";"March 23, 2026 3:02:04 PM";;Ended OK;CRT : ModuleCalculSansEchec;;Command;No;1;No;CTMSRV;CRTCRT_J11TRT_04_Q;crtuser;wdkcrttsp01;A_W_CRTTS01;3oopx
CRT-CRT;CRTCRT_J11TRT_04_Q;CRTCRT_J11TRT_04_CAL03_Q;"March 23, 2026";"March 23, 2026 1:30:10 PM";"March 23, 2026 1:31:49 PM";;Ended OK;CRT : ModuleCalculTMA;;Command;No;1;No;CTMSRV;CRTCRT_J11TRT_04_Q;crtuser;wdkcrttsp01;A_W_CRTTS01;3oopy
CRT-CRT;CRTCRT_J11TRT_04_Q;CRTCRT_J11TRT_04_Q;"March 23, 2026";"March 23, 2026 1:30:10 PM";;;Executing;CRT : Batchs APP CRT;;SMART Table;No;1;No;CTMSRV;CRTCRT_J11TRT_04_Q;crtuser;;;3oopt
CRT-CRT;CRTCRT_J11TRT_04_Q;CRTCRT_J11TRT_04_WRK01_Q;"March 23, 2026";"March 24, 2026 8:06:00 AM";"March 24, 2026 8:06:01 AM";;Wait for Event;CRT : Memory_Check;;Command;No;1097;Yes;CTMSRV;CRTCRT_J11TRT_04_Q;crtuser;wdkcrtg2p01;A_W_CRTG201;3oopu
CRT-CRT;CRTCRT_J11TRT_04_Q;CRTCRT_J11TRT_04_WRK02_Q;"March 23, 2026";"March 24, 2026 8:06:00 AM";"March 24, 2026 8:06:01 AM";;Wait for Event;CRT : Memory_Check;;Command;No;1097;Yes;CTMSRV;CRTCRT_J11TRT_04_Q;crtuser;wdkcrtg2p02;A_W_CRTG202;3oopv
CRT-CRT;CRTCRT_J12TRT_04_Q;CRTCRT_J12TRT_04_EXP27_Q;"March 23, 2026";"March 23, 2026 10:30:00 PM";"March 23, 2026 10:33:13 PM";;Ended OK;CRT : Lancement de l'export hierarchie CRT;ExportHisto.bat;Job;No;1;No;CTMSRV;CRTCRT_J12TRT_04_Q;crtuser;wdkcrtexp01;A_W_CRTEX01;3omrr
CRT-CRT;CRTCRT_J12TRT_04_Q;CRTCRT_J12TRT_04_Q;"March 23, 2026";"March 23, 2026 1:30:09 PM";;;Executing;CRT : Batchs Echanges CRT;;SMART Table;No;1;No;CTMSRV;CRTCRT_J12TRT_04_Q;crtuser;;;3omro
CRT-CRT;CRTCRT_J12TRT_04_Q;CRTCRT_J12TRT_04_WRK06_Q;"March 23, 2026";"March 23, 2026 8:50:00 PM";"March 23, 2026 8:50:05 PM";;Ended OK;Déplacement des fichiers courbes de charges de valeurs corrigée mensuel pour prodelec;;Command;No;1;No;CTMSRV;CRTCRT_J12TRT_04_Q;crtuser;wdkcrtinp01;A_W_CRTIN01;3omrp
CRT-CRT;CRTCRT_J12TRT_04_Q;CRTCRT_J12TRT_04_WRK07_Q;"March 23, 2026";"March 24, 2026 7:15:00 AM";"March 24, 2026 7:15:08 AM";;Wait for Event;Traitement des fichiers d'Energie de Strasbourg;;Command;No;18;Yes;CTMSRV;CRTCRT_J12TRT_04_Q;crtuser;wdkcrtinp01;A_W_CRTIN01;3omrq
CRT-CRT;CRTCRT_J13TRT_04_Q;CRTCRT_J13TRT_04_EXP01_Q;"March 23, 2026";"March 23, 2026 10:00:00 PM";"March 23, 2026 10:00:04 PM";;Ended OK;CRT : Export_TLC;;Command;No;1;No;CTMSRV;CRTCRT_J13TRT_04_Q;crtuser;wdkcrttcp01;wdkcrttcp01;3oom1
CRT-CRT;CRTCRT_J13TRT_04_Q;CRTCRT_J13TRT_04_EXP01_Q;"March 23, 2026";"March 23, 2026 10:00:00 PM";"March 23, 2026 10:00:04 PM";;Ended OK;CRT : Export_TLC;;Command;No;1;No;CTMSRV;CRTCRT_J13TRT_04_Q;crtuser;wdkcrttcp02;wdkcrttcp02;3oom2
CRT-CRT;CRTCRT_J13TRT_04_Q;CRTCRT_J13TRT_04_EXP01_Q;"March 23, 2026";"March 23, 2026 10:00:00 PM";"March 23, 2026 10:00:04 PM";;Ended OK;CRT : Export_TLC;;Command;No;1;No;CTMSRV;CRTCRT_J13TRT_04_Q;crtuser;wdkcrttcp03;wdkcrttcp03;3oom3
CRT-CRT;CRTCRT_J13TRT_04_Q;CRTCRT_J13TRT_04_Q;"March 23, 2026";"March 23, 2026 1:30:10 PM";;;Executing;CRT : Batchs Frontaux CRT;;SMART Table;No;1;No;CTMSRV;CRTCRT_J13TRT_04_Q;crtuser;;;3oolu
CRT-CRT;CRTCRT_J13TRT_04_Q;CRTCRT_J13TRT_04_WRK01_Q;"March 23, 2026";"March 24, 2026 8:06:00 AM";"March 24, 2026 8:06:02 AM";;Wait for Event;CRT : Suivi_Mémoire_Frontal_BACnet;;Command;No;1117;Yes;CTMSRV;CRTCRT_J13TRT_04_Q;crtuser;wdkcrtbcp04;wdkcrtbcp04;3ooly
CRT-CRT;CRTCRT_J13TRT_04_Q;CRTCRT_J13TRT_04_WRK01_Q;"March 23, 2026";"March 24, 2026 8:06:00 AM";;;Executing;CRT : Suivi_Mémoire_Frontal_BACnet;;Command;No;1115;Yes;CTMSRV;CRTCRT_J13TRT_04_Q;crtuser;wdkcrtbcp03;wdkcrtbcp03;3oolx
CRT-CRT;CRTCRT_J13TRT_04_Q;CRTCRT_J13TRT_04_WRK01_Q;"March 23, 2026";"March 24, 2026 8:06:00 AM";;;Executing;CRT : Suivi_Mémoire_Frontal_BACnet;;Command;No;1117;Yes;CTMSRV;CRTCRT_J13TRT_04_Q;crtuser;wdkcrtbcp01;wdkcrtbcp01;3oolv
CRT-CRT;CRTCRT_J13TRT_04_Q;CRTCRT_J13TRT_04_WRK01_Q;"March 23, 2026";"March 24, 2026 8:06:00 AM";;;Executing;CRT : Suivi_Mémoire_Frontal_BACnet;;Command;No;1117;Yes;CTMSRV;CRTCRT_J13TRT_04_Q;crtuser;wdkcrtbcp02;wdkcrtbcp02;3oolw
CRT-CRT;CRTCRT_J13TRT_04_Q;CRTCRT_J13TRT_04_WRK01_Q;"March 23, 2026";"March 24, 2026 8:06:00 AM";;;Executing;CRT : Suivi_Mémoire_Frontal_BACnet;;Command;No;1117;Yes;CTMSRV;CRTCRT_J13TRT_04_Q;crtuser;wdkcrtbcp05;wdkcrtbcp05;3oolz
CRT-CRT;CRTCRT_J13TRT_04_Q;CRTCRT_J13TRT_04_WRK02_Q;"March 23, 2026";;;;Wait Host;CRT : Suivi_Mémoire_Frontal_TeleMetry;;Command;No;0;Yes;CTMSRV;CRTCRT_J13TRT_04_Q;crtuser;wdkcrtcwp01;wdkcrtcwp01;3oom0
CRT-CRT;CRTCRT_J13TRT_04_Q;CRTCRT_J13TRT_04_WRK03_Q;"March 23, 2026";"March 24, 2026 8:06:00 AM";"March 24, 2026 8:06:02 AM";;Wait for Event;CRT : Suivi_Mémoire_Frontal_Trend;;Command;No;1117;Yes;CTMSRV;CRTCRT_J13TRT_04_Q;crtuser;wdkcrttdp02;wdkcrttdp02;3oom5
CRT-CRT;CRTCRT_J13TRT_04_Q;CRTCRT_J13TRT_04_WRK03_Q;"March 23, 2026";"March 24, 2026 8:06:00 AM";"March 24, 2026 8:06:02 AM";;Wait for Event;CRT : Suivi_Mémoire_Frontal_Trend;;Command;No;1117;Yes;CTMSRV;CRTCRT_J13TRT_04_Q;crtuser;wdkcrttdp03;wdkcrttdp03;3oom6
CRT-CRT;CRTCRT_J13TRT_04_Q;CRTCRT_J13TRT_04_WRK03_Q;"March 23, 2026";"March 24, 2026 8:06:00 AM";"March 24, 2026 8:06:02 AM";;Wait for Event;CRT : Suivi_Mémoire_Frontal_Trend;;Command;No;1117;Yes;CTMSRV;CRTCRT_J13TRT_04_Q;crtuser;wdkcrttdp04;wdkcrttdp04;3oom7
CRT-CRT;CRTCRT_J13TRT_04_Q;CRTCRT_J13TRT_04_WRK03_Q;"March 23, 2026";"March 24, 2026 8:06:00 AM";"March 24, 2026 8:06:02 AM";;Wait for Event;CRT : Suivi_Mémoire_Frontal_Trend;;Command;No;1117;Yes;CTMSRV;CRTCRT_J13TRT_04_Q;crtuser;wdkcrttdp05;wdkcrttdp05;3oom8
CRT-CRT;CRTCRT_J13TRT_04_Q;CRTCRT_J13TRT_04_WRK03_Q;"March 23, 2026";"March 24, 2026 8:06:00 AM";"March 24, 2026 8:06:02 AM";;Wait for Event;CRT : Suivi_Mémoire_Frontal_Trend;;Command;No;1117;Yes;CTMSRV;CRTCRT_J13TRT_04_Q;crtuser;wdkcrttdp06;wdkcrttdp06;3oom9
CRT-CRT;CRTCRT_J13TRT_04_Q;CRTCRT_J13TRT_04_WRK03_Q;"March 23, 2026";"March 24, 2026 8:06:00 AM";"March 24, 2026 8:06:03 AM";;Wait for Event;CRT : Suivi_Mémoire_Frontal_Trend;;Command;No;1117;Yes;CTMSRV;CRTCRT_J13TRT_04_Q;crtuser;wdkcrttdp01;wdkcrttdp01;3oom4
CRT-CRT;CRTCRT_J13TRT_04_Q;CRTCRT_J13TRT_04_WRK04_Q;"March 23, 2026";"March 24, 2026 8:06:00 AM";"March 24, 2026 8:06:02 AM";;Wait for Event;CRT : Suivi_Mémoire_Frontal_Telemetry;;Command;No;1117;Yes;CTMSRV;CRTCRT_J13TRT_04_Q;crtuser;wdkcrttmp01;wdkcrttmp01;3ooma
CRT-CRT;CRTCRT_J13TRT_04_Q;CRTCRT_J13TRT_04_WRK04_Q;"March 23, 2026";"March 24, 2026 8:06:00 AM";"March 24, 2026 8:06:02 AM";;Wait for Event;CRT : Suivi_Mémoire_Frontal_Telemetry;;Command;No;1117;Yes;CTMSRV;CRTCRT_J13TRT_04_Q;crtuser;wdkcrttmp02;wdkcrttmp02;3oomb
CRT-CRT;CRTCRT_J13TRT_04_Q;CRTCRT_J13TRT_04_WRK04_Q;"March 23, 2026";"March 24, 2026 8:06:00 AM";"March 24, 2026 8:06:02 AM";;Wait for Event;CRT : Suivi_Mémoire_Frontal_Telemetry;;Command;No;1117;Yes;CTMSRV;CRTCRT_J13TRT_04_Q;crtuser;wdkcrttmp03;wdkcrttmp03;3oomc
CRT-CRT;CRTCRT_J13TRT_04_Q;CRTCRT_J13TRT_04_WRK04_Q;"March 23, 2026";"March 24, 2026 8:06:00 AM";"March 24, 2026 8:06:02 AM";;Wait for Event;CRT : Suivi_Mémoire_Frontal_Telemetry;;Command;No;1117;Yes;CTMSRV;CRTCRT_J13TRT_04_Q;crtuser;wdkcrttmp04;wdkcrttmp04;3oomd
CRT-CRT;CRTCRT_J13TRT_04_Q;CRTCRT_J13TRT_04_WRK04_Q;"March 23, 2026";"March 24, 2026 8:06:00 AM";"March 24, 2026 8:06:02 AM";;Wait for Event;CRT : Suivi_Mémoire_Frontal_Telemetry;;Command;No;1117;Yes;CTMSRV;CRTCRT_J13TRT_04_Q;crtuser;wdkcrttmp05;wdkcrttmp05;3oome
CTM-CONTROL-M;CTMCTM_E11AJF_08_A;CTMCTM_E11AJF_08_AJF01_A;"March 23, 2026";"March 23, 2026 1:30:11 PM";"March 23, 2026 1:30:11 PM";;Ended OK;AJF tables Annuelles (CTMPA);U512AJF010;Dummy;No;1;No;CTMSRV;CTMCTM_E11AJF_08_A;controlm;;SRV_PRIMAIRE;3onou
CTM-CONTROL-M;CTMCTM_E11AJF_08_H;CTMCTM_E11AJF_08_AJF01_H;"March 23, 2026";"March 23, 2026 1:30:40 PM";"March 23, 2026 1:30:40 PM";;Ended OK;AJF tables Hebdomadaires (CTMPH);U512AJF010;Dummy;No;1;No;CTMSRV;CTMCTM_E11AJF_08_H;controlm;;SRV_PRIMAIRE;3oo3s
CTM-CONTROL-M;CTMCTM_E11AJF_08_H;CTMCTM_E11AJF_08_AJF03_H;"March 23, 2026";"March 23, 2026 1:30:42 PM";"March 23, 2026 1:30:42 PM";;Ended OK;AJF tables Hebdomadaires CSCPH (CSC);U512AJF556;Dummy;No;1;No;CTMSRV;CTMCTM_E11AJF_08_H;controlm;;SRV_PRIMAIRE;3oo3t
CTM-CONTROL-M;CTMCTM_E11AJF_08_H;CTMCTM_E11AJF_08_AJF04_H;"March 23, 2026";"March 23, 2026 1:30:44 PM";"March 23, 2026 1:30:44 PM";;Ended OK;AJF tables Hebdomadaires DIS (Dispatch);U512AJF556;Dummy;No;1;No;CTMSRV;CTMCTM_E11AJF_08_H;controlm;;SRV_PRIMAIRE;3oo3u
CTM-CONTROL-M;CTMCTM_E11AJF_08_M;CTMCTM_E11AJF_08_AJF01_M;"March 23, 2026";"March 23, 2026 1:30:39 PM";"March 23, 2026 1:30:39 PM";;Ended OK;AJF tables Mensuelles (CTMPM);U512AJF010;Dummy;No;1;No;CTMSRV;CTMCTM_E11AJF_08_M;controlm;;SRV_PRIMAIRE;3oo0w
CTM-CONTROL-M;CTMCTM_E11AJF_08_Q;CTMCTM_E11AJF_08_AJF01_Q;"March 23, 2026";"March 23, 2026 1:30:11 PM";"March 23, 2026 1:30:11 PM";;Ended OK;AJF tables Quotidiennes (CTMPQ);U512AJF010;Dummy;No;1;No;CTMSRV;CTMCTM_E11AJF_08_Q;controlm;;SRV_PRIMAIRE;3onx5
CTM-CONTROL-M;CTMCTM_E11AJF_08_Q;CTMCTM_E11AJF_08_AJF04_Q;"March 23, 2026";"March 23, 2026 1:30:17 PM";"March 23, 2026 1:30:17 PM";;Ended OK;AJF tables Quotidiennes ETRM;U512AJF025;Dummy;No;1;No;CTMSRV;CTMCTM_E11AJF_08_Q;controlm;;SRV_PRIMAIRE;3onwh
CTM-CONTROL-M;CTMCTM_E11AJF_08_Q;CTMCTM_E11AJF_08_AJF04_Q;"March 23, 2026";"March 23, 2026 1:30:43 PM";"March 23, 2026 1:30:43 PM";;Ended OK;AJF tables Quotidiennes ETRM;U512AJF025;Dummy;No;1;No;CTMSRV;CTMCTM_E11AJF_08_Q;controlm;;SRV_PRIMAIRE;3onxf
CTM-CONTROL-M;CTMCTM_E11AJF_08_Q;CTMCTM_E11AJF_08_AJF06_Q;"March 23, 2026";"March 23, 2026 1:30:13 PM";"March 23, 2026 1:30:13 PM";;Ended OK;AJF tables Journalieres DWH;U512AJF080;Dummy;No;1;No;CTMSRV;CTMCTM_E11AJF_08_Q;controlm;;SRV_PRIMAIRE;3onwi
CTM-CONTROL-M;CTMCTM_E11AJF_08_Q;CTMCTM_E11AJF_08_AJF09_Q;"March 23, 2026";"March 23, 2026 1:30:18 PM";"March 23, 2026 1:30:18 PM";;Ended OK;AJF tables Journalieres ALADIN;U512AJF100;Dummy;No;1;No;CTMSRV;CTMCTM_E11AJF_08_Q;controlm;;SRV_PRIMAIRE;3onwj
CTM-CONTROL-M;CTMCTM_E11AJF_08_Q;CTMCTM_E11AJF_08_AJF12_Q;"March 23, 2026";"March 23, 2026 1:30:20 PM";"March 23, 2026 1:30:20 PM";;Ended OK;AJF tables Journalieres ECO;U512AJF120;Dummy;No;1;No;CTMSRV;CTMCTM_E11AJF_08_Q;controlm;;SRV_PRIMAIRE;3onwk
CTM-CONTROL-M;CTMCTM_E11AJF_08_Q;CTMCTM_E11AJF_08_AJF13_Q;"March 23, 2026";"March 23, 2026 1:30:19 PM";"March 23, 2026 1:30:19 PM";;Ended OK;AJF tables Journalieres matin ECO;U512AJF130;Dummy;No;1;No;CTMSRV;CTMCTM_E11AJF_08_Q;controlm;;SRV_PRIMAIRE;3onwl
CTM-CONTROL-M;CTMCTM_E11AJF_08_Q;CTMCTM_E11AJF_08_AJF15_Q;"March 23, 2026";"March 23, 2026 1:30:23 PM";"March 23, 2026 1:30:23 PM";;Ended OK;AJF tables Journalieres MDM;U512AJF170;Dummy;No;1;No;CTMSRV;CTMCTM_E11AJF_08_Q;controlm;;SRV_PRIMAIRE;3onwm
CTM-CONTROL-M;CTMCTM_E11AJF_08_Q;CTMCTM_E11AJF_08_AJF20_Q;"March 23, 2026";"March 23, 2026 1:30:22 PM";"March 23, 2026 1:30:22 PM";;Ended OK;AJF tables Quotidiennes CID;U512AJF550;Dummy;No;1;No;CTMSRV;CTMCTM_E11AJF_08_Q;controlm;;SRV_PRIMAIRE;3onwn
CTM-CONTROL-M;CTMCTM_E11AJF_08_Q;CTMCTM_E11AJF_08_AJF21_Q;"March 23, 2026";"March 23, 2026 1:30:21 PM";"March 23, 2026 1:30:21 PM";;Ended OK;AJF tables Quoditiennes CID DEMANDE;U512AJF550;Dummy;No;1;No;CTMSRV;CTMCTM_E11AJF_08_Q;controlm;;SRV_PRIMAIRE;3onwo
CTM-CONTROL-M;CTMCTM_E11AJF_08_Q;CTMCTM_E11AJF_08_AJF23_Q;"March 23, 2026";"March 23, 2026 1:30:31 PM";"March 23, 2026 1:30:31 PM";;Ended OK;AJF tables Quotidiennes CSC;U512AJF556;Dummy;No;1;No;CTMSRV;CTMCTM_E11AJF_08_Q;controlm;;SRV_PRIMAIRE;3onwp
CTM-CONTROL-M;CTMCTM_E11AJF_08_Q;CTMCTM_E11AJF_08_AJF24_Q;"March 23, 2026";"March 23, 2026 1:31:00 PM";"March 23, 2026 1:31:00 PM";;Ended OK;ADD COND DWH a la montee au plan;U512AJF010;Dummy;No;1;No;CTMSRV;CTMCTM_E11AJF_08_Q;controlm;;SRV_PRIMAIRE;3onwq
CTM-CONTROL-M;CTMCTM_E11AJF_08_Q;CTMCTM_E11AJF_08_AJF26_Q;"March 23, 2026";"March 23, 2026 1:31:01 PM";"March 23, 2026 1:31:01 PM";;Ended OK;AJF tables Journalieres matin DWH;U512AJF030;Dummy;No;1;No;CTMSRV;CTMCTM_E11AJF_08_Q;controlm;;SRV_PRIMAIRE;3onwr
CTM-CONTROL-M;CTMCTM_E11AJF_08_Q;CTMCTM_E11AJF_08_AJF27_Q;"March 23, 2026";"March 23, 2026 1:30:17 PM";"March 23, 2026 1:30:17 PM";;Ended OK;AJF tables Quotidiennes DISPATCH;U512AJF556;Dummy;No;1;No;CTMSRV;CTMCTM_E11AJF_08_Q;controlm;;SRV_PRIMAIRE;3onx6
CTM-CONTROL-M;CTMCTM_E11AJF_08_Q;CTMCTM_E11AJF_08_AJF28_Q;"March 23, 2026";"March 23, 2026 1:31:01 PM";"March 23, 2026 1:31:01 PM";;Ended OK;AJF tables Quotidiennes DTR;U512AJF080;Dummy;No;1;No;CTMSRV;CTMCTM_E11AJF_08_Q;controlm;;SRV_PRIMAIRE;3onws
CTM-CONTROL-M;CTMCTM_E11AJF_08_Q;CTMCTM_E11AJF_08_AJF30_Q;"March 23, 2026";"March 23, 2026 1:30:32 PM";"March 23, 2026 1:30:32 PM";;Ended OK;AJF tables Journalieres PELICAN;U512AJF020;Dummy;No;1;No;CTMSRV;CTMCTM_E11AJF_08_Q;controlm;;SRV_PRIMAIRE;3onwt
CTM-CONTROL-M;CTMCTM_E11AJF_08_Q;CTMCTM_E11AJF_08_AJF39_Q;"March 23, 2026";"March 23, 2026 1:30:24 PM";"March 23, 2026 1:30:24 PM";;Ended OK;ADD COND SIGMA a la montee au plan;U512AJF010;Dummy;No;1;No;CTMSRV;CTMCTM_E11AJF_08_Q;controlm;;SRV_PRIMAIRE;3onwu
CTM-CONTROL-M;CTMCTM_E11AJF_08_Q;CTMCTM_E11AJF_08_AJF40_Q;"March 23, 2026";"March 23, 2026 1:30:33 PM";"March 23, 2026 1:30:33 PM";;Ended OK;AJF tables Journalieres SIGMA;U512AJF020;Dummy;No;1;No;CTMSRV;CTMCTM_E11AJF_08_Q;controlm;;SRV_PRIMAIRE;3onwv
CTM-CONTROL-M;CTMCTM_E11AJF_08_Q;CTMCTM_E11AJF_08_AJF41_Q;"March 23, 2026";"March 23, 2026 1:30:38 PM";"March 23, 2026 1:30:38 PM";;Ended OK;AJF tables Journalieres matin SIGMA;U512AJF030;Dummy;No;1;No;CTMSRV;CTMCTM_E11AJF_08_Q;controlm;;SRV_PRIMAIRE;3onww
CTM-CONTROL-M;CTMCTM_E11AJF_08_Q;CTMCTM_E11AJF_08_AJF432_Q;"March 23, 2026";"March 23, 2026 1:30:27 PM";"March 23, 2026 1:30:27 PM";;Ended OK;AJF tables Journalieres ENERGY sauf Samedi;U512AJF410;Dummy;No;1;No;CTMSRV;CTMCTM_E11AJF_08_Q;controlm;;SRV_PRIMAIRE;3onx7
CTM-CONTROL-M;CTMCTM_E11AJF_08_Q;CTMCTM_E11AJF_08_AJF43_Q;"March 23, 2026";"March 23, 2026 1:30:26 PM";"March 23, 2026 1:30:26 PM";;Ended OK;AJF tables Journalieres ENERGY;U512AJF410;Dummy;No;1;No;CTMSRV;CTMCTM_E11AJF_08_Q;controlm;;SRV_PRIMAIRE;3onwx
CTM-CONTROL-M;CTMCTM_E11AJF_08_Q;CTMCTM_E11AJF_08_AJF47_Q;"March 23, 2026";"March 23, 2026 1:30:24 PM";"March 23, 2026 1:30:24 PM";;Ended OK;ADD COND OAP a la montee au plan;U512AJF010;Dummy;No;1;No;CTMSRV;CTMCTM_E11AJF_08_Q;controlm;;SRV_PRIMAIRE;3onwy
CTM-CONTROL-M;CTMCTM_E11AJF_08_Q;CTMCTM_E11AJF_08_AJF48_Q;"March 23, 2026";"March 23, 2026 1:30:28 PM";"March 23, 2026 1:30:28 PM";;Ended OK;AJF tables Journalieres OAP;U512AJF020;Dummy;No;1;No;CTMSRV;CTMCTM_E11AJF_08_Q;controlm;;SRV_PRIMAIRE;3onwz
CTM-CONTROL-M;CTMCTM_E11AJF_08_Q;CTMCTM_E11AJF_08_AJF49_Q;"March 23, 2026";"March 23, 2026 1:30:29 PM";"March 23, 2026 1:30:29 PM";;Ended OK;AJF tables Journalieres matin OAP;U512AJF030;Dummy;No;1;No;CTMSRV;CTMCTM_E11AJF_08_Q;controlm;;SRV_PRIMAIRE;3onx0
CTM-CONTROL-M;CTMCTM_E11AJF_08_Q;CTMCTM_E11AJF_08_AJF51_Q;"March 23, 2026";"March 23, 2026 1:30:32 PM";"March 23, 2026 1:30:32 PM";;Ended OK;AJF tables Quotidiennes OAP sauf L1;U512AJF180;Dummy;No;1;No;CTMSRV;CTMCTM_E11AJF_08_Q;controlm;;SRV_PRIMAIRE;3onx1
CTM-CONTROL-M;CTMCTM_E11AJF_08_Q;CTMCTM_E11AJF_08_AJF52_Q;"March 23, 2026";"March 23, 2026 1:30:30 PM";"March 23, 2026 1:30:30 PM";;Ended OK;AJF tables Journalieres SIC;U512AJF410;Dummy;No;1;No;CTMSRV;CTMCTM_E11AJF_08_Q;controlm;;SRV_PRIMAIRE;3onx2
CTM-CONTROL-M;CTMCTM_E11AJF_08_Q;CTMCTM_E11AJF_08_AJF53_Q;"March 23, 2026";"March 23, 2026 1:30:25 PM";"March 23, 2026 1:30:25 PM";;Ended OK;AJF tables Journalieres matin SIC;U512AJF420;Dummy;No;1;No;CTMSRV;CTMCTM_E11AJF_08_Q;controlm;;SRV_PRIMAIRE;3onx3
CTM-CONTROL-M;CTMCTM_E11AJF_08_Q;CTMCTM_E11AJF_08_AJF55_Q;"March 23, 2026";"March 23, 2026 1:30:08 PM";"March 23, 2026 1:30:08 PM";;Ended OK;ADD COND OFA a la montee au plan;U512AJF010;Dummy;No;1;No;CTMSRV;CTMCTM_E11AJF_08_Q;controlm;;SRV_PRIMAIRE;3onx4
CTM-CONTROL-M;CTMCTM_E11AJF_08_Q;CTMCTM_E11AJF_08_AJF58_Q;"March 23, 2026";"March 23, 2026 1:30:12 PM";"March 23, 2026 1:30:12 PM";;Ended OK;AJF tables Journalieres KDR;U512AJF170;Dummy;No;1;No;CTMSRV;CTMCTM_E11AJF_08_Q;controlm;;SRV_PRIMAIRE;3onx8
CTM-CONTROL-M;CTMCTM_E11AJF_08_Q;CTMCTM_E11AJF_08_AJF59_Q;"March 23, 2026";"March 23, 2026 1:30:34 PM";"March 23, 2026 1:30:34 PM";;Ended OK;AJF tables Journalieres FINANCE;U512AJF170;Dummy;No;1;No;CTMSRV;CTMCTM_E11AJF_08_Q;controlm;;SRV_PRIMAIRE;3onxa
CTM-CONTROL-M;CTMCTM_E11AJF_08_Q;CTMCTM_E11AJF_08_AJF60_Q;"March 23, 2026";"March 23, 2026 1:30:12 PM";"March 23, 2026 1:30:12 PM";;Ended OK;AJF tables Journaliere PREDTR;U512AJF170;Dummy;No;1;No;CTMSRV;CTMCTM_E11AJF_08_Q;controlm;;SRV_PRIMAIRE;3onx9
CTM-CONTROL-M;CTMCTM_E11AJF_08_Q;CTMCTM_E11AJF_08_AJF61_Q;"March 23, 2026";"March 23, 2026 1:30:35 PM";"March 23, 2026 1:30:35 PM";;Ended OK;AJF tables Journalieres ARS;U512AJF170;Dummy;No;1;No;CTMSRV;CTMCTM_E11AJF_08_Q;controlm;;SRV_PRIMAIRE;3onxb
CTM-CONTROL-M;CTMCTM_E11AJF_08_Q;CTMCTM_E11AJF_08_AJF62_Q;"March 23, 2026";"March 23, 2026 1:30:45 PM";"March 23, 2026 1:30:45 PM";;Ended OK;AJF tables Journalieres MBB;U512AJF170;Dummy;No;1;No;CTMSRV;CTMCTM_E11AJF_08_Q;controlm;;SRV_PRIMAIRE;3onxc
CTM-CONTROL-M;CTMCTM_E11AJF_08_Q;CTMCTM_E11AJF_08_AJF63_Q;"March 23, 2026";"March 23, 2026 1:30:36 PM";"March 23, 2026 1:30:36 PM";;Ended OK;AJF tables Quotidiennes GDR;U512AJF025;Dummy;No;1;No;CTMSRV;CTMCTM_E11AJF_08_Q;controlm;;SRV_PRIMAIRE;3onxd
CTM-CONTROL-M;CTMCTM_E11AJF_08_Q;CTMCTM_E11AJF_08_AJF64_Q;"March 23, 2026";"March 23, 2026 1:30:37 PM";"March 23, 2026 1:30:37 PM";;Ended OK;AJF tables Quotidiennes PKI;U512AJF025;Dummy;No;1;No;CTMSRV;CTMCTM_E11AJF_08_Q;controlm;;SRV_PRIMAIRE;3onxe
CTM-CONTROL-M;CTMCTM_E11AJF_08_S;CTMCTM_E11AJF_08_AJF01_S;"March 23, 2026";"March 23, 2026 1:30:41 PM";"March 23, 2026 1:30:41 PM";;Ended OK;AJF tables Semestrielles (CTMPS);U512AJF010;Dummy;No;1;No;CTMSRV;CTMCTM_E11AJF_08_S;controlm;;SRV_PRIMAIRE;3oo5f
CTM-CONTROL-M;CTMCTM_E11STP_01_Q;CTMCTM_E11STP_01_SUB02_Q;"March 23, 2026";"March 23, 2026 8:00:00 PM";"March 23, 2026 8:00:00 PM";;Ended OK;Arret du serveur UDKEMB;ARRET_UDKEMB;Dummy;No;1;No;CTMSRV;CTMCTM_E11STP_01_Q;root;;;3on6r
CTM-CONTROL-M;CTMCTM_E11TEC_04_Q;CTMCTM_E11TEC_04_SUB01_Q;"March 23, 2026";"March 24, 2026 12:05:00 AM";"March 24, 2026 12:05:00 AM";;Ended OK;Soumission scripts DWH a 00h05;SUBT0005 DWH;Dummy;No;1;No;CTMSRV;CTMCTM_E11TEC_04_Q;svce_cm;;;3omxv
CTM-CONTROL-M;CTMCTM_E11TEC_04_Q;CTMCTM_E11TEC_04_SUB02_Q;"March 23, 2026";"March 24, 2026 2:00:00 AM";"March 24, 2026 2:00:00 AM";;Ended OK;Soumission scripts CITY a 01h00;CITY SUBT0200;Dummy;No;1;No;CTMSRV;CTMCTM_E11TEC_04_Q;svce_cm;;;3omxw
CTM-CONTROL-M;CTMCTM_E11TEC_04_Q;CTMCTM_E11TEC_04_SUB03_Q;"March 23, 2026";"March 24, 2026 3:00:00 AM";"March 24, 2026 3:00:00 AM";;Ended OK;Soumission deblocage scripts HERCULE a 03h00;HERCULE SUBT0300 start  prod;Dummy;No;1;No;CTMSRV;CTMCTM_E11TEC_04_Q;svce_cm;;;3omxx
CTM-CONTROL-M;CTMCTM_E11TEC_04_Q;CTMCTM_E11TEC_04_SUB10_Q;"March 23, 2026";"March 23, 2026 1:30:09 PM";"March 23, 2026 1:30:09 PM";;Ended OK;Soumission scripts a 13H30;SUBT1330;Dummy;No;1;No;CTMSRV;CTMCTM_E11TEC_04_Q;svce_cm;;;3omxy
CTM-CONTROL-M;CTMCTM_E11TEC_04_Q;CTMCTM_E11TEC_04_SUB11_Q;"March 23, 2026";"March 23, 2026 2:00:00 PM";"March 23, 2026 2:00:00 PM";;Ended OK;Soumission scripts a 14h00;SUBT1400;Dummy;No;1;No;CTMSRV;CTMCTM_E11TEC_04_Q;svce_cm;;;3omxz
CTM-CONTROL-M;CTMCTM_E11TEC_04_Q;CTMCTM_E11TEC_04_SUB12_Q;"March 23, 2026";"March 23, 2026 3:00:00 PM";"March 23, 2026 3:00:00 PM";;Ended OK;Soumission scripts a 15h00;SUBT1500;Dummy;No;1;No;CTMSRV;CTMCTM_E11TEC_04_Q;svce_cm;;;3omy0
CTM-CONTROL-M;CTMCTM_E11TEC_04_Q;CTMCTM_E11TEC_04_SUB16_Q;"March 23, 2026";"March 24, 2026 6:00:00 AM";"March 24, 2026 6:00:00 AM";;Ended OK;Soumission start service HERCULE à 07h00;HERCULE SUBT0700 stop prod;Dummy;No;1;No;CTMSRV;CTMCTM_E11TEC_04_Q;root;;;3omy1
CTM-CONTROL-M;CTMCTM_E11TEC_04_Q;CTMCTM_E11TEC_04_SUB28_Q;"March 23, 2026";"March 23, 2026 2:00:00 PM";"March 23, 2026 2:00:00 PM";;Ended OK;Soumission scripts à 14h00;SUBT1400;Dummy;No;1;No;CTMSRV;CTMCTM_E11TEC_04_Q;root;;;3omy2
CTM-CONTROL-M;CTMCTM_E11TEC_04_Q;CTMCTM_E11TEC_04_SUB29_Q;"March 23, 2026";"March 23, 2026 3:00:00 PM";"March 23, 2026 3:00:00 PM";;Ended OK;Soumission scripts à 15h00;SUBT1500;Dummy;No;1;No;CTMSRV;CTMCTM_E11TEC_04_Q;root;;;3omy3
CTM-CONTROL-M;CTMCTM_E11TEC_04_Q;CTMCTM_E11TEC_04_SUB34_Q;"March 23, 2026";"March 23, 2026 9:30:00 PM";"March 23, 2026 9:30:00 PM";;Ended OK;Soumission scripts à 21H30;SUBT2130;Dummy;No;1;No;CTMSRV;CTMCTM_E11TEC_04_Q;root;;;3omy4
CTM-CONTROL-M;CTMCTM_E12AJF_08_Q;CTMCTM_E12AJF_08_ACC01_Q;"March 23, 2026";"March 23, 2026 3:00:00 PM";"March 23, 2026 3:00:19 PM";;Ended OK;Accumulation des statistiques control_m;U512AJF510;Command;No;1;No;CTMSRV;CTMCTM_E12AJF_08_Q;controlm;ldkctmp50;SRV_PRIMAIRE;3onel
CTM-CONTROL-M;CTMCTM_E12AJF_08_Q;CTMCTM_E12AJF_08_DEL01_Q;"March 23, 2026";"March 23, 2026 1:30:11 PM";"March 23, 2026 1:31:14 PM";;Ended OK;Delete des conditions anterieures a 7 jours;U512AJF500;Command;No;1;No;CTMSRV;CTMCTM_E12AJF_08_Q;controlm;ldkctmp50;SRV_PRIMAIRE;3onek
CTM-CONTROL-M;CTMCTM_E12AJF_08_Q;CTMCTM_E12AJF_08_EXT01_Q;"March 23, 2026";"March 23, 2026 6:45:00 PM";"March 23, 2026 6:45:04 PM";;Ended OK;ctmldnrs: creation fic. conditions AJF absentes nof U514;U512AJF800;Command;No;1;No;CTMSRV;CTMCTM_E12AJF_08_Q;controlm;ldkctmp50;SRV_PRIMAIRE;3oner
CTM-CONTROL-M;CTMCTM_E12AJF_08_Q;CTMCTM_E12AJF_08_ORP01_Q;"March 23, 2026";"March 23, 2026 6:45:05 PM";"March 23, 2026 6:45:06 PM";;Ended OK;ctmldnrs: load des conditions AJF absentes (VEH*);U512AJF820;Command;No;1;No;CTMSRV;CTMCTM_E12AJF_08_Q;controlm;ldkctmp50;SRV_PRIMAIRE;3ones
CTM-CONTROL-M;CTMCTM_E12AJF_08_Q;CTMCTM_E12AJF_08_ORP02_Q;"March 23, 2026";"March 23, 2026 6:45:07 PM";"March 23, 2026 6:45:08 PM";;Ended OK;ctmldnrs: load des conditions AJF absentes (PRE*);U512AJF810;Command;No;1;No;CTMSRV;CTMCTM_E12AJF_08_Q;controlm;ldkctmp50;SRV_PRIMAIRE;3onem
CTM-CONTROL-M;CTMCTM_E12AJF_08_Q;CTMCTM_E12AJF_08_ORP03_Q;"March 23, 2026";"March 23, 2026 6:45:09 PM";"March 23, 2026 6:45:11 PM";;Ended OK;ctmldnrs: load des conditions AJF absentes (CID*);U512AJF811;Command;No;1;No;CTMSRV;CTMCTM_E12AJF_08_Q;controlm;ldkctmp50;SRV_PRIMAIRE;3onen
CTM-CONTROL-M;CTMCTM_E12AJF_08_Q;CTMCTM_E12AJF_08_ORP04_Q;"March 23, 2026";"March 23, 2026 6:45:12 PM";"March 23, 2026 6:45:13 PM";;Ended OK;ctmldnrs: load des conditions AJF absentes (EAI*);U512AJF812;Command;No;1;No;CTMSRV;CTMCTM_E12AJF_08_Q;controlm;ldkctmp50;SRV_PRIMAIRE;3oneo
CTM-CONTROL-M;CTMCTM_E12AJF_08_Q;CTMCTM_E12AJF_08_ORP05_Q;"March 23, 2026";"March 23, 2026 6:45:13 PM";"March 23, 2026 6:45:15 PM";;Ended OK;ctmldnrs: load des conditions AJF absentes (ETR*);U512AJF813;Command;No;1;No;CTMSRV;CTMCTM_E12AJF_08_Q;controlm;ldkctmp50;SRV_PRIMAIRE;3onep
CTM-CONTROL-M;CTMCTM_E12AJF_08_Q;CTMCTM_E12AJF_08_ORP06_Q;"March 23, 2026";"March 23, 2026 6:45:16 PM";"March 23, 2026 6:45:17 PM";;Ended OK;ctmldnrs: load des conditions AJF absentes (BOC*);U512AJF815;Command;No;1;No;CTMSRV;CTMCTM_E12AJF_08_Q;controlm;ldkctmp50;SRV_PRIMAIRE;3oneq
CTM-CONTROL-M;CTMCTM_E12AJF_08_Q;CTMCTM_E12AJF_08_ORP07_Q;"March 23, 2026";"March 23, 2026 6:45:18 PM";"March 23, 2026 6:45:19 PM";;Ended OK;ctmldnrs: load des conditions AJF absentes (OAP*);AJF_CTM_860;Command;No;1;No;CTMSRV;CTMCTM_E12AJF_08_Q;controlm;ldkctmp50;SRV_PRIMAIRE;3oney
CTM-CONTROL-M;CTMCTM_E12AJF_08_Q;CTMCTM_E12AJF_08_ORP08_Q;"March 23, 2026";"March 23, 2026 6:45:20 PM";"March 23, 2026 6:45:20 PM";;Ended OK;ctmldnrs: load des conditions AJF absentes (ECO*);AJF_CTM_820;Command;No;1;No;CTMSRV;CTMCTM_E12AJF_08_Q;controlm;ldkctmp50;SRV_PRIMAIRE;3oneu
CTM-CONTROL-M;CTMCTM_E12AJF_08_Q;CTMCTM_E12AJF_08_ORP09_Q;"March 23, 2026";"March 23, 2026 6:45:21 PM";"March 23, 2026 6:45:22 PM";;Ended OK;ctmldnrs: load des conditions AJF absentes (XFB*);AJF_CTM_830;Command;No;1;No;CTMSRV;CTMCTM_E12AJF_08_Q;controlm;ldkctmp50;SRV_PRIMAIRE;3onev
CTM-CONTROL-M;CTMCTM_E12AJF_08_Q;CTMCTM_E12AJF_08_ORP10_Q;"March 23, 2026";"March 23, 2026 6:45:23 PM";"March 23, 2026 6:45:24 PM";;Ended OK;ctmldnrs: load des conditions AJF absentes (ALA*);AJF_CTM_840;Command;No;1;No;CTMSRV;CTMCTM_E12AJF_08_Q;controlm;ldkctmp50;SRV_PRIMAIRE;3onew
CTM-CONTROL-M;CTMCTM_E12AJF_08_Q;CTMCTM_E12AJF_08_ORP11_Q;"March 23, 2026";"March 23, 2026 6:45:25 PM";"March 23, 2026 6:45:26 PM";;Ended OK;ctmldnrs: load des conditions AJF absentes (SIG*);AJF_CTM_850;Command;No;1;No;CTMSRV;CTMCTM_E12AJF_08_Q;controlm;ldkctmp50;SRV_PRIMAIRE;3onex
CTM-CONTROL-M;CTMCTM_E12AJF_08_Q;CTMCTM_E12AJF_08_ORP12_Q;"March 23, 2026";"March 23, 2026 6:45:26 PM";"March 23, 2026 6:45:27 PM";;Ended OK;ctmldnrs: load des conditions AJF absentes (SAG*);AJF_CTM_850;Command;No;1;No;CTMSRV;CTMCTM_E12AJF_08_Q;controlm;ldkctmp50;SRV_PRIMAIRE;3onez
CTM-CONTROL-M;CTMCTM_E12AJF_08_Q;CTMCTM_E12AJF_08_ORP13_Q;"March 23, 2026";"March 23, 2026 6:45:28 PM";"March 23, 2026 6:45:29 PM";;Ended OK;ctmldnrs: load des conditions AJF absentes (HRA*);AJF_CTM_850;Command;No;1;No;CTMSRV;CTMCTM_E12AJF_08_Q;controlm;ldkctmp50;SRV_PRIMAIRE;3onf0
CTM-CONTROL-M;CTMCTM_E12AJF_08_Q;CTMCTM_E12AJF_08_ORP14_Q;"March 23, 2026";"March 23, 2026 6:45:30 PM";"March 23, 2026 6:45:31 PM";;Ended OK;ctmldnrs: load des conditions AJF absentes (DWH*);AJF_CTM_850;Command;No;1;No;CTMSRV;CTMCTM_E12AJF_08_Q;controlm;ldkctmp50;SRV_PRIMAIRE;3onf1
CTM-CONTROL-M;CTMCTM_E12AJF_08_Q;CTMCTM_E12AJF_08_ORP15_Q;"March 23, 2026";"March 23, 2026 6:45:31 PM";"March 23, 2026 6:45:32 PM";;Ended OK;ctmldnrs: load des conditions AJF absentes (CSC*);AJF_CTM_850;Command;No;1;No;CTMSRV;CTMCTM_E12AJF_08_Q;controlm;ldkctmp50;SRV_PRIMAIRE;3onf2
CTM-CONTROL-M;CTMCTM_E12AJF_08_Q;CTMCTM_E12AJF_08_ORP16_Q;"March 23, 2026";"March 23, 2026 6:45:33 PM";"March 23, 2026 6:45:34 PM";;Ended OK;ctmldnrs: load des conditions AJF absentes (MDM*);AJF_CTM_850;Command;No;1;No;CTMSRV;CTMCTM_E12AJF_08_Q;controlm;ldkctmp50;SRV_PRIMAIRE;3onf3
CTM-CONTROL-M;CTMCTM_E12AJF_08_Q;CTMCTM_E12AJF_08_ORP17_Q;"March 23, 2026";"March 23, 2026 6:45:35 PM";"March 23, 2026 6:45:36 PM";;Ended OK;ctmldnrs: load des conditions AJF absentes (HA8*);AJF_CTM_850;Command;No;1;No;CTMSRV;CTMCTM_E12AJF_08_Q;controlm;ldkctmp50;SRV_PRIMAIRE;3onf4
CTM-CONTROL-M;CTMCTM_E12AJF_08_Q;CTMCTM_E12AJF_08_ORP18_Q;"March 23, 2026";"March 23, 2026 6:45:36 PM";"March 23, 2026 6:45:38 PM";;Ended OK;ctmldnrs: load des conditions AJF absentes (NRJ*);AJF_CTM_850;Command;No;1;No;CTMSRV;CTMCTM_E12AJF_08_Q;controlm;ldkctmp50;SRV_PRIMAIRE;3onf5
CTM-CONTROL-M;CTMCTM_E12AJF_08_Q;CTMCTM_E12AJF_08_ORP19_Q;"March 23, 2026";"March 23, 2026 6:45:39 PM";"March 23, 2026 6:45:40 PM";;Ended OK;ctmldnrs: load des conditions AJF absentes (OAF*);AJF_CTM_850;Command;No;1;No;CTMSRV;CTMCTM_E12AJF_08_Q;controlm;ldkctmp50;SRV_PRIMAIRE;3onf6
CTM-CONTROL-M;CTMCTM_E12AJF_08_Q;CTMCTM_E12AJF_08_ORP20_Q;"March 23, 2026";"March 23, 2026 6:45:41 PM";"March 23, 2026 6:45:42 PM";;Ended OK;ctmldnrs: load des conditions AJF absentes (OPM*);AJF_CTM_850;Command;No;1;No;CTMSRV;CTMCTM_E12AJF_08_Q;controlm;ldkctmp50;SRV_PRIMAIRE;3onf7
CTM-CONTROL-M;CTMCTM_E12AJF_08_Q;CTMCTM_E12AJF_08_ORP21_Q;"March 23, 2026";"March 23, 2026 6:45:42 PM";"March 23, 2026 6:45:43 PM";;Ended OK;ctmldnrs: load des conditions AJF absentes (OAA*);AJF_CTM_850;Command;No;1;No;CTMSRV;CTMCTM_E12AJF_08_Q;controlm;ldkctmp50;SRV_PRIMAIRE;3onf8
CTM-CONTROL-M;CTMCTM_E12AJF_08_Q;CTMCTM_E12AJF_08_ORP22_Q;"March 23, 2026";"March 23, 2026 6:45:44 PM";"March 23, 2026 6:45:45 PM";;Ended OK;ctmldnrs: load des conditions AJF absentes (PRO*);AJF_CTM_850;Command;No;1;No;CTMSRV;CTMCTM_E12AJF_08_Q;controlm;ldkctmp50;SRV_PRIMAIRE;3onf9
CTM-CONTROL-M;CTMCTM_E12AJF_08_Q;CTMCTM_E12AJF_08_ORP23_Q;"March 23, 2026";"March 23, 2026 6:45:45 PM";"March 23, 2026 6:45:46 PM";;Ended OK;ctmldnrs: load des conditions AJF absentes (DWS*);AJF_CTM_850;Command;No;1;No;CTMSRV;CTMCTM_E12AJF_08_Q;controlm;ldkctmp50;SRV_PRIMAIRE;3onfa
CTM-CONTROL-M;CTMCTM_E12AJF_08_Q;CTMCTM_E12AJF_08_ORP24_Q;"March 23, 2026";"March 23, 2026 6:45:46 PM";"March 23, 2026 6:45:48 PM";;Ended OK;ctmldnrs: load des conditions AJF absentes (DWA*);AJF_CTM_850;Command;No;1;No;CTMSRV;CTMCTM_E12AJF_08_Q;controlm;ldkctmp50;SRV_PRIMAIRE;3onfb
CTM-CONTROL-M;CTMCTM_E12AJF_08_Q;CTMCTM_E12AJF_08_ORP25_Q;"March 23, 2026";"March 23, 2026 6:45:48 PM";"March 23, 2026 6:45:49 PM";;Ended OK;ctmldnrs: load des conditions AJF absentes (DWF*);AJF_CTM_850;Command;No;1;No;CTMSRV;CTMCTM_E12AJF_08_Q;controlm;ldkctmp50;SRV_PRIMAIRE;3onfc
CTM-CONTROL-M;CTMCTM_E12AJF_08_Q;CTMCTM_E12AJF_08_ORP26_Q;"March 23, 2026";"March 23, 2026 6:45:50 PM";"March 23, 2026 6:45:51 PM";;Ended OK;ctmldnrs: load des conditions AJF absentes (OPT*);AJF_CTM_850;Command;No;1;No;CTMSRV;CTMCTM_E12AJF_08_Q;controlm;ldkctmp50;SRV_PRIMAIRE;3onfd
CTM-CONTROL-M;CTMCTM_E12AJF_08_Q;CTMCTM_E12AJF_08_ORP27_Q;"March 23, 2026";"March 23, 2026 6:45:51 PM";"March 23, 2026 6:45:52 PM";;Ended OK;ctmldnrs: load des conditions AJF absentes (GTG*);AJF_CTM_850;Command;No;1;No;CTMSRV;CTMCTM_E12AJF_08_Q;controlm;ldkctmp50;SRV_PRIMAIRE;3onfe
CTM-CONTROL-M;CTMCTM_E12AJF_08_Q;CTMCTM_E12AJF_08_ORP28_Q;"March 23, 2026";"March 23, 2026 6:45:53 PM";"March 23, 2026 6:45:54 PM";;Ended OK;ctmldnrs: load des conditions AJF absentes (ARI*);AJF_CTM_850;Command;No;1;No;CTMSRV;CTMCTM_E12AJF_08_Q;controlm;ldkctmp50;SRV_PRIMAIRE;3onff
CTM-CONTROL-M;CTMCTM_E12AJF_08_Q;CTMCTM_E12AJF_08_ORP29_Q;"March 23, 2026";"March 23, 2026 6:45:55 PM";"March 23, 2026 6:45:56 PM";;Ended OK;ctmldnrs: load des conditions AJF absentes (SRV*);AJF_CTM_850;Command;No;1;No;CTMSRV;CTMCTM_E12AJF_08_Q;controlm;ldkctmp50;SRV_PRIMAIRE;3onfg
CTM-CONTROL-M;CTMCTM_E12AJF_08_Q;CTMCTM_E12AJF_08_ORP30_Q;"March 23, 2026";"March 23, 2026 6:45:56 PM";"March 23, 2026 6:45:57 PM";;Ended OK;ctmldnrs: load des conditions AJF absentes (FST*);AJF_CTM_850;Command;No;1;No;CTMSRV;CTMCTM_E12AJF_08_Q;controlm;ldkctmp50;SRV_PRIMAIRE;3onfh
CTM-CONTROL-M;CTMCTM_E12AJF_08_Q;CTMCTM_E12AJF_08_ORP31_Q;"March 23, 2026";"March 23, 2026 6:45:58 PM";"March 23, 2026 6:45:59 PM";;Ended OK;ctmldnrs: load des conditions AJF absentes (PIC*);AJF_CTM_850;Command;No;1;No;CTMSRV;CTMCTM_E12AJF_08_Q;controlm;ldkctmp50;SRV_PRIMAIRE;3onfi
CTM-CONTROL-M;CTMCTM_E12AJF_08_Q;CTMCTM_E12AJF_08_ORP32_Q;"March 23, 2026";"March 23, 2026 6:46:00 PM";"March 23, 2026 6:46:01 PM";;Ended OK;ctmldnrs: load des conditions AJF absentes (SES*);AJF_CTM_850;Command;No;1;No;CTMSRV;CTMCTM_E12AJF_08_Q;controlm;ldkctmp50;SRV_PRIMAIRE;3onfj
CTM-CONTROL-M;CTMCTM_E12AJF_08_Q;CTMCTM_E12AJF_08_ORP33_Q;"March 23, 2026";"March 23, 2026 6:46:01 PM";"March 23, 2026 6:46:02 PM";;Ended OK;ctmldnrs: load des conditions AJF absentes (DIS*);AJF_CTM_850;Command;No;1;No;CTMSRV;CTMCTM_E12AJF_08_Q;controlm;ldkctmp50;SRV_PRIMAIRE;3onfk
CTM-CONTROL-M;CTMCTM_E12AJF_08_Q;CTMCTM_E12AJF_08_ORP34_Q;"March 23, 2026";"March 23, 2026 6:46:02 PM";"March 23, 2026 6:46:04 PM";;Ended OK;ctmldnrs: load des conditions AJF absentes (DIC*);AJF_CTM_850;Command;No;1;No;CTMSRV;CTMCTM_E12AJF_08_Q;controlm;ldkctmp50;SRV_PRIMAIRE;3onfl
CTM-CONTROL-M;CTMCTM_E12AJF_08_Q;CTMCTM_E12AJF_08_ORP35_Q;"March 23, 2026";"March 23, 2026 6:46:04 PM";"March 23, 2026 6:46:05 PM";;Ended OK;ctmldnrs: load des conditions AJF absentes (HAM*);AJF_CTM_850;Command;No;1;No;CTMSRV;CTMCTM_E12AJF_08_Q;controlm;ldkctmp50;SRV_PRIMAIRE;3onfm
CTM-CONTROL-M;CTMCTM_E12AJF_08_Q;CTMCTM_E12AJF_08_ORP36_Q;"March 23, 2026";"March 23, 2026 6:46:06 PM";"March 23, 2026 6:46:07 PM";;Ended OK;ctmldnrs: load des conditions AJF absentes (DWC*);AJF_CTM_850;Command;No;1;No;CTMSRV;CTMCTM_E12AJF_08_Q;controlm;ldkctmp50;SRV_PRIMAIRE;3onfn
CTM-CONTROL-M;CTMCTM_E12AJF_08_Q;CTMCTM_E12AJF_08_ORP37_Q;"March 23, 2026";"March 23, 2026 6:46:08 PM";"March 23, 2026 6:46:09 PM";;Ended OK;ctmldnrs: load des conditions AJF absentes (DTR*);AJF_CTM_850;Command;No;1;No;CTMSRV;CTMCTM_E12AJF_08_Q;controlm;ldkctmp50;SRV_PRIMAIRE;3onfo
CTM-CONTROL-M;CTMCTM_E12AJF_08_Q;CTMCTM_E12AJF_08_ORP38_Q;"March 23, 2026";"March 23, 2026 6:46:09 PM";"March 23, 2026 6:46:11 PM";;Ended OK;ctmldnrs: load des conditions AJF absentes (PEL*);AJF_CTM_850;Command;No;1;No;CTMSRV;CTMCTM_E12AJF_08_Q;controlm;ldkctmp50;SRV_PRIMAIRE;3onfp
CTM-CONTROL-M;CTMCTM_E12AJF_08_Q;CTMCTM_E12AJF_08_ORP39_Q;"March 23, 2026";"March 23, 2026 6:46:12 PM";"March 23, 2026 6:46:13 PM";;Ended OK;ctmldnrs: load des conditions AJF absentes (HAV*);AJF_CTM_850;Command;No;1;No;CTMSRV;CTMCTM_E12AJF_08_Q;controlm;ldkctmp50;SRV_PRIMAIRE;3onfq
CTM-CONTROL-M;CTMCTM_E12AJF_08_Q;CTMCTM_E12AJF_08_ORP40_Q;"March 23, 2026";"March 23, 2026 6:46:14 PM";"March 23, 2026 6:46:15 PM";;Ended OK;ctmldnrs: load des conditions AJF absentes (HO*) HOLD et HOLD2;AJF_CTM_850;Command;No;1;No;CTMSRV;CTMCTM_E12AJF_08_Q;controlm;ldkctmp50;SRV_PRIMAIRE;3onfr
CTM-CONTROL-M;CTMCTM_E12AJF_08_Q;CTMCTM_E12AJF_08_ORP41_Q;"March 23, 2026";"March 23, 2026 6:46:16 PM";"March 23, 2026 6:46:17 PM";;Ended OK;ctmldnrs: load des conditions AJF absentes (SIC*);AJF_CTM_850;Command;No;1;No;CTMSRV;CTMCTM_E12AJF_08_Q;controlm;ldkctmp50;SRV_PRIMAIRE;3onfs
CTM-CONTROL-M;CTMCTM_E12AJF_08_Q;CTMCTM_E12AJF_08_ORP42_Q;"March 23, 2026";"March 23, 2026 6:46:17 PM";"March 23, 2026 6:46:18 PM";;Ended OK;ctmldnrs: load des conditions AJF absentes (OFA*);AJF_CTM_850;Command;No;1;No;CTMSRV;CTMCTM_E12AJF_08_Q;controlm;ldkctmp50;SRV_PRIMAIRE;3onft
CTM-CONTROL-M;CTMCTM_E12AJF_08_Q;CTMCTM_E12AJF_08_ORP43_Q;"March 23, 2026";"March 23, 2026 6:46:19 PM";"March 23, 2026 6:46:20 PM";;Ended OK;ctmldnrs: load des conditions AJF absentes (AGG*);AJF_CTM_850;Command;No;1;No;CTMSRV;CTMCTM_E12AJF_08_Q;controlm;ldkctmp50;SRV_PRIMAIRE;3onfu
CTM-CONTROL-M;CTMCTM_E12AJF_08_Q;CTMCTM_E12AJF_08_ORP44_Q;"March 23, 2026";"March 23, 2026 6:46:21 PM";"March 23, 2026 6:46:22 PM";;Ended OK;ctmldnrs: load des conditions AJF absentes (GRT*);AJF_CTM_850;Command;No;1;No;CTMSRV;CTMCTM_E12AJF_08_Q;controlm;ldkctmp50;SRV_PRIMAIRE;3onfv
CTM-CONTROL-M;CTMCTM_E12AJF_08_Q;CTMCTM_E12AJF_08_ORP45_Q;"March 23, 2026";"March 23, 2026 6:46:22 PM";"March 23, 2026 6:46:23 PM";;Ended OK;ctmldnrs: load des conditions AJF absentes (NSI*);AJF_CTM_850;Command;No;1;No;CTMSRV;CTMCTM_E12AJF_08_Q;controlm;ldkctmp50;SRV_PRIMAIRE;3onfw
CTM-CONTROL-M;CTMCTM_E12AJF_08_Q;CTMCTM_E12AJF_08_ORP46_Q;"March 23, 2026";"March 23, 2026 6:46:24 PM";"March 23, 2026 6:46:25 PM";;Ended OK;ctmldnrs: load des conditions AJF absentes (C2E*);AJF_CTM_850;Command;No;1;No;CTMSRV;CTMCTM_E12AJF_08_Q;controlm;ldkctmp50;SRV_PRIMAIRE;3onfx
CTM-CONTROL-M;CTMCTM_E12AJF_08_Q;CTMCTM_E12AJF_08_ORP47_Q;"March 23, 2026";"March 23, 2026 6:46:26 PM";"March 23, 2026 6:46:27 PM";;Ended OK;ctmldnrs: load des conditions AJF absentes (MYD*);AJF_CTM_850;Command;No;1;No;CTMSRV;CTMCTM_E12AJF_08_Q;controlm;ldkctmp50;SRV_PRIMAIRE;3onfy
CTM-CONTROL-M;CTMCTM_E12AJF_08_Q;CTMCTM_E12AJF_08_ORP48_Q;"March 23, 2026";"March 23, 2026 6:46:28 PM";"March 23, 2026 6:46:29 PM";;Ended OK;ctmldnrs: load des conditions AJF absentes (DEC*);AJF_CTM_850;Command;No;1;No;CTMSRV;CTMCTM_E12AJF_08_Q;controlm;ldkctmp50;SRV_PRIMAIRE;3onfz
CTM-CONTROL-M;CTMCTM_E12AJF_08_Q;CTMCTM_E12AJF_08_ORP49_Q;"March 23, 2026";"March 23, 2026 6:46:29 PM";"March 23, 2026 6:46:30 PM";;Ended OK;ctmldnrs: load des conditions AJF absentes (CTX*);AJF_CTM_850;Command;No;1;No;CTMSRV;CTMCTM_E12AJF_08_Q;controlm;ldkctmp50;SRV_PRIMAIRE;3ong0
CTM-CONTROL-M;CTMCTM_E12AJF_08_Q;CTMCTM_E12AJF_08_ORP50_Q;"March 23, 2026";"March 23, 2026 6:46:31 PM";"March 23, 2026 6:46:32 PM";;Ended OK;ctmldnrs: load des conditions AJF absentes (FAX*);AJF_CTM_850;Command;No;1;No;CTMSRV;CTMCTM_E12AJF_08_Q;controlm;ldkctmp50;SRV_PRIMAIRE;3ong1
CTM-CONTROL-M;CTMCTM_E12AJF_08_Q;CTMCTM_E12AJF_08_ORP51_Q;"March 23, 2026";"March 23, 2026 6:46:33 PM";"March 23, 2026 6:46:34 PM";;Ended OK;ctmldnrs: load des conditions AJF absentes (ALP*);AJF_CTM_850;Command;No;1;No;CTMSRV;CTMCTM_E12AJF_08_Q;controlm;ldkctmp50;SRV_PRIMAIRE;3ong2
CTM-CONTROL-M;CTMCTM_E12AJF_08_Q;CTMCTM_E12AJF_08_ORP52_Q;"March 23, 2026";"March 23, 2026 6:46:34 PM";"March 23, 2026 6:46:35 PM";;Ended OK;ctmldnrs: load des conditions AJF absentes (HAD*);AJF_CTM_850;Command;No;1;No;CTMSRV;CTMCTM_E12AJF_08_Q;controlm;ldkctmp50;SRV_PRIMAIRE;3ong3
CTM-CONTROL-M;CTMCTM_E12AJF_08_Q;CTMCTM_E12AJF_08_ORP53_Q;"March 23, 2026";"March 23, 2026 6:46:36 PM";"March 23, 2026 6:46:37 PM";;Ended OK;ctmldnrs: load des conditions AJF absentes (BDM*);AJF_CTM_850;Command;No;1;No;CTMSRV;CTMCTM_E12AJF_08_Q;controlm;ldkctmp50;SRV_PRIMAIRE;3ong4
CTM-CONTROL-M;CTMCTM_E12AJF_08_Q;CTMCTM_E12AJF_08_ORP54_Q;"March 23, 2026";"March 23, 2026 6:46:38 PM";"March 23, 2026 6:46:39 PM";;Ended OK;ctmldnrs: load des conditions AJF absentes (BAB*);AJF_CTM_850;Command;No;1;No;CTMSRV;CTMCTM_E12AJF_08_Q;controlm;ldkctmp50;SRV_PRIMAIRE;3ong5
CTM-CONTROL-M;CTMCTM_E12AJF_08_Q;CTMCTM_E12AJF_08_ORP55_Q;"March 23, 2026";"March 23, 2026 6:46:39 PM";"March 23, 2026 6:46:40 PM";;Ended OK;ctmldnrs: load des conditions AJF absentes (ECA*);AJF_CTM_850;Command;No;1;No;CTMSRV;CTMCTM_E12AJF_08_Q;controlm;ldkctmp50;SRV_PRIMAIRE;3ong6
CTM-CONTROL-M;CTMCTM_E12AJF_08_Q;CTMCTM_E12AJF_08_ORP56_Q;"March 23, 2026";"March 23, 2026 6:46:41 PM";"March 23, 2026 6:46:42 PM";;Ended OK;ctmldnrs: load des conditions AJF absentes (CTM*);AJF_CTM_850;Command;No;1;No;CTMSRV;CTMCTM_E12AJF_08_Q;controlm;ldkctmp50;SRV_PRIMAIRE;3ong7
CTM-CONTROL-M;CTMCTM_E12AJF_08_Q;CTMCTM_E12AJF_08_ORP57_Q;"March 23, 2026";"March 23, 2026 6:46:42 PM";"March 23, 2026 6:46:43 PM";;Ended OK;ctmldnrs: load des conditions AJF absentes (NES*);AJF_CTM_850;Command;No;1;No;CTMSRV;CTMCTM_E12AJF_08_Q;controlm;ldkctmp50;SRV_PRIMAIRE;3ong8
CTM-CONTROL-M;CTMCTM_E12AJF_08_Q;CTMCTM_E12AJF_08_ORP58_Q;"March 23, 2026";"March 23, 2026 6:46:43 PM";"March 23, 2026 6:46:45 PM";;Ended OK;ctmldnrs: load des conditions AJF absentes (V4D*);CTMCTM_E12AJF_08_ORP58_Q;Command;No;1;No;CTMSRV;CTMCTM_E12AJF_08_Q;controlm;ldkctmp50;SRV_PRIMAIRE;3onga
CTM-CONTROL-M;CTMCTM_E12AJF_08_Q;CTMCTM_E12AJF_08_ORP59_Q;"March 23, 2026";"March 23, 2026 6:46:45 PM";"March 23, 2026 6:46:46 PM";;Ended OK;ctmldnrs: load des conditions AJF absentes (REF*);CTMCTM_E12AJF_08_ORP59_Q;Command;No;1;No;CTMSRV;CTMCTM_E12AJF_08_Q;controlm;ldkctmp50;SRV_PRIMAIRE;3ong9
CTM-CONTROL-M;CTMCTM_E12AJF_08_Q;CTMCTM_E12AJF_08_ORP60_Q;"March 23, 2026";"March 23, 2026 6:46:47 PM";"March 23, 2026 6:46:48 PM";;Ended OK;ctmldnrs: load des conditions AJF absentes (CIT*);CTMCTM_E12AJF_08_ORP60_Q;Command;No;1;No;CTMSRV;CTMCTM_E12AJF_08_Q;controlm;ldkctmp50;SRV_PRIMAIRE;3ongc
CTM-CONTROL-M;CTMCTM_E12AJF_08_Q;CTMCTM_E12AJF_08_ORP61_Q;"March 23, 2026";"March 23, 2026 6:46:49 PM";"March 23, 2026 6:46:50 PM";;Ended OK;ctmldnrs: load des conditions AJF absentes (HEC*);CTMCTM_E12AJF_08_ORP61_Q;Command;No;1;No;CTMSRV;CTMCTM_E12AJF_08_Q;controlm;ldkctmp50;SRV_PRIMAIRE;3ongb
CTM-CONTROL-M;CTMCTM_E12AJF_08_Q;CTMCTM_E12AJF_08_ORP62_Q;"March 23, 2026";"March 23, 2026 6:46:41 PM";"March 23, 2026 6:46:43 PM";;Ended OK;ctmldnrs: load des conditions AJF absentes (CEL*);CTMCTM_E12AJF_08_ORP62_Q;Command;No;1;No;CTMSRV;CTMCTM_E12AJF_08_Q;controlm;ldkctmp50;SRV_PRIMAIRE;3ongd
CTM-CONTROL-M;CTMCTM_E12AJF_08_Q;CTMCTM_E12AJF_08_ORP63_Q;"March 23, 2026";"March 23, 2026 6:46:41 PM";"March 23, 2026 6:46:43 PM";;Ended OK;ctmldnrs: load des conditions AJF absentes (GTN*);CTMCTM_E12AJF_08_ORP62_Q;Command;No;1;No;CTMSRV;CTMCTM_E12AJF_08_Q;controlm;ldkctmp50;SRV_PRIMAIRE;3onge
CTM-CONTROL-M;CTMCTM_E12AJF_08_Q;CTMCTM_E12AJF_08_ORP64_Q;"March 23, 2026";"March 23, 2026 6:46:43 PM";"March 23, 2026 6:46:44 PM";;Ended OK;ctmldnrs: load des conditions AJF absentes (FIN*);CTMCTM_E12AJF_08_ORP62_Q;Command;No;1;No;CTMSRV;CTMCTM_E12AJF_08_Q;controlm;ldkctmp50;SRV_PRIMAIRE;3ongf
CTM-CONTROL-M;CTMCTM_E12AJF_08_Q;CTMCTM_E12AJF_08_ORP65_Q;"March 23, 2026";"March 23, 2026 6:46:44 PM";"March 23, 2026 6:46:46 PM";;Ended OK;ctmldnrs: load des conditions AJF absentes (PFE*);CTMCTM_E12AJF_08_ORP62_Q;Command;No;1;No;CTMSRV;CTMCTM_E12AJF_08_Q;controlm;ldkctmp50;SRV_PRIMAIRE;3ongg
CTM-CONTROL-M;CTMCTM_E12AJF_08_Q;CTMCTM_E12AJF_08_ORP66_Q;"March 23, 2026";"March 23, 2026 6:46:46 PM";"March 23, 2026 6:46:47 PM";;Ended OK;ctmldnrs: load des conditions AJF absentes (KDR*);CTMCTM_E12AJF_08_ORP62_Q;Command;No;1;No;CTMSRV;CTMCTM_E12AJF_08_Q;controlm;ldkctmp50;SRV_PRIMAIRE;3ongh
CTM-CONTROL-M;CTMCTM_E12AJF_08_Q;CTMCTM_E12AJF_08_SAV01_Q;"March 23, 2026";"March 23, 2026 1:30:46 PM";"March 23, 2026 1:30:46 PM";;Ended OK;save date  + creation repertoire pour save file;U512AJF900.sh;Dummy;No;1;No;CTMSRV;CTMCTM_E12AJF_08_Q;controlm;;SRV_PRIMAIRE;3onet
CTM-CONTROL-M;CTMCTM_E12TEC_04_Q;CTMCTM_E12TEC_04_SUB16_Q;"March 23, 2026";"March 24, 2026 4:00:00 AM";"March 24, 2026 4:00:00 AM";;Ended OK;Soumission scripts DWH à 04h00;SUBT0400 DWH;Dummy;No;1;No;CTMSRV;CTMCTM_E12TEC_04_Q;root;;;3ooow
CTM-CONTROL-M;CTMCTM_E12TEC_04_Q;CTMCTM_E12TEC_04_SUB24_Q;"March 23, 2026";"March 24, 2026 6:30:00 AM";"March 24, 2026 6:30:00 AM";;Ended OK;Soumission scripts XFB à 06h30;SUBT0630 XFB;Dummy;No;1;No;CTMSRV;CTMCTM_E12TEC_04_Q;root;;;3ooox
CTM-CONTROL-M;CTMCTM_E12TEC_04_Q;CTMCTM_E12TEC_04_SUB27_Q;"March 23, 2026";"March 24, 2026 7:40:00 AM";"March 24, 2026 7:40:00 AM";;Ended OK;Soumission scripts DWH à 07h40;SUBT0740 DWH;Dummy;No;1;No;CTMSRV;CTMCTM_E12TEC_04_Q;root;;;3oooy
CTM-CONTROL-M;CTMCTM_E12TEC_04_Q;CTMCTM_E12TEC_04_SUB28_Q;"March 23, 2026";"March 24, 2026 8:00:00 AM";"March 24, 2026 8:00:00 AM";;Ended OK;Soumission scripts DWH à 08h00;SUBT0800 DWH;Dummy;No;1;No;CTMSRV;CTMCTM_E12TEC_04_Q;root;;;3oooz
CTM-CONTROL-M;CTMCTM_E12TEC_04_Q;CTMCTM_E12TEC_04_SUB30_Q;"March 23, 2026";;;;Wait for Event;Soumission scripts à 11h00 DWH;SUBT1100 DWH;Dummy;No;0;No;CTMSRV;CTMCTM_E12TEC_04_Q;root;;;3oop0
CTM-CONTROL-M;CTMCTM_E13TEC_04_Q;CTMCTM_E13TEC_04_SUB38_Q;"March 23, 2026";"March 24, 2026 3:30:00 AM";"March 24, 2026 3:30:00 AM";;Ended OK;Soumission scripts PEL à 03h30;SUBT0330 PEL;Dummy;No;1;No;CTMSRV;CTMCTM_E13TEC_04_Q;root;;;3omoe
CTM-CONTROL-M;CTMCTM_E13TEC_04_Q;CTMCTM_E13TEC_04_SUB39_Q;"March 23, 2026";"March 24, 2026 4:00:00 AM";"March 24, 2026 4:00:00 AM";;Ended OK;Soumission scripts à 04h00 PEL;SUBT0400 PEL;Dummy;No;1;No;CTMSRV;CTMCTM_E13TEC_04_Q;root;;;3omof
CTM-CONTROL-M;CTMCTM_E13TEC_04_Q;CTMCTM_E13TEC_04_SUB40_Q;"March 23, 2026";"March 24, 2026 4:30:00 AM";"March 24, 2026 4:30:00 AM";;Ended OK;Soumission scripts PEL à 04h30;SUBT0430 PEL;Dummy;No;1;No;CTMSRV;CTMCTM_E13TEC_04_Q;root;;;3omog
CTM-CONTROL-M;CTMCTM_E13TEC_04_Q;CTMCTM_E13TEC_04_SUB42_Q;"March 23, 2026";"March 24, 2026 4:15:00 AM";"March 24, 2026 4:15:00 AM";;Ended OK;Soumission scripts PEL à 04h15;SUBT0530 PEL;Dummy;No;1;No;CTMSRV;CTMCTM_E13TEC_04_Q;root;;;3omoh
CTM-CONTROL-M;CTMCTM_E13TEC_04_Q;CTMCTM_E13TEC_04_SUB43_Q;"March 23, 2026";"March 24, 2026 6:00:00 AM";"March 24, 2026 6:00:00 AM";;Ended OK;Lancement PEL 06h00;SUBT0600 PEL;Dummy;No;1;No;CTMSRV;CTMCTM_E13TEC_04_Q;root;;;3omoi
CTM-CONTROL-M;CTMCTM_E13TEC_04_Q;CTMCTM_E13TEC_04_SUB44_Q;"March 23, 2026";"March 24, 2026 6:15:00 AM";"March 24, 2026 6:15:00 AM";;Ended OK;Lancement PEL 06h15;SUBT0615 PEL;Dummy;No;1;No;CTMSRV;CTMCTM_E13TEC_04_Q;root;;;3omoj
CTM-CONTROL-M;CTMCTM_E13TEC_04_Q;CTMCTM_E13TEC_04_SUB45_Q;"March 23, 2026";"March 24, 2026 6:30:00 AM";"March 24, 2026 6:30:00 AM";;Ended OK;Lancement PEL 06h30;SUBT0630 PEL;Dummy;No;1;No;CTMSRV;CTMCTM_E13TEC_04_Q;root;;;3omok
CTM-CONTROL-M;CTMCTM_E13TEC_04_Q;CTMCTM_E13TEC_04_SUB46_Q;"March 23, 2026";"March 24, 2026 7:00:00 AM";"March 24, 2026 7:00:00 AM";;Ended OK;Lancement PEL 07h00;SUBT0700 PEL;Dummy;No;1;No;CTMSRV;CTMCTM_E13TEC_04_Q;root;;;3omol
CTM-CONTROL-M;CTMCTM_E13TEC_04_Q;CTMCTM_E13TEC_04_SUB47_Q;"March 23, 2026";"March 24, 2026 7:15:00 AM";"March 24, 2026 7:15:00 AM";;Ended OK;Lancement PEL 07h15;SUBT0715 PEL;Dummy;No;1;No;CTMSRV;CTMCTM_E13TEC_04_Q;root;;;3omom
CTM-CONTROL-M;CTMCTM_E13TEC_04_Q;CTMCTM_E13TEC_04_SUB51_Q;"March 23, 2026";"March 23, 2026 7:30:00 PM";"March 23, 2026 7:30:00 PM";;Ended OK;Soumission scripts PEL  à 21h00;SUBT2100 PEL;Dummy;No;1;No;CTMSRV;CTMCTM_E13TEC_04_Q;root;;;3omon
CTM-CONTROL-M;CTMCTM_E14TEC_04_Q;CTMCTM_E14TEC_04_EXP01_Q;"March 23, 2026";"March 24, 2026 7:36:22 AM";"March 24, 2026 7:36:23 AM";0810;Wait for Event;ExtractJobsCTM  &  Envoi : Suivi + PrairieCloture;ExtractCsvPlanCurrent_HELIOS_V9.ksh;Job;No;2;Yes;CTMSRV;CTMCTM_E14TEC_04_Q;controlm;ldkctmp50;SRV_PRIMAIRE;3onlj
CTM-CONTROL-M;CTMCTM_E14TEC_04_Q;CTMCTM_E14TEC_04_EXP02_Q;"March 23, 2026";"March 23, 2026 1:45:23 PM";"March 23, 2026 1:45:23 PM";;Ended OK;ExtractCsvPlanArch => Extract_Full_YYYYMM.csv;ExtractCsvPlanArch.ksh;Dummy;No;1;No;CTMSRV;CTMCTM_E14TEC_04_Q;controlm;;SRV_PRIMAIRE;3onlk
CTM-CONTROL-M;CTMCTM_E14TEC_04_Q;CTMCTM_E14TEC_04_EXP03_Q;"March 23, 2026";"March 23, 2026 4:00:00 PM";"March 23, 2026 4:04:23 PM";;Ended OK;ExtractCTMIndicMens => ODAT: yymmjj.csv;ExtractCTMIndicMens.ksh;Job;No;1;No;CTMSRV;CTMCTM_E14TEC_04_Q;controlm;ldkctmp50;SRV_PRIMAIRE;3onll
CTM-CONTROL-M;CTMCTM_E14TEC_04_Q;CTMCTM_E14TEC_04_EXP04_Q;"March 23, 2026";"March 23, 2026 4:45:22 PM";"March 23, 2026 4:45:23 PM";;Ended OK;ExtractJobsCTM Manuelle : Suivi + PrairieCloture;ExtractCsvPlanCurrent_HELIOS_V9.ksh;Job;No;2;Yes;CTMSRV;CTMCTM_E14TEC_04_Q;controlm;ldkctmp50;SRV_PRIMAIRE;3onln
CTM-CONTROL-M;CTMCTM_E14TEC_04_Q;CTMCTM_E14TEC_04_EXP06_Q;"March 23, 2026";"March 23, 2026 2:00:00 PM";"March 23, 2026 2:04:23 PM";;Ended OK;ExtractJobsCTM Plan -1  : Suivi + PrairieCloture;ExtractCsvPlanCurrent_Jm1.ksh;Job;No;1;No;CTMSRV;CTMCTM_E14TEC_04_Q;controlm;ldkctmp50;SRV_PRIMAIRE;3onlm
CTM-CONTROL-M;CTMCTM_E14TEC_04_Q;CTMCTM_E14TEC_04_EXP12_Q;"March 23, 2026";"March 24, 2026 6:00:00 AM";"March 24, 2026 6:00:01 AM";;Wait for Event;ExtractJobsCTM  &  Envoi : Suivi + PrairieCloture  DTR;ExtractCsvPlanCurrent_HELIOS_DTR_V9.ksh;Job;No;1;Yes;CTMSRV;CTMCTM_E14TEC_04_Q;controlm;ldkctmp50;SRV_PRIMAIRE;3onls
CTM-CONTROL-M;CTMCTM_E14TEC_04_Q;CTMCTM_E14TEC_04_EXP13_Q;"March 23, 2026";"March 24, 2026 6:00:01 AM";"March 24, 2026 6:02:13 AM";;Wait for Event;ExtractJobsCTM  &  Envoi : Suivi + PrairieCloture Finance;ExtractCsvPlanCurrent_HELIOS_Finance_V9.ksh;Job;No;1;Yes;CTMSRV;CTMCTM_E14TEC_04_Q;controlm;ldkctmp50;SRV_PRIMAIRE;3onlu
CTM-CONTROL-M;CTMCTM_E14TEC_04_Q;CTMCTM_E14TEC_04_EXP14_Q;"March 23, 2026";"March 23, 2026 6:02:00 PM";"March 23, 2026 6:04:12 PM";1820;Wait for Event;ExtractJobsCTM  &  Envoi : Suivi + PrairieCloture Finance;ExtractCsvPlanCurrent_HELIOS_Finance_V9.ksh;Job;No;5;Yes;CTMSRV;CTMCTM_E14TEC_04_Q;controlm;ldkctmp50;SRV_PRIMAIRE;3onlw
CTM-CONTROL-M;CTMCTM_E14TEC_04_Q;CTMCTM_E14TEC_04_SUB04_Q;"March 23, 2026";"March 23, 2026 2:00:00 PM";"March 23, 2026 2:00:00 PM";;Ended OK;declenchement des travaux batch a 14h00;SUBT1400;Dummy;No;1;No;CTMSRV;CTMCTM_E14TEC_04_Q;root;;;3onlg
CTM-CONTROL-M;CTMCTM_E14TEC_04_Q;CTMCTM_E14TEC_04_SUB05_Q;"March 23, 2026";"March 23, 2026 5:00:00 PM";"March 23, 2026 5:00:00 PM";;Ended OK;declenchement des travaux batch a 17h00;SUBT1700;Dummy;No;1;No;CTMSRV;CTMCTM_E14TEC_04_Q;root;;;3onlh
CTM-CONTROL-M;CTMCTM_E14TEC_04_Q;CTMCTM_E14TEC_04_SUB08_Q;"March 23, 2026";"March 23, 2026 1:30:09 PM";"March 23, 2026 1:30:09 PM";;Ended OK;Go lancement prod sur ECS;UEMASUB_GO_ECS;Dummy;No;1;No;CTMSRV;CTMCTM_E14TEC_04_Q;root;;;3onli
CTM-CONTROL-M;CTMCTM_E14TEC_04_Q;CTMCTM_E14TEC_04_WRK01_Q;"March 23, 2026";"March 24, 2026 8:06:00 AM";;0810;Executing;START FIRST : ExtractCsvPlanCourant ReportingFacility V8;Reporting_ctm_courant_csv_v9.bat;Job;No;3;Yes;CTMSRV;CTMCTM_E14TEC_04_Q;svce_cm;wdkpmadp01;A_W_PMAD01;3onlq
CTM-CONTROL-M;CTMCTM_E14TEC_04_Q;CTMCTM_E14TEC_04_WRK02_Q;"March 23, 2026";"March 23, 2026 1:45:00 PM";"March 23, 2026 1:45:22 PM";;Ended OK;START FIRST : ExtractCsvPlanArch ReportingFacility V8;Reporting_ctm_archiv_csv_v9 .bat;Job;No;1;No;CTMSRV;CTMCTM_E14TEC_04_Q;svce_cm;wdkpmadp01;A_W_PMAD01;3onlo
CTM-CONTROL-M;CTMCTM_E14TEC_04_Q;CTMCTM_E14TEC_04_WRK04_Q;"March 23, 2026";"March 23, 2026 4:45:00 PM";"March 23, 2026 4:45:21 PM";;Ended OK;START FIRST : ExtractCsvPlanCourant ReportingFacility V8;Reporting_ctm_courant_csv_v9.bat;Job;No;2;Yes;CTMSRV;CTMCTM_E14TEC_04_Q;svce_cm;wdkpmadp01;A_W_PMAD01;3onlp
CTM-CONTROL-M;CTMCTM_E14TEC_04_Q;CTMCTM_E14TEC_04_WRK12_Q;"March 23, 2026";"March 24, 2026 5:50:23 AM";"March 24, 2026 5:50:42 AM";;Wait for Event;START FIRST : ExtractCsvPlanCourant ReportingFacility V8 DTR;Reporting_ctm_courant_csv_v9.bat;Job;No;1;Yes;CTMSRV;CTMCTM_E14TEC_04_Q;svce_cm;wdkpmadp01;A_W_PMAD01;3onlr
CTM-CONTROL-M;CTMCTM_E14TEC_04_Q;CTMCTM_E14TEC_04_WRK13_Q;"March 23, 2026";"March 24, 2026 5:50:00 AM";"March 24, 2026 5:50:22 AM";;Wait for Event;START FIRST : ExtractCsvPlanCourant ReportingFacility V8 Finance;Reporting_ctm_courant_csv_v9.bat;Job;No;1;Yes;CTMSRV;CTMCTM_E14TEC_04_Q;svce_cm;wdkpmadp01;A_W_PMAD01;3onlt
CTM-CONTROL-M;CTMCTM_E14TEC_04_Q;CTMCTM_E14TEC_04_WRK14_Q;"March 23, 2026";"March 23, 2026 5:54:00 PM";"March 23, 2026 5:54:21 PM";1820;Wait for Event;START FIRST : ExtractCsvPlanCourant ReportingFacility V8 Finance;Reporting_ctm_courant_csv_v9.bat;Job;No;5;Yes;CTMSRV;CTMCTM_E14TEC_04_Q;svce_cm;wdkpmadp01;A_W_PMAD01;3onlv
CTM-CONTROL-M;CTMCTM_E15TEC_04_Q;CTMCTM_E15TEC_04_SUB04_Q;"March 23, 2026";"March 23, 2026 2:00:00 PM";"March 23, 2026 2:00:00 PM";;Ended OK;declenchement des travaux SES  batchs a 14h00;SUBT1400 SESAME;Dummy;No;1;No;CTMSRV;CTMCTM_E15TEC_04_Q;root;;;3ompo
CTM-CONTROL-M;CTMCTM_E17TEC_04_Q;CTMCTM_E17TEC_04_SUB08_Q;"March 23, 2026";"March 23, 2026 1:30:09 PM";"March 23, 2026 1:30:09 PM";;Ended OK;Go lancement prod sur SESAME;UEMBSUB_GO_SESAME;Dummy;No;1;No;CTMSRV;CTMCTM_E17TEC_04_Q;root;;;3omuu
CTM-CONTROL-M;CTMCTM_E18TEC_04_Q;CTMCTM_E18TEC_04_SUB53_Q;"March 23, 2026";"March 24, 2026 6:00:00 AM";"March 24, 2026 6:00:00 AM";;Ended OK;job de soumission batch HAV 06h00;SUBT0600 HAV;Dummy;No;1;No;CTMSRV;CTMCTM_E18TEC_04_Q;CONTROLM;;;3omrw
CTM-CONTROL-M;CTMCTM_E19TEC_04_Q;CTMCTM_E19TEC_04_SUB63_Q;"March 23, 2026";"March 24, 2026 6:00:00 AM";"March 24, 2026 6:00:00 AM";;Ended OK;Soumission scripts  DPRHORA a 06h00;SUBT0700  DPRHORA;Dummy;No;1;No;CTMSRV;CTMCTM_E19TEC_04_Q;root;;;3oohq
CTM-CONTROL-M;CTMCTM_E1ATEC_04_Q;CTMCTM_E1ATEC_04_SUB1G_Q;"March 23, 2026";;;;Wait for Event;Soumission scripts NRJ NES a 11h00;SUBT1100 NRJ NES;Dummy;No;0;No;CTMSRV;CTMCTM_E1ATEC_04_Q;root;;;3oo4p
CTM-CONTROL-M;CTMCTM_E1ATEC_04_Q;CTMCTM_E1ATEC_04_SUB1R_Q;"March 23, 2026";"March 23, 2026 2:00:00 PM";"March 23, 2026 2:00:00 PM";;Ended OK;Soumission scripts a 14h00 HOL SIG NES NRJ;SUBT1400 HOL SIG NES NRJ;Dummy;No;1;No;CTMSRV;CTMCTM_E1ATEC_04_Q;root;;;3oo4q
CTM-CONTROL-M;CTMCTM_E1ATEC_04_Q;CTMCTM_E1ATEC_04_SUB2A_Q;"March 23, 2026";"March 23, 2026 5:00:00 PM";"March 23, 2026 5:00:00 PM";;Ended OK;Soumission scripts NEJ NES  a 17h00;SUBT1700 NRJ NES;Dummy;No;1;No;CTMSRV;CTMCTM_E1ATEC_04_Q;root;;;3oo4r
CTM-CONTROL-M;CTMCTM_E1ATEC_04_Q;CTMCTM_E1ATEC_04_SUB86_Q;"March 23, 2026";"March 24, 2026 12:15:00 AM";"March 24, 2026 12:15:00 AM";;Ended OK;Soumission scripts HOLD a 00h15;SUBT0015 HOLD;Dummy;No;1;No;CTMSRV;CTMCTM_E1ATEC_04_Q;root;;;3oo4i
CTM-CONTROL-M;CTMCTM_E1ATEC_04_Q;CTMCTM_E1ATEC_04_SUB87_Q;"March 23, 2026";"March 24, 2026 2:00:00 AM";"March 24, 2026 2:00:00 AM";;Ended OK;Soumission scripts NRJ NES a 02h00;SUBT0200 NRJ NES;Dummy;No;1;No;CTMSRV;CTMCTM_E1ATEC_04_Q;root;;;3oo4j
CTM-CONTROL-M;CTMCTM_E1ATEC_04_Q;CTMCTM_E1ATEC_04_SUB90_Q;"March 23, 2026";"March 24, 2026 6:00:00 AM";"March 24, 2026 6:00:00 AM";;Ended OK;Soumission scripts HOLD  a 06h00;SUBT0600 HOLD;Dummy;No;1;No;CTMSRV;CTMCTM_E1ATEC_04_Q;root;;;3oo4k
CTM-CONTROL-M;CTMCTM_E1ATEC_04_Q;CTMCTM_E1ATEC_04_SUB91_Q;"March 23, 2026";"March 24, 2026 6:30:00 AM";"March 24, 2026 6:30:00 AM";;Ended OK;Soumission scripts XFB  a 06h30;SUBT0630 XFB;Dummy;No;1;No;CTMSRV;CTMCTM_E1ATEC_04_Q;root;;;3oo4l
CTM-CONTROL-M;CTMCTM_E1ATEC_04_Q;CTMCTM_E1ATEC_04_SUB92_Q;"March 23, 2026";"March 24, 2026 7:00:00 AM";"March 24, 2026 7:00:00 AM";;Ended OK;Soumission scripts SIG a 07h00;SUBT0700 SIG;Dummy;No;1;No;CTMSRV;CTMCTM_E1ATEC_04_Q;root;;;3oo4m
CTM-CONTROL-M;CTMCTM_E1ATEC_04_Q;CTMCTM_E1ATEC_04_SUB93_Q;"March 23, 2026";"March 24, 2026 7:15:00 AM";"March 24, 2026 7:15:00 AM";;Ended OK;Soumission scripts HOLD a 07h15;SUBT0715 HOLD;Dummy;No;1;No;CTMSRV;CTMCTM_E1ATEC_04_Q;root;;;3oo4n
CTM-CONTROL-M;CTMCTM_E1ATEC_04_Q;CTMCTM_E1ATEC_04_SUB96_Q;"March 23, 2026";"March 24, 2026 8:00:00 AM";"March 24, 2026 8:00:00 AM";;Ended OK;Soumission scripts NRJ NES a 08h00;SUBT0800 NRJ NES;Dummy;No;1;No;CTMSRV;CTMCTM_E1ATEC_04_Q;root;;;3oo4o
CTM-CONTROL-M;CTMCTM_E1BTEC_04_Q;CTMCTM_E1BTEC_04_SUB2Q_Q;"March 23, 2026";"March 24, 2026 12:05:00 AM";"March 24, 2026 12:05:00 AM";;Ended OK;Soumission scripts OAP a 00h05;SUBT0005 OAP;Dummy;No;1;No;CTMSRV;CTMCTM_E1BTEC_04_Q;root;;;3onm1
CTM-CONTROL-M;CTMCTM_E1BTEC_04_Q;CTMCTM_E1BTEC_04_SUB2R_Q;"March 23, 2026";"March 24, 2026 3:00:00 AM";"March 24, 2026 3:00:00 AM";;Ended OK;Soumission scripts  OAP  a 03h00;SUBT0300  OAP;Dummy;No;1;No;CTMSRV;CTMCTM_E1BTEC_04_Q;root;;;3onm2
CTM-CONTROL-M;CTMCTM_E1BTEC_04_Q;CTMCTM_E1BTEC_04_SUB2U_Q;"March 23, 2026";"March 24, 2026 6:00:00 AM";"March 24, 2026 6:00:00 AM";;Ended OK;Soumission  OAP  scripts a 06h00;SUBT0600  OAP;Dummy;No;1;No;CTMSRV;CTMCTM_E1BTEC_04_Q;root;;;3onm3
CTM-CONTROL-M;CTMCTM_E1BTEC_04_Q;CTMCTM_E1BTEC_04_SUB2V_Q;"March 23, 2026";"March 24, 2026 6:30:00 AM";"March 24, 2026 6:30:00 AM";;Ended OK;Soumission scripts OAP a 06h30;SUBT0630  OAP;Dummy;No;1;No;CTMSRV;CTMCTM_E1BTEC_04_Q;root;;;3onm4
CTM-CONTROL-M;CTMCTM_E1BTEC_04_Q;CTMCTM_E1BTEC_04_SUB2W_Q;"March 23, 2026";"March 24, 2026 7:00:00 AM";"March 24, 2026 7:00:00 AM";;Ended OK;Soumission scripts  OAP a 07h00;SUBT0700  OAP;Dummy;No;1;No;CTMSRV;CTMCTM_E1BTEC_04_Q;root;;;3onm5
CTM-CONTROL-M;CTMCTM_E1BTEC_04_Q;CTMCTM_E1BTEC_04_SUB3A_Q;"March 23, 2026";"March 24, 2026 8:00:00 AM";"March 24, 2026 8:00:00 AM";;Ended OK;Soumission scripts  OAP a 08h00;SUBT0805  OAP;Dummy;No;1;No;CTMSRV;CTMCTM_E1BTEC_04_Q;root;;;3onm6
CTM-CONTROL-M;CTMCTM_E1BTEC_04_Q;CTMCTM_E1BTEC_04_SUB3D_Q;"March 23, 2026";;;;Wait for Event;Soumission scripts  OAP a 08h45;SUBT0845  OAP;Dummy;No;0;No;CTMSRV;CTMCTM_E1BTEC_04_Q;root;;;3onm7
CTM-CONTROL-M;CTMCTM_E1BTEC_04_Q;CTMCTM_E1BTEC_04_SUB3H_Q;"March 23, 2026";;;;Wait for Event;Soumission scripts  OAP a 11h00;SUBT1100  OAP;Dummy;No;0;No;CTMSRV;CTMCTM_E1BTEC_04_Q;root;;;3onm8
CTM-CONTROL-M;CTMCTM_E1BTEC_04_Q;CTMCTM_E1BTEC_04_SUB3K_Q;"March 23, 2026";;;;Wait for Event;Soumission scripts  OAP  a 12h00;SUBT1200  OAP;Dummy;No;0;No;CTMSRV;CTMCTM_E1BTEC_04_Q;root;;;3onm9
CTM-CONTROL-M;CTMCTM_E1BTEC_04_Q;CTMCTM_E1BTEC_04_SUB3N_Q;"March 23, 2026";"March 23, 2026 1:45:00 PM";"March 23, 2026 1:45:00 PM";;Ended OK;Soumission scripts  OAP a 13h45;SUBT1345  OAP;Dummy;No;1;No;CTMSRV;CTMCTM_E1BTEC_04_Q;root;;;3onma
CTM-CONTROL-M;CTMCTM_E1BTEC_04_Q;CTMCTM_E1BTEC_04_SUB3P_Q;"March 23, 2026";"March 23, 2026 2:00:00 PM";"March 23, 2026 2:00:00 PM";;Ended OK;Soumission scripts  OAP a 14h00;SUBT1400  OAP;Dummy;No;1;No;CTMSRV;CTMCTM_E1BTEC_04_Q;root;;;3onmb
CTM-CONTROL-M;CTMCTM_E1BTEC_04_Q;CTMCTM_E1BTEC_04_SUB3S_Q;"March 23, 2026";"March 23, 2026 5:00:00 PM";"March 23, 2026 5:00:00 PM";;Ended OK;Soumission scripts  OAP a 17h00;SUBT1700  OAP;Dummy;No;1;No;CTMSRV;CTMCTM_E1BTEC_04_Q;root;;;3onmc
CTM-CONTROL-M;CTMCTM_E1BTEC_04_Q;CTMCTM_E1BTEC_04_SUB3W_Q;"March 23, 2026";"March 23, 2026 6:30:00 PM";"March 23, 2026 6:30:00 PM";;Ended OK;Soumission scripts  OAP a 18h30;SUBT1830  OAP;Dummy;No;1;No;CTMSRV;CTMCTM_E1BTEC_04_Q;root;;;3onmd
CTM-CONTROL-M;CTMCTM_E1DTEC_04_Q;CTMCTM_E1DTEC_04_SUB4F_Q;"March 23, 2026";"March 24, 2026 12:15:00 AM";"March 24, 2026 12:15:00 AM";;Ended OK;Soumission scripts OAF  à 00h15;SUBT0015 OAF;Dummy;No;1;No;CTMSRV;CTMCTM_E1DTEC_04_Q;root;;;3omrf
CTM-CONTROL-M;CTMCTM_E1DTEC_04_Q;CTMCTM_E1DTEC_04_SUB4P_Q;"March 23, 2026";"March 24, 2026 6:30:00 AM";"March 24, 2026 6:30:00 AM";;Ended OK;Soumission scripts OAF à 06h30;SUBT0630 OAF;Dummy;No;1;No;CTMSRV;CTMCTM_E1DTEC_04_Q;root;;;3omrg
CTM-CONTROL-M;CTMCTM_E1DTEC_04_Q;CTMCTM_E1DTEC_04_SUB4R_Q;"March 23, 2026";"March 24, 2026 6:55:00 AM";"March 24, 2026 6:55:00 AM";;Ended OK;Soumission scripts OAF à 06h55;SUBT0655 OAF;Dummy;No;1;No;CTMSRV;CTMCTM_E1DTEC_04_Q;root;;;3omrh
CTM-CONTROL-M;CTMCTM_E1DTEC_04_Q;CTMCTM_E1DTEC_04_SUB4S_Q;"March 23, 2026";"March 24, 2026 8:00:00 AM";"March 24, 2026 8:00:00 AM";;Ended OK;Soumission scripts OAF  à 08h00;SUBT0800 OAF;Dummy;No;1;No;CTMSRV;CTMCTM_E1DTEC_04_Q;root;;;3omri
CTM-CONTROL-M;CTMCTM_E1DTEC_04_Q;CTMCTM_E1DTEC_04_SUB4U_Q;"March 23, 2026";;;;Wait for Event;Soumission scripts OAF à 11h00;SUBT1100 OAF;Dummy;No;0;No;CTMSRV;CTMCTM_E1DTEC_04_Q;root;;;3omrj
CTM-CONTROL-M;CTMCTM_E1ETEC_04_Q;CTMCTM_E1ETEC_04_SUB5B_Q;"March 23, 2026";"March 24, 2026 12:15:00 AM";"March 24, 2026 12:15:00 AM";;Ended OK;Soumission scripts a 00h15;SUBT0015;Dummy;No;1;No;CTMSRV;CTMCTM_E1ETEC_04_Q;root;;;3ontv
CTM-CONTROL-M;CTMCTM_E1ETEC_04_Q;CTMCTM_E1ETEC_04_SUB5C_Q;"March 23, 2026";"March 24, 2026 1:00:00 AM";"March 24, 2026 1:00:00 AM";;Ended OK;Soumission scripts a 01h00;SUBT0100;Dummy;No;1;No;CTMSRV;CTMCTM_E1ETEC_04_Q;root;;;3ontw
CTM-CONTROL-M;CTMCTM_E1ETEC_04_Q;CTMCTM_E1ETEC_04_SUB5D_Q;"March 23, 2026";"March 24, 2026 2:00:00 AM";"March 24, 2026 2:00:00 AM";;Ended OK;Soumission scripts a 02h00;SUBT0200;Dummy;No;1;No;CTMSRV;CTMCTM_E1ETEC_04_Q;root;;;3ontx
CTM-CONTROL-M;CTMCTM_E1ETEC_04_Q;CTMCTM_E1ETEC_04_SUB5E_Q;"March 23, 2026";"March 24, 2026 3:00:00 AM";"March 24, 2026 3:00:00 AM";;Ended OK;Soumission scripts a 03h00;SUBT0300;Dummy;No;1;No;CTMSRV;CTMCTM_E1ETEC_04_Q;root;;;3onty
CTM-CONTROL-M;CTMCTM_E1ETEC_04_Q;CTMCTM_E1ETEC_04_SUB5R_Q;"March 23, 2026";;;;Wait for Event;Soumission scripts a 11h00;SUBT1100;Dummy;No;0;No;CTMSRV;CTMCTM_E1ETEC_04_Q;root;;;3ontz
CTM-CONTROL-M;CTMCTM_E1ETEC_04_Q;CTMCTM_E1ETEC_04_SUB5Z_Q;"March 23, 2026";"March 23, 2026 7:00:00 PM";"March 23, 2026 7:00:00 PM";;Ended OK;Soumission scripts a 19h00;SUBT1900;Dummy;No;1;No;CTMSRV;CTMCTM_E1ETEC_04_Q;root;;;3onu0
CTM-CONTROL-M;CTMCTM_E1ETEC_04_Q;CTMCTM_E1ETEC_04_SUB6B_Q;"March 23, 2026";"March 23, 2026 8:50:00 PM";"March 23, 2026 8:50:00 PM";;Ended OK;Soumission scripts a 20h50;SUBT2100;Dummy;No;1;No;CTMSRV;CTMCTM_E1ETEC_04_Q;root;;;3onu1
CTM-CONTROL-M;CTMCTM_E1ETEC_04_Q;CTMCTM_E1ETEC_04_SUB6C_Q;"March 23, 2026";"March 23, 2026 10:00:00 PM";"March 23, 2026 10:00:00 PM";;Ended OK;Soumission scripts a 22h00;SUBT2200;Dummy;No;1;No;CTMSRV;CTMCTM_E1ETEC_04_Q;root;;;3onu2
CTM-CONTROL-M;CTMCTM_E1GTEC_04_Q;CTMCTM_E1GTEC_04_LIM04_Q;"March 23, 2026";"March 24, 2026 6:30:00 AM";"March 24, 2026 6:30:00 AM";;Ended OK;Heure limite de soumission des batchs;LIMITBATCH;Dummy;No;1;No;CTMSRV;CTMCTM_E1GTEC_04_Q;root;;;3omuz
CTM-CONTROL-M;CTMCTM_E1GTEC_04_Q;CTMCTM_E1GTEC_04_LIM05_Q;"March 23, 2026";"March 24, 2026 12:15:00 AM";"March 24, 2026 12:15:00 AM";;Ended OK;Heure limite de soumission des batchs;LIMITE0015;Dummy;No;1;No;CTMSRV;CTMCTM_E1GTEC_04_Q;root;;;3omv0
CTM-CONTROL-M;CTMCTM_E1GTEC_04_Q;CTMCTM_E1GTEC_04_LIM06_Q;"March 23, 2026";"March 24, 2026 1:30:00 AM";"March 24, 2026 1:30:00 AM";;Ended OK;Heure limite de soumission des batchs;LIMITE0130;Dummy;No;1;No;CTMSRV;CTMCTM_E1GTEC_04_Q;root;;;3omv1
CTM-CONTROL-M;CTMCTM_E1GTEC_04_Q;CTMCTM_E1GTEC_04_LIM07_Q;"March 23, 2026";"March 24, 2026 2:00:00 AM";"March 24, 2026 2:00:00 AM";;Ended OK;Heure limite de soumission des batchs;LIMITE0200;Dummy;No;1;No;CTMSRV;CTMCTM_E1GTEC_04_Q;root;;;3omv2
CTM-CONTROL-M;CTMCTM_E1GTEC_04_Q;CTMCTM_E1GTEC_04_LIM08_Q;"March 23, 2026";"March 24, 2026 3:00:00 AM";"March 24, 2026 3:00:00 AM";;Ended OK;Heure limite de soumission des batchs;LIMITE0300;Dummy;No;1;No;CTMSRV;CTMCTM_E1GTEC_04_Q;root;;;3omv3
CTM-CONTROL-M;CTMCTM_E1GTEC_04_Q;CTMCTM_E1GTEC_04_LIM09_Q;"March 23, 2026";"March 24, 2026 3:45:00 AM";"March 24, 2026 3:45:00 AM";;Ended OK;Heure limite de soumission des batchs;LIMITE0345;Dummy;No;1;No;CTMSRV;CTMCTM_E1GTEC_04_Q;root;;;3omv4
CTM-CONTROL-M;CTMCTM_E1GTEC_04_Q;CTMCTM_E1GTEC_04_LIM10_Q;"March 23, 2026";"March 24, 2026 4:00:00 AM";"March 24, 2026 4:00:00 AM";;Ended OK;Heure limite de soumission des batchs;LIMITE0400;Dummy;No;1;No;CTMSRV;CTMCTM_E1GTEC_04_Q;root;;;3omv5
CTM-CONTROL-M;CTMCTM_E1GTEC_04_Q;CTMCTM_E1GTEC_04_LIM11_Q;"March 23, 2026";"March 24, 2026 5:00:00 AM";"March 24, 2026 5:00:00 AM";;Ended OK;Heure limite de soumission des batchs;LIMITE0500;Dummy;No;1;No;CTMSRV;CTMCTM_E1GTEC_04_Q;root;;;3omv6
CTM-CONTROL-M;CTMCTM_E1GTEC_04_Q;CTMCTM_E1GTEC_04_LIM12_Q;"March 23, 2026";"March 23, 2026 11:45:00 PM";"March 23, 2026 11:45:00 PM";;Ended OK;Heure limite de soumission des batchs;LIMITE2345;Dummy;No;1;No;CTMSRV;CTMCTM_E1GTEC_04_Q;root;;;3omv7
CTM-CONTROL-M;CTMCTM_E1GTEC_04_Q;CTMCTM_E1GTEC_04_SUB85_Q;"March 23, 2026";"March 24, 2026 7:30:00 AM";"March 24, 2026 7:30:00 AM";;Ended OK;Soumission scripts a 07h30;SBTU512H16;Dummy;No;1;No;CTMSRV;CTMCTM_E1GTEC_04_Q;root;;;3omv8
CTM-CONTROL-M;CTMCTM_E1HTEC_04_Q;CTMCTM_E1HTEC_04_LIM13_Q;"March 23, 2026";"March 24, 2026 6:00:00 AM";"March 24, 2026 6:00:00 AM";;Ended OK;Heure limite de soumission des batchs;LIMITBATCH;Dummy;No;1;No;CTMSRV;CTMCTM_E1HTEC_04_Q;root;;;3oode
CTM-CONTROL-M;CTMCTM_E1HTEC_04_Q;CTMCTM_E1HTEC_04_LIM14_Q;"March 23, 2026";"March 24, 2026 1:00:00 AM";"March 24, 2026 1:00:00 AM";;Ended OK;Heure limite de soumission batch;LIMITE0100;Dummy;No;1;No;CTMSRV;CTMCTM_E1HTEC_04_Q;root;;;3oodf
CTM-CONTROL-M;CTMCTM_E1HTEC_04_Q;CTMCTM_E1HTEC_04_LIM15_Q;"March 23, 2026";"March 24, 2026 4:00:00 AM";"March 24, 2026 4:00:00 AM";;Ended OK;Heure limite de soumission batch 04h00;LIMITE0500;Dummy;No;1;No;CTMSRV;CTMCTM_E1HTEC_04_Q;root;;;3oodg
CTM-CONTROL-M;CTMCTM_E1HTEC_04_Q;CTMCTM_E1HTEC_04_LIM16_Q;"March 23, 2026";"March 24, 2026 6:00:00 AM";"March 24, 2026 6:00:00 AM";;Ended OK;Heure limite de soumission batch;LIMITE0600;Dummy;No;1;No;CTMSRV;CTMCTM_E1HTEC_04_Q;root;;;3oodh
CTM-CONTROL-M;CTMCTM_E1HTEC_04_Q;CTMCTM_E1HTEC_04_LIM17_Q;"March 23, 2026";;;;Wait for Event;Heure limite de soumission batch;LIMITE0900;Dummy;No;0;No;CTMSRV;CTMCTM_E1HTEC_04_Q;root;;;3oodi
CTM-CONTROL-M;CTMCTM_E1HTEC_04_Q;CTMCTM_E1HTEC_04_LIM18_Q;"March 23, 2026";"March 23, 2026 8:00:00 PM";"March 23, 2026 8:00:00 PM";;Ended OK;Heure limite de soumission batch;LIMITE2000;Dummy;No;1;No;CTMSRV;CTMCTM_E1HTEC_04_Q;root;;;3oodj
CTM-CONTROL-M;CTMCTM_E1HTEC_04_Q;CTMCTM_E1HTEC_04_LIM19_Q;"March 23, 2026";"March 23, 2026 10:00:00 PM";"March 23, 2026 10:00:00 PM";;Ended OK;Heure limite de soumission batch;LIMITE2200;Dummy;No;1;No;CTMSRV;CTMCTM_E1HTEC_04_Q;root;;;3oodk
CTM-CONTROL-M;CTMCTM_E1RTEC_04_Q;CTMCTM_E1RTEC_04_DEL01_Q;"March 23, 2026";"March 23, 2026 2:00:00 PM";"March 23, 2026 2:00:02 PM";;Ended OK;SERVITUDE : Purge des log Control-M EM;;Command;No;1;No;CTMSRV;CTMCTM_E1RTEC_04_Q;emuser;ldkctmp50;A_L_CTM01;3ooki
CTM-CONTROL-M;CTMCTM_E1RTEC_04_Q;CTMCTM_E1RTEC_04_DEL02_Q;"March 23, 2026";"March 23, 2026 2:00:00 PM";"March 23, 2026 2:00:00 PM";;Ended OK;SERVITUDE : Purge les logs et travaux present dans la directory /opt/exploit/;;Dummy;No;1;No;CTMSRV;CTMCTM_E1RTEC_04_Q;emuser;;A_L_CTM01;3ookj
CTM-CONTROL-M;CTMCTM_E1ZTEC_04_Q;CTMCTM_E1ZTEC_04_CTL01_Q;"March 23, 2026";"March 23, 2026 7:00:03 PM";"March 23, 2026 7:00:03 PM";;Ended OK;Controle execution des jobs avec Condition PREV;;Dummy;No;1;No;CTMSRV;CTMCTM_E1ZTEC_04_Q;root;;;3oomj
CTM-CONTROL-M;CTMCTM_E1ZTEC_04_Q;CTMCTM_E1ZTEC_04_CTL02_Q;"March 23, 2026";;;;Wait for Event;Controle d'activité du mirroir controlm serveur;CONTROLM SERVITUDES CONTROLE MIRROIR;Dummy;No;0;No;CTMSRV;CTMCTM_E1ZTEC_04_Q;controlm;;;3ooml
CTM-CONTROL-M;CTMCTM_E1ZTEC_04_Q;CTMCTM_E1ZTEC_04_CTL03_Q;"March 23, 2026";"March 23, 2026 5:00:00 PM";"March 23, 2026 5:00:00 PM";1730;Ended OK;CONTROLM : Controle des calendriers non upload;CTM_controle_calendar_not_upload;Dummy;No;3;Yes;CTMSRV;CTMCTM_E1ZTEC_04_Q;emuser;;;3oomk
CTM-CONTROL-M;CTMSRV_J1YTEC_04_Q;CTMSRV_J1YTEC_04_00000_Q;"March 23, 2026";"March 23, 2026 1:30:09 PM";"March 23, 2026 1:30:09 PM";;Ended OK;Chaîne : Historisation des logs;U512010;Dummy;No;1;No;CTMSRV;CTMSRV_J1YTEC_04_Q;root;;;3onau
CTM-CONTROL-M;CTMSRV_J1YTEC_04_Q;CTMSRV_J1YTEC_04_99999_Q;"March 23, 2026";"March 23, 2026 1:30:11 PM";"March 23, 2026 1:30:11 PM";;Ended OK;Fin : Historisation des logs;U512010999;Dummy;No;1;No;CTMSRV;CTMSRV_J1YTEC_04_Q;root;;;3onat
CTM-CONTROL-M;CTMSRV_J1YTEC_04_Q;CTMSRV_J1YTEC_04_HIS01_Q;"March 23, 2026";"March 23, 2026 1:30:11 PM";"March 23, 2026 1:30:11 PM";;Ended OK;Historisation des logs;U512010010.sh;Dummy;No;1;No;CTMSRV;CTMSRV_J1YTEC_04_Q;root;;NOTEXIST;3onas
DTR-DECISIONNEL TRAN;DTRCID_J11INT_05_Q;DTRCID_J11INT_05_IMP01_Q;"March 23, 2026";"March 24, 2026 7:55:04 AM";;;Executing;Lancement des plans d'execution DTR_FACTURE_PLAN;Lance_Interface_DTR_CID.ksh;Job;No;1;No;CTMSRV;DTRCID_J11INT_05_Q;root;ldkdtrp02;M_L_DTR01;3onni
DTR-DECISIONNEL TRAN;DTRCID_J13INT_05_Q;DTRCID_J13INT_05_FWT01_Q;"March 23, 2026";"March 24, 2026 4:26:48 AM";"March 24, 2026 4:26:53 AM";;Ended OK;FWT : Controle sur le serveur DTR de la presence des fichiers CID et CIT;FileWatcher_Mult_Fic.ksh;Job;No;1;Yes;CTMSRV;DTRCID_J13INT_05_Q;ctmag900;ldkdtrp02;M_L_DTR01;3omcw
DTR-DECISIONNEL TRAN;DTRCID_J13INT_05_Q;DTRCID_J13INT_05_IMP01_Q;"March 23, 2026";"March 24, 2026 4:26:55 AM";"March 24, 2026 7:48:35 AM";;Ended OK;Lancement des plans d execution DTR_SOCLE_EMPLOYE_FAC_PLAN (projet DTR_SOCLE);Lance_Interface_DTR_CID.ksh;Job;No;1;No;CTMSRV;DTRCID_J13INT_05_Q;root;ldkdtrp02;M_L_DTR01;3omcv
DTR-DECISIONNEL TRAN;DTRCID_J13INT_05_Q;DTRCID_J13INT_05_MOV01_Q;"March 23, 2026";"March 24, 2026 4:26:53 AM";"March 24, 2026 4:26:54 AM";;Ended OK;DTR : Deplacer les fichiers provenant de l'application CID/CITY;MOVE_GENERIQUE_2.sh;Job;No;1;No;CTMSRV;DTRCID_J13INT_05_Q;root;ldkdtrp03;M_L_DTR01;3omcu
DTR-DECISIONNEL TRAN;DTRCID_J15INT_05_Q;DTRCID_J15INT_05_IMP01_Q;"March 23, 2026";"March 24, 2026 7:48:36 AM";"March 24, 2026 7:55:04 AM";;Ended OK;Lancement des plans d execution DTR_SOCLE_CONTRAT_FAC_PLAN;Lance_Interface_DTR_CID.ksh;Job;No;1;No;CTMSRV;DTRCID_J15INT_05_Q;root;ldkdtrp03;M_L_DTR01;3ooqn
DTR-DECISIONNEL TRAN;DTRCID_J18INT_05_Q;DTRCID_J18INT_05_IMP01_Q;"March 23, 2026";"March 24, 2026 4:26:55 AM";"March 24, 2026 4:28:27 AM";;Ended Not OK;Lancement des plans d'execution TAC_SOCLE_SLP_NR_DAILY_PLAN;Lance_Interface_DTR_CID.ksh;Job;No;1;No;CTMSRV;DTRCID_J18INT_05_Q;root;ldkdtrp03;M_L_DTR01;3omuh
DTR-DECISIONNEL TRAN;DTRCRT_J11INT_05_Q;DTRCRT_J11INT_05_CPY01_Q;"March 23, 2026";"March 24, 2026 12:34:48 AM";"March 24, 2026 12:34:49 AM";;Ended OK;déplace les fichier de /data/EAI/in/crt vers /bi/data/in/common;DTRCRT_J11INT_05_CPY01_Q.sh;Job;No;1;No;CTMSRV;DTRCRT_J11INT_05_Q;root;ldkdtrp02;M_L_DTR01;3onjv
DTR-DECISIONNEL TRAN;DTRCRT_J11INT_05_Q;DTRCRT_J11INT_05_FWT01_Q;"March 23, 2026";"March 24, 2026 12:34:44 AM";"March 24, 2026 12:34:47 AM";;Ended OK;Scrutation des fichiers dans FWparam_DTRCRT_J11INT_05_FWT01_Q.parm (DTR01);FileWatcher_Mult_Fic.ksh;Job;No;1;Yes;CTMSRV;DTRCRT_J11INT_05_Q;ctmag900;ldkdtrp03;M_L_DTR01;3onju
DTR-DECISIONNEL TRAN;DTRCRT_J11INT_05_Q;DTRCRT_J11INT_05_IMP01_Q;"March 23, 2026";;;;Wait for Event;Lancement des plans d'execution TAC_TSAR_CRT_DAILY_PLAN;Lance_Interface_DTR_CRT.ksh;Job;No;0;No;CTMSRV;DTRCRT_J11INT_05_Q;root;M_L_DTR01;M_L_DTR01;3onjw
DTR-DECISIONNEL TRAN;DTRDTR_E11REB_12_Q;DTRDTR_E11REB_12_CTL01_Q;"March 23, 2026";"March 24, 2026 12:13:57 AM";"March 24, 2026 12:14:03 AM";;Ended OK;Redemarrage DTR : TEST si serveur demarre (wdkdtrp12);dir;Command;No;1;No;CTMSRV;DTRDTR_E11REB_12_Q;svce_cm;wdkdtrp12;A_W_DTR12;3on5f
DTR-DECISIONNEL TRAN;DTRDTR_E11REB_12_Q;DTRDTR_E11REB_12_CTL02_Q;"March 23, 2026";"March 24, 2026 12:14:15 AM";"March 24, 2026 12:14:18 AM";;Ended OK;Info sur le Redemarrage DTR BI4 :  (WDKDTRP12);net statistics WORKSTATION;Command;No;1;No;CTMSRV;DTRDTR_E11REB_12_Q;svce_cm;wdkdtrp12;A_W_DTR12;3on5r
DTR-DECISIONNEL TRAN;DTRDTR_E11REB_12_Q;DTRDTR_E11REB_12_CTL03_Q;"March 23, 2026";"March 24, 2026 12:18:14 AM";"March 24, 2026 12:18:21 AM";;Ended OK;Redemarrage DTR : TEST si serveur demarre (WDKDTRP13);dir;Command;No;1;No;CTMSRV;DTRDTR_E11REB_12_Q;svce_cm;wdkdtrp13;A_W_DTR13;3on5n
DTR-DECISIONNEL TRAN;DTRDTR_E11REB_12_Q;DTRDTR_E11REB_12_CTL04_Q;"March 23, 2026";"March 24, 2026 12:18:33 AM";"March 24, 2026 12:18:35 AM";;Ended OK;Info sur le Redemarrage DTR BI4 :  (WDKDTRP13);net statistics WORKSTATION;Command;No;1;No;CTMSRV;DTRDTR_E11REB_12_Q;svce_cm;wdkdtrp13;A_W_DTR13;3on5s
DTR-DECISIONNEL TRAN;DTRDTR_E11REB_12_Q;DTRDTR_E11REB_12_CTL04_Q;"March 23, 2026";"March 24, 2026 12:18:43 AM";"March 24, 2026 12:18:48 AM";;Ended OK;Info sur le Redemarrage DTR :  (WDKDTRP14);net statistics WORKSTATION;Command;No;1;No;CTMSRV;DTRDTR_E11REB_12_Q;svce_cm;wdkdtrp14;A_W_DTR14;3on5w
DTR-DECISIONNEL TRAN;DTRDTR_E11REB_12_Q;DTRDTR_E11REB_12_MEL01_Q;"March 23, 2026";"March 24, 2026 12:10:00 AM";"March 24, 2026 12:10:01 AM";;Ended OK;"DTR SAP BI: Notification Mail DEBUT Plan de Maintenance quotidien des serveur WDKDTRP12 ; WDKDTRP13";Notification_Plan_Maintenance.ksh;Job;No;1;No;CTMSRV;DTRDTR_E11REB_12_Q;root;ldkctmp50;SRV_PRIMAIRE;3on5t
DTR-DECISIONNEL TRAN;DTRDTR_E11REB_12_Q;DTRDTR_E11REB_12_MEL02_Q;"March 23, 2026";"March 24, 2026 12:18:48 AM";"March 24, 2026 12:18:50 AM";;Ended OK;DTR SAP BI : Notification Mail FIN Plan de Maintenance quotidien des serveurs WDKDTRP12 et WDKDTRP13;Notification_Plan_Maintenance.ksh;Job;No;1;No;CTMSRV;DTRDTR_E11REB_12_Q;root;ldkctmp50;SRV_PRIMAIRE;3on5u
DTR-DECISIONNEL TRAN;DTRDTR_E11REB_12_Q;DTRDTR_E11REB_12_NAS12_Q;"March 23, 2026";"March 24, 2026 12:14:03 AM";"March 24, 2026 12:14:06 AM";;Ended OK;Mapper le Disque NAS EDF;Mapper  Disque NAS EDF;Command;No;1;Yes;CTMSRV;DTRDTR_E11REB_12_Q;svc_sapbi;wdkdtrp12;A_W_DTR12;3on5g
DTR-DECISIONNEL TRAN;DTRDTR_E11REB_12_Q;DTRDTR_E11REB_12_NAS13_Q;"March 23, 2026";"March 24, 2026 12:18:21 AM";"March 24, 2026 12:18:23 AM";;Ended OK;Mapper le Disque NAS EDF;Mapper  Disque NAS EDF;Command;No;1;Yes;CTMSRV;DTRDTR_E11REB_12_Q;svc_sapbi;wdkdtrp13;A_W_DTR13;3on5o
DTR-DECISIONNEL TRAN;DTRDTR_E11REB_12_Q;DTRDTR_E11REB_12_Q;"March 23, 2026";"March 24, 2026 12:10:00 AM";"March 24, 2026 12:18:51 AM";;Ended OK;Plan de Maintenance quotidien des serveurs DTR SAP BI;;SMART Table;No;1;No;CTMSRV;DTRDTR_E11REB_12_Q;;ldkctmp50;;3on5a
DTR-DECISIONNEL TRAN;DTRDTR_E11REB_12_Q;DTRDTR_E11REB_12_REB12_Q;"March 23, 2026";"March 24, 2026 12:10:31 AM";"March 24, 2026 12:10:33 AM";;Ended OK;Redemarrage DTR BI4: REBOOT du serveur (wdkdtrp12);Shutdown_wdkdtrp12;Command;No;1;No;CTMSRV;DTRDTR_E11REB_12_Q;svce_cm;wdkdtrp12;A_W_DTR12;3on5d
DTR-DECISIONNEL TRAN;DTRDTR_E11REB_12_Q;DTRDTR_E11REB_12_REB13_Q;"March 23, 2026";"March 24, 2026 12:14:48 AM";"March 24, 2026 12:14:50 AM";;Ended OK;Redemarrage DTR BI4: REBOOT du serveur (WDKDTRP13);Shutdown WDKDTRP13;Command;No;1;No;CTMSRV;DTRDTR_E11REB_12_Q;svce_cm;wdkdtrp13;A_W_DTR13;3on5l
DTR-DECISIONNEL TRAN;DTRDTR_E11REB_12_Q;DTRDTR_E11REB_12_REB14_Q;"March 23, 2026";"March 24, 2026 12:18:36 AM";"March 24, 2026 12:18:42 AM";;Ended OK;Redemarrage DTR : REBOOT du serveur (WDKDTRP14);Shutdown WDKDTRP14;Command;No;1;No;CTMSRV;DTRDTR_E11REB_12_Q;svce_cm;wdkdtrp14;A_W_DTR14;3on5v
DTR-DECISIONNEL TRAN;DTRDTR_E11REB_12_Q;DTRDTR_E11REB_12_SLP12_Q;"March 23, 2026";"March 24, 2026 12:10:34 AM";"March 24, 2026 12:13:56 AM";;Ended OK;Redemarrage DTR BI4 : SLEEP pour test si serveur demarre (wdkdtrp12);sleep 200_et_test;Command;No;1;No;CTMSRV;DTRDTR_E11REB_12_Q;root;ldkctmp50;SRV_PRIMAIRE;3on5e
DTR-DECISIONNEL TRAN;DTRDTR_E11REB_12_Q;DTRDTR_E11REB_12_SLP13_Q;"March 23, 2026";"March 24, 2026 12:14:51 AM";"March 24, 2026 12:18:14 AM";;Ended OK;Redemarrage DTR BI4 : SLEEP pour test si serveur demarre (WDKDTRP13);sleep 200_et_test;Command;No;1;No;CTMSRV;DTRDTR_E11REB_12_Q;root;ldkctmp50;SRV_PRIMAIRE;3on5m
DTR-DECISIONNEL TRAN;DTRDTR_E11REB_12_Q;DTRDTR_E11REB_12_STP01_Q;"March 23, 2026";"March 24, 2026 12:10:01 AM";"March 24, 2026 12:10:17 AM";;Ended OK;ARRET  BOEXI40SIAWDKDTRP12: STOP  (WDKDTRP12);stop BO_WDKDTRP12;Command;No;1;No;CTMSRV;DTRDTR_E11REB_12_Q;svc_sapbi;wdkdtrp12;A_W_DTR12;3on5b
DTR-DECISIONNEL TRAN;DTRDTR_E11REB_12_Q;DTRDTR_E11REB_12_STP02_Q;"March 23, 2026";"March 24, 2026 12:10:18 AM";"March 24, 2026 12:10:30 AM";;Ended OK;ARRET  BOEXI40Tomcat: STOP  (WDKDTRP12);stop_Tomcat_WDKDTRP12;Command;No;1;No;CTMSRV;DTRDTR_E11REB_12_Q;svc_sapbi;wdkdtrp12;A_W_DTR12;3on5c
DTR-DECISIONNEL TRAN;DTRDTR_E11REB_12_Q;DTRDTR_E11REB_12_STP03_Q;"March 23, 2026";"March 24, 2026 12:14:18 AM";"March 24, 2026 12:14:34 AM";;Ended OK;ARRET  BOEXI40SIAWDKDTRE13: STOP  (WDKDTRP13);stop BO_WDKDTRP13;Command;No;1;No;CTMSRV;DTRDTR_E11REB_12_Q;svc_sapbi;wdkdtrp13;A_W_DTR13;3on5j
DTR-DECISIONNEL TRAN;DTRDTR_E11REB_12_Q;DTRDTR_E11REB_12_STP04_Q;"March 23, 2026";"March 24, 2026 12:14:35 AM";"March 24, 2026 12:14:47 AM";;Ended OK;ARRET  BOEXI40Tomcat: STOP  (WDKDTRP13);stop Tomcat WDKDTRP13;Command;No;1;No;CTMSRV;DTRDTR_E11REB_12_Q;svc_sapbi;wdkdtrp13;A_W_DTR13;3on5k
DTR-DECISIONNEL TRAN;DTRDTR_E11REB_12_Q;DTRDTR_E11REB_12_STR01_Q;"March 23, 2026";"March 24, 2026 12:14:07 AM";"March 24, 2026 12:14:15 AM";;Ended OK;DEMARRAGE  BOEXI40SIAWDKDTRE12: START  (WDKDTRP12);start BO_WDKDTRP12;Command;No;1;No;CTMSRV;DTRDTR_E11REB_12_Q;svc_sapbi;wdkdtrp12;A_W_DTR12;3on5i
DTR-DECISIONNEL TRAN;DTRDTR_E11REB_12_Q;DTRDTR_E11REB_12_STR02_Q;"March 23, 2026";"March 24, 2026 12:14:06 AM";"March 24, 2026 12:14:06 AM";;Ended OK;DEMARRAGE  BOEXI40Tomcat: START  (WDKDTRP12);start Tomcat WDKDTRP12;Dummy;No;1;No;CTMSRV;DTRDTR_E11REB_12_Q;svc_sapbi;;A_W_DTR12;3on5h
DTR-DECISIONNEL TRAN;DTRDTR_E11REB_12_Q;DTRDTR_E11REB_12_STR03_Q;"March 23, 2026";"March 24, 2026 12:18:25 AM";"March 24, 2026 12:18:33 AM";;Ended OK;DEMARRAGE  BOEXI40SIAWDKDTRP13: START  (WDKDTRP13);start BO_WDKDTRP13;Command;No;1;No;CTMSRV;DTRDTR_E11REB_12_Q;svc_sapbi;wdkdtrp13;A_W_DTR13;3on5q
DTR-DECISIONNEL TRAN;DTRDTR_E11REB_12_Q;DTRDTR_E11REB_12_STR04_Q;"March 23, 2026";"March 24, 2026 12:18:24 AM";"March 24, 2026 12:18:24 AM";;Ended OK;DEMARRAGE  BOEXI40Tomcat: START  (WDKDTRP13);start Tomcat WDKDTRP13;Dummy;No;1;No;CTMSRV;DTRDTR_E11REB_12_Q;svc_sapbi;;A_W_DTR13;3on5p
DTR-DECISIONNEL TRAN;DTRDTR_J11TEC_04_Q;DTRDTR_J11TEC_04_CTL01_Q;"March 23, 2026";"March 23, 2026 6:46:08 PM";"March 23, 2026 6:46:08 PM";;Ended OK;Jalon de controle des COND PREV postees (Plan de prod DTR precedent termine);;Dummy;No;1;No;CTMSRV;DTRDTR_J11TEC_04_Q;root;;NOTEXIST;3onl1
DTR-DECISIONNEL TRAN;DTRDTR_J11TEC_04_Q;DTRDTR_J11TEC_04_FLG01_Q;"March 23, 2026";"March 24, 2026 12:46:55 AM";"March 24, 2026 12:46:55 AM";;Ended OK;DTR : Jalon de fin de la production DTRP01;UDTR_PROD_ENDED;Dummy;No;1;No;CTMSRV;DTRDTR_J11TEC_04_Q;svce_cm;;NOTEXIST;3onkz
DTR-DECISIONNEL TRAN;DTRDTR_J11TEC_04_Q;DTRDTR_J11TEC_04_FLG03_Q;"March 23, 2026";;;;Wait for Event;DTR : Controle Jalon de fin de la production DTRP01;UDTR_PROD_ENDED;Dummy;No;0;No;CTMSRV;DTRDTR_J11TEC_04_Q;ctmagv7;NOTEXIST;NOTEXIST;3onl2
DTR-DECISIONNEL TRAN;DTRDTR_J11TEC_04_Q;DTRDTR_J11TEC_04_FLG04_Q;"March 23, 2026";"March 24, 2026 12:46:56 AM";"March 24, 2026 12:46:56 AM";;Ended OK;Jalon de demarrage de la production DTRP01;UDTR_PROD_START_001J;Dummy;No;1;No;CTMSRV;DTRDTR_J11TEC_04_Q;svce_cm;;NOTEXIST;3onl0
DTR-DECISIONNEL TRAN;DTRDTR_J11TRT_05_Q;DTRDTR_J11TRT_05_IMP01_Q;"March 23, 2026";"March 24, 2026 7:55:04 AM";"March 24, 2026 7:55:42 AM";;Ended OK;Lancement des plans d'execution TAC_SOCLE_MAJ_SLP_DAILY_PLAN;Lance_Interface_DTR_SLP.ksh;Job;No;1;No;CTMSRV;DTRDTR_J11TRT_05_Q;root;ldkdtrp03;M_L_DTR01;3ooc6
DTR-DECISIONNEL TRAN;DTRDTR_J12TRT_05_Q;DTRDTR_J12TRT_05_IMP01_Q;"March 23, 2026";"March 24, 2026 12:46:55 AM";"March 24, 2026 12:47:45 AM";;Ended OK;Lancement des plans d'execution TAC_SOCLE_ALIM_PIVOT_DAILY_PLAN;Lance_Interface_DTR_PIVOT.ksh;Job;No;1;No;CTMSRV;DTRDTR_J12TRT_05_Q;root;ldkdtrp02;M_L_DTR01;3omf9
DTR-DECISIONNEL TRAN;DTRFIN_J15TRT_04_Q;DTRFIN_J15TRT_04_FLG01_Q;"March 23, 2026";;;;Wait for Event;DTR : Creation Flag TOP_FIN_ALIM_OK_FINANCE_ACHATS_DWH.txt;;Command;No;0;No;CTMSRV;DTRFIN_J15TRT_04_Q;svc_sapbi;M_W_DTR00;M_W_DTR00;3ookz
DTR-DECISIONNEL TRAN;DTRFIN_J15TRT_04_Q;DTRFIN_J15TRT_04_FLG02_Q;"March 23, 2026";;;;Wait for Event;DTR : Creation Flag TOP_FIN_ALIM_OK_FINANCE_ACHATS_DTM_GESTION_ANALYTIQUE.txt;;Command;No;0;No;CTMSRV;DTRFIN_J15TRT_04_Q;svc_sapbi;M_W_DTR00;M_W_DTR00;3ool1
DTR-DECISIONNEL TRAN;DTRFIN_J15TRT_04_Q;DTRFIN_J15TRT_04_FLG03_Q;"March 23, 2026";;;;Wait for Event;DTR : Creation Flag TOP_FIN_ALIM_OK_FINANCE_ACHATS_DTM_FACTURE_CLIENT.txt;;Command;No;0;No;CTMSRV;DTRFIN_J15TRT_04_Q;svc_sapbi;M_W_DTR00;M_W_DTR00;3ool7
DTR-DECISIONNEL TRAN;DTRFIN_J15TRT_04_Q;DTRFIN_J15TRT_04_FLG04_Q;"March 23, 2026";;;;Wait for Event;DTR : Creation Flag TOP_FIN_ALIM_OK_FINANCE_ACHATS_P2P.txt;;Command;No;0;No;CTMSRV;DTRFIN_J15TRT_04_Q;svc_sapbi;M_W_DTR00;M_W_DTR00;3ool3
DTR-DECISIONNEL TRAN;DTRFIN_J15TRT_04_Q;DTRFIN_J15TRT_04_FLG05_Q;"March 23, 2026";;;;Wait for Event;DTR : Creation Flag TOP_FIN_ALIM_OK_FINANCE_ACHATS_DTM_AUTRE.txt;;Command;No;0;No;CTMSRV;DTRFIN_J15TRT_04_Q;svc_sapbi;M_W_DTR00;M_W_DTR00;3ool8
DTR-DECISIONNEL TRAN;DTRFIN_J15TRT_04_Q;DTRFIN_J15TRT_04_FLG06_Q;"March 23, 2026";;;;Wait for Event;DTR : Creation Flag TOP_FIN_ALIM_OK_FINANCE_ACHATS_DTM_FIN.txt;;Command;No;0;No;CTMSRV;DTRFIN_J15TRT_04_Q;svc_sapbi;M_W_DTR00;M_W_DTR00;3ool9
DTR-DECISIONNEL TRAN;DTRFIN_J15TRT_04_Q;DTRFIN_J15TRT_04_FWT01_Q;"March 23, 2026";"March 24, 2026 6:32:16 AM";"March 24, 2026 6:32:34 AM";;Ended OK;FWT : Controle sur le serveur DTR de la presence des fichiers DTR_FINANCE;FileWatcher_Mult_Fic.ksh;Job;No;1;Yes;CTMSRV;DTRFIN_J15TRT_04_Q;ctmag900;ldkdtrp07;A_L_DTR07;3ookv
DTR-DECISIONNEL TRAN;DTRFIN_J15TRT_04_Q;DTRFIN_J15TRT_04_FWT02_Q;"March 23, 2026";"March 24, 2026 6:30:15 AM";"March 24, 2026 6:30:17 AM";;Ended OK;FWT : Controle sur le serveur Talend de la presence des fichiers CE-BANK-BRANCHES-V et DTR-AR-EVENTS-V;FileWatcher_Mult_Fic.ksh;Job;No;1;Yes;CTMSRV;DTRFIN_J15TRT_04_Q;ctmag900;ldkdtrp02;M_L_DTR01;3ookx
DTR-DECISIONNEL TRAN;DTRFIN_J15TRT_04_Q;DTRFIN_J15TRT_04_LIM01_Q;"March 23, 2026";"March 24, 2026 2:30:00 AM";"March 24, 2026 2:30:00 AM";;Ended OK;Limite horaire 1h30 du matin;;Dummy;No;1;No;CTMSRV;DTRFIN_J15TRT_04_Q;ctmag900;;M_L_DTR01;3ookw
DTR-DECISIONNEL TRAN;DTRFIN_J15TRT_04_Q;DTRFIN_J15TRT_04_MOV01_Q;"March 23, 2026";"March 24, 2026 6:32:35 AM";"March 24, 2026 6:32:36 AM";;Ended OK;Copie des fichiers FINANCE du NAS EAI vers le DTR;MOVE_GENERIQUE.sh;Job;No;1;No;CTMSRV;DTRFIN_J15TRT_04_Q;root;ldkdtrp07;A_L_DTR07;3ooku
DTR-DECISIONNEL TRAN;DTRFIN_J15TRT_04_Q;DTRFIN_J15TRT_04_MOV02_Q;"March 23, 2026";"March 24, 2026 6:30:18 AM";"March 24, 2026 6:30:19 AM";;Ended OK;Copie des fichiers FINANCE du NAS EAI vers le DTR;MOVE_GENERIQUE.sh;Job;No;1;No;CTMSRV;DTRFIN_J15TRT_04_Q;root;ldkdtrp03;M_L_DTR01;3ooky
DTR-DECISIONNEL TRAN;DTRFIN_J15TRT_04_Q;DTRFIN_J15TRT_04_TAL01_Q;"March 23, 2026";"March 24, 2026 6:32:37 AM";;;Executing;Lancement DTR_FINANCE_DWH_PLAN;Lance_Interface_DTR_KDR.ksh;Job;No;1;No;CTMSRV;DTRFIN_J15TRT_04_Q;root;ldkdtrp02;M_L_DTR01;3ookt
DTR-DECISIONNEL TRAN;DTRFIN_J15TRT_04_Q;DTRFIN_J15TRT_04_TAL02_Q;"March 23, 2026";;;;Wait for Event;Lancement du plan  execution DTM_GESTION_ANALYTIQUE_PLAN;Lance_Interface_DTR_KDR.ksh;Job;No;0;No;CTMSRV;DTRFIN_J15TRT_04_Q;root;M_L_DTR01;M_L_DTR01;3ool0
DTR-DECISIONNEL TRAN;DTRFIN_J15TRT_04_Q;DTRFIN_J15TRT_04_TAL03_Q;"March 23, 2026";;;;Wait for Event;Lancement du plan  execution DTM_FACTURE_CLIENT_PLAN;Lance_Interface_DTR_KDR.ksh;Job;No;0;No;CTMSRV;DTRFIN_J15TRT_04_Q;root;M_L_DTR01;M_L_DTR01;3ool4
DTR-DECISIONNEL TRAN;DTRFIN_J15TRT_04_Q;DTRFIN_J15TRT_04_TAL04_Q;"March 23, 2026";;;;Wait for Event;Lancement DTR_FINANCE_P2P_PLAN;Lance_Interface_DTR_KDR.ksh;Job;No;0;No;CTMSRV;DTRFIN_J15TRT_04_Q;root;M_L_DTR01;M_L_DTR01;3ool2
DTR-DECISIONNEL TRAN;DTRFIN_J15TRT_04_Q;DTRFIN_J15TRT_04_TAL05_Q;"March 23, 2026";;;;Wait for Event;Lancement du plan  execution DTM_AUTRE_PLAN;Lance_Interface_DTR_KDR.ksh;Job;No;0;No;CTMSRV;DTRFIN_J15TRT_04_Q;root;M_L_DTR01;M_L_DTR01;3ool5
DTR-DECISIONNEL TRAN;DTRFIN_J15TRT_04_Q;DTRFIN_J15TRT_04_TAL06_Q;"March 23, 2026";;;;Wait for Event;Lancement du plan  execution DTM_FIN_PLAN;Lance_Interface_DTR_KDR.ksh;Job;No;0;No;CTMSRV;DTRFIN_J15TRT_04_Q;root;M_L_DTR01;M_L_DTR01;3ool6
DTR-DECISIONNEL TRAN;DTRFIN_J15TRT_04_Q;DTRFIN_J15TRT_04_WRK01_Q;"March 23, 2026";"March 24, 2026 12:33:53 AM";"March 24, 2026 12:34:47 AM";;Ended OK;Lance le plan d' execution DTR_REF_COPY_4_FINANCE_PLAN;Lance_Interface_DTR_KDR.ksh;Job;No;1;No;CTMSRV;DTRFIN_J15TRT_04_Q;root;ldkdtrp03;M_L_DTR01;3ooks
DTR-DECISIONNEL TRAN;DTRFIN_J16TRT_04_Q;DTRFIN_J16TRT_04_FLG01_Q;"March 23, 2026";;;;Wait for Event;DTR : Creation Flag TOP_OK_FINANCE_ACHATS_P2P.txt;;Dummy;No;0;No;CTMSRV;DTRFIN_J16TRT_04_Q;root;NOTEXIST;NOTEXIST;3oodq
DTR-DECISIONNEL TRAN;DTRFIN_J16TRT_04_Q;DTRFIN_J16TRT_04_TAL01_Q;"March 23, 2026";;;;Wait for Event;Lance le plan d'execution DTR_FINANCE_P2P_PLAN du job talend DTR_FINANCE_P2P du Projet DTR_FINANCE;Lance_Interface_DTR_KDR.ksh;Dummy;No;0;No;CTMSRV;DTRFIN_J16TRT_04_Q;root;M_L_DTR01;M_L_DTR01;3oodp
DTR-DECISIONNEL TRAN;DTRFIN_J17TRT_04_Q;DTRFIN_J17TRT_04_WRK01_Q;"March 23, 2026";"March 24, 2026 12:35:16 AM";"March 24, 2026 12:35:49 AM";;Ended OK;Lance le plan d' execution  DTR_HEC_COPY_4_FINANCE_PLAN;Lance_Interface_DTR_KDR.ksh;Job;No;1;No;CTMSRV;DTRFIN_J17TRT_04_Q;root;ldkdtrp03;M_L_DTR01;3ooj5
DTR-DECISIONNEL TRAN;DTRHEC_J11INT_05_Q;DTRHEC_J11INT_05_IMP01_Q;"March 23, 2026";"March 24, 2026 12:35:27 AM";"March 24, 2026 12:36:24 AM";;Ended OK;DTR : Lancement du plan d' execution  DTR_HERCULE_REC_PLAN;Lance_Interface_DTR_KDR.ksh;Job;No;1;No;CTMSRV;DTRHEC_J11INT_05_Q;root;ldkdtrp02;M_L_DTR01;3on2p
DTR-DECISIONNEL TRAN;DTRHEC_J11INT_05_Q;DTRHEC_J11INT_05_IMP02_Q;"March 23, 2026";"March 24, 2026 12:36:24 AM";"March 24, 2026 12:36:56 AM";;Ended OK;DTR : Lancement du plan d' execution  DTR_HERCULE_REC_COPIE_PLAN;Lance_Interface_DTR_KDR.ksh;Job;No;1;No;CTMSRV;DTRHEC_J11INT_05_Q;root;ldkdtrp02;M_L_DTR01;3on2q
DTR-DECISIONNEL TRAN;DTRHEC_J11INT_05_Q;DTRHEC_J11INT_05_IMP03_Q;"March 23, 2026";"March 24, 2026 12:33:53 AM";"March 24, 2026 12:34:47 AM";;Ended OK;DTR : Lancement du plan d' execution  DTR_HERCULE_REC_P2_PLAN;Lance_Interface_DTR_KDR.ksh;Job;No;1;No;CTMSRV;DTRHEC_J11INT_05_Q;root;ldkdtrp02;M_L_DTR01;3on2r
DTR-DECISIONNEL TRAN;DTRHEC_J11INT_05_Q;DTRHEC_J11INT_05_IMP04_Q;"March 23, 2026";"March 24, 2026 12:34:47 AM";"March 24, 2026 12:35:15 AM";;Ended OK;DTR : Lancement du plan d' execution  DTR_HERCULE_REC_COPIE_P2_PLAN;Lance_Interface_DTR_KDR.ksh;Job;No;1;No;CTMSRV;DTRHEC_J11INT_05_Q;root;ldkdtrp03;M_L_DTR01;3on2s
DTR-DECISIONNEL TRAN;DTRHEC_J11INT_05_Q;DTRHEC_J11INT_05_MOV01_Q;"March 23, 2026";"March 24, 2026 12:30:00 AM";"March 24, 2026 12:30:01 AM";;Ended OK;Deplacer les fichiers du NAS vers DTR;MOVE_GENERIQUE.sh;Job;No;1;No;CTMSRV;DTRHEC_J11INT_05_Q;root;ldkdtrp02;M_L_DTR01;3on2o
DTR-DECISIONNEL TRAN;DTRHEC_J11INT_05_Q;DTRHEC_J11INT_05_Q;"March 23, 2026";"March 23, 2026 1:30:09 PM";"March 24, 2026 12:36:56 AM";;Ended OK;DTR : Integration des Donnees HEC;;SMART Table;No;1;No;CTMSRV;DTRHEC_J11INT_05_Q;root;ldkctmp50;;3on2n
DTR-DECISIONNEL TRAN;DTRKDR_J12INT_05_Q;DTRKDR_J12INT_05_IMP01_Q;"March 23, 2026";"March 24, 2026 12:30:02 AM";"March 24, 2026 12:34:43 AM";;Ended OK;DTR : Lancement du plan d' execution  DTR_REFERENTIEL_REC_PLAN;Lance_Interface_DTR_KDR.ksh;Job;No;1;No;CTMSRV;DTRKDR_J12INT_05_Q;root;ldkdtrp03;M_L_DTR01;3oobc
DTR-DECISIONNEL TRAN;DTRKDR_J12INT_05_Q;DTRKDR_J12INT_05_IMP02_Q;"March 23, 2026";"March 24, 2026 12:34:44 AM";"March 24, 2026 12:35:26 AM";;Ended OK;DTR : Lancement du plan d' execution  DTR_REFERENTIEL_REC_COPIE_PLAN;Lance_Interface_DTR_KDR.ksh;Job;No;1;No;CTMSRV;DTRKDR_J12INT_05_Q;root;ldkdtrp02;M_L_DTR01;3oobd
DTR-DECISIONNEL TRAN;DTRKDR_J12INT_05_Q;DTRKDR_J12INT_05_IMP03_Q;"March 23, 2026";"March 24, 2026 12:30:02 AM";"March 24, 2026 12:33:04 AM";;Ended OK;DTR : Lancement du plan d' execution  DTR_REFERENTIEL_REC_P2_PLAN;Lance_Interface_DTR_KDR.ksh;Job;No;1;No;CTMSRV;DTRKDR_J12INT_05_Q;root;ldkdtrp02;M_L_DTR01;3oobe
DTR-DECISIONNEL TRAN;DTRKDR_J12INT_05_Q;DTRKDR_J12INT_05_IMP04_Q;"March 23, 2026";"March 24, 2026 12:33:05 AM";"March 24, 2026 12:33:52 AM";;Ended OK;DTR : Lancement du plan d' execution  DTR_REFERENTIEL_REC_COPIE_P2_PLAN;Lance_Interface_DTR_KDR.ksh;Job;No;1;No;CTMSRV;DTRKDR_J12INT_05_Q;root;ldkdtrp02;M_L_DTR01;3oobf
DTR-DECISIONNEL TRAN;DTRKDR_J12INT_05_Q;DTRKDR_J12INT_05_MOV01_Q;"March 23, 2026";"March 24, 2026 12:30:00 AM";"March 24, 2026 12:30:02 AM";;Ended OK;Deplacer les fichiers du NAS vers DTR;DTRKDR_J12INT_05_MOV01_Q.ksh;Job;No;1;No;CTMSRV;DTRKDR_J12INT_05_Q;root;ldkdtrp03;M_L_DTR01;3oobg
DTR-DECISIONNEL TRAN;DTRKDR_J13INT_05_Q;DTRKDR_J13INT_05_IMP01_Q;"March 23, 2026";"March 24, 2026 12:35:27 AM";"March 24, 2026 12:35:48 AM";;Ended OK;DTR : Lancement du plan d'execution DTR_REFERENTIEL_REC_TRANSCOS_PLAN;Lance_Interface_DTR_KDR.ksh;Job;No;1;No;CTMSRV;DTRKDR_J13INT_05_Q;root;ldkdtrp03;M_L_DTR01;3on15
DTR-DECISIONNEL TRAN;DTRKDR_J13INT_05_Q;DTRKDR_J13INT_05_MOV01_Q;"March 23, 2026";"March 24, 2026 12:03:42 AM";"March 24, 2026 12:03:43 AM";;Ended OK;Deplacer les fichiers du NAS vers DTR;MOVE_GENERIQUE.sh;Job;No;1;No;CTMSRV;DTRKDR_J13INT_05_Q;root;ldkdtrp02;M_L_DTR01;3on14
DTR-DECISIONNEL TRAN;DTRKDR_J14INT_05_Q;DTRKDR_J14INT_05_IMP01_Q;"March 23, 2026";"March 24, 2026 12:35:27 AM";"March 24, 2026 12:38:26 AM";;Ended OK;DTR : Lancement du plan d'exécution DTR_REFERENTIEL_REC_RESSOURCE_PLAN;Lance_Interface_DTR_KDR.ksh;Job;No;1;No;CTMSRV;DTRKDR_J14INT_05_Q;root;ldkdtrp02;M_L_DTR01;3onp0
DTR-DECISIONNEL TRAN;DTRKDR_J14INT_05_Q;DTRKDR_J14INT_05_MOV01_Q;"March 23, 2026";"March 24, 2026 12:10:53 AM";"March 24, 2026 12:10:54 AM";;Ended OK;Deplacer les fichiers du NAS vers DTR;DTRKDR_J14INT_05_MOV01_Q.ksh;Job;No;1;No;CTMSRV;DTRKDR_J14INT_05_Q;root;ldkdtrp02;M_L_DTR01;3onoz
DTR-DECISIONNEL TRAN;DTRKDR_J15INT_05_Q;DTRKDR_J15INT_05_IMP01_Q;"March 23, 2026";"March 24, 2026 12:35:27 AM";"March 24, 2026 12:37:59 AM";;Ended OK;DTR : Lancement du plan d'exécution DTR_REFERENTIEL_REC_PARTENAIRE_PLAN;Lance_Interface_DTR_KDR.ksh;Job;No;1;No;CTMSRV;DTRKDR_J15INT_05_Q;root;ldkdtrp03;M_L_DTR01;3on51
DTR-DECISIONNEL TRAN;DTRKDR_J15INT_05_Q;DTRKDR_J15INT_05_MOV01_Q;"March 23, 2026";"March 23, 2026 8:34:33 PM";"March 23, 2026 8:34:34 PM";;Ended OK;Deplacer les fichiers du NAS vers DTR;DTRKDR_J15INT_05_MOV01_Q.ksh;Job;No;1;No;CTMSRV;DTRKDR_J15INT_05_Q;root;ldkdtrp02;M_L_DTR01;3on50
DTR-DECISIONNEL TRAN;DTRKDR_J16INT_05_Q;DTRKDR_J16INT_05_IMP01_Q;"March 23, 2026";"March 24, 2026 4:23:27 AM";"March 24, 2026 4:26:47 AM";;Ended OK;DTR : Lancement du plan d'execution DTR_REFERENTIEL_REC_SEE_PLAN;Lance_Interface_DTR_KDR.ksh;Job;No;1;No;CTMSRV;DTRKDR_J16INT_05_Q;root;ldkdtrp02;M_L_DTR01;3ontg
DTR-DECISIONNEL TRAN;DTRKDR_J16INT_05_Q;DTRKDR_J16INT_05_IMP02_Q;"March 23, 2026";"March 24, 2026 4:26:48 AM";"March 24, 2026 4:28:10 AM";;Ended OK;DTR : Lancement du plan d'execution DTR_REFERENTIEL_REC_TRANSCOS_SEE_PLAN;Lance_Interface_DTR_KDR.ksh;Job;No;1;No;CTMSRV;DTRKDR_J16INT_05_Q;root;ldkdtrp03;M_L_DTR01;3onth
DTR-DECISIONNEL TRAN;DTRKDR_J16INT_05_Q;DTRKDR_J16INT_05_MOV01_Q;"March 23, 2026";"March 24, 2026 4:23:25 AM";"March 24, 2026 4:23:27 AM";;Ended OK;Deplacer les fichiers zip du NAS vers DTR;DTRKDR_J16INT_05_MOV01_Q.ksh;Job;No;1;No;CTMSRV;DTRKDR_J16INT_05_Q;root;ldkdtrp03;M_L_DTR01;3ontf
DTR-DECISIONNEL TRAN;DTRKDR_J16INT_05_Q;DTRKDR_J16INT_05_Q;"March 23, 2026";"March 23, 2026 1:30:09 PM";"March 24, 2026 4:28:11 AM";;Ended OK;DTR: Projet DTR_REFERENTIEL;;SMART Table;No;1;No;CTMSRV;DTRKDR_J16INT_05_Q;;ldkctmp50;;3onte
DTR-DECISIONNEL TRAN;DTRMDM_J11INT_05_Q;DTRMDM_J11INT_05_FWT04_Q;"March 23, 2026";"March 24, 2026 12:00:00 AM";"March 24, 2026 12:00:03 AM";0800;Ended OK;Scrutation des fichiers MDM;FileWatcher_Mult_Fic.ksh;Job;No;1;Yes;CTMSRV;DTRMDM_J11INT_05_Q;ctmag900;ldkdtrp03;M_L_DTR01;3oooe
DTR-DECISIONNEL TRAN;DTRMDM_J11INT_05_Q;DTRMDM_J11INT_05_IMP05_Q;"March 23, 2026";"March 24, 2026 12:00:04 AM";"March 24, 2026 12:00:33 AM";;Ended OK;Plan d'execution transfert Fichier;Lance_Interface_DTR_MDM.ksh;Job;No;1;No;CTMSRV;DTRMDM_J11INT_05_Q;root;ldkdtrp02;M_L_DTR01;3ooof
DTR-DECISIONNEL TRAN;DTRMDM_J11INT_05_Q;DTRMDM_J11INT_05_IMP06_Q;"March 23, 2026";"March 24, 2026 12:00:34 AM";"March 24, 2026 12:08:21 AM";;Ended OK;Lancement des plans d'execution SOCLE;Lance_Interface_DTR_MDM.ksh;Job;No;1;No;CTMSRV;DTRMDM_J11INT_05_Q;root;ldkdtrp03;M_L_DTR01;3ooog
DTR-DECISIONNEL TRAN;DTRMDM_J11INT_05_Q;DTRMDM_J11INT_05_IMP07_Q;"March 23, 2026";"March 24, 2026 12:08:21 AM";"March 24, 2026 12:11:03 AM";;Ended OK;Lancement des plans d'execution MAIEXP;Lance_Interface_DTR_MDM.ksh;Job;No;1;No;CTMSRV;DTRMDM_J11INT_05_Q;root;ldkdtrp03;M_L_DTR01;3oooh
DTR-DECISIONNEL TRAN;DTRMDM_J11INT_05_Q;DTRMDM_J11INT_05_LIM01_Q;"March 23, 2026";"March 24, 2026 12:40:00 AM";"March 24, 2026 12:40:00 AM";;Ended OK;Limite horaire 0h40 du matin;;Dummy;No;1;No;CTMSRV;DTRMDM_J11INT_05_Q;ctmag900;;M_L_DTR01;3oooi
DTR-DECISIONNEL TRAN;DTRNRJ_J11INT_05_Q;DTRNRJ_J11INT_05_IMP01_Q;"March 23, 2026";"March 24, 2026 12:12:11 AM";"March 24, 2026 12:46:54 AM";;Ended OK;Traitement DTR ENERGY Quotidien;Lance_Interface_DTR_EGY.ksh;Job;No;1;No;CTMSRV;DTRNRJ_J11INT_05_Q;root;ldkdtrp03;M_L_DTR01;3onmo
DTR-DECISIONNEL TRAN;DTRNRJ_J11INT_05_Q;DTRNRJ_J11INT_05_IMP02_Q;"March 23, 2026";"March 24, 2026 12:08:21 AM";"March 24, 2026 12:12:10 AM";;Ended OK;Intégration du DUMP Energy dans l'ODS;dtrenergy_datapump.sh;Job;No;1;No;CTMSRV;DTRNRJ_J11INT_05_Q;root;ldkdtrp07;A_L_DTR07;3onmn
DTR-DECISIONNEL TRAN;DTRNRJ_J11INT_05_Q;DTRNRJ_J11INT_05_IMP03_Q;"March 23, 2026";"March 24, 2026 12:46:55 AM";"March 24, 2026 2:44:23 AM";;Ended OK;Traitement DTR ENERGY EGY_FAIT;Lance_Interface_DTR_EGY.ksh;Job;No;1;No;CTMSRV;DTRNRJ_J11INT_05_Q;root;ldkdtrp03;M_L_DTR01;3onmp
EAI-EAI;EAIEAI_E11TEC_04_Q;EAIEAI_E11TEC_04_WRK01_Q;"March 23, 2026";"March 23, 2026 6:00:00 PM";"March 23, 2026 6:00:04 PM";;Ended OK;Envoi ODATE vers PFE \\prod.dalkia.org\PFE\APPS\EAI\filesharing\ODATE\ODATE.txt;CreateOdate.bat;Job;No;1;No;CTMSRV;EAIEAI_E11TEC_04_Q;svce_cm;wdkpfep13;A_W_PFE13;3oo64
ETR-ETRM;ETRMEC_J11FLX_07_Q;ETRMEC_J11FLX_07_MOV01_Q;"March 23, 2026";;;;Wait for Event;"PFE : Deplacement des fichiers ""MEC.zip"" depuis PFE vers ETRM";MOV_Generique_DKA.bat;Job;No;0;No;CTMSRV;ETRMEC_J11FLX_07_Q;svce_cm;A_W_ETR24;A_W_ETR24;3onwc
ETR-ETRM;ETRMEC_J11FLX_07_Q;ETRMEC_J11FLX_07_Q;"March 23, 2026";"March 23, 2026 1:30:09 PM";;;Executing;PFE : Flux MEC;;SMART Table;No;1;No;CTMSRV;ETRMEC_J11FLX_07_Q;svce_cm;;;3onwb
FIN-FINANCE;FINDTR_J11GEN_06_Q;FINDTR_J11GEN_06_EXP01_Q;"March 23, 2026";"March 24, 2026 6:22:14 AM";"March 24, 2026 6:31:55 AM";;Ended OK;FINANCE : Extraction Datapump Oracle pour DTR;BATCH_Generique_DKA.ksh;Job;No;1;No;CTMSRV;FINDTR_J11GEN_06_Q;opdtpump;ldkfinp11;M_L_FIN12;3ooi2
FIN-FINANCE;FINDTR_J11GEN_06_Q;FINDTR_J11GEN_06_EXP02_Q;"March 23, 2026";"March 24, 2026 6:22:14 AM";"March 24, 2026 6:29:29 AM";;Ended OK;FINANCE : Extraction des banques et agences pour DTR;;Job;No;1;No;CTMSRV;FINDTR_J11GEN_06_Q;EXPLOITATION;ldkfinp01;M_L_FIN12;3ooi3
FIN-FINANCE;FINDTR_J11GEN_06_Q;FINDTR_J11GEN_06_EXP03_Q;"March 23, 2026";"March 24, 2026 6:22:14 AM";"March 24, 2026 6:29:20 AM";;Ended OK;FINANCE : Extraction des evenements AR pour DTR;;Job;No;1;No;CTMSRV;FINDTR_J11GEN_06_Q;EXPLOITATION;ldkfinp01;M_L_FIN12;3ooi5
FIN-FINANCE;FINDTR_J11GEN_06_Q;FINDTR_J11GEN_06_MOV01_Q;"March 23, 2026";"March 24, 2026 6:31:56 AM";"March 24, 2026 6:32:15 AM";;Ended OK;FINANCE : Move du fichier FIN01*.tar.gz vers le NAS;MOV_OUT_PUMP_DKA.ksh;Job;No;1;No;CTMSRV;FINDTR_J11GEN_06_Q;opfinbac;ldkfinp01;M_L_FIN12;3ooi1
FIN-FINANCE;FINDTR_J11GEN_06_Q;FINDTR_J11GEN_06_MOV02_Q;"March 23, 2026";"March 24, 2026 6:29:30 AM";"March 24, 2026 6:30:15 AM";;Ended OK;FINANCE : Move du fichier FIN01_*CE-BANK-BRANCHES-V_001_*.csv vers le NAS;MOV_OUT_PUMP_DKA.ksh;Job;No;1;No;CTMSRV;FINDTR_J11GEN_06_Q;opfinbac;ldkfinp01;M_L_FIN12;3ooi4
FIN-FINANCE;FINDTR_J11GEN_06_Q;FINDTR_J11GEN_06_MOV03_Q;"March 23, 2026";"March 24, 2026 6:29:21 AM";"March 24, 2026 6:29:22 AM";;Ended OK;FINANCE : Move du fichier FIN01_*DTR-AR-EVENTS-V_001_*.csv vers le NAS;MOV_OUT_PUMP_DKA.ksh;Job;No;1;No;CTMSRV;FINDTR_J11GEN_06_Q;opfinbac;ldkfinp11;M_L_FIN12;3ooi6
FIN-FINANCE;FINDTR_J11GEN_06_Q;FINDTR_J11GEN_06_Q;"March 23, 2026";"March 24, 2026 6:22:14 AM";"March 24, 2026 6:32:16 AM";;Ended OK;FINANCE : Extraction Datapump Oracle pour DTR;;SMART Table;No;1;No;CTMSRV;FINDTR_J11GEN_06_Q;opdtpump;ldkctmp50;;3ooi0
FIN-FINANCE;FINDTR_J11TEC_04_Q;FINDTR_J11TEC_04_Q;"March 23, 2026";"March 24, 2026 6:22:14 AM";"March 24, 2026 6:31:58 AM";;Ended OK;FINANCE : Ajout date derniere DATAPUMP dans Libmemsym pour DTR;;SMART Table;No;1;No;CTMSRV;FINDTR_J11TEC_04_Q;root;ldkctmp50;;3omj8
FIN-FINANCE;FINDTR_J11TEC_04_Q;FINDTR_J11TEC_04_WRK01_Q;"March 23, 2026";"March 24, 2026 6:31:56 AM";"March 24, 2026 6:31:58 AM";;Ended OK;FINANCE : Ajout date derniere DATAPUMP dans Libmemsym pour DTR;SED_LAST_DATAPUMPDTR.ksh;Job;No;1;No;CTMSRV;FINDTR_J11TEC_04_Q;controlm;ldkctmp50;SRV_PRIMAIRE;3omj9
FIN-FINANCE;FINEXT_J11GEN_06_H;FINEXT_J11GEN_06_EXP01_H;"March 23, 2026";"March 24, 2026 5:24:42 AM";"March 24, 2026 5:26:03 AM";;Ended OK;FINANCE : Campagne EMPLOYES : Creation fichiers AP Import;;Job;No;1;No;CTMSRV;FINEXT_J11GEN_06_H;EXPLOITATION;ldkfinp11;M_L_FIN12;3onrq
FIN-FINANCE;FINEXT_J11GEN_06_H;FINEXT_J11GEN_06_H;"March 23, 2026";"March 24, 2026 5:04:27 AM";"March 24, 2026 5:27:51 AM";;Ended OK;FINANCE : Campagne EMPLOYES : Calcul du poids;;SMART Table;No;1;No;CTMSRV;FINEXT_J11GEN_06_H;opfinbac;ldkctmp50;;3onrm
FIN-FINANCE;FINEXT_J11GEN_06_H;FINEXT_J11GEN_06_MOV01_H;"March 23, 2026";"March 24, 2026 5:26:04 AM";"March 24, 2026 5:26:13 AM";;Ended OK;FINANCE : Move du fichier DK*EMP*.txt vers le NAS;MOV_OUT_Generique_DKA.ksh;Job;No;1;No;CTMSRV;FINEXT_J11GEN_06_H;opfinbac;ldkfinp11;M_L_FIN12;3onrr
FIN-FINANCE;FINEXT_J11GEN_06_H;FINEXT_J11GEN_06_WRK01_H;"March 23, 2026";"March 24, 2026 5:04:27 AM";"March 24, 2026 5:22:46 AM";;Ended OK;FINANCE : Campagne EMPLOYES : reglements automatiques;;Job;No;1;No;CTMSRV;FINEXT_J11GEN_06_H;EXPLOITATION;ldkfinp01;M_L_FIN12;3onrp
FIN-FINANCE;FINEXT_J11GEN_06_H;FINEXT_J11GEN_06_WRK02_H;"March 23, 2026";"March 24, 2026 5:22:47 AM";"March 24, 2026 5:24:41 AM";;Ended OK;FINANCE : Campagne EMPLOYES : Alimentation AP Import;;Job;No;1;No;CTMSRV;FINEXT_J11GEN_06_H;EXPLOITATION;ldkfinp01;M_L_FIN12;3onro
FIN-FINANCE;FINEXT_J11GEN_06_H;FINEXT_J11GEN_06_WRK03_H;"March 23, 2026";"March 24, 2026 5:26:04 AM";"March 24, 2026 5:27:50 AM";;Ended OK;FINANCE : Campagne EMPLOYES : Calcul du poids;;Job;No;1;No;CTMSRV;FINEXT_J11GEN_06_H;EXPLOITATION;ldkfinp01;M_L_FIN12;3onrn
FIN-FINANCE;FINEXT_J11GEN_06_Q;FINEXT_J11GEN_06_EXP01_Q;"March 23, 2026";"March 23, 2026 7:58:27 PM";"March 23, 2026 7:59:52 PM";;Ended OK;Exportation Commandes XEROX et Tradeshift;;Job;No;1;No;CTMSRV;FINEXT_J11GEN_06_Q;EXPLOITATION;ldkfinp11;M_L_FIN12;3omi3
FIN-FINANCE;FINEXT_J11GEN_06_Q;FINEXT_J11GEN_06_MOV01_Q;"March 23, 2026";"March 23, 2026 7:59:52 PM";"March 23, 2026 7:59:53 PM";;Ended OK;FINANCE : Move du fichier DK1.DAL.CDE.* vers le NAS;MOV_OUT_Generique_DKA.ksh;Job;No;1;No;CTMSRV;FINEXT_J11GEN_06_Q;opfinbac;ldkfinp01;M_L_FIN12;3omi4
FIN-FINANCE;FINEXT_J11GEN_06_Q;FINEXT_J11GEN_06_Q;"March 23, 2026";"March 23, 2026 7:00:40 PM";"March 23, 2026 7:59:54 PM";;Ended OK;FINANCE : Exportation Commandes XEROX et Tradeshift;;SMART Table;No;1;No;CTMSRV;FINEXT_J11GEN_06_Q;opfinbac;ldkctmp50;;3omi2
FIN-FINANCE;FINEXT_J11INT_05_Q;FINEXT_J11INT_05_CON01_Q;"March 23, 2026";"March 23, 2026 8:02:14 PM";"March 23, 2026 8:02:15 PM";;Ended OK;FINANCE : Concatener les fichiers VE1.DAL*.TR1 dans un fichier VE1_DAL.csv;CON_Generique_DKA.ksh;Job;No;1;No;CTMSRV;FINEXT_J11INT_05_Q;opfinbac;ldkfinp01;M_L_FIN12;3oomx
FIN-FINANCE;FINEXT_J11INT_05_Q;FINEXT_J11INT_05_CON02_Q;"March 23, 2026";"March 23, 2026 8:00:02 PM";"March 23, 2026 8:00:03 PM";;Ended OK;FINANCE : Concatener les fichiers CSV_DAL*.csv en CONTROL.csv;FINEXT_J11INT_05_CON02_Q.ksh;Job;No;1;No;CTMSRV;FINEXT_J11INT_05_Q;opfinbac;ldkfinp01;M_L_FIN12;3oomy
FIN-FINANCE;FINEXT_J11INT_05_Q;FINEXT_J11INT_05_IMP01_Q;"March 23, 2026";"March 23, 2026 8:02:16 PM";"March 23, 2026 8:03:59 PM";;Ended OK;XEROX : Chargement factures;;Job;No;1;No;CTMSRV;FINEXT_J11INT_05_Q;EXPLOITATION;ldkfinp11;M_L_FIN12;3ooms
FIN-FINANCE;FINEXT_J11INT_05_Q;FINEXT_J11INT_05_IMP03_Q;"March 23, 2026";"March 23, 2026 8:00:04 PM";"March 23, 2026 8:01:32 PM";;Ended OK;XEROX : Chargement CONTROL.csv;;Job;No;1;No;CTMSRV;FINEXT_J11INT_05_Q;EXPLOITATION;ldkfinp01;M_L_FIN12;3oomu
FIN-FINANCE;FINEXT_J11INT_05_Q;FINEXT_J11INT_05_LIM01_Q;"March 23, 2026";"March 23, 2026 10:30:00 PM";"March 23, 2026 10:30:00 PM";;Ended OK;FINANCE : Limite horaire notification PFE XEROX;;Dummy;No;1;No;CTMSRV;FINEXT_J11INT_05_Q;opfinbac;;M_L_FIN12;3oon1
FIN-FINANCE;FINEXT_J11INT_05_Q;FINEXT_J11INT_05_MOV01_Q;"March 23, 2026";"March 23, 2026 8:01:33 PM";"March 23, 2026 8:02:10 PM";;Ended OK;FINANCE : Move du fichier TRA_DAL*.zip depuis le NAS;MOV_IN_Generique_DKA.ksh;Job;No;1;No;CTMSRV;FINEXT_J11INT_05_Q;opfinbac;ldkfinp11;M_L_FIN12;3oomr
FIN-FINANCE;FINEXT_J11INT_05_Q;FINEXT_J11INT_05_MOV02_Q;"March 23, 2026";"March 23, 2026 8:00:00 PM";"March 23, 2026 8:00:01 PM";2220;Ended OK;FINANCE : Move du fichier CSV_DAL*.ZIP depuis le NAS;MOV_IN_Generique_DKA.ksh;Job;No;1;No;CTMSRV;FINEXT_J11INT_05_Q;opfinbac;ldkfinp11;M_L_FIN12;3oomz
FIN-FINANCE;FINEXT_J11INT_05_Q;FINEXT_J11INT_05_Q;"March 23, 2026";"March 23, 2026 7:00:40 PM";"March 23, 2026 10:30:00 PM";2230;Ended OK;FINANCE : Chargement factures Xerox;;SMART Table;No;1;No;CTMSRV;FINEXT_J11INT_05_Q;opfinbac;ldkctmp50;;3oomq
FIN-FINANCE;FINEXT_J11INT_05_Q;FINEXT_J11INT_05_WRK02_Q;"March 23, 2026";"March 23, 2026 8:35:37 PM";"March 23, 2026 9:31:43 PM";;Ended OK;XEROX : Intégration factures;;Job;No;1;No;CTMSRV;FINEXT_J11INT_05_Q;EXPLOITATION;ldkfinp11;M_L_FIN12;3oomv
FIN-FINANCE;FINEXT_J11INT_05_Q;FINEXT_J11INT_05_WRK04_Q;"March 23, 2026";"March 23, 2026 9:31:44 PM";"March 23, 2026 9:33:23 PM";;Ended OK;XEROX : Contrôle de flux;;Job;No;1;No;CTMSRV;FINEXT_J11INT_05_Q;EXPLOITATION;ldkfinp01;M_L_FIN12;3oomw
FIN-FINANCE;FINEXT_J11INT_05_Q;FINEXT_J11INT_05_ZIP01_Q;"March 23, 2026";"March 23, 2026 8:02:11 PM";"March 23, 2026 8:02:13 PM";;Ended OK;FINANCE : Decompression du fichier TRA_DAL*.zip;DEZIP_Generique_DKA.ksh;Job;No;1;No;CTMSRV;FINEXT_J11INT_05_Q;opfinbac;ldkfinp11;M_L_FIN12;3oomt
FIN-FINANCE;FINEXT_J11INT_05_Q;FINEXT_J11INT_05_ZIP02_Q;"March 23, 2026";"March 23, 2026 8:00:01 PM";"March 23, 2026 8:00:02 PM";;Ended OK;FINANCE : Decompression du fichier CSV_DAL*.zip;DEZIP_Generique_DKA.ksh;Job;No;1;No;CTMSRV;FINEXT_J11INT_05_Q;opfinbac;ldkfinp01;M_L_FIN12;3oon0
FIN-FINANCE;FINEXT_J12GEN_06_Q;FINEXT_J12GEN_06_EXP01_Q;"March 23, 2026";"March 23, 2026 7:00:40 PM";"March 23, 2026 7:02:42 PM";;Ended OK;FINANCE : Export du référentiel employé vers NOTILUS;;Job;No;1;No;CTMSRV;FINEXT_J12GEN_06_Q;EXPLOITATION;ldkfinp11;M_L_FIN12;3oog1
FIN-FINANCE;FINEXT_J12GEN_06_Q;FINEXT_J12GEN_06_MOV01_Q;"March 23, 2026";"March 23, 2026 7:02:43 PM";"March 23, 2026 7:03:06 PM";;Ended OK;FINANCE : Move du fichier EMPLOYES_AAAAMMJJ.csv  vers le NAS;MOV_OUT_Generique_DKA.ksh;Job;No;1;No;CTMSRV;FINEXT_J12GEN_06_Q;opfinbac;ldkfinp11;M_L_FIN12;3oog2
FIN-FINANCE;FINEXT_J12GEN_06_Q;FINEXT_J12GEN_06_Q;"March 23, 2026";"March 23, 2026 7:00:40 PM";"March 23, 2026 7:03:06 PM";;Ended OK;FINANCE : Export du referentiel employe vers NOTILUS;;SMART Table;No;1;No;CTMSRV;FINEXT_J12GEN_06_Q;opfinbac;ldkctmp50;;3oog0
FIN-FINANCE;FINEXT_J12INT_05_Q;FINEXT_J12INT_05_CON01_Q;"March 23, 2026";"March 23, 2026 8:33:41 PM";"March 23, 2026 8:33:42 PM";;Ended OK;FINANCE : Concaténer les fichiers L56VFRTDSPAR*.TR1 dans un fichier ZCI_DAL.csv;CON_Generique_DKA.ksh;Job;No;1;No;CTMSRV;FINEXT_J12INT_05_Q;opfinbac;ldkfinp11;M_L_FIN12;3oor7
FIN-FINANCE;FINEXT_J12INT_05_Q;FINEXT_J12INT_05_CTL01_Q;"March 23, 2026";"March 23, 2026 8:33:19 PM";"March 23, 2026 8:33:40 PM";;Ended OK;FINANCE : Controle de fichiers L56VFRTDSPAR*.TIF;CON_Generique_DKA.ksh;Command;No;1;No;CTMSRV;FINEXT_J12INT_05_Q;opfinbac;ldkfinp01;M_L_FIN12;3oor8
FIN-FINANCE;FINEXT_J12INT_05_Q;FINEXT_J12INT_05_FIN01_Q;"March 23, 2026";"March 23, 2026 8:35:36 PM";"March 23, 2026 8:35:36 PM";;Ended OK;FINANCE : Fin de Chaine TradeShift;;Dummy;No;1;No;CTMSRV;FINEXT_J12INT_05_Q;opfinbac;;M_L_FIN12;3oor9
FIN-FINANCE;FINEXT_J12INT_05_Q;FINEXT_J12INT_05_IMP01_Q;"March 23, 2026";"March 23, 2026 8:33:43 PM";"March 23, 2026 8:35:35 PM";;Ended OK;TRADESHIFT : Chargement factures;;Job;No;1;No;CTMSRV;FINEXT_J12INT_05_Q;EXPLOITATION;ldkfinp01;M_L_FIN12;3oor5
FIN-FINANCE;FINEXT_J12INT_05_Q;FINEXT_J12INT_05_MOV01_Q;"March 23, 2026";"March 23, 2026 8:33:15 PM";"March 23, 2026 8:33:16 PM";2228;Ended OK;FINANCE : Move du fichier L56VFRTDSPAR__DLK* depuis NAS;MOV_IN_Generique_DKA.ksh;Job;No;1;No;CTMSRV;FINEXT_J12INT_05_Q;opfinbac;ldkfinp01;M_L_FIN12;3oor4
FIN-FINANCE;FINEXT_J12INT_05_Q;FINEXT_J12INT_05_Q;"March 23, 2026";"March 23, 2026 7:00:40 PM";"March 23, 2026 8:35:37 PM";2230;Ended OK;FINANCE : Chargement factures TradeShift;;SMART Table;No;1;No;CTMSRV;FINEXT_J12INT_05_Q;opfinbac;ldkctmp50;;3oor3
FIN-FINANCE;FINEXT_J12INT_05_Q;FINEXT_J12INT_05_ZIP01_Q;"March 23, 2026";"March 23, 2026 8:33:17 PM";"March 23, 2026 8:33:18 PM";;Ended OK;FINANCE : Decompression du fichier L56VFRTDSPAR__DLK*.zip;DEZIP_Generique_DKA.ksh;Job;No;1;No;CTMSRV;FINEXT_J12INT_05_Q;opfinbac;ldkfinp11;M_L_FIN12;3oor6
FIN-FINANCE;FINEXT_J13GEN_06_Q;FINEXT_J13GEN_06_EXP01_Q;"March 23, 2026";"March 23, 2026 7:21:59 PM";"March 23, 2026 7:28:13 PM";;Ended OK;FINANCE : Export Recouvrement;;Job;No;1;No;CTMSRV;FINEXT_J13GEN_06_Q;EXPLOITATION;ldkfinp01;M_L_FIN12;3ooar
FIN-FINANCE;FINEXT_J13GEN_06_Q;FINEXT_J13GEN_06_MOV01_Q;"March 23, 2026";"March 23, 2026 7:28:14 PM";"March 23, 2026 7:28:22 PM";;Ended OK;FINANCE : Move du fichier ENCOURS_RECOUVREMENT_*.csv vers le NAS;MOV_OUT_Generique_DKA.ksh;Job;No;1;No;CTMSRV;FINEXT_J13GEN_06_Q;opfinbac;ldkfinp11;M_L_FIN12;3ooas
FIN-FINANCE;FINEXT_J13GEN_06_Q;FINEXT_J13GEN_06_Q;"March 23, 2026";"March 23, 2026 7:00:40 PM";"March 23, 2026 7:28:22 PM";;Ended OK;FINANCE : Export Recouvrement;;SMART Table;No;1;No;CTMSRV;FINEXT_J13GEN_06_Q;opfinbac;ldkctmp50;;3ooaq
FIN-FINANCE;FINEXT_J13INT_05_Q;FINEXT_J13INT_05_IMP01_Q;"March 23, 2026";"March 23, 2026 6:46:43 PM";"March 23, 2026 6:49:49 PM";;Ended OK;Importation des Employes de GXP;;Job;No;1;No;CTMSRV;FINEXT_J13INT_05_Q;EXPLOITATION;ldkfinp01;M_L_FIN12;3onns
FIN-FINANCE;FINEXT_J13INT_05_Q;FINEXT_J13INT_05_Q;"March 23, 2026";"March 23, 2026 6:46:43 PM";"March 23, 2026 6:49:50 PM";;Ended OK;FINANCE : Importation des Employes de GXP;;SMART Table;No;1;No;CTMSRV;FINEXT_J13INT_05_Q;opfinbac;ldkctmp50;;3onnr
FIN-FINANCE;FINEXT_J14GEN_06_Q;FINEXT_J14GEN_06_EXP01_Q;"March 23, 2026";"March 24, 2026 6:22:14 AM";"March 24, 2026 6:51:11 AM";;Ended OK;FINANCE : Extraction du Contrôle de Flux vers l'EAI;;Job;No;1;No;CTMSRV;FINEXT_J14GEN_06_Q;EXPLOITATION;ldkfinp01;M_L_FIN12;3ooaf
FIN-FINANCE;FINEXT_J14GEN_06_Q;FINEXT_J14GEN_06_MOV01_Q;"March 23, 2026";"March 24, 2026 6:51:12 AM";"March 24, 2026 6:51:13 AM";;Ended OK;FINANCE : Move du fichier FIN01_CTL_ECRITURES* vers le NAS;MOV_OUT_Generique_DKA.ksh;Job;No;1;No;CTMSRV;FINEXT_J14GEN_06_Q;opfinbac;ldkfinp01;M_L_FIN12;3ooag
FIN-FINANCE;FINEXT_J14GEN_06_Q;FINEXT_J14GEN_06_Q;"March 23, 2026";"March 24, 2026 6:22:14 AM";"March 24, 2026 6:51:14 AM";;Ended OK;FINANCE : Extraction du Controle de Flux vers lEAI;;SMART Table;No;1;No;CTMSRV;FINEXT_J14GEN_06_Q;opfinbac;ldkctmp50;;3ooae
FIN-FINANCE;FINEXT_J14INT_05_Q;FINEXT_J14INT_05_CON01_Q;"March 23, 2026";"March 24, 2026 7:19:43 AM";"March 24, 2026 7:19:45 AM";;Ended OK;FINANCE : Concaténer les fichiers Compteur*.txt dans un fichier AFB120.txt;CON_Generique_DKA.ksh;Job;No;1;No;CTMSRV;FINEXT_J14INT_05_Q;opfinbac;ldkfinp01;M_L_FIN12;3omh0
FIN-FINANCE;FINEXT_J14INT_05_Q;FINEXT_J14INT_05_IMP01_Q;"March 23, 2026";"March 24, 2026 7:19:47 AM";"March 24, 2026 7:21:52 AM";;Ended OK;RB : Importation relevés dans RB;;Job;No;1;No;CTMSRV;FINEXT_J14INT_05_Q;EXPLOITATION;ldkfinp11;M_L_FIN12;3omgu
FIN-FINANCE;FINEXT_J14INT_05_Q;FINEXT_J14INT_05_LIM01_Q;"March 23, 2026";;;;Wait for Event;FINANCE :  Limite Horaire;;Dummy;No;0;No;CTMSRV;FINEXT_J14INT_05_Q;DUMMYUSR;ldkctmp50;;3omh1
FIN-FINANCE;FINEXT_J14INT_05_Q;FINEXT_J14INT_05_MEL01_Q;"March 23, 2026";"March 24, 2026 7:21:53 AM";"March 24, 2026 7:23:37 AM";;Ended OK;RB : Edition des releves manquants par mail;;Job;No;1;No;CTMSRV;FINEXT_J14INT_05_Q;EXPLOITATION;ldkfinp01;M_L_FIN12;3omgx
FIN-FINANCE;FINEXT_J14INT_05_Q;FINEXT_J14INT_05_MOV01_Q;"March 23, 2026";"March 24, 2026 7:19:39 AM";"March 24, 2026 7:19:41 AM";;Ended OK;FINANCE : Move du fichier Compteur.zip depuis NAS;MOV_IN_Generique_DKA.ksh;Job;No;1;No;CTMSRV;FINEXT_J14INT_05_Q;opfinbac;ldkfinp01;M_L_FIN12;3omgy
FIN-FINANCE;FINEXT_J14INT_05_Q;FINEXT_J14INT_05_Q;"March 23, 2026";"March 24, 2026 6:22:15 AM";;;Executing;FINANCE : Import des releves dans RB;;SMART Table;No;1;No;CTMSRV;FINEXT_J14INT_05_Q;opfinbac;ldkctmp50;;3omgt
FIN-FINANCE;FINEXT_J14INT_05_Q;FINEXT_J14INT_05_WRK01_Q;"March 23, 2026";"March 24, 2026 7:19:46 AM";"March 24, 2026 7:19:46 AM";;Ended OK;RB : Filtre du fichier AFB120.txt;;Dummy;No;1;No;CTMSRV;FINEXT_J14INT_05_Q;EXPLOITATION;;M_L_FIN12;3omgv
FIN-FINANCE;FINEXT_J14INT_05_Q;FINEXT_J14INT_05_WRK02_Q;"March 23, 2026";"March 24, 2026 7:21:53 AM";"March 24, 2026 7:28:55 AM";;Ended OK;RB : Edition des releves bancaires pour les CSP;;Job;No;1;No;CTMSRV;FINEXT_J14INT_05_Q;EXPLOITATION;ldkfinp11;M_L_FIN12;3omgw
FIN-FINANCE;FINEXT_J14INT_05_Q;FINEXT_J14INT_05_ZIP01_Q;"March 23, 2026";"March 24, 2026 7:19:41 AM";"March 24, 2026 7:19:43 AM";;Ended OK;FINANCE : Decompression du fichier Compteur.zip;DEZIP_Generique_DKA.ksh;Job;No;1;No;CTMSRV;FINEXT_J14INT_05_Q;opfinbac;ldkfinp11;M_L_FIN12;3omgz
FIN-FINANCE;FINEXT_J14INT_06_Q;FINEXT_J14INT_06_CON01_Q;"March 23, 2026";"March 24, 2026 7:50:09 AM";"March 24, 2026 7:50:11 AM";;Wait for Event;FINANCE : Concaténer les fichiers Compteur*.txt dans un fichier AFB120.txt;CON_Generique_DKA.ksh;Job;No;1;Yes;CTMSRV;FINEXT_J14INT_06_Q;opfinbac;ldkfinp01;M_L_FIN12;3on34
FIN-FINANCE;FINEXT_J14INT_06_Q;FINEXT_J14INT_06_IMP01_Q;"March 23, 2026";"March 24, 2026 7:50:13 AM";"March 24, 2026 7:51:18 AM";;Wait for Event;RB : Importation relevés dans RB;;Job;No;1;Yes;CTMSRV;FINEXT_J14INT_06_Q;EXPLOITATION;ldkfinp11;M_L_FIN12;3on2y
FIN-FINANCE;FINEXT_J14INT_06_Q;FINEXT_J14INT_06_MEL01_Q;"March 23, 2026";"March 24, 2026 7:56:42 AM";"March 24, 2026 7:59:06 AM";;Wait for Event;RB : Edition des releves manquants par mail;;Job;No;1;Yes;CTMSRV;FINEXT_J14INT_06_Q;EXPLOITATION;ldkfinp11;M_L_FIN12;3on31
FIN-FINANCE;FINEXT_J14INT_06_Q;FINEXT_J14INT_06_MOV01_Q;"March 23, 2026";"March 24, 2026 7:49:39 AM";"March 24, 2026 7:49:41 AM";;Wait for Event;FINANCE : Move du fichier Compteur.zip depuis NAS;MOV_IN_Generique_DKA.ksh;Job;No;1;Yes;CTMSRV;FINEXT_J14INT_06_Q;opfinbac;ldkfinp11;M_L_FIN12;3on32
FIN-FINANCE;FINEXT_J14INT_06_Q;FINEXT_J14INT_06_Q;"March 23, 2026";"March 23, 2026 1:30:09 PM";;;Executing;FINANCE : Import des releves dans RB partie Cyclique démarrant à 8h après la chaîne FINEXT_J14INT_05_Q;;SMART Table;No;1;No;CTMSRV;FINEXT_J14INT_06_Q;opfinbac;;;3on2x
FIN-FINANCE;FINEXT_J14INT_06_Q;FINEXT_J14INT_06_WRK01_Q;"March 23, 2026";"March 24, 2026 7:50:12 AM";"March 24, 2026 7:50:12 AM";;Wait for Event;RB : Filtre du fichier AFB120.txt;;Dummy;No;1;Yes;CTMSRV;FINEXT_J14INT_06_Q;EXPLOITATION;;M_L_FIN12;3on2z
FIN-FINANCE;FINEXT_J14INT_06_Q;FINEXT_J14INT_06_WRK02_Q;"March 23, 2026";"March 24, 2026 7:51:19 AM";"March 24, 2026 7:56:41 AM";;Wait for Event;RB : Edition des releves bancaires pour les CSP;;Job;No;1;Yes;CTMSRV;FINEXT_J14INT_06_Q;EXPLOITATION;ldkfinp01;M_L_FIN12;3on30
FIN-FINANCE;FINEXT_J14INT_06_Q;FINEXT_J14INT_06_ZIP01_Q;"March 23, 2026";"March 24, 2026 7:49:41 AM";"March 24, 2026 7:50:09 AM";;Wait for Event;FINANCE : Decompression du fichier Compteur.zip;DEZIP_Generique_DKA.ksh;Job;No;1;Yes;CTMSRV;FINEXT_J14INT_06_Q;opfinbac;ldkfinp01;M_L_FIN12;3on33
FIN-FINANCE;FINEXT_J15INT_05_Q;FINEXT_J15INT_05_IMP01_Q;"March 23, 2026";"March 23, 2026 5:00:01 PM";"March 23, 2026 5:05:47 PM";;Ended OK;FINANCE : Interface d'import des fournisseurs dans Oracle (soir);;Job;No;1;No;CTMSRV;FINEXT_J15INT_05_Q;EXPLOITATION;ldkfinp11;M_L_FIN12;3ongp
FIN-FINANCE;FINEXT_J15INT_05_Q;FINEXT_J15INT_05_IMP02_Q;"March 23, 2026";;;;Wait for Event;FINANCE : Interface d'import des fournisseurs dans Oracle (midi);;Job;No;0;No;CTMSRV;FINEXT_J15INT_05_Q;EXPLOITATION;M_L_FIN12;M_L_FIN12;3ongq
FIN-FINANCE;FINEXT_J15INT_05_Q;FINEXT_J15INT_05_IMP03_Q;"March 23, 2026";"March 23, 2026 7:09:55 PM";"March 23, 2026 7:20:28 PM";;Ended OK;FINANCE : Interface d'import des fournisseurs homologations dans Oracle (soir);;Job;No;1;No;CTMSRV;FINEXT_J15INT_05_Q;EXPLOITATION;ldkfinp01;M_L_FIN12;3ongs
FIN-FINANCE;FINEXT_J15INT_05_Q;FINEXT_J15INT_05_MOV01_Q;"March 23, 2026";"March 23, 2026 5:00:00 PM";"March 23, 2026 5:00:01 PM";;Ended OK;FINANCE : Deplacement des fichiers fournisseurs DSP01_SUP*.csv dans Oracle (soir);MOV_IN_Generique_DKA.ksh;Job;No;1;No;CTMSRV;FINEXT_J15INT_05_Q;opfinbac;ldkfinp01;M_L_FIN12;3ongn
FIN-FINANCE;FINEXT_J15INT_05_Q;FINEXT_J15INT_05_MOV02_Q;"March 23, 2026";;;;Wait for Event;FINANCE : Deplacement des fichiers fournisseurs DSP01_SUP*.csv dans Oracle (midi);MOV_IN_Generique_DKA.ksh;Job;No;0;No;CTMSRV;FINEXT_J15INT_05_Q;opfinbac;M_L_FIN12;M_L_FIN12;3ongo
FIN-FINANCE;FINEXT_J15INT_05_Q;FINEXT_J15INT_05_MOV03_Q;"March 23, 2026";"March 23, 2026 7:09:53 PM";"March 23, 2026 7:09:55 PM";;Ended OK;FINANCE : Deplacement des fichiers fournisseurs DSP01_SUP_HOMOLOGATIONS.csv dans Oracle (soir);MOV_IN_Generique_DKA.ksh;Job;No;1;No;CTMSRV;FINEXT_J15INT_05_Q;opfinbac;ldkfinp11;M_L_FIN12;3ongr
FIN-FINANCE;FINEXT_J15INT_05_Q;FINEXT_J15INT_05_Q;"March 23, 2026";"March 23, 2026 1:30:09 PM";;;Executing;FINANCE : Interface d'import des fournisseurs dans Oracle;;SMART Table;No;1;No;CTMSRV;FINEXT_J15INT_05_Q;opfinbac;;;3ongm
FIN-FINANCE;FINEXT_J16GEN_06_M;FINEXT_J16GEN_06_EXP01_M;"March 23, 2026";"March 24, 2026 12:05:54 AM";"March 24, 2026 2:24:35 AM";;Ended OK;FINANCE : Campagne Prelevement (L6) : Remises en banque;;Job;No;1;No;CTMSRV;FINEXT_J16GEN_06_M;EXPLOITATION;ldkfinp11;M_L_FIN12;3onbs
FIN-FINANCE;FINEXT_J16GEN_06_M;FINEXT_J16GEN_06_M;"March 23, 2026";"March 24, 2026 12:05:54 AM";"March 24, 2026 5:04:26 AM";;Ended OK;FINANCE : Campagne Prelevement (L6) : Avis de prelevement;;SMART Table;No;1;No;CTMSRV;FINEXT_J16GEN_06_M;opfinbac;ldkctmp50;;3onbq
FIN-FINANCE;FINEXT_J16GEN_06_M;FINEXT_J16GEN_06_MOV01_M;"March 23, 2026";"March 24, 2026 2:24:36 AM";"March 24, 2026 2:24:43 AM";;Ended OK;FINANCE : Move du fichier DK*PCL*.txt vers le NAS;MOV_OUT_Generique_DKA.ksh;Job;No;1;No;CTMSRV;FINEXT_J16GEN_06_M;opfinbac;ldkfinp11;M_L_FIN12;3onbt
FIN-FINANCE;FINEXT_J16GEN_06_M;FINEXT_J16GEN_06_WRK01_M;"March 23, 2026";"March 24, 2026 2:24:44 AM";"March 24, 2026 5:02:03 AM";;Ended OK;FINANCE : Campagne Prelevement (L6) : Avis de prelevement;;Job;No;1;No;CTMSRV;FINEXT_J16GEN_06_M;EXPLOITATION;ldkfinp01;M_L_FIN12;3onbr
FIN-FINANCE;FINEXT_J16GEN_06_M;FINEXT_J16GEN_06_WRK02_M;"March 23, 2026";"March 24, 2026 5:02:04 AM";"March 24, 2026 5:04:25 AM";;Ended OK;FINANCE : Campagne Prélèvement (L7) : Etats de remise en banque et envoi aux régions;;Job;No;1;No;CTMSRV;FINEXT_J16GEN_06_M;EXPLOITATION;ldkfinp11;M_L_FIN12;3onbu
FIN-FINANCE;FINEXT_J17GEN_06_M;FINEXT_J17GEN_06_EXP01_M;"March 23, 2026";"March 24, 2026 1:38:19 AM";"March 24, 2026 1:40:23 AM";;Ended OK;FINANCE : Campagne TIERS EXPRESS : Creation fichiers AP Import;;Job;No;1;No;CTMSRV;FINEXT_J17GEN_06_M;EXPLOITATION;ldkfinp11;M_L_FIN12;3omtg
FIN-FINANCE;FINEXT_J17GEN_06_M;FINEXT_J17GEN_06_M;"March 23, 2026";"March 24, 2026 12:05:54 AM";"March 24, 2026 1:48:59 AM";;Ended OK;FINANCE : Campagne TIERS EXPRESS : Alimentation AP Import;;SMART Table;No;1;No;CTMSRV;FINEXT_J17GEN_06_M;opfinbac;ldkctmp50;;3omtc
FIN-FINANCE;FINEXT_J17GEN_06_M;FINEXT_J17GEN_06_MEL01_M;"March 23, 2026";"March 24, 2026 1:42:19 AM";"March 24, 2026 1:48:58 AM";;Ended OK;FINANCE : Campagne TIERS EXPRESS : Avis de virement par mail;;Job;No;1;No;CTMSRV;FINEXT_J17GEN_06_M;EXPLOITATION;ldkfinp01;M_L_FIN12;3omtf
FIN-FINANCE;FINEXT_J17GEN_06_M;FINEXT_J17GEN_06_MOV01_M;"March 23, 2026";"March 24, 2026 1:40:24 AM";"March 24, 2026 1:40:30 AM";;Ended OK;FINANCE : Move du fichier DK*EXP*.txt vers le NAS;MOV_OUT_Generique_DKA.ksh;Job;No;1;No;CTMSRV;FINEXT_J17GEN_06_M;opfinbac;ldkfinp01;M_L_FIN12;3omth
FIN-FINANCE;FINEXT_J17GEN_06_M;FINEXT_J17GEN_06_WRK01_M;"March 23, 2026";"March 24, 2026 12:05:54 AM";"March 24, 2026 1:36:04 AM";;Ended OK;FINANCE : Campagne TIERS EXPRESS : Reglements automatiques;;Job;No;1;No;CTMSRV;FINEXT_J17GEN_06_M;EXPLOITATION;ldkfinp01;M_L_FIN12;3omte
FIN-FINANCE;FINEXT_J17GEN_06_M;FINEXT_J17GEN_06_WRK02_M;"March 23, 2026";"March 24, 2026 1:36:05 AM";"March 24, 2026 1:38:18 AM";;Ended OK;FINANCE : Campagne TIERS EXPRESS : Alimentation AP Import;;Job;No;1;No;CTMSRV;FINEXT_J17GEN_06_M;EXPLOITATION;ldkfinp01;M_L_FIN12;3omtd
FIN-FINANCE;FINEXT_J17GEN_06_M;FINEXT_J17GEN_06_WRK03_M;"March 23, 2026";"March 24, 2026 1:40:24 AM";"March 24, 2026 1:42:18 AM";;Ended OK;FINANCE : Campagne TIERS EXPRESS : Calcul du poids;;Job;No;1;No;CTMSRV;FINEXT_J17GEN_06_M;EXPLOITATION;ldkfinp11;M_L_FIN12;3omti
FIN-FINANCE;FINEXT_J17GEN_06_Q;FINEXT_J17GEN_06_EXP01_Q;"March 23, 2026";"March 24, 2026 6:22:14 AM";"March 24, 2026 6:39:35 AM";;Ended OK;FINANCE : Export des factures pour Tradeshift vers PFE;;Job;No;1;No;CTMSRV;FINEXT_J17GEN_06_Q;EXPLOITATION;ldkfinp11;M_L_FIN12;3onq2
FIN-FINANCE;FINEXT_J17GEN_06_Q;FINEXT_J17GEN_06_MOV01_Q;"March 23, 2026";"March 24, 2026 6:39:36 AM";"March 24, 2026 6:39:46 AM";;Ended OK;FINANCE : Move du fichier STATUTSFACTURES_*.csv vers le NAS;MOV_OUT_Generique_DKA.ksh;Job;No;1;No;CTMSRV;FINEXT_J17GEN_06_Q;opfinbac;ldkfinp11;M_L_FIN12;3onq3
FIN-FINANCE;FINEXT_J17GEN_06_Q;FINEXT_J17GEN_06_Q;"March 23, 2026";"March 24, 2026 6:22:14 AM";"March 24, 2026 6:39:47 AM";;Ended OK;FINANCE : Export des factures pour Tradeshift vers PFE;;SMART Table;No;1;No;CTMSRV;FINEXT_J17GEN_06_Q;opfinbac;ldkctmp50;;3onq1
FIN-FINANCE;FINEXT_J17INT_05_Q;FINEXT_J17INT_05_IMP01_Q;"March 23, 2026";"March 23, 2026 7:20:44 PM";"March 23, 2026 7:45:17 PM";;Ended OK;FINANCE : Interface d'import des commandes iValua (soir);;Job;No;1;No;CTMSRV;FINEXT_J17INT_05_Q;EXPLOITATION;ldkfinp11;M_L_FIN12;3omx3
FIN-FINANCE;FINEXT_J17INT_05_Q;FINEXT_J17INT_05_IMP02_Q;"March 23, 2026";;;;Wait for Event;FINANCE : Interface d'import des commandes iValua (midi);;Job;No;0;No;CTMSRV;FINEXT_J17INT_05_Q;EXPLOITATION;M_L_FIN12;M_L_FIN12;3omx4
FIN-FINANCE;FINEXT_J17INT_05_Q;FINEXT_J17INT_05_IMP03_Q;"March 23, 2026";"March 23, 2026 7:45:18 PM";"March 23, 2026 7:47:07 PM";;Ended OK;FINANCE: chargement des contrats SSTR venant d'Ivalua;;Job;No;1;No;CTMSRV;FINEXT_J17INT_05_Q;EXPLOITATION;ldkfinp01;M_L_FIN12;3omx5
FIN-FINANCE;FINEXT_J17INT_05_Q;FINEXT_J17INT_05_MOV01_Q;"March 23, 2026";"March 23, 2026 7:20:28 PM";"March 23, 2026 7:20:43 PM";;Ended OK;FINANCE : Deplacement des fichiers commandes DSP01_PO*.csv dans Oracle (soir);MOV_IN_Generique_DKA.ksh;Job;No;1;No;CTMSRV;FINEXT_J17INT_05_Q;opfinbac;ldkfinp01;M_L_FIN12;3omx2
FIN-FINANCE;FINEXT_J17INT_05_Q;FINEXT_J17INT_05_Q;"March 23, 2026";"March 23, 2026 1:30:09 PM";;;Executing;FINANCE : Interface d'import des commandes iValua;;SMART Table;No;1;No;CTMSRV;FINEXT_J17INT_05_Q;opfinbac;;;3omx1
FIN-FINANCE;FINEXT_J18GEN_06;FINEXT_J18GEN_06_Q;"March 23, 2026";"March 24, 2026 6:22:14 AM";"March 24, 2026 6:55:31 AM";;Ended OK;FINANCE : Export des données factures vers iValua;;SMART Table;No;1;No;CTMSRV;FINEXT_J18GEN_06_Q;opfinbac;ldkctmp50;;3ood5
FIN-FINANCE;FINEXT_J18GEN_06_M;FINEXT_J18GEN_06_EXP01_M;"March 23, 2026";"March 24, 2026 6:16:51 AM";"March 24, 2026 6:18:04 AM";;Ended OK;FINANCE : Campagne GROUPE EXPRESS : Creation fichiers AP Import;;Job;No;1;No;CTMSRV;FINEXT_J18GEN_06_M;EXPLOITATION;ldkfinp11;M_L_FIN12;3omyu
FIN-FINANCE;FINEXT_J18GEN_06_M;FINEXT_J18GEN_06_M;"March 23, 2026";"March 24, 2026 5:27:52 AM";"March 24, 2026 6:22:09 AM";;Ended OK;FINANCE : Campagne GROUPE EXPRESS;;SMART Table;No;1;No;CTMSRV;FINEXT_J18GEN_06_M;opfinbac;ldkctmp50;;3omyq
FIN-FINANCE;FINEXT_J18GEN_06_M;FINEXT_J18GEN_06_MEL01_M;"March 23, 2026";"March 24, 2026 6:20:15 AM";"March 24, 2026 6:22:08 AM";;Ended OK;FINANCE : Campagne GROUPE EXPRESS : Avis de virement par mail;;Job;No;1;No;CTMSRV;FINEXT_J18GEN_06_M;EXPLOITATION;ldkfinp01;M_L_FIN12;3omyt
FIN-FINANCE;FINEXT_J18GEN_06_M;FINEXT_J18GEN_06_MOV01_M;"March 23, 2026";"March 24, 2026 6:18:05 AM";"March 24, 2026 6:18:12 AM";;Ended OK;FINANCE : Move du fichier DK*GPX.txt vers le NAS;MOV_OUT_Generique_DKA.ksh;Job;No;1;No;CTMSRV;FINEXT_J18GEN_06_M;opfinbac;ldkfinp11;M_L_FIN12;3omyv
FIN-FINANCE;FINEXT_J18GEN_06_M;FINEXT_J18GEN_06_WRK01_M;"March 23, 2026";"March 24, 2026 5:27:52 AM";"March 24, 2026 6:14:49 AM";;Ended OK;FINANCE : Campagne GROUPE EXPRESS : Reglements automatiques;;Job;No;1;No;CTMSRV;FINEXT_J18GEN_06_M;EXPLOITATION;ldkfinp01;M_L_FIN12;3omys
FIN-FINANCE;FINEXT_J18GEN_06_M;FINEXT_J18GEN_06_WRK02_M;"March 23, 2026";"March 24, 2026 6:14:50 AM";"March 24, 2026 6:16:50 AM";;Ended OK;FINANCE : Campagne GROUPE EXPRESS : Alimentation AP Import;;Job;No;1;No;CTMSRV;FINEXT_J18GEN_06_M;EXPLOITATION;ldkfinp01;M_L_FIN12;3omyr
FIN-FINANCE;FINEXT_J18GEN_06_M;FINEXT_J18GEN_06_WRK03_M;"March 23, 2026";"March 24, 2026 6:18:05 AM";"March 24, 2026 6:20:14 AM";;Ended OK;FINANCE : Campagne GROUPE EXPRESS : Calcul du poids;;Job;No;1;No;CTMSRV;FINEXT_J18GEN_06_M;EXPLOITATION;ldkfinp01;M_L_FIN12;3omyw
FIN-FINANCE;FINEXT_J18GEN_06_Q;FINEXT_J18GEN_06_EXP01_Q;"March 23, 2026";"March 24, 2026 6:22:14 AM";"March 24, 2026 6:54:59 AM";;Ended OK;Export des données factures vers iValua;;Job;No;1;No;CTMSRV;FINEXT_J18GEN_06_Q;EXPLOITATION;ldkfinp11;M_L_FIN12;3ood6
FIN-FINANCE;FINEXT_J18GEN_06_Q;FINEXT_J18GEN_06_MOV01_Q;"March 23, 2026";"March 24, 2026 6:55:01 AM";"March 24, 2026 6:55:30 AM";;Ended OK;FINANCE : Move du fichier DSP01_INV_*.CSV vers le NAS;MOV_OUT_Generique_DKA.ksh;Job;No;1;No;CTMSRV;FINEXT_J18GEN_06_Q;opfinbac;ldkfinp01;M_L_FIN12;3ood7
FIN-FINANCE;FINEXT_J18GEN_06_Q;FINEXT_J18GEN_06_MOV02_Q;"March 23, 2026";"March 24, 2026 6:55:01 AM";"March 24, 2026 6:55:05 AM";;Ended OK;FINANCE : Move du fichier DSP01_INV_*.ZIP vers le NAS;MOV_OUT_Generique_DKA.ksh;Job;No;1;No;CTMSRV;FINEXT_J18GEN_06_Q;opfinbac;ldkfinp11;M_L_FIN12;3ood8
FIN-FINANCE;FINEXT_J18GEN_06_Q;FINEXT_J18GEN_06_MOV03_Q;"March 23, 2026";"March 24, 2026 6:55:00 AM";"March 24, 2026 6:55:00 AM";;Ended OK;FINANCE : Move des fichiers *.LOG vers le GDR;MOV_OUT_GDR_DKA.ksh;Dummy;No;1;No;CTMSRV;FINEXT_J18GEN_06_Q;opfinbac;;M_L_FIN12;3ood9
FIN-FINANCE;FINEXT_J18INT_05_Q;FINEXT_J18INT_05_IMP01_Q;"March 23, 2026";"March 23, 2026 7:47:10 PM";"March 23, 2026 7:58:26 PM";;Ended OK;FINANCE : Interface d'import des receptions iValua (soir);;Job;No;1;No;CTMSRV;FINEXT_J18INT_05_Q;EXPLOITATION;ldkfinp01;M_L_FIN12;3onkt
FIN-FINANCE;FINEXT_J18INT_05_Q;FINEXT_J18INT_05_IMP02_Q;"March 23, 2026";;;;Wait for Event;FINANCE : Interface d'import des receptions iValua (midi);;Dummy;No;0;No;CTMSRV;FINEXT_J18INT_05_Q;EXPLOITATION;M_L_FIN12;M_L_FIN12;3onku
FIN-FINANCE;FINEXT_J18INT_05_Q;FINEXT_J18INT_05_MOV01_Q;"March 23, 2026";"March 23, 2026 7:47:08 PM";"March 23, 2026 7:47:09 PM";;Ended OK;FINANCE : Deplacement des fichiers receptions DSP01_REC*.csv dans Oracle (soir);MOV_IN_Generique_DKA.ksh;Job;No;1;No;CTMSRV;FINEXT_J18INT_05_Q;opfinbac;ldkfinp11;M_L_FIN12;3onkr
FIN-FINANCE;FINEXT_J18INT_05_Q;FINEXT_J18INT_05_MOV02_Q;"March 23, 2026";;;;Wait for Event;FINANCE : Deplacement des fichiers receptions DSP01_REC*.csv dans Oracle (midi);MOV_IN_Generique_DKA.ksh;Job;No;0;No;CTMSRV;FINEXT_J18INT_05_Q;opfinbac;M_L_FIN12;M_L_FIN12;3onks
FIN-FINANCE;FINEXT_J18INT_05_Q;FINEXT_J18INT_05_Q;"March 23, 2026";"March 23, 2026 1:30:09 PM";;;Executing;FINANCE : Interface d'import des réceptions;;SMART Table;No;1;No;CTMSRV;FINEXT_J18INT_05_Q;opfinbac;;;3onkq
FIN-FINANCE;FINEXT_J19GEN_06_Q;FINEXT_J19GEN_06_EXP01_Q;"March 23, 2026";"March 24, 2026 6:55:00 AM";"March 24, 2026 6:55:00 AM";;Ended OK;Export et envoi vers IVALUA des transferts de commandes à un tiers;;Dummy;No;1;No;CTMSRV;FINEXT_J19GEN_06_Q;EXPLOITATION;;M_L_FIN12;3oo2k
FIN-FINANCE;FINEXT_J19GEN_06_Q;FINEXT_J19GEN_06_Q;"March 23, 2026";"March 23, 2026 1:30:09 PM";"March 24, 2026 6:55:01 AM";;Ended OK;FINANCE : Export des données factures vers iValua;;SMART Table;No;1;No;CTMSRV;FINEXT_J19GEN_06_Q;opfinbac;ldkctmp50;;3oo2j
FIN-FINANCE;FINEXT_J19INT_05_Q;FINEXT_J19INT_05_IMP01_Q;"March 23, 2026";"March 23, 2026 9:31:57 PM";"March 23, 2026 9:36:19 PM";;Ended OK;Import des codes de déblocage facture depuis iValua;;Job;No;1;No;CTMSRV;FINEXT_J19INT_05_Q;EXPLOITATION;ldkfinp11;M_L_FIN12;3omzn
FIN-FINANCE;FINEXT_J19INT_05_Q;FINEXT_J19INT_05_MOV01_Q;"March 23, 2026";"March 23, 2026 9:31:43 PM";"March 23, 2026 9:31:56 PM";;Ended OK;FINANCE : Move des Factures deblocage depuis le NAS;MOV_IN_Generique_DKA.ksh;Job;No;1;No;CTMSRV;FINEXT_J19INT_05_Q;opfinbac;ldkfinp11;M_L_FIN12;3omzo
FIN-FINANCE;FINEXT_J19INT_05_Q;FINEXT_J19INT_05_Q;"March 23, 2026";"March 23, 2026 1:30:09 PM";"March 23, 2026 9:36:20 PM";;Ended OK;FINANCE : Import des codes de déblocage facture depuis iValua;;SMART Table;No;1;No;CTMSRV;FINEXT_J19INT_05_Q;opfinbac;ldkctmp50;;3omzm
FIN-FINANCE;FINEXT_J20GEN_06_Q;FINEXT_J20GEN_06_EXP01_Q;"March 23, 2026";"March 23, 2026 11:08:17 PM";"March 23, 2026 11:11:38 PM";;Ended OK;"Export et envoi vers DATALAKE des Entêtes; Lignes et Règlements de factures fournisseurs";;Job;No;1;No;CTMSRV;FINEXT_J20GEN_06_Q;EXPLOITATION;ldkfinp11;M_L_FIN12;3oosl
FIN-FINANCE;FINEXT_J20GEN_06_Q;FINEXT_J20GEN_06_EXP02_Q;"March 23, 2026";"March 23, 2026 11:08:17 PM";"March 23, 2026 11:09:43 PM";;Ended OK;Export et envoi vers DATALAKE des blocages;;Job;No;1;No;CTMSRV;FINEXT_J20GEN_06_Q;EXPLOITATION;ldkfinp01;M_L_FIN12;3oosm
FIN-FINANCE;FINEXT_J20GEN_06_Q;FINEXT_J20GEN_06_MOV01_Q;"March 23, 2026";"March 23, 2026 11:11:39 PM";"March 23, 2026 11:11:46 PM";;Ended OK;FINANCE : Move du fichier DKA_EXP_FACTURE_ENTETE_ddMMYYYY-HHMMss.csv vers le NAS;MOV_OUT_Generique_DKA.ksh;Job;No;1;No;CTMSRV;FINEXT_J20GEN_06_Q;opfinbac;ldkfinp11;M_L_FIN12;3ooso
FIN-FINANCE;FINEXT_J20GEN_06_Q;FINEXT_J20GEN_06_MOV02_Q;"March 23, 2026";"March 23, 2026 11:11:39 PM";"March 23, 2026 11:11:46 PM";;Ended OK;FINANCE : Move du fichier DKA_EXP_FACTURE_LIGNE_ddMMYYYY-HHMMss.csv vers le NAS;MOV_OUT_Generique_DKA.ksh;Job;No;1;No;CTMSRV;FINEXT_J20GEN_06_Q;opfinbac;ldkfinp11;M_L_FIN12;3oosn
FIN-FINANCE;FINEXT_J20GEN_06_Q;FINEXT_J20GEN_06_MOV03_Q;"March 23, 2026";"March 23, 2026 11:11:39 PM";"March 23, 2026 11:11:40 PM";;Ended OK;FINANCE : Move du fichier DKA_EXP_FACTURE_LIGNE_ddMMYYYY-HHMMss.csv vers le NAS;MOV_OUT_Generique_DKA.ksh;Job;No;1;No;CTMSRV;FINEXT_J20GEN_06_Q;opfinbac;ldkfinp01;M_L_FIN12;3oosp
FIN-FINANCE;FINEXT_J20GEN_06_Q;FINEXT_J20GEN_06_MOV04_Q;"March 23, 2026";"March 23, 2026 11:09:44 PM";"March 23, 2026 11:09:45 PM";;Ended OK;FINANCE : Move du fichier DKA_EXP_BLOCAGE_ddMMYYYY-HHMMss.csv vers le NAS;MOV_OUT_Generique_DKA.ksh;Job;No;1;No;CTMSRV;FINEXT_J20GEN_06_Q;opfinbac;ldkfinp01;M_L_FIN12;3oosq
FIN-FINANCE;FINEXT_J20GEN_06_Q;FINEXT_J20GEN_06_Q;"March 23, 2026";"March 23, 2026 11:08:17 PM";"March 23, 2026 11:11:47 PM";;Ended OK;"FINANCE : Export des données fdes Entêtes; Lignes; blocages et Règlements de factures fournisseurs";;SMART Table;No;1;No;CTMSRV;FINEXT_J20GEN_06_Q;opfinbac;ldkctmp50;;3oosk
FIN-FINANCE;FINEXT_J20INT_05_Q;FINEXT_J20INT_05_IMP01_Q;"March 23, 2026";"March 23, 2026 8:00:04 PM";"March 23, 2026 8:01:34 PM";;Ended OK;IVALUA : Chargement CONTROL_DSP.CSV;;Job;No;1;No;CTMSRV;FINEXT_J20INT_05_Q;EXPLOITATION;ldkfinp11;M_L_FIN12;3ooed
FIN-FINANCE;FINEXT_J20INT_05_Q;FINEXT_J20INT_05_IMP02_Q;"March 23, 2026";"March 23, 2026 8:02:09 PM";"March 23, 2026 8:03:17 PM";;Ended OK;IVALUA : Chargement factures PO FLIP;;Job;No;1;No;CTMSRV;FINEXT_J20INT_05_Q;EXPLOITATION;ldkfinp01;M_L_FIN12;3ooej
FIN-FINANCE;FINEXT_J20INT_05_Q;FINEXT_J20INT_05_MOV01_Q;"March 23, 2026";"March 23, 2026 8:00:00 PM";"March 23, 2026 8:00:02 PM";2220;Ended OK;FINANCE : Move du fichier DKA.DSP.CONTROL.*.csv depuis la PFE;MOV_IN_Generique_DKA.ksh;Job;No;1;No;CTMSRV;FINEXT_J20INT_05_Q;opfinbac;ldkfinp01;M_L_FIN12;3ooeb
FIN-FINANCE;FINEXT_J20INT_05_Q;FINEXT_J20INT_05_MOV02_Q;"March 23, 2026";"March 23, 2026 8:01:35 PM";"March 23, 2026 8:01:36 PM";;Ended OK;FINANCE : Move du fichier DKA.DSP.*.TR1 depuis la PFE;MOV_IN_Generique_DKA.ksh;Job;No;1;No;CTMSRV;FINEXT_J20INT_05_Q;opfinbac;ldkfinp01;M_L_FIN12;3ooef
FIN-FINANCE;FINEXT_J20INT_05_Q;FINEXT_J20INT_05_MOV03_Q;"March 23, 2026";"March 23, 2026 8:01:45 PM";"March 23, 2026 8:01:46 PM";;Ended OK;FINANCE : Move du fichier DKA.DSP.IMAGE depuis la PFE;MOV_IN_Generique_DKA.ksh;Job;No;1;No;CTMSRV;FINEXT_J20INT_05_Q;opfinbac;ldkfinp01;M_L_FIN12;3ooeh
FIN-FINANCE;FINEXT_J20INT_05_Q;FINEXT_J20INT_05_Q;"March 23, 2026";"March 23, 2026 7:00:40 PM";"March 23, 2026 9:32:49 PM";1114;Ended OK;IVALUA : Chargement CONTROL_DSP.CSV;;SMART Table;No;1;No;CTMSRV;FINEXT_J20INT_05_Q;;ldkctmp50;;3ooea
FIN-FINANCE;FINEXT_J20INT_05_Q;FINEXT_J20INT_05_WRK01_Q;"March 23, 2026";"March 23, 2026 9:31:43 PM";"March 23, 2026 9:32:49 PM";;Ended OK;IVALUA : Contrôle de flux PO FLIP;;Job;No;1;No;CTMSRV;FINEXT_J20INT_05_Q;EXPLOITATION;ldkfinp01;M_L_FIN12;3ooee
FIN-FINANCE;FINEXT_J20INT_05_Q;FINEXT_J20INT_05_ZIP01_Q;"March 23, 2026";"March 23, 2026 8:01:46 PM";"March 23, 2026 8:02:08 PM";;Ended OK;FINANCE : Decompression du fichier DKA.DSP.IMAGE.*.zip;FINEXT_J20INT_05_ZIP01_Q.ksh;Job;No;1;No;CTMSRV;FINEXT_J20INT_05_Q;opfinbac;ldkfinp11;M_L_FIN12;3ooei
FIN-FINANCE;FINEXT_J20INT_05_Q;FINEXT_J20NT_05_CON01_Q;"March 23, 2026";"March 23, 2026 8:00:02 PM";"March 23, 2026 8:00:03 PM";;Ended OK;FINANCE : Concatener les fichiers DKA.DSP.CONTROL*.csv en CONTROL_DSP.csv;FINEXT_J20INT_05_CON01_Q.ksh;Job;No;1;No;CTMSRV;FINEXT_J20INT_05_Q;opfinbac;ldkfinp11;M_L_FIN12;3ooec
FIN-FINANCE;FINEXT_J20INT_05_Q;FINEXT_J20NT_05_CON02_Q;"March 23, 2026";"March 23, 2026 8:01:37 PM";"March 23, 2026 8:01:44 PM";;Ended OK;FINANCE : Concatener les fichiers DKA.DSP.*.TR1 en DSP_DAL.csv;CON_Generique_DKA.ksh;Job;No;1;No;CTMSRV;FINEXT_J20INT_05_Q;opfinbac;ldkfinp11;M_L_FIN12;3ooeg
FIN-FINANCE;FINFIN_E11STP_01_Q;FINFIN_E11STP_01_ARR01_Q;"March 23, 2026";"March 23, 2026 7:00:02 PM";"March 23, 2026 7:00:08 PM";;Ended OK;Fermeture TP R12 - Stop OHS no 1;ebsstop.ksh;Job;No;1;No;CTMSRV;FINFIN_E11STP_01_Q;opfinbac;ldkfinp06;A_L_FIN06;3ooim
FIN-FINANCE;FINFIN_E11STP_01_Q;FINFIN_E11STP_01_ARR02_Q;"March 23, 2026";"March 23, 2026 7:00:02 PM";"March 23, 2026 7:00:08 PM";;Ended OK;Fermeture TP R12 - Stop OHS no 2;ebsstop.ksh;Job;No;1;No;CTMSRV;FINFIN_E11STP_01_Q;opfinbac;ldkfinp05;A_L_FIN05;3ooio
FIN-FINANCE;FINFIN_E11STP_01_Q;FINFIN_E11STP_01_ARR03_Q;"March 23, 2026";"March 23, 2026 7:00:08 PM";"March 23, 2026 7:00:14 PM";;Ended OK;ARRET des MS sur le %%hostname;ebskillfmrweb.ksh;Job;No;1;No;CTMSRV;FINFIN_E11STP_01_Q;opfinbac;ldkfinp03;A_L_FIN03;3ooip
FIN-FINANCE;FINFIN_E11STP_01_Q;FINFIN_E11STP_01_ARR04_Q;"March 23, 2026";"March 23, 2026 7:00:08 PM";"March 23, 2026 7:00:14 PM";;Ended OK;ARRET des MS sur le %%hostname;ebskillfmrweb.ksh;Job;No;1;No;CTMSRV;FINFIN_E11STP_01_Q;opfinbac;ldkfinp04;A_L_FIN04;3ooiq
FIN-FINANCE;FINFIN_E11STP_01_Q;FINFIN_E11STP_01_ATP01_Q;"March 23, 2026";"March 23, 2026 7:00:01 PM";"March 23, 2026 7:00:01 PM";;Ended OK;Fermeture TP R12 - Lock USERS;LOCK_USERS.ksh;Dummy;No;1;No;CTMSRV;FINFIN_E11STP_01_Q;opfinbac;;NOTEXIST;3ooin
FIN-FINANCE;FINFIN_E11STP_01_Q;FINFIN_E11STP_01_Q;"March 23, 2026";"March 23, 2026 7:00:00 PM";"March 23, 2026 7:00:38 PM";;Ended OK;FINANCE : Fermeture TP OracleR12;;SMART Table;No;1;No;CTMSRV;FINFIN_E11STP_01_Q;opfinbac;ldkctmp50;;3ooik
FIN-FINANCE;FINFIN_E11STP_01_Q;FINFIN_E11STP_01_WRK01_Q;"March 23, 2026";"March 23, 2026 7:00:15 PM";"March 23, 2026 7:00:37 PM";;Ended OK;Fermeture TP R12 - Flag TP;;Job;No;1;No;CTMSRV;FINFIN_E11STP_01_Q;EXPLOITATION;ldkfinp11;M_L_FIN12;3ooil
FIN-FINANCE;FINFIN_E11STR_02_Q;FINFIN_E11STR_02_DTP01_Q;"March 23, 2026";"March 24, 2026 7:01:40 AM";"March 24, 2026 7:01:40 AM";;Ended OK;Ouverture TP R12 - UnLock USERS;UNLOCK_USERS.ksh;Dummy;No;1;No;CTMSRV;FINFIN_E11STR_02_Q;opfinbac;;NOTEXIST;3onn7
FIN-FINANCE;FINFIN_E11STR_02_Q;FINFIN_E11STR_02_Q;"March 23, 2026";"March 24, 2026 7:00:00 AM";"March 24, 2026 7:01:41 AM";;Ended OK;FINANCE : Ouverture TP OracleR12;;SMART Table;No;1;No;CTMSRV;FINFIN_E11STR_02_Q;opfinbac;ldkctmp50;;3onn5
FIN-FINANCE;FINFIN_E11STR_02_Q;FINFIN_E11STR_02_WRK01_Q;"March 23, 2026";"March 24, 2026 7:00:00 AM";"March 24, 2026 7:01:39 AM";;Ended OK;Ouverture TP R12 - Flag TP;;Job;No;1;No;CTMSRV;FINFIN_E11STR_02_Q;EXPLOITATION;ldkfinp11;M_L_FIN12;3onn6
FIN-FINANCE;FINFIN_E12STR_02_Q;FINFIN_E12STR_02_DEM01_Q;"March 23, 2026";"March 23, 2026 7:00:40 PM";"March 23, 2026 7:00:53 PM";;Ended OK;Ouverture TP R12 - Start OHS no 1;ebsstart.ksh;Job;No;1;No;CTMSRV;FINFIN_E12STR_02_Q;opfinbac;ldkfinp06;A_L_FIN06;3oo4d
FIN-FINANCE;FINFIN_E12STR_02_Q;FINFIN_E12STR_02_DEM02_Q;"March 23, 2026";"March 23, 2026 7:00:54 PM";"March 23, 2026 7:01:09 PM";;Ended OK;Ouverture TP R12 - Start OHS no 2;ebsstart.ksh;Job;No;1;No;CTMSRV;FINFIN_E12STR_02_Q;opfinbac;ldkfinp05;A_L_FIN05;3oo4c
FIN-FINANCE;FINFIN_E12STR_02_Q;FINFIN_E12STR_02_Q;"March 23, 2026";"March 23, 2026 7:00:40 PM";"March 23, 2026 7:01:10 PM";;Ended OK;FINANCE : Ouverture TP OracleR12;;SMART Table;No;1;No;CTMSRV;FINFIN_E12STR_02_Q;opfinfrt;ldkctmp50;;3oo4b
FIN-FINANCE;FINFIN_J11TEC_04_DEB01_Q;FINFIN_J11TEC_04_DEB01_Q;"March 23, 2026";"March 23, 2026 7:00:38 PM";"March 23, 2026 7:00:38 PM";;Ended OK;FINANCE : Jalon Debut Finance;;SMART Table;No;1;No;CTMSRV;FINFIN_J11TEC_04_DEB01_Q;opfinbac;ldkctmp50;;3ooe5
FIN-FINANCE;FINFIN_J11TEC_04_DEB02_Q;FINFIN_J11TEC_04_DEB02_Q;"March 23, 2026";"March 24, 2026 12:05:00 AM";"March 24, 2026 12:05:00 AM";;Ended OK;FINANCE : Jalon Debut Confirmation des règlements pour prélèvements;;SMART Table;No;1;No;CTMSRV;FINFIN_J11TEC_04_DEB02_Q;opfinbac;ldkctmp50;;3ondp
FIN-FINANCE;FINFIN_J11TEC_04_FCL01_Q;FINFIN_J11TEC_04_FCL01_Q;"March 23, 2026";"March 24, 2026 6:22:13 AM";"March 24, 2026 6:22:13 AM";;Ended OK;FINANCE : Jalon fin Cloture;;SMART Table;No;1;No;CTMSRV;FINFIN_J11TEC_04_FCL01_Q;opfinbac;ldkctmp50;;3on6w
FIN-FINANCE;FINFIN_J11TEC_04_FIN01_Q;FINFIN_J11TEC_04_FIN01_Q;"March 23, 2026";"March 24, 2026 7:29:21 AM";"March 24, 2026 7:29:21 AM";;Ended OK;FINANCE : Jalon fin Finance;;SMART Table;No;1;No;CTMSRV;FINFIN_J11TEC_04_FIN01_Q;opfinbac;ldkctmp50;;3omvt
FIN-FINANCE;FINFIN_J11TEC_04_FJA01_Q;FINFIN_J11TEC_04_FJA01_Q;"March 23, 2026";"March 24, 2026 12:05:53 AM";"March 24, 2026 12:05:53 AM";;Ended OK;FINANCE : Debut des campagnes de reglements ();;SMART Table;No;1;No;CTMSRV;FINFIN_J11TEC_04_FJA01_Q;opfinbac;ldkctmp50;;3ons9
FIN-FINANCE;FINFIN_J11TEC_04_FJA02_Q;FINFIN_J11TEC_04_FJA02_Q;"March 23, 2026";"March 24, 2026 5:04:26 AM";"March 24, 2026 5:04:26 AM";;Ended OK;FINANCE : Jalon campagnes de reglements (Bloc 1);;SMART Table;No;1;No;CTMSRV;FINFIN_J11TEC_04_FJA02_Q;opfinbac;ldkctmp50;;3oo9f
FIN-FINANCE;FINFIN_J11TEC_04_FJA03_Q;FINFIN_J11TEC_04_FJA03_Q;"March 23, 2026";"March 24, 2026 5:04:26 AM";"March 24, 2026 5:04:26 AM";;Ended OK;FINANCE : Jalon campagnes de reglements (Bloc 2);;SMART Table;No;1;No;CTMSRV;FINFIN_J11TEC_04_FJA03_Q;opfinbac;ldkctmp50;;3ooj0
FIN-FINANCE;FINFIN_J11TEC_04_FJA04_Q;FINFIN_J11TEC_04_FJA04_Q;"March 23, 2026";"March 24, 2026 5:27:51 AM";"March 24, 2026 5:27:51 AM";;Ended OK;FINANCE : Jalon Campagnes de reglements (Bloc 3);;SMART Table;No;1;No;CTMSRV;FINFIN_J11TEC_04_FJA04_Q;opfinbac;ldkctmp50;;3oncn
FIN-FINANCE;FINFIN_J11TEC_04_FJA05_Q;FINFIN_J11TEC_04_FJA05_Q;"March 23, 2026";"March 24, 2026 6:22:09 AM";"March 24, 2026 6:22:09 AM";;Ended OK;FINANCE : Jalon Campagnes de reglements (Bloc 4);;SMART Table;No;1;No;CTMSRV;FINFIN_J11TEC_04_FJA05_Q;opfinbac;ldkctmp50;;3omqo
FIN-FINANCE;FINFIN_J11TEC_04_FJA06_Q;FINFIN_J11TEC_04_FJA06_Q;"March 23, 2026";"March 24, 2026 6:22:10 AM";"March 24, 2026 6:22:10 AM";;Ended OK;FINANCE : Fin des campagnes de reglements;;SMART Table;No;1;No;CTMSRV;FINFIN_J11TEC_04_FJA06_Q;opfinbac;ldkctmp50;;3onxk
FIN-FINANCE;FINFIN_J11TEC_04_FJO01_Q;FINFIN_J11TEC_04_FJO01_Q;"March 23, 2026";"March 23, 2026 11:08:16 PM";"March 23, 2026 11:08:16 PM";;Ended OK;FINANCE : Jalon fin Journaliere;;SMART Table;No;1;No;CTMSRV;FINFIN_J11TEC_04_FJO01_Q;opfinbac;ldkctmp50;;3onw6
FIN-FINANCE;FINFIN_J11TEC_04_FPE01_Q;FINFIN_J11TEC_04_FPE01_Q;"March 23, 2026";"March 24, 2026 6:22:12 AM";"March 24, 2026 6:22:12 AM";;Ended OK;FINANCE : Jalon fin des Periodique;;SMART Table;No;1;No;CTMSRV;FINFIN_J11TEC_04_FPE01_Q;opfinbac;ldkctmp50;;3onqc
FIN-FINANCE;FINFIN_J11TEC_04_FRE01_Q;FINFIN_J11TEC_04_FRE01_Q;"March 23, 2026";"March 24, 2026 6:22:14 AM";"March 24, 2026 6:22:14 AM";;Ended OK;FINANCE : Jalon fin Referentiel;;SMART Table;No;1;No;CTMSRV;FINFIN_J11TEC_04_FRE01_Q;opfinbac;ldkctmp50;;3onhj
FIN-FINANCE;FINFIN_J12TEC_04_Q;FINFIN_J12TEC_04_PUR01_Q;"March 23, 2026";"March 23, 2026 4:00:00 PM";"March 23, 2026 4:00:01 PM";;Ended OK;"Archivage des repertoires IN; OUT et OUT_SEPA";FINFIN_J12TEC_04_PUR01_Q.ksh;Job;No;1;No;CTMSRV;FINFIN_J12TEC_04_Q;opfinbac;ldkfinp01;M_L_FIN12;3onkk
FIN-FINANCE;FINFIN_J12TEC_04_Q;FINFIN_J12TEC_04_PUR02_Q;"March 23, 2026";;;;Wait for Event;"Archivage des repertoires IN; OUT et OUT_SEPA";FINFIN_J12TEC_04_PUR01_Q.ksh;Job;No;0;No;CTMSRV;FINFIN_J12TEC_04_Q;opfinbac;M_L_FIN12;M_L_FIN12;3onkl
FIN-FINANCE;FINFIN_J12TEC_04_Q;FINFIN_J12TEC_04_Q;"March 23, 2026";"March 23, 2026 1:30:09 PM";;;Executing;"FINANCE : Archivage des repertoires IN; OUT et OUT_SEPA";;SMART Table;No;1;No;CTMSRV;FINFIN_J12TEC_04_Q;root;;;3onkj
FIN-FINANCE;FINFIN_J12TRT_04_Q;FINFIN_J12TRT_04_Q;"March 23, 2026";"March 23, 2026 7:00:40 PM";"March 24, 2026 5:18:41 AM";;Ended OK;FINANCE : Prise en compte GL/AP/AR du jour;;SMART Table;No;1;No;CTMSRV;FINFIN_J12TRT_04_Q;opfinbac;ldkctmp50;;3omeh
FIN-FINANCE;FINFIN_J12TRT_04_Q;FINFIN_J12TRT_04_WRK01_Q;"March 23, 2026";"March 23, 2026 7:13:11 PM";"March 23, 2026 7:21:58 PM";;Ended OK;Prise en compte AR du jour;;Job;No;1;No;CTMSRV;FINFIN_J12TRT_04_Q;EXPLOITATION;ldkfinp11;M_L_FIN12;3omei
FIN-FINANCE;FINFIN_J12TRT_04_Q;FINFIN_J12TRT_04_WRK02_Q;"March 23, 2026";"March 23, 2026 9:36:20 PM";"March 23, 2026 10:48:02 PM";;Ended OK;Prise en compte AP du jour;;Job;No;1;No;CTMSRV;FINFIN_J12TRT_04_Q;EXPLOITATION;ldkfinp01;M_L_FIN12;3omej
FIN-FINANCE;FINFIN_J12TRT_04_Q;FINFIN_J12TRT_04_WRK03_Q;"March 23, 2026";"March 23, 2026 10:48:03 PM";"March 23, 2026 11:08:16 PM";;Ended OK;Prise en compte GL du jour;;Job;No;1;No;CTMSRV;FINFIN_J12TRT_04_Q;EXPLOITATION;ldkfinp11;M_L_FIN12;3omek
FIN-FINANCE;FINFIN_J12TRT_04_Q;FINFIN_J12TRT_04_WRK04_Q;"March 23, 2026";"March 23, 2026 7:23:59 PM";"March 23, 2026 7:37:14 PM";;Ended OK;Prise en compte AR du jour;;Job;No;1;No;CTMSRV;FINFIN_J12TRT_04_Q;EXPLOITATION;ldkfinp01;M_L_FIN12;3omel
FIN-FINANCE;FINFIN_J12TRT_04_Q;FINFIN_J12TRT_04_WRK05_Q;"March 23, 2026";"March 23, 2026 7:00:40 PM";"March 23, 2026 7:12:02 PM";;Ended OK;Prise en compte AR du jour;;Job;No;1;No;CTMSRV;FINFIN_J12TRT_04_Q;EXPLOITATION;ldkfinp01;M_L_FIN12;3omem
FIN-FINANCE;FINFIN_J12TRT_04_Q;FINFIN_J12TRT_04_WRK07_Q;"March 23, 2026";"March 24, 2026 5:04:26 AM";"March 24, 2026 5:18:41 AM";;Ended OK;Prise en compte AR du jour;;Job;No;1;No;CTMSRV;FINFIN_J12TRT_04_Q;EXPLOITATION;ldkfinp11;M_L_FIN12;3omen
FIN-FINANCE;FINFIN_J13TRT_04_Q;FINFIN_J13TRT_04_Q;"March 23, 2026";"March 23, 2026 7:00:40 PM";"March 23, 2026 11:30:44 PM";;Ended OK;FINANCE : Workflow validation factures;;SMART Table;No;1;No;CTMSRV;FINFIN_J13TRT_04_Q;opfinbac;ldkctmp50;;3omhb
FIN-FINANCE;FINFIN_J13TRT_04_Q;FINFIN_J13TRT_04_WRK01_Q;"March 23, 2026";"March 23, 2026 10:52:47 PM";"March 23, 2026 11:13:31 PM";;Ended OK;FINANCE : Workflow validation factures;;Job;No;1;No;CTMSRV;FINFIN_J13TRT_04_Q;EXPLOITATION;ldkfinp11;M_L_FIN12;3omhc
FIN-FINANCE;FINFIN_J13TRT_04_Q;FINFIN_J13TRT_04_WRK02_Q;"March 23, 2026";"March 23, 2026 11:13:32 PM";"March 23, 2026 11:15:20 PM";;Ended OK;FINANCE : Approbation auto des notifications;;Job;No;1;No;CTMSRV;FINFIN_J13TRT_04_Q;EXPLOITATION;ldkfinp01;M_L_FIN12;3omhd
FIN-FINANCE;FINFIN_J13TRT_04_Q;FINFIN_J13TRT_04_WRK03_Q;"March 23, 2026";"March 23, 2026 11:15:21 PM";"March 23, 2026 11:22:22 PM";;Ended OK;FINANCE : Workflow en arriere plan DKACSP;;Job;No;1;No;CTMSRV;FINFIN_J13TRT_04_Q;EXPLOITATION;ldkfinp11;M_L_FIN12;3omhe
FIN-FINANCE;FINFIN_J13TRT_04_Q;FINFIN_J13TRT_04_WRK04_Q;"March 23, 2026";"March 23, 2026 11:22:23 PM";"March 23, 2026 11:24:24 PM";;Ended OK;FINANCE : Reporting des mvts sans image;;Job;No;1;No;CTMSRV;FINFIN_J13TRT_04_Q;EXPLOITATION;ldkfinp11;M_L_FIN12;3omhf
FIN-FINANCE;FINFIN_J13TRT_04_Q;FINFIN_J13TRT_04_WRK05_Q;"March 23, 2026";"March 23, 2026 11:26:44 PM";"March 23, 2026 11:28:32 PM";;Ended OK;FINANCE : Suivi des notifications ouvertes;;Job;No;1;No;CTMSRV;FINFIN_J13TRT_04_Q;EXPLOITATION;ldkfinp01;M_L_FIN12;3omhj
FIN-FINANCE;FINFIN_J13TRT_04_Q;FINFIN_J13TRT_04_WRK06_Q;"March 23, 2026";"March 23, 2026 11:28:33 PM";"March 23, 2026 11:30:43 PM";;Ended OK;FINANCE : Purge des workflow obsoletes;;Job;No;1;No;CTMSRV;FINFIN_J13TRT_04_Q;EXPLOITATION;ldkfinp11;M_L_FIN12;3omhg
FIN-FINANCE;FINFIN_J13TRT_04_Q;FINFIN_J13TRT_04_WRK07_Q;"March 23, 2026";"March 23, 2026 7:21:59 PM";"March 23, 2026 7:23:59 PM";;Ended OK;FINANCE : Automatisation des etapes d'encaissement;;Job;No;1;No;CTMSRV;FINFIN_J13TRT_04_Q;EXPLOITATION;ldkfinp11;M_L_FIN12;3omhh
FIN-FINANCE;FINFIN_J13TRT_04_Q;FINFIN_J13TRT_04_WRK08_Q;"March 23, 2026";"March 23, 2026 11:24:25 PM";"March 23, 2026 11:26:43 PM";;Ended OK;FINANCE : Annulation des notifications obsoletes CSP;;Job;No;1;No;CTMSRV;FINFIN_J13TRT_04_Q;EXPLOITATION;ldkfinp01;M_L_FIN12;3omhi
FIN-FINANCE;FINFIN_J14TRT_04_Q;FINFIN_J14TRT_04_Q;"March 23, 2026";"March 24, 2026 6:22:14 AM";"March 24, 2026 6:31:52 AM";;Ended OK;FINANCE : Importation des donnees GL dans RB;;SMART Table;No;1;No;CTMSRV;FINFIN_J14TRT_04_Q;opfinbac;ldkctmp50;;3on67
FIN-FINANCE;FINFIN_J14TRT_04_Q;FINFIN_J14TRT_04_WRK01_Q;"March 23, 2026";"March 24, 2026 6:22:14 AM";"March 24, 2026 6:31:52 AM";;Ended OK;RB : Importation des donnees GL dans RB;;Job;No;1;No;CTMSRV;FINFIN_J14TRT_04_Q;EXPLOITATION;ldkfinp01;M_L_FIN12;3on68
FIN-FINANCE;FINFIN_J15TRT_04_Q;FINFIN_J15TRT_04_Q;"March 23, 2026";"March 24, 2026 6:22:15 AM";;;Executing;FINANCE : Rapprochement bancaire automatique;;SMART Table;No;1;No;CTMSRV;FINFIN_J15TRT_04_Q;opfinbac;ldkctmp50;;3onvl
FIN-FINANCE;FINFIN_J15TRT_04_Q;FINFIN_J15TRT_04_WRK01_Q;"March 23, 2026";"March 24, 2026 7:59:06 AM";"March 24, 2026 8:05:49 AM";;Wait for Event;RB : rapprochement automatique;;Job;No;2;Yes;CTMSRV;FINFIN_J15TRT_04_Q;EXPLOITATION;ldkfinp01;M_L_FIN12;3onvm
FIN-FINANCE;FINFIN_J17TRT_04_Q;FINFIN_J17TRT_04_Q;"March 23, 2026";"March 24, 2026 6:22:15 AM";"March 24, 2026 7:06:20 AM";;Ended OK;FINANCE : Securisation du workflow POAPPRV/REQAPPRV;;SMART Table;No;1;No;CTMSRV;FINFIN_J17TRT_04_Q;opfinbac;ldkctmp50;;3oob5
FIN-FINANCE;FINFIN_J17TRT_04_Q;FINFIN_J17TRT_04_WRK01_Q;"March 23, 2026";"March 24, 2026 7:01:40 AM";"March 24, 2026 7:04:48 AM";;Ended OK;WF : Securisation du workflow POAPPRV;;Job;No;1;No;CTMSRV;FINFIN_J17TRT_04_Q;EXPLOITATION;ldkfinp01;M_L_FIN12;3oob6
FIN-FINANCE;FINFIN_J17TRT_04_Q;FINFIN_J17TRT_04_WRK02_Q;"March 23, 2026";"March 24, 2026 7:04:48 AM";"March 24, 2026 7:06:20 AM";;Ended OK;WF : Securisation du workflow REQAPPRV;;Job;No;1;No;CTMSRV;FINFIN_J17TRT_04_Q;EXPLOITATION;ldkfinp11;M_L_FIN12;3oob7
FIN-FINANCE;FINFIN_J18TRT_04_Q;FINFIN_J18TRT_04_IMP01_Q;"March 23, 2026";"March 24, 2026 8:00:00 AM";"March 24, 2026 8:03:57 AM";1300;Wait for Event;Import des projets dans PA (Matin);;Job;No;5;Yes;CTMSRV;FINFIN_J18TRT_04_Q;EXPLOITATION;ldkfinp11;M_L_FIN12;3oobm
FIN-FINANCE;FINFIN_J18TRT_04_Q;FINFIN_J18TRT_04_IMP02_Q;"March 23, 2026";"March 23, 2026 6:45:00 PM";"March 23, 2026 6:47:59 PM";1900;Wait for Event;Import des projets dans PA (Apres-midi);;Job;No;22;Yes;CTMSRV;FINFIN_J18TRT_04_Q;EXPLOITATION;ldkfinp01;M_L_FIN12;3oobn
FIN-FINANCE;FINFIN_J18TRT_04_Q;FINFIN_J18TRT_04_Q;"March 23, 2026";"March 23, 2026 1:30:10 PM";;;Executing;FINANCE : Import des projets dans PA;;SMART Table;No;1;No;CTMSRV;FINFIN_J18TRT_04_Q;opfinbac;;;3oobl
FIN-FINANCE;FINFIN_J19TRT_04_Q;FINFIN_J19TRT_04_Q;"March 23, 2026";"March 23, 2026 7:00:40 PM";"March 23, 2026 10:49:51 PM";;Ended OK;FINANCE : Extraction des status factures AP;;SMART Table;No;1;No;CTMSRV;FINFIN_J19TRT_04_Q;opfinbac;ldkctmp50;;3onjc
FIN-FINANCE;FINFIN_J19TRT_04_Q;FINFIN_J19TRT_04_WRK01_Q;"March 23, 2026";"March 23, 2026 10:48:03 PM";"March 23, 2026 10:49:51 PM";;Ended OK;Extraction des status factures AP;;Job;No;1;No;CTMSRV;FINFIN_J19TRT_04_Q;EXPLOITATION;ldkfinp01;M_L_FIN12;3onjd
FIN-FINANCE;FINFIN_J1GTRT_04_M;FINFIN_J1GTRT_04_M;"March 23, 2026";"March 24, 2026 6:22:10 AM";"March 24, 2026 6:31:05 AM";;Ended OK;FINANCE : Echeancier provisoire TIERS (L6);;SMART Table;No;1;No;CTMSRV;FINFIN_J1GTRT_04_M;opfinbac;ldkctmp50;;3onuv
FIN-FINANCE;FINFIN_J1GTRT_04_M;FINFIN_J1GTRT_04_WRK01_M;"March 23, 2026";"March 24, 2026 6:22:10 AM";"March 24, 2026 6:31:04 AM";;Ended OK;FINANCE : Echeancier provisoire TIERS (L6);;Job;No;1;No;CTMSRV;FINFIN_J1GTRT_04_M;EXPLOITATION;ldkfinp11;M_L_FIN12;3onuw
FIN-FINANCE;FINFIN_J1OTRT_04_M;FINFIN_J1OTRT_04_CTL01_M;"March 23, 2026";"March 24, 2026 6:22:14 AM";"March 24, 2026 6:31:27 AM";;Ended OK;FINANCE : Controle de pre-cloture - AMONTS;;Job;No;1;No;CTMSRV;FINFIN_J1OTRT_04_M;EXPLOITATION;ldkfinp11;M_L_FIN12;3oop6
FIN-FINANCE;FINFIN_J1OTRT_04_M;FINFIN_J1OTRT_04_CTL02_M;"March 23, 2026";"March 24, 2026 6:22:14 AM";"March 24, 2026 6:37:56 AM";;Ended OK;FINANCE : Controle de pre-cloture - AP;;Job;No;1;No;CTMSRV;FINFIN_J1OTRT_04_M;EXPLOITATION;ldkfinp01;M_L_FIN12;3oop7
FIN-FINANCE;FINFIN_J1OTRT_04_M;FINFIN_J1OTRT_04_CTL03_M;"March 23, 2026";"March 24, 2026 6:22:14 AM";"March 24, 2026 6:30:51 AM";;Ended OK;FINANCE : Controle de pre-cloture - AR;;Job;No;1;No;CTMSRV;FINFIN_J1OTRT_04_M;EXPLOITATION;ldkfinp11;M_L_FIN12;3oop8
FIN-FINANCE;FINFIN_J1OTRT_04_M;FINFIN_J1OTRT_04_CTL04_M;"March 23, 2026";"March 24, 2026 6:22:14 AM";"March 24, 2026 6:37:30 AM";;Ended OK;FINANCE : Controle de pre-cloture - DIVERS;;Job;No;1;No;CTMSRV;FINFIN_J1OTRT_04_M;EXPLOITATION;ldkfinp01;M_L_FIN12;3oop9
FIN-FINANCE;FINFIN_J1OTRT_04_M;FINFIN_J1OTRT_04_CTL05_M;"March 23, 2026";"March 24, 2026 6:22:14 AM";"March 24, 2026 6:31:29 AM";;Ended OK;FINANCE : Controle de pre-cloture - FA;;Job;No;1;No;CTMSRV;FINFIN_J1OTRT_04_M;EXPLOITATION;ldkfinp11;M_L_FIN12;3oopa
FIN-FINANCE;FINFIN_J1OTRT_04_M;FINFIN_J1OTRT_04_CTL06_M;"March 23, 2026";"March 24, 2026 6:22:14 AM";"March 24, 2026 6:29:46 AM";;Ended OK;FINANCE : Controle de pre-cloture - GL;;Job;No;1;No;CTMSRV;FINFIN_J1OTRT_04_M;EXPLOITATION;ldkfinp01;M_L_FIN12;3oopb
FIN-FINANCE;FINFIN_J1OTRT_04_M;FINFIN_J1OTRT_04_CTL07_M;"March 23, 2026";"March 24, 2026 6:22:14 AM";"March 24, 2026 6:57:33 AM";;Ended OK;FINANCE : Controle de pre-cloture - PA;;Job;No;1;No;CTMSRV;FINFIN_J1OTRT_04_M;EXPLOITATION;ldkfinp01;M_L_FIN12;3oopc
FIN-FINANCE;FINFIN_J1OTRT_04_M;FINFIN_J1OTRT_04_CTL08_M;"March 23, 2026";"March 24, 2026 6:22:14 AM";"March 24, 2026 6:37:28 AM";;Ended OK;FINANCE : Controle de pre-cloture - PO;;Job;No;1;No;CTMSRV;FINFIN_J1OTRT_04_M;EXPLOITATION;ldkfinp11;M_L_FIN12;3oopd
FIN-FINANCE;FINFIN_J1OTRT_04_M;FINFIN_J1OTRT_04_CTL09_M;"March 23, 2026";"March 24, 2026 6:22:14 AM";"March 24, 2026 6:30:06 AM";;Ended OK;FINANCE : Controle de pre-cloture - REFAC;;Job;No;1;No;CTMSRV;FINFIN_J1OTRT_04_M;EXPLOITATION;ldkfinp11;M_L_FIN12;3oope
FIN-FINANCE;FINFIN_J1OTRT_04_M;FINFIN_J1OTRT_04_CTL10_M;"March 23, 2026";"March 24, 2026 6:22:14 AM";"March 24, 2026 6:38:20 AM";;Ended OK;FINANCE : Controle de pre-cloture - SLA;;Job;No;1;No;CTMSRV;FINFIN_J1OTRT_04_M;EXPLOITATION;ldkfinp01;M_L_FIN12;3oopf
FIN-FINANCE;FINFIN_J1OTRT_04_M;FINFIN_J1OTRT_04_M;"March 23, 2026";"March 24, 2026 6:22:14 AM";"March 24, 2026 6:57:34 AM";;Ended OK;FINANCE : Controles pre-cloture;;SMART Table;No;1;No;CTMSRV;FINFIN_J1OTRT_04_M;opfinbac;ldkctmp50;;3oop5
FIN-FINANCE;FINFIN_J20TRT_04_Q;FINFIN_J20TRT_04_Q;"March 23, 2026";"March 23, 2026 7:00:40 PM";"March 23, 2026 7:52:06 PM";;Ended OK;FINANCE : Prise en compte FA du jour;;SMART Table;No;1;No;CTMSRV;FINFIN_J20TRT_04_Q;opfinbac;ldkctmp50;;3oo6d
FIN-FINANCE;FINFIN_J20TRT_04_Q;FINFIN_J20TRT_04_WRK01_Q;"March 23, 2026";"March 23, 2026 7:00:40 PM";"March 23, 2026 7:52:05 PM";;Ended OK;Prise en compte FA du jour;;Job;No;1;No;CTMSRV;FINFIN_J20TRT_04_Q;EXPLOITATION;ldkfinp01;M_L_FIN12;3oo6e
FIN-FINANCE;FINFIN_J21TRT_04_Q;FINFIN_J21TRT_04_Q;"March 23, 2026";"March 23, 2026 7:00:40 PM";"March 23, 2026 7:03:24 PM";;Ended OK;FINANCE : Chargement catalogue;;SMART Table;No;1;No;CTMSRV;FINFIN_J21TRT_04_Q;opfinbac;ldkctmp50;;3onj6
FIN-FINANCE;FINFIN_J21TRT_04_Q;FINFIN_J21TRT_04_WRK01_Q;"March 23, 2026";"March 23, 2026 7:00:40 PM";"March 23, 2026 7:03:23 PM";;Ended OK;FINANCE : Chargement catalogue;;Job;No;1;No;CTMSRV;FINFIN_J21TRT_04_Q;EXPLOITATION;ldkfinp11;M_L_FIN12;3onj7
FIN-FINANCE;FINFIN_J22TRT_04_Q;FINFIN_J22TRT_04_Q;"March 23, 2026";"March 23, 2026 1:30:09 PM";;;Executing;FINANCE : Duplication des sites fournisseurs;;SMART Table;No;1;No;CTMSRV;FINFIN_J22TRT_04_Q;opfinbac;;;3onc3
FIN-FINANCE;FINFIN_J22TRT_04_Q;FINFIN_J22TRT_04_WRK01_Q;"March 23, 2026";"March 24, 2026 8:00:00 AM";"March 24, 2026 8:02:00 AM";1325;Wait for Event;FINANCE : Duplication des sites fournisseurs (soir);;Job;No;7;Yes;CTMSRV;FINFIN_J22TRT_04_Q;EXPLOITATION;ldkfinp01;M_L_FIN12;3onc4
FIN-FINANCE;FINFIN_J22TRT_04_Q;FINFIN_J22TRT_04_WRK02_Q;"March 23, 2026";"March 23, 2026 6:55:00 PM";"March 23, 2026 6:55:00 PM";1900;Wait for Event;FINANCE : Duplication des sites fournisseurs (midi);;Dummy;No;33;Yes;CTMSRV;FINFIN_J22TRT_04_Q;EXPLOITATION;;M_L_FIN12;3onc5
FIN-FINANCE;FINFIN_J23TRT_06_Q;FINFIN_J23TRT_06_CTL01_Q;"March 23, 2026";"March 24, 2026 6:22:14 AM";;;Executing;REFERENTIEL: Extraction SQL MOA - AP;;Job;No;1;No;CTMSRV;FINFIN_J23TRT_06_Q;EXPLOITATION;ldkfinp01;M_L_FIN12;3oo78
FIN-FINANCE;FINFIN_J23TRT_06_Q;FINFIN_J23TRT_06_CTL02_Q;"March 23, 2026";"March 24, 2026 6:22:14 AM";"March 24, 2026 6:34:59 AM";;Ended OK;REFERENTIEL: Extraction SQL MOA - AR;;Job;No;1;No;CTMSRV;FINFIN_J23TRT_06_Q;EXPLOITATION;ldkfinp11;M_L_FIN12;3oo79
FIN-FINANCE;FINFIN_J23TRT_06_Q;FINFIN_J23TRT_06_CTL03_Q;"March 23, 2026";"March 24, 2026 6:22:14 AM";"March 24, 2026 6:50:30 AM";;Ended OK;REFERENTIEL: Extraction SQL MOA - GL;;Job;No;1;No;CTMSRV;FINFIN_J23TRT_06_Q;EXPLOITATION;ldkfinp01;M_L_FIN12;3oo7a
FIN-FINANCE;FINFIN_J23TRT_06_Q;FINFIN_J23TRT_06_CTL04_Q;"March 23, 2026";"March 24, 2026 6:22:14 AM";"March 24, 2026 6:45:34 AM";;Ended OK;REFERENTIEL: Extraction SQL MOA - CSP;;Job;No;1;No;CTMSRV;FINFIN_J23TRT_06_Q;EXPLOITATION;ldkfinp11;M_L_FIN12;3oo7b
FIN-FINANCE;FINFIN_J23TRT_06_Q;FINFIN_J23TRT_06_Q;"March 23, 2026";"March 23, 2026 1:30:09 PM";;;Executing;REFERENTIEL : Extraction SQL MOA;;SMART Table;No;1;No;CTMSRV;FINFIN_J23TRT_06_Q;opfinbac;;;3oo77
FIN-FINANCE;FINFIN_J32TRT_05_Q;FINFIN_J32TRT_05_Q;"March 23, 2026";"March 23, 2026 1:30:08 PM";"March 24, 2026 7:31:23 AM";;Ended OK;;;SMART Table;No;1;No;CTMSRV;FINFIN_J32TRT_05_Q;;ldkctmp50;;3onzb
FIN-FINANCE;FINFIN_J32TRT_05_Q;FINFIN_J32TRT_05_WRK01_Q;"March 23, 2026";"March 23, 2026 11:22:23 PM";"March 23, 2026 11:24:54 PM";;Ended OK;Automatisation des prélèvements fournisseurs - Sélection références bancaires;;Job;No;1;No;CTMSRV;FINFIN_J32TRT_05_Q;EXPLOITATION;ldkfinp01;M_L_FIN12;3onzc
FIN-FINANCE;FINFIN_J32TRT_05_Q;FINFIN_J32TRT_05_WRK02_Q;"March 23, 2026";"March 23, 2026 11:24:55 PM";"March 23, 2026 11:32:46 PM";;Ended OK;Automatisation des prélèvements fournisseurs - Recherche factures;;Job;No;1;No;CTMSRV;FINFIN_J32TRT_05_Q;EXPLOITATION;ldkfinp11;M_L_FIN12;3onzd
FIN-FINANCE;FINFIN_J32TRT_05_Q;FINFIN_J32TRT_05_WRK03_Q;"March 23, 2026";"March 23, 2026 11:32:47 PM";"March 24, 2026 12:01:56 AM";;Ended OK;Automatisation des prélèvements fournisseurs - Création règlements;;Job;No;1;No;CTMSRV;FINFIN_J32TRT_05_Q;EXPLOITATION;ldkfinp01;M_L_FIN12;3onze
FIN-FINANCE;FINFIN_J32TRT_05_Q;FINFIN_J32TRT_05_WRK04_Q;"March 23, 2026";"March 24, 2026 12:01:56 AM";"March 24, 2026 12:05:52 AM";;Ended OK;Automatisation des prélèvements fournisseurs - Comptabilisation règlements;;Job;No;1;No;CTMSRV;FINFIN_J32TRT_05_Q;EXPLOITATION;ldkfinp11;M_L_FIN12;3onzf
FIN-FINANCE;FINFIN_J32TRT_05_Q;FINFIN_J32TRT_05_WRK05_Q;"March 23, 2026";"March 24, 2026 6:31:52 AM";"March 24, 2026 6:33:21 AM";;Ended OK;Automatisation des prélèvements fournisseurs - Ajout référence lettrage;;Job;No;1;No;CTMSRV;FINFIN_J32TRT_05_Q;EXPLOITATION;ldkfinp11;M_L_FIN12;3onzg
FIN-FINANCE;FINFIN_J32TRT_05_Q;FINFIN_J32TRT_05_WRK06_Q;"March 23, 2026";"March 24, 2026 7:29:21 AM";"March 24, 2026 7:31:22 AM";;Ended OK;Automatisation des prélèvements fournisseurs - Génération des états et envoi par mail;;Job;No;1;No;CTMSRV;FINFIN_J32TRT_05_Q;EXPLOITATION;ldkfinp01;M_L_FIN12;3onzh
FIN-FINANCE;FINFIN_J33TRT_04_Q;FINFIN_J33TRT_04_Q;"March 23, 2026";"March 23, 2026 1:30:10 PM";"March 23, 2026 4:37:26 PM";;Ended OK;;;SMART Table;No;1;No;CTMSRV;FINFIN_J33TRT_04_Q;;ldkctmp50;;3oonn
FIN-FINANCE;FINFIN_J33TRT_04_Q;FINFIN_J33TRT_04_WRK01_Q;"March 23, 2026";"March 23, 2026 4:00:00 PM";"March 23, 2026 4:01:01 PM";;Ended OK;"Collecter les statistiques de la table AP; AP_INVOICES_INTERFACE";;Job;No;1;No;CTMSRV;FINFIN_J33TRT_04_Q;EXPLOITATION;ldkfinp11;M_L_FIN12;3oono
FIN-FINANCE;FINFIN_J33TRT_04_Q;FINFIN_J33TRT_04_WRK02_Q;"March 23, 2026";"March 23, 2026 4:00:00 PM";"March 23, 2026 4:04:06 PM";;Ended OK;"Collecter les statistiques de la table AP; AP_INVOICES_ALL";;Job;No;1;No;CTMSRV;FINFIN_J33TRT_04_Q;EXPLOITATION;ldkfinp01;M_L_FIN12;3oonp
FIN-FINANCE;FINFIN_J33TRT_04_Q;FINFIN_J33TRT_04_WRK03_Q;"March 23, 2026";"March 23, 2026 4:30:00 PM";"March 23, 2026 4:37:25 PM";;Ended OK;Collecter les statistiques du schéma  APPLSYS;;Job;No;1;No;CTMSRV;FINFIN_J33TRT_04_Q;EXPLOITATION;ldkfinp11;M_L_FIN12;3oonq
FIN-FINANCE;FINFIN_J35TRT_04_H;FINFIN_J35TRT_04_H;"March 23, 2026";"March 23, 2026 1:30:09 PM";"March 24, 2026 5:06:29 AM";;Ended OK;;;SMART Table;No;1;No;CTMSRV;FINFIN_J35TRT_04_H;;ldkctmp50;;3onnc
FIN-FINANCE;FINFIN_J35TRT_04_H;FINFIN_J35TRT_04_WRK02_H;"March 23, 2026";"March 24, 2026 5:04:26 AM";"March 24, 2026 5:06:28 AM";;Ended OK;FINANCE - Récupération de tous les avoirs avec le CUF Remboursement à OUI d'alimenter un nouvel écran spécifique et enverra mails aux régions -L7;;Job;No;1;No;CTMSRV;FINFIN_J35TRT_04_H;EXPLOITATION;ldkfinp01;M_L_FIN12;3onnd
FIN-FINANCE;FINFIN_J36TRT_04_H;FINFIN_J36TRT_04_H;"March 23, 2026";"March 23, 2026 1:30:09 PM";"March 23, 2026 1:30:11 PM";;Ended OK;;;SMART Table;No;1;No;CTMSRV;FINFIN_J36TRT_04_H;;;;3ooif
FIN-FINANCE;FINHEC_J11GEN_06_Q;FINHEC_J11GEN_06_EXP01_Q;"March 23, 2026";"March 24, 2026 12:15:00 AM";"March 24, 2026 12:35:02 AM";;Ended OK;FINANCE : Interface des engages vers Hercule;;Job;No;1;No;CTMSRV;FINHEC_J11GEN_06_Q;EXPLOITATION;ldkfinp01;M_L_FIN12;3on2h
FIN-FINANCE;FINHEC_J11GEN_06_Q;FINHEC_J11GEN_06_MOV01_Q;"March 23, 2026";"March 24, 2026 12:35:02 AM";"March 24, 2026 12:35:04 AM";;Ended OK;FINANCE : Move du fichier Engages_ORACLE_*.zip vers le NAS;MOV_OUT_Generique_DKA.ksh;Job;No;1;No;CTMSRV;FINHEC_J11GEN_06_Q;opfinbac;ldkfinp11;M_L_FIN12;3on2i
FIN-FINANCE;FINHEC_J11GEN_06_Q;FINHEC_J11GEN_06_Q;"March 23, 2026";"March 24, 2026 12:15:00 AM";"March 24, 2026 12:35:04 AM";;Ended OK;FINANCE : Interface des engages vers Hercule;;SMART Table;No;1;No;CTMSRV;FINHEC_J11GEN_06_Q;opfinbac;ldkctmp50;;3on2g
FIN-FINANCE;FINHEC_J13GEN_06_M;FINHEC_J13GEN_06_EXP03_M;"March 23, 2026";"March 24, 2026 5:18:41 AM";"March 24, 2026 5:33:26 AM";;Ended OK;FINANCE : Interface Export des encaissements clients vers Hercule (L7);;Job;No;1;No;CTMSRV;FINHEC_J13GEN_06_M;EXPLOITATION;ldkfinp11;M_L_FIN12;3oorf
FIN-FINANCE;FINHEC_J13GEN_06_M;FINHEC_J13GEN_06_M;"March 23, 2026";"March 23, 2026 1:30:10 PM";"March 24, 2026 5:33:35 AM";;Ended OK;FINANCE EXPORT Encaissement Client D1 D8 L7 L1;;SMART Table;No;1;No;CTMSRV;FINHEC_J13GEN_06_M;opfinbac;ldkctmp50;;3oore
FIN-FINANCE;FINHEC_J13GEN_06_M;FINHEC_J13GEN_06_MOV03_M;"March 23, 2026";"March 24, 2026 5:33:27 AM";"March 24, 2026 5:33:34 AM";;Ended OK;FINANCE : Move du fichier ENCAISSEMENTS_CLIENTS_*.csv vers le NAS PFE (L7);MOV_OUT_Generique_DKA.ksh;Job;No;1;No;CTMSRV;FINHEC_J13GEN_06_M;opfinbac;ldkfinp11;M_L_FIN12;3oorg
FIN-FINANCE;FINSIC_J11INT_05_Q;FINSIC_J11INT_05_IMP01_Q;"March 23, 2026";"March 23, 2026 5:00:00 PM";"March 23, 2026 5:37:43 PM";;Ended OK;Importation des clients;;Job;No;1;No;CTMSRV;FINSIC_J11INT_05_Q;EXPLOITATION;ldkfinp01;M_L_FIN12;3oo1q
FIN-FINANCE;FINSIC_J11INT_05_Q;FINSIC_J11INT_05_Q;"March 23, 2026";"March 23, 2026 5:00:00 PM";"March 23, 2026 5:37:44 PM";;Ended OK;FINANCE : Importation des clients;;SMART Table;No;1;No;CTMSRV;FINSIC_J11INT_05_Q;opfinbac;ldkctmp50;;3oo1p
FIN-FINANCE;FINXXX_J11GEN_06_Q;FINXXX_J11GEN_06_EXP01_Q;"March 23, 2026";"March 23, 2026 7:00:40 PM";"March 23, 2026 7:09:42 PM";;Ended OK;Export Fournisseur (Delta);;Job;No;1;No;CTMSRV;FINXXX_J11GEN_06_Q;EXPLOITATION;ldkfinp01;M_L_FIN12;3omto
FIN-FINANCE;FINXXX_J11GEN_06_Q;FINXXX_J11GEN_06_MOV01_Q;"March 23, 2026";"March 23, 2026 7:09:43 PM";"March 23, 2026 7:09:53 PM";;Ended OK;FINANCE : Move le flux FOURNISSEURS_*DELTA* vers EAI;MOV_OUT_Generique_DKA.ksh;Job;No;1;No;CTMSRV;FINXXX_J11GEN_06_Q;opfinbac;ldkfinp01;M_L_FIN12;3omtp
FIN-FINANCE;FINXXX_J11GEN_06_Q;FINXXX_J11GEN_06_Q;"March 23, 2026";"March 23, 2026 7:00:40 PM";"March 23, 2026 7:09:53 PM";;Ended OK;FINANCE : Export Fournisseur (Delta);;SMART Table;No;1;No;CTMSRV;FINXXX_J11GEN_06_Q;opfinbac;ldkctmp50;;3omtn
FIN-FINANCE;FINXXX_J11INT_05_Q;FINXXX_J11INT_05_IMP01_Q;"March 23, 2026";"March 23, 2026 7:09:53 PM";"March 23, 2026 7:26:06 PM";;Ended OK;Import factures AP;;Job;No;1;No;CTMSRV;FINXXX_J11INT_05_Q;EXPLOITATION;ldkfinp01;M_L_FIN12;3oneb
FIN-FINANCE;FINXXX_J11INT_05_Q;FINXXX_J11INT_05_Q;"March 23, 2026";"March 23, 2026 7:00:40 PM";"March 23, 2026 7:26:07 PM";;Ended OK;FINANCE : Import factures AP;;SMART Table;No;1;No;CTMSRV;FINXXX_J11INT_05_Q;opfinbac;ldkctmp50;;3onea
FIN-FINANCE;FINXXX_J12INT_05_Q;FINXXX_J12INT_05_IMP01_Q;"March 23, 2026";"March 23, 2026 8:00:00 PM";"March 23, 2026 8:02:12 PM";;Ended OK;Importation des donnees GL_INTERFACE;;Job;No;1;No;CTMSRV;FINXXX_J12INT_05_Q;EXPLOITATION;ldkfinp11;M_L_FIN12;3oo5q
FIN-FINANCE;FINXXX_J12INT_05_Q;FINXXX_J12INT_05_Q;"March 23, 2026";"March 23, 2026 7:00:40 PM";"March 23, 2026 8:02:13 PM";;Ended OK;FINANCE : Importation des données GL_INTERFACE;;SMART Table;No;1;No;CTMSRV;FINXXX_J12INT_05_Q;opfinbac;ldkctmp50;;3oo5p
FIN-FINANCE;FINXXX_J13INT_05_Q;FINXXX_J13INT_05_IMP01_Q;"March 23, 2026";"March 23, 2026 7:09:53 PM";"March 23, 2026 7:13:10 PM";;Ended OK;Import Factures Clients AR;;Job;No;1;No;CTMSRV;FINXXX_J13INT_05_Q;EXPLOITATION;ldkfinp11;M_L_FIN12;3oo9p
FIN-FINANCE;FINXXX_J13INT_05_Q;FINXXX_J13INT_05_Q;"March 23, 2026";"March 23, 2026 7:00:40 PM";"March 23, 2026 7:13:11 PM";;Ended OK;FINANCE : Import Factures Clients AR;;SMART Table;No;1;No;CTMSRV;FINXXX_J13INT_05_Q;opfinbac;ldkctmp50;;3oo9o
FIN-FINANCE;FINXXX_J14INT_05_Q;FINXXX_J14INT_05_MOV01_Q;"March 23, 2026";"March 23, 2026 10:48:03 PM";"March 23, 2026 10:48:13 PM";;Ended OK;FINANCE : MOV du fichier MAG_DAL*.zip.;MOV_IN_Generique_DKA.ksh;Job;No;1;No;CTMSRV;FINXXX_J14INT_05_Q;opfinbac;ldkfinp11;M_L_FIN12;3oojw
FIN-FINANCE;FINXXX_J14INT_05_Q;FINXXX_J14INT_05_MOV02_Q;"March 23, 2026";"March 23, 2026 10:52:50 PM";"March 23, 2026 10:52:53 PM";;Ended OK;FINANCE : Move du fichier aladin_tif_*  de NAS;MOV_IN_Generique_DKA.ksh;Job;No;1;No;CTMSRV;FINXXX_J14INT_05_Q;opfinbac;ldkfinp01;M_L_FIN12;3ooju
FIN-FINANCE;FINXXX_J14INT_05_Q;FINXXX_J14INT_05_MOV03_Q;"March 23, 2026";"March 23, 2026 10:52:47 PM";"March 23, 2026 10:52:49 PM";;Ended OK;FINANCE : Move du fichier PRN01_SRC_FACTURESFOURNISSEURS_*.zip  de NAS;MOV_IN_Generique_DKA.ksh;Job;No;1;No;CTMSRV;FINXXX_J14INT_05_Q;opfinbac;ldkfinp01;M_L_FIN12;3oojy
FIN-FINANCE;FINXXX_J14INT_05_Q;FINXXX_J14INT_05_Q;"March 23, 2026";"March 23, 2026 7:00:40 PM";"March 23, 2026 10:58:17 PM";;Ended OK;FINANCE : Rattachement des images XEROX/ALADIN;;SMART Table;No;1;No;CTMSRV;FINXXX_J14INT_05_Q;opfinbac;ldkctmp50;;3oojr
FIN-FINANCE;FINXXX_J14INT_05_Q;FINXXX_J14INT_05_WRK01_Q;"March 23, 2026";"March 23, 2026 10:48:51 PM";"March 23, 2026 10:52:46 PM";;Ended OK;Rattachement des images XEROX - Tradeshift;;Job;No;1;No;CTMSRV;FINXXX_J14INT_05_Q;EXPLOITATION;ldkfinp11;M_L_FIN12;3oojs
FIN-FINANCE;FINXXX_J14INT_05_Q;FINXXX_J14INT_05_WRK02_Q;"March 23, 2026";"March 23, 2026 10:53:00 PM";"March 23, 2026 10:58:16 PM";;Ended OK;Rattachement des images ALADIN;;Job;No;1;No;CTMSRV;FINXXX_J14INT_05_Q;EXPLOITATION;ldkfinp11;M_L_FIN12;3oojt
FIN-FINANCE;FINXXX_J14INT_05_Q;FINXXX_J14INT_05_ZIP01_Q;"March 23, 2026";"March 23, 2026 10:48:13 PM";"March 23, 2026 10:48:51 PM";;Ended OK;FINANCE : Decompression du fichiers MAG_DAL*.zip;FINXXX_J14INT_05_ZIP01_Q.ksh;Job;No;1;No;CTMSRV;FINXXX_J14INT_05_Q;opfinbac;ldkfinp01;M_L_FIN12;3oojx
FIN-FINANCE;FINXXX_J14INT_05_Q;FINXXX_J14INT_05_ZIP02_Q;"March 23, 2026";"March 23, 2026 10:52:54 PM";"March 23, 2026 10:52:59 PM";;Ended OK;FINANCE : Decompression du fichiers aladin_tif_*.zip;FINXXX_J14INT_05_ZIP02V02_Q.new.ksh;Job;No;1;No;CTMSRV;FINXXX_J14INT_05_Q;opfinbac;ldkfinp01;M_L_FIN12;3oojv
FIN-FINANCE;FINXXX_J14INT_05_Q;FINXXX_J14INT_05_ZIP03_Q;"March 23, 2026";"March 23, 2026 10:52:50 PM";"March 23, 2026 10:52:56 PM";;Ended OK;FINANCE : Decompression du fichiers PRN01_SRC_FACTURESFOURNISSEURS_*.zip;FINXXX_J14INT_05_ZIP03V2_Q.ksh;Job;No;1;No;CTMSRV;FINXXX_J14INT_05_Q;opfinbac;ldkfinp11;M_L_FIN12;3oojz
GDC-GESTION CONSIGNE;GDCREF_J11INT_05_Q;GDCREF_J11INT_05_DEL01_Q;"March 23, 2026";;;;Wait for Event;Consignes : Menage A00YH.dat suite traitement ok;GDCREF_J11INT_05_DEL00_Q.ksh;Job;No;0;No;CTMSRV;GDCREF_J11INT_05_Q;dispatch;NOTEXIST;NOTEXIST;3omn4
GDC-GESTION CONSIGNE;GDCREF_J11INT_05_Q;GDCREF_J11INT_05_DEL02_Q;"March 23, 2026";;;;Wait for Event;Consignes : Menage A00YG.dat suite traitement ok;GDCREF_J11INT_05_DEL00_Q.ksh;Job;No;0;No;CTMSRV;GDCREF_J11INT_05_Q;dispatch;NOTEXIST;NOTEXIST;3omn5
GDC-GESTION CONSIGNE;GDCREF_J11INT_05_Q;GDCREF_J11INT_05_DEL03_Q;"March 23, 2026";;;;Wait for Event;Consignes : Menage A00YA.dat suite traitement ok;GDCREF_J11INT_05_DEL00_Q.ksh;Job;No;0;No;CTMSRV;GDCREF_J11INT_05_Q;dispatch;NOTEXIST;NOTEXIST;3omn6
GDC-GESTION CONSIGNE;GDCREF_J11INT_05_Q;GDCREF_J11INT_05_DEL04_Q;"March 23, 2026";;;;Wait for Event;Consignes : Menage REFAYL.csv suite traitement ok;GDCREF_J11INT_05_DEL00_Q.ksh;Job;No;0;No;CTMSRV;GDCREF_J11INT_05_Q;dispatch;NOTEXIST;NOTEXIST;3omn7
GDC-GESTION CONSIGNE;GDCREF_J11INT_05_Q;GDCREF_J11INT_05_IMP01_Q;"March 23, 2026";;;;Wait for Event;Consignes : Integration des fichiers en provenance du referentiel appartenances;GDCREF_J11INT_05_IMP01_Q.ksh;Job;No;0;No;CTMSRV;GDCREF_J11INT_05_Q;dispatch;NOTEXIST;NOTEXIST;3omn3
GDR-GESTION DES REJETS;GDRFIN_J11GEN_06_Q;GDRFIN_J11GEN_06_EXP01_Q;"March 23, 2026";"March 23, 2026 5:30:00 PM";"March 23, 2026 5:30:05 PM";;Wait for Event;Export de l'ensemble des factures corrigees vers la PFE pour tous les types de factures à destination d'Oracle;lance_Traitement_Interne_GDR.bat;Job;No;1;Yes;CTMSRV;GDRFIN_J11GEN_06_Q;uSvcAppGDR;wdkgdrctlpa01;A_W_GDR01;3onke
GDR-GESTION DES REJETS;GDRFIN_J11GEN_06_Q;GDRFIN_J11GEN_06_Q;"March 23, 2026";"March 23, 2026 1:30:09 PM";;;Executing;Export des factures corrigées;;SMART Table;No;1;No;CTMSRV;GDRFIN_J11GEN_06_Q;uSvcGDR;;;3onkd
GDR-GESTION DES REJETS;GDRFIN_J11INT_05_Q;GDRFIN_J11INT_05_IMP01_Q;"March 23, 2026";;;;Wait for Event;Integre les fichiers de type EcritureComptable GL depuis la PFE vers GDR;lance_Traitement_Interne_GDR.bat;Job;No;0;Yes;CTMSRV;GDRFIN_J11INT_05_Q;svce_cm;A_W_GDR01;A_W_GDR01;3oo80
GDR-GESTION DES REJETS;GDRFIN_J11INT_05_Q;GDRFIN_J11INT_05_IMP02_Q;"March 23, 2026";"March 23, 2026 7:45:00 PM";"March 23, 2026 7:45:09 PM";2000;Wait for Event;Integre les fichiers de type EcritureComptable GL depuis la PFE vers GDR;lance_Traitement_Interne_GDR.bat;Job;No;26;Yes;CTMSRV;GDRFIN_J11INT_05_Q;svce_cm;wdkgdrctlpa01;A_W_GDR01;3oo81
GDR-GESTION DES REJETS;GDRFIN_J11INT_05_Q;GDRFIN_J11INT_05_IMP03_Q;"March 23, 2026";;;;Wait for Event;Integre les fichiers de type Factures Client depuis la PFE vers GDR;lance_Traitement_Interne_GDR.bat;Job;No;0;Yes;CTMSRV;GDRFIN_J11INT_05_Q;svce_cm;A_W_GDR01;A_W_GDR01;3oo7x
GDR-GESTION DES REJETS;GDRFIN_J11INT_05_Q;GDRFIN_J11INT_05_IMP04_Q;"March 23, 2026";"March 23, 2026 7:45:10 PM";"March 23, 2026 7:45:15 PM";2000;Wait for Event;Integre les fichiers de type Factures Client depuis la PFE vers GDR;lance_Traitement_Interne_GDR.bat;Job;No;26;Yes;CTMSRV;GDRFIN_J11INT_05_Q;svce_cm;wdkgdrctlpa01;A_W_GDR01;3oo82
GDR-GESTION DES REJETS;GDRFIN_J11INT_05_Q;GDRFIN_J11INT_05_IMP05_Q;"March 23, 2026";;;;Wait for Event;Integre les fichiers de type Factures Fournisseur depuis la PFE vers GDR;lance_Traitement_Interne_GDR.bat;Job;No;0;Yes;CTMSRV;GDRFIN_J11INT_05_Q;svce_cm;A_W_GDR01;A_W_GDR01;3oo7y
GDR-GESTION DES REJETS;GDRFIN_J11INT_05_Q;GDRFIN_J11INT_05_IMP06_Q;"March 23, 2026";"March 23, 2026 7:45:22 PM";"March 23, 2026 7:45:29 PM";2000;Wait for Event;Integre les fichiers de type Factures Fournisseur depuis la PFE vers GDR;lance_Traitement_Interne_GDR.bat;Job;No;26;Yes;CTMSRV;GDRFIN_J11INT_05_Q;svce_cm;wdkgdrctlpa01;A_W_GDR01;3oo83
GDR-GESTION DES REJETS;GDRFIN_J11INT_05_Q;GDRFIN_J11INT_05_IMP07_Q;"March 23, 2026";;;;Wait for Event;Integre les fichiers de type Factures Erreur Source depuis la PFE vers GDR;lance_Traitement_Interne_GDR.bat;Job;No;0;Yes;CTMSRV;GDRFIN_J11INT_05_Q;svce_cm;A_W_GDR01;A_W_GDR01;3oo7z
GDR-GESTION DES REJETS;GDRFIN_J11INT_05_Q;GDRFIN_J11INT_05_IMP08_Q;"March 23, 2026";"March 23, 2026 7:45:16 PM";"March 23, 2026 7:45:21 PM";2000;Wait for Event;Integre les fichiers de type Factures Erreur Source depuis la PFE vers GDR;lance_Traitement_Interne_GDR.bat;Job;No;26;Yes;CTMSRV;GDRFIN_J11INT_05_Q;svce_cm;wdkgdrctlpa01;A_W_GDR01;3oo84
GDR-GESTION DES REJETS;GDRFIN_J11INT_05_Q;GDRFIN_J11INT_05_Q;"March 23, 2026";"March 23, 2026 1:30:09 PM";;;Executing;Intégration des fichiers de type facture;;SMART Table;No;1;No;CTMSRV;GDRFIN_J11INT_05_Q;svce_cm;;;3oo7w
GDR-GESTION DES REJETS;GDRFIN_J11TEC_04_Q;GDRFIN_J11TEC_04_HIS01_Q;"March 23, 2026";"March 23, 2026 9:31:43 PM";"March 23, 2026 9:31:48 PM";;Ended Not OK;FINANCE : Requete  ST factures;lance_Traitement_Interne_GDR.bat;Job;No;1;No;CTMSRV;GDRFIN_J11TEC_04_Q;svce_cm;wdkgdrctlpa01;A_W_GDR01;3ondg
GDR-GESTION DES REJETS;GDRFIN_J11TEC_04_Q;GDRFIN_J11TEC_04_Q;"March 23, 2026";"March 23, 2026 1:30:09 PM";"March 23, 2026 9:31:49 PM";2200;Ended Not OK;FINANCE : Chargement factures Xerox;;SMART Table;No;1;No;CTMSRV;GDRFIN_J11TEC_04_Q;svce_cm;ldkctmp50;;3ondf
GDR-GESTION DES REJETS;GDRFIN_J12GEN_06_Q;GDRFIN_J12GEN_06_EXP01_Q;"March 23, 2026";"March 24, 2026 7:00:00 AM";"March 24, 2026 7:00:00 AM";;Ended OK;Extraction des exports de syntheses effectuee la veille par les utilisateurs GDR;lance_Traitement_Interne_GDR.bat;Dummy;No;1;No;CTMSRV;GDRFIN_J12GEN_06_Q;uSvcAppGDR;;A_W_GDR01;3oo05
GDR-GESTION DES REJETS;GDRFIN_J12GEN_06_Q;GDRFIN_J12GEN_06_Q;"March 23, 2026";"March 23, 2026 1:30:09 PM";"March 24, 2026 7:00:01 AM";;Ended OK;Extraction des exports de synthese;;SMART Table;No;1;No;CTMSRV;GDRFIN_J12GEN_06_Q;uSvcGDR;ldkctmp50;;3oo04
GDR-GESTION DES REJETS;GDRFIN_J15TEC_04_Q;GDRFIN_J15INT_05_HIS02_Q;"March 23, 2026";;;;Wait for Event;FINANCE : Requete  ST fournisseurs midi;lance_Traitement_Interne_GDR.bat;Job;No;0;No;CTMSRV;GDRFIN_J15TEC_04_Q;svce_cm;A_W_GDR01;A_W_GDR01;3onqn
GDR-GESTION DES REJETS;GDRFIN_J15TEC_04_Q;GDRFIN_J15TEC_04_HIS01_Q;"March 23, 2026";"March 23, 2026 5:05:47 PM";"March 23, 2026 5:05:49 PM";;Ended Not OK;FINANCE : Requete  ST fournisseurs soir;lance_Traitement_Interne_GDR.bat;Job;No;1;No;CTMSRV;GDRFIN_J15TEC_04_Q;svce_cm;wdkgdrctlpa01;A_W_GDR01;3onqm
GDR-GESTION DES REJETS;GDRFIN_J15TEC_04_Q;GDRFIN_J15TEC_04_Q;"March 23, 2026";"March 23, 2026 1:30:09 PM";;;Executing;FINANCE : Interface d'import des fournisseurs dans Oracle;;SMART Table;No;1;No;CTMSRV;GDRFIN_J15TEC_04_Q;svce_cm;ldkctmp50;;3onql
GDR-GESTION DES REJETS;GDRFIN_J18TEC_04_Q;GDRFIN_J18INT_05_HIS02_Q;"March 23, 2026";;;;Wait for Event;FINANCE : Requete  ST reception midi;lance_Traitement_Interne_GDR.bat;Job;No;0;No;CTMSRV;GDRFIN_J18TEC_04_Q;svce_cm;A_W_GDR01;A_W_GDR01;3ome8
GDR-GESTION DES REJETS;GDRFIN_J18TEC_04_Q;GDRFIN_J18TEC_04_HIS01_Q;"March 23, 2026";"March 23, 2026 7:58:27 PM";"March 23, 2026 7:58:32 PM";;Ended Not OK;FINANCE : Requete  ST reception soir;lance_Traitement_Interne_GDR.bat;Job;No;1;No;CTMSRV;GDRFIN_J18TEC_04_Q;svce_cm;wdkgdrctlpa01;A_W_GDR01;3ome7
GDR-GESTION DES REJETS;GDRFIN_J18TEC_04_Q;GDRFIN_J18TEC_04_Q;"March 23, 2026";"March 23, 2026 1:30:10 PM";;;Executing;FINANCE : Interface d'import des réceptions;;SMART Table;No;1;No;CTMSRV;GDRFIN_J18TEC_04_Q;svce_cm;ldkctmp50;;3ome6
GDR-GESTION DES REJETS;GDRFIN_J19TEC_04_Q;GDRFIN_J19TEC_04_HIS01_Q;"March 23, 2026";"March 23, 2026 9:36:20 PM";"March 23, 2026 9:36:22 PM";;Ended Not OK;FINANCE : Requete  ST deblocage facture;lance_Traitement_Interne_GDR.bat;Job;No;1;No;CTMSRV;GDRFIN_J19TEC_04_Q;svce_cm;wdkgdrctlpa01;A_W_GDR01;3oolp
GDR-GESTION DES REJETS;GDRFIN_J19TEC_04_Q;GDRFIN_J19TEC_04_Q;"March 23, 2026";"March 23, 2026 1:30:10 PM";"March 23, 2026 9:36:23 PM";;Ended Not OK;FINANCE : Import des codes de déblocage facture depuis iValua;;SMART Table;No;1;No;CTMSRV;GDRFIN_J19TEC_04_Q;svce_cm;ldkctmp50;;3oolo
GDR-GESTION DES REJETS;GDRGDR_J11TRT_04_Q;GDRGDR_J11TRT_04_Q;"March 23, 2026";"March 23, 2026 1:30:09 PM";;;Executing;Listing des factures restantes à corriger;;SMART Table;No;1;No;CTMSRV;GDRGDR_J11TRT_04_Q;uSvcGDR;;;3oo3l
GDR-GESTION DES REJETS;GDRGDR_J11TRT_04_Q;GDRGDR_J11TRT_04_WRK01_Q;"March 23, 2026";;;;Wait for Event;Liste dans un fichier csv les factures restantes à corriger pour chaque région (matin);lance_Traitement_Interne_GDR.bat;Job;No;0;No;CTMSRV;GDRGDR_J11TRT_04_Q;uSvcAppGDR;A_W_GDR01;A_W_GDR01;3oo3m
GDR-GESTION DES REJETS;GDRGDR_J11TRT_04_Q;GDRGDR_J11TRT_04_WRK02_Q;"March 23, 2026";"March 23, 2026 2:30:00 PM";"March 23, 2026 2:30:07 PM";;Ended OK;Liste dans un fichier csv les factures restantes à corriger pour chaque région (apres midi);lance_Traitement_Interne_GDR.bat;Job;No;1;No;CTMSRV;GDRGDR_J11TRT_04_Q;uSvcAppGDR;wdkgdrctlpa01;A_W_GDR01;3oo3n
HEC-HERCULE CHIFFRAG;HECCID_J11INT_05_Q;HECCID_J11INT_05_CPY01_Q;"March 23, 2026";"March 24, 2026 3:01:29 AM";"March 24, 2026 3:01:31 AM";;Ended OK;Copie fichierliens Code D-clients de PFE vers repertoire donnees entrantes HERCULE CHIFFRAGE;Copy_EAI_HEC.bat;Job;No;1;No;CTMSRV;HECCID_J11INT_05_Q;svce_cm;wdkhecp11;A_W_HEC11;3ongy
HEC-HERCULE CHIFFRAG;HECCID_J11INT_05_Q;HECCID_J11INT_05_FWT01_Q;"March 23, 2026";"March 24, 2026 3:00:10 AM";"March 24, 2026 3:00:12 AM";;Ended OK;HERCULE Scrutation du fichier LienPartenaireProjet_yyyyMMdd.csv sur PFE;FileWatcher.bat;Job;No;1;No;CTMSRV;HECCID_J11INT_05_Q;svce_cm;wdkhecp11;A_W_HEC11;3ongx
HEC-HERCULE CHIFFRAG;HECCID_J11INT_05_Q;HECCID_J11INT_05_IMP01_Q;"March 23, 2026";"March 24, 2026 3:01:35 AM";"March 24, 2026 3:15:50 AM";;Ended OK;Integration donnees du fichier lien code D client dans l'application HERCULE CHIFFRAGE;lance_Traitement_Interne.bat;Job;No;1;No;CTMSRV;HECCID_J11INT_05_Q;uSvcHEC-p;wdkhecp11;A_W_HEC11;3ongz
HEC-HERCULE CHIFFRAG;HECCID_J12INT_05_Q;HECCID_J12INT_05_CPY01_Q;"March 23, 2026";"March 24, 2026 3:00:06 AM";"March 24, 2026 3:00:08 AM";;Wait for Event;Copie fichier zip  PELFACTURE de PFE vers repertoire donnees entrantes PELFACTURE;Copy_EAI_HEC.bat;Job;No;1;Yes;CTMSRV;HECCID_J12INT_05_Q;svce_cm;wdkhecp11;A_W_HEC11;3oo71
HEC-HERCULE CHIFFRAG;HECCID_J12INT_05_Q;HECCID_J12INT_05_FWT01_Q;"March 23, 2026";"March 24, 2026 7:30:37 AM";;;Executing;HERCULE Scrutation du fichier zip  DONNEECID sur PFE;FileWatcher.bat;Job;No;6;Yes;CTMSRV;HECCID_J12INT_05_Q;svce_cm;wdkhecp11;A_W_HEC11;3oo70
HEC-HERCULE CHIFFRAG;HECCID_J12INT_05_Q;HECCID_J12INT_05_IMP01_Q;"March 23, 2026";"March 24, 2026 3:00:10 AM";"March 24, 2026 3:00:34 AM";;Wait for Event;Integration donnees du fichier PELFACTURE dans l'application PELFACTURE;lance_Traitement_Interne.bat;Job;No;1;Yes;CTMSRV;HECCID_J12INT_05_Q;uSvcHEC-p;wdkhecp11;A_W_HEC11;3oo72
HEC-HERCULE CHIFFRAG;HECCIT_J11INT_05_Q;HECCIT_J11INT_05_CPY01_Q;"March 23, 2026";"March 24, 2026 3:00:13 AM";"March 24, 2026 3:00:15 AM";;Ended OK;Copie fichierliens factures travaux de PFE vers repertoire donnees entrantes HERCULE CHIFFRAGE;Copy_EAI_HEC.bat;Job;No;1;No;CTMSRV;HECCIT_J11INT_05_Q;svce_cm;wdkhecp11;A_W_HEC11;3omub
HEC-HERCULE CHIFFRAG;HECCIT_J11INT_05_Q;HECCIT_J11INT_05_FWT01_Q;"March 23, 2026";"March 24, 2026 3:00:10 AM";"March 24, 2026 3:00:12 AM";;Ended OK;HERCULE Scrutation du fichier CITY_FACTURE_yyyymmdd.xml sur PFE;FileWatcher.bat;Job;No;1;No;CTMSRV;HECCIT_J11INT_05_Q;svce_cm;wdkhecp11;A_W_HEC11;3omua
HEC-HERCULE CHIFFRAG;HECCIT_J11INT_05_Q;HECCIT_J11INT_05_IMP01_Q;"March 23, 2026";"March 24, 2026 3:00:15 AM";"March 24, 2026 3:01:28 AM";;Ended OK;Integration donnees du fichier CITY_FACTURE dans l'application HERCULE CHIFFRAGE;lance_Traitement_Interne.bat;Job;No;1;No;CTMSRV;HECCIT_J11INT_05_Q;uSvcHEC-p;wdkhecp11;A_W_HEC11;3omuc
HEC-HERCULE CHIFFRAG;HECDTR_J11GEN_05_Q;HECDTR_J11GEN_05_EXP01_Q;"March 23, 2026";"March 23, 2026 7:00:00 PM";"March 23, 2026 7:00:12 PM";;Ended OK;HEC : Generation applicative;lance_Traitement_Interne.bat;Job;No;1;No;CTMSRV;HECDTR_J11GEN_05_Q;uSvcHEC-p;wdkhecp11;A_W_HEC11;3omdd
HEC-HERCULE CHIFFRAG;HECDTR_J11GEN_05_Q;HECDTR_J11GEN_05_MOV01_Q;"March 23, 2026";"March 23, 2026 7:00:12 PM";"March 23, 2026 7:00:14 PM";;Ended OK;HERCULE : Transfert du fichier HER01_*.csv vers PFE;MOV_Generique_DKA.bat;Job;No;1;No;CTMSRV;HECDTR_J11GEN_05_Q;svce_cm;wdkhecp11;A_W_HEC11;3omde
HEC-HERCULE CHIFFRAG;HECDTR_J11GEN_05_Q;HECDTR_J11GEN_05_Q;"March 23, 2026";"March 23, 2026 1:30:10 PM";"March 23, 2026 7:00:14 PM";;Ended OK;HERCULE : Export des Donnees DTR;;SMART Table;No;1;No;CTMSRV;HECDTR_J11GEN_05_Q;;ldkctmp50;;3omdc
HEC-HERCULE CHIFFRAG;HECEXT_J11INT_05_Q;HECEXT_J11INT_05_CPY01_Q;"March 23, 2026";"March 24, 2026 3:01:32 AM";"March 24, 2026 3:01:34 AM";;Ended OK;Copie fichier recouvrement de PFE vers repertoire donnees entrantes HERCULE CHIFFRAGE;Copy_EAI_HEC.bat;Job;No;1;No;CTMSRV;HECEXT_J11INT_05_Q;svce_cm;wdkhecp11;A_W_HEC11;3omet
HEC-HERCULE CHIFFRAG;HECEXT_J11INT_05_Q;HECEXT_J11INT_05_FWT01_Q;"March 23, 2026";"March 24, 2026 3:00:10 AM";"March 24, 2026 3:00:12 AM";;Ended OK;HERCULE Scrutation du fichier dalkia_syrushercule_yyyyMMdd.csv sur PFE;FileWatcher.bat;Job;No;1;No;CTMSRV;HECEXT_J11INT_05_Q;svce_cm;wdkhecp11;A_W_HEC11;3omes
HEC-HERCULE CHIFFRAG;HECEXT_J11INT_05_Q;HECEXT_J11INT_05_IMP01_Q;"March 23, 2026";"March 24, 2026 3:01:35 AM";"March 24, 2026 3:02:34 AM";;Ended OK;Integration donnees du fichier Recouvrement dans l'application HERCULE CHIFFRAGE;lance_Traitement_Interne.bat;Job;No;1;No;CTMSRV;HECEXT_J11INT_05_Q;uSvcHEC-p;wdkhecp11;A_W_HEC11;3omeu
HEC-HERCULE CHIFFRAG;HECFIN_J11FLX_07_Q ;HECFIN_J11FLX_07_MOV01_Q;"March 23, 2026";"March 24, 2026 1:02:51 AM";"March 24, 2026 1:02:57 AM";;Ended OK;PFE : Job de déplacement de l'archive vers HEC;MOV_Generique_DKA.bat;Job;No;1;No;CTMSRV;HECFIN_J11FLX_07_Q ;svce_cm;wdkhecp11;A_W_HEC11;3ooal
HEC-HERCULE CHIFFRAG;HECFIN_J12INT_05_Q;HECFIN_J12INT_05_MOV01_Q;"March 23, 2026";"March 24, 2026 5:37:50 AM";"March 24, 2026 5:37:52 AM";;Ended OK;HERCULE : Transfert du fichier ENCAISSEMENTS_CLIENTS_*.csv vers HEC;MOVOUT_Generique_DKA.bat;Job;No;1;No;CTMSRV;HECFIN_J12INT_05_Q;svce_cm;wdkhecp11;A_W_HEC11;3oo95
HEC-HERCULE CHIFFRAG;HECFIN_J12INT_05_Q;HECFIN_J12INT_05_Q;"March 23, 2026";"March 23, 2026 1:30:10 PM";"March 24, 2026 5:38:23 AM";;Ended OK;;;SMART Table;No;1;No;CTMSRV;HECFIN_J12INT_05_Q;;ldkctmp50;;3oo94
HEC-HERCULE CHIFFRAG;HECFIN_J12INT_05_Q;HECFIN_J12INT_05_WRK01_Q;"March 23, 2026";"March 24, 2026 5:37:52 AM";"March 24, 2026 5:38:22 AM";;Ended OK;HEC : Integration applicative du fichier ENCAISSEMENTS_CLIENTS_*.csv;lance_Traitement_Interne.bat;Job;No;1;No;CTMSRV;HECFIN_J12INT_05_Q;uSvcHEC-p;wdkhecp11;A_W_HEC11;3oo96
HEC-HERCULE CHIFFRAG;HECHEC_E11STP_01_Q;HECHEC_E11STP_01_ARR01_Q;"March 23, 2026";"March 24, 2026 3:00:00 AM";"March 24, 2026 3:00:09 AM";;Ended OK;Redemarrage Hercule: STOP IIS (WDKHECP11);Start_Stop_Hercules.bat;Job;No;1;No;CTMSRV;HECHEC_E11STP_01_Q;svce_cm;wdkhecp11;A_W_HEC11;3omfs
HEC-HERCULE CHIFFRAG;HECHEC_E11STR_02_Q;HECHEC_E11STR_02_DEM01_Q;"March 23, 2026";"March 24, 2026 3:15:51 AM";"March 24, 2026 3:15:58 AM";;Ended OK;Redemarrage Hercule: START IIS (WDKHECP11);Start_Stop_Hercules.bat;Job;No;1;No;CTMSRV;HECHEC_E11STR_02_Q;svce_cm;wdkhecp11;A_W_HEC11;3omcp
HEC-HERCULE CHIFFRAG;HECHEC_J11TEC_04_Q;HECHEC_J11TEC_04_DEB01_Q;"March 23, 2026";"March 24, 2026 3:00:10 AM";"March 24, 2026 3:00:10 AM";;Ended OK;Jalon de demarrage 03h00 de la production HERCULE CHIFFRAGE;Jalon de demarrage 03h00 HERCULE;Dummy;No;1;No;CTMSRV;HECHEC_J11TEC_04_Q;svce_cm;;;3omg5
HEC-HERCULE CHIFFRAG;HECHEC_J11TRT_04_Q;HECHEC_J11TRT_04_LIM01_Q;"March 23, 2026";"March 24, 2026 2:00:00 AM";"March 24, 2026 2:00:00 AM";;Ended OK;Limite Horaire 0200;;Dummy;No;1;No;CTMSRV;HECHEC_J11TRT_04_Q;uSvcHEC-p;;A_W_HEC11;3onjp
HEC-HERCULE CHIFFRAG;HECHEC_J11TRT_04_Q;HECHEC_J11TRT_04_WRK01_Q;"March 23, 2026";"March 23, 2026 11:32:07 PM";"March 23, 2026 11:33:41 PM";;Ended OK;Daily Hercule;HECHEC_J11TRT_04_WRK01_Q.bat;Job;No;1;No;CTMSRV;HECHEC_J11TRT_04_Q;uSvcHEC-p;wdkhecp11;A_W_HEC11;3onjo
HEC-HERCULE CHIFFRAG;HECHEC_J12TEC_04_Q;HECHEC_J12TEC_04_FJA01_Q;"March 23, 2026";"March 24, 2026 3:15:50 AM";"March 24, 2026 3:15:50 AM";;Ended OK;HERCULE Fin des interfaces ENTRANTES;HERCULE Fin des interfaces ENTRANTES;Dummy;No;1;No;CTMSRV;HECHEC_J12TEC_04_Q;svce_cm;;;3onui
HEC-HERCULE CHIFFRAG;HECHEC_J12TRT_04_Q;HECHEC_J12TRT_04_WRK01_Q;"March 23, 2026";"March 24, 2026 1:03:00 AM";"March 24, 2026 1:12:03 AM";;Ended OK;HEC : Integration applicative;lance_Traitement_Interne.bat;Job;No;1;No;CTMSRV;HECHEC_J12TRT_04_Q;uSvcHEC-p;wdkhecp11;A_W_HEC11;3omii
HEC-HERCULE CHIFFRAG;HECHEC_J12TRT_04_Q;HECHEC_J12TRT_04_ZIP01_Q;"March 23, 2026";"March 24, 2026 1:02:57 AM";"March 24, 2026 1:02:59 AM";;Ended OK;HEC : unzip archive;DZIP_GEN_HEC.bat;Job;No;1;No;CTMSRV;HECHEC_J12TRT_04_Q;svce_cm;wdkhecp11;A_W_HEC11;3omih
KDR-KADOR;KDREXT_J11INT_05_Q;KDREXT_J11INT_05_IMP01_Q;"March 23, 2026";;;;Wait for Event;"KDR : Enrichit Societes; Etablissements et Adresses du MDM360";BATCH_Generique_DKA.ksh;Job;No;0;No;CTMSRV;KDREXT_J11INT_05_Q;dalkia-adm;A_L_MDM21;A_L_MDM21;3oo9v
KDR-KADOR;KDREXT_J11INT_05_Q;KDREXT_J11INT_05_MOV01_Q;"March 23, 2026";;;;Wait for Event;KDR : Deplacement du fichier SIRENE_Entreprise_*.csv vers KDR;MOV_IN_Generique_DKA.ksh;Job;No;0;No;CTMSRV;KDREXT_J11INT_05_Q;root;A_L_MDM21;A_L_MDM21;3oo9w
KDR-KADOR;KDREXT_J11INT_05_Q;KDREXT_J11INT_05_MOV02_Q;"March 23, 2026";;;;Wait for Event;KDR : Deplacement du fichier SIRENE_Etablissement_*.csv vers KDR;MOV_IN_Generique_DKA.ksh;Job;No;0;No;CTMSRV;KDREXT_J11INT_05_Q;root;A_L_MDM21;A_L_MDM21;3oo9x
KDR-KADOR;KDREXT_J11INT_05_Q;KDREXT_J11INT_05_Q;"March 23, 2026";"March 23, 2026 6:46:47 PM";;;Executing;"KADOR : Enrichit Societes; Etablissements et Adresses du MDM360";;SMART Table;No;1;No;CTMSRV;KDREXT_J11INT_05_Q;dalkia-adm;ldkctmp50;;3oo9u
KDR-KADOR;KDREXT_J12INT_05_Q;KDREXT_J12INT_05_IMP01_Q;"March 23, 2026";"March 24, 2026 3:02:54 AM";"March 24, 2026 3:04:23 AM";;Ended OK;KDR : Process Ressource Insert;BATCH_Generique_DKA.ksh;Job;No;1;No;CTMSRV;KDREXT_J12INT_05_Q;dalkia-adm;ldkmdmp21;A_L_MDM21;3onuc
KDR-KADOR;KDREXT_J12INT_05_Q;KDREXT_J12INT_05_MOV01_Q;"March 23, 2026";"March 24, 2026 3:02:53 AM";"March 24, 2026 3:02:53 AM";;Ended OK;KDR : Deplacement du fichier *.zip vers KDR;MOV_IN_Generique_DKA.ksh;Job;No;1;No;CTMSRV;KDREXT_J12INT_05_Q;root;ldkmdmp21;A_L_MDM21;3onud
KDR-KADOR;KDREXT_J12INT_05_Q;KDREXT_J12INT_05_Q;"March 23, 2026";"March 24, 2026 3:02:53 AM";"March 24, 2026 3:04:24 AM";;Ended OK;KADOR : Process Ressource Insert;;SMART Table;No;1;No;CTMSRV;KDREXT_J12INT_05_Q;dalkia-adm;ldkctmp50;;3onub
KDR-KADOR;KDREXT_J13INT_05_Q;KDREXT_J13INT_05_IMP01_Q;"March 23, 2026";"March 24, 2026 12:22:54 AM";"March 24, 2026 12:22:59 AM";;Ended OK;KDR - JDV : Import du fichier de JEUXDEVALEURS;executeBatchImportGXPLOV.sh;Job;No;1;No;CTMSRV;KDREXT_J13INT_05_Q;dalkia-adm;ldkmdmp21;A_L_MDM21;3onxw
KDR-KADOR;KDREXT_J13INT_05_Q;KDREXT_J13INT_05_MOV01_Q;"March 23, 2026";"March 24, 2026 12:22:52 AM";"March 24, 2026 12:22:53 AM";;Ended OK;KDR - JDV : Deplacement du fichier *.ZIP vers KDR;MOV_IN_DKA.ksh;Job;No;1;No;CTMSRV;KDREXT_J13INT_05_Q;dalkia-adm;ldkmdmp21;A_L_MDM21;3onxv
KDR-KADOR;KDRKDR_J11TRT_04_Q;KDRKDR_J11TRT_04_MOV01_Q;"March 23, 2026";"March 23, 2026 11:33:23 PM";"March 23, 2026 11:33:24 PM";;Ended OK;Transfert du zip des donnees FULL FINANCE vers NAS PFE (TEMP);MOV_OUT_Generique_DKA.ksh;Job;No;1;No;CTMSRV;KDRKDR_J11TRT_04_Q;root;ldkmdmp21;A_L_MDM21;3omsi
KDR-KADOR;KDRKDR_J11TRT_04_Q;KDRKDR_J11TRT_04_MOV02_Q;"March 23, 2026";"March 23, 2026 11:33:25 PM";"March 23, 2026 11:33:25 PM";;Ended OK;Transfert du zip des donnees FULL FINANCE vers NAS PFE;;Command;No;1;No;CTMSRV;KDRKDR_J11TRT_04_Q;root;ldkmdmp21;A_L_MDM21;3omsj
KDR-KADOR;KDRKDR_J11TRT_04_Q;KDRKDR_J11TRT_04_Q;"March 23, 2026";"March 23, 2026 11:30:00 PM";"March 23, 2026 11:33:26 PM";;Ended OK;KDR : Bascule Statut Objet;;SMART Table;No;1;No;CTMSRV;KDRKDR_J11TRT_04_Q;infadm;ldkctmp50;;3omsf
KDR-KADOR;KDRKDR_J11TRT_04_Q;KDRKDR_J11TRT_04_WRK01_Q;"March 23, 2026";"March 23, 2026 11:30:00 PM";"March 23, 2026 11:32:06 PM";;Ended OK;Bascule Statut Objet;BATCH_Generique_DKA.ksh;Job;No;1;No;CTMSRV;KDRKDR_J11TRT_04_Q;dalkia-adm;ldkmdmp21;A_L_MDM21;3omsg
KDR-KADOR;KDRKDR_J11TRT_04_Q;KDRKDR_J11TRT_04_WRK02_Q;"March 23, 2026";"March 23, 2026 11:32:07 PM";"March 23, 2026 11:33:22 PM";;Ended OK;Export full finance;BATCH_Generique_DKA.ksh;Job;No;1;No;CTMSRV;KDRKDR_J11TRT_04_Q;dalkia-adm;ldkmdmp21;A_L_MDM21;3omsh
KDR-KADOR;KDRKDR_J16TRT_04_Q;KDRKDR_J16TRT_04_EXP01_Q;"March 23, 2026";"March 24, 2026 12:30:00 AM";"March 24, 2026 12:30:32 AM";;Ended OK;Export full RH;BATCH_Generique_DKA.ksh;Job;No;1;No;CTMSRV;KDRKDR_J16TRT_04_Q;dalkia-adm;ldkmdmp21;A_L_MDM21;3on26
KDR-KADOR;KDRKDR_J16TRT_04_Q;KDRKDR_J16TRT_04_MOV01_Q;"March 23, 2026";"March 24, 2026 12:30:33 AM";"March 24, 2026 12:30:34 AM";;Ended OK;Move des fichiers FULL RH vers le NAS;MOV_OUT_Generique_DKA.ksh;Job;No;1;No;CTMSRV;KDRKDR_J16TRT_04_Q;root;ldkmdmp21;A_L_MDM21;3on27
KDR-KADOR;KDRKDR_J16TRT_04_Q;KDRKDR_J16TRT_04_Q;"March 23, 2026";"March 23, 2026 11:30:00 PM";"March 24, 2026 12:30:34 AM";;Ended OK;KDR : Bascule Statut Objet;;SMART Table;No;1;No;CTMSRV;KDRKDR_J16TRT_04_Q;infadm;ldkctmp50;;3on23
KDR-KADOR;KDRKDR_J16TRT_04_Q;KDRKDR_J16TRT_04_WRK01_Q;"March 23, 2026";"March 23, 2026 11:30:00 PM";"March 23, 2026 11:31:38 PM";;Ended OK;Chaine CALCUL_RESSOURCE_ORGA;BATCH_Generique_DKA.ksh;Job;No;1;No;CTMSRV;KDRKDR_J16TRT_04_Q;dalkia-adm;ldkmdmp21;A_L_MDM21;3on24
KDR-KADOR;KDRKDR_J16TRT_04_Q;KDRKDR_J16TRT_04_WRK02_Q;"March 23, 2026";"March 24, 2026 12:30:00 AM";"March 24, 2026 12:30:25 AM";;Ended OK;Chaine DIFFUSION_RESSOURCE_ORGA;BATCH_Generique_DKA.ksh;Job;No;1;No;CTMSRV;KDRKDR_J16TRT_04_Q;dalkia-adm;ldkmdmp21;A_L_MDM21;3on25
KDR-KADOR;KDRXXX_J11GEN_06_Q;KDRXXX_J11GEN_06_EXP01_Q;"March 23, 2026";"March 24, 2026 12:00:00 AM";"March 24, 2026 12:00:12 AM";;Ended OK;KDR : Export XML en deltas quotidiens par objets a destination du DTR Affaire;BATCH_Generique_DKA.ksh;Job;No;1;No;CTMSRV;KDRXXX_J11GEN_06_Q;dalkia-adm;ldkmdmp21;A_L_MDM21;3onbc
KDR-KADOR;KDRXXX_J11GEN_06_Q;KDRXXX_J11GEN_06_MOV01_Q;"March 23, 2026";"March 24, 2026 12:00:12 AM";"March 24, 2026 12:00:13 AM";;Ended OK;KDR : Move des fichiers REF02_*_AFFAIRE-Q_001_*.xml vers le NAS;MOV_OUT_Generique_DKA.ksh;Job;No;1;No;CTMSRV;KDRXXX_J11GEN_06_Q;root;ldkmdmp21;A_L_MDM21;3onbd
KDR-KADOR;KDRXXX_J11GEN_06_Q;KDRXXX_J11GEN_06_Q;"March 23, 2026";"March 24, 2026 12:00:00 AM";"March 24, 2026 12:00:14 AM";;Ended OK;KDR : Exports a destination de PFE;;SMART Table;No;1;No;CTMSRV;KDRXXX_J11GEN_06_Q;dalkia-adm;ldkctmp50;;3onbb
KDR-KADOR;KDRXXX_J11TEC_04_Q;KDRXXX_J11TEC_04_Q;"March 23, 2026";"March 24, 2026 12:00:00 AM";"March 24, 2026 12:00:04 AM";;Ended OK;KDR : Ajout date derniere extraction dans Libmemsym;;SMART Table;No;1;No;CTMSRV;KDRXXX_J11TEC_04_Q;infadm;ldkctmp50;;3omty
KDR-KADOR;KDRXXX_J11TEC_04_Q;KDRXXX_J11TEC_04_WRK01_Q;"March 23, 2026";"March 24, 2026 12:00:00 AM";"March 24, 2026 12:00:02 AM";;Ended OK;KDR : Ajout date derniere extraction dans Libmemsym;;Command;No;1;No;CTMSRV;KDRXXX_J11TEC_04_Q;controlm;ldkctmp50;SRV_PRIMAIRE;3omtz
KDR-KADOR;KDRXXX_J11TEC_04_Q;KDRXXX_J11TEC_04_WRK02_Q;"March 23, 2026";"March 24, 2026 12:00:02 AM";"March 24, 2026 12:00:03 AM";;Ended OK;KDR : Ajout date derniere extraction dans Libmemsym;SED_libmemsym_DALKIA_KDR_libmemsym_DALKIA.ksh;Job;No;1;No;CTMSRV;KDRXXX_J11TEC_04_Q;controlm;ldkctmp50;SRV_PRIMAIRE;3omu0
KDR-KADOR;KDRXXX_J18GEN_06_Q;KDRXXX_J18GEN_06_EXP01_Q;"March 23, 2026";"March 24, 2026 12:00:00 AM";"March 24, 2026 12:00:09 AM";;Ended OK;KDR : Export au format XML des Centres Finance modifies dans le Referentiel;BATCH_Generique_DKA.ksh;Job;No;1;No;CTMSRV;KDRXXX_J18GEN_06_Q;dalkia-adm;ldkmdmp21;A_L_MDM21;3oose
KDR-KADOR;KDRXXX_J18GEN_06_Q;KDRXXX_J18GEN_06_MOV01_Q;"March 23, 2026";"March 24, 2026 12:00:09 AM";"March 24, 2026 12:00:10 AM";;Ended OK;KDR : Move des fichiers REF02_*_CENTRE-FINANCE-Q_001_*_*.xml vers le NAS;MOV_OUT_Generique_DKA.ksh;Job;No;1;No;CTMSRV;KDRXXX_J18GEN_06_Q;root;ldkmdmp21;A_L_MDM21;3oosf
KDR-KADOR;KDRXXX_J18GEN_06_Q;KDRXXX_J18GEN_06_Q;"March 23, 2026";"March 24, 2026 12:00:00 AM";"March 24, 2026 12:00:10 AM";;Ended OK;;;SMART Table;No;1;No;CTMSRV;KDRXXX_J18GEN_06_Q;;ldkctmp50;;3oosd
KDR-KADOR;KDRXXX_J19GEN_06_Q;KDRXXX_J19GEN_06_EXP01_Q;"March 23, 2026";"March 24, 2026 12:00:00 AM";"March 24, 2026 12:00:25 AM";;Ended OK;KDR : Export au format XML les Projets Finance modifies dans le Referentiel depuis une date passee en parametre;BATCH_Generique_DKA.ksh;Job;No;1;No;CTMSRV;KDRXXX_J19GEN_06_Q;dalkia-adm;ldkmdmp21;A_L_MDM21;3oo7h
KDR-KADOR;KDRXXX_J19GEN_06_Q;KDRXXX_J19GEN_06_MOV01_Q;"March 23, 2026";"March 24, 2026 12:00:25 AM";"March 24, 2026 12:00:26 AM";;Ended OK;KDR : Move des fichiers REF02_*_PROJET-FINANCE-Q_001_*_*.xml vers le NAS;MOV_OUT_Generique_DKA.ksh;Job;No;1;No;CTMSRV;KDRXXX_J19GEN_06_Q;root;ldkmdmp21;A_L_MDM21;3oo7i
KDR-KADOR;KDRXXX_J19GEN_06_Q;KDRXXX_J19GEN_06_Q;"March 23, 2026";"March 24, 2026 12:00:00 AM";"March 24, 2026 12:00:26 AM";;Ended OK;;;SMART Table;No;1;No;CTMSRV;KDRXXX_J19GEN_06_Q;;ldkctmp50;;3oo7g
KDR-KADOR;KDRXXX_J20GEN_06_Q;KDRXXX_J20GEN_06_EXP01_Q;"March 23, 2026";"March 24, 2026 12:00:00 AM";"March 24, 2026 12:03:27 AM";;Ended OK;KDR : Export au format XML les Taches Finance modifiees dans le Referentiel depuis une date passee en parametre;BATCH_Generique_DKA.ksh;Job;No;1;No;CTMSRV;KDRXXX_J20GEN_06_Q;dalkia-adm;ldkmdmp21;A_L_MDM21;3onoo
KDR-KADOR;KDRXXX_J20GEN_06_Q;KDRXXX_J20GEN_06_MOV01_Q;"March 23, 2026";"March 24, 2026 12:03:28 AM";"March 24, 2026 12:03:29 AM";;Ended OK;KDR : Move des fichiers REF02_*_TACHE-FINANCE-Q_001_*_*.xml vers le NAS;MOV_OUT_Generique_DKA.ksh;Job;No;1;No;CTMSRV;KDRXXX_J20GEN_06_Q;root;ldkmdmp21;A_L_MDM21;3onop
KDR-KADOR;KDRXXX_J20GEN_06_Q;KDRXXX_J20GEN_06_Q;"March 23, 2026";"March 24, 2026 12:00:00 AM";"March 24, 2026 12:03:30 AM";;Ended OK;;;SMART Table;No;1;No;CTMSRV;KDRXXX_J20GEN_06_Q;;ldkctmp50;;3onon
KDR-KADOR;KDRXXX_J22GEN_06_Q;KDRXXX_J22GEN_06_EXP01_Q;"March 23, 2026";"March 24, 2026 12:00:00 AM";"March 24, 2026 12:00:09 AM";;Ended OK;KDR : Export au format XML les Organisations modifiees dans le Referentiel depuis une date passee en parametre;BATCH_Generique_DKA.ksh;Job;No;1;No;CTMSRV;KDRXXX_J22GEN_06_Q;dalkia-adm;ldkmdmp21;A_L_MDM21;3onh9
KDR-KADOR;KDRXXX_J22GEN_06_Q;KDRXXX_J22GEN_06_MOV01_Q;"March 23, 2026";"March 24, 2026 12:00:09 AM";"March 24, 2026 12:00:10 AM";;Ended OK;KDR : Move des fichiers REF02_*_ORGANISATION-Q_001_*_*.xml vers le NAS;MOV_OUT_Generique_DKA.ksh;Job;No;1;No;CTMSRV;KDRXXX_J22GEN_06_Q;root;ldkmdmp21;A_L_MDM21;3onha
KDR-KADOR;KDRXXX_J22GEN_06_Q;KDRXXX_J22GEN_06_Q;"March 23, 2026";"March 24, 2026 12:00:00 AM";"March 24, 2026 12:00:10 AM";;Ended OK;;;SMART Table;No;1;No;CTMSRV;KDRXXX_J22GEN_06_Q;;ldkctmp50;;3onh8
KDR-KADOR;KDRXXX_J23GEN_06_Q;KDRXXX_J23GEN_06_EXP01_Q;"March 23, 2026";"March 24, 2026 12:00:00 AM";"March 24, 2026 12:00:30 AM";;Ended OK;KDR : Export au format XML les Ressources modifiees dans le Referentiel depuis une date passee en parametre;BATCH_Generique_DKA.ksh;Job;No;1;No;CTMSRV;KDRXXX_J23GEN_06_Q;dalkia-adm;ldkmdmp21;A_L_MDM21;3onyn
KDR-KADOR;KDRXXX_J23GEN_06_Q;KDRXXX_J23GEN_06_MOV01_Q;"March 23, 2026";"March 24, 2026 12:00:30 AM";"March 24, 2026 12:00:31 AM";;Ended OK;KDR :  Move des fichiers REF02_*_RESSOURCE-RESTREINT-Q_001_*_*.xml vers le NAS;MOV_OUT_Generique_DKA.ksh;Job;No;1;No;CTMSRV;KDRXXX_J23GEN_06_Q;root;ldkmdmp21;A_L_MDM21;3onym
KDR-KADOR;KDRXXX_J23GEN_06_Q;KDRXXX_J23GEN_06_MOV02_Q;"March 23, 2026";"March 24, 2026 12:00:32 AM";"March 24, 2026 12:00:33 AM";;Ended OK;KDR :  Move des fichiers REF02_*_RESSOURCE-Q_001_*_*.xml vers le NAS;MOV_OUT_Generique_DKA.ksh;Job;No;1;No;CTMSRV;KDRXXX_J23GEN_06_Q;root;ldkmdmp21;A_L_MDM21;3onyo
KDR-KADOR;KDRXXX_J23GEN_06_Q;KDRXXX_J23GEN_06_Q;"March 23, 2026";"March 24, 2026 12:00:00 AM";"March 24, 2026 12:00:34 AM";;Ended OK;;;SMART Table;No;1;No;CTMSRV;KDRXXX_J23GEN_06_Q;;ldkctmp50;;3onyl
KDR-KADOR;KDRXXX_J24GEN_06_Q;KDRXXX_J24GEN_06_EXP01_Q;"March 23, 2026";"March 24, 2026 12:00:00 AM";"March 24, 2026 12:00:08 AM";;Ended OK;KDR : Export au format XML les Jeux de Valeurs modifies dans le Referentiel depuis une date passee en parametre;BATCH_Generique_DKA.ksh;Job;No;1;No;CTMSRV;KDRXXX_J24GEN_06_Q;dalkia-adm;ldkmdmp21;A_L_MDM21;3ooo4
KDR-KADOR;KDRXXX_J24GEN_06_Q;KDRXXX_J24GEN_06_MOV01_Q;"March 23, 2026";"March 24, 2026 12:00:08 AM";"March 24, 2026 12:00:09 AM";;Ended OK;KDR :  Move des fichiers REF02_*_JDV-Q_001_*_*.xml vers le NAS;MOV_OUT_Generique_DKA.ksh;Job;No;1;No;CTMSRV;KDRXXX_J24GEN_06_Q;root;ldkmdmp21;A_L_MDM21;3ooo5
KDR-KADOR;KDRXXX_J24GEN_06_Q;KDRXXX_J24GEN_06_Q;"March 23, 2026";"March 24, 2026 12:00:00 AM";"March 24, 2026 12:00:09 AM";;Ended OK;;;SMART Table;No;1;No;CTMSRV;KDRXXX_J24GEN_06_Q;;ldkctmp50;;3ooo3
KDR-KADOR;KDRXXX_J25GEN_06_Q;KDRXXX_J25GEN_06_EXP01_Q;"March 23, 2026";"March 24, 2026 12:00:00 AM";"March 24, 2026 12:00:32 AM";;Ended OK;KDR : Export CSV en FULL quotidien des transcodifications a destination du DTR Referentiel et de la plateforme d echanges;BATCH_Generique_DKA.ksh;Job;No;1;No;CTMSRV;KDRXXX_J25GEN_06_Q;dalkia-adm;ldkmdmp21;A_L_MDM21;3oo57
KDR-KADOR;KDRXXX_J25GEN_06_Q;KDRXXX_J25GEN_06_MOV01_Q;"March 23, 2026";"March 24, 2026 12:00:32 AM";"March 24, 2026 12:00:33 AM";;Ended OK;KDR : Move des fichiers REF02_*_TRANSCO-TF-ORG*.csv vers le NAS;MOV_OUT_Generique_DKA.ksh;Job;No;1;No;CTMSRV;KDRXXX_J25GEN_06_Q;root;ldkmdmp21;A_L_MDM21;3oo5a
KDR-KADOR;KDRXXX_J25GEN_06_Q;KDRXXX_J25GEN_06_MOV02_Q;"March 23, 2026";"March 24, 2026 12:01:35 AM";"March 24, 2026 12:01:36 AM";;Ended OK;KDR : Move des fichiers REF02_*_TRANSCO-*.csv vers le NAS;MOV_OUT_Generique_DKA.ksh;Job;No;1;No;CTMSRV;KDRXXX_J25GEN_06_Q;root;ldkmdmp21;A_L_MDM21;3oo58
KDR-KADOR;KDRXXX_J25GEN_06_Q;KDRXXX_J25GEN_06_Q;"March 23, 2026";"March 24, 2026 12:00:00 AM";"March 24, 2026 12:01:37 AM";;Ended OK;;;SMART Table;No;1;No;CTMSRV;KDRXXX_J25GEN_06_Q;;ldkctmp50;;3oo56
KDR-KADOR;KDRXXX_J25GEN_06_Q;KDRXXX_J25GEN_06_WAI01_Q;"March 23, 2026";"March 24, 2026 12:00:34 AM";"March 24, 2026 12:01:34 AM";;Ended OK;KDR : WAIT PFE;MOV_OUT_Generique_DKA.ksh;Command;No;1;No;CTMSRV;KDRXXX_J25GEN_06_Q;root;ldkmdmp21;A_L_MDM21;3oo59
KDR-KADOR;KDRXXX_J26GEN_06_Q;KDRXXX_J26GEN_06_PUR01_Q;"March 23, 2026";"March 24, 2026 12:03:30 AM";"March 24, 2026 12:03:30 AM";;Ended OK;KDR : Purge des exports de plus de 30 jours;PURGE_EXPORT_TRAITE.ksh;Job;No;1;No;CTMSRV;KDRXXX_J26GEN_06_Q;dalkia-adm;ldkmdmp21;A_L_MDM21;3onk2
KDR-KADOR;KDRXXX_J26GEN_06_Q;KDRXXX_J26GEN_06_PUR02_Q;"March 23, 2026";"March 24, 2026 12:30:00 AM";;;Ended OK;"KDR : le premier du mois; génère une archive zippée; supprime tous les fichiers datant de plus de 1 semaine";manageArchives.sh;Job;No;1;No;CTMSRV;KDRXXX_J26GEN_06_Q;dalkia-adm;ldkmdmp21;A_L_MDM21;3onk3
KDR-KADOR;KDRXXX_J26GEN_06_Q;KDRXXX_J26GEN_06_Q;"March 23, 2026";"March 23, 2026 1:30:09 PM";"March 24, 2026 12:30:00 AM";;Ended OK;;;SMART Table;No;1;No;CTMSRV;KDRXXX_J26GEN_06_Q;;ldkctmp50;;3onk1
KDR-KADOR;SEEREF_J11INT_05_Q;SEEREF_J11INT_05_IMP01_Q;"March 23, 2026";"March 23, 2026 8:36:17 PM";"March 23, 2026 8:36:33 PM";;Ended OK;Importation des partenaires;importPartenaire.sh;Job;No;1;No;CTMSRV;SEEREF_J11INT_05_Q;dalkia-adm;ldkmdmp21;A_L_MDM21;3omjz
KDR-KADOR;SEEREF_J11INT_05_Q;SEEREF_J11INT_05_MOV01_Q;"March 23, 2026";"March 23, 2026 8:36:16 PM";"March 23, 2026 8:36:17 PM";;Ended OK;Move du ou des fichiers SEE01_*_PARTENAIRE-* de /data/flf/shares/files/REF02/INBOUND/SEE01.C_DELTA_PARTENAIRE vers input DTR /app/echanges/kador/import/kds/partenaire/input/;MOV_IN_DKA.ksh;Job;No;1;No;CTMSRV;SEEREF_J11INT_05_Q;dalkia-adm;ldkmdmp21;A_L_MDM21;3omjy
KDR-KADOR;SEEREF_J12INT_05_Q;SEEREF_J12INT_05_IMP01_Q;"March 23, 2026";"March 23, 2026 8:34:33 PM";"March 23, 2026 8:34:39 PM";;Ended OK;Importation des societes;importSociete.sh;Job;No;1;No;CTMSRV;SEEREF_J12INT_05_Q;dalkia-adm;ldkmdmp21;A_L_MDM21;3onr6
KDR-KADOR;SEEREF_J12INT_05_Q;SEEREF_J12INT_05_MOV01_Q;"March 23, 2026";"March 23, 2026 8:34:32 PM";"March 23, 2026 8:34:33 PM";;Ended OK;Move du fichier *.zip de /data/flf/shares/files/REF02/INBOUND/SEE01.C_DELTA_SOCIETE vers input DTR /app/echanges/kador/import/kds/societe/input/;MOV_IN_DKA.ksh;Job;No;1;No;CTMSRV;SEEREF_J12INT_05_Q;dalkia-adm;ldkmdmp21;A_L_MDM21;3onr5
MBB-MOBILITE BANCAIRE;MBBEXT_J11FLX_07_Q;MBBEXT_J11FLX_07_FTP01_Q;"March 23, 2026";;;;Wait for Event;FLUX : EDF01.SG.MOBILITEBANCAIRE PFE vers MBB;MOV_Generique_DKA.bat;Job;No;0;No;CTMSRV;MBBEXT_J11FLX_07_Q;svce_cm;A_W_MBB01;A_W_MBB01;3omvj
MBB-MOBILITE BANCAIRE;MBBEXT_J11FLX_07_Q;MBBEXT_J11FLX_07_Q;"March 23, 2026";;;;Wait for Event;FLUX : EDF01.SG.MOBILITEBANCAIRE PFE vers MBB;;SMART Table;No;0;No;CTMSRV;MBBEXT_J11FLX_07_Q;svce_cm;;;3omvi
MBB-MOBILITE BANCAIRE;MBBMBB_J01INT_05_Q;MBBMBB_J01INT_05_Q;"March 23, 2026";;;;Wait for Event;INT : Integration applicative Mobilité Bancaire;;SMART Table;No;0;No;CTMSRV;MBBMBB_J01INT_05_Q;svce_cm;;;3onmz
MBB-MOBILITE BANCAIRE;MBBMBB_J01INT_05_Q;MBBMBB_J01INT_05_WRK01_Q;"March 23, 2026";;;;Wait for Event;WRK : Integration applicative Mobilité Bancaire;Dalkia.MoveBank.BatchListener.exe;Job;No;0;No;CTMSRV;MBBMBB_J01INT_05_Q;svce_cm;A_W_MBB01;A_W_MBB01;3onn0
MOS-MOS PI;MOSMOS_E21TEC_PI_Q;MOSMOS_E21TEC_PI_PUR01_Q;"March 23, 2026";"March 23, 2026 2:00:00 PM";"March 23, 2026 2:10:08 PM";;Ended OK;Purge des logs;PURGE_FICHIER.exe;Job;No;1;No;CTMSRV;MOSMOS_E21TEC_PI_Q;crtuser;wdkmosinp01;wdkmosinp01;3onaj
MOS-MOS PI;MOSMOS_E21TEC_PI_Q;MOSMOS_E21TEC_PI_Q;"March 23, 2026";"March 23, 2026 1:30:09 PM";"March 23, 2026 2:10:09 PM";;Ended OK;Chaine de purge  des logs sur le serveur WDKMOSINP01;;SMART Table;No;1;No;CTMSRV;MOSMOS_E21TEC_PI_Q;;ldkctmp50;;3onai
NRJ-ENERGY;NRJBDM_J13GEN_06_Q;NRJBDM_J13GEN_06_CVN01_Q;"March 23, 2026";"March 23, 2026 7:28:08 PM";"March 23, 2026 7:28:08 PM";;Ended OK;NRJ Script de conversion de fichier LFLUB;killcr.sh;Dummy;No;1;No;CTMSRV;NRJBDM_J13GEN_06_Q;root;;A_L_ENE12;3oot0
NRJ-ENERGY;NRJBDM_J13GEN_06_Q;NRJBDM_J13GEN_06_CVN02_Q;"March 23, 2026";"March 23, 2026 7:28:08 PM";"March 23, 2026 7:28:08 PM";;Ended OK;NRJ Script de conversion de fichier LR0YM;killcr.sh;Dummy;No;1;No;CTMSRV;NRJBDM_J13GEN_06_Q;root;;A_L_ENE12;3oot1
NRJ-ENERGY;NRJBDM_J13GEN_06_Q;NRJBDM_J13GEN_06_FTP03_Q;"March 23, 2026";"March 23, 2026 7:28:09 PM";"March 23, 2026 7:28:09 PM";;Ended OK;NRJ copie fichier LFLUB vers PFE;FTP_GENERIQUE.ksh;Dummy;No;1;No;CTMSRV;NRJBDM_J13GEN_06_Q;root;;A_L_PFE11;3oot2
NRJ-ENERGY;NRJBDM_J13GEN_06_Q;NRJBDM_J13GEN_06_FTP04_Q;"March 23, 2026";"March 23, 2026 7:28:09 PM";"March 23, 2026 7:28:09 PM";;Ended OK;NRJ copie fichier LR0YM vers PFE;FTP_GENERIQUE.ksh;Dummy;No;1;No;CTMSRV;NRJBDM_J13GEN_06_Q;root;;A_L_PFE11;3oot3
NRJ-ENERGY;NRJBDM_J13GEN_06_Q;NRJBDM_J13GEN_06_FTP05_Q;"March 23, 2026";"March 23, 2026 7:28:08 PM";"March 23, 2026 7:28:09 PM";;Ended OK;NRJ copie fichier L00YM_NF vers PFE;FTP_GENERIQUE.ksh;Job;No;1;No;CTMSRV;NRJBDM_J13GEN_06_Q;root;ldkpfep11;A_L_PFE11;3oot4
NRJ-ENERGY;NRJBDM_J13GEN_06_Q;NRJBDM_J13GEN_06_FTP06_Q;"March 23, 2026";"March 23, 2026 7:28:08 PM";"March 23, 2026 7:28:09 PM";;Ended OK;NRJ copie fichier L00YL_NF vers PFE;FTP_GENERIQUE.ksh;Job;No;1;No;CTMSRV;NRJBDM_J13GEN_06_Q;root;ldkpfep11;A_L_PFE11;3oot5
NRJ-ENERGY;NRJBDM_J13GEN_06_Q;NRJBDM_J13GEN_06_WRK01_Q;"March 23, 2026";"March 23, 2026 7:27:06 PM";"March 23, 2026 7:28:07 PM";;Ended OK;NRJ Interf sortante retroalim. donnees bd meteo;NRJBDM_J13GEN_06_WRK01_Q.ksh;Job;No;1;No;CTMSRV;NRJBDM_J13GEN_06_Q;dbanrj;ldkenep12;A_L_ENE12;3oosz
NRJ-ENERGY;NRJBDM_J14GEN_06_Q;NRJBDM_J14GEN_06_WRK01_Q;"March 23, 2026";"March 23, 2026 7:00:43 PM";"March 23, 2026 7:27:05 PM";;Ended OK;SPEGYMET2 : BD meteo - traitement de nuit;U112068010.sh;Job;No;1;No;CTMSRV;NRJBDM_J14GEN_06_Q;root;ldkenep12;A_L_ENE12;3oo5k
NRJ-ENERGY;NRJCEL_J12INT_05_Q;NRJCEL_J12INT_05_FLG01_Q;"March 23, 2026";"March 23, 2026 9:01:45 PM";"March 23, 2026 9:01:45 PM";;Ended OK;Fin trait : interface entrante Quantite livree;;Dummy;No;1;No;CTMSRV;NRJCEL_J12INT_05_Q;ctmagv7;;A_L_ENE12;3omjn
NRJ-ENERGY;NRJCEL_J12INT_05_Q;NRJCEL_J12INT_05_FTP01_Q;"March 23, 2026";"March 23, 2026 9:00:00 PM";"March 23, 2026 9:00:01 PM";2300;Ended OK;NRJ Transfert du fichier DFR01_QUANTITESLIVREES_*.txt depuis PFE;FTP_MULTI_GENERIQUE.ksh;Job;No;1;No;CTMSRV;NRJCEL_J12INT_05_Q;root;ldkpfep11;A_L_PFE11;3omjo
NRJ-ENERGY;NRJCEL_J12INT_05_Q;NRJCEL_J12INT_05_LIM01_Q;"March 23, 2026";"March 23, 2026 11:05:00 PM";"March 23, 2026 11:05:00 PM";;Ended OK;NRJ : Limite horaire;;Dummy;No;1;No;CTMSRV;NRJCEL_J12INT_05_Q;root;;A_L_ENE12;3omjp
NRJ-ENERGY;NRJCEL_J12INT_05_Q;NRJCEL_J12INT_05_WRK01_Q;"March 23, 2026";"March 23, 2026 9:00:01 PM";"March 23, 2026 9:01:44 PM";2300;Ended OK;Interf entrante quantite livree;NRJCEL_J12INT_05_WRK01_Q.ksh;Job;No;1;No;CTMSRV;NRJCEL_J12INT_05_Q;dbanrj;ldkenep12;A_L_ENE12;3omjm
NRJ-ENERGY;NRJCID_J12GEN_06_Q;NRJCID_J12GEN_06_WRK01_Q;"March 23, 2026";"March 23, 2026 7:00:39 PM";"March 23, 2026 7:00:42 PM";;Ended OK;SPEGYMET1 : BD meteo - traitement de nuit;U112062010.sh;Job;No;1;No;CTMSRV;NRJCID_J12GEN_06_Q;root;ldkenep12;A_L_ENE12;3onqw
NRJ-ENERGY;NRJCRT_J11INT_05_Q;NRJCRT_J11INT_05_FTP01_Q;"March 23, 2026";"March 24, 2026 7:30:00 AM";"March 24, 2026 7:30:01 AM";;Wait for Event;NRJ : Envoi FTP des fichiers index*gaz*.csv depuis PFE;FTP_MULTI_GENERIQUE.ksh;Job;No;3;Yes;CTMSRV;NRJCRT_J11INT_05_Q;root;ldkpfep11;A_L_PFE11;3ony6
NRJ-ENERGY;NRJCRT_J11INT_05_Q;NRJCRT_J11INT_05_IMP01_Q;"March 23, 2026";"March 24, 2026 7:30:01 AM";"March 24, 2026 7:35:49 AM";;Wait for Event;NRJ : Interface sortante indexes des compteurs gaz et hors gaz pour CRT;IICRTEGY01.sh;Job;No;3;Yes;CTMSRV;NRJCRT_J11INT_05_Q;dbanrj;ldkenep12;A_L_ENE12;3ony7
NRJ-ENERGY;NRJCRT_J11INT_05_Q;NRJCRT_J11INT_05_Q;"March 23, 2026";"March 23, 2026 1:30:09 PM";;;Executing;;;SMART Table;No;1;No;CTMSRV;NRJCRT_J11INT_05_Q;;;;3ony5
NRJ-ENERGY;NRJDTR_J11GEN_06_Q;NRJDTR_J11GEN_06_EXP01_Q;"March 23, 2026";"March 23, 2026 10:34:38 PM";"March 23, 2026 10:42:45 PM";;Ended OK;Extraction data Energy vers DWHBI EAI;U112441010.sh;Job;No;1;No;CTMSRV;NRJDTR_J11GEN_06_Q;root;ldkenep12;A_L_ENE12;3oocy
NRJ-ENERGY;NRJDTR_J11GEN_06_Q;NRJDTR_J11GEN_06_EXP02_Q;"March 23, 2026";"March 23, 2026 10:42:46 PM";"March 23, 2026 10:44:12 PM";;Ended OK;lancement IEEGYDTR01_ExportBDD;U112441020.sh;Job;No;1;No;CTMSRV;NRJDTR_J11GEN_06_Q;root;ldkenep12;A_L_ENE12;3oocz
NRJ-ENERGY;NRJDTR_J11GEN_06_Q;NRJDTR_J11GEN_06_EXP03_Q;"March 23, 2026";"March 23, 2026 10:44:13 PM";"March 23, 2026 10:44:14 PM";;Ended OK;Transfert ftp;U503IXX900.sh;Job;No;1;No;CTMSRV;NRJDTR_J11GEN_06_Q;dbanrj;ldkenep12;A_L_ENE12;3ood0
NRJ-ENERGY;NRJEXT_J13INT_05_Q;NRJEXT_J13INT_05_IMP01_Q;"March 23, 2026";"March 24, 2026 5:30:00 AM";"March 24, 2026 5:31:02 AM";;Ended OK;Interface : intégrations des données météo issues de Météo France;NRJEXT_J13INT_05_IMP01_Q.ksh;Job;No;1;No;CTMSRV;NRJEXT_J13INT_05_Q;dbanrj;ldkenep12;A_L_ENE12;3omr7
NRJ-ENERGY;NRJEXT_J13INT_05_Q;NRJEXT_J13INT_05_IMP02_Q;"March 23, 2026";;;;Wait for Event;Interface : intégrations des données météo issues de Météo France;NRJEXT_J13INT_05_IMP02_Q.ksh;Job;No;0;No;CTMSRV;NRJEXT_J13INT_05_Q;dbanrj;A_L_ENE12;A_L_ENE12;3omr8
NRJ-ENERGY;NRJEXT_J13INT_05_Q;NRJEXT_J13INT_05_IMP03_Q;"March 23, 2026";"March 23, 2026 2:30:00 PM";"March 23, 2026 2:31:13 PM";;Ended OK;Interface : intégrations des données météo issues de Météo France;NRJEXT_J13INT_05_IMP03_Q.ksh;Job;No;1;No;CTMSRV;NRJEXT_J13INT_05_Q;dbanrj;ldkenep12;A_L_ENE12;3omr9
NRJ-ENERGY;NRJEXT_J13INT_05_Q;NRJEXT_J13INT_05_IMP04_Q;"March 23, 2026";"March 23, 2026 6:30:00 PM";"March 23, 2026 6:31:08 PM";;Ended OK;Interface : intégrations des données météo issues de Météo France;NRJEXT_J13INT_05_IMP04_Q.ksh;Job;No;1;No;CTMSRV;NRJEXT_J13INT_05_Q;dbanrj;ldkenep12;A_L_ENE12;3omra
NRJ-ENERGY;NRJEXT_J13INT_05_Q;NRJEXT_J13INT_05_Q;"March 23, 2026";"March 23, 2026 1:30:08 PM";;;Executing;;;SMART Table;No;1;No;CTMSRV;NRJEXT_J13INT_05_Q;;;;3omr6
NRJ-ENERGY;NRJEXT_J14INT_05_Q;NRJEXT_J14INT_05_IMP01_Q;"March 23, 2026";"March 24, 2026 1:30:00 AM";"March 24, 2026 1:30:37 AM";;Ended OK;Import TPV2_Jxxxxxxxxx_YYYYMMDD_*.csv;IIGDDEGY01.sh;Job;No;1;No;CTMSRV;NRJEXT_J14INT_05_Q;dbanrj;ldkenep12;A_L_ENE12;3ooqh
NRJ-ENERGY;NRJEXT_J14INT_05_Q;NRJEXT_J14INT_05_MOV01_Q;"March 23, 2026";"March 24, 2026 12:45:00 AM";"March 24, 2026 12:45:02 AM";0100;Ended Not OK;NRJ : Envoi FTP TPV2_Jxxxxxxxxx_YYYYMMDD_Customer.csv depuis NAS EDF vers Energy;FTP_MULTI_GENERIQUE.ksh;Job;No;4;Yes;CTMSRV;NRJEXT_J14INT_05_Q;root;ldkpfep11;A_L_PFE11;3ooqi
NRJ-ENERGY;NRJEXT_J14INT_05_Q;NRJEXT_J14INT_05_Q;"March 23, 2026";"March 23, 2026 1:30:10 PM";"March 24, 2026 1:30:38 AM";;Ended Not OK;;;SMART Table;No;1;No;CTMSRV;NRJEXT_J14INT_05_Q;;ldkctmp50;;3ooqg
NRJ-ENERGY;NRJLAK_J11GEN_06_Q;NRJLAK_J11GEN_06_EXP01_Q;"March 23, 2026";"March 23, 2026 6:00:00 PM";"March 23, 2026 6:03:41 PM";;Wait for Event;NRJ : Interface sortante des données ENERGY pour DataLAKE;IEEGYLAK01.sh;Job;No;1;Yes;CTMSRV;NRJLAK_J11GEN_06_Q;dbanrj;ldkenep12;A_L_ENE12;3on7k
NRJ-ENERGY;NRJLAK_J11GEN_06_Q;NRJLAK_J11GEN_06_FTP01_Q;"March 23, 2026";"March 23, 2026 6:03:42 PM";"March 23, 2026 6:03:43 PM";;Wait for Event;NRJ : Envoi FTP du INDICATEURSENERGY_*.xml vers PFE;FTP_MULTI_GENERIQUE.ksh;Job;No;1;Yes;CTMSRV;NRJLAK_J11GEN_06_Q;root;ldkpfep11;A_L_PFE11;3on7j
NRJ-ENERGY;NRJLAK_J11GEN_06_Q;NRJLAK_J11GEN_06_FTP02_Q;"March 23, 2026";"March 23, 2026 6:03:42 PM";"March 23, 2026 6:03:44 PM";;Wait for Event;NRJ : Envoi FTP du EVENEMENTSENERGY_*.xml vers PFE;FTP_MULTI_GENERIQUE.ksh;Job;No;1;Yes;CTMSRV;NRJLAK_J11GEN_06_Q;root;ldkpfep11;A_L_PFE11;3on7l
NRJ-ENERGY;NRJLAK_J11GEN_06_Q;NRJLAK_J11GEN_06_FTP03_Q;"March 23, 2026";"March 23, 2026 6:03:42 PM";"March 23, 2026 6:03:45 PM";;Wait for Event;NRJ : Envoi FTP du INDICATEURSELEMENTENERGY_*.xml vers PFE;FTP_MULTI_GENERIQUE.ksh;Job;No;1;Yes;CTMSRV;NRJLAK_J11GEN_06_Q;root;ldkpfep11;A_L_PFE11;3on7m
NRJ-ENERGY;NRJLAK_J11GEN_06_Q;NRJLAK_J11GEN_06_Q;"March 23, 2026";"March 23, 2026 1:30:09 PM";;;Executing;NRJ : Interface sortante des données ENERGY pour DataLAKE;;SMART Table;No;1;No;CTMSRV;NRJLAK_J11GEN_06_Q;dbanrj;;;3on7i
NRJ-ENERGY;NRJLAK_J11GEN_06_Q;NRJLAK_J12GEN_06_Q;"March 23, 2026";"March 23, 2026 1:30:10 PM";"March 23, 2026 10:42:50 PM";;Ended OK;;;SMART Table;No;1;No;CTMSRV;NRJLAK_J12GEN_06_Q;;ldkctmp50;;3oona
NRJ-ENERGY;NRJLAK_J12GEN_06_Q;NRJLAK_J12GEN_06_FTP01_Q;"March 23, 2026";"March 23, 2026 10:42:46 PM";"March 23, 2026 10:42:47 PM";;Ended OK;NRJ : Envoi FTP du DATA_BRUT_LIENELEMENT_*.tar.gz vers PFE;FTP_MULTI_GENERIQUE.ksh;Job;No;1;No;CTMSRV;NRJLAK_J12GEN_06_Q;root;ldkpfep11;A_L_PFE11;3oonb
NRJ-ENERGY;NRJLAK_J12GEN_06_Q;NRJLAK_J12GEN_06_FTP02_Q;"March 23, 2026";"March 23, 2026 10:42:46 PM";"March 23, 2026 10:42:48 PM";;Ended OK;NRJ : Envoi FTP du DATA_BRUT_PROPDATE_*.tar.gz vers PFE;FTP_MULTI_GENERIQUE.ksh;Job;No;1;No;CTMSRV;NRJLAK_J12GEN_06_Q;root;ldkpfep11;A_L_PFE11;3oonc
NRJ-ENERGY;NRJLAK_J12GEN_06_Q;NRJLAK_J12GEN_06_MOV01_Q;"March 23, 2026";"March 23, 2026 10:42:48 PM";"March 23, 2026 10:42:48 PM";;Ended OK;NRJ : MOVE du fichier DATA_BRUT_LIENELEMENT_*.tar.gz du répertoire temporaire vers le répertoire cible;MOV_DKA.ksh;Job;No;1;No;CTMSRV;NRJLAK_J12GEN_06_Q;root;ldkpfep11;A_L_PFE11;3oond
NRJ-ENERGY;NRJLAK_J12GEN_06_Q;NRJLAK_J12GEN_06_MOV02_Q;"March 23, 2026";"March 23, 2026 10:42:48 PM";"March 23, 2026 10:42:49 PM";;Ended OK;NRJ : MOVE du fichier DATA_BRUT_LIENELEMENT_*.tar.gz du répertoire temporaire vers le répertoire cible;MOV_DKA.ksh;Job;No;1;No;CTMSRV;NRJLAK_J12GEN_06_Q;root;ldkpfep11;A_L_PFE11;3oone
NRJ-ENERGY;NRJNRJ_B11TEC_04_Q;NRJNRJ_B11TEC_04_FJA96_Q;"March 23, 2026";"March 23, 2026 7:06:16 PM";"March 23, 2026 7:06:16 PM";;Ended OK;Fin trait. Valorisation Budget NRJ;U112_BUDGET;Dummy;No;1;No;CTMSRV;NRJNRJ_B11TEC_04_Q;ctmuser;;;3omos
NRJ-ENERGY;NRJNRJ_B12TRT_04_Q;NRJNRJ_B12TRT_04_99999_Q;"March 23, 2026";"March 23, 2026 7:06:15 PM";"March 23, 2026 7:06:15 PM";;Ended OK;Traitement des Calcul du budget des quantites;U112510999;Dummy;No;1;No;CTMSRV;NRJNRJ_B12TRT_04_Q;root;;;3once
NRJ-ENERGY;NRJNRJ_B12TRT_04_Q;NRJNRJ_B12TRT_04_CAL01_Q;"March 23, 2026";"March 23, 2026 7:00:43 PM";"March 23, 2026 7:02:28 PM";;Ended OK;SPEGYBUD3 : Calcul du budget des quantites FR03;U112510010.cmd;Job;No;1;No;CTMSRV;NRJNRJ_B12TRT_04_Q;svce_cm;wdkenep11;A_W_ENE11;3onci
NRJ-ENERGY;NRJNRJ_B12TRT_04_Q;NRJNRJ_B12TRT_04_CAL02_Q;"March 23, 2026";"March 23, 2026 7:00:43 PM";"March 23, 2026 7:06:14 PM";;Ended OK;SPEGYBUD3 : Calcul du budget des quantites FR02;U112510020.cmd;Job;No;1;No;CTMSRV;NRJNRJ_B12TRT_04_Q;svce_cm;wdkenep12;A_W_ENE12;3oncf
NRJ-ENERGY;NRJNRJ_B12TRT_04_Q;NRJNRJ_B12TRT_04_CAL03_Q;"March 23, 2026";"March 23, 2026 7:00:43 PM";"March 23, 2026 7:06:14 PM";;Ended OK;SPEGYBUD3 : Calcul du budget des quantites FR12;U112510030.cmd;Job;No;1;No;CTMSRV;NRJNRJ_B12TRT_04_Q;svce_cm;wdkenep13;A_W_ENE13;3oncg
NRJ-ENERGY;NRJNRJ_B12TRT_04_Q;NRJNRJ_B12TRT_04_CAL04_Q;"March 23, 2026";"March 23, 2026 7:00:43 PM";"March 23, 2026 7:06:14 PM";;Ended OK;SPEGYBUD3 : Calcul du budget des quantites FR13;U112510040.cmd;Job;No;1;No;CTMSRV;NRJNRJ_B12TRT_04_Q;svce_cm;wdkenep14;A_W_ENE14;3onch
NRJ-ENERGY;NRJNRJ_E01TEC_04_Q;NRJNRJ_E01TEC_04_STA01_Q;"March 23, 2026";"March 24, 2026 5:00:00 AM";"March 24, 2026 5:01:38 AM";;Ended Not OK;Statistiques quotidiennes Oracle sur la base dprnrj;NRJNRJ_E01TEC_04_STA01_Q.sh;Job;No;1;No;CTMSRV;NRJNRJ_E01TEC_04_Q;root;ldkenep12;A_L_ENE12;3onmi
NRJ-ENERGY;NRJNRJ_E11STP_01_Q;NRJNRJ_E11STP_01_99999_Q;"March 23, 2026";"March 23, 2026 7:00:34 PM";"March 23, 2026 7:00:34 PM";;Ended OK;Fin : Fermeture des TP ENERGY;U112001999;Dummy;No;1;No;CTMSRV;NRJNRJ_E11STP_01_Q;ENERGY;;;3on91
NRJ-ENERGY;NRJNRJ_E11STP_01_Q;NRJNRJ_E11STP_01_ARR01_Q;"March 23, 2026";"March 23, 2026 7:00:00 PM";"March 23, 2026 7:00:09 PM";;Ended OK;"Arrêt du service ""SPEGYEVT7"" A_W_ENE14";stop_service.cmd;Job;No;1;No;CTMSRV;NRJNRJ_E11STP_01_Q;ENERGY;wdkenep14;A_W_ENE14;3on9l
NRJ-ENERGY;NRJNRJ_E11STP_01_Q;NRJNRJ_E11STP_01_ARR02_Q;"March 23, 2026";"March 24, 2026 6:45:00 AM";"March 24, 2026 6:45:09 AM";;Ended OK;"Arrêt du service ""w3svc"" A_W_ENE14";stop_service.cmd;Job;No;1;No;CTMSRV;NRJNRJ_E11STP_01_Q;ENERGY;wdkenep14;A_W_ENE14;3on9m
NRJ-ENERGY;NRJNRJ_E11STP_01_Q;NRJNRJ_E11STP_01_ARR03_Q;"March 23, 2026";"March 23, 2026 7:00:13 PM";"March 23, 2026 7:00:15 PM";;Ended OK;"Arrêt du service ""IIEAIEGY01"" A_W_ENE14";stop_service.cmd;Job;No;1;No;CTMSRV;NRJNRJ_E11STP_01_Q;ENERGY;wdkenep14;A_W_ENE14;3on9n
NRJ-ENERGY;NRJNRJ_E11STP_01_Q;NRJNRJ_E11STP_01_ARR04_Q;"March 23, 2026";"March 24, 2026 6:45:10 AM";"March 24, 2026 6:45:16 AM";;Ended OK;"Arrêt du service ""IIS Admin Service"" A_W_ENE14";stop_service.cmd;Job;No;1;No;CTMSRV;NRJNRJ_E11STP_01_Q;ENERGY;wdkenep14;A_W_ENE14;3on9o
NRJ-ENERGY;NRJNRJ_E11STP_01_Q;NRJNRJ_E11STP_01_ARR05_Q;"March 23, 2026";"March 24, 2026 6:45:17 AM";"March 24, 2026 6:45:26 AM";;Ended OK;"Arrêt du service ""ASP.NET State Service"" A_W_ENE14";stop_service.cmd;Job;No;1;No;CTMSRV;NRJNRJ_E11STP_01_Q;ENERGY;wdkenep14;A_W_ENE14;3on9p
NRJ-ENERGY;NRJNRJ_E11STP_01_Q;NRJNRJ_E11STP_01_ARR06_Q;"March 23, 2026";"March 24, 2026 6:45:26 AM";"March 24, 2026 6:45:30 AM";;Ended OK;Arrêt du process aspnet_wp.exe A_W_ENE14;kill_aspnet_wp_exe.cmd;Job;No;1;No;CTMSRV;NRJNRJ_E11STP_01_Q;ENERGY;wdkenep14;A_W_ENE14;3on9q
NRJ-ENERGY;NRJNRJ_E11STP_01_Q;NRJNRJ_E11STP_01_ARR08_Q;"March 23, 2026";"March 23, 2026 7:00:10 PM";"March 23, 2026 7:00:12 PM";;Ended OK;Arrêt des sites ENERGY sur WDKNRJP04;STOP_SITE_ENERGY;Command;No;1;No;CTMSRV;NRJNRJ_E11STP_01_Q;svce_cm;wdkenep14;A_W_ENE14;3on9x
NRJ-ENERGY;NRJNRJ_E11STP_01_Q;NRJNRJ_E11STP_01_ARR71_Q;"March 23, 2026";"March 23, 2026 7:00:00 PM";"March 23, 2026 7:00:08 PM";;Ended OK;"Arrêt du service ""SPEGYEVT7""  A_W_ENE11";stop_service.cmd;Job;No;1;No;CTMSRV;NRJNRJ_E11STP_01_Q;ENERGY;wdkenep11;A_W_ENE11;3on92
NRJ-ENERGY;NRJNRJ_E11STP_01_Q;NRJNRJ_E11STP_01_ARR72_Q;"March 23, 2026";"March 24, 2026 6:45:00 AM";"March 24, 2026 6:45:09 AM";;Ended OK;"Arrêt du service ""w3svc""  A_W_ENE11";stop_service.cmd;Job;No;1;No;CTMSRV;NRJNRJ_E11STP_01_Q;ENERGY;wdkenep11;A_W_ENE11;3on93
NRJ-ENERGY;NRJNRJ_E11STP_01_Q;NRJNRJ_E11STP_01_ARR74_Q;"March 23, 2026";"March 24, 2026 6:45:10 AM";"March 24, 2026 6:45:16 AM";;Ended OK;"Arrêt du service ""IIS Admin Service""  A_W_ENE11";stop_service.cmd;Job;No;1;No;CTMSRV;NRJNRJ_E11STP_01_Q;ENERGY;wdkenep11;A_W_ENE11;3on94
NRJ-ENERGY;NRJNRJ_E11STP_01_Q;NRJNRJ_E11STP_01_ARR75_Q;"March 23, 2026";"March 24, 2026 6:45:17 AM";"March 24, 2026 6:45:23 AM";;Ended OK;"Arrêt du service ""ASP.NET State Service""  A_W_ENE11";stop_service.cmd;Job;No;1;No;CTMSRV;NRJNRJ_E11STP_01_Q;ENERGY;wdkenep11;A_W_ENE11;3on95
NRJ-ENERGY;NRJNRJ_E11STP_01_Q;NRJNRJ_E11STP_01_ARR76_Q;"March 23, 2026";"March 24, 2026 6:45:23 AM";"March 24, 2026 6:45:27 AM";;Ended OK;Arrêt du process aspnet_wp.exe  A_W_ENE11;kill_aspnet_wp_exe.cmd;Job;No;1;No;CTMSRV;NRJNRJ_E11STP_01_Q;ENERGY;wdkenep11;A_W_ENE11;3on96
NRJ-ENERGY;NRJNRJ_E11STP_01_Q;NRJNRJ_E11STP_01_ARR78_Q;"March 23, 2026";"March 23, 2026 7:00:09 PM";"March 23, 2026 7:00:11 PM";;Ended OK;Arrêt des sites ENERGY sur le seveur WDKNRJx01;STOP_SITE_ENERGY;Command;No;1;No;CTMSRV;NRJNRJ_E11STP_01_Q;svce_cm;wdkenep11;A_W_ENE11;3on9y
NRJ-ENERGY;NRJNRJ_E11STP_01_Q;NRJNRJ_E11STP_01_ARR81_Q;"March 23, 2026";"March 23, 2026 7:00:00 PM";"March 23, 2026 7:00:09 PM";;Ended OK;"Arrêt du service ""SPEGYEVT7"" A_W_ENE12";stop_service.cmd;Job;No;1;No;CTMSRV;NRJNRJ_E11STP_01_Q;ENERGY;wdkenep12;A_W_ENE12;3on98
NRJ-ENERGY;NRJNRJ_E11STP_01_Q;NRJNRJ_E11STP_01_ARR82_Q;"March 23, 2026";"March 24, 2026 6:45:00 AM";"March 24, 2026 6:45:09 AM";;Ended OK;"Arrêt du service ""w3svc"" A_W_ENE12";stop_service.cmd;Job;No;1;No;CTMSRV;NRJNRJ_E11STP_01_Q;ENERGY;wdkenep12;A_W_ENE12;3on99
NRJ-ENERGY;NRJNRJ_E11STP_01_Q;NRJNRJ_E11STP_01_ARR83_Q;"March 23, 2026";"March 23, 2026 7:00:19 PM";"March 23, 2026 7:00:25 PM";;Ended OK;"Arrêt du service ""IEEGYELT01"" A_W_ENE12";stop_service.cmd;Job;No;1;No;CTMSRV;NRJNRJ_E11STP_01_Q;ENERGY;wdkenep12;A_W_ENE12;3on9a
NRJ-ENERGY;NRJNRJ_E11STP_01_Q;NRJNRJ_E11STP_01_ARR84_Q;"March 23, 2026";"March 24, 2026 6:45:10 AM";"March 24, 2026 6:45:16 AM";;Ended OK;"Arrêt du service ""IIS Admin Service"" A_W_ENE12";stop_service.cmd;Job;No;1;No;CTMSRV;NRJNRJ_E11STP_01_Q;ENERGY;wdkenep12;A_W_ENE12;3on9b
NRJ-ENERGY;NRJNRJ_E11STP_01_Q;NRJNRJ_E11STP_01_ARR85_Q;"March 23, 2026";"March 24, 2026 6:45:17 AM";"March 24, 2026 6:45:23 AM";;Ended OK;"Arrêt du service ""ASP.NET State Service"" A_W_ENE12";stop_service.cmd;Job;No;1;No;CTMSRV;NRJNRJ_E11STP_01_Q;ENERGY;wdkenep12;A_W_ENE12;3on9c
NRJ-ENERGY;NRJNRJ_E11STP_01_Q;NRJNRJ_E11STP_01_ARR86_Q;"March 23, 2026";"March 24, 2026 6:45:23 AM";"March 24, 2026 6:45:27 AM";;Ended OK;Arrêt du process aspnet_wp.exe A_W_ENE12;kill_aspnet_wp_exe.cmd;Job;No;1;No;CTMSRV;NRJNRJ_E11STP_01_Q;ENERGY;wdkenep12;A_W_ENE12;3on9d
NRJ-ENERGY;NRJNRJ_E11STP_01_Q;NRJNRJ_E11STP_01_ARR87_Q;"March 23, 2026";"March 23, 2026 7:00:12 PM";"March 23, 2026 7:00:18 PM";;Ended OK;"Arrêt du service ""IIEAIEGY01"" A_W_ENE12";stop_service.cmd;Job;No;1;No;CTMSRV;NRJNRJ_E11STP_01_Q;ENERGY;wdkenep12;A_W_ENE12;3on9t
NRJ-ENERGY;NRJNRJ_E11STP_01_Q;NRJNRJ_E11STP_01_ARR88_Q;"March 23, 2026";"March 23, 2026 7:00:09 PM";"March 23, 2026 7:00:12 PM";;Ended OK;Arrêt des sites ENERGY sur le seveur WDKNRJx02;STOP_SITE_ENERGY;Command;No;1;No;CTMSRV;NRJNRJ_E11STP_01_Q;svce_cm;wdkenep12;A_W_ENE12;3ona0
NRJ-ENERGY;NRJNRJ_E11STP_01_Q;NRJNRJ_E11STP_01_ARR91_Q;"March 23, 2026";"March 23, 2026 7:00:00 PM";"March 23, 2026 7:00:09 PM";;Ended OK;"Arrêt du service ""SPEGYEVT7"" A_W_ENE13";stop_service.cmd;Job;No;1;No;CTMSRV;NRJNRJ_E11STP_01_Q;ENERGY;wdkenep13;A_W_ENE13;3on9f
NRJ-ENERGY;NRJNRJ_E11STP_01_Q;NRJNRJ_E11STP_01_ARR92_Q;"March 23, 2026";"March 24, 2026 6:45:00 AM";"March 24, 2026 6:45:09 AM";;Ended OK;"Arrêt du service ""w3svc"" A_W_ENE13";stop_service.cmd;Job;No;1;No;CTMSRV;NRJNRJ_E11STP_01_Q;ENERGY;wdkenep13;A_W_ENE13;3on9g
NRJ-ENERGY;NRJNRJ_E11STP_01_Q;NRJNRJ_E11STP_01_ARR93_Q;"March 23, 2026";"March 23, 2026 7:00:10 PM";"March 23, 2026 7:00:12 PM";;Ended OK;Arrêt des sites ENERGY sur le seveur WDKNRJx03;STOP_SITE_ENERGY;Command;No;1;No;CTMSRV;NRJNRJ_E11STP_01_Q;svce_cm;wdkenep13;A_W_ENE13;3on9z
NRJ-ENERGY;NRJNRJ_E11STP_01_Q;NRJNRJ_E11STP_01_ARR94_Q;"March 23, 2026";"March 24, 2026 6:45:09 AM";"March 24, 2026 6:45:15 AM";;Ended OK;"Arrêt du service ""IIS Admin Service""";stop_service.cmd;Job;No;1;No;CTMSRV;NRJNRJ_E11STP_01_Q;ENERGY;wdkenep13;A_W_ENE13;3on9h
NRJ-ENERGY;NRJNRJ_E11STP_01_Q;NRJNRJ_E11STP_01_ARR95_Q;"March 23, 2026";"March 24, 2026 6:45:15 AM";"March 24, 2026 6:45:24 AM";;Ended OK;"Arrêt du service ""ASP.NET State Service"" A_W_ENE13";stop_service.cmd;Job;No;1;No;CTMSRV;NRJNRJ_E11STP_01_Q;ENERGY;wdkenep13;A_W_ENE13;3on9i
NRJ-ENERGY;NRJNRJ_E11STP_01_Q;NRJNRJ_E11STP_01_ARR96_Q;"March 23, 2026";"March 24, 2026 6:45:24 AM";"March 24, 2026 6:45:28 AM";;Ended OK;Arrêt du process aspnet_wp.exe A_W_ENE13;kill_aspnet_wp_exe.cmd;Job;No;1;No;CTMSRV;NRJNRJ_E11STP_01_Q;ENERGY;wdkenep13;A_W_ENE13;3on9j
NRJ-ENERGY;NRJNRJ_E11STP_01_Q;NRJNRJ_E11STP_01_ARR97_Q;"March 23, 2026";"March 23, 2026 7:00:13 PM";"March 23, 2026 7:00:18 PM";;Ended OK;"Arrêt du service ""SPEGYTBT3"" A_W_ENE13";stop_service.cmd;Job;No;1;No;CTMSRV;NRJNRJ_E11STP_01_Q;ENERGY;wdkenep13;A_W_ENE13;3on9u
NRJ-ENERGY;NRJNRJ_E11STP_01_Q;NRJNRJ_E11STP_01_ARR98_Q;"March 23, 2026";"March 23, 2026 7:00:19 PM";"March 23, 2026 7:00:25 PM";;Ended OK;"Arrêt du service ""SPEGYBUD6"" A_W_ENE13";stop_service.cmd;Job;No;1;No;CTMSRV;NRJNRJ_E11STP_01_Q;ENERGY;wdkenep13;A_W_ENE13;3on9v
NRJ-ENERGY;NRJNRJ_E11STP_01_Q;NRJNRJ_E11STP_01_ARR99_Q;"March 23, 2026";"March 23, 2026 7:00:25 PM";"March 23, 2026 7:00:31 PM";;Ended OK;"Arrêt du service ""IEEGYAPI01"" A_W_ENE13";stop_service.cmd;Job;No;1;No;CTMSRV;NRJNRJ_E11STP_01_Q;ENERGY;wdkenep13;A_W_ENE13;3ona1
NRJ-ENERGY;NRJNRJ_E11STP_01_Q;NRJNRJ_E11STP_01_PUR07_Q;"March 23, 2026";"March 23, 2026 7:00:15 PM";"March 23, 2026 7:00:17 PM";;Ended OK;Purge Fichier PNG A_W_ENE14;Purge_PNG.cmd;Job;No;1;No;CTMSRV;NRJNRJ_E11STP_01_Q;ENERGY;wdkenep14;A_W_ENE14;3on9r
NRJ-ENERGY;NRJNRJ_E11STP_01_Q;NRJNRJ_E11STP_01_PUR77_Q;"March 23, 2026";"March 23, 2026 7:00:12 PM";"March 23, 2026 7:00:13 PM";;Ended OK;Purge Fichier PNG A_W_ENE11;Purge_PNG.cmd;Job;No;1;No;CTMSRV;NRJNRJ_E11STP_01_Q;ENERGY;wdkenep11;A_W_ENE11;3on97
NRJ-ENERGY;NRJNRJ_E11STP_01_Q;NRJNRJ_E11STP_01_PUR87_Q;"March 23, 2026";"March 23, 2026 7:00:25 PM";"March 23, 2026 7:00:27 PM";;Ended OK;Purge Fichier PNG A_W_ENE12;Purge_PNG.cmd;Job;No;1;No;CTMSRV;NRJNRJ_E11STP_01_Q;ENERGY;wdkenep12;A_W_ENE12;3on9e
NRJ-ENERGY;NRJNRJ_E11STP_01_Q;NRJNRJ_E11STP_01_PUR97_Q;"March 23, 2026";"March 23, 2026 7:00:32 PM";"March 23, 2026 7:00:34 PM";;Ended OK;Purge Fichier PNG A_W_ENE13;Purge_PNG.cmd;Job;No;1;No;CTMSRV;NRJNRJ_E11STP_01_Q;ENERGY;wdkenep13;A_W_ENE13;3on9k
NRJ-ENERGY;NRJNRJ_E11STP_01_Q;NRJNRJ_E11STP_01_Q;"March 23, 2026";"March 23, 2026 1:30:09 PM";"March 24, 2026 6:45:30 AM";;Ended OK;ENERGY: stop applicatif;;SMART Table;No;1;No;CTMSRV;NRJNRJ_E11STP_01_Q;;ldkctmp50;;3on90
NRJ-ENERGY;NRJNRJ_E11STP_01_Q;NRJNRJ_E11STP_01_SUB01_Q;"March 23, 2026";"March 23, 2026 7:00:35 PM";"March 23, 2026 7:00:35 PM";;Ended OK;Arret des Interactifs ENERGY;Arret des Interactifs ENERGY;Dummy;No;1;No;CTMSRV;NRJNRJ_E11STP_01_Q;root;;;3on9s
NRJ-ENERGY;NRJNRJ_E11STP_01_Q;NRJNRJ_E11STP_01_WRK01_Q;"March 23, 2026";"March 23, 2026 7:00:00 PM";"March 23, 2026 7:00:01 PM";;Ended OK;NRJ : Affectation des droits sur energy;U512010120;Command;No;1;No;CTMSRV;NRJNRJ_E11STP_01_Q;root;ldkenep12;A_L_ENE12;3on9w
NRJ-ENERGY;NRJNRJ_E11STR_02_Q;NRJNRJ_E11STR_02_99999_Q;"March 23, 2026";"March 24, 2026 6:56:34 AM";"March 24, 2026 6:56:34 AM";;Ended OK;Fin : demarrage du TP ENERGY;U112002999;Dummy;No;1;No;CTMSRV;NRJNRJ_E11STR_02_Q;ENERGY;;;3omnd
NRJ-ENERGY;NRJNRJ_E11STR_02_Q;NRJNRJ_E11STR_02_DEM01_Q;"March 23, 2026";"March 24, 2026 6:55:31 AM";"March 24, 2026 6:55:40 AM";;Ended OK;"Demarrage du service ""ASP.NET State Service"" A_W_ENE14";start_service.cmd;Job;No;1;No;CTMSRV;NRJNRJ_E11STR_02_Q;ENERGY;wdkenep14;A_W_ENE14;3omnt
NRJ-ENERGY;NRJNRJ_E11STR_02_Q;NRJNRJ_E11STR_02_DEM02_Q;"March 23, 2026";"March 24, 2026 6:55:41 AM";"March 24, 2026 6:55:46 AM";;Ended OK;"Demarrage du service ""IIS Admin Service"" A_W_ENE14";start_service.cmd;Job;No;1;No;CTMSRV;NRJNRJ_E11STR_02_Q;ENERGY;wdkenep14;A_W_ENE14;3omnu
NRJ-ENERGY;NRJNRJ_E11STR_02_Q;NRJNRJ_E11STR_02_DEM03_Q;"March 23, 2026";"March 24, 2026 6:55:47 AM";"March 24, 2026 6:55:53 AM";;Ended OK;"Demarrage du service ""w3svc"" A_W_ENE14";start_service.cmd;Job;No;1;No;CTMSRV;NRJNRJ_E11STR_02_Q;ENERGY;wdkenep14;A_W_ENE14;3omnv
NRJ-ENERGY;NRJNRJ_E11STR_02_Q;NRJNRJ_E11STR_02_DEM04_Q;"March 23, 2026";"March 24, 2026 6:55:54 AM";"March 24, 2026 6:56:00 AM";;Ended OK;"Demarrage du service ""SPEGYEVT7"" A_W_ENE14";start_service.cmd;Job;No;1;No;CTMSRV;NRJNRJ_E11STR_02_Q;ENERGY;wdkenep14;A_W_ENE14;3omnw
NRJ-ENERGY;NRJNRJ_E11STR_02_Q;NRJNRJ_E11STR_02_DEM05_Q;"March 23, 2026";"March 24, 2026 6:56:01 AM";"March 24, 2026 6:56:01 AM";;Ended OK;Demarrage batch SPEGYTST3.exe A_W_ENE14;SPEGYTST3.cmd;Dummy;No;1;No;CTMSRV;NRJNRJ_E11STR_02_Q;ENERGY;;A_W_ENE14;3omnx
NRJ-ENERGY;NRJNRJ_E11STR_02_Q;NRJNRJ_E11STR_02_DEM06_Q;"March 23, 2026";"March 24, 2026 6:56:01 AM";"March 24, 2026 6:56:01 AM";;Ended OK;"Demarrage du service ""IIEAIEGY01"" sur WDKNRJP04";start_service.cmd;Dummy;No;1;No;CTMSRV;NRJNRJ_E11STR_02_Q;ENERGY;;A_W_ENE14;3omo4
NRJ-ENERGY;NRJNRJ_E11STR_02_Q;NRJNRJ_E11STR_02_DEM08_Q;"March 23, 2026";"March 24, 2026 6:56:02 AM";"March 24, 2026 6:56:05 AM";;Ended OK;Démarrage des Sites ENERGY sur  A_W_ENE14;START_SITE_ENERGY;Command;No;1;No;CTMSRV;NRJNRJ_E11STR_02_Q;svce_cm;wdkenep14;A_W_ENE14;3omo5
NRJ-ENERGY;NRJNRJ_E11STR_02_Q;NRJNRJ_E11STR_02_DEM71_Q;"March 23, 2026";"March 24, 2026 6:55:31 AM";"March 24, 2026 6:55:40 AM";;Ended OK;"Demarrage du service ""ASP.NET State Service"" A_W_ENE11";start_service.cmd;Job;No;1;No;CTMSRV;NRJNRJ_E11STR_02_Q;ENERGY;wdkenep11;A_W_ENE11;3omne
NRJ-ENERGY;NRJNRJ_E11STR_02_Q;NRJNRJ_E11STR_02_DEM72_Q;"March 23, 2026";"March 24, 2026 6:55:41 AM";"March 24, 2026 6:55:46 AM";;Ended OK;"Demarrage du service ""IIS Admin Service"" A_W_ENE11";start_service.cmd;Job;No;1;No;CTMSRV;NRJNRJ_E11STR_02_Q;ENERGY;wdkenep11;A_W_ENE11;3omnf
NRJ-ENERGY;NRJNRJ_E11STR_02_Q;NRJNRJ_E11STR_02_DEM73_Q;"March 23, 2026";"March 24, 2026 6:55:47 AM";"March 24, 2026 6:55:53 AM";;Ended OK;"Demarrage du service ""w3svc"" A_W_ENE11";start_service.cmd;Job;No;1;No;CTMSRV;NRJNRJ_E11STR_02_Q;ENERGY;wdkenep11;A_W_ENE11;3omng
NRJ-ENERGY;NRJNRJ_E11STR_02_Q;NRJNRJ_E11STR_02_DEM74_Q;"March 23, 2026";"March 24, 2026 6:55:54 AM";"March 24, 2026 6:56:01 AM";;Ended OK;"Demarrage du service ""SPEGYEVT7"" A_W_ENE11";start_service.cmd;Job;No;1;No;CTMSRV;NRJNRJ_E11STR_02_Q;ENERGY;wdkenep11;A_W_ENE11;3omnh
NRJ-ENERGY;NRJNRJ_E11STR_02_Q;NRJNRJ_E11STR_02_DEM75_Q;"March 23, 2026";"March 24, 2026 6:56:02 AM";"March 24, 2026 6:56:02 AM";;Ended OK;Demarrage batch SPEGYTST3.exe A_W_ENE11;SPEGYTST3.cmd;Dummy;No;1;No;CTMSRV;NRJNRJ_E11STR_02_Q;ENERGY;;A_W_ENE11;3omni
NRJ-ENERGY;NRJNRJ_E11STR_02_Q;NRJNRJ_E11STR_02_DEM78_Q;"March 23, 2026";"March 24, 2026 6:56:03 AM";"March 24, 2026 6:56:05 AM";;Ended OK;Démarrage des Sites ENERGY sur  A_W_ENE11;START_SITE_ENERGY;Command;No;1;No;CTMSRV;NRJNRJ_E11STR_02_Q;svce_cm;wdkenep11;A_W_ENE11;3omo6
NRJ-ENERGY;NRJNRJ_E11STR_02_Q;NRJNRJ_E11STR_02_DEM81_Q;"March 23, 2026";"March 24, 2026 6:55:31 AM";"March 24, 2026 6:55:40 AM";;Ended OK;"Demarrage du service ""ASP.NET State Service"" A_W_ENE12";start_service.cmd;Job;No;1;No;CTMSRV;NRJNRJ_E11STR_02_Q;ENERGY;wdkenep12;A_W_ENE12;3omnj
NRJ-ENERGY;NRJNRJ_E11STR_02_Q;NRJNRJ_E11STR_02_DEM82_Q;"March 23, 2026";"March 24, 2026 6:55:41 AM";"March 24, 2026 6:55:46 AM";;Ended OK;"Demarrage du service ""IIS Admin Service"" A_W_ENE12";start_service.cmd;Job;No;1;No;CTMSRV;NRJNRJ_E11STR_02_Q;ENERGY;wdkenep12;A_W_ENE12;3omnk
NRJ-ENERGY;NRJNRJ_E11STR_02_Q;NRJNRJ_E11STR_02_DEM83_Q;"March 23, 2026";"March 24, 2026 6:55:47 AM";"March 24, 2026 6:55:53 AM";;Ended OK;"Demarrage du service ""w3svc"" A_W_ENE12";start_service.cmd;Job;No;1;No;CTMSRV;NRJNRJ_E11STR_02_Q;ENERGY;wdkenep12;A_W_ENE12;3omnl
NRJ-ENERGY;NRJNRJ_E11STR_02_Q;NRJNRJ_E11STR_02_DEM84_Q;"March 23, 2026";"March 24, 2026 6:55:54 AM";"March 24, 2026 6:56:01 AM";;Ended OK;"Demarrage du service ""SPEGYEVT7"" A_W_ENE12";start_service.cmd;Job;No;1;No;CTMSRV;NRJNRJ_E11STR_02_Q;ENERGY;wdkenep12;A_W_ENE12;3omny
NRJ-ENERGY;NRJNRJ_E11STR_02_Q;NRJNRJ_E11STR_02_DEM85_Q;"March 23, 2026";"March 24, 2026 6:56:15 AM";"March 24, 2026 6:56:15 AM";;Ended OK;Demarrage batch SPEGYTST3.exe A_W_ENE12;SPEGYTST3.cmd;Dummy;No;1;No;CTMSRV;NRJNRJ_E11STR_02_Q;ENERGY;;A_W_ENE12;3omnn
NRJ-ENERGY;NRJNRJ_E11STR_02_Q;NRJNRJ_E11STR_02_DEM86_Q;"March 23, 2026";"March 24, 2026 6:56:01 AM";"March 24, 2026 6:56:07 AM";;Ended OK;"Demarrage du service ""IIEAIEGY01"" A_W_ENE12";start_service.cmd;Job;No;1;No;CTMSRV;NRJNRJ_E11STR_02_Q;ENERGY;wdkenep12;A_W_ENE12;3omnm
NRJ-ENERGY;NRJNRJ_E11STR_02_Q;NRJNRJ_E11STR_02_DEM87_Q;"March 23, 2026";"March 24, 2026 6:56:08 AM";"March 24, 2026 6:56:14 AM";;Ended OK;"Demarrage du service ""IEEGYELT01"" A_W_ENE12";start_service.cmd;Job;No;1;No;CTMSRV;NRJNRJ_E11STR_02_Q;ENERGY;wdkenep12;A_W_ENE12;3omo3
NRJ-ENERGY;NRJNRJ_E11STR_02_Q;NRJNRJ_E11STR_02_DEM88_Q;"March 23, 2026";"March 24, 2026 6:56:16 AM";"March 24, 2026 6:56:19 AM";;Ended OK;Démarrage des Sites ENERGY sur  A_W_ENE12;START_SITE_ENERGY;Command;No;1;No;CTMSRV;NRJNRJ_E11STR_02_Q;svce_cm;wdkenep12;A_W_ENE12;3omo7
NRJ-ENERGY;NRJNRJ_E11STR_02_Q;NRJNRJ_E11STR_02_DEM90_Q;"March 23, 2026";"March 24, 2026 6:56:24 AM";"March 24, 2026 6:56:29 AM";;Ended OK;"Demarrage du service ""IEEGYAPI01"" A_W_ENE13";start_service.cmd;Job;No;1;No;CTMSRV;NRJNRJ_E11STR_02_Q;ENERGY;wdkenep13;A_W_ENE13;3omo9
NRJ-ENERGY;NRJNRJ_E11STR_02_Q;NRJNRJ_E11STR_02_DEM91_Q;"March 23, 2026";"March 24, 2026 6:55:31 AM";"March 24, 2026 6:55:39 AM";;Ended OK;"Demarrage du service ""ASP.NET State Service"" A_W_ENE13";start_service.cmd;Job;No;1;No;CTMSRV;NRJNRJ_E11STR_02_Q;ENERGY;wdkenep13;A_W_ENE13;3omno
NRJ-ENERGY;NRJNRJ_E11STR_02_Q;NRJNRJ_E11STR_02_DEM92_Q;"March 23, 2026";"March 24, 2026 6:55:40 AM";"March 24, 2026 6:55:45 AM";;Ended OK;"Demarrage du service ""IIS Admin Service"" A_W_ENE13";start_service.cmd;Job;No;1;No;CTMSRV;NRJNRJ_E11STR_02_Q;ENERGY;wdkenep13;A_W_ENE13;3omnp
NRJ-ENERGY;NRJNRJ_E11STR_02_Q;NRJNRJ_E11STR_02_DEM93_Q;"March 23, 2026";"March 24, 2026 6:55:46 AM";"March 24, 2026 6:55:51 AM";;Ended OK;"Demarrage du service ""w3svc"" A_W_ENE13";start_service.cmd;Job;No;1;No;CTMSRV;NRJNRJ_E11STR_02_Q;ENERGY;wdkenep13;A_W_ENE13;3omnq
NRJ-ENERGY;NRJNRJ_E11STR_02_Q;NRJNRJ_E11STR_02_DEM94_Q;"March 23, 2026";"March 24, 2026 6:55:52 AM";"March 24, 2026 6:55:59 AM";;Ended OK;"Demarrage du service ""SPEGYEVT7"" A_W_ENE13";start_service.cmd;Job;No;1;No;CTMSRV;NRJNRJ_E11STR_02_Q;ENERGY;wdkenep13;A_W_ENE13;3omnr
NRJ-ENERGY;NRJNRJ_E11STR_02_Q;NRJNRJ_E11STR_02_DEM95_Q;"March 23, 2026";"March 24, 2026 6:56:00 AM";"March 24, 2026 6:56:10 AM";;Ended OK;Demarrage batch SPEGYTST3.exe A_W_ENE13;SPEGYTST3.cmd;Job;No;1;No;CTMSRV;NRJNRJ_E11STR_02_Q;ENERGY;wdkenep13;A_W_ENE13;3omns
NRJ-ENERGY;NRJNRJ_E11STR_02_Q;NRJNRJ_E11STR_02_DEM96_Q;"March 23, 2026";"March 24, 2026 6:56:11 AM";"March 24, 2026 6:56:17 AM";;Ended OK;"Demarrage du service ""SPEGYTBT3"" A_W_ENE13";start_service.cmd;Job;No;1;No;CTMSRV;NRJNRJ_E11STR_02_Q;ENERGY;wdkenep13;A_W_ENE13;3omnz
NRJ-ENERGY;NRJNRJ_E11STR_02_Q;NRJNRJ_E11STR_02_DEM97_Q;"March 23, 2026";"March 24, 2026 6:56:18 AM";"March 24, 2026 6:56:23 AM";;Ended OK;"Demarrage du service ""SPEGYBUD6"" A_W_ENE13";start_service.cmd;Job;No;1;No;CTMSRV;NRJNRJ_E11STR_02_Q;ENERGY;wdkenep13;A_W_ENE13;3omo0
NRJ-ENERGY;NRJNRJ_E11STR_02_Q;NRJNRJ_E11STR_02_DEM98_Q;"March 23, 2026";"March 24, 2026 6:56:30 AM";"March 24, 2026 6:56:33 AM";;Ended OK;Démarrage des Sites ENERGY sur  A_W_ENE13;START_SITE_ENERGY;Command;No;1;No;CTMSRV;NRJNRJ_E11STR_02_Q;svce_cm;wdkenep13;A_W_ENE13;3omo8
NRJ-ENERGY;NRJNRJ_E11STR_02_Q;NRJNRJ_E11STR_02_Q;"March 23, 2026";"March 23, 2026 1:30:08 PM";"March 24, 2026 6:56:35 AM";;Ended OK;ENERGY:start aplicatif;;SMART Table;No;1;No;CTMSRV;NRJNRJ_E11STR_02_Q;;ldkctmp50;;3omnc
NRJ-ENERGY;NRJNRJ_E11STR_02_Q;NRJNRJ_E11STR_02_STA01_Q;"March 23, 2026";"March 24, 2026 6:55:29 AM";"March 24, 2026 6:55:29 AM";;Ended OK;"SPEGYARC3 : reactivation des triggers / contraintes; recréation des index";NRJNRJ_E11STR_02_STA01_Q.ksh;Dummy;No;1;No;CTMSRV;NRJNRJ_E11STR_02_Q;dbanrj;;A_L_ENE12;3omo1
NRJ-ENERGY;NRJNRJ_E11STR_02_Q;NRJNRJ_E11STR_02_STA02_Q;"March 23, 2026";"March 24, 2026 6:55:30 AM";"March 24, 2026 6:55:30 AM";;Ended OK;SPEGYARC4 : calcul des statistiques;NRJNRJ_E11STR_02_STA02_Q.ksh;Dummy;No;1;No;CTMSRV;NRJNRJ_E11STR_02_Q;dbanrj;;A_L_ENE12;3omo2
NRJ-ENERGY;NRJNRJ_J11TEC_04_Q;NRJNRJ_J11TEC_04_FBA99_Q;"March 23, 2026";"March 23, 2026 10:44:17 PM";"March 23, 2026 10:44:17 PM";;Ended OK;controle heure fin trait.  DPRNRJ;FIN_BATCH;Dummy;No;1;No;CTMSRV;NRJNRJ_J11TEC_04_Q;eblondez;;;3omfg
NRJ-ENERGY;NRJNRJ_J11TEC_04_Q;NRJNRJ_J11TEC_04_FBV99_Q;"March 23, 2026";"March 23, 2026 7:00:03 PM";"March 23, 2026 7:00:03 PM";;Ended OK;controle heure fin trait.  DPRNRJ;FIN_BATCH_VEILLE;Dummy;No;1;No;CTMSRV;NRJNRJ_J11TEC_04_Q;eblondez;;;3omfh
NRJ-ENERGY;NRJNRJ_J11TEC_04_Q;NRJNRJ_J11TEC_04_FIN99_Q;"March 23, 2026";"March 23, 2026 10:44:15 PM";"March 23, 2026 10:44:15 PM";;Ended OK;Fin trait. NRJ;U112_FIN;Dummy;No;1;No;CTMSRV;NRJNRJ_J11TEC_04_Q;ctmuser;;;3omfk
NRJ-ENERGY;NRJNRJ_J11TEC_04_Q;NRJNRJ_J11TEC_04_FJA97_Q;"March 23, 2026";"March 23, 2026 7:00:39 PM";"March 23, 2026 7:00:39 PM";;Ended OK;Fin trait. Interfaces entrantes NRJ;U112_INTERFACE_ENT;Dummy;No;1;No;CTMSRV;NRJNRJ_J11TEC_04_Q;ctmuser;;;3omfl
NRJ-ENERGY;NRJNRJ_J11TEC_04_Q;NRJNRJ_J11TEC_04_FJA98_Q;"March 23, 2026";"March 23, 2026 7:00:39 PM";"March 23, 2026 7:00:39 PM";;Ended OK;Fin trait. Interfaces sortantes NRJ;U112_INTERFACE_SOR;Dummy;No;1;No;CTMSRV;NRJNRJ_J11TEC_04_Q;ctmuser;;;3omfm
NRJ-ENERGY;NRJNRJ_J11TEC_04_Q;NRJNRJ_J11TEC_04_FJA99_Q;"March 23, 2026";"March 23, 2026 10:34:38 PM";"March 23, 2026 10:34:38 PM";;Ended OK;Fin trait. specifiques NRJ (hors trait harry );U112_TRAIT;Dummy;No;1;No;CTMSRV;NRJNRJ_J11TEC_04_Q;ctmuser;;;3omfn
NRJ-ENERGY;NRJNRJ_J11TEC_04_Q;NRJNRJ_J11TEC_04_FRE99_Q;"March 23, 2026";"March 23, 2026 8:36:43 PM";"March 23, 2026 8:36:43 PM";;Ended OK;controle heure fin refer.  DPRNRJ;FIN_112430;Dummy;No;1;No;CTMSRV;NRJNRJ_J11TEC_04_Q;eblondez;;;3omff
NRJ-ENERGY;NRJNRJ_J11TEC_04_Q;NRJNRJ_J11TEC_04_Q;"March 23, 2026";"March 23, 2026 1:30:10 PM";"March 23, 2026 10:44:18 PM";;Ended OK;ENERGY: JALON;;SMART Table;No;1;No;CTMSRV;NRJNRJ_J11TEC_04_Q;;ldkctmp50;;3omfe
NRJ-ENERGY;NRJNRJ_J11TEC_04_Q;NRJNRJ_J11TEC_04_SC001_Q;"March 23, 2026";"March 23, 2026 3:00:00 PM";"March 23, 2026 3:00:00 PM";;Ended OK;TEST PRESENCE COND  SC_U503I_OK;SC_U503I;Dummy;No;1;No;CTMSRV;NRJNRJ_J11TEC_04_Q;root;;;3omfi
NRJ-ENERGY;NRJNRJ_J11TEC_04_Q;NRJNRJ_J11TEC_04_SC002_Q;"March 23, 2026";"March 23, 2026 3:00:00 PM";"March 23, 2026 3:00:00 PM";;Ended OK;"NRJ; TEST PRESENCE COND  SC_U512NRJ_OK";SC_U512NRJ;Dummy;No;1;No;CTMSRV;NRJNRJ_J11TEC_04_Q;root;;;3omfj
NRJ-ENERGY;NRJNRJ_J12TEC_04_Q;NRJNRJ_J12TEC_04_CPY03_Q;"March 23, 2026";"March 23, 2026 10:44:19 PM";"March 23, 2026 10:44:19 PM";;Ended OK;Copie fichiers IN-OUT FIN DE BATCH sur DKA_IMNORD;U512012220;Dummy;No;1;No;CTMSRV;NRJNRJ_J12TEC_04_Q;root;;A_L_ENE12;3oo8o
NRJ-ENERGY;NRJNRJ_J12TEC_04_Q;NRJNRJ_J12TEC_04_DEL04_Q;"March 23, 2026";"March 23, 2026 10:44:19 PM";"March 23, 2026 10:44:19 PM";;Ended OK;"delete des /index/admin/DPRNRJ/[b;c]dump/*.trc";U512012230.sh;Dummy;No;1;No;CTMSRV;NRJNRJ_J12TEC_04_Q;root;;A_L_ENE12;3oo8p
NRJ-ENERGY;NRJNRJ_J12TEC_04_Q;NRJNRJ_J12TEC_04_LOG01_Q;"March 23, 2026";"March 23, 2026 10:44:17 PM";"March 23, 2026 10:44:17 PM";;Ended OK;Mise A DISPO LOGS EN FIN DE BATCH sur DKA_IMNORD;U512012210;Dummy;No;1;No;CTMSRV;NRJNRJ_J12TEC_04_Q;root;;A_L_ENE12;3oo8m
NRJ-ENERGY;NRJNRJ_J12TEC_04_Q;NRJNRJ_J12TEC_04_MOV02_Q;"March 23, 2026";"March 23, 2026 10:44:18 PM";"March 23, 2026 10:44:18 PM";;Ended OK;DEPLACEMENT DES FIC7* dans /index/energy/ficharry;U512012215.sh;Dummy;No;1;No;CTMSRV;NRJNRJ_J12TEC_04_Q;root;;A_L_ENE12;3oo8n
NRJ-ENERGY;NRJNRJ_J12TEC_04_Q;NRJNRJ_J12TEC_04_PUR01_Q;"March 23, 2026";"March 23, 2026 10:44:18 PM";"March 23, 2026 10:44:18 PM";;Ended OK;Purge des logs apres transfert sur DKA_IMNORD;Purge_Log.sh;Job;No;1;No;CTMSRV;NRJNRJ_J12TEC_04_Q;root;ldkenep12;A_L_ENE12;3oo8q
NRJ-ENERGY;NRJNRJ_J12TRT_04_M;NRJNRJ_J12TRT_04_CAL97_M;"March 23, 2026";"March 23, 2026 10:34:19 PM";"March 23, 2026 10:34:37 PM";;Ended OK;Execution recalcul des conso. des stocks;U112140010.cmd;Job;No;1;No;CTMSRV;NRJNRJ_J12TRT_04_M;svce_cm;wdkenep11;A_W_ENE11;3onoa
NRJ-ENERGY;NRJNRJ_J13TRT_04_Q;NRJNRJ_J13TRT_04_EXP97_Q;"March 23, 2026";"March 23, 2026 7:00:40 PM";"March 23, 2026 7:27:28 PM";;Ended OK;NRJ : SPEGYEVT4 : Generation releves compteurs fictifs;U112410010.cmd;Job;No;1;No;CTMSRV;NRJNRJ_J13TRT_04_Q;svce_cm;wdkenep11;A_W_ENE11;3oo7n
NRJ-ENERGY;NRJNRJ_J14TRT_04_Q;NRJNRJ_J14TRT_04_WRK01_Q;"March 23, 2026";"March 23, 2026 7:27:29 PM";"March 23, 2026 7:39:47 PM";;Ended OK;NRJ : SPEGYEVT2 : Detection releves complets;U112420010.sh;Job;No;1;No;CTMSRV;NRJNRJ_J14TRT_04_Q;root;ldkenep12;A_L_ENE12;3onyg
NRJ-ENERGY;NRJNRJ_J15TRT_04_Q;NRJNRJ_J15TRT_04_WRK01_Q;"March 23, 2026";"March 23, 2026 8:01:00 PM";"March 23, 2026 8:36:42 PM";;Ended OK;NRJ : SPEGYEVT3 : Detection releves manquants;U112430010.sh;Job;No;1;No;CTMSRV;NRJNRJ_J15TRT_04_Q;root;ldkenep12;A_L_ENE12;3ooeo
NRJ-ENERGY;NRJNRJ_J16TRT_04_Q;NRJNRJ_J16TRT_04_00000_Q;"March 23, 2026";"March 23, 2026 9:48:19 PM";"March 23, 2026 9:48:19 PM";;Ended OK;SPEGYTBT1 : Debut Chaine : Tableaux de bord;U112440;Dummy;No;1;No;CTMSRV;NRJNRJ_J16TRT_04_Q;root;;;3onix
NRJ-ENERGY;NRJNRJ_J16TRT_04_Q;NRJNRJ_J16TRT_04_99999_Q;"March 23, 2026";"March 23, 2026 10:20:34 PM";"March 23, 2026 10:20:34 PM";;Ended OK;SPEGYTBT1 : Fin de chaîne : Tableaux de bord;U112440999;Dummy;No;1;No;CTMSRV;NRJNRJ_J16TRT_04_Q;root;;;3oniw
NRJ-ENERGY;NRJNRJ_J16TRT_04_Q;NRJNRJ_J16TRT_04_CAL10_Q;"March 23, 2026";"March 23, 2026 9:48:20 PM";"March 23, 2026 10:20:33 PM";;Ended OK;SPEGYTBT1 : Execution calcul tableaux de bord techniques FR04;U112440040.cmd;Job;No;1;No;CTMSRV;NRJNRJ_J16TRT_04_Q;DCDKETI/svce_cm;wdkenep14;A_W_ENE14;3oniu
NRJ-ENERGY;NRJNRJ_J16TRT_04_Q;NRJNRJ_J16TRT_04_CAL97_Q;"March 23, 2026";"March 23, 2026 9:48:20 PM";"March 23, 2026 10:04:16 PM";;Ended OK;SPEGYTBT1 : Execution calcul tableaux de bord techniques;U112440010.cmd;Job;No;1;No;CTMSRV;NRJNRJ_J16TRT_04_Q;svce_cm;wdkenep11;A_W_ENE11;3onir
NRJ-ENERGY;NRJNRJ_J16TRT_04_Q;NRJNRJ_J16TRT_04_CAL98_Q;"March 23, 2026";"March 23, 2026 9:48:20 PM";"March 23, 2026 10:19:53 PM";;Ended OK;SPEGYTBT1 : Execution calcul tableaux de bord techniques FR02;U112440020.cmd;Job;No;1;No;CTMSRV;NRJNRJ_J16TRT_04_Q;svce_cm;wdkenep12;A_W_ENE12;3onis
NRJ-ENERGY;NRJNRJ_J16TRT_04_Q;NRJNRJ_J16TRT_04_CAL99_Q;"March 23, 2026";"March 23, 2026 9:48:20 PM";"March 23, 2026 10:04:46 PM";;Ended OK;SPEGYTBT1 : Execution calcul tableaux de bord techniques FR01;U112440030.cmd;Job;No;1;No;CTMSRV;NRJNRJ_J16TRT_04_Q;svce_cm;wdkenep13;A_W_ENE13;3onit
NRJ-ENERGY;NRJNRJ_J16TRT_04_Q;NRJNRJ_J16TRT_04_LIM01_Q;"March 23, 2026";"March 24, 2026 2:00:00 AM";"March 24, 2026 2:00:00 AM";;Ended OK;SPEGYTBT1 : limite horaire;U112440990;Dummy;No;1;No;CTMSRV;NRJNRJ_J16TRT_04_Q;root;;;3oniv
NRJ-ENERGY;NRJNRJ_J17TRT_04_Q;NRJNRJ_J17TRT_04_00000_Q;"March 23, 2026";"March 23, 2026 10:26:46 PM";"March 23, 2026 10:26:46 PM";;Ended OK;NRJ : SPEGYINT1 : Calcul de l interessement et suivi contractuel;U112460;Dummy;No;1;No;CTMSRV;NRJNRJ_J17TRT_04_Q;root;;;3omwi
NRJ-ENERGY;NRJNRJ_J17TRT_04_Q;NRJNRJ_J17TRT_04_99999_Q;"March 23, 2026";"March 23, 2026 10:34:18 PM";"March 23, 2026 10:34:18 PM";;Ended OK;NRJ : SPEGYINT1 : Calcul de l interessement et suivi contractuel;U112460999;Dummy;No;1;No;CTMSRV;NRJNRJ_J17TRT_04_Q;root;;;3omwh
NRJ-ENERGY;NRJNRJ_J17TRT_04_Q;NRJNRJ_J17TRT_04_CAL10_Q;"March 23, 2026";"March 23, 2026 10:26:47 PM";"March 23, 2026 10:36:12 PM";;Ended OK;NRJ : SPEGYINT1 : Calcul de l interessement et suivi contractuel;U112460040.cmd;Job;No;1;No;CTMSRV;NRJNRJ_J17TRT_04_Q;svce_cm;wdkenep14;A_W_ENE14;3omwg
NRJ-ENERGY;NRJNRJ_J17TRT_04_Q;NRJNRJ_J17TRT_04_CAL97_Q;"March 23, 2026";"March 23, 2026 10:26:47 PM";"March 23, 2026 10:34:14 PM";;Ended OK;NRJ : SPEGYINT1 : Calcul de l interessement et suivi contractuel;U112460010.cmd;Job;No;1;No;CTMSRV;NRJNRJ_J17TRT_04_Q;svce_cm;wdkenep11;A_W_ENE11;3omwd
NRJ-ENERGY;NRJNRJ_J17TRT_04_Q;NRJNRJ_J17TRT_04_CAL98_Q;"March 23, 2026";"March 23, 2026 10:26:47 PM";"March 23, 2026 10:34:17 PM";;Ended OK;NRJ : SPEGYINT1 : Calcul de l interessement et suivi contractuel;U112460020.cmd;Job;No;1;No;CTMSRV;NRJNRJ_J17TRT_04_Q;svce_cm;wdkenep12;A_W_ENE12;3omwe
NRJ-ENERGY;NRJNRJ_J17TRT_04_Q;NRJNRJ_J17TRT_04_CAL99_Q;"March 23, 2026";"March 23, 2026 10:26:47 PM";"March 23, 2026 10:34:17 PM";;Ended OK;NRJ : SPEGYINT1 : Calcul de l interessement et suivi contractuel;U112460030.cmd;Job;No;1;No;CTMSRV;NRJNRJ_J17TRT_04_Q;svce_cm;wdkenep13;A_W_ENE13;3omwf
NRJ-ENERGY;NRJNRJ_J18TRT_04_Q;NRJNRJ_J18TRT_04_CPY01_Q;"March 23, 2026";"March 23, 2026 7:00:39 PM";"March 23, 2026 7:00:42 PM";;Ended OK;NRJ : SPEGYCAL1 : Recopie donnees calendrier chauffage;U112505010.sh;Job;No;1;No;CTMSRV;NRJNRJ_J18TRT_04_Q;root;ldkenep12;A_L_ENE12;3omxj
NRJ-ENERGY;NRJNRJ_J1ETRT_04_M;NRJNRJ_J1ETRT_04_00000_M;"March 23, 2026";"March 23, 2026 8:36:52 PM";"March 23, 2026 8:36:52 PM";;Ended OK;Debut Chaine : detection des calculs des cefm;U112570;Dummy;No;1;No;CTMSRV;NRJNRJ_J1ETRT_04_M;root;;;3on1i
NRJ-ENERGY;NRJNRJ_J1ETRT_04_M;NRJNRJ_J1ETRT_04_99999_M;"March 23, 2026";"March 23, 2026 8:42:21 PM";"March 23, 2026 8:42:21 PM";;Ended OK;Fin de channe : detection des calculs des cefm;U112570999;Dummy;No;1;No;CTMSRV;NRJNRJ_J1ETRT_04_M;root;;;3on1h
NRJ-ENERGY;NRJNRJ_J1ETRT_04_M;NRJNRJ_J1ETRT_04_CAL01_M;"March 23, 2026";"March 23, 2026 8:36:52 PM";"March 23, 2026 8:39:34 PM";;Ended OK;SPEGYCEF3(avRC) : calculs de cefm (SPEGYCEF3.sh mode AVECRC);U112570010.sh;Job;No;1;No;CTMSRV;NRJNRJ_J1ETRT_04_M;root;ldkenep12;A_L_ENE12;3on1f
NRJ-ENERGY;NRJNRJ_J1ETRT_04_M;NRJNRJ_J1ETRT_04_CAL02_M;"March 23, 2026";"March 23, 2026 8:39:35 PM";"March 23, 2026 8:42:20 PM";;Ended OK;SPEGYCEF4 : Detection des calculs de cefm (SPEGYCEF4);U112570020.sh;Job;No;1;No;CTMSRV;NRJNRJ_J1ETRT_04_M;root;ldkenep12;A_L_ENE12;3on1g
NRJ-ENERGY;NRJNRJ_J1ITRT_04_Q;NRJNRJ_J1ITRT_04_00000_Q;"March 23, 2026";"March 23, 2026 10:20:35 PM";"March 23, 2026 10:20:35 PM";;Ended OK;NRJ : Debut Chaine : Tableaux de bord;U112440;Dummy;No;1;No;CTMSRV;NRJNRJ_J1ITRT_04_Q;root;;;3on0b
NRJ-ENERGY;NRJNRJ_J1ITRT_04_Q;NRJNRJ_J1ITRT_04_99999_Q;"March 23, 2026";"March 23, 2026 10:26:45 PM";"March 23, 2026 10:26:45 PM";;Ended OK;NRJ : Fin de chaîne : Tableaux de bord;U112440999;Dummy;No;1;No;CTMSRV;NRJNRJ_J1ITRT_04_Q;root;;;3on0a
NRJ-ENERGY;NRJNRJ_J1ITRT_04_Q;NRJNRJ_J1ITRT_04_CAL10_Q;"March 23, 2026";"March 23, 2026 10:20:36 PM";"March 23, 2026 10:25:10 PM";;Ended OK;NRJ : SPEGYTBT1 : 2eme passes calcul tableaux de bord;U112440040.cmd;Job;No;1;No;CTMSRV;NRJNRJ_J1ITRT_04_Q;svce_cm;wdkenep14;A_W_ENE14;3on05
NRJ-ENERGY;NRJNRJ_J1ITRT_04_Q;NRJNRJ_J1ITRT_04_CAL97_Q;"March 23, 2026";"March 23, 2026 10:20:36 PM";"March 23, 2026 10:26:43 PM";;Ended OK;NRJ : SPEGYTBT1 : 2eme passes calcul tableaux de bord;U112440010.cmd;Job;No;1;No;CTMSRV;NRJNRJ_J1ITRT_04_Q;svce_cm;wdkenep11;A_W_ENE11;3on02
NRJ-ENERGY;NRJNRJ_J1ITRT_04_Q;NRJNRJ_J1ITRT_04_CAL98_Q;"March 23, 2026";"March 23, 2026 10:20:36 PM";"March 23, 2026 10:25:10 PM";;Ended OK;NRJ : SPEGYTBT1 : 2eme passes calcul tableaux de bord;U112440020.cmd;Job;No;1;No;CTMSRV;NRJNRJ_J1ITRT_04_Q;svce_cm;wdkenep12;A_W_ENE12;3on03
NRJ-ENERGY;NRJNRJ_J1ITRT_04_Q;NRJNRJ_J1ITRT_04_CAL99_Q;"March 23, 2026";"March 23, 2026 10:20:36 PM";"March 23, 2026 10:25:34 PM";;Ended OK;NRJ : SPEGYTBT1 : 2eme passes calcul tableaux de bord;U112440030.cmd;Job;No;1;No;CTMSRV;NRJNRJ_J1ITRT_04_Q;svce_cm;wdkenep13;A_W_ENE13;3on04
NRJ-ENERGY;NRJNRJ_J1ITRT_04_Q;NRJNRJ_J1ITRT_04_FLG01_Q;"March 23, 2026";"March 23, 2026 10:25:35 PM";"March 23, 2026 10:25:35 PM";;Ended OK;Fin de chaîne : Tableaux de bord FR01;U112440399;Dummy;No;1;No;CTMSRV;NRJNRJ_J1ITRT_04_Q;root;;;3on08
NRJ-ENERGY;NRJNRJ_J1ITRT_04_Q;NRJNRJ_J1ITRT_04_FLG02_Q;"March 23, 2026";"March 23, 2026 10:25:11 PM";"March 23, 2026 10:25:11 PM";;Ended OK;Fin de chaîne : Tableaux de bord FR02;U112440299;Dummy;No;1;No;CTMSRV;NRJNRJ_J1ITRT_04_Q;root;;;3on07
NRJ-ENERGY;NRJNRJ_J1ITRT_04_Q;NRJNRJ_J1ITRT_04_FLG03_Q;"March 23, 2026";"March 23, 2026 10:26:44 PM";"March 23, 2026 10:26:44 PM";;Ended OK;Fin de chaîne : Tableaux de bord FR03;U112440199;Dummy;No;1;No;CTMSRV;NRJNRJ_J1ITRT_04_Q;root;;;3on06
NRJ-ENERGY;NRJNRJ_J1ITRT_04_Q;NRJNRJ_J1ITRT_04_FLG04_Q;"March 23, 2026";"March 23, 2026 10:25:11 PM";"March 23, 2026 10:25:11 PM";;Ended OK;Fin de chaîne : Tableaux de bord FR04;U112440499;Dummy;No;1;No;CTMSRV;NRJNRJ_J1ITRT_04_Q;root;;;3on09
NRJ-ENERGY;NRJNRJ_J1ZTEC_04_Q;NRJNRJ_J1ZTEC_04_ARC01_Q;"March 23, 2026";;;;Wait for Event;purges des log de +20 de jours ( 4j pour ceux de ctrlm) et du repertoire out +20j ( dtr 4j);purgeNRJ.sh;Job;No;0;No;CTMSRV;NRJNRJ_J1ZTEC_04_Q;dbanrj;A_L_ENE12;A_L_ENE12;3oo3g
NRJ-ENERGY;NRJNRJ_J20TRT_04_Q;NRJNRJ_J20TRT_04_WRK01_Q;"March 23, 2026";"March 23, 2026 10:53:40 PM";"March 23, 2026 10:53:45 PM";0500;Ended OK;ENERGY suppression elements jamais actives;NRJNRJ_J20TRT_04_WRK01_Q.ksh;Job;No;1;No;CTMSRV;NRJNRJ_J20TRT_04_Q;dbanrj;ldkenep12;A_L_ENE12;3oogr
NRJ-ENERGY;NRJNRJ_J21TRT_04_Q;NRJNRJ_J21TRT_04_Q;"March 23, 2026";"March 23, 2026 1:30:09 PM";"March 24, 2026 6:55:29 AM";;Ended OK;SPEGYTEC1;;SMART Table;No;1;No;CTMSRV;NRJNRJ_J21TRT_04_Q;;ldkctmp50;;3onss
NRJ-ENERGY;NRJNRJ_J21TRT_04_Q;NRJNRJ_J21TRT_04_WRK01_Q;"March 23, 2026";"March 24, 2026 6:55:00 AM";"March 24, 2026 6:55:28 AM";;Ended OK;SPEGYTEC1.sh;SPEGYTEC1.sh;Job;No;1;No;CTMSRV;NRJNRJ_J21TRT_04_Q;dbanrj;ldkenep12;A_L_ENE12;3onst
NRJ-ENERGY;NRJNRJ_J23TRT_04_Q;NRJNRJ_J23TRT_04_WRK01_Q;"March 23, 2026";"March 23, 2026 8:36:43 PM";"March 23, 2026 8:36:51 PM";;Ended OK;NRJ : SPEGYEVT9;NRJNRJ_J23TRT_04_WRK01_Q.ksh;Job;No;1;No;CTMSRV;NRJNRJ_J23TRT_04_Q;dbanrj;ldkenep12;A_L_ENE12;3ooon
NRJ-ENERGY;NRJNRJ_J24TRT_04_Q;NRJNRJ_J24TRT_04_99999_Q;"March 23, 2026";"March 23, 2026 8:57:23 PM";"March 23, 2026 8:57:23 PM";;Ended OK;NRJ : Fin de Chaine : SPEGYPBR1;Fin de chaine SPEGYPBR1;Dummy;No;1;No;CTMSRV;NRJNRJ_J24TRT_04_Q;root;;;3onz2
NRJ-ENERGY;NRJNRJ_J24TRT_04_Q;NRJNRJ_J24TRT_04_CAL10_Q;"March 23, 2026";"March 23, 2026 8:36:52 PM";"March 23, 2026 8:57:22 PM";;Ended OK;SPEGYPBR1.exe: calcul des estimations compteur suivant base référence technique (wdknrji04);NRJNRJ_J24TRT_04_CAL10_Q.cmd;Job;No;1;No;CTMSRV;NRJNRJ_J24TRT_04_Q;svce_cm;wdkenep14;A_W_ENE14;3onyz
NRJ-ENERGY;NRJNRJ_J24TRT_04_Q;NRJNRJ_J24TRT_04_CAL97_Q;"March 23, 2026";"March 23, 2026 8:36:52 PM";"March 23, 2026 8:57:14 PM";;Ended OK;SPEGYPBR1.exe: calcul des estimations compteur suivant base référence technique (wdknrji01);NRJNRJ_J24TRT_04_CAL97_Q.cmd;Job;No;1;No;CTMSRV;NRJNRJ_J24TRT_04_Q;svce_cm;wdkenep11;A_W_ENE11;3onz0
NRJ-ENERGY;NRJNRJ_J24TRT_04_Q;NRJNRJ_J24TRT_04_CAL98_Q;"March 23, 2026";"March 23, 2026 8:36:52 PM";"March 23, 2026 8:57:12 PM";;Ended OK;SPEGYPBR1.exe: calcul des estimations compteur suivant base référence technique (wdknrji02);NRJNRJ_J24TRT_04_CAL98_Q.cmd;Job;No;1;No;CTMSRV;NRJNRJ_J24TRT_04_Q;svce_cm;wdkenep12;A_W_ENE12;3onz1
NRJ-ENERGY;NRJNRJ_J24TRT_04_Q;NRJNRJ_J24TRT_04_CAL99_Q;"March 23, 2026";"March 23, 2026 8:36:52 PM";"March 23, 2026 8:57:22 PM";;Ended OK;SPEGYPBR1.exe: calcul des estimations compteur suivant base référence technique (wdknrji03);NRJNRJ_J24TRT_04_CAL99_Q.cmd;Job;No;1;No;CTMSRV;NRJNRJ_J24TRT_04_Q;svce_cm;wdkenep13;A_W_ENE13;3onyy
NRJ-ENERGY;NRJNRJ_J24TRT_04_Q;NRJNRJ_J24TRT_04_Q;"March 23, 2026";"March 23, 2026 8:36:52 PM";"March 23, 2026 8:57:24 PM";;Ended OK;SPEGYPBR1:  calcul des estimations compteur suivant base référence technique;;SMART Table;No;1;No;CTMSRV;NRJNRJ_J24TRT_04_Q;;ldkctmp50;;3onyx
NRJ-ENERGY;NRJNRJ_J25TRT_04_Q;NRJNRJ_J25TRT_04_WRK01_Q;"March 23, 2026";"March 23, 2026 8:57:24 PM";"March 23, 2026 9:43:04 PM";;Ended OK;NRJ : Consolidation des index estimés à partir des estimations;SPEGYPBR2.sh;Job;No;1;No;CTMSRV;NRJNRJ_J25TRT_04_Q;dbanrj;ldkenep12;A_L_ENE12;3ontm
NRJ-ENERGY;NRJNRJ_J26TRT_04_Q;NRJNRJ_J26TRT_04_99999_Q;"March 23, 2026";"March 23, 2026 9:48:17 PM";"March 23, 2026 9:48:17 PM";;Ended OK;SPEGYEVT10 : Fin de chaîne : Tableaux de bord;U112440999;Dummy;No;1;No;CTMSRV;NRJNRJ_J26TRT_04_Q;root;;;3ooqb
NRJ-ENERGY;NRJNRJ_J26TRT_04_Q;NRJNRJ_J26TRT_04_WRK01_Q;"March 23, 2026";"March 23, 2026 9:43:05 PM";"March 23, 2026 9:44:45 PM";;Ended OK;NRJ : injection automatique des données;SPEGYEVT10.exe;Job;No;1;No;CTMSRV;NRJNRJ_J26TRT_04_Q;dbanrj;wdkenep11;A_W_ENE11;3ooq7
NRJ-ENERGY;NRJNRJ_J26TRT_04_Q;NRJNRJ_J26TRT_04_WRK02_Q;"March 23, 2026";"March 23, 2026 9:43:05 PM";"March 23, 2026 9:48:16 PM";;Ended OK;NRJ : injection automatique des données;SPEGYEVT10.exe;Job;No;1;No;CTMSRV;NRJNRJ_J26TRT_04_Q;dbanrj;wdkenep13;A_W_ENE13;3ooqa
NRJ-ENERGY;NRJNRJ_J26TRT_04_Q;NRJNRJ_J26TRT_04_WRK03_Q;"March 23, 2026";"March 23, 2026 9:43:05 PM";"March 23, 2026 9:48:16 PM";;Ended OK;NRJ : injection automatique des données;SPEGYEVT10.exe;Job;No;1;No;CTMSRV;NRJNRJ_J26TRT_04_Q;dbanrj;wdkenep12;A_W_ENE12;3ooq8
NRJ-ENERGY;NRJNRJ_J26TRT_04_Q;NRJNRJ_J26TRT_04_WRK04_Q;"March 23, 2026";"March 23, 2026 9:43:05 PM";"March 23, 2026 9:48:16 PM";;Ended OK;NRJ : injection automatique des données;SPEGYEVT10.exe;Job;No;1;No;CTMSRV;NRJNRJ_J26TRT_04_Q;dbanrj;wdkenep14;A_W_ENE14;3ooq9
NRJ-ENERGY;NRJNRJ_J27TRT_04_Q;NRJNRJ_J27TRT_04_99999_Q;"March 23, 2026";"March 23, 2026 10:53:39 PM";"March 23, 2026 10:53:39 PM";;Ended OK;SPEGYEVT10 : Fin de chaîne : Tableaux de bord;U112440999;Dummy;No;1;No;CTMSRV;NRJNRJ_J27TRT_04_Q;root;;;3omww
NRJ-ENERGY;NRJNRJ_J27TRT_04_Q;NRJNRJ_J27TRT_04_WRK01_Q;"March 23, 2026";"March 23, 2026 10:44:15 PM";"March 23, 2026 10:53:38 PM";;Ended OK;NRJ : calcul ratio réel;SPEGYCAL2.exe;Job;No;1;No;CTMSRV;NRJNRJ_J27TRT_04_Q;dbanrj;wdkenep11;A_W_ENE11;3omws
NRJ-ENERGY;NRJNRJ_J27TRT_04_Q;NRJNRJ_J27TRT_04_WRK02_Q;"March 23, 2026";"March 23, 2026 10:44:15 PM";"March 23, 2026 10:53:38 PM";;Ended OK;NRJ :calcul ratio réel;SPEGYCAL2.exe;Job;No;1;No;CTMSRV;NRJNRJ_J27TRT_04_Q;dbanrj;wdkenep13;A_W_ENE13;3omwv
NRJ-ENERGY;NRJNRJ_J27TRT_04_Q;NRJNRJ_J27TRT_04_WRK03_Q;"March 23, 2026";"March 23, 2026 10:44:15 PM";"March 23, 2026 10:53:38 PM";;Ended OK;NRJ : calcul ratio réel;SPEGYCAL2.exe;Job;No;1;No;CTMSRV;NRJNRJ_J27TRT_04_Q;dbanrj;wdkenep12;A_W_ENE12;3omwt
NRJ-ENERGY;NRJNRJ_J27TRT_04_Q;NRJNRJ_J27TRT_04_WRK04_Q;"March 23, 2026";"March 23, 2026 10:44:15 PM";"March 23, 2026 10:53:38 PM";;Ended OK;NRJ : calcul ratio réel;SPEGYCAL2.exe;Job;No;1;No;CTMSRV;NRJNRJ_J27TRT_04_Q;dbanrj;wdkenep14;A_W_ENE14;3omwu
NRJ-ENERGY;NRJNRJ_J28TRT_04_Q;NRJNRJ_J28TRT_04_WRK01_Q;"March 23, 2026";"March 24, 2026 1:30:38 AM";"March 24, 2026 1:30:40 AM";;Ended OK;NRJ : SPEGYPLA1 :  Orchestration des OT RP1 par Energy dans Orion;SPEGYPLA1.sh;Job;No;1;No;CTMSRV;NRJNRJ_J28TRT_04_Q;dbanrj;ldkenep12;A_L_ENE12;3oo6v
NRJ-ENERGY;NRJNRJ_K12SVG_03_Q;NRJNRJ_K12SVG_03_ARC01_Q;"March 23, 2026";"March 24, 2026 7:30:00 AM";"March 24, 2026 7:30:00 AM";1300;Wait for Event;Sauvegarde Archivelogs de DBONRJP1  (Base 10g) -;backup_rman_10.sh;Dummy;No;10;Yes;CTMSRV;NRJNRJ_K12SVG_03_Q;oracle;;NOTEXIST;3oni6
NRJ-ENERGY;NRJNRJ_K12SVG_03_Q;NRJNRJ_K12SVG_03_AVA01_Q;"March 23, 2026";"March 24, 2026 4:00:01 AM";"March 24, 2026 4:00:01 AM";;Ended OK;Sauvegarde AVAMAR du serveur UDKNRJP01:serveur decomm depuis le 14062019;LaunchSave.sh;Dummy;No;1;No;CTMSRV;NRJNRJ_K12SVG_03_Q;root;;NOTEXIST;3oni5
NRJ-ENERGY;NRJNRJ_K12SVG_03_Q;NRJNRJ_K12SVG_03_FLG01_Q;"March 23, 2026";"March 23, 2026 7:00:37 PM";"March 23, 2026 7:00:37 PM";;Ended OK;"Fin des sauvegardes av Batch; base DPRNRJ";U512003910;Dummy;No;1;No;CTMSRV;NRJNRJ_K12SVG_03_Q;root;;;3oni7
NRJ-ENERGY;NRJNRJ_K12SVG_03_Q;NRJNRJ_K12SVG_03_FLG02_Q;"March 23, 2026";"March 23, 2026 7:00:38 PM";"March 23, 2026 7:00:38 PM";;Ended OK;Fin Save av batch redemarrage  DPRNRJ;U512003919;Dummy;No;1;No;CTMSRV;NRJNRJ_K12SVG_03_Q;root;;;3oni8
NRJ-ENERGY;NRJNRJ_K12SVG_03_Q;NRJNRJ_K12SVG_03_NBU02_Q;"March 23, 2026";"March 23, 2026 7:00:36 PM";"March 23, 2026 7:00:36 PM";;Ended OK;Save NBK jour de DPRNRJ sur UDKIFP01;BackupNetbackupRemote.ksh;Dummy;No;1;No;CTMSRV;NRJNRJ_K12SVG_03_Q;root;;NOTEXIST;3oni9
NRJ-ENERGY;NRJNRJ_K12SVG_03_Q;NRJNRJ_K12SVG_03_NBU10_Q;"March 23, 2026";"March 24, 2026 12:15:00 AM";"March 24, 2026 12:15:00 AM";;Ended OK;Save Netbackup jour de DKAFR-MS100;NetbackupRemoteWinFull.ksh;Dummy;No;1;No;CTMSRV;NRJNRJ_K12SVG_03_Q;root;;NOTEXIST;3onib
NRJ-ENERGY;NRJNRJ_K12SVG_03_Q;NRJNRJ_K12SVG_03_NBU99_Q;"March 23, 2026";"March 24, 2026 12:15:00 AM";"March 24, 2026 12:15:00 AM";;Ended OK;Save Netbackup jour de DKAFR-MS099;NetbackupRemoteWinFull.ksh;Dummy;No;1;No;CTMSRV;NRJNRJ_K12SVG_03_Q;root;;NOTEXIST;3onia
NRJ-ENERGY;NRJNRJ_K12SVG_03_Q;NRJNRJ_K12SVG_03_RMA01_Q;"March 23, 2026";"March 24, 2026 4:00:00 AM";"March 24, 2026 4:00:00 AM";;Ended OK;Sauvegarde RMAN sur disque de DBONRJP1 (Base 10g) -;backup_rman_10.sh;Dummy;No;1;No;CTMSRV;NRJNRJ_K12SVG_03_Q;oracle;;NOTEXIST;3oni3
NRJ-ENERGY;NRJNRJ_K12SVG_03_Q;NRJNRJ_K12SVG_03_RMA02_Q;"March 23, 2026";"March 24, 2026 4:00:00 AM";"March 24, 2026 4:00:00 AM";>;Ended OK;Sauvegarde RMAN sur bande de DBONRJP1 (Base 10g) -;backup_rman_10.sh;Dummy;No;1;No;CTMSRV;NRJNRJ_K12SVG_03_Q;oracle;;NOTEXIST;3oni4
NRJ-ENERGY;NRJXXX_J11GEN_06_Q;NRJXXX_J11GEN_06_EXP01_Q;"March 23, 2026";"March 23, 2026 6:00:00 PM";"March 23, 2026 6:00:55 PM";1900;Ended OK;NRJ : Interface sortante des données PATRIMOINE ENERGY pour DACTECH CID CELERIS PIRENE;IEEGYDTE01.sh;Job;No;5;Yes;CTMSRV;NRJXXX_J11GEN_06_Q;dbanrj;ldkenep12;A_L_ENE12;3ompb
NRJ-ENERGY;NRJXXX_J11GEN_06_Q;NRJXXX_J11GEN_06_EXP02_Q;"March 23, 2026";"March 24, 2026 8:00:00 AM";"March 24, 2026 8:00:19 AM";;Wait for Event;NRJ : Interface sortante des données PATRIMOINE ENERGY pour DACTECH CID CELERIS PIRENE;IEEGYDTE01.sh;Job;No;2;Yes;CTMSRV;NRJXXX_J11GEN_06_Q;dbanrj;ldkenep12;A_L_ENE12;3ompc
NRJ-ENERGY;NRJXXX_J11GEN_06_Q;NRJXXX_J11GEN_06_FTP01_Q;"March 23, 2026";"March 23, 2026 6:11:00 PM";"March 23, 2026 6:11:01 PM";1900;Ended OK;NRJ : Envoi FTP du PATRIMOINEENERGY*.xml vers PFE;FTP_MULTI_GENERIQUE.ksh;Job;No;5;Yes;CTMSRV;NRJXXX_J11GEN_06_Q;root;ldkpfep11;A_L_PFE11;3ompa
NRJ-ENERGY;NRJXXX_J11GEN_06_Q;NRJXXX_J11GEN_06_FTP02_Q;"March 23, 2026";"March 24, 2026 7:11:00 AM";"March 24, 2026 7:11:03 AM";;Wait for Event;NRJ : Envoi FTP du PATRIMOINEENERGY*.xml vers PFE;FTP_MULTI_GENERIQUE.ksh;Job;No;1;Yes;CTMSRV;NRJXXX_J11GEN_06_Q;root;ldkpfep11;A_L_PFE11;3ompd
NRJ-ENERGY;NRJXXX_J11GEN_06_Q;NRJXXX_J11GEN_06_Q;"March 23, 2026";"March 23, 2026 1:30:08 PM";;;Executing;NRJ : Interface sortante des données PATRIMOINE ENERGY pour DACTECH CID CELERIS PIRENE;;SMART Table;No;1;No;CTMSRV;NRJXXX_J11GEN_06_Q;dbanrj;;;3omp9
NRJ-ENERGY;NRJXXX_J15GEN_06_Q;NRJXXX_J15GEN_06_EXP01_Q;"March 23, 2026";"March 24, 2026 5:31:02 AM";"March 24, 2026 5:31:05 AM";;Ended OK;Export full des stations météo une fois par jour ( parm2 = 5);NRJXXX_J15GEN_06_EXP01_Q.ksh;Job;No;1;No;CTMSRV;NRJXXX_J15GEN_06_Q;dbanrj;ldkenep12;A_L_ENE12;3ooey
NRJ-ENERGY;NRJXXX_J15GEN_06_Q;NRJXXX_J15GEN_06_FTP01_Q;"March 23, 2026";"March 24, 2026 5:31:06 AM";"March 24, 2026 5:31:08 AM";;Ended OK;NRJ : Envoi FTP du stationsmeteo vers PFE;FTP_MULTI_GENERIQUE.ksh;Job;No;1;No;CTMSRV;NRJXXX_J15GEN_06_Q;root;ldkpfep11;A_L_PFE11;3ooez
NRJ-ENERGY;NRJXXX_J15GEN_06_Q;NRJXXX_J15GEN_06_Q;"March 23, 2026";"March 23, 2026 1:30:10 PM";"March 24, 2026 5:31:08 AM";;Ended OK;Export full des stations météo une fois par jour;;SMART Table;No;1;No;CTMSRV;NRJXXX_J15GEN_06_Q;;ldkctmp50;;3ooex
NRJ-ENERGY;NRJXXX_J16GEN_06_Q;NRJXXX_J16GEN_06_EXP01_Q;"March 23, 2026";"March 24, 2026 5:31:06 AM";"March 24, 2026 5:32:03 AM";;Ended OK;Quotidien : Export des données météo (PARAM=05);NRJXXX_J16GEN_06_EXP01_Q.ksh;Job;No;1;No;CTMSRV;NRJXXX_J16GEN_06_Q;dbanrj;ldkenep12;A_L_ENE12;3omxp
NRJ-ENERGY;NRJXXX_J16GEN_06_Q;NRJXXX_J16GEN_06_FTP01_Q;"March 23, 2026";"March 24, 2026 5:32:03 AM";"March 24, 2026 5:32:05 AM";;Ended OK;NRJ Transfert de donneesmeteo_* vers PFE;FTP_MULTI_GENERIQUE.ksh;Job;No;1;No;CTMSRV;NRJXXX_J16GEN_06_Q;root;ldkpfep11;A_L_PFE11;3omxq
NRJ-ENERGY;NRJXXX_J16GEN_06_Q;NRJXXX_J16GEN_06_Q;"March 23, 2026";"March 23, 2026 1:30:10 PM";"March 24, 2026 5:32:06 AM";;Ended OK;;;SMART Table;No;1;No;CTMSRV;NRJXXX_J16GEN_06_Q;;ldkctmp50;;3omxo
NRJ-ENERGY;NRJXXX_J17GEN_06_Q;NRJXXX_J17GEN_06_EXP01_Q;"March 23, 2026";"March 23, 2026 2:31:14 PM";"March 23, 2026 2:32:08 PM";;Ended OK;Horaire : Export des données météo (PARAM=14);NRJXXX_J17GEN_06_EXP01_Q.ksh;Job;No;1;No;CTMSRV;NRJXXX_J17GEN_06_Q;dbanrj;ldkenep12;A_L_ENE12;3omd2
NRJ-ENERGY;NRJXXX_J17GEN_06_Q;NRJXXX_J17GEN_06_FTP01_Q;"March 23, 2026";"March 23, 2026 2:32:09 PM";"March 23, 2026 2:32:11 PM";;Ended OK;NRJ Transfert de donneesmeteo_* vers PFE;FTP_MULTI_GENERIQUE.ksh;Job;No;1;No;CTMSRV;NRJXXX_J17GEN_06_Q;root;ldkpfep11;A_L_PFE11;3omd3
NRJ-ENERGY;NRJXXX_J17GEN_06_Q;NRJXXX_J17GEN_06_Q;"March 23, 2026";"March 23, 2026 1:30:10 PM";"March 23, 2026 2:32:12 PM";;Ended OK;;;SMART Table;No;1;No;CTMSRV;NRJXXX_J17GEN_06_Q;;ldkctmp50;;3omd1
NRJ-ENERGY;NRJXXX_J18GEN_06_Q;NRJXXX_J18GEN_06_EXP01_Q;"March 23, 2026";"March 23, 2026 6:31:08 PM";"March 23, 2026 6:31:57 PM";;Ended OK;Tri horaire : Export des données météo (PARAM=18);NRJXXX_J18GEN_06_EXP01_Q.ksh;Job;No;1;No;CTMSRV;NRJXXX_J18GEN_06_Q;dbanrj;ldkenep12;A_L_ENE12;3ombz
NRJ-ENERGY;NRJXXX_J18GEN_06_Q;NRJXXX_J18GEN_06_FTP01_Q;"March 23, 2026";"March 23, 2026 6:31:58 PM";"March 23, 2026 6:32:00 PM";;Ended OK;NRJ Transfert de donneesmeteo_* vers PFE;FTP_MULTI_GENERIQUE.ksh;Job;No;1;No;CTMSRV;NRJXXX_J18GEN_06_Q;root;ldkpfep11;A_L_PFE11;3omc0
NRJ-ENERGY;NRJXXX_J18GEN_06_Q;NRJXXX_J18GEN_06_Q;"March 23, 2026";"March 23, 2026 1:30:10 PM";"March 23, 2026 6:32:01 PM";;Ended OK;;;SMART Table;No;1;No;CTMSRV;NRJXXX_J18GEN_06_Q;;ldkctmp50;;3omby
NRJ-ENERGY;NRJXXX_J19GEN_06_Q;NRJXXX_J19GEN_06_EXP01_Q;"March 23, 2026";"March 23, 2026 10:34:19 PM";"March 23, 2026 10:39:27 PM";;Ended OK;NRJ : Interface sortante des données ENERGY pour INDICATEUR ENERGY INDICATEUR ELEMENT ENERGY ET EVENEMENT ENERGY POUR DATALAKE EVENEMENT ENERGY POUR CID CELERIS PIRENE;IEEGYLAK01.sh;Job;No;1;No;CTMSRV;NRJXXX_J19GEN_06_Q;dbanrj;ldkenep12;A_L_ENE12;3omit
NRJ-ENERGY;NRJXXX_J19GEN_06_Q;NRJXXX_J19GEN_06_FTP01_Q;"March 23, 2026";"March 23, 2026 10:39:27 PM";"March 23, 2026 10:39:29 PM";;Ended OK;NRJ : Envoi FTP du INDICATEURSENERGY_*.xml vers PFE;FTP_MULTI_GENERIQUE.ksh;Job;No;1;No;CTMSRV;NRJXXX_J19GEN_06_Q;root;ldkpfep11;A_L_PFE11;3omis
NRJ-ENERGY;NRJXXX_J19GEN_06_Q;NRJXXX_J19GEN_06_FTP02_Q;"March 23, 2026";"March 23, 2026 10:39:27 PM";"March 23, 2026 10:39:30 PM";;Ended OK;NRJ : Envoi FTP du EVENEMENTSENERGY_*.xml vers PFE;FTP_MULTI_GENERIQUE.ksh;Job;No;1;No;CTMSRV;NRJXXX_J19GEN_06_Q;root;ldkpfep11;A_L_PFE11;3omiu
NRJ-ENERGY;NRJXXX_J19GEN_06_Q;NRJXXX_J19GEN_06_FTP03_Q;"March 23, 2026";"March 23, 2026 10:39:27 PM";"March 23, 2026 10:39:33 PM";;Ended OK;NRJ : Envoi FTP du INDICATEURSELEMENTENERGY_*.xml vers PFE;FTP_MULTI_GENERIQUE.ksh;Job;No;1;No;CTMSRV;NRJXXX_J19GEN_06_Q;root;ldkpfep11;A_L_PFE11;3omiv
NRJ-ENERGY;NRJXXX_J19GEN_06_Q;NRJXXX_J19GEN_06_Q;"March 23, 2026";"March 23, 2026 1:30:08 PM";"March 23, 2026 10:39:34 PM";;Ended OK;NRJ : Interface sortante des données ENERGY pour INDICATEUR ENERGY INDICATEUR ELEMENT ENERGY ET EVENEMENT ENERGY POUR DATALAKE EVENEMENT ENERGY POUR CID CELERIS PIRENE;;SMART Table;No;1;No;CTMSRV;NRJXXX_J19GEN_06_Q;dbanrj;ldkctmp50;;3omir
NRJ-ENERGY;NRJXXX_J20GEN_06_Q;NRJXXX_J20GEN_06_EXP01_Q;"March 23, 2026";;;;Wait for Event;Tri horaire : Export des données météo (PARAM=09);NRJXXX_J20GEN_06_EXP01_Q.ksh;Job;No;0;No;CTMSRV;NRJXXX_J20GEN_06_Q;dbanrj;A_L_ENE12;A_L_ENE12;3omdj
NRJ-ENERGY;NRJXXX_J20GEN_06_Q;NRJXXX_J20GEN_06_FTP01_Q;"March 23, 2026";;;;Wait for Event;NRJ Transfert de donneesmeteo_* vers PFE;FTP_MULTI_GENERIQUE.ksh;Job;No;0;No;CTMSRV;NRJXXX_J20GEN_06_Q;root;A_L_PFE11;A_L_PFE11;3omdk
OCPU;OCPARR_E11STP_01;OCPARR_E11STP_01;"March 23, 2026";;;;Wait for Event;;;SMART Table;No;0;No;CTMSRV;OCPARR_E11STP_01;oracle;;;3oole
OCPU;OCPARR_E11STP_01;ORAOCP_E11STP_00_STP01_Q;"March 23, 2026";;;;Wait for Event;arret des  OCPU  GESTION  --mis en dummy tempo --;opc-action.ksh;Job;No;0;No;CTMSRV;OCPARR_E11STP_01;root;A_L_OEM02;A_L_OEM02;3oolf
OCPU;OCPETI_E11ARR_01;OCPETI_E11ARR_01;"March 23, 2026";"March 23, 2026 8:00:00 PM";"March 23, 2026 8:04:58 PM";;Ended OK;;;SMART Table;No;1;No;CTMSRV;OCPETI_E11ARR_01;;ldkctmp50;;3omzt
OCPU;OCPETI_E11ARR_01;OCPETI_E11ARR_11_FLAG01_Q;"March 23, 2026";"March 23, 2026 8:00:00 PM";"March 23, 2026 8:00:01 PM";;Ended OK;arret des OCPU sur la pre-production;flags-opc.ksh;Job;No;1;No;CTMSRV;OCPETI_E11ARR_01;ocpuflags;ldkoemp02;A_L_OEM02;3omzw
OCPU;OCPETI_E11ARR_01;OCPETI_E11ARR_12_ARR02_Q;"March 23, 2026";"March 23, 2026 8:00:01 PM";"March 23, 2026 8:04:53 PM";;Ended OK;mail ::diminution des OCPU sur la  eti -mis en dummy tempo --;opc-action.ksh;Job;No;1;No;CTMSRV;OCPETI_E11ARR_01;root;ldkoemp02;A_L_OEM02;3omzu
OCPU;OCPETI_E11ARR_01;OCPETI_E11ARR_13_TST02_Q;"March 23, 2026";"March 23, 2026 8:04:54 PM";"March 23, 2026 8:04:56 PM";;Ended OK;mail ::test diminution des OCPU sur la  eti -mis en dummy tempo --;opc-action.ksh;Job;No;1;No;CTMSRV;OCPETI_E11ARR_01;root;ldkoemp02;A_L_OEM02;3omzx
OCPU;OCPETI_E11ARR_01;OCPETI_E11ARR_15_FLAG01_Q;"March 23, 2026";"March 23, 2026 8:04:57 PM";"March 23, 2026 8:04:57 PM";;Ended OK;mail ::diminution des OCPU sur la  eti;flags-opc.ksh;Job;No;1;No;CTMSRV;OCPETI_E11ARR_01;ocpuflags;ldkoemp02;A_L_OEM02;3omzv
OCPU;OCPETI_E11REL_01;OCPETI_E10REL_00_FLAG01_Q;"March 23, 2026";"March 24, 2026 6:00:00 AM";"March 24, 2026 6:00:01 AM";;Ended OK;relance des OCPU sur ETI  Gestion;flags-opc.ksh;Job;No;1;No;CTMSRV;OCPETI_E11REL_01;ocpuflags;ldkoemp02;A_L_OEM02;3ono4
OCPU;OCPETI_E11REL_01;OCPETI_E11REL_01;"March 23, 2026";"March 24, 2026 6:00:00 AM";"March 24, 2026 6:05:08 AM";;Ended OK;;;SMART Table;No;1;No;CTMSRV;OCPETI_E11REL_01;;ldkctmp50;;3ono1
OCPU;OCPETI_E11REL_01;OCPETI_E12REL_00_REL01_Q;"March 23, 2026";"March 24, 2026 6:00:01 AM";"March 24, 2026 6:05:03 AM";;Ended OK;relance des OCPU sur eti GESTION  -mis en dummy tempo --;opc-action.ksh;Job;No;1;No;CTMSRV;OCPETI_E11REL_01;root;ldkoemp02;A_L_OEM02;3ono2
OCPU;OCPETI_E11REL_01;OCPETI_E13REL_00_TST01_Q;"March 23, 2026";"March 24, 2026 6:05:04 AM";"March 24, 2026 6:05:06 AM";;Ended OK;relance des OCPU sur eti GESTION -mis en dummy tempo --;opc-action.ksh;Job;No;1;No;CTMSRV;OCPETI_E11REL_01;root;ldkoemp02;A_L_OEM02;3ono5
OCPU;OCPETI_E11REL_01;OCPETI_E15REL_00_FLAG01_Q;"March 23, 2026";"March 24, 2026 6:05:07 AM";"March 24, 2026 6:05:07 AM";;Ended OK;relance des OCPU sur    ETI  Gestion;flags-opc.ksh;Job;No;1;No;CTMSRV;OCPETI_E11REL_01;ocpuflags;ldkoemp02;A_L_OEM02;3ono3
OCPU;OCPREL_E11REL_01;OCPREL_E11REL_01;"March 23, 2026";;;;Wait for Event;;;SMART Table;No;0;No;CTMSRV;OCPREL_E11REL_01;;;;3on7w
OCPU;OCPREL_E11REL_01;OCPREL_E11REL_08_FLAG_Q;"March 23, 2026";;;;Wait for Event;transfert  flags en cours des OCPU sur la pre-production;script-oci-trans.ksh;Dummy;No;0;No;CTMSRV;OCPREL_E11REL_01;ocpuflags;A_L_OEM02;A_L_OEM02;3on82
OCPU;OCPREL_E11REL_01;OCPREL_E11REL_09_FLAG_Q;"March 23, 2026";;;;Wait for Event;relance des OCPU sur la pre-production;flags-opc.ksh;Dummy;No;0;No;CTMSRV;OCPREL_E11REL_01;ocpuflags;A_L_OEM02;A_L_OEM02;3on81
OCPU;OCPREL_E11REL_01;OCPREL_E11REL_10_REL01_Q;"March 23, 2026";;;;Wait for Event;relance des OCPU sur PRE-PROD GESTION -mis en dummy tempo --;opc-action.ksh;Job;No;0;No;CTMSRV;OCPREL_E11REL_01;root;A_L_OEM02;A_L_OEM02;3on7z
OCPU;OCPREL_E11REL_01;OCPREL_E11REL_15_LIST_Q;"March 23, 2026";;;;Wait for Event;liste des OCPU sur la pre-production -- -mis en dummy tempo --;;Command;No;0;No;CTMSRV;OCPREL_E11REL_01;root;A_L_OEM02;A_L_OEM02;3on7x
OCPU;OCPREL_E11REL_01;OCPREL_E11REL_18_FLAG_Q;"March 23, 2026";;;;Wait for Event;relance des OCPU sur la pre-production;flags-opc.ksh;Dummy;No;0;No;CTMSRV;OCPREL_E11REL_01;ocpuflags;A_L_OEM02;A_L_OEM02;3on7y
OCPU;OCPREL_E11REL_01;ORAREL_E11REL_12_TST_Q;"March 23, 2026";;;;Wait for Event;mail ::test des OCPU sur la PRE-prod gestion;opc-action.ksh;Job;No;0;No;CTMSRV;OCPREL_E11REL_01;root;A_L_OEM02;A_L_OEM02;3on80
ORA-ORA;CDBCRT_K13SVG_01_Q;CDBCRT_K13SVG_02_ARCH_Q;"March 23, 2026";;;;Wait Host;Sauvegarde EXACC : Backup Arch -CRT standby;;Command;No;0;No;CTMSRV;CDBCRT_K13SVG_01_Q1;oracle;A_L_OEM03;A_L_OEM03;3omwn
ORA-ORA;CDBDTR_K13SVG_01_Q;CDBDTR_K13SVG_02_INC01_Q;"March 23, 2026";"March 23, 2026 9:00:00 PM";"March 23, 2026 9:15:18 PM";;Ended OK;Sauvegarde EXACC : TEST;;Command;No;1;No;CTMSRV;CDBDTR_K13SVG_01_Q;oracle;ldkoemp02;A_L_OEM02;3ooh9
ORA-ORA;CDBFIN_K13SVG_01_Q;CDBFIN_K13SVG_02_ARCH_Q;"March 23, 2026";"March 23, 2026 5:00:00 PM";"March 23, 2026 5:05:22 PM";;Ended OK;Sauvegarde EXACC : Backup Finance archive rman intermediaire;;Command;No;1;No;CTMSRV;CDBFIN_K13SVG_01_Q;oracle;ldkoemp02;A_L_OEM02;3onmu
ORA-ORA;CDBNRJ_K13SVG_01_Q;CDBNRJ_K13SVG_02_INC01_Q;"March 23, 2026";"March 23, 2026 6:00:00 PM";"March 23, 2026 6:04:43 PM";;Ended OK;Sauvegarde EXACC : backup NRJ inc1 quotidienne en semaine du lundi au samedi;;Command;No;1;No;CTMSRV;CDBNRJ_K13SVG_01_H;oracle;ldkoemp02;A_L_OEM02;3oohv
ORA-ORA;CDBPFE_K13SVG_01_Q;CDBPFE_K13SVG_02_INC01_Q;"March 23, 2026";"March 23, 2026 7:00:00 PM";"March 23, 2026 7:04:13 PM";;Ended OK;Sauvegarde EXACC : Backup Full - inc1 PFE;;Command;No;1;No;CTMSRV;CDBPFE_K13SVG_01_Q;oracle;ldkoemp02;A_L_OEM02;3omqt
ORA-ORA;CDBSSO_K13SVG_01_Q;CDBSSO_K13SVG_02_INC01_Q;"March 23, 2026";"March 23, 2026 7:30:00 PM";"March 23, 2026 7:31:04 PM";;Ended OK;Sauvegarde EXACC : Backup Full - inc1 SSO;;Command;No;1;No;CTMSRV;CDBSSO_K13SVG_01_Q1;oracle;ldkoemp02;A_L_OEM02;3onk8
PKI-PKI;CRTPKI_J11TRT_04_Q;CRTPKI_J11_TRT_04_PRT_Q;"March 23, 2026";"March 24, 2026 8:05:00 AM";"March 24, 2026 8:05:07 AM";;Wait for Event;script sofrel ::Sofrel.ps1;"powershell -command ""Sofrel.ps1""";Command;No;224;Yes;CTMSRV;CRTPKI_J11TRT_04_Q;WDKCRTSFP01\NETWORK SERVICE;wdkcrtsfp01;A_W_CRTSF01;3omvd
PKI-PKI;PKICRT_J11TRT_04_Q;PKICRT_J11TRT_04_Q;"March 23, 2026";"March 23, 2026 1:30:09 PM";"March 24, 2026 1:02:20 AM";;Ended OK;;;SMART Table;No;1;No;CTMSRV;PKICRT_J11TRT_04_Q;;ldkctmp50;;3oo2d
PKI-PKI;PKICRT_J11TRT_04_Q;PKICRT_J11_TRT_04_PRT_Q;"March 23, 2026";"March 24, 2026 1:00:00 AM";"March 24, 2026 1:02:19 AM";>;Ended OK;generation de la CRL;;Command;No;1;No;CTMSRV;PKICRT_J11TRT_04_Q;crtprd\pki-adm-srv;wdkcrtpkp10;A_W_CRTPK10;3oo2e
PKI-PKI;PKIPKI_EXPLOI_04_Q;PKIPKI_EXPLOI_04_GEN01_Q;"March 23, 2026";"March 24, 2026 2:00:00 AM";"March 24, 2026 2:00:05 AM";;Ended OK;Génération de la CRL;certutil.exe;Command;No;1;No;CTMSRV;PKIPKI_EXPLOI_04_Q;svce_cm;wdkpkip10;A_W_PKI10;3onzw
PKI-PKI;PKIPKI_EXPLOI_04_Q;PKIPKI_EXPLOI_04_MDB01_Q;"March 23, 2026";"March 24, 2026 5:00:00 AM";"March 24, 2026 5:00:05 AM";;Ended OK;Maintenance de la Base de donnée;maintenance_DB.ps1;Command;No;1;No;CTMSRV;PKIPKI_EXPLOI_04_Q;svce_cm;wdkpkip10;A_W_PKI10;3onzz
PKI-PKI;PKIPKI_EXPLOI_04_Q;PKIPKI_EXPLOI_04_PUR01_Q;"March 23, 2026";"March 24, 2026 4:00:00 AM";"March 24, 2026 4:00:04 AM";;Ended OK;Purge des sauvegardes de logs;Purge_des_fichiers_de_logs.ps1;Command;No;1;No;CTMSRV;PKIPKI_EXPLOI_04_Q;svce_cm;wdkpkip10;A_W_PKI10;3onzv
PKI-PKI;PKIPKI_EXPLOI_04_Q;PKIPKI_EXPLOI_04_Q;"March 23, 2026";"March 23, 2026 1:30:09 PM";"March 24, 2026 6:00:05 AM";;Ended Not OK;Traitement en interne pour l'application PKI avec reboot;;SMART Table;No;1;No;CTMSRV;PKIPKI_EXPLOI_04_Q;;ldkctmp50;;3onzu
PKI-PKI;PKIPKI_EXPLOI_04_Q;PKIPKI_EXPLOI_04_SVG01_Q;"March 23, 2026";"March 24, 2026 2:00:00 AM";"March 24, 2026 2:00:05 AM";;Ended Not OK;Sauvegarde;Backup.ps1;Command;No;1;No;CTMSRV;PKIPKI_EXPLOI_04_Q;svce_cm;wdkpkip10;A_W_PKI10;3onzx
PKI-PKI;PKIPKI_EXPLOI_04_Q;PKIPKI_EXPLOI_04_VER01_Q;"March 23, 2026";"March 24, 2026 6:00:00 AM";"March 24, 2026 6:00:04 AM";;Ended OK;Vérification de la CRL racine;RootCRLCheck.ps1;Command;No;1;No;CTMSRV;PKIPKI_EXPLOI_04_Q;svce_cm;wdkpkip10;A_W_PKI10;3onzy
PKI-PKI;PKIPKI_K11SVG_03_Q;PKIPKI_K11SVG_03_Q;"March 23, 2026";"March 23, 2026 1:30:10 PM";"March 23, 2026 1:32:21 PM";;Ended OK;;;SMART Table;No;1;No;CTMSRV;PKIPKI_K11SVG_03_Q;;ldkctmp50;;3oota
PKI-PKI;PKIPKI_K11SVG_03_Q;PKIPKI_K11SVG_03_SAV_Q;"March 23, 2026";"March 23, 2026 1:30:10 PM";"March 23, 2026 1:32:20 PM";0100;Ended OK;Backup de l'enviroment PKI;backup.cmd;Job;No;1;No;CTMSRV;PKIPKI_K11SVG_03_Q;crtprd\pki-adm-srv;wdkcrtpkp10;A_W_CRTPK10;3ootb
SI-GESTION;MAINTENANCE_OEM_GESTION;MAINTENANCE_OEM_GESTION;"March 23, 2026";"March 23, 2026 1:30:09 PM";"March 23, 2026 1:30:11 PM";;Ended OK;MAINTENANCE_OEM_GESTION;;SMART Table;No;1;No;CTMSRV;MAINTENANCE_OEM_GESTION;;;;3on7r
SRN-SIRENE;SRNSRN_J11FLX_07_Q;SRNSRN_J11FLX_07_MOV01_Q;"March 23, 2026";"March 23, 2026 1:35:35 PM";"March 23, 2026 1:35:37 PM";;Ended Not OK;SRN : Move du fichier SIRENE_Etablissement_*.csv vers la PFE;;Command;No;1;No;CTMSRV;SRNSRN_J11FLX_07_Q;root;ldksrnp01;A_L_SRN01;3ookc
SRN-SIRENE;SRNSRN_J11FLX_07_Q;SRNSRN_J11FLX_07_MOV02_Q;"March 23, 2026";;;;Wait for Event;SRN : Move du fichier SIRENE_Entreprise_*.csv vers la PFE;;Command;No;0;No;CTMSRV;SRNSRN_J11FLX_07_Q;root;A_L_SRN01;A_L_SRN01;3ookd
SRN-SIRENE;SRNSRN_J11FLX_07_Q;SRNSRN_J11FLX_07_Q;"March 23, 2026";"March 23, 2026 1:35:35 PM";;;Executing;;;SMART Table;No;1;No;CTMSRV;SRNSRN_J11FLX_07_Q;;ldkctmp50;;3ookb
SRN-SIRENE;SRNSRN_J11TRT_04_Q;SRNSRN_J11TRT_04_Q;"March 23, 2026";"March 23, 2026 1:30:09 PM";"March 23, 2026 1:35:35 PM";;Ended OK;;;SMART Table;No;1;No;CTMSRV;SRNSRN_J11TRT_04_Q;;ldkctmp50;;3onp5
SRN-SIRENE;SRNSRN_J11TRT_04_Q;SRNSRN_J11TRT_04_WRK01_Q;"March 23, 2026";"March 23, 2026 1:30:09 PM";"March 23, 2026 1:35:18 PM";;Ended OK;SRN : Batch de mise a jour depuis la base INSEE;insee.sh;Job;No;1;No;CTMSRV;SRNSRN_J11TRT_04_Q;dalkia-adm;ldksrnp01;A_L_SRN01;3onp6
SRN-SIRENE;SRNSRN_J11TRT_04_Q;SRNSRN_J11TRT_04_WRK02_Q;"March 23, 2026";"March 23, 2026 1:35:19 PM";"March 23, 2026 1:35:34 PM";;Ended OK;SRN : Batch de diffusion des mises a jour partenaires;diffusion-quotidienne.sh;Job;No;1;No;CTMSRV;SRNSRN_J11TRT_04_Q;dalkia-adm;ldksrnp01;A_L_SRN01;3onp7
