0001;3;GX1709971Z;202608;E22;0001M2608TJ50;411100;0298811Y;20260806;0001M2608TJ50;EUR;D;115486;+;;ICF SUD EST MEDITERRANEE ;CYC;;0000000;20260806;;GX1709971Z;FAC;;20260905;;;;;Selon devis accepte le;CYAR20260807;;Facture;;B00000008J;
0001;3;GX1709971Z;202608;E22;0001M2608TJ50;704501;0298811Y;20260806;0001M2608TJ50;EUR;C;96238;+;445715;ICF SUD EST MEDITERRANEE ;CYC;;0000000;20260806;COL_2000ENC;;FAC;;20260905;;GX1709971Z;932;1;Selon devis accepte le;CYAR20260807;;Facture;;B00000008J;
0001;3;GX1709971Z;202608;E22;0001M2608TJ50;445715;0298811Y;20260806;0001M2608TJ50;EUR;C;19248;+;704501;ICF SUD EST MEDITERRANEE ;CYC;;0000000;20260806;COL_2000ENC;;FAC;;20260905;;GX1709971Z;;1;Selon devis accepte le;CYAR20260807;;Facture;;B00000008J;
0001;3;GX1730143X;202608;E22;0001M2608TJ51;411100;0117200K;20260806;0001M2608TJ51;EUR;D;2961964;+;;RESIDENCE MASSOT JULES;CYC;;0000000;20260806;;GX1730143X;ACT;;20260806;;;;;INT7163228;CYAR20260807;;Acompte;;B00000008J;
0001;3;GX1730143X;202608;E22;0001M2608TJ51;704501;0117200K;20260806;0001M2608TJ51;EUR;C;792857;+;445715;RESIDENCE MASSOT JULES;CYC;;0000000;20260806;COL_1000ENC;;ACT;;20260806;;GX1730143X;932;1;INT7163228;CYAR20260807;;Acompte;;B00000008J;
0001;3;GX1730143X;202608;E22;0001M2608TJ51;704501;0117200K;20260806;0001M2608TJ51;EUR;C;1980873;+;445715;RESIDENCE MASSOT JULES;CYC;;0000000;20260806;COL_0550ENC;;ACT;;20260806;;GX1730143X;932;1;INT7163228;CYAR20260807;;Acompte;;B00000008J;
0001;3;GX1730143X;202608;E22;0001M2608TJ51;445715;0117200K;20260806;0001M2608TJ51;EUR;C;108948;+;704501;RESIDENCE MASSOT JULES;CYC;;0000000;20260806;COL_0550ENC;;ACT;;20260806;;;;1;INT7163228;CYAR20260807;;Acompte;;B00000008J;
0001;3;GX1730143X;202608;E22;0001M2608TJ51;445715;0117200K;20260806;0001M2608TJ51;EUR;C;79286;+;704501;RESIDENCE MASSOT JULES;CYC;;0000000;20260806;COL_1000ENC;;ACT;;20260806;;;;1;INT7163228;CYAR20260807;;Acompte;;B00000008J;
0119;3;GX1683600G;202608;E23;0119O2608TY77;411150;0305698J;20260806;0119O2608TY77;EUR;D;798506;+;;ELECTRICITE DE FRANCE;CYC;;0000000;20260806;;GX1683600G;FAC;;20260905;;;;;8676 4220266614;CYAR20260807;;Facture;;B00000001B;
0119;3;GX1683600G;202608;E23;0119O2608TY77;704501;0305698J;20260806;0119O2608TY77;EUR;C;665422;+;445715;ELECTRICITE DE FRANCE;CYC;;0000000;20260806;COL_2000ENC;;FAC;;20260905;;GX1683600G;932;1;8676 4220266614;CYAR20260807;;Facture;;B00000001B;
0119;3;GX1683600G;202608;E23;0119O2608TY77;445715;0305698J;20260806;0119O2608TY77;EUR;C;133084;+;704501;ELECTRICITE DE FRANCE;CYC;;0000000;20260806;COL_2000ENC;;FAC;;20260905;;;;1;8676 4220266614;CYAR20260807;;Facture;;B00000001B;
0001;3;GX1755434L;202608;E22;0001C2608TJ56;411100;0605672L;20260806;0001C2608TJ56;EUR;D;6426;+;;MME Loana TOLOACA;CYC;;0000000;20260806;;GX1755434L;ACT;;20260806;;;;;;CYAR20260807;;Acompte;;B00000004E;
0001;3;GX1755434L;202608;E22;0001C2608TJ56;704501;0605672L;20260806;0001C2608TJ56;EUR;C;5842;+;445715;MME Loana TOLOACA;CYC;;0000000;20260806;COL_1000ENC;;ACT;;20260806;;GX1755434L;932;1;;CYAR20260807;;Acompte;;B00000004E;
0001;3;GX1755434L;202608;E22;0001C2608TJ56;445715;0605672L;20260806;0001C2608TJ56;EUR;C;584;+;704501;MME Loana TOLOACA;CYC;;0000000;20260806;COL_1000ENC;;ACT;;20260806;;;;1;;CYAR20260807;;Acompte;;B00000004E;
0001;3;GX1747186N;202608;E22;0001S2608TJ61;411100;0118167H;20260806;0001S2608TJ61;EUR;D;97667;+;;ORIL INDUSTRIE;CYC;;0000000;20260806;;GX1747186N;FAC;;20260930;;;;;PO26022215;CYAR20260807;;Facture;;B00000003D;
0001;3;GX1747186N;202608;E22;0001S2608TJ61;704501;0118167H;20260806;0001S2608TJ61;EUR;C;81389;+;445715;ORIL INDUSTRIE;CYC;;0000000;20260806;COL_2000ENC;;FAC;;20260930;;GX1747186N;932;1;PO26022215;CYAR20260807;;Facture;;B00000003D;
0001;3;GX1747186N;202608;E22;0001S2608TJ61;445715;0118167H;20260806;0001S2608TJ61;EUR;C;16278;+;704501;ORIL INDUSTRIE;CYC;;0000000;20260806;COL_2000ENC;;FAC;;20260930;;;;1;PO26022215;CYAR20260807;;Facture;;B00000003D;
0441;3;GX1761888W;202608;E22;0441M2608TDSV;411100;0582047B;20260806;0441M2608TDSV;EUR;D;19267;+;;M . ANDRADE DOS SANTOS CL;CYC;;0000000;20260806;;GX1761888W;ACT;;20260806;;;;;;CYAR20260807;;Acompte;;B00000008J;
0441;3;GX1761888W;202608;E22;0441M2608TDSV;704501;0582047B;20260806;0441M2608TDSV;EUR;C;17515;+;445715;M . ANDRADE DOS SANTOS CL;CYC;;0000000;20260806;COL_1000ENC;;ACT;;20260806;;GX1761888W;932;1;;CYAR20260807;;Acompte;;B00000008J;
0441;3;GX1761888W;202608;E22;0441M2608TDSV;445715;0582047B;20260806;0441M2608TDSV;EUR;C;1752;+;704501;M . ANDRADE DOS SANTOS CL;CYC;;0000000;20260806;COL_1000ENC;;ACT;;20260806;;;;1;;CYAR20260807;;Acompte;;B00000008J;
0001;3;GX1762502T;202608;E22;0001C2608TJ64;411100;0004897T;20260806;0001C2608TJ64;EUR;D;53130;+;;VIVEST SOCIETE ANONYME D ;CYC;;0000000;20260806;;GX1762502T;ACT;;20260806;;;;;1 2026 24448;CYAR20260807;;Acompte;;B00000004E;
0001;3;GX1762502T;202608;E22;0001C2608TJ64;704501;0004897T;20260806;0001C2608TJ64;EUR;C;48300;+;445715;VIVEST SOCIETE ANONYME D ;CYC;;0000000;20260806;COL_1000ENC;;ACT;;20260806;;GX1762502T;932;1;1 2026 24448;CYAR20260807;;Acompte;;B00000004E;
0001;3;GX1762502T;202608;E22;0001C2608TJ64;445715;0004897T;20260806;0001C2608TJ64;EUR;C;4830;+;704501;VIVEST SOCIETE ANONYME D ;CYC;;0000000;20260806;COL_1000ENC;;ACT;;20260806;;;;1;1 2026 24448;CYAR20260807;;Acompte;;B00000004E;
0348;3;GX1431297Z;202608;E22;0348C2608T639;411100;0438488G;20260806;0348C2608T639;EUR;D;174600;+;;COMMUNE DE LAXOU;CYC;;0000000;20260806;;GX1431297Z;SIT;;20260905;;;;;72 721;CYAR20260807;;Facture;;B00000004E;
0348;3;GX1431297Z;202608;E22;0348C2608T639;704501;0438488G;20260806;0348C2608T639;EUR;C;145500;+;445715;COMMUNE DE LAXOU;CYC;;0000000;20260806;COL_2000ENC;;SIT;;20260905;;GX1431297Z;932;1;72 721;CYAR20260807;;Facture;;B00000004E;
0348;3;GX1431297Z;202608;E22;0348C2608T639;445715;0438488G;20260806;0348C2608T639;EUR;C;29100;+;704501;COMMUNE DE LAXOU;CYC;;0000000;20260806;COL_2000ENC;;SIT;;20260905;;;;1;72 721;CYAR20260807;;Facture;;B00000004E;
0001;3;GX1421291D;202608;E22;0001E2608TJ65;411100;0483853S;20260806;0001E2608TJ65;EUR;D;146597;+;;UNIVERSITE COTE D AZUR;CYC;;0000000;20260806;;GX1421291D;FAC;;20260905;;;;;4500348702;CYAR20260807;;Facture;;B00000007H;
0001;3;GX1421291D;202608;E22;0001E2608TJ65;704501;0483853S;20260806;0001E2608TJ65;EUR;C;122164;+;445715;UNIVERSITE COTE D AZUR;CYC;;0000000;20260806;COL_2000ENC;;FAC;;20260905;;GX1421291D;932;1;4500348702;CYAR20260807;;Facture;;B00000007H;
0001;3;GX1421291D;202608;E22;0001E2608TJ65;445715;0483853S;20260806;0001E2608TJ65;EUR;C;24433;+;704501;UNIVERSITE COTE D AZUR;CYC;;0000000;20260806;COL_2000ENC;;FAC;;20260905;;;;1;4500348702;CYAR20260807;;Facture;;B00000007H;
0119;3;GX1740564N;202608;E23;0119O2608TY78;411150;0305698J;20260806;0119O2608TY78;EUR;D;216600;+;;ELECTRICITE DE FRANCE;CYC;;0000000;20260806;;GX1740564N;FAC;;20260905;;;;;8676 4220275352;CYAR20260807;;Facture;;B00000001B;
0119;3;GX1740564N;202608;E23;0119O2608TY78;704501;0305698J;20260806;0119O2608TY78;EUR;C;180500;+;445715;ELECTRICITE DE FRANCE;CYC;;0000000;20260806;COL_2000ENC;;FAC;;20260905;;GX1740564N;932;1;8676 4220275352;CYAR20260807;;Facture;;B00000001B;
0119;3;GX1740564N;202608;E23;0119O2608TY78;445715;0305698J;20260806;0119O2608TY78;EUR;C;36100;+;704501;ELECTRICITE DE FRANCE;CYC;;0000000;20260806;COL_2000ENC;;FAC;;20260905;;;;1;8676 4220275352;CYAR20260807;;Facture;;B00000001B;
0001;3;GX1762865F;202608;E22;0001R2608TJ71;411100;0605976L;20260806;0001R2608TJ71;EUR;D;31680;+;;MME Nawal ROBINET;CYC;;0000000;20260806;;GX1762865F;ACT;;20260806;;;;;;CYAR20260807;;Acompte;;B00000002C;
0001;3;GX1762865F;202608;E22;0001R2608TJ71;704501;0605976L;20260806;0001R2608TJ71;EUR;C;28800;+;445715;MME Nawal ROBINET;CYC;;0000000;20260806;COL_1000ENC;;ACT;;20260806;;GX1762865F;932;1;;CYAR20260807;;Acompte;;B00000002C;
0001;3;GX1762865F;202608;E22;0001R2608TJ71;445715;0605976L;20260806;0001R2608TJ71;EUR;C;2880;+;704501;MME Nawal ROBINET;CYC;;0000000;20260806;COL_1000ENC;;ACT;;20260806;;;;1;;CYAR20260807;;Acompte;;B00000002C;
0348;3;GX1688277X;202608;E23;0348C2608T640;411150;0433418J;20260806;0348C2608T640;EUR;D;1924346;+;;DALKIA;CYC;;0000000;20260806;;GX1688277X;SIT;;20260806;;;;; Maintenance IRVE et PV 2026;CYAR20260807;;Facture;EFT;B00000004E;
0348;3;GX1688277X;202608;E23;0348C2608T640;704501;0433418J;20260806;0348C2608T640;EUR;C;2405432;+;445715;DALKIA;CYC;;0000000;20260806;COL_2000ENC;;SIT;;20260806;;GX1688277X;932;1; Maintenance IRVE et PV 2026;CYAR20260807;;Facture;EFT;B00000004E;
0348;3;GX1688277X;202608;E23;0348C2608T640;704501;0433418J;20260806;0348C2608T640;EUR;C;801810;-;445715;DALKIA;CYC;;0000000;20260806;COL_2000ENC;;SIT;;20260806;;GX1688277X;932;1; Maintenance IRVE et PV 2026;CYAR20260807;;Facture;EFT;B00000004E;
0348;3;GX1688277X;202608;E23;0348C2608T640;445715;0433418J;20260806;0348C2608T640;EUR;C;160362;-;704501;DALKIA;CYC;;0000000;20260806;COL_2000ENC;;SIT;;20260806;;;;1; Maintenance IRVE et PV 2026;CYAR20260807;;Facture;EFT;B00000004E;
0348;3;GX1688277X;202608;E23;0348C2608T640;445715;0433418J;20260806;0348C2608T640;EUR;C;481086;+;704501;DALKIA;CYC;;0000000;20260806;COL_2000ENC;;SIT;;20260806;;;;1; Maintenance IRVE et PV 2026;CYAR20260807;;Facture;EFT;B00000004E;
0441;3;GX1745289H;202608;E22;0441M2608TDSY;411100;0605998P;20260806;0441M2608TDSY;EUR;D;40878;+;;MME Marie Paule CHAPERON;CYC;;0000000;20260806;;GX1745289H;FAC;;20260905;;;;;;CYAR20260807;;Facture;;B00000008J;
0441;3;GX1745289H;202608;E22;0441M2608TDSY;704501;0605998P;20260806;0441M2608TDSY;EUR;C;20500;+;445715;MME Marie Paule CHAPERON;CYC;;0000000;20260806;COL_0550ENC;;FAC;;20260905;;GX1745289H;932;1;;CYAR20260807;;Facture;;B00000008J;
0441;3;GX1745289H;202608;E22;0441M2608TDSY;704501;0605998P;20260806;0441M2608TDSY;EUR;C;17500;+;445715;MME Marie Paule CHAPERON;CYC;;0000000;20260806;COL_1000ENC;;FAC;;20260905;;GX1745289H;932;1;;CYAR20260807;;Facture;;B00000008J;
0441;3;GX1745289H;202608;E22;0441M2608TDSY;445715;0605998P;20260806;0441M2608TDSY;EUR;C;1128;+;704501;MME Marie Paule CHAPERON;CYC;;0000000;20260806;COL_0550ENC;;FAC;;20260905;;;;1;;CYAR20260807;;Facture;;B00000008J;
0441;3;GX1745289H;202608;E22;0441M2608TDSY;445715;0605998P;20260806;0441M2608TDSY;EUR;C;1750;+;704501;MME Marie Paule CHAPERON;CYC;;0000000;20260806;COL_1000ENC;;FAC;;20260905;;;;1;;CYAR20260807;;Facture;;B00000008J;
0441;3;GX1762961P;202608;E22;0441M2608TDTA;411100;0590867F;20260806;0441M2608TDTA;EUR;D;6875;+;;M . STRANO;CYC;;0000000;20260806;;GX1762961P;ACT;;20260806;;;;;;CYAR20260807;;Acompte;;B00000008J;
0441;3;GX1762961P;202608;E22;0441M2608TDTA;704501;0590867F;20260806;0441M2608TDTA;EUR;C;6250;+;445715;M . STRANO;CYC;;0000000;20260806;COL_1000ENC;;ACT;;20260806;;GX1762961P;932;1;;CYAR20260807;;Acompte;;B00000008J;
0441;3;GX1762961P;202608;E22;0441M2608TDTA;445715;0590867F;20260806;0441M2608TDTA;EUR;C;625;+;704501;M . STRANO;CYC;;0000000;20260806;COL_1000ENC;;ACT;;20260806;;;;1;;CYAR20260807;;Acompte;;B00000008J;
0001;3;GX1714314J;202608;E22;0001R2608TJ79;411100;0328523S;20260806;0001R2608TJ79;EUR;D;87090;+;;SAFRAN;CYC;;0000000;20260806;;GX1714314J;FAC;;20260930;;;;;9080024845;CYAR20260807;;Facture;;B00000002C;
0001;3;GX1714314J;202608;E22;0001R2608TJ79;704501;0328523S;20260806;0001R2608TJ79;EUR;C;72575;+;445715;SAFRAN;CYC;;0000000;20260806;COL_2000ENC;;FAC;;20260930;;GX1714314J;932;1;9080024845;CYAR20260807;;Facture;;B00000002C;
0001;3;GX1714314J;202608;E22;0001R2608TJ79;445715;0328523S;20260806;0001R2608TJ79;EUR;C;14515;+;704501;SAFRAN;CYC;;0000000;20260806;COL_2000ENC;;FAC;;20260930;;;;1;9080024845;CYAR20260807;;Facture;;B00000002C;
0001;3;GX1731328T;202608;E22;0001R2608TJ80;411100;0328523S;20260806;0001R2608TJ80;EUR;D;135751;+;;SAFRAN;CYC;;0000000;20260806;;GX1731328T;FAC;;20260930;;;;;9080024845;CYAR20260807;;Facture;;B00000002C;
0001;3;GX1731328T;202608;E22;0001R2608TJ80;704501;0328523S;20260806;0001R2608TJ80;EUR;C;113126;+;445715;SAFRAN;CYC;;0000000;20260806;COL_2000ENC;;FAC;;20260930;;GX1731328T;932;1;9080024845;CYAR20260807;;Facture;;B00000002C;
0001;3;GX1731328T;202608;E22;0001R2608TJ80;445715;0328523S;20260806;0001R2608TJ80;EUR;C;22625;+;704501;SAFRAN;CYC;;0000000;20260806;COL_2000ENC;;FAC;;20260930;;;;1;9080024845;CYAR20260807;;Facture;;B00000002C;
0001;3;GX1762898T;202608;E22;0001R2608TJ84;411100;0431097G;20260806;0001R2608TJ84;EUR;D;293733;+;;RLF;CYC;;0000000;20260806;;GX1762898T;FAC;;20260905;;;;;RLF 26009686;CYAR20260807;;Facture;;B00000002C;
0001;3;GX1762898T;202608;E22;0001R2608TJ84;704501;0431097G;20260806;0001R2608TJ84;EUR;C;267030;+;445715;RLF;CYC;;0000000;20260806;COL_1000ENC;;FAC;;20260905;;GX1762898T;932;1;RLF 26009686;CYAR20260807;;Facture;;B00000002C;
0001;3;GX1762898T;202608;E22;0001R2608TJ84;445715;0431097G;20260806;0001R2608TJ84;EUR;C;26703;+;704501;RLF;CYC;;0000000;20260806;COL_1000ENC;;FAC;;20260905;;;;1;RLF 26009686;CYAR20260807;;Facture;;B00000002C;
0001;3;GX1688114L;202608;E22;0001E2608TJ49;411100;0557604L;20260806;0001E2608TJ49;EUR;D;119962;+;;PEI 4;CYC;;0000000;20260806;;GX1688114L;FAC;;20260905;;;;;G 008 C 4651 1;CYAR20260807;;Facture;;B00000007H;
0001;3;GX1688114L;202608;E22;0001E2608TJ49;704501;0557604L;20260806;0001E2608TJ49;EUR;C;99968;+;445715;PEI 4;CYC;;0000000;20260806;COL_2000ENC;;FAC;;20260905;;GX1688114L;932;1;G 008 C 4651 1;CYAR20260807;;Facture;;B00000007H;
0001;3;GX1688114L;202608;E22;0001E2608TJ49;445715;0557604L;20260806;0001E2608TJ49;EUR;C;19994;+;704501;PEI 4;CYC;;0000000;20260806;COL_2000ENC;;FAC;;20260905;;;;1;G 008 C 4651 1;CYAR20260807;;Facture;;B00000007H;
0001;3;GX1691570N;202608;E22;0001E2608TJ54;411100;0568496Q;20260806;0001E2608TJ54;EUR;D;2088029;+;;CTIM AMARYLLIS;CYC;;0000000;20260806;;GX1691570N;SIT;;20260905;;;;;TRV030023726031001;CYAR20260807;;Facture;;B00000007H;
0001;3;GX1691570N;202608;E22;0001E2608TJ54;704501;0568496Q;20260806;0001E2608TJ54;EUR;C;1064823;-;445715;CTIM AMARYLLIS;CYC;;0000000;20260806;COL_1000ENC;;SIT;;20260905;;GX1691570N;932;1;TRV030023726031001;CYAR20260807;;Facture;;B00000007H;
0001;3;GX1691570N;202608;E22;0001E2608TJ54;704501;0568496Q;20260806;0001E2608TJ54;EUR;C;2963031;+;445715;CTIM AMARYLLIS;CYC;;0000000;20260806;COL_1000ENC;;SIT;;20260905;;GX1691570N;932;1;TRV030023726031001;CYAR20260807;;Facture;;B00000007H;
0001;3;GX1691570N;202608;E22;0001E2608TJ54;445715;0568496Q;20260806;0001E2608TJ54;EUR;C;106482;-;704501;CTIM AMARYLLIS;CYC;;0000000;20260806;COL_1000ENC;;SIT;;20260905;;;;1;TRV030023726031001;CYAR20260807;;Facture;;B00000007H;
0001;3;GX1691570N;202608;E22;0001E2608TJ54;445715;0568496Q;20260806;0001E2608TJ54;EUR;C;296303;+;704501;CTIM AMARYLLIS;CYC;;0000000;20260806;COL_1000ENC;;SIT;;20260905;;;;1;TRV030023726031001;CYAR20260807;;Facture;;B00000007H;
0348;3;GX1721986C;202608;E22;0348C2608T638;411100;0420251J;20260806;0348C2608T638;EUR;D;188916;+;;COMMUNE DE ILLKIRCH GRAFF;CYC;;0000000;20260806;;GX1721986C;FAC;;20260905;;;;;SI260075;CYAR20260807;;Facture;;B00000004E;
0348;3;GX1721986C;202608;E22;0348C2608T638;704501;0420251J;20260806;0348C2608T638;EUR;C;157430;+;445715;COMMUNE DE ILLKIRCH GRAFF;CYC;;0000000;20260806;COL_2000ENC;;FAC;;20260905;;GX1721986C;932;1;SI260075;CYAR20260807;;Facture;;B00000004E;
0348;3;GX1721986C;202608;E22;0348C2608T638;445715;0420251J;20260806;0348C2608T638;EUR;C;31486;+;704501;COMMUNE DE ILLKIRCH GRAFF;CYC;;0000000;20260806;COL_2000ENC;;FAC;;20260905;;;;1;SI260075;CYAR20260807;;Facture;;B00000004E;
0441;3;GX1756689M;202608;E22;0441M2608TDSU;411100;0516291E;20260806;0441M2608TDSU;EUR;D;8832;+;;AEDES GRAND GENEVE;CYC;;0000000;20260806;;GX1756689M;ACT;;20260806;;;;;;CYAR20260807;;Acompte;;B00000008J;
0441;3;GX1756689M;202608;E22;0441M2608TDSU;704501;0516291E;20260806;0441M2608TDSU;EUR;C;8029;+;445715;AEDES GRAND GENEVE;CYC;;0000000;20260806;COL_1000ENC;;ACT;;20260806;;GX1756689M;932;1;;CYAR20260807;;Acompte;;B00000008J;
0441;3;GX1756689M;202608;E22;0441M2608TDSU;445715;0516291E;20260806;0441M2608TDSU;EUR;C;803;+;704501;AEDES GRAND GENEVE;CYC;;0000000;20260806;COL_1000ENC;;ACT;;20260806;;;;1;;CYAR20260807;;Acompte;;B00000008J;
0001;3;GX1744278J;202608;E22;0001C2608TJ60;411100;0605249F;20260806;0001C2608TJ60;EUR;D;11520;+;;MME Juliette LIN;CYC;;0000000;20260806;;GX1744278J;FAC;;20260905;;;;;;CYAR20260807;;Facture;;B00000004E;
0001;3;GX1744278J;202608;E22;0001C2608TJ60;704501;0605249F;20260806;0001C2608TJ60;EUR;C;9600;+;445715;MME Juliette LIN;CYC;;0000000;20260806;COL_2000ENC;;FAC;;20260905;;GX1744278J;932;1;;CYAR20260807;;Facture;;B00000004E;
0001;3;GX1744278J;202608;E22;0001C2608TJ60;445715;0605249F;20260806;0001C2608TJ60;EUR;C;1920;+;704501;MME Juliette LIN;CYC;;0000000;20260806;COL_2000ENC;;FAC;;20260905;;;;1;;CYAR20260807;;Facture;;B00000004E;
0001;3;GX1760870N;202608;E22;0001S2608TJ62;411100;0558349P;20260806;0001S2608TJ62;EUR;D;114048;+;;GRDF;CYC;;0000000;20260806;;GX1760870N;FAC;;20260905;;;;;PCE GI117397;CYAR20260807;;Facture;;B00000003D;
0001;3;GX1760870N;202608;E22;0001S2608TJ62;704501;0558349P;20260806;0001S2608TJ62;EUR;C;95040;+;445715;GRDF;CYC;;0000000;20260806;COL_2000ENC;;FAC;;20260905;;GX1760870N;932;1;PCE GI117397;CYAR20260807;;Facture;;B00000003D;
0001;3;GX1760870N;202608;E22;0001S2608TJ62;445715;0558349P;20260806;0001S2608TJ62;EUR;C;19008;+;704501;GRDF;CYC;;0000000;20260806;COL_2000ENC;;FAC;;20260905;;;;1;PCE GI117397;CYAR20260807;;Facture;;B00000003D;
0441;3;GX1762270E;202608;E22;0441M2608TDSW;411100;0582568J;20260806;0441M2608TDSW;EUR;D;6784;+;;M . RABIER;CYC;;0000000;20260806;;GX1762270E;ACT;;20260806;;;;;;CYAR20260807;;Acompte;;B00000008J;
0441;3;GX1762270E;202608;E22;0441M2608TDSW;704501;0582568J;20260806;0441M2608TDSW;EUR;C;6167;+;445715;M . RABIER;CYC;;0000000;20260806;COL_1000ENC;;ACT;;20260806;;GX1762270E;932;1;;CYAR20260807;;Acompte;;B00000008J;
0441;3;GX1762270E;202608;E22;0441M2608TDSW;445715;0582568J;20260806;0441M2608TDSW;EUR;C;617;+;704501;M . RABIER;CYC;;0000000;20260806;COL_1000ENC;;ACT;;20260806;;;;1;;CYAR20260807;;Acompte;;B00000008J;
0441;3;GX1747902C;202608;E22;0441M2608TDSX;411100;0605999R;20260806;0441M2608TDSX;EUR;D;97588;+;;SCI ARJ CALOU;CYC;;0000000;20260806;;GX1747902C;FAC;;20260905;;;;;;CYAR20260807;;Facture;;B00000008J;
0441;3;GX1747902C;202608;E22;0441M2608TDSX;704501;0605999R;20260806;0441M2608TDSX;EUR;C;92500;+;445715;SCI ARJ CALOU;CYC;;0000000;20260806;COL_0550ENC;;FAC;;20260905;;GX1747902C;932;1;;CYAR20260807;;Facture;;B00000008J;
0441;3;GX1747902C;202608;E22;0441M2608TDSX;445715;0605999R;20260806;0441M2608TDSX;EUR;C;5088;+;704501;SCI ARJ CALOU;CYC;;0000000;20260806;COL_0550ENC;;FAC;;20260905;;;;1;;CYAR20260807;;Facture;;B00000008J;
0001;3;GX1725612Y;202608;E22;0001L2608TJ66;411100;0021102R;20260806;0001L2608TJ66;EUR;D;1217172;+;;NANTES METROPOLE HABITAT ;CYC;;0000000;20260806;;GX1725612Y;SIT;;20260905;;;;;2026 22300;CYAR20260807;;Facture;;B00000006G;
0001;3;GX1725612Y;202608;E22;0001L2608TJ66;704501;0021102R;20260806;0001L2608TJ66;EUR;C;829887;-;445715;NANTES METROPOLE HABITAT ;CYC;;0000000;20260806;COL_1000ENC;;SIT;;20260905;;GX1725612Y;932;1;2026 22300;CYAR20260807;;Facture;;B00000006G;
0001;3;GX1725612Y;202608;E22;0001L2608TJ66;704501;0021102R;20260806;0001L2608TJ66;EUR;C;1936407;+;445715;NANTES METROPOLE HABITAT ;CYC;;0000000;20260806;COL_1000ENC;;SIT;;20260905;;GX1725612Y;932;1;2026 22300;CYAR20260807;;Facture;;B00000006G;
0001;3;GX1725612Y;202608;E22;0001L2608TJ66;445715;0021102R;20260806;0001L2608TJ66;EUR;C;82989;-;704501;NANTES METROPOLE HABITAT ;CYC;;0000000;20260806;COL_1000ENC;;SIT;;20260905;;;;1;2026 22300;CYAR20260807;;Facture;;B00000006G;
0001;3;GX1725612Y;202608;E22;0001L2608TJ66;445715;0021102R;20260806;0001L2608TJ66;EUR;C;193641;+;704501;NANTES METROPOLE HABITAT ;CYC;;0000000;20260806;COL_1000ENC;;SIT;;20260905;;;;1;2026 22300;CYAR20260807;;Facture;;B00000006G;
0001;3;GX1759050W;202608;E22;0001R2608TJ74;411100;0475462G;20260806;0001R2608TJ74;EUR;D;297704;+;;SAFRAN HELICOPTER ENGINES;CYC;;0000000;20260806;;GX1759050W;FAC;;20260930;;;;;9060136904;CYAR20260807;;Facture;;B00000002C;
0001;3;GX1759050W;202608;E22;0001R2608TJ74;704501;0475462G;20260806;0001R2608TJ74;EUR;C;248087;+;445715;SAFRAN HELICOPTER ENGINES;CYC;;0000000;20260806;COL_2000ENC;;FAC;;20260930;;GX1759050W;932;1;9060136904;CYAR20260807;;Facture;;B00000002C;
0001;3;GX1759050W;202608;E22;0001R2608TJ74;445715;0475462G;20260806;0001R2608TJ74;EUR;C;49617;+;704501;SAFRAN HELICOPTER ENGINES;CYC;;0000000;20260806;COL_2000ENC;;FAC;;20260930;;;;1;9060136904;CYAR20260807;;Facture;;B00000002C;
0441;3;GX1762980L;202608;E22;0441M2608TDTB;411100;0605982T;20260806;0441M2608TDTB;EUR;D;12379;+;;M Georges SERRAND;CYC;;0000000;20260806;;GX1762980L;ACT;;20260806;;;;;;CYAR20260807;;Acompte;;B00000008J;
0441;3;GX1762980L;202608;E22;0441M2608TDTB;704501;0605982T;20260806;0441M2608TDTB;EUR;C;11254;+;445715;M Georges SERRAND;CYC;;0000000;20260806;COL_1000ENC;;ACT;;20260806;;GX1762980L;932;1;;CYAR20260807;;Acompte;;B00000008J;
0441;3;GX1762980L;202608;E22;0441M2608TDTB;445715;0605982T;20260806;0441M2608TDTB;EUR;C;1125;+;704501;M Georges SERRAND;CYC;;0000000;20260806;COL_1000ENC;;ACT;;20260806;;;;1;;CYAR20260807;;Acompte;;B00000008J;
0001;3;GX1755519H;202608;E23;0001N2608TJ81;411150;0325339C;20260806;0001N2608TJ81;EUR;D;270400;+;;ENEDIS;CYC;;0000000;20260806;;GX1755519H;FAC;;20260905;;;;;0326 4330708478  2 253 33 HT ;CYAR20260807;;Facture;;B00000005F;
0001;3;GX1755519H;202608;E23;0001N2608TJ81;704501;0325339C;20260806;0001N2608TJ81;EUR;C;225333;+;445715;ENEDIS;CYC;;0000000;20260806;COL_2000ENC;;FAC;;20260905;;GX1755519H;932;1;0326 4330708478  2 253 33 HT ;CYAR20260807;;Facture;;B00000005F;
0001;3;GX1755519H;202608;E23;0001N2608TJ81;445715;0325339C;20260806;0001N2608TJ81;EUR;C;45067;+;704501;ENEDIS;CYC;;0000000;20260806;COL_2000ENC;;FAC;;20260905;;;;1;0326 4330708478  2 253 33 HT ;CYAR20260807;;Facture;;B00000005F;
0001;3;GX1736929H;202608;E22;0001R2608TJ82;411100;0328523S;20260806;0001R2608TJ82;EUR;D;155940;+;;SAFRAN;CYC;;0000000;20260806;;GX1736929H;FAC;;20260930;;;;;9080024845;CYAR20260807;;Facture;;B00000002C;
0001;3;GX1736929H;202608;E22;0001R2608TJ82;704501;0328523S;20260806;0001R2608TJ82;EUR;C;129950;+;445715;SAFRAN;CYC;;0000000;20260806;COL_2000ENC;;FAC;;20260930;;GX1736929H;932;1;9080024845;CYAR20260807;;Facture;;B00000002C;
0001;3;GX1736929H;202608;E22;0001R2608TJ82;445715;0328523S;20260806;0001R2608TJ82;EUR;C;25990;+;704501;SAFRAN;CYC;;0000000;20260806;COL_2000ENC;;FAC;;20260930;;;;1;9080024845;CYAR20260807;;Facture;;B00000002C;
0001;3;GX1733606G;202608;E22;0001M2608TJ86;411100;0605983V;20260806;0001M2608TJ86;EUR;D;33000;+;;MME MARIE LAURE PAGANELLI;CYC;;0000000;20260806;;GX1733606G;FAC;;20260905;;;;;DEVIS SIGNE C26086233 1;CYAR20260807;;Facture;;B00000008J;
0001;3;GX1733606G;202608;E22;0001M2608TJ86;704501;0605983V;20260806;0001M2608TJ86;EUR;C;30000;+;445715;MME MARIE LAURE PAGANELLI;CYC;;0000000;20260806;COL_1000ENC;;FAC;;20260905;;GX1733606G;932;1;DEVIS SIGNE C26086233 1;CYAR20260807;;Facture;;B00000008J;
0001;3;GX1733606G;202608;E22;0001M2608TJ86;445715;0605983V;20260806;0001M2608TJ86;EUR;C;3000;+;704501;MME MARIE LAURE PAGANELLI;CYC;;0000000;20260806;COL_1000ENC;;FAC;;20260905;;;;1;DEVIS SIGNE C26086233 1;CYAR20260807;;Facture;;B00000008J;
0001;3;GX1763184T;202608;E22;0001C2608TJ89;411100;0605993J;20260806;0001C2608TJ89;EUR;D;6270;+;;MME Celine CAPESTAN;CYC;;0000000;20260806;;GX1763184T;ACT;;20260806;;;;;;CYAR20260807;;Acompte;;B00000004E;
0001;3;GX1763184T;202608;E22;0001C2608TJ89;704501;0605993J;20260806;0001C2608TJ89;EUR;C;5700;+;445715;MME Celine CAPESTAN;CYC;;0000000;20260806;COL_1000ENC;;ACT;;20260806;;GX1763184T;932;1;;CYAR20260807;;Acompte;;B00000004E;
0001;3;GX1763184T;202608;E22;0001C2608TJ89;445715;0605993J;20260806;0001C2608TJ89;EUR;C;570;+;704501;MME Celine CAPESTAN;CYC;;0000000;20260806;COL_1000ENC;;ACT;;20260806;;;;1;;CYAR20260807;;Acompte;;B00000004E;
0001;3;GX1763298Y;202608;E22;0001C2608TJ90;411100;0605996M;20260806;0001C2608TJ90;EUR;D;24814;+;;M Thomas VESPIRINI;CYC;;0000000;20260806;;GX1763298Y;ACT;;20260806;;;;;;CYAR20260807;;Acompte;;B00000004E;
0001;3;GX1763298Y;202608;E22;0001C2608TJ90;704501;0605996M;20260806;0001C2608TJ90;EUR;C;23520;+;445715;M Thomas VESPIRINI;CYC;;0000000;20260806;COL_0550ENC;;ACT;;20260806;;GX1763298Y;932;1;;CYAR20260807;;Acompte;;B00000004E;
0001;3;GX1763298Y;202608;E22;0001C2608TJ90;445715;0605996M;20260806;0001C2608TJ90;EUR;C;1294;+;704501;M Thomas VESPIRINI;CYC;;0000000;20260806;COL_0550ENC;;ACT;;20260806;;;;1;;CYAR20260807;;Acompte;;B00000004E;
0001;3;GX1749838C;202608;E23;0001E2608TJ91;411150;0325339C;20260806;0001E2608TJ91;EUR;D;249948;+;;ENEDIS;CYC;;0000000;20260806;;GX1749838C;FAC;;20261005;;;;;D001 3000044572;CYAR20260807;;Facture;;B00000007H;
0001;3;GX1749838C;202608;E23;0001E2608TJ91;704501;0325339C;20260806;0001E2608TJ91;EUR;C;208290;+;445715;ENEDIS;CYC;;0000000;20260806;COL_2000ENC;;FAC;;20261005;;GX1749838C;932;1;D001 3000044572;CYAR20260807;;Facture;;B00000007H;
0001;3;GX1749838C;202608;E23;0001E2608TJ91;445715;0325339C;20260806;0001E2608TJ91;EUR;C;41658;+;704501;ENEDIS;CYC;;0000000;20260806;COL_2000ENC;;FAC;;20261005;;;;1;D001 3000044572;CYAR20260807;;Facture;;B00000007H;
0551;3;GX1728739B;202608;E23;0551R2608T895;411150;0570363C;20260806;0551R2608T895;EUR;D;2889062;+;;DALKIA;CYC;;0000000;20260806;;GX1728739B;ACT;;20260806;;;;;BC2273545;CYAR20260807;;Acompte;EFT;B00000002C;
0551;3;GX1728739B;202608;E23;0551R2608T895;704501;0570363C;20260806;0551R2608T895;EUR;C;2407552;+;445715;DALKIA;CYC;;0000000;20260806;COL_2000ENC;;ACT;;20260806;;GX1728739B;932;1;BC2273545;CYAR20260807;;Acompte;EFT;B00000002C;
0551;3;GX1728739B;202608;E23;0551R2608T895;445715;0570363C;20260806;0551R2608T895;EUR;C;481510;+;704501;DALKIA;CYC;;0000000;20260806;COL_2000ENC;;ACT;;20260806;;;;1;BC2273545;CYAR20260807;;Acompte;EFT;B00000002C;
0551;3;GX1731262T;202608;E23;0551R2608T896;411150;0590080Q;20260806;0551R2608T896;EUR;D;8398242;+;;ECO CHALEUR DU MANTOIS;CYC;;0000000;20260806;;GX1731262T;ACT;;20260806;;;;;BC2268913;CYAR20260807;;Acompte;EFT;B00000002C;
0551;3;GX1731262T;202608;E23;0551R2608T896;704501;0590080Q;20260806;0551R2608T896;EUR;C;6998535;+;445715;ECO CHALEUR DU MANTOIS;CYC;;0000000;20260806;COL_2000ENC;;ACT;;20260806;;GX1731262T;932;1;BC2268913;CYAR20260807;;Acompte;EFT;B00000002C;
0551;3;GX1731262T;202608;E23;0551R2608T896;445715;0590080Q;20260806;0551R2608T896;EUR;C;1399707;+;704501;ECO CHALEUR DU MANTOIS;CYC;;0000000;20260806;COL_2000ENC;;ACT;;20260806;;;;1;BC2268913;CYAR20260807;;Acompte;EFT;B00000002C;
0001;3;GX1615754J;202608;E22;0001L2608TJ52;411100;0584382S;20260806;0001L2608TJ52;EUR;D;526356;+;;PARC ST LAURENT;CYC;;0000000;20260806;;GX1615754J;FAC;;20260905;;;;;;CYAR20260807;;Facture;;B00000006G;
0001;3;GX1615754J;202608;E22;0001L2608TJ52;704501;0584382S;20260806;0001L2608TJ52;EUR;C;478505;+;445715;PARC ST LAURENT;CYC;;0000000;20260806;COL_1000ENC;;FAC;;20260905;;GX1615754J;932;1;;CYAR20260807;;Facture;;B00000006G;
0001;3;GX1615754J;202608;E22;0001L2608TJ52;445715;0584382S;20260806;0001L2608TJ52;EUR;C;47851;+;704501;PARC ST LAURENT;CYC;;0000000;20260806;COL_1000ENC;;FAC;;20260905;;;;1;;CYAR20260807;;Facture;;B00000006G;
0001;3;GX1755806J;202608;E22;0001E2608TJ57;411100;0039682N;20260806;0001E2608TJ57;EUR;D;1489642;+;;SYND COPRO UNITE HAB CORB;CYC;;0000000;20260806;;GX1755806J;ACT;;20260806;;;;;BC265062;CYAR20260807;;Acompte;;B00000007H;
0001;3;GX1755806J;202608;E22;0001E2608TJ57;704501;0039682N;20260806;0001E2608TJ57;EUR;C;1411983;+;445715;SYND COPRO UNITE HAB CORB;CYC;;0000000;20260806;COL_0550ENC;;ACT;;20260806;;GX1755806J;932;1;BC265062;CYAR20260807;;Acompte;;B00000007H;
0001;3;GX1755806J;202608;E22;0001E2608TJ57;445715;0039682N;20260806;0001E2608TJ57;EUR;C;77659;+;704501;SYND COPRO UNITE HAB CORB;CYC;;0000000;20260806;COL_0550ENC;;ACT;;20260806;;;;1;BC265062;CYAR20260807;;Acompte;;B00000007H;
0001;3;GX1738639B;202608;E22;0001E2608TJ63;411100;0567562N;20260806;0001E2608TJ63;EUR;D;115162;+;;AESIO SANTE MEDITERRANEE;CYC;;0000000;20260806;;GX1738639B;FAC;;20261010;;;;;;CYAR20260807;;Facture;;B00000007H;
0001;3;GX1738639B;202608;E22;0001E2608TJ63;704501;0567562N;20260806;0001E2608TJ63;EUR;C;95968;+;445715;AESIO SANTE MEDITERRANEE;CYC;;0000000;20260806;COL_2000ENC;;FAC;;20261010;;GX1738639B;932;1;;CYAR20260807;;Facture;;B00000007H;
0001;3;GX1738639B;202608;E22;0001E2608TJ63;445715;0567562N;20260806;0001E2608TJ63;EUR;C;19194;+;704501;AESIO SANTE MEDITERRANEE;CYC;;0000000;20260806;COL_2000ENC;;FAC;;20261010;;;;1;;CYAR20260807;;Facture;;B00000007H;
0001;3;GX1734929K;202608;E22;0001E2608TJ67;411100;0535011J;20260806;0001E2608TJ67;EUR;D;362011;+;;KANAM GRUND INSTITUTIONNA;CYC;;0000000;20260806;;GX1734929K;FAC;;20260905;;;;;2026 988381;CYAR20260807;;Facture;;B00000007H;
0001;3;GX1734929K;202608;E22;0001E2608TJ67;704501;0535011J;20260806;0001E2608TJ67;EUR;C;301676;+;445715;KANAM GRUND INSTITUTIONNA;CYC;;0000000;20260806;COL_2000ENC;;FAC;;20260905;;GX1734929K;932;1;2026 988381;CYAR20260807;;Facture;;B00000007H;
0001;3;GX1734929K;202608;E22;0001E2608TJ67;445715;0535011J;20260806;0001E2608TJ67;EUR;C;60335;+;704501;KANAM GRUND INSTITUTIONNA;CYC;;0000000;20260806;COL_2000ENC;;FAC;;20260905;;;;1;2026 988381;CYAR20260807;;Facture;;B00000007H;
0001;3;GX1704977Z;202608;E22;0001R2608TJ68;411100;0486481F;20260806;0001R2608TJ68;EUR;D;353491;+;;SAFRAN ELECTRONICS   DEFE;CYC;;0000000;20260806;;GX1704977Z;FAC;;20260930;;;;;9020352341;CYAR20260807;;Facture;;B00000002C;
0001;3;GX1704977Z;202608;E22;0001R2608TJ68;704501;0486481F;20260806;0001R2608TJ68;EUR;C;294576;+;445715;SAFRAN ELECTRONICS   DEFE;CYC;;0000000;20260806;COL_2000ENC;;FAC;;20260930;;GX1704977Z;932;1;9020352341;CYAR20260807;;Facture;;B00000002C;
0001;3;GX1704977Z;202608;E22;0001R2608TJ68;445715;0486481F;20260806;0001R2608TJ68;EUR;C;58915;+;704501;SAFRAN ELECTRONICS   DEFE;CYC;;0000000;20260806;COL_2000ENC;;FAC;;20260930;;;;1;9020352341;CYAR20260807;;Facture;;B00000002C;
0001;3;GX1759042L;202608;E22;0001R2608TJ73;411100;0475462G;20260806;0001R2608TJ73;EUR;D;114000;+;;SAFRAN HELICOPTER ENGINES;CYC;;0000000;20260806;;GX1759042L;FAC;;20260930;;;;;9060137052;CYAR20260807;;Facture;;B00000002C;
0001;3;GX1759042L;202608;E22;0001R2608TJ73;704501;0475462G;20260806;0001R2608TJ73;EUR;C;95000;+;445715;SAFRAN HELICOPTER ENGINES;CYC;;0000000;20260806;COL_2000ENC;;FAC;;20260930;;GX1759042L;932;1;9060137052;CYAR20260807;;Facture;;B00000002C;
0001;3;GX1759042L;202608;E22;0001R2608TJ73;445715;0475462G;20260806;0001R2608TJ73;EUR;C;19000;+;704501;SAFRAN HELICOPTER ENGINES;CYC;;0000000;20260806;COL_2000ENC;;FAC;;20260930;;;;1;9060137052;CYAR20260807;;Facture;;B00000002C;
0001;3;GX1759035D;202608;E22;0001S2608TJ75;411100;0449456L;20260806;0001S2608TJ75;EUR;D;42919;+;;JONES LANG LASALLE SERVIC;CYC;;0000000;20260806;;GX1759035D;FAC;;20261005;;;;;6479632;CYAR20260807;;Facture;;B00000003D;
0001;3;GX1759035D;202608;E22;0001S2608TJ75;704501;0449456L;20260806;0001S2608TJ75;EUR;C;35766;+;445715;JONES LANG LASALLE SERVIC;CYC;;0000000;20260806;COL_2000ENC;;FAC;;20261005;;GX1759035D;932;1;6479632;CYAR20260807;;Facture;;B00000003D;
0001;3;GX1759035D;202608;E22;0001S2608TJ75;445715;0449456L;20260806;0001S2608TJ75;EUR;C;7153;+;704501;JONES LANG LASALLE SERVIC;CYC;;0000000;20260806;COL_2000ENC;;FAC;;20261005;;;;1;6479632;CYAR20260807;;Facture;;B00000003D;
0441;3;GX1762957K;202608;E22;0441M2608TDSZ;411100;0605981S;20260806;0441M2608TDSZ;EUR;D;17116;+;;M Irene BROWN;CYC;;0000000;20260806;;GX1762957K;ACT;;20260806;;;;;;CYAR20260807;;Acompte;;B00000008J;
0441;3;GX1762957K;202608;E22;0441M2608TDSZ;704501;0605981S;20260806;0441M2608TDSZ;EUR;C;15560;+;445715;M Irene BROWN;CYC;;0000000;20260806;COL_1000ENC;;ACT;;20260806;;GX1762957K;932;1;;CYAR20260807;;Acompte;;B00000008J;
0441;3;GX1762957K;202608;E22;0441M2608TDSZ;445715;0605981S;20260806;0441M2608TDSZ;EUR;C;1556;+;704501;M Irene BROWN;CYC;;0000000;20260806;COL_1000ENC;;ACT;;20260806;;;;1;;CYAR20260807;;Acompte;;B00000008J;
0001;3;GX1736916T;202608;E22;0001R2608TJ83;411100;0328523S;20260806;0001R2608TJ83;EUR;D;95845;+;;SAFRAN;CYC;;0000000;20260806;;GX1736916T;FAC;;20260930;;;;;9080024845;CYAR20260807;;Facture;;B00000002C;
0001;3;GX1736916T;202608;E22;0001R2608TJ83;704501;0328523S;20260806;0001R2608TJ83;EUR;C;79871;+;445715;SAFRAN;CYC;;0000000;20260806;COL_2000ENC;;FAC;;20260930;;GX1736916T;932;1;9080024845;CYAR20260807;;Facture;;B00000002C;
0001;3;GX1736916T;202608;E22;0001R2608TJ83;445715;0328523S;20260806;0001R2608TJ83;EUR;C;15974;+;704501;SAFRAN;CYC;;0000000;20260806;COL_2000ENC;;FAC;;20260930;;;;1;9080024845;CYAR20260807;;Facture;;B00000002C;
0001;3;GX1738312E;202608;E22;0001R2608TJ85;411100;0328523S;20260806;0001R2608TJ85;EUR;D;692916;+;;SAFRAN;CYC;;0000000;20260806;;GX1738312E;FAC;;20260930;;;;;9080031412;CYAR20260807;;Facture;;B00000002C;
0001;3;GX1738312E;202608;E22;0001R2608TJ85;704501;0328523S;20260806;0001R2608TJ85;EUR;C;577430;+;445715;SAFRAN;CYC;;0000000;20260806;COL_2000ENC;;FAC;;20260930;;GX1738312E;932;1;9080031412;CYAR20260807;;Facture;;B00000002C;
0001;3;GX1738312E;202608;E22;0001R2608TJ85;445715;0328523S;20260806;0001R2608TJ85;EUR;C;115486;+;704501;SAFRAN;CYC;;0000000;20260806;COL_2000ENC;;FAC;;20260930;;;;1;9080031412;CYAR20260807;;Facture;;B00000002C;
0001;3;GX1747083X;202608;E22;0001R2608TJ94;411100;0571246L;20260806;0001R2608TJ94;EUR;D;927336;+;;GRIE LANDSCAPE;CYC;;0000000;20260806;;GX1747083X;FAC;;20260920;;;;;440223;CYAR20260807;;Facture;;B00000002C;
0001;3;GX1747083X;202608;E22;0001R2608TJ94;704501;0571246L;20260806;0001R2608TJ94;EUR;C;772780;+;445715;GRIE LANDSCAPE;CYC;;0000000;20260806;COL_2000ENC;;FAC;;20260920;;GX1747083X;932;1;440223;CYAR20260807;;Facture;;B00000002C;
0001;3;GX1747083X;202608;E22;0001R2608TJ94;445715;0571246L;20260806;0001R2608TJ94;EUR;C;154556;+;704501;GRIE LANDSCAPE;CYC;;0000000;20260806;COL_2000ENC;;FAC;;20260920;;;;1;440223;CYAR20260807;;Facture;;B00000002C;
0001;3;GX1758646L;202608;E22;0001R2608TJ96;411100;0509693S;20260806;0001R2608TJ96;EUR;D;167608;+;;PASCAL PROPCO;CYC;;0000000;20260806;;GX1758646L;FAC;;20260920;;;;;00202600198 820 1;CYAR20260807;;Facture;;B00000002C;
0001;3;GX1758646L;202608;E22;0001R2608TJ96;704501;0509693S;20260806;0001R2608TJ96;EUR;C;139673;+;445715;PASCAL PROPCO;CYC;;0000000;20260806;COL_2000ENC;;FAC;;20260920;;GX1758646L;932;1;00202600198 820 1;CYAR20260807;;Facture;;B00000002C;
0001;3;GX1758646L;202608;E22;0001R2608TJ96;445715;0509693S;20260806;0001R2608TJ96;EUR;C;27935;+;704501;PASCAL PROPCO;CYC;;0000000;20260806;COL_2000ENC;;FAC;;20260920;;;;1;00202600198 820 1;CYAR20260807;;Facture;;B00000002C;
0441;3;GX1743133H;202608;E22;0441M2608TDTF;411100;0232238B;20260806;0441M2608TDTF;EUR;D;111600;+;;SCE DEPARTEMENTAL INCENDI;CYC;;0000000;20260806;;GX1743133H;FAC;;20260905;;;;;P1260236;CYAR20260807;;Facture;;B00000008J;
0441;3;GX1743133H;202608;E22;0441M2608TDTF;704501;0232238B;20260806;0441M2608TDTF;EUR;C;93000;+;445715;SCE DEPARTEMENTAL INCENDI;CYC;;0000000;20260806;COL_2000ENC;;FAC;;20260905;;GX1743133H;932;1;P1260236;CYAR20260807;;Facture;;B00000008J;
0441;3;GX1743133H;202608;E22;0441M2608TDTF;445715;0232238B;20260806;0441M2608TDTF;EUR;C;18600;+;704501;SCE DEPARTEMENTAL INCENDI;CYC;;0000000;20260806;COL_2000ENC;;FAC;;20260905;;;;1;P1260236;CYAR20260807;;Facture;;B00000008J;
0001;3;GX1763361V;202608;E22;0001E2608TK00;411100;0586124M;20260806;0001E2608TK00;EUR;D;27500;+;;ERILIA;CYC;;0000000;20260806;;GX1763361V;FAC;;20261005;;;;;2026 91888;CYAR20260807;;Facture;;B00000007H;
0001;3;GX1763361V;202608;E22;0001E2608TK00;704501;0586124M;20260806;0001E2608TK00;EUR;C;25000;+;445715;ERILIA;CYC;;0000000;20260806;COL_1000ENC;;FAC;;20261005;;GX1763361V;932;1;2026 91888;CYAR20260807;;Facture;;B00000007H;
0001;3;GX1763361V;202608;E22;0001E2608TK00;445715;0586124M;20260806;0001E2608TK00;EUR;C;2500;+;704501;ERILIA;CYC;;0000000;20260806;COL_1000ENC;;FAC;;20261005;;;;1;2026 91888;CYAR20260807;;Facture;;B00000007H;
0001;3;GX1726944L;202608;E22;0001S2608TK01;411100;0118167H;20260806;0001S2608TK01;EUR;D;797443;+;;ORIL INDUSTRIE;CYC;;0000000;20260806;;GX1726944L;FAC;;20260930;;;;;PO26017336;CYAR20260807;;Facture;;B00000003D;
0001;3;GX1726944L;202608;E22;0001S2608TK01;704501;0118167H;20260806;0001S2608TK01;EUR;C;664536;+;445715;ORIL INDUSTRIE;CYC;;0000000;20260806;COL_2000ENC;;FAC;;20260930;;GX1726944L;932;1;PO26017336;CYAR20260807;;Facture;;B00000003D;
0001;3;GX1726944L;202608;E22;0001S2608TK01;445715;0118167H;20260806;0001S2608TK01;EUR;C;132907;+;704501;ORIL INDUSTRIE;CYC;;0000000;20260806;COL_2000ENC;;FAC;;20260930;;;;1;PO26017336;CYAR20260807;;Facture;;B00000003D;
0551;3;GX1743015Z;202608;E23;0551R2608T897;411150;0570363C;20260806;0551R2608T897;EUR;D;752400;+;;DALKIA;CYC;;0000000;20260806;;GX1743015Z;ACT;;20260806;;;;;BC2301225;CYAR20260807;;Acompte;EFT;B00000002C;
0551;3;GX1743015Z;202608;E23;0551R2608T897;704501;0570363C;20260806;0551R2608T897;EUR;C;627000;+;445715;DALKIA;CYC;;0000000;20260806;COL_2000ENC;;ACT;;20260806;;GX1743015Z;932;1;BC2301225;CYAR20260807;;Acompte;EFT;B00000002C;
0551;3;GX1743015Z;202608;E23;0551R2608T897;445715;0570363C;20260806;0551R2608T897;EUR;C;125400;+;704501;DALKIA;CYC;;0000000;20260806;COL_2000ENC;;ACT;;20260806;;;;1;BC2301225;CYAR20260807;;Acompte;EFT;B00000002C;
0001;3;GX1691939H;202608;E22;0001S2608TJ53;411100;0415078E;20260806;0001S2608TJ53;EUR;D;375367;+;;REVIMA;CYC;;0000000;20260806;;GX1691939H;FAC;;20260930;;;;;6567387;CYAR20260807;;Facture;;B00000003D;
0001;3;GX1691939H;202608;E22;0001S2608TJ53;704501;0415078E;20260806;0001S2608TJ53;EUR;C;312806;+;445715;REVIMA;CYC;;0000000;20260806;COL_2000ENC;;FAC;;20260930;;GX1691939H;932;1;6567387;CYAR20260807;;Facture;;B00000003D;
0001;3;GX1691939H;202608;E22;0001S2608TJ53;445715;0415078E;20260806;0001S2608TJ53;EUR;C;62561;+;704501;REVIMA;CYC;;0000000;20260806;COL_2000ENC;;FAC;;20260930;;;;1;6567387;CYAR20260807;;Facture;;B00000003D;
0001;3;GX1739422R;202608;E22;0001C2608TJ55;411100;0589297M;20260806;0001C2608TJ55;EUR;D;169162;+;;REGION GRAND EST;CYC;;0000000;20260806;;GX1739422R;FAC;;20260905;;;;;2026 040634;CYAR20260807;;Facture;;B00000004E;
0001;3;GX1739422R;202608;E22;0001C2608TJ55;704501;0589297M;20260806;0001C2608TJ55;EUR;C;140968;+;445715;REGION GRAND EST;CYC;;0000000;20260806;COL_2000ENC;;FAC;;20260905;;GX1739422R;932;1;2026 040634;CYAR20260807;;Facture;;B00000004E;
0001;3;GX1739422R;202608;E22;0001C2608TJ55;445715;0589297M;20260806;0001C2608TJ55;EUR;C;28194;+;704501;REGION GRAND EST;CYC;;0000000;20260806;COL_2000ENC;;FAC;;20260905;;;;1;2026 040634;CYAR20260807;;Facture;;B00000004E;
0001;3;GX1736643H;202608;E22;0001R2608TJ58;411100;0234916A;20260806;0001R2608TJ58;EUR;D;1126843;+;;HOPITAL DEPARTEMENTAL STE;CYC;;0000000;20260806;;GX1736643H;FAC;;20261010;;;;;302465;CYAR20260807;;Facture;;B00000002C;
0001;3;GX1736643H;202608;E22;0001R2608TJ58;704501;0234916A;20260806;0001R2608TJ58;EUR;C;939036;+;445715;HOPITAL DEPARTEMENTAL STE;CYC;;0000000;20260806;COL_2000ENC;;FAC;;20261010;;GX1736643H;932;1;302465;CYAR20260807;;Facture;;B00000002C;
0001;3;GX1736643H;202608;E22;0001R2608TJ58;445715;0234916A;20260806;0001R2608TJ58;EUR;C;187807;+;704501;HOPITAL DEPARTEMENTAL STE;CYC;;0000000;20260806;COL_2000ENC;;FAC;;20261010;;;;1;302465;CYAR20260807;;Facture;;B00000002C;
0001;3;GX1756801P;202608;E22;0001E2608TJ59;411100;0592148N;20260806;0001E2608TJ59;EUR;D;114455;+;;RESIDENCE NEMAUSA;CYC;;0000000;20260806;;GX1756801P;FAC;;20260905;;;;;;CYAR20260807;;Facture;;B00000007H;
0001;3;GX1756801P;202608;E22;0001E2608TJ59;704501;0592148N;20260806;0001E2608TJ59;EUR;C;104050;+;445715;RESIDENCE NEMAUSA;CYC;;0000000;20260806;COL_1000ENC;;FAC;;20260905;;GX1756801P;932;1;;CYAR20260807;;Facture;;B00000007H;
0001;3;GX1756801P;202608;E22;0001E2608TJ59;445715;0592148N;20260806;0001E2608TJ59;EUR;C;10405;+;704501;RESIDENCE NEMAUSA;CYC;;0000000;20260806;COL_1000ENC;;FAC;;20260905;;;;1;;CYAR20260807;;Facture;;B00000007H;
0001;3;GX1762782L;202608;E22;0001L2608TJ69;411100;0036103D;20260806;0001L2608TJ69;EUR;D;3136729;+;;MAISON DE RETRAITE SAINT ;CYC;;0000000;20260806;;GX1762782L;ACT;;20260910;;;;;;CYAR20260807;;Acompte;;B00000006G;
0001;3;GX1762782L;202608;E22;0001L2608TJ69;704501;0036103D;20260806;0001L2608TJ69;EUR;C;2851572;+;445715;MAISON DE RETRAITE SAINT ;CYC;;0000000;20260806;COL_1000ENC;;ACT;;20260910;;GX1762782L;932;1;;CYAR20260807;;Acompte;;B00000006G;
0001;3;GX1762782L;202608;E22;0001L2608TJ69;445715;0036103D;20260806;0001L2608TJ69;EUR;C;285157;+;704501;MAISON DE RETRAITE SAINT ;CYC;;0000000;20260806;COL_1000ENC;;ACT;;20260910;;;;1;;CYAR20260807;;Acompte;;B00000006G;
0001;3;GX1652151V;202608;E22;0001R2608TJ70;411100;0328523S;20260806;0001R2608TJ70;EUR;D;142692;+;;SAFRAN;CYC;;0000000;20260806;;GX1652151V;FAC;;20260930;;;;;9080026254;CYAR20260807;;Facture;;B00000002C;
0001;3;GX1652151V;202608;E22;0001R2608TJ70;704501;0328523S;20260806;0001R2608TJ70;EUR;C;118910;+;445715;SAFRAN;CYC;;0000000;20260806;COL_2000ENC;;FAC;;20260930;;GX1652151V;932;1;9080026254;CYAR20260807;;Facture;;B00000002C;
0001;3;GX1652151V;202608;E22;0001R2608TJ70;445715;0328523S;20260806;0001R2608TJ70;EUR;C;23782;+;704501;SAFRAN;CYC;;0000000;20260806;COL_2000ENC;;FAC;;20260930;;;;1;9080026254;CYAR20260807;;Facture;;B00000002C;
0001;3;GX1714302W;202608;E22;0001R2608TJ72;411100;0328523S;20260806;0001R2608TJ72;EUR;D;204907;+;;SAFRAN;CYC;;0000000;20260806;;GX1714302W;FAC;;20260930;;;;;9080024845;CYAR20260807;;Facture;;B00000002C;
0001;3;GX1714302W;202608;E22;0001R2608TJ72;704501;0328523S;20260806;0001R2608TJ72;EUR;C;170756;+;445715;SAFRAN;CYC;;0000000;20260806;COL_2000ENC;;FAC;;20260930;;GX1714302W;932;1;9080024845;CYAR20260807;;Facture;;B00000002C;
0001;3;GX1714302W;202608;E22;0001R2608TJ72;445715;0328523S;20260806;0001R2608TJ72;EUR;C;34151;+;704501;SAFRAN;CYC;;0000000;20260806;COL_2000ENC;;FAC;;20260930;;;;1;9080024845;CYAR20260807;;Facture;;B00000002C;
0001;3;GX1762936L;202608;E22;0001S2608TJ76;411100;0501731R;20260806;0001S2608TJ76;EUR;D;14973142;+;;DANONE PRODUITS FRAIS FRA;CYC;;0000000;20260806;;GX1762936L;ACT;;20260806;;;;;4111942677;CYAR20260807;;Acompte;;B00000003D;
0001;3;GX1762936L;202608;E22;0001S2608TJ76;704501;0501731R;20260806;0001S2608TJ76;EUR;C;12477618;+;445715;DANONE PRODUITS FRAIS FRA;CYC;;0000000;20260806;COL_2000ENC;;ACT;;20260806;;GX1762936L;932;1;4111942677;CYAR20260807;;Acompte;;B00000003D;
0001;3;GX1762936L;202608;E22;0001S2608TJ76;445715;0501731R;20260806;0001S2608TJ76;EUR;C;2495524;+;704501;DANONE PRODUITS FRAIS FRA;CYC;;0000000;20260806;COL_2000ENC;;ACT;;20260806;;;;1;4111942677;CYAR20260807;;Acompte;;B00000003D;
0001;3;GX1748934A;202608;E22;0001L2608TJ77;411100;0449456L;20260806;0001L2608TJ77;EUR;D;96372;+;;JONES LANG LASALLE SERVIC;CYC;;0000000;20260806;;GX1748934A;FAC;;20261005;;;;;6452117;CYAR20260807;;Facture;;B00000006G;
0001;3;GX1748934A;202608;E22;0001L2608TJ77;704501;0449456L;20260806;0001L2608TJ77;EUR;C;80310;+;445715;JONES LANG LASALLE SERVIC;CYC;;0000000;20260806;COL_2000ENC;;FAC;;20261005;;GX1748934A;932;1;6452117;CYAR20260807;;Facture;;B00000006G;
0001;3;GX1748934A;202608;E22;0001L2608TJ77;445715;0449456L;20260806;0001L2608TJ77;EUR;C;16062;+;704501;JONES LANG LASALLE SERVIC;CYC;;0000000;20260806;COL_2000ENC;;FAC;;20261005;;;;1;6452117;CYAR20260807;;Facture;;B00000006G;
0001;3;GX1714276R;202608;E22;0001R2608TJ78;411100;0328523S;20260806;0001R2608TJ78;EUR;D;249892;+;;SAFRAN;CYC;;0000000;20260806;;GX1714276R;FAC;;20260930;;;;;9080024845;CYAR20260807;;Facture;;B00000002C;
0001;3;GX1714276R;202608;E22;0001R2608TJ78;704501;0328523S;20260806;0001R2608TJ78;EUR;C;208243;+;445715;SAFRAN;CYC;;0000000;20260806;COL_2000ENC;;FAC;;20260930;;GX1714276R;932;1;9080024845;CYAR20260807;;Facture;;B00000002C;
0001;3;GX1714276R;202608;E22;0001R2608TJ78;445715;0328523S;20260806;0001R2608TJ78;EUR;C;41649;+;704501;SAFRAN;CYC;;0000000;20260806;COL_2000ENC;;FAC;;20260930;;;;1;9080024845;CYAR20260807;;Facture;;B00000002C;
0001;3;GX1637778L;202608;E22;0001M2608TJ97;411100;0525755G;20260806;0001M2608TJ97;EUR;C;17358235;+;;ONDEX;CYC;;0000000;20260806;;GX1637778L;ACT;;20260806;0001M2607TYUX;;;;MO026342;CYAR20260807;;Avoir;;B00000008J;
0001;3;GX1637778L;202608;E22;0001M2608TJ97;704501;0525755G;20260806;0001M2608TJ97;EUR;D;14465196;+;445715;ONDEX;CYC;;0000000;20260806;COL_2000ENC;;ACT;;20260806;0001M2607TYUX;GX1637778L;932;1;MO026342;CYAR20260807;;Avoir;;B00000008J;
0001;3;GX1637778L;202608;E22;0001M2608TJ97;445715;0525755G;20260806;0001M2608TJ97;EUR;D;2893039;+;704501;ONDEX;CYC;;0000000;20260806;COL_2000ENC;;ACT;;20260806;0001M2607TYUX;;;1;MO026342;CYAR20260807;;Avoir;;B00000008J;
0001;3;GX1637778L;202608;E22;0001M2608TJ98;411100;0525755G;20260806;0001M2608TJ98;EUR;D;17358235;+;;ONDEX;CYC;;0000000;20260806;;GX1637778L;ACT;;20260806;;;;;MO026342;CYAR20260807;;Acompte;;B00000008J;
0001;3;GX1637778L;202608;E22;0001M2608TJ98;704501;0525755G;20260806;0001M2608TJ98;EUR;C;14465196;+;445715;ONDEX;CYC;;0000000;20260806;COL_2000ENC;;ACT;;20260806;;GX1637778L;932;1;MO026342;CYAR20260807;;Acompte;;B00000008J;
0001;3;GX1637778L;202608;E22;0001M2608TJ98;445715;0525755G;20260806;0001M2608TJ98;EUR;C;2893039;+;704501;ONDEX;CYC;;0000000;20260806;COL_2000ENC;;ACT;;20260806;;;;1;MO026342;CYAR20260807;;Acompte;;B00000008J;
0001;3;GX1755782G;202608;E22;0001C2608TJ99;411100;0605685E;20260806;0001C2608TJ99;EUR;D;54990;+;;MME Brigitte ALEXANDRE;CYC;;0000000;20260806;;GX1755782G;DEC;;20260905;;;;;C26132092;CYAR20260807;;Facture;;B00000004E;
0001;3;GX1755782G;202608;E22;0001C2608TJ99;704501;0605685E;20260806;0001C2608TJ99;EUR;C;71415;+;445715;MME Brigitte ALEXANDRE;CYC;;0000000;20260806;COL_1000ENC;;DEC;;20260905;;GX1755782G;932;1;C26132092;CYAR20260807;;Facture;;B00000004E;
0001;3;GX1755782G;202608;E22;0001C2608TJ99;704501;0605685E;20260806;0001C2608TJ99;EUR;C;21424;-;445715;MME Brigitte ALEXANDRE;CYC;;0000000;20260806;COL_1000ENC;;DEC;;20260905;;GX1755782G;932;1;C26132092;CYAR20260807;;Facture;;B00000004E;
0001;3;GX1755782G;202608;E22;0001C2608TJ99;445715;0605685E;20260806;0001C2608TJ99;EUR;C;2142;-;704501;MME Brigitte ALEXANDRE;CYC;;0000000;20260806;COL_1000ENC;;DEC;;20260905;;;;1;C26132092;CYAR20260807;;Facture;;B00000004E;
0001;3;GX1755782G;202608;E22;0001C2608TJ99;445715;0605685E;20260806;0001C2608TJ99;EUR;C;7141;+;704501;MME Brigitte ALEXANDRE;CYC;;0000000;20260806;COL_1000ENC;;DEC;;20260905;;;;1;C26132092;CYAR20260807;;Facture;;B00000004E;
0441;3;GX1735376T;202608;E22;0441M2608TDTG;411100;0316948L;20260806;0441M2608TDTG;EUR;D;57200;+;;SDC ALTER EGO;CYC;;0000000;20260806;;GX1735376T;FAC;;20260905;;;;;;CYAR20260807;;Facture;;B00000008J;
0441;3;GX1735376T;202608;E22;0441M2608TDTG;704501;0316948L;20260806;0441M2608TDTG;EUR;C;52000;+;445715;SDC ALTER EGO;CYC;;0000000;20260806;COL_1000ENC;;FAC;;20260905;;GX1735376T;932;1;;CYAR20260807;;Facture;;B00000008J;
0441;3;GX1735376T;202608;E22;0441M2608TDTG;445715;0316948L;20260806;0441M2608TDTG;EUR;C;5200;+;704501;SDC ALTER EGO;CYC;;0000000;20260806;COL_1000ENC;;FAC;;20260905;;;;1;;CYAR20260807;;Facture;;B00000008J;
0001;3;GX1738465D;202608;E22;0001E2608TK09;411100;0421873Q;20260806;0001E2608TK09;EUR;D;412636;+;;LCL;CYC;;0000000;20260806;;GX1738465D;FAC;;20260905;;;;;CMD484146;CYAR20260807;;Facture;;B00000007H;
0001;3;GX1738465D;202608;E22;0001E2608TK09;704501;0421873Q;20260806;0001E2608TK09;EUR;C;343863;+;445715;LCL;CYC;;0000000;20260806;COL_2000ENC;;FAC;;20260905;;GX1738465D;932;1;CMD484146;CYAR20260807;;Facture;;B00000007H;
0001;3;GX1738465D;202608;E22;0001E2608TK09;445715;0421873Q;20260806;0001E2608TK09;EUR;C;68773;+;704501;LCL;CYC;;0000000;20260806;COL_2000ENC;;FAC;;20260905;;;;1;CMD484146;CYAR20260807;;Facture;;B00000007H;
0001;3;GX1735159X;202608;E22;0001L2608TK10;411100;0487189K;20260806;0001L2608TK10;EUR;D;165840;+;;FEDERAL MOGUL OPERATIONS ;CYC;;0000000;20260806;;GX1735159X;FAC;;20260905;;;;;4501366936;CYAR20260807;;Facture;;B00000006G;
0001;3;GX1735159X;202608;E22;0001L2608TK10;704501;0487189K;20260806;0001L2608TK10;EUR;C;138200;+;445715;FEDERAL MOGUL OPERATIONS ;CYC;;0000000;20260806;COL_2000ENC;;FAC;;20260905;;GX1735159X;932;1;4501366936;CYAR20260807;;Facture;;B00000006G;
0001;3;GX1735159X;202608;E22;0001L2608TK10;445715;0487189K;20260806;0001L2608TK10;EUR;C;27640;+;704501;FEDERAL MOGUL OPERATIONS ;CYC;;0000000;20260806;COL_2000ENC;;FAC;;20260905;;;;1;4501366936;CYAR20260807;;Facture;;B00000006G;
0001;3;GX1749999K;202608;E22;0001L2608TK11;411100;0449456L;20260806;0001L2608TK11;EUR;D;112337;+;;JONES LANG LASALLE SERVIC;CYC;;0000000;20260806;;GX1749999K;FAC;;20261005;;;;;PO 6458043;CYAR20260807;;Facture;;B00000006G;
0001;3;GX1749999K;202608;E22;0001L2608TK11;704501;0449456L;20260806;0001L2608TK11;EUR;C;93614;+;445715;JONES LANG LASALLE SERVIC;CYC;;0000000;20260806;COL_2000ENC;;FAC;;20261005;;GX1749999K;932;1;PO 6458043;CYAR20260807;;Facture;;B00000006G;
0001;3;GX1749999K;202608;E22;0001L2608TK11;445715;0449456L;20260806;0001L2608TK11;EUR;C;18723;+;704501;JONES LANG LASALLE SERVIC;CYC;;0000000;20260806;COL_2000ENC;;FAC;;20261005;;;;1;PO 6458043;CYAR20260807;;Facture;;B00000006G;
0441;3;GX1763124A;202608;E22;0441M2608TDTC;411100;0588874H;20260806;0441M2608TDTC;EUR;D;24428;+;;M Francois catherine EMER;CYC;;0000000;20260806;;GX1763124A;ACT;;20260806;;;;;;CYAR20260807;;Acompte;;B00000008J;
0441;3;GX1763124A;202608;E22;0441M2608TDTC;704501;0588874H;20260806;0441M2608TDTC;EUR;C;22207;+;445715;M Francois catherine EMER;CYC;;0000000;20260806;COL_1000ENC;;ACT;;20260806;;GX1763124A;932;1;;CYAR20260807;;Acompte;;B00000008J;
0441;3;GX1763124A;202608;E22;0441M2608TDTC;445715;0588874H;20260806;0441M2608TDTC;EUR;C;2221;+;704501;M Francois catherine EMER;CYC;;0000000;20260806;COL_1000ENC;;ACT;;20260806;;;;1;;CYAR20260807;;Acompte;;B00000008J;
0001;3;GX1731970Y;202608;E22;0001E2608TJ87;411100;0327650T;20260806;0001E2608TJ87;EUR;D;223560;+;;AGENCE CENTRALE DES ORGAN;CYC;;0000000;20260806;;GX1731970Y;FAC;;20260905;;;;;262714;CYAR20260807;;Facture;;B00000007H;
0001;3;GX1731970Y;202608;E22;0001E2608TJ87;704501;0327650T;20260806;0001E2608TJ87;EUR;C;186300;+;445715;AGENCE CENTRALE DES ORGAN;CYC;;0000000;20260806;COL_2000ENC;;FAC;;20260905;;GX1731970Y;932;1;262714;CYAR20260807;;Facture;;B00000007H;
0001;3;GX1731970Y;202608;E22;0001E2608TJ87;445715;0327650T;20260806;0001E2608TJ87;EUR;C;37260;+;704501;AGENCE CENTRALE DES ORGAN;CYC;;0000000;20260806;COL_2000ENC;;FAC;;20260905;;;;1;262714;CYAR20260807;;Facture;;B00000007H;
0001;3;GX1645731Z;202608;E22;0001R2608TJ88;411100;0328523S;20260806;0001R2608TJ88;EUR;D;1423800;+;;SAFRAN;CYC;;0000000;20260806;;GX1645731Z;FAC;;20260930;;;;;9080025369;CYAR20260807;;Facture;;B00000002C;
0001;3;GX1645731Z;202608;E22;0001R2608TJ88;704501;0328523S;20260806;0001R2608TJ88;EUR;C;1186500;+;445715;SAFRAN;CYC;;0000000;20260806;COL_2000ENC;;FAC;;20260930;;GX1645731Z;932;1;9080025369;CYAR20260807;;Facture;;B00000002C;
0001;3;GX1645731Z;202608;E22;0001R2608TJ88;445715;0328523S;20260806;0001R2608TJ88;EUR;C;237300;+;704501;SAFRAN;CYC;;0000000;20260806;COL_2000ENC;;FAC;;20260930;;;;1;9080025369;CYAR20260807;;Facture;;B00000002C;
0441;3;GX1754932R;202608;E22;0441M2608TDTD;411100;0526148A;20260806;0441M2608TDTD;EUR;D;780600;+;;HOPITAL MAURICE ANDRE;CYC;;0000000;20260806;;GX1754932R;FAC;;20261010;;;;;2248;CYAR20260807;;Facture;;B00000008J;
0441;3;GX1754932R;202608;E22;0441M2608TDTD;704501;0526148A;20260806;0441M2608TDTD;EUR;C;650500;+;445715;HOPITAL MAURICE ANDRE;CYC;;0000000;20260806;COL_2000ENC;;FAC;;20261010;;GX1754932R;932;1;2248;CYAR20260807;;Facture;;B00000008J;
0441;3;GX1754932R;202608;E22;0441M2608TDTD;445715;0526148A;20260806;0441M2608TDTD;EUR;C;130100;+;704501;HOPITAL MAURICE ANDRE;CYC;;0000000;20260806;COL_2000ENC;;FAC;;20261010;;;;1;2248;CYAR20260807;;Facture;;B00000008J;
0001;3;GX1758642G;202608;E22;0001R2608TJ95;411100;0509693S;20260806;0001R2608TJ95;EUR;D;43092;+;;PASCAL PROPCO;CYC;;0000000;20260806;;GX1758642G;FAC;;20260920;;;;;440888;CYAR20260807;;Facture;;B00000002C;
0001;3;GX1758642G;202608;E22;0001R2608TJ95;704501;0509693S;20260806;0001R2608TJ95;EUR;C;35910;+;445715;PASCAL PROPCO;CYC;;0000000;20260806;COL_2000ENC;;FAC;;20260920;;GX1758642G;932;1;440888;CYAR20260807;;Facture;;B00000002C;
0001;3;GX1758642G;202608;E22;0001R2608TJ95;445715;0509693S;20260806;0001R2608TJ95;EUR;C;7182;+;704501;PASCAL PROPCO;CYC;;0000000;20260806;COL_2000ENC;;FAC;;20260920;;;;1;440888;CYAR20260807;;Facture;;B00000002C;
0441;3;GX1750523F;202608;E22;0441M2608TDTE;411100;0590590N;20260806;0441M2608TDTE;EUR;D;114290;+;;SDC LA SAMBUY;CYC;;0000000;20260806;;GX1750523F;FAC;;20260905;;;;;;CYAR20260807;;Facture;;B00000008J;
0441;3;GX1750523F;202608;E22;0441M2608TDTE;704501;0590590N;20260806;0441M2608TDTE;EUR;C;103900;+;445715;SDC LA SAMBUY;CYC;;0000000;20260806;COL_1000ENC;;FAC;;20260905;;GX1750523F;932;1;;CYAR20260807;;Facture;;B00000008J;
0441;3;GX1750523F;202608;E22;0441M2608TDTE;445715;0590590N;20260806;0441M2608TDTE;EUR;C;10390;+;704501;SDC LA SAMBUY;CYC;;0000000;20260806;COL_1000ENC;;FAC;;20260905;;;;1;;CYAR20260807;;Facture;;B00000008J;
0551;3;GX1763365Z;202608;E23;0551R2608T898;411150;0570363C;20260806;0551R2608T898;EUR;D;1615904;+;;DALKIA;CYC;;0000000;20260806;;GX1763365Z;ACT;;20260806;;;;;BC2352590;CYAR20260807;;Acompte;EFT;B00000002C;
0551;3;GX1763365Z;202608;E23;0551R2608T898;704501;0570363C;20260806;0551R2608T898;EUR;C;1346587;+;445715;DALKIA;CYC;;0000000;20260806;COL_2000ENC;;ACT;;20260806;;GX1763365Z;932;1;BC2352590;CYAR20260807;;Acompte;EFT;B00000002C;
0551;3;GX1763365Z;202608;E23;0551R2608T898;445715;0570363C;20260806;0551R2608T898;EUR;C;269317;+;704501;DALKIA;CYC;;0000000;20260806;COL_2000ENC;;ACT;;20260806;;;;1;BC2352590;CYAR20260807;;Acompte;EFT;B00000002C;
0001;3;GX1737527M;202608;E22;0001S2608TK06;411100;0329207S;20260806;0001S2608TK06;EUR;D;302400;+;;ARCELORMITTAL FRANCE FR76;CYC;;0000000;20260806;;GX1737527M;FAC;;20260905;;;;;4005336136;CYAR20260807;;Facture;;B00000003D;
0001;3;GX1737527M;202608;E22;0001S2608TK06;704501;0329207S;20260806;0001S2608TK06;EUR;C;252000;+;445715;ARCELORMITTAL FRANCE FR76;CYC;;0000000;20260806;COL_2000ENC;;FAC;;20260905;;GX1737527M;932;1;4005336136;CYAR20260807;;Facture;;B00000003D;
0001;3;GX1737527M;202608;E22;0001S2608TK06;445715;0329207S;20260806;0001S2608TK06;EUR;C;50400;+;704501;ARCELORMITTAL FRANCE FR76;CYC;;0000000;20260806;COL_2000ENC;;FAC;;20260905;;;;1;4005336136;CYAR20260807;;Facture;;B00000003D;
0001;3;GX1728628A;202608;E22;0001L2608TK07;411100;0487189K;20260806;0001L2608TK07;EUR;D;272021;+;;FEDERAL MOGUL OPERATIONS ;CYC;;0000000;20260806;;GX1728628A;FAC;;20260905;;;;;4501364862;CYAR20260807;;Facture;;B00000006G;
0001;3;GX1728628A;202608;E22;0001L2608TK07;704501;0487189K;20260806;0001L2608TK07;EUR;C;226684;+;445715;FEDERAL MOGUL OPERATIONS ;CYC;;0000000;20260806;COL_2000ENC;;FAC;;20260905;;GX1728628A;932;1;4501364862;CYAR20260807;;Facture;;B00000006G;
0001;3;GX1728628A;202608;E22;0001L2608TK07;445715;0487189K;20260806;0001L2608TK07;EUR;C;45337;+;704501;FEDERAL MOGUL OPERATIONS ;CYC;;0000000;20260806;COL_2000ENC;;FAC;;20260905;;;;1;4501364862;CYAR20260807;;Facture;;B00000006G;
0001;3;GX1614936E;202608;E22;0001S2608TK13;411100;0118167H;20260806;0001S2608TK13;EUR;D;702463;+;;ORIL INDUSTRIE;CYC;;0000000;20260806;;GX1614936E;DGD;;20260930;;;;;PO25037118;CYAR20260807;;Facture;;B00000003D;
0001;3;GX1614936E;202608;E22;0001S2608TK13;704501;0118167H;20260806;0001S2608TK13;EUR;C;585386;+;445715;ORIL INDUSTRIE;CYC;;0000000;20260806;COL_2000ENC;;DGD;;20260930;;GX1614936E;932;1;PO25037118;CYAR20260807;;Facture;;B00000003D;
0001;3;GX1614936E;202608;E22;0001S2608TK13;445715;0118167H;20260806;0001S2608TK13;EUR;C;117077;+;704501;ORIL INDUSTRIE;CYC;;0000000;20260806;COL_2000ENC;;DGD;;20260930;;;;1;PO25037118;CYAR20260807;;Facture;;B00000003D;
0001;3;GX1727503X;202608;E22;0001S2608TK15;411100;0580939O;20260806;0001S2608TK15;EUR;D;129000;+;;HABITAT DU NORD SA D HLM;CYC;;0000000;20260806;;GX1727503X;FAC;;20260905;;;;;26080337;CYAR20260807;;Facture;;B00000003D;
0001;3;GX1727503X;202608;E22;0001S2608TK15;704501;0580939O;20260806;0001S2608TK15;EUR;C;107500;+;445715;HABITAT DU NORD SA D HLM;CYC;;0000000;20260806;COL_2000ENC;;FAC;;20260905;;GX1727503X;932;1;26080337;CYAR20260807;;Facture;;B00000003D;
0001;3;GX1727503X;202608;E22;0001S2608TK15;445715;0580939O;20260806;0001S2608TK15;EUR;C;21500;+;704501;HABITAT DU NORD SA D HLM;CYC;;0000000;20260806;COL_2000ENC;;FAC;;20260905;;;;1;26080337;CYAR20260807;;Facture;;B00000003D;
0001;3;GX1696134A;202608;E22;0001M2608TK17;411100;0596746R;20260806;0001M2608TK17;EUR;D;696025;+;;AUXR LOGIS SOCIETE ANONYM;CYC;;0000000;20260806;;GX1696134A;SIT;;20260905;;;;;2026 2999;CYAR20260807;;Facture;;B00000008J;
0001;3;GX1696134A;202608;E22;0001M2608TK17;704501;0596746R;20260806;0001M2608TK17;EUR;C;632750;+;445715;AUXR LOGIS SOCIETE ANONYM;CYC;;0000000;20260806;COL_1000ENC;;SIT;;20260905;;GX1696134A;932;1;2026 2999;CYAR20260807;;Facture;;B00000008J;
0001;3;GX1696134A;202608;E22;0001M2608TK17;445715;0596746R;20260806;0001M2608TK17;EUR;C;63275;+;704501;AUXR LOGIS SOCIETE ANONYM;CYC;;0000000;20260806;COL_1000ENC;;SIT;;20260905;;;;1;2026 2999;CYAR20260807;;Facture;;B00000008J;
0441;3;GX1760007H;202608;E22;0441M2608TDTM;411100;0604963E;20260806;0441M2608TDTM;EUR;D;19525;+;;M Bernard BERRY;CYC;;0000000;20260806;;GX1760007H;DEC;;20260905;;;;;;CYAR20260807;;Facture;;B00000008J;
0441;3;GX1760007H;202608;E22;0441M2608TDTM;704501;0604963E;20260806;0441M2608TDTM;EUR;C;17750;-;445715;M Bernard BERRY;CYC;;0000000;20260806;COL_1000ENC;;DEC;;20260905;;GX1760007H;932;1;;CYAR20260807;;Facture;;B00000008J;
0441;3;GX1760007H;202608;E22;0441M2608TDTM;704501;0604963E;20260806;0441M2608TDTM;EUR;C;35500;+;445715;M Bernard BERRY;CYC;;0000000;20260806;COL_1000ENC;;DEC;;20260905;;GX1760007H;932;1;;CYAR20260807;;Facture;;B00000008J;
0441;3;GX1760007H;202608;E22;0441M2608TDTM;445715;0604963E;20260806;0441M2608TDTM;EUR;C;1775;-;704501;M Bernard BERRY;CYC;;0000000;20260806;COL_1000ENC;;DEC;;20260905;;;;1;;CYAR20260807;;Facture;;B00000008J;
0441;3;GX1760007H;202608;E22;0441M2608TDTM;445715;0604963E;20260806;0441M2608TDTM;EUR;C;3550;+;704501;M Bernard BERRY;CYC;;0000000;20260806;COL_1000ENC;;DEC;;20260905;;;;1;;CYAR20260807;;Facture;;B00000008J;
0001;3;GX1667726T;202608;E22;0001E2608TK20;411100;0491934F;20260806;0001E2608TK20;EUR;D;1481394;+;;T D F;CYC;;0000000;20260806;;GX1667726T;FAC;;20261005;;;;;904191;CYAR20260807;;Facture;;B00000007H;
0001;3;GX1667726T;202608;E22;0001E2608TK20;704501;0491934F;20260806;0001E2608TK20;EUR;C;1234495;+;445715;T D F;CYC;;0000000;20260806;COL_2000ENC;;FAC;;20261005;;GX1667726T;932;1;904191;CYAR20260807;;Facture;;B00000007H;
0001;3;GX1667726T;202608;E22;0001E2608TK20;445715;0491934F;20260806;0001E2608TK20;EUR;C;246899;+;704501;T D F;CYC;;0000000;20260806;COL_2000ENC;;FAC;;20261005;;;;1;904191;CYAR20260807;;Facture;;B00000007H;
0441;3;GX1699501B;202608;E22;0441M2608TDTR;411100;0439509B;20260806;0441M2608TDTR;EUR;C;842160;+;;CSF;CYC;;0000000;20260806;;GX1699501B;SIT;;20260905;0441M2608TDFH;;;;;CYAR20260807;;Avoir;;B00000008J;
0441;3;GX1699501B;202608;E22;0441M2608TDTR;704501;0439509B;20260806;0441M2608TDTR;EUR;D;701800;+;445715;CSF;CYC;;0000000;20260806;COL_2000ENC;;SIT;;20260905;0441M2608TDFH;GX1699501B;932;1;;CYAR20260807;;Avoir;;B00000008J;
0441;3;GX1699501B;202608;E22;0441M2608TDTR;445715;0439509B;20260806;0441M2608TDTR;EUR;D;140360;+;704501;CSF;CYC;;0000000;20260806;COL_2000ENC;;SIT;;20260905;0441M2608TDFH;;;1;;CYAR20260807;;Avoir;;B00000008J;
0001;3;GX1693996W;202608;E22;0001E2608TK22;411100;0491934F;20260806;0001E2608TK22;EUR;D;3226408;+;;T D F;CYC;;0000000;20260806;;GX1693996W;FAC;;20261005;;;;;903159;CYAR20260807;;Facture;;B00000007H;
0001;3;GX1693996W;202608;E22;0001E2608TK22;704501;0491934F;20260806;0001E2608TK22;EUR;C;2688673;+;445715;T D F;CYC;;0000000;20260806;COL_2000ENC;;FAC;;20261005;;GX1693996W;932;1;903159;CYAR20260807;;Facture;;B00000007H;
0001;3;GX1693996W;202608;E22;0001E2608TK22;445715;0491934F;20260806;0001E2608TK22;EUR;C;537735;+;704501;T D F;CYC;;0000000;20260806;COL_2000ENC;;FAC;;20261005;;;;1;903159;CYAR20260807;;Facture;;B00000007H;
0001;3;GX1640817P;202608;E22;0001E2608TK26;411100;0008837C;20260806;0001E2608TK26;EUR;D;1571580;+;;SOREVIE GESTION ADMINISTR;CYC;;0000000;20260806;;GX1640817P;FAC;;20261010;;;;;;CYAR20260807;;Facture;;B00000007H;
0001;3;GX1640817P;202608;E22;0001E2608TK26;704501;0008837C;20260806;0001E2608TK26;EUR;C;1309650;+;445715;SOREVIE GESTION ADMINISTR;CYC;;0000000;20260806;COL_2000ENC;;FAC;;20261010;;GX1640817P;932;1;;CYAR20260807;;Facture;;B00000007H;
0001;3;GX1640817P;202608;E22;0001E2608TK26;445715;0008837C;20260806;0001E2608TK26;EUR;C;261930;+;704501;SOREVIE GESTION ADMINISTR;CYC;;0000000;20260806;COL_2000ENC;;FAC;;20261010;;;;1;;CYAR20260807;;Facture;;B00000007H;
0523;3;GX1690969F;202608;E22;0523S2608T021;411100;0489950Q;20260806;0523S2608T021;EUR;D;2122288;+;;CDC HABITAT;CYC;;0000000;20260806;;GX1690969F;SIT;;20260905;;;;;SNF 55064;CYAR20260807;;Facture;;B00000003D;
0523;3;GX1690969F;202608;E22;0523S2608T021;704501;0489950Q;20260806;0523S2608T021;EUR;C;2947624;-;445715;CDC HABITAT;CYC;;0000000;20260806;COL_2000ENC;;SIT;;20260905;;GX1690969F;932;1;SNF 55064;CYAR20260807;;Facture;;B00000003D;
0523;3;GX1690969F;202608;E22;0523S2608T021;704501;0489950Q;20260806;0523S2608T021;EUR;C;4716197;+;445715;CDC HABITAT;CYC;;0000000;20260806;COL_2000ENC;;SIT;;20260905;;GX1690969F;932;1;SNF 55064;CYAR20260807;;Facture;;B00000003D;
0523;3;GX1690969F;202608;E22;0523S2608T021;445715;0489950Q;20260806;0523S2608T021;EUR;C;589525;-;704501;CDC HABITAT;CYC;;0000000;20260806;COL_2000ENC;;SIT;;20260905;;;;1;SNF 55064;CYAR20260807;;Facture;;B00000003D;
0523;3;GX1690969F;202608;E22;0523S2608T021;445715;0489950Q;20260806;0523S2608T021;EUR;C;943240;+;704501;CDC HABITAT;CYC;;0000000;20260806;COL_2000ENC;;SIT;;20260905;;;;1;SNF 55064;CYAR20260807;;Facture;;B00000003D;
0001;3;GX1690992G;202608;E23;0001S2608TJ92;411150;0591408O;20260806;0001S2608TJ92;EUR;D;2122288;+;;ILENERGIE;CYC;;0000000;20260806;;GX1690992G;SIT;;20260806;;;;;SNF P55064;CYAR20260807;;Facture;EFT;B00000003D;
0001;3;GX1690992G;202608;E23;0001S2608TJ92;704501;0591408O;20260806;0001S2608TJ92;EUR;C;2947624;-;445715;ILENERGIE;CYC;;0000000;20260806;COL_2000ENC;;SIT;;20260806;;GX1690992G;932;1;SNF P55064;CYAR20260807;;Facture;EFT;B00000003D;
0001;3;GX1690992G;202608;E23;0001S2608TJ92;704501;0591408O;20260806;0001S2608TJ92;EUR;C;4716197;+;445715;ILENERGIE;CYC;;0000000;20260806;COL_2000ENC;;SIT;;20260806;;GX1690992G;932;1;SNF P55064;CYAR20260807;;Facture;EFT;B00000003D;
0001;3;GX1690992G;202608;E23;0001S2608TJ92;445715;0591408O;20260806;0001S2608TJ92;EUR;C;589525;-;704501;ILENERGIE;CYC;;0000000;20260806;COL_2000ENC;;SIT;;20260806;;;;1;SNF P55064;CYAR20260807;;Facture;EFT;B00000003D;
0001;3;GX1690992G;202608;E23;0001S2608TJ92;445715;0591408O;20260806;0001S2608TJ92;EUR;C;943240;+;704501;ILENERGIE;CYC;;0000000;20260806;COL_2000ENC;;SIT;;20260806;;;;1;SNF P55064;CYAR20260807;;Facture;EFT;B00000003D;
0001;3;GX1709598A;202608;E22;0001S2608TJ93;411100;0523947D;20260806;0001S2608TJ93;EUR;D;1710000;+;;UNIVERSITE DE LILLE;CYC;;0000000;20260806;;GX1709598A;FAC;;20260905;;;;;2015G000455109;CYAR20260807;;Facture;;B00000003D;
0001;3;GX1709598A;202608;E22;0001S2608TJ93;704501;0523947D;20260806;0001S2608TJ93;EUR;C;1425000;+;445715;UNIVERSITE DE LILLE;CYC;;0000000;20260806;COL_2000ENC;;FAC;;20260905;;GX1709598A;932;1;2015G000455109;CYAR20260807;;Facture;;B00000003D;
0001;3;GX1709598A;202608;E22;0001S2608TJ93;445715;0523947D;20260806;0001S2608TJ93;EUR;C;285000;+;704501;UNIVERSITE DE LILLE;CYC;;0000000;20260806;COL_2000ENC;;FAC;;20260905;;;;1;2015G000455109;CYAR20260807;;Facture;;B00000003D;
0001;3;GX1755784J;202608;E22;0001S2608TK02;411100;0329207S;20260806;0001S2608TK02;EUR;D;322020;+;;ARCELORMITTAL FRANCE FR76;CYC;;0000000;20260806;;GX1755784J;FAC;;20260905;;;;;4005415772;CYAR20260807;;Facture;;B00000003D;
0001;3;GX1755784J;202608;E22;0001S2608TK02;704501;0329207S;20260806;0001S2608TK02;EUR;C;268350;+;445715;ARCELORMITTAL FRANCE FR76;CYC;;0000000;20260806;COL_2000ENC;;FAC;;20260905;;GX1755784J;932;1;4005415772;CYAR20260807;;Facture;;B00000003D;
0001;3;GX1755784J;202608;E22;0001S2608TK02;445715;0329207S;20260806;0001S2608TK02;EUR;C;53670;+;704501;ARCELORMITTAL FRANCE FR76;CYC;;0000000;20260806;COL_2000ENC;;FAC;;20260905;;;;1;4005415772;CYAR20260807;;Facture;;B00000003D;
0001;3;GX1710836G;202608;E22;0001E2608TK03;411100;0574137O;20260806;0001E2608TK03;EUR;D;720341;+;;TERSEREN;CYC;;0000000;20260806;;GX1710836G;FAC;;20260930;;;;;LPO01284980   1;CYAR20260807;;Facture;;B00000007H;
0001;3;GX1710836G;202608;E22;0001E2608TK03;704501;0574137O;20260806;0001E2608TK03;EUR;C;600284;+;445715;TERSEREN;CYC;;0000000;20260806;COL_2000ENC;;FAC;;20260930;;GX1710836G;932;1;LPO01284980   1;CYAR20260807;;Facture;;B00000007H;
0001;3;GX1710836G;202608;E22;0001E2608TK03;445715;0574137O;20260806;0001E2608TK03;EUR;C;120057;+;704501;TERSEREN;CYC;;0000000;20260806;COL_2000ENC;;FAC;;20260930;;;;1;LPO01284980   1;CYAR20260807;;Facture;;B00000007H;
0001;3;GX1697153H;202608;E22;0001E2608TK04;411100;0497874R;20260806;0001E2608TK04;EUR;D;6222097;+;;BOUYGUES BATIMENT SUD EST;CYC;;0000000;20260806;;GX1697153H;SIT;;20260905;;;;;9001033695;CYAR20260807;;Facture;;B00000007H;
0001;3;GX1697153H;202608;E22;0001E2608TK04;704501;0497874R;20260806;0001E2608TK04;EUR;C;5185081;+;445715;BOUYGUES BATIMENT SUD EST;CYC;;0000000;20260806;COL_2000ENC;;SIT;;20260905;;GX1697153H;932;1;9001033695;CYAR20260807;;Facture;;B00000007H;
0001;3;GX1697153H;202608;E22;0001E2608TK04;445715;0497874R;20260806;0001E2608TK04;EUR;C;1037016;+;704501;BOUYGUES BATIMENT SUD EST;CYC;;0000000;20260806;COL_2000ENC;;SIT;;20260905;;;;1;9001033695;CYAR20260807;;Facture;;B00000007H;
0001;3;GX1713367H;202608;E22;0001M2608TK05;411100;0559952D;20260806;0001M2608TK05;EUR;D;262900;+;;ASL L ADRESS PARC;CYC;;0000000;20260806;;GX1713367H;FAC;;20260905;;;;;BDCE2637;CYAR20260807;;Facture;;B00000008J;
0001;3;GX1713367H;202608;E22;0001M2608TK05;704501;0559952D;20260806;0001M2608TK05;EUR;C;239000;+;445715;ASL L ADRESS PARC;CYC;;0000000;20260806;COL_1000ENC;;FAC;;20260905;;GX1713367H;932;1;BDCE2637;CYAR20260807;;Facture;;B00000008J;
0001;3;GX1713367H;202608;E22;0001M2608TK05;445715;0559952D;20260806;0001M2608TK05;EUR;C;23900;+;704501;ASL L ADRESS PARC;CYC;;0000000;20260806;COL_1000ENC;;FAC;;20260905;;;;1;BDCE2637;CYAR20260807;;Facture;;B00000008J;
0930;3;GX1721464J;202608;E22;0930E2608T463;411100;0491530A;20260806;0930E2608T463;EUR;D;514800;+;;HOTEL MERIDIEN BEACH PLAZ;CYC;;0000000;20260806;;GX1721464J;FAC;;20260905;;;;;18615;CYAR20260807;;Facture;;B00000007H;
0930;3;GX1721464J;202608;E22;0930E2608T463;704501;0491530A;20260806;0930E2608T463;EUR;C;429000;+;445715;HOTEL MERIDIEN BEACH PLAZ;CYC;;0000000;20260806;COL_2000ENC;;FAC;;20260905;;GX1721464J;932;1;18615;CYAR20260807;;Facture;;B00000007H;
0930;3;GX1721464J;202608;E22;0930E2608T463;445715;0491530A;20260806;0930E2608T463;EUR;C;85800;+;704501;HOTEL MERIDIEN BEACH PLAZ;CYC;;0000000;20260806;COL_2000ENC;;FAC;;20260905;;;;1;18615;CYAR20260807;;Facture;;B00000007H;
0441;3;GX1763422N;202608;E22;0441M2608TDTH;411100;0606004X;20260806;0441M2608TDTH;EUR;D;6875;+;;M Igor Et Maria PERREIRA ;CYC;;0000000;20260806;;GX1763422N;ACT;;20260806;;;;;;CYAR20260807;;Acompte;;B00000008J;
0441;3;GX1763422N;202608;E22;0441M2608TDTH;704501;0606004X;20260806;0441M2608TDTH;EUR;C;6250;+;445715;M Igor Et Maria PERREIRA ;CYC;;0000000;20260806;COL_1000ENC;;ACT;;20260806;;GX1763422N;932;1;;CYAR20260807;;Acompte;;B00000008J;
0441;3;GX1763422N;202608;E22;0441M2608TDTH;445715;0606004X;20260806;0441M2608TDTH;EUR;C;625;+;704501;M Igor Et Maria PERREIRA ;CYC;;0000000;20260806;COL_1000ENC;;ACT;;20260806;;;;1;;CYAR20260807;;Acompte;;B00000008J;
0441;3;GX1758620G;202608;E22;0441M2608TDTJ;411100;0488711M;20260806;0441M2608TDTJ;EUR;D;28992;+;;CITYA RICHERD IMMOBILIER;CYC;;0000000;20260806;;GX1758620G;FAC;;20260905;;;;;;CYAR20260807;;Facture;;B00000008J;
0441;3;GX1758620G;202608;E22;0441M2608TDTJ;704501;0488711M;20260806;0441M2608TDTJ;EUR;C;26356;+;445715;CITYA RICHERD IMMOBILIER;CYC;;0000000;20260806;COL_1000ENC;;FAC;;20260905;;GX1758620G;932;1;;CYAR20260807;;Facture;;B00000008J;
0441;3;GX1758620G;202608;E22;0441M2608TDTJ;445715;0488711M;20260806;0441M2608TDTJ;EUR;C;2636;+;704501;CITYA RICHERD IMMOBILIER;CYC;;0000000;20260806;COL_1000ENC;;FAC;;20260905;;;;1;;CYAR20260807;;Facture;;B00000008J;
0930;3;GX1735630G;202608;E22;0930E2608T464;411100;0491530A;20260806;0930E2608T464;EUR;D;435211;+;;HOTEL MERIDIEN BEACH PLAZ;CYC;;0000000;20260806;;GX1735630G;FAC;;20260905;;;;;18816;CYAR20260807;;Facture;;B00000007H;
0930;3;GX1735630G;202608;E22;0930E2608T464;704501;0491530A;20260806;0930E2608T464;EUR;C;362676;+;445715;HOTEL MERIDIEN BEACH PLAZ;CYC;;0000000;20260806;COL_2000ENC;;FAC;;20260905;;GX1735630G;932;1;18816;CYAR20260807;;Facture;;B00000007H;
0930;3;GX1735630G;202608;E22;0930E2608T464;445715;0491530A;20260806;0930E2608T464;EUR;C;72535;+;704501;HOTEL MERIDIEN BEACH PLAZ;CYC;;0000000;20260806;COL_2000ENC;;FAC;;20260905;;;;1;18816;CYAR20260807;;Facture;;B00000007H;
0441;3;GX1751035M;202608;E22;0441M2608TDTP;411100;0582269O;20260806;0441M2608TDTP;EUR;D;68632;+;;FONDATION PARTAGE ET VIE;CYC;;0000000;20260806;;GX1751035M;FAC;;20260905;;;;;CMA 2026 0716J;CYAR20260807;;Facture;;B00000008J;
0441;3;GX1751035M;202608;E22;0441M2608TDTP;704501;0582269O;20260806;0441M2608TDTP;EUR;C;57193;+;445715;FONDATION PARTAGE ET VIE;CYC;;0000000;20260806;COL_2000ENC;;FAC;;20260905;;GX1751035M;932;1;CMA 2026 0716J;CYAR20260807;;Facture;;B00000008J;
0441;3;GX1751035M;202608;E22;0441M2608TDTP;445715;0582269O;20260806;0441M2608TDTP;EUR;C;11439;+;704501;FONDATION PARTAGE ET VIE;CYC;;0000000;20260806;COL_2000ENC;;FAC;;20260905;;;;1;CMA 2026 0716J;CYAR20260807;;Facture;;B00000008J;
0001;3;GX1729655S;202608;E22;0001C2608TK21;411100;0069647R;20260806;0001C2608TK21;EUR;D;38611;+;;SDC TOUR THIERS;CYC;;0000000;20260806;;GX1729655S;FAC;;20260905;;;;;;CYAR20260807;;Facture;;B00000004E;
0001;3;GX1729655S;202608;E22;0001C2608TK21;704501;0069647R;20260806;0001C2608TK21;EUR;C;32176;+;445715;SDC TOUR THIERS;CYC;;0000000;20260806;COL_2000ENC;;FAC;;20260905;;GX1729655S;932;1;;CYAR20260807;;Facture;;B00000004E;
0001;3;GX1729655S;202608;E22;0001C2608TK21;445715;0069647R;20260806;0001C2608TK21;EUR;C;6435;+;704501;SDC TOUR THIERS;CYC;;0000000;20260806;COL_2000ENC;;FAC;;20260905;;;;1;;CYAR20260807;;Facture;;B00000004E;
0441;3;GX1747691M;202608;E22;0441M2608TDTQ;411100;0605395W;20260806;0441M2608TDTQ;EUR;D;39729;+;;M Judy SANCHEZ;CYC;;0000000;20260806;;GX1747691M;DEC;;20260905;;;;;;CYAR20260807;;Facture;;B00000008J;
0441;3;GX1747691M;202608;E22;0441M2608TDTQ;704501;0605395W;20260806;0441M2608TDTQ;EUR;C;36117;-;445715;M Judy SANCHEZ;CYC;;0000000;20260806;COL_1000ENC;;DEC;;20260905;;GX1747691M;932;1;;CYAR20260807;;Facture;;B00000008J;
0441;3;GX1747691M;202608;E22;0441M2608TDTQ;704501;0605395W;20260806;0441M2608TDTQ;EUR;C;72234;+;445715;M Judy SANCHEZ;CYC;;0000000;20260806;COL_1000ENC;;DEC;;20260905;;GX1747691M;932;1;;CYAR20260807;;Facture;;B00000008J;
0441;3;GX1747691M;202608;E22;0441M2608TDTQ;445715;0605395W;20260806;0441M2608TDTQ;EUR;C;3612;-;704501;M Judy SANCHEZ;CYC;;0000000;20260806;COL_1000ENC;;DEC;;20260905;;;;1;;CYAR20260807;;Facture;;B00000008J;
0441;3;GX1747691M;202608;E22;0441M2608TDTQ;445715;0605395W;20260806;0441M2608TDTQ;EUR;C;7224;+;704501;M Judy SANCHEZ;CYC;;0000000;20260806;COL_1000ENC;;DEC;;20260905;;;;1;;CYAR20260807;;Facture;;B00000008J;
0551;3;GX1745053P;202608;E23;0551R2608T902;411150;0570363C;20260806;0551R2608T902;EUR;D;135600;+;;DALKIA;CYC;;0000000;20260806;;GX1745053P;FAC;;20260806;;;;;BC2305914;CYAR20260807;;Facture;EFT;B00000002C;
0551;3;GX1745053P;202608;E23;0551R2608T902;704501;0570363C;20260806;0551R2608T902;EUR;C;113000;+;445715;DALKIA;CYC;;0000000;20260806;COL_2000ENC;;FAC;;20260806;;GX1745053P;932;1;BC2305914;CYAR20260807;;Facture;EFT;B00000002C;
0551;3;GX1745053P;202608;E23;0551R2608T902;445715;0570363C;20260806;0551R2608T902;EUR;C;22600;+;704501;DALKIA;CYC;;0000000;20260806;COL_2000ENC;;FAC;;20260806;;;;1;BC2305914;CYAR20260807;;Facture;EFT;B00000002C;
0930;3;GX1724250A;202608;E22;0930E2608T465;411100;0491530A;20260806;0930E2608T465;EUR;D;273840;+;;HOTEL MERIDIEN BEACH PLAZ;CYC;;0000000;20260806;;GX1724250A;FAC;;20260905;;;;;18672;CYAR20260807;;Facture;;B00000007H;
0930;3;GX1724250A;202608;E22;0930E2608T465;704501;0491530A;20260806;0930E2608T465;EUR;C;228200;+;445715;HOTEL MERIDIEN BEACH PLAZ;CYC;;0000000;20260806;COL_2000ENC;;FAC;;20260905;;GX1724250A;932;1;18672;CYAR20260807;;Facture;;B00000007H;
0930;3;GX1724250A;202608;E22;0930E2608T465;445715;0491530A;20260806;0930E2608T465;EUR;C;45640;+;704501;HOTEL MERIDIEN BEACH PLAZ;CYC;;0000000;20260806;COL_2000ENC;;FAC;;20260905;;;;1;18672;CYAR20260807;;Facture;;B00000007H;
0551;3;GX1746617S;202608;E23;0551R2608T903;411150;0570363C;20260806;0551R2608T903;EUR;D;300960;+;;DALKIA;CYC;;0000000;20260806;;GX1746617S;FAC;;20260806;;;;;BC2309816;CYAR20260807;;Facture;EFT;B00000002C;
0551;3;GX1746617S;202608;E23;0551R2608T903;704501;0570363C;20260806;0551R2608T903;EUR;C;250800;+;445715;DALKIA;CYC;;0000000;20260806;COL_2000ENC;;FAC;;20260806;;GX1746617S;932;1;BC2309816;CYAR20260807;;Facture;EFT;B00000002C;
0551;3;GX1746617S;202608;E23;0551R2608T903;445715;0570363C;20260806;0551R2608T903;EUR;C;50160;+;704501;DALKIA;CYC;;0000000;20260806;COL_2000ENC;;FAC;;20260806;;;;1;BC2309816;CYAR20260807;;Facture;EFT;B00000002C;
0001;3;GX1729807P;202608;E22;0001S2608TK08;411100;0576974B;20260806;0001S2608TK08;EUR;D;96493;+;;ULTRAEDGE;CYC;;0000000;20260806;;GX1729807P;FAC;;20261005;;;;;PO UL 2400007417;CYAR20260807;;Facture;;B00000003D;
0001;3;GX1729807P;202608;E22;0001S2608TK08;704501;0576974B;20260806;0001S2608TK08;EUR;C;80411;+;445715;ULTRAEDGE;CYC;;0000000;20260806;COL_2000ENC;;FAC;;20261005;;GX1729807P;932;1;PO UL 2400007417;CYAR20260807;;Facture;;B00000003D;
0001;3;GX1729807P;202608;E22;0001S2608TK08;445715;0576974B;20260806;0001S2608TK08;EUR;C;16082;+;704501;ULTRAEDGE;CYC;;0000000;20260806;COL_2000ENC;;FAC;;20261005;;;;1;PO UL 2400007417;CYAR20260807;;Facture;;B00000003D;
0001;3;GX1762504W;202608;E22;0001S2608TK14;411100;0449456L;20260806;0001S2608TK14;EUR;D;101532;+;;JONES LANG LASALLE SERVIC;CYC;;0000000;20260806;;GX1762504W;FAC;;20261005;;;;;PO  6484081;CYAR20260807;;Facture;;B00000003D;
0001;3;GX1762504W;202608;E22;0001S2608TK14;704501;0449456L;20260806;0001S2608TK14;EUR;C;84610;+;445715;JONES LANG LASALLE SERVIC;CYC;;0000000;20260806;COL_2000ENC;;FAC;;20261005;;GX1762504W;932;1;PO  6484081;CYAR20260807;;Facture;;B00000003D;
0001;3;GX1762504W;202608;E22;0001S2608TK14;445715;0449456L;20260806;0001S2608TK14;EUR;C;16922;+;704501;JONES LANG LASALLE SERVIC;CYC;;0000000;20260806;COL_2000ENC;;FAC;;20261005;;;;1;PO  6484081;CYAR20260807;;Facture;;B00000003D;
0001;3;GX1656428E;202608;E22;0001N2608TK16;411100;0511647P;20260806;0001N2608TK16;EUR;D;372900;+;;LABEYRIE FINE FOODS FRANC;CYC;;0000000;20260806;;GX1656428E;FAC;;20260930;;;;;167661;CYAR20260807;;Facture;;B00000005F;
0001;3;GX1656428E;202608;E22;0001N2608TK16;704501;0511647P;20260806;0001N2608TK16;EUR;C;310750;+;445715;LABEYRIE FINE FOODS FRANC;CYC;;0000000;20260806;COL_2000ENC;;FAC;;20260930;;GX1656428E;932;1;167661;CYAR20260807;;Facture;;B00000005F;
0001;3;GX1656428E;202608;E22;0001N2608TK16;445715;0511647P;20260806;0001N2608TK16;EUR;C;62150;+;704501;LABEYRIE FINE FOODS FRANC;CYC;;0000000;20260806;COL_2000ENC;;FAC;;20260930;;;;1;167661;CYAR20260807;;Facture;;B00000005F;
0551;3;GX1739237F;202608;E23;0551R2608T899;411150;0570363C;20260806;0551R2608T899;EUR;D;182400;+;;DALKIA;CYC;;0000000;20260806;;GX1739237F;FAC;;20260806;;;;;BC2291612;CYAR20260807;;Facture;EFT;B00000002C;
0551;3;GX1739237F;202608;E23;0551R2608T899;704501;0570363C;20260806;0551R2608T899;EUR;C;152000;+;445715;DALKIA;CYC;;0000000;20260806;COL_2000ENC;;FAC;;20260806;;GX1739237F;932;1;BC2291612;CYAR20260807;;Facture;EFT;B00000002C;
0551;3;GX1739237F;202608;E23;0551R2608T899;445715;0570363C;20260806;0551R2608T899;EUR;C;30400;+;704501;DALKIA;CYC;;0000000;20260806;COL_2000ENC;;FAC;;20260806;;;;1;BC2291612;CYAR20260807;;Facture;EFT;B00000002C;
0441;3;GX1760014R;202608;E22;0441M2608TDTK;411100;0592244O;20260806;0441M2608TDTK;EUR;D;2674;+;;M . LOUSTAU;CYC;;0000000;20260806;;GX1760014R;DEC;;20260905;;;;;;CYAR20260807;;Facture;;B00000008J;
0441;3;GX1760014R;202608;E22;0441M2608TDTK;704501;0592244O;20260806;0441M2608TDTK;EUR;C;4862;+;445715;M . LOUSTAU;CYC;;0000000;20260806;COL_1000ENC;;DEC;;20260905;;GX1760014R;932;1;;CYAR20260807;;Facture;;B00000008J;
0441;3;GX1760014R;202608;E22;0441M2608TDTK;704501;0592244O;20260806;0441M2608TDTK;EUR;C;2431;-;445715;M . LOUSTAU;CYC;;0000000;20260806;COL_1000ENC;;DEC;;20260905;;GX1760014R;932;1;;CYAR20260807;;Facture;;B00000008J;
0441;3;GX1760014R;202608;E22;0441M2608TDTK;445715;0592244O;20260806;0441M2608TDTK;EUR;C;243;-;704501;M . LOUSTAU;CYC;;0000000;20260806;COL_1000ENC;;DEC;;20260905;;;;1;;CYAR20260807;;Facture;;B00000008J;
0441;3;GX1760014R;202608;E22;0441M2608TDTK;445715;0592244O;20260806;0441M2608TDTK;EUR;C;486;+;704501;M . LOUSTAU;CYC;;0000000;20260806;COL_1000ENC;;DEC;;20260905;;;;1;;CYAR20260807;;Facture;;B00000008J;
0551;3;GX1745044E;202608;E23;0551R2608T901;411150;0570363C;20260806;0551R2608T901;EUR;D;142200;+;;DALKIA;CYC;;0000000;20260806;;GX1745044E;FAC;;20260806;;;;;BC2305269;CYAR20260807;;Facture;EFT;B00000002C;
0551;3;GX1745044E;202608;E23;0551R2608T901;704501;0570363C;20260806;0551R2608T901;EUR;C;118500;+;445715;DALKIA;CYC;;0000000;20260806;COL_2000ENC;;FAC;;20260806;;GX1745044E;932;1;BC2305269;CYAR20260807;;Facture;EFT;B00000002C;
0551;3;GX1745044E;202608;E23;0551R2608T901;445715;0570363C;20260806;0551R2608T901;EUR;C;23700;+;704501;DALKIA;CYC;;0000000;20260806;COL_2000ENC;;FAC;;20260806;;;;1;BC2305269;CYAR20260807;;Facture;EFT;B00000002C;
0441;3;GX1741664N;202608;E22;0441M2608TDTN;411100;0588269K;20260806;0441M2608TDTN;EUR;D;6875;+;;M Mackram SAIDI;CYC;;0000000;20260806;;GX1741664N;DEC;;20260905;;;;;;CYAR20260807;;Facture;;B00000008J;
0441;3;GX1741664N;202608;E22;0441M2608TDTN;704501;0588269K;20260806;0441M2608TDTN;EUR;C;12500;+;445715;M Mackram SAIDI;CYC;;0000000;20260806;COL_1000ENC;;DEC;;20260905;;GX1741664N;932;1;;CYAR20260807;;Facture;;B00000008J;
0441;3;GX1741664N;202608;E22;0441M2608TDTN;704501;0588269K;20260806;0441M2608TDTN;EUR;C;6250;-;445715;M Mackram SAIDI;CYC;;0000000;20260806;COL_1000ENC;;DEC;;20260905;;GX1741664N;932;1;;CYAR20260807;;Facture;;B00000008J;
0441;3;GX1741664N;202608;E22;0441M2608TDTN;445715;0588269K;20260806;0441M2608TDTN;EUR;C;625;-;704501;M Mackram SAIDI;CYC;;0000000;20260806;COL_1000ENC;;DEC;;20260905;;;;1;;CYAR20260807;;Facture;;B00000008J;
0441;3;GX1741664N;202608;E22;0441M2608TDTN;445715;0588269K;20260806;0441M2608TDTN;EUR;C;1250;+;704501;M Mackram SAIDI;CYC;;0000000;20260806;COL_1000ENC;;DEC;;20260905;;;;1;;CYAR20260807;;Facture;;B00000008J;
0001;3;GX1738428L;202608;E22;0001E2608TK23;411100;0421873Q;20260806;0001E2608TK23;EUR;D;81408;+;;LCL;CYC;;0000000;20260806;;GX1738428L;FAC;;20260905;;;;;CMD484269;CYAR20260807;;Facture;;B00000007H;
0001;3;GX1738428L;202608;E22;0001E2608TK23;704501;0421873Q;20260806;0001E2608TK23;EUR;C;67840;+;445715;LCL;CYC;;0000000;20260806;COL_2000ENC;;FAC;;20260905;;GX1738428L;932;1;CMD484269;CYAR20260807;;Facture;;B00000007H;
0001;3;GX1738428L;202608;E22;0001E2608TK23;445715;0421873Q;20260806;0001E2608TK23;EUR;C;13568;+;704501;LCL;CYC;;0000000;20260806;COL_2000ENC;;FAC;;20260905;;;;1;CMD484269;CYAR20260807;;Facture;;B00000007H;
0001;3;GX1707663B;202608;E22;0001S2608TK27;411100;0580939O;20260806;0001S2608TK27;EUR;C;81450;+;;HABITAT DU NORD SA D HLM;CYC;;0000000;20260806;;GX1707663B;FAC;;20260905;0001S2605TFY7;;;;2026 3426;CYAR20260807;;Avoir;;B00000003D;
0001;3;GX1707663B;202608;E22;0001S2608TK27;704501;0580939O;20260806;0001S2608TK27;EUR;D;67875;+;445715;HABITAT DU NORD SA D HLM;CYC;;0000000;20260806;COL_2000ENC;;FAC;;20260905;0001S2605TFY7;GX1707663B;932;1;2026 3426;CYAR20260807;;Avoir;;B00000003D;
0001;3;GX1707663B;202608;E22;0001S2608TK27;445715;0580939O;20260806;0001S2608TK27;EUR;D;13575;+;704501;HABITAT DU NORD SA D HLM;CYC;;0000000;20260806;COL_2000ENC;;FAC;;20260905;0001S2605TFY7;;;1;2026 3426;CYAR20260807;;Avoir;;B00000003D;
0441;3;GX1753817Z;202608;E22;0441M2608TDTV;411100;0552071H;20260806;0441M2608TDTV;EUR;D;59327;+;;SDC LE PACHA LODGE;CYC;;0000000;20260806;;GX1753817Z;FAC;;20260905;;;;;;CYAR20260807;;Facture;;B00000008J;
0441;3;GX1753817Z;202608;E22;0441M2608TDTV;704501;0552071H;20260806;0441M2608TDTV;EUR;C;53934;+;445715;SDC LE PACHA LODGE;CYC;;0000000;20260806;COL_1000ENC;;FAC;;20260905;;GX1753817Z;932;1;;CYAR20260807;;Facture;;B00000008J;
0441;3;GX1753817Z;202608;E22;0441M2608TDTV;445715;0552071H;20260806;0441M2608TDTV;EUR;C;5393;+;704501;SDC LE PACHA LODGE;CYC;;0000000;20260806;COL_1000ENC;;FAC;;20260905;;;;1;;CYAR20260807;;Facture;;B00000008J;
0551;3;GX1747237X;202608;E23;0551R2608T905;411150;0570363C;20260806;0551R2608T905;EUR;D;1132560;+;;DALKIA;CYC;;0000000;20260806;;GX1747237X;FAC;;20260806;;;;;BC2311763;CYAR20260807;;Facture;EFT;B00000002C;
0551;3;GX1747237X;202608;E23;0551R2608T905;704501;0570363C;20260806;0551R2608T905;EUR;C;943800;+;445715;DALKIA;CYC;;0000000;20260806;COL_2000ENC;;FAC;;20260806;;GX1747237X;932;1;BC2311763;CYAR20260807;;Facture;EFT;B00000002C;
0551;3;GX1747237X;202608;E23;0551R2608T905;445715;0570363C;20260806;0551R2608T905;EUR;C;188760;+;704501;DALKIA;CYC;;0000000;20260806;COL_2000ENC;;FAC;;20260806;;;;1;BC2311763;CYAR20260807;;Facture;EFT;B00000002C;
0441;3;GX1753898R;202608;E22;0441M2608TDTY;411100;0088824Z;20260806;0441M2608TDTY;EUR;D;70680;+;;VERRERIE DE SAINT JUST;CYC;;0000000;20260806;;GX1753898R;FAC;;20260905;;;;;4501093955;CYAR20260807;;Facture;;B00000008J;
0441;3;GX1753898R;202608;E22;0441M2608TDTY;704501;0088824Z;20260806;0441M2608TDTY;EUR;C;58900;+;445715;VERRERIE DE SAINT JUST;CYC;;0000000;20260806;COL_2000ENC;;FAC;;20260905;;GX1753898R;932;1;4501093955;CYAR20260807;;Facture;;B00000008J;
0441;3;GX1753898R;202608;E22;0441M2608TDTY;445715;0088824Z;20260806;0441M2608TDTY;EUR;C;11780;+;704501;VERRERIE DE SAINT JUST;CYC;;0000000;20260806;COL_2000ENC;;FAC;;20260905;;;;1;4501093955;CYAR20260807;;Facture;;B00000008J;
0441;3;GX1754061B;202608;E22;0441M2608TDTZ;411100;0565127K;20260806;0441M2608TDTZ;EUR;D;48180;+;;SDC LES MERISIERS;CYC;;0000000;20260806;;GX1754061B;FAC;;20260905;;;;;;CYAR20260807;;Facture;;B00000008J;
0441;3;GX1754061B;202608;E22;0441M2608TDTZ;704501;0565127K;20260806;0441M2608TDTZ;EUR;C;43800;+;445715;SDC LES MERISIERS;CYC;;0000000;20260806;COL_1000ENC;;FAC;;20260905;;GX1754061B;932;1;;CYAR20260807;;Facture;;B00000008J;
0441;3;GX1754061B;202608;E22;0441M2608TDTZ;445715;0565127K;20260806;0441M2608TDTZ;EUR;C;4380;+;704501;SDC LES MERISIERS;CYC;;0000000;20260806;COL_1000ENC;;FAC;;20260905;;;;1;;CYAR20260807;;Facture;;B00000008J;
0551;3;GX1761782A;202608;E23;0551R2608T907;411150;0570363C;20260806;0551R2608T907;EUR;D;553488;+;;DALKIA;CYC;;0000000;20260806;;GX1761782A;FAC;;20260806;;;;;BC2347930;CYAR20260807;;Facture;EFT;B00000002C;
0551;3;GX1761782A;202608;E23;0551R2608T907;704501;0570363C;20260806;0551R2608T907;EUR;C;461240;+;445715;DALKIA;CYC;;0000000;20260806;COL_2000ENC;;FAC;;20260806;;GX1761782A;932;1;BC2347930;CYAR20260807;;Facture;EFT;B00000002C;
0551;3;GX1761782A;202608;E23;0551R2608T907;445715;0570363C;20260806;0551R2608T907;EUR;C;92248;+;704501;DALKIA;CYC;;0000000;20260806;COL_2000ENC;;FAC;;20260806;;;;1;BC2347930;CYAR20260807;;Facture;EFT;B00000002C;
0441;3;GX1754723D;202608;E22;0441M2608TDUB;411100;0283084D;20260806;0441M2608TDUB;EUR;D;55440;+;;SDC LES JARDINS NOTRE DAM;CYC;;0000000;20260806;;GX1754723D;FAC;;20260905;;;;;;CYAR20260807;;Facture;;B00000008J;
0441;3;GX1754723D;202608;E22;0441M2608TDUB;704501;0283084D;20260806;0441M2608TDUB;EUR;C;50400;+;445715;SDC LES JARDINS NOTRE DAM;CYC;;0000000;20260806;COL_1000ENC;;FAC;;20260905;;GX1754723D;932;1;;CYAR20260807;;Facture;;B00000008J;
0441;3;GX1754723D;202608;E22;0441M2608TDUB;445715;0283084D;20260806;0441M2608TDUB;EUR;C;5040;+;704501;SDC LES JARDINS NOTRE DAM;CYC;;0000000;20260806;COL_1000ENC;;FAC;;20260905;;;;1;;CYAR20260807;;Facture;;B00000008J;
0800;3;GX1716641D;202608;E22;0800E2608T555;411100;0313275D;20260806;0800E2608T555;EUR;D;45228;+;;COMMUNE D ORCIERES;CYC;;0000000;20260806;;GX1716641D;FAC;;20260905;;;;;;CYAR20260807;;Facture;;B00000007H;
0800;3;GX1716641D;202608;E22;0800E2608T555;704501;0313275D;20260806;0800E2608T555;EUR;C;37690;+;445715;COMMUNE D ORCIERES;CYC;;0000000;20260806;COL_2000ENC;;FAC;;20260905;;GX1716641D;932;1;;CYAR20260807;;Facture;;B00000007H;
0800;3;GX1716641D;202608;E22;0800E2608T555;445715;0313275D;20260806;0800E2608T555;EUR;C;7538;+;704501;COMMUNE D ORCIERES;CYC;;0000000;20260806;COL_2000ENC;;FAC;;20260905;;;;1;;CYAR20260807;;Facture;;B00000007H;
0930;3;GX1739892A;202608;E22;0930E2608T468;411100;0491530A;20260806;0930E2608T468;EUR;D;158094;+;;HOTEL MERIDIEN BEACH PLAZ;CYC;;0000000;20260806;;GX1739892A;FAC;;20260905;;;;;18843;CYAR20260807;;Facture;;B00000007H;
0930;3;GX1739892A;202608;E22;0930E2608T468;704501;0491530A;20260806;0930E2608T468;EUR;C;131745;+;445715;HOTEL MERIDIEN BEACH PLAZ;CYC;;0000000;20260806;COL_2000ENC;;FAC;;20260905;;GX1739892A;932;1;18843;CYAR20260807;;Facture;;B00000007H;
0930;3;GX1739892A;202608;E22;0930E2608T468;445715;0491530A;20260806;0930E2608T468;EUR;C;26349;+;704501;HOTEL MERIDIEN BEACH PLAZ;CYC;;0000000;20260806;COL_2000ENC;;FAC;;20260905;;;;1;18843;CYAR20260807;;Facture;;B00000007H;
0001;3;GX1731900T;202608;E22;0001E2608TK38;411100;0557604L;20260806;0001E2608TK38;EUR;D;141712;+;;PEI 4;CYC;;0000000;20260806;;GX1731900T;FAC;;20260905;;;;;G 008 C 5063 1;CYAR20260807;;Facture;;B00000007H;
0001;3;GX1731900T;202608;E22;0001E2608TK38;704501;0557604L;20260806;0001E2608TK38;EUR;C;118093;+;445715;PEI 4;CYC;;0000000;20260806;COL_2000ENC;;FAC;;20260905;;GX1731900T;932;1;G 008 C 5063 1;CYAR20260807;;Facture;;B00000007H;
0001;3;GX1731900T;202608;E22;0001E2608TK38;445715;0557604L;20260806;0001E2608TK38;EUR;C;23619;+;704501;PEI 4;CYC;;0000000;20260806;COL_2000ENC;;FAC;;20260905;;;;1;G 008 C 5063 1;CYAR20260807;;Facture;;B00000007H;
0001;3;GX1745397F;202608;E22;0001L2608TK12;411100;0449456L;20260806;0001L2608TK12;EUR;D;109802;+;;JONES LANG LASALLE SERVIC;CYC;;0000000;20260806;;GX1745397F;FAC;;20261005;;;;;PO 6431866;CYAR20260807;;Facture;;B00000006G;
0001;3;GX1745397F;202608;E22;0001L2608TK12;704501;0449456L;20260806;0001L2608TK12;EUR;C;91502;+;445715;JONES LANG LASALLE SERVIC;CYC;;0000000;20260806;COL_2000ENC;;FAC;;20261005;;GX1745397F;932;1;PO 6431866;CYAR20260807;;Facture;;B00000006G;
0001;3;GX1745397F;202608;E22;0001L2608TK12;445715;0449456L;20260806;0001L2608TK12;EUR;C;18300;+;704501;JONES LANG LASALLE SERVIC;CYC;;0000000;20260806;COL_2000ENC;;FAC;;20261005;;;;1;PO 6431866;CYAR20260807;;Facture;;B00000006G;
0001;3;GX1667726T;202608;E22;0001E2608TK18;411100;0491934F;20260806;0001E2608TK18;EUR;D;1225673;+;;T D F;CYC;;0000000;20260806;;GX1667726T;SIT;;20261005;;;;;900248;CYAR20260807;;Facture;;B00000007H;
0001;3;GX1667726T;202608;E22;0001E2608TK18;704501;0491934F;20260806;0001E2608TK18;EUR;C;1021394;+;445715;T D F;CYC;;0000000;20260806;COL_2000ENC;;SIT;;20261005;;GX1667726T;932;1;900248;CYAR20260807;;Facture;;B00000007H;
0001;3;GX1667726T;202608;E22;0001E2608TK18;445715;0491934F;20260806;0001E2608TK18;EUR;C;204279;+;704501;T D F;CYC;;0000000;20260806;COL_2000ENC;;SIT;;20261005;;;;1;900248;CYAR20260807;;Facture;;B00000007H;
0551;3;GX1742508Y;202608;E23;0551R2608T900;411150;0570363C;20260806;0551R2608T900;EUR;D;1053960;+;;DALKIA;CYC;;0000000;20260806;;GX1742508Y;FAC;;20260806;;;;;BC2299958;CYAR20260807;;Facture;EFT;B00000002C;
0551;3;GX1742508Y;202608;E23;0551R2608T900;704501;0570363C;20260806;0551R2608T900;EUR;C;878300;+;445715;DALKIA;CYC;;0000000;20260806;COL_2000ENC;;FAC;;20260806;;GX1742508Y;932;1;BC2299958;CYAR20260807;;Facture;EFT;B00000002C;
0551;3;GX1742508Y;202608;E23;0551R2608T900;445715;0570363C;20260806;0551R2608T900;EUR;C;175660;+;704501;DALKIA;CYC;;0000000;20260806;COL_2000ENC;;FAC;;20260806;;;;1;BC2299958;CYAR20260807;;Facture;EFT;B00000002C;
0441;3;GX1759728R;202608;E22;0441M2608TDTL;411100;0232245K;20260806;0441M2608TDTL;EUR;D;24046;+;;CENTRE HOSPITALIER DU PAY;CYC;;0000000;20260806;;GX1759728R;FAC;;20261010;;;;;26002473;CYAR20260807;;Facture;;B00000008J;
0441;3;GX1759728R;202608;E22;0441M2608TDTL;704501;0232245K;20260806;0441M2608TDTL;EUR;C;21860;+;445715;CENTRE HOSPITALIER DU PAY;CYC;;0000000;20260806;COL_1000ENC;;FAC;;20261010;;GX1759728R;932;1;26002473;CYAR20260807;;Facture;;B00000008J;
0441;3;GX1759728R;202608;E22;0441M2608TDTL;445715;0232245K;20260806;0441M2608TDTL;EUR;C;2186;+;704501;CENTRE HOSPITALIER DU PAY;CYC;;0000000;20260806;COL_1000ENC;;FAC;;20261010;;;;1;26002473;CYAR20260807;;Facture;;B00000008J;
0001;3;GX1654108T;202608;E22;0001E2608TK19;411100;0250227X;20260806;0001E2608TK19;EUR;D;682756;+;;LYCEE POLYVALENT LEONARD ;CYC;;0000000;20260806;;GX1654108T;FAC;;20260806;;;;;EJ4542.1;CYAR20260807;;Facture;;B00000007H;
0001;3;GX1654108T;202608;E22;0001E2608TK19;704501;0250227X;20260806;0001E2608TK19;EUR;C;568963;+;445715;LYCEE POLYVALENT LEONARD ;CYC;;0000000;20260806;COL_2000ENC;;FAC;;20260806;;GX1654108T;932;1;EJ4542.1;CYAR20260807;;Facture;;B00000007H;
0001;3;GX1654108T;202608;E22;0001E2608TK19;445715;0250227X;20260806;0001E2608TK19;EUR;C;113793;+;704501;LYCEE POLYVALENT LEONARD ;CYC;;0000000;20260806;COL_2000ENC;;FAC;;20260806;;;;1;EJ4542.1;CYAR20260807;;Facture;;B00000007H;
0001;3;GX1702613M;202608;E22;0001S2608TK24;411100;0580939O;20260806;0001S2608TK24;EUR;C;234600;+;;HABITAT DU NORD SA D HLM;CYC;;0000000;20260806;;GX1702613M;FAC;;20260905;0001S2605TSY2;;;;2026 4463;CYAR20260807;;Avoir;;B00000003D;
0001;3;GX1702613M;202608;E22;0001S2608TK24;704501;0580939O;20260806;0001S2608TK24;EUR;D;195500;+;445715;HABITAT DU NORD SA D HLM;CYC;;0000000;20260806;COL_2000ENC;;FAC;;20260905;0001S2605TSY2;GX1702613M;932;1;2026 4463;CYAR20260807;;Avoir;;B00000003D;
0001;3;GX1702613M;202608;E22;0001S2608TK24;445715;0580939O;20260806;0001S2608TK24;EUR;D;39100;+;704501;HABITAT DU NORD SA D HLM;CYC;;0000000;20260806;COL_2000ENC;;FAC;;20260905;0001S2605TSY2;;;1;2026 4463;CYAR20260807;;Avoir;;B00000003D;
0001;3;GX1702613M;202608;E22;0001S2608TK25;411100;0580939O;20260806;0001S2608TK25;EUR;D;234600;+;;HABITAT DU NORD SA D HLM;CYC;;0000000;20260806;;GX1702613M;FAC;;20260905;;;;;26080335;CYAR20260807;;Facture;;B00000003D;
0001;3;GX1702613M;202608;E22;0001S2608TK25;704501;0580939O;20260806;0001S2608TK25;EUR;C;195500;+;445715;HABITAT DU NORD SA D HLM;CYC;;0000000;20260806;COL_2000ENC;;FAC;;20260905;;GX1702613M;932;1;26080335;CYAR20260807;;Facture;;B00000003D;
0001;3;GX1702613M;202608;E22;0001S2608TK25;445715;0580939O;20260806;0001S2608TK25;EUR;C;39100;+;704501;HABITAT DU NORD SA D HLM;CYC;;0000000;20260806;COL_2000ENC;;FAC;;20260905;;;;1;26080335;CYAR20260807;;Facture;;B00000003D;
0441;3;GX1751347S;202608;E22;0441M2608TDTS;411100;0589023E;20260806;0441M2608TDTS;EUR;D;45117;+;;BATIR ET LOGER S A D H L ;CYC;;0000000;20260806;;GX1751347S;FAC;;20260905;;;;;26070226;CYAR20260807;;Facture;;B00000008J;
0441;3;GX1751347S;202608;E22;0441M2608TDTS;704501;0589023E;20260806;0441M2608TDTS;EUR;C;41015;+;445715;BATIR ET LOGER S A D H L ;CYC;;0000000;20260806;COL_1000ENC;;FAC;;20260905;;GX1751347S;932;1;26070226;CYAR20260807;;Facture;;B00000008J;
0441;3;GX1751347S;202608;E22;0441M2608TDTS;445715;0589023E;20260806;0441M2608TDTS;EUR;C;4102;+;704501;BATIR ET LOGER S A D H L ;CYC;;0000000;20260806;COL_1000ENC;;FAC;;20260905;;;;1;26070226;CYAR20260807;;Facture;;B00000008J;
0441;3;GX1755827H;202608;E22;0441M2608TDTW;411100;0119477F;20260806;0441M2608TDTW;EUR;D;88275;+;;SDC IMMEUBLE LE MAGNOLIA;CYC;;0000000;20260806;;GX1755827H;FAC;;20260905;;;;;;CYAR20260807;;Facture;;B00000008J;
0441;3;GX1755827H;202608;E22;0441M2608TDTW;704501;0119477F;20260806;0441M2608TDTW;EUR;C;80250;+;445715;SDC IMMEUBLE LE MAGNOLIA;CYC;;0000000;20260806;COL_1000ENC;;FAC;;20260905;;GX1755827H;932;1;;CYAR20260807;;Facture;;B00000008J;
0441;3;GX1755827H;202608;E22;0441M2608TDTW;445715;0119477F;20260806;0441M2608TDTW;EUR;C;8025;+;704501;SDC IMMEUBLE LE MAGNOLIA;CYC;;0000000;20260806;COL_1000ENC;;FAC;;20260905;;;;1;;CYAR20260807;;Facture;;B00000008J;
0001;3;GX1741949M;202608;E22;0001E2608TK29;411100;0437407I;20260806;0001E2608TK29;EUR;D;6216096;+;;SOREVIE GESTION ADMINISTR;CYC;;0000000;20260806;;GX1741949M;SIT;;20261010;;;;;;CYAR20260807;;Facture;;B00000007H;
0001;3;GX1741949M;202608;E22;0001E2608TK29;704501;0437407I;20260806;0001E2608TK29;EUR;C;5180080;+;445715;SOREVIE GESTION ADMINISTR;CYC;;0000000;20260806;COL_2000ENC;;SIT;;20261010;;GX1741949M;932;1;;CYAR20260807;;Facture;;B00000007H;
0001;3;GX1741949M;202608;E22;0001E2608TK29;445715;0437407I;20260806;0001E2608TK29;EUR;C;1036016;+;704501;SOREVIE GESTION ADMINISTR;CYC;;0000000;20260806;COL_2000ENC;;SIT;;20261010;;;;1;;CYAR20260807;;Facture;;B00000007H;
0001;3;GX1742667D;202608;E22;0001S2608TK30;411100;0451668A;20260806;0001S2608TK30;EUR;D;115200;+;;DILLINGER FRANCE;CYC;;0000000;20260806;;GX1742667D;FAC;;20260905;;;;;4500203999 ;CYAR20260807;;Facture;;B00000003D;
0001;3;GX1742667D;202608;E22;0001S2608TK30;704501;0451668A;20260806;0001S2608TK30;EUR;C;96000;+;445715;DILLINGER FRANCE;CYC;;0000000;20260806;COL_2000ENC;;FAC;;20260905;;GX1742667D;932;1;4500203999 ;CYAR20260807;;Facture;;B00000003D;
0001;3;GX1742667D;202608;E22;0001S2608TK30;445715;0451668A;20260806;0001S2608TK30;EUR;C;19200;+;704501;DILLINGER FRANCE;CYC;;0000000;20260806;COL_2000ENC;;FAC;;20260905;;;;1;4500203999 ;CYAR20260807;;Facture;;B00000003D;
0441;3;GX1753656R;202608;E22;0441M2608TDTX;411100;0541272A;20260806;0441M2608TDTX;EUR;D;48180;+;;IMM PLEIADE;CYC;;0000000;20260806;;GX1753656R;FAC;;20260905;;;;;;CYAR20260807;;Facture;;B00000008J;
0441;3;GX1753656R;202608;E22;0441M2608TDTX;704501;0541272A;20260806;0441M2608TDTX;EUR;C;43800;+;445715;IMM PLEIADE;CYC;;0000000;20260806;COL_1000ENC;;FAC;;20260905;;GX1753656R;932;1;;CYAR20260807;;Facture;;B00000008J;
0441;3;GX1753656R;202608;E22;0441M2608TDTX;445715;0541272A;20260806;0441M2608TDTX;EUR;C;4380;+;704501;IMM PLEIADE;CYC;;0000000;20260806;COL_1000ENC;;FAC;;20260905;;;;1;;CYAR20260807;;Facture;;B00000008J;
0551;3;GX1762690G;202608;E23;0551R2608T908;411150;0570363C;20260806;0551R2608T908;EUR;D;875040;+;;DALKIA;CYC;;0000000;20260806;;GX1762690G;FAC;;20260806;;;;;BC2350427;CYAR20260807;;Facture;EFT;B00000002C;
0551;3;GX1762690G;202608;E23;0551R2608T908;704501;0570363C;20260806;0551R2608T908;EUR;C;729200;+;445715;DALKIA;CYC;;0000000;20260806;COL_2000ENC;;FAC;;20260806;;GX1762690G;932;1;BC2350427;CYAR20260807;;Facture;EFT;B00000002C;
0551;3;GX1762690G;202608;E23;0551R2608T908;445715;0570363C;20260806;0551R2608T908;EUR;C;145840;+;704501;DALKIA;CYC;;0000000;20260806;COL_2000ENC;;FAC;;20260806;;;;1;BC2350427;CYAR20260807;;Facture;EFT;B00000002C;
0441;3;GX1755901S;202608;E22;0441M2608TDUC;411100;0605691L;20260806;0441M2608TDUC;EUR;D;148270;+;;MME Loraine SEYTRE;CYC;;0000000;20260806;;GX1755901S;FAC;;20260905;;;;;;CYAR20260807;;Facture;;B00000008J;
0441;3;GX1755901S;202608;E22;0441M2608TDUC;704501;0605691L;20260806;0441M2608TDUC;EUR;C;63818;+;445715;MME Loraine SEYTRE;CYC;;0000000;20260806;COL_1000ENC;;FAC;;20260905;;GX1755901S;932;1;;CYAR20260807;;Facture;;B00000008J;
0441;3;GX1755901S;202608;E22;0441M2608TDUC;704501;0605691L;20260806;0441M2608TDUC;EUR;C;74000;+;445715;MME Loraine SEYTRE;CYC;;0000000;20260806;COL_0550ENC;;FAC;;20260905;;GX1755901S;932;1;;CYAR20260807;;Facture;;B00000008J;
0441;3;GX1755901S;202608;E22;0441M2608TDUC;445715;0605691L;20260806;0441M2608TDUC;EUR;C;4070;+;704501;MME Loraine SEYTRE;CYC;;0000000;20260806;COL_0550ENC;;FAC;;20260905;;;;1;;CYAR20260807;;Facture;;B00000008J;
0441;3;GX1755901S;202608;E22;0441M2608TDUC;445715;0605691L;20260806;0441M2608TDUC;EUR;C;6382;+;704501;MME Loraine SEYTRE;CYC;;0000000;20260806;COL_1000ENC;;FAC;;20260905;;;;1;;CYAR20260807;;Facture;;B00000008J;
0551;3;GX1762707B;202608;E23;0551R2608T909;411150;0570363C;20260806;0551R2608T909;EUR;D;111600;+;;DALKIA;CYC;;0000000;20260806;;GX1762707B;FAC;;20260806;;;;;BC2350430;CYAR20260807;;Facture;EFT;B00000002C;
0551;3;GX1762707B;202608;E23;0551R2608T909;704501;0570363C;20260806;0551R2608T909;EUR;C;93000;+;445715;DALKIA;CYC;;0000000;20260806;COL_2000ENC;;FAC;;20260806;;GX1762707B;932;1;BC2350430;CYAR20260807;;Facture;EFT;B00000002C;
0551;3;GX1762707B;202608;E23;0551R2608T909;445715;0570363C;20260806;0551R2608T909;EUR;C;18600;+;704501;DALKIA;CYC;;0000000;20260806;COL_2000ENC;;FAC;;20260806;;;;1;BC2350430;CYAR20260807;;Facture;EFT;B00000002C;
0441;3;GX1756055S;202608;E22;0441M2608TDUD;411100;0541956A;20260806;0441M2608TDUD;EUR;D;20757;+;;IMM MASSENA;CYC;;0000000;20260806;;GX1756055S;FAC;;20260905;;;;;;CYAR20260807;;Facture;;B00000008J;
0441;3;GX1756055S;202608;E22;0441M2608TDUD;704501;0541956A;20260806;0441M2608TDUD;EUR;C;18870;+;445715;IMM MASSENA;CYC;;0000000;20260806;COL_1000ENC;;FAC;;20260905;;GX1756055S;932;1;;CYAR20260807;;Facture;;B00000008J;
0441;3;GX1756055S;202608;E22;0441M2608TDUD;445715;0541956A;20260806;0441M2608TDUD;EUR;C;1887;+;704501;IMM MASSENA;CYC;;0000000;20260806;COL_1000ENC;;FAC;;20260905;;;;1;;CYAR20260807;;Facture;;B00000008J;
0001;3;GX1707607M;202608;E22;0001S2608TK40;411100;0479038K;20260806;0001S2608TK40;EUR;D;53010;+;;LOTUS BAKERIES FRANCE SA;CYC;;0000000;20260806;;GX1707607M;FAC;;20260905;;;;;4501070415;CYAR20260807;;Facture;;B00000003D;
0001;3;GX1707607M;202608;E22;0001S2608TK40;704501;0479038K;20260806;0001S2608TK40;EUR;C;44175;+;445715;LOTUS BAKERIES FRANCE SA;CYC;;0000000;20260806;COL_2000ENC;;FAC;;20260905;;GX1707607M;932;1;4501070415;CYAR20260807;;Facture;;B00000003D;
0001;3;GX1707607M;202608;E22;0001S2608TK40;445715;0479038K;20260806;0001S2608TK40;EUR;C;8835;+;704501;LOTUS BAKERIES FRANCE SA;CYC;;0000000;20260806;COL_2000ENC;;FAC;;20260905;;;;1;4501070415;CYAR20260807;;Facture;;B00000003D;
0441;3;GX1699543Z;202608;E22;0441M2608TDTT;411100;0015725R;20260806;0441M2608TDTT;EUR;D;24860;+;;SYNDICAT COPROPRIETAIRES ;CYC;;0000000;20260806;;GX1699543Z;FAC;;20260905;;;;;;CYAR20260807;;Facture;;B00000008J;
0441;3;GX1699543Z;202608;E22;0441M2608TDTT;704501;0015725R;20260806;0441M2608TDTT;EUR;C;22600;+;445715;SYNDICAT COPROPRIETAIRES ;CYC;;0000000;20260806;COL_1000ENC;;FAC;;20260905;;GX1699543Z;932;1;;CYAR20260807;;Facture;;B00000008J;
0441;3;GX1699543Z;202608;E22;0441M2608TDTT;445715;0015725R;20260806;0441M2608TDTT;EUR;C;2260;+;704501;SYNDICAT COPROPRIETAIRES ;CYC;;0000000;20260806;COL_1000ENC;;FAC;;20260905;;;;1;;CYAR20260807;;Facture;;B00000008J;
0930;3;GX1748434G;202608;E22;0930E2608T466;411100;0491530A;20260806;0930E2608T466;EUR;D;107796;+;;HOTEL MERIDIEN BEACH PLAZ;CYC;;0000000;20260806;;GX1748434G;FAC;;20260905;;;;;;CYAR20260807;;Facture;;B00000007H;
0930;3;GX1748434G;202608;E22;0930E2608T466;704501;0491530A;20260806;0930E2608T466;EUR;C;89830;+;445715;HOTEL MERIDIEN BEACH PLAZ;CYC;;0000000;20260806;COL_2000ENC;;FAC;;20260905;;GX1748434G;932;1;;CYAR20260807;;Facture;;B00000007H;
0930;3;GX1748434G;202608;E22;0930E2608T466;445715;0491530A;20260806;0930E2608T466;EUR;C;17966;+;704501;HOTEL MERIDIEN BEACH PLAZ;CYC;;0000000;20260806;COL_2000ENC;;FAC;;20260905;;;;1;;CYAR20260807;;Facture;;B00000007H;
0551;3;GX1746619V;202608;E23;0551R2608T904;411150;0570363C;20260806;0551R2608T904;EUR;D;300960;+;;DALKIA;CYC;;0000000;20260806;;GX1746619V;FAC;;20260806;;;;;BC2309831;CYAR20260807;;Facture;EFT;B00000002C;
0551;3;GX1746619V;202608;E23;0551R2608T904;704501;0570363C;20260806;0551R2608T904;EUR;C;250800;+;445715;DALKIA;CYC;;0000000;20260806;COL_2000ENC;;FAC;;20260806;;GX1746619V;932;1;BC2309831;CYAR20260807;;Facture;EFT;B00000002C;
0551;3;GX1746619V;202608;E23;0551R2608T904;445715;0570363C;20260806;0551R2608T904;EUR;C;50160;+;704501;DALKIA;CYC;;0000000;20260806;COL_2000ENC;;FAC;;20260806;;;;1;BC2309831;CYAR20260807;;Facture;EFT;B00000002C;
0001;3;GX1762557F;202608;E22;0001N2608TK32;411100;0245365Z;20260806;0001N2608TK32;EUR;D;48176;+;;CAISSE REG CREDIT AGRICOL;CYC;;0000000;20260806;;GX1762557F;FAC;;20260905;;;;;13369;CYAR20260807;;Facture;;B00000005F;
0001;3;GX1762557F;202608;E22;0001N2608TK32;704501;0245365Z;20260806;0001N2608TK32;EUR;C;40147;+;445715;CAISSE REG CREDIT AGRICOL;CYC;;0000000;20260806;COL_2000ENC;;FAC;;20260905;;GX1762557F;932;1;13369;CYAR20260807;;Facture;;B00000005F;
0001;3;GX1762557F;202608;E22;0001N2608TK32;445715;0245365Z;20260806;0001N2608TK32;EUR;C;8029;+;704501;CAISSE REG CREDIT AGRICOL;CYC;;0000000;20260806;COL_2000ENC;;FAC;;20260905;;;;1;13369;CYAR20260807;;Facture;;B00000005F;
0441;3;GX1754395F;202608;E22;0441M2608TDUA;411100;0554709E;20260806;0441M2608TDUA;EUR;D;85030;+;;MM LOUIS COMPTE A B C;CYC;;0000000;20260806;;GX1754395F;FAC;;20260905;;;;;;CYAR20260807;;Facture;;B00000008J;
0441;3;GX1754395F;202608;E22;0441M2608TDUA;704501;0554709E;20260806;0441M2608TDUA;EUR;C;77300;+;445715;MM LOUIS COMPTE A B C;CYC;;0000000;20260806;COL_1000ENC;;FAC;;20260905;;GX1754395F;932;1;;CYAR20260807;;Facture;;B00000008J;
0441;3;GX1754395F;202608;E22;0441M2608TDUA;445715;0554709E;20260806;0441M2608TDUA;EUR;C;7730;+;704501;MM LOUIS COMPTE A B C;CYC;;0000000;20260806;COL_1000ENC;;FAC;;20260905;;;;1;;CYAR20260807;;Facture;;B00000008J;
0800;3;GX1722432J;202608;E22;0800E2608T556;411100;0313363W;20260806;0800E2608T556;EUR;D;39672;+;;COLLEGE FRANCOIS MITTERAN;CYC;;0000000;20260806;;GX1722432J;FAC;;20260905;;;;;EJ1818.1;CYAR20260807;;Facture;;B00000007H;
0800;3;GX1722432J;202608;E22;0800E2608T556;704501;0313363W;20260806;0800E2608T556;EUR;C;33060;+;445715;COLLEGE FRANCOIS MITTERAN;CYC;;0000000;20260806;COL_2000ENC;;FAC;;20260905;;GX1722432J;932;1;EJ1818.1;CYAR20260807;;Facture;;B00000007H;
0800;3;GX1722432J;202608;E22;0800E2608T556;445715;0313363W;20260806;0800E2608T556;EUR;C;6612;+;704501;COLLEGE FRANCOIS MITTERAN;CYC;;0000000;20260806;COL_2000ENC;;FAC;;20260905;;;;1;EJ1818.1;CYAR20260807;;Facture;;B00000007H;
0551;3;GX1762942T;202608;E23;0551R2608T910;411150;0570363C;20260806;0551R2608T910;EUR;D;127440;+;;DALKIA;CYC;;0000000;20260806;;GX1762942T;FAC;;20260806;;;;;BC2351450;CYAR20260807;;Facture;EFT;B00000002C;
0551;3;GX1762942T;202608;E23;0551R2608T910;704501;0570363C;20260806;0551R2608T910;EUR;C;106200;+;445715;DALKIA;CYC;;0000000;20260806;COL_2000ENC;;FAC;;20260806;;GX1762942T;932;1;BC2351450;CYAR20260807;;Facture;EFT;B00000002C;
0551;3;GX1762942T;202608;E23;0551R2608T910;445715;0570363C;20260806;0551R2608T910;EUR;C;21240;+;704501;DALKIA;CYC;;0000000;20260806;COL_2000ENC;;FAC;;20260806;;;;1;BC2351450;CYAR20260807;;Facture;EFT;B00000002C;
0001;3;GX1724191H;202608;E22;0001S2608TK35;411100;0329207S;20260806;0001S2608TK35;EUR;D;552960;+;;ARCELORMITTAL FRANCE FR76;CYC;;0000000;20260806;;GX1724191H;FAC;;20260905;;;;;4005277638;CYAR20260807;;Facture;;B00000003D;
0001;3;GX1724191H;202608;E22;0001S2608TK35;704501;0329207S;20260806;0001S2608TK35;EUR;C;460800;+;445715;ARCELORMITTAL FRANCE FR76;CYC;;0000000;20260806;COL_2000ENC;;FAC;;20260905;;GX1724191H;932;1;4005277638;CYAR20260807;;Facture;;B00000003D;
0001;3;GX1724191H;202608;E22;0001S2608TK35;445715;0329207S;20260806;0001S2608TK35;EUR;C;92160;+;704501;ARCELORMITTAL FRANCE FR76;CYC;;0000000;20260806;COL_2000ENC;;FAC;;20260905;;;;1;4005277638;CYAR20260807;;Facture;;B00000003D;
0001;3;GX1763469S;202608;E22;0001R2608TK36;411100;0221783W;20260806;0001R2608TK36;EUR;D;3015266;+;;FEDERATION FRANCAISE DE T;CYC;;0000000;20260806;;GX1763469S;ACT;;20260806;;;;;;CYAR20260807;;Acompte;;B00000002C;
0001;3;GX1763469S;202608;E22;0001R2608TK36;704501;0221783W;20260806;0001R2608TK36;EUR;C;2512722;+;445715;FEDERATION FRANCAISE DE T;CYC;;0000000;20260806;COL_2000ENC;;ACT;;20260806;;GX1763469S;932;1;;CYAR20260807;;Acompte;;B00000002C;
0001;3;GX1763469S;202608;E22;0001R2608TK36;445715;0221783W;20260806;0001R2608TK36;EUR;C;502544;+;704501;FEDERATION FRANCAISE DE T;CYC;;0000000;20260806;COL_2000ENC;;ACT;;20260806;;;;1;;CYAR20260807;;Acompte;;B00000002C;
0001;3;GX1742970Y;202608;E23;0001R2608TK45;411150;0305698J;20260806;0001R2608TK45;EUR;D;232560;+;;ELECTRICITE DE FRANCE;CYC;;0000000;20260806;;GX1742970Y;FAC;;20261005;;;;;8676 4220273241;CYAR20260807;;Facture;;B00000002C;
0001;3;GX1742970Y;202608;E23;0001R2608TK45;704501;0305698J;20260806;0001R2608TK45;EUR;C;193800;+;445715;ELECTRICITE DE FRANCE;CYC;;0000000;20260806;COL_2000ENC;;FAC;;20261005;;GX1742970Y;932;1;8676 4220273241;CYAR20260807;;Facture;;B00000002C;
0001;3;GX1742970Y;202608;E23;0001R2608TK45;445715;0305698J;20260806;0001R2608TK45;EUR;C;38760;+;704501;ELECTRICITE DE FRANCE;CYC;;0000000;20260806;COL_2000ENC;;FAC;;20261005;;;;1;8676 4220273241;CYAR20260807;;Facture;;B00000002C;
0001;3;GX1745217B;202608;E22;0001S2608TK46;411100;0329207S;20260806;0001S2608TK46;EUR;D;418800;+;;ARCELORMITTAL FRANCE FR76;CYC;;0000000;20260806;;GX1745217B;FAC;;20260905;;;;;4005363356;CYAR20260807;;Facture;;B00000003D;
0001;3;GX1745217B;202608;E22;0001S2608TK46;704501;0329207S;20260806;0001S2608TK46;EUR;C;349000;+;445715;ARCELORMITTAL FRANCE FR76;CYC;;0000000;20260806;COL_2000ENC;;FAC;;20260905;;GX1745217B;932;1;4005363356;CYAR20260807;;Facture;;B00000003D;
0001;3;GX1745217B;202608;E22;0001S2608TK46;445715;0329207S;20260806;0001S2608TK46;EUR;C;69800;+;704501;ARCELORMITTAL FRANCE FR76;CYC;;0000000;20260806;COL_2000ENC;;FAC;;20260905;;;;1;4005363356;CYAR20260807;;Facture;;B00000003D;
0001;3;GX1762933H;202608;E22;0001S2608TK47;411100;0330266K;20260806;0001S2608TK47;EUR;D;189900;+;;EURO INFORMATION EUROPEEN;CYC;;0000000;20260806;;GX1762933H;FAC;;20260905;;;;;202607210055;CYAR20260807;;Facture;;B00000003D;
0001;3;GX1762933H;202608;E22;0001S2608TK47;704501;0330266K;20260806;0001S2608TK47;EUR;C;158250;+;445715;EURO INFORMATION EUROPEEN;CYC;;0000000;20260806;COL_2000ENC;;FAC;;20260905;;GX1762933H;932;1;202607210055;CYAR20260807;;Facture;;B00000003D;
0001;3;GX1762933H;202608;E22;0001S2608TK47;445715;0330266K;20260806;0001S2608TK47;EUR;C;31650;+;704501;EURO INFORMATION EUROPEEN;CYC;;0000000;20260806;COL_2000ENC;;FAC;;20260905;;;;1;202607210055;CYAR20260807;;Facture;;B00000003D;
0800;3;GX1734546A;202608;E22;0800E2608T557;411100;0587500B;20260806;0800E2608T557;EUR;D;154238;+;;COMMUNE DE VENTAVON;CYC;;0000000;20260806;;GX1734546A;FAC;;20260905;;;;;;CYAR20260807;;Facture;;B00000007H;
0800;3;GX1734546A;202608;E22;0800E2608T557;704501;0587500B;20260806;0800E2608T557;EUR;C;128532;+;445715;COMMUNE DE VENTAVON;CYC;;0000000;20260806;COL_2000ENC;;FAC;;20260905;;GX1734546A;932;1;;CYAR20260807;;Facture;;B00000007H;
0800;3;GX1734546A;202608;E22;0800E2608T557;445715;0587500B;20260806;0800E2608T557;EUR;C;25706;+;704501;COMMUNE DE VENTAVON;CYC;;0000000;20260806;COL_2000ENC;;FAC;;20260905;;;;1;;CYAR20260807;;Facture;;B00000007H;
0514;3;GX1763463K;202608;E22;0514N2608T368;411100;0541253A;20260806;0514N2608T368;EUR;D;9570;+;;SERVICES DE L ETAT POUR L;CYC;;0000000;20260806;;GX1763463K;FAC;;20260905;;;;;1513820534;CYAR20260807;;Facture;;B00000005F;
0514;3;GX1763463K;202608;E22;0514N2608T368;704501;0541253A;20260806;0514N2608T368;EUR;C;7975;+;445715;SERVICES DE L ETAT POUR L;CYC;;0000000;20260806;COL_2000ENC;;FAC;;20260905;;GX1763463K;932;1;1513820534;CYAR20260807;;Facture;;B00000005F;
0514;3;GX1763463K;202608;E22;0514N2608T368;445715;0541253A;20260806;0514N2608T368;EUR;C;1595;+;704501;SERVICES DE L ETAT POUR L;CYC;;0000000;20260806;COL_2000ENC;;FAC;;20260905;;;;1;1513820534;CYAR20260807;;Facture;;B00000005F;
0001;3;GX1716005F;202608;E23;0001R2608TK55;411150;0305698J;20260806;0001R2608TK55;EUR;D;22336;+;;ELECTRICITE DE FRANCE;CYC;;0000000;20260806;;GX1716005F;FAC;;20261005;;;;;8676 4220269966;CYAR20260807;;Facture;;B00000002C;
0001;3;GX1716005F;202608;E23;0001R2608TK55;704501;0305698J;20260806;0001R2608TK55;EUR;C;18613;+;445715;ELECTRICITE DE FRANCE;CYC;;0000000;20260806;COL_2000ENC;;FAC;;20261005;;GX1716005F;932;1;8676 4220269966;CYAR20260807;;Facture;;B00000002C;
0001;3;GX1716005F;202608;E23;0001R2608TK55;445715;0305698J;20260806;0001R2608TK55;EUR;C;3723;+;704501;ELECTRICITE DE FRANCE;CYC;;0000000;20260806;COL_2000ENC;;FAC;;20261005;;;;1;8676 4220269966;CYAR20260807;;Facture;;B00000002C;
0001;3;GX1725371Z;202608;E22;0001M2608TK56;411100;0075221A;20260806;0001M2608TK56;EUR;D;174686;+;;DEUX FLEUVES LOIRE HABITA;CYC;;0000000;20260806;;GX1725371Z;FAC;;20260905;;;;;58302;CYAR20260807;;Facture;;B00000008J;
0001;3;GX1725371Z;202608;E22;0001M2608TK56;704501;0075221A;20260806;0001M2608TK56;EUR;C;145572;+;445715;DEUX FLEUVES LOIRE HABITA;CYC;;0000000;20260806;COL_2000ENC;;FAC;;20260905;;GX1725371Z;932;1;58302;CYAR20260807;;Facture;;B00000008J;
0001;3;GX1725371Z;202608;E22;0001M2608TK56;445715;0075221A;20260806;0001M2608TK56;EUR;C;29114;+;704501;DEUX FLEUVES LOIRE HABITA;CYC;;0000000;20260806;COL_2000ENC;;FAC;;20260905;;;;1;58302;CYAR20260807;;Facture;;B00000008J;
0001;3;GX1707663B;202608;E22;0001S2608TK28;411100;0580939O;20260806;0001S2608TK28;EUR;D;81450;+;;HABITAT DU NORD SA D HLM;CYC;;0000000;20260806;;GX1707663B;FAC;;20260905;;;;;26080312;CYAR20260807;;Facture;;B00000003D;
0001;3;GX1707663B;202608;E22;0001S2608TK28;704501;0580939O;20260806;0001S2608TK28;EUR;C;67875;+;445715;HABITAT DU NORD SA D HLM;CYC;;0000000;20260806;COL_2000ENC;;FAC;;20260905;;GX1707663B;932;1;26080312;CYAR20260807;;Facture;;B00000003D;
0001;3;GX1707663B;202608;E22;0001S2608TK28;445715;0580939O;20260806;0001S2608TK28;EUR;C;13575;+;704501;HABITAT DU NORD SA D HLM;CYC;;0000000;20260806;COL_2000ENC;;FAC;;20260905;;;;1;26080312;CYAR20260807;;Facture;;B00000003D;
0441;3;GX1701275S;202608;E22;0441M2608TDTU;411100;0586642R;20260806;0441M2608TDTU;EUR;D;2454;+;;M Jean Michel PLANQUOIS;CYC;;0000000;20260806;;GX1701275S;DEC;;20260905;;;;;;CYAR20260807;;Facture;;B00000008J;
0441;3;GX1701275S;202608;E22;0441M2608TDTU;704501;0586642R;20260806;0441M2608TDTU;EUR;C;4462;+;445715;M Jean Michel PLANQUOIS;CYC;;0000000;20260806;COL_1000ENC;;DEC;;20260905;;GX1701275S;932;1;;CYAR20260807;;Facture;;B00000008J;
0441;3;GX1701275S;202608;E22;0441M2608TDTU;704501;0586642R;20260806;0441M2608TDTU;EUR;C;2231;-;445715;M Jean Michel PLANQUOIS;CYC;;0000000;20260806;COL_1000ENC;;DEC;;20260905;;GX1701275S;932;1;;CYAR20260807;;Facture;;B00000008J;
0441;3;GX1701275S;202608;E22;0441M2608TDTU;445715;0586642R;20260806;0441M2608TDTU;EUR;C;223;-;704501;M Jean Michel PLANQUOIS;CYC;;0000000;20260806;COL_1000ENC;;DEC;;20260905;;;;1;;CYAR20260807;;Facture;;B00000008J;
0441;3;GX1701275S;202608;E22;0441M2608TDTU;445715;0586642R;20260806;0441M2608TDTU;EUR;C;446;+;704501;M Jean Michel PLANQUOIS;CYC;;0000000;20260806;COL_1000ENC;;DEC;;20260905;;;;1;;CYAR20260807;;Facture;;B00000008J;
0001;3;GX1719313P;202608;E22;0001E2608TK31;411100;0134179B;20260806;0001E2608TK31;EUR;D;2694068;+;;CENTRE HOSPITALIER REGION;CYC;;0000000;20260806;;GX1719313P;SIT;;20260925;;;;;PE941672;CYAR20260807;;Facture;;B00000007H;
0001;3;GX1719313P;202608;E22;0001E2608TK31;704501;0134179B;20260806;0001E2608TK31;EUR;C;2245057;+;445715;CENTRE HOSPITALIER REGION;CYC;;0000000;20260806;COL_2000ENC;;SIT;;20260925;;GX1719313P;932;1;PE941672;CYAR20260807;;Facture;;B00000007H;
0001;3;GX1719313P;202608;E22;0001E2608TK31;445715;0134179B;20260806;0001E2608TK31;EUR;C;449011;+;704501;CENTRE HOSPITALIER REGION;CYC;;0000000;20260806;COL_2000ENC;;SIT;;20260925;;;;1;PE941672;CYAR20260807;;Facture;;B00000007H;
0551;3;GX1754397H;202608;E23;0551R2608T906;411150;0570363C;20260806;0551R2608T906;EUR;D;132240;+;;DALKIA;CYC;;0000000;20260806;;GX1754397H;FAC;;20260806;;;;;BC2325715;CYAR20260807;;Facture;EFT;B00000002C;
0551;3;GX1754397H;202608;E23;0551R2608T906;704501;0570363C;20260806;0551R2608T906;EUR;C;110200;+;445715;DALKIA;CYC;;0000000;20260806;COL_2000ENC;;FAC;;20260806;;GX1754397H;932;1;BC2325715;CYAR20260807;;Facture;EFT;B00000002C;
0551;3;GX1754397H;202608;E23;0551R2608T906;445715;0570363C;20260806;0551R2608T906;EUR;C;22040;+;704501;DALKIA;CYC;;0000000;20260806;COL_2000ENC;;FAC;;20260806;;;;1;BC2325715;CYAR20260807;;Facture;EFT;B00000002C;
0930;3;GX1739901K;202608;E22;0930E2608T467;411100;0491530A;20260806;0930E2608T467;EUR;D;464880;+;;HOTEL MERIDIEN BEACH PLAZ;CYC;;0000000;20260806;;GX1739901K;FAC;;20260905;;;;;18851;CYAR20260807;;Facture;;B00000007H;
0930;3;GX1739901K;202608;E22;0930E2608T467;704501;0491530A;20260806;0930E2608T467;EUR;C;387400;+;445715;HOTEL MERIDIEN BEACH PLAZ;CYC;;0000000;20260806;COL_2000ENC;;FAC;;20260905;;GX1739901K;932;1;18851;CYAR20260807;;Facture;;B00000007H;
0930;3;GX1739901K;202608;E22;0930E2608T467;445715;0491530A;20260806;0930E2608T467;EUR;C;77480;+;704501;HOTEL MERIDIEN BEACH PLAZ;CYC;;0000000;20260806;COL_2000ENC;;FAC;;20260905;;;;1;18851;CYAR20260807;;Facture;;B00000007H;
0001;3;GX1604518R;202608;E23;0001S2608TK33;411150;0588369P;20260806;0001S2608TK33;EUR;D;24881088;+;;R ENERGIES;CYC;;0000000;20260806;;GX1604518R;DGD;;20260806;;;;;21344927;CYAR20260807;;Facture;EFT;B00000003D;
0001;3;GX1604518R;202608;E23;0001S2608TK33;704501;0588369P;20260806;0001S2608TK33;EUR;C;20734240;+;445715;R ENERGIES;CYC;;0000000;20260806;COL_2000ENC;;DGD;;20260806;;GX1604518R;932;1;21344927;CYAR20260807;;Facture;EFT;B00000003D;
0001;3;GX1604518R;202608;E23;0001S2608TK33;445715;0588369P;20260806;0001S2608TK33;EUR;C;4146848;+;704501;R ENERGIES;CYC;;0000000;20260806;COL_2000ENC;;DGD;;20260806;;;;1;21344927;CYAR20260807;;Facture;EFT;B00000003D;
0441;3;GX1756459B;202608;E22;0441M2608TDUE;411100;0574730S;20260806;0441M2608TDUE;EUR;D;97790;+;;RESIDENCE B;CYC;;0000000;20260806;;GX1756459B;FAC;;20260905;;;;;;CYAR20260807;;Facture;;B00000008J;
0441;3;GX1756459B;202608;E22;0441M2608TDUE;704501;0574730S;20260806;0441M2608TDUE;EUR;C;88900;+;445715;RESIDENCE B;CYC;;0000000;20260806;COL_1000ENC;;FAC;;20260905;;GX1756459B;932;1;;CYAR20260807;;Facture;;B00000008J;
0441;3;GX1756459B;202608;E22;0441M2608TDUE;445715;0574730S;20260806;0441M2608TDUE;EUR;C;8890;+;704501;RESIDENCE B;CYC;;0000000;20260806;COL_1000ENC;;FAC;;20260905;;;;1;;CYAR20260807;;Facture;;B00000008J;
0001;3;GX1724184A;202608;E22;0001S2608TK34;411100;0329207S;20260806;0001S2608TK34;EUR;D;348000;+;;ARCELORMITTAL FRANCE FR76;CYC;;0000000;20260806;;GX1724184A;FAC;;20260905;;;;;4005277637;CYAR20260807;;Facture;;B00000003D;
0001;3;GX1724184A;202608;E22;0001S2608TK34;704501;0329207S;20260806;0001S2608TK34;EUR;C;290000;+;445715;ARCELORMITTAL FRANCE FR76;CYC;;0000000;20260806;COL_2000ENC;;FAC;;20260905;;GX1724184A;932;1;4005277637;CYAR20260807;;Facture;;B00000003D;
0001;3;GX1724184A;202608;E22;0001S2608TK34;445715;0329207S;20260806;0001S2608TK34;EUR;C;58000;+;704501;ARCELORMITTAL FRANCE FR76;CYC;;0000000;20260806;COL_2000ENC;;FAC;;20260905;;;;1;4005277637;CYAR20260807;;Facture;;B00000003D;
0001;3;GX1763470T;202608;E22;0001E2608TK37;411100;0268297Y;20260806;0001E2608TK37;EUR;D;177790;+;;FONDATION CHARLES MION   ;CYC;;0000000;20260806;;GX1763470T;ACT;;20260910;;;;;selon votre bon pour accord ;CYAR20260807;;Acompte;;B00000007H;
0001;3;GX1763470T;202608;E22;0001E2608TK37;704501;0268297Y;20260806;0001E2608TK37;EUR;C;148158;+;445715;FONDATION CHARLES MION   ;CYC;;0000000;20260806;COL_2000ENC;;ACT;;20260910;;GX1763470T;932;1;selon votre bon pour accord ;CYAR20260807;;Acompte;;B00000007H;
0001;3;GX1763470T;202608;E22;0001E2608TK37;445715;0268297Y;20260806;0001E2608TK37;EUR;C;29632;+;704501;FONDATION CHARLES MION   ;CYC;;0000000;20260806;COL_2000ENC;;ACT;;20260910;;;;1;selon votre bon pour accord ;CYAR20260807;;Acompte;;B00000007H;
0001;3;GX1733965P;202608;E22;0001S2608TK39;411100;0329207S;20260806;0001S2608TK39;EUR;D;348000;+;;ARCELORMITTAL FRANCE FR76;CYC;;0000000;20260806;;GX1733965P;FAC;;20260905;;;;;4005322270;CYAR20260807;;Facture;;B00000003D;
0001;3;GX1733965P;202608;E22;0001S2608TK39;704501;0329207S;20260806;0001S2608TK39;EUR;C;290000;+;445715;ARCELORMITTAL FRANCE FR76;CYC;;0000000;20260806;COL_2000ENC;;FAC;;20260905;;GX1733965P;932;1;4005322270;CYAR20260807;;Facture;;B00000003D;
0001;3;GX1733965P;202608;E22;0001S2608TK39;445715;0329207S;20260806;0001S2608TK39;EUR;C;58000;+;704501;ARCELORMITTAL FRANCE FR76;CYC;;0000000;20260806;COL_2000ENC;;FAC;;20260905;;;;1;4005322270;CYAR20260807;;Facture;;B00000003D;
0001;3;GX1723886L;202608;E22;0001S2608TK44;411100;0329207S;20260806;0001S2608TK44;EUR;D;348000;+;;ARCELORMITTAL FRANCE FR76;CYC;;0000000;20260806;;GX1723886L;FAC;;20260905;;;;;4005345501;CYAR20260807;;Facture;;B00000003D;
0001;3;GX1723886L;202608;E22;0001S2608TK44;704501;0329207S;20260806;0001S2608TK44;EUR;C;290000;+;445715;ARCELORMITTAL FRANCE FR76;CYC;;0000000;20260806;COL_2000ENC;;FAC;;20260905;;GX1723886L;932;1;4005345501;CYAR20260807;;Facture;;B00000003D;
0001;3;GX1723886L;202608;E22;0001S2608TK44;445715;0329207S;20260806;0001S2608TK44;EUR;C;58000;+;704501;ARCELORMITTAL FRANCE FR76;CYC;;0000000;20260806;COL_2000ENC;;FAC;;20260905;;;;1;4005345501;CYAR20260807;;Facture;;B00000003D;
0683;3;GX1604512J;202608;E22;0683S2608T034;411100;0000470T;20260806;0683S2608T034;EUR;D;24881088;+;;VILOGIA SOCIETE ANONYME D;CYC;;0000000;20260806;;GX1604512J;DGD;;20260905;;;;;21344927;CYAR20260807;;Facture;;B00000003D;
0683;3;GX1604512J;202608;E22;0683S2608T034;704501;0000470T;20260806;0683S2608T034;EUR;C;20734240;+;445715;VILOGIA SOCIETE ANONYME D;CYC;;0000000;20260806;COL_2000ENC;;DGD;;20260905;;GX1604512J;932;1;21344927;CYAR20260807;;Facture;;B00000003D;
0683;3;GX1604512J;202608;E22;0683S2608T034;445715;0000470T;20260806;0683S2608T034;EUR;C;4146848;+;704501;VILOGIA SOCIETE ANONYME D;CYC;;0000000;20260806;COL_2000ENC;;DGD;;20260905;;;;1;21344927;CYAR20260807;;Facture;;B00000003D;
0001;3;GX1736498T;202608;E23;0001R2608TK48;411150;0305698J;20260806;0001R2608TK48;EUR;D;63665;+;;ELECTRICITE DE FRANCE;CYC;;0000000;20260806;;GX1736498T;FAC;;20261005;;;;;8676 4320355227;CYAR20260807;;Facture;;B00000002C;
0001;3;GX1736498T;202608;E23;0001R2608TK48;704501;0305698J;20260806;0001R2608TK48;EUR;C;53054;+;445715;ELECTRICITE DE FRANCE;CYC;;0000000;20260806;COL_2000ENC;;FAC;;20261005;;GX1736498T;932;1;8676 4320355227;CYAR20260807;;Facture;;B00000002C;
0001;3;GX1736498T;202608;E23;0001R2608TK48;445715;0305698J;20260806;0001R2608TK48;EUR;C;10611;+;704501;ELECTRICITE DE FRANCE;CYC;;0000000;20260806;COL_2000ENC;;FAC;;20261005;;;;1;8676 4320355227;CYAR20260807;;Facture;;B00000002C;
0514;3;GX1759959D;202608;E22;0514N2608T366;411100;0317004K;20260806;0514N2608T366;EUR;D;19487;+;;AGENCE REG SANTE CENTRE V;CYC;;0000000;20260806;;GX1759959D;FAC;;20260905;;;;;E2026001201;CYAR20260807;;Facture;;B00000005F;
0514;3;GX1759959D;202608;E22;0514N2608T366;704501;0317004K;20260806;0514N2608T366;EUR;C;16239;+;445715;AGENCE REG SANTE CENTRE V;CYC;;0000000;20260806;COL_2000ENC;;FAC;;20260905;;GX1759959D;932;1;E2026001201;CYAR20260807;;Facture;;B00000005F;
0514;3;GX1759959D;202608;E22;0514N2608T366;445715;0317004K;20260806;0514N2608T366;EUR;C;3248;+;704501;AGENCE REG SANTE CENTRE V;CYC;;0000000;20260806;COL_2000ENC;;FAC;;20260905;;;;1;E2026001201;CYAR20260807;;Facture;;B00000005F;
0441;3;GX1761947M;202608;E22;0441M2608TDUF;411100;0121100S;20260806;0441M2608TDUF;EUR;D;25566;+;;SVCE DEP INCENDIE SECOURS;CYC;;0000000;20260806;;GX1761947M;FAC;;20260905;;;;;26 05637;CYAR20260807;;Facture;;B00000008J;
0441;3;GX1761947M;202608;E22;0441M2608TDUF;704501;0121100S;20260806;0441M2608TDUF;EUR;C;21305;+;445715;SVCE DEP INCENDIE SECOURS;CYC;;0000000;20260806;COL_2000ENC;;FAC;;20260905;;GX1761947M;932;1;26 05637;CYAR20260807;;Facture;;B00000008J;
0441;3;GX1761947M;202608;E22;0441M2608TDUF;445715;0121100S;20260806;0441M2608TDUF;EUR;C;4261;+;704501;SVCE DEP INCENDIE SECOURS;CYC;;0000000;20260806;COL_2000ENC;;FAC;;20260905;;;;1;26 05637;CYAR20260807;;Facture;;B00000008J;
0001;3;GX1718483X;202608;E23;0001R2608TK51;411150;0478584M;20260806;0001R2608TK51;EUR;D;357466;+;;PROTERTIA FM;CYC;;0000000;20260806;;GX1718483X;FAC;;20260930;;;;;CA260138;CYAR20260807;;Facture;;B00000002C;
0001;3;GX1718483X;202608;E23;0001R2608TK51;704501;0478584M;20260806;0001R2608TK51;EUR;C;297888;+;445715;PROTERTIA FM;CYC;;0000000;20260806;COL_2000ENC;;FAC;;20260930;;GX1718483X;932;1;CA260138;CYAR20260807;;Facture;;B00000002C;
0001;3;GX1718483X;202608;E23;0001R2608TK51;445715;0478584M;20260806;0001R2608TK51;EUR;C;59578;+;704501;PROTERTIA FM;CYC;;0000000;20260806;COL_2000ENC;;FAC;;20260930;;;;1;CA260138;CYAR20260807;;Facture;;B00000002C;
0001;3;GX1748457H;202608;E22;0001R2608TK53;411100;0162649L;20260806;0001R2608TK53;EUR;D;1909908;+;;FONDATION HOPITAL SAINT J;CYC;;0000000;20260806;;GX1748457H;DEC;;20260905;;;;;STAN.32633.1.GHPSJ;CYAR20260807;;Facture;;B00000002C;
0001;3;GX1748457H;202608;E22;0001R2608TK53;704501;0162649L;20260806;0001R2608TK53;EUR;C;2273700;+;445715;FONDATION HOPITAL SAINT J;CYC;;0000000;20260806;COL_2000ENC;;DEC;;20260905;;GX1748457H;932;1;STAN.32633.1.GHPSJ;CYAR20260807;;Facture;;B00000002C;
0001;3;GX1748457H;202608;E22;0001R2608TK53;704501;0162649L;20260806;0001R2608TK53;EUR;C;682110;-;445715;FONDATION HOPITAL SAINT J;CYC;;0000000;20260806;COL_2000ENC;;DEC;;20260905;;GX1748457H;932;1;STAN.32633.1.GHPSJ;CYAR20260807;;Facture;;B00000002C;
0001;3;GX1748457H;202608;E22;0001R2608TK53;445715;0162649L;20260806;0001R2608TK53;EUR;C;136422;-;704501;FONDATION HOPITAL SAINT J;CYC;;0000000;20260806;COL_2000ENC;;DEC;;20260905;;;;1;STAN.32633.1.GHPSJ;CYAR20260807;;Facture;;B00000002C;
0001;3;GX1748457H;202608;E22;0001R2608TK53;445715;0162649L;20260806;0001R2608TK53;EUR;C;454740;+;704501;FONDATION HOPITAL SAINT J;CYC;;0000000;20260806;COL_2000ENC;;DEC;;20260905;;;;1;STAN.32633.1.GHPSJ;CYAR20260807;;Facture;;B00000002C;
0001;3;GX1474809V;202608;E22;0001M2608TK41;411100;0441162B;20260806;0001M2608TK41;EUR;D;15339898;+;;VICHY HABITAT;CYC;;0000000;20260806;;GX1474809V;SIT;;20260905;;;;;2024   783;CYAR20260807;;Facture;;B00000008J;
0001;3;GX1474809V;202608;E22;0001M2608TK41;704501;0441162B;20260806;0001M2608TK41;EUR;C;12851996;+;445715;VICHY HABITAT;CYC;;0000000;20260806;COL_0550ENC;;SIT;;20260905;;GX1474809V;932;1;2024   783;CYAR20260807;;Facture;;B00000008J;
0001;3;GX1474809V;202608;E22;0001M2608TK41;704501;0441162B;20260806;0001M2608TK41;EUR;C;1484202;+;445715;VICHY HABITAT;CYC;;0000000;20260806;COL_2000ENC;;SIT;;20260905;;GX1474809V;932;1;2024   783;CYAR20260807;;Facture;;B00000008J;
0001;3;GX1474809V;202608;E22;0001M2608TK41;445715;0441162B;20260806;0001M2608TK41;EUR;C;706860;+;704501;VICHY HABITAT;CYC;;0000000;20260806;COL_0550ENC;;SIT;;20260905;;;;1;2024   783;CYAR20260807;;Facture;;B00000008J;
0001;3;GX1474809V;202608;E22;0001M2608TK41;445715;0441162B;20260806;0001M2608TK41;EUR;C;296840;+;704501;VICHY HABITAT;CYC;;0000000;20260806;COL_2000ENC;;SIT;;20260905;;;;1;2024   783;CYAR20260807;;Facture;;B00000008J;
0001;3;GX1733968T;202608;E22;0001S2608TK42;411100;0329207S;20260806;0001S2608TK42;EUR;D;552960;+;;ARCELORMITTAL FRANCE FR76;CYC;;0000000;20260806;;GX1733968T;FAC;;20260905;;;;;4005322270;CYAR20260807;;Facture;;B00000003D;
0001;3;GX1733968T;202608;E22;0001S2608TK42;704501;0329207S;20260806;0001S2608TK42;EUR;C;460800;+;445715;ARCELORMITTAL FRANCE FR76;CYC;;0000000;20260806;COL_2000ENC;;FAC;;20260905;;GX1733968T;932;1;4005322270;CYAR20260807;;Facture;;B00000003D;
0001;3;GX1733968T;202608;E22;0001S2608TK42;445715;0329207S;20260806;0001S2608TK42;EUR;C;92160;+;704501;ARCELORMITTAL FRANCE FR76;CYC;;0000000;20260806;COL_2000ENC;;FAC;;20260905;;;;1;4005322270;CYAR20260807;;Facture;;B00000003D;
0001;3;GX1676251F;202608;E22;0001S2608TK43;411100;0000470T;20260806;0001S2608TK43;EUR;D;3449953;+;;VILOGIA SOCIETE ANONYME D;CYC;;0000000;20260806;;GX1676251F;CEE;;20260905;0001S2608TJ22;;;;;CYAR20260807;;Facture;;B00000003D;
0001;3;GX1676251F;202608;E22;0001S2608TK43;709450;0000470T;20260806;0001S2608TK43;EUR;C;3449953;+;445715;VILOGIA SOCIETE ANONYME D;CYC;;0000000;20260806;COL_0000ENC;;CEE;;20260905;0001S2608TJ22;GX1676251F;932;1;;CYAR20260807;AVOIR TRAVAUX CEE TTC;Facture;;B00000003D;
0514;3;GX1763457D;202608;E22;0514N2608T367;411100;0536432F;20260806;0514N2608T367;EUR;D;9570;+;;SERVICES DE L ETAT POUR L;CYC;;0000000;20260806;;GX1763457D;FAC;;20260905;;;;;1513844771;CYAR20260807;;Facture;;B00000005F;
0514;3;GX1763457D;202608;E22;0514N2608T367;704501;0536432F;20260806;0514N2608T367;EUR;C;7975;+;445715;SERVICES DE L ETAT POUR L;CYC;;0000000;20260806;COL_2000ENC;;FAC;;20260905;;GX1763457D;932;1;1513844771;CYAR20260807;;Facture;;B00000005F;
0514;3;GX1763457D;202608;E22;0514N2608T367;445715;0536432F;20260806;0514N2608T367;EUR;C;1595;+;704501;SERVICES DE L ETAT POUR L;CYC;;0000000;20260806;COL_2000ENC;;FAC;;20260905;;;;1;1513844771;CYAR20260807;;Facture;;B00000005F;
0441;3;GX1763490R;202608;E22;0441M2608TDUG;411100;0606003W;20260806;0441M2608TDUG;EUR;D;25320;+;;SCI TROIS;CYC;;0000000;20260806;;GX1763490R;FAC;;20260806;;;;;;CYAR20260807;;Facture;;B00000008J;
0441;3;GX1763490R;202608;E22;0441M2608TDUG;704501;0606003W;20260806;0441M2608TDUG;EUR;C;24000;+;445715;SCI TROIS;CYC;;0000000;20260806;COL_0550ENC;;FAC;;20260806;;GX1763490R;932;1;;CYAR20260807;;Facture;;B00000008J;
0441;3;GX1763490R;202608;E22;0441M2608TDUG;445715;0606003W;20260806;0441M2608TDUG;EUR;C;1320;+;704501;SCI TROIS;CYC;;0000000;20260806;COL_0550ENC;;FAC;;20260806;;;;1;;CYAR20260807;;Facture;;B00000008J;
0001;3;GX1667143F;202608;E22;0001S2608TK50;411100;0000113Z;20260806;0001S2608TK50;EUR;D;73572;+;;COMMUNE DE CAPPELLE LA GR;CYC;;0000000;20260806;;GX1667143F;FAC;;20260905;;;;;2026 000124;CYAR20260807;;Facture;;B00000003D;
0001;3;GX1667143F;202608;E22;0001S2608TK50;704501;0000113Z;20260806;0001S2608TK50;EUR;C;61310;+;445715;COMMUNE DE CAPPELLE LA GR;CYC;;0000000;20260806;COL_2000ENC;;FAC;;20260905;;GX1667143F;932;1;2026 000124;CYAR20260807;;Facture;;B00000003D;
0001;3;GX1667143F;202608;E22;0001S2608TK50;445715;0000113Z;20260806;0001S2608TK50;EUR;C;12262;+;704501;COMMUNE DE CAPPELLE LA GR;CYC;;0000000;20260806;COL_2000ENC;;FAC;;20260905;;;;1;2026 000124;CYAR20260807;;Facture;;B00000003D;
0001;3;GX1718633S;202608;E22;0001S2608TK58;411100;0314090B;20260806;0001S2608TK58;EUR;D;243000;+;;LESIEUR;CYC;;0000000;20260806;;GX1718633S;FAC;;20260905;;;;;QXM3000254051;CYAR20260807;;Facture;;B00000003D;
0001;3;GX1718633S;202608;E22;0001S2608TK58;704501;0314090B;20260806;0001S2608TK58;EUR;C;202500;+;445715;LESIEUR;CYC;;0000000;20260806;COL_2000ENC;;FAC;;20260905;;GX1718633S;932;1;QXM3000254051;CYAR20260807;;Facture;;B00000003D;
0001;3;GX1718633S;202608;E22;0001S2608TK58;445715;0314090B;20260806;0001S2608TK58;EUR;C;40500;+;704501;LESIEUR;CYC;;0000000;20260806;COL_2000ENC;;FAC;;20260905;;;;1;QXM3000254051;CYAR20260807;;Facture;;B00000003D;
0001;3;GX1703259X;202608;E23;0001R2608TK59;411150;0478584M;20260806;0001R2608TK59;EUR;D;1350330;+;;PROTERTIA FM;CYC;;0000000;20260806;;GX1703259X;DEC;;20260930;;;;;CA260095;CYAR20260807;;Facture;;B00000002C;
0001;3;GX1703259X;202608;E23;0001R2608TK59;704501;0478584M;20260806;0001R2608TK59;EUR;C;482261;-;445715;PROTERTIA FM;CYC;;0000000;20260806;COL_2000ENC;;DEC;;20260930;;GX1703259X;932;1;CA260095;CYAR20260807;;Facture;;B00000002C;
0001;3;GX1703259X;202608;E23;0001R2608TK59;704501;0478584M;20260806;0001R2608TK59;EUR;C;1607536;+;445715;PROTERTIA FM;CYC;;0000000;20260806;COL_2000ENC;;DEC;;20260930;;GX1703259X;932;1;CA260095;CYAR20260807;;Facture;;B00000002C;
0001;3;GX1703259X;202608;E23;0001R2608TK59;445715;0478584M;20260806;0001R2608TK59;EUR;C;96452;-;704501;PROTERTIA FM;CYC;;0000000;20260806;COL_2000ENC;;DEC;;20260930;;;;1;CA260095;CYAR20260807;;Facture;;B00000002C;
0001;3;GX1703259X;202608;E23;0001R2608TK59;445715;0478584M;20260806;0001R2608TK59;EUR;C;321507;+;704501;PROTERTIA FM;CYC;;0000000;20260806;COL_2000ENC;;DEC;;20260930;;;;1;CA260095;CYAR20260807;;Facture;;B00000002C;
0001;3;GX1746935D;202608;E22;0001L2608TK60;411100;0605814X;20260806;0001L2608TK60;EUR;C;27480;+;;PROLOGISTIK FRANCE SOFTWA;CYC;;0000000;20260806;;GX1746935D;FAC;;20260905;0001L2607T034;;;;YOOZ 7179;CYAR20260807;;Avoir;;B00000006G;
0001;3;GX1746935D;202608;E22;0001L2608TK60;704501;0605814X;20260806;0001L2608TK60;EUR;D;22900;+;445715;PROLOGISTIK FRANCE SOFTWA;CYC;;0000000;20260806;COL_2000ENC;;FAC;;20260905;0001L2607T034;GX1746935D;932;1;YOOZ 7179;CYAR20260807;;Avoir;;B00000006G;
0001;3;GX1746935D;202608;E22;0001L2608TK60;445715;0605814X;20260806;0001L2608TK60;EUR;D;4580;+;704501;PROLOGISTIK FRANCE SOFTWA;CYC;;0000000;20260806;COL_2000ENC;;FAC;;20260905;0001L2607T034;;;1;YOOZ 7179;CYAR20260807;;Avoir;;B00000006G;
0001;3;GX1746935D;202608;E22;0001L2608TK61;411100;0605814X;20260806;0001L2608TK61;EUR;D;27480;+;;PROLOGISTIK FRANCE SOFTWA;CYC;;0000000;20260806;;GX1746935D;FAC;;20260905;;;;;YOOZ 7179;CYAR20260807;;Facture;;B00000006G;
0001;3;GX1746935D;202608;E22;0001L2608TK61;704501;0605814X;20260806;0001L2608TK61;EUR;C;22900;+;445715;PROLOGISTIK FRANCE SOFTWA;CYC;;0000000;20260806;COL_2000ENC;;FAC;;20260905;;GX1746935D;932;1;YOOZ 7179;CYAR20260807;;Facture;;B00000006G;
0001;3;GX1746935D;202608;E22;0001L2608TK61;445715;0605814X;20260806;0001L2608TK61;EUR;C;4580;+;704501;PROLOGISTIK FRANCE SOFTWA;CYC;;0000000;20260806;COL_2000ENC;;FAC;;20260905;;;;1;YOOZ 7179;CYAR20260807;;Facture;;B00000006G;
0800;3;GX1746192J;202608;E22;0800E2608T558;411100;0313363W;20260806;0800E2608T558;EUR;D;76944;+;;COLLEGE FRANCOIS MITTERAN;CYC;;0000000;20260806;;GX1746192J;FAC;;20260905;;;;;EJ1946.1 ;CYAR20260807;;Facture;;B00000007H;
0800;3;GX1746192J;202608;E22;0800E2608T558;704501;0313363W;20260806;0800E2608T558;EUR;C;64120;+;445715;COLLEGE FRANCOIS MITTERAN;CYC;;0000000;20260806;COL_2000ENC;;FAC;;20260905;;GX1746192J;932;1;EJ1946.1 ;CYAR20260807;;Facture;;B00000007H;
0800;3;GX1746192J;202608;E22;0800E2608T558;445715;0313363W;20260806;0800E2608T558;EUR;C;12824;+;704501;COLLEGE FRANCOIS MITTERAN;CYC;;0000000;20260806;COL_2000ENC;;FAC;;20260905;;;;1;EJ1946.1 ;CYAR20260807;;Facture;;B00000007H;
0001;3;GX1741288L;202608;E22;0001C2608TK69;411100;0589297M;20260806;0001C2608TK69;EUR;D;109216;+;;REGION GRAND EST;CYC;;0000000;20260806;;GX1741288L;FAC;;20260905;;;;;2026 041224;CYAR20260807;;Facture;;B00000004E;
0001;3;GX1741288L;202608;E22;0001C2608TK69;704501;0589297M;20260806;0001C2608TK69;EUR;C;91013;+;445715;REGION GRAND EST;CYC;;0000000;20260806;COL_2000ENC;;FAC;;20260905;;GX1741288L;932;1;2026 041224;CYAR20260807;;Facture;;B00000004E;
0001;3;GX1741288L;202608;E22;0001C2608TK69;445715;0589297M;20260806;0001C2608TK69;EUR;C;18203;+;704501;REGION GRAND EST;CYC;;0000000;20260806;COL_2000ENC;;FAC;;20260905;;;;1;2026 041224;CYAR20260807;;Facture;;B00000004E;
0119;3;GX1736534J;202608;E23;0119O2608TY80;411150;0305698J;20260806;0119O2608TY80;EUR;D;672000;+;;ELECTRICITE DE FRANCE;CYC;;0000000;20260806;;GX1736534J;FAC;;20261005;;;;;5100 4210670208;CYAR20260807;;Facture;;B00000001B;
0119;3;GX1736534J;202608;E23;0119O2608TY80;704501;0305698J;20260806;0119O2608TY80;EUR;C;560000;+;445715;ELECTRICITE DE FRANCE;CYC;;0000000;20260806;COL_2000ENC;;FAC;;20261005;;GX1736534J;932;1;5100 4210670208;CYAR20260807;;Facture;;B00000001B;
0119;3;GX1736534J;202608;E23;0119O2608TY80;445715;0305698J;20260806;0119O2608TY80;EUR;C;112000;+;704501;ELECTRICITE DE FRANCE;CYC;;0000000;20260806;COL_2000ENC;;FAC;;20261005;;;;1;5100 4210670208;CYAR20260807;;Facture;;B00000001B;
0930;3;GX1747462C;202608;E22;0930E2608T471;411100;0491530A;20260806;0930E2608T471;EUR;D;53040;+;;HOTEL MERIDIEN BEACH PLAZ;CYC;;0000000;20260806;;GX1747462C;FAC;;20260905;;;;;;CYAR20260807;;Facture;;B00000007H;
0930;3;GX1747462C;202608;E22;0930E2608T471;704501;0491530A;20260806;0930E2608T471;EUR;C;44200;+;445715;HOTEL MERIDIEN BEACH PLAZ;CYC;;0000000;20260806;COL_2000ENC;;FAC;;20260905;;GX1747462C;932;1;;CYAR20260807;;Facture;;B00000007H;
0930;3;GX1747462C;202608;E22;0930E2608T471;445715;0491530A;20260806;0930E2608T471;EUR;C;8840;+;704501;HOTEL MERIDIEN BEACH PLAZ;CYC;;0000000;20260806;COL_2000ENC;;FAC;;20260905;;;;1;;CYAR20260807;;Facture;;B00000007H;
0800;3;GX1668962Y;202608;E22;0800E2608T559;411100;0486003C;20260806;0800E2608T559;EUR;D;165617;+;;LE RAMEAU D OR;CYC;;0000000;20260806;;GX1668962Y;FAC;;20261010;;;;;700400;CYAR20260807;;Facture;;B00000007H;
0800;3;GX1668962Y;202608;E22;0800E2608T559;704501;0486003C;20260806;0800E2608T559;EUR;C;138014;+;445715;LE RAMEAU D OR;CYC;;0000000;20260806;COL_2000ENC;;FAC;;20261010;;GX1668962Y;932;1;700400;CYAR20260807;;Facture;;B00000007H;
0800;3;GX1668962Y;202608;E22;0800E2608T559;445715;0486003C;20260806;0800E2608T559;EUR;C;27603;+;704501;LE RAMEAU D OR;CYC;;0000000;20260806;COL_2000ENC;;FAC;;20261010;;;;1;700400;CYAR20260807;;Facture;;B00000007H;
0930;3;GX1741831D;202608;E22;0930E2608T473;411100;0491530A;20260806;0930E2608T473;EUR;D;308804;+;;HOTEL MERIDIEN BEACH PLAZ;CYC;;0000000;20260806;;GX1741831D;FAC;;20260905;;;;;;CYAR20260807;;Facture;;B00000007H;
0930;3;GX1741831D;202608;E22;0930E2608T473;704501;0491530A;20260806;0930E2608T473;EUR;C;257337;+;445715;HOTEL MERIDIEN BEACH PLAZ;CYC;;0000000;20260806;COL_2000ENC;;FAC;;20260905;;GX1741831D;932;1;;CYAR20260807;;Facture;;B00000007H;
0930;3;GX1741831D;202608;E22;0930E2608T473;445715;0491530A;20260806;0930E2608T473;EUR;C;51467;+;704501;HOTEL MERIDIEN BEACH PLAZ;CYC;;0000000;20260806;COL_2000ENC;;FAC;;20260905;;;;1;;CYAR20260807;;Facture;;B00000007H;
0001;3;GX1755649F;202608;E22;0001C2608TK80;411100;0605683C;20260806;0001C2608TK80;EUR;D;43120;+;;M Quentin BENESY;CYC;;0000000;20260806;;GX1755649F;DEC;;20260905;;;;;;CYAR20260807;;Facture;;B00000004E;
0001;3;GX1755649F;202608;E22;0001C2608TK80;704501;0605683C;20260806;0001C2608TK80;EUR;C;16800;-;445715;M Quentin BENESY;CYC;;0000000;20260806;COL_1000ENC;;DEC;;20260905;;GX1755649F;932;1;;CYAR20260807;;Facture;;B00000004E;
0001;3;GX1755649F;202608;E22;0001C2608TK80;704501;0605683C;20260806;0001C2608TK80;EUR;C;56000;+;445715;M Quentin BENESY;CYC;;0000000;20260806;COL_1000ENC;;DEC;;20260905;;GX1755649F;932;1;;CYAR20260807;;Facture;;B00000004E;
0001;3;GX1755649F;202608;E22;0001C2608TK80;445715;0605683C;20260806;0001C2608TK80;EUR;C;1680;-;704501;M Quentin BENESY;CYC;;0000000;20260806;COL_1000ENC;;DEC;;20260905;;;;1;;CYAR20260807;;Facture;;B00000004E;
0001;3;GX1755649F;202608;E22;0001C2608TK80;445715;0605683C;20260806;0001C2608TK80;EUR;C;5600;+;704501;M Quentin BENESY;CYC;;0000000;20260806;COL_1000ENC;;DEC;;20260905;;;;1;;CYAR20260807;;Facture;;B00000004E;
0551;3;GX1759853H;202608;E23;0551R2608T911;411150;0570363C;20260806;0551R2608T911;EUR;D;870840;+;;DALKIA;CYC;;0000000;20260806;;GX1759853H;FAC;;20260806;;;;;BC2341847;CYAR20260807;;Facture;EFT;B00000002C;
0551;3;GX1759853H;202608;E23;0551R2608T911;704501;0570363C;20260806;0551R2608T911;EUR;C;725700;+;445715;DALKIA;CYC;;0000000;20260806;COL_2000ENC;;FAC;;20260806;;GX1759853H;932;1;BC2341847;CYAR20260807;;Facture;EFT;B00000002C;
0551;3;GX1759853H;202608;E23;0551R2608T911;445715;0570363C;20260806;0551R2608T911;EUR;C;145140;+;704501;DALKIA;CYC;;0000000;20260806;COL_2000ENC;;FAC;;20260806;;;;1;BC2341847;CYAR20260807;;Facture;EFT;B00000002C;
0001;3;GX1721581S;202608;E23;0001R2608TK49;411150;0305698J;20260806;0001R2608TK49;EUR;D;34412;+;;ELECTRICITE DE FRANCE;CYC;;0000000;20260806;;GX1721581S;FAC;;20261005;;;;;8676 4220270715;CYAR20260807;;Facture;;B00000002C;
0001;3;GX1721581S;202608;E23;0001R2608TK49;704501;0305698J;20260806;0001R2608TK49;EUR;C;28677;+;445715;ELECTRICITE DE FRANCE;CYC;;0000000;20260806;COL_2000ENC;;FAC;;20261005;;GX1721581S;932;1;8676 4220270715;CYAR20260807;;Facture;;B00000002C;
0001;3;GX1721581S;202608;E23;0001R2608TK49;445715;0305698J;20260806;0001R2608TK49;EUR;C;5735;+;704501;ELECTRICITE DE FRANCE;CYC;;0000000;20260806;COL_2000ENC;;FAC;;20261005;;;;1;8676 4220270715;CYAR20260807;;Facture;;B00000002C;
0001;3;GX1748457H;202608;E22;0001R2608TK52;411100;0593810D;20260806;0001R2608TK52;EUR;C;1909908;+;;S.C.I HML;CYC;;0000000;20260806;;GX1748457H;DEC;;20260905;0001R2607TWCR;;;;devis signe P LHOMMEAU;CYAR20260807;;Avoir;;B00000002C;
0001;3;GX1748457H;202608;E22;0001R2608TK52;704501;0593810D;20260806;0001R2608TK52;EUR;D;682110;-;445715;S.C.I HML;CYC;;0000000;20260806;COL_2000ENC;;DEC;;20260905;0001R2607TWCR;GX1748457H;932;1;devis signe P LHOMMEAU;CYAR20260807;;Avoir;;B00000002C;
0001;3;GX1748457H;202608;E22;0001R2608TK52;704501;0593810D;20260806;0001R2608TK52;EUR;D;2273700;+;445715;S.C.I HML;CYC;;0000000;20260806;COL_2000ENC;;DEC;;20260905;0001R2607TWCR;GX1748457H;932;1;devis signe P LHOMMEAU;CYAR20260807;;Avoir;;B00000002C;
0001;3;GX1748457H;202608;E22;0001R2608TK52;445715;0593810D;20260806;0001R2608TK52;EUR;D;136422;-;704501;S.C.I HML;CYC;;0000000;20260806;COL_2000ENC;;DEC;;20260905;0001R2607TWCR;;;1;devis signe P LHOMMEAU;CYAR20260807;;Avoir;;B00000002C;
0001;3;GX1748457H;202608;E22;0001R2608TK52;445715;0593810D;20260806;0001R2608TK52;EUR;D;454740;+;704501;S.C.I HML;CYC;;0000000;20260806;COL_2000ENC;;DEC;;20260905;0001R2607TWCR;;;1;devis signe P LHOMMEAU;CYAR20260807;;Avoir;;B00000002C;
0001;3;GX1474809V;202608;E22;0001M2608TK54;411100;0441162B;20260806;0001M2608TK54;EUR;D;481554;+;;VICHY HABITAT;CYC;;0000000;20260806;;GX1474809V;FAC;;20260905;;;;;2024   783;CYAR20260807;;Facture;;B00000008J;
0001;3;GX1474809V;202608;E22;0001M2608TK54;704501;0441162B;20260806;0001M2608TK54;EUR;C;88466;+;445715;VICHY HABITAT;CYC;;0000000;20260806;COL_0550ENC;;FAC;;20260905;;GX1474809V;932;1;2024   783;CYAR20260807;;Facture;;B00000008J;
0001;3;GX1474809V;202608;E22;0001M2608TK54;704501;0441162B;20260806;0001M2608TK54;EUR;C;323518;+;445715;VICHY HABITAT;CYC;;0000000;20260806;COL_2000ENC;;FAC;;20260905;;GX1474809V;932;1;2024   783;CYAR20260807;;Facture;;B00000008J;
0001;3;GX1474809V;202608;E22;0001M2608TK54;445715;0441162B;20260806;0001M2608TK54;EUR;C;4866;+;704501;VICHY HABITAT;CYC;;0000000;20260806;COL_0550ENC;;FAC;;20260905;;;;1;2024   783;CYAR20260807;;Facture;;B00000008J;
0001;3;GX1474809V;202608;E22;0001M2608TK54;445715;0441162B;20260806;0001M2608TK54;EUR;C;64704;+;704501;VICHY HABITAT;CYC;;0000000;20260806;COL_2000ENC;;FAC;;20260905;;;;1;2024   783;CYAR20260807;;Facture;;B00000008J;
0119;3;GX1739277B;202608;E23;0119O2608TY79;411150;0305698J;20260806;0119O2608TY79;EUR;D;283868;+;;ELECTRICITE DE FRANCE;CYC;;0000000;20260806;;GX1739277B;FAC;;20261005;;;;;5100 4210670208;CYAR20260807;;Facture;;B00000001B;
0119;3;GX1739277B;202608;E23;0119O2608TY79;704501;0305698J;20260806;0119O2608TY79;EUR;C;236557;+;445715;ELECTRICITE DE FRANCE;CYC;;0000000;20260806;COL_2000ENC;;FAC;;20261005;;GX1739277B;932;1;5100 4210670208;CYAR20260807;;Facture;;B00000001B;
0119;3;GX1739277B;202608;E23;0119O2608TY79;445715;0305698J;20260806;0119O2608TY79;EUR;C;47311;+;704501;ELECTRICITE DE FRANCE;CYC;;0000000;20260806;COL_2000ENC;;FAC;;20261005;;;;1;5100 4210670208;CYAR20260807;;Facture;;B00000001B;
0514;3;GX1751120J;202608;E22;0514N2608T369;411100;0476942E;20260806;0514N2608T369;EUR;D;47700;+;;SOCIETE DU PARC DU FUTURO;CYC;;0000000;20260806;;GX1751120J;FAC;;20260905;;;;;CF PAR 2603215;CYAR20260807;;Facture;;B00000005F;
0514;3;GX1751120J;202608;E22;0514N2608T369;704501;0476942E;20260806;0514N2608T369;EUR;C;39750;+;445715;SOCIETE DU PARC DU FUTURO;CYC;;0000000;20260806;COL_2000ENC;;FAC;;20260905;;GX1751120J;932;1;CF PAR 2603215;CYAR20260807;;Facture;;B00000005F;
0514;3;GX1751120J;202608;E22;0514N2608T369;445715;0476942E;20260806;0514N2608T369;EUR;C;7950;+;704501;SOCIETE DU PARC DU FUTURO;CYC;;0000000;20260806;COL_2000ENC;;FAC;;20260905;;;;1;CF PAR 2603215;CYAR20260807;;Facture;;B00000005F;
0001;3;GX1688557P;202608;E22;0001L2608TK62;411100;0605814X;20260806;0001L2608TK62;EUR;C;103106;+;;PROLOGISTIK FRANCE SOFTWA;CYC;;0000000;20260806;;GX1688557P;FAC;;20260905;0001L2607TZXB;;;;26 011;CYAR20260807;;Avoir;;B00000006G;
0001;3;GX1688557P;202608;E22;0001L2608TK62;704501;0605814X;20260806;0001L2608TK62;EUR;D;85922;+;445715;PROLOGISTIK FRANCE SOFTWA;CYC;;0000000;20260806;COL_2000ENC;;FAC;;20260905;0001L2607TZXB;GX1688557P;932;1;26 011;CYAR20260807;;Avoir;;B00000006G;
0001;3;GX1688557P;202608;E22;0001L2608TK62;445715;0605814X;20260806;0001L2608TK62;EUR;D;17184;+;704501;PROLOGISTIK FRANCE SOFTWA;CYC;;0000000;20260806;COL_2000ENC;;FAC;;20260905;0001L2607TZXB;;;1;26 011;CYAR20260807;;Avoir;;B00000006G;
0930;3;GX1744638T;202608;E22;0930E2608T470;411100;0491530A;20260806;0930E2608T470;EUR;D;146952;+;;HOTEL MERIDIEN BEACH PLAZ;CYC;;0000000;20260806;;GX1744638T;FAC;;20260905;;;;;18953;CYAR20260807;;Facture;;B00000007H;
0930;3;GX1744638T;202608;E22;0930E2608T470;704501;0491530A;20260806;0930E2608T470;EUR;C;122460;+;445715;HOTEL MERIDIEN BEACH PLAZ;CYC;;0000000;20260806;COL_2000ENC;;FAC;;20260905;;GX1744638T;932;1;18953;CYAR20260807;;Facture;;B00000007H;
0930;3;GX1744638T;202608;E22;0930E2608T470;445715;0491530A;20260806;0930E2608T470;EUR;C;24492;+;704501;HOTEL MERIDIEN BEACH PLAZ;CYC;;0000000;20260806;COL_2000ENC;;FAC;;20260905;;;;1;18953;CYAR20260807;;Facture;;B00000007H;
0001;3;GX1651162W;202608;E22;0001M2608TK67;411100;0039966L;20260806;0001M2608TK67;EUR;D;25669;+;;COPROPRIETE METARE J;CYC;;0000000;20260806;;GX1651162W;FAC;;20260905;;;;;;CYAR20260807;;Facture;;B00000008J;
0001;3;GX1651162W;202608;E22;0001M2608TK67;704501;0039966L;20260806;0001M2608TK67;EUR;C;23335;+;445715;COPROPRIETE METARE J;CYC;;0000000;20260806;COL_1000ENC;;FAC;;20260905;;GX1651162W;932;1;;CYAR20260807;;Facture;;B00000008J;
0001;3;GX1651162W;202608;E22;0001M2608TK67;445715;0039966L;20260806;0001M2608TK67;EUR;C;2334;+;704501;COPROPRIETE METARE J;CYC;;0000000;20260806;COL_1000ENC;;FAC;;20260905;;;;1;;CYAR20260807;;Facture;;B00000008J;
0551;3;GX1759856L;202608;E23;0551R2608T912;411150;0570363C;20260806;0551R2608T912;EUR;D;597600;+;;DALKIA;CYC;;0000000;20260806;;GX1759856L;FAC;;20260806;;;;;BC2341851;CYAR20260807;;Facture;EFT;B00000002C;
0551;3;GX1759856L;202608;E23;0551R2608T912;704501;0570363C;20260806;0551R2608T912;EUR;C;498000;+;445715;DALKIA;CYC;;0000000;20260806;COL_2000ENC;;FAC;;20260806;;GX1759856L;932;1;BC2341851;CYAR20260807;;Facture;EFT;B00000002C;
0551;3;GX1759856L;202608;E23;0551R2608T912;445715;0570363C;20260806;0551R2608T912;EUR;C;99600;+;704501;DALKIA;CYC;;0000000;20260806;COL_2000ENC;;FAC;;20260806;;;;1;BC2341851;CYAR20260807;;Facture;EFT;B00000002C;
0001;3;GX1591583S;202608;E22;0001M2608TK70;411100;0450754R;20260806;0001M2608TK70;EUR;D;12685;+;;LE TOIT FOREZIEN;CYC;;0000000;20260806;;GX1591583S;FAC;;20260905;;;;;;CYAR20260807;;Facture;;B00000008J;
0001;3;GX1591583S;202608;E22;0001M2608TK70;704501;0450754R;20260806;0001M2608TK70;EUR;C;11532;+;445715;LE TOIT FOREZIEN;CYC;;0000000;20260806;COL_1000ENC;;FAC;;20260905;;GX1591583S;932;1;;CYAR20260807;;Facture;;B00000008J;
0001;3;GX1591583S;202608;E22;0001M2608TK70;445715;0450754R;20260806;0001M2608TK70;EUR;C;1153;+;704501;LE TOIT FOREZIEN;CYC;;0000000;20260806;COL_1000ENC;;FAC;;20260905;;;;1;;CYAR20260807;;Facture;;B00000008J;
0001;3;GX1667946T;202608;E22;0001R2608TK71;411100;0301803J;20260806;0001R2608TK71;EUR;D;263244;+;;ICADE;CYC;;0000000;20260806;;GX1667946T;FAC;;20261005;;;;;X1D04026260001;CYAR20260807;;Facture;;B00000002C;
0001;3;GX1667946T;202608;E22;0001R2608TK71;704501;0301803J;20260806;0001R2608TK71;EUR;C;219370;+;445715;ICADE;CYC;;0000000;20260806;COL_2000ENC;;FAC;;20261005;;GX1667946T;932;1;X1D04026260001;CYAR20260807;;Facture;;B00000002C;
0001;3;GX1667946T;202608;E22;0001R2608TK71;445715;0301803J;20260806;0001R2608TK71;EUR;C;43874;+;704501;ICADE;CYC;;0000000;20260806;COL_2000ENC;;FAC;;20261005;;;;1;X1D04026260001;CYAR20260807;;Facture;;B00000002C;
0800;3;GX1733983K;202608;E22;0800E2608T560;411100;0152036Y;20260806;0800E2608T560;EUR;D;139650;+;;CLINIQUE DE TOUTES AURES;CYC;;0000000;20260806;;GX1733983K;FAC;;20261010;;;;;;CYAR20260807;;Facture;;B00000007H;
0800;3;GX1733983K;202608;E22;0800E2608T560;704501;0152036Y;20260806;0800E2608T560;EUR;C;116375;+;445715;CLINIQUE DE TOUTES AURES;CYC;;0000000;20260806;COL_2000ENC;;FAC;;20261010;;GX1733983K;932;1;;CYAR20260807;;Facture;;B00000007H;
0800;3;GX1733983K;202608;E22;0800E2608T560;445715;0152036Y;20260806;0800E2608T560;EUR;C;23275;+;704501;CLINIQUE DE TOUTES AURES;CYC;;0000000;20260806;COL_2000ENC;;FAC;;20261010;;;;1;;CYAR20260807;;Facture;;B00000007H;
0001;3;GX1755645B;202608;E22;0001C2608TK78;411100;0605683C;20260806;0001C2608TK78;EUR;D;83025;+;;M Quentin BENESY;CYC;;0000000;20260806;;GX1755645B;DEC;;20260905;;;;;;CYAR20260807;;Facture;;B00000004E;
0001;3;GX1755645B;202608;E22;0001C2608TK78;704501;0605683C;20260806;0001C2608TK78;EUR;C;65800;+;445715;M Quentin BENESY;CYC;;0000000;20260806;COL_1000ENC;;DEC;;20260905;;GX1755645B;932;1;;CYAR20260807;;Facture;;B00000004E;
0001;3;GX1755645B;202608;E22;0001C2608TK78;704501;0605683C;20260806;0001C2608TK78;EUR;C;19740;-;445715;M Quentin BENESY;CYC;;0000000;20260806;COL_1000ENC;;DEC;;20260905;;GX1755645B;932;1;;CYAR20260807;;Facture;;B00000004E;
0001;3;GX1755645B;202608;E22;0001C2608TK78;704501;0605683C;20260806;0001C2608TK78;EUR;C;11558;-;445715;M Quentin BENESY;CYC;;0000000;20260806;COL_2000ENC;;DEC;;20260905;;GX1755645B;932;1;;CYAR20260807;;Facture;;B00000004E;
0001;3;GX1755645B;202608;E22;0001C2608TK78;704501;0605683C;20260806;0001C2608TK78;EUR;C;38524;+;445715;M Quentin BENESY;CYC;;0000000;20260806;COL_2000ENC;;DEC;;20260905;;GX1755645B;932;1;;CYAR20260807;;Facture;;B00000004E;
0001;3;GX1755645B;202608;E22;0001C2608TK78;445715;0605683C;20260806;0001C2608TK78;EUR;C;1974;-;704501;M Quentin BENESY;CYC;;0000000;20260806;COL_1000ENC;;DEC;;20260905;;;;1;;CYAR20260807;;Facture;;B00000004E;
0001;3;GX1755645B;202608;E22;0001C2608TK78;445715;0605683C;20260806;0001C2608TK78;EUR;C;6580;+;704501;M Quentin BENESY;CYC;;0000000;20260806;COL_1000ENC;;DEC;;20260905;;;;1;;CYAR20260807;;Facture;;B00000004E;
0001;3;GX1755645B;202608;E22;0001C2608TK78;445715;0605683C;20260806;0001C2608TK78;EUR;C;2312;-;704501;M Quentin BENESY;CYC;;0000000;20260806;COL_2000ENC;;DEC;;20260905;;;;1;;CYAR20260807;;Facture;;B00000004E;
0001;3;GX1755645B;202608;E22;0001C2608TK78;445715;0605683C;20260806;0001C2608TK78;EUR;C;7705;+;704501;M Quentin BENESY;CYC;;0000000;20260806;COL_2000ENC;;DEC;;20260905;;;;1;;CYAR20260807;;Facture;;B00000004E;
0001;3;GX1756203K;202608;E22;0001E2608TK81;411100;0501835H;20260806;0001E2608TK81;EUR;D;42637;+;;COURONNE ARENAS;CYC;;0000000;20260806;;GX1756203K;FAC;;20260905;;;;;;CYAR20260807;;Facture;;B00000007H;
0001;3;GX1756203K;202608;E22;0001E2608TK81;704501;0501835H;20260806;0001E2608TK81;EUR;C;35531;+;445715;COURONNE ARENAS;CYC;;0000000;20260806;COL_2000ENC;;FAC;;20260905;;GX1756203K;932;1;;CYAR20260807;;Facture;;B00000007H;
0001;3;GX1756203K;202608;E22;0001E2608TK81;445715;0501835H;20260806;0001E2608TK81;EUR;C;7106;+;704501;COURONNE ARENAS;CYC;;0000000;20260806;COL_2000ENC;;FAC;;20260905;;;;1;;CYAR20260807;;Facture;;B00000007H;
0306;3;GX1763536T;202608;E23;0306C2608T506;411150;0417942S;20260806;0306C2608T506;EUR;D;512590;+;;DALKIA;CYC;;0000000;20260806;;GX1763536T;ACT;;20260806;;;;;GT1763310L;CYAR20260807;;Acompte;EFT;B00000004E;
0306;3;GX1763536T;202608;E23;0306C2608T506;704501;0417942S;20260806;0306C2608T506;EUR;C;427158;+;445715;DALKIA;CYC;;0000000;20260806;COL_2000ENC;;ACT;;20260806;;GX1763536T;932;1;GT1763310L;CYAR20260807;;Acompte;EFT;B00000004E;
0306;3;GX1763536T;202608;E23;0306C2608T506;445715;0417942S;20260806;0306C2608T506;EUR;C;85432;+;704501;DALKIA;CYC;;0000000;20260806;COL_2000ENC;;ACT;;20260806;;;;1;GT1763310L;CYAR20260807;;Acompte;EFT;B00000004E;
0001;3;GX1740578E;202608;E22;0001E2608TK84;411100;0129614W;20260806;0001E2608TK84;EUR;D;48972;+;;ASSOCIATION SAINT PIERRE;CYC;;0000000;20260806;;GX1740578E;FAC;;20261010;;;;;;CYAR20260807;;Facture;;B00000007H;
0001;3;GX1740578E;202608;E22;0001E2608TK84;704501;0129614W;20260806;0001E2608TK84;EUR;C;40810;+;445715;ASSOCIATION SAINT PIERRE;CYC;;0000000;20260806;COL_2000ENC;;FAC;;20261010;;GX1740578E;932;1;;CYAR20260807;;Facture;;B00000007H;
0001;3;GX1740578E;202608;E22;0001E2608TK84;445715;0129614W;20260806;0001E2608TK84;EUR;C;8162;+;704501;ASSOCIATION SAINT PIERRE;CYC;;0000000;20260806;COL_2000ENC;;FAC;;20261010;;;;1;;CYAR20260807;;Facture;;B00000007H;
0001;3;GX1688570E;202608;E22;0001L2608TK65;411100;0605814X;20260806;0001L2608TK65;EUR;C;256198;+;;PROLOGISTIK FRANCE SOFTWA;CYC;;0000000;20260806;;GX1688570E;FAC;;20260905;0001L2607TZXT;;;;26 015;CYAR20260807;;Avoir;;B00000006G;
0001;3;GX1688570E;202608;E22;0001L2608TK65;704501;0605814X;20260806;0001L2608TK65;EUR;D;213498;+;445715;PROLOGISTIK FRANCE SOFTWA;CYC;;0000000;20260806;COL_2000ENC;;FAC;;20260905;0001L2607TZXT;GX1688570E;932;1;26 015;CYAR20260807;;Avoir;;B00000006G;
0001;3;GX1688570E;202608;E22;0001L2608TK65;445715;0605814X;20260806;0001L2608TK65;EUR;D;42700;+;704501;PROLOGISTIK FRANCE SOFTWA;CYC;;0000000;20260806;COL_2000ENC;;FAC;;20260905;0001L2607TZXT;;;1;26 015;CYAR20260807;;Avoir;;B00000006G;
0001;3;GX1688570E;202608;E22;0001L2608TK66;411100;0605814X;20260806;0001L2608TK66;EUR;D;256198;+;;PROLOGISTIK FRANCE SOFTWA;CYC;;0000000;20260806;;GX1688570E;FAC;;20260905;;;;;26 015;CYAR20260807;;Facture;;B00000006G;
0001;3;GX1688570E;202608;E22;0001L2608TK66;704501;0605814X;20260806;0001L2608TK66;EUR;C;213498;+;445715;PROLOGISTIK FRANCE SOFTWA;CYC;;0000000;20260806;COL_2000ENC;;FAC;;20260905;;GX1688570E;932;1;26 015;CYAR20260807;;Facture;;B00000006G;
0001;3;GX1688570E;202608;E22;0001L2608TK66;445715;0605814X;20260806;0001L2608TK66;EUR;C;42700;+;704501;PROLOGISTIK FRANCE SOFTWA;CYC;;0000000;20260806;COL_2000ENC;;FAC;;20260905;;;;1;26 015;CYAR20260807;;Facture;;B00000006G;
0441;3;GX1756875Z;202608;E22;0441M2608TDUH;411100;0323283Y;20260806;0441M2608TDUH;EUR;D;19800;+;;SDC CLOS DE L ABBAYE;CYC;;0000000;20260806;;GX1756875Z;FAC;;20260905;;;;;;CYAR20260807;;Facture;;B00000008J;
0441;3;GX1756875Z;202608;E22;0441M2608TDUH;704501;0323283Y;20260806;0441M2608TDUH;EUR;C;18000;+;445715;SDC CLOS DE L ABBAYE;CYC;;0000000;20260806;COL_1000ENC;;FAC;;20260905;;GX1756875Z;932;1;;CYAR20260807;;Facture;;B00000008J;
0441;3;GX1756875Z;202608;E22;0441M2608TDUH;445715;0323283Y;20260806;0441M2608TDUH;EUR;C;1800;+;704501;SDC CLOS DE L ABBAYE;CYC;;0000000;20260806;COL_1000ENC;;FAC;;20260905;;;;1;;CYAR20260807;;Facture;;B00000008J;
0001;3;GX1726658L;202608;E22;0001E2608TK73;411100;0587553Q;20260806;0001E2608TK73;EUR;D;33492;+;;CA BJP;CYC;;0000000;20260806;;GX1726658L;FAC;;20260806;;;;;;CYAR20260807;;Facture;;B00000007H;
0001;3;GX1726658L;202608;E22;0001E2608TK73;704501;0587553Q;20260806;0001E2608TK73;EUR;C;27910;+;445715;CA BJP;CYC;;0000000;20260806;COL_2000ENC;;FAC;;20260806;;GX1726658L;932;1;;CYAR20260807;;Facture;;B00000007H;
0001;3;GX1726658L;202608;E22;0001E2608TK73;445715;0587553Q;20260806;0001E2608TK73;EUR;C;5582;+;704501;CA BJP;CYC;;0000000;20260806;COL_2000ENC;;FAC;;20260806;;;;1;;CYAR20260807;;Facture;;B00000007H;
0001;3;GX1741924J;202608;E22;0001R2608TK74;411100;0301803J;20260806;0001R2608TK74;EUR;D;46232;+;;ICADE;CYC;;0000000;20260806;;GX1741924J;FAC;;20261005;;;;;X1D32212260012;CYAR20260807;;Facture;;B00000002C;
0001;3;GX1741924J;202608;E22;0001R2608TK74;704501;0301803J;20260806;0001R2608TK74;EUR;C;38527;+;445715;ICADE;CYC;;0000000;20260806;COL_2000ENC;;FAC;;20261005;;GX1741924J;932;1;X1D32212260012;CYAR20260807;;Facture;;B00000002C;
0001;3;GX1741924J;202608;E22;0001R2608TK74;445715;0301803J;20260806;0001R2608TK74;EUR;C;7705;+;704501;ICADE;CYC;;0000000;20260806;COL_2000ENC;;FAC;;20261005;;;;1;X1D32212260012;CYAR20260807;;Facture;;B00000002C;
0930;3;GX1739882N;202608;E22;0930E2608T472;411100;0491530A;20260806;0930E2608T472;EUR;D;281662;+;;HOTEL MERIDIEN BEACH PLAZ;CYC;;0000000;20260806;;GX1739882N;FAC;;20260905;;;;;18844;CYAR20260807;;Facture;;B00000007H;
0930;3;GX1739882N;202608;E22;0930E2608T472;704501;0491530A;20260806;0930E2608T472;EUR;C;234718;+;445715;HOTEL MERIDIEN BEACH PLAZ;CYC;;0000000;20260806;COL_2000ENC;;FAC;;20260905;;GX1739882N;932;1;18844;CYAR20260807;;Facture;;B00000007H;
0930;3;GX1739882N;202608;E22;0930E2608T472;445715;0491530A;20260806;0930E2608T472;EUR;C;46944;+;704501;HOTEL MERIDIEN BEACH PLAZ;CYC;;0000000;20260806;COL_2000ENC;;FAC;;20260905;;;;1;18844;CYAR20260807;;Facture;;B00000007H;
0001;3;GX1763260E;202608;E22;0001S2608TK75;411100;0597319V;20260806;0001S2608TK75;EUR;D;25210;+;;LILLE METROPOLE HABITAT;CYC;;0000000;20260806;;GX1763260E;FAC;;20260905;;;;;F19096;CYAR20260807;;Facture;;B00000003D;
0001;3;GX1763260E;202608;E22;0001S2608TK75;704501;0597319V;20260806;0001S2608TK75;EUR;C;21008;+;445715;LILLE METROPOLE HABITAT;CYC;;0000000;20260806;COL_2000ENC;;FAC;;20260905;;GX1763260E;932;1;F19096;CYAR20260807;;Facture;;B00000003D;
0001;3;GX1763260E;202608;E22;0001S2608TK75;445715;0597319V;20260806;0001S2608TK75;EUR;C;4202;+;704501;LILLE METROPOLE HABITAT;CYC;;0000000;20260806;COL_2000ENC;;FAC;;20260905;;;;1;F19096;CYAR20260807;;Facture;;B00000003D;
0001;3;GX1742770W;202608;E22;0001R2608TK76;411100;0301803J;20260806;0001R2608TK76;EUR;D;350904;+;;ICADE;CYC;;0000000;20260806;;GX1742770W;FAC;;20261005;;;;;X1D04031260005;CYAR20260807;;Facture;;B00000002C;
0001;3;GX1742770W;202608;E22;0001R2608TK76;704501;0301803J;20260806;0001R2608TK76;EUR;C;292420;+;445715;ICADE;CYC;;0000000;20260806;COL_2000ENC;;FAC;;20261005;;GX1742770W;932;1;X1D04031260005;CYAR20260807;;Facture;;B00000002C;
0001;3;GX1742770W;202608;E22;0001R2608TK76;445715;0301803J;20260806;0001R2608TK76;EUR;C;58484;+;704501;ICADE;CYC;;0000000;20260806;COL_2000ENC;;FAC;;20261005;;;;1;X1D04031260005;CYAR20260807;;Facture;;B00000002C;
0001;3;GX1637660C;202608;E22;0001E2608TK82;411100;0596619B;20260806;0001E2608TK82;EUR;D;379249;+;;GIE IMERI PALAIS;CYC;;0000000;20260806;;GX1637660C;FAC;;20261010;;;;;;CYAR20260807;;Facture;;B00000007H;
0001;3;GX1637660C;202608;E22;0001E2608TK82;704501;0596619B;20260806;0001E2608TK82;EUR;C;316041;+;445715;GIE IMERI PALAIS;CYC;;0000000;20260806;COL_2000ENC;;FAC;;20261010;;GX1637660C;932;1;;CYAR20260807;;Facture;;B00000007H;
0001;3;GX1637660C;202608;E22;0001E2608TK82;445715;0596619B;20260806;0001E2608TK82;EUR;C;63208;+;704501;GIE IMERI PALAIS;CYC;;0000000;20260806;COL_2000ENC;;FAC;;20261010;;;;1;;CYAR20260807;;Facture;;B00000007H;
0306;3;GX1763558T;202608;E23;0306C2608T507;411150;0472764G;20260806;0306C2608T507;EUR;D;96838;+;;DALKIA;CYC;;0000000;20260806;;GX1763558T;ACT;;20260806;;;;;GX1756403M;CYAR20260807;;Acompte;EFT;B00000004E;
0306;3;GX1763558T;202608;E23;0306C2608T507;704501;0472764G;20260806;0306C2608T507;EUR;C;80698;+;445715;DALKIA;CYC;;0000000;20260806;COL_2000ENC;;ACT;;20260806;;GX1763558T;932;1;GX1756403M;CYAR20260807;;Acompte;EFT;B00000004E;
0306;3;GX1763558T;202608;E23;0306C2608T507;445715;0472764G;20260806;0306C2608T507;EUR;C;16140;+;704501;DALKIA;CYC;;0000000;20260806;COL_2000ENC;;ACT;;20260806;;;;1;GX1756403M;CYAR20260807;;Acompte;EFT;B00000004E;
0306;3;GX1763559V;202608;E23;0306C2608T508;411150;0472764G;20260806;0306C2608T508;EUR;D;97321;+;;DALKIA;CYC;;0000000;20260806;;GX1763559V;ACT;;20260806;;;;;GX1756412Y;CYAR20260807;;Acompte;EFT;B00000004E;
0306;3;GX1763559V;202608;E23;0306C2608T508;704501;0472764G;20260806;0306C2608T508;EUR;C;81101;+;445715;DALKIA;CYC;;0000000;20260806;COL_2000ENC;;ACT;;20260806;;GX1763559V;932;1;GX1756412Y;CYAR20260807;;Acompte;EFT;B00000004E;
0306;3;GX1763559V;202608;E23;0306C2608T508;445715;0472764G;20260806;0306C2608T508;EUR;C;16220;+;704501;DALKIA;CYC;;0000000;20260806;COL_2000ENC;;ACT;;20260806;;;;1;GX1756412Y;CYAR20260807;;Acompte;EFT;B00000004E;
0001;3;GX1762773B;202608;E22;0001E2608TK83;411100;0526290J;20260806;0001E2608TK83;EUR;D;524150;+;;EAUX MINERALES NATURELLES;CYC;;0000000;20260806;;GX1762773B;ACT;;20260806;;;;;CACS07A2608 0005;CYAR20260807;;Acompte;;B00000007H;
0001;3;GX1762773B;202608;E22;0001E2608TK83;704501;0526290J;20260806;0001E2608TK83;EUR;C;436792;+;445715;EAUX MINERALES NATURELLES;CYC;;0000000;20260806;COL_2000ENC;;ACT;;20260806;;GX1762773B;932;1;CACS07A2608 0005;CYAR20260807;;Acompte;;B00000007H;
0001;3;GX1762773B;202608;E22;0001E2608TK83;445715;0526290J;20260806;0001E2608TK83;EUR;C;87358;+;704501;EAUX MINERALES NATURELLES;CYC;;0000000;20260806;COL_2000ENC;;ACT;;20260806;;;;1;CACS07A2608 0005;CYAR20260807;;Acompte;;B00000007H;
0001;3;GX1763594J;202608;E22;0001S2608TK95;411100;0599214N;20260806;0001S2608TK95;EUR;D;1960200;+;;HALIOTECH;CYC;;0000000;20260806;;GX1763594J;ACT;;20260806;;;;;4 2 6 0 0 0 3 6 ;CYAR20260807;;Acompte;;B00000003D;
0001;3;GX1763594J;202608;E22;0001S2608TK95;704501;0599214N;20260806;0001S2608TK95;EUR;C;1633500;+;445715;HALIOTECH;CYC;;0000000;20260806;COL_2000ENC;;ACT;;20260806;;GX1763594J;932;1;4 2 6 0 0 0 3 6 ;CYAR20260807;;Acompte;;B00000003D;
0001;3;GX1763594J;202608;E22;0001S2608TK95;445715;0599214N;20260806;0001S2608TK95;EUR;C;326700;+;704501;HALIOTECH;CYC;;0000000;20260806;COL_2000ENC;;ACT;;20260806;;;;1;4 2 6 0 0 0 3 6 ;CYAR20260807;;Acompte;;B00000003D;
0001;3;GX1611555M;202608;E22;0001S2608TK96;411100;0329207S;20260806;0001S2608TK96;EUR;D;1360918;+;;ARCELORMITTAL FRANCE FR76;CYC;;0000000;20260806;;GX1611555M;DEC;;20260905;;;;;4004865809;CYAR20260807;;Facture;;B00000003D;
0001;3;GX1611555M;202608;E22;0001S2608TK96;704501;0329207S;20260806;0001S2608TK96;EUR;C;1701147;+;445715;ARCELORMITTAL FRANCE FR76;CYC;;0000000;20260806;COL_2000ENC;;DEC;;20260905;;GX1611555M;932;1;4004865809;CYAR20260807;;Facture;;B00000003D;
0001;3;GX1611555M;202608;E22;0001S2608TK96;704501;0329207S;20260806;0001S2608TK96;EUR;C;567049;-;445715;ARCELORMITTAL FRANCE FR76;CYC;;0000000;20260806;COL_2000ENC;;DEC;;20260905;;GX1611555M;932;1;4004865809;CYAR20260807;;Facture;;B00000003D;
0001;3;GX1611555M;202608;E22;0001S2608TK96;445715;0329207S;20260806;0001S2608TK96;EUR;C;113410;-;704501;ARCELORMITTAL FRANCE FR76;CYC;;0000000;20260806;COL_2000ENC;;DEC;;20260905;;;;1;4004865809;CYAR20260807;;Facture;;B00000003D;
0001;3;GX1611555M;202608;E22;0001S2608TK96;445715;0329207S;20260806;0001S2608TK96;EUR;C;340230;+;704501;ARCELORMITTAL FRANCE FR76;CYC;;0000000;20260806;COL_2000ENC;;DEC;;20260905;;;;1;4004865809;CYAR20260807;;Facture;;B00000003D;
0001;3;GX1759576T;202608;E22;0001N2608TL03;411100;0200896L;20260806;0001N2608TL03;EUR;D;32250;+;;CAISSE D EPARGNE ET DE PR;CYC;;0000000;20260806;;GX1759576T;FAC;;20260905;;;;;;CYAR20260807;;Facture;;B00000005F;
0001;3;GX1759576T;202608;E22;0001N2608TL03;704501;0200896L;20260806;0001N2608TL03;EUR;C;26875;+;445715;CAISSE D EPARGNE ET DE PR;CYC;;0000000;20260806;COL_2000ENC;;FAC;;20260905;;GX1759576T;932;1;;CYAR20260807;;Facture;;B00000005F;
0001;3;GX1759576T;202608;E22;0001N2608TL03;445715;0200896L;20260806;0001N2608TL03;EUR;C;5375;+;704501;CAISSE D EPARGNE ET DE PR;CYC;;0000000;20260806;COL_2000ENC;;FAC;;20260905;;;;1;;CYAR20260807;;Facture;;B00000005F;
0441;3;GX1759313V;202608;E22;0441M2608TDUN;411100;0554709E;20260806;0441M2608TDUN;EUR;D;48180;+;;MM LOUIS COMPTE A B C;CYC;;0000000;20260806;;GX1759313V;FAC;;20260905;;;;;;CYAR20260807;;Facture;;B00000008J;
0441;3;GX1759313V;202608;E22;0441M2608TDUN;704501;0554709E;20260806;0441M2608TDUN;EUR;C;43800;+;445715;MM LOUIS COMPTE A B C;CYC;;0000000;20260806;COL_1000ENC;;FAC;;20260905;;GX1759313V;932;1;;CYAR20260807;;Facture;;B00000008J;
0441;3;GX1759313V;202608;E22;0441M2608TDUN;445715;0554709E;20260806;0441M2608TDUN;EUR;C;4380;+;704501;MM LOUIS COMPTE A B C;CYC;;0000000;20260806;COL_1000ENC;;FAC;;20260905;;;;1;;CYAR20260807;;Facture;;B00000008J;
0930;3;GX1664238E;202608;E22;0930E2608T476;411100;0229731C;20260806;0930E2608T476;EUR;D;5752529;+;;SOGETEL MONTE CARLO BAY H;CYC;;0000000;20260806;;GX1664238E;DEC;;20260905;;;;;4400018299 Z44;CYAR20260807;;Facture;;B00000007H;
0930;3;GX1664238E;202608;E22;0930E2608T476;704501;0229731C;20260806;0930E2608T476;EUR;C;2054474;-;445715;SOGETEL MONTE CARLO BAY H;CYC;;0000000;20260806;COL_2000ENC;;DEC;;20260905;;GX1664238E;932;1;4400018299 Z44;CYAR20260807;;Facture;;B00000007H;
0930;3;GX1664238E;202608;E22;0930E2608T476;704501;0229731C;20260806;0930E2608T476;EUR;C;6848248;+;445715;SOGETEL MONTE CARLO BAY H;CYC;;0000000;20260806;COL_2000ENC;;DEC;;20260905;;GX1664238E;932;1;4400018299 Z44;CYAR20260807;;Facture;;B00000007H;
0930;3;GX1664238E;202608;E22;0930E2608T476;445715;0229731C;20260806;0930E2608T476;EUR;C;410895;-;704501;SOGETEL MONTE CARLO BAY H;CYC;;0000000;20260806;COL_2000ENC;;DEC;;20260905;;;;1;4400018299 Z44;CYAR20260807;;Facture;;B00000007H;
0930;3;GX1664238E;202608;E22;0930E2608T476;445715;0229731C;20260806;0930E2608T476;EUR;C;1369650;+;704501;SOGETEL MONTE CARLO BAY H;CYC;;0000000;20260806;COL_2000ENC;;DEC;;20260905;;;;1;4400018299 Z44;CYAR20260807;;Facture;;B00000007H;
0930;3;GX1744033F;202608;E22;0930E2608T469;411100;0491530A;20260806;0930E2608T469;EUR;D;122120;+;;HOTEL MERIDIEN BEACH PLAZ;CYC;;0000000;20260806;;GX1744033F;FAC;;20260905;;;;;;CYAR20260807;;Facture;;B00000007H;
0930;3;GX1744033F;202608;E22;0930E2608T469;704501;0491530A;20260806;0930E2608T469;EUR;C;101767;+;445715;HOTEL MERIDIEN BEACH PLAZ;CYC;;0000000;20260806;COL_2000ENC;;FAC;;20260905;;GX1744033F;932;1;;CYAR20260807;;Facture;;B00000007H;
0930;3;GX1744033F;202608;E22;0930E2608T469;445715;0491530A;20260806;0930E2608T469;EUR;C;20353;+;704501;HOTEL MERIDIEN BEACH PLAZ;CYC;;0000000;20260806;COL_2000ENC;;FAC;;20260905;;;;1;;CYAR20260807;;Facture;;B00000007H;
0001;3;GX1718633S;202608;E22;0001S2608TK57;411100;0023508F;20260806;0001S2608TK57;EUR;C;243000;+;;LESIEUR;CYC;;0000000;20260806;;GX1718633S;FAC;;20260905;0001S2607TYEN;;;;;CYAR20260807;;Avoir;;B00000003D;
0001;3;GX1718633S;202608;E22;0001S2608TK57;704501;0023508F;20260806;0001S2608TK57;EUR;D;202500;+;445715;LESIEUR;CYC;;0000000;20260806;COL_2000ENC;;FAC;;20260905;0001S2607TYEN;GX1718633S;932;1;;CYAR20260807;;Avoir;;B00000003D;
0001;3;GX1718633S;202608;E22;0001S2608TK57;445715;0023508F;20260806;0001S2608TK57;EUR;D;40500;+;704501;LESIEUR;CYC;;0000000;20260806;COL_2000ENC;;FAC;;20260905;0001S2607TYEN;;;1;;CYAR20260807;;Avoir;;B00000003D;
0001;3;GX1688557P;202608;E22;0001L2608TK63;411100;0605814X;20260806;0001L2608TK63;EUR;D;103106;+;;PROLOGISTIK FRANCE SOFTWA;CYC;;0000000;20260806;;GX1688557P;FAC;;20260905;;;;;26 011;CYAR20260807;;Facture;;B00000006G;
0001;3;GX1688557P;202608;E22;0001L2608TK63;704501;0605814X;20260806;0001L2608TK63;EUR;C;85922;+;445715;PROLOGISTIK FRANCE SOFTWA;CYC;;0000000;20260806;COL_2000ENC;;FAC;;20260905;;GX1688557P;932;1;26 011;CYAR20260807;;Facture;;B00000006G;
0001;3;GX1688557P;202608;E22;0001L2608TK63;445715;0605814X;20260806;0001L2608TK63;EUR;C;17184;+;704501;PROLOGISTIK FRANCE SOFTWA;CYC;;0000000;20260806;COL_2000ENC;;FAC;;20260905;;;;1;26 011;CYAR20260807;;Facture;;B00000006G;
0001;3;GX1725369X;202608;E22;0001M2608TK64;411100;0075221A;20260806;0001M2608TK64;EUR;D;233546;+;;DEUX FLEUVES LOIRE HABITA;CYC;;0000000;20260806;;GX1725369X;FAC;;20260905;;;;;58295;CYAR20260807;;Facture;;B00000008J;
0001;3;GX1725369X;202608;E22;0001M2608TK64;704501;0075221A;20260806;0001M2608TK64;EUR;C;194622;+;445715;DEUX FLEUVES LOIRE HABITA;CYC;;0000000;20260806;COL_2000ENC;;FAC;;20260905;;GX1725369X;932;1;58295;CYAR20260807;;Facture;;B00000008J;
0001;3;GX1725369X;202608;E22;0001M2608TK64;445715;0075221A;20260806;0001M2608TK64;EUR;C;38924;+;704501;DEUX FLEUVES LOIRE HABITA;CYC;;0000000;20260806;COL_2000ENC;;FAC;;20260905;;;;1;58295;CYAR20260807;;Facture;;B00000008J;
0001;3;GX1674303S;202608;E22;0001E2608TK68;411100;0035345F;20260806;0001E2608TK68;EUR;D;256931;+;;GROUPE RECREA;CYC;;0000000;20260806;;GX1674303S;FAC;;20260905;;;;;;CYAR20260807;;Facture;;B00000007H;
0001;3;GX1674303S;202608;E22;0001E2608TK68;704501;0035345F;20260806;0001E2608TK68;EUR;C;214109;+;445715;GROUPE RECREA;CYC;;0000000;20260806;COL_2000ENC;;FAC;;20260905;;GX1674303S;932;1;;CYAR20260807;;Facture;;B00000007H;
0001;3;GX1674303S;202608;E22;0001E2608TK68;445715;0035345F;20260806;0001E2608TK68;EUR;C;42822;+;704501;GROUPE RECREA;CYC;;0000000;20260806;COL_2000ENC;;FAC;;20260905;;;;1;;CYAR20260807;;Facture;;B00000007H;
0001;3;GX1738966Y;202608;E22;0001R2608TK72;411100;0301803J;20260806;0001R2608TK72;EUR;D;250879;+;;ICADE;CYC;;0000000;20260806;;GX1738966Y;FAC;;20261005;;;;;X1D15141260009;CYAR20260807;;Facture;;B00000002C;
0001;3;GX1738966Y;202608;E22;0001R2608TK72;704501;0301803J;20260806;0001R2608TK72;EUR;C;209066;+;445715;ICADE;CYC;;0000000;20260806;COL_2000ENC;;FAC;;20261005;;GX1738966Y;932;1;X1D15141260009;CYAR20260807;;Facture;;B00000002C;
0001;3;GX1738966Y;202608;E22;0001R2608TK72;445715;0301803J;20260806;0001R2608TK72;EUR;C;41813;+;704501;ICADE;CYC;;0000000;20260806;COL_2000ENC;;FAC;;20261005;;;;1;X1D15141260009;CYAR20260807;;Facture;;B00000002C;
0001;3;GX1725363P;202608;E22;0001E2608TK77;411100;0502760B;20260806;0001E2608TK77;EUR;D;191393;+;;ETAB PUBLIC AMENAGEMENT E;CYC;;0000000;20260806;;GX1725363P;FAC;;20260905;;;;;202600802;CYAR20260807;;Facture;;B00000007H;
0001;3;GX1725363P;202608;E22;0001E2608TK77;704501;0502760B;20260806;0001E2608TK77;EUR;C;159494;+;445715;ETAB PUBLIC AMENAGEMENT E;CYC;;0000000;20260806;COL_2000ENC;;FAC;;20260905;;GX1725363P;932;1;202600802;CYAR20260807;;Facture;;B00000007H;
0001;3;GX1725363P;202608;E22;0001E2608TK77;445715;0502760B;20260806;0001E2608TK77;EUR;C;31899;+;704501;ETAB PUBLIC AMENAGEMENT E;CYC;;0000000;20260806;COL_2000ENC;;FAC;;20260905;;;;1;202600802;CYAR20260807;;Facture;;B00000007H;
0001;3;GX1745771F;202608;E22;0001R2608TK79;411100;0301803J;20260806;0001R2608TK79;EUR;D;33718;+;;ICADE;CYC;;0000000;20260806;;GX1745771F;FAC;;20261005;;;;;X1D04032260015;CYAR20260807;;Facture;;B00000002C;
0001;3;GX1745771F;202608;E22;0001R2608TK79;704501;0301803J;20260806;0001R2608TK79;EUR;C;28098;+;445715;ICADE;CYC;;0000000;20260806;COL_2000ENC;;FAC;;20261005;;GX1745771F;932;1;X1D04032260015;CYAR20260807;;Facture;;B00000002C;
0001;3;GX1745771F;202608;E22;0001R2608TK79;445715;0301803J;20260806;0001R2608TK79;EUR;C;5620;+;704501;ICADE;CYC;;0000000;20260806;COL_2000ENC;;FAC;;20261005;;;;1;X1D04032260015;CYAR20260807;;Facture;;B00000002C;
0001;3;GX1644056W;202608;E22;0001M2608TK85;411100;0110302J;20260806;0001M2608TK85;EUR;D;47400;+;;CITYA GESSY VERNE IMMOBIL;CYC;;0000000;20260806;;GX1644056W;FAC;;20260905;;;;;;CYAR20260807;;Facture;;B00000008J;
0001;3;GX1644056W;202608;E22;0001M2608TK85;704501;0110302J;20260806;0001M2608TK85;EUR;C;39500;+;445715;CITYA GESSY VERNE IMMOBIL;CYC;;0000000;20260806;COL_2000ENC;;FAC;;20260905;;GX1644056W;932;1;;CYAR20260807;;Facture;;B00000008J;
0001;3;GX1644056W;202608;E22;0001M2608TK85;445715;0110302J;20260806;0001M2608TK85;EUR;C;7900;+;704501;CITYA GESSY VERNE IMMOBIL;CYC;;0000000;20260806;COL_2000ENC;;FAC;;20260905;;;;1;;CYAR20260807;;Facture;;B00000008J;
0001;3;GX1763588C;202608;E22;0001L2608TK92;411100;0303217W;20260806;0001L2608TK92;EUR;D;357932;+;;CABINET THIERRY;CYC;;0000000;20260806;;GX1763588C;ACT;;20260806;;;;;BDCE2620593;CYAR20260807;;Acompte;;B00000006G;
0001;3;GX1763588C;202608;E22;0001L2608TK92;704501;0303217W;20260806;0001L2608TK92;EUR;C;325393;+;445715;CABINET THIERRY;CYC;;0000000;20260806;COL_1000ENC;;ACT;;20260806;;GX1763588C;932;1;BDCE2620593;CYAR20260807;;Acompte;;B00000006G;
0001;3;GX1763588C;202608;E22;0001L2608TK92;445715;0303217W;20260806;0001L2608TK92;EUR;C;32539;+;704501;CABINET THIERRY;CYC;;0000000;20260806;COL_1000ENC;;ACT;;20260806;;;;1;BDCE2620593;CYAR20260807;;Acompte;;B00000006G;
0001;3;GX1735861V;202608;E22;0001R2608TK94;411100;0301803J;20260806;0001R2608TK94;EUR;D;487942;+;;ICADE;CYC;;0000000;20260806;;GX1735861V;FAC;;20261005;;;;;X1D15112260064;CYAR20260807;;Facture;;B00000002C;
0001;3;GX1735861V;202608;E22;0001R2608TK94;704501;0301803J;20260806;0001R2608TK94;EUR;C;406618;+;445715;ICADE;CYC;;0000000;20260806;COL_2000ENC;;FAC;;20261005;;GX1735861V;932;1;X1D15112260064;CYAR20260807;;Facture;;B00000002C;
0001;3;GX1735861V;202608;E22;0001R2608TK94;445715;0301803J;20260806;0001R2608TK94;EUR;C;81324;+;704501;ICADE;CYC;;0000000;20260806;COL_2000ENC;;FAC;;20261005;;;;1;X1D15112260064;CYAR20260807;;Facture;;B00000002C;
0001;3;GX1601031D;202608;E22;0001E2608TK97;411100;0326160H;20260806;0001E2608TK97;EUR;D;2888267;+;;DEPARTEMENT DES ALPES MAR;CYC;;0000000;20260806;;GX1601031D;FAC;;20260905;;;;;AP25 8513;CYAR20260807;;Facture;;B00000007H;
0001;3;GX1601031D;202608;E22;0001E2608TK97;704501;0326160H;20260806;0001E2608TK97;EUR;C;2406889;+;445715;DEPARTEMENT DES ALPES MAR;CYC;;0000000;20260806;COL_2000ENC;;FAC;;20260905;;GX1601031D;932;1;AP25 8513;CYAR20260807;;Facture;;B00000007H;
0001;3;GX1601031D;202608;E22;0001E2608TK97;445715;0326160H;20260806;0001E2608TK97;EUR;C;481378;+;704501;DEPARTEMENT DES ALPES MAR;CYC;;0000000;20260806;COL_2000ENC;;FAC;;20260905;;;;1;AP25 8513;CYAR20260807;;Facture;;B00000007H;
0930;3;GX1664238E;202608;E22;0930E2608T475;411100;0583941O;20260806;0930E2608T475;EUR;D;22939709;+;;SOCIETE DES BAINS DE MER;CYC;;0000000;20260806;;GX1664238E;DEC;;20260905;;;;;4400018299 Z44;CYAR20260807;;Facture;;B00000007H;
0930;3;GX1664238E;202608;E22;0930E2608T475;704501;0583941O;20260806;0930E2608T475;EUR;C;27309173;+;445715;SOCIETE DES BAINS DE MER;CYC;;0000000;20260806;COL_2000ENC;;DEC;;20260905;;GX1664238E;932;1;4400018299 Z44;CYAR20260807;;Facture;;B00000007H;
0930;3;GX1664238E;202608;E22;0930E2608T475;704501;0583941O;20260806;0930E2608T475;EUR;C;8192749;-;445715;SOCIETE DES BAINS DE MER;CYC;;0000000;20260806;COL_2000ENC;;DEC;;20260905;;GX1664238E;932;1;4400018299 Z44;CYAR20260807;;Facture;;B00000007H;
0930;3;GX1664238E;202608;E22;0930E2608T475;445715;0583941O;20260806;0930E2608T475;EUR;C;1638550;-;704501;SOCIETE DES BAINS DE MER;CYC;;0000000;20260806;COL_2000ENC;;DEC;;20260905;;;;1;4400018299 Z44;CYAR20260807;;Facture;;B00000007H;
0930;3;GX1664238E;202608;E22;0930E2608T475;445715;0583941O;20260806;0930E2608T475;EUR;C;5461835;+;704501;SOCIETE DES BAINS DE MER;CYC;;0000000;20260806;COL_2000ENC;;DEC;;20260905;;;;1;4400018299 Z44;CYAR20260807;;Facture;;B00000007H;
0441;3;GX1759274A;202608;E22;0441M2608TDUM;411100;0556487P;20260806;0441M2608TDUM;EUR;D;25920;+;;COMMUNE DE CHATEAUNEUF;CYC;;0000000;20260806;;GX1759274A;FAC;;20260905;;;;;2026 40;CYAR20260807;;Facture;;B00000008J;
0441;3;GX1759274A;202608;E22;0441M2608TDUM;704501;0556487P;20260806;0441M2608TDUM;EUR;C;21600;+;445715;COMMUNE DE CHATEAUNEUF;CYC;;0000000;20260806;COL_2000ENC;;FAC;;20260905;;GX1759274A;932;1;2026 40;CYAR20260807;;Facture;;B00000008J;
0441;3;GX1759274A;202608;E22;0441M2608TDUM;445715;0556487P;20260806;0441M2608TDUM;EUR;C;4320;+;704501;COMMUNE DE CHATEAUNEUF;CYC;;0000000;20260806;COL_2000ENC;;FAC;;20260905;;;;1;2026 40;CYAR20260807;;Facture;;B00000008J;
0001;3;GX1754398J;202608;E22;0001R2608TL04;411100;0021999X;20260806;0001R2608TL04;EUR;D;252000;+;;EHPAD LASSERRE;CYC;;0000000;20260806;;GX1754398J;FAC;;20261010;;;;;;CYAR20260807;;Facture;;B00000002C;
0001;3;GX1754398J;202608;E22;0001R2608TL04;704501;0021999X;20260806;0001R2608TL04;EUR;C;210000;+;445715;EHPAD LASSERRE;CYC;;0000000;20260806;COL_2000ENC;;FAC;;20261010;;GX1754398J;932;1;;CYAR20260807;;Facture;;B00000002C;
0001;3;GX1754398J;202608;E22;0001R2608TL04;445715;0021999X;20260806;0001R2608TL04;EUR;C;42000;+;704501;EHPAD LASSERRE;CYC;;0000000;20260806;COL_2000ENC;;FAC;;20261010;;;;1;;CYAR20260807;;Facture;;B00000002C;
0441;3;GX1761855H;202608;E22;0441M2608TDUR;411100;0541909K;20260806;0441M2608TDUR;EUR;D;35860;+;;IMM SERRES;CYC;;0000000;20260806;;GX1761855H;FAC;;20260905;;;;;;CYAR20260807;;Facture;;B00000008J;
0441;3;GX1761855H;202608;E22;0441M2608TDUR;704501;0541909K;20260806;0441M2608TDUR;EUR;C;32600;+;445715;IMM SERRES;CYC;;0000000;20260806;COL_1000ENC;;FAC;;20260905;;GX1761855H;932;1;;CYAR20260807;;Facture;;B00000008J;
0441;3;GX1761855H;202608;E22;0441M2608TDUR;445715;0541909K;20260806;0441M2608TDUR;EUR;C;3260;+;704501;IMM SERRES;CYC;;0000000;20260806;COL_1000ENC;;FAC;;20260905;;;;1;;CYAR20260807;;Facture;;B00000008J;
0001;3;GX1763634E;202608;E22;0001R2608TL09;411100;0301803J;20260806;0001R2608TL09;EUR;D;599794;+;;ICADE;CYC;;0000000;20260806;;GX1763634E;ACT;;20260806;;;;;X1D15170260018;CYAR20260807;;Acompte;;B00000002C;
0001;3;GX1763634E;202608;E22;0001R2608TL09;704501;0301803J;20260806;0001R2608TL09;EUR;C;499828;+;445715;ICADE;CYC;;0000000;20260806;COL_2000ENC;;ACT;;20260806;;GX1763634E;932;1;X1D15170260018;CYAR20260807;;Acompte;;B00000002C;
0001;3;GX1763634E;202608;E22;0001R2608TL09;445715;0301803J;20260806;0001R2608TL09;EUR;C;99966;+;704501;ICADE;CYC;;0000000;20260806;COL_2000ENC;;ACT;;20260806;;;;1;X1D15170260018;CYAR20260807;;Acompte;;B00000002C;
0119;3;GX1736525Z;202608;E23;0119O2608TY81;411150;0305698J;20260806;0119O2608TY81;EUR;D;105792;+;;ELECTRICITE DE FRANCE;CYC;;0000000;20260806;;GX1736525Z;FAC;;20261005;;;;;5100 4310933733;CYAR20260807;;Facture;;B00000001B;
0119;3;GX1736525Z;202608;E23;0119O2608TY81;704501;0305698J;20260806;0119O2608TY81;EUR;C;88160;+;445715;ELECTRICITE DE FRANCE;CYC;;0000000;20260806;COL_2000ENC;;FAC;;20261005;;GX1736525Z;932;1;5100 4310933733;CYAR20260807;;Facture;;B00000001B;
0119;3;GX1736525Z;202608;E23;0119O2608TY81;445715;0305698J;20260806;0119O2608TY81;EUR;C;17632;+;704501;ELECTRICITE DE FRANCE;CYC;;0000000;20260806;COL_2000ENC;;FAC;;20261005;;;;1;5100 4310933733;CYAR20260807;;Facture;;B00000001B;
0001;3;GX1744386G;202608;E22;0001R2608TK86;411100;0301803J;20260806;0001R2608TK86;EUR;D;454728;+;;ICADE;CYC;;0000000;20260806;;GX1744386G;FAC;;20261005;;;;;X1D00151260128;CYAR20260807;;Facture;;B00000002C;
0001;3;GX1744386G;202608;E22;0001R2608TK86;704501;0301803J;20260806;0001R2608TK86;EUR;C;378940;+;445715;ICADE;CYC;;0000000;20260806;COL_2000ENC;;FAC;;20261005;;GX1744386G;932;1;X1D00151260128;CYAR20260807;;Facture;;B00000002C;
0001;3;GX1744386G;202608;E22;0001R2608TK86;445715;0301803J;20260806;0001R2608TK86;EUR;C;75788;+;704501;ICADE;CYC;;0000000;20260806;COL_2000ENC;;FAC;;20261005;;;;1;X1D00151260128;CYAR20260807;;Facture;;B00000002C;
0001;3;GX1762496L;202608;E22;0001R2608TK87;411100;0301803J;20260806;0001R2608TK87;EUR;D;202154;+;;ICADE;CYC;;0000000;20260806;;GX1762496L;FAC;;20261005;;;;;X1D15101260027;CYAR20260807;;Facture;;B00000002C;
0001;3;GX1762496L;202608;E22;0001R2608TK87;704501;0301803J;20260806;0001R2608TK87;EUR;C;168462;+;445715;ICADE;CYC;;0000000;20260806;COL_2000ENC;;FAC;;20261005;;GX1762496L;932;1;X1D15101260027;CYAR20260807;;Facture;;B00000002C;
0001;3;GX1762496L;202608;E22;0001R2608TK87;445715;0301803J;20260806;0001R2608TK87;EUR;C;33692;+;704501;ICADE;CYC;;0000000;20260806;COL_2000ENC;;FAC;;20261005;;;;1;X1D15101260027;CYAR20260807;;Facture;;B00000002C;
0001;3;GX1763508L;202608;E22;0001R2608TK88;411100;0597466N;20260806;0001R2608TK88;EUR;D;181608;+;;ABB ROBOTICS FRANCE SAS;CYC;;0000000;20260806;;GX1763508L;FAC;;20260930;;;;;2490000199;CYAR20260807;;Facture;;B00000002C;
0001;3;GX1763508L;202608;E22;0001R2608TK88;704501;0597466N;20260806;0001R2608TK88;EUR;C;151340;+;445715;ABB ROBOTICS FRANCE SAS;CYC;;0000000;20260806;COL_2000ENC;;FAC;;20260930;;GX1763508L;932;1;2490000199;CYAR20260807;;Facture;;B00000002C;
0001;3;GX1763508L;202608;E22;0001R2608TK88;445715;0597466N;20260806;0001R2608TK88;EUR;C;30268;+;704501;ABB ROBOTICS FRANCE SAS;CYC;;0000000;20260806;COL_2000ENC;;FAC;;20260930;;;;1;2490000199;CYAR20260807;;Facture;;B00000002C;
0001;3;GX1754624R;202608;E22;0001R2608TK89;411100;0320529Z;20260806;0001R2608TK89;EUR;D;1038720;+;;SCI LE VINCI;CYC;;0000000;20260806;;GX1754624R;FAC;;20260930;;;;;3050260030;CYAR20260807;;Facture;;B00000002C;
0001;3;GX1754624R;202608;E22;0001R2608TK89;704501;0320529Z;20260806;0001R2608TK89;EUR;C;865600;+;445715;SCI LE VINCI;CYC;;0000000;20260806;COL_2000ENC;;FAC;;20260930;;GX1754624R;932;1;3050260030;CYAR20260807;;Facture;;B00000002C;
0001;3;GX1754624R;202608;E22;0001R2608TK89;445715;0320529Z;20260806;0001R2608TK89;EUR;C;173120;+;704501;SCI LE VINCI;CYC;;0000000;20260806;COL_2000ENC;;FAC;;20260930;;;;1;3050260030;CYAR20260807;;Facture;;B00000002C;
0001;3;GX1763478C;202608;E22;0001R2608TK90;411100;0597466N;20260806;0001R2608TK90;EUR;D;454020;+;;ABB ROBOTICS FRANCE SAS;CYC;;0000000;20260806;;GX1763478C;FAC;;20260930;;;;;2490000200;CYAR20260807;;Facture;;B00000002C;
0001;3;GX1763478C;202608;E22;0001R2608TK90;704501;0597466N;20260806;0001R2608TK90;EUR;C;378350;+;445715;ABB ROBOTICS FRANCE SAS;CYC;;0000000;20260806;COL_2000ENC;;FAC;;20260930;;GX1763478C;932;1;2490000200;CYAR20260807;;Facture;;B00000002C;
0001;3;GX1763478C;202608;E22;0001R2608TK90;445715;0597466N;20260806;0001R2608TK90;EUR;C;75670;+;704501;ABB ROBOTICS FRANCE SAS;CYC;;0000000;20260806;COL_2000ENC;;FAC;;20260930;;;;1;2490000200;CYAR20260807;;Facture;;B00000002C;
0930;3;GX1745567Z;202608;E22;0930E2608T474;411100;0441315C;20260806;0930E2608T474;EUR;D;265200;+;;UNION HOTELIERE DU CAP;CYC;;0000000;20260806;;GX1745567Z;FAC;;20260905;;;;;;CYAR20260807;;Facture;;B00000007H;
0930;3;GX1745567Z;202608;E22;0930E2608T474;704501;0441315C;20260806;0930E2608T474;EUR;C;221000;+;445715;UNION HOTELIERE DU CAP;CYC;;0000000;20260806;COL_2000ENC;;FAC;;20260905;;GX1745567Z;932;1;;CYAR20260807;;Facture;;B00000007H;
0930;3;GX1745567Z;202608;E22;0930E2608T474;445715;0441315C;20260806;0930E2608T474;EUR;C;44200;+;704501;UNION HOTELIERE DU CAP;CYC;;0000000;20260806;COL_2000ENC;;FAC;;20260905;;;;1;;CYAR20260807;;Facture;;B00000007H;
0441;3;GX1756767B;202608;E22;0441M2608TDUJ;411100;0270976Y;20260806;0441M2608TDUJ;EUR;D;22255;+;;DIFFUVER;CYC;;0000000;20260806;;GX1756767B;FAC;;20260905;;;;;;CYAR20260807;;Facture;;B00000008J;
0441;3;GX1756767B;202608;E22;0441M2608TDUJ;704501;0270976Y;20260806;0441M2608TDUJ;EUR;C;18546;+;445715;DIFFUVER;CYC;;0000000;20260806;COL_2000ENC;;FAC;;20260905;;GX1756767B;932;1;;CYAR20260807;;Facture;;B00000008J;
0441;3;GX1756767B;202608;E22;0441M2608TDUJ;445715;0270976Y;20260806;0441M2608TDUJ;EUR;C;3709;+;704501;DIFFUVER;CYC;;0000000;20260806;COL_2000ENC;;FAC;;20260905;;;;1;;CYAR20260807;;Facture;;B00000008J;
0001;3;GX1763607Z;202608;E22;0001R2608TL00;411100;0599342H;20260806;0001R2608TL00;EUR;D;433605;+;;SDC RES 85 BIS AV MARECHA;CYC;;0000000;20260806;;GX1763607Z;ACT;;20260806;;;;;;CYAR20260807;;Acompte;;B00000002C;
0001;3;GX1763607Z;202608;E22;0001R2608TL00;704501;0599342H;20260806;0001R2608TL00;EUR;C;411000;+;445715;SDC RES 85 BIS AV MARECHA;CYC;;0000000;20260806;COL_0550ENC;;ACT;;20260806;;GX1763607Z;932;1;;CYAR20260807;;Acompte;;B00000002C;
0001;3;GX1763607Z;202608;E22;0001R2608TL00;445715;0599342H;20260806;0001R2608TL00;EUR;C;22605;+;704501;SDC RES 85 BIS AV MARECHA;CYC;;0000000;20260806;COL_0550ENC;;ACT;;20260806;;;;1;;CYAR20260807;;Acompte;;B00000002C;
0441;3;GX1757680N;202608;E22;0441M2608TDUK;411100;0255715S;20260806;0441M2608TDUK;EUR;D;32100;+;;COMMUNE DE SORBIERS;CYC;;0000000;20260806;;GX1757680N;FAC;;20260905;;;;;2026011439;CYAR20260807;;Facture;;B00000008J;
0441;3;GX1757680N;202608;E22;0441M2608TDUK;704501;0255715S;20260806;0441M2608TDUK;EUR;C;26750;+;445715;COMMUNE DE SORBIERS;CYC;;0000000;20260806;COL_2000ENC;;FAC;;20260905;;GX1757680N;932;1;2026011439;CYAR20260807;;Facture;;B00000008J;
0441;3;GX1757680N;202608;E22;0441M2608TDUK;445715;0255715S;20260806;0441M2608TDUK;EUR;C;5350;+;704501;COMMUNE DE SORBIERS;CYC;;0000000;20260806;COL_2000ENC;;FAC;;20260905;;;;1;2026011439;CYAR20260807;;Facture;;B00000008J;
0001;3;GX1703512J;202608;E22;0001M2608TL05;411100;0599167D;20260806;0001M2608TL05;EUR;D;195580;+;;MME Jacqueline POITEVIN;CYC;;0000000;20260806;;GX1703512J;DEC;;20260905;;;;;V  BON POUR ACCORD ;CYAR20260807;;Facture;;B00000008J;
0001;3;GX1703512J;202608;E22;0001M2608TL05;704501;0599167D;20260806;0001M2608TL05;EUR;C;254000;+;445715;MME Jacqueline POITEVIN;CYC;;0000000;20260806;COL_1000ENC;;DEC;;20260905;;GX1703512J;932;1;V  BON POUR ACCORD ;CYAR20260807;;Facture;;B00000008J;
0001;3;GX1703512J;202608;E22;0001M2608TL05;704501;0599167D;20260806;0001M2608TL05;EUR;C;76200;-;445715;MME Jacqueline POITEVIN;CYC;;0000000;20260806;COL_1000ENC;;DEC;;20260905;;GX1703512J;932;1;V  BON POUR ACCORD ;CYAR20260807;;Facture;;B00000008J;
0001;3;GX1703512J;202608;E22;0001M2608TL05;445715;0599167D;20260806;0001M2608TL05;EUR;C;7620;-;704501;MME Jacqueline POITEVIN;CYC;;0000000;20260806;COL_1000ENC;;DEC;;20260905;;;;1;V  BON POUR ACCORD ;CYAR20260807;;Facture;;B00000008J;
0001;3;GX1703512J;202608;E22;0001M2608TL05;445715;0599167D;20260806;0001M2608TL05;EUR;C;25400;+;704501;MME Jacqueline POITEVIN;CYC;;0000000;20260806;COL_1000ENC;;DEC;;20260905;;;;1;V  BON POUR ACCORD ;CYAR20260807;;Facture;;B00000008J;
0001;3;GX1725350A;202608;E22;0001E2608TL06;411100;0502760B;20260806;0001E2608TL06;EUR;D;580991;+;;ETAB PUBLIC AMENAGEMENT E;CYC;;0000000;20260806;;GX1725350A;FAC;;20260905;;;;;202600790 ;CYAR20260807;;Facture;;B00000007H;
0001;3;GX1725350A;202608;E22;0001E2608TL06;704501;0502760B;20260806;0001E2608TL06;EUR;C;484159;+;445715;ETAB PUBLIC AMENAGEMENT E;CYC;;0000000;20260806;COL_2000ENC;;FAC;;20260905;;GX1725350A;932;1;202600790 ;CYAR20260807;;Facture;;B00000007H;
0001;3;GX1725350A;202608;E22;0001E2608TL06;445715;0502760B;20260806;0001E2608TL06;EUR;C;96832;+;704501;ETAB PUBLIC AMENAGEMENT E;CYC;;0000000;20260806;COL_2000ENC;;FAC;;20260905;;;;1;202600790 ;CYAR20260807;;Facture;;B00000007H;
0001;3;GX1746750T;202608;E22;0001M2608TL07;411100;0414531I;20260806;0001M2608TL07;EUR;D;567076;+;;POLYCLINIQUE DU VAL DE SA;CYC;;0000000;20260806;;GX1746750T;FAC;;20261010;;;;;4503703803;CYAR20260807;;Facture;;B00000008J;
0001;3;GX1746750T;202608;E22;0001M2608TL07;704501;0414531I;20260806;0001M2608TL07;EUR;C;472563;+;445715;POLYCLINIQUE DU VAL DE SA;CYC;;0000000;20260806;COL_2000ENC;;FAC;;20261010;;GX1746750T;932;1;4503703803;CYAR20260807;;Facture;;B00000008J;
0001;3;GX1746750T;202608;E22;0001M2608TL07;445715;0414531I;20260806;0001M2608TL07;EUR;C;94513;+;704501;POLYCLINIQUE DU VAL DE SA;CYC;;0000000;20260806;COL_2000ENC;;FAC;;20261010;;;;1;4503703803;CYAR20260807;;Facture;;B00000008J;
0001;3;GX1714978N;202608;E22;0001C2608TL08;411100;0576974B;20260806;0001C2608TL08;EUR;D;301388;+;;ULTRAEDGE;CYC;;0000000;20260806;;GX1714978N;FAC;;20261005;;;;;PO UL 2400006963;CYAR20260807;;Facture;;B00000004E;
0001;3;GX1714978N;202608;E22;0001C2608TL08;704501;0576974B;20260806;0001C2608TL08;EUR;C;251157;+;445715;ULTRAEDGE;CYC;;0000000;20260806;COL_2000ENC;;FAC;;20261005;;GX1714978N;932;1;PO UL 2400006963;CYAR20260807;;Facture;;B00000004E;
0001;3;GX1714978N;202608;E22;0001C2608TL08;445715;0576974B;20260806;0001C2608TL08;EUR;C;50231;+;704501;ULTRAEDGE;CYC;;0000000;20260806;COL_2000ENC;;FAC;;20261005;;;;1;PO UL 2400006963;CYAR20260807;;Facture;;B00000004E;
0119;3;GX1747852W;202608;E23;0119O2608TY82;411150;0305698J;20260806;0119O2608TY82;EUR;D;43662;+;;ELECTRICITE DE FRANCE;CYC;;0000000;20260806;;GX1747852W;FAC;;20260905;;;;;5100 9021916200;CYAR20260807;;Facture;;B00000001B;
0119;3;GX1747852W;202608;E23;0119O2608TY82;704501;0305698J;20260806;0119O2608TY82;EUR;C;36385;+;445715;ELECTRICITE DE FRANCE;CYC;;0000000;20260806;COL_2000ENC;;FAC;;20260905;;GX1747852W;932;1;5100 9021916200;CYAR20260807;;Facture;;B00000001B;
0119;3;GX1747852W;202608;E23;0119O2608TY82;445715;0305698J;20260806;0119O2608TY82;EUR;C;7277;+;704501;ELECTRICITE DE FRANCE;CYC;;0000000;20260806;COL_2000ENC;;FAC;;20260905;;;;1;5100 9021916200;CYAR20260807;;Facture;;B00000001B;
0001;3;GX1721833D;202608;E22;0001M2608TL17;411100;0604139T;20260806;0001M2608TL17;EUR;D;65450;+;;M THOMAS NASSIET;CYC;;0000000;20260806;;GX1721833D;FAC;;20260905;;;;;DEVIS SIGNE C26091334 1;CYAR20260807;;Facture;;B00000008J;
0001;3;GX1721833D;202608;E22;0001M2608TL17;704501;0604139T;20260806;0001M2608TL17;EUR;C;59500;+;445715;M THOMAS NASSIET;CYC;;0000000;20260806;COL_1000ENC;;FAC;;20260905;;GX1721833D;932;1;DEVIS SIGNE C26091334 1;CYAR20260807;;Facture;;B00000008J;
0001;3;GX1721833D;202608;E22;0001M2608TL17;445715;0604139T;20260806;0001M2608TL17;EUR;C;5950;+;704501;M THOMAS NASSIET;CYC;;0000000;20260806;COL_1000ENC;;FAC;;20260905;;;;1;DEVIS SIGNE C26091334 1;CYAR20260807;;Facture;;B00000008J;
0001;3;GX1691117Z;202608;E22;0001C2608TL18;411100;0576974B;20260806;0001C2608TL18;EUR;D;77531;+;;ULTRAEDGE;CYC;;0000000;20260806;;GX1691117Z;FAC;;20261005;;;;;PR UL 2400004633;CYAR20260807;;Facture;;B00000004E;
0001;3;GX1691117Z;202608;E22;0001C2608TL18;704501;0576974B;20260806;0001C2608TL18;EUR;C;64609;+;445715;ULTRAEDGE;CYC;;0000000;20260806;COL_2000ENC;;FAC;;20261005;;GX1691117Z;932;1;PR UL 2400004633;CYAR20260807;;Facture;;B00000004E;
0001;3;GX1691117Z;202608;E22;0001C2608TL18;445715;0576974B;20260806;0001C2608TL18;EUR;C;12922;+;704501;ULTRAEDGE;CYC;;0000000;20260806;COL_2000ENC;;FAC;;20261005;;;;1;PR UL 2400004633;CYAR20260807;;Facture;;B00000004E;
0800;3;GX1755242T;202608;E22;0800E2608T561;411100;0511414K;20260806;0800E2608T561;EUR;D;73596;+;;COMMUNE DE GREOUX LES BAI;CYC;;0000000;20260806;;GX1755242T;FAC;;20260905;;;;;2026000466;CYAR20260807;;Facture;;B00000007H;
0800;3;GX1755242T;202608;E22;0800E2608T561;704501;0511414K;20260806;0800E2608T561;EUR;C;61330;+;445715;COMMUNE DE GREOUX LES BAI;CYC;;0000000;20260806;COL_2000ENC;;FAC;;20260905;;GX1755242T;932;1;2026000466;CYAR20260807;;Facture;;B00000007H;
0800;3;GX1755242T;202608;E22;0800E2608T561;445715;0511414K;20260806;0800E2608T561;EUR;C;12266;+;704501;COMMUNE DE GREOUX LES BAI;CYC;;0000000;20260806;COL_2000ENC;;FAC;;20260905;;;;1;2026000466;CYAR20260807;;Facture;;B00000007H;
0001;3;GX1762032J;202608;E22;0001R2608TK91;411100;0301803J;20260806;0001R2608TK91;EUR;D;67838;+;;ICADE;CYC;;0000000;20260806;;GX1762032J;FAC;;20261005;;;;;X1D15112250191;CYAR20260807;;Facture;;B00000002C;
0001;3;GX1762032J;202608;E22;0001R2608TK91;704501;0301803J;20260806;0001R2608TK91;EUR;C;56532;+;445715;ICADE;CYC;;0000000;20260806;COL_2000ENC;;FAC;;20261005;;GX1762032J;932;1;X1D15112250191;CYAR20260807;;Facture;;B00000002C;
0001;3;GX1762032J;202608;E22;0001R2608TK91;445715;0301803J;20260806;0001R2608TK91;EUR;C;11306;+;704501;ICADE;CYC;;0000000;20260806;COL_2000ENC;;FAC;;20261005;;;;1;X1D15112250191;CYAR20260807;;Facture;;B00000002C;
0001;3;GX1541330L;202608;E22;0001M2608TK93;411100;0288209Y;20260806;0001M2608TK93;EUR;D;969923;+;;POLYCLINIQUE DU PARC DREV;CYC;;0000000;20260806;;GX1541330L;FAC;;20261010;;;;;;CYAR20260807;;Facture;;B00000008J;
0001;3;GX1541330L;202608;E22;0001M2608TK93;704501;0288209Y;20260806;0001M2608TK93;EUR;C;808269;+;445715;POLYCLINIQUE DU PARC DREV;CYC;;0000000;20260806;COL_2000ENC;;FAC;;20261010;;GX1541330L;932;1;;CYAR20260807;;Facture;;B00000008J;
0001;3;GX1541330L;202608;E22;0001M2608TK93;445715;0288209Y;20260806;0001M2608TK93;EUR;C;161654;+;704501;POLYCLINIQUE DU PARC DREV;CYC;;0000000;20260806;COL_2000ENC;;FAC;;20261010;;;;1;;CYAR20260807;;Facture;;B00000008J;
0001;3;GX1742128R;202608;E22;0001R2608TK98;411100;0054239S;20260806;0001R2608TK98;EUR;D;149875;+;;SDC 48 QUAI LE GALLO;CYC;;0000000;20260806;;GX1742128R;FAC;;20260905;;;;;OSTW 561225;CYAR20260807;;Facture;;B00000002C;
0001;3;GX1742128R;202608;E22;0001R2608TK98;704501;0054239S;20260806;0001R2608TK98;EUR;C;136250;+;445715;SDC 48 QUAI LE GALLO;CYC;;0000000;20260806;COL_1000ENC;;FAC;;20260905;;GX1742128R;932;1;OSTW 561225;CYAR20260807;;Facture;;B00000002C;
0001;3;GX1742128R;202608;E22;0001R2608TK98;445715;0054239S;20260806;0001R2608TK98;EUR;C;13625;+;704501;SDC 48 QUAI LE GALLO;CYC;;0000000;20260806;COL_1000ENC;;FAC;;20260905;;;;1;OSTW 561225;CYAR20260807;;Facture;;B00000002C;
0001;3;GX1750873D;202608;E22;0001S2608TK99;411100;0152481H;20260806;0001S2608TK99;EUR;D;104193;+;;ASS CHRETIEN INSTITUT SOC;CYC;;0000000;20260806;;GX1750873D;FAC;;20260905;;;;;;CYAR20260807;;Facture;;B00000003D;
0001;3;GX1750873D;202608;E22;0001S2608TK99;704501;0152481H;20260806;0001S2608TK99;EUR;C;94721;+;445715;ASS CHRETIEN INSTITUT SOC;CYC;;0000000;20260806;COL_1000ENC;;FAC;;20260905;;GX1750873D;932;1;;CYAR20260807;;Facture;;B00000003D;
0001;3;GX1750873D;202608;E22;0001S2608TK99;445715;0152481H;20260806;0001S2608TK99;EUR;C;9472;+;704501;ASS CHRETIEN INSTITUT SOC;CYC;;0000000;20260806;COL_1000ENC;;FAC;;20260905;;;;1;;CYAR20260807;;Facture;;B00000003D;
0441;3;GX1757788L;202608;E22;0441M2608TDUL;411100;0589023E;20260806;0441M2608TDUL;EUR;D;62095;+;;BATIR ET LOGER S A D H L ;CYC;;0000000;20260806;;GX1757788L;FAC;;20260905;;;;;26070462;CYAR20260807;;Facture;;B00000008J;
0441;3;GX1757788L;202608;E22;0441M2608TDUL;704501;0589023E;20260806;0441M2608TDUL;EUR;C;56450;+;445715;BATIR ET LOGER S A D H L ;CYC;;0000000;20260806;COL_1000ENC;;FAC;;20260905;;GX1757788L;932;1;26070462;CYAR20260807;;Facture;;B00000008J;
0441;3;GX1757788L;202608;E22;0441M2608TDUL;445715;0589023E;20260806;0441M2608TDUL;EUR;C;5645;+;704501;BATIR ET LOGER S A D H L ;CYC;;0000000;20260806;COL_1000ENC;;FAC;;20260905;;;;1;26070462;CYAR20260807;;Facture;;B00000008J;
0001;3;GX1761873D;202608;E22;0001N2608TL01;411100;0200896L;20260806;0001N2608TL01;EUR;D;79980;+;;CAISSE D EPARGNE ET DE PR;CYC;;0000000;20260806;;GX1761873D;FAC;;20260905;;;;;;CYAR20260807;;Facture;;B00000005F;
0001;3;GX1761873D;202608;E22;0001N2608TL01;704501;0200896L;20260806;0001N2608TL01;EUR;C;66650;+;445715;CAISSE D EPARGNE ET DE PR;CYC;;0000000;20260806;COL_2000ENC;;FAC;;20260905;;GX1761873D;932;1;;CYAR20260807;;Facture;;B00000005F;
0001;3;GX1761873D;202608;E22;0001N2608TL01;445715;0200896L;20260806;0001N2608TL01;EUR;C;13330;+;704501;CAISSE D EPARGNE ET DE PR;CYC;;0000000;20260806;COL_2000ENC;;FAC;;20260905;;;;1;;CYAR20260807;;Facture;;B00000005F;
0001;3;GX1741031V;202608;E22;0001M2608TL02;411100;0605133D;20260806;0001M2608TL02;EUR;D;56100;+;;MME Raymonde CLERTANT;CYC;;0000000;20260806;;GX1741031V;FAC;;20260905;;;;;V  BON POUR ACCORD ;CYAR20260807;;Facture;;B00000008J;
0001;3;GX1741031V;202608;E22;0001M2608TL02;704501;0605133D;20260806;0001M2608TL02;EUR;C;51000;+;445715;MME Raymonde CLERTANT;CYC;;0000000;20260806;COL_1000ENC;;FAC;;20260905;;GX1741031V;932;1;V  BON POUR ACCORD ;CYAR20260807;;Facture;;B00000008J;
0001;3;GX1741031V;202608;E22;0001M2608TL02;445715;0605133D;20260806;0001M2608TL02;EUR;C;5100;+;704501;MME Raymonde CLERTANT;CYC;;0000000;20260806;COL_1000ENC;;FAC;;20260905;;;;1;V  BON POUR ACCORD ;CYAR20260807;;Facture;;B00000008J;
0441;3;GX1760717P;202608;E22;0441M2608TDUP;411100;0098823E;20260806;0441M2608TDUP;EUR;D;33660;+;;FOYER DEPARTEMENTAL DE L ;CYC;;0000000;20260806;;GX1760717P;FAC;;20260930;;;;;;CYAR20260807;;Facture;;B00000008J;
0441;3;GX1760717P;202608;E22;0441M2608TDUP;704501;0098823E;20260806;0441M2608TDUP;EUR;C;30600;+;445715;FOYER DEPARTEMENTAL DE L ;CYC;;0000000;20260806;COL_1000ENC;;FAC;;20260930;;GX1760717P;932;1;;CYAR20260807;;Facture;;B00000008J;
0441;3;GX1760717P;202608;E22;0441M2608TDUP;445715;0098823E;20260806;0441M2608TDUP;EUR;C;3060;+;704501;FOYER DEPARTEMENTAL DE L ;CYC;;0000000;20260806;COL_1000ENC;;FAC;;20260930;;;;1;;CYAR20260807;;Facture;;B00000008J;
0441;3;GX1761375M;202608;E22;0441M2608TDUQ;411100;0590906G;20260806;0441M2608TDUQ;EUR;D;74430;+;;COMMUNE DE FONTANES;CYC;;0000000;20260806;;GX1761375M;FAC;;20260905;;;;;;CYAR20260807;;Facture;;B00000008J;
0441;3;GX1761375M;202608;E22;0441M2608TDUQ;704501;0590906G;20260806;0441M2608TDUQ;EUR;C;62025;+;445715;COMMUNE DE FONTANES;CYC;;0000000;20260806;COL_2000ENC;;FAC;;20260905;;GX1761375M;932;1;;CYAR20260807;;Facture;;B00000008J;
0441;3;GX1761375M;202608;E22;0441M2608TDUQ;445715;0590906G;20260806;0441M2608TDUQ;EUR;C;12405;+;704501;COMMUNE DE FONTANES;CYC;;0000000;20260806;COL_2000ENC;;FAC;;20260905;;;;1;;CYAR20260807;;Facture;;B00000008J;
0001;3;GX1679460C;202608;E22;0001S2608TL10;411100;0152481H;20260806;0001S2608TL10;EUR;D;99751;+;;ASS CHRETIEN INSTITUT SOC;CYC;;0000000;20260806;;GX1679460C;FAC;;20260905;;;;;;CYAR20260807;;Facture;;B00000003D;
0001;3;GX1679460C;202608;E22;0001S2608TL10;704501;0152481H;20260806;0001S2608TL10;EUR;C;90683;+;445715;ASS CHRETIEN INSTITUT SOC;CYC;;0000000;20260806;COL_1000ENC;;FAC;;20260905;;GX1679460C;932;1;;CYAR20260807;;Facture;;B00000003D;
0001;3;GX1679460C;202608;E22;0001S2608TL10;445715;0152481H;20260806;0001S2608TL10;EUR;C;9068;+;704501;ASS CHRETIEN INSTITUT SOC;CYC;;0000000;20260806;COL_1000ENC;;FAC;;20260905;;;;1;;CYAR20260807;;Facture;;B00000003D;
0001;3;GX1633846T;202608;E22;0001R2608TL11;411100;0574240D;20260806;0001R2608TL11;EUR;D;157542;+;;MME GENEVIEVE BESSON ;CYC;;0000000;20260806;;GX1633846T;DEC;;20260905;;;;;;CYAR20260807;;Facture;;B00000002C;
0001;3;GX1633846T;202608;E22;0001R2608TL11;704501;0574240D;20260806;0001R2608TL11;EUR;C;204600;+;445715;MME GENEVIEVE BESSON ;CYC;;0000000;20260806;COL_1000ENC;;DEC;;20260905;;GX1633846T;932;1;;CYAR20260807;;Facture;;B00000002C;
0001;3;GX1633846T;202608;E22;0001R2608TL11;704501;0574240D;20260806;0001R2608TL11;EUR;C;61380;-;445715;MME GENEVIEVE BESSON ;CYC;;0000000;20260806;COL_1000ENC;;DEC;;20260905;;GX1633846T;932;1;;CYAR20260807;;Facture;;B00000002C;
0001;3;GX1633846T;202608;E22;0001R2608TL11;445715;0574240D;20260806;0001R2608TL11;EUR;C;6138;-;704501;MME GENEVIEVE BESSON ;CYC;;0000000;20260806;COL_1000ENC;;DEC;;20260905;;;;1;;CYAR20260807;;Facture;;B00000002C;
0001;3;GX1633846T;202608;E22;0001R2608TL11;445715;0574240D;20260806;0001R2608TL11;EUR;C;20460;+;704501;MME GENEVIEVE BESSON ;CYC;;0000000;20260806;COL_1000ENC;;DEC;;20260905;;;;1;;CYAR20260807;;Facture;;B00000002C;
0001;3;GX1680120C;202608;E22;0001N2608TL14;411100;0576974B;20260806;0001N2608TL14;EUR;D;250853;+;;ULTRAEDGE;CYC;;0000000;20260806;;GX1680120C;FAC;;20260905;;;;;PO UL 2400006026;CYAR20260807;;Facture;;B00000005F;
0001;3;GX1680120C;202608;E22;0001N2608TL14;704501;0576974B;20260806;0001N2608TL14;EUR;C;209044;+;445715;ULTRAEDGE;CYC;;0000000;20260806;COL_2000ENC;;FAC;;20260905;;GX1680120C;932;1;PO UL 2400006026;CYAR20260807;;Facture;;B00000005F;
0001;3;GX1680120C;202608;E22;0001N2608TL14;445715;0576974B;20260806;0001N2608TL14;EUR;C;41809;+;704501;ULTRAEDGE;CYC;;0000000;20260806;COL_2000ENC;;FAC;;20260905;;;;1;PO UL 2400006026;CYAR20260807;;Facture;;B00000005F;
0441;3;GX1758247H;202608;E22;0441M2608TDUS;411100;0125426J;20260806;0441M2608TDUS;EUR;D;51960;+;;SCEM;CYC;;0000000;20260806;;GX1758247H;FAC;;20260905;;;;;;CYAR20260807;;Facture;;B00000008J;
0441;3;GX1758247H;202608;E22;0441M2608TDUS;704501;0125426J;20260806;0441M2608TDUS;EUR;C;43300;+;445715;SCEM;CYC;;0000000;20260806;COL_2000ENC;;FAC;;20260905;;GX1758247H;932;1;;CYAR20260807;;Facture;;B00000008J;
0441;3;GX1758247H;202608;E22;0441M2608TDUS;445715;0125426J;20260806;0441M2608TDUS;EUR;C;8660;+;704501;SCEM;CYC;;0000000;20260806;COL_2000ENC;;FAC;;20260905;;;;1;;CYAR20260807;;Facture;;B00000008J;
0001;3;GX1669449B;202608;E22;0001R2608TL25;411100;0084790R;20260806;0001R2608TL25;EUR;D;936727;+;;COMMUNE D ARGENTEUIL;CYC;;0000000;20260806;;GX1669449B;FAC;;20260905;;;;;2601190018;CYAR20260807;;Facture;;B00000002C;
0001;3;GX1669449B;202608;E22;0001R2608TL25;704501;0084790R;20260806;0001R2608TL25;EUR;C;780606;+;445715;COMMUNE D ARGENTEUIL;CYC;;0000000;20260806;COL_2000ENC;;FAC;;20260905;;GX1669449B;932;1;2601190018;CYAR20260807;;Facture;;B00000002C;
0001;3;GX1669449B;202608;E22;0001R2608TL25;445715;0084790R;20260806;0001R2608TL25;EUR;C;156121;+;704501;COMMUNE D ARGENTEUIL;CYC;;0000000;20260806;COL_2000ENC;;FAC;;20260905;;;;1;2601190018;CYAR20260807;;Facture;;B00000002C;
0001;3;GX1711833P;202608;E22;0001M2608TL26;411100;0073011S;20260806;0001M2608TL26;EUR;D;205187;+;;OFFICE PUBLIC DE L HABITA;CYC;;0000000;20260806;;GX1711833P;FAC;;20260905;;;;;Commande n  839056;CYAR20260807;;Facture;;B00000008J;
0001;3;GX1711833P;202608;E22;0001M2608TL26;704501;0073011S;20260806;0001M2608TL26;EUR;C;186534;+;445715;OFFICE PUBLIC DE L HABITA;CYC;;0000000;20260806;COL_1000ENC;;FAC;;20260905;;GX1711833P;932;1;Commande n  839056;CYAR20260807;;Facture;;B00000008J;
0001;3;GX1711833P;202608;E22;0001M2608TL26;445715;0073011S;20260806;0001M2608TL26;EUR;C;18653;+;704501;OFFICE PUBLIC DE L HABITA;CYC;;0000000;20260806;COL_1000ENC;;FAC;;20260905;;;;1;Commande n  839056;CYAR20260807;;Facture;;B00000008J;
0441;3;GX1754519X;202608;E22;0441M2608TDUT;411100;0586860H;20260806;0441M2608TDUT;EUR;D;109670;+;;SDC RESIDENCE LES BERGERS;CYC;;0000000;20260806;;GX1754519X;FAC;;20260905;;;;;;CYAR20260807;;Facture;;B00000008J;
0441;3;GX1754519X;202608;E22;0441M2608TDUT;704501;0586860H;20260806;0441M2608TDUT;EUR;C;99700;+;445715;SDC RESIDENCE LES BERGERS;CYC;;0000000;20260806;COL_1000ENC;;FAC;;20260905;;GX1754519X;932;1;;CYAR20260807;;Facture;;B00000008J;
0441;3;GX1754519X;202608;E22;0441M2608TDUT;445715;0586860H;20260806;0441M2608TDUT;EUR;C;9970;+;704501;SDC RESIDENCE LES BERGERS;CYC;;0000000;20260806;COL_1000ENC;;FAC;;20260905;;;;1;;CYAR20260807;;Facture;;B00000008J;
0001;3;GX1731631M;202608;E22;0001R2608TL12;411100;0326988Y;20260806;0001R2608TL12;EUR;D;317404;+;;ASSISTANCE PUBLIQUE HOPIT;CYC;;0000000;20260806;;GX1731631M;FAC;;20260925;;;;;4512413119;CYAR20260807;;Facture;;B00000002C;
0001;3;GX1731631M;202608;E22;0001R2608TL12;704501;0326988Y;20260806;0001R2608TL12;EUR;C;264503;+;445715;ASSISTANCE PUBLIQUE HOPIT;CYC;;0000000;20260806;COL_2000ENC;;FAC;;20260925;;GX1731631M;932;1;4512413119;CYAR20260807;;Facture;;B00000002C;
0001;3;GX1731631M;202608;E22;0001R2608TL12;445715;0326988Y;20260806;0001R2608TL12;EUR;C;52901;+;704501;ASSISTANCE PUBLIQUE HOPIT;CYC;;0000000;20260806;COL_2000ENC;;FAC;;20260925;;;;1;4512413119;CYAR20260807;;Facture;;B00000002C;
0001;3;GX1680120C;202608;E22;0001N2608TL13;411100;0557587N;20260806;0001N2608TL13;EUR;C;250853;+;;SAIPOL;CYC;;0000000;20260806;;GX1680120C;FAC;;20260905;0001N2606TLPP;;;;PO UL 2400006026;CYAR20260807;;Avoir;;B00000005F;
0001;3;GX1680120C;202608;E22;0001N2608TL13;704501;0557587N;20260806;0001N2608TL13;EUR;D;209044;+;445715;SAIPOL;CYC;;0000000;20260806;COL_2000ENC;;FAC;;20260905;0001N2606TLPP;GX1680120C;932;1;PO UL 2400006026;CYAR20260807;;Avoir;;B00000005F;
0001;3;GX1680120C;202608;E22;0001N2608TL13;445715;0557587N;20260806;0001N2608TL13;EUR;D;41809;+;704501;SAIPOL;CYC;;0000000;20260806;COL_2000ENC;;FAC;;20260905;0001N2606TLPP;;;1;PO UL 2400006026;CYAR20260807;;Avoir;;B00000005F;
0001;3;GX1726415K;202608;E22;0001L2608TL21;411100;0605814X;20260806;0001L2608TL21;EUR;D;128581;+;;PROLOGISTIK FRANCE SOFTWA;CYC;;0000000;20260806;;GX1726415K;FAC;;20260905;;;;;YOOZ 7006;CYAR20260807;;Facture;;B00000006G;
0001;3;GX1726415K;202608;E22;0001L2608TL21;704501;0605814X;20260806;0001L2608TL21;EUR;C;107151;+;445715;PROLOGISTIK FRANCE SOFTWA;CYC;;0000000;20260806;COL_2000ENC;;FAC;;20260905;;GX1726415K;932;1;YOOZ 7006;CYAR20260807;;Facture;;B00000006G;
0001;3;GX1726415K;202608;E22;0001L2608TL21;445715;0605814X;20260806;0001L2608TL21;EUR;C;21430;+;704501;PROLOGISTIK FRANCE SOFTWA;CYC;;0000000;20260806;COL_2000ENC;;FAC;;20260905;;;;1;YOOZ 7006;CYAR20260807;;Facture;;B00000006G;
0001;3;GX1697268N;202608;E22;0001R2608TL22;411100;0598930P;20260806;0001R2608TL22;EUR;D;149611;+;;MME Marita BECHTER;CYC;;0000000;20260806;;GX1697268N;DEC;;20260905;;;;;;CYAR20260807;;Facture;;B00000002C;
0001;3;GX1697268N;202608;E22;0001R2608TL22;704501;0598930P;20260806;0001R2608TL22;EUR;C;194300;+;445715;MME Marita BECHTER;CYC;;0000000;20260806;COL_1000ENC;;DEC;;20260905;;GX1697268N;932;1;;CYAR20260807;;Facture;;B00000002C;
0001;3;GX1697268N;202608;E22;0001R2608TL22;704501;0598930P;20260806;0001R2608TL22;EUR;C;58290;-;445715;MME Marita BECHTER;CYC;;0000000;20260806;COL_1000ENC;;DEC;;20260905;;GX1697268N;932;1;;CYAR20260807;;Facture;;B00000002C;
0001;3;GX1697268N;202608;E22;0001R2608TL22;445715;0598930P;20260806;0001R2608TL22;EUR;C;5829;-;704501;MME Marita BECHTER;CYC;;0000000;20260806;COL_1000ENC;;DEC;;20260905;;;;1;;CYAR20260807;;Facture;;B00000002C;
0001;3;GX1697268N;202608;E22;0001R2608TL22;445715;0598930P;20260806;0001R2608TL22;EUR;C;19430;+;704501;MME Marita BECHTER;CYC;;0000000;20260806;COL_1000ENC;;DEC;;20260905;;;;1;;CYAR20260807;;Facture;;B00000002C;
0001;3;GX1738367S;202608;E22;0001R2608TL23;411100;0107070F;20260806;0001R2608TL23;EUR;D;361430;+;;CENTRE HOSPITALIER FRANCO;CYC;;0000000;20260806;;GX1738367S;FAC;;20261010;;;;;44287697;CYAR20260807;;Facture;;B00000002C;
0001;3;GX1738367S;202608;E22;0001R2608TL23;704501;0107070F;20260806;0001R2608TL23;EUR;C;301192;+;445715;CENTRE HOSPITALIER FRANCO;CYC;;0000000;20260806;COL_2000ENC;;FAC;;20261010;;GX1738367S;932;1;44287697;CYAR20260807;;Facture;;B00000002C;
0001;3;GX1738367S;202608;E22;0001R2608TL23;445715;0107070F;20260806;0001R2608TL23;EUR;C;60238;+;704501;CENTRE HOSPITALIER FRANCO;CYC;;0000000;20260806;COL_2000ENC;;FAC;;20261010;;;;1;44287697;CYAR20260807;;Facture;;B00000002C;
0001;3;GX1663172T;202608;E22;0001R2608TL34;411100;0326988Y;20260806;0001R2608TL34;EUR;D;123264;+;;ASSISTANCE PUBLIQUE HOPIT;CYC;;0000000;20260806;;GX1663172T;FAC;;20260925;;;;;4512130993;CYAR20260807;;Facture;;B00000002C;
0001;3;GX1663172T;202608;E22;0001R2608TL34;704501;0326988Y;20260806;0001R2608TL34;EUR;C;102720;+;445715;ASSISTANCE PUBLIQUE HOPIT;CYC;;0000000;20260806;COL_2000ENC;;FAC;;20260925;;GX1663172T;932;1;4512130993;CYAR20260807;;Facture;;B00000002C;
0001;3;GX1663172T;202608;E22;0001R2608TL34;445715;0326988Y;20260806;0001R2608TL34;EUR;C;20544;+;704501;ASSISTANCE PUBLIQUE HOPIT;CYC;;0000000;20260806;COL_2000ENC;;FAC;;20260925;;;;1;4512130993;CYAR20260807;;Facture;;B00000002C;
0930;3;GX1729697P;202608;E22;0930E2608T477;411100;0020828E;20260806;0930E2608T477;EUR;D;253558;+;;SAM LE BAHIA;CYC;;0000000;20260806;;GX1729697P;FAC;;20260905;;;;;;CYAR20260807;;Facture;;B00000007H;
0930;3;GX1729697P;202608;E22;0930E2608T477;704501;0020828E;20260806;0930E2608T477;EUR;C;230507;+;445715;SAM LE BAHIA;CYC;;0000000;20260806;COL_1000ENC;;FAC;;20260905;;GX1729697P;932;1;;CYAR20260807;;Facture;;B00000007H;
0930;3;GX1729697P;202608;E22;0930E2608T477;445715;0020828E;20260806;0930E2608T477;EUR;C;23051;+;704501;SAM LE BAHIA;CYC;;0000000;20260806;COL_1000ENC;;FAC;;20260905;;;;1;;CYAR20260807;;Facture;;B00000007H;
0001;3;GX1714403K;202608;E22;0001M2608TL35;411100;0301683B;20260806;0001M2608TL35;EUR;D;50050;+;;RESIDENCE CASTEL DAUBENTO;CYC;;0000000;20260806;;GX1714403K;FAC;;20260905;;;;; OSMIL808388638 ;CYAR20260807;;Facture;;B00000008J;
0001;3;GX1714403K;202608;E22;0001M2608TL35;704501;0301683B;20260806;0001M2608TL35;EUR;C;45500;+;445715;RESIDENCE CASTEL DAUBENTO;CYC;;0000000;20260806;COL_1000ENC;;FAC;;20260905;;GX1714403K;932;1; OSMIL808388638 ;CYAR20260807;;Facture;;B00000008J;
0001;3;GX1714403K;202608;E22;0001M2608TL35;445715;0301683B;20260806;0001M2608TL35;EUR;C;4550;+;704501;RESIDENCE CASTEL DAUBENTO;CYC;;0000000;20260806;COL_1000ENC;;FAC;;20260905;;;;1; OSMIL808388638 ;CYAR20260807;;Facture;;B00000008J;
0001;3;GX1722931B;202608;E22;0001R2608TL36;411100;0084790R;20260806;0001R2608TL36;EUR;D;592224;+;;COMMUNE D ARGENTEUIL;CYC;;0000000;20260806;;GX1722931B;FAC;;20260905;;;;;2604220054;CYAR20260807;;Facture;;B00000002C;
0001;3;GX1722931B;202608;E22;0001R2608TL36;704501;0084790R;20260806;0001R2608TL36;EUR;C;493520;+;445715;COMMUNE D ARGENTEUIL;CYC;;0000000;20260806;COL_2000ENC;;FAC;;20260905;;GX1722931B;932;1;2604220054;CYAR20260807;;Facture;;B00000002C;
0001;3;GX1722931B;202608;E22;0001R2608TL36;445715;0084790R;20260806;0001R2608TL36;EUR;C;98704;+;704501;COMMUNE D ARGENTEUIL;CYC;;0000000;20260806;COL_2000ENC;;FAC;;20260905;;;;1;2604220054;CYAR20260807;;Facture;;B00000002C;
0001;3;GX1745894W;202608;E22;0001S2608TL44;411100;0317992K;20260806;0001S2608TL44;EUR;D;242419;+;;DSB;CYC;;0000000;20260806;;GX1745894W;FAC;;20260905;;;;;ESI 2026 07 001;CYAR20260807;;Facture;;B00000003D;
0001;3;GX1745894W;202608;E22;0001S2608TL44;704501;0317992K;20260806;0001S2608TL44;EUR;C;202016;+;445715;DSB;CYC;;0000000;20260806;COL_2000ENC;;FAC;;20260905;;GX1745894W;932;1;ESI 2026 07 001;CYAR20260807;;Facture;;B00000003D;
0001;3;GX1745894W;202608;E22;0001S2608TL44;445715;0317992K;20260806;0001S2608TL44;EUR;C;40403;+;704501;DSB;CYC;;0000000;20260806;COL_2000ENC;;FAC;;20260905;;;;1;ESI 2026 07 001;CYAR20260807;;Facture;;B00000003D;
0119;3;GX1720577B;202608;E23;0119O2608TY85;411150;0305698J;20260806;0119O2608TY85;EUR;D;287480;+;;ELECTRICITE DE FRANCE;CYC;;0000000;20260806;;GX1720577B;FAC;;20260905;;;;;5100 4310897167;CYAR20260807;;Facture;;B00000001B;
0119;3;GX1720577B;202608;E23;0119O2608TY85;704501;0305698J;20260806;0119O2608TY85;EUR;C;239567;+;445715;ELECTRICITE DE FRANCE;CYC;;0000000;20260806;COL_2000ENC;;FAC;;20260905;;GX1720577B;932;1;5100 4310897167;CYAR20260807;;Facture;;B00000001B;
0119;3;GX1720577B;202608;E23;0119O2608TY85;445715;0305698J;20260806;0119O2608TY85;EUR;C;47913;+;704501;ELECTRICITE DE FRANCE;CYC;;0000000;20260806;COL_2000ENC;;FAC;;20260905;;;;1;5100 4310897167;CYAR20260807;;Facture;;B00000001B;
0001;3;GX1753541K;202608;E22;0001M2608TL45;411100;0253750F;20260806;0001M2608TL45;EUR;D;637654;+;;MFP MICHELIN;CYC;;0000000;20260806;;GX1753541K;FAC;;20261005;;;;;4091690235;CYAR20260807;;Facture;;B00000008J;
0001;3;GX1753541K;202608;E22;0001M2608TL45;704501;0253750F;20260806;0001M2608TL45;EUR;C;531378;+;445715;MFP MICHELIN;CYC;;0000000;20260806;COL_2000ENC;;FAC;;20261005;;GX1753541K;932;1;4091690235;CYAR20260807;;Facture;;B00000008J;
0001;3;GX1753541K;202608;E22;0001M2608TL45;445715;0253750F;20260806;0001M2608TL45;EUR;C;106276;+;704501;MFP MICHELIN;CYC;;0000000;20260806;COL_2000ENC;;FAC;;20261005;;;;1;4091690235;CYAR20260807;;Facture;;B00000008J;
0001;3;GX1667149M;202608;E22;0001S2608TL46;411100;0000113Z;20260806;0001S2608TL46;EUR;D;83842;+;;COMMUNE DE CAPPELLE LA GR;CYC;;0000000;20260806;;GX1667149M;FAC;;20260905;;;;;2026 000126;CYAR20260807;;Facture;;B00000003D;
0001;3;GX1667149M;202608;E22;0001S2608TL46;704501;0000113Z;20260806;0001S2608TL46;EUR;C;69868;+;445715;COMMUNE DE CAPPELLE LA GR;CYC;;0000000;20260806;COL_2000ENC;;FAC;;20260905;;GX1667149M;932;1;2026 000126;CYAR20260807;;Facture;;B00000003D;
0001;3;GX1667149M;202608;E22;0001S2608TL46;445715;0000113Z;20260806;0001S2608TL46;EUR;C;13974;+;704501;COMMUNE DE CAPPELLE LA GR;CYC;;0000000;20260806;COL_2000ENC;;FAC;;20260905;;;;1;2026 000126;CYAR20260807;;Facture;;B00000003D;
0930;3;GX1760420C;202608;E22;0930E2608T478;411100;0020828E;20260806;0930E2608T478;EUR;D;253558;+;;SAM LE BAHIA;CYC;;0000000;20260806;;GX1760420C;FAC;;20260905;;;;;;CYAR20260807;;Facture;;B00000007H;
0930;3;GX1760420C;202608;E22;0930E2608T478;704501;0020828E;20260806;0930E2608T478;EUR;C;230507;+;445715;SAM LE BAHIA;CYC;;0000000;20260806;COL_1000ENC;;FAC;;20260905;;GX1760420C;932;1;;CYAR20260807;;Facture;;B00000007H;
0930;3;GX1760420C;202608;E22;0930E2608T478;445715;0020828E;20260806;0930E2608T478;EUR;C;23051;+;704501;SAM LE BAHIA;CYC;;0000000;20260806;COL_1000ENC;;FAC;;20260905;;;;1;;CYAR20260807;;Facture;;B00000007H;
0119;3;GX1739056A;202608;E23;0119O2608TY88;411150;0305698J;20260806;0119O2608TY88;EUR;D;101237;+;;ELECTRICITE DE FRANCE;CYC;;0000000;20260806;;GX1739056A;FAC;;20260905;;;;;5100 9021946079;CYAR20260807;;Facture;;B00000001B;
0119;3;GX1739056A;202608;E23;0119O2608TY88;704501;0305698J;20260806;0119O2608TY88;EUR;C;84364;+;445715;ELECTRICITE DE FRANCE;CYC;;0000000;20260806;COL_2000ENC;;FAC;;20260905;;GX1739056A;932;1;5100 9021946079;CYAR20260807;;Facture;;B00000001B;
0119;3;GX1739056A;202608;E23;0119O2608TY88;445715;0305698J;20260806;0119O2608TY88;EUR;C;16873;+;704501;ELECTRICITE DE FRANCE;CYC;;0000000;20260806;COL_2000ENC;;FAC;;20260905;;;;1;5100 9021946079;CYAR20260807;;Facture;;B00000001B;
0001;3;GX1761930T;202608;E22;0001M2608TL55;411100;0253750F;20260806;0001M2608TL55;EUR;D;29484;+;;MFP MICHELIN;CYC;;0000000;20260806;;GX1761930T;FAC;;20261005;;;;;4091696152;CYAR20260807;;Facture;;B00000008J;
0001;3;GX1761930T;202608;E22;0001M2608TL55;704501;0253750F;20260806;0001M2608TL55;EUR;C;24570;+;445715;MFP MICHELIN;CYC;;0000000;20260806;COL_2000ENC;;FAC;;20261005;;GX1761930T;932;1;4091696152;CYAR20260807;;Facture;;B00000008J;
0001;3;GX1761930T;202608;E22;0001M2608TL55;445715;0253750F;20260806;0001M2608TL55;EUR;C;4914;+;704501;MFP MICHELIN;CYC;;0000000;20260806;COL_2000ENC;;FAC;;20261005;;;;1;4091696152;CYAR20260807;;Facture;;B00000008J;
0001;3;GX1664078Y;202608;E22;0001R2608TL56;411100;0054239S;20260806;0001R2608TL56;EUR;D;48708;+;;SDC 48 QUAI LE GALLO;CYC;;0000000;20260806;;GX1664078Y;FAC;;20260905;;;;;OSTW 544975;CYAR20260807;;Facture;;B00000002C;
0001;3;GX1664078Y;202608;E22;0001R2608TL56;704501;0054239S;20260806;0001R2608TL56;EUR;C;44280;+;445715;SDC 48 QUAI LE GALLO;CYC;;0000000;20260806;COL_1000ENC;;FAC;;20260905;;GX1664078Y;932;1;OSTW 544975;CYAR20260807;;Facture;;B00000002C;
0001;3;GX1664078Y;202608;E22;0001R2608TL56;445715;0054239S;20260806;0001R2608TL56;EUR;C;4428;+;704501;SDC 48 QUAI LE GALLO;CYC;;0000000;20260806;COL_1000ENC;;FAC;;20260905;;;;1;OSTW 544975;CYAR20260807;;Facture;;B00000002C;
0001;3;GX1649489V;202608;E22;0001R2608TL19;411100;0538532P;20260806;0001R2608TL19;EUR;D;169400;+;;M Jean Paul RIVAUD;CYC;;0000000;20260806;;GX1649489V;DEC;;20260905;;;;;;CYAR20260807;;Facture;;B00000002C;
0001;3;GX1649489V;202608;E22;0001R2608TL19;704501;0538532P;20260806;0001R2608TL19;EUR;C;66000;-;445715;M Jean Paul RIVAUD;CYC;;0000000;20260806;COL_1000ENC;;DEC;;20260905;;GX1649489V;932;1;;CYAR20260807;;Facture;;B00000002C;
0001;3;GX1649489V;202608;E22;0001R2608TL19;704501;0538532P;20260806;0001R2608TL19;EUR;C;220000;+;445715;M Jean Paul RIVAUD;CYC;;0000000;20260806;COL_1000ENC;;DEC;;20260905;;GX1649489V;932;1;;CYAR20260807;;Facture;;B00000002C;
0001;3;GX1649489V;202608;E22;0001R2608TL19;445715;0538532P;20260806;0001R2608TL19;EUR;C;6600;-;704501;M Jean Paul RIVAUD;CYC;;0000000;20260806;COL_1000ENC;;DEC;;20260905;;;;1;;CYAR20260807;;Facture;;B00000002C;
0001;3;GX1649489V;202608;E22;0001R2608TL19;445715;0538532P;20260806;0001R2608TL19;EUR;C;22000;+;704501;M Jean Paul RIVAUD;CYC;;0000000;20260806;COL_1000ENC;;DEC;;20260905;;;;1;;CYAR20260807;;Facture;;B00000002C;
0001;3;GX1733974A;202608;E22;0001R2608TL27;411100;0084790R;20260806;0001R2608TL27;EUR;D;112898;+;;COMMUNE D ARGENTEUIL;CYC;;0000000;20260806;;GX1733974A;FAC;;20260905;;;;;2605190022;CYAR20260807;;Facture;;B00000002C;
0001;3;GX1733974A;202608;E22;0001R2608TL27;704501;0084790R;20260806;0001R2608TL27;EUR;C;94082;+;445715;COMMUNE D ARGENTEUIL;CYC;;0000000;20260806;COL_2000ENC;;FAC;;20260905;;GX1733974A;932;1;2605190022;CYAR20260807;;Facture;;B00000002C;
0001;3;GX1733974A;202608;E22;0001R2608TL27;445715;0084790R;20260806;0001R2608TL27;EUR;C;18816;+;704501;COMMUNE D ARGENTEUIL;CYC;;0000000;20260806;COL_2000ENC;;FAC;;20260905;;;;1;2605190022;CYAR20260807;;Facture;;B00000002C;
0001;3;GX1748713Z;202608;E22;0001E2608TL28;411100;0288760Y;20260806;0001E2608TL28;EUR;D;237600;+;;AXENS;CYC;;0000000;20260806;;GX1748713Z;FAC;;20260905;;;;;4500157255;CYAR20260807;;Facture;;B00000007H;
0001;3;GX1748713Z;202608;E22;0001E2608TL28;704501;0288760Y;20260806;0001E2608TL28;EUR;C;198000;+;445715;AXENS;CYC;;0000000;20260806;COL_2000ENC;;FAC;;20260905;;GX1748713Z;932;1;4500157255;CYAR20260807;;Facture;;B00000007H;
0001;3;GX1748713Z;202608;E22;0001E2608TL28;445715;0288760Y;20260806;0001E2608TL28;EUR;C;39600;+;704501;AXENS;CYC;;0000000;20260806;COL_2000ENC;;FAC;;20260905;;;;1;4500157255;CYAR20260807;;Facture;;B00000007H;
0001;3;GX1730679F;202608;E22;0001M2608TL29;411100;0082782Z;20260806;0001M2608TL29;EUR;D;48981;+;;IMMO DE FRANCE   AIN;CYC;;0000000;20260806;;GX1730679F;FAC;;20260905;;;;;;CYAR20260807;;Facture;;B00000008J;
0001;3;GX1730679F;202608;E22;0001M2608TL29;704501;0082782Z;20260806;0001M2608TL29;EUR;C;44528;+;445715;IMMO DE FRANCE   AIN;CYC;;0000000;20260806;COL_1000ENC;;FAC;;20260905;;GX1730679F;932;1;;CYAR20260807;;Facture;;B00000008J;
0001;3;GX1730679F;202608;E22;0001M2608TL29;445715;0082782Z;20260806;0001M2608TL29;EUR;C;4453;+;704501;IMMO DE FRANCE   AIN;CYC;;0000000;20260806;COL_1000ENC;;FAC;;20260905;;;;1;;CYAR20260807;;Facture;;B00000008J;
0001;3;GX1720193P;202608;E22;0001E2608TL30;411100;0288760Y;20260806;0001E2608TL30;EUR;D;170400;+;;AXENS;CYC;;0000000;20260806;;GX1720193P;FAC;;20260905;;;;;4500155283;CYAR20260807;;Facture;;B00000007H;
0001;3;GX1720193P;202608;E22;0001E2608TL30;704501;0288760Y;20260806;0001E2608TL30;EUR;C;142000;+;445715;AXENS;CYC;;0000000;20260806;COL_2000ENC;;FAC;;20260905;;GX1720193P;932;1;4500155283;CYAR20260807;;Facture;;B00000007H;
0001;3;GX1720193P;202608;E22;0001E2608TL30;445715;0288760Y;20260806;0001E2608TL30;EUR;C;28400;+;704501;AXENS;CYC;;0000000;20260806;COL_2000ENC;;FAC;;20260905;;;;1;4500155283;CYAR20260807;;Facture;;B00000007H;
0441;3;GX1740785P;202608;E22;0441M2608TDUU;411100;0434144N;20260806;0441M2608TDUU;EUR;D;43320;+;;COMMUNE DE PIERRELATTE;CYC;;0000000;20260806;;GX1740785P;FAC;;20260905;;;;;2601 362 ;CYAR20260807;;Facture;;B00000008J;
0441;3;GX1740785P;202608;E22;0441M2608TDUU;704501;0434144N;20260806;0441M2608TDUU;EUR;C;36100;+;445715;COMMUNE DE PIERRELATTE;CYC;;0000000;20260806;COL_2000ENC;;FAC;;20260905;;GX1740785P;932;1;2601 362 ;CYAR20260807;;Facture;;B00000008J;
0441;3;GX1740785P;202608;E22;0441M2608TDUU;445715;0434144N;20260806;0441M2608TDUU;EUR;C;7220;+;704501;COMMUNE DE PIERRELATTE;CYC;;0000000;20260806;COL_2000ENC;;FAC;;20260905;;;;1;2601 362 ;CYAR20260807;;Facture;;B00000008J;
0001;3;GX1697205S;202608;E22;0001N2608TL40;411100;0577116K;20260806;0001N2608TL40;EUR;D;2099393;+;;ULTRAEDGE;CYC;;0000000;20260806;;GX1697205S;SIT;;20260905;;;;;PO UL 2400006275;CYAR20260807;;Facture;;B00000005F;
0001;3;GX1697205S;202608;E22;0001N2608TL40;704501;0577116K;20260806;0001N2608TL40;EUR;C;1749494;+;445715;ULTRAEDGE;CYC;;0000000;20260806;COL_2000ENC;;SIT;;20260905;;GX1697205S;932;1;PO UL 2400006275;CYAR20260807;;Facture;;B00000005F;
0001;3;GX1697205S;202608;E22;0001N2608TL40;445715;0577116K;20260806;0001N2608TL40;EUR;C;349899;+;704501;ULTRAEDGE;CYC;;0000000;20260806;COL_2000ENC;;SIT;;20260905;;;;1;PO UL 2400006275;CYAR20260807;;Facture;;B00000005F;
0001;3;GX1700958G;202608;E22;0001R2608TL41;411100;0326988Y;20260806;0001R2608TL41;EUR;D;212760;+;;ASSISTANCE PUBLIQUE HOPIT;CYC;;0000000;20260806;;GX1700958G;FAC;;20260925;;;;;4512288970;CYAR20260807;;Facture;;B00000002C;
0001;3;GX1700958G;202608;E22;0001R2608TL41;704501;0326988Y;20260806;0001R2608TL41;EUR;C;177300;+;445715;ASSISTANCE PUBLIQUE HOPIT;CYC;;0000000;20260806;COL_2000ENC;;FAC;;20260925;;GX1700958G;932;1;4512288970;CYAR20260807;;Facture;;B00000002C;
0001;3;GX1700958G;202608;E22;0001R2608TL41;445715;0326988Y;20260806;0001R2608TL41;EUR;C;35460;+;704501;ASSISTANCE PUBLIQUE HOPIT;CYC;;0000000;20260806;COL_2000ENC;;FAC;;20260925;;;;1;4512288970;CYAR20260807;;Facture;;B00000002C;
0001;3;GX1667155V;202608;E22;0001S2608TL42;411100;0000113Z;20260806;0001S2608TL42;EUR;D;98442;+;;COMMUNE DE CAPPELLE LA GR;CYC;;0000000;20260806;;GX1667155V;FAC;;20260905;;;;;2026 000127;CYAR20260807;;Facture;;B00000003D;
0001;3;GX1667155V;202608;E22;0001S2608TL42;704501;0000113Z;20260806;0001S2608TL42;EUR;C;82035;+;445715;COMMUNE DE CAPPELLE LA GR;CYC;;0000000;20260806;COL_2000ENC;;FAC;;20260905;;GX1667155V;932;1;2026 000127;CYAR20260807;;Facture;;B00000003D;
0001;3;GX1667155V;202608;E22;0001S2608TL42;445715;0000113Z;20260806;0001S2608TL42;EUR;C;16407;+;704501;COMMUNE DE CAPPELLE LA GR;CYC;;0000000;20260806;COL_2000ENC;;FAC;;20260905;;;;1;2026 000127;CYAR20260807;;Facture;;B00000003D;
0001;3;GX1667133V;202608;E22;0001S2608TL50;411100;0000113Z;20260806;0001S2608TL50;EUR;D;357389;+;;COMMUNE DE CAPPELLE LA GR;CYC;;0000000;20260806;;GX1667133V;FAC;;20260905;;;;;2026 000123;CYAR20260807;;Facture;;B00000003D;
0001;3;GX1667133V;202608;E22;0001S2608TL50;704501;0000113Z;20260806;0001S2608TL50;EUR;C;297824;+;445715;COMMUNE DE CAPPELLE LA GR;CYC;;0000000;20260806;COL_2000ENC;;FAC;;20260905;;GX1667133V;932;1;2026 000123;CYAR20260807;;Facture;;B00000003D;
0001;3;GX1667133V;202608;E22;0001S2608TL50;445715;0000113Z;20260806;0001S2608TL50;EUR;C;59565;+;704501;COMMUNE DE CAPPELLE LA GR;CYC;;0000000;20260806;COL_2000ENC;;FAC;;20260905;;;;1;2026 000123;CYAR20260807;;Facture;;B00000003D;
0441;3;GX1039026L;202608;E22;0441M2608TDUV;411100;0579627N;20260806;0441M2608TDUV;EUR;D;856878;+;;PEAK DEVELOPPEMENT;CYC;;0000000;20260806;;GX1039026L;ACT;;20260806;;;;;;CYAR20260807;;Acompte;;B00000008J;
0441;3;GX1039026L;202608;E22;0441M2608TDUV;704501;0579627N;20260806;0441M2608TDUV;EUR;C;778980;+;445715;PEAK DEVELOPPEMENT;CYC;;0000000;20260806;COL_1000ENC;;ACT;;20260806;;GX1039026L;932;1;;CYAR20260807;;Acompte;;B00000008J;
0441;3;GX1039026L;202608;E22;0441M2608TDUV;445715;0579627N;20260806;0441M2608TDUV;EUR;C;77898;+;704501;PEAK DEVELOPPEMENT;CYC;;0000000;20260806;COL_1000ENC;;ACT;;20260806;;;;1;;CYAR20260807;;Acompte;;B00000008J;
0001;3;GX1670443F;202608;E22;0001E2608TL51;411100;0499623S;20260806;0001E2608TL51;EUR;D;96327;+;;DEPARTEMENT DES ALPES MAR;CYC;;0000000;20260806;;GX1670443F;FAC;;20260905;;;;;CP26 X005180 1;CYAR20260807;;Facture;;B00000007H;
0001;3;GX1670443F;202608;E22;0001E2608TL51;704501;0499623S;20260806;0001E2608TL51;EUR;C;87570;+;445715;DEPARTEMENT DES ALPES MAR;CYC;;0000000;20260806;COL_1000ENC;;FAC;;20260905;;GX1670443F;932;1;CP26 X005180 1;CYAR20260807;;Facture;;B00000007H;
0001;3;GX1670443F;202608;E22;0001E2608TL51;445715;0499623S;20260806;0001E2608TL51;EUR;C;8757;+;704501;DEPARTEMENT DES ALPES MAR;CYC;;0000000;20260806;COL_1000ENC;;FAC;;20260905;;;;1;CP26 X005180 1;CYAR20260807;;Facture;;B00000007H;
0001;3;GX1725033P;202608;E22;0001R2608TL52;411100;0084790R;20260806;0001R2608TL52;EUR;D;78632;+;;COMMUNE D ARGENTEUIL;CYC;;0000000;20260806;;GX1725033P;FAC;;20260905;;;;;2605190037;CYAR20260807;;Facture;;B00000002C;
0001;3;GX1725033P;202608;E22;0001R2608TL52;704501;0084790R;20260806;0001R2608TL52;EUR;C;65527;+;445715;COMMUNE D ARGENTEUIL;CYC;;0000000;20260806;COL_2000ENC;;FAC;;20260905;;GX1725033P;932;1;2605190037;CYAR20260807;;Facture;;B00000002C;
0001;3;GX1725033P;202608;E22;0001R2608TL52;445715;0084790R;20260806;0001R2608TL52;EUR;C;13105;+;704501;COMMUNE D ARGENTEUIL;CYC;;0000000;20260806;COL_2000ENC;;FAC;;20260905;;;;1;2605190037;CYAR20260807;;Facture;;B00000002C;
0441;3;GX1762597B;202608;E22;0441M2608TDUW;411100;0605963T;20260806;0441M2608TDUW;EUR;D;13200;+;;M Ambre ARCANGELI;CYC;;0000000;20260806;;GX1762597B;FAC;;20260905;;;;;;CYAR20260807;;Facture;;B00000008J;
0441;3;GX1762597B;202608;E22;0441M2608TDUW;704501;0605963T;20260806;0441M2608TDUW;EUR;C;11000;+;445715;M Ambre ARCANGELI;CYC;;0000000;20260806;COL_2000ENC;;FAC;;20260905;;GX1762597B;932;1;;CYAR20260807;;Facture;;B00000008J;
0441;3;GX1762597B;202608;E22;0441M2608TDUW;445715;0605963T;20260806;0441M2608TDUW;EUR;C;2200;+;704501;M Ambre ARCANGELI;CYC;;0000000;20260806;COL_2000ENC;;FAC;;20260905;;;;1;;CYAR20260807;;Facture;;B00000008J;
0001;3;GX1748752T;202608;E22;0001S2608TL61;411100;0330300E;20260806;0001S2608TL61;EUR;D;95719;+;;EIFALTIS SNC;CYC;;0000000;20260806;;GX1748752T;FAC;;20260905;;;;;C512618828  Activite   300013;CYAR20260807;;Facture;;B00000003D;
0001;3;GX1748752T;202608;E22;0001S2608TL61;704501;0330300E;20260806;0001S2608TL61;EUR;C;79766;+;445715;EIFALTIS SNC;CYC;;0000000;20260806;COL_2000ENC;;FAC;;20260905;;GX1748752T;932;1;C512618828  Activite   300013;CYAR20260807;;Facture;;B00000003D;
0001;3;GX1748752T;202608;E22;0001S2608TL61;445715;0330300E;20260806;0001S2608TL61;EUR;C;15953;+;704501;EIFALTIS SNC;CYC;;0000000;20260806;COL_2000ENC;;FAC;;20260905;;;;1;C512618828  Activite   300013;CYAR20260807;;Facture;;B00000003D;
0001;3;GX1762455P;202608;E22;0001M2608TL62;411100;0253750F;20260806;0001M2608TL62;EUR;D;37267;+;;MFP MICHELIN;CYC;;0000000;20260806;;GX1762455P;FAC;;20261005;;;;;4091696703;CYAR20260807;;Facture;;B00000008J;
0001;3;GX1762455P;202608;E22;0001M2608TL62;704501;0253750F;20260806;0001M2608TL62;EUR;C;31056;+;445715;MFP MICHELIN;CYC;;0000000;20260806;COL_2000ENC;;FAC;;20261005;;GX1762455P;932;1;4091696703;CYAR20260807;;Facture;;B00000008J;
0001;3;GX1762455P;202608;E22;0001M2608TL62;445715;0253750F;20260806;0001M2608TL62;EUR;C;6211;+;704501;MFP MICHELIN;CYC;;0000000;20260806;COL_2000ENC;;FAC;;20261005;;;;1;4091696703;CYAR20260807;;Facture;;B00000008J;
0441;3;GX1761216G;202608;E22;0441M2608TDUX;411100;0545967C;20260806;0441M2608TDUX;EUR;D;41580;+;;IMM ROSERAIE BATIMENT A;CYC;;0000000;20260806;;GX1761216G;FAC;;20260905;;;;;;CYAR20260807;;Facture;;B00000008J;
0441;3;GX1761216G;202608;E22;0441M2608TDUX;704501;0545967C;20260806;0441M2608TDUX;EUR;C;37800;+;445715;IMM ROSERAIE BATIMENT A;CYC;;0000000;20260806;COL_1000ENC;;FAC;;20260905;;GX1761216G;932;1;;CYAR20260807;;Facture;;B00000008J;
0441;3;GX1761216G;202608;E22;0441M2608TDUX;445715;0545967C;20260806;0441M2608TDUX;EUR;C;3780;+;704501;IMM ROSERAIE BATIMENT A;CYC;;0000000;20260806;COL_1000ENC;;FAC;;20260905;;;;1;;CYAR20260807;;Facture;;B00000008J;
0001;3;GX1703716R;202608;E22;0001C2608TL15;411100;0576974B;20260806;0001C2608TL15;EUR;D;81360;+;;ULTRAEDGE;CYC;;0000000;20260806;;GX1703716R;FAC;;20260910;;;;;PO UL 2400006446;CYAR20260807;;Facture;;B00000004E;
0001;3;GX1703716R;202608;E22;0001C2608TL15;704501;0576974B;20260806;0001C2608TL15;EUR;C;67800;+;445715;ULTRAEDGE;CYC;;0000000;20260806;COL_2000ENC;;FAC;;20260910;;GX1703716R;932;1;PO UL 2400006446;CYAR20260807;;Facture;;B00000004E;
0001;3;GX1703716R;202608;E22;0001C2608TL15;445715;0576974B;20260806;0001C2608TL15;EUR;C;13560;+;704501;ULTRAEDGE;CYC;;0000000;20260806;COL_2000ENC;;FAC;;20260910;;;;1;PO UL 2400006446;CYAR20260807;;Facture;;B00000004E;
0001;3;GX1735503M;202608;E22;0001C2608TL16;411100;0576974B;20260806;0001C2608TL16;EUR;D;78044;+;;ULTRAEDGE;CYC;;0000000;20260806;;GX1735503M;FAC;;20261005;;;;;;CYAR20260807;;Facture;;B00000004E;
0001;3;GX1735503M;202608;E22;0001C2608TL16;704501;0576974B;20260806;0001C2608TL16;EUR;C;65037;+;445715;ULTRAEDGE;CYC;;0000000;20260806;COL_2000ENC;;FAC;;20261005;;GX1735503M;932;1;;CYAR20260807;;Facture;;B00000004E;
0001;3;GX1735503M;202608;E22;0001C2608TL16;445715;0576974B;20260806;0001C2608TL16;EUR;C;13007;+;704501;ULTRAEDGE;CYC;;0000000;20260806;COL_2000ENC;;FAC;;20261005;;;;1;;CYAR20260807;;Facture;;B00000004E;
0001;3;GX1726415K;202608;E22;0001L2608TL20;411100;0605814X;20260806;0001L2608TL20;EUR;C;128581;+;;PROLOGISTIK FRANCE SOFTWA;CYC;;0000000;20260806;;GX1726415K;FAC;;20260905;0001L2607T140;;;;YOOZ 7006;CYAR20260807;;Avoir;;B00000006G;
0001;3;GX1726415K;202608;E22;0001L2608TL20;704501;0605814X;20260806;0001L2608TL20;EUR;D;107151;+;445715;PROLOGISTIK FRANCE SOFTWA;CYC;;0000000;20260806;COL_2000ENC;;FAC;;20260905;0001L2607T140;GX1726415K;932;1;YOOZ 7006;CYAR20260807;;Avoir;;B00000006G;
0001;3;GX1726415K;202608;E22;0001L2608TL20;445715;0605814X;20260806;0001L2608TL20;EUR;D;21430;+;704501;PROLOGISTIK FRANCE SOFTWA;CYC;;0000000;20260806;COL_2000ENC;;FAC;;20260905;0001L2607T140;;;1;YOOZ 7006;CYAR20260807;;Avoir;;B00000006G;
0001;3;GX1726097Z;202608;E22;0001R2608TL24;411100;0604451F;20260806;0001R2608TL24;EUR;D;194136;+;;MME Celine SAENZ;CYC;;0000000;20260806;;GX1726097Z;DEC;;20260905;;;;;Virement bancaire ;CYAR20260807;;Facture;;B00000002C;
0001;3;GX1726097Z;202608;E22;0001R2608TL24;704501;0604451F;20260806;0001R2608TL24;EUR;C;252124;+;445715;MME Celine SAENZ;CYC;;0000000;20260806;COL_1000ENC;;DEC;;20260905;;GX1726097Z;932;1;Virement bancaire ;CYAR20260807;;Facture;;B00000002C;
0001;3;GX1726097Z;202608;E22;0001R2608TL24;704501;0604451F;20260806;0001R2608TL24;EUR;C;75637;-;445715;MME Celine SAENZ;CYC;;0000000;20260806;COL_1000ENC;;DEC;;20260905;;GX1726097Z;932;1;Virement bancaire ;CYAR20260807;;Facture;;B00000002C;
0001;3;GX1726097Z;202608;E22;0001R2608TL24;445715;0604451F;20260806;0001R2608TL24;EUR;C;7564;-;704501;MME Celine SAENZ;CYC;;0000000;20260806;COL_1000ENC;;DEC;;20260905;;;;1;Virement bancaire ;CYAR20260807;;Facture;;B00000002C;
0001;3;GX1726097Z;202608;E22;0001R2608TL24;445715;0604451F;20260806;0001R2608TL24;EUR;C;25213;+;704501;MME Celine SAENZ;CYC;;0000000;20260806;COL_1000ENC;;DEC;;20260905;;;;1;Virement bancaire ;CYAR20260807;;Facture;;B00000002C;
0001;3;GX1692714N;202608;E22;0001R2608TL31;411100;0328542S;20260806;0001R2608TL31;EUR;D;137500;+;;SDC SALMSON LE POINT DU J;CYC;;0000000;20260806;;GX1692714N;FAC;;20260905;;;;;12660.26.0026;CYAR20260807;;Facture;;B00000002C;
0001;3;GX1692714N;202608;E22;0001R2608TL31;704501;0328542S;20260806;0001R2608TL31;EUR;C;125000;+;445715;SDC SALMSON LE POINT DU J;CYC;;0000000;20260806;COL_1000ENC;;FAC;;20260905;;GX1692714N;932;1;12660.26.0026;CYAR20260807;;Facture;;B00000002C;
0001;3;GX1692714N;202608;E22;0001R2608TL31;445715;0328542S;20260806;0001R2608TL31;EUR;C;12500;+;704501;SDC SALMSON LE POINT DU J;CYC;;0000000;20260806;COL_1000ENC;;FAC;;20260905;;;;1;12660.26.0026;CYAR20260807;;Facture;;B00000002C;
0001;3;GX1631844T;202608;E22;0001M2608TL32;411100;0253750F;20260806;0001M2608TL32;EUR;D;7081042;+;;MFP MICHELIN;CYC;;0000000;20260806;;GX1631844T;FAC;;20261031;;;;;4091613843;CYAR20260807;;Facture;;B00000008J;
0001;3;GX1631844T;202608;E22;0001M2608TL32;704501;0253750F;20260806;0001M2608TL32;EUR;C;5900868;+;445715;MFP MICHELIN;CYC;;0000000;20260806;COL_2000ENC;;FAC;;20261031;;GX1631844T;932;1;4091613843;CYAR20260807;;Facture;;B00000008J;
0001;3;GX1631844T;202608;E22;0001M2608TL32;445715;0253750F;20260806;0001M2608TL32;EUR;C;1180174;+;704501;MFP MICHELIN;CYC;;0000000;20260806;COL_2000ENC;;FAC;;20261031;;;;1;4091613843;CYAR20260807;;Facture;;B00000008J;
0001;3;GX1719167Z;202608;E22;0001M2608TL37;411100;0085715H;20260806;0001M2608TL37;EUR;D;207900;+;;COPROPRIETE LES CHARMILLE;CYC;;0000000;20260806;;GX1719167Z;FAC;;20260905;;;;;Selon devis accepte le;CYAR20260807;;Facture;;B00000008J;
0001;3;GX1719167Z;202608;E22;0001M2608TL37;704501;0085715H;20260806;0001M2608TL37;EUR;C;189000;+;445715;COPROPRIETE LES CHARMILLE;CYC;;0000000;20260806;COL_1000ENC;;FAC;;20260905;;GX1719167Z;932;1;Selon devis accepte le;CYAR20260807;;Facture;;B00000008J;
0001;3;GX1719167Z;202608;E22;0001M2608TL37;445715;0085715H;20260806;0001M2608TL37;EUR;C;18900;+;704501;COPROPRIETE LES CHARMILLE;CYC;;0000000;20260806;COL_1000ENC;;FAC;;20260905;;;;1;Selon devis accepte le;CYAR20260807;;Facture;;B00000008J;
0001;3;GX1740755F;202608;E22;0001R2608TL39;411100;0084790R;20260806;0001R2608TL39;EUR;D;2417152;+;;COMMUNE D ARGENTEUIL;CYC;;0000000;20260806;;GX1740755F;FAC;;20260905;;;;;;CYAR20260807;;Facture;;B00000002C;
0001;3;GX1740755F;202608;E22;0001R2608TL39;704501;0084790R;20260806;0001R2608TL39;EUR;C;2014293;+;445715;COMMUNE D ARGENTEUIL;CYC;;0000000;20260806;COL_2000ENC;;FAC;;20260905;;GX1740755F;932;1;;CYAR20260807;;Facture;;B00000002C;
0001;3;GX1740755F;202608;E22;0001R2608TL39;445715;0084790R;20260806;0001R2608TL39;EUR;C;402859;+;704501;COMMUNE D ARGENTEUIL;CYC;;0000000;20260806;COL_2000ENC;;FAC;;20260905;;;;1;;CYAR20260807;;Facture;;B00000002C;
0001;3;GX1725027H;202608;E22;0001R2608TL43;411100;0084790R;20260806;0001R2608TL43;EUR;D;369354;+;;COMMUNE D ARGENTEUIL;CYC;;0000000;20260806;;GX1725027H;FAC;;20260905;;;;;2605190045;CYAR20260807;;Facture;;B00000002C;
0001;3;GX1725027H;202608;E22;0001R2608TL43;704501;0084790R;20260806;0001R2608TL43;EUR;C;307795;+;445715;COMMUNE D ARGENTEUIL;CYC;;0000000;20260806;COL_2000ENC;;FAC;;20260905;;GX1725027H;932;1;2605190045;CYAR20260807;;Facture;;B00000002C;
0001;3;GX1725027H;202608;E22;0001R2608TL43;445715;0084790R;20260806;0001R2608TL43;EUR;C;61559;+;704501;COMMUNE D ARGENTEUIL;CYC;;0000000;20260806;COL_2000ENC;;FAC;;20260905;;;;1;2605190045;CYAR20260807;;Facture;;B00000002C;
0119;3;GX1759385B;202608;E23;0119O2608TY86;411150;0305698J;20260806;0119O2608TY86;EUR;D;32110;+;;ELECTRICITE DE FRANCE;CYC;;0000000;20260806;;GX1759385B;FAC;;20260905;;;;;8676 4220273882;CYAR20260807;;Facture;;B00000001B;
0119;3;GX1759385B;202608;E23;0119O2608TY86;704501;0305698J;20260806;0119O2608TY86;EUR;C;26758;+;445715;ELECTRICITE DE FRANCE;CYC;;0000000;20260806;COL_2000ENC;;FAC;;20260905;;GX1759385B;932;1;8676 4220273882;CYAR20260807;;Facture;;B00000001B;
0119;3;GX1759385B;202608;E23;0119O2608TY86;445715;0305698J;20260806;0119O2608TY86;EUR;C;5352;+;704501;ELECTRICITE DE FRANCE;CYC;;0000000;20260806;COL_2000ENC;;FAC;;20260905;;;;1;8676 4220273882;CYAR20260807;;Facture;;B00000001B;
0001;3;GX1736955M;202608;E22;0001M2608TL48;411100;0551568R;20260806;0001M2608TL48;EUR;D;41800;+;;LES ROSES;CYC;;0000000;20260806;;GX1736955M;FAC;;20260905;;;;;INT7166354;CYAR20260807;;Facture;;B00000008J;
0001;3;GX1736955M;202608;E22;0001M2608TL48;704501;0551568R;20260806;0001M2608TL48;EUR;C;38000;+;445715;LES ROSES;CYC;;0000000;20260806;COL_1000ENC;;FAC;;20260905;;GX1736955M;932;1;INT7166354;CYAR20260807;;Facture;;B00000008J;
0001;3;GX1736955M;202608;E22;0001M2608TL48;445715;0551568R;20260806;0001M2608TL48;EUR;C;3800;+;704501;LES ROSES;CYC;;0000000;20260806;COL_1000ENC;;FAC;;20260905;;;;1;INT7166354;CYAR20260807;;Facture;;B00000008J;
0001;3;GX1737714A;202608;E22;0001M2608TL53;411100;0311482W;20260806;0001M2608TL53;EUR;D;221401;+;;COPROPRIETE LES ORIADES;CYC;;0000000;20260806;;GX1737714A;FAC;;20260905;;;;;Selon devis accepte le;CYAR20260807;;Facture;;B00000008J;
0001;3;GX1737714A;202608;E22;0001M2608TL53;704501;0311482W;20260806;0001M2608TL53;EUR;C;201274;+;445715;COPROPRIETE LES ORIADES;CYC;;0000000;20260806;COL_1000ENC;;FAC;;20260905;;GX1737714A;932;1;Selon devis accepte le;CYAR20260807;;Facture;;B00000008J;
0001;3;GX1737714A;202608;E22;0001M2608TL53;445715;0311482W;20260806;0001M2608TL53;EUR;C;20127;+;704501;COPROPRIETE LES ORIADES;CYC;;0000000;20260806;COL_1000ENC;;FAC;;20260905;;;;1;Selon devis accepte le;CYAR20260807;;Facture;;B00000008J;
0001;3;GX1740704Y;202608;E22;0001N2608TL54;411100;0433933L;20260806;0001N2608TL54;EUR;D;289399;+;;CLINIQUE DE COGNAC;CYC;;0000000;20260806;;GX1740704Y;FAC;;20260930;;;;;PGCO 11 26 00248;CYAR20260807;;Facture;;B00000005F;
0001;3;GX1740704Y;202608;E22;0001N2608TL54;704501;0433933L;20260806;0001N2608TL54;EUR;C;241166;+;445715;CLINIQUE DE COGNAC;CYC;;0000000;20260806;COL_2000ENC;;FAC;;20260930;;GX1740704Y;932;1;PGCO 11 26 00248;CYAR20260807;;Facture;;B00000005F;
0001;3;GX1740704Y;202608;E22;0001N2608TL54;445715;0433933L;20260806;0001N2608TL54;EUR;C;48233;+;704501;CLINIQUE DE COGNAC;CYC;;0000000;20260806;COL_2000ENC;;FAC;;20260930;;;;1;PGCO 11 26 00248;CYAR20260807;;Facture;;B00000005F;
0001;3;GX1494309D;202608;E22;0001E2608TL57;411100;0606010G;20260806;0001E2608TL57;EUR;D;6227381;+;;COMMUNAUTE DE COMMUNES DU;CYC;;0000000;20260806;;GX1494309D;SIT;;20260905;;;;;;CYAR20260807;;Facture;;B00000007H;
0001;3;GX1494309D;202608;E22;0001E2608TL57;704501;0606010G;20260806;0001E2608TL57;EUR;C;5189484;+;445715;COMMUNAUTE DE COMMUNES DU;CYC;;0000000;20260806;COL_2000ENC;;SIT;;20260905;;GX1494309D;932;1;;CYAR20260807;;Facture;;B00000007H;
0001;3;GX1494309D;202608;E22;0001E2608TL57;445715;0606010G;20260806;0001E2608TL57;EUR;C;1037897;+;704501;COMMUNAUTE DE COMMUNES DU;CYC;;0000000;20260806;COL_2000ENC;;SIT;;20260905;;;;1;;CYAR20260807;;Facture;;B00000007H;
0001;3;GX1568319F;202608;E22;0001C2608TL59;411100;0330264H;20260806;0001C2608TL59;EUR;C;542472;+;;VILOGIA PREMIUM GRAND EST;CYC;;0000000;20260806;;GX1568319F;FAC;;20260905;0001 C XTCC48;;;;;CYAR20260807;;Avoir;;B00000004E;
0001;3;GX1568319F;202608;E22;0001C2608TL59;704501;0330264H;20260806;0001C2608TL59;EUR;D;452060;+;445715;VILOGIA PREMIUM GRAND EST;CYC;;0000000;20260806;COL_2000ENC;;FAC;;20260905;0001 C XTCC48;GX1568319F;932;1;;CYAR20260807;;Avoir;;B00000004E;
0001;3;GX1568319F;202608;E22;0001C2608TL59;445715;0330264H;20260806;0001C2608TL59;EUR;D;90412;+;704501;VILOGIA PREMIUM GRAND EST;CYC;;0000000;20260806;COL_2000ENC;;FAC;;20260905;0001 C XTCC48;;;1;;CYAR20260807;;Avoir;;B00000004E;
0001;3;GX1757706T;202608;E22;0001C2608TL64;411100;0312909Y;20260806;0001C2608TL64;EUR;D;46400;+;;RESIDENCE LE PATIO;CYC;;0000000;20260806;;GX1757706T;FAC;;20260905;;;;;DEVIS SIGNE DU ;CYAR20260807;;Facture;;B00000004E;
0001;3;GX1757706T;202608;E22;0001C2608TL64;704501;0312909Y;20260806;0001C2608TL64;EUR;C;42182;+;445715;RESIDENCE LE PATIO;CYC;;0000000;20260806;COL_1000ENC;;FAC;;20260905;;GX1757706T;932;1;DEVIS SIGNE DU ;CYAR20260807;;Facture;;B00000004E;
0001;3;GX1757706T;202608;E22;0001C2608TL64;445715;0312909Y;20260806;0001C2608TL64;EUR;C;4218;+;704501;RESIDENCE LE PATIO;CYC;;0000000;20260806;COL_1000ENC;;FAC;;20260905;;;;1;DEVIS SIGNE DU ;CYAR20260807;;Facture;;B00000004E;
0511;3;GX1756737S;202608;E23;0511N2608T052;411150;0435146I;20260806;0511N2608T052;EUR;D;67500;+;;DALKIA;CYC;;0000000;20260806;;GX1756737S;FAC;;20260806;;;;;BC2333271;CYAR20260807;;Facture;EFT;B00000005F;
0511;3;GX1756737S;202608;E23;0511N2608T052;704501;0435146I;20260806;0511N2608T052;EUR;C;56250;+;445715;DALKIA;CYC;;0000000;20260806;COL_2000ENC;;FAC;;20260806;;GX1756737S;932;1;BC2333271;CYAR20260807;;Facture;EFT;B00000005F;
0511;3;GX1756737S;202608;E23;0511N2608T052;445715;0435146I;20260806;0511N2608T052;EUR;C;11250;+;704501;DALKIA;CYC;;0000000;20260806;COL_2000ENC;;FAC;;20260806;;;;1;BC2333271;CYAR20260807;;Facture;EFT;B00000005F;
0001;3;GX1756859F;202608;E22;0001R2608TL33;411100;0084790R;20260806;0001R2608TL33;EUR;D;136894;+;;COMMUNE D ARGENTEUIL;CYC;;0000000;20260806;;GX1756859F;FAC;;20260905;;;;;2607160011;CYAR20260807;;Facture;;B00000002C;
0001;3;GX1756859F;202608;E22;0001R2608TL33;704501;0084790R;20260806;0001R2608TL33;EUR;C;114078;+;445715;COMMUNE D ARGENTEUIL;CYC;;0000000;20260806;COL_2000ENC;;FAC;;20260905;;GX1756859F;932;1;2607160011;CYAR20260807;;Facture;;B00000002C;
0001;3;GX1756859F;202608;E22;0001R2608TL33;445715;0084790R;20260806;0001R2608TL33;EUR;C;22816;+;704501;COMMUNE D ARGENTEUIL;CYC;;0000000;20260806;COL_2000ENC;;FAC;;20260905;;;;1;2607160011;CYAR20260807;;Facture;;B00000002C;
0119;3;GX1662064J;202608;E23;0119O2608TY83;411150;0305698J;20260806;0119O2608TY83;EUR;D;6854929;+;;ELECTRICITE DE FRANCE;CYC;;0000000;20260806;;GX1662064J;FAC;;20261005;;;;;5100 4210663212;CYAR20260807;;Facture;;B00000001B;
0119;3;GX1662064J;202608;E23;0119O2608TY83;704501;0305698J;20260806;0119O2608TY83;EUR;C;5712441;+;445715;ELECTRICITE DE FRANCE;CYC;;0000000;20260806;COL_2000ENC;;FAC;;20261005;;GX1662064J;932;1;5100 4210663212;CYAR20260807;;Facture;;B00000001B;
0119;3;GX1662064J;202608;E23;0119O2608TY83;445715;0305698J;20260806;0119O2608TY83;EUR;C;1142488;+;704501;ELECTRICITE DE FRANCE;CYC;;0000000;20260806;COL_2000ENC;;FAC;;20261005;;;;1;5100 4210663212;CYAR20260807;;Facture;;B00000001B;
0001;3;GX1721485H;202608;E22;0001E2608TL38;411100;0578704C;20260806;0001E2608TL38;EUR;D;53820;+;;CAAP IMMO INVEST;CYC;;0000000;20260806;;GX1721485H;FAC;;20260905;;;;;47243260004;CYAR20260807;;Facture;;B00000007H;
0001;3;GX1721485H;202608;E22;0001E2608TL38;704501;0578704C;20260806;0001E2608TL38;EUR;C;44850;+;445715;CAAP IMMO INVEST;CYC;;0000000;20260806;COL_2000ENC;;FAC;;20260905;;GX1721485H;932;1;47243260004;CYAR20260807;;Facture;;B00000007H;
0001;3;GX1721485H;202608;E22;0001E2608TL38;445715;0578704C;20260806;0001E2608TL38;EUR;C;8970;+;704501;CAAP IMMO INVEST;CYC;;0000000;20260806;COL_2000ENC;;FAC;;20260905;;;;1;47243260004;CYAR20260807;;Facture;;B00000007H;
0119;3;GX1639735K;202608;E23;0119O2608TY84;411150;0305698J;20260806;0119O2608TY84;EUR;D;1877802;+;;ELECTRICITE DE FRANCE;CYC;;0000000;20260806;;GX1639735K;FAC;;20261005;;;;;5100 4210678729;CYAR20260807;;Facture;;B00000001B;
0119;3;GX1639735K;202608;E23;0119O2608TY84;704501;0305698J;20260806;0119O2608TY84;EUR;C;1564835;+;445715;ELECTRICITE DE FRANCE;CYC;;0000000;20260806;COL_2000ENC;;FAC;;20261005;;GX1639735K;932;1;5100 4210678729;CYAR20260807;;Facture;;B00000001B;
0119;3;GX1639735K;202608;E23;0119O2608TY84;445715;0305698J;20260806;0119O2608TY84;EUR;C;312967;+;704501;ELECTRICITE DE FRANCE;CYC;;0000000;20260806;COL_2000ENC;;FAC;;20261005;;;;1;5100 4210678729;CYAR20260807;;Facture;;B00000001B;
0001;3;GX1669470A;202608;E22;0001R2608TL47;411100;0084790R;20260806;0001R2608TL47;EUR;D;393736;+;;COMMUNE D ARGENTEUIL;CYC;;0000000;20260806;;GX1669470A;DGD;;20260905;;;;;2601190042;CYAR20260807;;Facture;;B00000002C;
0001;3;GX1669470A;202608;E22;0001R2608TL47;704501;0084790R;20260806;0001R2608TL47;EUR;C;328113;+;445715;COMMUNE D ARGENTEUIL;CYC;;0000000;20260806;COL_2000ENC;;DGD;;20260905;;GX1669470A;932;1;2601190042;CYAR20260807;;Facture;;B00000002C;
0001;3;GX1669470A;202608;E22;0001R2608TL47;445715;0084790R;20260806;0001R2608TL47;EUR;C;65623;+;704501;COMMUNE D ARGENTEUIL;CYC;;0000000;20260806;COL_2000ENC;;DGD;;20260905;;;;1;2601190042;CYAR20260807;;Facture;;B00000002C;
0001;3;GX1757836R;202608;E22;0001M2608TL49;411100;0253750F;20260806;0001M2608TL49;EUR;D;395824;+;;MFP MICHELIN;CYC;;0000000;20260806;;GX1757836R;FAC;;20261005;;;;;4091692503;CYAR20260807;;Facture;;B00000008J;
0001;3;GX1757836R;202608;E22;0001M2608TL49;704501;0253750F;20260806;0001M2608TL49;EUR;C;329853;+;445715;MFP MICHELIN;CYC;;0000000;20260806;COL_2000ENC;;FAC;;20261005;;GX1757836R;932;1;4091692503;CYAR20260807;;Facture;;B00000008J;
0001;3;GX1757836R;202608;E22;0001M2608TL49;445715;0253750F;20260806;0001M2608TL49;EUR;C;65971;+;704501;MFP MICHELIN;CYC;;0000000;20260806;COL_2000ENC;;FAC;;20261005;;;;1;4091692503;CYAR20260807;;Facture;;B00000008J;
0119;3;GX1759252A;202608;E23;0119O2608TY87;411150;0305698J;20260806;0119O2608TY87;EUR;D;20435;+;;ELECTRICITE DE FRANCE;CYC;;0000000;20260806;;GX1759252A;FAC;;20260905;;;;;8676 4220273904;CYAR20260807;;Facture;;B00000001B;
0119;3;GX1759252A;202608;E23;0119O2608TY87;704501;0305698J;20260806;0119O2608TY87;EUR;C;17029;+;445715;ELECTRICITE DE FRANCE;CYC;;0000000;20260806;COL_2000ENC;;FAC;;20260905;;GX1759252A;932;1;8676 4220273904;CYAR20260807;;Facture;;B00000001B;
0119;3;GX1759252A;202608;E23;0119O2608TY87;445715;0305698J;20260806;0119O2608TY87;EUR;C;3406;+;704501;ELECTRICITE DE FRANCE;CYC;;0000000;20260806;COL_2000ENC;;FAC;;20260905;;;;1;8676 4220273904;CYAR20260807;;Facture;;B00000001B;
0001;3;GX1689868E;202608;E22;0001C2608TL58;411100;0311440P;20260806;0001C2608TL58;EUR;D;2302696;+;;GROUPEMENT HOSPITALIER AU;CYC;;0000000;20260806;;GX1689868E;FAC;;20260930;;;;;168524;CYAR20260807;;Facture;;B00000004E;
0001;3;GX1689868E;202608;E22;0001C2608TL58;704501;0311440P;20260806;0001C2608TL58;EUR;C;1918913;+;445715;GROUPEMENT HOSPITALIER AU;CYC;;0000000;20260806;COL_2000ENC;;FAC;;20260930;;GX1689868E;932;1;168524;CYAR20260807;;Facture;;B00000004E;
0001;3;GX1689868E;202608;E22;0001C2608TL58;445715;0311440P;20260806;0001C2608TL58;EUR;C;383783;+;704501;GROUPEMENT HOSPITALIER AU;CYC;;0000000;20260806;COL_2000ENC;;FAC;;20260930;;;;1;168524;CYAR20260807;;Facture;;B00000004E;
0001;3;GX1568319F;202608;E22;0001C2608TL60;411100;0000470T;20260806;0001C2608TL60;EUR;D;542472;+;;VILOGIA SOCIETE ANONYME D;CYC;;0000000;20260806;;GX1568319F;FAC;;20260905;;;;;LOG N03631;CYAR20260807;;Facture;;B00000004E;
0001;3;GX1568319F;202608;E22;0001C2608TL60;704501;0000470T;20260806;0001C2608TL60;EUR;C;452060;+;445715;VILOGIA SOCIETE ANONYME D;CYC;;0000000;20260806;COL_2000ENC;;FAC;;20260905;;GX1568319F;932;1;LOG N03631;CYAR20260807;;Facture;;B00000004E;
0001;3;GX1568319F;202608;E22;0001C2608TL60;445715;0000470T;20260806;0001C2608TL60;EUR;C;90412;+;704501;VILOGIA SOCIETE ANONYME D;CYC;;0000000;20260806;COL_2000ENC;;FAC;;20260905;;;;1;LOG N03631;CYAR20260807;;Facture;;B00000004E;
0001;3;GX1756493P;202608;E22;0001M2608TL65;411100;0551874A;20260806;0001M2608TL65;EUR;D;49800;+;;PATRIMINVEST 22 NEVERS;CYC;;0000000;20260806;;GX1756493P;FAC;;20260905;;;;;;CYAR20260807;;Facture;;B00000008J;
0001;3;GX1756493P;202608;E22;0001M2608TL65;704501;0551874A;20260806;0001M2608TL65;EUR;C;41500;+;445715;PATRIMINVEST 22 NEVERS;CYC;;0000000;20260806;COL_2000ENC;;FAC;;20260905;;GX1756493P;932;1;;CYAR20260807;;Facture;;B00000008J;
0001;3;GX1756493P;202608;E22;0001M2608TL65;445715;0551874A;20260806;0001M2608TL65;EUR;C;8300;+;704501;PATRIMINVEST 22 NEVERS;CYC;;0000000;20260806;COL_2000ENC;;FAC;;20260905;;;;1;;CYAR20260807;;Facture;;B00000008J;
0001;3;GX1694600G;202608;E22;0001E2608TL69;411100;0273608K;20260806;0001E2608TL69;EUR;D;176237;+;;ADOMA;CYC;;0000000;20260806;;GX1694600G;FAC;;20260905;;;;;4701282126;CYAR20260807;;Facture;;B00000007H;
0001;3;GX1694600G;202608;E22;0001E2608TL69;704501;0273608K;20260806;0001E2608TL69;EUR;C;146864;+;445715;ADOMA;CYC;;0000000;20260806;COL_2000ENC;;FAC;;20260905;;GX1694600G;932;1;4701282126;CYAR20260807;;Facture;;B00000007H;
0001;3;GX1694600G;202608;E22;0001E2608TL69;445715;0273608K;20260806;0001E2608TL69;EUR;C;29373;+;704501;ADOMA;CYC;;0000000;20260806;COL_2000ENC;;FAC;;20260905;;;;1;4701282126;CYAR20260807;;Facture;;B00000007H;
0001;3;GX1615754J;202608;E22;0001L2608TL70;411100;0584382S;20260806;0001L2608TL70;EUR;C;425088;+;;PARC ST LAURENT;CYC;;0000000;20260806;;GX1615754J;CEE;;20260905;;;;;;CYAR20260807;;Avoir;;B00000006G;
0001;3;GX1615754J;202608;E22;0001L2608TL70;709450;0584382S;20260806;0001L2608TL70;EUR;D;425088;+;445715;PARC ST LAURENT;CYC;;0000000;20260806;COL_0000ENC;;CEE;;20260905;;GX1615754J;932;1;;CYAR20260807;AVOIR TRAVAUX CEE TTC;Avoir;;B00000006G;
0001;3;GX1760686E;202608;E22;0001R2608TL75;411100;0162649L;20260806;0001R2608TL75;EUR;D;42372;+;;FONDATION HOPITAL SAINT J;CYC;;0000000;20260806;;GX1760686E;FAC;;20261010;;;;;STAN.32768.1.GHPSJ;CYAR20260807;;Facture;;B00000002C;
0001;3;GX1760686E;202608;E22;0001R2608TL75;704501;0162649L;20260806;0001R2608TL75;EUR;C;35310;+;445715;FONDATION HOPITAL SAINT J;CYC;;0000000;20260806;COL_2000ENC;;FAC;;20261010;;GX1760686E;932;1;STAN.32768.1.GHPSJ;CYAR20260807;;Facture;;B00000002C;
0001;3;GX1760686E;202608;E22;0001R2608TL75;445715;0162649L;20260806;0001R2608TL75;EUR;C;7062;+;704501;FONDATION HOPITAL SAINT J;CYC;;0000000;20260806;COL_2000ENC;;FAC;;20261010;;;;1;STAN.32768.1.GHPSJ;CYAR20260807;;Facture;;B00000002C;
0001;3;GX1704002R;202608;E22;0001R2608TL77;411100;0569221A;20260806;0001R2608TL77;EUR;D;70956;+;;MME Virginia DE VITO;CYC;;0000000;20260806;;GX1704002R;DEC;;20260905;;;;;;CYAR20260807;;Facture;;B00000002C;
0001;3;GX1704002R;202608;E22;0001R2608TL77;704501;0569221A;20260806;0001R2608TL77;EUR;C;27645;-;445715;MME Virginia DE VITO;CYC;;0000000;20260806;COL_1000ENC;;DEC;;20260905;;GX1704002R;932;1;;CYAR20260807;;Facture;;B00000002C;
0001;3;GX1704002R;202608;E22;0001R2608TL77;704501;0569221A;20260806;0001R2608TL77;EUR;C;92150;+;445715;MME Virginia DE VITO;CYC;;0000000;20260806;COL_1000ENC;;DEC;;20260905;;GX1704002R;932;1;;CYAR20260807;;Facture;;B00000002C;
0001;3;GX1704002R;202608;E22;0001R2608TL77;445715;0569221A;20260806;0001R2608TL77;EUR;C;2765;-;704501;MME Virginia DE VITO;CYC;;0000000;20260806;COL_1000ENC;;DEC;;20260905;;;;1;;CYAR20260807;;Facture;;B00000002C;
0001;3;GX1704002R;202608;E22;0001R2608TL77;445715;0569221A;20260806;0001R2608TL77;EUR;C;9216;+;704501;MME Virginia DE VITO;CYC;;0000000;20260806;COL_1000ENC;;DEC;;20260905;;;;1;;CYAR20260807;;Facture;;B00000002C;
0001;3;GX1714160J;202608;E22;0001R2608TL84;411100;0599619W;20260806;0001R2608TL84;EUR;D;164395;+;;M Frederic GUEGNAUD;CYC;;0000000;20260806;;GX1714160J;DEC;;20260905;;;;;;CYAR20260807;;Facture;;B00000002C;
0001;3;GX1714160J;202608;E22;0001R2608TL84;704501;0599619W;20260806;0001R2608TL84;EUR;C;64050;-;445715;M Frederic GUEGNAUD;CYC;;0000000;20260806;COL_1000ENC;;DEC;;20260905;;GX1714160J;932;1;;CYAR20260807;;Facture;;B00000002C;
0001;3;GX1714160J;202608;E22;0001R2608TL84;704501;0599619W;20260806;0001R2608TL84;EUR;C;213500;+;445715;M Frederic GUEGNAUD;CYC;;0000000;20260806;COL_1000ENC;;DEC;;20260905;;GX1714160J;932;1;;CYAR20260807;;Facture;;B00000002C;
0001;3;GX1714160J;202608;E22;0001R2608TL84;445715;0599619W;20260806;0001R2608TL84;EUR;C;6405;-;704501;M Frederic GUEGNAUD;CYC;;0000000;20260806;COL_1000ENC;;DEC;;20260905;;;;1;;CYAR20260807;;Facture;;B00000002C;
0001;3;GX1714160J;202608;E22;0001R2608TL84;445715;0599619W;20260806;0001R2608TL84;EUR;C;21350;+;704501;M Frederic GUEGNAUD;CYC;;0000000;20260806;COL_1000ENC;;DEC;;20260905;;;;1;;CYAR20260807;;Facture;;B00000002C;
0119;3;GX1740506Y;202608;E23;0119O2608TY91;411150;0305698J;20260806;0119O2608TY91;EUR;D;150356;+;;ELECTRICITE DE FRANCE;CYC;;0000000;20260806;;GX1740506Y;FAC;;20260905;;;;;8676 4220275461;CYAR20260807;;Facture;;B00000001B;
0119;3;GX1740506Y;202608;E23;0119O2608TY91;704501;0305698J;20260806;0119O2608TY91;EUR;C;125297;+;445715;ELECTRICITE DE FRANCE;CYC;;0000000;20260806;COL_2000ENC;;FAC;;20260905;;GX1740506Y;932;1;8676 4220275461;CYAR20260807;;Facture;;B00000001B;
0119;3;GX1740506Y;202608;E23;0119O2608TY91;445715;0305698J;20260806;0119O2608TY91;EUR;C;25059;+;704501;ELECTRICITE DE FRANCE;CYC;;0000000;20260806;COL_2000ENC;;FAC;;20260905;;;;1;8676 4220275461;CYAR20260807;;Facture;;B00000001B;
0001;3;GX1260200W;202608;E22;0001S2608TL88;411100;0004221D;20260806;0001S2608TL88;EUR;D;5301642;+;;COMMUNE DE VILLENEUVE D A;CYC;;0000000;20260806;;GX1260200W;DGD;;20260905;;;;;220044;CYAR20260807;;Facture;;B00000003D;
0001;3;GX1260200W;202608;E22;0001S2608TL88;704501;0004221D;20260806;0001S2608TL88;EUR;C;4418035;+;445715;COMMUNE DE VILLENEUVE D A;CYC;;0000000;20260806;COL_2000ENC;;DGD;;20260905;;GX1260200W;932;1;220044;CYAR20260807;;Facture;;B00000003D;
0001;3;GX1260200W;202608;E22;0001S2608TL88;445715;0004221D;20260806;0001S2608TL88;EUR;C;883607;+;704501;COMMUNE DE VILLENEUVE D A;CYC;;0000000;20260806;COL_2000ENC;;DGD;;20260905;;;;1;220044;CYAR20260807;;Facture;;B00000003D;
0001;3;GX1762816A;202608;E22;0001L2608TL63;411100;0221157X;20260806;0001L2608TL63;EUR;C;40634;+;;CENTRE HOSPITALIER PAUL C;CYC;;0000000;20260806;;GX1762816A;FAC;;20261010;0001 L PTPW95;;;;8803;CYAR20260807;;Avoir;;B00000006G;
0001;3;GX1762816A;202608;E22;0001L2608TL63;704501;0221157X;20260806;0001L2608TL63;EUR;D;33862;+;445715;CENTRE HOSPITALIER PAUL C;CYC;;0000000;20260806;COL_2000ENC;;FAC;;20261010;0001 L PTPW95;GX1762816A;932;1;8803;CYAR20260807;;Avoir;;B00000006G;
0001;3;GX1762816A;202608;E22;0001L2608TL63;445715;0221157X;20260806;0001L2608TL63;EUR;D;6772;+;704501;CENTRE HOSPITALIER PAUL C;CYC;;0000000;20260806;COL_2000ENC;;FAC;;20261010;0001 L PTPW95;;;1;8803;CYAR20260807;;Avoir;;B00000006G;
0119;3;GX1745366W;202608;E23;0119O2608TY90;411150;0305698J;20260806;0119O2608TY90;EUR;D;148860;+;;ELECTRICITE DE FRANCE;CYC;;0000000;20260806;;GX1745366W;FAC;;20260905;;;;;5100 4310936417;CYAR20260807;;Facture;;B00000001B;
0119;3;GX1745366W;202608;E23;0119O2608TY90;704501;0305698J;20260806;0119O2608TY90;EUR;C;124050;+;445715;ELECTRICITE DE FRANCE;CYC;;0000000;20260806;COL_2000ENC;;FAC;;20260905;;GX1745366W;932;1;5100 4310936417;CYAR20260807;;Facture;;B00000001B;
0119;3;GX1745366W;202608;E23;0119O2608TY90;445715;0305698J;20260806;0119O2608TY90;EUR;C;24810;+;704501;ELECTRICITE DE FRANCE;CYC;;0000000;20260806;COL_2000ENC;;FAC;;20260905;;;;1;5100 4310936417;CYAR20260807;;Facture;;B00000001B;
0001;3;GX1738158E;202608;E22;0001L2608TL71;411100;0561614M;20260806;0001L2608TL71;EUR;D;300239;+;;BLEU OCEANE;CYC;;0000000;20260806;;GX1738158E;FAC;;20260905;;;;;;CYAR20260807;;Facture;;B00000006G;
0001;3;GX1738158E;202608;E22;0001L2608TL71;704501;0561614M;20260806;0001L2608TL71;EUR;C;250199;+;445715;BLEU OCEANE;CYC;;0000000;20260806;COL_2000ENC;;FAC;;20260905;;GX1738158E;932;1;;CYAR20260807;;Facture;;B00000006G;
0001;3;GX1738158E;202608;E22;0001L2608TL71;445715;0561614M;20260806;0001L2608TL71;EUR;C;50040;+;704501;BLEU OCEANE;CYC;;0000000;20260806;COL_2000ENC;;FAC;;20260905;;;;1;;CYAR20260807;;Facture;;B00000006G;
0001;3;GX1261293M;202608;E22;0001S2608TL72;411100;0004221D;20260806;0001S2608TL72;EUR;D;3092986;+;;COMMUNE DE VILLENEUVE D A;CYC;;0000000;20260806;;GX1261293M;DGD;;20260905;;;;;220044;CYAR20260807;;Facture;;B00000003D;
0001;3;GX1261293M;202608;E22;0001S2608TL72;704501;0004221D;20260806;0001S2608TL72;EUR;C;2577488;+;445715;COMMUNE DE VILLENEUVE D A;CYC;;0000000;20260806;COL_2000ENC;;DGD;;20260905;;GX1261293M;932;1;220044;CYAR20260807;;Facture;;B00000003D;
0001;3;GX1261293M;202608;E22;0001S2608TL72;445715;0004221D;20260806;0001S2608TL72;EUR;C;515498;+;704501;COMMUNE DE VILLENEUVE D A;CYC;;0000000;20260806;COL_2000ENC;;DGD;;20260905;;;;1;220044;CYAR20260807;;Facture;;B00000003D;
0001;3;GX1649873F;202608;E22;0001R2608TL73;411100;0254114K;20260806;0001R2608TL73;EUR;D;137014;+;;HAUTS DE SEINE HABITAT   ;CYC;;0000000;20260806;;GX1649873F;FAC;;20260905;;;;;2010817887;CYAR20260807;;Facture;;B00000002C;
0001;3;GX1649873F;202608;E22;0001R2608TL73;704501;0254114K;20260806;0001R2608TL73;EUR;C;124558;+;445715;HAUTS DE SEINE HABITAT   ;CYC;;0000000;20260806;COL_1000ENC;;FAC;;20260905;;GX1649873F;932;1;2010817887;CYAR20260807;;Facture;;B00000002C;
0001;3;GX1649873F;202608;E22;0001R2608TL73;445715;0254114K;20260806;0001R2608TL73;EUR;C;12456;+;704501;HAUTS DE SEINE HABITAT   ;CYC;;0000000;20260806;COL_1000ENC;;FAC;;20260905;;;;1;2010817887;CYAR20260807;;Facture;;B00000002C;
0001;3;GX1685926A;202608;E22;0001S2608TL86;411100;0316330Z;20260806;0001S2608TL86;EUR;D;3015734;+;;OFFICE PUBLIC DE L HABITA;CYC;;0000000;20260806;;GX1685926A;FAC;;20260905;;;;;2026 4231;CYAR20260807;;Facture;;B00000003D;
0001;3;GX1685926A;202608;E22;0001S2608TL86;704501;0316330Z;20260806;0001S2608TL86;EUR;C;2513112;+;445715;OFFICE PUBLIC DE L HABITA;CYC;;0000000;20260806;COL_2000ENC;;FAC;;20260905;;GX1685926A;932;1;2026 4231;CYAR20260807;;Facture;;B00000003D;
0001;3;GX1685926A;202608;E22;0001S2608TL86;445715;0316330Z;20260806;0001S2608TL86;EUR;C;502622;+;704501;OFFICE PUBLIC DE L HABITA;CYC;;0000000;20260806;COL_2000ENC;;FAC;;20260905;;;;1;2026 4231;CYAR20260807;;Facture;;B00000003D;
0001;3;GX1261299V;202608;E22;0001S2608TL87;411100;0004221D;20260806;0001S2608TL87;EUR;D;2583668;+;;COMMUNE DE VILLENEUVE D A;CYC;;0000000;20260806;;GX1261299V;DGD;;20260905;;;;;220044;CYAR20260807;;Facture;;B00000003D;
0001;3;GX1261299V;202608;E22;0001S2608TL87;704501;0004221D;20260806;0001S2608TL87;EUR;C;2153057;+;445715;COMMUNE DE VILLENEUVE D A;CYC;;0000000;20260806;COL_2000ENC;;DGD;;20260905;;GX1261299V;932;1;220044;CYAR20260807;;Facture;;B00000003D;
0001;3;GX1261299V;202608;E22;0001S2608TL87;445715;0004221D;20260806;0001S2608TL87;EUR;C;430611;+;704501;COMMUNE DE VILLENEUVE D A;CYC;;0000000;20260806;COL_2000ENC;;DGD;;20260905;;;;1;220044;CYAR20260807;;Facture;;B00000003D;
0441;3;GX1728956Y;202608;E22;0441M2608TDUY;411100;0589219K;20260806;0441M2608TDUY;EUR;C;48182;+;;FONCIA LEMANIQUE;CYC;;0000000;20260806;;GX1728956Y;FAC;;20260905;0441M2606TZT4;;;;;CYAR20260807;;Avoir;;B00000008J;
0441;3;GX1728956Y;202608;E22;0441M2608TDUY;704501;0589219K;20260806;0441M2608TDUY;EUR;D;43802;+;445715;FONCIA LEMANIQUE;CYC;;0000000;20260806;COL_1000ENC;;FAC;;20260905;0441M2606TZT4;GX1728956Y;932;1;;CYAR20260807;;Avoir;;B00000008J;
0441;3;GX1728956Y;202608;E22;0441M2608TDUY;445715;0589219K;20260806;0441M2608TDUY;EUR;D;4380;+;704501;FONCIA LEMANIQUE;CYC;;0000000;20260806;COL_1000ENC;;FAC;;20260905;0441M2606TZT4;;;1;;CYAR20260807;;Avoir;;B00000008J;
0119;3;GX1725260Y;202608;E23;0119O2608TY92;411150;0305698J;20260806;0119O2608TY92;EUR;D;415744;+;;ELECTRICITE DE FRANCE;CYC;;0000000;20260806;;GX1725260Y;FAC;;20260905;;;;;8676 4220270298;CYAR20260807;;Facture;;B00000001B;
0119;3;GX1725260Y;202608;E23;0119O2608TY92;704501;0305698J;20260806;0119O2608TY92;EUR;C;346453;+;445715;ELECTRICITE DE FRANCE;CYC;;0000000;20260806;COL_2000ENC;;FAC;;20260905;;GX1725260Y;932;1;8676 4220270298;CYAR20260807;;Facture;;B00000001B;
0119;3;GX1725260Y;202608;E23;0119O2608TY92;445715;0305698J;20260806;0119O2608TY92;EUR;C;69291;+;704501;ELECTRICITE DE FRANCE;CYC;;0000000;20260806;COL_2000ENC;;FAC;;20260905;;;;1;8676 4220270298;CYAR20260807;;Facture;;B00000001B;
0001;3;GX1745105Z;202608;E22;0001M2608TL96;411100;0253750F;20260806;0001M2608TL96;EUR;D;127846;+;;MFP MICHELIN;CYC;;0000000;20260806;;GX1745105Z;FAC;;20261005;;;;;4091684913;CYAR20260807;;Facture;;B00000008J;
0001;3;GX1745105Z;202608;E22;0001M2608TL96;704501;0253750F;20260806;0001M2608TL96;EUR;C;106538;+;445715;MFP MICHELIN;CYC;;0000000;20260806;COL_2000ENC;;FAC;;20261005;;GX1745105Z;932;1;4091684913;CYAR20260807;;Facture;;B00000008J;
0001;3;GX1745105Z;202608;E22;0001M2608TL96;445715;0253750F;20260806;0001M2608TL96;EUR;C;21308;+;704501;MFP MICHELIN;CYC;;0000000;20260806;COL_2000ENC;;FAC;;20261005;;;;1;4091684913;CYAR20260807;;Facture;;B00000008J;
0441;3;GX1483163M;202608;E22;0441M2608TDVB;411100;0318312F;20260806;0441M2608TDVB;EUR;C;87010;+;;SDC LA SALAMANDRE;CYC;;0000000;20260806;;GX1483163M;FAC;;20260905;0441M2606TWV9;;;;;CYAR20260807;;Avoir;;B00000008J;
0441;3;GX1483163M;202608;E22;0441M2608TDVB;704501;0318312F;20260806;0441M2608TDVB;EUR;D;79100;+;445715;SDC LA SALAMANDRE;CYC;;0000000;20260806;COL_1000ENC;;FAC;;20260905;0441M2606TWV9;GX1483163M;932;1;;CYAR20260807;;Avoir;;B00000008J;
0441;3;GX1483163M;202608;E22;0441M2608TDVB;445715;0318312F;20260806;0441M2608TDVB;EUR;D;7910;+;704501;SDC LA SALAMANDRE;CYC;;0000000;20260806;COL_1000ENC;;FAC;;20260905;0441M2606TWV9;;;1;;CYAR20260807;;Avoir;;B00000008J;
0441;3;GX1483163M;202608;E22;0441M2608TDVC;411100;0589023E;20260806;0441M2608TDVC;EUR;D;83451;+;;BATIR ET LOGER S A D H L ;CYC;;0000000;20260806;;GX1483163M;FAC;;20260905;;;;;;CYAR20260807;;Facture;;B00000008J;
0441;3;GX1483163M;202608;E22;0441M2608TDVC;704501;0589023E;20260806;0441M2608TDVC;EUR;C;79100;+;445715;BATIR ET LOGER S A D H L ;CYC;;0000000;20260806;COL_0550ENC;;FAC;;20260905;;GX1483163M;932;1;;CYAR20260807;;Facture;;B00000008J;
0441;3;GX1483163M;202608;E22;0441M2608TDVC;445715;0589023E;20260806;0441M2608TDVC;EUR;C;4351;+;704501;BATIR ET LOGER S A D H L ;CYC;;0000000;20260806;COL_0550ENC;;FAC;;20260905;;;;1;;CYAR20260807;;Facture;;B00000008J;
0001;3;GX1707711F;202608;E22;0001C2608TM06;411100;0576974B;20260806;0001C2608TM06;EUR;D;108808;+;;ULTRAEDGE;CYC;;0000000;20260806;;GX1707711F;FAC;;20261005;;;;;PO UL 2400006733;CYAR20260807;;Facture;;B00000004E;
0001;3;GX1707711F;202608;E22;0001C2608TM06;704501;0576974B;20260806;0001C2608TM06;EUR;C;90673;+;445715;ULTRAEDGE;CYC;;0000000;20260806;COL_2000ENC;;FAC;;20261005;;GX1707711F;932;1;PO UL 2400006733;CYAR20260807;;Facture;;B00000004E;
0001;3;GX1707711F;202608;E22;0001C2608TM06;445715;0576974B;20260806;0001C2608TM06;EUR;C;18135;+;704501;ULTRAEDGE;CYC;;0000000;20260806;COL_2000ENC;;FAC;;20261005;;;;1;PO UL 2400006733;CYAR20260807;;Facture;;B00000004E;
0001;3;GX1603609H;202608;E22;0001E2608TM07;411100;0499623S;20260806;0001E2608TM07;EUR;D;85200;+;;DEPARTEMENT DES ALPES MAR;CYC;;0000000;20260806;;GX1603609H;FAC;;20260905;;;;;CP25 X020449 1;CYAR20260807;;Facture;;B00000007H;
0001;3;GX1603609H;202608;E22;0001E2608TM07;704501;0499623S;20260806;0001E2608TM07;EUR;C;71000;+;445715;DEPARTEMENT DES ALPES MAR;CYC;;0000000;20260806;COL_2000ENC;;FAC;;20260905;;GX1603609H;932;1;CP25 X020449 1;CYAR20260807;;Facture;;B00000007H;
0001;3;GX1603609H;202608;E22;0001E2608TM07;445715;0499623S;20260806;0001E2608TM07;EUR;C;14200;+;704501;DEPARTEMENT DES ALPES MAR;CYC;;0000000;20260806;COL_2000ENC;;FAC;;20260905;;;;1;CP25 X020449 1;CYAR20260807;;Facture;;B00000007H;
0001;3;GX1597291D;202608;E22;0001C2608TM08;411100;0006233B;20260806;0001C2608TM08;EUR;D;609499;+;;RESIDENCE LE CHAMBORD;CYC;;0000000;20260806;;GX1597291D;FAC;;20260905;;;;;;CYAR20260807;;Facture;;B00000004E;
0001;3;GX1597291D;202608;E22;0001C2608TM08;704501;0006233B;20260806;0001C2608TM08;EUR;C;507916;+;445715;RESIDENCE LE CHAMBORD;CYC;;0000000;20260806;COL_2000ENC;;FAC;;20260905;;GX1597291D;932;1;;CYAR20260807;;Facture;;B00000004E;
0001;3;GX1597291D;202608;E22;0001C2608TM08;445715;0006233B;20260806;0001C2608TM08;EUR;C;101583;+;704501;RESIDENCE LE CHAMBORD;CYC;;0000000;20260806;COL_2000ENC;;FAC;;20260905;;;;1;;CYAR20260807;;Facture;;B00000004E;
0001;3;GX1714765X;202608;E22;0001C2608TM09;411100;0576974B;20260806;0001C2608TM09;EUR;D;190511;+;;ULTRAEDGE;CYC;;0000000;20260806;;GX1714765X;FAC;;20261005;;;;;PO UL 2400006980;CYAR20260807;;Facture;;B00000004E;
0001;3;GX1714765X;202608;E22;0001C2608TM09;704501;0576974B;20260806;0001C2608TM09;EUR;C;158759;+;445715;ULTRAEDGE;CYC;;0000000;20260806;COL_2000ENC;;FAC;;20261005;;GX1714765X;932;1;PO UL 2400006980;CYAR20260807;;Facture;;B00000004E;
0001;3;GX1714765X;202608;E22;0001C2608TM09;445715;0576974B;20260806;0001C2608TM09;EUR;C;31752;+;704501;ULTRAEDGE;CYC;;0000000;20260806;COL_2000ENC;;FAC;;20261005;;;;1;PO UL 2400006980;CYAR20260807;;Facture;;B00000004E;
0001;3;GX1741430Y;202608;E22;0001R2608TL74;411100;0233937L;20260806;0001R2608TL74;EUR;D;90684;+;;ETS PUBLIC DE SANTE DE VI;CYC;;0000000;20260806;;GX1741430Y;FAC;;20260925;;;;;882545 ;CYAR20260807;;Facture;;B00000002C;
0001;3;GX1741430Y;202608;E22;0001R2608TL74;704501;0233937L;20260806;0001R2608TL74;EUR;C;75570;+;445715;ETS PUBLIC DE SANTE DE VI;CYC;;0000000;20260806;COL_2000ENC;;FAC;;20260925;;GX1741430Y;932;1;882545 ;CYAR20260807;;Facture;;B00000002C;
0001;3;GX1741430Y;202608;E22;0001R2608TL74;445715;0233937L;20260806;0001R2608TL74;EUR;C;15114;+;704501;ETS PUBLIC DE SANTE DE VI;CYC;;0000000;20260806;COL_2000ENC;;FAC;;20260925;;;;1;882545 ;CYAR20260807;;Facture;;B00000002C;
0001;3;GX1760690J;202608;E22;0001R2608TL76;411100;0162649L;20260806;0001R2608TL76;EUR;D;85754;+;;FONDATION HOPITAL SAINT J;CYC;;0000000;20260806;;GX1760690J;FAC;;20261010;;;;;STAN.32769.1.GHPSJ;CYAR20260807;;Facture;;B00000002C;
0001;3;GX1760690J;202608;E22;0001R2608TL76;704501;0162649L;20260806;0001R2608TL76;EUR;C;71462;+;445715;FONDATION HOPITAL SAINT J;CYC;;0000000;20260806;COL_2000ENC;;FAC;;20261010;;GX1760690J;932;1;STAN.32769.1.GHPSJ;CYAR20260807;;Facture;;B00000002C;
0001;3;GX1760690J;202608;E22;0001R2608TL76;445715;0162649L;20260806;0001R2608TL76;EUR;C;14292;+;704501;FONDATION HOPITAL SAINT J;CYC;;0000000;20260806;COL_2000ENC;;FAC;;20261010;;;;1;STAN.32769.1.GHPSJ;CYAR20260807;;Facture;;B00000002C;
0001;3;GX1753530Y;202608;E22;0001M2608TL78;411100;0253750F;20260806;0001M2608TL78;EUR;D;141199;+;;MFP MICHELIN;CYC;;0000000;20260806;;GX1753530Y;FAC;;20261005;;;;;4091690234;CYAR20260807;;Facture;;B00000008J;
0001;3;GX1753530Y;202608;E22;0001M2608TL78;704501;0253750F;20260806;0001M2608TL78;EUR;C;117666;+;445715;MFP MICHELIN;CYC;;0000000;20260806;COL_2000ENC;;FAC;;20261005;;GX1753530Y;932;1;4091690234;CYAR20260807;;Facture;;B00000008J;
0001;3;GX1753530Y;202608;E22;0001M2608TL78;445715;0253750F;20260806;0001M2608TL78;EUR;C;23533;+;704501;MFP MICHELIN;CYC;;0000000;20260806;COL_2000ENC;;FAC;;20261005;;;;1;4091690234;CYAR20260807;;Facture;;B00000008J;
0001;3;GX1602877B;202608;E22;0001C2608TL83;411100;0006233B;20260806;0001C2608TL83;EUR;D;286979;+;;RESIDENCE LE CHAMBORD;CYC;;0000000;20260806;;GX1602877B;DEC;;20260905;;;;;;CYAR20260807;;Facture;;B00000004E;
0001;3;GX1602877B;202608;E22;0001C2608TL83;704501;0006233B;20260806;0001C2608TL83;EUR;C;111810;-;445715;RESIDENCE LE CHAMBORD;CYC;;0000000;20260806;COL_1000ENC;;DEC;;20260905;;GX1602877B;932;1;;CYAR20260807;;Facture;;B00000004E;
0001;3;GX1602877B;202608;E22;0001C2608TL83;704501;0006233B;20260806;0001C2608TL83;EUR;C;372700;+;445715;RESIDENCE LE CHAMBORD;CYC;;0000000;20260806;COL_1000ENC;;DEC;;20260905;;GX1602877B;932;1;;CYAR20260807;;Facture;;B00000004E;
0001;3;GX1602877B;202608;E22;0001C2608TL83;445715;0006233B;20260806;0001C2608TL83;EUR;C;11181;-;704501;RESIDENCE LE CHAMBORD;CYC;;0000000;20260806;COL_1000ENC;;DEC;;20260905;;;;1;;CYAR20260807;;Facture;;B00000004E;
0001;3;GX1602877B;202608;E22;0001C2608TL83;445715;0006233B;20260806;0001C2608TL83;EUR;C;37270;+;704501;RESIDENCE LE CHAMBORD;CYC;;0000000;20260806;COL_1000ENC;;DEC;;20260905;;;;1;;CYAR20260807;;Facture;;B00000004E;
0001;3;GX1751114C;202608;E22;0001S2608TL85;411100;0004419P;20260806;0001S2608TL85;EUR;D;56779;+;;HABITAT HAUTS DE FRANCE E;CYC;;0000000;20260806;;GX1751114C;FAC;;20260905;;;;;2026 SIE LC0952;CYAR20260807;;Facture;;B00000003D;
0001;3;GX1751114C;202608;E22;0001S2608TL85;704501;0004419P;20260806;0001S2608TL85;EUR;C;51617;+;445715;HABITAT HAUTS DE FRANCE E;CYC;;0000000;20260806;COL_1000ENC;;FAC;;20260905;;GX1751114C;932;1;2026 SIE LC0952;CYAR20260807;;Facture;;B00000003D;
0001;3;GX1751114C;202608;E22;0001S2608TL85;445715;0004419P;20260806;0001S2608TL85;EUR;C;5162;+;704501;HABITAT HAUTS DE FRANCE E;CYC;;0000000;20260806;COL_1000ENC;;FAC;;20260905;;;;1;2026 SIE LC0952;CYAR20260807;;Facture;;B00000003D;
0001;3;GX1721706J;202608;E22;0001R2608TL90;411100;0602262B;20260806;0001R2608TL90;EUR;D;20020;+;;M Jerome FABREGUETTES LEI;CYC;;0000000;20260806;;GX1721706J;DEC;;20260905;;;;;;CYAR20260807;;Facture;;B00000002C;
0001;3;GX1721706J;202608;E22;0001R2608TL90;704501;0602262B;20260806;0001R2608TL90;EUR;C;7800;-;445715;M Jerome FABREGUETTES LEI;CYC;;0000000;20260806;COL_1000ENC;;DEC;;20260905;;GX1721706J;932;1;;CYAR20260807;;Facture;;B00000002C;
0001;3;GX1721706J;202608;E22;0001R2608TL90;704501;0602262B;20260806;0001R2608TL90;EUR;C;26000;+;445715;M Jerome FABREGUETTES LEI;CYC;;0000000;20260806;COL_1000ENC;;DEC;;20260905;;GX1721706J;932;1;;CYAR20260807;;Facture;;B00000002C;
0001;3;GX1721706J;202608;E22;0001R2608TL90;445715;0602262B;20260806;0001R2608TL90;EUR;C;780;-;704501;M Jerome FABREGUETTES LEI;CYC;;0000000;20260806;COL_1000ENC;;DEC;;20260905;;;;1;;CYAR20260807;;Facture;;B00000002C;
0001;3;GX1721706J;202608;E22;0001R2608TL90;445715;0602262B;20260806;0001R2608TL90;EUR;C;2600;+;704501;M Jerome FABREGUETTES LEI;CYC;;0000000;20260806;COL_1000ENC;;DEC;;20260905;;;;1;;CYAR20260807;;Facture;;B00000002C;
0514;3;GX1763777S;202608;E23;0514N2608T370;411150;0570358Q;20260806;0514N2608T370;EUR;D;3329999;+;;DALKIA;CYC;;0000000;20260806;;GX1763777S;ACT;;20260806;;;;;456500537 HORS ENERGIE SO 55507;CYAR20260807;;Acompte;EFT;B00000005F;
0514;3;GX1763777S;202608;E23;0514N2608T370;704501;0570358Q;20260806;0514N2608T370;EUR;C;2774999;+;445715;DALKIA;CYC;;0000000;20260806;COL_2000ENC;;ACT;;20260806;;GX1763777S;932;1;456500537 HORS ENERGIE SO 55507;CYAR20260807;;Acompte;EFT;B00000005F;
0514;3;GX1763777S;202608;E23;0514N2608T370;445715;0570358Q;20260806;0514N2608T370;EUR;C;555000;+;704501;DALKIA;CYC;;0000000;20260806;COL_2000ENC;;ACT;;20260806;;;;1;456500537 HORS ENERGIE SO 55507;CYAR20260807;;Acompte;EFT;B00000005F;
0441;3;GX1725884G;202608;E22;0441M2608TDVA;411100;0589023E;20260806;0441M2608TDVA;EUR;D;113212;+;;BATIR ET LOGER S A D H L ;CYC;;0000000;20260806;;GX1725884G;FAC;;20260905;;;;;ACCORD SIGNE LE 22 05 2026;CYAR20260807;;Facture;;B00000008J;
0441;3;GX1725884G;202608;E22;0441M2608TDVA;704501;0589023E;20260806;0441M2608TDVA;EUR;C;107310;+;445715;BATIR ET LOGER S A D H L ;CYC;;0000000;20260806;COL_0550ENC;;FAC;;20260905;;GX1725884G;932;1;ACCORD SIGNE LE 22 05 2026;CYAR20260807;;Facture;;B00000008J;
0441;3;GX1725884G;202608;E22;0441M2608TDVA;445715;0589023E;20260806;0441M2608TDVA;EUR;C;5902;+;704501;BATIR ET LOGER S A D H L ;CYC;;0000000;20260806;COL_0550ENC;;FAC;;20260905;;;;1;ACCORD SIGNE LE 22 05 2026;CYAR20260807;;Facture;;B00000008J;
0001;3;GX1676740L;202608;E22;0001S2608TL95;411100;0000041D;20260806;0001S2608TL95;EUR;D;57691;+;;COMMUNE DE DUNKERQUE;CYC;;0000000;20260806;;GX1676740L;FAC;;20260905;;;;;BC26 6200 00149;CYAR20260807;;Facture;;B00000003D;
0001;3;GX1676740L;202608;E22;0001S2608TL95;704501;0000041D;20260806;0001S2608TL95;EUR;C;48076;+;445715;COMMUNE DE DUNKERQUE;CYC;;0000000;20260806;COL_2000ENC;;FAC;;20260905;;GX1676740L;932;1;BC26 6200 00149;CYAR20260807;;Facture;;B00000003D;
0001;3;GX1676740L;202608;E22;0001S2608TL95;445715;0000041D;20260806;0001S2608TL95;EUR;C;9615;+;704501;COMMUNE DE DUNKERQUE;CYC;;0000000;20260806;COL_2000ENC;;FAC;;20260905;;;;1;BC26 6200 00149;CYAR20260807;;Facture;;B00000003D;
0119;3;GX1717675D;202608;E23;0119O2608TY93;411150;0305698J;20260806;0119O2608TY93;EUR;D;282326;+;;ELECTRICITE DE FRANCE;CYC;;0000000;20260806;;GX1717675D;FAC;;20260905;;;;;8676 4220273122;CYAR20260807;;Facture;;B00000001B;
0119;3;GX1717675D;202608;E23;0119O2608TY93;704501;0305698J;20260806;0119O2608TY93;EUR;C;235272;+;445715;ELECTRICITE DE FRANCE;CYC;;0000000;20260806;COL_2000ENC;;FAC;;20260905;;GX1717675D;932;1;8676 4220273122;CYAR20260807;;Facture;;B00000001B;
0119;3;GX1717675D;202608;E23;0119O2608TY93;445715;0305698J;20260806;0119O2608TY93;EUR;C;47054;+;704501;ELECTRICITE DE FRANCE;CYC;;0000000;20260806;COL_2000ENC;;FAC;;20260905;;;;1;8676 4220273122;CYAR20260807;;Facture;;B00000001B;
0001;3;GX1694257S;202608;E22;0001S2608TM03;411100;0000052T;20260806;0001S2608TM03;EUR;D;47604;+;;COMMUNAUTE URBAINE DE DUN;CYC;;0000000;20260806;;GX1694257S;FAC;;20260905;;;;;BC26 730 01077;CYAR20260807;;Facture;;B00000003D;
0001;3;GX1694257S;202608;E22;0001S2608TM03;704501;0000052T;20260806;0001S2608TM03;EUR;C;39670;+;445715;COMMUNAUTE URBAINE DE DUN;CYC;;0000000;20260806;COL_2000ENC;;FAC;;20260905;;GX1694257S;932;1;BC26 730 01077;CYAR20260807;;Facture;;B00000003D;
0001;3;GX1694257S;202608;E22;0001S2608TM03;445715;0000052T;20260806;0001S2608TM03;EUR;C;7934;+;704501;COMMUNAUTE URBAINE DE DUN;CYC;;0000000;20260806;COL_2000ENC;;FAC;;20260905;;;;1;BC26 730 01077;CYAR20260807;;Facture;;B00000003D;
0001;3;GX1726407B;202608;E22;0001R2608TM05;411100;0604469E;20260806;0001R2608TM05;EUR;D;40768;+;;M Simon OHAYON;CYC;;0000000;20260806;;GX1726407B;DEC;;20260905;;;;;;CYAR20260807;;Facture;;B00000002C;
0001;3;GX1726407B;202608;E22;0001R2608TM05;704501;0604469E;20260806;0001R2608TM05;EUR;C;15884;-;445715;M Simon OHAYON;CYC;;0000000;20260806;COL_1000ENC;;DEC;;20260905;;GX1726407B;932;1;;CYAR20260807;;Facture;;B00000002C;
0001;3;GX1726407B;202608;E22;0001R2608TM05;704501;0604469E;20260806;0001R2608TM05;EUR;C;52946;+;445715;M Simon OHAYON;CYC;;0000000;20260806;COL_1000ENC;;DEC;;20260905;;GX1726407B;932;1;;CYAR20260807;;Facture;;B00000002C;
0001;3;GX1726407B;202608;E22;0001R2608TM05;445715;0604469E;20260806;0001R2608TM05;EUR;C;1588;-;704501;M Simon OHAYON;CYC;;0000000;20260806;COL_1000ENC;;DEC;;20260905;;;;1;;CYAR20260807;;Facture;;B00000002C;
0001;3;GX1726407B;202608;E22;0001R2608TM05;445715;0604469E;20260806;0001R2608TM05;EUR;C;5294;+;704501;M Simon OHAYON;CYC;;0000000;20260806;COL_1000ENC;;DEC;;20260905;;;;1;;CYAR20260807;;Facture;;B00000002C;
0001;3;GX1704313V;202608;E22;0001S2608TM10;411100;0000113Z;20260806;0001S2608TM10;EUR;D;332039;+;;COMMUNE DE CAPPELLE LA GR;CYC;;0000000;20260806;;GX1704313V;FAC;;20260905;;;;;2026 000429;CYAR20260807;;Facture;;B00000003D;
0001;3;GX1704313V;202608;E22;0001S2608TM10;704501;0000113Z;20260806;0001S2608TM10;EUR;C;276699;+;445715;COMMUNE DE CAPPELLE LA GR;CYC;;0000000;20260806;COL_2000ENC;;FAC;;20260905;;GX1704313V;932;1;2026 000429;CYAR20260807;;Facture;;B00000003D;
0001;3;GX1704313V;202608;E22;0001S2608TM10;445715;0000113Z;20260806;0001S2608TM10;EUR;C;55340;+;704501;COMMUNE DE CAPPELLE LA GR;CYC;;0000000;20260806;COL_2000ENC;;FAC;;20260905;;;;1;2026 000429;CYAR20260807;;Facture;;B00000003D;
0119;3;GX1749397B;202608;E23;0119O2608TY89;411150;0305698J;20260806;0119O2608TY89;EUR;D;198750;+;;ELECTRICITE DE FRANCE;CYC;;0000000;20260806;;GX1749397B;FAC;;20260905;;;;;5100 9021960699;CYAR20260807;;Facture;;B00000001B;
0119;3;GX1749397B;202608;E23;0119O2608TY89;704501;0305698J;20260806;0119O2608TY89;EUR;C;165625;+;445715;ELECTRICITE DE FRANCE;CYC;;0000000;20260806;COL_2000ENC;;FAC;;20260905;;GX1749397B;932;1;5100 9021960699;CYAR20260807;;Facture;;B00000001B;
0119;3;GX1749397B;202608;E23;0119O2608TY89;445715;0305698J;20260806;0119O2608TY89;EUR;C;33125;+;704501;ELECTRICITE DE FRANCE;CYC;;0000000;20260806;COL_2000ENC;;FAC;;20260905;;;;1;5100 9021960699;CYAR20260807;;Facture;;B00000001B;
0930;3;GX1677389Z;202608;E22;0930E2608T479;411100;0003700T;20260806;0930E2608T479;EUR;D;584839;+;;AGEPRIM;CYC;;0000000;20260806;;GX1677389Z;FAC;;20260905;;;;;;CYAR20260807;;Facture;;B00000007H;
0930;3;GX1677389Z;202608;E22;0930E2608T479;704501;0003700T;20260806;0930E2608T479;EUR;C;487366;+;445715;AGEPRIM;CYC;;0000000;20260806;COL_2000ENC;;FAC;;20260905;;GX1677389Z;932;1;;CYAR20260807;;Facture;;B00000007H;
0930;3;GX1677389Z;202608;E22;0930E2608T479;445715;0003700T;20260806;0930E2608T479;EUR;C;97473;+;704501;AGEPRIM;CYC;;0000000;20260806;COL_2000ENC;;FAC;;20260905;;;;1;;CYAR20260807;;Facture;;B00000007H;
0001;3;GX1741484J;202608;E22;0001R2608TL66;411100;0233937L;20260806;0001R2608TL66;EUR;D;162060;+;;ETS PUBLIC DE SANTE DE VI;CYC;;0000000;20260806;;GX1741484J;FAC;;20260925;;;;;882545;CYAR20260807;;Facture;;B00000002C;
0001;3;GX1741484J;202608;E22;0001R2608TL66;704501;0233937L;20260806;0001R2608TL66;EUR;C;135050;+;445715;ETS PUBLIC DE SANTE DE VI;CYC;;0000000;20260806;COL_2000ENC;;FAC;;20260925;;GX1741484J;932;1;882545;CYAR20260807;;Facture;;B00000002C;
0001;3;GX1741484J;202608;E22;0001R2608TL66;445715;0233937L;20260806;0001R2608TL66;EUR;C;27010;+;704501;ETS PUBLIC DE SANTE DE VI;CYC;;0000000;20260806;COL_2000ENC;;FAC;;20260925;;;;1;882545;CYAR20260807;;Facture;;B00000002C;
0001;3;GX1754128C;202608;E22;0001C2608TL67;411100;0511712E;20260806;0001C2608TL67;EUR;D;1434168;+;;DEPARTEMENT DE LA MOSELLE;CYC;;0000000;20260806;;GX1754128C;ACT;;20260806;;;;;BC2026 26A605 193195;CYAR20260807;;Acompte;;B00000004E;
0001;3;GX1754128C;202608;E22;0001C2608TL67;704501;0511712E;20260806;0001C2608TL67;EUR;C;1195140;+;445715;DEPARTEMENT DE LA MOSELLE;CYC;;0000000;20260806;COL_2000ENC;;ACT;;20260806;;GX1754128C;932;1;BC2026 26A605 193195;CYAR20260807;;Acompte;;B00000004E;
0001;3;GX1754128C;202608;E22;0001C2608TL67;445715;0511712E;20260806;0001C2608TL67;EUR;C;239028;+;704501;DEPARTEMENT DE LA MOSELLE;CYC;;0000000;20260806;COL_2000ENC;;ACT;;20260806;;;;1;BC2026 26A605 193195;CYAR20260807;;Acompte;;B00000004E;
0001;3;GX1743886N;202608;E22;0001R2608TL68;411100;0606007D;20260806;0001R2608TL68;EUR;D;248400;+;;UNION TOUR AREVA;CYC;;0000000;20260806;;GX1743886N;FAC;;20260930;;;;;549260087;CYAR20260807;;Facture;;B00000002C;
0001;3;GX1743886N;202608;E22;0001R2608TL68;704501;0606007D;20260806;0001R2608TL68;EUR;C;207000;+;445715;UNION TOUR AREVA;CYC;;0000000;20260806;COL_2000ENC;;FAC;;20260930;;GX1743886N;932;1;549260087;CYAR20260807;;Facture;;B00000002C;
0001;3;GX1743886N;202608;E22;0001R2608TL68;445715;0606007D;20260806;0001R2608TL68;EUR;C;41400;+;704501;UNION TOUR AREVA;CYC;;0000000;20260806;COL_2000ENC;;FAC;;20260930;;;;1;549260087;CYAR20260807;;Facture;;B00000002C;
0001;3;GX1763306G;202608;E22;0001N2608TL79;411100;0562220K;20260806;0001N2608TL79;EUR;D;16894;+;;CENTRE HOSPITALIER;CYC;;0000000;20260806;;GX1763306G;FAC;;20261010;;;;;T255472;CYAR20260807;;Facture;;B00000005F;
0001;3;GX1763306G;202608;E22;0001N2608TL79;704501;0562220K;20260806;0001N2608TL79;EUR;C;14078;+;445715;CENTRE HOSPITALIER;CYC;;0000000;20260806;COL_2000ENC;;FAC;;20261010;;GX1763306G;932;1;T255472;CYAR20260807;;Facture;;B00000005F;
0001;3;GX1763306G;202608;E22;0001N2608TL79;445715;0562220K;20260806;0001N2608TL79;EUR;C;2816;+;704501;CENTRE HOSPITALIER;CYC;;0000000;20260806;COL_2000ENC;;FAC;;20261010;;;;1;T255472;CYAR20260807;;Facture;;B00000005F;
0001;3;GX1760328Y;202608;E22;0001N2608TL80;411100;0562220K;20260806;0001N2608TL80;EUR;D;32478;+;;CENTRE HOSPITALIER;CYC;;0000000;20260806;;GX1760328Y;FAC;;20261010;;;;;T255130;CYAR20260807;;Facture;;B00000005F;
0001;3;GX1760328Y;202608;E22;0001N2608TL80;704501;0562220K;20260806;0001N2608TL80;EUR;C;27065;+;445715;CENTRE HOSPITALIER;CYC;;0000000;20260806;COL_2000ENC;;FAC;;20261010;;GX1760328Y;932;1;T255130;CYAR20260807;;Facture;;B00000005F;
0001;3;GX1760328Y;202608;E22;0001N2608TL80;445715;0562220K;20260806;0001N2608TL80;EUR;C;5413;+;704501;CENTRE HOSPITALIER;CYC;;0000000;20260806;COL_2000ENC;;FAC;;20261010;;;;1;T255130;CYAR20260807;;Facture;;B00000005F;
0001;3;GX1760335F;202608;E22;0001N2608TL81;411100;0562220K;20260806;0001N2608TL81;EUR;D;43176;+;;CENTRE HOSPITALIER;CYC;;0000000;20260806;;GX1760335F;FAC;;20261010;;;;;T255131;CYAR20260807;;Facture;;B00000005F;
0001;3;GX1760335F;202608;E22;0001N2608TL81;704501;0562220K;20260806;0001N2608TL81;EUR;C;35980;+;445715;CENTRE HOSPITALIER;CYC;;0000000;20260806;COL_2000ENC;;FAC;;20261010;;GX1760335F;932;1;T255131;CYAR20260807;;Facture;;B00000005F;
0001;3;GX1760335F;202608;E22;0001N2608TL81;445715;0562220K;20260806;0001N2608TL81;EUR;C;7196;+;704501;CENTRE HOSPITALIER;CYC;;0000000;20260806;COL_2000ENC;;FAC;;20261010;;;;1;T255131;CYAR20260807;;Facture;;B00000005F;
0001;3;GX1750197K;202608;E22;0001M2608TL82;411100;0253750F;20260806;0001M2608TL82;EUR;D;367284;+;;MFP MICHELIN;CYC;;0000000;20260806;;GX1750197K;FAC;;20261005;;;;;4091689088;CYAR20260807;;Facture;;B00000008J;
0001;3;GX1750197K;202608;E22;0001M2608TL82;704501;0253750F;20260806;0001M2608TL82;EUR;C;306070;+;445715;MFP MICHELIN;CYC;;0000000;20260806;COL_2000ENC;;FAC;;20261005;;GX1750197K;932;1;4091689088;CYAR20260807;;Facture;;B00000008J;
0001;3;GX1750197K;202608;E22;0001M2608TL82;445715;0253750F;20260806;0001M2608TL82;EUR;C;61214;+;704501;MFP MICHELIN;CYC;;0000000;20260806;COL_2000ENC;;FAC;;20261005;;;;1;4091689088;CYAR20260807;;Facture;;B00000008J;
0001;3;GX1728629B;202608;E22;0001L2608TL91;411100;0487189K;20260806;0001L2608TL91;EUR;D;61530;+;;FEDERAL MOGUL OPERATIONS ;CYC;;0000000;20260806;;GX1728629B;FAC;;20260905;;;;;4501364862;CYAR20260807;;Facture;;B00000006G;
0001;3;GX1728629B;202608;E22;0001L2608TL91;704501;0487189K;20260806;0001L2608TL91;EUR;C;51275;+;445715;FEDERAL MOGUL OPERATIONS ;CYC;;0000000;20260806;COL_2000ENC;;FAC;;20260905;;GX1728629B;932;1;4501364862;CYAR20260807;;Facture;;B00000006G;
0001;3;GX1728629B;202608;E22;0001L2608TL91;445715;0487189K;20260806;0001L2608TL91;EUR;C;10255;+;704501;FEDERAL MOGUL OPERATIONS ;CYC;;0000000;20260806;COL_2000ENC;;FAC;;20260905;;;;1;4501364862;CYAR20260807;;Facture;;B00000006G;
0001;3;GX1164052L;202608;E22;0001S2608TL92;411100;0004221D;20260806;0001S2608TL92;EUR;D;10390674;+;;COMMUNE DE VILLENEUVE D A;CYC;;0000000;20260806;;GX1164052L;DGD;;20260905;;;;;220044;CYAR20260807;;Facture;;B00000003D;
0001;3;GX1164052L;202608;E22;0001S2608TL92;704501;0004221D;20260806;0001S2608TL92;EUR;C;8658895;+;445715;COMMUNE DE VILLENEUVE D A;CYC;;0000000;20260806;COL_2000ENC;;DGD;;20260905;;GX1164052L;932;1;220044;CYAR20260807;;Facture;;B00000003D;
0001;3;GX1164052L;202608;E22;0001S2608TL92;445715;0004221D;20260806;0001S2608TL92;EUR;C;1731779;+;704501;COMMUNE DE VILLENEUVE D A;CYC;;0000000;20260806;COL_2000ENC;;DGD;;20260905;;;;1;220044;CYAR20260807;;Facture;;B00000003D;
0001;3;GX1689833P;202608;E22;0001E2608TL93;411100;0421873Q;20260806;0001E2608TL93;EUR;D;123366;+;;LCL;CYC;;0000000;20260806;;GX1689833P;FAC;;20260905;;;;;CMD463162;CYAR20260807;;Facture;;B00000007H;
0001;3;GX1689833P;202608;E22;0001E2608TL93;704501;0421873Q;20260806;0001E2608TL93;EUR;C;102805;+;445715;LCL;CYC;;0000000;20260806;COL_2000ENC;;FAC;;20260905;;GX1689833P;932;1;CMD463162;CYAR20260807;;Facture;;B00000007H;
0001;3;GX1689833P;202608;E22;0001E2608TL93;445715;0421873Q;20260806;0001E2608TL93;EUR;C;20561;+;704501;LCL;CYC;;0000000;20260806;COL_2000ENC;;FAC;;20260905;;;;1;CMD463162;CYAR20260807;;Facture;;B00000007H;
0001;3;GX1688099V;202608;E22;0001S2608TL98;411100;0000041D;20260806;0001S2608TL98;EUR;D;452160;+;;COMMUNE DE DUNKERQUE;CYC;;0000000;20260806;;GX1688099V;FAC;;20260905;;;;;BC26 6200 00296;CYAR20260807;;Facture;;B00000003D;
0001;3;GX1688099V;202608;E22;0001S2608TL98;704501;0000041D;20260806;0001S2608TL98;EUR;C;376800;+;445715;COMMUNE DE DUNKERQUE;CYC;;0000000;20260806;COL_2000ENC;;FAC;;20260905;;GX1688099V;932;1;BC26 6200 00296;CYAR20260807;;Facture;;B00000003D;
0001;3;GX1688099V;202608;E22;0001S2608TL98;445715;0000041D;20260806;0001S2608TL98;EUR;C;75360;+;704501;COMMUNE DE DUNKERQUE;CYC;;0000000;20260806;COL_2000ENC;;FAC;;20260905;;;;1;BC26 6200 00296;CYAR20260807;;Facture;;B00000003D;
0001;3;GX1749283X;202608;E22;0001S2608TL99;411100;0237619F;20260806;0001S2608TL99;EUR;D;30960;+;;B   B HOTELS;CYC;;0000000;20260806;;GX1749283X;FAC;;20260905;;;;;JDE   26000122 OP 00042;CYAR20260807;;Facture;;B00000003D;
0001;3;GX1749283X;202608;E22;0001S2608TL99;704501;0237619F;20260806;0001S2608TL99;EUR;C;25800;+;445715;B   B HOTELS;CYC;;0000000;20260806;COL_2000ENC;;FAC;;20260905;;GX1749283X;932;1;JDE   26000122 OP 00042;CYAR20260807;;Facture;;B00000003D;
0001;3;GX1749283X;202608;E22;0001S2608TL99;445715;0237619F;20260806;0001S2608TL99;EUR;C;5160;+;704501;B   B HOTELS;CYC;;0000000;20260806;COL_2000ENC;;FAC;;20260905;;;;1;JDE   26000122 OP 00042;CYAR20260807;;Facture;;B00000003D;
0001;3;GX1725372A;202608;E22;0001R2608TM00;411100;0604359J;20260806;0001R2608TM00;EUR;D;24108;+;;MME Sylvie NAZZARO;CYC;;0000000;20260806;;GX1725372A;DEC;;20260905;;;;;;CYAR20260807;;Facture;;B00000002C;
0001;3;GX1725372A;202608;E22;0001R2608TM00;704501;0604359J;20260806;0001R2608TM00;EUR;C;9392;-;445715;MME Sylvie NAZZARO;CYC;;0000000;20260806;COL_1000ENC;;DEC;;20260905;;GX1725372A;932;1;;CYAR20260807;;Facture;;B00000002C;
0001;3;GX1725372A;202608;E22;0001R2608TM00;704501;0604359J;20260806;0001R2608TM00;EUR;C;31308;+;445715;MME Sylvie NAZZARO;CYC;;0000000;20260806;COL_1000ENC;;DEC;;20260905;;GX1725372A;932;1;;CYAR20260807;;Facture;;B00000002C;
0001;3;GX1725372A;202608;E22;0001R2608TM00;445715;0604359J;20260806;0001R2608TM00;EUR;C;939;-;704501;MME Sylvie NAZZARO;CYC;;0000000;20260806;COL_1000ENC;;DEC;;20260905;;;;1;;CYAR20260807;;Facture;;B00000002C;
0001;3;GX1725372A;202608;E22;0001R2608TM00;445715;0604359J;20260806;0001R2608TM00;EUR;C;3131;+;704501;MME Sylvie NAZZARO;CYC;;0000000;20260806;COL_1000ENC;;DEC;;20260905;;;;1;;CYAR20260807;;Facture;;B00000002C;
0001;3;GX1739242L;202608;E22;0001E2608TM01;411100;0019592D;20260806;0001E2608TM01;EUR;D;117600;+;;COMMUNE DE COLOMARS;CYC;;0000000;20260806;;GX1739242L;FAC;;20260806;;;;;;CYAR20260807;;Facture;;B00000007H;
0001;3;GX1739242L;202608;E22;0001E2608TM01;704501;0019592D;20260806;0001E2608TM01;EUR;C;98000;+;445715;COMMUNE DE COLOMARS;CYC;;0000000;20260806;COL_2000ENC;;FAC;;20260806;;GX1739242L;932;1;;CYAR20260807;;Facture;;B00000007H;
0001;3;GX1739242L;202608;E22;0001E2608TM01;445715;0019592D;20260806;0001E2608TM01;EUR;C;19600;+;704501;COMMUNE DE COLOMARS;CYC;;0000000;20260806;COL_2000ENC;;FAC;;20260806;;;;1;;CYAR20260807;;Facture;;B00000007H;
0001;3;GX1260197S;202608;E22;0001S2608TL89;411100;0004221D;20260806;0001S2608TL89;EUR;D;4668572;+;;COMMUNE DE VILLENEUVE D A;CYC;;0000000;20260806;;GX1260197S;DGD;;20260905;;;;;220044;CYAR20260807;;Facture;;B00000003D;
0001;3;GX1260197S;202608;E22;0001S2608TL89;704501;0004221D;20260806;0001S2608TL89;EUR;C;3890477;+;445715;COMMUNE DE VILLENEUVE D A;CYC;;0000000;20260806;COL_2000ENC;;DGD;;20260905;;GX1260197S;932;1;220044;CYAR20260807;;Facture;;B00000003D;
0001;3;GX1260197S;202608;E22;0001S2608TL89;445715;0004221D;20260806;0001S2608TL89;EUR;C;778095;+;704501;COMMUNE DE VILLENEUVE D A;CYC;;0000000;20260806;COL_2000ENC;;DGD;;20260905;;;;1;220044;CYAR20260807;;Facture;;B00000003D;
0441;3;GX1725884G;202608;E22;0441M2608TDUZ;411100;0039207N;20260806;0441M2608TDUZ;EUR;C;118041;+;;SDC IMMEUBLE LES PERVENCH;CYC;;0000000;20260806;;GX1725884G;FAC;;20260905;0441M2606TXA4;;;;ACCORD SIGNE LE 22 05 2026;CYAR20260807;;Avoir;;B00000008J;
0441;3;GX1725884G;202608;E22;0441M2608TDUZ;704501;0039207N;20260806;0441M2608TDUZ;EUR;D;107310;+;445715;SDC IMMEUBLE LES PERVENCH;CYC;;0000000;20260806;COL_1000ENC;;FAC;;20260905;0441M2606TXA4;GX1725884G;932;1;ACCORD SIGNE LE 22 05 2026;CYAR20260807;;Avoir;;B00000008J;
0441;3;GX1725884G;202608;E22;0441M2608TDUZ;445715;0039207N;20260806;0441M2608TDUZ;EUR;D;10731;+;704501;SDC IMMEUBLE LES PERVENCH;CYC;;0000000;20260806;COL_1000ENC;;FAC;;20260905;0441M2606TXA4;;;1;ACCORD SIGNE LE 22 05 2026;CYAR20260807;;Avoir;;B00000008J;
0001;3;GX1747285B;202608;E22;0001M2608TL94;411100;0253750F;20260806;0001M2608TL94;EUR;D;141815;+;;MFP MICHELIN;CYC;;0000000;20260806;;GX1747285B;FAC;;20261005;;;;;4091686867;CYAR20260807;;Facture;;B00000008J;
0001;3;GX1747285B;202608;E22;0001M2608TL94;704501;0253750F;20260806;0001M2608TL94;EUR;C;118179;+;445715;MFP MICHELIN;CYC;;0000000;20260806;COL_2000ENC;;FAC;;20261005;;GX1747285B;932;1;4091686867;CYAR20260807;;Facture;;B00000008J;
0001;3;GX1747285B;202608;E22;0001M2608TL94;445715;0253750F;20260806;0001M2608TL94;EUR;C;23636;+;704501;MFP MICHELIN;CYC;;0000000;20260806;COL_2000ENC;;FAC;;20261005;;;;1;4091686867;CYAR20260807;;Facture;;B00000008J;
0001;3;GX1646478Y;202608;E22;0001R2608TL97;411100;0328542S;20260806;0001R2608TL97;EUR;D;131080;+;;SDC SALMSON LE POINT DU J;CYC;;0000000;20260806;;GX1646478Y;FAC;;20260905;;;;;ACCORD SUR DEVIS N C25189248 1;CYAR20260807;;Facture;;B00000002C;
0001;3;GX1646478Y;202608;E22;0001R2608TL97;704501;0328542S;20260806;0001R2608TL97;EUR;C;119164;+;445715;SDC SALMSON LE POINT DU J;CYC;;0000000;20260806;COL_1000ENC;;FAC;;20260905;;GX1646478Y;932;1;ACCORD SUR DEVIS N C25189248 1;CYAR20260807;;Facture;;B00000002C;
0001;3;GX1646478Y;202608;E22;0001R2608TL97;445715;0328542S;20260806;0001R2608TL97;EUR;C;11916;+;704501;SDC SALMSON LE POINT DU J;CYC;;0000000;20260806;COL_1000ENC;;FAC;;20260905;;;;1;ACCORD SUR DEVIS N C25189248 1;CYAR20260807;;Facture;;B00000002C;
0441;3;GX1749970C;202608;E22;0441M2608TDVD;411100;0242051N;20260806;0441M2608TDVD;EUR;D;103800;+;;CENTRE SKI DE FOND RANDON;CYC;;0000000;20260806;;GX1749970C;FAC;;20260905;;;;;;CYAR20260807;;Facture;;B00000008J;
0441;3;GX1749970C;202608;E22;0441M2608TDVD;704501;0242051N;20260806;0441M2608TDVD;EUR;C;86500;+;445715;CENTRE SKI DE FOND RANDON;CYC;;0000000;20260806;COL_2000ENC;;FAC;;20260905;;GX1749970C;932;1;;CYAR20260807;;Facture;;B00000008J;
0441;3;GX1749970C;202608;E22;0441M2608TDVD;445715;0242051N;20260806;0441M2608TDVD;EUR;C;17300;+;704501;CENTRE SKI DE FOND RANDON;CYC;;0000000;20260806;COL_2000ENC;;FAC;;20260905;;;;1;;CYAR20260807;;Facture;;B00000008J;
0001;3;GX1736774G;202608;E22;0001M2608TM02;411100;0253750F;20260806;0001M2608TM02;EUR;D;202079;+;;MFP MICHELIN;CYC;;0000000;20260806;;GX1736774G;FAC;;20261005;;;;;4091679297;CYAR20260807;;Facture;;B00000008J;
0001;3;GX1736774G;202608;E22;0001M2608TM02;704501;0253750F;20260806;0001M2608TM02;EUR;C;168399;+;445715;MFP MICHELIN;CYC;;0000000;20260806;COL_2000ENC;;FAC;;20261005;;GX1736774G;932;1;4091679297;CYAR20260807;;Facture;;B00000008J;
0001;3;GX1736774G;202608;E22;0001M2608TM02;445715;0253750F;20260806;0001M2608TM02;EUR;C;33680;+;704501;MFP MICHELIN;CYC;;0000000;20260806;COL_2000ENC;;FAC;;20261005;;;;1;4091679297;CYAR20260807;;Facture;;B00000008J;
0001;3;GX1725683D;202608;E22;0001R2608TM04;411100;0604419M;20260806;0001R2608TM04;EUR;D;78568;+;;M Philippe CASTANIER;CYC;;0000000;20260806;;GX1725683D;DEC;;20260905;;;;;;CYAR20260807;;Facture;;B00000002C;
0001;3;GX1725683D;202608;E22;0001R2608TM04;704501;0604419M;20260806;0001R2608TM04;EUR;C;30610;-;445715;M Philippe CASTANIER;CYC;;0000000;20260806;COL_1000ENC;;DEC;;20260905;;GX1725683D;932;1;;CYAR20260807;;Facture;;B00000002C;
0001;3;GX1725683D;202608;E22;0001R2608TM04;704501;0604419M;20260806;0001R2608TM04;EUR;C;102035;+;445715;M Philippe CASTANIER;CYC;;0000000;20260806;COL_1000ENC;;DEC;;20260905;;GX1725683D;932;1;;CYAR20260807;;Facture;;B00000002C;
0001;3;GX1725683D;202608;E22;0001R2608TM04;445715;0604419M;20260806;0001R2608TM04;EUR;C;3061;-;704501;M Philippe CASTANIER;CYC;;0000000;20260806;COL_1000ENC;;DEC;;20260905;;;;1;;CYAR20260807;;Facture;;B00000002C;
0001;3;GX1725683D;202608;E22;0001R2608TM04;445715;0604419M;20260806;0001R2608TM04;EUR;C;10204;+;704501;M Philippe CASTANIER;CYC;;0000000;20260806;COL_1000ENC;;DEC;;20260905;;;;1;;CYAR20260807;;Facture;;B00000002C;
0001;3;GX1571950G;202608;E22;0001E2608TM11;411100;0071063D;20260806;0001E2608TM11;EUR;D;1663357;+;;COMMUNE DE VALLAURIS;CYC;;0000000;20260806;;GX1571950G;FAC;;20260930;;;;;X002137;CYAR20260807;;Facture;;B00000007H;
0001;3;GX1571950G;202608;E22;0001E2608TM11;704501;0071063D;20260806;0001E2608TM11;EUR;C;1386131;+;445715;COMMUNE DE VALLAURIS;CYC;;0000000;20260806;COL_2000ENC;;FAC;;20260930;;GX1571950G;932;1;X002137;CYAR20260807;;Facture;;B00000007H;
0001;3;GX1571950G;202608;E22;0001E2608TM11;445715;0071063D;20260806;0001E2608TM11;EUR;C;277226;+;704501;COMMUNE DE VALLAURIS;CYC;;0000000;20260806;COL_2000ENC;;FAC;;20260930;;;;1;X002137;CYAR20260807;;Facture;;B00000007H;
