Application;Group Name;Job Name;Odate;Start Time;End Time;Run Time;Status;Description;Member Name;Task Type;Deleted;Rerun Counter;Cyclic;CONTROL-M Name;Table;Run as User;Hostname;Nodegroup;Order id;
CEL-CELERIS;CELALA_J13INT_05_Q;CELALA_J13INT_05_IMP01_Q;"June 26, 2026";"June 26, 2026 7:30:00 PM";"June 26, 2026 7:30:11 PM";;Ended OK;CELERIS Integration des factures fournisseur ALADIN;lance_Traitement_Interne.bat;Job;No;3;Yes;CTMSRV;CELALA_J13INT_05_Q;svce_cm;wdkcelp12;A_W_CEL12;3v02p
CEL-CELERIS;CELCEL_E11STP_01_Q;CELCEL_E11STP_01_ARR01_Q;"June 26, 2026";"June 26, 2026 7:00:00 PM";"June 26, 2026 7:00:04 PM";;Ended OK;CELERIS: STOP IIS (Front);Start_Stop_Celeris.bat;Job;No;1;No;CTMSRV;CELCEL_E11STP_01_Q;svce_cm;wdkcelp11;A_W_CEL11;3v0lb
CEL-CELERIS;CELCEL_E11STP_01_Q;CELCEL_E11STP_01_ARR02_Q;"June 26, 2026";"June 26, 2026 7:00:05 PM";"June 26, 2026 7:00:44 PM";;Ended OK;CELERIS: STOP IIS (Back);Start_Stop_Celeris.bat;Job;No;1;No;CTMSRV;CELCEL_E11STP_01_Q;svce_cm;wdkcelp12;A_W_CEL12;3v0lc
CEL-CELERIS;CELCEL_E11STR_02_Q;CELCEL_E11STR_02_DEM01_Q;"June 26, 2026";"June 27, 2026 6:00:00 AM";"June 27, 2026 6:00:04 AM";;Ended OK;CELERIS : START IIS (Front);Start_Stop_Celeris.bat;Job;No;1;No;CTMSRV;CELCEL_E11STR_02_Q;svce_cm;wdkcelp11;A_W_CEL11;3v095
CEL-CELERIS;CELCEL_E11STR_02_Q;CELCEL_E11STR_02_DEM02_Q;"June 26, 2026";"June 26, 2026 7:15:00 PM";"June 26, 2026 7:15:04 PM";;Ended OK;CELERIS : START IIS (Back);Start_Stop_Celeris.bat;Job;No;1;No;CTMSRV;CELCEL_E11STR_02_Q;svce_cm;wdkcelp12;A_W_CEL12;3v096
CEL-CELERIS;CELCEL_E11TEC_04_Q;CELCEL_E11TEC_04_FIN01_Q;"June 26, 2026";"June 26, 2026 8:55:41 PM";"June 26, 2026 8:55:41 PM";;Ended OK;CELERIS Fin des traitements batch;;Dummy;No;1;No;CTMSRV;CELCEL_E11TEC_04_Q;svce_cm;;;3v14f
CEL-CELERIS;CELCEL_F10TRT_04_Q;CELCEL_F10TRT_04_Q;"June 26, 2026";"June 26, 2026 1:30:11 PM";;;Executing;CELERIS : Rejeu de l'intégration des TF;;SMART Table;No;1;No;CTMSRV;CELCEL_F10TRT_04_Q;;;;3v0pp
CEL-CELERIS;CELCEL_F10TRT_04_Q;CELCEL_F10TRT_04_WRK01_Q;"June 26, 2026";"June 26, 2026 3:37:00 PM";"June 26, 2026 3:41:32 PM";1630;Wait for Event;CELERIS : Rejeu de l'intégration des TF;RejeuEai.bat;Job;No;2;Yes;CTMSRV;CELCEL_F10TRT_04_Q;svce_cm;wdkcelp12;A_W_CEL12;3v0pq
CEL-CELERIS;CELCEL_F10TRT_04_Q;CELCEL_F10TRT_04_WRK01_Q;"June 26, 2026";"June 27, 2026 7:00:00 AM";"June 27, 2026 7:04:31 AM";1125;Wait for Event;CELERIS : Rejeu de l'intégration des TF;RejeuEai.bat;Job;No;1;Yes;CTMSRV;CELCEL_F10TRT_04_Q;svce_cm;wdkcelp12;A_W_CEL12;3v0pr
CEL-CELERIS;CELCEL_J11INT_05_Q;CELCEL_J11INT_05_LIM01_Q;"June 26, 2026";"June 26, 2026 9:15:00 PM";"June 26, 2026 9:15:00 PM";;Ended OK;CELERIS : limitation horaire 21h15;;Dummy;No;1;No;CTMSRV;CELCEL_J11INT_05_Q;DUMMYUSR;;;3uzjf
CEL-CELERIS;CELCEL_J11INT_05_Q;CELCEL_J11INT_05_MOV01_Q;"June 26, 2026";"June 26, 2026 8:03:05 PM";"June 26, 2026 8:03:11 PM";;Ended OK;CELERIS : Copie Factures dematerialisees sur CELERIS depuis PFE;MOV_Generique_DKA.bat;Job;No;1;No;CTMSRV;CELCEL_J11INT_05_Q;svce_cm;wdkcelp12;A_W_CEL12;3uzjc
CEL-CELERIS;CELCEL_J11INT_05_Q;CELCEL_J11INT_05_WRK01_Q;"June 26, 2026";"June 26, 2026 8:03:15 PM";"June 26, 2026 8:04:26 PM";;Ended OK;CELERIS : integration facture dematerialisees;lance_Traitement_Interne.bat;Job;No;1;No;CTMSRV;CELCEL_J11INT_05_Q;svce_cm;wdkcelp12;A_W_CEL12;3uzje
CEL-CELERIS;CELCEL_J11INT_05_Q;CELCEL_J11INT_05_ZIP01_Q;"June 26, 2026";"June 26, 2026 8:03:11 PM";"June 26, 2026 8:03:14 PM";;Ended OK;CELERIS : Decompression facture dematerialisees;DZIP_ARC_CEL_V2.bat;Job;No;1;No;CTMSRV;CELCEL_J11INT_05_Q;svce_cm;wdkcelp12;A_W_CEL12;3uzjd
CEL-CELERIS;CELCEL_J11TRT_04_Q;CELCEL_J11TRT_04_WRK01_Q;"June 26, 2026";"June 26, 2026 8:27:07 PM";"June 26, 2026 8:27:20 PM";;Ended OK;CELERIS Basculement de cycle des factures;lance_Traitement_Interne.bat;Job;No;1;No;CTMSRV;CELCEL_J11TRT_04_Q;svce_cm;wdkcelp12;A_W_CEL12;3uzoc
CEL-CELERIS;CELCEL_J12TRT_04_Q;CELCEL_J12TRT_04_CAL01_Q;"June 26, 2026";"June 26, 2026 8:27:20 PM";"June 26, 2026 8:52:06 PM";;Ended OK;CELERIS Calcul des factures;lance_Traitement_Interne.bat;Job;No;1;No;CTMSRV;CELCEL_J12TRT_04_Q;svce_cm;wdkcelp12;A_W_CEL12;3uzs8
CEL-CELERIS;CELCEL_J13TRT_04_Q;CELCEL_J13TRT_04_WRK01_Q;"June 26, 2026";"June 26, 2026 8:26:58 PM";"June 26, 2026 8:27:06 PM";;Ended OK;CELERIS Prolongation des contrats;lance_Traitement_Interne.bat;Job;No;1;No;CTMSRV;CELCEL_J13TRT_04_Q;svce_cm;wdkcelp12;A_W_CEL12;3uz3g
CEL-CELERIS;CELCEL_J14TRT_04_Q;CELCEL_J14TRT_04_WRK01_Q;"June 26, 2026";"June 26, 2026 8:26:56 PM";"June 26, 2026 8:26:58 PM";;Ended OK;CELERIS Mise a jour des compteurs;lance_Traitement_Interne.bat;Job;No;1;No;CTMSRV;CELCEL_J14TRT_04_Q;svce_cm;wdkcelp13;A_W_CEL13;3uzsd
CEL-CELERIS;CELCEL_J15TRT_04_Q;CELCEL_J15TRT_04_WRK01_Q;"June 26, 2026";"June 26, 2026 8:52:07 PM";"June 26, 2026 8:55:22 PM";;Ended OK;CELERIS Traitement des cycles facture;lance_Traitement_Interne.bat;Job;No;1;No;CTMSRV;CELCEL_J15TRT_04_Q;svce_cm;wdkcelp12;A_W_CEL12;3v0ux
CEL-CELERIS;CELCEL_J17TRT_04_Q;CELCEL_J17TRT_04_WRK01_Q;"June 26, 2026";"June 27, 2026 7:00:00 AM";"June 27, 2026 7:00:39 AM";;Ended OK;CELERIS - EndNuitApplicative;EndNuitApplicative.bat;Job;No;1;No;CTMSRV;CELCEL_J17TRT_04_Q;svce_cm;wdkcelp12;A_W_CEL12;3uzlq
CEL-CELERIS;CELCID_J11GEN_06_Q;CELCID_J11GEN_06_EXP01_Q;"June 26, 2026";"June 26, 2026 8:04:57 PM";"June 26, 2026 8:05:12 PM";;Ended OK;Génération du fichier de refacturation (CEL01_SRC_ERF_*);ExportRefacturationCelCid.bat;Job;No;1;No;CTMSRV;CELCID_J11GEN_06_Q;svce_cm;wdkcelp12;A_W_CEL12;3v0fg
CEL-CELERIS;CELCID_J11GEN_06_Q;CELCID_J11GEN_06_MOV01_Q;"June 26, 2026";"June 26, 2026 8:05:13 PM";"June 26, 2026 8:05:15 PM";;Ended OK;CELERIS : Déplacement du fichier de refacturation vers la PFE;MOV_Generique_DKA.bat;Job;No;1;No;CTMSRV;CELCID_J11GEN_06_Q;svce_cm;wdkcelp12;A_W_CEL12;3v0fh
CEL-CELERIS;CELCID_J11GEN_06_Q;CELCID_J11GEN_06_Q;"June 26, 2026";"June 26, 2026 1:30:11 PM";"June 26, 2026 8:05:16 PM";;Ended OK;Génération et déplacement du fichier de refacturation;;SMART Table;No;1;No;CTMSRV;CELCID_J11GEN_06_Q;;ldkctmp50;;3v0ff
CEL-CELERIS;CELCID_J11INT_05_Q;CELCID_J11INT_05_IMP01_Q;"June 26, 2026";"June 26, 2026 8:13:10 PM";"June 26, 2026 8:26:41 PM";2310;Ended OK;CELERIS Integration des donnees du fichier du referentiel partage CID;lance_Traitement_Interne.bat;Job;No;1;No;CTMSRV;CELCID_J11INT_05_Q;svce_cm;wdkcelp12;A_W_CEL12;3v0ub
CEL-CELERIS;CELCID_J11INT_05_Q;CELCID_J11INT_05_LIM01_Q;"June 26, 2026";"June 26, 2026 11:15:00 PM";"June 26, 2026 11:15:00 PM";;Ended OK;CELERIS Limite horaire Integration des donnees du fichier du referentiel partage CID;;Dummy;No;1;No;CTMSRV;CELCID_J11INT_05_Q;svce_cm;;A_W_CEL12;3v0uc
CEL-CELERIS;CELCID_J12INT_05_Q;CELCID_J12INT_05_IMP01_Q;"June 26, 2026";"June 26, 2026 8:13:00 PM";"June 26, 2026 8:13:09 PM";2250;Ended OK;CELERIS Integration des liens PCECompteurs en provenance de CID;lance_Traitement_Interne.bat;Job;No;1;No;CTMSRV;CELCID_J12INT_05_Q;svce_cm;wdkcelp12;A_W_CEL12;3v0i0
CEL-CELERIS;CELCID_J12INT_05_Q;CELCID_J12INT_05_LIM01_Q;"June 26, 2026";"June 26, 2026 11:05:00 PM";"June 26, 2026 11:05:00 PM";;Ended OK;CELERIS Limite horaire Integration des liens PCECompteurs en provenance de CID;;Dummy;No;1;No;CTMSRV;CELCID_J12INT_05_Q;svce_cm;;A_W_CEL12;3v0i1
CEL-CELERIS;CELCRT_J11INT_05_Q;CELCRT_J11INT_05_IMP01_Q;"June 26, 2026";"June 26, 2026 9:03:38 PM";"June 26, 2026 9:04:03 PM";0000;Ended OK;CELERIS Integration des donnees du fichier des releves compteur CRT;lance_Traitement_Interne.bat;Job;No;1;No;CTMSRV;CELCRT_J11INT_05_Q;svce_cm;wdkcelp13;A_W_CEL13;3v03p
CEL-CELERIS;CELCRT_J11INT_05_Q;CELCRT_J11INT_05_LIM01_Q;"June 26, 2026";"June 27, 2026 12:10:00 AM";"June 27, 2026 12:10:00 AM";;Ended OK;CELERIS Limite horaire Integration des donnees du fichier des releves compteur CRT;;Dummy;No;1;No;CTMSRV;CELCRT_J11INT_05_Q;svce_cm;;A_W_CEL13;3v03q
CEL-CELERIS;CELNRJ_J11GEN_06_Q;CELNRJ_J11GEN_06_EXP01_Q;"June 26, 2026";"June 26, 2026 8:55:23 PM";"June 26, 2026 8:55:40 PM";;Ended OK;CELERIS Export des liens PTA PCS;lance_Traitement_Interne.bat;Job;No;1;No;CTMSRV;CELNRJ_J11GEN_06_Q;svce_cm;wdkcelp12;A_W_CEL12;3uznc
CEL-CELERIS;CELNRJ_J16INT_05_Q;CELNRJ_J16INT_05_FW01_Q;"June 26, 2026";"June 26, 2026 7:00:00 PM";"June 26, 2026 7:00:07 PM";;Ended OK;CELERIS : Scrutation du fichier PATRIMOINEENERGY_*.xml de la PFE au serveur CELERIS;FileWatcher.bat;Job;No;1;No;CTMSRV;CELNRJ_J16INT_05_Q;svce_cm;wdkcelp13;A_W_CEL13;3v0yd
CEL-CELERIS;CELNRJ_J16INT_05_Q;CELNRJ_J16INT_05_FW02_Q;"June 26, 2026";"June 26, 2026 7:00:01 PM";"June 26, 2026 7:01:07 PM";;Ended OK;CELERIS : Scrutation du fichier PATRIMOINEENERGY_*.xml  de la PFE au serveur CELERIS;FileWatcher.bat;Job;No;1;No;CTMSRV;CELNRJ_J16INT_05_Q;svce_cm;wdkcelp13;A_W_CEL13;3v0yg
CEL-CELERIS;CELNRJ_J16INT_05_Q;CELNRJ_J16INT_05_FW03_Q;"June 26, 2026";"June 26, 2026 7:00:00 PM";"June 26, 2026 7:00:08 PM";;Ended OK;CELERIS : Scrutation du fichier EVENEMENTSENERGY_*.xml de la PFE au serveur CELERIS;FileWatcher.bat;Job;No;1;No;CTMSRV;CELNRJ_J16INT_05_Q;svce_cm;wdkcelp13;A_W_CEL13;3v0yf
CEL-CELERIS;CELNRJ_J16INT_05_Q;CELNRJ_J16INT_05_FW04_Q;"June 26, 2026";"June 26, 2026 7:00:00 PM";"June 26, 2026 7:01:06 PM";;Ended OK;CELERIS : Scrutation du fichier EVENEMENTSENERGY_*.xml de la PFE au serveur CELERIS;FileWatcher.bat;Job;No;1;No;CTMSRV;CELNRJ_J16INT_05_Q;svce_cm;wdkcelp13;A_W_CEL13;3v0ye
CEL-CELERIS;CELNRJ_J16INT_05_Q;CELNRJ_J16INT_05_IMP01_Q;"June 26, 2026";"June 26, 2026 7:30:00 PM";"June 26, 2026 7:33:13 PM";;Ended OK;CELERIS : Intégration du fichier PATRIMOINEENERGY dans CELERIS;lance_Traitement_Interne.bat;Job;No;1;No;CTMSRV;CELNRJ_J16INT_05_Q;svce_cm;wdkcelp13;A_W_CEL13;3v0y9
CEL-CELERIS;CELNRJ_J16INT_05_Q;CELNRJ_J16INT_05_IMP02_Q;"June 26, 2026";"June 26, 2026 8:30:00 PM";"June 26, 2026 10:00:32 PM";;Ended OK;CELERIS : Intégration du fichier EVENEMENTSENERGY dans CELERIS;lance_Traitement_Interne.bat;Job;No;1;No;CTMSRV;CELNRJ_J16INT_05_Q;svce_cm;wdkcelp13;A_W_CEL13;3v0yc
CEL-CELERIS;CELNRJ_J16INT_05_Q;CELNRJ_J16INT_05_MOV01_Q;"June 26, 2026";"June 26, 2026 7:00:07 PM";"June 26, 2026 7:00:11 PM";;Ended OK;CELERIS : Deplacement du fichier PATRIMOINEENERGY_*.xml depuis le NAS EDF;MOV_Multi_Generique_DKA.bat;Job;No;1;No;CTMSRV;CELNRJ_J16INT_05_Q;svce_cm;wdkcelp13;A_W_CEL13;3v0ya
CEL-CELERIS;CELNRJ_J16INT_05_Q;CELNRJ_J16INT_05_MOV02_Q;"June 26, 2026";"June 26, 2026 7:00:08 PM";"June 26, 2026 7:00:11 PM";;Ended OK;CELERIS : Deplacement du fichier EVENEMENTSENERGY_*.xml depuis le NAS EDF;MOV_Multi_Generique_DKA.bat;Job;No;1;No;CTMSRV;CELNRJ_J16INT_05_Q;svce_cm;wdkcelp13;A_W_CEL13;3v0yb
CEL-CELERIS;CELNRJ_J16INT_05_Q;CELNRJ_J16INT_05_Q;"June 26, 2026";"June 26, 2026 7:00:00 PM";"June 26, 2026 10:00:33 PM";;Ended OK;SEE CEL01: Gestion des flux PATRIMOINEENERGY et EVENEMENTSENERGY;;SMART Table;No;1;No;CTMSRV;CELNRJ_J16INT_05_Q;;ldkctmp50;;3v0y8
CEL-CELERIS;CELOAF_C11GEN_06_M;CELCEL_E11STP_01_ARR03_M;"June 26, 2026";"June 26, 2026 5:00:00 PM";"June 26, 2026 5:00:10 PM";;Ended OK;CELERIS: STOP IIS (Front);Start_Stop_Celeris.bat;Job;No;1;No;CTMSRV;CELOAF_C11GEN_06_M;svce_cm;wdkcelp11;A_W_CEL11;3uz8h
CEL-CELERIS;CELOAF_C11GEN_06_M;CELOAF_C11GEN_06_EXP01_M;"June 26, 2026";"June 26, 2026 5:00:11 PM";"June 26, 2026 5:01:01 PM";;Ended OK;CELERIS Export des ecritures comptables GL;lance_Traitement_Interne.bat;Job;No;1;No;CTMSRV;CELOAF_C11GEN_06_M;svce_cm;wdkcelp12;A_W_CEL12;3uz8i
CEL-CELERIS;CELOAF_C11GEN_06_M;CELOAF_C11GEN_06_MOV01_M;"June 26, 2026";"June 26, 2026 5:01:01 PM";"June 26, 2026 5:01:04 PM";;Ended OK;CELERIS : Deplacement des fichiers donnees Ecritures GL vers EAI (CAP);MOV_Generique_DKA.bat;Job;No;1;No;CTMSRV;CELOAF_C11GEN_06_M;svce_cm;wdkcelp12;A_W_CEL12;3uz8j
CEL-CELERIS;CELOAF_C11GEN_06_M;CELOAF_C11GEN_06_MOV02_M;"June 26, 2026";"June 26, 2026 5:01:04 PM";"June 26, 2026 5:01:08 PM";;Ended OK;CELERIS : Deplacement des fichiers controle Ecritures  GL vers EAI (CAP);MOV_Generique_DKA.bat;Job;No;1;No;CTMSRV;CELOAF_C11GEN_06_M;svce_cm;wdkcelp12;A_W_CEL12;3uz8k
CEL-CELERIS;CELOAF_J11GEN_06_Q;CELOAF_J11GEN_06_EXP01_Q;"June 26, 2026";"June 26, 2026 8:04:27 PM";"June 26, 2026 8:04:51 PM";;Ended OK;CELERIS Export des ecritures comptables AP et GL;lance_Traitement_Interne.bat;Job;No;1;No;CTMSRV;CELOAF_J11GEN_06_Q;svce_cm;wdkcelp12;A_W_CEL12;3v1ey
CEL-CELERIS;CELOAF_J11GEN_06_Q;CELOAF_J11GEN_06_MOV01_Q;"June 26, 2026";"June 26, 2026 8:04:52 PM";"June 26, 2026 8:04:53 PM";;Ended OK;CELERIS : Deplacement des fichiers donnees Ecritures AP vers EAI;MOV_Generique_DKA.bat;Job;No;1;No;CTMSRV;CELOAF_J11GEN_06_Q;svce_cm;wdkcelp12;A_W_CEL12;3v1ez
CEL-CELERIS;CELOAF_J11GEN_06_Q;CELOAF_J11GEN_06_MOV02_Q;"June 26, 2026";"June 26, 2026 8:04:54 PM";"June 26, 2026 8:04:56 PM";;Ended OK;CELERIS : Deplacement des fichiers controle Ecritures AP vers EAI;MOV_Generique_DKA.bat;Job;No;1;No;CTMSRV;CELOAF_J11GEN_06_Q;svce_cm;wdkcelp12;A_W_CEL12;3v1f0
CEL-CELERIS;CELOAF_J12INT_05_Q;CELOAF_J12INT_05_IMP01_Q;"June 26, 2026";"June 26, 2026 8:26:48 PM";"June 26, 2026 8:26:55 PM";0000;Ended OK;CELERIS Integration des donnees du fichier des fournisseurs;lance_Traitement_Interne.bat;Job;No;1;No;CTMSRV;CELOAF_J12INT_05_Q;svce_cm;wdkcelp13;A_W_CEL13;3uz6c
CEL-CELERIS;CELOAF_J12INT_05_Q;CELOAF_J12INT_05_LIM01_Q;"June 26, 2026";"June 27, 2026 12:10:00 AM";"June 27, 2026 12:10:00 AM";;Ended OK;CELERIS Limite horaire Integration des donnees du fichier des fournisseurs;;Dummy;No;1;No;CTMSRV;CELOAF_J12INT_05_Q;svce_cm;;A_W_CEL12;3uz6d
CEL-CELERIS;CELOAF_J12INT_05_Q;CELOAF_J12INT_05_MOV01_Q;"June 26, 2026";"June 26, 2026 8:26:42 PM";"June 26, 2026 8:26:47 PM";;Ended OK;CELERIS : Deplacement du fichier fournisseur de l'EAI vers repertoire donnees entrantes;MOV_Generique_DKA.bat;Job;No;1;No;CTMSRV;CELOAF_J12INT_05_Q;svce_cm;wdkcelp13;A_W_CEL13;3uz6e
CEL-CELERIS;CELXXX_J11GEN_06_Q;CELXXX_J11GEN_06_MOV01_Q;"June 26, 2026";"June 26, 2026 8:05:00 PM";"June 26, 2026 8:05:02 PM";;Ended OK;CELERIS : Deplacement dU fichier ALADIN vers PFE;MOV_Generique_DKA.bat;Job;No;1;No;CTMSRV;CELXXX_J11GEN_06_Q;svce_cm;wdkcelp12;A_W_CEL12;3v0rt
CEL-CELERIS;CELXXX_J11GEN_06_Q;CELXXX_J11GEN_06_Q;"June 26, 2026";"June 26, 2026 1:30:11 PM";"June 26, 2026 8:05:02 PM";;Ended OK;;;SMART Table;No;1;No;CTMSRV;CELXXX_J11GEN_06_Q;;ldkctmp50;;3v0rr
CEL-CELERIS;CELXXX_J11GEN_06_Q;CELXXX_J11GEN_06_ZIP01_Q;"June 26, 2026";"June 26, 2026 8:04:57 PM";"June 26, 2026 8:04:59 PM";;Ended OK;compression des fichiers TIF et PDF dans aladin-tif.zip;ZIP_ALA_FACT.bat;Job;No;1;No;CTMSRV;CELXXX_J11GEN_06_Q;svce_cm;wdkcelp12;A_W_CEL12;3v0rs
CID-CONTRACTUAL INVO;CIDCEL_B11INT_05_P;CIDCEL_B11INT_05_IMP01_P;"June 26, 2026";;;;Wait for Event;CID :integration  refacturation dans CID;lance_Traitement_Interne.bat;Job;No;0;No;CTMSRV;CIDCEL_B11INT_05_P;svce_cm;A_W_CID12;A_W_CID12;3v15c
CID-CONTRACTUAL INVO;CIDCEL_B11INT_05_P;CIDCEL_B11INT_05_MOV01_P;"June 26, 2026";;;;Wait for Event;CID :Transfert du fichier Refac depuis la PFE pour CID;MOV_Generique_DKA.bat;Job;No;0;No;CTMSRV;CIDCEL_B11INT_05_P;svce_cm;A_W_CID12;A_W_CID12;3v15b
CID-CONTRACTUAL INVO;CIDCEL_B11INT_05_P;CIDCEL_B11INT_05_P;"June 26, 2026";"June 26, 2026 1:30:11 PM";;;Executing;;;SMART Table;No;1;No;CTMSRV;CIDCEL_B11INT_05_P;;;;3v15a
CID-CONTRACTUAL INVO;CIDCEL_F11GEN_06_Q;CIDCEL_F11GEN_06_EXP01_Q;"June 26, 2026";"June 26, 2026 8:00:00 PM";"June 26, 2026 8:08:42 PM";;Ended OK;CID Export donnees du referentiel partage CID vers CELERIS;lance_Traitement_Interne.bat;Job;No;1;No;CTMSRV;CIDCEL_F11GEN_06_Q;svce_cm;wdkcidp12;A_W_CID12;3v10c
CID-CONTRACTUAL INVO;CIDCEL_F11GEN_06_Q;CIDCEL_F11GEN_06_MOV01_Q;"June 26, 2026";"June 26, 2026 8:08:43 PM";"June 26, 2026 8:08:45 PM";;Ended OK;Move du fichier depuis le repertoire CID vers PFE;MOVE_IN_TO_OUT.bat;Job;No;1;No;CTMSRV;CIDCEL_F11GEN_06_Q;svce_cm;wdkcidp12;A_W_CID12;3v10d
CID-CONTRACTUAL INVO;CIDCEL_F11INT_05_Q;CIDCEL_F11INT_05_INT01_Q;"June 26, 2026";"June 26, 2026 8:18:02 PM";"June 26, 2026 8:23:31 PM";;Ended OK;CONTRACTUAL INVO : Intégration du fichier de refacturation;ImportRefacturationCelCid.bat;Job;No;1;No;CTMSRV;CIDCEL_F11INT_05_Q;svce_cm;wdkcidp12;A_W_CID12;3uzgr
CID-CONTRACTUAL INVO;CIDCEL_F11INT_05_Q;CIDCEL_F11INT_05_MOV01_Q;"June 26, 2026";"June 26, 2026 8:18:00 PM";"June 26, 2026 8:18:02 PM";;Ended OK;CID : Déplacement du fichier de refacturation : PFE > CID;MOV_Generique_DKA.bat;Job;No;1;No;CTMSRV;CIDCEL_F11INT_05_Q;svce_cm;wdkcidp12;A_W_CID12;3uzgs
CID-CONTRACTUAL INVO;CIDCEL_F11INT_05_Q;CIDCEL_F11INT_05_Q;"June 26, 2026";"June 26, 2026 1:30:10 PM";"June 26, 2026 8:23:31 PM";;Ended OK;Déplacement du fichier de refacturation vers CID;;SMART Table;No;1;No;CTMSRV;CIDCEL_F11INT_05_Q;;ldkctmp50;;3uzgq
CID-CONTRACTUAL INVO;CIDCEL_J11GEN_06_Q;CIDCEL_J11GEN_06_EXP01_Q;"June 26, 2026";"June 26, 2026 8:08:46 PM";"June 26, 2026 8:08:56 PM";;Ended OK;CID Generation du fichier PCE Compteur vers CELERIS;lance_Traitement_Interne.bat;Job;No;1;No;CTMSRV;CIDCEL_J11GEN_06_Q;svce_cm;wdkcidp12;A_W_CID12;3uzmx
CID-CONTRACTUAL INVO;CIDCEL_J11GEN_06_Q;CIDCEL_J11GEN_06_MOV01_Q;"June 26, 2026";"June 26, 2026 8:08:57 PM";"June 26, 2026 8:08:58 PM";;Ended OK;CID Deplacement du fichier PCECompteur vers PFE;MOVE_IN_TO_OUT.bat;Job;No;1;No;CTMSRV;CIDCEL_J11GEN_06_Q;svce_cm;wdkcidp12;A_W_CID12;3uzmy
CID-CONTRACTUAL INVO;CIDCID_B11TRT_04_P;CIDCID_B11TRT_04_CAL01_P;"June 26, 2026";"June 27, 2026 12:00:28 AM";"June 27, 2026 12:06:23 AM";;Ended OK;G5 calcul budget des ventes;lance_Traitement_Interne.bat;Job;No;1;No;CTMSRV;CIDCID_B11TRT_04_P;svce_cm;wdkcidp12;A_W_CID12;3uzr2
CID-CONTRACTUAL INVO;CIDCID_E11STP_01_M;CIDCID_E11STP_01_ATP01_M;"June 26, 2026";"June 26, 2026 5:00:00 PM";"June 26, 2026 5:01:40 PM";;Ended OK;Arret de l'application CID sur WDKCIDP11 à L2;start_stop_appli_CID.bat;Job;No;1;No;CTMSRV;CIDCID_E11STP_01_M;svce_cm;wdkcidp11;A_W_CID11;3v0q6
CID-CONTRACTUAL INVO;CIDCID_E11STP_01_Q;CIDCID_E11STP_01_ATP01_Q;"June 26, 2026";"June 26, 2026 7:00:01 PM";"June 26, 2026 7:00:42 PM";;Ended OK;Arret de l'application CID sur WDKCIDP11;start_stop_appli_CID.bat;Job;No;1;No;CTMSRV;CIDCID_E11STP_01_Q;svce_cm;wdkcidp11;A_W_CID11;3v0qk
CID-CONTRACTUAL INVO;CIDCID_E11STR_02_M;CIDCID_E11STR_02_DBA01_M;"June 26, 2026";"June 26, 2026 5:00:00 PM";"June 26, 2026 5:00:00 PM";;Ended OK;Jalon de demarrage de la production CID à L2.;CID_PROD_START_ALL_001M;Dummy;No;1;No;CTMSRV;CIDCID_E11STR_02_M;svce_cm;;;3v01l
CID-CONTRACTUAL INVO;CIDCID_E11STR_02_M;CIDCID_E11STR_02_DTP01_M;"June 26, 2026";"June 26, 2026 6:45:09 PM";"June 26, 2026 6:45:14 PM";;Ended OK;Demarrage de l'application CID sur WDKCIDP11 à L2;start_stop_appli_CID.bat;Job;No;1;No;CTMSRV;CIDCID_E11STR_02_M;svce_cm;wdkcidp11;A_W_CID11;3v01m
CID-CONTRACTUAL INVO;CIDCID_E11STR_02_Q;CIDCID_E11STR_02_DTP01_Q;"June 26, 2026";"June 27, 2026 6:00:00 AM";"June 27, 2026 6:00:05 AM";;Ended OK;Demarrage de l'application CID sur WDKCIDP11;start_stop_appli_CID.bat;Job;No;1;No;CTMSRV;CIDCID_E11STR_02_Q;svce_cm;wdkcidp11;A_W_CID11;3v1e2
CID-CONTRACTUAL INVO;CIDCID_F11TEC_04_Q;CIDCID_F11TEC_04_DEB01_Q;"June 26, 2026";"June 26, 2026 7:00:00 PM";"June 26, 2026 7:00:00 PM";;Ended OK;Jalon de demarrage de la production CID;CID_PROD_START_ALL_001J;Dummy;No;1;No;CTMSRV;CIDCID_F11TEC_04_Q;svce_cm;;;3v0i7
CID-CONTRACTUAL INVO;CIDCID_F11TEC_04_Q;CIDCID_F11TEC_04_FIN99_Q;"June 26, 2026";"June 27, 2026 1:30:27 AM";"June 27, 2026 1:30:27 AM";;Ended OK;Jalon de fin de la production CID;CID_PROD_END_ALL_001J;Dummy;No;1;No;CTMSRV;CIDCID_F11TEC_04_Q;svce_cm;;;3v0i6
CID-CONTRACTUAL INVO;CIDCID_F11TEC_04_Q;CIDCID_F11TEC_04_FJA97_Q;"June 26, 2026";"June 27, 2026 12:00:27 AM";"June 27, 2026 12:00:27 AM";;Ended OK;G1 G2 G3  fin des interfaces ENTRANTES;CIDFIN_INT_ENTRANT;Dummy;No;1;No;CTMSRV;CIDCID_F11TEC_04_Q;svce_cm;;A_W_CID13;3v0i9
CID-CONTRACTUAL INVO;CIDCID_F11TEC_04_Q;CIDCID_F11TEC_04_FJA98_Q;"June 26, 2026";"June 27, 2026 12:42:12 AM";"June 27, 2026 12:42:12 AM";;Ended OK;G5 fin des traitements INTERNE;FIN_TRT_INTERNE;Dummy;No;1;No;CTMSRV;CIDCID_F11TEC_04_Q;svce_cm;;A_W_CID13;3v0ib
CID-CONTRACTUAL INVO;CIDCID_F11TEC_04_Q;CIDCID_F11TEC_04_FJA99_Q;"June 26, 2026";"June 27, 2026 1:30:26 AM";"June 27, 2026 1:30:26 AM";;Ended OK;G4 G6 G8 G9 fin des interfaces SORTANTES;CIDFIN_INT_SORTANT;Dummy;No;1;No;CTMSRV;CIDCID_F11TEC_04_Q;svce_cm;;A_W_CID13;3v0ia
CID-CONTRACTUAL INVO;CIDCID_F11TEC_04_Q;CIDCID_F11TEC_04_SC001_Q;"June 26, 2026";"June 26, 2026 3:00:00 PM";"June 26, 2026 3:00:00 PM";;Ended OK;"CID ; TEST PRESENCE COND SC_WCID107_OK";SC_WCID107_OK;Dummy;No;1;No;CTMSRV;CIDCID_F11TEC_04_Q;root;;;3v0i8
CID-CONTRACTUAL INVO;CIDCID_F12TRT_04_Q;CIDCID_F12TRT_04_CAL01_Q;"June 26, 2026";"June 27, 2026 12:00:28 AM";"June 27, 2026 12:07:29 AM";;Ended OK;G5 calcul type affiné;lance_Traitement_Interne.bat;Job;No;1;No;CTMSRV;CIDCID_F12TRT_04_Q;svce_cm;wdkcidp12;A_W_CID12;3v14a
CID-CONTRACTUAL INVO;CIDCID_F13TRT_04_Q;CIDCID_F13TRT_04_WRK01_Q;"June 26, 2026";"June 27, 2026 12:00:28 AM";"June 27, 2026 12:00:35 AM";;Ended OK;G5 raj et substitution indices;lance_Traitement_Interne.bat;Job;No;1;No;CTMSRV;CIDCID_F13TRT_04_Q;svce_cm;wdkcidp12;A_W_CID12;3uzdy
CID-CONTRACTUAL INVO;CIDCID_F14TRT_04_Q;CIDCID_F14TRT_04_CAL01_Q;"June 26, 2026";"June 27, 2026 12:07:30 AM";"June 27, 2026 12:10:30 AM";;Ended OK;G5  calcul des factures regie Negoces;lance_Traitement_Interne.bat;Job;No;1;No;CTMSRV;CIDCID_F14TRT_04_Q;svce_cm;wdkcidp12;A_W_CID12;3uzfw
CID-CONTRACTUAL INVO;CIDCID_F14TRT_04_Q;CIDCID_F14TRT_04_Q;"June 26, 2026";"June 26, 2026 1:30:10 PM";"June 27, 2026 12:10:31 AM";;Ended OK;;;SMART Table;No;1;No;CTMSRV;CIDCID_F14TRT_04_Q;;ldkctmp50;;3uzfv
CID-CONTRACTUAL INVO;CIDCID_F15TRT_04_Q;CIDCID_F15TRT_04_CAL01_Q;"June 26, 2026";"June 27, 2026 12:27:15 AM";"June 27, 2026 12:39:59 AM";;Ended OK;G5 calcul des factures;lance_Traitement_Interne.bat;Job;No;1;No;CTMSRV;CIDCID_F15TRT_04_Q;svce_cm;wdkcidp12;A_W_CID12;3v0k8
CID-CONTRACTUAL INVO;CIDCID_F15TRT_04_Q;CIDCID_F15TRT_04_CAL02_Q;"June 26, 2026";"June 27, 2026 12:40:00 AM";"June 27, 2026 12:42:11 AM";;Ended OK;G5 calcul facture individuel;lance_Traitement_Interne.bat;Job;No;1;No;CTMSRV;CIDCID_F15TRT_04_Q;svce_cm;wdkcidp12;A_W_CID12;3v0k9
CID-CONTRACTUAL INVO;CIDCID_F15TRT_04_Q;CIDCID_F15TRT_04_CAL03_Q;"June 26, 2026";"June 27, 2026 12:42:12 AM";"June 27, 2026 12:42:22 AM";;Ended OK;G5 calcul des factures specifique;CalculFactureSpecifique.bat;Job;No;1;No;CTMSRV;CIDCID_F15TRT_04_Q;svce_cm;wdkcidp12;A_W_CID12;3v0ka
CID-CONTRACTUAL INVO;CIDCID_F18TRT_04_Q;CIDCID_F18TRT_04_WRK01_Q;"June 26, 2026";"June 26, 2026 7:15:00 PM";"June 26, 2026 7:22:06 PM";;Ended OK;G5 Relance Instance;lance_Traitement_Interne.bat;Job;No;1;No;CTMSRV;CIDCID_F18TRT_04_Q;svce_cm;wdkcidp12;A_W_CID12;3v0ah
CID-CONTRACTUAL INVO;CIDCID_F19TRT_04_H;CIDCID_F19TRT_04_WRK01_H;"June 26, 2026";"June 27, 2026 12:00:28 AM";"June 27, 2026 12:00:39 AM";;Ended OK;G5 proposition de relance;lance_Traitement_Interne.bat;Job;No;1;No;CTMSRV;CIDCID_F19TRT_04_H;svce_cm;wdkcidp12;A_W_CID12;3v1fs
CID-CONTRACTUAL INVO;CIDCID_F19TRT_04_Q;CIDCID_F19TRT_04_WRK01_Q;"June 26, 2026";"June 27, 2026 7:00:00 AM";"June 27, 2026 7:01:02 AM";;Ended OK;CID Reinitialise les donnees de la nuit applicative precedente;lance_Traitement_Interne.bat;Job;No;1;No;CTMSRV;CIDCID_F19TRT_04_Q;svce_cm;wdkcidp12;A_W_CID12;3uz5h
CID-CONTRACTUAL INVO;CIDCID_F20TRT_04_Q;CIDCID_F20TRT_04_WRK01_Q;"June 26, 2026";"June 26, 2026 5:31:00 PM";"June 26, 2026 5:31:43 PM";1812;Wait for Event;CID batch rejeu;RejeuEai.bat;Job;No;3;Yes;CTMSRV;CIDCID_F20TRT_04_Q;svce_cm;wdkcidp12;A_W_CID12;3uzx9
CID-CONTRACTUAL INVO;CIDCID_F21TRT_04_H;CIDCID_F21TRT_04_CAL01_H;"June 26, 2026";"June 27, 2026 12:06:30 AM";"June 27, 2026 12:06:36 AM";;Ended OK;CID ::Calculer Simu Effet Prix;CalculerSimuEffetPrix.bat;Job;No;1;No;CTMSRV;CIDCID_F21TRT_04_H;svce_cm;wdkcidp12;A_W_CID12;3v1hh
CID-CONTRACTUAL INVO;CIDCID_F21TRT_04_H;CIDCID_F21TRT_04_EXT01_H;"June 26, 2026";"June 27, 2026 12:06:24 AM";"June 27, 2026 12:06:29 AM";;Ended OK;CID ::extraction Simu Effet Prix;ExtractionSimuEffetPrix.bat;Job;No;1;No;CTMSRV;CIDCID_F21TRT_04_H;svce_cm;wdkcidp12;A_W_CID12;3v1hg
CID-CONTRACTUAL INVO;CIDCID_F21TRT_04_H;CIDCID_F21TRT_04_H;"June 26, 2026";"June 26, 2026 1:30:10 PM";"June 27, 2026 12:06:37 AM";;Ended OK;CID ::Simu Effet Prix;;SMART Table;No;1;No;CTMSRV;CIDCID_F21TRT_04_H;;ldkctmp50;;3v1hf
CID-CONTRACTUAL INVO;CIDCID_F21TRT_04_Q;CIDCID_F21TRT_04_CAL01_Q;"June 26, 2026";"June 27, 2026 12:10:31 AM";"June 27, 2026 12:27:14 AM";;Ended OK;CID : Calcul Vente Forfaitaire;lance_Traitement_Interne.bat;Job;No;1;No;CTMSRV;CIDCID_F21TRT_04_Q;svce_cm;wdkcidp12;A_W_CID12;3uzpq
CID-CONTRACTUAL INVO;CIDCID_F21TRT_04_Q;CIDCID_F21TRT_04_Q;"June 26, 2026";"June 26, 2026 1:30:11 PM";"June 27, 2026 12:27:15 AM";;Ended OK;;;SMART Table;No;1;No;CTMSRV;CIDCID_F21TRT_04_Q;;ldkctmp50;;3uzpp
CID-CONTRACTUAL INVO;CIDCID_F23TRT_04_Q;CIDCID_F23TRT_04_CAL01_Q;"June 26, 2026";"June 27, 2026 12:07:30 AM";"June 27, 2026 12:07:38 AM";;Ended OK;RECALCUL DES DATES CIBLE;RecalculDateCible.bat;Job;No;1;No;CTMSRV;CIDCID_F23TRT_04_Q;svce_cm;wdkcidp12;A_W_CID12;3v181
CID-CONTRACTUAL INVO;CIDCID_J11TRT_04_Q;CIDCID_J11TRT_04_Q;"June 26, 2026";"June 26, 2026 1:30:11 PM";"June 27, 2026 6:04:40 AM";;Ended OK;Traitement Indexation Meilisearch;;SMART Table;No;1;No;CTMSRV;CIDCID_J11TRT_04_Q;;ldkctmp50;;3v0p6
CID-CONTRACTUAL INVO;CIDCID_J11TRT_04_Q;CIDCID_J11TRT_04_WRK01_Q;"June 26, 2026";"June 27, 2026 6:00:05 AM";"June 27, 2026 6:04:39 AM";;Ended OK;Traitement Indexation Meilisearch;IndexationMeilisearch.bat;Job;No;1;No;CTMSRV;CIDCID_J11TRT_04_Q;svce_cm;wdkcidp12;A_W_CID12;3v0p7
CID-CONTRACTUAL INVO;CIDCID_K12SVG_03_Q;CIDCID_K12SVG_03_FWT01_Q;"June 26, 2026";"June 26, 2026 8:00:00 PM";"June 26, 2026 8:00:00 PM";;Ended OK;Controle dump log apres 20h sur wdkcidp03;test_fin_dump.bat;Dummy;No;1;No;CTMSRV;CIDCID_K12SVG_03_Q;svce_cm;;NOTEXIST;3v15w
CID-CONTRACTUAL INVO;CIDCID_K12SVG_03_Q;CIDCID_K12SVG_03_FWT02_Q;"June 26, 2026";"June 27, 2026 4:00:00 AM";"June 27, 2026 4:00:00 AM";;Ended OK;Controle dump log apres 04h sur wdkcidp03;test_fin_dump.bat;Dummy;No;1;No;CTMSRV;CIDCID_K12SVG_03_Q;svce_cm;;NOTEXIST;3v15v
CID-CONTRACTUAL INVO;CIDCID_K12SVG_03_Q;CIDCID_K12SVG_03_NBU01_Q;"June 26, 2026";"June 27, 2026 5:00:00 AM";"June 27, 2026 5:00:00 AM";;Ended OK;Sauvegarde Incremental NBU du serveur WDKCIDP01;NetbackupRemoteCtm_Incr.ksh;Dummy;No;1;No;CTMSRV;CIDCID_K12SVG_03_Q;root;;NOTEXIST;3v15x
CID-CONTRACTUAL INVO;CIDCID_K12SVG_03_Q;CIDCID_K12SVG_03_NBU02_Q;"June 26, 2026";"June 27, 2026 5:00:00 AM";"June 27, 2026 5:00:00 AM";;Ended OK;Sauvegarde Incremental NBU du serveur WDKCIDP02;NetbackupRemoteCtm_Incr.ksh;Dummy;No;1;No;CTMSRV;CIDCID_K12SVG_03_Q;root;;NOTEXIST;3v15y
CID-CONTRACTUAL INVO;CIDCID_K12SVG_03_Q;CIDCID_K12SVG_03_NBU03_Q;"June 26, 2026";;;;Wait for Event;Sauvegarde Incremental NBU du serveur WDKCIDP03;NetbackupRemoteCtm_Incr.ksh;Dummy;No;0;No;CTMSRV;CIDCID_K12SVG_03_Q;root;NOTEXIST;NOTEXIST;3v15z
CID-CONTRACTUAL INVO;CIDDTR_F11GEN_06_Q;CIDDTR_F11GEN_06_EXP01_Q;"June 26, 2026";"June 27, 2026 1:26:07 AM";"June 27, 2026 1:26:33 AM";;Ended OK;Genration fichier DTR_CONTRAT;Lance_INTERFACE.bat;Job;No;1;No;CTMSRV;CIDDTR_F11GEN_06_Q;svce_cm;wdkcidp13;A_W_CID13;3v13s
CID-CONTRACTUAL INVO;CIDDTR_F11GEN_06_Q;CIDDTR_F11GEN_06_EXP02_Q;"June 26, 2026";"June 27, 2026 1:26:33 AM";"June 27, 2026 1:26:42 AM";;Ended OK;Generation du fichier DTR_SLP_VPR;Lance_INTERFACE.bat;Job;No;1;No;CTMSRV;CIDDTR_F11GEN_06_Q;svce_cm;wdkcidp13;A_W_CID13;3v13t
CID-CONTRACTUAL INVO;CIDDTR_F11GEN_06_Q;CIDDTR_F11GEN_06_EXP03_Q;"June 26, 2026";"June 27, 2026 1:26:42 AM";"June 27, 2026 1:27:22 AM";;Ended OK;Generation fichier DTR_SLP_ATT;Lance_INTERFACE.bat;Job;No;1;No;CTMSRV;CIDDTR_F11GEN_06_Q;svce_cm;wdkcidp13;A_W_CID13;3v13u
CID-CONTRACTUAL INVO;CIDDTR_F11GEN_06_Q;CIDDTR_F11GEN_06_EXP04_Q;"June 26, 2026";"June 27, 2026 1:27:22 AM";"June 27, 2026 1:27:55 AM";;Ended OK;Generation fichier DTR_SLP_IMP;Lance_INTERFACE.bat;Job;No;1;No;CTMSRV;CIDDTR_F11GEN_06_Q;svce_cm;wdkcidp13;A_W_CID13;3v13v
CID-CONTRACTUAL INVO;CIDDTR_F11GEN_06_Q;CIDDTR_F11GEN_06_EXP05_Q;"June 26, 2026";"June 27, 2026 1:27:56 AM";"June 27, 2026 1:28:21 AM";;Ended OK;Generation fichier DTR_SLP_DT;Lance_INTERFACE.bat;Job;No;1;No;CTMSRV;CIDDTR_F11GEN_06_Q;svce_cm;wdkcidp13;A_W_CID13;3v13w
CID-CONTRACTUAL INVO;CIDDTR_F11GEN_06_Q;CIDDTR_F11GEN_06_EXP06_Q;"June 26, 2026";"June 27, 2026 1:28:21 AM";"June 27, 2026 1:29:14 AM";;Ended OK;Generation fichier DTR_SLP_DR;Lance_INTERFACE.bat;Job;No;1;No;CTMSRV;CIDDTR_F11GEN_06_Q;svce_cm;wdkcidp13;A_W_CID13;3v13x
CID-CONTRACTUAL INVO;CIDDTR_F11GEN_06_Q;CIDDTR_F11GEN_06_EXP07_Q;"June 26, 2026";"June 27, 2026 1:29:15 AM";"June 27, 2026 1:29:36 AM";;Ended OK;Generation fichier DTR_SLP_DA;Lance_INTERFACE.bat;Job;No;1;No;CTMSRV;CIDDTR_F11GEN_06_Q;svce_cm;wdkcidp13;A_W_CID13;3v13y
CID-CONTRACTUAL INVO;CIDDTR_F11GEN_06_Q;CIDDTR_F11GEN_06_EXP08_Q;"June 26, 2026";"June 27, 2026 1:29:37 AM";"June 27, 2026 1:30:06 AM";;Ended OK;Generation fichier DTR_SLP_RFAC;Lance_INTERFACE.bat;Job;No;1;No;CTMSRV;CIDDTR_F11GEN_06_Q;svce_cm;wdkcidp13;A_W_CID13;3v13z
CID-CONTRACTUAL INVO;CIDDTR_F11GEN_06_Q;CIDDTR_F11GEN_06_EXP09_Q;"June 26, 2026";"June 27, 2026 1:30:06 AM";"June 27, 2026 1:30:16 AM";;Ended OK;Generation fichier DTR_COEF_BLOQUE;Lance_INTERFACE.bat;Job;No;1;No;CTMSRV;CIDDTR_F11GEN_06_Q;svce_cm;wdkcidp13;A_W_CID13;3v140
CID-CONTRACTUAL INVO;CIDDTR_F11GEN_06_Q;CIDDTR_F11GEN_06_EXP10_Q;"June 26, 2026";"June 27, 2026 1:30:17 AM";"June 27, 2026 1:30:25 AM";;Ended OK;Generation fichier DTR_VIN;Lance_INTERFACE.bat;Job;No;1;No;CTMSRV;CIDDTR_F11GEN_06_Q;svce_cm;wdkcidp13;A_W_CID13;3v141
CID-CONTRACTUAL INVO;CIDECO_F11INT_05_Q;CIDECO_F11INT_05_LIM01_Q;"June 26, 2026";"June 27, 2026 12:00:00 AM";"June 27, 2026 12:00:00 AM";;Ended OK;limite horaire 00H00 CID si pb A00ON  ECO;W512_LIMITCID0200;Dummy;No;1;No;CTMSRV;CIDECO_F11INT_05_Q;root;;;3uz3l
CID-CONTRACTUAL INVO;CIDEXT_F11GEN_06_Q;CIDEXT_F11GEN_06_EXP01_Q;"June 26, 2026";"June 27, 2026 12:49:18 AM";"June 27, 2026 12:49:22 AM";;Ended OK;Prélèvement vers Next;Lance_INTERFACE.bat;Job;No;1;No;CTMSRV;CIDEXT_F11GEN_06_Q;svce_cm;wdkcidp13;A_W_CID13;3uz30
CID-CONTRACTUAL INVO;CIDEXT_F11GEN_06_Q;CIDEXT_F11GEN_06_Q;"June 26, 2026";"June 26, 2026 1:30:11 PM";"June 27, 2026 12:49:23 AM";;Ended OK;;;SMART Table;No;1;No;CTMSRV;CIDEXT_F11GEN_06_Q;;ldkctmp50;;3uz2z
CID-CONTRACTUAL INVO;CIDEXT_F12FLX_07_Q;CIDEXT_F12FLX_07_FWT03_Q;"June 26, 2026";"June 27, 2026 12:42:12 AM";"June 27, 2026 12:52:47 AM";0700;Ended OK;Scrutation fichier pilote fact couleur  & generation du zip sur NAS PFE;nFW_Fac_DOCAPOST.bat;Job;No;1;Yes;CTMSRV;CIDEXT_F12FLX_07_Q;svce_cm;wdkcidp12;A_W_CID12;3uz5c
CID-CONTRACTUAL INVO;CIDEXT_F13FLX_07_Q;CIDEXT_F13FLX_07_ARC01_Q;"June 26, 2026";"June 27, 2026 12:50:39 AM";"June 27, 2026 12:50:41 AM";;Ended OK;Archiver les fichiers EDI;CIDEXT_F13FLX_07_ARC01_Q.bat;Job;No;1;No;CTMSRV;CIDEXT_F13FLX_07_Q;svce_cm;wdkcidp12;A_W_CID12;3v0ht
CID-CONTRACTUAL INVO;CIDEXT_F13FLX_07_Q;CIDEXT_F13FLX_07_FWT01_Q;"June 26, 2026";"June 26, 2026 10:45:27 PM";"June 27, 2026 12:50:00 AM";0700;Ended OK;Scrutation du fichier FLAG;CIDEXT_F13FLX_07_FWT01_Q.bat;Job;No;2;Yes;CTMSRV;CIDEXT_F13FLX_07_Q;svce_cm;wdkcidp12;A_W_CID12;3v0hq
CID-CONTRACTUAL INVO;CIDEXT_F13FLX_07_Q;CIDEXT_F13FLX_07_MOV01_Q;"June 26, 2026";"June 27, 2026 12:50:35 AM";"June 27, 2026 12:50:38 AM";;Ended OK;Move de Factures_EDI_*.zip vers PFE;CIDEXT_F13FLX_07_MOV01_Q.bat;Job;No;1;No;CTMSRV;CIDEXT_F13FLX_07_Q;svce_cm;wdkcidp12;A_W_CID12;3v0hs
CID-CONTRACTUAL INVO;CIDEXT_F13FLX_07_Q;CIDEXT_F13FLX_07_PUR01_Q;"June 26, 2026";"June 27, 2026 12:50:42 AM";"June 27, 2026 12:52:12 AM";;Ended OK;Purge des fichiers EDI xml;CIDEXT_F13FLX_07_PUR01_Q.bat;Job;No;1;No;CTMSRV;CIDEXT_F13FLX_07_Q;svce_cm;wdkcidp12;A_W_CID12;3v0hu
CID-CONTRACTUAL INVO;CIDEXT_F13FLX_07_Q;CIDEXT_F13FLX_07_PUR02_Q;"June 26, 2026";"June 27, 2026 12:52:13 AM";"June 27, 2026 12:52:14 AM";;Ended OK;Purge des fichiers ZIP -15 jours;CIDEXT_F13FLX_07_PUR02_Q.bat;Job;No;1;No;CTMSRV;CIDEXT_F13FLX_07_Q;svce_cm;wdkcidp12;A_W_CID12;3v0hv
CID-CONTRACTUAL INVO;CIDEXT_F13FLX_07_Q;CIDEXT_F13FLX_07_ZIP01_Q;"June 26, 2026";"June 27, 2026 12:50:01 AM";"June 27, 2026 12:50:34 AM";;Ended OK;CID : Création du fichier Factures_EDI_aaaammjj.zip;CIDEXT_F13FLX_07_ZIP01_Q.bat;Job;No;1;No;CTMSRV;CIDEXT_F13FLX_07_Q;svce_cm;wdkcidp12;A_W_CID12;3v0hr
CID-CONTRACTUAL INVO;CIDEXT_F13GEN_06_Q;CIDEXT_F13GEN_06_CPY01_Q;"June 26, 2026";"June 26, 2026 8:00:56 PM";"June 26, 2026 8:00:58 PM";;Ended OK;Copie du fichier depuis le repertoire CID vers EAI;MOV_Generique_DKA.bat;Job;No;1;No;CTMSRV;CIDEXT_F13GEN_06_Q;svce_cm;wdkcidp13;A_W_CID13;3v0km
CID-CONTRACTUAL INVO;CIDEXT_F13GEN_06_Q;CIDEXT_F13GEN_06_EXP01_Q;"June 26, 2026";"June 26, 2026 8:00:00 PM";"June 26, 2026 8:00:56 PM";;Ended OK;Generation du fichier Lien partenaire Code D;Lance_INTERFACE.bat;Job;No;1;No;CTMSRV;CIDEXT_F13GEN_06_Q;svce_cm;wdkcidp13;A_W_CID13;3v0kl
CID-CONTRACTUAL INVO;CIDEXT_J11INT_05_Q;CIDEXT_J11INT_05_MOV01_Q;"June 26, 2026";"June 26, 2026 8:13:00 PM";"June 26, 2026 8:13:06 PM";;Ended OK;CID : deplacement ALADIN-TIF.ZIP depuis PFE;MOV_Generique_DKA.bat;Job;No;1;No;CTMSRV;CIDEXT_J11INT_05_Q;svce_cm;wdkcidp13;A_W_CID13;3v0dn
CID-CONTRACTUAL INVO;CIDEXT_J11INT_05_Q;CIDEXT_J11INT_05_Q;"June 26, 2026";"June 26, 2026 1:30:11 PM";"June 26, 2026 8:13:14 PM";;Ended OK;;;SMART Table;No;1;No;CTMSRV;CIDEXT_J11INT_05_Q;;ldkctmp50;;3v0dm
CID-CONTRACTUAL INVO;CIDEXT_J11INT_05_Q;CIDEXT_J11INT_05_TRT01_Q;"June 26, 2026";"June 26, 2026 8:13:10 PM";"June 26, 2026 8:13:13 PM";;Ended OK;CIDY : traitement permettant le transfert aladin_tif sur le NAS_EDF;DeplacementImage.bat;Job;No;1;No;CTMSRV;CIDEXT_J11INT_05_Q;svce_cm;wdkcidp13;A_W_CID13;3v0dp
CID-CONTRACTUAL INVO;CIDEXT_J11INT_05_Q;CIDEXT_J11INT_05_ZIP01_Q;"June 26, 2026";"June 26, 2026 8:13:06 PM";"June 26, 2026 8:13:09 PM";;Ended OK;CID : Decompression ALADIN-TIF.ZIP;DZIP_ALA_CID.bat;Job;No;1;No;CTMSRV;CIDEXT_J11INT_05_Q;svce_cm;wdkcidp13;A_W_CID13;3v0do
CID-CONTRACTUAL INVO;CIDEXT_J12INT_05_Q;CIDEXT_J12INT_05_FW01_Q;"June 26, 2026";"June 26, 2026 11:06:40 PM";"June 27, 2026 12:07:12 AM";0000;Wait for Event;CID : Scrutation du fichier CHORUS STATUTSSERENSIA.FAC02   de la  PFE au serveur CITY;FileWatcher.bat;Job;No;6;Yes;CTMSRV;CIDEXT_J12INT_05_Q;svce_cm;wdkcidp12;A_W_CID12;3v0j1
CID-CONTRACTUAL INVO;CIDEXT_J12INT_05_Q;CIDEXT_J12INT_05_FW02_Q;"June 26, 2026";"June 26, 2026 11:05:21 PM";"June 27, 2026 12:06:24 AM";0000;Wait for Event;CID : Scrutation du fichier CHORUS STATUTSSERENSIA.FAC02 pour intégration;FileWatcher.bat;Job;No;6;Yes;CTMSRV;CIDEXT_J12INT_05_Q;svce_cm;wdkcidp12;A_W_CID12;3v0j2
CID-CONTRACTUAL INVO;CIDEXT_J12INT_05_Q;CIDEXT_J12INT_05_IMP01_Q;"June 26, 2026";"June 26, 2026 7:01:02 PM";"June 26, 2026 7:01:09 PM";;Wait for Event;CID :integration  fchier  STATUTSSERENSIA.FAC02;ImportFluxRetourSerensia.bat;Job;No;1;Yes;CTMSRV;CIDEXT_J12INT_05_Q;svce_cm;wdkcidp12;A_W_CID12;3v0j0
CID-CONTRACTUAL INVO;CIDEXT_J12INT_05_Q;CIDEXT_J12INT_05_MOV01_Q;"June 26, 2026";"June 26, 2026 7:00:23 PM";"June 26, 2026 7:00:25 PM";0000;Wait for Event;CID : Transfert du fichier  STATUTSSERENSIA.FAC02   de la  PFE au serveur CID;MOVOUT_Generique_DKA.bat;Job;No;1;Yes;CTMSRV;CIDEXT_J12INT_05_Q;svce_cm;wdkcidp12;A_W_CID12;3v0iz
CID-CONTRACTUAL INVO;CIDGRT_F11INT_05_Q;CIDGRT_F11INT_05_CON01_Q;"June 26, 2026";"June 26, 2026 9:30:06 PM";"June 26, 2026 9:30:08 PM";;Ended OK;Controle du type de fichier recu et ren _ concat;CIDConcat.cmd;Job;No;1;No;CTMSRV;CIDGRT_F11INT_05_Q;svce_cm;wdkcidp13;A_W_CID13;3uzxw
CID-CONTRACTUAL INVO;CIDGRT_F11INT_05_Q;CIDGRT_F11INT_05_FWT01_Q;"June 26, 2026";"June 26, 2026 9:30:00 PM";"June 26, 2026 9:30:05 PM";;Ended OK;Scrutation du fichier CTGCID_QTEGST;FileWatcher_CID.bat;Job;No;1;No;CTMSRV;CIDGRT_F11INT_05_Q;svce_cm;wdkcidp13;A_W_CID13;3uzxv
CID-CONTRACTUAL INVO;CIDGRT_F11INT_05_Q;CIDGRT_F11INT_05_IMP01_Q;"June 26, 2026";"June 26, 2026 9:30:09 PM";"June 26, 2026 9:30:23 PM";;Ended OK;integ CTGCID_QTEGST  du fichier Donnees Gen;Lance_INTERFACE.bat;Job;No;1;No;CTMSRV;CIDGRT_F11INT_05_Q;svce_cm;wdkcidp13;A_W_CID13;3uzxx
CID-CONTRACTUAL INVO;CIDHYP_B12GEN_06_P;CIDHYP_B12GEN_06_EXP01_P;"June 26, 2026";"June 27, 2026 12:06:24 AM";"June 27, 2026 1:15:25 AM";;Ended OK;G10 interface extraction budget des ventes;Lance_INTERFACE.bat;Job;No;1;No;CTMSRV;CIDHYP_B12GEN_06_P;svce_cm;wdkcidp13;A_W_CID13;3uzec
CID-CONTRACTUAL INVO;CIDHYP_B12GEN_06_P;CIDHYP_B12GEN_06_EXP02_P;"June 26, 2026";"June 27, 2026 1:15:26 AM";"June 27, 2026 1:15:27 AM";;Ended OK;G10 interface extraction budget des achats;Lance_INTERFACE.bat;Job;No;1;No;CTMSRV;CIDHYP_B12GEN_06_P;svce_cm;wdkcidp13;A_W_CID13;3uzed
CID-CONTRACTUAL INVO;CIDHYP_B12GEN_06_P;CIDHYP_B12GEN_06_MOV01_P;"June 26, 2026";"June 27, 2026 1:15:26 AM";"June 27, 2026 1:15:28 AM";;Ended OK;CID Deplacement du Budget previsionnel vers PFE;MOV_Generique_DKA.bat;Job;No;1;No;CTMSRV;CIDHYP_B12GEN_06_P;svce_cm;wdkcidp13;A_W_CID13;3uzee
CID-CONTRACTUAL INVO;CIDHYP_B12GEN_06_P;CIDHYP_B12GEN_06_MOV02_P;"June 26, 2026";"June 27, 2026 1:15:27 AM";"June 27, 2026 1:15:27 AM";;Ended OK;CID Deplacement du fichier de controle budget previsionnel vers PFE;MOV_Generique_DKA.bat;Dummy;No;1;No;CTMSRV;CIDHYP_B12GEN_06_P;svce_cm;;A_W_CID13;3uzef
CID-CONTRACTUAL INVO;CIDHYP_B12GEN_06_P;CIDHYP_B12GEN_06_MOV03_P;"June 26, 2026";"June 27, 2026 1:15:26 AM";"June 27, 2026 1:15:28 AM";;Ended OK;CID Deplacement du Controle du Budget Previsionnel vers PFE pour Hyperion;MOV_Generique_DKA.bat;Job;No;1;No;CTMSRV;CIDHYP_B12GEN_06_P;svce_cm;wdkcidp13;A_W_CID13;3uzeg
CID-CONTRACTUAL INVO;CIDMDM_J11TRT_04_Q;CIDMDM_J11TRT_04_WRK01_Q;"June 26, 2026";"June 27, 2026 12:49:18 AM";"June 27, 2026 12:50:48 AM";;Ended OK;CID : Batch appel du WS de MDM360 pour envoyer les maj des contrats;lance_Traitement_Interne.bat;Job;No;1;No;CTMSRV;CIDMDM_J11TRT_04_Q;svce_cm;wdkcidp12;A_W_CID12;3v0ei
CID-CONTRACTUAL INVO;CIDMEC_F11INT_05_Q;CIDMEC_F11INT_05_IMP01_Q;"June 26, 2026";"June 27, 2026 12:42:14 AM";"June 27, 2026 12:48:35 AM";;Ended OK;Integration du Fichier ContratTop;Lance_INTERFACE.bat;Job;No;1;No;CTMSRV;CIDMEC_F11INT_05_Q;svce_cm;wdkcidp13;A_W_CID13;3uzry
CID-CONTRACTUAL INVO;CIDMEC_F11INT_05_Q;CIDMEC_F11INT_05_Q;"June 26, 2026";"June 26, 2026 1:30:11 PM";"June 27, 2026 12:49:18 AM";;Ended OK;;;SMART Table;No;1;No;CTMSRV;CIDMEC_F11INT_05_Q;;ldkctmp50;;3uzrx
CID-CONTRACTUAL INVO;CIDMEC_F11INT_05_Q;CIDMEC_F11INT_05_WRK01_Q;"June 26, 2026";"June 27, 2026 12:48:36 AM";"June 27, 2026 12:49:17 AM";;Ended OK;Migration formule;lance_Traitement_Interne.bat;Job;No;1;No;CTMSRV;CIDMEC_F11INT_05_Q;svce_cm;wdkcidp12;A_W_CID12;3uzrz
CID-CONTRACTUAL INVO;CIDNRJ_B11INT_05_P;CIDNRJ_B11INT_05_FW01_P;"June 26, 2026";"June 26, 2026 7:00:00 PM";"June 26, 2026 8:00:20 PM";;Ended Not OK;CID : Scrutation du fichier BUDGETENERGY_xml de la PFE au serveur CID;FileWatcher.bat;Job;No;1;No;CTMSRV;CIDNRJ_B11INT_05_P;svce_cm;wdkcidp13;A_W_CID13;3uzdo
CID-CONTRACTUAL INVO;CIDNRJ_B11INT_05_P;CIDNRJ_B11INT_05_FW02_P;"June 26, 2026";"June 26, 2026 7:00:00 PM";"June 26, 2026 8:00:07 PM";;Ended Not OK;CID : Scrutation du fichier BUDGETENERGY_xml depuis serveur CID;FileWatcher.bat;Job;No;1;No;CTMSRV;CIDNRJ_B11INT_05_P;svce_cm;wdkcidp13;A_W_CID13;3uzdp
CID-CONTRACTUAL INVO;CIDNRJ_B11INT_05_P;CIDNRJ_B11INT_05_IMP01_P;"June 26, 2026";;;;Wait for Event;CONTRACTUAL INVO : Intégration du fichier BUDGETENERGY_xml dans CID;lance_INTERFACE.bat;Job;No;0;No;CTMSRV;CIDNRJ_B11INT_05_P;svce_cm;A_W_CID13;A_W_CID13;3uzdn
CID-CONTRACTUAL INVO;CIDNRJ_B11INT_05_P;CIDNRJ_B11INT_05_MOV01_P;"June 26, 2026";;;;Wait for Event;CID : Deplacement du fichier BUDGETENERGY_xml depuis le NAS EDF;MOV_Multi_Generique_DKA.bat;Job;No;0;No;CTMSRV;CIDNRJ_B11INT_05_P;svce_cm;A_W_CID13;A_W_CID13;3uzdm
CID-CONTRACTUAL INVO;CIDNRJ_B11INT_05_P;CIDNRJ_B11INT_05_P;"June 26, 2026";"June 26, 2026 7:00:00 PM";;0000;Executing;SEE FAC02: Gestion du flux BUDGETENERGY;;SMART Table;No;1;No;CTMSRV;CIDNRJ_B11INT_05_P;;ldkctmp50;;3uzdl
CID-CONTRACTUAL INVO;CIDNRJ_F11INT_05_Q;CIDNRJ_F11INT_05_CON01_Q;"June 26, 2026";"June 27, 2026 12:00:07 AM";"June 27, 2026 12:00:09 AM";;Ended OK;Controle du type de fichier recu et ren _ concat;CIDConcat.cmd;Job;No;1;No;CTMSRV;CIDNRJ_F11INT_05_Q;svce_cm;wdkcidp13;A_W_CID13;3v080
CID-CONTRACTUAL INVO;CIDNRJ_F11INT_05_Q;CIDNRJ_F11INT_05_FWT01_Q;"June 26, 2026";"June 27, 2026 12:00:01 AM";"June 27, 2026 12:00:07 AM";;Ended OK;Scrutation du fichier;FileWatcher_CID.bat;Job;No;1;No;CTMSRV;CIDNRJ_F11INT_05_Q;svce_cm;wdkcidp13;A_W_CID13;3v07z
CID-CONTRACTUAL INVO;CIDNRJ_F11INT_05_Q;CIDNRJ_F11INT_05_IMP01_Q;"June 26, 2026";"June 27, 2026 12:00:09 AM";"June 27, 2026 12:00:18 AM";;Ended OK;integration ene_station   du fichier L00YL_NF;Lance_INTERFACE.bat;Job;No;1;No;CTMSRV;CIDNRJ_F11INT_05_Q;svce_cm;wdkcidp13;A_W_CID13;3v081
CID-CONTRACTUAL INVO;CIDNRJ_F12INT_05_Q;CIDNRJ_F12INT_05_CON01_Q;"June 26, 2026";"June 27, 2026 12:00:09 AM";"June 27, 2026 12:00:11 AM";;Ended OK;Controle du type de fichier recu et ren _ concat;CIDConcat.cmd;Job;No;1;No;CTMSRV;CIDNRJ_F12INT_05_Q;svce_cm;wdkcidp13;A_W_CID13;3v154
CID-CONTRACTUAL INVO;CIDNRJ_F12INT_05_Q;CIDNRJ_F12INT_05_FWT01_Q;"June 26, 2026";"June 27, 2026 12:00:01 AM";"June 27, 2026 12:00:07 AM";;Ended OK;Scrutation du fichier;FileWatcher_CID.bat;Job;No;1;No;CTMSRV;CIDNRJ_F12INT_05_Q;svce_cm;wdkcidp13;A_W_CID13;3v153
CID-CONTRACTUAL INVO;CIDNRJ_F12INT_05_Q;CIDNRJ_F12INT_05_IMP01_Q;"June 26, 2026";"June 27, 2026 12:00:12 AM";"June 27, 2026 12:00:18 AM";;Ended OK;integration ene_station   du fichier L00YM_NF_*;Lance_INTERFACE.bat;Job;No;1;No;CTMSRV;CIDNRJ_F12INT_05_Q;svce_cm;wdkcidp13;A_W_CID13;3v155
CID-CONTRACTUAL INVO;CIDNRJ_J11INT_05_Q;CIDNRJ_J11INT_05_FW01_Q;"June 26, 2026";"June 26, 2026 7:00:00 PM";"June 26, 2026 7:00:07 PM";;Ended OK;CID : Scrutation du fichier PATRIMOINEENERGYde la PFE au serveur CID;FileWatcher.bat;Job;No;1;No;CTMSRV;CIDNRJ_J11INT_05_Q;svce_cm;wdkcidp13;A_W_CID13;3v18g
CID-CONTRACTUAL INVO;CIDNRJ_J11INT_05_Q;CIDNRJ_J11INT_05_FW02_Q;"June 26, 2026";"June 26, 2026 7:00:00 PM";"June 26, 2026 7:01:07 PM";;Ended OK;CID : Scrutation du fichier CEFM_.*xmll de la PFE au serveur CID;FileWatcher.bat;Job;No;1;No;CTMSRV;CIDNRJ_J11INT_05_Q;svce_cm;wdkcidp13;A_W_CID13;3v18h
CID-CONTRACTUAL INVO;CIDNRJ_J11INT_05_Q;CIDNRJ_J11INT_05_FW03_Q;"June 26, 2026";"June 26, 2026 7:00:01 PM";"June 26, 2026 7:00:08 PM";;Ended OK;CID : Scrutation du fichier EVENEMENTSENERGY de la PFE au serveur CID (20h30);FileWatcher.bat;Job;No;1;No;CTMSRV;CIDNRJ_J11INT_05_Q;svce_cm;wdkcidp13;A_W_CID13;3v18i
CID-CONTRACTUAL INVO;CIDNRJ_J11INT_05_Q;CIDNRJ_J11INT_05_FW04_Q;"June 26, 2026";"June 26, 2026 7:00:00 PM";"June 26, 2026 7:01:08 PM";;Ended OK;CID : Scrutation du fichier EVENEMENTSENERGY de la PFE au serveur CID;FileWatcher.bat;Job;No;1;No;CTMSRV;CIDNRJ_J11INT_05_Q;svce_cm;wdkcidp13;A_W_CID13;3v18j
CID-CONTRACTUAL INVO;CIDNRJ_J11INT_05_Q;CIDNRJ_J11INT_05_FW05_Q;"June 26, 2026";"June 26, 2026 10:30:00 PM";"June 26, 2026 11:10:32 PM";;Ended OK;CID : Scrutation du fichier EVENEMENTSENERGY de la PFE au serveur CID (22h45);FileWatcher.bat;Job;No;1;No;CTMSRV;CIDNRJ_J11INT_05_Q;svce_cm;wdkcidp13;A_W_CID13;3v18l
CID-CONTRACTUAL INVO;CIDNRJ_J11INT_05_Q;CIDNRJ_J11INT_05_FW06_Q;"June 26, 2026";"June 26, 2026 10:30:00 PM";"June 26, 2026 11:11:06 PM";;Ended OK;CID : Scrutation du fichier EVENEMENTSENERGY de la PFE au serveur CID;FileWatcher.bat;Job;No;1;No;CTMSRV;CIDNRJ_J11INT_05_Q;svce_cm;wdkcidp13;A_W_CID13;3v18n
CID-CONTRACTUAL INVO;CIDNRJ_J11INT_05_Q;CIDNRJ_J11INT_05_IMP01_Q;"June 26, 2026";"June 26, 2026 7:30:00 PM";"June 26, 2026 7:33:26 PM";;Ended OK;CONTRACTUAL INVO : Intégration du fichier PATRIMOINEENERGY dans CID;lance_INTERFACE.bat;Job;No;1;No;CTMSRV;CIDNRJ_J11INT_05_Q;svce_cm;wdkcidp13;A_W_CID13;3v18c
CID-CONTRACTUAL INVO;CIDNRJ_J11INT_05_Q;CIDNRJ_J11INT_05_IMP02_Q;"June 26, 2026";"June 26, 2026 8:30:00 PM";"June 26, 2026 9:14:44 PM";;Ended OK;CONTRACTUAL INVO : Intégration du fichier EVENEMENTSENERGY dans CID (20h30);lance_INTERFACE.bat;Job;No;1;No;CTMSRV;CIDNRJ_J11INT_05_Q;svce_cm;wdkcidp13;A_W_CID13;3v18f
CID-CONTRACTUAL INVO;CIDNRJ_J11INT_05_Q;CIDNRJ_J11INT_05_IMP03_Q;"June 26, 2026";"June 26, 2026 11:11:06 PM";"June 26, 2026 11:28:06 PM";;Ended OK;CONTRACTUAL INVO : Intégration du fichier EVENEMENTSENERGY dans CID (22h45);lance_INTERFACE.bat;Job;No;1;No;CTMSRV;CIDNRJ_J11INT_05_Q;svce_cm;wdkcidp13;A_W_CID13;3v18k
CID-CONTRACTUAL INVO;CIDNRJ_J11INT_05_Q;CIDNRJ_J11INT_05_MOV01_Q;"June 26, 2026";"June 26, 2026 7:00:07 PM";"June 26, 2026 7:00:10 PM";;Ended OK;CID : Deplacement du fichier PATRIMOINEENERGY_*.xml depuis le NAS EDF;MOV_Multi_Generique_DKA.bat;Job;No;1;No;CTMSRV;CIDNRJ_J11INT_05_Q;svce_cm;wdkcidp13;A_W_CID13;3v18d
CID-CONTRACTUAL INVO;CIDNRJ_J11INT_05_Q;CIDNRJ_J11INT_05_MOV02_Q;"June 26, 2026";"June 26, 2026 7:00:08 PM";"June 26, 2026 7:00:10 PM";;Ended OK;CID : Deplacement du fichier EVENEMENTSENERGY_*.xml depuis le NAS EDF (20h30);MOV_Multi_Generique_DKA.bat;Job;No;1;No;CTMSRV;CIDNRJ_J11INT_05_Q;svce_cm;wdkcidp13;A_W_CID13;3v18e
CID-CONTRACTUAL INVO;CIDNRJ_J11INT_05_Q;CIDNRJ_J11INT_05_MOV03_Q;"June 26, 2026";"June 26, 2026 11:10:33 PM";"June 26, 2026 11:10:34 PM";;Ended OK;CID : Deplacement du fichier EVENEMENTSENERGY_*.xml depuis le NAS EDF (22h45);MOV_Multi_Generique_DKA.bat;Job;No;1;No;CTMSRV;CIDNRJ_J11INT_05_Q;svce_cm;wdkcidp13;A_W_CID13;3v18m
CID-CONTRACTUAL INVO;CIDNRJ_J11INT_05_Q;CIDNRJ_J11INT_05_Q;"June 26, 2026";"June 26, 2026 7:00:00 PM";"June 26, 2026 11:28:07 PM";;Ended OK;SEE FAC02: Gestion des flux PATRIMOINEENERGY et EVENEMENTSENERGY;;SMART Table;No;1;No;CTMSRV;CIDNRJ_J11INT_05_Q;;ldkctmp50;;3v18b
CID-CONTRACTUAL INVO;CIDOAP_F11GEN_06_M;CIDOAP_F11GEN_06_EXP04_M;"June 26, 2026";"June 26, 2026 5:01:41 PM";"June 26, 2026 5:25:00 PM";;Ended OK;G8  Extraction PAR en journee  (Mensuel L2);BATCH_Generique_DKA.bat;Job;No;1;No;CTMSRV;CIDOAP_F11GEN_06_M;svce_cm;wdkcidp12;A_W_CID12;3v0yw
CID-CONTRACTUAL INVO;CIDOAP_F11GEN_06_M;CIDOAP_F11GEN_06_MOV01_M;"June 26, 2026";"June 26, 2026 5:25:01 PM";"June 26, 2026 5:25:04 PM";;Ended OK;CID : Deplacement des fichiers donnees Ecritures GL vers EAI (PAR/CAP);MOV_Generique_DKA.bat;Job;No;1;No;CTMSRV;CIDOAP_F11GEN_06_M;svce_cm;wdkcidp12;A_W_CID12;3v0yv
CID-CONTRACTUAL INVO;CIDOAP_F11GEN_06_M;CIDOAP_F11GEN_06_MOV02_M;"June 26, 2026";"June 26, 2026 5:25:04 PM";"June 26, 2026 5:25:08 PM";;Ended OK;CID : Deplacement des fichiers donnees Ecritures GL vers EAI (PAR/CAP);MOV_Generique_DKA.bat;Job;No;1;No;CTMSRV;CIDOAP_F11GEN_06_M;svce_cm;wdkcidp12;A_W_CID12;3v0yx
CID-CONTRACTUAL INVO;CIDOAP_F11GEN_06_Q;CIDOAP_F11GEN_06_EXP01_Q;"June 26, 2026";"June 27, 2026 12:49:18 AM";"June 27, 2026 12:54:31 AM";;Ended OK;CID Export des ecritures comptables AR;BATCH_Generique_DKA.bat;Job;No;1;No;CTMSRV;CIDOAP_F11GEN_06_Q;svce_cm;wdkcidp12;A_W_CID12;3v02v
CID-CONTRACTUAL INVO;CIDOAP_F11GEN_06_Q;CIDOAP_F11GEN_06_EXP02_Q;"June 26, 2026";"June 27, 2026 12:54:32 AM";"June 27, 2026 12:55:05 AM";;Ended OK;CID Export des ecritures comptables AP;BATCH_Generique_DKA.bat;Job;No;1;No;CTMSRV;CIDOAP_F11GEN_06_Q;svce_cm;wdkcidp12;A_W_CID12;3v02w
CID-CONTRACTUAL INVO;CIDOAP_F11GEN_06_Q;CIDOAP_F11GEN_06_EXP03_Q;"June 26, 2026";"June 27, 2026 12:55:05 AM";"June 27, 2026 12:56:04 AM";;Ended OK;CID Export des ecritures comptables GL (Individuelle);BATCH_Generique_DKA.bat;Job;No;1;No;CTMSRV;CIDOAP_F11GEN_06_Q;svce_cm;wdkcidp12;A_W_CID12;3v02x
CID-CONTRACTUAL INVO;CIDOAP_F11GEN_06_Q;CIDOAP_F11GEN_06_MOV01_Q;"June 26, 2026";"June 27, 2026 12:54:32 AM";"June 27, 2026 12:54:34 AM";;Ended OK;CID : Deplacement des fichiers donnees Ecritures AR vers EAI;MOV_Generique_DKA.bat;Job;No;1;No;CTMSRV;CIDOAP_F11GEN_06_Q;svce_cm;wdkcidp12;A_W_CID12;3v02y
CID-CONTRACTUAL INVO;CIDOAP_F11GEN_06_Q;CIDOAP_F11GEN_06_MOV02_Q;"June 26, 2026";"June 27, 2026 12:54:34 AM";"June 27, 2026 12:54:36 AM";;Ended OK;CID : Deplacement des fichiers donnees Ecritures AR vers EAI;MOV_Generique_DKA.bat;Job;No;1;No;CTMSRV;CIDOAP_F11GEN_06_Q;svce_cm;wdkcidp12;A_W_CID12;3v02z
CID-CONTRACTUAL INVO;CIDOAP_F11GEN_06_Q;CIDOAP_F11GEN_06_MOV03_Q;"June 26, 2026";"June 27, 2026 12:55:05 AM";"June 27, 2026 12:55:07 AM";;Ended OK;CID : Deplacement des fichiers donnees Ecritures AP vers EAI;MOV_Generique_DKA.bat;Job;No;1;No;CTMSRV;CIDOAP_F11GEN_06_Q;svce_cm;wdkcidp12;A_W_CID12;3v030
CID-CONTRACTUAL INVO;CIDOAP_F11GEN_06_Q;CIDOAP_F11GEN_06_MOV04_Q;"June 26, 2026";"June 27, 2026 1:17:22 AM";"June 27, 2026 1:17:28 AM";;Ended OK;CID : Deplacement des fichiers donnees Ecritures AP vers EAI;MOV_Generique_DKA.bat;Job;No;1;No;CTMSRV;CIDOAP_F11GEN_06_Q;svce_cm;wdkcidp12;A_W_CID12;3v031
CID-CONTRACTUAL INVO;CIDOAP_F11GEN_06_Q;CIDOAP_F11GEN_06_MOV05_Q;"June 26, 2026";"June 27, 2026 12:56:47 AM";"June 27, 2026 12:56:52 AM";;Ended OK;CID : Deplacement des fichiers donnees Ecritures GL vers EAI (Individuelle);MOV_Generique_DKA.bat;Job;No;1;No;CTMSRV;CIDOAP_F11GEN_06_Q;svce_cm;wdkcidp12;A_W_CID12;3v032
CID-CONTRACTUAL INVO;CIDOAP_F11GEN_06_Q;CIDOAP_F11GEN_06_MOV06_Q;"June 26, 2026";"June 27, 2026 12:56:53 AM";"June 27, 2026 12:56:55 AM";;Ended OK;CID : Deplacement des fichiers donnees Ecritures GL vers EAI (Individuelle);MOV_Generique_DKA.bat;Job;No;1;No;CTMSRV;CIDOAP_F11GEN_06_Q;svce_cm;wdkcidp12;A_W_CID12;3v033
CID-CONTRACTUAL INVO;CIDOAP_F11GEN_06_Q;CIDOAP_F11GEN_06_Q;"June 26, 2026";"June 26, 2026 1:30:11 PM";"June 27, 2026 1:17:29 AM";;Ended OK;;;SMART Table;No;1;No;CTMSRV;CIDOAP_F11GEN_06_Q;;ldkctmp50;;3v02u
CID-CONTRACTUAL INVO;CIDPEL_F11GEN_06_Q;CIDPEL_F11GEN_06_CPY01_Q;"June 26, 2026";"June 27, 2026 1:22:57 AM";"June 27, 2026 1:22:58 AM";;Ended OK;G9 DTR  PEL facturation - copie local du fichier PEC_FACTURE;Copy_CID_local.bat;Job;No;1;No;CTMSRV;CIDPEL_F11GEN_06_Q;svce_cm;wdkcidp13;A_W_CID13;3v117
CID-CONTRACTUAL INVO;CIDPEL_F11GEN_06_Q;CIDPEL_F11GEN_06_EXP01_Q;"June 26, 2026";"June 27, 2026 12:56:05 AM";"June 27, 2026 1:01:40 AM";;Ended OK;G9 DTR  PEL contrat prestation;Lance_INTERFACE.bat;Job;No;1;No;CTMSRV;CIDPEL_F11GEN_06_Q;svce_cm;wdkcidp13;A_W_CID13;3v10v
CID-CONTRACTUAL INVO;CIDPEL_F11GEN_06_Q;CIDPEL_F11GEN_06_EXP02_Q;"June 26, 2026";"June 27, 2026 1:01:41 AM";"June 27, 2026 1:02:33 AM";;Ended OK;G9 DTR  PEL Affaire;Lance_INTERFACE.bat;Job;No;1;No;CTMSRV;CIDPEL_F11GEN_06_Q;svce_cm;wdkcidp13;A_W_CID13;3v10w
CID-CONTRACTUAL INVO;CIDPEL_F11GEN_06_Q;CIDPEL_F11GEN_06_EXP03_Q;"June 26, 2026";"June 27, 2026 1:02:33 AM";"June 27, 2026 1:04:47 AM";;Ended OK;G9 DTR  PEL FCP COMPTEUR;Lance_INTERFACE.bat;Job;No;1;No;CTMSRV;CIDPEL_F11GEN_06_Q;svce_cm;wdkcidp13;A_W_CID13;3v10x
CID-CONTRACTUAL INVO;CIDPEL_F11GEN_06_Q;CIDPEL_F11GEN_06_EXP04_Q;"June 26, 2026";"June 27, 2026 1:04:48 AM";"June 27, 2026 1:06:17 AM";;Ended OK;G9 DTR  PEL indice de revision;Lance_INTERFACE.bat;Job;No;1;No;CTMSRV;CIDPEL_F11GEN_06_Q;svce_cm;wdkcidp13;A_W_CID13;3v10y
CID-CONTRACTUAL INVO;CIDPEL_F11GEN_06_Q;CIDPEL_F11GEN_06_EXP05_Q;"June 26, 2026";"June 27, 2026 1:06:18 AM";"June 27, 2026 1:22:56 AM";;Ended OK;G9 DTR  PEL facturation;Lance_INTERFACE.bat;Job;No;1;No;CTMSRV;CIDPEL_F11GEN_06_Q;svce_cm;wdkcidp13;A_W_CID13;3v10z
CID-CONTRACTUAL INVO;CIDPEL_F11GEN_06_Q;CIDPEL_F11GEN_06_EXP07_Q;"June 26, 2026";"June 27, 2026 1:22:57 AM";"June 27, 2026 1:25:13 AM";;Ended OK;G9 DTR  PEL Interessement;Lance_INTERFACE.bat;Job;No;1;No;CTMSRV;CIDPEL_F11GEN_06_Q;svce_cm;wdkcidp13;A_W_CID13;3v110
CID-CONTRACTUAL INVO;CIDPEL_F11GEN_06_Q;CIDPEL_F11GEN_06_EXP08_Q;"June 26, 2026";"June 27, 2026 1:25:14 AM";"June 27, 2026 1:25:19 AM";;Ended OK;G9 DTR  PEL valeur Indice;Lance_INTERFACE.bat;Job;No;1;No;CTMSRV;CIDPEL_F11GEN_06_Q;svce_cm;wdkcidp13;A_W_CID13;3v111
CID-CONTRACTUAL INVO;CIDPEL_F11GEN_06_Q;CIDPEL_F11GEN_06_EXP09_Q;"June 26, 2026";"June 27, 2026 1:25:20 AM";"June 27, 2026 1:25:30 AM";;Ended OK;G9 DTR  PEL Utilisateur;Lance_INTERFACE.bat;Job;No;1;No;CTMSRV;CIDPEL_F11GEN_06_Q;svce_cm;wdkcidp13;A_W_CID13;3v112
CID-CONTRACTUAL INVO;CIDPEL_F11GEN_06_Q;CIDPEL_F11GEN_06_EXP10_Q;"June 26, 2026";"June 27, 2026 1:25:31 AM";"June 27, 2026 1:25:42 AM";;Ended OK;G9 DTR  PEL BAPC;Lance_INTERFACE.bat;Job;No;1;No;CTMSRV;CIDPEL_F11GEN_06_Q;svce_cm;wdkcidp13;A_W_CID13;3v113
CID-CONTRACTUAL INVO;CIDPEL_F11GEN_06_Q;CIDPEL_F11GEN_06_EXP11_Q;"June 26, 2026";"June 27, 2026 1:25:43 AM";"June 27, 2026 1:25:54 AM";;Ended OK;G9 DTR  PEL Instances;Lance_INTERFACE.bat;Job;No;1;No;CTMSRV;CIDPEL_F11GEN_06_Q;svce_cm;wdkcidp13;A_W_CID13;3v114
CID-CONTRACTUAL INVO;CIDPEL_F11GEN_06_Q;CIDPEL_F11GEN_06_EXP12_Q;"June 26, 2026";"June 27, 2026 1:25:55 AM";"June 27, 2026 1:26:03 AM";;Ended OK;G9 DTR  PEL lignes Instances;Lance_INTERFACE.bat;Job;No;1;No;CTMSRV;CIDPEL_F11GEN_06_Q;svce_cm;wdkcidp13;A_W_CID13;3v115
CID-CONTRACTUAL INVO;CIDPEL_F11GEN_06_Q;CIDPEL_F11GEN_06_EXP13_Q;"June 26, 2026";"June 27, 2026 1:26:04 AM";"June 27, 2026 1:26:06 AM";;Ended OK;G9 DTR  PEL BUDGET des ventes;Lance_INTERFACE.bat;Job;No;1;No;CTMSRV;CIDPEL_F11GEN_06_Q;svce_cm;wdkcidp13;A_W_CID13;3v116
CID-CONTRACTUAL INVO;CIDPEL_F11GEN_06_Q;CIDPEL_F11GEN_06_MOV01_Q;"June 26, 2026";"June 27, 2026 1:22:59 AM";"June 27, 2026 1:23:00 AM";;Ended OK;CID :Transfert du fichier PEL FACTURE depuis CID pour FAC02.FACTURATIONCID;MOV_Multi_Generique_DKA.bat;Job;No;1;No;CTMSRV;CIDPEL_F11GEN_06_Q;svce_cm;wdkcidp13;A_W_CID13;3v118
CID-CONTRACTUAL INVO;CIDPEL_F11GEN_06_Q;CIDPEL_F11GEN_06_Q;"June 26, 2026";"June 26, 2026 1:30:11 PM";"June 27, 2026 1:26:07 AM";;Ended OK;;;SMART Table;No;1;No;CTMSRV;CIDPEL_F11GEN_06_Q;;ldkctmp50;;3v10u
CID-CONTRACTUAL INVO;CIDPRN_J11GEN_06_Q;CIDPRN_J11GEN_06_EXP01_Q;"June 26, 2026";"June 27, 2026 12:49:18 AM";"June 27, 2026 12:49:20 AM";;Ended OK;CID : G6 interface extraction indice revision  P2 P3;Lance_INTERFACE.bat;Job;No;1;No;CTMSRV;CIDPRN_J11GEN_06_Q;svce_cm;wdkcidp13;A_W_CID13;3v15h
CID-CONTRACTUAL INVO;CIDPRN_J11INT_05_Q;CIDPRN_J11INT_05_IMP01_Q;"June 26, 2026";"June 27, 2026 12:00:01 AM";"June 27, 2026 12:00:26 AM";;Ended OK;CID Integration des avis reçu pendant la journee;Lance_INTERFACE.bat;Job;No;1;No;CTMSRV;CIDPRN_J11INT_05_Q;svce_cm;wdkcidp13;A_W_CID13;3uz7e
CID-CONTRACTUAL INVO;CIDSIC_F11GEN_06_Q;CIDSIC_F11GEN_06_EXP01_Q;"June 26, 2026";"June 27, 2026 12:49:18 AM";"June 27, 2026 12:49:32 AM";;Ended OK;G4 interface extraction contrat1;Lance_INTERFACE.bat;Job;No;1;No;CTMSRV;CIDSIC_F11GEN_06_Q;svce_cm;wdkcidp13;A_W_CID13;3v0f2
CID-CONTRACTUAL INVO;CIDSIC_F11GEN_06_Q;CIDSIC_F11GEN_06_EXP02_Q;"June 26, 2026";"June 27, 2026 12:49:33 AM";"June 27, 2026 12:49:44 AM";;Ended OK;G4 interface extraction contrat2;Lance_INTERFACE.bat;Job;No;1;No;CTMSRV;CIDSIC_F11GEN_06_Q;svce_cm;wdkcidp13;A_W_CID13;3v0f3
CID-CONTRACTUAL INVO;CIDSIC_F11GEN_06_Q;CIDSIC_F11GEN_06_EXP03_Q;"June 26, 2026";"June 27, 2026 12:49:45 AM";"June 27, 2026 12:49:58 AM";;Ended OK;G4 interface extraction contrat3;Lance_INTERFACE.bat;Job;No;1;No;CTMSRV;CIDSIC_F11GEN_06_Q;svce_cm;wdkcidp13;A_W_CID13;3v0f4
CID-CONTRACTUAL INVO;CIDSIC_F11GEN_06_Q;CIDSIC_F11GEN_06_EXP05_Q;"June 26, 2026";"June 27, 2026 12:49:58 AM";"June 27, 2026 12:50:13 AM";;Ended OK;G4 interface extraction contrat5;Lance_INTERFACE.bat;Job;No;1;No;CTMSRV;CIDSIC_F11GEN_06_Q;svce_cm;wdkcidp13;A_W_CID13;3v0f5
CID-CONTRACTUAL INVO;CIDSIC_F11GEN_06_Q;CIDSIC_F11GEN_06_Q;"June 26, 2026";"June 26, 2026 1:30:11 PM";"June 27, 2026 12:50:13 AM";;Ended OK;;;SMART Table;No;1;No;CTMSRV;CIDSIC_F11GEN_06_Q;;ldkctmp50;;3v0f1
CIT-CITY;CITCID_J11INT_05_Q;CITCID_J11INT_05_CPY01_Q;"June 26, 2026";"June 27, 2026 1:00:07 AM";"June 27, 2026 1:00:10 AM";;Ended OK;Copie du fichier liens projet-partenaire de PFE vers repertoire donnees entrantes CITY;Copy_EAI_CIT.bat;Job;No;1;No;CTMSRV;CITCID_J11INT_05_Q;svce_cm;wdkcitp12;A_W_CIT12;3uzsj
CIT-CITY;CITCID_J11INT_05_Q;CITCID_J11INT_05_FWT01_Q;"June 26, 2026";"June 27, 2026 1:00:00 AM";"June 27, 2026 1:00:06 AM";;Ended OK;CITY Scrutation du fichier LienPartenaireProjet_yyyyMMdd.csv sur PFE;FileWatcher.bat;Job;No;1;No;CTMSRV;CITCID_J11INT_05_Q;svce_cm;wdkcitp12;A_W_CIT12;3uzsi
CIT-CITY;CITCID_J11INT_05_Q;CITCID_J11INT_05_IMP01_Q;"June 26, 2026";"June 27, 2026 1:00:11 AM";"June 27, 2026 1:00:32 AM";;Ended OK;Integration donnees du fichier lien code D-client dans l'application CITY;lance_Traitement_Interne.bat;Job;No;1;No;CTMSRV;CITCID_J11INT_05_Q;adm-citbatch;wdkcitp12;A_W_CIT12;3uzsk
CIT-CITY;CITCIT_E11STP_01_Q;CITCIT_E11STP_01_ARR01_Q;"June 26, 2026";"June 26, 2026 7:00:00 PM";"June 26, 2026 7:00:09 PM";;Ended OK;ARRET  city : STOP  (WDKCITP11);application.stop.bat;Job;No;1;No;CTMSRV;CITCIT_E11STP_01_Q;svce_cm;wdkcitp11;A_W_CIT11;3v0gy
CIT-CITY;CITCIT_E11STR_02_Q;CITCIT_E11STR_02_DEM01_Q;"June 26, 2026";"June 27, 2026 6:00:00 AM";"June 27, 2026 6:00:04 AM";;Ended OK;DEMMARAGE city: START (WDKCITP11);application.start.bat;Job;No;1;No;CTMSRV;CITCIT_E11STR_02_Q;svce_cm;wdkcitp11;A_W_CIT11;3uz99
CIT-CITY;CITCIT_J11TEC_04_Q;CITCIT_J11TEC_04_DEB01_Q;"June 26, 2026";"June 27, 2026 1:00:00 AM";"June 27, 2026 1:00:00 AM";;Ended OK;Jalon de demarrage 01h00 de la production CITY;Jalon de demarrage 01h00 de la production CITY;Dummy;No;1;No;CTMSRV;CITCIT_J11TEC_04_Q;svce_cm;;;3v12v
CIT-CITY;CITCIT_J11TRT_04_Q;CITCIT_J11TRT_04_WRK01_Q;"June 26, 2026";"June 27, 2026 1:00:34 AM";"June 27, 2026 1:08:46 AM";;Ended OK;CITY Numerotation des factures validees;lance_Traitement_Interne.bat;Job;No;1;No;CTMSRV;CITCIT_J11TRT_04_Q;adm-citbatch;wdkcitp12;A_W_CIT12;3v186
CIT-CITY;CITCIT_J12TEC_04_Q;CITCIT_J12TEC_04_FJA01_Q;"June 26, 2026";"June 27, 2026 1:00:33 AM";"June 27, 2026 1:00:33 AM";;Ended OK;CITY Fin des interfaces ENTRANTES;CITY Fin des interfaces ENTRANTES;Dummy;No;1;No;CTMSRV;CITCIT_J12TEC_04_Q;svce_cm;;;3uz5m
CIT-CITY;CITCIT_J12TRT_04_Q;CITCIT_J12TRT_04_WRK01_Q;"June 26, 2026";"June 27, 2026 1:08:47 AM";"June 27, 2026 1:15:18 AM";;Ended OK;CITY Production des fichiers pdf pour les factures precedemment numerotees;lance_Traitement_Interne.bat;Job;No;1;No;CTMSRV;CITCIT_J12TRT_04_Q;adm-citbatch;wdkcitp12;A_W_CIT12;3uzz5
CIT-CITY;CITCIT_J13TEC_04_Q;CITCIT_J13TEC_04_DEB01_Q;"June 26, 2026";"June 27, 2026 1:15:18 AM";"June 27, 2026 1:15:18 AM";;Ended OK;CITY Debut des sortants Docapost et amonts;CITY Debut des sortants Docapost et amonts;Dummy;No;1;No;CTMSRV;CITCIT_J13TEC_04_Q;svce_cm;;;3uzop
CIT-CITY;CITCIT_J14TEC_04_Q;CITCIT_J14TEC_04_DEB01_Q;"June 26, 2026";"June 27, 2026 1:08:47 AM";"June 27, 2026 1:08:47 AM";;Ended OK;CITY Debut des sortants compta et décisionnel;CITY Debut des sortants compta et décisionnel;Dummy;No;1;No;CTMSRV;CITCIT_J14TEC_04_Q;svce_cm;;;3v0y3
CIT-CITY;CITCIT_J15TEC_04_Q;CITCIT_J15TEC_04_FJA01_Q;"June 26, 2026";"June 27, 2026 1:18:43 AM";"June 27, 2026 1:18:43 AM";;Ended OK;CITY Fin des interfaces SORTANTES;CITY Fin des interfaces SORTANTES;Dummy;No;1;No;CTMSRV;CITCIT_J15TEC_04_Q;svce_cm;;;3uz8p
CIT-CITY;CITCIT_J16TEC_04_Q;CITCIT_J16TEC_04_FJA01_Q;"June 26, 2026";"June 27, 2026 1:18:44 AM";"June 27, 2026 1:18:44 AM";;Ended OK;CITY Jalon de fin de la production;CITY Jalon de fin de la production;Dummy;No;1;No;CTMSRV;CITCIT_J16TEC_04_Q;svce_cm;;;3v12q
CIT-CITY;CITEXT_J11GEN_06_Q;CITEXT_J11GEN_06_CPY02_Q;"June 26, 2026";"June 27, 2026 1:17:35 AM";"June 27, 2026 1:17:40 AM";;Ended OK;CITY Deplacement du fichier Factures_EDI_travaux_aaaammjj.zip vers NAS;CITEXT_J11GEN_06_CPY02_Q.bat;Job;No;1;No;CTMSRV;CITEXT_J11GEN_06_Q;svce_cm;wdkcitp12;A_W_CIT12;3v0hh
CIT-CITY;CITEXT_J11GEN_06_Q;CITEXT_J11GEN_06_WRK01_Q;"June 26, 2026";"June 27, 2026 1:15:20 AM";"June 27, 2026 1:17:11 AM";;Ended OK;CITY Generation du fichier pilote;lance_Traitement_Interne.bat;Job;No;1;No;CTMSRV;CITEXT_J11GEN_06_Q;adm-citbatch;wdkcitp12;A_W_CIT12;3v0hf
CIT-CITY;CITEXT_J11GEN_06_Q;CITEXT_J11GEN_06_ZIP02_Q;"June 26, 2026";"June 27, 2026 1:17:11 AM";"June 27, 2026 1:17:35 AM";;Ended OK;CITY Creation du fichier Factures_EDI_travaux_aaaammjj.zip;CITEXT_J11GEN_06_ZIP02_Q.bat;Job;No;1;No;CTMSRV;CITEXT_J11GEN_06_Q;svce_cm;wdkcitp12;A_W_CIT12;3v0hg
CIT-CITY;CITEXT_J12INT_05_Q;CITEXT_J12INT_05_IMP01_Q;"June 26, 2026";"June 26, 2026 7:00:06 PM";"June 26, 2026 7:00:29 PM";;Ended OK;CITY: Integration fichier STATUTSSERENSIA.FAC02;FluxRetourSerensia.bat;Job;No;1;No;CTMSRV;CITEXT_J12INT_05_Q;svce_cm;wdkcitp12;A_W_CIT12;3uzi9
CIT-CITY;CITEXT_J12INT_05_Q;CITEXT_J12INT_05_MOV01_Q;"June 26, 2026";"June 26, 2026 7:00:00 PM";"June 26, 2026 7:00:05 PM";0000;Ended OK;CITY : Transfert du fichier  STATUTSSERENSIA.HEF01 de la PFE vers le serveur CITY;MOVOUT_Generique_DKA.bat;Job;No;1;No;CTMSRV;CITEXT_J12INT_05_Q;svce_cm;wdkcitp12;A_W_CIT12;3uzi8
CIT-CITY;CITOAF_J11GEN_06_Q;CITOAF_J11GEN_06_MOV01_Q;"June 26, 2026";"June 27, 2026 1:09:28 AM";"June 27, 2026 1:09:31 AM";;Ended OK;CITY : Deplacement des fichiers donnees Ecritures AR vers EAI;MOV_Generique_DKA.bat;Job;No;1;No;CTMSRV;CITOAF_J11GEN_06_Q;svce_cm;wdkcitp12;A_W_CIT12;3v0r6
CIT-CITY;CITOAF_J11GEN_06_Q;CITOAF_J11GEN_06_MOV02_Q;"June 26, 2026";"June 27, 2026 1:09:31 AM";"June 27, 2026 1:09:34 AM";;Ended OK;CITY : Deplacement des fichiers controle Ecritures AR vers EAI;MOV_Generique_DKA.bat;Job;No;1;No;CTMSRV;CITOAF_J11GEN_06_Q;svce_cm;wdkcitp12;A_W_CIT12;3v0r7
CIT-CITY;CITOAF_J11GEN_06_Q;CITOAF_J11GEN_06_MOV03_Q;"June 26, 2026";"June 27, 2026 1:09:43 AM";"June 27, 2026 1:09:46 AM";;Ended OK;CITY : Deplacement des fichiers donnees Ecritures AP vers EAI;MOV_Generique_DKA.bat;Job;No;1;No;CTMSRV;CITOAF_J11GEN_06_Q;svce_cm;wdkcitp12;A_W_CIT12;3v0r8
CIT-CITY;CITOAF_J11GEN_06_Q;CITOAF_J11GEN_06_MOV04_Q;"June 26, 2026";"June 27, 2026 1:09:46 AM";"June 27, 2026 1:09:49 AM";;Ended OK;CITY : Deplacement des fichiers controle Ecritures AP vers EAI;MOV_Generique_DKA.bat;Job;No;1;No;CTMSRV;CITOAF_J11GEN_06_Q;svce_cm;wdkcitp12;A_W_CIT12;3v0r9
CIT-CITY;CITOAF_J11GEN_06_Q;CITOAF_J11GEN_06_WRK01_Q;"June 26, 2026";"June 27, 2026 1:08:47 AM";"June 27, 2026 1:09:27 AM";;Ended OK;CITY Generation des fichiers pour la compta Vente (AR);lance_Traitement_Interne.bat;Job;No;1;No;CTMSRV;CITOAF_J11GEN_06_Q;adm-citbatch;wdkcitp12;A_W_CIT12;3v0ra
CIT-CITY;CITOAF_J11GEN_06_Q;CITOAF_J11GEN_06_WRK02_Q;"June 26, 2026";"June 27, 2026 1:09:28 AM";"June 27, 2026 1:09:42 AM";;Ended OK;CITY Generation des fichiers pour la compta Achat (AP);lance_Traitement_Interne.bat;Job;No;1;No;CTMSRV;CITOAF_J11GEN_06_Q;adm-citbatch;wdkcitp12;A_W_CIT12;3v0r5
CIT-CITY;CITOAF_J11INT_05_Q;CITOAF_J11INT_05_IMP01_Q;"June 26, 2026";"June 27, 2026 2:00:01 AM";"June 27, 2026 2:00:01 AM";;Ended OK;Integration donnees du fichier societe dans l'application CITY;lance_Traitement_Interne.bat;Dummy;No;1;No;CTMSRV;CITOAF_J11INT_05_Q;adm-citbatch;;A_W_CIT12;3uzxq
CIT-CITY;CITOAF_J11INT_05_Q;CITOAF_J11INT_05_MOV01_Q;"June 26, 2026";"June 27, 2026 2:00:00 AM";"June 27, 2026 2:00:00 AM";;Ended OK;CITY Deplacement du fichier societe de l'EAI vers repertoire donnees entrantes;MOV_REN_Generique_DKA.bat;Dummy;No;1;No;CTMSRV;CITOAF_J11INT_05_Q;svce_cm;;A_W_CIT12;3uzxp
CIT-CITY;CITPEL_J11GEN_06_Q;CITPEL_J11GEN_06_CPY01_Q;"June 26, 2026";"June 27, 2026 1:11:09 AM";"June 27, 2026 1:11:16 AM";;Ended OK;CITY Copie des fichiers DOSSIER pour les applications amont;MOV_REN_Generique_DKA.bat;Job;No;1;No;CTMSRV;CITPEL_J11GEN_06_Q;adm-citbatch;wdkcitp12;A_W_CIT12;3uzbi
CIT-CITY;CITPEL_J11GEN_06_Q;CITPEL_J11GEN_06_CPY02_Q;"June 26, 2026";"June 27, 2026 1:11:09 AM";"June 27, 2026 1:11:12 AM";;Ended OK;CITY Copie des fichiers DEVIS pour les applications amont;MOV_REN_Generique_DKA.bat;Job;No;1;No;CTMSRV;CITPEL_J11GEN_06_Q;adm-citbatch;wdkcitp12;A_W_CIT12;3uzbj
CIT-CITY;CITPEL_J11GEN_06_Q;CITPEL_J11GEN_06_CPY03_Q;"June 26, 2026";"June 27, 2026 1:11:09 AM";"June 27, 2026 1:11:12 AM";;Ended OK;CITY Copie des fichiers FACTURE pour les applications amont;MOV_REN_Generique_DKA.bat;Job;No;1;No;CTMSRV;CITPEL_J11GEN_06_Q;adm-citbatch;wdkcitp12;A_W_CIT12;3uzbk
CIT-CITY;CITPEL_J11GEN_06_Q;CITPEL_J11GEN_06_CPY04_Q;"June 26, 2026";"June 27, 2026 1:11:17 AM";"June 27, 2026 1:11:19 AM";;Ended OK;CITY Copie des fichiers CTL DOSSIER pour les applications amont;MOV_REN_Generique_DKA.bat;Job;No;1;No;CTMSRV;CITPEL_J11GEN_06_Q;adm-citbatch;wdkcitp12;A_W_CIT12;3uzbl
CIT-CITY;CITPEL_J11GEN_06_Q;CITPEL_J11GEN_06_CPY05_Q;"June 26, 2026";"June 27, 2026 1:11:13 AM";"June 27, 2026 1:11:16 AM";;Ended OK;CITY Copie des fichiers CTL DEVIS pour les applications amont;MOV_REN_Generique_DKA.bat;Job;No;1;No;CTMSRV;CITPEL_J11GEN_06_Q;adm-citbatch;wdkcitp12;A_W_CIT12;3uzbm
CIT-CITY;CITPEL_J11GEN_06_Q;CITPEL_J11GEN_06_CPY06_Q;"June 26, 2026";"June 27, 2026 1:11:13 AM";"June 27, 2026 1:11:16 AM";;Ended OK;CITY Copie des fichiers CTL FACTURE pour les applications amont;MOV_REN_Generique_DKA.bat;Job;No;1;No;CTMSRV;CITPEL_J11GEN_06_Q;adm-citbatch;wdkcitp12;A_W_CIT12;3uzbn
CIT-CITY;CITPEL_J11GEN_06_Q;CITPEL_J11GEN_06_WRK01_Q;"June 26, 2026";"June 27, 2026 1:09:50 AM";"June 27, 2026 1:11:08 AM";;Ended OK;CITY Generation des fichiers pour les applications amont;lance_Traitement_Interne.bat;Job;No;1;No;CTMSRV;CITPEL_J11GEN_06_Q;adm-citbatch;wdkcitp12;A_W_CIT12;3uzbh
CIT-CITY;CITXXX_J11FLX_07_Q;CITXXX_J11FLX_07_FTP01_Q;"June 26, 2026";"June 27, 2026 1:17:40 AM";"June 27, 2026 1:18:07 AM";;Ended OK;CITY Copie des fichiers pdf vers le serveur de fichier EAI;lance_Traitement_Interne.bat;Job;No;1;No;CTMSRV;CITXXX_J11FLX_07_Q;svce_cm;wdkcitp12;A_W_CIT12;3uzkq
CIT-CITY;CITXXX_J11GEN_06_Q;CITXXX_J11GEN_06_CPY01_Q;"June 26, 2026";"June 27, 2026 1:18:40 AM";"June 27, 2026 1:18:42 AM";;Ended OK;CITY Copie du fichier xml facture vers PFE;MOV_Generique_DKA.bat;Job;No;1;No;CTMSRV;CITXXX_J11GEN_06_Q;svce_cm;wdkcitp12;A_W_CIT12;3v03k
CIT-CITY;CITXXX_J11GEN_06_Q;CITXXX_J11GEN_06_WRK01_Q;"June 26, 2026";"June 27, 2026 1:18:08 AM";"June 27, 2026 1:18:39 AM";;Ended OK;CITY Generation du fichier xml facture pour les amonts devis;lance_Traitement_Interne.bat;Job;No;1;No;CTMSRV;CITXXX_J11GEN_06_Q;svce_cm;wdkcitp12;A_W_CIT12;3v03j
CIT-CITY;CITXXX_J11TEC_07_Q;CITXXX_J11TEC_07_ARC01_Q;"June 26, 2026";"June 27, 2026 1:17:40 AM";"June 27, 2026 1:17:42 AM";;Ended OK;Archivage du fichier Factures_EDI_travaux_*.zip;CITXXX_J11TEC_07_ARC01_Q.bat;Job;No;1;No;CTMSRV;CITXXX_J11TEC_07_Q;svce_cm;wdkcitp12;A_W_CIT12;3v18t
CIT-CITY;CITXXX_J11TEC_07_Q;CITXXX_J11TEC_07_PUR01_Q;"June 26, 2026";"June 27, 2026 1:17:43 AM";"June 27, 2026 1:18:36 AM";;Ended OK;Purge de fichier .pdf .txt;CITXXX_J11TEC_07_PUR01_Q.bat;Job;No;1;No;CTMSRV;CITXXX_J11TEC_07_Q;svce_cm;wdkcitp12;A_W_CIT12;3v18s
CIT-CITY;CITXXX_J11TEC_07_Q;CITXXX_J11TEC_07_PUR02_Q;"June 26, 2026";"June 27, 2026 1:18:37 AM";"June 27, 2026 1:18:38 AM";;Ended OK;Purge de fichier zip;CITXXX_J11TEC_07_PUR02_Q.bat;Job;No;1;No;CTMSRV;CITXXX_J11TEC_07_Q;svce_cm;wdkcitp12;A_W_CIT12;3v18u
CRT-CRT;CRTCRT_E21TEC_V1_Q;CRTCRT_E21TEC_V1_PUR01_Q;"June 26, 2026";"June 26, 2026 3:00:00 PM";"June 26, 2026 3:00:11 PM";;Ended OK;Purge des logs;PURGE_FICHIER.exe;Job;No;1;No;CTMSRV;CRTCRT_E21TEC_V1_Q;crtuser;wdkcrtv1p03;wdkcrtv1p03;3v0jp
CRT-CRT;CRTCRT_E21TEC_V1_Q;CRTCRT_E21TEC_V1_Q;"June 26, 2026";"June 26, 2026 1:30:11 PM";"June 26, 2026 3:00:11 PM";;Ended OK;Chaine de purge  des logs sur le serveur WDKMOSVP03;;SMART Table;No;1;No;CTMSRV;CRTCRT_E21TEC_V1_Q;;ldkctmp50;;3v0jo
CRT-CRT;CRTCRT_E21TEC_XX_Q;CRTCRT_E21TEC_XX_ARC01_Q;"June 26, 2026";"June 27, 2026 6:30:00 AM";"June 27, 2026 6:30:01 AM";;Wait for Event;Archivage des logs;Archivage_Logs_BridgeClient.bat;Job;No;18;Yes;CTMSRV;CRTCRT_E21TEC_XX_Q;crtuser;wdkcrtbcp03;wdkcrtbcp03;3uzd0
CRT-CRT;CRTCRT_E21TEC_XX_Q;CRTCRT_E21TEC_XX_ARC01_Q;"June 26, 2026";"June 27, 2026 6:30:00 AM";"June 27, 2026 6:30:01 AM";;Wait for Event;Archivage des logs;Archivage_Logs_BridgeClient.bat;Job;No;18;Yes;CTMSRV;CRTCRT_E21TEC_XX_Q;crtuser;wdkcrttdp01;wdkcrttdp01;3uzd5
CRT-CRT;CRTCRT_E21TEC_XX_Q;CRTCRT_E21TEC_XX_ARC01_Q;"June 26, 2026";"June 27, 2026 6:30:00 AM";"June 27, 2026 6:30:01 AM";;Wait for Event;Archivage des logs;Archivage_Logs_BridgeClient.bat;Job;No;18;Yes;CTMSRV;CRTCRT_E21TEC_XX_Q;crtuser;wdkcrttdp02;wdkcrttdp02;3uzd6
CRT-CRT;CRTCRT_E21TEC_XX_Q;CRTCRT_E21TEC_XX_ARC01_Q;"June 26, 2026";"June 27, 2026 6:30:00 AM";"June 27, 2026 6:30:01 AM";;Wait for Event;Archivage des logs;Archivage_Logs_BridgeClient.bat;Job;No;18;Yes;CTMSRV;CRTCRT_E21TEC_XX_Q;crtuser;wdkcrttmp01;wdkcrttmp01;3uzdc
CRT-CRT;CRTCRT_E21TEC_XX_Q;CRTCRT_E21TEC_XX_ARC01_Q;"June 26, 2026";"June 27, 2026 6:30:00 AM";"June 27, 2026 6:30:01 AM";;Wait for Event;Archivage des logs;Archivage_Logs_BridgeClient.bat;Job;No;18;Yes;CTMSRV;CRTCRT_E21TEC_XX_Q;crtuser;wdkcrttmp02;wdkcrttmp02;3uzdd
CRT-CRT;CRTCRT_E21TEC_XX_Q;CRTCRT_E21TEC_XX_ARC01_Q;"June 26, 2026";"June 27, 2026 6:30:00 AM";"June 27, 2026 6:30:01 AM";;Wait for Event;Archivage des logs;Archivage_Logs_BridgeClient.bat;Job;No;18;Yes;CTMSRV;CRTCRT_E21TEC_XX_Q;crtuser;wdkcrttmp03;wdkcrttmp03;3uzde
CRT-CRT;CRTCRT_E21TEC_XX_Q;CRTCRT_E21TEC_XX_ARC01_Q;"June 26, 2026";"June 27, 2026 6:30:00 AM";"June 27, 2026 6:30:01 AM";;Wait for Event;Archivage des logs;Archivage_Logs_BridgeClient.bat;Job;No;18;Yes;CTMSRV;CRTCRT_E21TEC_XX_Q;crtuser;wdkcrttmp04;wdkcrttmp04;3uzdf
CRT-CRT;CRTCRT_E21TEC_XX_Q;CRTCRT_E21TEC_XX_ARC01_Q;"June 26, 2026";"June 27, 2026 6:30:00 AM";"June 27, 2026 6:30:01 AM";;Wait for Event;Archivage des logs;Archivage_Logs_BridgeClient.bat;Job;No;18;Yes;CTMSRV;CRTCRT_E21TEC_XX_Q;crtuser;wdkcrttmp05;wdkcrttmp05;3uzdg
CRT-CRT;CRTCRT_E21TEC_XX_Q;CRTCRT_E21TEC_XX_ARC01_Q;"June 26, 2026";"June 27, 2026 6:30:00 AM";"June 27, 2026 6:30:02 AM";;Wait for Event;Archivage des logs;Archivage_Logs_BridgeClient.bat;Job;No;18;Yes;CTMSRV;CRTCRT_E21TEC_XX_Q;crtuser;wdkcrtbcp01;wdkcrtbcp01;3uzcy
CRT-CRT;CRTCRT_E21TEC_XX_Q;CRTCRT_E21TEC_XX_ARC01_Q;"June 26, 2026";"June 27, 2026 6:30:00 AM";"June 27, 2026 6:30:02 AM";;Wait for Event;Archivage des logs;Archivage_Logs_BridgeClient.bat;Job;No;18;Yes;CTMSRV;CRTCRT_E21TEC_XX_Q;crtuser;wdkcrtbcp02;wdkcrtbcp02;3uzcz
CRT-CRT;CRTCRT_E21TEC_XX_Q;CRTCRT_E21TEC_XX_ARC01_Q;"June 26, 2026";"June 27, 2026 6:30:00 AM";"June 27, 2026 6:30:02 AM";;Wait for Event;Archivage des logs;Archivage_Logs_BridgeClient.bat;Job;No;18;Yes;CTMSRV;CRTCRT_E21TEC_XX_Q;crtuser;wdkcrtbcp04;wdkcrtbcp04;3uzd1
CRT-CRT;CRTCRT_E21TEC_XX_Q;CRTCRT_E21TEC_XX_ARC01_Q;"June 26, 2026";"June 27, 2026 6:30:00 AM";"June 27, 2026 6:30:02 AM";;Wait for Event;Archivage des logs;Archivage_Logs_BridgeClient.bat;Job;No;18;Yes;CTMSRV;CRTCRT_E21TEC_XX_Q;crtuser;wdkcrttdp03;wdkcrttdp03;3uzd7
CRT-CRT;CRTCRT_E21TEC_XX_Q;CRTCRT_E21TEC_XX_ARC01_Q;"June 26, 2026";"June 27, 2026 6:30:00 AM";"June 27, 2026 6:30:02 AM";;Wait for Event;Archivage des logs;Archivage_Logs_BridgeClient.bat;Job;No;18;Yes;CTMSRV;CRTCRT_E21TEC_XX_Q;crtuser;wdkcrttdp05;wdkcrttdp05;3uzd9
CRT-CRT;CRTCRT_E21TEC_XX_Q;CRTCRT_E21TEC_XX_ARC01_Q;"June 26, 2026";"June 27, 2026 6:30:00 AM";"June 27, 2026 6:30:02 AM";;Wait for Event;Archivage des logs;Archivage_Logs_BridgeClient.bat;Job;No;18;Yes;CTMSRV;CRTCRT_E21TEC_XX_Q;crtuser;wdkcrttdp06;wdkcrttdp06;3uzda
CRT-CRT;CRTCRT_E21TEC_XX_Q;CRTCRT_E21TEC_XX_ARC01_Q;"June 26, 2026";"June 27, 2026 6:30:00 AM";"June 27, 2026 6:30:05 AM";;Wait for Event;Archivage des logs;Archivage_Logs_BridgeClient.bat;Job;No;18;Yes;CTMSRV;CRTCRT_E21TEC_XX_Q;crtuser;wdkcrttdp04;wdkcrttdp04;3uzd8
CRT-CRT;CRTCRT_E21TEC_XX_Q;CRTCRT_E21TEC_XX_ARC01_Q;"June 26, 2026";"June 27, 2026 6:30:00 AM";"June 27, 2026 6:30:06 AM";;Wait for Event;Archivage des logs;Archivage_Logs_BridgeClient.bat;Job;No;18;Yes;CTMSRV;CRTCRT_E21TEC_XX_Q;crtuser;wdkcrttcp01;wdkcrttcp01;3uzd2
CRT-CRT;CRTCRT_E21TEC_XX_Q;CRTCRT_E21TEC_XX_ARC01_Q;"June 26, 2026";"June 27, 2026 6:30:00 AM";"June 27, 2026 6:30:06 AM";;Wait for Event;Archivage des logs;Archivage_Logs_BridgeClient.bat;Job;No;18;Yes;CTMSRV;CRTCRT_E21TEC_XX_Q;crtuser;wdkcrttcp02;wdkcrttcp02;3uzd3
CRT-CRT;CRTCRT_E21TEC_XX_Q;CRTCRT_E21TEC_XX_ARC01_Q;"June 26, 2026";"June 27, 2026 6:30:00 AM";"June 27, 2026 6:30:06 AM";;Wait for Event;Archivage des logs;Archivage_Logs_BridgeClient.bat;Job;No;18;Yes;CTMSRV;CRTCRT_E21TEC_XX_Q;crtuser;wdkcrttcp03;wdkcrttcp03;3uzd4
CRT-CRT;CRTCRT_E21TEC_XX_Q;CRTCRT_E21TEC_XX_ARC01_Q;"June 26, 2026";"June 27, 2026 6:30:00 AM";"June 27, 2026 6:30:06 AM";;Wait for Event;Archivage des logs;Archivage_Logs_BridgeClient.bat;Job;No;18;Yes;CTMSRV;CRTCRT_E21TEC_XX_Q;crtuser;wdkcrttgp01;wdkcrttgp01;3uzdb
CRT-CRT;CRTCRT_E21TEC_XX_Q;CRTCRT_E21TEC_XX_PUR01_Q;"June 26, 2026";"June 27, 2026 7:00:00 AM";"June 27, 2026 7:00:02 AM";;Ended OK;Purge des logs;PURGE_FICHIER.exe;Job;No;1;No;CTMSRV;CRTCRT_E21TEC_XX_Q;crtuser;wdkcrttdp03;wdkcrttdp03;3uzcj
CRT-CRT;CRTCRT_E21TEC_XX_Q;CRTCRT_E21TEC_XX_PUR01_Q;"June 26, 2026";"June 27, 2026 7:00:00 AM";"June 27, 2026 7:00:04 AM";;Ended OK;Purge des logs;PURGE_FICHIER.exe;Job;No;1;No;CTMSRV;CRTCRT_E21TEC_XX_Q;crtuser;wdkcrtg2p01;wdkcrtg2p01;3uzcb
CRT-CRT;CRTCRT_E21TEC_XX_Q;CRTCRT_E21TEC_XX_PUR01_Q;"June 26, 2026";"June 27, 2026 7:00:00 AM";"June 27, 2026 7:00:04 AM";;Ended OK;Purge des logs;PURGE_FICHIER.exe;Job;No;1;No;CTMSRV;CRTCRT_E21TEC_XX_Q;crtuser;wdkcrttdp01;wdkcrttdp01;3uzch
CRT-CRT;CRTCRT_E21TEC_XX_Q;CRTCRT_E21TEC_XX_PUR01_Q;"June 26, 2026";"June 27, 2026 7:00:00 AM";"June 27, 2026 7:00:05 AM";;Ended OK;Purge des logs;PURGE_FICHIER.exe;Job;No;1;No;CTMSRV;CRTCRT_E21TEC_XX_Q;crtuser;wdkcrtg2p02;wdkcrtg2p02;3uzcc
CRT-CRT;CRTCRT_E21TEC_XX_Q;CRTCRT_E21TEC_XX_PUR01_Q;"June 26, 2026";"June 27, 2026 7:00:00 AM";"June 27, 2026 7:00:06 AM";;Ended OK;Purge des logs;PURGE_FICHIER.exe;Job;No;1;No;CTMSRV;CRTCRT_E21TEC_XX_Q;crtuser;wdkcrtbcp03;wdkcrtbcp03;3uzc4
CRT-CRT;CRTCRT_E21TEC_XX_Q;CRTCRT_E21TEC_XX_PUR01_Q;"June 26, 2026";"June 27, 2026 7:00:00 AM";"June 27, 2026 7:00:07 AM";;Ended OK;Purge des logs;PURGE_FICHIER.exe;Job;No;1;No;CTMSRV;CRTCRT_E21TEC_XX_Q;crtuser;wdkcrtwbp03;wdkcrtwbp03;3uzcx
CRT-CRT;CRTCRT_E21TEC_XX_Q;CRTCRT_E21TEC_XX_PUR01_Q;"June 26, 2026";"June 27, 2026 7:00:00 AM";"June 27, 2026 7:00:08 AM";;Ended OK;Purge des logs;PURGE_FICHIER.exe;Job;No;1;No;CTMSRV;CRTCRT_E21TEC_XX_Q;crtuser;wdkcrtbcp04;wdkcrtbcp04;3uzc5
CRT-CRT;CRTCRT_E21TEC_XX_Q;CRTCRT_E21TEC_XX_PUR01_Q;"June 26, 2026";"June 27, 2026 7:00:00 AM";"June 27, 2026 7:00:08 AM";;Ended OK;Purge des logs;PURGE_FICHIER.exe;Job;No;1;No;CTMSRV;CRTCRT_E21TEC_XX_Q;crtuser;wdkcrttdp02;wdkcrttdp02;3uzci
CRT-CRT;CRTCRT_E21TEC_XX_Q;CRTCRT_E21TEC_XX_PUR01_Q;"June 26, 2026";"June 27, 2026 7:00:00 AM";"June 27, 2026 7:00:08 AM";;Ended OK;Purge des logs;PURGE_FICHIER.exe;Job;No;1;No;CTMSRV;CRTCRT_E21TEC_XX_Q;crtuser;wdkcrttdp04;wdkcrttdp04;3uzck
CRT-CRT;CRTCRT_E21TEC_XX_Q;CRTCRT_E21TEC_XX_PUR01_Q;"June 26, 2026";"June 27, 2026 7:00:00 AM";"June 27, 2026 7:00:08 AM";;Ended OK;Purge des logs;PURGE_FICHIER.exe;Job;No;1;No;CTMSRV;CRTCRT_E21TEC_XX_Q;crtuser;wdkcrtwbp02;wdkcrtwbp02;3uzcw
CRT-CRT;CRTCRT_E21TEC_XX_Q;CRTCRT_E21TEC_XX_PUR01_Q;"June 26, 2026";"June 27, 2026 7:00:00 AM";"June 27, 2026 7:00:09 AM";;Ended OK;Purge des logs;PURGE_FICHIER.exe;Job;No;1;No;CTMSRV;CRTCRT_E21TEC_XX_Q;crtuser;wdkcrtbgp01;wdkcrtbgp01;3uzc7
CRT-CRT;CRTCRT_E21TEC_XX_Q;CRTCRT_E21TEC_XX_PUR01_Q;"June 26, 2026";"June 27, 2026 7:00:00 AM";"June 27, 2026 7:00:11 AM";;Ended OK;Purge des logs;PURGE_FICHIER.exe;Job;No;1;No;CTMSRV;CRTCRT_E21TEC_XX_Q;crtuser;wdkcrttdp06;wdkcrttdp06;3uzcm
CRT-CRT;CRTCRT_E21TEC_XX_Q;CRTCRT_E21TEC_XX_PUR01_Q;"June 26, 2026";"June 27, 2026 7:00:00 AM";"June 27, 2026 7:00:12 AM";;Ended OK;Purge des logs;PURGE_FICHIER.exe;Job;No;1;No;CTMSRV;CRTCRT_E21TEC_XX_Q;crtuser;wdkcrtecp01;wdkcrtecp01;3uzc8
CRT-CRT;CRTCRT_E21TEC_XX_Q;CRTCRT_E21TEC_XX_PUR01_Q;"June 26, 2026";"June 27, 2026 7:00:00 AM";"June 27, 2026 7:00:13 AM";;Ended OK;Purge des logs;PURGE_FICHIER.exe;Job;No;1;No;CTMSRV;CRTCRT_E21TEC_XX_Q;crtuser;wdkcrtbcp02;wdkcrtbcp02;3uzc3
CRT-CRT;CRTCRT_E21TEC_XX_Q;CRTCRT_E21TEC_XX_PUR01_Q;"June 26, 2026";"June 27, 2026 7:00:00 AM";"June 27, 2026 7:00:13 AM";;Ended OK;Purge des logs;PURGE_FICHIER.exe;Job;No;1;No;CTMSRV;CRTCRT_E21TEC_XX_Q;crtuser;wdkcrtecp02;wdkcrtecp02;3uzc9
CRT-CRT;CRTCRT_E21TEC_XX_Q;CRTCRT_E21TEC_XX_PUR01_Q;"June 26, 2026";"June 27, 2026 7:00:00 AM";"June 27, 2026 7:00:13 AM";;Ended OK;Purge des logs;PURGE_FICHIER.exe;Job;No;1;No;CTMSRV;CRTCRT_E21TEC_XX_Q;crtuser;wdkcrttdp05;wdkcrttdp05;3uzcl
CRT-CRT;CRTCRT_E21TEC_XX_Q;CRTCRT_E21TEC_XX_PUR01_Q;"June 26, 2026";"June 27, 2026 7:00:00 AM";"June 27, 2026 7:00:15 AM";;Ended OK;Purge des logs;PURGE_FICHIER.exe;Job;No;1;No;CTMSRV;CRTCRT_E21TEC_XX_Q;crtuser;wdkcrtbcp05;wdkcrtbcp05;3uzc6
CRT-CRT;CRTCRT_E21TEC_XX_Q;CRTCRT_E21TEC_XX_PUR01_Q;"June 26, 2026";"June 27, 2026 7:00:00 AM";"June 27, 2026 7:00:17 AM";;Ended OK;Purge des logs;PURGE_FICHIER.exe;Job;No;1;No;CTMSRV;CRTCRT_E21TEC_XX_Q;crtuser;wdkcrtbcp01;wdkcrtbcp01;3uzc2
CRT-CRT;CRTCRT_E21TEC_XX_Q;CRTCRT_E21TEC_XX_PUR01_Q;"June 26, 2026";"June 27, 2026 7:00:00 AM";"June 27, 2026 7:00:54 AM";;Ended OK;Purge des logs;PURGE_FICHIER.exe;Job;No;1;No;CTMSRV;CRTCRT_E21TEC_XX_Q;crtuser;wdkcrttcp03;wdkcrttcp03;3uzcg
CRT-CRT;CRTCRT_E21TEC_XX_Q;CRTCRT_E21TEC_XX_PUR01_Q;"June 26, 2026";"June 27, 2026 7:00:00 AM";;;Ended Not OK;Purge des logs;PURGE_FICHIER.exe;Job;No;1;No;CTMSRV;CRTCRT_E21TEC_XX_Q;crtuser;wdkcrtinp01;wdkcrtinp01;3uzcd
CRT-CRT;CRTCRT_E21TEC_XX_Q;CRTCRT_E21TEC_XX_PUR01_Q;"June 26, 2026";"June 27, 2026 7:00:00 AM";;;Ended Not OK;Purge des logs;PURGE_FICHIER.exe;Job;No;1;No;CTMSRV;CRTCRT_E21TEC_XX_Q;crtuser;wdkcrttcp02;wdkcrttcp02;3uzcf
CRT-CRT;CRTCRT_E21TEC_XX_Q;CRTCRT_E21TEC_XX_PUR01_Q;"June 26, 2026";"June 27, 2026 7:00:00 AM";;;Ended Not OK;Purge des logs;PURGE_FICHIER.exe;Job;No;1;No;CTMSRV;CRTCRT_E21TEC_XX_Q;crtuser;wdkcrttgp01;wdkcrttgp01;3uzcn
CRT-CRT;CRTCRT_E21TEC_XX_Q;CRTCRT_E21TEC_XX_PUR01_Q;"June 26, 2026";"June 27, 2026 7:00:00 AM";;;Ended Not OK;Purge des logs;PURGE_FICHIER.exe;Job;No;1;No;CTMSRV;CRTCRT_E21TEC_XX_Q;crtuser;wdkcrttmp01;wdkcrttmp01;3uzco
CRT-CRT;CRTCRT_E21TEC_XX_Q;CRTCRT_E21TEC_XX_PUR01_Q;"June 26, 2026";"June 27, 2026 7:00:00 AM";;;Ended Not OK;Purge des logs;PURGE_FICHIER.exe;Job;No;1;No;CTMSRV;CRTCRT_E21TEC_XX_Q;crtuser;wdkcrttmp02;wdkcrttmp02;3uzcp
CRT-CRT;CRTCRT_E21TEC_XX_Q;CRTCRT_E21TEC_XX_PUR01_Q;"June 26, 2026";"June 27, 2026 7:00:00 AM";;;Ended Not OK;Purge des logs;PURGE_FICHIER.exe;Job;No;1;No;CTMSRV;CRTCRT_E21TEC_XX_Q;crtuser;wdkcrttmp03;wdkcrttmp03;3uzcq
CRT-CRT;CRTCRT_E21TEC_XX_Q;CRTCRT_E21TEC_XX_PUR01_Q;"June 26, 2026";"June 27, 2026 7:00:00 AM";;;Ended Not OK;Purge des logs;PURGE_FICHIER.exe;Job;No;1;No;CTMSRV;CRTCRT_E21TEC_XX_Q;crtuser;wdkcrttmp04;wdkcrttmp04;3uzcr
CRT-CRT;CRTCRT_E21TEC_XX_Q;CRTCRT_E21TEC_XX_PUR01_Q;"June 26, 2026";"June 27, 2026 7:00:00 AM";;;Ended Not OK;Purge des logs;PURGE_FICHIER.exe;Job;No;1;No;CTMSRV;CRTCRT_E21TEC_XX_Q;crtuser;wdkcrttmp05;wdkcrttmp05;3uzcs
CRT-CRT;CRTCRT_E21TEC_XX_Q;CRTCRT_E21TEC_XX_PUR01_Q;"June 26, 2026";"June 27, 2026 7:00:00 AM";;;Executing;Purge des logs;PURGE_FICHIER.exe;Job;No;1;No;CTMSRV;CRTCRT_E21TEC_XX_Q;crtuser;wdkcrtb2p01;wdkcrtb2p01;3uzc1
CRT-CRT;CRTCRT_E21TEC_XX_Q;CRTCRT_E21TEC_XX_PUR01_Q;"June 26, 2026";"June 27, 2026 7:00:00 AM";;;Executing;Purge des logs;PURGE_FICHIER.exe;Job;No;1;No;CTMSRV;CRTCRT_E21TEC_XX_Q;crtuser;wdkcrtexp01;wdkcrtexp01;3uzca
CRT-CRT;CRTCRT_E21TEC_XX_Q;CRTCRT_E21TEC_XX_PUR01_Q;"June 26, 2026";"June 27, 2026 7:00:00 AM";;;Executing;Purge des logs;PURGE_FICHIER.exe;Job;No;1;No;CTMSRV;CRTCRT_E21TEC_XX_Q;crtuser;wdkcrttcp01;wdkcrttcp01;3uzce
CRT-CRT;CRTCRT_E21TEC_XX_Q;CRTCRT_E21TEC_XX_PUR01_Q;"June 26, 2026";"June 27, 2026 7:00:00 AM";;;Executing;Purge des logs;PURGE_FICHIER.exe;Job;No;1;No;CTMSRV;CRTCRT_E21TEC_XX_Q;crtuser;wdkcrttsp01;wdkcrttsp01;3uzct
CRT-CRT;CRTCRT_E21TEC_XX_Q;CRTCRT_E21TEC_XX_PUR01_Q;"June 26, 2026";"June 27, 2026 7:00:00 AM";;;Executing;Purge des logs;PURGE_FICHIER.exe;Job;No;1;No;CTMSRV;CRTCRT_E21TEC_XX_Q;crtuser;wdkcrttwp01;wdkcrttwp01;3uzcu
CRT-CRT;CRTCRT_E21TEC_XX_Q;CRTCRT_E21TEC_XX_PUR01_Q;"June 26, 2026";"June 27, 2026 7:00:00 AM";;;Executing;Purge des logs;PURGE_FICHIER.exe;Job;No;1;No;CTMSRV;CRTCRT_E21TEC_XX_Q;crtuser;wdkcrtwbp01;wdkcrtwbp01;3uzcv
CRT-CRT;CRTCRT_E21TEC_XX_Q;CRTCRT_E21TEC_XX_Q;"June 26, 2026";"June 26, 2026 1:30:10 PM";;;Executing;Chaine de purge et archivage  des logs sur les serveurs CRT;;SMART Table;No;1;No;CTMSRV;CRTCRT_E21TEC_XX_Q;;ldkctmp50;;3uzc0
CRT-CRT;CRTCRT_E21TRT_TW_Q;CRTCRT_E21TRT_TW_Q;"June 26, 2026";"June 26, 2026 3:00:00 PM";"June 26, 2026 9:00:47 PM";;Ended OK;Lancement du module de détection de trous d'historique CRT - 15h et 21h;;SMART Table;No;1;No;CTMSRV;CRTCRT_E21TRT_TW_Q;;ldkctmp50;;3uzxj
CRT-CRT;CRTCRT_E21TRT_TW_Q;CRTCRT_E21TRT_TW_WRK01_Q;"June 26, 2026";"June 26, 2026 9:00:00 PM";"June 26, 2026 9:00:47 PM";;Ended OK;Lancement du module de détection de trous d'historique CRT - 15h et 21h;historique_recherche_trou.bat;Job;No;2;Yes;CTMSRV;CRTCRT_E21TRT_TW_Q;crtuser;wdkcrttwp01;wdkcrttwp01;3uzxk
CRT-CRT;CRTCRT_EXPLOI_XX_Q;CRTCRT_E22TEC_BC_CTL01_Q;"June 26, 2026";"June 27, 2026 7:00:00 AM";"June 27, 2026 7:00:05 AM";;Ended OK;WDKCRTBCxxx : Check Service PanoAdmin;CRT_CHECK_BRIDGECTRL;Command;No;1;No;CTMSRV;CRTCRT_EXPLOI_XX_Q/CRTCRT_E22TEC_BC_Q;crtuser;wdkcrtbcp03;wdkcrtbcp03;3uztr
CRT-CRT;CRTCRT_EXPLOI_XX_Q;CRTCRT_E22TEC_BC_CTL01_Q;"June 26, 2026";"June 27, 2026 7:00:00 AM";"June 27, 2026 7:00:05 AM";;Ended OK;WDKCRTBCxxx : Check Service PanoAdmin;CRT_CHECK_BRIDGECTRL;Command;No;1;No;CTMSRV;CRTCRT_EXPLOI_XX_Q/CRTCRT_E22TEC_BC_Q;crtuser;wdkcrtbcp04;wdkcrtbcp04;3uzts
CRT-CRT;CRTCRT_EXPLOI_XX_Q;CRTCRT_E22TEC_BC_CTL01_Q;"June 26, 2026";"June 27, 2026 7:00:00 AM";"June 27, 2026 7:00:06 AM";;Ended OK;WDKCRTBCxxx : Check Service PanoAdmin;CRT_CHECK_BRIDGECTRL;Command;No;1;No;CTMSRV;CRTCRT_EXPLOI_XX_Q/CRTCRT_E22TEC_BC_Q;crtuser;wdkcrtbcp01;wdkcrtbcp01;3uztp
CRT-CRT;CRTCRT_EXPLOI_XX_Q;CRTCRT_E22TEC_BC_CTL01_Q;"June 26, 2026";"June 27, 2026 7:00:00 AM";"June 27, 2026 7:00:08 AM";;Ended OK;WDKCRTBCxxx : Check Service PanoAdmin;CRT_CHECK_BRIDGECTRL;Command;No;1;No;CTMSRV;CRTCRT_EXPLOI_XX_Q/CRTCRT_E22TEC_BC_Q;crtuser;wdkcrtbcp02;wdkcrtbcp02;3uztq
CRT-CRT;CRTCRT_EXPLOI_XX_Q;CRTCRT_E22TEC_BC_CTL01_Q;"June 26, 2026";"June 27, 2026 7:00:00 AM";"June 27, 2026 7:00:08 AM";;Ended OK;WDKCRTBCxxx : Check Service PanoAdmin;CRT_CHECK_BRIDGECTRL;Command;No;1;No;CTMSRV;CRTCRT_EXPLOI_XX_Q/CRTCRT_E22TEC_BC_Q;crtuser;wdkcrtbcp05;wdkcrtbcp05;3uztt
CRT-CRT;CRTCRT_EXPLOI_XX_Q;CRTCRT_E22TEC_BC_CTL02_Q;"June 26, 2026";"June 27, 2026 7:00:00 AM";"June 27, 2026 7:00:05 AM";;Ended OK;WDKCRTBCxxx : Check Service Composer;CRT_CHECK_BRIDGECTRL;Command;No;1;No;CTMSRV;CRTCRT_EXPLOI_XX_Q/CRTCRT_E22TEC_BC_Q;crtuser;wdkcrtbcp03;wdkcrtbcp03;3uztw
CRT-CRT;CRTCRT_EXPLOI_XX_Q;CRTCRT_E22TEC_BC_CTL02_Q;"June 26, 2026";"June 27, 2026 7:00:00 AM";"June 27, 2026 7:00:06 AM";;Ended OK;WDKCRTBCxxx : Check Service Composer;CRT_CHECK_BRIDGECTRL;Command;No;1;No;CTMSRV;CRTCRT_EXPLOI_XX_Q/CRTCRT_E22TEC_BC_Q;crtuser;wdkcrtbcp01;wdkcrtbcp01;3uztu
CRT-CRT;CRTCRT_EXPLOI_XX_Q;CRTCRT_E22TEC_BC_CTL02_Q;"June 26, 2026";"June 27, 2026 7:00:00 AM";"June 27, 2026 7:00:07 AM";;Ended OK;WDKCRTBCxxx : Check Service Composer;CRT_CHECK_BRIDGECTRL;Command;No;1;No;CTMSRV;CRTCRT_EXPLOI_XX_Q/CRTCRT_E22TEC_BC_Q;crtuser;wdkcrtbcp04;wdkcrtbcp04;3uztx
CRT-CRT;CRTCRT_EXPLOI_XX_Q;CRTCRT_E22TEC_BC_CTL02_Q;"June 26, 2026";"June 27, 2026 7:00:00 AM";"June 27, 2026 7:00:10 AM";;Ended OK;WDKCRTBCxxx : Check Service Composer;CRT_CHECK_BRIDGECTRL;Command;No;1;No;CTMSRV;CRTCRT_EXPLOI_XX_Q/CRTCRT_E22TEC_BC_Q;crtuser;wdkcrtbcp02;wdkcrtbcp02;3uztv
CRT-CRT;CRTCRT_EXPLOI_XX_Q;CRTCRT_E22TEC_BC_CTL02_Q;"June 26, 2026";"June 27, 2026 7:00:00 AM";"June 27, 2026 7:00:10 AM";;Ended OK;WDKCRTBCxxx : Check Service Composer;CRT_CHECK_BRIDGECTRL;Command;No;1;No;CTMSRV;CRTCRT_EXPLOI_XX_Q/CRTCRT_E22TEC_BC_Q;crtuser;wdkcrtbcp05;wdkcrtbcp05;3uzty
CRT-CRT;CRTCRT_EXPLOI_XX_Q;CRTCRT_E22TEC_BC_Q;"June 26, 2026";"June 27, 2026 7:00:00 AM";"June 27, 2026 7:00:10 AM";;Ended OK;Controle Service BACNET;;Sub-Table;No;1;No;CTMSRV;CRTCRT_EXPLOI_XX_Q;crtuser;ldkctmp50;;3uzto
CRT-CRT;CRTCRT_EXPLOI_XX_Q;CRTCRT_E22TEC_BG_CTL01_Q;"June 26, 2026";"June 27, 2026 7:00:00 AM";"June 27, 2026 7:00:17 AM";;Ended OK;WDKCRTBGx01 : Check BridgeCtrl.exe STATUS;CRT_CHECK_BRIDGECTRL;Command;No;1;No;CTMSRV;CRTCRT_EXPLOI_XX_Q/CRTCRT_E22TEC_BG_Q;crtuser;wdkcrttwp01;A_W_CRTTW01;3uzu0
CRT-CRT;CRTCRT_EXPLOI_XX_Q;CRTCRT_E22TEC_BG_Q;"June 26, 2026";"June 27, 2026 7:00:00 AM";"June 27, 2026 7:00:17 AM";;Ended OK;Controle Bridge Clients  et les CRTs;;Sub-Table;No;1;No;CTMSRV;CRTCRT_EXPLOI_XX_Q;crtuser;ldkctmp50;;3uztz
CRT-CRT;CRTCRT_EXPLOI_XX_Q;CRTCRT_E22TEC_BS_CTL01_Q;"June 26, 2026";"June 27, 2026 7:00:00 AM";"June 27, 2026 7:00:14 AM";;Ended OK;LDKCRTBSx01 : Check KafkaZookeeper;AllKafkaZookeeper.sh;Command;No;1;No;CTMSRV;CRTCRT_EXPLOI_XX_Q/CRTCRT_E22TEC_BS_Q;crt-admin;ldkcrtbap01;A_L_CRTBA01;3uzu2
CRT-CRT;CRTCRT_EXPLOI_XX_Q;CRTCRT_E22TEC_BS_CTL02_Q;"June 26, 2026";"June 27, 2026 7:00:00 AM";"June 27, 2026 7:00:02 AM";;Ended OK;LDKCRTBSx01 : Check Worker et Master;spark-cluster-status;Command;No;1;No;CTMSRV;CRTCRT_EXPLOI_XX_Q/CRTCRT_E22TEC_BS_Q;busadm;ldkcrtbsp01;A_L_CRTBS01;3uzu3
CRT-CRT;CRTCRT_EXPLOI_XX_Q;CRTCRT_E22TEC_BS_CTL03_Q;"June 26, 2026";"June 27, 2026 7:00:00 AM";"June 27, 2026 7:00:02 AM";;Ended OK;LDKCRTBSx01 : Check Applications;spark-apps-status;Command;No;1;No;CTMSRV;CRTCRT_EXPLOI_XX_Q/CRTCRT_E22TEC_BS_Q;busadm;ldkcrtbsp01;A_L_CRTBS01;3uzu4
CRT-CRT;CRTCRT_EXPLOI_XX_Q;CRTCRT_E22TEC_BS_Q;"June 26, 2026";"June 27, 2026 7:00:00 AM";"June 27, 2026 7:00:15 AM";;Ended OK;Controle du Bus Streaming;;Sub-Table;No;1;No;CTMSRV;CRTCRT_EXPLOI_XX_Q;busadm;ldkctmp50;;3uzu1
CRT-CRT;CRTCRT_EXPLOI_XX_Q;CRTCRT_E22TEC_EC_CTL01_Q;"June 26, 2026";"June 27, 2026 7:00:00 AM";"June 27, 2026 7:00:05 AM";;Ended OK;WDKCRTECxxx : Check Service CRT TransFTP;CRT_CHECK_BRIDGECTRL;Command;No;1;No;CTMSRV;CRTCRT_EXPLOI_XX_Q/CRTCRT_E22TEC_EC_Q;crtuser;wdkcrtecp02;wdkcrtecp02;3uzu7
CRT-CRT;CRTCRT_EXPLOI_XX_Q;CRTCRT_E22TEC_EC_CTL01_Q;"June 26, 2026";"June 27, 2026 7:00:00 AM";"June 27, 2026 7:00:06 AM";;Ended OK;WDKCRTECxxx : Check Service CRT TransFTP;CRT_CHECK_BRIDGECTRL;Command;No;1;No;CTMSRV;CRTCRT_EXPLOI_XX_Q/CRTCRT_E22TEC_EC_Q;crtuser;wdkcrtecp01;wdkcrtecp01;3uzu6
CRT-CRT;CRTCRT_EXPLOI_XX_Q;CRTCRT_E22TEC_EC_Q;"June 26, 2026";"June 27, 2026 7:00:00 AM";"June 27, 2026 7:00:06 AM";;Ended OK;Controle Service CRT TransFTP;;Sub-Table;No;1;No;CTMSRV;CRTCRT_EXPLOI_XX_Q;crtuser;ldkctmp50;;3uzu5
CRT-CRT;CRTCRT_EXPLOI_XX_Q;CRTCRT_E22TEC_MS_CTL01_Q;"June 26, 2026";"June 27, 2026 7:00:00 AM";"June 27, 2026 7:00:03 AM";;Ended OK;LDKCRTMSxxx : Check des commandes curl MicroServices;check_microservices.ksh;Job;No;1;No;CTMSRV;CRTCRT_EXPLOI_XX_Q/CRTCRT_E22TEC_MS_Q;root;ldkcrtmsp01;ldkcrtmsp01;3uzu9
CRT-CRT;CRTCRT_EXPLOI_XX_Q;CRTCRT_E22TEC_MS_CTL01_Q;"June 26, 2026";"June 27, 2026 7:00:00 AM";"June 27, 2026 7:00:03 AM";;Ended OK;LDKCRTMSxxx : Check des commandes curl MicroServices;check_microservices.ksh;Job;No;1;No;CTMSRV;CRTCRT_EXPLOI_XX_Q/CRTCRT_E22TEC_MS_Q;root;ldkcrtmsp02;ldkcrtmsp02;3uzua
CRT-CRT;CRTCRT_EXPLOI_XX_Q;CRTCRT_E22TEC_MS_Q;"June 26, 2026";"June 27, 2026 7:00:00 AM";"June 27, 2026 7:00:04 AM";;Ended OK;Controle des MicroServices;;Sub-Table;No;1;No;CTMSRV;CRTCRT_EXPLOI_XX_Q;root;ldkctmp50;;3uzu8
CRT-CRT;CRTCRT_EXPLOI_XX_Q;CRTCRT_E22TEC_TD_CTL01_Q;"June 26, 2026";"June 27, 2026 7:00:00 AM";"June 27, 2026 7:00:02 AM";;Ended OK;WDKCRTTDxxx : Check Service datarelay;CRT_CHECK_BRIDGECTRL;Command;No;1;No;CTMSRV;CRTCRT_EXPLOI_XX_Q/CRTCRT_E22TEC_TD_Q;crtuser;wdkcrttdp01;wdkcrttdp01;3uzuc
CRT-CRT;CRTCRT_EXPLOI_XX_Q;CRTCRT_E22TEC_TD_CTL01_Q;"June 26, 2026";"June 27, 2026 7:00:00 AM";"June 27, 2026 7:00:02 AM";;Ended OK;WDKCRTTDxxx : Check Service datarelay;CRT_CHECK_BRIDGECTRL;Command;No;1;No;CTMSRV;CRTCRT_EXPLOI_XX_Q/CRTCRT_E22TEC_TD_Q;crtuser;wdkcrttdp03;wdkcrttdp03;3uzue
CRT-CRT;CRTCRT_EXPLOI_XX_Q;CRTCRT_E22TEC_TD_CTL01_Q;"June 26, 2026";"June 27, 2026 7:00:00 AM";"June 27, 2026 7:00:04 AM";;Ended OK;WDKCRTTDxxx : Check Service datarelay;CRT_CHECK_BRIDGECTRL;Command;No;1;No;CTMSRV;CRTCRT_EXPLOI_XX_Q/CRTCRT_E22TEC_TD_Q;crtuser;wdkcrttdp06;wdkcrttdp06;3uzuh
CRT-CRT;CRTCRT_EXPLOI_XX_Q;CRTCRT_E22TEC_TD_CTL01_Q;"June 26, 2026";"June 27, 2026 7:00:00 AM";"June 27, 2026 7:00:05 AM";;Ended OK;WDKCRTTDxxx : Check Service datarelay;CRT_CHECK_BRIDGECTRL;Command;No;1;No;CTMSRV;CRTCRT_EXPLOI_XX_Q/CRTCRT_E22TEC_TD_Q;crtuser;wdkcrttdp04;wdkcrttdp04;3uzuf
CRT-CRT;CRTCRT_EXPLOI_XX_Q;CRTCRT_E22TEC_TD_CTL01_Q;"June 26, 2026";"June 27, 2026 7:00:00 AM";"June 27, 2026 7:00:07 AM";;Ended OK;WDKCRTTDxxx : Check Service datarelay;CRT_CHECK_BRIDGECTRL;Command;No;1;No;CTMSRV;CRTCRT_EXPLOI_XX_Q/CRTCRT_E22TEC_TD_Q;crtuser;wdkcrttdp02;wdkcrttdp02;3uzud
CRT-CRT;CRTCRT_EXPLOI_XX_Q;CRTCRT_E22TEC_TD_CTL01_Q;"June 26, 2026";"June 27, 2026 7:00:00 AM";"June 27, 2026 7:00:10 AM";;Ended OK;WDKCRTTDxxx : Check Service datarelay;CRT_CHECK_BRIDGECTRL;Command;No;1;No;CTMSRV;CRTCRT_EXPLOI_XX_Q/CRTCRT_E22TEC_TD_Q;crtuser;wdkcrttdp05;wdkcrttdp05;3uzug
CRT-CRT;CRTCRT_EXPLOI_XX_Q;CRTCRT_E22TEC_TD_Q;"June 26, 2026";"June 27, 2026 7:00:00 AM";"June 27, 2026 7:00:10 AM";;Ended OK;Controle Service Trend;;Sub-Table;No;1;No;CTMSRV;CRTCRT_EXPLOI_XX_Q;crtuser;ldkctmp50;;3uzub
CRT-CRT;CRTCRT_EXPLOI_XX_Q;CRTCRT_E22TEC_TW_CTL01_Q;"June 26, 2026";"June 27, 2026 7:00:00 AM";"June 27, 2026 7:00:06 AM";;Ended OK;WDKCRTTWx01 : Check Service CRT SpvApp;CRT_CHECK_BRIDGECTRL;Command;No;1;No;CTMSRV;CRTCRT_EXPLOI_XX_Q/CRTCRT_E22TEC_TW_Q;crtuser;wdkcrttwp01;wdkcrttwp01;3uzuj
CRT-CRT;CRTCRT_EXPLOI_XX_Q;CRTCRT_E22TEC_TW_Q;"June 26, 2026";"June 27, 2026 7:00:00 AM";"June 27, 2026 7:00:07 AM";;Ended OK;Controle Service CRT SpvApp;;Sub-Table;No;1;No;CTMSRV;CRTCRT_EXPLOI_XX_Q;crtuser;ldkctmp50;;3uzui
CRT-CRT;CRTCRT_EXPLOI_XX_Q;CRTCRT_E22TEC_XX_MEL01_O;"June 26, 2026";"June 27, 2026 7:00:19 AM";"June 27, 2026 7:00:21 AM";;Ended OK;Notification par Mail du suivi quotidien du CRT;CRT_NOTIF_MAIL;Command;No;1;No;CTMSRV;CRTCRT_E22TEC_XX_O;root;ldkctmp50;ldkctmp50;3v1ix
CRT-CRT;CRTCRT_EXPLOI_XX_Q;CRTCRT_E23TEC_BG_CTL01_Q;"June 26, 2026";"June 27, 2026 7:00:00 AM";"June 27, 2026 7:00:00 AM";;Ended OK;WDKCRTBGxxx : Check Service Tomcat7  Bridge générique;CRT_CHECK_BRIDGECTRL;Dummy;No;1;No;CTMSRV;CRTCRT_EXPLOI_XX_Q/CRTCRT_E23TEC_BG_Q;crtuser;;A_W_CRTBG01;3uzul
CRT-CRT;CRTCRT_EXPLOI_XX_Q;CRTCRT_E23TEC_BG_CTL02_Q;"June 26, 2026";"June 27, 2026 7:00:00 AM";"June 27, 2026 7:00:00 AM";;Ended OK;WDKCRTBGxxx : Check Service CRTService Bridge générique;CRT_CHECK_BRIDGECTRL;Dummy;No;1;No;CTMSRV;CRTCRT_EXPLOI_XX_Q/CRTCRT_E23TEC_BG_Q;crtuser;;A_W_CRTBG01;3uzum
CRT-CRT;CRTCRT_EXPLOI_XX_Q;CRTCRT_E23TEC_BG_Q;"June 26, 2026";"June 27, 2026 7:00:00 AM";"June 27, 2026 7:00:01 AM";;Ended OK;Controle Services Bridge Générique;;Sub-Table;No;1;No;CTMSRV;CRTCRT_EXPLOI_XX_Q;crtuser;ldkctmp50;;3uzuk
CRT-CRT;CRTCRT_EXPLOI_XX_Q;CRTCRT_E23TEC_TS_CTL01_Q;"June 26, 2026";"June 27, 2026 7:00:00 AM";"June 27, 2026 7:00:02 AM";;Ended OK;WDKCRTTSx01 : Check Service Tomcat7;CRT_CHECK_BRIDGECTRL;Command;No;1;No;CTMSRV;CRTCRT_EXPLOI_XX_Q/CRTCRT_E23TEC_TS_Q;crtuser;wdkcrttsp01;A_W_CRTTS01;3uzuo
CRT-CRT;CRTCRT_EXPLOI_XX_Q;CRTCRT_E23TEC_TS_CTL02_Q;"June 26, 2026";"June 27, 2026 7:00:00 AM";"June 27, 2026 7:00:02 AM";;Ended OK;WDKCRTTSx01 : Check Service CRT CipRip;CRT_CHECK_BRIDGECTRL;Command;No;1;No;CTMSRV;CRTCRT_EXPLOI_XX_Q/CRTCRT_E23TEC_TS_Q;crtuser;wdkcrttsp01;A_W_CRTTS01;3uzup
CRT-CRT;CRTCRT_EXPLOI_XX_Q;CRTCRT_E23TEC_TS_Q;"June 26, 2026";"June 27, 2026 7:00:00 AM";"June 27, 2026 7:00:02 AM";;Ended OK;Controle Services Bridge Générique;;Sub-Table;No;1;No;CTMSRV;CRTCRT_EXPLOI_XX_Q;crtuser;ldkctmp50;;3uzun
CRT-CRT;CRTCRT_EXPLOI_XX_Q;CRTCRT_EXPLOI_XX_Q;"June 26, 2026";"June 27, 2026 7:00:00 AM";"June 27, 2026 7:00:18 AM";;Ended OK;CRT : Controle de la plateforme CRT;;SMART Table;No;1;No;CTMSRV;CRTCRT_EXPLOI_XX_Q;crtuser;ldkctmp50;;3uztn
CRT-CRT;CRTCRT_J11TRT_04_Q;CRTCRT_J11TRT_04_CAL01_Q;"June 26, 2026";"June 26, 2026 8:00:00 PM";"June 26, 2026 8:01:12 PM";;Ended OK;CRT : Module Calcul;;Command;No;1;No;CTMSRV;CRTCRT_J11TRT_04_Q;crtuser;wdkcrttsp01;A_W_CRTTS01;3v1f8
CRT-CRT;CRTCRT_J11TRT_04_Q;CRTCRT_J11TRT_04_CAL02_Q;"June 26, 2026";"June 26, 2026 3:00:00 PM";"June 26, 2026 3:02:10 PM";;Ended OK;CRT : ModuleCalculSansEchec;;Command;No;1;No;CTMSRV;CRTCRT_J11TRT_04_Q;crtuser;wdkcrttsp01;A_W_CRTTS01;3v1f9
CRT-CRT;CRTCRT_J11TRT_04_Q;CRTCRT_J11TRT_04_CAL03_Q;"June 26, 2026";"June 26, 2026 1:30:11 PM";"June 26, 2026 1:32:17 PM";;Ended OK;CRT : ModuleCalculTMA;;Command;No;1;No;CTMSRV;CRTCRT_J11TRT_04_Q;crtuser;wdkcrttsp01;A_W_CRTTS01;3v1fa
CRT-CRT;CRTCRT_J11TRT_04_Q;CRTCRT_J11TRT_04_Q;"June 26, 2026";"June 26, 2026 1:30:11 PM";;;Executing;CRT : Batchs APP CRT;;SMART Table;No;1;No;CTMSRV;CRTCRT_J11TRT_04_Q;crtuser;;;3v1f5
CRT-CRT;CRTCRT_J11TRT_04_Q;CRTCRT_J11TRT_04_WRK01_Q;"June 26, 2026";"June 27, 2026 7:06:00 AM";"June 27, 2026 7:06:02 AM";;Wait for Event;CRT : Memory_Check;;Command;No;1037;Yes;CTMSRV;CRTCRT_J11TRT_04_Q;crtuser;wdkcrtg2p01;A_W_CRTG201;3v1f6
CRT-CRT;CRTCRT_J11TRT_04_Q;CRTCRT_J11TRT_04_WRK02_Q;"June 26, 2026";"June 27, 2026 7:06:00 AM";"June 27, 2026 7:06:02 AM";;Wait for Event;CRT : Memory_Check;;Command;No;1037;Yes;CTMSRV;CRTCRT_J11TRT_04_Q;crtuser;wdkcrtg2p02;A_W_CRTG202;3v1f7
CRT-CRT;CRTCRT_J12TRT_04_Q;CRTCRT_J12TRT_04_EXP27_Q;"June 26, 2026";"June 26, 2026 10:30:00 PM";"June 26, 2026 10:33:18 PM";;Ended OK;CRT : Lancement de l'export hierarchie CRT;ExportHisto.bat;Job;No;1;No;CTMSRV;CRTCRT_J12TRT_04_Q;crtuser;wdkcrtexp01;A_W_CRTEX01;3uzih
CRT-CRT;CRTCRT_J12TRT_04_Q;CRTCRT_J12TRT_04_Q;"June 26, 2026";"June 26, 2026 1:30:10 PM";;;Executing;CRT : Batchs Echanges CRT;;SMART Table;No;1;No;CTMSRV;CRTCRT_J12TRT_04_Q;crtuser;;;3uzie
CRT-CRT;CRTCRT_J12TRT_04_Q;CRTCRT_J12TRT_04_WRK06_Q;"June 26, 2026";"June 26, 2026 8:50:00 PM";"June 26, 2026 8:50:05 PM";;Ended OK;Déplacement des fichiers courbes de charges de valeurs corrigée mensuel pour prodelec;;Command;No;1;No;CTMSRV;CRTCRT_J12TRT_04_Q;crtuser;wdkcrtinp01;A_W_CRTIN01;3uzif
CRT-CRT;CRTCRT_J12TRT_04_Q;CRTCRT_J12TRT_04_WRK07_Q;"June 26, 2026";"June 27, 2026 6:15:00 AM";"June 27, 2026 6:15:09 AM";;Wait for Event;Traitement des fichiers d'Energie de Strasbourg;;Command;No;17;Yes;CTMSRV;CRTCRT_J12TRT_04_Q;crtuser;wdkcrtinp01;A_W_CRTIN01;3uzig
CRT-CRT;CRTCRT_J13TRT_04_Q;CRTCRT_J13TRT_04_EXP01_Q;"June 26, 2026";"June 26, 2026 10:00:00 PM";"June 26, 2026 10:00:04 PM";;Ended OK;CRT : Export_TLC;;Command;No;1;No;CTMSRV;CRTCRT_J13TRT_04_Q;crtuser;wdkcrttcp01;wdkcrttcp01;3v1bh
CRT-CRT;CRTCRT_J13TRT_04_Q;CRTCRT_J13TRT_04_EXP01_Q;"June 26, 2026";"June 26, 2026 10:00:00 PM";"June 26, 2026 10:00:04 PM";;Ended OK;CRT : Export_TLC;;Command;No;1;No;CTMSRV;CRTCRT_J13TRT_04_Q;crtuser;wdkcrttcp03;wdkcrttcp03;3v1bj
CRT-CRT;CRTCRT_J13TRT_04_Q;CRTCRT_J13TRT_04_EXP01_Q;"June 26, 2026";"June 26, 2026 10:00:00 PM";"June 26, 2026 10:00:05 PM";;Ended OK;CRT : Export_TLC;;Command;No;1;No;CTMSRV;CRTCRT_J13TRT_04_Q;crtuser;wdkcrttcp02;wdkcrttcp02;3v1bi
CRT-CRT;CRTCRT_J13TRT_04_Q;CRTCRT_J13TRT_04_Q;"June 26, 2026";"June 26, 2026 1:30:11 PM";;;Executing;CRT : Batchs Frontaux CRT;;SMART Table;No;1;No;CTMSRV;CRTCRT_J13TRT_04_Q;crtuser;;;3v1ba
CRT-CRT;CRTCRT_J13TRT_04_Q;CRTCRT_J13TRT_04_WRK01_Q;"June 26, 2026";"June 27, 2026 7:06:00 AM";"June 27, 2026 7:06:03 AM";;Wait for Event;CRT : Suivi_Mémoire_Frontal_BACnet;;Command;No;1057;Yes;CTMSRV;CRTCRT_J13TRT_04_Q;crtuser;wdkcrtbcp02;wdkcrtbcp02;3v1bc
CRT-CRT;CRTCRT_J13TRT_04_Q;CRTCRT_J13TRT_04_WRK01_Q;"June 26, 2026";"June 27, 2026 7:06:00 AM";"June 27, 2026 7:06:03 AM";;Wait for Event;CRT : Suivi_Mémoire_Frontal_BACnet;;Command;No;1057;Yes;CTMSRV;CRTCRT_J13TRT_04_Q;crtuser;wdkcrtbcp03;wdkcrtbcp03;3v1bd
CRT-CRT;CRTCRT_J13TRT_04_Q;CRTCRT_J13TRT_04_WRK01_Q;"June 26, 2026";"June 27, 2026 7:06:00 AM";"June 27, 2026 7:06:03 AM";;Wait for Event;CRT : Suivi_Mémoire_Frontal_BACnet;;Command;No;1057;Yes;CTMSRV;CRTCRT_J13TRT_04_Q;crtuser;wdkcrtbcp04;wdkcrtbcp04;3v1be
CRT-CRT;CRTCRT_J13TRT_04_Q;CRTCRT_J13TRT_04_WRK01_Q;"June 26, 2026";"June 27, 2026 7:06:00 AM";"June 27, 2026 7:06:04 AM";;Wait for Event;CRT : Suivi_Mémoire_Frontal_BACnet;;Command;No;1057;Yes;CTMSRV;CRTCRT_J13TRT_04_Q;crtuser;wdkcrtbcp01;wdkcrtbcp01;3v1bb
CRT-CRT;CRTCRT_J13TRT_04_Q;CRTCRT_J13TRT_04_WRK01_Q;"June 26, 2026";"June 27, 2026 7:06:00 AM";"June 27, 2026 7:06:05 AM";;Wait for Event;CRT : Suivi_Mémoire_Frontal_BACnet;;Command;No;1057;Yes;CTMSRV;CRTCRT_J13TRT_04_Q;crtuser;wdkcrtbcp05;wdkcrtbcp05;3v1bf
CRT-CRT;CRTCRT_J13TRT_04_Q;CRTCRT_J13TRT_04_WRK02_Q;"June 26, 2026";"June 27, 2026 7:06:00 AM";"June 27, 2026 7:06:00 AM";;Wait for Event;CRT : Suivi_Mémoire_Frontal_TeleMetry;;Dummy;No;1057;Yes;CTMSRV;CRTCRT_J13TRT_04_Q;crtuser;;wdkcrtcwp01;3v1bg
CRT-CRT;CRTCRT_J13TRT_04_Q;CRTCRT_J13TRT_04_WRK03_Q;"June 26, 2026";"June 27, 2026 7:06:00 AM";"June 27, 2026 7:06:02 AM";;Wait for Event;CRT : Suivi_Mémoire_Frontal_Trend;;Command;No;1057;Yes;CTMSRV;CRTCRT_J13TRT_04_Q;crtuser;wdkcrttdp04;wdkcrttdp04;3v1bn
CRT-CRT;CRTCRT_J13TRT_04_Q;CRTCRT_J13TRT_04_WRK03_Q;"June 26, 2026";"June 27, 2026 7:06:00 AM";"June 27, 2026 7:06:03 AM";;Wait for Event;CRT : Suivi_Mémoire_Frontal_Trend;;Command;No;1057;Yes;CTMSRV;CRTCRT_J13TRT_04_Q;crtuser;wdkcrttdp01;wdkcrttdp01;3v1bk
CRT-CRT;CRTCRT_J13TRT_04_Q;CRTCRT_J13TRT_04_WRK03_Q;"June 26, 2026";"June 27, 2026 7:06:00 AM";"June 27, 2026 7:06:03 AM";;Wait for Event;CRT : Suivi_Mémoire_Frontal_Trend;;Command;No;1057;Yes;CTMSRV;CRTCRT_J13TRT_04_Q;crtuser;wdkcrttdp02;wdkcrttdp02;3v1bl
CRT-CRT;CRTCRT_J13TRT_04_Q;CRTCRT_J13TRT_04_WRK03_Q;"June 26, 2026";"June 27, 2026 7:06:00 AM";"June 27, 2026 7:06:03 AM";;Wait for Event;CRT : Suivi_Mémoire_Frontal_Trend;;Command;No;1057;Yes;CTMSRV;CRTCRT_J13TRT_04_Q;crtuser;wdkcrttdp03;wdkcrttdp03;3v1bm
CRT-CRT;CRTCRT_J13TRT_04_Q;CRTCRT_J13TRT_04_WRK03_Q;"June 26, 2026";"June 27, 2026 7:06:00 AM";"June 27, 2026 7:06:03 AM";;Wait for Event;CRT : Suivi_Mémoire_Frontal_Trend;;Command;No;1057;Yes;CTMSRV;CRTCRT_J13TRT_04_Q;crtuser;wdkcrttdp05;wdkcrttdp05;3v1bo
CRT-CRT;CRTCRT_J13TRT_04_Q;CRTCRT_J13TRT_04_WRK03_Q;"June 26, 2026";"June 27, 2026 7:06:00 AM";"June 27, 2026 7:06:03 AM";;Wait for Event;CRT : Suivi_Mémoire_Frontal_Trend;;Command;No;1057;Yes;CTMSRV;CRTCRT_J13TRT_04_Q;crtuser;wdkcrttdp06;wdkcrttdp06;3v1bp
CRT-CRT;CRTCRT_J13TRT_04_Q;CRTCRT_J13TRT_04_WRK04_Q;"June 26, 2026";"June 27, 2026 7:06:00 AM";"June 27, 2026 7:06:03 AM";;Wait for Event;CRT : Suivi_Mémoire_Frontal_Telemetry;;Command;No;1057;Yes;CTMSRV;CRTCRT_J13TRT_04_Q;crtuser;wdkcrttmp01;wdkcrttmp01;3v1bq
CRT-CRT;CRTCRT_J13TRT_04_Q;CRTCRT_J13TRT_04_WRK04_Q;"June 26, 2026";"June 27, 2026 7:06:00 AM";"June 27, 2026 7:06:03 AM";;Wait for Event;CRT : Suivi_Mémoire_Frontal_Telemetry;;Command;No;1057;Yes;CTMSRV;CRTCRT_J13TRT_04_Q;crtuser;wdkcrttmp02;wdkcrttmp02;3v1br
CRT-CRT;CRTCRT_J13TRT_04_Q;CRTCRT_J13TRT_04_WRK04_Q;"June 26, 2026";"June 27, 2026 7:06:00 AM";"June 27, 2026 7:06:03 AM";;Wait for Event;CRT : Suivi_Mémoire_Frontal_Telemetry;;Command;No;1057;Yes;CTMSRV;CRTCRT_J13TRT_04_Q;crtuser;wdkcrttmp03;wdkcrttmp03;3v1bs
CRT-CRT;CRTCRT_J13TRT_04_Q;CRTCRT_J13TRT_04_WRK04_Q;"June 26, 2026";"June 27, 2026 7:06:00 AM";"June 27, 2026 7:06:03 AM";;Wait for Event;CRT : Suivi_Mémoire_Frontal_Telemetry;;Command;No;1057;Yes;CTMSRV;CRTCRT_J13TRT_04_Q;crtuser;wdkcrttmp04;wdkcrttmp04;3v1bt
CRT-CRT;CRTCRT_J13TRT_04_Q;CRTCRT_J13TRT_04_WRK04_Q;"June 26, 2026";"June 27, 2026 7:06:00 AM";"June 27, 2026 7:06:04 AM";;Wait for Event;CRT : Suivi_Mémoire_Frontal_Telemetry;;Command;No;1057;Yes;CTMSRV;CRTCRT_J13TRT_04_Q;crtuser;wdkcrttmp05;wdkcrttmp05;3v1bu
CTM-CONTROL-M;CTMCTM_E11AJF_08_A;CTMCTM_E11AJF_08_AJF01_A;"June 26, 2026";"June 26, 2026 1:30:10 PM";"June 26, 2026 1:30:10 PM";;Ended OK;AJF tables Annuelles (CTMPA);U512AJF010;Dummy;No;1;No;CTMSRV;CTMCTM_E11AJF_08_A;controlm;;SRV_PRIMAIRE;3v0e2
CTM-CONTROL-M;CTMCTM_E11AJF_08_H;CTMCTM_E11AJF_08_AJF01_H;"June 26, 2026";"June 26, 2026 1:30:33 PM";"June 26, 2026 1:30:33 PM";;Ended OK;AJF tables Hebdomadaires (CTMPH);U512AJF010;Dummy;No;1;No;CTMSRV;CTMCTM_E11AJF_08_H;controlm;;SRV_PRIMAIRE;3v0sx
CTM-CONTROL-M;CTMCTM_E11AJF_08_H;CTMCTM_E11AJF_08_AJF03_H;"June 26, 2026";"June 26, 2026 1:30:35 PM";"June 26, 2026 1:30:35 PM";;Ended OK;AJF tables Hebdomadaires CSCPH (CSC);U512AJF556;Dummy;No;1;No;CTMSRV;CTMCTM_E11AJF_08_H;controlm;;SRV_PRIMAIRE;3v0sy
CTM-CONTROL-M;CTMCTM_E11AJF_08_H;CTMCTM_E11AJF_08_AJF04_H;"June 26, 2026";"June 26, 2026 1:30:44 PM";"June 26, 2026 1:30:44 PM";;Ended OK;AJF tables Hebdomadaires DIS (Dispatch);U512AJF556;Dummy;No;1;No;CTMSRV;CTMCTM_E11AJF_08_H;controlm;;SRV_PRIMAIRE;3v0sz
CTM-CONTROL-M;CTMCTM_E11AJF_08_M;CTMCTM_E11AJF_08_AJF01_M;"June 26, 2026";"June 26, 2026 1:30:42 PM";"June 26, 2026 1:30:42 PM";;Ended OK;AJF tables Mensuelles (CTMPM);U512AJF010;Dummy;No;1;No;CTMSRV;CTMCTM_E11AJF_08_M;controlm;;SRV_PRIMAIRE;3v0pg
CTM-CONTROL-M;CTMCTM_E11AJF_08_M;CTMCTM_E11AJF_08_AJF02_M;"June 26, 2026";"June 26, 2026 1:30:21 PM";"June 26, 2026 1:30:21 PM";;Ended OK;AJF tables CLOTURE Definitive DWH Finance D2 et L3;U512AJF210;Dummy;No;1;No;CTMSRV;CTMCTM_E11AJF_08_M;controlm;;SRV_PRIMAIRE;3v0pc
CTM-CONTROL-M;CTMCTM_E11AJF_08_M;CTMCTM_E11AJF_08_AJF04_M;"June 26, 2026";"June 26, 2026 1:30:40 PM";"June 26, 2026 1:30:40 PM";;Ended OK;"AJF tables CLOTURE Prov ou Def DWH Finance L1; L3 et D2";U512AJF230;Dummy;No;1;No;CTMSRV;CTMCTM_E11AJF_08_M;controlm;;SRV_PRIMAIRE;3v0pd
CTM-CONTROL-M;CTMCTM_E11AJF_08_M;CTMCTM_E11AJF_08_AJF22_M;"June 26, 2026";"June 26, 2026 1:30:45 PM";"June 26, 2026 1:30:45 PM";;Ended OK;AJF tables CLOTURE OA Finance Pre-Cloture L3 L2;U512AJF155;Dummy;No;1;No;CTMSRV;CTMCTM_E11AJF_08_M;controlm;;SRV_PRIMAIRE;3v0pe
CTM-CONTROL-M;CTMCTM_E11AJF_08_M;CTMCTM_E11AJF_08_AJF28_M;"June 26, 2026";"June 26, 2026 1:30:41 PM";"June 26, 2026 1:30:41 PM";;Ended OK;"AJF tables CLOTURE OFA L1; L3; D1 et D2";U512AJF150;Dummy;No;1;No;CTMSRV;CTMCTM_E11AJF_08_M;controlm;;SRV_PRIMAIRE;3v0pf
CTM-CONTROL-M;CTMCTM_E11AJF_08_Q;CTMCTM_E11AJF_08_AJF01_Q;"June 26, 2026";"June 26, 2026 1:30:29 PM";"June 26, 2026 1:30:29 PM";;Ended OK;AJF tables Quotidiennes (CTMPQ);U512AJF010;Dummy;No;1;No;CTMSRV;CTMCTM_E11AJF_08_Q;controlm;;SRV_PRIMAIRE;3v0m1
CTM-CONTROL-M;CTMCTM_E11AJF_08_Q;CTMCTM_E11AJF_08_AJF04_Q;"June 26, 2026";"June 26, 2026 1:30:14 PM";"June 26, 2026 1:30:14 PM";;Ended OK;AJF tables Quotidiennes ETRM;U512AJF025;Dummy;No;1;No;CTMSRV;CTMCTM_E11AJF_08_Q;controlm;;SRV_PRIMAIRE;3v0lh
CTM-CONTROL-M;CTMCTM_E11AJF_08_Q;CTMCTM_E11AJF_08_AJF04_Q;"June 26, 2026";"June 26, 2026 1:30:39 PM";"June 26, 2026 1:30:39 PM";;Ended OK;AJF tables Quotidiennes ETRM;U512AJF025;Dummy;No;1;No;CTMSRV;CTMCTM_E11AJF_08_Q;controlm;;SRV_PRIMAIRE;3v0mb
CTM-CONTROL-M;CTMCTM_E11AJF_08_Q;CTMCTM_E11AJF_08_AJF06_Q;"June 26, 2026";"June 26, 2026 1:30:14 PM";"June 26, 2026 1:30:14 PM";;Ended OK;AJF tables Journalieres DWH;U512AJF080;Dummy;No;1;No;CTMSRV;CTMCTM_E11AJF_08_Q;controlm;;SRV_PRIMAIRE;3v0li
CTM-CONTROL-M;CTMCTM_E11AJF_08_Q;CTMCTM_E11AJF_08_AJF09_Q;"June 26, 2026";"June 26, 2026 1:30:16 PM";"June 26, 2026 1:30:16 PM";;Ended OK;AJF tables Journalieres ALADIN;U512AJF100;Dummy;No;1;No;CTMSRV;CTMCTM_E11AJF_08_Q;controlm;;SRV_PRIMAIRE;3v0lj
CTM-CONTROL-M;CTMCTM_E11AJF_08_Q;CTMCTM_E11AJF_08_AJF12_Q;"June 26, 2026";"June 26, 2026 1:30:15 PM";"June 26, 2026 1:30:15 PM";;Ended OK;AJF tables Journalieres ECO;U512AJF120;Dummy;No;1;No;CTMSRV;CTMCTM_E11AJF_08_Q;controlm;;SRV_PRIMAIRE;3v0lk
CTM-CONTROL-M;CTMCTM_E11AJF_08_Q;CTMCTM_E11AJF_08_AJF15_Q;"June 26, 2026";"June 26, 2026 1:30:15 PM";"June 26, 2026 1:30:15 PM";;Ended OK;AJF tables Journalieres MDM;U512AJF170;Dummy;No;1;No;CTMSRV;CTMCTM_E11AJF_08_Q;controlm;;SRV_PRIMAIRE;3v0ll
CTM-CONTROL-M;CTMCTM_E11AJF_08_Q;CTMCTM_E11AJF_08_AJF20_Q;"June 26, 2026";"June 26, 2026 1:30:16 PM";"June 26, 2026 1:30:16 PM";;Ended OK;AJF tables Quotidiennes CID;U512AJF550;Dummy;No;1;No;CTMSRV;CTMCTM_E11AJF_08_Q;controlm;;SRV_PRIMAIRE;3v0lm
CTM-CONTROL-M;CTMCTM_E11AJF_08_Q;CTMCTM_E11AJF_08_AJF21_Q;"June 26, 2026";"June 26, 2026 1:30:20 PM";"June 26, 2026 1:30:20 PM";;Ended OK;AJF tables Quoditiennes CID DEMANDE;U512AJF550;Dummy;No;1;No;CTMSRV;CTMCTM_E11AJF_08_Q;controlm;;SRV_PRIMAIRE;3v0ln
CTM-CONTROL-M;CTMCTM_E11AJF_08_Q;CTMCTM_E11AJF_08_AJF23_Q;"June 26, 2026";"June 26, 2026 1:30:21 PM";"June 26, 2026 1:30:21 PM";;Ended OK;AJF tables Quotidiennes CSC;U512AJF556;Dummy;No;1;No;CTMSRV;CTMCTM_E11AJF_08_Q;controlm;;SRV_PRIMAIRE;3v0lo
CTM-CONTROL-M;CTMCTM_E11AJF_08_Q;CTMCTM_E11AJF_08_AJF24_Q;"June 26, 2026";"June 26, 2026 1:31:00 PM";"June 26, 2026 1:31:00 PM";;Ended OK;ADD COND DWH a la montee au plan;U512AJF010;Dummy;No;1;No;CTMSRV;CTMCTM_E11AJF_08_Q;controlm;;SRV_PRIMAIRE;3v0lp
CTM-CONTROL-M;CTMCTM_E11AJF_08_Q;CTMCTM_E11AJF_08_AJF27_Q;"June 26, 2026";"June 26, 2026 1:30:31 PM";"June 26, 2026 1:30:31 PM";;Ended OK;AJF tables Quotidiennes DISPATCH;U512AJF556;Dummy;No;1;No;CTMSRV;CTMCTM_E11AJF_08_Q;controlm;;SRV_PRIMAIRE;3v0m2
CTM-CONTROL-M;CTMCTM_E11AJF_08_Q;CTMCTM_E11AJF_08_AJF28_Q;"June 26, 2026";"June 26, 2026 1:31:01 PM";"June 26, 2026 1:31:01 PM";;Ended OK;AJF tables Quotidiennes DTR;U512AJF080;Dummy;No;1;No;CTMSRV;CTMCTM_E11AJF_08_Q;controlm;;SRV_PRIMAIRE;3v0lq
CTM-CONTROL-M;CTMCTM_E11AJF_08_Q;CTMCTM_E11AJF_08_AJF30_Q;"June 26, 2026";"June 26, 2026 1:30:23 PM";"June 26, 2026 1:30:23 PM";;Ended OK;AJF tables Journalieres PELICAN;U512AJF020;Dummy;No;1;No;CTMSRV;CTMCTM_E11AJF_08_Q;controlm;;SRV_PRIMAIRE;3v0lr
CTM-CONTROL-M;CTMCTM_E11AJF_08_Q;CTMCTM_E11AJF_08_AJF39_Q;"June 26, 2026";"June 26, 2026 1:30:13 PM";"June 26, 2026 1:30:13 PM";;Ended OK;ADD COND SIGMA a la montee au plan;U512AJF010;Dummy;No;1;No;CTMSRV;CTMCTM_E11AJF_08_Q;controlm;;SRV_PRIMAIRE;3v0ls
CTM-CONTROL-M;CTMCTM_E11AJF_08_Q;CTMCTM_E11AJF_08_AJF40_Q;"June 26, 2026";"June 26, 2026 1:30:27 PM";"June 26, 2026 1:30:27 PM";;Ended OK;AJF tables Journalieres SIGMA;U512AJF020;Dummy;No;1;No;CTMSRV;CTMCTM_E11AJF_08_Q;controlm;;SRV_PRIMAIRE;3v0lt
CTM-CONTROL-M;CTMCTM_E11AJF_08_Q;CTMCTM_E11AJF_08_AJF432_Q;"June 26, 2026";"June 26, 2026 1:30:30 PM";"June 26, 2026 1:30:30 PM";;Ended OK;AJF tables Journalieres ENERGY sauf Samedi;U512AJF410;Dummy;No;1;No;CTMSRV;CTMCTM_E11AJF_08_Q;controlm;;SRV_PRIMAIRE;3v0m3
CTM-CONTROL-M;CTMCTM_E11AJF_08_Q;CTMCTM_E11AJF_08_AJF43_Q;"June 26, 2026";"June 26, 2026 1:30:25 PM";"June 26, 2026 1:30:25 PM";;Ended OK;AJF tables Journalieres ENERGY;U512AJF410;Dummy;No;1;No;CTMSRV;CTMCTM_E11AJF_08_Q;controlm;;SRV_PRIMAIRE;3v0lu
CTM-CONTROL-M;CTMCTM_E11AJF_08_Q;CTMCTM_E11AJF_08_AJF47_Q;"June 26, 2026";"June 26, 2026 1:30:24 PM";"June 26, 2026 1:30:24 PM";;Ended OK;ADD COND OAP a la montee au plan;U512AJF010;Dummy;No;1;No;CTMSRV;CTMCTM_E11AJF_08_Q;controlm;;SRV_PRIMAIRE;3v0lv
CTM-CONTROL-M;CTMCTM_E11AJF_08_Q;CTMCTM_E11AJF_08_AJF48_Q;"June 26, 2026";"June 26, 2026 1:30:26 PM";"June 26, 2026 1:30:26 PM";;Ended OK;AJF tables Journalieres OAP;U512AJF020;Dummy;No;1;No;CTMSRV;CTMCTM_E11AJF_08_Q;controlm;;SRV_PRIMAIRE;3v0lw
CTM-CONTROL-M;CTMCTM_E11AJF_08_Q;CTMCTM_E11AJF_08_AJF49_Q;"June 26, 2026";"June 26, 2026 1:30:26 PM";"June 26, 2026 1:30:26 PM";;Ended OK;AJF tables Journalieres matin OAP;U512AJF030;Dummy;No;1;No;CTMSRV;CTMCTM_E11AJF_08_Q;controlm;;SRV_PRIMAIRE;3v0lx
CTM-CONTROL-M;CTMCTM_E11AJF_08_Q;CTMCTM_E11AJF_08_AJF51_Q;"June 26, 2026";"June 26, 2026 1:30:28 PM";"June 26, 2026 1:30:28 PM";;Ended OK;AJF tables Quotidiennes OAP sauf L1;U512AJF180;Dummy;No;1;No;CTMSRV;CTMCTM_E11AJF_08_Q;controlm;;SRV_PRIMAIRE;3v0ly
CTM-CONTROL-M;CTMCTM_E11AJF_08_Q;CTMCTM_E11AJF_08_AJF52_Q;"June 26, 2026";"June 26, 2026 1:30:32 PM";"June 26, 2026 1:30:32 PM";;Ended OK;AJF tables Journalieres SIC;U512AJF410;Dummy;No;1;No;CTMSRV;CTMCTM_E11AJF_08_Q;controlm;;SRV_PRIMAIRE;3v0lz
CTM-CONTROL-M;CTMCTM_E11AJF_08_Q;CTMCTM_E11AJF_08_AJF55_Q;"June 26, 2026";"June 26, 2026 1:30:28 PM";"June 26, 2026 1:30:28 PM";;Ended OK;ADD COND OFA a la montee au plan;U512AJF010;Dummy;No;1;No;CTMSRV;CTMCTM_E11AJF_08_Q;controlm;;SRV_PRIMAIRE;3v0m0
CTM-CONTROL-M;CTMCTM_E11AJF_08_Q;CTMCTM_E11AJF_08_AJF58_Q;"June 26, 2026";"June 26, 2026 1:30:34 PM";"June 26, 2026 1:30:34 PM";;Ended OK;AJF tables Journalieres KDR;U512AJF170;Dummy;No;1;No;CTMSRV;CTMCTM_E11AJF_08_Q;controlm;;SRV_PRIMAIRE;3v0m4
CTM-CONTROL-M;CTMCTM_E11AJF_08_Q;CTMCTM_E11AJF_08_AJF59_Q;"June 26, 2026";"June 26, 2026 1:30:36 PM";"June 26, 2026 1:30:36 PM";;Ended OK;AJF tables Journalieres FINANCE;U512AJF170;Dummy;No;1;No;CTMSRV;CTMCTM_E11AJF_08_Q;controlm;;SRV_PRIMAIRE;3v0m6
CTM-CONTROL-M;CTMCTM_E11AJF_08_Q;CTMCTM_E11AJF_08_AJF60_Q;"June 26, 2026";"June 26, 2026 1:30:34 PM";"June 26, 2026 1:30:34 PM";;Ended OK;AJF tables Journaliere PREDTR;U512AJF170;Dummy;No;1;No;CTMSRV;CTMCTM_E11AJF_08_Q;controlm;;SRV_PRIMAIRE;3v0m5
CTM-CONTROL-M;CTMCTM_E11AJF_08_Q;CTMCTM_E11AJF_08_AJF61_Q;"June 26, 2026";"June 26, 2026 1:30:38 PM";"June 26, 2026 1:30:38 PM";;Ended OK;AJF tables Journalieres ARS;U512AJF170;Dummy;No;1;No;CTMSRV;CTMCTM_E11AJF_08_Q;controlm;;SRV_PRIMAIRE;3v0m7
CTM-CONTROL-M;CTMCTM_E11AJF_08_Q;CTMCTM_E11AJF_08_AJF62_Q;"June 26, 2026";"June 26, 2026 1:30:37 PM";"June 26, 2026 1:30:37 PM";;Ended OK;AJF tables Journalieres MBB;U512AJF170;Dummy;No;1;No;CTMSRV;CTMCTM_E11AJF_08_Q;controlm;;SRV_PRIMAIRE;3v0m8
CTM-CONTROL-M;CTMCTM_E11AJF_08_Q;CTMCTM_E11AJF_08_AJF63_Q;"June 26, 2026";"June 26, 2026 1:30:46 PM";"June 26, 2026 1:30:46 PM";;Ended OK;AJF tables Quotidiennes GDR;U512AJF025;Dummy;No;1;No;CTMSRV;CTMCTM_E11AJF_08_Q;controlm;;SRV_PRIMAIRE;3v0m9
CTM-CONTROL-M;CTMCTM_E11AJF_08_Q;CTMCTM_E11AJF_08_AJF64_Q;"June 26, 2026";"June 26, 2026 1:30:38 PM";"June 26, 2026 1:30:38 PM";;Ended OK;AJF tables Quotidiennes PKI;U512AJF025;Dummy;No;1;No;CTMSRV;CTMCTM_E11AJF_08_Q;controlm;;SRV_PRIMAIRE;3v0ma
CTM-CONTROL-M;CTMCTM_E11AJF_08_S;CTMCTM_E11AJF_08_AJF01_S;"June 26, 2026";"June 26, 2026 1:30:43 PM";"June 26, 2026 1:30:43 PM";;Ended OK;AJF tables Semestrielles (CTMPS);U512AJF010;Dummy;No;1;No;CTMSRV;CTMCTM_E11AJF_08_S;controlm;;SRV_PRIMAIRE;3v0u6
CTM-CONTROL-M;CTMCTM_E11STP_01_Q;CTMCTM_E11STP_01_SUB02_Q;"June 26, 2026";"June 26, 2026 8:00:00 PM";"June 26, 2026 8:00:00 PM";;Ended OK;Arret du serveur UDKEMB;ARRET_UDKEMB;Dummy;No;1;No;CTMSRV;CTMCTM_E11STP_01_Q;root;;;3uzxe
CTM-CONTROL-M;CTMCTM_E11TEC_04_Q;CTMCTM_E11TEC_04_SUB01_Q;"June 26, 2026";"June 27, 2026 12:05:00 AM";"June 27, 2026 12:05:00 AM";;Ended OK;Soumission scripts DWH a 00h05;SUBT0005 DWH;Dummy;No;1;No;CTMSRV;CTMCTM_E11TEC_04_Q;svce_cm;;;3uzny
CTM-CONTROL-M;CTMCTM_E11TEC_04_Q;CTMCTM_E11TEC_04_SUB02_Q;"June 26, 2026";"June 27, 2026 2:00:00 AM";"June 27, 2026 2:00:00 AM";;Ended OK;Soumission scripts CITY a 01h00;CITY SUBT0200;Dummy;No;1;No;CTMSRV;CTMCTM_E11TEC_04_Q;svce_cm;;;3uznz
CTM-CONTROL-M;CTMCTM_E11TEC_04_Q;CTMCTM_E11TEC_04_SUB03_Q;"June 26, 2026";"June 27, 2026 3:00:00 AM";"June 27, 2026 3:00:00 AM";;Ended OK;Soumission deblocage scripts HERCULE a 03h00;HERCULE SUBT0300 start  prod;Dummy;No;1;No;CTMSRV;CTMCTM_E11TEC_04_Q;svce_cm;;;3uzo0
CTM-CONTROL-M;CTMCTM_E11TEC_04_Q;CTMCTM_E11TEC_04_SUB10_Q;"June 26, 2026";"June 26, 2026 1:30:11 PM";"June 26, 2026 1:30:11 PM";;Ended OK;Soumission scripts a 13H30;SUBT1330;Dummy;No;1;No;CTMSRV;CTMCTM_E11TEC_04_Q;svce_cm;;;3uzo1
CTM-CONTROL-M;CTMCTM_E11TEC_04_Q;CTMCTM_E11TEC_04_SUB11_Q;"June 26, 2026";"June 26, 2026 2:00:00 PM";"June 26, 2026 2:00:00 PM";;Ended OK;Soumission scripts a 14h00;SUBT1400;Dummy;No;1;No;CTMSRV;CTMCTM_E11TEC_04_Q;svce_cm;;;3uzo2
CTM-CONTROL-M;CTMCTM_E11TEC_04_Q;CTMCTM_E11TEC_04_SUB12_Q;"June 26, 2026";"June 26, 2026 3:00:00 PM";"June 26, 2026 3:00:00 PM";;Ended OK;Soumission scripts a 15h00;SUBT1500;Dummy;No;1;No;CTMSRV;CTMCTM_E11TEC_04_Q;svce_cm;;;3uzo3
CTM-CONTROL-M;CTMCTM_E11TEC_04_Q;CTMCTM_E11TEC_04_SUB16_Q;"June 26, 2026";"June 27, 2026 6:00:00 AM";"June 27, 2026 6:00:00 AM";;Ended OK;Soumission start service HERCULE à 07h00;HERCULE SUBT0700 stop prod;Dummy;No;1;No;CTMSRV;CTMCTM_E11TEC_04_Q;root;;;3uzo4
CTM-CONTROL-M;CTMCTM_E11TEC_04_Q;CTMCTM_E11TEC_04_SUB28_Q;"June 26, 2026";"June 26, 2026 2:00:00 PM";"June 26, 2026 2:00:00 PM";;Ended OK;Soumission scripts à 14h00;SUBT1400;Dummy;No;1;No;CTMSRV;CTMCTM_E11TEC_04_Q;root;;;3uzo5
CTM-CONTROL-M;CTMCTM_E11TEC_04_Q;CTMCTM_E11TEC_04_SUB29_Q;"June 26, 2026";"June 26, 2026 3:00:00 PM";"June 26, 2026 3:00:00 PM";;Ended OK;Soumission scripts à 15h00;SUBT1500;Dummy;No;1;No;CTMSRV;CTMCTM_E11TEC_04_Q;root;;;3uzo6
CTM-CONTROL-M;CTMCTM_E11TEC_04_Q;CTMCTM_E11TEC_04_SUB34_Q;"June 26, 2026";"June 26, 2026 9:30:00 PM";"June 26, 2026 9:30:00 PM";;Ended OK;Soumission scripts à 21H30;SUBT2130;Dummy;No;1;No;CTMSRV;CTMCTM_E11TEC_04_Q;root;;;3uzo7
CTM-CONTROL-M;CTMCTM_E12AJF_08_Q;CTMCTM_E12AJF_08_ACC01_Q;"June 26, 2026";"June 26, 2026 3:00:00 PM";"June 26, 2026 3:00:26 PM";;Ended OK;Accumulation des statistiques control_m;U512AJF510;Command;No;1;No;CTMSRV;CTMCTM_E12AJF_08_Q;controlm;ldkctmp50;SRV_PRIMAIRE;3v040
CTM-CONTROL-M;CTMCTM_E12AJF_08_Q;CTMCTM_E12AJF_08_DEL01_Q;"June 26, 2026";"June 26, 2026 1:30:13 PM";"June 26, 2026 1:30:19 PM";;Ended OK;Delete des conditions anterieures a 7 jours;U512AJF500;Command;No;1;No;CTMSRV;CTMCTM_E12AJF_08_Q;controlm;ldkctmp50;SRV_PRIMAIRE;3v03z
CTM-CONTROL-M;CTMCTM_E12AJF_08_Q;CTMCTM_E12AJF_08_EXT01_Q;"June 26, 2026";"June 26, 2026 6:45:00 PM";"June 26, 2026 6:45:05 PM";;Ended OK;ctmldnrs: creation fic. conditions AJF absentes nof U514;U512AJF800;Command;No;1;No;CTMSRV;CTMCTM_E12AJF_08_Q;controlm;ldkctmp50;SRV_PRIMAIRE;3v046
CTM-CONTROL-M;CTMCTM_E12AJF_08_Q;CTMCTM_E12AJF_08_ORP01_Q;"June 26, 2026";"June 26, 2026 6:45:05 PM";"June 26, 2026 6:45:06 PM";;Ended OK;ctmldnrs: load des conditions AJF absentes (VEH*);U512AJF820;Command;No;1;No;CTMSRV;CTMCTM_E12AJF_08_Q;controlm;ldkctmp50;SRV_PRIMAIRE;3v047
CTM-CONTROL-M;CTMCTM_E12AJF_08_Q;CTMCTM_E12AJF_08_ORP02_Q;"June 26, 2026";"June 26, 2026 6:45:07 PM";"June 26, 2026 6:45:08 PM";;Ended OK;ctmldnrs: load des conditions AJF absentes (PRE*);U512AJF810;Command;No;1;No;CTMSRV;CTMCTM_E12AJF_08_Q;controlm;ldkctmp50;SRV_PRIMAIRE;3v041
CTM-CONTROL-M;CTMCTM_E12AJF_08_Q;CTMCTM_E12AJF_08_ORP03_Q;"June 26, 2026";"June 26, 2026 6:45:09 PM";"June 26, 2026 6:45:12 PM";;Ended OK;ctmldnrs: load des conditions AJF absentes (CID*);U512AJF811;Command;No;1;No;CTMSRV;CTMCTM_E12AJF_08_Q;controlm;ldkctmp50;SRV_PRIMAIRE;3v042
CTM-CONTROL-M;CTMCTM_E12AJF_08_Q;CTMCTM_E12AJF_08_ORP04_Q;"June 26, 2026";"June 26, 2026 6:45:12 PM";"June 26, 2026 6:45:13 PM";;Ended OK;ctmldnrs: load des conditions AJF absentes (EAI*);U512AJF812;Command;No;1;No;CTMSRV;CTMCTM_E12AJF_08_Q;controlm;ldkctmp50;SRV_PRIMAIRE;3v043
CTM-CONTROL-M;CTMCTM_E12AJF_08_Q;CTMCTM_E12AJF_08_ORP05_Q;"June 26, 2026";"June 26, 2026 6:45:14 PM";"June 26, 2026 6:45:15 PM";;Ended OK;ctmldnrs: load des conditions AJF absentes (ETR*);U512AJF813;Command;No;1;No;CTMSRV;CTMCTM_E12AJF_08_Q;controlm;ldkctmp50;SRV_PRIMAIRE;3v044
CTM-CONTROL-M;CTMCTM_E12AJF_08_Q;CTMCTM_E12AJF_08_ORP06_Q;"June 26, 2026";"June 26, 2026 6:45:16 PM";"June 26, 2026 6:45:17 PM";;Ended OK;ctmldnrs: load des conditions AJF absentes (BOC*);U512AJF815;Command;No;1;No;CTMSRV;CTMCTM_E12AJF_08_Q;controlm;ldkctmp50;SRV_PRIMAIRE;3v045
CTM-CONTROL-M;CTMCTM_E12AJF_08_Q;CTMCTM_E12AJF_08_ORP07_Q;"June 26, 2026";"June 26, 2026 6:45:17 PM";"June 26, 2026 6:45:19 PM";;Ended OK;ctmldnrs: load des conditions AJF absentes (OAP*);AJF_CTM_860;Command;No;1;No;CTMSRV;CTMCTM_E12AJF_08_Q;controlm;ldkctmp50;SRV_PRIMAIRE;3v04c
CTM-CONTROL-M;CTMCTM_E12AJF_08_Q;CTMCTM_E12AJF_08_ORP08_Q;"June 26, 2026";"June 26, 2026 6:45:19 PM";"June 26, 2026 6:45:20 PM";;Ended OK;ctmldnrs: load des conditions AJF absentes (ECO*);AJF_CTM_820;Command;No;1;No;CTMSRV;CTMCTM_E12AJF_08_Q;controlm;ldkctmp50;SRV_PRIMAIRE;3v048
CTM-CONTROL-M;CTMCTM_E12AJF_08_Q;CTMCTM_E12AJF_08_ORP09_Q;"June 26, 2026";"June 26, 2026 6:45:20 PM";"June 26, 2026 6:45:21 PM";;Ended OK;ctmldnrs: load des conditions AJF absentes (XFB*);AJF_CTM_830;Command;No;1;No;CTMSRV;CTMCTM_E12AJF_08_Q;controlm;ldkctmp50;SRV_PRIMAIRE;3v049
CTM-CONTROL-M;CTMCTM_E12AJF_08_Q;CTMCTM_E12AJF_08_ORP10_Q;"June 26, 2026";"June 26, 2026 6:45:22 PM";"June 26, 2026 6:45:23 PM";;Ended OK;ctmldnrs: load des conditions AJF absentes (ALA*);AJF_CTM_840;Command;No;1;No;CTMSRV;CTMCTM_E12AJF_08_Q;controlm;ldkctmp50;SRV_PRIMAIRE;3v04a
CTM-CONTROL-M;CTMCTM_E12AJF_08_Q;CTMCTM_E12AJF_08_ORP11_Q;"June 26, 2026";"June 26, 2026 6:45:24 PM";"June 26, 2026 6:45:25 PM";;Ended OK;ctmldnrs: load des conditions AJF absentes (SIG*);AJF_CTM_850;Command;No;1;No;CTMSRV;CTMCTM_E12AJF_08_Q;controlm;ldkctmp50;SRV_PRIMAIRE;3v04b
CTM-CONTROL-M;CTMCTM_E12AJF_08_Q;CTMCTM_E12AJF_08_ORP12_Q;"June 26, 2026";"June 26, 2026 6:45:25 PM";"June 26, 2026 6:45:26 PM";;Ended OK;ctmldnrs: load des conditions AJF absentes (SAG*);AJF_CTM_850;Command;No;1;No;CTMSRV;CTMCTM_E12AJF_08_Q;controlm;ldkctmp50;SRV_PRIMAIRE;3v04d
CTM-CONTROL-M;CTMCTM_E12AJF_08_Q;CTMCTM_E12AJF_08_ORP13_Q;"June 26, 2026";"June 26, 2026 6:45:26 PM";"June 26, 2026 6:45:27 PM";;Ended OK;ctmldnrs: load des conditions AJF absentes (HRA*);AJF_CTM_850;Command;No;1;No;CTMSRV;CTMCTM_E12AJF_08_Q;controlm;ldkctmp50;SRV_PRIMAIRE;3v04e
CTM-CONTROL-M;CTMCTM_E12AJF_08_Q;CTMCTM_E12AJF_08_ORP14_Q;"June 26, 2026";"June 26, 2026 6:45:28 PM";"June 26, 2026 6:45:29 PM";;Ended OK;ctmldnrs: load des conditions AJF absentes (DWH*);AJF_CTM_850;Command;No;1;No;CTMSRV;CTMCTM_E12AJF_08_Q;controlm;ldkctmp50;SRV_PRIMAIRE;3v04f
CTM-CONTROL-M;CTMCTM_E12AJF_08_Q;CTMCTM_E12AJF_08_ORP15_Q;"June 26, 2026";"June 26, 2026 6:45:29 PM";"June 26, 2026 6:45:30 PM";;Ended OK;ctmldnrs: load des conditions AJF absentes (CSC*);AJF_CTM_850;Command;No;1;No;CTMSRV;CTMCTM_E12AJF_08_Q;controlm;ldkctmp50;SRV_PRIMAIRE;3v04g
CTM-CONTROL-M;CTMCTM_E12AJF_08_Q;CTMCTM_E12AJF_08_ORP16_Q;"June 26, 2026";"June 26, 2026 6:45:31 PM";"June 26, 2026 6:45:32 PM";;Ended OK;ctmldnrs: load des conditions AJF absentes (MDM*);AJF_CTM_850;Command;No;1;No;CTMSRV;CTMCTM_E12AJF_08_Q;controlm;ldkctmp50;SRV_PRIMAIRE;3v04h
CTM-CONTROL-M;CTMCTM_E12AJF_08_Q;CTMCTM_E12AJF_08_ORP17_Q;"June 26, 2026";"June 26, 2026 6:45:33 PM";"June 26, 2026 6:45:34 PM";;Ended OK;ctmldnrs: load des conditions AJF absentes (HA8*);AJF_CTM_850;Command;No;1;No;CTMSRV;CTMCTM_E12AJF_08_Q;controlm;ldkctmp50;SRV_PRIMAIRE;3v04i
CTM-CONTROL-M;CTMCTM_E12AJF_08_Q;CTMCTM_E12AJF_08_ORP18_Q;"June 26, 2026";"June 26, 2026 6:45:34 PM";"June 26, 2026 6:45:37 PM";;Ended OK;ctmldnrs: load des conditions AJF absentes (NRJ*);AJF_CTM_850;Command;No;1;No;CTMSRV;CTMCTM_E12AJF_08_Q;controlm;ldkctmp50;SRV_PRIMAIRE;3v04j
CTM-CONTROL-M;CTMCTM_E12AJF_08_Q;CTMCTM_E12AJF_08_ORP19_Q;"June 26, 2026";"June 26, 2026 6:45:37 PM";"June 26, 2026 6:45:38 PM";;Ended OK;ctmldnrs: load des conditions AJF absentes (OAF*);AJF_CTM_850;Command;No;1;No;CTMSRV;CTMCTM_E12AJF_08_Q;controlm;ldkctmp50;SRV_PRIMAIRE;3v04k
CTM-CONTROL-M;CTMCTM_E12AJF_08_Q;CTMCTM_E12AJF_08_ORP20_Q;"June 26, 2026";"June 26, 2026 6:45:39 PM";"June 26, 2026 6:45:40 PM";;Ended OK;ctmldnrs: load des conditions AJF absentes (OPM*);AJF_CTM_850;Command;No;1;No;CTMSRV;CTMCTM_E12AJF_08_Q;controlm;ldkctmp50;SRV_PRIMAIRE;3v04l
CTM-CONTROL-M;CTMCTM_E12AJF_08_Q;CTMCTM_E12AJF_08_ORP21_Q;"June 26, 2026";"June 26, 2026 6:45:41 PM";"June 26, 2026 6:45:42 PM";;Ended OK;ctmldnrs: load des conditions AJF absentes (OAA*);AJF_CTM_850;Command;No;1;No;CTMSRV;CTMCTM_E12AJF_08_Q;controlm;ldkctmp50;SRV_PRIMAIRE;3v04m
CTM-CONTROL-M;CTMCTM_E12AJF_08_Q;CTMCTM_E12AJF_08_ORP22_Q;"June 26, 2026";"June 26, 2026 6:45:42 PM";"June 26, 2026 6:45:43 PM";;Ended OK;ctmldnrs: load des conditions AJF absentes (PRO*);AJF_CTM_850;Command;No;1;No;CTMSRV;CTMCTM_E12AJF_08_Q;controlm;ldkctmp50;SRV_PRIMAIRE;3v04n
CTM-CONTROL-M;CTMCTM_E12AJF_08_Q;CTMCTM_E12AJF_08_ORP23_Q;"June 26, 2026";"June 26, 2026 6:45:44 PM";"June 26, 2026 6:45:45 PM";;Ended OK;ctmldnrs: load des conditions AJF absentes (DWS*);AJF_CTM_850;Command;No;1;No;CTMSRV;CTMCTM_E12AJF_08_Q;controlm;ldkctmp50;SRV_PRIMAIRE;3v04o
CTM-CONTROL-M;CTMCTM_E12AJF_08_Q;CTMCTM_E12AJF_08_ORP24_Q;"June 26, 2026";"June 26, 2026 6:45:46 PM";"June 26, 2026 6:45:47 PM";;Ended OK;ctmldnrs: load des conditions AJF absentes (DWA*);AJF_CTM_850;Command;No;1;No;CTMSRV;CTMCTM_E12AJF_08_Q;controlm;ldkctmp50;SRV_PRIMAIRE;3v04p
CTM-CONTROL-M;CTMCTM_E12AJF_08_Q;CTMCTM_E12AJF_08_ORP25_Q;"June 26, 2026";"June 26, 2026 6:45:47 PM";"June 26, 2026 6:45:48 PM";;Ended OK;ctmldnrs: load des conditions AJF absentes (DWF*);AJF_CTM_850;Command;No;1;No;CTMSRV;CTMCTM_E12AJF_08_Q;controlm;ldkctmp50;SRV_PRIMAIRE;3v04q
CTM-CONTROL-M;CTMCTM_E12AJF_08_Q;CTMCTM_E12AJF_08_ORP26_Q;"June 26, 2026";"June 26, 2026 6:45:49 PM";"June 26, 2026 6:45:50 PM";;Ended OK;ctmldnrs: load des conditions AJF absentes (OPT*);AJF_CTM_850;Command;No;1;No;CTMSRV;CTMCTM_E12AJF_08_Q;controlm;ldkctmp50;SRV_PRIMAIRE;3v04r
CTM-CONTROL-M;CTMCTM_E12AJF_08_Q;CTMCTM_E12AJF_08_ORP27_Q;"June 26, 2026";"June 26, 2026 6:45:51 PM";"June 26, 2026 6:45:51 PM";;Ended OK;ctmldnrs: load des conditions AJF absentes (GTG*);AJF_CTM_850;Command;No;1;No;CTMSRV;CTMCTM_E12AJF_08_Q;controlm;ldkctmp50;SRV_PRIMAIRE;3v04s
CTM-CONTROL-M;CTMCTM_E12AJF_08_Q;CTMCTM_E12AJF_08_ORP28_Q;"June 26, 2026";"June 26, 2026 6:45:52 PM";"June 26, 2026 6:45:53 PM";;Ended OK;ctmldnrs: load des conditions AJF absentes (ARI*);AJF_CTM_850;Command;No;1;No;CTMSRV;CTMCTM_E12AJF_08_Q;controlm;ldkctmp50;SRV_PRIMAIRE;3v04t
CTM-CONTROL-M;CTMCTM_E12AJF_08_Q;CTMCTM_E12AJF_08_ORP29_Q;"June 26, 2026";"June 26, 2026 6:45:54 PM";"June 26, 2026 6:45:55 PM";;Ended OK;ctmldnrs: load des conditions AJF absentes (SRV*);AJF_CTM_850;Command;No;1;No;CTMSRV;CTMCTM_E12AJF_08_Q;controlm;ldkctmp50;SRV_PRIMAIRE;3v04u
CTM-CONTROL-M;CTMCTM_E12AJF_08_Q;CTMCTM_E12AJF_08_ORP30_Q;"June 26, 2026";"June 26, 2026 6:45:55 PM";"June 26, 2026 6:45:56 PM";;Ended OK;ctmldnrs: load des conditions AJF absentes (FST*);AJF_CTM_850;Command;No;1;No;CTMSRV;CTMCTM_E12AJF_08_Q;controlm;ldkctmp50;SRV_PRIMAIRE;3v04v
CTM-CONTROL-M;CTMCTM_E12AJF_08_Q;CTMCTM_E12AJF_08_ORP31_Q;"June 26, 2026";"June 26, 2026 6:45:57 PM";"June 26, 2026 6:45:58 PM";;Ended OK;ctmldnrs: load des conditions AJF absentes (PIC*);AJF_CTM_850;Command;No;1;No;CTMSRV;CTMCTM_E12AJF_08_Q;controlm;ldkctmp50;SRV_PRIMAIRE;3v04w
CTM-CONTROL-M;CTMCTM_E12AJF_08_Q;CTMCTM_E12AJF_08_ORP32_Q;"June 26, 2026";"June 26, 2026 6:45:59 PM";"June 26, 2026 6:46:00 PM";;Ended OK;ctmldnrs: load des conditions AJF absentes (SES*);AJF_CTM_850;Command;No;1;No;CTMSRV;CTMCTM_E12AJF_08_Q;controlm;ldkctmp50;SRV_PRIMAIRE;3v04x
CTM-CONTROL-M;CTMCTM_E12AJF_08_Q;CTMCTM_E12AJF_08_ORP33_Q;"June 26, 2026";"June 26, 2026 6:46:00 PM";"June 26, 2026 6:46:01 PM";;Ended OK;ctmldnrs: load des conditions AJF absentes (DIS*);AJF_CTM_850;Command;No;1;No;CTMSRV;CTMCTM_E12AJF_08_Q;controlm;ldkctmp50;SRV_PRIMAIRE;3v04y
CTM-CONTROL-M;CTMCTM_E12AJF_08_Q;CTMCTM_E12AJF_08_ORP34_Q;"June 26, 2026";"June 26, 2026 6:46:01 PM";"June 26, 2026 6:46:02 PM";;Ended OK;ctmldnrs: load des conditions AJF absentes (DIC*);AJF_CTM_850;Command;No;1;No;CTMSRV;CTMCTM_E12AJF_08_Q;controlm;ldkctmp50;SRV_PRIMAIRE;3v04z
CTM-CONTROL-M;CTMCTM_E12AJF_08_Q;CTMCTM_E12AJF_08_ORP35_Q;"June 26, 2026";"June 26, 2026 6:46:03 PM";"June 26, 2026 6:46:04 PM";;Ended OK;ctmldnrs: load des conditions AJF absentes (HAM*);AJF_CTM_850;Command;No;1;No;CTMSRV;CTMCTM_E12AJF_08_Q;controlm;ldkctmp50;SRV_PRIMAIRE;3v050
CTM-CONTROL-M;CTMCTM_E12AJF_08_Q;CTMCTM_E12AJF_08_ORP36_Q;"June 26, 2026";"June 26, 2026 6:46:04 PM";"June 26, 2026 6:46:05 PM";;Ended OK;ctmldnrs: load des conditions AJF absentes (DWC*);AJF_CTM_850;Command;No;1;No;CTMSRV;CTMCTM_E12AJF_08_Q;controlm;ldkctmp50;SRV_PRIMAIRE;3v051
CTM-CONTROL-M;CTMCTM_E12AJF_08_Q;CTMCTM_E12AJF_08_ORP37_Q;"June 26, 2026";"June 26, 2026 6:46:06 PM";"June 26, 2026 6:46:07 PM";;Ended OK;ctmldnrs: load des conditions AJF absentes (DTR*);AJF_CTM_850;Command;No;1;No;CTMSRV;CTMCTM_E12AJF_08_Q;controlm;ldkctmp50;SRV_PRIMAIRE;3v052
CTM-CONTROL-M;CTMCTM_E12AJF_08_Q;CTMCTM_E12AJF_08_ORP38_Q;"June 26, 2026";"June 26, 2026 6:46:08 PM";"June 26, 2026 6:46:10 PM";;Ended OK;ctmldnrs: load des conditions AJF absentes (PEL*);AJF_CTM_850;Command;No;1;No;CTMSRV;CTMCTM_E12AJF_08_Q;controlm;ldkctmp50;SRV_PRIMAIRE;3v053
CTM-CONTROL-M;CTMCTM_E12AJF_08_Q;CTMCTM_E12AJF_08_ORP39_Q;"June 26, 2026";"June 26, 2026 6:46:11 PM";"June 26, 2026 6:46:12 PM";;Ended OK;ctmldnrs: load des conditions AJF absentes (HAV*);AJF_CTM_850;Command;No;1;No;CTMSRV;CTMCTM_E12AJF_08_Q;controlm;ldkctmp50;SRV_PRIMAIRE;3v054
CTM-CONTROL-M;CTMCTM_E12AJF_08_Q;CTMCTM_E12AJF_08_ORP40_Q;"June 26, 2026";"June 26, 2026 6:46:12 PM";"June 26, 2026 6:46:13 PM";;Ended OK;ctmldnrs: load des conditions AJF absentes (HO*) HOLD et HOLD2;AJF_CTM_850;Command;No;1;No;CTMSRV;CTMCTM_E12AJF_08_Q;controlm;ldkctmp50;SRV_PRIMAIRE;3v055
CTM-CONTROL-M;CTMCTM_E12AJF_08_Q;CTMCTM_E12AJF_08_ORP41_Q;"June 26, 2026";"June 26, 2026 6:46:14 PM";"June 26, 2026 6:46:15 PM";;Ended OK;ctmldnrs: load des conditions AJF absentes (SIC*);AJF_CTM_850;Command;No;1;No;CTMSRV;CTMCTM_E12AJF_08_Q;controlm;ldkctmp50;SRV_PRIMAIRE;3v056
CTM-CONTROL-M;CTMCTM_E12AJF_08_Q;CTMCTM_E12AJF_08_ORP42_Q;"June 26, 2026";"June 26, 2026 6:46:16 PM";"June 26, 2026 6:46:17 PM";;Ended OK;ctmldnrs: load des conditions AJF absentes (OFA*);AJF_CTM_850;Command;No;1;No;CTMSRV;CTMCTM_E12AJF_08_Q;controlm;ldkctmp50;SRV_PRIMAIRE;3v057
CTM-CONTROL-M;CTMCTM_E12AJF_08_Q;CTMCTM_E12AJF_08_ORP43_Q;"June 26, 2026";"June 26, 2026 6:46:17 PM";"June 26, 2026 6:46:18 PM";;Ended OK;ctmldnrs: load des conditions AJF absentes (AGG*);AJF_CTM_850;Command;No;1;No;CTMSRV;CTMCTM_E12AJF_08_Q;controlm;ldkctmp50;SRV_PRIMAIRE;3v058
CTM-CONTROL-M;CTMCTM_E12AJF_08_Q;CTMCTM_E12AJF_08_ORP44_Q;"June 26, 2026";"June 26, 2026 6:46:19 PM";"June 26, 2026 6:46:20 PM";;Ended OK;ctmldnrs: load des conditions AJF absentes (GRT*);AJF_CTM_850;Command;No;1;No;CTMSRV;CTMCTM_E12AJF_08_Q;controlm;ldkctmp50;SRV_PRIMAIRE;3v059
CTM-CONTROL-M;CTMCTM_E12AJF_08_Q;CTMCTM_E12AJF_08_ORP45_Q;"June 26, 2026";"June 26, 2026 6:46:21 PM";"June 26, 2026 6:46:22 PM";;Ended OK;ctmldnrs: load des conditions AJF absentes (NSI*);AJF_CTM_850;Command;No;1;No;CTMSRV;CTMCTM_E12AJF_08_Q;controlm;ldkctmp50;SRV_PRIMAIRE;3v05a
CTM-CONTROL-M;CTMCTM_E12AJF_08_Q;CTMCTM_E12AJF_08_ORP46_Q;"June 26, 2026";"June 26, 2026 6:46:22 PM";"June 26, 2026 6:46:23 PM";;Ended OK;ctmldnrs: load des conditions AJF absentes (C2E*);AJF_CTM_850;Command;No;1;No;CTMSRV;CTMCTM_E12AJF_08_Q;controlm;ldkctmp50;SRV_PRIMAIRE;3v05b
CTM-CONTROL-M;CTMCTM_E12AJF_08_Q;CTMCTM_E12AJF_08_ORP47_Q;"June 26, 2026";"June 26, 2026 6:46:24 PM";"June 26, 2026 6:46:25 PM";;Ended OK;ctmldnrs: load des conditions AJF absentes (MYD*);AJF_CTM_850;Command;No;1;No;CTMSRV;CTMCTM_E12AJF_08_Q;controlm;ldkctmp50;SRV_PRIMAIRE;3v05c
CTM-CONTROL-M;CTMCTM_E12AJF_08_Q;CTMCTM_E12AJF_08_ORP48_Q;"June 26, 2026";"June 26, 2026 6:46:26 PM";"June 26, 2026 6:46:27 PM";;Ended OK;ctmldnrs: load des conditions AJF absentes (DEC*);AJF_CTM_850;Command;No;1;No;CTMSRV;CTMCTM_E12AJF_08_Q;controlm;ldkctmp50;SRV_PRIMAIRE;3v05d
CTM-CONTROL-M;CTMCTM_E12AJF_08_Q;CTMCTM_E12AJF_08_ORP49_Q;"June 26, 2026";"June 26, 2026 6:46:27 PM";"June 26, 2026 6:46:28 PM";;Ended OK;ctmldnrs: load des conditions AJF absentes (CTX*);AJF_CTM_850;Command;No;1;No;CTMSRV;CTMCTM_E12AJF_08_Q;controlm;ldkctmp50;SRV_PRIMAIRE;3v05e
CTM-CONTROL-M;CTMCTM_E12AJF_08_Q;CTMCTM_E12AJF_08_ORP50_Q;"June 26, 2026";"June 26, 2026 6:46:29 PM";"June 26, 2026 6:46:30 PM";;Ended OK;ctmldnrs: load des conditions AJF absentes (FAX*);AJF_CTM_850;Command;No;1;No;CTMSRV;CTMCTM_E12AJF_08_Q;controlm;ldkctmp50;SRV_PRIMAIRE;3v05f
CTM-CONTROL-M;CTMCTM_E12AJF_08_Q;CTMCTM_E12AJF_08_ORP51_Q;"June 26, 2026";"June 26, 2026 6:46:31 PM";"June 26, 2026 6:46:32 PM";;Ended OK;ctmldnrs: load des conditions AJF absentes (ALP*);AJF_CTM_850;Command;No;1;No;CTMSRV;CTMCTM_E12AJF_08_Q;controlm;ldkctmp50;SRV_PRIMAIRE;3v05g
CTM-CONTROL-M;CTMCTM_E12AJF_08_Q;CTMCTM_E12AJF_08_ORP52_Q;"June 26, 2026";"June 26, 2026 6:46:32 PM";"June 26, 2026 6:46:33 PM";;Ended OK;ctmldnrs: load des conditions AJF absentes (HAD*);AJF_CTM_850;Command;No;1;No;CTMSRV;CTMCTM_E12AJF_08_Q;controlm;ldkctmp50;SRV_PRIMAIRE;3v05h
CTM-CONTROL-M;CTMCTM_E12AJF_08_Q;CTMCTM_E12AJF_08_ORP53_Q;"June 26, 2026";"June 26, 2026 6:46:34 PM";"June 26, 2026 6:46:35 PM";;Ended OK;ctmldnrs: load des conditions AJF absentes (BDM*);AJF_CTM_850;Command;No;1;No;CTMSRV;CTMCTM_E12AJF_08_Q;controlm;ldkctmp50;SRV_PRIMAIRE;3v05i
CTM-CONTROL-M;CTMCTM_E12AJF_08_Q;CTMCTM_E12AJF_08_ORP54_Q;"June 26, 2026";"June 26, 2026 6:46:36 PM";"June 26, 2026 6:46:37 PM";;Ended OK;ctmldnrs: load des conditions AJF absentes (BAB*);AJF_CTM_850;Command;No;1;No;CTMSRV;CTMCTM_E12AJF_08_Q;controlm;ldkctmp50;SRV_PRIMAIRE;3v05j
CTM-CONTROL-M;CTMCTM_E12AJF_08_Q;CTMCTM_E12AJF_08_ORP55_Q;"June 26, 2026";"June 26, 2026 6:46:37 PM";"June 26, 2026 6:46:38 PM";;Ended OK;ctmldnrs: load des conditions AJF absentes (ECA*);AJF_CTM_850;Command;No;1;No;CTMSRV;CTMCTM_E12AJF_08_Q;controlm;ldkctmp50;SRV_PRIMAIRE;3v05k
CTM-CONTROL-M;CTMCTM_E12AJF_08_Q;CTMCTM_E12AJF_08_ORP56_Q;"June 26, 2026";"June 26, 2026 6:46:39 PM";"June 26, 2026 6:46:40 PM";;Ended OK;ctmldnrs: load des conditions AJF absentes (CTM*);AJF_CTM_850;Command;No;1;No;CTMSRV;CTMCTM_E12AJF_08_Q;controlm;ldkctmp50;SRV_PRIMAIRE;3v05l
CTM-CONTROL-M;CTMCTM_E12AJF_08_Q;CTMCTM_E12AJF_08_ORP57_Q;"June 26, 2026";"June 26, 2026 6:46:40 PM";"June 26, 2026 6:46:41 PM";;Ended OK;ctmldnrs: load des conditions AJF absentes (NES*);AJF_CTM_850;Command;No;1;No;CTMSRV;CTMCTM_E12AJF_08_Q;controlm;ldkctmp50;SRV_PRIMAIRE;3v05m
CTM-CONTROL-M;CTMCTM_E12AJF_08_Q;CTMCTM_E12AJF_08_ORP58_Q;"June 26, 2026";"June 26, 2026 6:46:41 PM";"June 26, 2026 6:46:42 PM";;Ended OK;ctmldnrs: load des conditions AJF absentes (V4D*);CTMCTM_E12AJF_08_ORP58_Q;Command;No;1;No;CTMSRV;CTMCTM_E12AJF_08_Q;controlm;ldkctmp50;SRV_PRIMAIRE;3v05o
CTM-CONTROL-M;CTMCTM_E12AJF_08_Q;CTMCTM_E12AJF_08_ORP59_Q;"June 26, 2026";"June 26, 2026 6:46:43 PM";"June 26, 2026 6:46:44 PM";;Ended OK;ctmldnrs: load des conditions AJF absentes (REF*);CTMCTM_E12AJF_08_ORP59_Q;Command;No;1;No;CTMSRV;CTMCTM_E12AJF_08_Q;controlm;ldkctmp50;SRV_PRIMAIRE;3v05n
CTM-CONTROL-M;CTMCTM_E12AJF_08_Q;CTMCTM_E12AJF_08_ORP60_Q;"June 26, 2026";"June 26, 2026 6:46:45 PM";"June 26, 2026 6:46:46 PM";;Ended OK;ctmldnrs: load des conditions AJF absentes (CIT*);CTMCTM_E12AJF_08_ORP60_Q;Command;No;1;No;CTMSRV;CTMCTM_E12AJF_08_Q;controlm;ldkctmp50;SRV_PRIMAIRE;3v05q
CTM-CONTROL-M;CTMCTM_E12AJF_08_Q;CTMCTM_E12AJF_08_ORP61_Q;"June 26, 2026";"June 26, 2026 6:46:47 PM";"June 26, 2026 6:46:48 PM";;Ended OK;ctmldnrs: load des conditions AJF absentes (HEC*);CTMCTM_E12AJF_08_ORP61_Q;Command;No;1;No;CTMSRV;CTMCTM_E12AJF_08_Q;controlm;ldkctmp50;SRV_PRIMAIRE;3v05p
CTM-CONTROL-M;CTMCTM_E12AJF_08_Q;CTMCTM_E12AJF_08_ORP62_Q;"June 26, 2026";"June 26, 2026 6:46:39 PM";"June 26, 2026 6:46:40 PM";;Ended OK;ctmldnrs: load des conditions AJF absentes (CEL*);CTMCTM_E12AJF_08_ORP62_Q;Command;No;1;No;CTMSRV;CTMCTM_E12AJF_08_Q;controlm;ldkctmp50;SRV_PRIMAIRE;3v05r
CTM-CONTROL-M;CTMCTM_E12AJF_08_Q;CTMCTM_E12AJF_08_ORP63_Q;"June 26, 2026";"June 26, 2026 6:46:39 PM";"June 26, 2026 6:46:41 PM";;Ended OK;ctmldnrs: load des conditions AJF absentes (GTN*);CTMCTM_E12AJF_08_ORP62_Q;Command;No;1;No;CTMSRV;CTMCTM_E12AJF_08_Q;controlm;ldkctmp50;SRV_PRIMAIRE;3v05s
CTM-CONTROL-M;CTMCTM_E12AJF_08_Q;CTMCTM_E12AJF_08_ORP64_Q;"June 26, 2026";"June 26, 2026 6:46:41 PM";"June 26, 2026 6:46:42 PM";;Ended OK;ctmldnrs: load des conditions AJF absentes (FIN*);CTMCTM_E12AJF_08_ORP62_Q;Command;No;1;No;CTMSRV;CTMCTM_E12AJF_08_Q;controlm;ldkctmp50;SRV_PRIMAIRE;3v05t
CTM-CONTROL-M;CTMCTM_E12AJF_08_Q;CTMCTM_E12AJF_08_ORP65_Q;"June 26, 2026";"June 26, 2026 6:46:43 PM";"June 26, 2026 6:46:44 PM";;Ended OK;ctmldnrs: load des conditions AJF absentes (PFE*);CTMCTM_E12AJF_08_ORP62_Q;Command;No;1;No;CTMSRV;CTMCTM_E12AJF_08_Q;controlm;ldkctmp50;SRV_PRIMAIRE;3v05u
CTM-CONTROL-M;CTMCTM_E12AJF_08_Q;CTMCTM_E12AJF_08_ORP66_Q;"June 26, 2026";"June 26, 2026 6:46:45 PM";"June 26, 2026 6:46:46 PM";;Ended OK;ctmldnrs: load des conditions AJF absentes (KDR*);CTMCTM_E12AJF_08_ORP62_Q;Command;No;1;No;CTMSRV;CTMCTM_E12AJF_08_Q;controlm;ldkctmp50;SRV_PRIMAIRE;3v05v
CTM-CONTROL-M;CTMCTM_E12TEC_04_Q;CTMCTM_E12TEC_04_SUB16_Q;"June 26, 2026";"June 27, 2026 4:00:00 AM";"June 27, 2026 4:00:00 AM";;Ended OK;Soumission scripts DWH à 04h00;SUBT0400 DWH;Dummy;No;1;No;CTMSRV;CTMCTM_E12TEC_04_Q;root;;;3v1dt
CTM-CONTROL-M;CTMCTM_E12TEC_04_Q;CTMCTM_E12TEC_04_SUB24_Q;"June 26, 2026";"June 27, 2026 6:30:00 AM";"June 27, 2026 6:30:00 AM";;Ended OK;Soumission scripts XFB à 06h30;SUBT0630 XFB;Dummy;No;1;No;CTMSRV;CTMCTM_E12TEC_04_Q;root;;;3v1du
CTM-CONTROL-M;CTMCTM_E12TEC_04_Q;CTMCTM_E12TEC_04_SUB27_Q;"June 26, 2026";;;;Wait for Event;Soumission scripts DWH à 07h40;SUBT0740 DWH;Dummy;No;0;No;CTMSRV;CTMCTM_E12TEC_04_Q;root;;;3v1dv
CTM-CONTROL-M;CTMCTM_E12TEC_04_Q;CTMCTM_E12TEC_04_SUB28_Q;"June 26, 2026";;;;Wait for Event;Soumission scripts DWH à 08h00;SUBT0800 DWH;Dummy;No;0;No;CTMSRV;CTMCTM_E12TEC_04_Q;root;;;3v1dw
CTM-CONTROL-M;CTMCTM_E12TEC_04_Q;CTMCTM_E12TEC_04_SUB30_Q;"June 26, 2026";;;;Wait for Event;Soumission scripts à 11h00 DWH;SUBT1100 DWH;Dummy;No;0;No;CTMSRV;CTMCTM_E12TEC_04_Q;root;;;3v1dx
CTM-CONTROL-M;CTMCTM_E13TEC_04_Q;CTMCTM_E13TEC_04_SUB38_Q;"June 26, 2026";"June 27, 2026 3:30:00 AM";"June 27, 2026 3:30:00 AM";;Ended OK;Soumission scripts PEL à 03h30;SUBT0330 PEL;Dummy;No;1;No;CTMSRV;CTMCTM_E13TEC_04_Q;root;;;3uzfd
CTM-CONTROL-M;CTMCTM_E13TEC_04_Q;CTMCTM_E13TEC_04_SUB39_Q;"June 26, 2026";"June 27, 2026 4:00:00 AM";"June 27, 2026 4:00:00 AM";;Ended OK;Soumission scripts à 04h00 PEL;SUBT0400 PEL;Dummy;No;1;No;CTMSRV;CTMCTM_E13TEC_04_Q;root;;;3uzfe
CTM-CONTROL-M;CTMCTM_E13TEC_04_Q;CTMCTM_E13TEC_04_SUB40_Q;"June 26, 2026";"June 27, 2026 4:30:00 AM";"June 27, 2026 4:30:00 AM";;Ended OK;Soumission scripts PEL à 04h30;SUBT0430 PEL;Dummy;No;1;No;CTMSRV;CTMCTM_E13TEC_04_Q;root;;;3uzff
CTM-CONTROL-M;CTMCTM_E13TEC_04_Q;CTMCTM_E13TEC_04_SUB42_Q;"June 26, 2026";"June 27, 2026 4:15:00 AM";"June 27, 2026 4:15:00 AM";;Ended OK;Soumission scripts PEL à 04h15;SUBT0530 PEL;Dummy;No;1;No;CTMSRV;CTMCTM_E13TEC_04_Q;root;;;3uzfg
CTM-CONTROL-M;CTMCTM_E13TEC_04_Q;CTMCTM_E13TEC_04_SUB43_Q;"June 26, 2026";"June 27, 2026 6:00:00 AM";"June 27, 2026 6:00:00 AM";;Ended OK;Lancement PEL 06h00;SUBT0600 PEL;Dummy;No;1;No;CTMSRV;CTMCTM_E13TEC_04_Q;root;;;3uzfh
CTM-CONTROL-M;CTMCTM_E13TEC_04_Q;CTMCTM_E13TEC_04_SUB44_Q;"June 26, 2026";"June 27, 2026 6:15:00 AM";"June 27, 2026 6:15:00 AM";;Ended OK;Lancement PEL 06h15;SUBT0615 PEL;Dummy;No;1;No;CTMSRV;CTMCTM_E13TEC_04_Q;root;;;3uzfi
CTM-CONTROL-M;CTMCTM_E13TEC_04_Q;CTMCTM_E13TEC_04_SUB45_Q;"June 26, 2026";"June 27, 2026 6:30:00 AM";"June 27, 2026 6:30:00 AM";;Ended OK;Lancement PEL 06h30;SUBT0630 PEL;Dummy;No;1;No;CTMSRV;CTMCTM_E13TEC_04_Q;root;;;3uzfj
CTM-CONTROL-M;CTMCTM_E13TEC_04_Q;CTMCTM_E13TEC_04_SUB46_Q;"June 26, 2026";"June 27, 2026 7:00:00 AM";"June 27, 2026 7:00:00 AM";;Ended OK;Lancement PEL 07h00;SUBT0700 PEL;Dummy;No;1;No;CTMSRV;CTMCTM_E13TEC_04_Q;root;;;3uzfk
CTM-CONTROL-M;CTMCTM_E13TEC_04_Q;CTMCTM_E13TEC_04_SUB47_Q;"June 26, 2026";;;;Wait for Event;Lancement PEL 07h15;SUBT0715 PEL;Dummy;No;0;No;CTMSRV;CTMCTM_E13TEC_04_Q;root;;;3uzfl
CTM-CONTROL-M;CTMCTM_E13TEC_04_Q;CTMCTM_E13TEC_04_SUB51_Q;"June 26, 2026";"June 26, 2026 7:30:00 PM";"June 26, 2026 7:30:00 PM";;Ended OK;Soumission scripts PEL  à 21h00;SUBT2100 PEL;Dummy;No;1;No;CTMSRV;CTMCTM_E13TEC_04_Q;root;;;3uzfm
CTM-CONTROL-M;CTMCTM_E14TEC_04_Q;CTMCTM_E14TEC_04_EXP01_Q;"June 26, 2026";;;0810;Wait for Event;ExtractJobsCTM  &  Envoi : Suivi + PrairieCloture;ExtractCsvPlanCurrent_HELIOS_V9.ksh;Job;No;0;Yes;CTMSRV;CTMCTM_E14TEC_04_Q;controlm;SRV_PRIMAIRE;SRV_PRIMAIRE;3v0ba
CTM-CONTROL-M;CTMCTM_E14TEC_04_Q;CTMCTM_E14TEC_04_EXP02_Q;"June 26, 2026";"June 26, 2026 1:45:23 PM";"June 26, 2026 1:45:23 PM";;Ended OK;ExtractCsvPlanArch => Extract_Full_YYYYMM.csv;ExtractCsvPlanArch.ksh;Dummy;No;1;No;CTMSRV;CTMCTM_E14TEC_04_Q;controlm;;SRV_PRIMAIRE;3v0bb
CTM-CONTROL-M;CTMCTM_E14TEC_04_Q;CTMCTM_E14TEC_04_EXP03_Q;"June 26, 2026";"June 26, 2026 4:00:00 PM";"June 26, 2026 4:04:22 PM";;Ended OK;ExtractCTMIndicMens => ODAT: yymmjj.csv;ExtractCTMIndicMens.ksh;Job;No;1;No;CTMSRV;CTMCTM_E14TEC_04_Q;controlm;ldkctmp50;SRV_PRIMAIRE;3v0bc
CTM-CONTROL-M;CTMCTM_E14TEC_04_Q;CTMCTM_E14TEC_04_EXP04_Q;"June 26, 2026";"June 26, 2026 4:45:24 PM";"June 26, 2026 4:45:25 PM";;Ended OK;ExtractJobsCTM Manuelle : Suivi + PrairieCloture;ExtractCsvPlanCurrent_HELIOS_V9.ksh;Job;No;2;Yes;CTMSRV;CTMCTM_E14TEC_04_Q;controlm;ldkctmp50;SRV_PRIMAIRE;3v0be
CTM-CONTROL-M;CTMCTM_E14TEC_04_Q;CTMCTM_E14TEC_04_EXP06_Q;"June 26, 2026";"June 26, 2026 2:00:00 PM";"June 26, 2026 2:04:21 PM";;Ended OK;ExtractJobsCTM Plan -1  : Suivi + PrairieCloture;ExtractCsvPlanCurrent_Jm1.ksh;Job;No;1;No;CTMSRV;CTMCTM_E14TEC_04_Q;controlm;ldkctmp50;SRV_PRIMAIRE;3v0bd
CTM-CONTROL-M;CTMCTM_E14TEC_04_Q;CTMCTM_E14TEC_04_EXP12_Q;"June 26, 2026";"June 27, 2026 6:00:00 AM";"June 27, 2026 6:00:01 AM";;Wait for Event;ExtractJobsCTM  &  Envoi : Suivi + PrairieCloture  DTR;ExtractCsvPlanCurrent_HELIOS_DTR_V9.ksh;Job;No;1;Yes;CTMSRV;CTMCTM_E14TEC_04_Q;controlm;ldkctmp50;SRV_PRIMAIRE;3v0bj
CTM-CONTROL-M;CTMCTM_E14TEC_04_Q;CTMCTM_E14TEC_04_EXP13_Q;"June 26, 2026";"June 27, 2026 6:00:01 AM";"June 27, 2026 6:02:13 AM";;Wait for Event;ExtractJobsCTM  &  Envoi : Suivi + PrairieCloture Finance;ExtractCsvPlanCurrent_HELIOS_Finance_V9.ksh;Job;No;1;Yes;CTMSRV;CTMCTM_E14TEC_04_Q;controlm;ldkctmp50;SRV_PRIMAIRE;3v0bl
CTM-CONTROL-M;CTMCTM_E14TEC_04_Q;CTMCTM_E14TEC_04_SUB04_Q;"June 26, 2026";"June 26, 2026 2:00:00 PM";"June 26, 2026 2:00:00 PM";;Ended OK;declenchement des travaux batch a 14h00;SUBT1400;Dummy;No;1;No;CTMSRV;CTMCTM_E14TEC_04_Q;root;;;3v0b7
CTM-CONTROL-M;CTMCTM_E14TEC_04_Q;CTMCTM_E14TEC_04_SUB05_Q;"June 26, 2026";"June 26, 2026 5:00:00 PM";"June 26, 2026 5:00:00 PM";;Ended OK;declenchement des travaux batch a 17h00;SUBT1700;Dummy;No;1;No;CTMSRV;CTMCTM_E14TEC_04_Q;root;;;3v0b8
CTM-CONTROL-M;CTMCTM_E14TEC_04_Q;CTMCTM_E14TEC_04_SUB08_Q;"June 26, 2026";"June 26, 2026 1:30:11 PM";"June 26, 2026 1:30:11 PM";;Ended OK;Go lancement prod sur ECS;UEMASUB_GO_ECS;Dummy;No;1;No;CTMSRV;CTMCTM_E14TEC_04_Q;root;;;3v0b9
CTM-CONTROL-M;CTMCTM_E14TEC_04_Q;CTMCTM_E14TEC_04_WRK01_Q;"June 26, 2026";"June 27, 2026 7:06:00 AM";;0810;Executing;START FIRST : ExtractCsvPlanCourant ReportingFacility V8;Reporting_ctm_courant_csv_v9.bat;Job;No;1;Yes;CTMSRV;CTMCTM_E14TEC_04_Q;svce_cm;wdkpmadp01;A_W_PMAD01;3v0bh
CTM-CONTROL-M;CTMCTM_E14TEC_04_Q;CTMCTM_E14TEC_04_WRK02_Q;"June 26, 2026";"June 26, 2026 1:45:00 PM";"June 26, 2026 1:45:23 PM";;Ended OK;START FIRST : ExtractCsvPlanArch ReportingFacility V8;Reporting_ctm_archiv_csv_v9 .bat;Job;No;1;No;CTMSRV;CTMCTM_E14TEC_04_Q;svce_cm;wdkpmadp01;A_W_PMAD01;3v0bf
CTM-CONTROL-M;CTMCTM_E14TEC_04_Q;CTMCTM_E14TEC_04_WRK04_Q;"June 26, 2026";"June 26, 2026 4:45:00 PM";"June 26, 2026 4:45:23 PM";;Ended OK;START FIRST : ExtractCsvPlanCourant ReportingFacility V8;Reporting_ctm_courant_csv_v9.bat;Job;No;2;Yes;CTMSRV;CTMCTM_E14TEC_04_Q;svce_cm;wdkpmadp01;A_W_PMAD01;3v0bg
CTM-CONTROL-M;CTMCTM_E14TEC_04_Q;CTMCTM_E14TEC_04_WRK12_Q;"June 26, 2026";"June 27, 2026 5:50:00 AM";"June 27, 2026 5:50:23 AM";;Wait for Event;START FIRST : ExtractCsvPlanCourant ReportingFacility V8 DTR;Reporting_ctm_courant_csv_v9.bat;Job;No;1;Yes;CTMSRV;CTMCTM_E14TEC_04_Q;svce_cm;wdkpmadp01;A_W_PMAD01;3v0bi
CTM-CONTROL-M;CTMCTM_E14TEC_04_Q;CTMCTM_E14TEC_04_WRK13_Q;"June 26, 2026";"June 27, 2026 5:50:24 AM";"June 27, 2026 5:50:42 AM";;Wait for Event;START FIRST : ExtractCsvPlanCourant ReportingFacility V8 Finance;Reporting_ctm_courant_csv_v9.bat;Job;No;1;Yes;CTMSRV;CTMCTM_E14TEC_04_Q;svce_cm;wdkpmadp01;A_W_PMAD01;3v0bk
CTM-CONTROL-M;CTMCTM_E15TEC_04_Q;CTMCTM_E15TEC_04_SUB04_Q;"June 26, 2026";"June 26, 2026 2:00:00 PM";"June 26, 2026 2:00:00 PM";;Ended OK;declenchement des travaux SES  batchs a 14h00;SUBT1400 SESAME;Dummy;No;1;No;CTMSRV;CTMCTM_E15TEC_04_Q;root;;;3uzg5
CTM-CONTROL-M;CTMCTM_E17TEC_04_Q;CTMCTM_E17TEC_04_SUB08_Q;"June 26, 2026";"June 26, 2026 1:30:10 PM";"June 26, 2026 1:30:10 PM";;Ended OK;Go lancement prod sur SESAME;UEMBSUB_GO_SESAME;Dummy;No;1;No;CTMSRV;CTMCTM_E17TEC_04_Q;root;;;3uzlb
CTM-CONTROL-M;CTMCTM_E18TEC_04_Q;CTMCTM_E18TEC_04_SUB53_Q;"June 26, 2026";"June 27, 2026 6:00:00 AM";"June 27, 2026 6:00:00 AM";;Ended OK;job de soumission batch HAV 06h00;SUBT0600 HAV;Dummy;No;1;No;CTMSRV;CTMCTM_E18TEC_04_Q;CONTROLM;;;3uzhq
CTM-CONTROL-M;CTMCTM_E19TEC_04_Q;CTMCTM_E19TEC_04_SUB63_Q;"June 26, 2026";"June 27, 2026 6:00:00 AM";"June 27, 2026 6:00:00 AM";;Ended OK;Soumission scripts  DPRHORA a 06h00;SUBT0700  DPRHORA;Dummy;No;1;No;CTMSRV;CTMCTM_E19TEC_04_Q;root;;;3v16h
CTM-CONTROL-M;CTMCTM_E1ATEC_04_Q;CTMCTM_E1ATEC_04_SUB1G_Q;"June 26, 2026";;;;Wait for Event;Soumission scripts NRJ NES a 11h00;SUBT1100 NRJ NES;Dummy;No;0;No;CTMSRV;CTMCTM_E1ATEC_04_Q;root;;;3v0tf
CTM-CONTROL-M;CTMCTM_E1ATEC_04_Q;CTMCTM_E1ATEC_04_SUB1R_Q;"June 26, 2026";"June 26, 2026 2:00:00 PM";"June 26, 2026 2:00:00 PM";;Ended OK;Soumission scripts a 14h00 HOL SIG NES NRJ;SUBT1400 HOL SIG NES NRJ;Dummy;No;1;No;CTMSRV;CTMCTM_E1ATEC_04_Q;root;;;3v0tg
CTM-CONTROL-M;CTMCTM_E1ATEC_04_Q;CTMCTM_E1ATEC_04_SUB2A_Q;"June 26, 2026";"June 26, 2026 5:00:00 PM";"June 26, 2026 5:00:00 PM";;Ended OK;Soumission scripts NEJ NES  a 17h00;SUBT1700 NRJ NES;Dummy;No;1;No;CTMSRV;CTMCTM_E1ATEC_04_Q;root;;;3v0th
CTM-CONTROL-M;CTMCTM_E1ATEC_04_Q;CTMCTM_E1ATEC_04_SUB86_Q;"June 26, 2026";"June 27, 2026 12:15:00 AM";"June 27, 2026 12:15:00 AM";;Ended OK;Soumission scripts HOLD a 00h15;SUBT0015 HOLD;Dummy;No;1;No;CTMSRV;CTMCTM_E1ATEC_04_Q;root;;;3v0t8
CTM-CONTROL-M;CTMCTM_E1ATEC_04_Q;CTMCTM_E1ATEC_04_SUB87_Q;"June 26, 2026";"June 27, 2026 2:00:00 AM";"June 27, 2026 2:00:00 AM";;Ended OK;Soumission scripts NRJ NES a 02h00;SUBT0200 NRJ NES;Dummy;No;1;No;CTMSRV;CTMCTM_E1ATEC_04_Q;root;;;3v0t9
CTM-CONTROL-M;CTMCTM_E1ATEC_04_Q;CTMCTM_E1ATEC_04_SUB90_Q;"June 26, 2026";"June 27, 2026 6:00:00 AM";"June 27, 2026 6:00:00 AM";;Ended OK;Soumission scripts HOLD  a 06h00;SUBT0600 HOLD;Dummy;No;1;No;CTMSRV;CTMCTM_E1ATEC_04_Q;root;;;3v0ta
CTM-CONTROL-M;CTMCTM_E1ATEC_04_Q;CTMCTM_E1ATEC_04_SUB91_Q;"June 26, 2026";"June 27, 2026 6:30:00 AM";"June 27, 2026 6:30:00 AM";;Ended OK;Soumission scripts XFB  a 06h30;SUBT0630 XFB;Dummy;No;1;No;CTMSRV;CTMCTM_E1ATEC_04_Q;root;;;3v0tb
CTM-CONTROL-M;CTMCTM_E1ATEC_04_Q;CTMCTM_E1ATEC_04_SUB92_Q;"June 26, 2026";"June 27, 2026 7:00:00 AM";"June 27, 2026 7:00:00 AM";;Ended OK;Soumission scripts SIG a 07h00;SUBT0700 SIG;Dummy;No;1;No;CTMSRV;CTMCTM_E1ATEC_04_Q;root;;;3v0tc
CTM-CONTROL-M;CTMCTM_E1ATEC_04_Q;CTMCTM_E1ATEC_04_SUB93_Q;"June 26, 2026";;;;Wait for Event;Soumission scripts HOLD a 07h15;SUBT0715 HOLD;Dummy;No;0;No;CTMSRV;CTMCTM_E1ATEC_04_Q;root;;;3v0td
CTM-CONTROL-M;CTMCTM_E1ATEC_04_Q;CTMCTM_E1ATEC_04_SUB96_Q;"June 26, 2026";;;;Wait for Event;Soumission scripts NRJ NES a 08h00;SUBT0800 NRJ NES;Dummy;No;0;No;CTMSRV;CTMCTM_E1ATEC_04_Q;root;;;3v0te
CTM-CONTROL-M;CTMCTM_E1BTEC_04_Q;CTMCTM_E1BTEC_04_SUB2Q_Q;"June 26, 2026";"June 27, 2026 12:05:00 AM";"June 27, 2026 12:05:00 AM";;Ended OK;Soumission scripts OAP a 00h05;SUBT0005 OAP;Dummy;No;1;No;CTMSRV;CTMCTM_E1BTEC_04_Q;root;;;3v0ca
CTM-CONTROL-M;CTMCTM_E1BTEC_04_Q;CTMCTM_E1BTEC_04_SUB2R_Q;"June 26, 2026";"June 27, 2026 3:00:00 AM";"June 27, 2026 3:00:00 AM";;Ended OK;Soumission scripts  OAP  a 03h00;SUBT0300  OAP;Dummy;No;1;No;CTMSRV;CTMCTM_E1BTEC_04_Q;root;;;3v0cb
CTM-CONTROL-M;CTMCTM_E1BTEC_04_Q;CTMCTM_E1BTEC_04_SUB2U_Q;"June 26, 2026";"June 27, 2026 6:00:00 AM";"June 27, 2026 6:00:00 AM";;Ended OK;Soumission  OAP  scripts a 06h00;SUBT0600  OAP;Dummy;No;1;No;CTMSRV;CTMCTM_E1BTEC_04_Q;root;;;3v0cc
CTM-CONTROL-M;CTMCTM_E1BTEC_04_Q;CTMCTM_E1BTEC_04_SUB2V_Q;"June 26, 2026";"June 27, 2026 6:30:00 AM";"June 27, 2026 6:30:00 AM";;Ended OK;Soumission scripts OAP a 06h30;SUBT0630  OAP;Dummy;No;1;No;CTMSRV;CTMCTM_E1BTEC_04_Q;root;;;3v0cd
CTM-CONTROL-M;CTMCTM_E1BTEC_04_Q;CTMCTM_E1BTEC_04_SUB2W_Q;"June 26, 2026";"June 27, 2026 7:00:00 AM";"June 27, 2026 7:00:00 AM";;Ended OK;Soumission scripts  OAP a 07h00;SUBT0700  OAP;Dummy;No;1;No;CTMSRV;CTMCTM_E1BTEC_04_Q;root;;;3v0ce
CTM-CONTROL-M;CTMCTM_E1BTEC_04_Q;CTMCTM_E1BTEC_04_SUB3A_Q;"June 26, 2026";;;;Wait for Event;Soumission scripts  OAP a 08h00;SUBT0805  OAP;Dummy;No;0;No;CTMSRV;CTMCTM_E1BTEC_04_Q;root;;;3v0cf
CTM-CONTROL-M;CTMCTM_E1BTEC_04_Q;CTMCTM_E1BTEC_04_SUB3D_Q;"June 26, 2026";;;;Wait for Event;Soumission scripts  OAP a 08h45;SUBT0845  OAP;Dummy;No;0;No;CTMSRV;CTMCTM_E1BTEC_04_Q;root;;;3v0cg
CTM-CONTROL-M;CTMCTM_E1BTEC_04_Q;CTMCTM_E1BTEC_04_SUB3H_Q;"June 26, 2026";;;;Wait for Event;Soumission scripts  OAP a 11h00;SUBT1100  OAP;Dummy;No;0;No;CTMSRV;CTMCTM_E1BTEC_04_Q;root;;;3v0ch
CTM-CONTROL-M;CTMCTM_E1BTEC_04_Q;CTMCTM_E1BTEC_04_SUB3K_Q;"June 26, 2026";;;;Wait for Event;Soumission scripts  OAP  a 12h00;SUBT1200  OAP;Dummy;No;0;No;CTMSRV;CTMCTM_E1BTEC_04_Q;root;;;3v0ci
CTM-CONTROL-M;CTMCTM_E1BTEC_04_Q;CTMCTM_E1BTEC_04_SUB3N_Q;"June 26, 2026";"June 26, 2026 1:45:00 PM";"June 26, 2026 1:45:00 PM";;Ended OK;Soumission scripts  OAP a 13h45;SUBT1345  OAP;Dummy;No;1;No;CTMSRV;CTMCTM_E1BTEC_04_Q;root;;;3v0cj
CTM-CONTROL-M;CTMCTM_E1BTEC_04_Q;CTMCTM_E1BTEC_04_SUB3P_Q;"June 26, 2026";"June 26, 2026 2:00:00 PM";"June 26, 2026 2:00:00 PM";;Ended OK;Soumission scripts  OAP a 14h00;SUBT1400  OAP;Dummy;No;1;No;CTMSRV;CTMCTM_E1BTEC_04_Q;root;;;3v0ck
CTM-CONTROL-M;CTMCTM_E1BTEC_04_Q;CTMCTM_E1BTEC_04_SUB3S_Q;"June 26, 2026";"June 26, 2026 5:00:00 PM";"June 26, 2026 5:00:00 PM";;Ended OK;Soumission scripts  OAP a 17h00;SUBT1700  OAP;Dummy;No;1;No;CTMSRV;CTMCTM_E1BTEC_04_Q;root;;;3v0cl
CTM-CONTROL-M;CTMCTM_E1BTEC_04_Q;CTMCTM_E1BTEC_04_SUB3W_Q;"June 26, 2026";"June 26, 2026 6:30:00 PM";"June 26, 2026 6:30:00 PM";;Ended OK;Soumission scripts  OAP a 18h30;SUBT1830  OAP;Dummy;No;1;No;CTMSRV;CTMCTM_E1BTEC_04_Q;root;;;3v0cm
CTM-CONTROL-M;CTMCTM_E1DTEC_04_Q;CTMCTM_E1DTEC_04_SUB4F_Q;"June 26, 2026";"June 27, 2026 12:15:00 AM";"June 27, 2026 12:15:00 AM";;Ended OK;Soumission scripts OAF  à 00h15;SUBT0015 OAF;Dummy;No;1;No;CTMSRV;CTMCTM_E1DTEC_04_Q;root;;;3uzhd
CTM-CONTROL-M;CTMCTM_E1DTEC_04_Q;CTMCTM_E1DTEC_04_SUB4P_Q;"June 26, 2026";"June 27, 2026 6:30:00 AM";"June 27, 2026 6:30:00 AM";;Ended OK;Soumission scripts OAF à 06h30;SUBT0630 OAF;Dummy;No;1;No;CTMSRV;CTMCTM_E1DTEC_04_Q;root;;;3uzhe
CTM-CONTROL-M;CTMCTM_E1DTEC_04_Q;CTMCTM_E1DTEC_04_SUB4R_Q;"June 26, 2026";"June 27, 2026 6:55:00 AM";"June 27, 2026 6:55:00 AM";;Ended OK;Soumission scripts OAF à 06h55;SUBT0655 OAF;Dummy;No;1;No;CTMSRV;CTMCTM_E1DTEC_04_Q;root;;;3uzhf
CTM-CONTROL-M;CTMCTM_E1DTEC_04_Q;CTMCTM_E1DTEC_04_SUB4S_Q;"June 26, 2026";;;;Wait for Event;Soumission scripts OAF  à 08h00;SUBT0800 OAF;Dummy;No;0;No;CTMSRV;CTMCTM_E1DTEC_04_Q;root;;;3uzhg
CTM-CONTROL-M;CTMCTM_E1DTEC_04_Q;CTMCTM_E1DTEC_04_SUB4U_Q;"June 26, 2026";;;;Wait for Event;Soumission scripts OAF à 11h00;SUBT1100 OAF;Dummy;No;0;No;CTMSRV;CTMCTM_E1DTEC_04_Q;root;;;3uzhh
CTM-CONTROL-M;CTMCTM_E1ETEC_04_Q;CTMCTM_E1ETEC_04_SUB5B_Q;"June 26, 2026";"June 27, 2026 12:15:00 AM";"June 27, 2026 12:15:00 AM";;Ended OK;Soumission scripts a 00h15;SUBT0015;Dummy;No;1;No;CTMSRV;CTMCTM_E1ETEC_04_Q;root;;;3v0in
CTM-CONTROL-M;CTMCTM_E1ETEC_04_Q;CTMCTM_E1ETEC_04_SUB5C_Q;"June 26, 2026";"June 27, 2026 1:00:00 AM";"June 27, 2026 1:00:00 AM";;Ended OK;Soumission scripts a 01h00;SUBT0100;Dummy;No;1;No;CTMSRV;CTMCTM_E1ETEC_04_Q;root;;;3v0io
CTM-CONTROL-M;CTMCTM_E1ETEC_04_Q;CTMCTM_E1ETEC_04_SUB5D_Q;"June 26, 2026";"June 27, 2026 2:00:00 AM";"June 27, 2026 2:00:00 AM";;Ended OK;Soumission scripts a 02h00;SUBT0200;Dummy;No;1;No;CTMSRV;CTMCTM_E1ETEC_04_Q;root;;;3v0ip
CTM-CONTROL-M;CTMCTM_E1ETEC_04_Q;CTMCTM_E1ETEC_04_SUB5E_Q;"June 26, 2026";"June 27, 2026 3:00:00 AM";"June 27, 2026 3:00:00 AM";;Ended OK;Soumission scripts a 03h00;SUBT0300;Dummy;No;1;No;CTMSRV;CTMCTM_E1ETEC_04_Q;root;;;3v0iq
CTM-CONTROL-M;CTMCTM_E1ETEC_04_Q;CTMCTM_E1ETEC_04_SUB5R_Q;"June 26, 2026";;;;Wait for Event;Soumission scripts a 11h00;SUBT1100;Dummy;No;0;No;CTMSRV;CTMCTM_E1ETEC_04_Q;root;;;3v0ir
CTM-CONTROL-M;CTMCTM_E1ETEC_04_Q;CTMCTM_E1ETEC_04_SUB5Z_Q;"June 26, 2026";"June 26, 2026 7:00:00 PM";"June 26, 2026 7:00:00 PM";;Ended OK;Soumission scripts a 19h00;SUBT1900;Dummy;No;1;No;CTMSRV;CTMCTM_E1ETEC_04_Q;root;;;3v0is
CTM-CONTROL-M;CTMCTM_E1ETEC_04_Q;CTMCTM_E1ETEC_04_SUB6B_Q;"June 26, 2026";"June 26, 2026 8:50:00 PM";"June 26, 2026 8:50:00 PM";;Ended OK;Soumission scripts a 20h50;SUBT2100;Dummy;No;1;No;CTMSRV;CTMCTM_E1ETEC_04_Q;root;;;3v0it
CTM-CONTROL-M;CTMCTM_E1ETEC_04_Q;CTMCTM_E1ETEC_04_SUB6C_Q;"June 26, 2026";"June 26, 2026 10:00:00 PM";"June 26, 2026 10:00:00 PM";;Ended OK;Soumission scripts a 22h00;SUBT2200;Dummy;No;1;No;CTMSRV;CTMCTM_E1ETEC_04_Q;root;;;3v0iu
CTM-CONTROL-M;CTMCTM_E1GTEC_04_Q;CTMCTM_E1GTEC_04_LIM04_Q;"June 26, 2026";"June 27, 2026 6:30:00 AM";"June 27, 2026 6:30:00 AM";;Ended OK;Heure limite de soumission des batchs;LIMITBATCH;Dummy;No;1;No;CTMSRV;CTMCTM_E1GTEC_04_Q;root;;;3uzlv
CTM-CONTROL-M;CTMCTM_E1GTEC_04_Q;CTMCTM_E1GTEC_04_LIM05_Q;"June 26, 2026";"June 27, 2026 12:15:00 AM";"June 27, 2026 12:15:00 AM";;Ended OK;Heure limite de soumission des batchs;LIMITE0015;Dummy;No;1;No;CTMSRV;CTMCTM_E1GTEC_04_Q;root;;;3uzlw
CTM-CONTROL-M;CTMCTM_E1GTEC_04_Q;CTMCTM_E1GTEC_04_LIM06_Q;"June 26, 2026";"June 27, 2026 1:30:00 AM";"June 27, 2026 1:30:00 AM";;Ended OK;Heure limite de soumission des batchs;LIMITE0130;Dummy;No;1;No;CTMSRV;CTMCTM_E1GTEC_04_Q;root;;;3uzlx
CTM-CONTROL-M;CTMCTM_E1GTEC_04_Q;CTMCTM_E1GTEC_04_LIM07_Q;"June 26, 2026";"June 27, 2026 2:00:00 AM";"June 27, 2026 2:00:00 AM";;Ended OK;Heure limite de soumission des batchs;LIMITE0200;Dummy;No;1;No;CTMSRV;CTMCTM_E1GTEC_04_Q;root;;;3uzly
CTM-CONTROL-M;CTMCTM_E1GTEC_04_Q;CTMCTM_E1GTEC_04_LIM08_Q;"June 26, 2026";"June 27, 2026 3:00:00 AM";"June 27, 2026 3:00:00 AM";;Ended OK;Heure limite de soumission des batchs;LIMITE0300;Dummy;No;1;No;CTMSRV;CTMCTM_E1GTEC_04_Q;root;;;3uzlz
CTM-CONTROL-M;CTMCTM_E1GTEC_04_Q;CTMCTM_E1GTEC_04_LIM09_Q;"June 26, 2026";"June 27, 2026 3:45:00 AM";"June 27, 2026 3:45:00 AM";;Ended OK;Heure limite de soumission des batchs;LIMITE0345;Dummy;No;1;No;CTMSRV;CTMCTM_E1GTEC_04_Q;root;;;3uzm0
CTM-CONTROL-M;CTMCTM_E1GTEC_04_Q;CTMCTM_E1GTEC_04_LIM10_Q;"June 26, 2026";"June 27, 2026 4:00:00 AM";"June 27, 2026 4:00:00 AM";;Ended OK;Heure limite de soumission des batchs;LIMITE0400;Dummy;No;1;No;CTMSRV;CTMCTM_E1GTEC_04_Q;root;;;3uzm1
CTM-CONTROL-M;CTMCTM_E1GTEC_04_Q;CTMCTM_E1GTEC_04_LIM11_Q;"June 26, 2026";"June 27, 2026 5:00:00 AM";"June 27, 2026 5:00:00 AM";;Ended OK;Heure limite de soumission des batchs;LIMITE0500;Dummy;No;1;No;CTMSRV;CTMCTM_E1GTEC_04_Q;root;;;3uzm2
CTM-CONTROL-M;CTMCTM_E1GTEC_04_Q;CTMCTM_E1GTEC_04_LIM12_Q;"June 26, 2026";"June 26, 2026 11:45:00 PM";"June 26, 2026 11:45:00 PM";;Ended OK;Heure limite de soumission des batchs;LIMITE2345;Dummy;No;1;No;CTMSRV;CTMCTM_E1GTEC_04_Q;root;;;3uzm3
CTM-CONTROL-M;CTMCTM_E1GTEC_04_Q;CTMCTM_E1GTEC_04_SUB85_Q;"June 26, 2026";;;;Wait for Event;Soumission scripts a 07h30;SBTU512H16;Dummy;No;0;No;CTMSRV;CTMCTM_E1GTEC_04_Q;root;;;3uzm4
CTM-CONTROL-M;CTMCTM_E1HTEC_04_Q;CTMCTM_E1HTEC_04_LIM13_Q;"June 26, 2026";"June 27, 2026 6:00:00 AM";"June 27, 2026 6:00:00 AM";;Ended OK;Heure limite de soumission des batchs;LIMITBATCH;Dummy;No;1;No;CTMSRV;CTMCTM_E1HTEC_04_Q;root;;;3v11l
CTM-CONTROL-M;CTMCTM_E1HTEC_04_Q;CTMCTM_E1HTEC_04_LIM14_Q;"June 26, 2026";"June 27, 2026 1:00:00 AM";"June 27, 2026 1:00:00 AM";;Ended OK;Heure limite de soumission batch;LIMITE0100;Dummy;No;1;No;CTMSRV;CTMCTM_E1HTEC_04_Q;root;;;3v11m
CTM-CONTROL-M;CTMCTM_E1HTEC_04_Q;CTMCTM_E1HTEC_04_LIM15_Q;"June 26, 2026";"June 27, 2026 4:00:00 AM";"June 27, 2026 4:00:00 AM";;Ended OK;Heure limite de soumission batch 04h00;LIMITE0500;Dummy;No;1;No;CTMSRV;CTMCTM_E1HTEC_04_Q;root;;;3v11n
CTM-CONTROL-M;CTMCTM_E1HTEC_04_Q;CTMCTM_E1HTEC_04_LIM16_Q;"June 26, 2026";"June 27, 2026 6:00:00 AM";"June 27, 2026 6:00:00 AM";;Ended OK;Heure limite de soumission batch;LIMITE0600;Dummy;No;1;No;CTMSRV;CTMCTM_E1HTEC_04_Q;root;;;3v11o
CTM-CONTROL-M;CTMCTM_E1HTEC_04_Q;CTMCTM_E1HTEC_04_LIM17_Q;"June 26, 2026";;;;Wait for Event;Heure limite de soumission batch;LIMITE0900;Dummy;No;0;No;CTMSRV;CTMCTM_E1HTEC_04_Q;root;;;3v11p
CTM-CONTROL-M;CTMCTM_E1HTEC_04_Q;CTMCTM_E1HTEC_04_LIM18_Q;"June 26, 2026";"June 26, 2026 8:00:00 PM";"June 26, 2026 8:00:00 PM";;Ended OK;Heure limite de soumission batch;LIMITE2000;Dummy;No;1;No;CTMSRV;CTMCTM_E1HTEC_04_Q;root;;;3v11q
CTM-CONTROL-M;CTMCTM_E1HTEC_04_Q;CTMCTM_E1HTEC_04_LIM19_Q;"June 26, 2026";"June 26, 2026 10:00:00 PM";"June 26, 2026 10:00:00 PM";;Ended OK;Heure limite de soumission batch;LIMITE2200;Dummy;No;1;No;CTMSRV;CTMCTM_E1HTEC_04_Q;root;;;3v11r
CTM-CONTROL-M;CTMCTM_E1RTEC_04_Q;CTMCTM_E1RTEC_04_DEL01_Q;"June 26, 2026";"June 26, 2026 2:00:00 PM";"June 26, 2026 2:00:02 PM";;Ended OK;SERVITUDE : Purge des log Control-M EM;;Command;No;1;No;CTMSRV;CTMCTM_E1RTEC_04_Q;emuser;ldkctmp50;A_L_CTM01;3v196
CTM-CONTROL-M;CTMCTM_E1RTEC_04_Q;CTMCTM_E1RTEC_04_DEL02_Q;"June 26, 2026";"June 26, 2026 2:00:00 PM";"June 26, 2026 2:00:00 PM";;Ended OK;SERVITUDE : Purge les logs et travaux present dans la directory /opt/exploit/;;Dummy;No;1;No;CTMSRV;CTMCTM_E1RTEC_04_Q;emuser;;A_L_CTM01;3v197
CTM-CONTROL-M;CTMCTM_E1ZTEC_04_Q;CTMCTM_E1ZTEC_04_CTL01_Q;"June 26, 2026";"June 26, 2026 6:46:39 PM";"June 26, 2026 6:46:39 PM";;Ended OK;Controle execution des jobs avec Condition PREV;;Dummy;No;1;No;CTMSRV;CTMCTM_E1ZTEC_04_Q;root;;;3v1af
CTM-CONTROL-M;CTMCTM_E1ZTEC_04_Q;CTMCTM_E1ZTEC_04_CTL02_Q;"June 26, 2026";;;;Wait for Event;Controle d'activité du mirroir controlm serveur;CONTROLM SERVITUDES CONTROLE MIRROIR;Dummy;No;0;No;CTMSRV;CTMCTM_E1ZTEC_04_Q;controlm;;;3v1ah
CTM-CONTROL-M;CTMCTM_E1ZTEC_04_Q;CTMCTM_E1ZTEC_04_CTL03_Q;"June 26, 2026";"June 26, 2026 5:00:00 PM";"June 26, 2026 5:00:00 PM";1730;Ended OK;CONTROLM : Controle des calendriers non upload;CTM_controle_calendar_not_upload;Dummy;No;3;Yes;CTMSRV;CTMCTM_E1ZTEC_04_Q;emuser;;;3v1ag
CTM-CONTROL-M;CTMCTM_E1ZTEC_04_Q;CTMCTM_E1ZTEC_04_CTL04_Q;"June 26, 2026";"June 26, 2026 3:30:00 PM";"June 26, 2026 3:30:00 PM";;Ended OK;CONTROLM : Controle hebdomadaire des tables locked;CTM_controle_table_locked.;Dummy;No;1;No;CTMSRV;CTMCTM_E1ZTEC_04_Q;emuser;;;3v1ai
CTM-CONTROL-M;CTMSRV_J1YTEC_04_Q;CTMSRV_J1YTEC_04_00000_Q;"June 26, 2026";"June 26, 2026 1:30:11 PM";"June 26, 2026 1:30:11 PM";;Ended OK;Chaîne : Historisation des logs;U512010;Dummy;No;1;No;CTMSRV;CTMSRV_J1YTEC_04_Q;root;;;3v00e
CTM-CONTROL-M;CTMSRV_J1YTEC_04_Q;CTMSRV_J1YTEC_04_99999_Q;"June 26, 2026";"June 26, 2026 1:30:14 PM";"June 26, 2026 1:30:14 PM";;Ended OK;Fin : Historisation des logs;U512010999;Dummy;No;1;No;CTMSRV;CTMSRV_J1YTEC_04_Q;root;;;3v00d
CTM-CONTROL-M;CTMSRV_J1YTEC_04_Q;CTMSRV_J1YTEC_04_HIS01_Q;"June 26, 2026";"June 26, 2026 1:30:13 PM";"June 26, 2026 1:30:13 PM";;Ended OK;Historisation des logs;U512010010.sh;Dummy;No;1;No;CTMSRV;CTMSRV_J1YTEC_04_Q;root;;NOTEXIST;3v00c
DTR-DECISIONNEL TRAN;DTRCID_J11INT_05_Q;DTRCID_J11INT_05_IMP01_Q;"June 26, 2026";;;;Wait for Event;Lancement des plans d'execution DTR_FACTURE_PLAN;Lance_Interface_DTR_CID.ksh;Job;No;0;No;CTMSRV;DTRCID_J11INT_05_Q;root;M_L_DTR01;M_L_DTR01;3v0cx
DTR-DECISIONNEL TRAN;DTRCID_J13INT_05_Q;DTRCID_J13INT_05_FWT01_Q;"June 26, 2026";"June 27, 2026 3:44:31 AM";"June 27, 2026 3:44:36 AM";;Ended OK;FWT : Controle sur le serveur DTR de la presence des fichiers CID et CIT;FileWatcher_Mult_Fic.ksh;Job;No;1;Yes;CTMSRV;DTRCID_J13INT_05_Q;ctmag900;ldkdtrp02;M_L_DTR01;3uz48
DTR-DECISIONNEL TRAN;DTRCID_J13INT_05_Q;DTRCID_J13INT_05_IMP01_Q;"June 26, 2026";"June 27, 2026 3:44:38 AM";;;Executing;Lancement des plans d execution DTR_SOCLE_EMPLOYE_FAC_PLAN (projet DTR_SOCLE);Lance_Interface_DTR_CID.ksh;Job;No;1;No;CTMSRV;DTRCID_J13INT_05_Q;root;ldkdtrp02;M_L_DTR01;3uz47
DTR-DECISIONNEL TRAN;DTRCID_J13INT_05_Q;DTRCID_J13INT_05_MOV01_Q;"June 26, 2026";"June 27, 2026 3:44:36 AM";"June 27, 2026 3:44:37 AM";;Ended OK;DTR : Deplacer les fichiers provenant de l'application CID/CITY;MOVE_GENERIQUE_2.sh;Job;No;1;No;CTMSRV;DTRCID_J13INT_05_Q;root;ldkdtrp03;M_L_DTR01;3uz46
DTR-DECISIONNEL TRAN;DTRCID_J15INT_05_Q;DTRCID_J15INT_05_IMP01_Q;"June 26, 2026";;;;Wait for Event;Lancement des plans d execution DTR_SOCLE_CONTRAT_FAC_PLAN;Lance_Interface_DTR_CID.ksh;Job;No;0;No;CTMSRV;DTRCID_J15INT_05_Q;root;M_L_DTR01;M_L_DTR01;3v1g4
DTR-DECISIONNEL TRAN;DTRCID_J18INT_05_Q;DTRCID_J18INT_05_IMP01_Q;"June 26, 2026";"June 27, 2026 3:44:38 AM";"June 27, 2026 3:54:35 AM";;Ended OK;Lancement des plans d'execution TAC_SOCLE_SLP_NR_DAILY_PLAN;Lance_Interface_DTR_CID.ksh;Job;No;1;No;CTMSRV;DTRCID_J18INT_05_Q;root;ldkdtrp03;M_L_DTR01;3uzl6
DTR-DECISIONNEL TRAN;DTRCRT_J11INT_05_Q;DTRCRT_J11INT_05_CPY01_Q;"June 26, 2026";"June 27, 2026 12:38:33 AM";"June 27, 2026 12:38:34 AM";;Ended OK;déplace les fichier de /data/EAI/in/crt vers /bi/data/in/common;DTRCRT_J11INT_05_CPY01_Q.sh;Job;No;1;No;CTMSRV;DTRCRT_J11INT_05_Q;root;ldkdtrp02;M_L_DTR01;3v09j
DTR-DECISIONNEL TRAN;DTRCRT_J11INT_05_Q;DTRCRT_J11INT_05_FWT01_Q;"June 26, 2026";"June 27, 2026 12:38:29 AM";"June 27, 2026 12:38:32 AM";;Ended OK;Scrutation des fichiers dans FWparam_DTRCRT_J11INT_05_FWT01_Q.parm (DTR01);FileWatcher_Mult_Fic.ksh;Job;No;1;Yes;CTMSRV;DTRCRT_J11INT_05_Q;ctmag900;ldkdtrp02;M_L_DTR01;3v09i
DTR-DECISIONNEL TRAN;DTRCRT_J11INT_05_Q;DTRCRT_J11INT_05_IMP01_Q;"June 26, 2026";"June 27, 2026 3:54:36 AM";"June 27, 2026 4:21:00 AM";;Ended OK;Lancement des plans d'execution TAC_TSAR_CRT_DAILY_PLAN;Lance_Interface_DTR_CRT.ksh;Job;No;1;No;CTMSRV;DTRCRT_J11INT_05_Q;root;ldkdtrp02;M_L_DTR01;3v09k
DTR-DECISIONNEL TRAN;DTRDTR_E11REB_12_Q;DTRDTR_E11REB_12_CTL01_Q;"June 26, 2026";"June 27, 2026 12:13:57 AM";"June 27, 2026 12:14:04 AM";;Ended OK;Redemarrage DTR : TEST si serveur demarre (wdkdtrp12);dir;Command;No;1;No;CTMSRV;DTRDTR_E11REB_12_Q;svce_cm;wdkdtrp12;A_W_DTR12;3uzvu
DTR-DECISIONNEL TRAN;DTRDTR_E11REB_12_Q;DTRDTR_E11REB_12_CTL02_Q;"June 26, 2026";"June 27, 2026 12:14:16 AM";"June 27, 2026 12:14:18 AM";;Ended OK;Info sur le Redemarrage DTR BI4 :  (WDKDTRP12);net statistics WORKSTATION;Command;No;1;No;CTMSRV;DTRDTR_E11REB_12_Q;svce_cm;wdkdtrp12;A_W_DTR12;3uzw6
DTR-DECISIONNEL TRAN;DTRDTR_E11REB_12_Q;DTRDTR_E11REB_12_CTL03_Q;"June 26, 2026";"June 27, 2026 12:18:16 AM";"June 27, 2026 12:18:22 AM";;Ended OK;Redemarrage DTR : TEST si serveur demarre (WDKDTRP13);dir;Command;No;1;No;CTMSRV;DTRDTR_E11REB_12_Q;svce_cm;wdkdtrp13;A_W_DTR13;3uzw2
DTR-DECISIONNEL TRAN;DTRDTR_E11REB_12_Q;DTRDTR_E11REB_12_CTL04_Q;"June 26, 2026";"June 27, 2026 12:18:35 AM";"June 27, 2026 12:18:37 AM";;Ended OK;Info sur le Redemarrage DTR BI4 :  (WDKDTRP13);net statistics WORKSTATION;Command;No;1;No;CTMSRV;DTRDTR_E11REB_12_Q;svce_cm;wdkdtrp13;A_W_DTR13;3uzw7
DTR-DECISIONNEL TRAN;DTRDTR_E11REB_12_Q;DTRDTR_E11REB_12_CTL04_Q;"June 26, 2026";"June 27, 2026 12:18:45 AM";"June 27, 2026 12:18:49 AM";;Ended OK;Info sur le Redemarrage DTR :  (WDKDTRP14);net statistics WORKSTATION;Command;No;1;No;CTMSRV;DTRDTR_E11REB_12_Q;svce_cm;wdkdtrp14;A_W_DTR14;3uzwb
DTR-DECISIONNEL TRAN;DTRDTR_E11REB_12_Q;DTRDTR_E11REB_12_MEL01_Q;"June 26, 2026";"June 27, 2026 12:10:00 AM";"June 27, 2026 12:10:01 AM";;Ended OK;"DTR SAP BI: Notification Mail DEBUT Plan de Maintenance quotidien des serveur WDKDTRP12 ; WDKDTRP13";Notification_Plan_Maintenance.ksh;Job;No;1;No;CTMSRV;DTRDTR_E11REB_12_Q;root;ldkctmp50;SRV_PRIMAIRE;3uzw8
DTR-DECISIONNEL TRAN;DTRDTR_E11REB_12_Q;DTRDTR_E11REB_12_MEL02_Q;"June 26, 2026";"June 27, 2026 12:18:50 AM";"June 27, 2026 12:18:52 AM";;Ended OK;DTR SAP BI : Notification Mail FIN Plan de Maintenance quotidien des serveurs WDKDTRP12 et WDKDTRP13;Notification_Plan_Maintenance.ksh;Job;No;1;No;CTMSRV;DTRDTR_E11REB_12_Q;root;ldkctmp50;SRV_PRIMAIRE;3uzw9
DTR-DECISIONNEL TRAN;DTRDTR_E11REB_12_Q;DTRDTR_E11REB_12_NAS12_Q;"June 26, 2026";"June 27, 2026 12:14:04 AM";"June 27, 2026 12:14:06 AM";;Ended OK;Mapper le Disque NAS EDF;Mapper  Disque NAS EDF;Command;No;1;Yes;CTMSRV;DTRDTR_E11REB_12_Q;svc_sapbi;wdkdtrp12;A_W_DTR12;3uzvv
DTR-DECISIONNEL TRAN;DTRDTR_E11REB_12_Q;DTRDTR_E11REB_12_NAS13_Q;"June 26, 2026";"June 27, 2026 12:18:23 AM";"June 27, 2026 12:18:25 AM";;Ended OK;Mapper le Disque NAS EDF;Mapper  Disque NAS EDF;Command;No;1;Yes;CTMSRV;DTRDTR_E11REB_12_Q;svc_sapbi;wdkdtrp13;A_W_DTR13;3uzw3
DTR-DECISIONNEL TRAN;DTRDTR_E11REB_12_Q;DTRDTR_E11REB_12_Q;"June 26, 2026";"June 27, 2026 12:10:00 AM";"June 27, 2026 12:18:53 AM";;Ended OK;Plan de Maintenance quotidien des serveurs DTR SAP BI;;SMART Table;No;1;No;CTMSRV;DTRDTR_E11REB_12_Q;;ldkctmp50;;3uzvp
DTR-DECISIONNEL TRAN;DTRDTR_E11REB_12_Q;DTRDTR_E11REB_12_REB12_Q;"June 26, 2026";"June 27, 2026 12:10:31 AM";"June 27, 2026 12:10:33 AM";;Ended OK;Redemarrage DTR BI4: REBOOT du serveur (wdkdtrp12);Shutdown_wdkdtrp12;Command;No;1;No;CTMSRV;DTRDTR_E11REB_12_Q;svce_cm;wdkdtrp12;A_W_DTR12;3uzvs
DTR-DECISIONNEL TRAN;DTRDTR_E11REB_12_Q;DTRDTR_E11REB_12_REB13_Q;"June 26, 2026";"June 27, 2026 12:14:49 AM";"June 27, 2026 12:14:51 AM";;Ended OK;Redemarrage DTR BI4: REBOOT du serveur (WDKDTRP13);Shutdown WDKDTRP13;Command;No;1;No;CTMSRV;DTRDTR_E11REB_12_Q;svce_cm;wdkdtrp13;A_W_DTR13;3uzw0
DTR-DECISIONNEL TRAN;DTRDTR_E11REB_12_Q;DTRDTR_E11REB_12_REB14_Q;"June 26, 2026";"June 27, 2026 12:18:37 AM";"June 27, 2026 12:18:44 AM";;Ended OK;Redemarrage DTR : REBOOT du serveur (WDKDTRP14);Shutdown WDKDTRP14;Command;No;1;No;CTMSRV;DTRDTR_E11REB_12_Q;svce_cm;wdkdtrp14;A_W_DTR14;3uzwa
DTR-DECISIONNEL TRAN;DTRDTR_E11REB_12_Q;DTRDTR_E11REB_12_SLP12_Q;"June 26, 2026";"June 27, 2026 12:10:34 AM";"June 27, 2026 12:13:57 AM";;Ended OK;Redemarrage DTR BI4 : SLEEP pour test si serveur demarre (wdkdtrp12);sleep 200_et_test;Command;No;1;No;CTMSRV;DTRDTR_E11REB_12_Q;root;ldkctmp50;SRV_PRIMAIRE;3uzvt
DTR-DECISIONNEL TRAN;DTRDTR_E11REB_12_Q;DTRDTR_E11REB_12_SLP13_Q;"June 26, 2026";"June 27, 2026 12:14:52 AM";"June 27, 2026 12:18:15 AM";;Ended OK;Redemarrage DTR BI4 : SLEEP pour test si serveur demarre (WDKDTRP13);sleep 200_et_test;Command;No;1;No;CTMSRV;DTRDTR_E11REB_12_Q;root;ldkctmp50;SRV_PRIMAIRE;3uzw1
DTR-DECISIONNEL TRAN;DTRDTR_E11REB_12_Q;DTRDTR_E11REB_12_STP01_Q;"June 26, 2026";"June 27, 2026 12:10:01 AM";"June 27, 2026 12:10:18 AM";;Ended OK;ARRET  BOEXI40SIAWDKDTRP12: STOP  (WDKDTRP12);stop BO_WDKDTRP12;Command;No;1;No;CTMSRV;DTRDTR_E11REB_12_Q;svc_sapbi;wdkdtrp12;A_W_DTR12;3uzvq
DTR-DECISIONNEL TRAN;DTRDTR_E11REB_12_Q;DTRDTR_E11REB_12_STP02_Q;"June 26, 2026";"June 27, 2026 12:10:19 AM";"June 27, 2026 12:10:31 AM";;Ended OK;ARRET  BOEXI40Tomcat: STOP  (WDKDTRP12);stop_Tomcat_WDKDTRP12;Command;No;1;No;CTMSRV;DTRDTR_E11REB_12_Q;svc_sapbi;wdkdtrp12;A_W_DTR12;3uzvr
DTR-DECISIONNEL TRAN;DTRDTR_E11REB_12_Q;DTRDTR_E11REB_12_STP03_Q;"June 26, 2026";"June 27, 2026 12:14:19 AM";"June 27, 2026 12:14:36 AM";;Ended OK;ARRET  BOEXI40SIAWDKDTRE13: STOP  (WDKDTRP13);stop BO_WDKDTRP13;Command;No;1;No;CTMSRV;DTRDTR_E11REB_12_Q;svc_sapbi;wdkdtrp13;A_W_DTR13;3uzvy
DTR-DECISIONNEL TRAN;DTRDTR_E11REB_12_Q;DTRDTR_E11REB_12_STP04_Q;"June 26, 2026";"June 27, 2026 12:14:36 AM";"June 27, 2026 12:14:48 AM";;Ended OK;ARRET  BOEXI40Tomcat: STOP  (WDKDTRP13);stop Tomcat WDKDTRP13;Command;No;1;No;CTMSRV;DTRDTR_E11REB_12_Q;svc_sapbi;wdkdtrp13;A_W_DTR13;3uzvz
DTR-DECISIONNEL TRAN;DTRDTR_E11REB_12_Q;DTRDTR_E11REB_12_STR01_Q;"June 26, 2026";"June 27, 2026 12:14:08 AM";"June 27, 2026 12:14:16 AM";;Ended OK;DEMARRAGE  BOEXI40SIAWDKDTRE12: START  (WDKDTRP12);start BO_WDKDTRP12;Command;No;1;No;CTMSRV;DTRDTR_E11REB_12_Q;svc_sapbi;wdkdtrp12;A_W_DTR12;3uzvx
DTR-DECISIONNEL TRAN;DTRDTR_E11REB_12_Q;DTRDTR_E11REB_12_STR02_Q;"June 26, 2026";"June 27, 2026 12:14:07 AM";"June 27, 2026 12:14:07 AM";;Ended OK;DEMARRAGE  BOEXI40Tomcat: START  (WDKDTRP12);start Tomcat WDKDTRP12;Dummy;No;1;No;CTMSRV;DTRDTR_E11REB_12_Q;svc_sapbi;;A_W_DTR12;3uzvw
DTR-DECISIONNEL TRAN;DTRDTR_E11REB_12_Q;DTRDTR_E11REB_12_STR03_Q;"June 26, 2026";"June 27, 2026 12:18:26 AM";"June 27, 2026 12:18:34 AM";;Ended OK;DEMARRAGE  BOEXI40SIAWDKDTRP13: START  (WDKDTRP13);start BO_WDKDTRP13;Command;No;1;No;CTMSRV;DTRDTR_E11REB_12_Q;svc_sapbi;wdkdtrp13;A_W_DTR13;3uzw5
DTR-DECISIONNEL TRAN;DTRDTR_E11REB_12_Q;DTRDTR_E11REB_12_STR04_Q;"June 26, 2026";"June 27, 2026 12:18:25 AM";"June 27, 2026 12:18:25 AM";;Ended OK;DEMARRAGE  BOEXI40Tomcat: START  (WDKDTRP13);start Tomcat WDKDTRP13;Dummy;No;1;No;CTMSRV;DTRDTR_E11REB_12_Q;svc_sapbi;;A_W_DTR13;3uzw4
DTR-DECISIONNEL TRAN;DTRDTR_J11TEC_04_Q;DTRDTR_J11TEC_04_CTL01_Q;"June 26, 2026";"June 26, 2026 6:46:07 PM";"June 26, 2026 6:46:07 PM";;Ended OK;Jalon de controle des COND PREV postees (Plan de prod DTR precedent termine);;Dummy;No;1;No;CTMSRV;DTRDTR_J11TEC_04_Q;root;;NOTEXIST;3v0a8
DTR-DECISIONNEL TRAN;DTRDTR_J11TEC_04_Q;DTRDTR_J11TEC_04_FLG01_Q;"June 26, 2026";"June 27, 2026 4:48:15 AM";"June 27, 2026 4:48:15 AM";;Ended OK;DTR : Jalon de fin de la production DTRP01;UDTR_PROD_ENDED;Dummy;No;1;No;CTMSRV;DTRDTR_J11TEC_04_Q;svce_cm;;NOTEXIST;3v0a6
DTR-DECISIONNEL TRAN;DTRDTR_J11TEC_04_Q;DTRDTR_J11TEC_04_FLG04_Q;"June 26, 2026";"June 27, 2026 4:48:16 AM";"June 27, 2026 4:48:16 AM";;Ended OK;Jalon de demarrage de la production DTRP01;UDTR_PROD_START_001J;Dummy;No;1;No;CTMSRV;DTRDTR_J11TEC_04_Q;svce_cm;;NOTEXIST;3v0a7
DTR-DECISIONNEL TRAN;DTRDTR_J11TRT_05_Q;DTRDTR_J11TRT_05_IMP01_Q;"June 26, 2026";;;;Wait for Event;Lancement des plans d'execution TAC_SOCLE_MAJ_SLP_DAILY_PLAN;Lance_Interface_DTR_SLP.ksh;Job;No;0;No;CTMSRV;DTRDTR_J11TRT_05_Q;root;M_L_DTR01;M_L_DTR01;3v10i
DTR-DECISIONNEL TRAN;DTRDTR_J12TRT_05_Q;DTRDTR_J12TRT_05_IMP01_Q;"June 26, 2026";"June 27, 2026 4:48:15 AM";"June 27, 2026 4:49:01 AM";;Ended OK;Lancement des plans d'execution TAC_SOCLE_ALIM_PIVOT_DAILY_PLAN;Lance_Interface_DTR_PIVOT.ksh;Job;No;1;No;CTMSRV;DTRDTR_J12TRT_05_Q;root;ldkdtrp02;M_L_DTR01;3uz63
DTR-DECISIONNEL TRAN;DTRFIN_J15TRT_04_Q;DTRFIN_J15TRT_04_FLG01_Q;"June 26, 2026";"June 27, 2026 6:37:23 AM";"June 27, 2026 6:37:29 AM";;Ended OK;DTR : Creation Flag TOP_FIN_ALIM_OK_FINANCE_ACHATS_DWH.txt;;Command;No;1;No;CTMSRV;DTRFIN_J15TRT_04_Q;svc_sapbi;wdkdtrp12;M_W_DTR00;3v19w
DTR-DECISIONNEL TRAN;DTRFIN_J15TRT_04_Q;DTRFIN_J15TRT_04_FLG02_Q;"June 26, 2026";;;;Wait for Event;DTR : Creation Flag TOP_FIN_ALIM_OK_FINANCE_ACHATS_DTM_GESTION_ANALYTIQUE.txt;;Command;No;0;No;CTMSRV;DTRFIN_J15TRT_04_Q;svc_sapbi;M_W_DTR00;M_W_DTR00;3v19y
DTR-DECISIONNEL TRAN;DTRFIN_J15TRT_04_Q;DTRFIN_J15TRT_04_FLG03_Q;"June 26, 2026";;;;Wait for Event;DTR : Creation Flag TOP_FIN_ALIM_OK_FINANCE_ACHATS_DTM_FACTURE_CLIENT.txt;;Command;No;0;No;CTMSRV;DTRFIN_J15TRT_04_Q;svc_sapbi;M_W_DTR00;M_W_DTR00;3v1a4
DTR-DECISIONNEL TRAN;DTRFIN_J15TRT_04_Q;DTRFIN_J15TRT_04_FLG04_Q;"June 26, 2026";;;;Wait for Event;DTR : Creation Flag TOP_FIN_ALIM_OK_FINANCE_ACHATS_P2P.txt;;Command;No;0;No;CTMSRV;DTRFIN_J15TRT_04_Q;svc_sapbi;M_W_DTR00;M_W_DTR00;3v1a0
DTR-DECISIONNEL TRAN;DTRFIN_J15TRT_04_Q;DTRFIN_J15TRT_04_FLG05_Q;"June 26, 2026";;;;Wait for Event;DTR : Creation Flag TOP_FIN_ALIM_OK_FINANCE_ACHATS_DTM_AUTRE.txt;;Command;No;0;No;CTMSRV;DTRFIN_J15TRT_04_Q;svc_sapbi;M_W_DTR00;M_W_DTR00;3v1a5
DTR-DECISIONNEL TRAN;DTRFIN_J15TRT_04_Q;DTRFIN_J15TRT_04_FLG06_Q;"June 26, 2026";;;;Wait for Event;DTR : Creation Flag TOP_FIN_ALIM_OK_FINANCE_ACHATS_DTM_FIN.txt;;Command;No;0;No;CTMSRV;DTRFIN_J15TRT_04_Q;svc_sapbi;M_W_DTR00;M_W_DTR00;3v1a6
DTR-DECISIONNEL TRAN;DTRFIN_J15TRT_04_Q;DTRFIN_J15TRT_04_FWT01_Q;"June 26, 2026";"June 27, 2026 4:30:58 AM";"June 27, 2026 4:31:43 AM";;Ended OK;FWT : Controle sur le serveur DTR de la presence des fichiers DTR_FINANCE;FileWatcher_Mult_Fic.ksh;Job;No;1;Yes;CTMSRV;DTRFIN_J15TRT_04_Q;ctmag900;ldkdtrp07;A_L_DTR07;3v19s
DTR-DECISIONNEL TRAN;DTRFIN_J15TRT_04_Q;DTRFIN_J15TRT_04_FWT02_Q;"June 26, 2026";"June 27, 2026 4:31:00 AM";"June 27, 2026 4:31:02 AM";;Ended OK;FWT : Controle sur le serveur Talend de la presence des fichiers CE-BANK-BRANCHES-V et DTR-AR-EVENTS-V;FileWatcher_Mult_Fic.ksh;Job;No;2;Yes;CTMSRV;DTRFIN_J15TRT_04_Q;ctmag900;ldkdtrp02;M_L_DTR01;3v19u
DTR-DECISIONNEL TRAN;DTRFIN_J15TRT_04_Q;DTRFIN_J15TRT_04_LIM01_Q;"June 26, 2026";"June 27, 2026 2:30:00 AM";"June 27, 2026 2:30:00 AM";;Ended OK;Limite horaire 1h30 du matin;;Dummy;No;1;No;CTMSRV;DTRFIN_J15TRT_04_Q;ctmag900;;M_L_DTR01;3v19t
DTR-DECISIONNEL TRAN;DTRFIN_J15TRT_04_Q;DTRFIN_J15TRT_04_MOV01_Q;"June 26, 2026";"June 27, 2026 4:31:44 AM";"June 27, 2026 4:31:45 AM";;Ended OK;Copie des fichiers FINANCE du NAS EAI vers le DTR;MOVE_GENERIQUE.sh;Job;No;1;No;CTMSRV;DTRFIN_J15TRT_04_Q;root;ldkdtrp07;A_L_DTR07;3v19r
DTR-DECISIONNEL TRAN;DTRFIN_J15TRT_04_Q;DTRFIN_J15TRT_04_MOV02_Q;"June 26, 2026";"June 27, 2026 4:31:02 AM";"June 27, 2026 4:31:03 AM";;Ended OK;Copie des fichiers FINANCE du NAS EAI vers le DTR;MOVE_GENERIQUE.sh;Job;No;1;No;CTMSRV;DTRFIN_J15TRT_04_Q;root;ldkdtrp03;M_L_DTR01;3v19v
DTR-DECISIONNEL TRAN;DTRFIN_J15TRT_04_Q;DTRFIN_J15TRT_04_TAL01_Q;"June 26, 2026";"June 27, 2026 4:31:46 AM";"June 27, 2026 6:37:22 AM";;Ended OK;Lancement DTR_FINANCE_DWH_PLAN;Lance_Interface_DTR_KDR.ksh;Job;No;1;No;CTMSRV;DTRFIN_J15TRT_04_Q;root;ldkdtrp02;M_L_DTR01;3v19q
DTR-DECISIONNEL TRAN;DTRFIN_J15TRT_04_Q;DTRFIN_J15TRT_04_TAL02_Q;"June 26, 2026";"June 27, 2026 6:37:23 AM";;;Executing;Lancement du plan  execution DTM_GESTION_ANALYTIQUE_PLAN;Lance_Interface_DTR_KDR.ksh;Job;No;1;No;CTMSRV;DTRFIN_J15TRT_04_Q;root;ldkdtrp03;M_L_DTR01;3v19x
DTR-DECISIONNEL TRAN;DTRFIN_J15TRT_04_Q;DTRFIN_J15TRT_04_TAL03_Q;"June 26, 2026";;;;Wait for Event;Lancement du plan  execution DTM_FACTURE_CLIENT_PLAN;Lance_Interface_DTR_KDR.ksh;Job;No;0;No;CTMSRV;DTRFIN_J15TRT_04_Q;root;M_L_DTR01;M_L_DTR01;3v1a1
DTR-DECISIONNEL TRAN;DTRFIN_J15TRT_04_Q;DTRFIN_J15TRT_04_TAL04_Q;"June 26, 2026";;;;Wait for Event;Lancement DTR_FINANCE_P2P_PLAN;Lance_Interface_DTR_KDR.ksh;Job;No;0;No;CTMSRV;DTRFIN_J15TRT_04_Q;root;M_L_DTR01;M_L_DTR01;3v19z
DTR-DECISIONNEL TRAN;DTRFIN_J15TRT_04_Q;DTRFIN_J15TRT_04_TAL05_Q;"June 26, 2026";;;;Wait for Event;Lancement du plan  execution DTM_AUTRE_PLAN;Lance_Interface_DTR_KDR.ksh;Job;No;0;No;CTMSRV;DTRFIN_J15TRT_04_Q;root;M_L_DTR01;M_L_DTR01;3v1a2
DTR-DECISIONNEL TRAN;DTRFIN_J15TRT_04_Q;DTRFIN_J15TRT_04_TAL06_Q;"June 26, 2026";;;;Wait for Event;Lancement du plan  execution DTM_FIN_PLAN;Lance_Interface_DTR_KDR.ksh;Job;No;0;No;CTMSRV;DTRFIN_J15TRT_04_Q;root;M_L_DTR01;M_L_DTR01;3v1a3
DTR-DECISIONNEL TRAN;DTRFIN_J15TRT_04_Q;DTRFIN_J15TRT_04_WRK01_Q;"June 26, 2026";"June 27, 2026 12:33:51 AM";"June 27, 2026 12:35:13 AM";;Ended OK;Lance le plan d' execution DTR_REF_COPY_4_FINANCE_PLAN;Lance_Interface_DTR_KDR.ksh;Job;No;1;No;CTMSRV;DTRFIN_J15TRT_04_Q;root;ldkdtrp03;M_L_DTR01;3v19p
DTR-DECISIONNEL TRAN;DTRFIN_J16TRT_04_Q;DTRFIN_J16TRT_04_FLG01_Q;"June 26, 2026";;;;Wait for Event;DTR : Creation Flag TOP_OK_FINANCE_ACHATS_P2P.txt;;Dummy;No;0;No;CTMSRV;DTRFIN_J16TRT_04_Q;root;NOTEXIST;NOTEXIST;3v127
DTR-DECISIONNEL TRAN;DTRFIN_J16TRT_04_Q;DTRFIN_J16TRT_04_TAL01_Q;"June 26, 2026";;;;Wait Resource;Lance le plan d'execution DTR_FINANCE_P2P_PLAN du job talend DTR_FINANCE_P2P du Projet DTR_FINANCE;Lance_Interface_DTR_KDR.ksh;Dummy;No;0;No;CTMSRV;DTRFIN_J16TRT_04_Q;root;M_L_DTR01;M_L_DTR01;3v126
DTR-DECISIONNEL TRAN;DTRFIN_J17TRT_04_Q;DTRFIN_J17TRT_04_WRK01_Q;"June 26, 2026";"June 27, 2026 12:35:46 AM";"June 27, 2026 12:36:15 AM";;Ended OK;Lance le plan d' execution  DTR_HEC_COPY_4_FINANCE_PLAN;Lance_Interface_DTR_KDR.ksh;Job;No;1;No;CTMSRV;DTRFIN_J17TRT_04_Q;root;ldkdtrp03;M_L_DTR01;3v17g
DTR-DECISIONNEL TRAN;DTRHEC_J11INT_05_Q;DTRHEC_J11INT_05_IMP01_Q;"June 26, 2026";"June 27, 2026 12:39:18 AM";"June 27, 2026 12:40:20 AM";;Ended OK;DTR : Lancement du plan d' execution  DTR_HERCULE_REC_PLAN;Lance_Interface_DTR_KDR.ksh;Job;No;1;No;CTMSRV;DTRHEC_J11INT_05_Q;root;ldkdtrp03;M_L_DTR01;3uzsr
DTR-DECISIONNEL TRAN;DTRHEC_J11INT_05_Q;DTRHEC_J11INT_05_IMP02_Q;"June 26, 2026";"June 27, 2026 12:40:21 AM";"June 27, 2026 12:40:55 AM";;Ended OK;DTR : Lancement du plan d' execution  DTR_HERCULE_REC_COPIE_PLAN;Lance_Interface_DTR_KDR.ksh;Job;No;1;No;CTMSRV;DTRHEC_J11INT_05_Q;root;ldkdtrp02;M_L_DTR01;3uzss
DTR-DECISIONNEL TRAN;DTRHEC_J11INT_05_Q;DTRHEC_J11INT_05_IMP03_Q;"June 26, 2026";"June 27, 2026 12:33:51 AM";"June 27, 2026 12:35:05 AM";;Ended OK;DTR : Lancement du plan d' execution  DTR_HERCULE_REC_P2_PLAN;Lance_Interface_DTR_KDR.ksh;Job;No;1;No;CTMSRV;DTRHEC_J11INT_05_Q;root;ldkdtrp02;M_L_DTR01;3uzst
DTR-DECISIONNEL TRAN;DTRHEC_J11INT_05_Q;DTRHEC_J11INT_05_IMP04_Q;"June 26, 2026";"June 27, 2026 12:35:05 AM";"June 27, 2026 12:35:45 AM";;Ended OK;DTR : Lancement du plan d' execution  DTR_HERCULE_REC_COPIE_P2_PLAN;Lance_Interface_DTR_KDR.ksh;Job;No;1;No;CTMSRV;DTRHEC_J11INT_05_Q;root;ldkdtrp02;M_L_DTR01;3uzsu
DTR-DECISIONNEL TRAN;DTRHEC_J11INT_05_Q;DTRHEC_J11INT_05_MOV01_Q;"June 26, 2026";"June 27, 2026 12:30:00 AM";"June 27, 2026 12:30:01 AM";;Ended OK;Deplacer les fichiers du NAS vers DTR;MOVE_GENERIQUE.sh;Job;No;1;No;CTMSRV;DTRHEC_J11INT_05_Q;root;ldkdtrp03;M_L_DTR01;3uzsq
DTR-DECISIONNEL TRAN;DTRHEC_J11INT_05_Q;DTRHEC_J11INT_05_Q;"June 26, 2026";"June 26, 2026 1:30:11 PM";"June 27, 2026 12:40:56 AM";;Ended OK;DTR : Integration des Donnees HEC;;SMART Table;No;1;No;CTMSRV;DTRHEC_J11INT_05_Q;root;ldkctmp50;;3uzsp
DTR-DECISIONNEL TRAN;DTRKDR_J12INT_05_Q;DTRKDR_J12INT_05_IMP01_Q;"June 26, 2026";"June 27, 2026 12:30:02 AM";"June 27, 2026 12:38:28 AM";;Ended OK;DTR : Lancement du plan d' execution  DTR_REFERENTIEL_REC_PLAN;Lance_Interface_DTR_KDR.ksh;Job;No;1;No;CTMSRV;DTRKDR_J12INT_05_Q;root;ldkdtrp03;M_L_DTR01;3v0zw
DTR-DECISIONNEL TRAN;DTRKDR_J12INT_05_Q;DTRKDR_J12INT_05_IMP02_Q;"June 26, 2026";"June 27, 2026 12:38:29 AM";"June 27, 2026 12:39:17 AM";;Ended OK;DTR : Lancement du plan d' execution  DTR_REFERENTIEL_REC_COPIE_PLAN;Lance_Interface_DTR_KDR.ksh;Job;No;1;No;CTMSRV;DTRKDR_J12INT_05_Q;root;ldkdtrp03;M_L_DTR01;3v0zx
DTR-DECISIONNEL TRAN;DTRKDR_J12INT_05_Q;DTRKDR_J12INT_05_IMP03_Q;"June 26, 2026";"June 27, 2026 12:30:02 AM";"June 27, 2026 12:33:05 AM";;Ended OK;DTR : Lancement du plan d' execution  DTR_REFERENTIEL_REC_P2_PLAN;Lance_Interface_DTR_KDR.ksh;Job;No;1;No;CTMSRV;DTRKDR_J12INT_05_Q;root;ldkdtrp02;M_L_DTR01;3v0zy
DTR-DECISIONNEL TRAN;DTRKDR_J12INT_05_Q;DTRKDR_J12INT_05_IMP04_Q;"June 26, 2026";"June 27, 2026 12:33:05 AM";"June 27, 2026 12:33:50 AM";;Ended OK;DTR : Lancement du plan d' execution  DTR_REFERENTIEL_REC_COPIE_P2_PLAN;Lance_Interface_DTR_KDR.ksh;Job;No;1;No;CTMSRV;DTRKDR_J12INT_05_Q;root;ldkdtrp03;M_L_DTR01;3v0zz
DTR-DECISIONNEL TRAN;DTRKDR_J12INT_05_Q;DTRKDR_J12INT_05_MOV01_Q;"June 26, 2026";"June 27, 2026 12:30:00 AM";"June 27, 2026 12:30:02 AM";;Ended OK;Deplacer les fichiers du NAS vers DTR;DTRKDR_J12INT_05_MOV01_Q.ksh;Job;No;1;No;CTMSRV;DTRKDR_J12INT_05_Q;root;ldkdtrp02;M_L_DTR01;3v100
DTR-DECISIONNEL TRAN;DTRKDR_J13INT_05_Q;DTRKDR_J13INT_05_IMP01_Q;"June 26, 2026";;;;Wait for Event;DTR : Lancement du plan d'execution DTR_REFERENTIEL_REC_TRANSCOS_PLAN;Lance_Interface_DTR_KDR.ksh;Job;No;0;No;CTMSRV;DTRKDR_J13INT_05_Q;root;M_L_DTR01;M_L_DTR01;3uzrk
DTR-DECISIONNEL TRAN;DTRKDR_J13INT_05_Q;DTRKDR_J13INT_05_MOV01_Q;"June 26, 2026";;;;Wait for Event;Deplacer les fichiers du NAS vers DTR;MOVE_GENERIQUE.sh;Job;No;0;No;CTMSRV;DTRKDR_J13INT_05_Q;root;M_L_DTR01;M_L_DTR01;3uzrj
DTR-DECISIONNEL TRAN;DTRKDR_J14INT_05_Q;DTRKDR_J14INT_05_IMP01_Q;"June 26, 2026";"June 27, 2026 12:39:18 AM";"June 27, 2026 12:42:48 AM";;Ended OK;DTR : Lancement du plan d'exécution DTR_REFERENTIEL_REC_RESSOURCE_PLAN;Lance_Interface_DTR_KDR.ksh;Job;No;1;No;CTMSRV;DTRKDR_J14INT_05_Q;root;ldkdtrp03;M_L_DTR01;3v0dh
DTR-DECISIONNEL TRAN;DTRKDR_J14INT_05_Q;DTRKDR_J14INT_05_MOV01_Q;"June 26, 2026";"June 27, 2026 12:08:00 AM";"June 27, 2026 12:08:01 AM";;Ended OK;Deplacer les fichiers du NAS vers DTR;DTRKDR_J14INT_05_MOV01_Q.ksh;Job;No;1;No;CTMSRV;DTRKDR_J14INT_05_Q;root;ldkdtrp02;M_L_DTR01;3v0dg
DTR-DECISIONNEL TRAN;DTRKDR_J15INT_05_Q;DTRKDR_J15INT_05_IMP01_Q;"June 26, 2026";"June 27, 2026 12:39:18 AM";"June 27, 2026 12:42:41 AM";;Ended OK;DTR : Lancement du plan d'exécution DTR_REFERENTIEL_REC_PARTENAIRE_PLAN;Lance_Interface_DTR_KDR.ksh;Job;No;1;No;CTMSRV;DTRKDR_J15INT_05_Q;root;ldkdtrp02;M_L_DTR01;3uzwh
DTR-DECISIONNEL TRAN;DTRKDR_J15INT_05_Q;DTRKDR_J15INT_05_MOV01_Q;"June 26, 2026";"June 26, 2026 9:34:31 PM";"June 26, 2026 9:34:31 PM";;Ended OK;Deplacer les fichiers du NAS vers DTR;DTRKDR_J15INT_05_MOV01_Q.ksh;Job;No;1;No;CTMSRV;DTRKDR_J15INT_05_Q;root;ldkdtrp02;M_L_DTR01;3uzwg
DTR-DECISIONNEL TRAN;DTRKDR_J16INT_05_Q;DTRKDR_J16INT_05_IMP01_Q;"June 26, 2026";"June 27, 2026 3:40:21 AM";"June 27, 2026 3:44:31 AM";;Ended OK;DTR : Lancement du plan d'execution DTR_REFERENTIEL_REC_SEE_PLAN;Lance_Interface_DTR_KDR.ksh;Job;No;1;No;CTMSRV;DTRKDR_J16INT_05_Q;root;ldkdtrp02;M_L_DTR01;3v0h5
DTR-DECISIONNEL TRAN;DTRKDR_J16INT_05_Q;DTRKDR_J16INT_05_IMP02_Q;"June 26, 2026";"June 27, 2026 3:44:31 AM";"June 27, 2026 3:46:21 AM";;Ended OK;DTR : Lancement du plan d'execution DTR_REFERENTIEL_REC_TRANSCOS_SEE_PLAN;Lance_Interface_DTR_KDR.ksh;Job;No;1;No;CTMSRV;DTRKDR_J16INT_05_Q;root;ldkdtrp03;M_L_DTR01;3v0h6
DTR-DECISIONNEL TRAN;DTRKDR_J16INT_05_Q;DTRKDR_J16INT_05_MOV01_Q;"June 26, 2026";"June 27, 2026 3:40:18 AM";"June 27, 2026 3:40:20 AM";;Ended OK;Deplacer les fichiers zip du NAS vers DTR;DTRKDR_J16INT_05_MOV01_Q.ksh;Job;No;1;No;CTMSRV;DTRKDR_J16INT_05_Q;root;ldkdtrp03;M_L_DTR01;3v0h4
DTR-DECISIONNEL TRAN;DTRKDR_J16INT_05_Q;DTRKDR_J16INT_05_Q;"June 26, 2026";"June 26, 2026 1:30:11 PM";"June 27, 2026 3:46:21 AM";;Ended OK;DTR: Projet DTR_REFERENTIEL;;SMART Table;No;1;No;CTMSRV;DTRKDR_J16INT_05_Q;;ldkctmp50;;3v0h3
DTR-DECISIONNEL TRAN;DTRMDM_J11INT_05_Q;DTRMDM_J11INT_05_FWT04_Q;"June 26, 2026";"June 27, 2026 12:00:00 AM";"June 27, 2026 12:00:04 AM";0800;Ended OK;Scrutation des fichiers MDM;FileWatcher_Mult_Fic.ksh;Job;No;1;Yes;CTMSRV;DTRMDM_J11INT_05_Q;ctmag900;ldkdtrp03;M_L_DTR01;3v1e7
DTR-DECISIONNEL TRAN;DTRMDM_J11INT_05_Q;DTRMDM_J11INT_05_IMP05_Q;"June 26, 2026";"June 27, 2026 12:00:04 AM";"June 27, 2026 12:00:31 AM";;Ended OK;Plan d'execution transfert Fichier;Lance_Interface_DTR_MDM.ksh;Job;No;1;No;CTMSRV;DTRMDM_J11INT_05_Q;root;ldkdtrp02;M_L_DTR01;3v1e8
DTR-DECISIONNEL TRAN;DTRMDM_J11INT_05_Q;DTRMDM_J11INT_05_IMP06_Q;"June 26, 2026";"June 27, 2026 12:00:32 AM";"June 27, 2026 12:10:44 AM";;Ended OK;Lancement des plans d'execution SOCLE;Lance_Interface_DTR_MDM.ksh;Job;No;1;No;CTMSRV;DTRMDM_J11INT_05_Q;root;ldkdtrp03;M_L_DTR01;3v1e9
DTR-DECISIONNEL TRAN;DTRMDM_J11INT_05_Q;DTRMDM_J11INT_05_IMP07_Q;"June 26, 2026";"June 27, 2026 12:10:45 AM";"June 27, 2026 12:14:09 AM";;Ended OK;Lancement des plans d'execution MAIEXP;Lance_Interface_DTR_MDM.ksh;Job;No;1;No;CTMSRV;DTRMDM_J11INT_05_Q;root;ldkdtrp03;M_L_DTR01;3v1ea
DTR-DECISIONNEL TRAN;DTRMDM_J11INT_05_Q;DTRMDM_J11INT_05_LIM01_Q;"June 26, 2026";"June 27, 2026 12:40:00 AM";"June 27, 2026 12:40:00 AM";;Ended OK;Limite horaire 0h40 du matin;;Dummy;No;1;No;CTMSRV;DTRMDM_J11INT_05_Q;ctmag900;;M_L_DTR01;3v1eb
DTR-DECISIONNEL TRAN;DTRNRJ_J11INT_05_Q;DTRNRJ_J11INT_05_IMP01_Q;"June 26, 2026";"June 27, 2026 12:14:39 AM";"June 27, 2026 4:48:14 AM";;Ended OK;Traitement DTR ENERGY Quotidien;Lance_Interface_DTR_EGY.ksh;Job;No;1;No;CTMSRV;DTRNRJ_J11INT_05_Q;root;ldkdtrp02;M_L_DTR01;3v0an
DTR-DECISIONNEL TRAN;DTRNRJ_J11INT_05_Q;DTRNRJ_J11INT_05_IMP02_Q;"June 26, 2026";"June 27, 2026 12:10:45 AM";"June 27, 2026 12:14:39 AM";;Ended OK;Intégration du DUMP Energy dans l'ODS;dtrenergy_datapump.sh;Job;No;1;No;CTMSRV;DTRNRJ_J11INT_05_Q;root;ldkdtrp07;A_L_DTR07;3v0am
DTR-DECISIONNEL TRAN;DTRNRJ_J11INT_05_Q;DTRNRJ_J11INT_05_IMP03_Q;"June 26, 2026";"June 27, 2026 4:48:15 AM";;;Executing;Traitement DTR ENERGY EGY_FAIT;Lance_Interface_DTR_EGY.ksh;Job;No;1;No;CTMSRV;DTRNRJ_J11INT_05_Q;root;ldkdtrp03;M_L_DTR01;3v0ao
EAI-EAI;EAIEAI_E11TEC_04_Q;EAIEAI_E11TEC_04_WRK01_Q;"June 26, 2026";"June 26, 2026 6:00:00 PM";"June 26, 2026 6:00:05 PM";;Ended OK;Envoi ODATE vers PFE \\prod.dalkia.org\PFE\APPS\EAI\filesharing\ODATE\ODATE.txt;CreateOdate.bat;Job;No;1;No;CTMSRV;EAIEAI_E11TEC_04_Q;svce_cm;wdkpfep13;A_W_PFE13;3v0us
ETR-ETRM;ETRMEC_J11FLX_07_Q;ETRMEC_J11FLX_07_MOV01_Q;"June 26, 2026";;;;Wait for Event;"PFE : Deplacement des fichiers ""MEC.zip"" depuis PFE vers ETRM";MOV_Generique_DKA.bat;Job;No;0;No;CTMSRV;ETRMEC_J11FLX_07_Q;svce_cm;A_W_ETR24;A_W_ETR24;3v0mh
ETR-ETRM;ETRMEC_J11FLX_07_Q;ETRMEC_J11FLX_07_Q;"June 26, 2026";"June 26, 2026 1:30:11 PM";;;Executing;PFE : Flux MEC;;SMART Table;No;1;No;CTMSRV;ETRMEC_J11FLX_07_Q;svce_cm;;;3v0mg
FIN-FINANCE;FINDTR_J11GEN_06_Q;FINDTR_J11GEN_06_EXP01_Q;"June 26, 2026";"June 27, 2026 4:17:43 AM";"June 27, 2026 4:30:54 AM";;Ended OK;FINANCE : Extraction Datapump Oracle pour DTR;BATCH_Generique_DKA.ksh;Job;No;1;No;CTMSRV;FINDTR_J11GEN_06_Q;opdtpump;ldkfinp11;M_L_FIN12;3v16x
FIN-FINANCE;FINDTR_J11GEN_06_Q;FINDTR_J11GEN_06_EXP02_Q;"June 26, 2026";"June 27, 2026 4:17:43 AM";"June 27, 2026 4:19:50 AM";;Ended OK;FINANCE : Extraction des banques et agences pour DTR;;Job;No;1;No;CTMSRV;FINDTR_J11GEN_06_Q;EXPLOITATION;ldkfinp01;M_L_FIN12;3v16y
FIN-FINANCE;FINDTR_J11GEN_06_Q;FINDTR_J11GEN_06_EXP03_Q;"June 26, 2026";"June 27, 2026 4:17:43 AM";"June 27, 2026 4:19:47 AM";;Ended OK;FINANCE : Extraction des evenements AR pour DTR;;Job;No;1;No;CTMSRV;FINDTR_J11GEN_06_Q;EXPLOITATION;ldkfinp11;M_L_FIN12;3v170
FIN-FINANCE;FINDTR_J11GEN_06_Q;FINDTR_J11GEN_06_MOV01_Q;"June 26, 2026";"June 27, 2026 4:30:55 AM";"June 27, 2026 4:30:57 AM";;Ended OK;FINANCE : Move du fichier FIN01*.tar.gz vers le NAS;MOV_OUT_PUMP_DKA.ksh;Job;No;1;No;CTMSRV;FINDTR_J11GEN_06_Q;opfinbac;ldkfinp11;M_L_FIN12;3v16w
FIN-FINANCE;FINDTR_J11GEN_06_Q;FINDTR_J11GEN_06_MOV02_Q;"June 26, 2026";"June 27, 2026 4:19:51 AM";"June 27, 2026 4:21:41 AM";;Ended OK;FINANCE : Move du fichier FIN01_*CE-BANK-BRANCHES-V_001_*.csv vers le NAS;MOV_OUT_PUMP_DKA.ksh;Job;No;1;No;CTMSRV;FINDTR_J11GEN_06_Q;opfinbac;ldkfinp11;M_L_FIN12;3v16z
FIN-FINANCE;FINDTR_J11GEN_06_Q;FINDTR_J11GEN_06_MOV03_Q;"June 26, 2026";"June 27, 2026 4:19:48 AM";"June 27, 2026 4:20:14 AM";;Ended OK;FINANCE : Move du fichier FIN01_*DTR-AR-EVENTS-V_001_*.csv vers le NAS;MOV_OUT_PUMP_DKA.ksh;Job;No;1;No;CTMSRV;FINDTR_J11GEN_06_Q;opfinbac;ldkfinp01;M_L_FIN12;3v171
FIN-FINANCE;FINDTR_J11GEN_06_Q;FINDTR_J11GEN_06_Q;"June 26, 2026";"June 27, 2026 4:17:43 AM";"June 27, 2026 4:30:58 AM";;Ended OK;FINANCE : Extraction Datapump Oracle pour DTR;;SMART Table;No;1;No;CTMSRV;FINDTR_J11GEN_06_Q;opdtpump;ldkctmp50;;3v16v
FIN-FINANCE;FINDTR_J11TEC_04_Q;FINDTR_J11TEC_04_Q;"June 26, 2026";"June 27, 2026 4:17:43 AM";"June 27, 2026 4:30:57 AM";;Ended OK;FINANCE : Ajout date derniere DATAPUMP dans Libmemsym pour DTR;;SMART Table;No;1;No;CTMSRV;FINDTR_J11TEC_04_Q;root;ldkctmp50;;3uza1
FIN-FINANCE;FINDTR_J11TEC_04_Q;FINDTR_J11TEC_04_WRK01_Q;"June 26, 2026";"June 27, 2026 4:30:55 AM";"June 27, 2026 4:30:56 AM";;Ended OK;FINANCE : Ajout date derniere DATAPUMP dans Libmemsym pour DTR;SED_LAST_DATAPUMPDTR.ksh;Job;No;1;No;CTMSRV;FINDTR_J11TEC_04_Q;controlm;ldkctmp50;SRV_PRIMAIRE;3uza2
FIN-FINANCE;FINEXT_J11GEN_06_Q;FINEXT_J11GEN_06_EXP01_Q;"June 26, 2026";"June 26, 2026 7:41:52 PM";"June 26, 2026 7:45:28 PM";;Ended OK;Exportation Commandes XEROX et Tradeshift;;Job;No;1;No;CTMSRV;FINEXT_J11GEN_06_Q;EXPLOITATION;ldkfinp01;M_L_FIN12;3uz8z
FIN-FINANCE;FINEXT_J11GEN_06_Q;FINEXT_J11GEN_06_MOV01_Q;"June 26, 2026";"June 26, 2026 7:45:29 PM";"June 26, 2026 7:45:30 PM";;Ended OK;FINANCE : Move du fichier DK1.DAL.CDE.* vers le NAS;MOV_OUT_Generique_DKA.ksh;Job;No;1;No;CTMSRV;FINEXT_J11GEN_06_Q;opfinbac;ldkfinp11;M_L_FIN12;3uz90
FIN-FINANCE;FINEXT_J11GEN_06_Q;FINEXT_J11GEN_06_Q;"June 26, 2026";"June 26, 2026 7:01:23 PM";"June 26, 2026 7:45:31 PM";;Ended OK;FINANCE : Exportation Commandes XEROX et Tradeshift;;SMART Table;No;1;No;CTMSRV;FINEXT_J11GEN_06_Q;opfinbac;ldkctmp50;;3uz8y
FIN-FINANCE;FINEXT_J11INT_05_Q;FINEXT_J11INT_05_CON01_Q;"June 26, 2026";"June 26, 2026 8:30:51 PM";"June 26, 2026 8:30:52 PM";;Ended OK;FINANCE : Concatener les fichiers VE1.DAL*.TR1 dans un fichier VE1_DAL.csv;CON_Generique_DKA.ksh;Job;No;1;No;CTMSRV;FINEXT_J11INT_05_Q;opfinbac;ldkfinp01;M_L_FIN12;3v1ci
FIN-FINANCE;FINEXT_J11INT_05_Q;FINEXT_J11INT_05_CON02_Q;"June 26, 2026";"June 26, 2026 8:29:13 PM";"June 26, 2026 8:29:14 PM";;Ended OK;FINANCE : Concatener les fichiers CSV_DAL*.csv en CONTROL.csv;FINEXT_J11INT_05_CON02_Q.ksh;Job;No;1;No;CTMSRV;FINEXT_J11INT_05_Q;opfinbac;ldkfinp11;M_L_FIN12;3v1cj
FIN-FINANCE;FINEXT_J11INT_05_Q;FINEXT_J11INT_05_IMP01_Q;"June 26, 2026";"June 26, 2026 8:30:53 PM";"June 26, 2026 8:32:24 PM";;Ended OK;XEROX : Chargement factures;;Job;No;1;No;CTMSRV;FINEXT_J11INT_05_Q;EXPLOITATION;ldkfinp11;M_L_FIN12;3v1cd
FIN-FINANCE;FINEXT_J11INT_05_Q;FINEXT_J11INT_05_IMP03_Q;"June 26, 2026";"June 26, 2026 8:29:14 PM";"June 26, 2026 8:30:45 PM";;Ended OK;XEROX : Chargement CONTROL.csv;;Job;No;1;No;CTMSRV;FINEXT_J11INT_05_Q;EXPLOITATION;ldkfinp11;M_L_FIN12;3v1cf
FIN-FINANCE;FINEXT_J11INT_05_Q;FINEXT_J11INT_05_LIM01_Q;"June 26, 2026";"June 26, 2026 10:30:00 PM";"June 26, 2026 10:30:00 PM";;Ended OK;FINANCE : Limite horaire notification PFE XEROX;;Dummy;No;1;No;CTMSRV;FINEXT_J11INT_05_Q;opfinbac;;M_L_FIN12;3v1cm
FIN-FINANCE;FINEXT_J11INT_05_Q;FINEXT_J11INT_05_MOV01_Q;"June 26, 2026";"June 26, 2026 8:30:46 PM";"June 26, 2026 8:30:47 PM";;Ended OK;FINANCE : Move du fichier TRA_DAL*.zip depuis le NAS;MOV_IN_Generique_DKA.ksh;Job;No;1;No;CTMSRV;FINEXT_J11INT_05_Q;opfinbac;ldkfinp01;M_L_FIN12;3v1cc
FIN-FINANCE;FINEXT_J11INT_05_Q;FINEXT_J11INT_05_MOV02_Q;"June 26, 2026";"June 26, 2026 8:29:10 PM";"June 26, 2026 8:29:11 PM";2220;Ended OK;FINANCE : Move du fichier CSV_DAL*.ZIP depuis le NAS;MOV_IN_Generique_DKA.ksh;Job;No;1;No;CTMSRV;FINEXT_J11INT_05_Q;opfinbac;ldkfinp11;M_L_FIN12;3v1ck
FIN-FINANCE;FINEXT_J11INT_05_Q;FINEXT_J11INT_05_Q;"June 26, 2026";"June 26, 2026 7:01:23 PM";"June 26, 2026 10:30:01 PM";2230;Ended OK;FINANCE : Chargement factures Xerox;;SMART Table;No;1;No;CTMSRV;FINEXT_J11INT_05_Q;opfinbac;ldkctmp50;;3v1cb
FIN-FINANCE;FINEXT_J11INT_05_Q;FINEXT_J11INT_05_WRK02_Q;"June 26, 2026";"June 26, 2026 8:35:22 PM";"June 26, 2026 9:26:54 PM";;Ended OK;XEROX : Intégration factures;;Job;No;1;No;CTMSRV;FINEXT_J11INT_05_Q;EXPLOITATION;ldkfinp01;M_L_FIN12;3v1cg
FIN-FINANCE;FINEXT_J11INT_05_Q;FINEXT_J11INT_05_WRK04_Q;"June 26, 2026";"June 26, 2026 9:26:55 PM";"June 26, 2026 9:28:35 PM";;Ended OK;XEROX : Contrôle de flux;;Job;No;1;No;CTMSRV;FINEXT_J11INT_05_Q;EXPLOITATION;ldkfinp11;M_L_FIN12;3v1ch
FIN-FINANCE;FINEXT_J11INT_05_Q;FINEXT_J11INT_05_ZIP01_Q;"June 26, 2026";"June 26, 2026 8:30:48 PM";"June 26, 2026 8:30:50 PM";;Ended OK;FINANCE : Decompression du fichier TRA_DAL*.zip;DEZIP_Generique_DKA.ksh;Job;No;1;No;CTMSRV;FINEXT_J11INT_05_Q;opfinbac;ldkfinp11;M_L_FIN12;3v1ce
FIN-FINANCE;FINEXT_J11INT_05_Q;FINEXT_J11INT_05_ZIP02_Q;"June 26, 2026";"June 26, 2026 8:29:12 PM";"June 26, 2026 8:29:13 PM";;Ended OK;FINANCE : Decompression du fichier CSV_DAL*.zip;DEZIP_Generique_DKA.ksh;Job;No;1;No;CTMSRV;FINEXT_J11INT_05_Q;opfinbac;ldkfinp11;M_L_FIN12;3v1cl
FIN-FINANCE;FINEXT_J12GEN_06_Q;FINEXT_J12GEN_06_EXP01_Q;"June 26, 2026";"June 26, 2026 7:01:23 PM";"June 26, 2026 7:03:28 PM";;Ended OK;FINANCE : Export du référentiel employé vers NOTILUS;;Job;No;1;No;CTMSRV;FINEXT_J12GEN_06_Q;EXPLOITATION;ldkfinp01;M_L_FIN12;3v14x
FIN-FINANCE;FINEXT_J12GEN_06_Q;FINEXT_J12GEN_06_MOV01_Q;"June 26, 2026";"June 26, 2026 7:03:29 PM";"June 26, 2026 7:04:11 PM";;Ended OK;FINANCE : Move du fichier EMPLOYES_AAAAMMJJ.csv  vers le NAS;MOV_OUT_Generique_DKA.ksh;Job;No;1;No;CTMSRV;FINEXT_J12GEN_06_Q;opfinbac;ldkfinp01;M_L_FIN12;3v14y
FIN-FINANCE;FINEXT_J12GEN_06_Q;FINEXT_J12GEN_06_Q;"June 26, 2026";"June 26, 2026 7:01:23 PM";"June 26, 2026 7:04:12 PM";;Ended OK;FINANCE : Export du referentiel employe vers NOTILUS;;SMART Table;No;1;No;CTMSRV;FINEXT_J12GEN_06_Q;opfinbac;ldkctmp50;;3v14w
FIN-FINANCE;FINEXT_J12INT_05_Q;FINEXT_J12INT_05_CON01_Q;"June 26, 2026";"June 26, 2026 8:33:11 PM";"June 26, 2026 8:33:12 PM";;Ended OK;FINANCE : Concaténer les fichiers L56VFRTDSPAR*.TR1 dans un fichier ZCI_DAL.csv;CON_Generique_DKA.ksh;Job;No;1;No;CTMSRV;FINEXT_J12INT_05_Q;opfinbac;ldkfinp01;M_L_FIN12;3v1gd
FIN-FINANCE;FINEXT_J12INT_05_Q;FINEXT_J12INT_05_CTL01_Q;"June 26, 2026";"June 26, 2026 8:33:09 PM";"June 26, 2026 8:33:10 PM";;Ended OK;FINANCE : Controle de fichiers L56VFRTDSPAR*.TIF;CON_Generique_DKA.ksh;Command;No;1;No;CTMSRV;FINEXT_J12INT_05_Q;opfinbac;ldkfinp11;M_L_FIN12;3v1ge
FIN-FINANCE;FINEXT_J12INT_05_Q;FINEXT_J12INT_05_FIN01_Q;"June 26, 2026";"June 26, 2026 8:35:21 PM";"June 26, 2026 8:35:21 PM";;Ended OK;FINANCE : Fin de Chaine TradeShift;;Dummy;No;1;No;CTMSRV;FINEXT_J12INT_05_Q;opfinbac;;M_L_FIN12;3v1gf
FIN-FINANCE;FINEXT_J12INT_05_Q;FINEXT_J12INT_05_IMP01_Q;"June 26, 2026";"June 26, 2026 8:33:13 PM";"June 26, 2026 8:35:21 PM";;Ended OK;TRADESHIFT : Chargement factures;;Job;No;1;No;CTMSRV;FINEXT_J12INT_05_Q;EXPLOITATION;ldkfinp11;M_L_FIN12;3v1gb
FIN-FINANCE;FINEXT_J12INT_05_Q;FINEXT_J12INT_05_MOV01_Q;"June 26, 2026";"June 26, 2026 8:33:05 PM";"June 26, 2026 8:33:06 PM";2228;Ended OK;FINANCE : Move du fichier L56VFRTDSPAR__DLK* depuis NAS;MOV_IN_Generique_DKA.ksh;Job;No;1;No;CTMSRV;FINEXT_J12INT_05_Q;opfinbac;ldkfinp11;M_L_FIN12;3v1ga
FIN-FINANCE;FINEXT_J12INT_05_Q;FINEXT_J12INT_05_Q;"June 26, 2026";"June 26, 2026 7:01:23 PM";"June 26, 2026 8:35:22 PM";2230;Ended OK;FINANCE : Chargement factures TradeShift;;SMART Table;No;1;No;CTMSRV;FINEXT_J12INT_05_Q;opfinbac;ldkctmp50;;3v1g9
FIN-FINANCE;FINEXT_J12INT_05_Q;FINEXT_J12INT_05_ZIP01_Q;"June 26, 2026";"June 26, 2026 8:33:07 PM";"June 26, 2026 8:33:08 PM";;Ended OK;FINANCE : Decompression du fichier L56VFRTDSPAR__DLK*.zip;DEZIP_Generique_DKA.ksh;Job;No;1;No;CTMSRV;FINEXT_J12INT_05_Q;opfinbac;ldkfinp01;M_L_FIN12;3v1gc
FIN-FINANCE;FINEXT_J13GEN_06_Q;FINEXT_J13GEN_06_EXP01_Q;"June 26, 2026";"June 26, 2026 7:44:21 PM";"June 26, 2026 7:51:26 PM";;Ended OK;FINANCE : Export Recouvrement;;Job;No;1;No;CTMSRV;FINEXT_J13GEN_06_Q;EXPLOITATION;ldkfinp01;M_L_FIN12;3v106
FIN-FINANCE;FINEXT_J13GEN_06_Q;FINEXT_J13GEN_06_MOV01_Q;"June 26, 2026";"June 26, 2026 7:51:27 PM";"June 26, 2026 7:51:29 PM";;Ended OK;FINANCE : Move du fichier ENCOURS_RECOUVREMENT_*.csv vers le NAS;MOV_OUT_Generique_DKA.ksh;Job;No;1;No;CTMSRV;FINEXT_J13GEN_06_Q;opfinbac;ldkfinp11;M_L_FIN12;3v107
FIN-FINANCE;FINEXT_J13GEN_06_Q;FINEXT_J13GEN_06_Q;"June 26, 2026";"June 26, 2026 7:01:23 PM";"June 26, 2026 7:51:30 PM";;Ended OK;FINANCE : Export Recouvrement;;SMART Table;No;1;No;CTMSRV;FINEXT_J13GEN_06_Q;opfinbac;ldkctmp50;;3v105
FIN-FINANCE;FINEXT_J13INT_05_Q;FINEXT_J13INT_05_IMP01_Q;"June 26, 2026";"June 26, 2026 6:46:41 PM";"June 26, 2026 6:50:17 PM";;Ended OK;Importation des Employes de GXP;;Job;No;1;No;CTMSRV;FINEXT_J13INT_05_Q;EXPLOITATION;ldkfinp01;M_L_FIN12;3v0d3
FIN-FINANCE;FINEXT_J13INT_05_Q;FINEXT_J13INT_05_Q;"June 26, 2026";"June 26, 2026 6:46:41 PM";"June 26, 2026 6:50:18 PM";;Ended OK;FINANCE : Importation des Employes de GXP;;SMART Table;No;1;No;CTMSRV;FINEXT_J13INT_05_Q;opfinbac;ldkctmp50;;3v0d2
FIN-FINANCE;FINEXT_J14GEN_06_Q;FINEXT_J14GEN_06_EXP01_Q;"June 26, 2026";"June 27, 2026 4:17:43 AM";"June 27, 2026 6:08:19 AM";;Ended OK;FINANCE : Extraction du Contrôle de Flux vers l'EAI;;Job;No;1;No;CTMSRV;FINEXT_J14GEN_06_Q;EXPLOITATION;ldkfinp01;M_L_FIN12;3v0zc
FIN-FINANCE;FINEXT_J14GEN_06_Q;FINEXT_J14GEN_06_MOV01_Q;"June 26, 2026";"June 27, 2026 6:08:20 AM";"June 27, 2026 6:08:27 AM";;Ended OK;FINANCE : Move du fichier FIN01_CTL_ECRITURES* vers le NAS;MOV_OUT_Generique_DKA.ksh;Job;No;1;No;CTMSRV;FINEXT_J14GEN_06_Q;opfinbac;ldkfinp01;M_L_FIN12;3v0zd
FIN-FINANCE;FINEXT_J14GEN_06_Q;FINEXT_J14GEN_06_Q;"June 26, 2026";"June 27, 2026 4:17:43 AM";"June 27, 2026 6:08:28 AM";;Ended OK;FINANCE : Extraction du Controle de Flux vers lEAI;;SMART Table;No;1;No;CTMSRV;FINEXT_J14GEN_06_Q;opfinbac;ldkctmp50;;3v0zb
FIN-FINANCE;FINEXT_J14INT_05_Q;FINEXT_J14INT_05_CON01_Q;"June 26, 2026";;;;Wait for Event;FINANCE : Concaténer les fichiers Compteur*.txt dans un fichier AFB120.txt;CON_Generique_DKA.ksh;Job;No;0;No;CTMSRV;FINEXT_J14INT_05_Q;opfinbac;M_L_FIN12;M_L_FIN12;3uz7y
FIN-FINANCE;FINEXT_J14INT_05_Q;FINEXT_J14INT_05_IMP01_Q;"June 26, 2026";;;;Wait for Event;RB : Importation relevés dans RB;;Job;No;0;No;CTMSRV;FINEXT_J14INT_05_Q;EXPLOITATION;M_L_FIN12;M_L_FIN12;3uz7s
FIN-FINANCE;FINEXT_J14INT_05_Q;FINEXT_J14INT_05_LIM01_Q;"June 26, 2026";;;;Wait for Event;FINANCE :  Limite Horaire;;Dummy;No;0;No;CTMSRV;FINEXT_J14INT_05_Q;DUMMYUSR;ldkctmp50;;3uz7z
FIN-FINANCE;FINEXT_J14INT_05_Q;FINEXT_J14INT_05_MEL01_Q;"June 26, 2026";;;;Wait for Event;RB : Edition des releves manquants par mail;;Job;No;0;No;CTMSRV;FINEXT_J14INT_05_Q;EXPLOITATION;M_L_FIN12;M_L_FIN12;3uz7v
FIN-FINANCE;FINEXT_J14INT_05_Q;FINEXT_J14INT_05_MOV01_Q;"June 26, 2026";;;;Wait for Event;FINANCE : Move du fichier Compteur.zip depuis NAS;MOV_IN_Generique_DKA.ksh;Job;No;0;No;CTMSRV;FINEXT_J14INT_05_Q;opfinbac;M_L_FIN12;M_L_FIN12;3uz7w
FIN-FINANCE;FINEXT_J14INT_05_Q;FINEXT_J14INT_05_Q;"June 26, 2026";"June 27, 2026 4:17:43 AM";;;Executing;FINANCE : Import des releves dans RB;;SMART Table;No;1;No;CTMSRV;FINEXT_J14INT_05_Q;opfinbac;ldkctmp50;;3uz7r
FIN-FINANCE;FINEXT_J14INT_05_Q;FINEXT_J14INT_05_WRK01_Q;"June 26, 2026";;;;Wait for Event;RB : Filtre du fichier AFB120.txt;;Dummy;No;0;No;CTMSRV;FINEXT_J14INT_05_Q;EXPLOITATION;M_L_FIN12;M_L_FIN12;3uz7t
FIN-FINANCE;FINEXT_J14INT_05_Q;FINEXT_J14INT_05_WRK02_Q;"June 26, 2026";;;;Wait for Event;RB : Edition des releves bancaires pour les CSP;;Job;No;0;No;CTMSRV;FINEXT_J14INT_05_Q;EXPLOITATION;M_L_FIN12;M_L_FIN12;3uz7u
FIN-FINANCE;FINEXT_J14INT_05_Q;FINEXT_J14INT_05_ZIP01_Q;"June 26, 2026";;;;Wait for Event;FINANCE : Decompression du fichier Compteur.zip;DEZIP_Generique_DKA.ksh;Job;No;0;No;CTMSRV;FINEXT_J14INT_05_Q;opfinbac;M_L_FIN12;M_L_FIN12;3uz7x
FIN-FINANCE;FINEXT_J14INT_06_Q;FINEXT_J14INT_06_CON01_Q;"June 26, 2026";;;;Wait for Event;FINANCE : Concaténer les fichiers Compteur*.txt dans un fichier AFB120.txt;CON_Generique_DKA.ksh;Job;No;0;Yes;CTMSRV;FINEXT_J14INT_06_Q;opfinbac;M_L_FIN12;M_L_FIN12;3uzv9
FIN-FINANCE;FINEXT_J14INT_06_Q;FINEXT_J14INT_06_IMP01_Q;"June 26, 2026";;;;Wait for Event;RB : Importation relevés dans RB;;Job;No;0;Yes;CTMSRV;FINEXT_J14INT_06_Q;EXPLOITATION;M_L_FIN12;M_L_FIN12;3uzv3
FIN-FINANCE;FINEXT_J14INT_06_Q;FINEXT_J14INT_06_MEL01_Q;"June 26, 2026";;;;Wait for Event;RB : Edition des releves manquants par mail;;Job;No;0;Yes;CTMSRV;FINEXT_J14INT_06_Q;EXPLOITATION;M_L_FIN12;M_L_FIN12;3uzv6
FIN-FINANCE;FINEXT_J14INT_06_Q;FINEXT_J14INT_06_MOV01_Q;"June 26, 2026";;;;Wait for Event;FINANCE : Move du fichier Compteur.zip depuis NAS;MOV_IN_Generique_DKA.ksh;Job;No;0;Yes;CTMSRV;FINEXT_J14INT_06_Q;opfinbac;M_L_FIN12;M_L_FIN12;3uzv7
FIN-FINANCE;FINEXT_J14INT_06_Q;FINEXT_J14INT_06_Q;"June 26, 2026";"June 26, 2026 1:30:11 PM";;;Executing;FINANCE : Import des releves dans RB partie Cyclique démarrant à 8h après la chaîne FINEXT_J14INT_05_Q;;SMART Table;No;1;No;CTMSRV;FINEXT_J14INT_06_Q;opfinbac;;;3uzv2
FIN-FINANCE;FINEXT_J14INT_06_Q;FINEXT_J14INT_06_WRK01_Q;"June 26, 2026";;;;Wait for Event;RB : Filtre du fichier AFB120.txt;;Dummy;No;0;Yes;CTMSRV;FINEXT_J14INT_06_Q;EXPLOITATION;M_L_FIN12;M_L_FIN12;3uzv4
FIN-FINANCE;FINEXT_J14INT_06_Q;FINEXT_J14INT_06_WRK02_Q;"June 26, 2026";;;;Wait for Event;RB : Edition des releves bancaires pour les CSP;;Job;No;0;Yes;CTMSRV;FINEXT_J14INT_06_Q;EXPLOITATION;M_L_FIN12;M_L_FIN12;3uzv5
FIN-FINANCE;FINEXT_J14INT_06_Q;FINEXT_J14INT_06_ZIP01_Q;"June 26, 2026";;;;Wait for Event;FINANCE : Decompression du fichier Compteur.zip;DEZIP_Generique_DKA.ksh;Job;No;0;Yes;CTMSRV;FINEXT_J14INT_06_Q;opfinbac;M_L_FIN12;M_L_FIN12;3uzv8
FIN-FINANCE;FINEXT_J15INT_05_Q;FINEXT_J15INT_05_IMP01_Q;"June 26, 2026";"June 26, 2026 5:00:01 PM";"June 26, 2026 5:06:03 PM";;Ended OK;FINANCE : Interface d'import des fournisseurs dans Oracle (soir);;Job;No;1;No;CTMSRV;FINEXT_J15INT_05_Q;EXPLOITATION;ldkfinp01;M_L_FIN12;3v07s
FIN-FINANCE;FINEXT_J15INT_05_Q;FINEXT_J15INT_05_IMP03_Q;"June 26, 2026";"June 26, 2026 7:12:52 PM";"June 26, 2026 7:20:32 PM";;Ended OK;FINANCE : Interface d'import des fournisseurs homologations dans Oracle (soir);;Job;No;1;No;CTMSRV;FINEXT_J15INT_05_Q;EXPLOITATION;ldkfinp11;M_L_FIN12;3v07u
FIN-FINANCE;FINEXT_J15INT_05_Q;FINEXT_J15INT_05_MOV01_Q;"June 26, 2026";"June 26, 2026 5:00:00 PM";"June 26, 2026 5:00:01 PM";;Ended OK;FINANCE : Deplacement des fichiers fournisseurs DSP01_SUP*.csv dans Oracle (soir);MOV_IN_Generique_DKA.ksh;Job;No;1;No;CTMSRV;FINEXT_J15INT_05_Q;opfinbac;ldkfinp11;M_L_FIN12;3v07r
FIN-FINANCE;FINEXT_J15INT_05_Q;FINEXT_J15INT_05_MOV03_Q;"June 26, 2026";"June 26, 2026 7:12:50 PM";"June 26, 2026 7:12:51 PM";;Ended OK;FINANCE : Deplacement des fichiers fournisseurs DSP01_SUP_HOMOLOGATIONS.csv dans Oracle (soir);MOV_IN_Generique_DKA.ksh;Job;No;1;No;CTMSRV;FINEXT_J15INT_05_Q;opfinbac;ldkfinp01;M_L_FIN12;3v07t
FIN-FINANCE;FINEXT_J15INT_05_Q;FINEXT_J15INT_05_Q;"June 26, 2026";"June 26, 2026 1:30:11 PM";"June 26, 2026 7:20:33 PM";;Ended OK;FINANCE : Interface d'import des fournisseurs dans Oracle;;SMART Table;No;1;No;CTMSRV;FINEXT_J15INT_05_Q;opfinbac;ldkctmp50;;3v07q
FIN-FINANCE;FINEXT_J16GEN_06_Q;FINEXT_J16GEN_06_EXP01_Q;"June 26, 2026";"June 27, 2026 4:17:42 AM";"June 27, 2026 4:27:46 AM";;Ended OK;FINANCE : Exportation GL vers HYPERION;;Job;No;1;No;CTMSRV;FINEXT_J16GEN_06_Q;EXPLOITATION;ldkfinp01;M_L_FIN12;3v1gl
FIN-FINANCE;FINEXT_J16GEN_06_Q;FINEXT_J16GEN_06_MOV01_Q;"June 26, 2026";"June 27, 2026 4:27:46 AM";"June 27, 2026 4:27:57 AM";;Ended OK;FINANCE : Move du fichier HYPERION_*_*.txt vers le NAS;MOV_OUT_Generique_DKA.ksh;Job;No;1;No;CTMSRV;FINEXT_J16GEN_06_Q;opfinbac;ldkfinp01;M_L_FIN12;3v1gm
FIN-FINANCE;FINEXT_J16GEN_06_Q;FINEXT_J16GEN_06_Q;"June 26, 2026";"June 26, 2026 11:44:46 PM";"June 27, 2026 4:27:57 AM";;Ended OK;FINANCE : Exportation GL vers Séléné -- Quotidien;;SMART Table;No;1;No;CTMSRV;FINEXT_J16GEN_06_Q;opfinbac;ldkctmp50;;3v1gk
FIN-FINANCE;FINEXT_J17GEN_06_M;FINEXT_J17GEN_06_EXP01_M;"June 26, 2026";;;;Wait for Event;FINANCE : Campagne TIERS EXPRESS : Creation fichiers AP Import;;Job;No;0;No;CTMSRV;FINEXT_J17GEN_06_M;EXPLOITATION;M_L_FIN12;M_L_FIN12;3uzjx
FIN-FINANCE;FINEXT_J17GEN_06_M;FINEXT_J17GEN_06_M;"June 26, 2026";"June 27, 2026 12:02:02 AM";;;Executing;FINANCE : Campagne TIERS EXPRESS : Alimentation AP Import;;SMART Table;No;1;No;CTMSRV;FINEXT_J17GEN_06_M;opfinbac;ldkctmp50;;3uzjt
FIN-FINANCE;FINEXT_J17GEN_06_M;FINEXT_J17GEN_06_MEL01_M;"June 26, 2026";;;;Wait for Event;FINANCE : Campagne TIERS EXPRESS : Avis de virement par mail;;Job;No;0;No;CTMSRV;FINEXT_J17GEN_06_M;EXPLOITATION;M_L_FIN12;M_L_FIN12;3uzjw
FIN-FINANCE;FINEXT_J17GEN_06_M;FINEXT_J17GEN_06_MOV01_M;"June 26, 2026";;;;Wait for Event;FINANCE : Move du fichier DK*EXP*.txt vers le NAS;MOV_OUT_Generique_DKA.ksh;Job;No;0;No;CTMSRV;FINEXT_J17GEN_06_M;opfinbac;M_L_FIN12;M_L_FIN12;3uzjy
FIN-FINANCE;FINEXT_J17GEN_06_M;FINEXT_J17GEN_06_WRK01_M;"June 26, 2026";"June 27, 2026 12:02:02 AM";"June 27, 2026 1:34:25 AM";;Ended Not OK;FINANCE : Campagne TIERS EXPRESS : Reglements automatiques;;Job;No;1;No;CTMSRV;FINEXT_J17GEN_06_M;EXPLOITATION;ldkfinp11;M_L_FIN12;3uzjv
FIN-FINANCE;FINEXT_J17GEN_06_M;FINEXT_J17GEN_06_WRK02_M;"June 26, 2026";;;;Wait for Event;FINANCE : Campagne TIERS EXPRESS : Alimentation AP Import;;Job;No;0;No;CTMSRV;FINEXT_J17GEN_06_M;EXPLOITATION;M_L_FIN12;M_L_FIN12;3uzju
FIN-FINANCE;FINEXT_J17GEN_06_M;FINEXT_J17GEN_06_WRK03_M;"June 26, 2026";;;;Wait for Event;FINANCE : Campagne TIERS EXPRESS : Calcul du poids;;Job;No;0;No;CTMSRV;FINEXT_J17GEN_06_M;EXPLOITATION;M_L_FIN12;M_L_FIN12;3uzjz
FIN-FINANCE;FINEXT_J17GEN_06_Q;FINEXT_J17GEN_06_EXP01_Q;"June 26, 2026";"June 27, 2026 4:17:43 AM";"June 27, 2026 4:26:02 AM";;Ended OK;FINANCE : Export des factures pour Tradeshift vers PFE;;Job;No;1;No;CTMSRV;FINEXT_J17GEN_06_Q;EXPLOITATION;ldkfinp11;M_L_FIN12;3v0eo
FIN-FINANCE;FINEXT_J17GEN_06_Q;FINEXT_J17GEN_06_MOV01_Q;"June 26, 2026";"June 27, 2026 4:26:02 AM";"June 27, 2026 4:27:04 AM";;Ended OK;FINANCE : Move du fichier STATUTSFACTURES_*.csv vers le NAS;MOV_OUT_Generique_DKA.ksh;Job;No;1;No;CTMSRV;FINEXT_J17GEN_06_Q;opfinbac;ldkfinp11;M_L_FIN12;3v0ep
FIN-FINANCE;FINEXT_J17GEN_06_Q;FINEXT_J17GEN_06_Q;"June 26, 2026";"June 27, 2026 4:17:43 AM";"June 27, 2026 4:27:05 AM";;Ended OK;FINANCE : Export des factures pour Tradeshift vers PFE;;SMART Table;No;1;No;CTMSRV;FINEXT_J17GEN_06_Q;opfinbac;ldkctmp50;;3v0en
FIN-FINANCE;FINEXT_J17INT_05_Q;FINEXT_J17INT_05_IMP01_Q;"June 26, 2026";"June 26, 2026 7:21:08 PM";"June 26, 2026 7:37:44 PM";;Ended OK;FINANCE : Interface d'import des commandes iValua (soir);;Job;No;1;No;CTMSRV;FINEXT_J17INT_05_Q;EXPLOITATION;ldkfinp11;M_L_FIN12;3uzns
FIN-FINANCE;FINEXT_J17INT_05_Q;FINEXT_J17INT_05_IMP03_Q;"June 26, 2026";"June 26, 2026 7:37:44 PM";"June 26, 2026 7:39:28 PM";;Ended OK;FINANCE: chargement des contrats SSTR venant d'Ivalua;;Job;No;1;No;CTMSRV;FINEXT_J17INT_05_Q;EXPLOITATION;ldkfinp11;M_L_FIN12;3uznt
FIN-FINANCE;FINEXT_J17INT_05_Q;FINEXT_J17INT_05_MOV01_Q;"June 26, 2026";"June 26, 2026 7:20:33 PM";"June 26, 2026 7:21:07 PM";;Ended OK;FINANCE : Deplacement des fichiers commandes DSP01_PO*.csv dans Oracle (soir);MOV_IN_Generique_DKA.ksh;Job;No;1;No;CTMSRV;FINEXT_J17INT_05_Q;opfinbac;ldkfinp01;M_L_FIN12;3uznr
FIN-FINANCE;FINEXT_J17INT_05_Q;FINEXT_J17INT_05_Q;"June 26, 2026";"June 26, 2026 1:30:10 PM";"June 26, 2026 7:39:29 PM";;Ended OK;FINANCE : Interface d'import des commandes iValua;;SMART Table;No;1;No;CTMSRV;FINEXT_J17INT_05_Q;opfinbac;ldkctmp50;;3uznq
FIN-FINANCE;FINEXT_J18GEN_06_M;FINEXT_J18GEN_06_EXP01_M;"June 26, 2026";"June 27, 2026 3:20:23 AM";"June 27, 2026 3:22:48 AM";;Ended OK;FINANCE : Campagne GROUPE EXPRESS : Creation fichiers AP Import;;Job;No;1;No;CTMSRV;FINEXT_J18GEN_06_M;EXPLOITATION;ldkfinp11;M_L_FIN12;3uzpa
FIN-FINANCE;FINEXT_J18GEN_06_M;FINEXT_J18GEN_06_M;"June 26, 2026";"June 27, 2026 2:22:28 AM";"June 27, 2026 3:26:51 AM";;Ended OK;FINANCE : Campagne GROUPE EXPRESS;;SMART Table;No;1;No;CTMSRV;FINEXT_J18GEN_06_M;opfinbac;ldkctmp50;;3uzp6
FIN-FINANCE;FINEXT_J18GEN_06_M;FINEXT_J18GEN_06_MEL01_M;"June 26, 2026";"June 27, 2026 3:24:54 AM";"June 27, 2026 3:26:51 AM";;Ended OK;FINANCE : Campagne GROUPE EXPRESS : Avis de virement par mail;;Job;No;1;No;CTMSRV;FINEXT_J18GEN_06_M;EXPLOITATION;ldkfinp01;M_L_FIN12;3uzp9
FIN-FINANCE;FINEXT_J18GEN_06_M;FINEXT_J18GEN_06_MOV01_M;"June 26, 2026";"June 27, 2026 3:22:49 AM";"June 27, 2026 3:22:57 AM";;Ended OK;FINANCE : Move du fichier DK*GPX.txt vers le NAS;MOV_OUT_Generique_DKA.ksh;Job;No;1;No;CTMSRV;FINEXT_J18GEN_06_M;opfinbac;ldkfinp11;M_L_FIN12;3uzpb
FIN-FINANCE;FINEXT_J18GEN_06_M;FINEXT_J18GEN_06_WRK01_M;"June 26, 2026";"June 27, 2026 2:22:28 AM";"June 27, 2026 3:19:23 AM";;Ended OK;FINANCE : Campagne GROUPE EXPRESS : Reglements automatiques;;Job;No;1;No;CTMSRV;FINEXT_J18GEN_06_M;EXPLOITATION;ldkfinp11;M_L_FIN12;3uzp8
FIN-FINANCE;FINEXT_J18GEN_06_M;FINEXT_J18GEN_06_WRK02_M;"June 26, 2026";"June 27, 2026 3:19:24 AM";"June 27, 2026 3:20:23 AM";;Ended OK;FINANCE : Campagne GROUPE EXPRESS : Alimentation AP Import;;Job;No;1;No;CTMSRV;FINEXT_J18GEN_06_M;EXPLOITATION;ldkfinp01;M_L_FIN12;3uzp7
FIN-FINANCE;FINEXT_J18GEN_06_M;FINEXT_J18GEN_06_WRK03_M;"June 26, 2026";"June 27, 2026 3:22:49 AM";"June 27, 2026 3:24:53 AM";;Ended OK;FINANCE : Campagne GROUPE EXPRESS : Calcul du poids;;Job;No;1;No;CTMSRV;FINEXT_J18GEN_06_M;EXPLOITATION;ldkfinp01;M_L_FIN12;3uzpc
FIN-FINANCE;FINEXT_J18INT_05_Q;FINEXT_J18INT_05_IMP01_Q;"June 26, 2026";"June 26, 2026 7:39:31 PM";"June 26, 2026 7:41:52 PM";;Ended Not OK;FINANCE : Interface d'import des receptions iValua (soir);;Job;No;1;No;CTMSRV;FINEXT_J18INT_05_Q;EXPLOITATION;ldkfinp11;M_L_FIN12;3v0av
FIN-FINANCE;FINEXT_J18INT_05_Q;FINEXT_J18INT_05_MOV01_Q;"June 26, 2026";"June 26, 2026 7:39:29 PM";"June 26, 2026 7:39:31 PM";;Ended OK;FINANCE : Deplacement des fichiers receptions DSP01_REC*.csv dans Oracle (soir);MOV_IN_Generique_DKA.ksh;Job;No;1;No;CTMSRV;FINEXT_J18INT_05_Q;opfinbac;ldkfinp01;M_L_FIN12;3v0au
FIN-FINANCE;FINEXT_J18INT_05_Q;FINEXT_J18INT_05_Q;"June 26, 2026";"June 26, 2026 1:30:11 PM";"June 26, 2026 7:41:52 PM";;Ended Not OK;FINANCE : Interface d'import des réceptions;;SMART Table;No;1;No;CTMSRV;FINEXT_J18INT_05_Q;opfinbac;ldkctmp50;;3v0at
FIN-FINANCE;FINEXT_J19GEN_06_Q;FINEXT_J19GEN_06_EXP01_Q;"June 26, 2026";"June 26, 2026 6:46:41 PM";"June 26, 2026 6:46:41 PM";;Ended OK;Export et envoi vers IVALUA des transferts de commandes à un tiers;;Dummy;No;1;No;CTMSRV;FINEXT_J19GEN_06_Q;EXPLOITATION;;M_L_FIN12;3v0r0
FIN-FINANCE;FINEXT_J19GEN_06_Q;FINEXT_J19GEN_06_Q;"June 26, 2026";"June 26, 2026 1:30:11 PM";"June 26, 2026 6:46:42 PM";;Ended OK;FINANCE : Export des données factures vers iValua;;SMART Table;No;1;No;CTMSRV;FINEXT_J19GEN_06_Q;opfinbac;ldkctmp50;;3v0qz
FIN-FINANCE;FINEXT_J19INT_05_Q;FINEXT_J19INT_05_IMP01_Q;"June 26, 2026";"June 26, 2026 9:27:00 PM";"June 26, 2026 9:30:15 PM";;Ended OK;Import des codes de déblocage facture depuis iValua;;Job;No;1;No;CTMSRV;FINEXT_J19INT_05_Q;EXPLOITATION;ldkfinp01;M_L_FIN12;3uzqw
FIN-FINANCE;FINEXT_J19INT_05_Q;FINEXT_J19INT_05_MOV01_Q;"June 26, 2026";"June 26, 2026 9:26:55 PM";"June 26, 2026 9:26:59 PM";;Ended OK;FINANCE : Move des Factures deblocage depuis le NAS;MOV_IN_Generique_DKA.ksh;Job;No;1;No;CTMSRV;FINEXT_J19INT_05_Q;opfinbac;ldkfinp01;M_L_FIN12;3uzqx
FIN-FINANCE;FINEXT_J19INT_05_Q;FINEXT_J19INT_05_Q;"June 26, 2026";"June 26, 2026 1:30:11 PM";"June 26, 2026 9:30:15 PM";;Ended OK;FINANCE : Import des codes de déblocage facture depuis iValua;;SMART Table;No;1;No;CTMSRV;FINEXT_J19INT_05_Q;opfinbac;ldkctmp50;;3uzqv
FIN-FINANCE;FINEXT_J20GEN_06_Q;FINEXT_J20GEN_06_EXP01_Q;"June 26, 2026";"June 26, 2026 11:44:46 PM";"June 26, 2026 11:48:08 PM";;Ended OK;"Export et envoi vers DATALAKE des Entêtes; Lignes et Règlements de factures fournisseurs";;Job;No;1;No;CTMSRV;FINEXT_J20GEN_06_Q;EXPLOITATION;ldkfinp11;M_L_FIN12;3v1i2
FIN-FINANCE;FINEXT_J20GEN_06_Q;FINEXT_J20GEN_06_EXP02_Q;"June 26, 2026";"June 26, 2026 11:44:46 PM";"June 26, 2026 11:46:31 PM";;Ended OK;Export et envoi vers DATALAKE des blocages;;Job;No;1;No;CTMSRV;FINEXT_J20GEN_06_Q;EXPLOITATION;ldkfinp01;M_L_FIN12;3v1i3
FIN-FINANCE;FINEXT_J20GEN_06_Q;FINEXT_J20GEN_06_MOV01_Q;"June 26, 2026";"June 26, 2026 11:48:09 PM";"June 26, 2026 11:48:13 PM";;Ended OK;FINANCE : Move du fichier DKA_EXP_FACTURE_ENTETE_ddMMYYYY-HHMMss.csv vers le NAS;MOV_OUT_Generique_DKA.ksh;Job;No;1;No;CTMSRV;FINEXT_J20GEN_06_Q;opfinbac;ldkfinp11;M_L_FIN12;3v1i5
FIN-FINANCE;FINEXT_J20GEN_06_Q;FINEXT_J20GEN_06_MOV02_Q;"June 26, 2026";"June 26, 2026 11:48:09 PM";"June 26, 2026 11:48:10 PM";;Ended OK;FINANCE : Move du fichier DKA_EXP_FACTURE_LIGNE_ddMMYYYY-HHMMss.csv vers le NAS;MOV_OUT_Generique_DKA.ksh;Job;No;1;No;CTMSRV;FINEXT_J20GEN_06_Q;opfinbac;ldkfinp01;M_L_FIN12;3v1i4
FIN-FINANCE;FINEXT_J20GEN_06_Q;FINEXT_J20GEN_06_MOV03_Q;"June 26, 2026";"June 26, 2026 11:48:09 PM";"June 26, 2026 11:48:13 PM";;Ended OK;FINANCE : Move du fichier DKA_EXP_FACTURE_LIGNE_ddMMYYYY-HHMMss.csv vers le NAS;MOV_OUT_Generique_DKA.ksh;Job;No;1;No;CTMSRV;FINEXT_J20GEN_06_Q;opfinbac;ldkfinp11;M_L_FIN12;3v1i6
FIN-FINANCE;FINEXT_J20GEN_06_Q;FINEXT_J20GEN_06_MOV04_Q;"June 26, 2026";"June 26, 2026 11:46:31 PM";"June 26, 2026 11:46:33 PM";;Ended OK;FINANCE : Move du fichier DKA_EXP_BLOCAGE_ddMMYYYY-HHMMss.csv vers le NAS;MOV_OUT_Generique_DKA.ksh;Job;No;1;No;CTMSRV;FINEXT_J20GEN_06_Q;opfinbac;ldkfinp01;M_L_FIN12;3v1i7
FIN-FINANCE;FINEXT_J20GEN_06_Q;FINEXT_J20GEN_06_Q;"June 26, 2026";"June 26, 2026 11:44:46 PM";"June 26, 2026 11:48:13 PM";;Ended OK;"FINANCE : Export des données fdes Entêtes; Lignes; blocages et Règlements de factures fournisseurs";;SMART Table;No;1;No;CTMSRV;FINEXT_J20GEN_06_Q;opfinbac;ldkctmp50;;3v1i1
FIN-FINANCE;FINEXT_J20INT_05_Q;FINEXT_J20INT_05_IMP01_Q;"June 26, 2026";"June 26, 2026 8:29:14 PM";"June 26, 2026 8:30:26 PM";;Ended OK;IVALUA : Chargement CONTROL_DSP.CSV;;Job;No;1;No;CTMSRV;FINEXT_J20INT_05_Q;EXPLOITATION;ldkfinp01;M_L_FIN12;3v13h
FIN-FINANCE;FINEXT_J20INT_05_Q;FINEXT_J20INT_05_IMP02_Q;"June 26, 2026";"June 26, 2026 8:30:56 PM";"June 26, 2026 8:32:27 PM";;Ended OK;IVALUA : Chargement factures PO FLIP;;Job;No;1;No;CTMSRV;FINEXT_J20INT_05_Q;EXPLOITATION;ldkfinp01;M_L_FIN12;3v13n
FIN-FINANCE;FINEXT_J20INT_05_Q;FINEXT_J20INT_05_MOV01_Q;"June 26, 2026";"June 26, 2026 8:29:10 PM";"June 26, 2026 8:29:11 PM";2220;Ended OK;FINANCE : Move du fichier DKA.DSP.CONTROL.*.csv depuis la PFE;MOV_IN_Generique_DKA.ksh;Job;No;1;No;CTMSRV;FINEXT_J20INT_05_Q;opfinbac;ldkfinp01;M_L_FIN12;3v13f
FIN-FINANCE;FINEXT_J20INT_05_Q;FINEXT_J20INT_05_MOV02_Q;"June 26, 2026";"June 26, 2026 8:30:27 PM";"June 26, 2026 8:30:33 PM";;Ended OK;FINANCE : Move du fichier DKA.DSP.*.TR1 depuis la PFE;MOV_IN_Generique_DKA.ksh;Job;No;1;No;CTMSRV;FINEXT_J20INT_05_Q;opfinbac;ldkfinp01;M_L_FIN12;3v13j
FIN-FINANCE;FINEXT_J20INT_05_Q;FINEXT_J20INT_05_MOV03_Q;"June 26, 2026";"June 26, 2026 8:30:51 PM";"June 26, 2026 8:30:52 PM";;Ended OK;FINANCE : Move du fichier DKA.DSP.IMAGE depuis la PFE;MOV_IN_Generique_DKA.ksh;Job;No;1;No;CTMSRV;FINEXT_J20INT_05_Q;opfinbac;ldkfinp11;M_L_FIN12;3v13l
FIN-FINANCE;FINEXT_J20INT_05_Q;FINEXT_J20INT_05_Q;"June 26, 2026";"June 26, 2026 7:01:23 PM";"June 26, 2026 9:27:53 PM";1114;Ended OK;IVALUA : Chargement CONTROL_DSP.CSV;;SMART Table;No;1;No;CTMSRV;FINEXT_J20INT_05_Q;;ldkctmp50;;3v13e
FIN-FINANCE;FINEXT_J20INT_05_Q;FINEXT_J20INT_05_WRK01_Q;"June 26, 2026";"June 26, 2026 9:26:55 PM";"June 26, 2026 9:27:53 PM";;Ended OK;IVALUA : Contrôle de flux PO FLIP;;Job;No;1;No;CTMSRV;FINEXT_J20INT_05_Q;EXPLOITATION;ldkfinp11;M_L_FIN12;3v13i
FIN-FINANCE;FINEXT_J20INT_05_Q;FINEXT_J20INT_05_ZIP01_Q;"June 26, 2026";"June 26, 2026 8:30:53 PM";"June 26, 2026 8:30:55 PM";;Ended OK;FINANCE : Decompression du fichier DKA.DSP.IMAGE.*.zip;FINEXT_J20INT_05_ZIP01_Q.ksh;Job;No;1;No;CTMSRV;FINEXT_J20INT_05_Q;opfinbac;ldkfinp01;M_L_FIN12;3v13m
FIN-FINANCE;FINEXT_J20INT_05_Q;FINEXT_J20NT_05_CON01_Q;"June 26, 2026";"June 26, 2026 8:29:12 PM";"June 26, 2026 8:29:13 PM";;Ended OK;FINANCE : Concatener les fichiers DKA.DSP.CONTROL*.csv en CONTROL_DSP.csv;FINEXT_J20INT_05_CON01_Q.ksh;Job;No;1;No;CTMSRV;FINEXT_J20INT_05_Q;opfinbac;ldkfinp01;M_L_FIN12;3v13g
FIN-FINANCE;FINEXT_J20INT_05_Q;FINEXT_J20NT_05_CON02_Q;"June 26, 2026";"June 26, 2026 8:30:34 PM";"June 26, 2026 8:30:50 PM";;Ended OK;FINANCE : Concatener les fichiers DKA.DSP.*.TR1 en DSP_DAL.csv;CON_Generique_DKA.ksh;Job;No;1;No;CTMSRV;FINEXT_J20INT_05_Q;opfinbac;ldkfinp11;M_L_FIN12;3v13k
FIN-FINANCE;FINEXT_J21GEN_06_Q;FINEXT_J21GEN_06_EXP01_Q;"June 26, 2026";"June 27, 2026 1:34:27 AM";"June 27, 2026 1:37:02 AM";;Ended OK;FINANCE : Campagne Prelevement (Q) : Remises en banque;;Job;No;1;No;CTMSRV;FINEXT_J21GEN_06_Q;EXPLOITATION;ldkfinp11;M_L_FIN12;3uzqo
FIN-FINANCE;FINEXT_J21GEN_06_Q;FINEXT_J21GEN_06_MOV01_Q;"June 26, 2026";"June 27, 2026 1:37:03 AM";"June 27, 2026 1:37:04 AM";;Ended OK;FINANCE : Move du fichier DK*PCX*.txt vers le NAS;MOV_OUT_Generique_DKA.ksh;Job;No;1;No;CTMSRV;FINEXT_J21GEN_06_Q;opfinbac;ldkfinp01;M_L_FIN12;3uzqp
FIN-FINANCE;FINEXT_J21GEN_06_Q;FINEXT_J21GEN_06_Q;"June 26, 2026";"June 27, 2026 1:34:27 AM";"June 27, 2026 1:41:40 AM";;Ended OK;FINANCE : Campagne Prelevement (Q) : Avis de prelevement;;SMART Table;No;1;No;CTMSRV;FINEXT_J21GEN_06_Q;opfinbac;ldkctmp50;;3uzqm
FIN-FINANCE;FINEXT_J21GEN_06_Q;FINEXT_J21GEN_06_WRK01_Q;"June 26, 2026";"June 27, 2026 1:37:04 AM";"June 27, 2026 1:39:15 AM";;Ended OK;FINANCE : Campagne Prelevement (Q) : Avis de prelevement;;Job;No;1;No;CTMSRV;FINEXT_J21GEN_06_Q;EXPLOITATION;ldkfinp11;M_L_FIN12;3uzqn
FIN-FINANCE;FINEXT_J21GEN_06_Q;FINEXT_J21GEN_06_WRK02_Q;"June 26, 2026";"June 27, 2026 1:39:16 AM";"June 27, 2026 1:41:40 AM";;Ended OK;FINANCE : Campagne Prélèvement (Q) : Etats de remise en banque et envoi aux régions;;Job;No;1;No;CTMSRV;FINEXT_J21GEN_06_Q;EXPLOITATION;ldkfinp01;M_L_FIN12;3uzqq
FIN-FINANCE;FINFIN_C11TRT_04_M;FINFIN_C11TRT_04_M;"June 26, 2026";"June 27, 2026 3:26:55 AM";"June 27, 2026 4:14:35 AM";;Ended OK;"FINANCE : Refacturation - L2; L3; L4; L1";;SMART Table;No;1;No;CTMSRV;FINFIN_C11TRT_04_M;opfinbac;ldkctmp50;;3v0qb
FIN-FINANCE;FINFIN_C11TRT_04_M;FINFIN_C11TRT_04_WRK01_M;"June 26, 2026";"June 27, 2026 3:26:55 AM";"June 27, 2026 3:37:11 AM";;Ended OK;"Refacturation L5;L4;L3 (non bloquant si KO)";;Job;No;1;No;CTMSRV;FINFIN_C11TRT_04_M;EXPLOITATION;ldkfinp11;M_L_FIN12;3v0qc
FIN-FINANCE;FINFIN_C11TRT_04_M;FINFIN_C12TRT_04_WRK01_M;"June 26, 2026";"June 27, 2026 3:37:12 AM";"June 27, 2026 4:12:40 AM";;Ended OK;Prise en compte AP (cloture);;Job;No;1;No;CTMSRV;FINFIN_C11TRT_04_M;EXPLOITATION;ldkfinp01;M_L_FIN12;3v0qe
FIN-FINANCE;FINFIN_C11TRT_04_M;FINFIN_C16TRT_04_WRK01_M;"June 26, 2026";"June 27, 2026 3:37:12 AM";"June 27, 2026 3:44:40 AM";;Ended OK;Prise en compte AR (Cloture);;Job;No;1;No;CTMSRV;FINFIN_C11TRT_04_M;EXPLOITATION;ldkfinp11;M_L_FIN12;3v0qd
FIN-FINANCE;FINFIN_C11TRT_04_M;FINFIN_C1OTRT_04_WRK01_M;"June 26, 2026";"June 27, 2026 4:12:41 AM";"June 27, 2026 4:14:35 AM";;Ended OK;Edition Refacturation;;Job;No;1;No;CTMSRV;FINFIN_C11TRT_04_M;EXPLOITATION;ldkfinp01;M_L_FIN12;3v0qf
FIN-FINANCE;FINFIN_C18TRT_04_M;FINFIN_C18TRT_04_M;"June 26, 2026";"June 27, 2026 3:26:55 AM";"June 27, 2026 3:26:55 AM";;Ended OK;"FINANCE : Prise en compte GL (Cloture) - L1; L2; L3; L4; L5; L6";;SMART Table;No;1;No;CTMSRV;FINFIN_C18TRT_04_M;opfinbac;ldkctmp50;;3v176
FIN-FINANCE;FINFIN_C1STRT_04_M;FINFIN_C1STRT_04_M;"June 26, 2026";"June 27, 2026 3:26:55 AM";"June 27, 2026 4:17:42 AM";;Ended OK;"FINANCE : Prise en compte GL (Cloture) - L2; L3; L4; L5; L6";;SMART Table;No;1;No;CTMSRV;FINFIN_C1STRT_04_M;opfinbac;ldkctmp50;;3v0kf
FIN-FINANCE;FINFIN_C1STRT_04_M;FINFIN_C1STRT_04_WRK01_M;"June 26, 2026";"June 27, 2026 4:12:41 AM";"June 27, 2026 4:17:41 AM";;Ended OK;Prise en compte GL (Cloture);;Job;No;1;No;CTMSRV;FINFIN_C1STRT_04_M;EXPLOITATION;ldkfinp11;M_L_FIN12;3v0kg
FIN-FINANCE;FINFIN_E11STP_01_Q;FINFIN_E11STP_01_ARR01_Q;"June 26, 2026";"June 26, 2026 7:00:02 PM";"June 26, 2026 7:00:07 PM";;Ended OK;Fermeture TP R12 - Stop OHS no 1;ebsstop.ksh;Job;No;1;No;CTMSRV;FINFIN_E11STP_01_Q;opfinbac;ldkfinp06;A_L_FIN06;3v17n
FIN-FINANCE;FINFIN_E11STP_01_Q;FINFIN_E11STP_01_ARR02_Q;"June 26, 2026";"June 26, 2026 7:00:02 PM";"June 26, 2026 7:00:07 PM";;Ended OK;Fermeture TP R12 - Stop OHS no 2;ebsstop.ksh;Job;No;1;No;CTMSRV;FINFIN_E11STP_01_Q;opfinbac;ldkfinp05;A_L_FIN05;3v17p
FIN-FINANCE;FINFIN_E11STP_01_Q;FINFIN_E11STP_01_ARR03_Q;"June 26, 2026";"June 26, 2026 7:00:07 PM";"June 26, 2026 7:00:14 PM";;Ended OK;ARRET des MS sur le %%hostname;ebskillfmrweb.ksh;Job;No;1;No;CTMSRV;FINFIN_E11STP_01_Q;opfinbac;ldkfinp03;A_L_FIN03;3v17q
FIN-FINANCE;FINFIN_E11STP_01_Q;FINFIN_E11STP_01_ARR04_Q;"June 26, 2026";"June 26, 2026 7:00:07 PM";"June 26, 2026 7:00:14 PM";;Ended OK;ARRET des MS sur le %%hostname;ebskillfmrweb.ksh;Job;No;1;No;CTMSRV;FINFIN_E11STP_01_Q;opfinbac;ldkfinp04;A_L_FIN04;3v17r
FIN-FINANCE;FINFIN_E11STP_01_Q;FINFIN_E11STP_01_ATP01_Q;"June 26, 2026";"June 26, 2026 7:00:01 PM";"June 26, 2026 7:00:01 PM";;Ended OK;Fermeture TP R12 - Lock USERS;LOCK_USERS.ksh;Dummy;No;1;No;CTMSRV;FINFIN_E11STP_01_Q;opfinbac;;NOTEXIST;3v17o
FIN-FINANCE;FINFIN_E11STP_01_Q;FINFIN_E11STP_01_Q;"June 26, 2026";"June 26, 2026 7:00:00 PM";"June 26, 2026 7:01:22 PM";;Ended OK;FINANCE : Fermeture TP OracleR12;;SMART Table;No;1;No;CTMSRV;FINFIN_E11STP_01_Q;opfinbac;ldkctmp50;;3v17l
FIN-FINANCE;FINFIN_E11STP_01_Q;FINFIN_E11STP_01_WRK01_Q;"June 26, 2026";"June 26, 2026 7:00:14 PM";"June 26, 2026 7:01:21 PM";;Ended OK;Fermeture TP R12 - Flag TP;;Job;No;1;No;CTMSRV;FINFIN_E11STP_01_Q;EXPLOITATION;ldkfinp01;M_L_FIN12;3v17m
FIN-FINANCE;FINFIN_E11STR_02_Q;FINFIN_E11STR_02_Q;"June 26, 2026";"June 27, 2026 7:00:00 AM";"June 27, 2026 7:00:01 AM";;Ended OK;FINANCE : Ouverture TP OracleR12;;SMART Table;No;1;No;CTMSRV;FINFIN_E11STR_02_Q;opfinbac;ldkctmp50;;3v0bv
FIN-FINANCE;FINFIN_E12STR_02_Q;FINFIN_E12STR_02_DEM01_Q;"June 26, 2026";"June 26, 2026 7:01:22 PM";"June 26, 2026 7:01:39 PM";;Ended OK;Ouverture TP R12 - Start OHS no 1;ebsstart.ksh;Job;No;1;No;CTMSRV;FINFIN_E12STR_02_Q;opfinbac;ldkfinp06;A_L_FIN06;3v0to
FIN-FINANCE;FINFIN_E12STR_02_Q;FINFIN_E12STR_02_DEM02_Q;"June 26, 2026";"June 26, 2026 7:01:39 PM";"June 26, 2026 7:01:55 PM";;Ended OK;Ouverture TP R12 - Start OHS no 2;ebsstart.ksh;Job;No;1;No;CTMSRV;FINFIN_E12STR_02_Q;opfinbac;ldkfinp05;A_L_FIN05;3v0tn
FIN-FINANCE;FINFIN_E12STR_02_Q;FINFIN_E12STR_02_Q;"June 26, 2026";"June 26, 2026 7:01:22 PM";"June 26, 2026 7:01:55 PM";;Ended OK;FINANCE : Ouverture TP OracleR12;;SMART Table;No;1;No;CTMSRV;FINFIN_E12STR_02_Q;opfinfrt;ldkctmp50;;3v0tm
FIN-FINANCE;FINFIN_J11TEC_04_DEB01_Q;FINFIN_J11TEC_04_DEB01_Q;"June 26, 2026";"June 26, 2026 7:01:22 PM";"June 26, 2026 7:01:22 PM";;Ended OK;FINANCE : Jalon Debut Finance;;SMART Table;No;1;No;CTMSRV;FINFIN_J11TEC_04_DEB01_Q;opfinbac;ldkctmp50;;3v135
FIN-FINANCE;FINFIN_J11TEC_04_DEB02_Q;FINFIN_J11TEC_04_DEB02_Q;"June 26, 2026";"June 27, 2026 12:05:00 AM";"June 27, 2026 12:05:00 AM";;Ended OK;FINANCE : Jalon Debut Confirmation des règlements pour prélèvements;;SMART Table;No;1;No;CTMSRV;FINFIN_J11TEC_04_DEB02_Q;opfinbac;ldkctmp50;;3v03e
FIN-FINANCE;FINFIN_J11TEC_04_FCL01_Q;FINFIN_J11TEC_04_FCL01_Q;"June 26, 2026";"June 27, 2026 4:17:42 AM";"June 27, 2026 4:17:42 AM";;Ended OK;FINANCE : Jalon fin Cloture;;SMART Table;No;1;No;CTMSRV;FINFIN_J11TEC_04_FCL01_Q;opfinbac;ldkctmp50;;3uzx4
FIN-FINANCE;FINFIN_J11TEC_04_FIN01_Q;FINFIN_J11TEC_04_FIN01_Q;"June 26, 2026";;;;Wait for Event;FINANCE : Jalon fin Finance;;SMART Table;No;0;No;CTMSRV;FINFIN_J11TEC_04_FIN01_Q;opfinbac;;;3uzmd
FIN-FINANCE;FINFIN_J11TEC_04_FJA01_Q;FINFIN_J11TEC_04_FJA01_Q;"June 26, 2026";"June 27, 2026 12:02:01 AM";"June 27, 2026 12:02:01 AM";;Ended OK;FINANCE : Debut des campagnes de reglements ();;SMART Table;No;1;No;CTMSRV;FINFIN_J11TEC_04_FJA01_Q;opfinbac;ldkctmp50;;3v0gp
FIN-FINANCE;FINFIN_J11TEC_04_FJA02_Q;FINFIN_J11TEC_04_FJA02_Q;"June 26, 2026";"June 27, 2026 1:34:26 AM";"June 27, 2026 1:34:26 AM";;Ended OK;FINANCE : Jalon campagnes de reglements (Bloc 1);;SMART Table;No;1;No;CTMSRV;FINFIN_J11TEC_04_FJA02_Q;opfinbac;ldkctmp50;;3v0xy
FIN-FINANCE;FINFIN_J11TEC_04_FJA03_Q;FINFIN_J11TEC_04_FJA03_Q;"June 26, 2026";"June 27, 2026 2:13:48 AM";"June 27, 2026 2:13:48 AM";;Ended OK;FINANCE : Jalon campagnes de reglements (Bloc 2);;SMART Table;No;1;No;CTMSRV;FINFIN_J11TEC_04_FJA03_Q;opfinbac;ldkctmp50;;3v17w
FIN-FINANCE;FINFIN_J11TEC_04_FJA04_Q;FINFIN_J11TEC_04_FJA04_Q;"June 26, 2026";"June 27, 2026 2:22:27 AM";"June 27, 2026 2:22:27 AM";;Ended OK;FINANCE : Jalon Campagnes de reglements (Bloc 3);;SMART Table;No;1;No;CTMSRV;FINFIN_J11TEC_04_FJA04_Q;opfinbac;ldkctmp50;;3v01z
FIN-FINANCE;FINFIN_J11TEC_04_FJA05_Q;FINFIN_J11TEC_04_FJA05_Q;"June 26, 2026";"June 27, 2026 3:26:51 AM";"June 27, 2026 3:26:51 AM";;Ended OK;FINANCE : Jalon Campagnes de reglements (Bloc 4);;SMART Table;No;1;No;CTMSRV;FINFIN_J11TEC_04_FJA05_Q;opfinbac;ldkctmp50;;3uzgx
FIN-FINANCE;FINFIN_J11TEC_04_FJA06_Q;FINFIN_J11TEC_04_FJA06_Q;"June 26, 2026";"June 27, 2026 3:26:52 AM";"June 27, 2026 3:26:52 AM";;Ended OK;FINANCE : Fin des campagnes de reglements;;SMART Table;No;1;No;CTMSRV;FINFIN_J11TEC_04_FJA06_Q;opfinbac;ldkctmp50;;3v0l6
FIN-FINANCE;FINFIN_J11TEC_04_FJO01_Q;FINFIN_J11TEC_04_FJO01_Q;"June 26, 2026";"June 26, 2026 11:44:45 PM";"June 26, 2026 11:44:45 PM";;Ended OK;FINANCE : Jalon fin Journaliere;;SMART Table;No;1;No;CTMSRV;FINFIN_J11TEC_04_FJO01_Q;opfinbac;ldkctmp50;;3v0kr
FIN-FINANCE;FINFIN_J11TEC_04_FPE01_Q;FINFIN_J11TEC_04_FPE01_Q;"June 26, 2026";"June 27, 2026 3:26:53 AM";"June 27, 2026 3:26:54 AM";;Ended OK;FINANCE : Jalon fin des Periodique;;SMART Table;No;1;No;CTMSRV;FINFIN_J11TEC_04_FPE01_Q;opfinbac;ldkctmp50;;3v0fa
FIN-FINANCE;FINFIN_J11TEC_04_FRE01_Q;FINFIN_J11TEC_04_FRE01_Q;"June 26, 2026";"June 27, 2026 4:17:43 AM";"June 27, 2026 4:17:43 AM";;Ended OK;FINANCE : Jalon fin Referentiel;;SMART Table;No;1;No;CTMSRV;FINFIN_J11TEC_04_FRE01_Q;opfinbac;ldkctmp50;;3v06t
FIN-FINANCE;FINFIN_J12TEC_04_Q;FINFIN_J12TEC_04_PUR01_Q;"June 26, 2026";"June 26, 2026 4:00:00 PM";"June 26, 2026 4:00:01 PM";;Ended OK;"Archivage des repertoires IN; OUT et OUT_SEPA";FINFIN_J12TEC_04_PUR01_Q.ksh;Job;No;1;No;CTMSRV;FINFIN_J12TEC_04_Q;opfinbac;ldkfinp11;M_L_FIN12;3v0b1
FIN-FINANCE;FINFIN_J12TEC_04_Q;FINFIN_J12TEC_04_PUR02_Q;"June 26, 2026";;;;Wait for Event;"Archivage des repertoires IN; OUT et OUT_SEPA";FINFIN_J12TEC_04_PUR01_Q.ksh;Job;No;0;No;CTMSRV;FINFIN_J12TEC_04_Q;opfinbac;M_L_FIN12;M_L_FIN12;3v0b2
FIN-FINANCE;FINFIN_J12TEC_04_Q;FINFIN_J12TEC_04_Q;"June 26, 2026";"June 26, 2026 1:30:11 PM";;;Executing;"FINANCE : Archivage des repertoires IN; OUT et OUT_SEPA";;SMART Table;No;1;No;CTMSRV;FINFIN_J12TEC_04_Q;root;;;3v0b0
FIN-FINANCE;FINFIN_J12TRT_04_Q;FINFIN_J12TRT_04_Q;"June 26, 2026";"June 26, 2026 7:01:23 PM";"June 26, 2026 11:44:45 PM";;Ended OK;FINANCE : Prise en compte GL/AP/AR du jour;;SMART Table;No;1;No;CTMSRV;FINFIN_J12TRT_04_Q;opfinbac;ldkctmp50;;3uz4q
FIN-FINANCE;FINFIN_J12TRT_04_Q;FINFIN_J12TRT_04_WRK01_Q;"June 26, 2026";"June 26, 2026 7:25:40 PM";"June 26, 2026 7:44:20 PM";;Ended OK;Prise en compte AR du jour;;Job;No;1;No;CTMSRV;FINFIN_J12TRT_04_Q;EXPLOITATION;ldkfinp01;M_L_FIN12;3uz4r
FIN-FINANCE;FINFIN_J12TRT_04_Q;FINFIN_J12TRT_04_WRK02_Q;"June 26, 2026";"June 26, 2026 9:30:15 PM";"June 26, 2026 10:52:58 PM";;Ended OK;Prise en compte AP du jour;;Job;No;1;No;CTMSRV;FINFIN_J12TRT_04_Q;EXPLOITATION;ldkfinp11;M_L_FIN12;3uz4s
FIN-FINANCE;FINFIN_J12TRT_04_Q;FINFIN_J12TRT_04_WRK03_Q;"June 26, 2026";"June 26, 2026 10:52:59 PM";"June 26, 2026 11:44:45 PM";;Ended OK;Prise en compte GL du jour;;Job;No;1;No;CTMSRV;FINFIN_J12TRT_04_Q;EXPLOITATION;ldkfinp11;M_L_FIN12;3uz4t
FIN-FINANCE;FINFIN_J12TRT_04_Q;FINFIN_J12TRT_04_WRK04_Q;"June 26, 2026";"June 26, 2026 7:46:27 PM";"June 26, 2026 7:55:13 PM";;Ended OK;Prise en compte AR du jour;;Job;No;1;No;CTMSRV;FINFIN_J12TRT_04_Q;EXPLOITATION;ldkfinp01;M_L_FIN12;3uz4u
FIN-FINANCE;FINFIN_J12TRT_04_Q;FINFIN_J12TRT_04_WRK05_Q;"June 26, 2026";"June 26, 2026 7:01:23 PM";"June 26, 2026 7:10:42 PM";;Ended OK;Prise en compte AR du jour;;Job;No;1;No;CTMSRV;FINFIN_J12TRT_04_Q;EXPLOITATION;ldkfinp11;M_L_FIN12;3uz4v
FIN-FINANCE;FINFIN_J13TRT_04_H;FINFIN_J13TRT_04_H;"June 26, 2026";"June 27, 2026 2:13:49 AM";"June 27, 2026 2:22:27 AM";;Ended OK;FINANCE : Echeancier provisoire EMPLOYES;;SMART Table;No;1;No;CTMSRV;FINFIN_J13TRT_04_H;opfinbac;ldkctmp50;;3uzh7
FIN-FINANCE;FINFIN_J13TRT_04_H;FINFIN_J13TRT_04_WRK01_H;"June 26, 2026";"June 27, 2026 2:13:49 AM";"June 27, 2026 2:22:26 AM";;Ended OK;FINANCE : Echeancier provisoire EMPLOYES;;Job;No;1;No;CTMSRV;FINFIN_J13TRT_04_H;EXPLOITATION;ldkfinp01;M_L_FIN12;3uzh8
FIN-FINANCE;FINFIN_J13TRT_04_Q;FINFIN_J13TRT_04_Q;"June 26, 2026";"June 26, 2026 7:01:23 PM";"June 26, 2026 11:28:02 PM";;Ended OK;FINANCE : Workflow validation factures;;SMART Table;No;1;No;CTMSRV;FINFIN_J13TRT_04_Q;opfinbac;ldkctmp50;;3uz84
FIN-FINANCE;FINFIN_J13TRT_04_Q;FINFIN_J13TRT_04_WRK01_Q;"June 26, 2026";"June 26, 2026 10:57:24 PM";"June 26, 2026 11:13:47 PM";;Ended OK;FINANCE : Workflow validation factures;;Job;No;1;No;CTMSRV;FINFIN_J13TRT_04_Q;EXPLOITATION;ldkfinp01;M_L_FIN12;3uz85
FIN-FINANCE;FINFIN_J13TRT_04_Q;FINFIN_J13TRT_04_WRK02_Q;"June 26, 2026";"June 26, 2026 11:13:48 PM";"June 26, 2026 11:14:58 PM";;Ended OK;FINANCE : Approbation auto des notifications;;Job;No;1;No;CTMSRV;FINFIN_J13TRT_04_Q;EXPLOITATION;ldkfinp11;M_L_FIN12;3uz86
FIN-FINANCE;FINFIN_J13TRT_04_Q;FINFIN_J13TRT_04_WRK03_Q;"June 26, 2026";"June 26, 2026 11:14:59 PM";"June 26, 2026 11:20:40 PM";;Ended OK;FINANCE : Workflow en arriere plan DKACSP;;Job;No;1;No;CTMSRV;FINFIN_J13TRT_04_Q;EXPLOITATION;ldkfinp01;M_L_FIN12;3uz87
FIN-FINANCE;FINFIN_J13TRT_04_Q;FINFIN_J13TRT_04_WRK04_Q;"June 26, 2026";"June 26, 2026 11:20:41 PM";"June 26, 2026 11:22:12 PM";;Ended OK;FINANCE : Reporting des mvts sans image;;Job;No;1;No;CTMSRV;FINFIN_J13TRT_04_Q;EXPLOITATION;ldkfinp11;M_L_FIN12;3uz88
FIN-FINANCE;FINFIN_J13TRT_04_Q;FINFIN_J13TRT_04_WRK05_Q;"June 26, 2026";"June 26, 2026 11:24:01 PM";"June 26, 2026 11:25:54 PM";;Ended OK;FINANCE : Suivi des notifications ouvertes;;Job;No;1;No;CTMSRV;FINFIN_J13TRT_04_Q;EXPLOITATION;ldkfinp11;M_L_FIN12;3uz8c
FIN-FINANCE;FINFIN_J13TRT_04_Q;FINFIN_J13TRT_04_WRK06_Q;"June 26, 2026";"June 26, 2026 11:25:55 PM";"June 26, 2026 11:28:01 PM";;Ended OK;FINANCE : Purge des workflow obsoletes;;Job;No;1;No;CTMSRV;FINFIN_J13TRT_04_Q;EXPLOITATION;ldkfinp01;M_L_FIN12;3uz89
FIN-FINANCE;FINFIN_J13TRT_04_Q;FINFIN_J13TRT_04_WRK07_Q;"June 26, 2026";"June 26, 2026 7:44:21 PM";"June 26, 2026 7:46:27 PM";;Ended OK;FINANCE : Automatisation des etapes d'encaissement;;Job;No;1;No;CTMSRV;FINFIN_J13TRT_04_Q;EXPLOITATION;ldkfinp11;M_L_FIN12;3uz8a
FIN-FINANCE;FINFIN_J13TRT_04_Q;FINFIN_J13TRT_04_WRK08_Q;"June 26, 2026";"June 26, 2026 11:22:12 PM";"June 26, 2026 11:24:00 PM";;Ended OK;FINANCE : Annulation des notifications obsoletes CSP;;Job;No;1;No;CTMSRV;FINFIN_J13TRT_04_Q;EXPLOITATION;ldkfinp11;M_L_FIN12;3uz8b
FIN-FINANCE;FINFIN_J14TRT_04_Q;FINFIN_J14TRT_04_Q;"June 26, 2026";"June 27, 2026 4:17:43 AM";"June 27, 2026 4:22:38 AM";;Ended OK;FINANCE : Importation des donnees GL dans RB;;SMART Table;No;1;No;CTMSRV;FINFIN_J14TRT_04_Q;opfinbac;ldkctmp50;;3uzwq
FIN-FINANCE;FINFIN_J14TRT_04_Q;FINFIN_J14TRT_04_WRK01_Q;"June 26, 2026";"June 27, 2026 4:17:43 AM";"June 27, 2026 4:22:38 AM";;Ended OK;RB : Importation des donnees GL dans RB;;Job;No;1;No;CTMSRV;FINFIN_J14TRT_04_Q;EXPLOITATION;ldkfinp01;M_L_FIN12;3uzwr
FIN-FINANCE;FINFIN_J15TRT_04_Q;FINFIN_J15TRT_04_Q;"June 26, 2026";"June 27, 2026 4:17:43 AM";;;Executing;FINANCE : Rapprochement bancaire automatique;;SMART Table;No;1;No;CTMSRV;FINFIN_J15TRT_04_Q;opfinbac;ldkctmp50;;3v0l0
FIN-FINANCE;FINFIN_J15TRT_04_Q;FINFIN_J15TRT_04_WRK01_Q;"June 26, 2026";;;1300;Wait for Event;RB : rapprochement automatique;;Job;No;0;Yes;CTMSRV;FINFIN_J15TRT_04_Q;EXPLOITATION;M_L_FIN12;M_L_FIN12;3v0l1
FIN-FINANCE;FINFIN_J17TRT_04_Q;FINFIN_J17TRT_04_Q;"June 26, 2026";"June 27, 2026 4:17:43 AM";"June 27, 2026 4:21:43 AM";;Ended OK;FINANCE : Securisation du workflow POAPPRV/REQAPPRV;;SMART Table;No;1;No;CTMSRV;FINFIN_J17TRT_04_Q;opfinbac;ldkctmp50;;3v10n
FIN-FINANCE;FINFIN_J17TRT_04_Q;FINFIN_J17TRT_04_WRK01_Q;"June 26, 2026";"June 27, 2026 4:17:43 AM";"June 27, 2026 4:19:12 AM";;Ended OK;WF : Securisation du workflow POAPPRV;;Job;No;1;No;CTMSRV;FINFIN_J17TRT_04_Q;EXPLOITATION;ldkfinp01;M_L_FIN12;3v10o
FIN-FINANCE;FINFIN_J17TRT_04_Q;FINFIN_J17TRT_04_WRK02_Q;"June 26, 2026";"June 27, 2026 4:19:13 AM";"June 27, 2026 4:21:42 AM";;Ended OK;WF : Securisation du workflow REQAPPRV;;Job;No;1;No;CTMSRV;FINFIN_J17TRT_04_Q;EXPLOITATION;ldkfinp11;M_L_FIN12;3v10p
FIN-FINANCE;FINFIN_J18TRT_04_Q;FINFIN_J18TRT_04_IMP02_Q;"June 26, 2026";"June 26, 2026 6:45:00 PM";"June 26, 2026 6:49:41 PM";1900;Wait for Event;Import des projets dans PA (Apres-midi);;Job;No;22;Yes;CTMSRV;FINFIN_J18TRT_04_Q;EXPLOITATION;ldkfinp01;M_L_FIN12;3v0zr
FIN-FINANCE;FINFIN_J18TRT_04_Q;FINFIN_J18TRT_04_Q;"June 26, 2026";"June 26, 2026 1:30:11 PM";;;Executing;FINANCE : Import des projets dans PA;;SMART Table;No;1;No;CTMSRV;FINFIN_J18TRT_04_Q;opfinbac;;;3v0zq
FIN-FINANCE;FINFIN_J19TRT_04_Q;FINFIN_J19TRT_04_Q;"June 26, 2026";"June 26, 2026 7:01:23 PM";"June 26, 2026 10:55:22 PM";;Ended OK;FINANCE : Extraction des status factures AP;;SMART Table;No;1;No;CTMSRV;FINFIN_J19TRT_04_Q;opfinbac;ldkctmp50;;3v08z
FIN-FINANCE;FINFIN_J19TRT_04_Q;FINFIN_J19TRT_04_WRK01_Q;"June 26, 2026";"June 26, 2026 10:52:59 PM";"June 26, 2026 10:55:21 PM";;Ended OK;Extraction des status factures AP;;Job;No;1;No;CTMSRV;FINFIN_J19TRT_04_Q;EXPLOITATION;ldkfinp01;M_L_FIN12;3v090
FIN-FINANCE;FINFIN_J1OTRT_04_M;FINFIN_J1OTRT_04_CTL01_M;"June 26, 2026";"June 27, 2026 4:17:43 AM";"June 27, 2026 4:22:27 AM";;Ended OK;FINANCE : Controle de pre-cloture - AMONTS;;Job;No;1;No;CTMSRV;FINFIN_J1OTRT_04_M;EXPLOITATION;ldkfinp11;M_L_FIN12;3v1eh
FIN-FINANCE;FINFIN_J1OTRT_04_M;FINFIN_J1OTRT_04_CTL02_M;"June 26, 2026";"June 27, 2026 4:17:43 AM";"June 27, 2026 4:28:26 AM";;Ended OK;FINANCE : Controle de pre-cloture - AP;;Job;No;1;No;CTMSRV;FINFIN_J1OTRT_04_M;EXPLOITATION;ldkfinp01;M_L_FIN12;3v1ei
FIN-FINANCE;FINFIN_J1OTRT_04_M;FINFIN_J1OTRT_04_CTL03_M;"June 26, 2026";"June 27, 2026 4:17:43 AM";"June 27, 2026 4:20:46 AM";;Ended OK;FINANCE : Controle de pre-cloture - AR;;Job;No;1;No;CTMSRV;FINFIN_J1OTRT_04_M;EXPLOITATION;ldkfinp11;M_L_FIN12;3v1ej
FIN-FINANCE;FINFIN_J1OTRT_04_M;FINFIN_J1OTRT_04_CTL04_M;"June 26, 2026";"June 27, 2026 4:17:43 AM";"June 27, 2026 4:35:26 AM";;Ended OK;FINANCE : Controle de pre-cloture - DIVERS;;Job;No;1;No;CTMSRV;FINFIN_J1OTRT_04_M;EXPLOITATION;ldkfinp01;M_L_FIN12;3v1ek
FIN-FINANCE;FINFIN_J1OTRT_04_M;FINFIN_J1OTRT_04_CTL06_M;"June 26, 2026";"June 27, 2026 4:17:43 AM";"June 27, 2026 4:20:36 AM";;Ended OK;FINANCE : Controle de pre-cloture - GL;;Job;No;1;No;CTMSRV;FINFIN_J1OTRT_04_M;EXPLOITATION;ldkfinp11;M_L_FIN12;3v1el
FIN-FINANCE;FINFIN_J1OTRT_04_M;FINFIN_J1OTRT_04_CTL07_M;"June 26, 2026";"June 27, 2026 4:17:43 AM";"June 27, 2026 4:53:27 AM";;Ended OK;FINANCE : Controle de pre-cloture - PA;;Job;No;1;No;CTMSRV;FINFIN_J1OTRT_04_M;EXPLOITATION;ldkfinp01;M_L_FIN12;3v1em
FIN-FINANCE;FINFIN_J1OTRT_04_M;FINFIN_J1OTRT_04_CTL08_M;"June 26, 2026";"June 27, 2026 4:17:43 AM";"June 27, 2026 4:26:49 AM";;Ended OK;FINANCE : Controle de pre-cloture - PO;;Job;No;1;No;CTMSRV;FINFIN_J1OTRT_04_M;EXPLOITATION;ldkfinp11;M_L_FIN12;3v1en
FIN-FINANCE;FINFIN_J1OTRT_04_M;FINFIN_J1OTRT_04_CTL09_M;"June 26, 2026";"June 27, 2026 4:17:43 AM";"June 27, 2026 4:20:21 AM";;Ended OK;FINANCE : Controle de pre-cloture - REFAC;;Job;No;1;No;CTMSRV;FINFIN_J1OTRT_04_M;EXPLOITATION;ldkfinp01;M_L_FIN12;3v1eo
FIN-FINANCE;FINFIN_J1OTRT_04_M;FINFIN_J1OTRT_04_CTL10_M;"June 26, 2026";"June 27, 2026 4:17:43 AM";"June 27, 2026 4:29:57 AM";;Ended OK;FINANCE : Controle de pre-cloture - SLA;;Job;No;1;No;CTMSRV;FINFIN_J1OTRT_04_M;EXPLOITATION;ldkfinp11;M_L_FIN12;3v1ep
FIN-FINANCE;FINFIN_J1OTRT_04_M;FINFIN_J1OTRT_04_M;"June 26, 2026";"June 27, 2026 4:17:43 AM";"June 27, 2026 4:53:27 AM";;Ended OK;FINANCE : Controles pre-cloture;;SMART Table;No;1;No;CTMSRV;FINFIN_J1OTRT_04_M;opfinbac;ldkctmp50;;3v1eg
FIN-FINANCE;FINFIN_J20TRT_04_Q;FINFIN_J20TRT_04_Q;"June 26, 2026";"June 26, 2026 7:01:23 PM";"June 26, 2026 7:49:43 PM";;Ended OK;FINANCE : Prise en compte FA du jour;;SMART Table;No;1;No;CTMSRV;FINFIN_J20TRT_04_Q;opfinbac;ldkctmp50;;3v0v6
FIN-FINANCE;FINFIN_J20TRT_04_Q;FINFIN_J20TRT_04_WRK01_Q;"June 26, 2026";"June 26, 2026 7:01:23 PM";"June 26, 2026 7:49:42 PM";;Ended OK;Prise en compte FA du jour;;Job;No;1;No;CTMSRV;FINFIN_J20TRT_04_Q;EXPLOITATION;ldkfinp11;M_L_FIN12;3v0v7
FIN-FINANCE;FINFIN_J21TRT_04_Q;FINFIN_J21TRT_04_Q;"June 26, 2026";"June 26, 2026 7:01:23 PM";"June 26, 2026 7:04:09 PM";;Ended OK;FINANCE : Chargement catalogue;;SMART Table;No;1;No;CTMSRV;FINFIN_J21TRT_04_Q;opfinbac;ldkctmp50;;3v08t
FIN-FINANCE;FINFIN_J21TRT_04_Q;FINFIN_J21TRT_04_WRK01_Q;"June 26, 2026";"June 26, 2026 7:01:23 PM";"June 26, 2026 7:04:08 PM";;Ended OK;FINANCE : Chargement catalogue;;Job;No;1;No;CTMSRV;FINFIN_J21TRT_04_Q;EXPLOITATION;ldkfinp01;M_L_FIN12;3v08u
FIN-FINANCE;FINFIN_J22TRT_04_Q;FINFIN_J22TRT_04_Q;"June 26, 2026";"June 26, 2026 1:30:11 PM";;;Executing;FINANCE : Duplication des sites fournisseurs;;SMART Table;No;1;No;CTMSRV;FINFIN_J22TRT_04_Q;opfinbac;;;3v038
FIN-FINANCE;FINFIN_J22TRT_04_Q;FINFIN_J22TRT_04_WRK02_Q;"June 26, 2026";"June 26, 2026 6:55:00 PM";"June 26, 2026 7:04:18 PM";1900;Wait for Event;FINANCE : Duplication des sites fournisseurs (midi);;Job;No;33;Yes;CTMSRV;FINFIN_J22TRT_04_Q;EXPLOITATION;ldkfinp11;M_L_FIN12;3v039
FIN-FINANCE;FINFIN_J23TRT_04_Q;FINFIN_J23TRT_04_WRK01_Q;"June 26, 2026";"June 26, 2026 6:15:00 PM";"June 26, 2026 6:16:40 PM";;Ended OK;lettrage a ZERO dans le module AR;;Job;No;1;No;CTMSRV;FINFIN_J23TRT_04_Q;EXPLOITATION;ldkfinp01;M_L_FIN12;3uzyw
FIN-FINANCE;FINFIN_J23TRT_06_Q;FINFIN_J23TRT_06_CTL01_Q;"June 26, 2026";"June 27, 2026 4:17:43 AM";"June 27, 2026 6:15:50 AM";;Ended OK;REFERENTIEL: Extraction SQL MOA - AP;;Job;No;1;No;CTMSRV;FINFIN_J23TRT_06_Q;EXPLOITATION;ldkfinp11;M_L_FIN12;3v0vh
FIN-FINANCE;FINFIN_J23TRT_06_Q;FINFIN_J23TRT_06_CTL02_Q;"June 26, 2026";"June 27, 2026 4:17:43 AM";"June 27, 2026 4:21:26 AM";;Ended OK;REFERENTIEL: Extraction SQL MOA - AR;;Job;No;1;No;CTMSRV;FINFIN_J23TRT_06_Q;EXPLOITATION;ldkfinp11;M_L_FIN12;3v0vi
FIN-FINANCE;FINFIN_J23TRT_06_Q;FINFIN_J23TRT_06_CTL03_Q;"June 26, 2026";"June 27, 2026 4:17:43 AM";"June 27, 2026 4:42:33 AM";;Ended OK;REFERENTIEL: Extraction SQL MOA - GL;;Job;No;1;No;CTMSRV;FINFIN_J23TRT_06_Q;EXPLOITATION;ldkfinp01;M_L_FIN12;3v0vj
FIN-FINANCE;FINFIN_J23TRT_06_Q;FINFIN_J23TRT_06_CTL04_Q;"June 26, 2026";"June 27, 2026 4:17:43 AM";"June 27, 2026 4:36:18 AM";;Ended OK;REFERENTIEL: Extraction SQL MOA - CSP;;Job;No;1;No;CTMSRV;FINFIN_J23TRT_06_Q;EXPLOITATION;ldkfinp01;M_L_FIN12;3v0vk
FIN-FINANCE;FINFIN_J23TRT_06_Q;FINFIN_J23TRT_06_Q;"June 26, 2026";"June 26, 2026 1:30:11 PM";"June 27, 2026 6:15:51 AM";;Ended OK;REFERENTIEL : Extraction SQL MOA;;SMART Table;No;1;No;CTMSRV;FINFIN_J23TRT_06_Q;opfinbac;ldkctmp50;;3v0vg
FIN-FINANCE;FINFIN_J28TRT_04_M;FINFIN_J28TRT_04_M;"June 26, 2026";"June 27, 2026 1:34:27 AM";"June 27, 2026 2:13:48 AM";;Ended OK;FINANCE : Campagne - Création des règlements pour prélèvement automatique (L3);;SMART Table;No;1;No;CTMSRV;FINFIN_J28TRT_04_M;opfinbac;ldkctmp50;;3v1h8
FIN-FINANCE;FINFIN_J28TRT_04_M;FINFIN_J28TRT_04_WRK01_M;"June 26, 2026";"June 27, 2026 1:34:27 AM";"June 27, 2026 2:11:58 AM";;Ended OK;FINANCE : Campagne - Création des règlements pour prélèvement automatique (L3);;Job;No;1;No;CTMSRV;FINFIN_J28TRT_04_M;EXPLOITATION;ldkfinp01;M_L_FIN12;3v1h9
FIN-FINANCE;FINFIN_J28TRT_04_M;FINFIN_J28TRT_04_WRK02_M;"June 26, 2026";"June 27, 2026 2:11:58 AM";"June 27, 2026 2:13:48 AM";;Ended OK;FINANCE : Campagne - Etat provisoire des prélèvements clients (L3);;Job;No;1;No;CTMSRV;FINFIN_J28TRT_04_M;EXPLOITATION;ldkfinp11;M_L_FIN12;3v1ha
FIN-FINANCE;FINFIN_J32TRT_05_Q;FINFIN_J32TRT_05_Q;"June 26, 2026";"June 26, 2026 1:30:11 PM";;;Executing;;;SMART Table;No;1;No;CTMSRV;FINFIN_J32TRT_05_Q;;;;3v0oe
FIN-FINANCE;FINFIN_J32TRT_05_Q;FINFIN_J32TRT_05_WRK01_Q;"June 26, 2026";"June 26, 2026 11:20:41 PM";"June 26, 2026 11:23:04 PM";;Ended OK;Automatisation des prélèvements fournisseurs - Sélection références bancaires;;Job;No;1;No;CTMSRV;FINFIN_J32TRT_05_Q;EXPLOITATION;ldkfinp01;M_L_FIN12;3v0of
FIN-FINANCE;FINFIN_J32TRT_05_Q;FINFIN_J32TRT_05_WRK02_Q;"June 26, 2026";"June 26, 2026 11:23:04 PM";"June 26, 2026 11:32:18 PM";;Ended OK;Automatisation des prélèvements fournisseurs - Recherche factures;;Job;No;1;No;CTMSRV;FINFIN_J32TRT_05_Q;EXPLOITATION;ldkfinp01;M_L_FIN12;3v0og
FIN-FINANCE;FINFIN_J32TRT_05_Q;FINFIN_J32TRT_05_WRK03_Q;"June 26, 2026";"June 26, 2026 11:32:19 PM";"June 26, 2026 11:59:19 PM";;Ended OK;Automatisation des prélèvements fournisseurs - Création règlements;;Job;No;1;No;CTMSRV;FINFIN_J32TRT_05_Q;EXPLOITATION;ldkfinp11;M_L_FIN12;3v0oh
FIN-FINANCE;FINFIN_J32TRT_05_Q;FINFIN_J32TRT_05_WRK04_Q;"June 26, 2026";"June 26, 2026 11:59:20 PM";"June 27, 2026 12:02:01 AM";;Ended OK;Automatisation des prélèvements fournisseurs - Comptabilisation règlements;;Job;No;1;No;CTMSRV;FINFIN_J32TRT_05_Q;EXPLOITATION;ldkfinp01;M_L_FIN12;3v0oi
FIN-FINANCE;FINFIN_J32TRT_05_Q;FINFIN_J32TRT_05_WRK05_Q;"June 26, 2026";"June 27, 2026 4:22:38 AM";"June 27, 2026 4:25:02 AM";;Ended OK;Automatisation des prélèvements fournisseurs - Ajout référence lettrage;;Job;No;1;No;CTMSRV;FINFIN_J32TRT_05_Q;EXPLOITATION;ldkfinp01;M_L_FIN12;3v0oj
FIN-FINANCE;FINFIN_J32TRT_05_Q;FINFIN_J32TRT_05_WRK06_Q;"June 26, 2026";;;;Wait for Event;Automatisation des prélèvements fournisseurs - Génération des états et envoi par mail;;Job;No;0;No;CTMSRV;FINFIN_J32TRT_05_Q;EXPLOITATION;M_L_FIN12;M_L_FIN12;3v0ok
FIN-FINANCE;FINFIN_J33TRT_04_Q;FINFIN_J33TRT_04_Q;"June 26, 2026";"June 26, 2026 1:30:11 PM";"June 26, 2026 4:37:43 PM";;Ended OK;;;SMART Table;No;1;No;CTMSRV;FINFIN_J33TRT_04_Q;;ldkctmp50;;3v1c3
FIN-FINANCE;FINFIN_J33TRT_04_Q;FINFIN_J33TRT_04_WRK01_Q;"June 26, 2026";"June 26, 2026 4:00:00 PM";"June 26, 2026 4:02:36 PM";;Ended OK;"Collecter les statistiques de la table AP; AP_INVOICES_INTERFACE";;Job;No;1;No;CTMSRV;FINFIN_J33TRT_04_Q;EXPLOITATION;ldkfinp01;M_L_FIN12;3v1c4
FIN-FINANCE;FINFIN_J33TRT_04_Q;FINFIN_J33TRT_04_WRK02_Q;"June 26, 2026";"June 26, 2026 4:00:00 PM";"June 26, 2026 4:05:36 PM";;Ended OK;"Collecter les statistiques de la table AP; AP_INVOICES_ALL";;Job;No;1;No;CTMSRV;FINFIN_J33TRT_04_Q;EXPLOITATION;ldkfinp11;M_L_FIN12;3v1c5
FIN-FINANCE;FINFIN_J33TRT_04_Q;FINFIN_J33TRT_04_WRK03_Q;"June 26, 2026";"June 26, 2026 4:30:00 PM";"June 26, 2026 4:37:42 PM";;Ended OK;Collecter les statistiques du schéma  APPLSYS;;Job;No;1;No;CTMSRV;FINFIN_J33TRT_04_Q;EXPLOITATION;ldkfinp11;M_L_FIN12;3v1c6
FIN-FINANCE;FINFIN_J35TRT_04_H;FINFIN_J35TRT_04_H;"June 26, 2026";"June 26, 2026 1:30:11 PM";"June 26, 2026 1:30:13 PM";;Ended OK;;;SMART Table;No;1;No;CTMSRV;FINFIN_J35TRT_04_H;;;;3v0c0
FIN-FINANCE;FINFIN_J36TRT_04_H;FINFIN_J36TRT_04_H;"June 26, 2026";"June 26, 2026 1:30:11 PM";"June 26, 2026 1:30:13 PM";;Ended OK;;;SMART Table;No;1;No;CTMSRV;FINFIN_J36TRT_04_H;;;;3v17b
FIN-FINANCE;FINHEC_J11GEN_06_Q;FINHEC_J11GEN_06_EXP01_Q;"June 26, 2026";"June 27, 2026 12:15:00 AM";"June 27, 2026 12:43:47 AM";;Ended OK;FINANCE : Interface des engages vers Hercule;;Job;No;1;No;CTMSRV;FINHEC_J11GEN_06_Q;EXPLOITATION;ldkfinp01;M_L_FIN12;3uzt8
FIN-FINANCE;FINHEC_J11GEN_06_Q;FINHEC_J11GEN_06_MOV01_Q;"June 26, 2026";"June 27, 2026 12:43:48 AM";"June 27, 2026 12:43:50 AM";;Ended OK;FINANCE : Move du fichier Engages_ORACLE_*.zip vers le NAS;MOV_OUT_Generique_DKA.ksh;Job;No;1;No;CTMSRV;FINHEC_J11GEN_06_Q;opfinbac;ldkfinp11;M_L_FIN12;3uzt9
FIN-FINANCE;FINHEC_J11GEN_06_Q;FINHEC_J11GEN_06_Q;"June 26, 2026";"June 27, 2026 12:15:00 AM";"June 27, 2026 12:43:50 AM";;Ended OK;FINANCE : Interface des engages vers Hercule;;SMART Table;No;1;No;CTMSRV;FINHEC_J11GEN_06_Q;opfinbac;ldkctmp50;;3uzt7
FIN-FINANCE;FINHEC_J13GEN_06_M;FINHEC_J13GEN_06_M;"June 26, 2026";"June 26, 2026 1:30:11 PM";"June 26, 2026 1:30:13 PM";;Ended OK;FINANCE EXPORT Encaissement Client D1 D8 L7 L1;;SMART Table;No;1;No;CTMSRV;FINHEC_J13GEN_06_M;opfinbac;;;3v1gr
FIN-FINANCE;FINHEC_J13GEN_06_Q;FINHEC_J13GEN_06_EXP01_Q;"June 26, 2026";"June 26, 2026 7:55:14 PM";"June 26, 2026 8:04:49 PM";;Ended OK;FINANCE : Interface Export des encaissements clients vers Hercule (Quotidien);;Job;No;1;No;CTMSRV;FINHEC_J13GEN_06_Q;EXPLOITATION;ldkfinp01;M_L_FIN12;3uzvf
FIN-FINANCE;FINHEC_J13GEN_06_Q;FINHEC_J13GEN_06_MOV01_Q;"June 26, 2026";"June 26, 2026 8:04:50 PM";"June 26, 2026 8:04:54 PM";;Ended OK;FINANCE : Move du fichier ENCAISSEMENTS_CLIENTS_*.csv vers le NAS PFE (Quotidien);MOV_OUT_Generique_DKA.ksh;Job;No;1;No;CTMSRV;FINHEC_J13GEN_06_Q;opfinbac;ldkfinp01;M_L_FIN12;3uzvg
FIN-FINANCE;FINHEC_J13GEN_06_Q;FINHEC_J13GEN_06_Q;"June 26, 2026";"June 26, 2026 1:30:11 PM";"June 26, 2026 8:04:55 PM";;Ended OK;FINANCE EXPORT Encaissement Client - Quotidien;;SMART Table;No;1;No;CTMSRV;FINHEC_J13GEN_06_Q;;ldkctmp50;;3uzve
FIN-FINANCE;FINSIC_J11INT_05_Q;FINSIC_J11INT_05_IMP01_Q;"June 26, 2026";"June 26, 2026 5:00:00 PM";"June 26, 2026 6:04:41 PM";;Ended OK;Importation des clients;;Job;No;1;No;CTMSRV;FINSIC_J11INT_05_Q;EXPLOITATION;ldkfinp11;M_L_FIN12;3v0q1
FIN-FINANCE;FINSIC_J11INT_05_Q;FINSIC_J11INT_05_Q;"June 26, 2026";"June 26, 2026 5:00:00 PM";"June 26, 2026 6:04:42 PM";;Ended OK;FINANCE : Importation des clients;;SMART Table;No;1;No;CTMSRV;FINSIC_J11INT_05_Q;opfinbac;ldkctmp50;;3v0q0
FIN-FINANCE;FINXXX_J11GEN_06_Q;FINXXX_J11GEN_06_EXP01_Q;"June 26, 2026";"June 26, 2026 7:01:23 PM";"June 26, 2026 7:12:41 PM";;Ended OK;Export Fournisseur (Delta);;Job;No;1;No;CTMSRV;FINXXX_J11GEN_06_Q;EXPLOITATION;ldkfinp11;M_L_FIN12;3uzkd
FIN-FINANCE;FINXXX_J11GEN_06_Q;FINXXX_J11GEN_06_MOV01_Q;"June 26, 2026";"June 26, 2026 7:12:42 PM";"June 26, 2026 7:12:49 PM";;Ended OK;FINANCE : Move le flux FOURNISSEURS_*DELTA* vers EAI;MOV_OUT_Generique_DKA.ksh;Job;No;1;No;CTMSRV;FINXXX_J11GEN_06_Q;opfinbac;ldkfinp11;M_L_FIN12;3uzke
FIN-FINANCE;FINXXX_J11GEN_06_Q;FINXXX_J11GEN_06_Q;"June 26, 2026";"June 26, 2026 7:01:23 PM";"June 26, 2026 7:12:50 PM";;Ended OK;FINANCE : Export Fournisseur (Delta);;SMART Table;No;1;No;CTMSRV;FINXXX_J11GEN_06_Q;opfinbac;ldkctmp50;;3uzkc
FIN-FINANCE;FINXXX_J11INT_05_Q;FINXXX_J11INT_05_IMP01_Q;"June 26, 2026";"June 26, 2026 7:12:50 PM";"June 26, 2026 8:29:09 PM";;Ended OK;Import factures AP;;Job;No;1;No;CTMSRV;FINXXX_J11INT_05_Q;EXPLOITATION;ldkfinp01;M_L_FIN12;3v06c
FIN-FINANCE;FINXXX_J11INT_05_Q;FINXXX_J11INT_05_Q;"June 26, 2026";"June 26, 2026 7:01:23 PM";"June 26, 2026 8:29:10 PM";;Ended OK;FINANCE : Import factures AP;;SMART Table;No;1;No;CTMSRV;FINXXX_J11INT_05_Q;opfinbac;ldkctmp50;;3v06b
FIN-FINANCE;FINXXX_J12INT_05_Q;FINXXX_J12INT_05_IMP01_Q;"June 26, 2026";"June 26, 2026 8:00:00 PM";"June 26, 2026 8:12:11 PM";;Ended OK;Importation des donnees GL_INTERFACE;;Job;No;1;No;CTMSRV;FINXXX_J12INT_05_Q;EXPLOITATION;ldkfinp11;M_L_FIN12;3v0ui
FIN-FINANCE;FINXXX_J12INT_05_Q;FINXXX_J12INT_05_Q;"June 26, 2026";"June 26, 2026 7:01:23 PM";"June 26, 2026 8:12:12 PM";;Ended OK;FINANCE : Importation des données GL_INTERFACE;;SMART Table;No;1;No;CTMSRV;FINXXX_J12INT_05_Q;opfinbac;ldkctmp50;;3v0uh
FIN-FINANCE;FINXXX_J13INT_05_Q;FINXXX_J13INT_05_IMP01_Q;"June 26, 2026";"June 26, 2026 7:12:50 PM";"June 26, 2026 7:25:40 PM";;Ended OK;Import Factures Clients AR;;Job;No;1;No;CTMSRV;FINXXX_J13INT_05_Q;EXPLOITATION;ldkfinp11;M_L_FIN12;3v0yq
FIN-FINANCE;FINXXX_J13INT_05_Q;FINXXX_J13INT_05_Q;"June 26, 2026";"June 26, 2026 7:01:23 PM";"June 26, 2026 7:25:40 PM";;Ended OK;FINANCE : Import Factures Clients AR;;SMART Table;No;1;No;CTMSRV;FINXXX_J13INT_05_Q;opfinbac;ldkctmp50;;3v0yp
FIN-FINANCE;FINXXX_J14INT_05_Q;FINXXX_J14INT_05_MOV01_Q;"June 26, 2026";"June 26, 2026 10:52:59 PM";"June 26, 2026 10:53:07 PM";;Ended OK;FINANCE : MOV du fichier MAG_DAL*.zip.;MOV_IN_Generique_DKA.ksh;Job;No;1;No;CTMSRV;FINXXX_J14INT_05_Q;opfinbac;ldkfinp01;M_L_FIN12;3v19h
FIN-FINANCE;FINXXX_J14INT_05_Q;FINXXX_J14INT_05_MOV02_Q;"June 26, 2026";"June 26, 2026 10:57:24 PM";"June 26, 2026 10:57:26 PM";;Ended OK;FINANCE : Move du fichier aladin_tif_*  de NAS;MOV_IN_Generique_DKA.ksh;Job;No;1;No;CTMSRV;FINXXX_J14INT_05_Q;opfinbac;ldkfinp11;M_L_FIN12;3v19f
FIN-FINANCE;FINXXX_J14INT_05_Q;FINXXX_J14INT_05_MOV03_Q;"June 26, 2026";"June 26, 2026 10:57:27 PM";"June 26, 2026 10:57:28 PM";;Ended OK;FINANCE : Move du fichier PRN01_SRC_FACTURESFOURNISSEURS_*.zip  de NAS;MOV_IN_Generique_DKA.ksh;Job;No;1;No;CTMSRV;FINXXX_J14INT_05_Q;opfinbac;ldkfinp11;M_L_FIN12;3v19j
FIN-FINANCE;FINXXX_J14INT_05_Q;FINXXX_J14INT_05_Q;"June 26, 2026";"June 26, 2026 7:01:23 PM";"June 26, 2026 11:01:39 PM";;Ended Not OK;FINANCE : Rattachement des images XEROX/ALADIN;;SMART Table;No;1;No;CTMSRV;FINXXX_J14INT_05_Q;opfinbac;ldkctmp50;;3v19c
FIN-FINANCE;FINXXX_J14INT_05_Q;FINXXX_J14INT_05_WRK01_Q;"June 26, 2026";"June 26, 2026 10:53:46 PM";"June 26, 2026 10:57:24 PM";;Ended OK;Rattachement des images XEROX - Tradeshift;;Job;No;1;No;CTMSRV;FINXXX_J14INT_05_Q;EXPLOITATION;ldkfinp01;M_L_FIN12;3v19d
FIN-FINANCE;FINXXX_J14INT_05_Q;FINXXX_J14INT_05_WRK02_Q;"June 26, 2026";"June 26, 2026 10:57:42 PM";"June 26, 2026 11:01:39 PM";;Ended OK;Rattachement des images ALADIN;;Job;No;1;No;CTMSRV;FINXXX_J14INT_05_Q;EXPLOITATION;ldkfinp01;M_L_FIN12;3v19e
FIN-FINANCE;FINXXX_J14INT_05_Q;FINXXX_J14INT_05_ZIP01_Q;"June 26, 2026";"June 26, 2026 10:53:08 PM";"June 26, 2026 10:53:45 PM";;Ended OK;FINANCE : Decompression du fichiers MAG_DAL*.zip;FINXXX_J14INT_05_ZIP01_Q.ksh;Job;No;1;No;CTMSRV;FINXXX_J14INT_05_Q;opfinbac;ldkfinp11;M_L_FIN12;3v19i
FIN-FINANCE;FINXXX_J14INT_05_Q;FINXXX_J14INT_05_ZIP02_Q;"June 26, 2026";"June 26, 2026 10:57:27 PM";"June 26, 2026 10:57:41 PM";;Ended Not OK;FINANCE : Decompression du fichiers aladin_tif_*.zip;FINXXX_J14INT_05_ZIP02V02_Q.new.ksh;Job;No;1;No;CTMSRV;FINXXX_J14INT_05_Q;opfinbac;ldkfinp01;M_L_FIN12;3v19g
FIN-FINANCE;FINXXX_J14INT_05_Q;FINXXX_J14INT_05_ZIP03_Q;"June 26, 2026";"June 26, 2026 10:57:29 PM";"June 26, 2026 10:57:33 PM";;Ended Not OK;FINANCE : Decompression du fichiers PRN01_SRC_FACTURESFOURNISSEURS_*.zip;FINXXX_J14INT_05_ZIP03V2_Q.ksh;Job;No;1;No;CTMSRV;FINXXX_J14INT_05_Q;opfinbac;ldkfinp11;M_L_FIN12;3v19k
GDC-GESTION CONSIGNE;GDCREF_J11INT_05_Q;GDCREF_J11INT_05_DEL01_Q;"June 26, 2026";;;;Wait for Event;Consignes : Menage A00YH.dat suite traitement ok;GDCREF_J11INT_05_DEL00_Q.ksh;Job;No;0;No;CTMSRV;GDCREF_J11INT_05_Q;dispatch;NOTEXIST;NOTEXIST;3uze4
GDC-GESTION CONSIGNE;GDCREF_J11INT_05_Q;GDCREF_J11INT_05_DEL02_Q;"June 26, 2026";;;;Wait for Event;Consignes : Menage A00YG.dat suite traitement ok;GDCREF_J11INT_05_DEL00_Q.ksh;Job;No;0;No;CTMSRV;GDCREF_J11INT_05_Q;dispatch;NOTEXIST;NOTEXIST;3uze5
GDC-GESTION CONSIGNE;GDCREF_J11INT_05_Q;GDCREF_J11INT_05_DEL03_Q;"June 26, 2026";;;;Wait for Event;Consignes : Menage A00YA.dat suite traitement ok;GDCREF_J11INT_05_DEL00_Q.ksh;Job;No;0;No;CTMSRV;GDCREF_J11INT_05_Q;dispatch;NOTEXIST;NOTEXIST;3uze6
GDC-GESTION CONSIGNE;GDCREF_J11INT_05_Q;GDCREF_J11INT_05_DEL04_Q;"June 26, 2026";;;;Wait for Event;Consignes : Menage REFAYL.csv suite traitement ok;GDCREF_J11INT_05_DEL00_Q.ksh;Job;No;0;No;CTMSRV;GDCREF_J11INT_05_Q;dispatch;NOTEXIST;NOTEXIST;3uze7
GDC-GESTION CONSIGNE;GDCREF_J11INT_05_Q;GDCREF_J11INT_05_IMP01_Q;"June 26, 2026";;;;Wait for Event;Consignes : Integration des fichiers en provenance du referentiel appartenances;GDCREF_J11INT_05_IMP01_Q.ksh;Job;No;0;No;CTMSRV;GDCREF_J11INT_05_Q;dispatch;NOTEXIST;NOTEXIST;3uze3
GDR-GESTION DES REJETS;GDRFIN_J11GEN_06_Q;GDRFIN_J11GEN_06_EXP01_Q;"June 26, 2026";"June 26, 2026 5:30:00 PM";"June 26, 2026 5:30:05 PM";;Wait for Event;Export de l'ensemble des factures corrigees vers la PFE pour tous les types de factures à destination d'Oracle;lance_Traitement_Interne_GDR.bat;Job;No;1;Yes;CTMSRV;GDRFIN_J11GEN_06_Q;uSvcAppGDR;wdkgdrctlpa01;A_W_GDR01;3v09q
GDR-GESTION DES REJETS;GDRFIN_J11GEN_06_Q;GDRFIN_J11GEN_06_Q;"June 26, 2026";"June 26, 2026 1:30:11 PM";;;Executing;Export des factures corrigées;;SMART Table;No;1;No;CTMSRV;GDRFIN_J11GEN_06_Q;uSvcGDR;;;3v09p
GDR-GESTION DES REJETS;GDRFIN_J11INT_05_Q;GDRFIN_J11INT_05_IMP01_Q;"June 26, 2026";;;;Wait for Event;Integre les fichiers de type EcritureComptable GL depuis la PFE vers GDR;lance_Traitement_Interne_GDR.bat;Job;No;0;Yes;CTMSRV;GDRFIN_J11INT_05_Q;svce_cm;A_W_GDR01;A_W_GDR01;3v0x6
GDR-GESTION DES REJETS;GDRFIN_J11INT_05_Q;GDRFIN_J11INT_05_IMP02_Q;"June 26, 2026";"June 26, 2026 7:45:00 PM";"June 26, 2026 7:45:10 PM";2000;Wait for Event;Integre les fichiers de type EcritureComptable GL depuis la PFE vers GDR;lance_Traitement_Interne_GDR.bat;Job;No;26;Yes;CTMSRV;GDRFIN_J11INT_05_Q;svce_cm;wdkgdrctlpa01;A_W_GDR01;3v0x7
GDR-GESTION DES REJETS;GDRFIN_J11INT_05_Q;GDRFIN_J11INT_05_IMP03_Q;"June 26, 2026";;;;Wait for Event;Integre les fichiers de type Factures Client depuis la PFE vers GDR;lance_Traitement_Interne_GDR.bat;Job;No;0;Yes;CTMSRV;GDRFIN_J11INT_05_Q;svce_cm;A_W_GDR01;A_W_GDR01;3v0x3
GDR-GESTION DES REJETS;GDRFIN_J11INT_05_Q;GDRFIN_J11INT_05_IMP04_Q;"June 26, 2026";"June 26, 2026 7:45:11 PM";"June 26, 2026 7:45:17 PM";2000;Wait for Event;Integre les fichiers de type Factures Client depuis la PFE vers GDR;lance_Traitement_Interne_GDR.bat;Job;No;26;Yes;CTMSRV;GDRFIN_J11INT_05_Q;svce_cm;wdkgdrctlpa01;A_W_GDR01;3v0x8
GDR-GESTION DES REJETS;GDRFIN_J11INT_05_Q;GDRFIN_J11INT_05_IMP05_Q;"June 26, 2026";;;;Wait for Event;Integre les fichiers de type Factures Fournisseur depuis la PFE vers GDR;lance_Traitement_Interne_GDR.bat;Job;No;0;Yes;CTMSRV;GDRFIN_J11INT_05_Q;svce_cm;A_W_GDR01;A_W_GDR01;3v0x4
GDR-GESTION DES REJETS;GDRFIN_J11INT_05_Q;GDRFIN_J11INT_05_IMP06_Q;"June 26, 2026";"June 26, 2026 7:45:26 PM";"June 26, 2026 7:45:33 PM";2000;Wait for Event;Integre les fichiers de type Factures Fournisseur depuis la PFE vers GDR;lance_Traitement_Interne_GDR.bat;Job;No;26;Yes;CTMSRV;GDRFIN_J11INT_05_Q;svce_cm;wdkgdrctlpa01;A_W_GDR01;3v0x9
GDR-GESTION DES REJETS;GDRFIN_J11INT_05_Q;GDRFIN_J11INT_05_IMP07_Q;"June 26, 2026";;;;Wait for Event;Integre les fichiers de type Factures Erreur Source depuis la PFE vers GDR;lance_Traitement_Interne_GDR.bat;Job;No;0;Yes;CTMSRV;GDRFIN_J11INT_05_Q;svce_cm;A_W_GDR01;A_W_GDR01;3v0x5
GDR-GESTION DES REJETS;GDRFIN_J11INT_05_Q;GDRFIN_J11INT_05_IMP08_Q;"June 26, 2026";"June 26, 2026 7:45:18 PM";"June 26, 2026 7:45:26 PM";2000;Wait for Event;Integre les fichiers de type Factures Erreur Source depuis la PFE vers GDR;lance_Traitement_Interne_GDR.bat;Job;No;26;Yes;CTMSRV;GDRFIN_J11INT_05_Q;svce_cm;wdkgdrctlpa01;A_W_GDR01;3v0xa
GDR-GESTION DES REJETS;GDRFIN_J11INT_05_Q;GDRFIN_J11INT_05_Q;"June 26, 2026";"June 26, 2026 1:30:11 PM";;;Executing;Intégration des fichiers de type facture;;SMART Table;No;1;No;CTMSRV;GDRFIN_J11INT_05_Q;svce_cm;;;3v0x2
GDR-GESTION DES REJETS;GDRGDR_J11TRT_04_Q;GDRGDR_J11TRT_04_Q;"June 26, 2026";"June 26, 2026 1:30:11 PM";"June 26, 2026 2:30:09 PM";;Ended OK;Listing des factures restantes à corriger;;SMART Table;No;1;No;CTMSRV;GDRGDR_J11TRT_04_Q;uSvcGDR;ldkctmp50;;3v0sn
GDR-GESTION DES REJETS;GDRGDR_J11TRT_04_Q;GDRGDR_J11TRT_04_WRK02_Q;"June 26, 2026";"June 26, 2026 2:30:00 PM";"June 26, 2026 2:30:08 PM";;Ended OK;Liste dans un fichier csv les factures restantes à corriger pour chaque région (apres midi);lance_Traitement_Interne_GDR.bat;Job;No;1;No;CTMSRV;GDRGDR_J11TRT_04_Q;uSvcAppGDR;wdkgdrctlpa01;A_W_GDR01;3v0so
HEC-HERCULE CHIFFRAG;HECCID_J11INT_05_Q;HECCID_J11INT_05_CPY01_Q;"June 26, 2026";"June 27, 2026 3:01:03 AM";"June 27, 2026 3:01:05 AM";;Ended OK;Copie fichierliens Code D-clients de PFE vers repertoire donnees entrantes HERCULE CHIFFRAGE;Copy_EAI_HEC.bat;Job;No;1;No;CTMSRV;HECCID_J11INT_05_Q;svce_cm;wdkhecp11;A_W_HEC11;3v065
HEC-HERCULE CHIFFRAG;HECCID_J11INT_05_Q;HECCID_J11INT_05_FWT01_Q;"June 26, 2026";"June 27, 2026 3:00:10 AM";"June 27, 2026 3:00:13 AM";;Ended OK;HERCULE Scrutation du fichier LienPartenaireProjet_yyyyMMdd.csv sur PFE;FileWatcher.bat;Job;No;1;No;CTMSRV;HECCID_J11INT_05_Q;svce_cm;wdkhecp11;A_W_HEC11;3v064
HEC-HERCULE CHIFFRAG;HECCID_J11INT_05_Q;HECCID_J11INT_05_IMP01_Q;"June 26, 2026";"June 27, 2026 3:01:06 AM";"June 27, 2026 3:15:03 AM";;Ended OK;Integration donnees du fichier lien code D client dans l'application HERCULE CHIFFRAGE;lance_Traitement_Interne.bat;Job;No;1;No;CTMSRV;HECCID_J11INT_05_Q;uSvcHEC-p;wdkhecp11;A_W_HEC11;3v066
HEC-HERCULE CHIFFRAG;HECCID_J12INT_05_Q;HECCID_J12INT_05_CPY01_Q;"June 26, 2026";"June 27, 2026 3:00:06 AM";"June 27, 2026 3:00:08 AM";;Wait for Event;Copie fichier zip  PELFACTURE de PFE vers repertoire donnees entrantes PELFACTURE;Copy_EAI_HEC.bat;Job;No;1;Yes;CTMSRV;HECCID_J12INT_05_Q;svce_cm;wdkhecp11;A_W_HEC11;3v0wn
HEC-HERCULE CHIFFRAG;HECCID_J12INT_05_Q;HECCID_J12INT_05_FWT01_Q;"June 26, 2026";"June 27, 2026 6:31:33 AM";;;Executing;HERCULE Scrutation du fichier zip  DONNEECID sur PFE;FileWatcher.bat;Job;No;5;Yes;CTMSRV;HECCID_J12INT_05_Q;svce_cm;wdkhecp11;A_W_HEC11;3v0wm
HEC-HERCULE CHIFFRAG;HECCID_J12INT_05_Q;HECCID_J12INT_05_IMP01_Q;"June 26, 2026";"June 27, 2026 3:00:10 AM";"June 27, 2026 3:00:18 AM";;Wait for Event;Integration donnees du fichier PELFACTURE dans l'application PELFACTURE;lance_Traitement_Interne.bat;Job;No;1;Yes;CTMSRV;HECCID_J12INT_05_Q;uSvcHEC-p;wdkhecp11;A_W_HEC11;3v0wo
HEC-HERCULE CHIFFRAG;HECCIT_J11INT_05_Q;HECCIT_J11INT_05_CPY01_Q;"June 26, 2026";"June 27, 2026 3:00:14 AM";"June 27, 2026 3:00:16 AM";;Ended OK;Copie fichierliens factures travaux de PFE vers repertoire donnees entrantes HERCULE CHIFFRAGE;Copy_EAI_HEC.bat;Job;No;1;No;CTMSRV;HECCIT_J11INT_05_Q;svce_cm;wdkhecp11;A_W_HEC11;3uzkw
HEC-HERCULE CHIFFRAG;HECCIT_J11INT_05_Q;HECCIT_J11INT_05_FWT01_Q;"June 26, 2026";"June 27, 2026 3:00:10 AM";"June 27, 2026 3:00:13 AM";;Ended OK;HERCULE Scrutation du fichier CITY_FACTURE_yyyymmdd.xml sur PFE;FileWatcher.bat;Job;No;1;No;CTMSRV;HECCIT_J11INT_05_Q;svce_cm;wdkhecp11;A_W_HEC11;3uzkv
HEC-HERCULE CHIFFRAG;HECCIT_J11INT_05_Q;HECCIT_J11INT_05_IMP01_Q;"June 26, 2026";"June 27, 2026 3:00:16 AM";"June 27, 2026 3:01:01 AM";;Ended OK;Integration donnees du fichier CITY_FACTURE dans l'application HERCULE CHIFFRAGE;lance_Traitement_Interne.bat;Job;No;1;No;CTMSRV;HECCIT_J11INT_05_Q;uSvcHEC-p;wdkhecp11;A_W_HEC11;3uzkx
HEC-HERCULE CHIFFRAG;HECDTR_J11GEN_05_Q;HECDTR_J11GEN_05_EXP01_Q;"June 26, 2026";"June 26, 2026 7:00:00 PM";"June 26, 2026 7:00:08 PM";;Ended OK;HEC : Generation applicative;lance_Traitement_Interne.bat;Job;No;1;No;CTMSRV;HECDTR_J11GEN_05_Q;uSvcHEC-p;wdkhecp11;A_W_HEC11;3uz4e
HEC-HERCULE CHIFFRAG;HECDTR_J11GEN_05_Q;HECDTR_J11GEN_05_MOV01_Q;"June 26, 2026";"June 26, 2026 7:00:08 PM";"June 26, 2026 7:00:23 PM";;Ended OK;HERCULE : Transfert du fichier HER01_*.csv vers PFE;MOV_Generique_DKA.bat;Job;No;1;No;CTMSRV;HECDTR_J11GEN_05_Q;svce_cm;wdkhecp11;A_W_HEC11;3uz4f
HEC-HERCULE CHIFFRAG;HECDTR_J11GEN_05_Q;HECDTR_J11GEN_05_Q;"June 26, 2026";"June 26, 2026 1:30:11 PM";"June 26, 2026 7:00:23 PM";;Ended OK;HERCULE : Export des Donnees DTR;;SMART Table;No;1;No;CTMSRV;HECDTR_J11GEN_05_Q;;ldkctmp50;;3uz4d
HEC-HERCULE CHIFFRAG;HECEXT_J11INT_05_Q;HECEXT_J11INT_05_CPY01_Q;"June 26, 2026";"June 27, 2026 3:01:01 AM";"June 27, 2026 3:01:03 AM";;Ended OK;Copie fichier recouvrement de PFE vers repertoire donnees entrantes HERCULE CHIFFRAGE;Copy_EAI_HEC.bat;Job;No;1;No;CTMSRV;HECEXT_J11INT_05_Q;svce_cm;wdkhecp11;A_W_HEC11;3uz5s
HEC-HERCULE CHIFFRAG;HECEXT_J11INT_05_Q;HECEXT_J11INT_05_FWT01_Q;"June 26, 2026";"June 27, 2026 3:00:11 AM";"June 27, 2026 3:00:14 AM";;Ended OK;HERCULE Scrutation du fichier dalkia_syrushercule_yyyyMMdd.csv sur PFE;FileWatcher.bat;Job;No;1;No;CTMSRV;HECEXT_J11INT_05_Q;svce_cm;wdkhecp11;A_W_HEC11;3uz5r
HEC-HERCULE CHIFFRAG;HECEXT_J11INT_05_Q;HECEXT_J11INT_05_IMP01_Q;"June 26, 2026";"June 27, 2026 3:01:06 AM";"June 27, 2026 3:01:51 AM";;Ended OK;Integration donnees du fichier Recouvrement dans l'application HERCULE CHIFFRAGE;lance_Traitement_Interne.bat;Job;No;1;No;CTMSRV;HECEXT_J11INT_05_Q;uSvcHEC-p;wdkhecp11;A_W_HEC11;3uz5t
HEC-HERCULE CHIFFRAG;HECFIN_J11FLX_07_Q ;HECFIN_J11FLX_07_MOV01_Q;"June 26, 2026";"June 27, 2026 1:03:00 AM";"June 27, 2026 1:03:06 AM";;Ended OK;PFE : Job de déplacement de l'archive vers HEC;MOV_Generique_DKA.bat;Job;No;1;No;CTMSRV;HECFIN_J11FLX_07_Q ;svce_cm;wdkhecp11;A_W_HEC11;3v0z6
HEC-HERCULE CHIFFRAG;HECFIN_J12INT_05_Q;HECFIN_J12INT_05_MOV01_Q;"June 26, 2026";"June 26, 2026 8:08:01 PM";"June 26, 2026 8:08:07 PM";;Ended OK;HERCULE : Transfert du fichier ENCAISSEMENTS_CLIENTS_*.csv vers HEC;MOVOUT_Generique_DKA.bat;Job;No;1;No;CTMSRV;HECFIN_J12INT_05_Q;svce_cm;wdkhecp11;A_W_HEC11;3v0xo
HEC-HERCULE CHIFFRAG;HECFIN_J12INT_05_Q;HECFIN_J12INT_05_Q;"June 26, 2026";"June 26, 2026 1:30:11 PM";"June 26, 2026 8:08:39 PM";;Ended OK;;;SMART Table;No;1;No;CTMSRV;HECFIN_J12INT_05_Q;;ldkctmp50;;3v0xn
HEC-HERCULE CHIFFRAG;HECFIN_J12INT_05_Q;HECFIN_J12INT_05_WRK01_Q;"June 26, 2026";"June 26, 2026 8:08:08 PM";"June 26, 2026 8:08:38 PM";;Ended OK;HEC : Integration applicative du fichier ENCAISSEMENTS_CLIENTS_*.csv;lance_Traitement_Interne.bat;Job;No;1;No;CTMSRV;HECFIN_J12INT_05_Q;uSvcHEC-p;wdkhecp11;A_W_HEC11;3v0xp
HEC-HERCULE CHIFFRAG;HECHEC_E11STP_01_Q;HECHEC_E11STP_01_ARR01_Q;"June 26, 2026";"June 27, 2026 3:00:00 AM";"June 27, 2026 3:00:09 AM";;Ended OK;Redemarrage Hercule: STOP IIS (WDKHECP11);Start_Stop_Hercules.bat;Job;No;1;No;CTMSRV;HECHEC_E11STP_01_Q;svce_cm;wdkhecp11;A_W_HEC11;3uz5y
HEC-HERCULE CHIFFRAG;HECHEC_E11STR_02_Q;HECHEC_E11STR_02_DEM01_Q;"June 26, 2026";"June 27, 2026 3:15:04 AM";"June 27, 2026 3:15:11 AM";;Ended OK;Redemarrage Hercule: START IIS (WDKHECP11);Start_Stop_Hercules.bat;Job;No;1;No;CTMSRV;HECHEC_E11STR_02_Q;svce_cm;wdkhecp11;A_W_HEC11;3uz3u
HEC-HERCULE CHIFFRAG;HECHEC_J11TEC_04_Q;HECHEC_J11TEC_04_DEB01_Q;"June 26, 2026";"June 27, 2026 3:00:10 AM";"June 27, 2026 3:00:10 AM";;Ended OK;Jalon de demarrage 03h00 de la production HERCULE CHIFFRAGE;Jalon de demarrage 03h00 HERCULE;Dummy;No;1;No;CTMSRV;HECHEC_J11TEC_04_Q;svce_cm;;;3uz79
HEC-HERCULE CHIFFRAG;HECHEC_J11TRT_04_Q;HECHEC_J11TRT_04_LIM01_Q;"June 26, 2026";"June 27, 2026 2:00:00 AM";"June 27, 2026 2:00:00 AM";;Ended OK;Limite Horaire 0200;;Dummy;No;1;No;CTMSRV;HECHEC_J11TRT_04_Q;uSvcHEC-p;;A_W_HEC11;3v09w
HEC-HERCULE CHIFFRAG;HECHEC_J11TRT_04_Q;HECHEC_J11TRT_04_WRK01_Q;"June 26, 2026";"June 26, 2026 11:30:41 PM";"June 26, 2026 11:31:48 PM";;Ended OK;Daily Hercule;HECHEC_J11TRT_04_WRK01_Q.bat;Job;No;1;No;CTMSRV;HECHEC_J11TRT_04_Q;uSvcHEC-p;wdkhecp11;A_W_HEC11;3v09v
HEC-HERCULE CHIFFRAG;HECHEC_J12TEC_04_Q;HECHEC_J12TEC_04_FJA01_Q;"June 26, 2026";"June 27, 2026 3:15:04 AM";"June 27, 2026 3:15:04 AM";;Ended OK;HERCULE Fin des interfaces ENTRANTES;HERCULE Fin des interfaces ENTRANTES;Dummy;No;1;No;CTMSRV;HECHEC_J12TEC_04_Q;svce_cm;;;3v0ju
HEC-HERCULE CHIFFRAG;HECHEC_J12TRT_04_Q;HECHEC_J12TRT_04_WRK01_Q;"June 26, 2026";"June 27, 2026 1:03:09 AM";"June 27, 2026 1:09:26 AM";;Ended OK;HEC : Integration applicative;lance_Traitement_Interne.bat;Job;No;1;No;CTMSRV;HECHEC_J12TRT_04_Q;uSvcHEC-p;wdkhecp11;A_W_HEC11;3uz9s
HEC-HERCULE CHIFFRAG;HECHEC_J12TRT_04_Q;HECHEC_J12TRT_04_ZIP01_Q;"June 26, 2026";"June 27, 2026 1:03:07 AM";"June 27, 2026 1:03:08 AM";;Ended OK;HEC : unzip archive;DZIP_GEN_HEC.bat;Job;No;1;No;CTMSRV;HECHEC_J12TRT_04_Q;svce_cm;wdkhecp11;A_W_HEC11;3uz9r
KDR-KADOR;KDREXT_J12INT_05_Q;KDREXT_J12INT_05_IMP01_Q;"June 26, 2026";"June 27, 2026 2:03:04 AM";"June 27, 2026 2:05:00 AM";;Ended Not OK;KDR : Process Ressource Insert;BATCH_Generique_DKA.ksh;Job;No;1;No;CTMSRV;KDREXT_J12INT_05_Q;dalkia-adm;ldkmdmp21;A_L_MDM21;3v0ih
KDR-KADOR;KDREXT_J12INT_05_Q;KDREXT_J12INT_05_MOV01_Q;"June 26, 2026";"June 27, 2026 2:03:03 AM";"June 27, 2026 2:03:04 AM";;Ended OK;KDR : Deplacement du fichier *.zip vers KDR;MOV_IN_Generique_DKA.ksh;Job;No;1;No;CTMSRV;KDREXT_J12INT_05_Q;root;ldkmdmp21;A_L_MDM21;3v0ii
KDR-KADOR;KDREXT_J12INT_05_Q;KDREXT_J12INT_05_Q;"June 26, 2026";"June 27, 2026 2:03:03 AM";"June 27, 2026 2:05:01 AM";;Ended Not OK;KADOR : Process Ressource Insert;;SMART Table;No;1;No;CTMSRV;KDREXT_J12INT_05_Q;dalkia-adm;ldkctmp50;;3v0ig
KDR-KADOR;KDREXT_J13INT_05_Q;KDREXT_J13INT_05_IMP01_Q;"June 26, 2026";;;;Wait for Event;KDR - JDV : Import du fichier de JEUXDEVALEURS;executeBatchImportGXPLOV.sh;Job;No;0;No;CTMSRV;KDREXT_J13INT_05_Q;dalkia-adm;A_L_MDM21;A_L_MDM21;3v0mn
KDR-KADOR;KDREXT_J13INT_05_Q;KDREXT_J13INT_05_MOV01_Q;"June 26, 2026";"June 27, 2026 12:23:02 AM";"June 27, 2026 12:23:02 AM";;Ended Not OK;KDR - JDV : Deplacement du fichier *.ZIP vers KDR;MOV_IN_DKA.ksh;Job;No;1;No;CTMSRV;KDREXT_J13INT_05_Q;dalkia-adm;ldkmdmp21;A_L_MDM21;3v0mm
KDR-KADOR;KDRKDR_J11TRT_04_Q;KDRKDR_J11TRT_04_MOV01_Q;"June 26, 2026";"June 26, 2026 11:31:55 PM";"June 26, 2026 11:31:57 PM";;Ended OK;Transfert du zip des donnees FULL FINANCE vers NAS PFE (TEMP);MOV_OUT_Generique_DKA.ksh;Job;No;1;No;CTMSRV;KDRKDR_J11TRT_04_Q;root;ldkmdmp21;A_L_MDM21;3uzjn
KDR-KADOR;KDRKDR_J11TRT_04_Q;KDRKDR_J11TRT_04_MOV02_Q;"June 26, 2026";"June 26, 2026 11:31:57 PM";"June 26, 2026 11:31:58 PM";;Ended OK;Transfert du zip des donnees FULL FINANCE vers NAS PFE;;Command;No;1;No;CTMSRV;KDRKDR_J11TRT_04_Q;root;ldkmdmp21;A_L_MDM21;3uzjo
KDR-KADOR;KDRKDR_J11TRT_04_Q;KDRKDR_J11TRT_04_Q;"June 26, 2026";"June 26, 2026 11:30:00 PM";"June 26, 2026 11:31:59 PM";;Ended OK;KDR : Bascule Statut Objet;;SMART Table;No;1;No;CTMSRV;KDRKDR_J11TRT_04_Q;infadm;ldkctmp50;;3uzjk
KDR-KADOR;KDRKDR_J11TRT_04_Q;KDRKDR_J11TRT_04_WRK01_Q;"June 26, 2026";"June 26, 2026 11:30:00 PM";"June 26, 2026 11:30:40 PM";;Ended OK;Bascule Statut Objet;BATCH_Generique_DKA.ksh;Job;No;1;No;CTMSRV;KDRKDR_J11TRT_04_Q;dalkia-adm;ldkmdmp21;A_L_MDM21;3uzjl
KDR-KADOR;KDRKDR_J11TRT_04_Q;KDRKDR_J11TRT_04_WRK02_Q;"June 26, 2026";"June 26, 2026 11:30:41 PM";"June 26, 2026 11:31:55 PM";;Ended OK;Export full finance;BATCH_Generique_DKA.ksh;Job;No;1;No;CTMSRV;KDRKDR_J11TRT_04_Q;dalkia-adm;ldkmdmp21;A_L_MDM21;3uzjm
KDR-KADOR;KDRKDR_J16TRT_04_Q;KDRKDR_J16TRT_04_EXP01_Q;"June 26, 2026";"June 27, 2026 12:30:00 AM";"June 27, 2026 12:30:26 AM";;Ended OK;Export full RH;BATCH_Generique_DKA.ksh;Job;No;1;No;CTMSRV;KDRKDR_J16TRT_04_Q;dalkia-adm;ldkmdmp21;A_L_MDM21;3uzth
KDR-KADOR;KDRKDR_J16TRT_04_Q;KDRKDR_J16TRT_04_MOV01_Q;"June 26, 2026";"June 27, 2026 12:30:27 AM";"June 27, 2026 12:30:28 AM";;Ended OK;Move des fichiers FULL RH vers le NAS;MOV_OUT_Generique_DKA.ksh;Job;No;1;No;CTMSRV;KDRKDR_J16TRT_04_Q;root;ldkmdmp21;A_L_MDM21;3uzti
KDR-KADOR;KDRKDR_J16TRT_04_Q;KDRKDR_J16TRT_04_Q;"June 26, 2026";"June 26, 2026 11:30:00 PM";"June 27, 2026 12:30:28 AM";;Ended OK;KDR : Bascule Statut Objet;;SMART Table;No;1;No;CTMSRV;KDRKDR_J16TRT_04_Q;infadm;ldkctmp50;;3uzte
KDR-KADOR;KDRKDR_J16TRT_04_Q;KDRKDR_J16TRT_04_WRK01_Q;"June 26, 2026";"June 26, 2026 11:30:00 PM";"June 26, 2026 11:31:49 PM";;Ended OK;Chaine CALCUL_RESSOURCE_ORGA;BATCH_Generique_DKA.ksh;Job;No;1;No;CTMSRV;KDRKDR_J16TRT_04_Q;dalkia-adm;ldkmdmp21;A_L_MDM21;3uztf
KDR-KADOR;KDRKDR_J16TRT_04_Q;KDRKDR_J16TRT_04_WRK02_Q;"June 26, 2026";"June 27, 2026 12:30:00 AM";"June 27, 2026 12:30:21 AM";;Ended OK;Chaine DIFFUSION_RESSOURCE_ORGA;BATCH_Generique_DKA.ksh;Job;No;1;No;CTMSRV;KDRKDR_J16TRT_04_Q;dalkia-adm;ldkmdmp21;A_L_MDM21;3uztg
KDR-KADOR;KDRXXX_J11GEN_06_Q;KDRXXX_J11GEN_06_EXP01_Q;"June 26, 2026";"June 27, 2026 12:00:00 AM";"June 27, 2026 12:00:04 AM";;Ended OK;KDR : Export XML en deltas quotidiens par objets a destination du DTR Affaire;BATCH_Generique_DKA.ksh;Job;No;1;No;CTMSRV;KDRXXX_J11GEN_06_Q;dalkia-adm;ldkmdmp21;A_L_MDM21;3v00y
KDR-KADOR;KDRXXX_J11GEN_06_Q;KDRXXX_J11GEN_06_MOV01_Q;"June 26, 2026";"June 27, 2026 12:00:04 AM";"June 27, 2026 12:00:05 AM";;Ended OK;KDR : Move des fichiers REF02_*_AFFAIRE-Q_001_*.xml vers le NAS;MOV_OUT_Generique_DKA.ksh;Job;No;1;No;CTMSRV;KDRXXX_J11GEN_06_Q;root;ldkmdmp21;A_L_MDM21;3v00z
KDR-KADOR;KDRXXX_J11GEN_06_Q;KDRXXX_J11GEN_06_Q;"June 26, 2026";"June 27, 2026 12:00:00 AM";"June 27, 2026 12:00:05 AM";;Ended OK;KDR : Exports a destination de PFE;;SMART Table;No;1;No;CTMSRV;KDRXXX_J11GEN_06_Q;dalkia-adm;ldkctmp50;;3v00x
KDR-KADOR;KDRXXX_J11TEC_04_Q;KDRXXX_J11TEC_04_Q;"June 26, 2026";"June 27, 2026 12:00:00 AM";"June 27, 2026 12:00:03 AM";;Ended OK;KDR : Ajout date derniere extraction dans Libmemsym;;SMART Table;No;1;No;CTMSRV;KDRXXX_J11TEC_04_Q;infadm;ldkctmp50;;3uzkj
KDR-KADOR;KDRXXX_J11TEC_04_Q;KDRXXX_J11TEC_04_WRK01_Q;"June 26, 2026";"June 27, 2026 12:00:00 AM";"June 27, 2026 12:00:02 AM";;Ended OK;KDR : Ajout date derniere extraction dans Libmemsym;;Command;No;1;No;CTMSRV;KDRXXX_J11TEC_04_Q;controlm;ldkctmp50;SRV_PRIMAIRE;3uzkk
KDR-KADOR;KDRXXX_J11TEC_04_Q;KDRXXX_J11TEC_04_WRK02_Q;"June 26, 2026";"June 27, 2026 12:00:02 AM";"June 27, 2026 12:00:03 AM";;Ended OK;KDR : Ajout date derniere extraction dans Libmemsym;SED_libmemsym_DALKIA_KDR_libmemsym_DALKIA.ksh;Job;No;1;No;CTMSRV;KDRXXX_J11TEC_04_Q;controlm;ldkctmp50;SRV_PRIMAIRE;3uzkl
KDR-KADOR;KDRXXX_J18GEN_06_Q;KDRXXX_J18GEN_06_EXP01_Q;"June 26, 2026";"June 27, 2026 12:00:00 AM";"June 27, 2026 12:00:03 AM";;Ended OK;KDR : Export au format XML des Centres Finance modifies dans le Referentiel;BATCH_Generique_DKA.ksh;Job;No;1;No;CTMSRV;KDRXXX_J18GEN_06_Q;dalkia-adm;ldkmdmp21;A_L_MDM21;3v1hn
KDR-KADOR;KDRXXX_J18GEN_06_Q;KDRXXX_J18GEN_06_MOV01_Q;"June 26, 2026";"June 27, 2026 12:00:03 AM";"June 27, 2026 12:00:04 AM";;Ended OK;KDR : Move des fichiers REF02_*_CENTRE-FINANCE-Q_001_*_*.xml vers le NAS;MOV_OUT_Generique_DKA.ksh;Job;No;1;No;CTMSRV;KDRXXX_J18GEN_06_Q;root;ldkmdmp21;A_L_MDM21;3v1ho
KDR-KADOR;KDRXXX_J18GEN_06_Q;KDRXXX_J18GEN_06_Q;"June 26, 2026";"June 27, 2026 12:00:00 AM";"June 27, 2026 12:00:04 AM";;Ended OK;;;SMART Table;No;1;No;CTMSRV;KDRXXX_J18GEN_06_Q;;ldkctmp50;;3v1hm
KDR-KADOR;KDRXXX_J19GEN_06_Q;KDRXXX_J19GEN_06_EXP01_Q;"June 26, 2026";"June 27, 2026 12:00:00 AM";"June 27, 2026 12:00:12 AM";;Ended OK;KDR : Export au format XML les Projets Finance modifies dans le Referentiel depuis une date passee en parametre;BATCH_Generique_DKA.ksh;Job;No;1;No;CTMSRV;KDRXXX_J19GEN_06_Q;dalkia-adm;ldkmdmp21;A_L_MDM21;3v0vq
KDR-KADOR;KDRXXX_J19GEN_06_Q;KDRXXX_J19GEN_06_MOV01_Q;"June 26, 2026";"June 27, 2026 12:00:13 AM";"June 27, 2026 12:00:14 AM";;Ended OK;KDR : Move des fichiers REF02_*_PROJET-FINANCE-Q_001_*_*.xml vers le NAS;MOV_OUT_Generique_DKA.ksh;Job;No;1;No;CTMSRV;KDRXXX_J19GEN_06_Q;root;ldkmdmp21;A_L_MDM21;3v0vr
KDR-KADOR;KDRXXX_J19GEN_06_Q;KDRXXX_J19GEN_06_Q;"June 26, 2026";"June 27, 2026 12:00:00 AM";"June 27, 2026 12:00:14 AM";;Ended OK;;;SMART Table;No;1;No;CTMSRV;KDRXXX_J19GEN_06_Q;;ldkctmp50;;3v0vp
KDR-KADOR;KDRXXX_J20GEN_06_Q;KDRXXX_J20GEN_06_EXP01_Q;"June 26, 2026";"June 27, 2026 12:00:00 AM";"June 27, 2026 12:02:22 AM";;Ended OK;KDR : Export au format XML les Taches Finance modifiees dans le Referentiel depuis une date passee en parametre;BATCH_Generique_DKA.ksh;Job;No;1;No;CTMSRV;KDRXXX_J20GEN_06_Q;dalkia-adm;ldkmdmp21;A_L_MDM21;3v0ev
KDR-KADOR;KDRXXX_J20GEN_06_Q;KDRXXX_J20GEN_06_MOV01_Q;"June 26, 2026";"June 27, 2026 12:02:22 AM";"June 27, 2026 12:02:23 AM";;Ended OK;KDR : Move des fichiers REF02_*_TACHE-FINANCE-Q_001_*_*.xml vers le NAS;MOV_OUT_Generique_DKA.ksh;Job;No;1;No;CTMSRV;KDRXXX_J20GEN_06_Q;root;ldkmdmp21;A_L_MDM21;3v0ew
KDR-KADOR;KDRXXX_J20GEN_06_Q;KDRXXX_J20GEN_06_Q;"June 26, 2026";"June 27, 2026 12:00:00 AM";"June 27, 2026 12:02:24 AM";;Ended OK;;;SMART Table;No;1;No;CTMSRV;KDRXXX_J20GEN_06_Q;;ldkctmp50;;3v0eu
KDR-KADOR;KDRXXX_J22GEN_06_Q;KDRXXX_J22GEN_06_EXP01_Q;"June 26, 2026";"June 27, 2026 12:00:00 AM";"June 27, 2026 12:00:03 AM";;Ended OK;KDR : Export au format XML les Organisations modifiees dans le Referentiel depuis une date passee en parametre;BATCH_Generique_DKA.ksh;Job;No;1;No;CTMSRV;KDRXXX_J22GEN_06_Q;dalkia-adm;ldkmdmp21;A_L_MDM21;3v06z
KDR-KADOR;KDRXXX_J22GEN_06_Q;KDRXXX_J22GEN_06_MOV01_Q;"June 26, 2026";"June 27, 2026 12:00:03 AM";"June 27, 2026 12:00:04 AM";;Ended OK;KDR : Move des fichiers REF02_*_ORGANISATION-Q_001_*_*.xml vers le NAS;MOV_OUT_Generique_DKA.ksh;Job;No;1;No;CTMSRV;KDRXXX_J22GEN_06_Q;root;ldkmdmp21;A_L_MDM21;3v070
KDR-KADOR;KDRXXX_J22GEN_06_Q;KDRXXX_J22GEN_06_Q;"June 26, 2026";"June 27, 2026 12:00:00 AM";"June 27, 2026 12:00:04 AM";;Ended OK;;;SMART Table;No;1;No;CTMSRV;KDRXXX_J22GEN_06_Q;;ldkctmp50;;3v06y
KDR-KADOR;KDRXXX_J23GEN_06_Q;KDRXXX_J23GEN_06_EXP01_Q;"June 26, 2026";"June 27, 2026 12:00:00 AM";"June 27, 2026 12:00:22 AM";;Ended OK;KDR : Export au format XML les Ressources modifiees dans le Referentiel depuis une date passee en parametre;BATCH_Generique_DKA.ksh;Job;No;1;No;CTMSRV;KDRXXX_J23GEN_06_Q;dalkia-adm;ldkmdmp21;A_L_MDM21;3v0ne
KDR-KADOR;KDRXXX_J23GEN_06_Q;KDRXXX_J23GEN_06_MOV01_Q;"June 26, 2026";"June 27, 2026 12:00:22 AM";"June 27, 2026 12:00:23 AM";;Ended OK;KDR :  Move des fichiers REF02_*_RESSOURCE-RESTREINT-Q_001_*_*.xml vers le NAS;MOV_OUT_Generique_DKA.ksh;Job;No;1;No;CTMSRV;KDRXXX_J23GEN_06_Q;root;ldkmdmp21;A_L_MDM21;3v0nd
KDR-KADOR;KDRXXX_J23GEN_06_Q;KDRXXX_J23GEN_06_MOV02_Q;"June 26, 2026";"June 27, 2026 12:00:24 AM";"June 27, 2026 12:00:25 AM";;Ended OK;KDR :  Move des fichiers REF02_*_RESSOURCE-Q_001_*_*.xml vers le NAS;MOV_OUT_Generique_DKA.ksh;Job;No;1;No;CTMSRV;KDRXXX_J23GEN_06_Q;root;ldkmdmp21;A_L_MDM21;3v0nf
KDR-KADOR;KDRXXX_J23GEN_06_Q;KDRXXX_J23GEN_06_Q;"June 26, 2026";"June 27, 2026 12:00:00 AM";"June 27, 2026 12:00:25 AM";;Ended OK;;;SMART Table;No;1;No;CTMSRV;KDRXXX_J23GEN_06_Q;;ldkctmp50;;3v0nc
KDR-KADOR;KDRXXX_J24GEN_06_Q;KDRXXX_J24GEN_06_EXP01_Q;"June 26, 2026";"June 27, 2026 12:00:00 AM";"June 27, 2026 12:00:06 AM";;Ended OK;KDR : Export au format XML les Jeux de Valeurs modifies dans le Referentiel depuis une date passee en parametre;BATCH_Generique_DKA.ksh;Job;No;1;No;CTMSRV;KDRXXX_J24GEN_06_Q;dalkia-adm;ldkmdmp21;A_L_MDM21;3v1di
KDR-KADOR;KDRXXX_J24GEN_06_Q;KDRXXX_J24GEN_06_MOV01_Q;"June 26, 2026";"June 27, 2026 12:00:06 AM";"June 27, 2026 12:00:07 AM";;Ended OK;KDR :  Move des fichiers REF02_*_JDV-Q_001_*_*.xml vers le NAS;MOV_OUT_Generique_DKA.ksh;Job;No;1;No;CTMSRV;KDRXXX_J24GEN_06_Q;root;ldkmdmp21;A_L_MDM21;3v1dj
KDR-KADOR;KDRXXX_J24GEN_06_Q;KDRXXX_J24GEN_06_Q;"June 26, 2026";"June 27, 2026 12:00:00 AM";"June 27, 2026 12:00:08 AM";;Ended OK;;;SMART Table;No;1;No;CTMSRV;KDRXXX_J24GEN_06_Q;;ldkctmp50;;3v1dh
KDR-KADOR;KDRXXX_J25GEN_06_Q;KDRXXX_J25GEN_06_EXP01_Q;"June 26, 2026";"June 27, 2026 12:00:00 AM";"June 27, 2026 12:00:00 AM";;Ended OK;KDR : Export CSV en FULL quotidien des transcodifications a destination du DTR Referentiel et de la plateforme d echanges;BATCH_Generique_DKA.ksh;Dummy;No;1;No;CTMSRV;KDRXXX_J25GEN_06_Q;dalkia-adm;;A_L_MDM21;3v0tu
KDR-KADOR;KDRXXX_J25GEN_06_Q;KDRXXX_J25GEN_06_MOV01_Q;"June 26, 2026";"June 27, 2026 12:00:01 AM";"June 27, 2026 12:00:01 AM";;Ended OK;KDR : Move des fichiers REF02_*_TRANSCO-TF-ORG*.csv vers le NAS;MOV_OUT_Generique_DKA.ksh;Dummy;No;1;No;CTMSRV;KDRXXX_J25GEN_06_Q;root;;A_L_MDM21;3v0tx
KDR-KADOR;KDRXXX_J25GEN_06_Q;KDRXXX_J25GEN_06_MOV02_Q;"June 26, 2026";"June 27, 2026 12:00:02 AM";"June 27, 2026 12:00:02 AM";;Ended OK;KDR : Move des fichiers REF02_*_TRANSCO-*.csv vers le NAS;MOV_OUT_Generique_DKA.ksh;Dummy;No;1;No;CTMSRV;KDRXXX_J25GEN_06_Q;root;;A_L_MDM21;3v0tv
KDR-KADOR;KDRXXX_J25GEN_06_Q;KDRXXX_J25GEN_06_Q;"June 26, 2026";"June 27, 2026 12:00:00 AM";"June 27, 2026 12:00:03 AM";;Ended OK;;;SMART Table;No;1;No;CTMSRV;KDRXXX_J25GEN_06_Q;;ldkctmp50;;3v0tt
KDR-KADOR;KDRXXX_J25GEN_06_Q;KDRXXX_J25GEN_06_WAI01_Q;"June 26, 2026";"June 27, 2026 12:00:02 AM";"June 27, 2026 12:00:02 AM";;Ended OK;KDR : WAIT PFE;MOV_OUT_Generique_DKA.ksh;Dummy;No;1;No;CTMSRV;KDRXXX_J25GEN_06_Q;root;;A_L_MDM21;3v0tw
KDR-KADOR;KDRXXX_J26GEN_06_Q;KDRXXX_J26GEN_06_PUR01_Q;"June 26, 2026";"June 27, 2026 12:02:24 AM";"June 27, 2026 12:02:25 AM";;Ended OK;KDR : Purge des exports de plus de 30 jours;PURGE_EXPORT_TRAITE.ksh;Job;No;1;No;CTMSRV;KDRXXX_J26GEN_06_Q;dalkia-adm;ldkmdmp21;A_L_MDM21;3v09c
KDR-KADOR;KDRXXX_J26GEN_06_Q;KDRXXX_J26GEN_06_PUR02_Q;"June 26, 2026";"June 27, 2026 12:30:00 AM";;;Ended OK;"KDR : le premier du mois; génère une archive zippée; supprime tous les fichiers datant de plus de 1 semaine";manageArchives.sh;Job;No;1;No;CTMSRV;KDRXXX_J26GEN_06_Q;dalkia-adm;ldkmdmp21;A_L_MDM21;3v09d
KDR-KADOR;KDRXXX_J26GEN_06_Q;KDRXXX_J26GEN_06_Q;"June 26, 2026";"June 26, 2026 1:30:11 PM";"June 27, 2026 12:30:01 AM";;Ended OK;;;SMART Table;No;1;No;CTMSRV;KDRXXX_J26GEN_06_Q;;ldkctmp50;;3v09b
KDR-KADOR;SEEREF_J11INT_05_Q;SEEREF_J11INT_05_IMP01_Q;"June 26, 2026";"June 26, 2026 9:31:33 PM";"June 26, 2026 9:31:39 PM";;Ended OK;Importation des partenaires;importPartenaire.sh;Job;No;1;No;CTMSRV;SEEREF_J11INT_05_Q;dalkia-adm;ldkmdmp21;A_L_MDM21;3uzaw
KDR-KADOR;SEEREF_J11INT_05_Q;SEEREF_J11INT_05_MOV01_Q;"June 26, 2026";"June 26, 2026 9:31:31 PM";"June 26, 2026 9:31:32 PM";;Ended OK;Move du ou des fichiers SEE01_*_PARTENAIRE-* de /data/flf/shares/files/REF02/INBOUND/SEE01.C_DELTA_PARTENAIRE vers input DTR /app/echanges/kador/import/kds/partenaire/input/;MOV_IN_DKA.ksh;Job;No;1;No;CTMSRV;SEEREF_J11INT_05_Q;dalkia-adm;ldkmdmp21;A_L_MDM21;3uzav
KDR-KADOR;SEEREF_J12INT_05_Q;SEEREF_J12INT_05_IMP01_Q;"June 26, 2026";"June 26, 2026 9:34:32 PM";"June 26, 2026 9:34:33 PM";;Ended OK;Importation des societes;importSociete.sh;Job;No;1;No;CTMSRV;SEEREF_J12INT_05_Q;dalkia-adm;ldkmdmp21;A_L_MDM21;3v0fv
KDR-KADOR;SEEREF_J12INT_05_Q;SEEREF_J12INT_05_MOV01_Q;"June 26, 2026";"June 26, 2026 9:34:31 PM";"June 26, 2026 9:34:32 PM";;Ended OK;Move du fichier *.zip de /data/flf/shares/files/REF02/INBOUND/SEE01.C_DELTA_SOCIETE vers input DTR /app/echanges/kador/import/kds/societe/input/;MOV_IN_DKA.ksh;Job;No;1;No;CTMSRV;SEEREF_J12INT_05_Q;dalkia-adm;ldkmdmp21;A_L_MDM21;3v0fu
MBB-MOBILITE BANCAIRE;MBBEXT_J11FLX_07_Q;MBBEXT_J11FLX_07_FTP01_Q;"June 26, 2026";;;;Wait for Event;FLUX : EDF01.SG.MOBILITEBANCAIRE PFE vers MBB;MOV_Generique_DKA.bat;Job;No;0;No;CTMSRV;MBBEXT_J11FLX_07_Q;svce_cm;A_W_MBB01;A_W_MBB01;3uzll
MBB-MOBILITE BANCAIRE;MBBEXT_J11FLX_07_Q;MBBEXT_J11FLX_07_Q;"June 26, 2026";;;;Wait for Event;FLUX : EDF01.SG.MOBILITEBANCAIRE PFE vers MBB;;SMART Table;No;0;No;CTMSRV;MBBEXT_J11FLX_07_Q;svce_cm;;;3uzlk
MBB-MOBILITE BANCAIRE;MBBMBB_J01INT_05_Q;MBBMBB_J01INT_05_Q;"June 26, 2026";;;;Wait for Event;INT : Integration applicative Mobilité Bancaire;;SMART Table;No;0;No;CTMSRV;MBBMBB_J01INT_05_Q;svce_cm;;;3v0cr
MBB-MOBILITE BANCAIRE;MBBMBB_J01INT_05_Q;MBBMBB_J01INT_05_WRK01_Q;"June 26, 2026";;;;Wait for Event;WRK : Integration applicative Mobilité Bancaire;Dalkia.MoveBank.BatchListener.exe;Job;No;0;No;CTMSRV;MBBMBB_J01INT_05_Q;svce_cm;A_W_MBB01;A_W_MBB01;3v0cs
MOS-MOS PI;MOSMOS_E21TEC_PI_Q;MOSMOS_E21TEC_PI_PUR01_Q;"June 26, 2026";"June 26, 2026 2:00:00 PM";"June 26, 2026 2:10:20 PM";;Ended OK;Purge des logs;PURGE_FICHIER.exe;Job;No;1;No;CTMSRV;MOSMOS_E21TEC_PI_Q;crtuser;wdkmosinp01;wdkmosinp01;3v00s
MOS-MOS PI;MOSMOS_E21TEC_PI_Q;MOSMOS_E21TEC_PI_Q;"June 26, 2026";"June 26, 2026 1:30:11 PM";"June 26, 2026 2:10:21 PM";;Ended OK;Chaine de purge  des logs sur le serveur WDKMOSINP01;;SMART Table;No;1;No;CTMSRV;MOSMOS_E21TEC_PI_Q;;ldkctmp50;;3v00r
NRJ-ENERGY;NRJBDM_J13GEN_06_Q;NRJBDM_J13GEN_06_CVN01_Q;"June 26, 2026";"June 26, 2026 7:03:05 PM";"June 26, 2026 7:03:05 PM";;Ended OK;NRJ Script de conversion de fichier LFLUB;killcr.sh;Dummy;No;1;No;CTMSRV;NRJBDM_J13GEN_06_Q;root;;A_L_ENE12;3v1in
NRJ-ENERGY;NRJBDM_J13GEN_06_Q;NRJBDM_J13GEN_06_CVN02_Q;"June 26, 2026";"June 26, 2026 7:03:05 PM";"June 26, 2026 7:03:05 PM";;Ended OK;NRJ Script de conversion de fichier LR0YM;killcr.sh;Dummy;No;1;No;CTMSRV;NRJBDM_J13GEN_06_Q;root;;A_L_ENE12;3v1io
NRJ-ENERGY;NRJBDM_J13GEN_06_Q;NRJBDM_J13GEN_06_FTP03_Q;"June 26, 2026";"June 26, 2026 7:03:06 PM";"June 26, 2026 7:03:06 PM";;Ended OK;NRJ copie fichier LFLUB vers PFE;FTP_GENERIQUE.ksh;Dummy;No;1;No;CTMSRV;NRJBDM_J13GEN_06_Q;root;;A_L_PFE11;3v1ip
NRJ-ENERGY;NRJBDM_J13GEN_06_Q;NRJBDM_J13GEN_06_FTP04_Q;"June 26, 2026";"June 26, 2026 7:03:06 PM";"June 26, 2026 7:03:06 PM";;Ended OK;NRJ copie fichier LR0YM vers PFE;FTP_GENERIQUE.ksh;Dummy;No;1;No;CTMSRV;NRJBDM_J13GEN_06_Q;root;;A_L_PFE11;3v1iq
NRJ-ENERGY;NRJBDM_J13GEN_06_Q;NRJBDM_J13GEN_06_FTP05_Q;"June 26, 2026";"June 26, 2026 7:03:05 PM";"June 26, 2026 7:03:07 PM";;Ended OK;NRJ copie fichier L00YM_NF vers PFE;FTP_GENERIQUE.ksh;Job;No;1;No;CTMSRV;NRJBDM_J13GEN_06_Q;root;ldkpfep11;A_L_PFE11;3v1ir
NRJ-ENERGY;NRJBDM_J13GEN_06_Q;NRJBDM_J13GEN_06_FTP06_Q;"June 26, 2026";"June 26, 2026 7:03:05 PM";"June 26, 2026 7:03:07 PM";;Ended OK;NRJ copie fichier L00YL_NF vers PFE;FTP_GENERIQUE.ksh;Job;No;1;No;CTMSRV;NRJBDM_J13GEN_06_Q;root;ldkpfep11;A_L_PFE11;3v1is
NRJ-ENERGY;NRJBDM_J13GEN_06_Q;NRJBDM_J13GEN_06_WRK01_Q;"June 26, 2026";"June 26, 2026 7:02:42 PM";"June 26, 2026 7:03:04 PM";;Ended OK;NRJ Interf sortante retroalim. donnees bd meteo;NRJBDM_J13GEN_06_WRK01_Q.ksh;Job;No;1;No;CTMSRV;NRJBDM_J13GEN_06_Q;dbanrj;ldkenep12;A_L_ENE12;3v1im
NRJ-ENERGY;NRJBDM_J14GEN_06_Q;NRJBDM_J14GEN_06_WRK01_Q;"June 26, 2026";"June 26, 2026 7:00:44 PM";"June 26, 2026 7:02:41 PM";;Ended OK;SPEGYMET2 : BD meteo - traitement de nuit;U112068010.sh;Job;No;1;No;CTMSRV;NRJBDM_J14GEN_06_Q;root;ldkenep12;A_L_ENE12;3v0un
NRJ-ENERGY;NRJCEL_J12INT_05_Q;NRJCEL_J12INT_05_FLG01_Q;"June 26, 2026";"June 26, 2026 9:08:28 PM";"June 26, 2026 9:08:28 PM";;Ended OK;Fin trait : interface entrante Quantite livree;;Dummy;No;1;No;CTMSRV;NRJCEL_J12INT_05_Q;ctmagv7;;A_L_ENE12;3uzag
NRJ-ENERGY;NRJCEL_J12INT_05_Q;NRJCEL_J12INT_05_FTP01_Q;"June 26, 2026";"June 26, 2026 9:03:01 PM";"June 26, 2026 9:03:03 PM";2300;Ended OK;NRJ Transfert du fichier DFR01_QUANTITESLIVREES_*.txt depuis PFE;FTP_MULTI_GENERIQUE.ksh;Job;No;1;No;CTMSRV;NRJCEL_J12INT_05_Q;root;ldkpfep11;A_L_PFE11;3uzah
NRJ-ENERGY;NRJCEL_J12INT_05_Q;NRJCEL_J12INT_05_LIM01_Q;"June 26, 2026";"June 26, 2026 11:05:00 PM";"June 26, 2026 11:05:00 PM";;Ended OK;NRJ : Limite horaire;;Dummy;No;1;No;CTMSRV;NRJCEL_J12INT_05_Q;root;;A_L_ENE12;3uzai
NRJ-ENERGY;NRJCEL_J12INT_05_Q;NRJCEL_J12INT_05_WRK01_Q;"June 26, 2026";"June 26, 2026 9:03:03 PM";"June 26, 2026 9:08:27 PM";2300;Ended OK;Interf entrante quantite livree;NRJCEL_J12INT_05_WRK01_Q.ksh;Job;No;1;No;CTMSRV;NRJCEL_J12INT_05_Q;dbanrj;ldkenep12;A_L_ENE12;3uzaf
NRJ-ENERGY;NRJCID_J12GEN_06_Q;NRJCID_J12GEN_06_WRK01_Q;"June 26, 2026";"June 26, 2026 7:00:41 PM";"June 26, 2026 7:00:44 PM";;Ended OK;SPEGYMET1 : BD meteo - traitement de nuit;U112062010.sh;Job;No;1;No;CTMSRV;NRJCID_J12GEN_06_Q;root;ldkenep12;A_L_ENE12;3v0gk
NRJ-ENERGY;NRJCRT_J11INT_05_Q;NRJCRT_J11INT_05_FTP01_Q;"June 26, 2026";"June 27, 2026 6:30:00 AM";"June 27, 2026 6:30:01 AM";;Wait for Event;NRJ : Envoi FTP des fichiers index*gaz*.csv depuis PFE;FTP_MULTI_GENERIQUE.ksh;Job;No;2;Yes;CTMSRV;NRJCRT_J11INT_05_Q;root;ldkpfep11;A_L_PFE11;3v0mt
NRJ-ENERGY;NRJCRT_J11INT_05_Q;NRJCRT_J11INT_05_IMP01_Q;"June 26, 2026";"June 27, 2026 6:30:01 AM";"June 27, 2026 6:36:24 AM";;Wait for Event;NRJ : Interface sortante indexes des compteurs gaz et hors gaz pour CRT;IICRTEGY01.sh;Job;No;2;Yes;CTMSRV;NRJCRT_J11INT_05_Q;dbanrj;ldkenep12;A_L_ENE12;3v0mu
NRJ-ENERGY;NRJCRT_J11INT_05_Q;NRJCRT_J11INT_05_Q;"June 26, 2026";"June 26, 2026 1:30:11 PM";;;Executing;;;SMART Table;No;1;No;CTMSRV;NRJCRT_J11INT_05_Q;;;;3v0ms
NRJ-ENERGY;NRJDTR_J11GEN_06_Q;NRJDTR_J11GEN_06_EXP01_Q;"June 26, 2026";"June 26, 2026 10:54:33 PM";"June 26, 2026 10:56:12 PM";;Ended OK;Extraction data Energy vers DWHBI EAI;U112441010.sh;Job;No;1;No;CTMSRV;NRJDTR_J11GEN_06_Q;root;ldkenep12;A_L_ENE12;3v12c
NRJ-ENERGY;NRJDTR_J11GEN_06_Q;NRJDTR_J11GEN_06_EXP02_Q;"June 26, 2026";"June 26, 2026 10:56:13 PM";"June 26, 2026 10:57:13 PM";;Ended OK;lancement IEEGYDTR01_ExportBDD;U112441020.sh;Job;No;1;No;CTMSRV;NRJDTR_J11GEN_06_Q;root;ldkenep12;A_L_ENE12;3v12d
NRJ-ENERGY;NRJDTR_J11GEN_06_Q;NRJDTR_J11GEN_06_EXP03_Q;"June 26, 2026";"June 26, 2026 10:57:14 PM";"June 26, 2026 10:57:15 PM";;Ended OK;Transfert ftp;U503IXX900.sh;Job;No;1;No;CTMSRV;NRJDTR_J11GEN_06_Q;dbanrj;ldkenep12;A_L_ENE12;3v12e
NRJ-ENERGY;NRJEXT_J13INT_05_Q;NRJEXT_J13INT_05_IMP01_Q;"June 26, 2026";"June 27, 2026 5:30:00 AM";"June 27, 2026 5:31:00 AM";;Ended OK;Interface : intégrations des données météo issues de Météo France;NRJEXT_J13INT_05_IMP01_Q.ksh;Job;No;1;No;CTMSRV;NRJEXT_J13INT_05_Q;dbanrj;ldkenep12;A_L_ENE12;3uzi0
NRJ-ENERGY;NRJEXT_J13INT_05_Q;NRJEXT_J13INT_05_IMP02_Q;"June 26, 2026";;;;Wait for Event;Interface : intégrations des données météo issues de Météo France;NRJEXT_J13INT_05_IMP02_Q.ksh;Job;No;0;No;CTMSRV;NRJEXT_J13INT_05_Q;dbanrj;A_L_ENE12;A_L_ENE12;3uzi1
NRJ-ENERGY;NRJEXT_J13INT_05_Q;NRJEXT_J13INT_05_IMP03_Q;"June 26, 2026";"June 26, 2026 2:30:00 PM";"June 26, 2026 2:30:55 PM";;Ended OK;Interface : intégrations des données météo issues de Météo France;NRJEXT_J13INT_05_IMP03_Q.ksh;Job;No;1;No;CTMSRV;NRJEXT_J13INT_05_Q;dbanrj;ldkenep12;A_L_ENE12;3uzi2
NRJ-ENERGY;NRJEXT_J13INT_05_Q;NRJEXT_J13INT_05_IMP04_Q;"June 26, 2026";"June 26, 2026 6:30:00 PM";"June 26, 2026 6:31:07 PM";;Ended OK;Interface : intégrations des données météo issues de Météo France;NRJEXT_J13INT_05_IMP04_Q.ksh;Job;No;1;No;CTMSRV;NRJEXT_J13INT_05_Q;dbanrj;ldkenep12;A_L_ENE12;3uzi3
NRJ-ENERGY;NRJEXT_J13INT_05_Q;NRJEXT_J13INT_05_Q;"June 26, 2026";"June 26, 2026 1:30:10 PM";;;Executing;;;SMART Table;No;1;No;CTMSRV;NRJEXT_J13INT_05_Q;;;;3uzhz
NRJ-ENERGY;NRJEXT_J14INT_05_Q;NRJEXT_J14INT_05_IMP01_Q;"June 26, 2026";"June 27, 2026 1:30:00 AM";"June 27, 2026 1:30:37 AM";;Ended OK;Import TPV2_Jxxxxxxxxx_YYYYMMDD_*.csv;IIGDDEGY01.sh;Job;No;1;No;CTMSRV;NRJEXT_J14INT_05_Q;dbanrj;ldkenep12;A_L_ENE12;3v1fy
NRJ-ENERGY;NRJEXT_J14INT_05_Q;NRJEXT_J14INT_05_MOV01_Q;"June 26, 2026";"June 27, 2026 12:45:00 AM";"June 27, 2026 12:45:01 AM";0100;Ended Not OK;NRJ : Envoi FTP TPV2_Jxxxxxxxxx_YYYYMMDD_Customer.csv depuis NAS EDF vers Energy;FTP_MULTI_GENERIQUE.ksh;Job;No;4;Yes;CTMSRV;NRJEXT_J14INT_05_Q;root;ldkpfep11;A_L_PFE11;3v1fz
NRJ-ENERGY;NRJEXT_J14INT_05_Q;NRJEXT_J14INT_05_Q;"June 26, 2026";"June 26, 2026 1:30:11 PM";"June 27, 2026 1:30:38 AM";;Ended Not OK;;;SMART Table;No;1;No;CTMSRV;NRJEXT_J14INT_05_Q;;ldkctmp50;;3v1fx
NRJ-ENERGY;NRJLAK_J11GEN_06_Q;NRJLAK_J11GEN_06_EXP01_Q;"June 26, 2026";"June 26, 2026 6:00:00 PM";"June 26, 2026 6:02:12 PM";;Wait for Event;NRJ : Interface sortante des données ENERGY pour DataLAKE;IEEGYLAK01.sh;Job;No;1;Yes;CTMSRV;NRJLAK_J11GEN_06_Q;dbanrj;ldkenep12;A_L_ENE12;3uzyh
NRJ-ENERGY;NRJLAK_J11GEN_06_Q;NRJLAK_J11GEN_06_FTP01_Q;"June 26, 2026";"June 26, 2026 6:02:13 PM";"June 26, 2026 6:02:15 PM";;Wait for Event;NRJ : Envoi FTP du INDICATEURSENERGY_*.xml vers PFE;FTP_MULTI_GENERIQUE.ksh;Job;No;1;Yes;CTMSRV;NRJLAK_J11GEN_06_Q;root;ldkpfep11;A_L_PFE11;3uzyg
NRJ-ENERGY;NRJLAK_J11GEN_06_Q;NRJLAK_J11GEN_06_FTP02_Q;"June 26, 2026";"June 26, 2026 6:02:13 PM";"June 26, 2026 6:02:15 PM";;Wait for Event;NRJ : Envoi FTP du EVENEMENTSENERGY_*.xml vers PFE;FTP_MULTI_GENERIQUE.ksh;Job;No;1;Yes;CTMSRV;NRJLAK_J11GEN_06_Q;root;ldkpfep11;A_L_PFE11;3uzyi
NRJ-ENERGY;NRJLAK_J11GEN_06_Q;NRJLAK_J11GEN_06_FTP03_Q;"June 26, 2026";"June 26, 2026 6:02:13 PM";"June 26, 2026 6:02:16 PM";;Wait for Event;NRJ : Envoi FTP du INDICATEURSELEMENTENERGY_*.xml vers PFE;FTP_MULTI_GENERIQUE.ksh;Job;No;1;Yes;CTMSRV;NRJLAK_J11GEN_06_Q;root;ldkpfep11;A_L_PFE11;3uzyj
NRJ-ENERGY;NRJLAK_J11GEN_06_Q;NRJLAK_J11GEN_06_Q;"June 26, 2026";"June 26, 2026 1:30:11 PM";;;Executing;NRJ : Interface sortante des données ENERGY pour DataLAKE;;SMART Table;No;1;No;CTMSRV;NRJLAK_J11GEN_06_Q;dbanrj;;;3uzyf
NRJ-ENERGY;NRJLAK_J11GEN_06_Q;NRJLAK_J12GEN_06_Q;"June 26, 2026";"June 26, 2026 1:30:11 PM";"June 26, 2026 10:56:17 PM";;Ended OK;;;SMART Table;No;1;No;CTMSRV;NRJLAK_J12GEN_06_Q;;ldkctmp50;;3v1b1
NRJ-ENERGY;NRJLAK_J12GEN_06_Q;NRJLAK_J12GEN_06_FTP01_Q;"June 26, 2026";"June 26, 2026 10:56:13 PM";"June 26, 2026 10:56:14 PM";;Ended OK;NRJ : Envoi FTP du DATA_BRUT_LIENELEMENT_*.tar.gz vers PFE;FTP_MULTI_GENERIQUE.ksh;Job;No;1;No;CTMSRV;NRJLAK_J12GEN_06_Q;root;ldkpfep11;A_L_PFE11;3v1b2
NRJ-ENERGY;NRJLAK_J12GEN_06_Q;NRJLAK_J12GEN_06_FTP02_Q;"June 26, 2026";"June 26, 2026 10:56:13 PM";"June 26, 2026 10:56:14 PM";;Ended OK;NRJ : Envoi FTP du DATA_BRUT_PROPDATE_*.tar.gz vers PFE;FTP_MULTI_GENERIQUE.ksh;Job;No;1;No;CTMSRV;NRJLAK_J12GEN_06_Q;root;ldkpfep11;A_L_PFE11;3v1b3
NRJ-ENERGY;NRJLAK_J12GEN_06_Q;NRJLAK_J12GEN_06_MOV01_Q;"June 26, 2026";"June 26, 2026 10:56:15 PM";"June 26, 2026 10:56:16 PM";;Ended OK;NRJ : MOVE du fichier DATA_BRUT_LIENELEMENT_*.tar.gz du répertoire temporaire vers le répertoire cible;MOV_DKA.ksh;Job;No;1;No;CTMSRV;NRJLAK_J12GEN_06_Q;root;ldkpfep11;A_L_PFE11;3v1b4
NRJ-ENERGY;NRJLAK_J12GEN_06_Q;NRJLAK_J12GEN_06_MOV02_Q;"June 26, 2026";"June 26, 2026 10:56:15 PM";"June 26, 2026 10:56:16 PM";;Ended OK;NRJ : MOVE du fichier DATA_BRUT_LIENELEMENT_*.tar.gz du répertoire temporaire vers le répertoire cible;MOV_DKA.ksh;Job;No;1;No;CTMSRV;NRJLAK_J12GEN_06_Q;root;ldkpfep11;A_L_PFE11;3v1b5
NRJ-ENERGY;NRJNRJ_B11TEC_04_Q;NRJNRJ_B11TEC_04_FJA96_Q;"June 26, 2026";"June 26, 2026 7:06:16 PM";"June 26, 2026 7:06:16 PM";;Ended OK;Fin trait. Valorisation Budget NRJ;U112_BUDGET;Dummy;No;1;No;CTMSRV;NRJNRJ_B11TEC_04_Q;ctmuser;;;3uzet
NRJ-ENERGY;NRJNRJ_B12TRT_04_Q;NRJNRJ_B12TRT_04_99999_Q;"June 26, 2026";"June 26, 2026 7:06:15 PM";"June 26, 2026 7:06:15 PM";;Ended OK;Traitement des Calcul du budget des quantites;U112510999;Dummy;No;1;No;CTMSRV;NRJNRJ_B12TRT_04_Q;root;;;3v02g
NRJ-ENERGY;NRJNRJ_B12TRT_04_Q;NRJNRJ_B12TRT_04_CAL01_Q;"June 26, 2026";"June 26, 2026 7:00:44 PM";"June 26, 2026 7:01:23 PM";;Ended OK;SPEGYBUD3 : Calcul du budget des quantites FR03;U112510010.cmd;Job;No;1;No;CTMSRV;NRJNRJ_B12TRT_04_Q;svce_cm;wdkenep11;A_W_ENE11;3v02k
NRJ-ENERGY;NRJNRJ_B12TRT_04_Q;NRJNRJ_B12TRT_04_CAL02_Q;"June 26, 2026";"June 26, 2026 7:00:44 PM";"June 26, 2026 7:06:14 PM";;Ended OK;SPEGYBUD3 : Calcul du budget des quantites FR02;U112510020.cmd;Job;No;1;No;CTMSRV;NRJNRJ_B12TRT_04_Q;svce_cm;wdkenep12;A_W_ENE12;3v02h
NRJ-ENERGY;NRJNRJ_B12TRT_04_Q;NRJNRJ_B12TRT_04_CAL03_Q;"June 26, 2026";"June 26, 2026 7:00:44 PM";"June 26, 2026 7:06:14 PM";;Ended OK;SPEGYBUD3 : Calcul du budget des quantites FR12;U112510030.cmd;Job;No;1;No;CTMSRV;NRJNRJ_B12TRT_04_Q;svce_cm;wdkenep13;A_W_ENE13;3v02i
NRJ-ENERGY;NRJNRJ_B12TRT_04_Q;NRJNRJ_B12TRT_04_CAL04_Q;"June 26, 2026";"June 26, 2026 7:00:44 PM";"June 26, 2026 7:06:14 PM";;Ended OK;SPEGYBUD3 : Calcul du budget des quantites FR13;U112510040.cmd;Job;No;1;No;CTMSRV;NRJNRJ_B12TRT_04_Q;svce_cm;wdkenep14;A_W_ENE14;3v02j
NRJ-ENERGY;NRJNRJ_E01TEC_04_Q;NRJNRJ_E01TEC_04_STA01_Q;"June 26, 2026";"June 27, 2026 5:00:00 AM";"June 27, 2026 5:24:02 AM";;Ended OK;Statistiques quotidiennes Oracle sur la base dprnrj;NRJNRJ_E01TEC_04_STA01_Q.sh;Job;No;1;No;CTMSRV;NRJNRJ_E01TEC_04_Q;root;ldkenep12;A_L_ENE12;3v0bq
NRJ-ENERGY;NRJNRJ_E11STP_01_Q;NRJNRJ_E11STP_01_99999_Q;"June 26, 2026";"June 26, 2026 7:00:36 PM";"June 26, 2026 7:00:36 PM";;Ended OK;Fin : Fermeture des TP ENERGY;U112001999;Dummy;No;1;No;CTMSRV;NRJNRJ_E11STP_01_Q;ENERGY;;;3uzzb
NRJ-ENERGY;NRJNRJ_E11STP_01_Q;NRJNRJ_E11STP_01_ARR01_Q;"June 26, 2026";"June 26, 2026 7:00:00 PM";"June 26, 2026 7:00:09 PM";;Ended OK;"Arrêt du service ""SPEGYEVT7"" A_W_ENE14";stop_service.cmd;Job;No;1;No;CTMSRV;NRJNRJ_E11STP_01_Q;ENERGY;wdkenep14;A_W_ENE14;3uzzj
NRJ-ENERGY;NRJNRJ_E11STP_01_Q;NRJNRJ_E11STP_01_ARR03_Q;"June 26, 2026";"June 26, 2026 7:00:12 PM";"June 26, 2026 7:00:15 PM";;Ended OK;"Arrêt du service ""IIEAIEGY01"" A_W_ENE14";stop_service.cmd;Job;No;1;No;CTMSRV;NRJNRJ_E11STP_01_Q;ENERGY;wdkenep14;A_W_ENE14;3uzzk
NRJ-ENERGY;NRJNRJ_E11STP_01_Q;NRJNRJ_E11STP_01_ARR08_Q;"June 26, 2026";"June 26, 2026 7:00:09 PM";"June 26, 2026 7:00:12 PM";;Ended OK;Arrêt des sites ENERGY sur WDKNRJP04;STOP_SITE_ENERGY;Command;No;1;No;CTMSRV;NRJNRJ_E11STP_01_Q;svce_cm;wdkenep14;A_W_ENE14;3uzzr
NRJ-ENERGY;NRJNRJ_E11STP_01_Q;NRJNRJ_E11STP_01_ARR71_Q;"June 26, 2026";"June 26, 2026 7:00:00 PM";"June 26, 2026 7:00:09 PM";;Ended OK;"Arrêt du service ""SPEGYEVT7""  A_W_ENE11";stop_service.cmd;Job;No;1;No;CTMSRV;NRJNRJ_E11STP_01_Q;ENERGY;wdkenep11;A_W_ENE11;3uzzc
NRJ-ENERGY;NRJNRJ_E11STP_01_Q;NRJNRJ_E11STP_01_ARR78_Q;"June 26, 2026";"June 26, 2026 7:00:09 PM";"June 26, 2026 7:00:12 PM";;Ended OK;Arrêt des sites ENERGY sur le seveur WDKNRJx01;STOP_SITE_ENERGY;Command;No;1;No;CTMSRV;NRJNRJ_E11STP_01_Q;svce_cm;wdkenep11;A_W_ENE11;3uzzs
NRJ-ENERGY;NRJNRJ_E11STP_01_Q;NRJNRJ_E11STP_01_ARR81_Q;"June 26, 2026";"June 26, 2026 7:00:00 PM";"June 26, 2026 7:00:09 PM";;Ended OK;"Arrêt du service ""SPEGYEVT7"" A_W_ENE12";stop_service.cmd;Job;No;1;No;CTMSRV;NRJNRJ_E11STP_01_Q;ENERGY;wdkenep12;A_W_ENE12;3uzze
NRJ-ENERGY;NRJNRJ_E11STP_01_Q;NRJNRJ_E11STP_01_ARR83_Q;"June 26, 2026";"June 26, 2026 7:00:19 PM";"June 26, 2026 7:00:26 PM";;Ended OK;"Arrêt du service ""IEEGYELT01"" A_W_ENE12";stop_service.cmd;Job;No;1;No;CTMSRV;NRJNRJ_E11STP_01_Q;ENERGY;wdkenep12;A_W_ENE12;3uzzf
NRJ-ENERGY;NRJNRJ_E11STP_01_Q;NRJNRJ_E11STP_01_ARR87_Q;"June 26, 2026";"June 26, 2026 7:00:13 PM";"June 26, 2026 7:00:19 PM";;Ended OK;"Arrêt du service ""IIEAIEGY01"" A_W_ENE12";stop_service.cmd;Job;No;1;No;CTMSRV;NRJNRJ_E11STP_01_Q;ENERGY;wdkenep12;A_W_ENE12;3uzzn
NRJ-ENERGY;NRJNRJ_E11STP_01_Q;NRJNRJ_E11STP_01_ARR88_Q;"June 26, 2026";"June 26, 2026 7:00:09 PM";"June 26, 2026 7:00:12 PM";;Ended OK;Arrêt des sites ENERGY sur le seveur WDKNRJx02;STOP_SITE_ENERGY;Command;No;1;No;CTMSRV;NRJNRJ_E11STP_01_Q;svce_cm;wdkenep12;A_W_ENE12;3uzzu
NRJ-ENERGY;NRJNRJ_E11STP_01_Q;NRJNRJ_E11STP_01_ARR91_Q;"June 26, 2026";"June 26, 2026 7:00:00 PM";"June 26, 2026 7:00:09 PM";;Ended OK;"Arrêt du service ""SPEGYEVT7"" A_W_ENE13";stop_service.cmd;Job;No;1;No;CTMSRV;NRJNRJ_E11STP_01_Q;ENERGY;wdkenep13;A_W_ENE13;3uzzh
NRJ-ENERGY;NRJNRJ_E11STP_01_Q;NRJNRJ_E11STP_01_ARR93_Q;"June 26, 2026";"June 26, 2026 7:00:09 PM";"June 26, 2026 7:00:12 PM";;Ended OK;Arrêt des sites ENERGY sur le seveur WDKNRJx03;STOP_SITE_ENERGY;Command;No;1;No;CTMSRV;NRJNRJ_E11STP_01_Q;svce_cm;wdkenep13;A_W_ENE13;3uzzt
NRJ-ENERGY;NRJNRJ_E11STP_01_Q;NRJNRJ_E11STP_01_ARR97_Q;"June 26, 2026";"June 26, 2026 7:00:12 PM";"June 26, 2026 7:00:19 PM";;Ended OK;"Arrêt du service ""SPEGYTBT3"" A_W_ENE13";stop_service.cmd;Job;No;1;No;CTMSRV;NRJNRJ_E11STP_01_Q;ENERGY;wdkenep13;A_W_ENE13;3uzzo
NRJ-ENERGY;NRJNRJ_E11STP_01_Q;NRJNRJ_E11STP_01_ARR98_Q;"June 26, 2026";"June 26, 2026 7:00:19 PM";"June 26, 2026 7:00:26 PM";;Ended OK;"Arrêt du service ""SPEGYBUD6"" A_W_ENE13";stop_service.cmd;Job;No;1;No;CTMSRV;NRJNRJ_E11STP_01_Q;ENERGY;wdkenep13;A_W_ENE13;3uzzp
NRJ-ENERGY;NRJNRJ_E11STP_01_Q;NRJNRJ_E11STP_01_ARR99_Q;"June 26, 2026";"June 26, 2026 7:00:26 PM";"June 26, 2026 7:00:33 PM";;Ended OK;"Arrêt du service ""IEEGYAPI01"" A_W_ENE13";stop_service.cmd;Job;No;1;No;CTMSRV;NRJNRJ_E11STP_01_Q;ENERGY;wdkenep13;A_W_ENE13;3uzzv
NRJ-ENERGY;NRJNRJ_E11STP_01_Q;NRJNRJ_E11STP_01_PUR07_Q;"June 26, 2026";"June 26, 2026 7:00:15 PM";"June 26, 2026 7:00:17 PM";;Ended OK;Purge Fichier PNG A_W_ENE14;Purge_PNG.cmd;Job;No;1;No;CTMSRV;NRJNRJ_E11STP_01_Q;ENERGY;wdkenep14;A_W_ENE14;3uzzl
NRJ-ENERGY;NRJNRJ_E11STP_01_Q;NRJNRJ_E11STP_01_PUR77_Q;"June 26, 2026";"June 26, 2026 7:00:12 PM";"June 26, 2026 7:00:15 PM";;Ended OK;Purge Fichier PNG A_W_ENE11;Purge_PNG.cmd;Job;No;1;No;CTMSRV;NRJNRJ_E11STP_01_Q;ENERGY;wdkenep11;A_W_ENE11;3uzzd
NRJ-ENERGY;NRJNRJ_E11STP_01_Q;NRJNRJ_E11STP_01_PUR87_Q;"June 26, 2026";"June 26, 2026 7:00:26 PM";"June 26, 2026 7:00:28 PM";;Ended OK;Purge Fichier PNG A_W_ENE12;Purge_PNG.cmd;Job;No;1;No;CTMSRV;NRJNRJ_E11STP_01_Q;ENERGY;wdkenep12;A_W_ENE12;3uzzg
NRJ-ENERGY;NRJNRJ_E11STP_01_Q;NRJNRJ_E11STP_01_PUR97_Q;"June 26, 2026";"June 26, 2026 7:00:33 PM";"June 26, 2026 7:00:35 PM";;Ended OK;Purge Fichier PNG A_W_ENE13;Purge_PNG.cmd;Job;No;1;No;CTMSRV;NRJNRJ_E11STP_01_Q;ENERGY;wdkenep13;A_W_ENE13;3uzzi
NRJ-ENERGY;NRJNRJ_E11STP_01_Q;NRJNRJ_E11STP_01_Q;"June 26, 2026";"June 26, 2026 1:30:11 PM";"June 26, 2026 7:00:38 PM";;Ended OK;ENERGY: stop applicatif;;SMART Table;No;1;No;CTMSRV;NRJNRJ_E11STP_01_Q;;ldkctmp50;;3uzza
NRJ-ENERGY;NRJNRJ_E11STP_01_Q;NRJNRJ_E11STP_01_SUB01_Q;"June 26, 2026";"June 26, 2026 7:00:37 PM";"June 26, 2026 7:00:37 PM";;Ended OK;Arret des Interactifs ENERGY;Arret des Interactifs ENERGY;Dummy;No;1;No;CTMSRV;NRJNRJ_E11STP_01_Q;root;;;3uzzm
NRJ-ENERGY;NRJNRJ_E11STP_01_Q;NRJNRJ_E11STP_01_WRK01_Q;"June 26, 2026";"June 26, 2026 7:00:00 PM";"June 26, 2026 7:00:01 PM";;Ended OK;NRJ : Affectation des droits sur energy;U512010120;Command;No;1;No;CTMSRV;NRJNRJ_E11STP_01_Q;root;ldkenep12;A_L_ENE12;3uzzq
NRJ-ENERGY;NRJNRJ_J11TEC_04_Q;NRJNRJ_J11TEC_04_FBA99_Q;"June 26, 2026";;;;Wait for Event;controle heure fin trait.  DPRNRJ;FIN_BATCH;Dummy;No;0;No;CTMSRV;NRJNRJ_J11TEC_04_Q;eblondez;;;3uz6p
NRJ-ENERGY;NRJNRJ_J11TEC_04_Q;NRJNRJ_J11TEC_04_FBV99_Q;"June 26, 2026";"June 26, 2026 1:30:10 PM";"June 26, 2026 1:30:10 PM";;Ended OK;controle heure fin trait.  DPRNRJ;FIN_BATCH_VEILLE;Dummy;No;1;No;CTMSRV;NRJNRJ_J11TEC_04_Q;eblondez;;;3uz6q
NRJ-ENERGY;NRJNRJ_J11TEC_04_Q;NRJNRJ_J11TEC_04_FIN99_Q;"June 26, 2026";;;;Wait for Event;Fin trait. NRJ;U112_FIN;Dummy;No;0;No;CTMSRV;NRJNRJ_J11TEC_04_Q;ctmuser;;;3uz6t
NRJ-ENERGY;NRJNRJ_J11TEC_04_Q;NRJNRJ_J11TEC_04_FJA97_Q;"June 26, 2026";"June 26, 2026 7:00:41 PM";"June 26, 2026 7:00:41 PM";;Ended OK;Fin trait. Interfaces entrantes NRJ;U112_INTERFACE_ENT;Dummy;No;1;No;CTMSRV;NRJNRJ_J11TEC_04_Q;ctmuser;;;3uz6u
NRJ-ENERGY;NRJNRJ_J11TEC_04_Q;NRJNRJ_J11TEC_04_FJA98_Q;"June 26, 2026";"June 26, 2026 7:00:41 PM";"June 26, 2026 7:00:41 PM";;Ended OK;Fin trait. Interfaces sortantes NRJ;U112_INTERFACE_SOR;Dummy;No;1;No;CTMSRV;NRJNRJ_J11TEC_04_Q;ctmuser;;;3uz6v
NRJ-ENERGY;NRJNRJ_J11TEC_04_Q;NRJNRJ_J11TEC_04_FJA99_Q;"June 26, 2026";;;;Wait for Event;Fin trait. specifiques NRJ (hors trait harry );U112_TRAIT;Dummy;No;0;No;CTMSRV;NRJNRJ_J11TEC_04_Q;ctmuser;;;3uz6w
NRJ-ENERGY;NRJNRJ_J11TEC_04_Q;NRJNRJ_J11TEC_04_FRE99_Q;"June 26, 2026";"June 26, 2026 8:42:55 PM";"June 26, 2026 8:42:55 PM";;Ended OK;controle heure fin refer.  DPRNRJ;FIN_112430;Dummy;No;1;No;CTMSRV;NRJNRJ_J11TEC_04_Q;eblondez;;;3uz6o
NRJ-ENERGY;NRJNRJ_J11TEC_04_Q;NRJNRJ_J11TEC_04_Q;"June 26, 2026";"June 26, 2026 1:30:10 PM";;;Executing;ENERGY: JALON;;SMART Table;No;1;No;CTMSRV;NRJNRJ_J11TEC_04_Q;;;;3uz6n
NRJ-ENERGY;NRJNRJ_J11TEC_04_Q;NRJNRJ_J11TEC_04_SC001_Q;"June 26, 2026";"June 26, 2026 3:00:00 PM";"June 26, 2026 3:00:00 PM";;Ended OK;TEST PRESENCE COND  SC_U503I_OK;SC_U503I;Dummy;No;1;No;CTMSRV;NRJNRJ_J11TEC_04_Q;root;;;3uz6r
NRJ-ENERGY;NRJNRJ_J11TEC_04_Q;NRJNRJ_J11TEC_04_SC002_Q;"June 26, 2026";"June 26, 2026 3:00:00 PM";"June 26, 2026 3:00:00 PM";;Ended OK;"NRJ; TEST PRESENCE COND  SC_U512NRJ_OK";SC_U512NRJ;Dummy;No;1;No;CTMSRV;NRJNRJ_J11TEC_04_Q;root;;;3uz6s
NRJ-ENERGY;NRJNRJ_J11TRT_04_Q;NRJNRJ_J11TRT_04_00000_Q;"June 26, 2026";;;;Wait for Event;SPEGYPMT1: calcul des previsions a long terme;U112680;Dummy;No;0;No;CTMSRV;NRJNRJ_J11TRT_04_Q;root;;;3v1dc
NRJ-ENERGY;NRJNRJ_J11TRT_04_Q;NRJNRJ_J11TRT_04_99999_Q;"June 26, 2026";;;;Wait for Event;Fin chne SPEGYPMT1: calcul des previsions lg terme;U112680999;Dummy;No;0;No;CTMSRV;NRJNRJ_J11TRT_04_Q;root;;;3v1db
NRJ-ENERGY;NRJNRJ_J11TRT_04_Q;NRJNRJ_J11TRT_04_CAL10_Q;"June 26, 2026";;;;Wait for Event;SPEGYPMT1: calcul des previsions long terme;U112680040.cmd;Job;No;0;No;CTMSRV;NRJNRJ_J11TRT_04_Q;svce_cm;A_W_ENE14;A_W_ENE14;3v1d6
NRJ-ENERGY;NRJNRJ_J11TRT_04_Q;NRJNRJ_J11TRT_04_CAL97_Q;"June 26, 2026";;;;Wait for Event;SPEGYPMT1: calcul des previsions long terme;U112680010.cmd;Job;No;0;No;CTMSRV;NRJNRJ_J11TRT_04_Q;svce_cm;A_W_ENE11;A_W_ENE11;3v1d3
NRJ-ENERGY;NRJNRJ_J11TRT_04_Q;NRJNRJ_J11TRT_04_CAL98_Q;"June 26, 2026";;;;Wait for Event;SPEGYPMT1: calcul des previsions long terme;U112680020.cmd;Job;No;0;No;CTMSRV;NRJNRJ_J11TRT_04_Q;svce_cm;A_W_ENE12;A_W_ENE12;3v1d4
NRJ-ENERGY;NRJNRJ_J11TRT_04_Q;NRJNRJ_J11TRT_04_CAL99_Q;"June 26, 2026";;;;Wait for Event;SPEGYPMT1: calcul des previsions long terme;U112680030.cmd;Job;No;0;No;CTMSRV;NRJNRJ_J11TRT_04_Q;svce_cm;A_W_ENE13;A_W_ENE13;3v1d5
NRJ-ENERGY;NRJNRJ_J11TRT_04_Q;NRJNRJ_J11TRT_04_FLG01_Q;"June 26, 2026";;;;Wait for Event;Fin chne SPEGYPMT1: calcul des previsions lg terme;U112680199;Dummy;No;0;No;CTMSRV;NRJNRJ_J11TRT_04_Q;root;;;3v1d7
NRJ-ENERGY;NRJNRJ_J11TRT_04_Q;NRJNRJ_J11TRT_04_FLG02_Q;"June 26, 2026";;;;Wait for Event;Fin chne SPEGYPMT1: calcul des previsions lg terme;U112680299;Dummy;No;0;No;CTMSRV;NRJNRJ_J11TRT_04_Q;root;;;3v1d8
NRJ-ENERGY;NRJNRJ_J11TRT_04_Q;NRJNRJ_J11TRT_04_FLG03_Q;"June 26, 2026";;;;Wait for Event;Fin chne SPEGYPMT1: calcul des previsions lg terme;U112680399;Dummy;No;0;No;CTMSRV;NRJNRJ_J11TRT_04_Q;root;;;3v1d9
NRJ-ENERGY;NRJNRJ_J11TRT_04_Q;NRJNRJ_J11TRT_04_FLG04_Q;"June 26, 2026";;;;Wait for Event;Fin chne SPEGYPMT1: calcul des previsions lg terme;U112680499;Dummy;No;0;No;CTMSRV;NRJNRJ_J11TRT_04_Q;root;;;3v1da
NRJ-ENERGY;NRJNRJ_J12TEC_04_Q;NRJNRJ_J12TEC_04_CPY03_Q;"June 26, 2026";;;;Wait for Event;Copie fichiers IN-OUT FIN DE BATCH sur DKA_IMNORD;U512012220;Dummy;No;0;No;CTMSRV;NRJNRJ_J12TEC_04_Q;root;A_L_ENE12;A_L_ENE12;3v0wv
NRJ-ENERGY;NRJNRJ_J12TEC_04_Q;NRJNRJ_J12TEC_04_DEL04_Q;"June 26, 2026";;;;Wait for Event;"delete des /index/admin/DPRNRJ/[b;c]dump/*.trc";U512012230.sh;Dummy;No;0;No;CTMSRV;NRJNRJ_J12TEC_04_Q;root;A_L_ENE12;A_L_ENE12;3v0ww
NRJ-ENERGY;NRJNRJ_J12TEC_04_Q;NRJNRJ_J12TEC_04_LOG01_Q;"June 26, 2026";;;;Wait for Event;Mise A DISPO LOGS EN FIN DE BATCH sur DKA_IMNORD;U512012210;Dummy;No;0;No;CTMSRV;NRJNRJ_J12TEC_04_Q;root;A_L_ENE12;A_L_ENE12;3v0wt
NRJ-ENERGY;NRJNRJ_J12TEC_04_Q;NRJNRJ_J12TEC_04_MOV02_Q;"June 26, 2026";;;;Wait for Event;DEPLACEMENT DES FIC7* dans /index/energy/ficharry;U512012215.sh;Dummy;No;0;No;CTMSRV;NRJNRJ_J12TEC_04_Q;root;A_L_ENE12;A_L_ENE12;3v0wu
NRJ-ENERGY;NRJNRJ_J12TEC_04_Q;NRJNRJ_J12TEC_04_PUR01_Q;"June 26, 2026";;;;Wait for Event;Purge des logs apres transfert sur DKA_IMNORD;Purge_Log.sh;Job;No;0;No;CTMSRV;NRJNRJ_J12TEC_04_Q;root;A_L_ENE12;A_L_ENE12;3v0wx
NRJ-ENERGY;NRJNRJ_J13TRT_04_H;NRJNRJ_J13TRT_04_PUR01_H;"June 26, 2026";"June 26, 2026 10:46:23 PM";"June 26, 2026 10:52:11 PM";;Ended OK;SPEGYPUR1 : Purge tables TRACE et LOG ACCESS;U112445010.sh;Job;No;1;No;CTMSRV;NRJNRJ_J13TRT_04_H;root;ldkenep12;A_L_ENE12;3v018
NRJ-ENERGY;NRJNRJ_J13TRT_04_Q;NRJNRJ_J13TRT_04_EXP97_Q;"June 26, 2026";"June 26, 2026 7:00:41 PM";"June 26, 2026 7:14:53 PM";;Ended OK;NRJ : SPEGYEVT4 : Generation releves compteurs fictifs;U112410010.cmd;Job;No;1;No;CTMSRV;NRJNRJ_J13TRT_04_Q;svce_cm;wdkenep11;A_W_ENE11;3v0w9
NRJ-ENERGY;NRJNRJ_J14TRT_04_Q;NRJNRJ_J14TRT_04_WRK01_Q;"June 26, 2026";"June 26, 2026 7:14:54 PM";"June 26, 2026 7:27:03 PM";;Ended OK;NRJ : SPEGYEVT2 : Detection releves complets;U112420010.sh;Job;No;1;No;CTMSRV;NRJNRJ_J14TRT_04_Q;root;ldkenep12;A_L_ENE12;3v0mz
NRJ-ENERGY;NRJNRJ_J15TRT_04_M;NRJNRJ_J15TRT_04_CAL97_M;"June 26, 2026";"June 26, 2026 10:53:35 PM";"June 26, 2026 10:54:32 PM";;Ended OK;NRJ : SPEGYERF1 : recalcul des conso. des stocks J-3;U112144010.cmd;Job;No;1;No;CTMSRV;NRJNRJ_J15TRT_04_M;svce_cm;wdkenep11;A_W_ENE11;3v0jz
NRJ-ENERGY;NRJNRJ_J15TRT_04_Q;NRJNRJ_J15TRT_04_WRK01_Q;"June 26, 2026";"June 26, 2026 8:01:00 PM";"June 26, 2026 8:42:54 PM";;Ended OK;NRJ : SPEGYEVT3 : Detection releves manquants;U112430010.sh;Job;No;1;No;CTMSRV;NRJNRJ_J15TRT_04_Q;root;ldkenep12;A_L_ENE12;3v130
NRJ-ENERGY;NRJNRJ_J16TRT_04_Q;NRJNRJ_J16TRT_04_00000_Q;"June 26, 2026";"June 26, 2026 10:03:36 PM";"June 26, 2026 10:03:36 PM";;Ended OK;SPEGYTBT1 : Debut Chaine : Tableaux de bord;U112440;Dummy;No;1;No;CTMSRV;NRJNRJ_J16TRT_04_Q;root;;;3v08g
NRJ-ENERGY;NRJNRJ_J16TRT_04_Q;NRJNRJ_J16TRT_04_99999_Q;"June 26, 2026";"June 26, 2026 10:40:21 PM";"June 26, 2026 10:40:21 PM";;Ended OK;SPEGYTBT1 : Fin de chaîne : Tableaux de bord;U112440999;Dummy;No;1;No;CTMSRV;NRJNRJ_J16TRT_04_Q;root;;;3v08f
NRJ-ENERGY;NRJNRJ_J16TRT_04_Q;NRJNRJ_J16TRT_04_CAL10_Q;"June 26, 2026";"June 26, 2026 10:03:37 PM";"June 26, 2026 10:40:20 PM";;Ended OK;SPEGYTBT1 : Execution calcul tableaux de bord techniques FR04;U112440040.cmd;Job;No;1;No;CTMSRV;NRJNRJ_J16TRT_04_Q;DCDKETI/svce_cm;wdkenep14;A_W_ENE14;3v08d
NRJ-ENERGY;NRJNRJ_J16TRT_04_Q;NRJNRJ_J16TRT_04_CAL97_Q;"June 26, 2026";"June 26, 2026 10:03:37 PM";"June 26, 2026 10:15:06 PM";;Ended OK;SPEGYTBT1 : Execution calcul tableaux de bord techniques;U112440010.cmd;Job;No;1;No;CTMSRV;NRJNRJ_J16TRT_04_Q;svce_cm;wdkenep11;A_W_ENE11;3v08a
NRJ-ENERGY;NRJNRJ_J16TRT_04_Q;NRJNRJ_J16TRT_04_CAL98_Q;"June 26, 2026";"June 26, 2026 10:03:37 PM";"June 26, 2026 10:34:15 PM";;Ended OK;SPEGYTBT1 : Execution calcul tableaux de bord techniques FR02;U112440020.cmd;Job;No;1;No;CTMSRV;NRJNRJ_J16TRT_04_Q;svce_cm;wdkenep12;A_W_ENE12;3v08b
NRJ-ENERGY;NRJNRJ_J16TRT_04_Q;NRJNRJ_J16TRT_04_CAL99_Q;"June 26, 2026";"June 26, 2026 10:03:37 PM";"June 26, 2026 10:14:18 PM";;Ended OK;SPEGYTBT1 : Execution calcul tableaux de bord techniques FR01;U112440030.cmd;Job;No;1;No;CTMSRV;NRJNRJ_J16TRT_04_Q;svce_cm;wdkenep13;A_W_ENE13;3v08c
NRJ-ENERGY;NRJNRJ_J16TRT_04_Q;NRJNRJ_J16TRT_04_LIM01_Q;"June 26, 2026";"June 27, 2026 2:00:00 AM";"June 27, 2026 2:00:00 AM";;Ended OK;SPEGYTBT1 : limite horaire;U112440990;Dummy;No;1;No;CTMSRV;NRJNRJ_J16TRT_04_Q;root;;;3v08e
NRJ-ENERGY;NRJNRJ_J17TRT_04_Q;NRJNRJ_J17TRT_04_00000_Q;"June 26, 2026";"June 26, 2026 10:46:23 PM";"June 26, 2026 10:46:23 PM";;Ended OK;NRJ : SPEGYINT1 : Calcul de l interessement et suivi contractuel;U112460;Dummy;No;1;No;CTMSRV;NRJNRJ_J17TRT_04_Q;root;;;3uzmn
NRJ-ENERGY;NRJNRJ_J17TRT_04_Q;NRJNRJ_J17TRT_04_99999_Q;"June 26, 2026";"June 26, 2026 10:53:34 PM";"June 26, 2026 10:53:34 PM";;Ended OK;NRJ : SPEGYINT1 : Calcul de l interessement et suivi contractuel;U112460999;Dummy;No;1;No;CTMSRV;NRJNRJ_J17TRT_04_Q;root;;;3uzmm
NRJ-ENERGY;NRJNRJ_J17TRT_04_Q;NRJNRJ_J17TRT_04_CAL10_Q;"June 26, 2026";"June 26, 2026 10:46:24 PM";"June 26, 2026 10:51:54 PM";;Ended OK;NRJ : SPEGYINT1 : Calcul de l interessement et suivi contractuel;U112460040.cmd;Job;No;1;No;CTMSRV;NRJNRJ_J17TRT_04_Q;svce_cm;wdkenep14;A_W_ENE14;3uzml
NRJ-ENERGY;NRJNRJ_J17TRT_04_Q;NRJNRJ_J17TRT_04_CAL97_Q;"June 26, 2026";"June 26, 2026 10:46:24 PM";"June 26, 2026 10:53:33 PM";;Ended OK;NRJ : SPEGYINT1 : Calcul de l interessement et suivi contractuel;U112460010.cmd;Job;No;1;No;CTMSRV;NRJNRJ_J17TRT_04_Q;svce_cm;wdkenep11;A_W_ENE11;3uzmi
NRJ-ENERGY;NRJNRJ_J17TRT_04_Q;NRJNRJ_J17TRT_04_CAL98_Q;"June 26, 2026";"June 26, 2026 10:46:24 PM";"June 26, 2026 10:51:54 PM";;Ended OK;NRJ : SPEGYINT1 : Calcul de l interessement et suivi contractuel;U112460020.cmd;Job;No;1;No;CTMSRV;NRJNRJ_J17TRT_04_Q;svce_cm;wdkenep12;A_W_ENE12;3uzmj
NRJ-ENERGY;NRJNRJ_J17TRT_04_Q;NRJNRJ_J17TRT_04_CAL99_Q;"June 26, 2026";"June 26, 2026 10:46:24 PM";"June 26, 2026 10:51:55 PM";;Ended OK;NRJ : SPEGYINT1 : Calcul de l interessement et suivi contractuel;U112460030.cmd;Job;No;1;No;CTMSRV;NRJNRJ_J17TRT_04_Q;svce_cm;wdkenep13;A_W_ENE13;3uzmk
NRJ-ENERGY;NRJNRJ_J18TRT_04_Q;NRJNRJ_J18TRT_04_CPY01_Q;"June 26, 2026";"June 26, 2026 7:00:41 PM";"June 26, 2026 7:00:44 PM";;Ended OK;NRJ : SPEGYCAL1 : Recopie donnees calendrier chauffage;U112505010.sh;Job;No;1;No;CTMSRV;NRJNRJ_J18TRT_04_Q;root;ldkenep12;A_L_ENE12;3uzp1
NRJ-ENERGY;NRJNRJ_J1ITRT_04_Q;NRJNRJ_J1ITRT_04_00000_Q;"June 26, 2026";"June 26, 2026 10:40:22 PM";"June 26, 2026 10:40:22 PM";;Ended OK;NRJ : Debut Chaine : Tableaux de bord;U112440;Dummy;No;1;No;CTMSRV;NRJNRJ_J1ITRT_04_Q;root;;;3uzqh
NRJ-ENERGY;NRJNRJ_J1ITRT_04_Q;NRJNRJ_J1ITRT_04_99999_Q;"June 26, 2026";"June 26, 2026 10:46:22 PM";"June 26, 2026 10:46:22 PM";;Ended OK;NRJ : Fin de chaîne : Tableaux de bord;U112440999;Dummy;No;1;No;CTMSRV;NRJNRJ_J1ITRT_04_Q;root;;;3uzqg
NRJ-ENERGY;NRJNRJ_J1ITRT_04_Q;NRJNRJ_J1ITRT_04_CAL10_Q;"June 26, 2026";"June 26, 2026 10:40:23 PM";"June 26, 2026 10:45:23 PM";;Ended OK;NRJ : SPEGYTBT1 : 2eme passes calcul tableaux de bord;U112440040.cmd;Job;No;1;No;CTMSRV;NRJNRJ_J1ITRT_04_Q;svce_cm;wdkenep14;A_W_ENE14;3uzqb
NRJ-ENERGY;NRJNRJ_J1ITRT_04_Q;NRJNRJ_J1ITRT_04_CAL97_Q;"June 26, 2026";"June 26, 2026 10:40:23 PM";"June 26, 2026 10:46:20 PM";;Ended OK;NRJ : SPEGYTBT1 : 2eme passes calcul tableaux de bord;U112440010.cmd;Job;No;1;No;CTMSRV;NRJNRJ_J1ITRT_04_Q;svce_cm;wdkenep11;A_W_ENE11;3uzq8
NRJ-ENERGY;NRJNRJ_J1ITRT_04_Q;NRJNRJ_J1ITRT_04_CAL98_Q;"June 26, 2026";"June 26, 2026 10:40:23 PM";"June 26, 2026 10:45:18 PM";;Ended OK;NRJ : SPEGYTBT1 : 2eme passes calcul tableaux de bord;U112440020.cmd;Job;No;1;No;CTMSRV;NRJNRJ_J1ITRT_04_Q;svce_cm;wdkenep12;A_W_ENE12;3uzq9
NRJ-ENERGY;NRJNRJ_J1ITRT_04_Q;NRJNRJ_J1ITRT_04_CAL99_Q;"June 26, 2026";"June 26, 2026 10:40:23 PM";"June 26, 2026 10:45:21 PM";;Ended OK;NRJ : SPEGYTBT1 : 2eme passes calcul tableaux de bord;U112440030.cmd;Job;No;1;No;CTMSRV;NRJNRJ_J1ITRT_04_Q;svce_cm;wdkenep13;A_W_ENE13;3uzqa
NRJ-ENERGY;NRJNRJ_J1ITRT_04_Q;NRJNRJ_J1ITRT_04_FLG01_Q;"June 26, 2026";"June 26, 2026 10:45:22 PM";"June 26, 2026 10:45:22 PM";;Ended OK;Fin de chaîne : Tableaux de bord FR01;U112440399;Dummy;No;1;No;CTMSRV;NRJNRJ_J1ITRT_04_Q;root;;;3uzqe
NRJ-ENERGY;NRJNRJ_J1ITRT_04_Q;NRJNRJ_J1ITRT_04_FLG02_Q;"June 26, 2026";"June 26, 2026 10:45:19 PM";"June 26, 2026 10:45:19 PM";;Ended OK;Fin de chaîne : Tableaux de bord FR02;U112440299;Dummy;No;1;No;CTMSRV;NRJNRJ_J1ITRT_04_Q;root;;;3uzqd
NRJ-ENERGY;NRJNRJ_J1ITRT_04_Q;NRJNRJ_J1ITRT_04_FLG03_Q;"June 26, 2026";"June 26, 2026 10:46:21 PM";"June 26, 2026 10:46:21 PM";;Ended OK;Fin de chaîne : Tableaux de bord FR03;U112440199;Dummy;No;1;No;CTMSRV;NRJNRJ_J1ITRT_04_Q;root;;;3uzqc
NRJ-ENERGY;NRJNRJ_J1ITRT_04_Q;NRJNRJ_J1ITRT_04_FLG04_Q;"June 26, 2026";"June 26, 2026 10:45:24 PM";"June 26, 2026 10:45:24 PM";;Ended OK;Fin de chaîne : Tableaux de bord FR04;U112440499;Dummy;No;1;No;CTMSRV;NRJNRJ_J1ITRT_04_Q;root;;;3uzqf
NRJ-ENERGY;NRJNRJ_J20TRT_04_Q;NRJNRJ_J20TRT_04_WRK01_Q;"June 26, 2026";"June 26, 2026 11:05:35 PM";"June 26, 2026 11:05:49 PM";0500;Ended OK;ENERGY suppression elements jamais actives;NRJNRJ_J20TRT_04_WRK01_Q.ksh;Job;No;1;No;CTMSRV;NRJNRJ_J20TRT_04_Q;dbanrj;ldkenep12;A_L_ENE12;3v16c
NRJ-ENERGY;NRJNRJ_J23TRT_04_Q;NRJNRJ_J23TRT_04_WRK01_Q;"June 26, 2026";"June 26, 2026 8:42:55 PM";"June 26, 2026 8:43:02 PM";;Ended OK;NRJ : SPEGYEVT9;NRJNRJ_J23TRT_04_WRK01_Q.ksh;Job;No;1;No;CTMSRV;NRJNRJ_J23TRT_04_Q;dbanrj;ldkenep12;A_L_ENE12;3v1do
NRJ-ENERGY;NRJNRJ_J24TRT_04_Q;NRJNRJ_J24TRT_04_99999_Q;"June 26, 2026";"June 26, 2026 8:59:27 PM";"June 26, 2026 8:59:27 PM";;Ended OK;NRJ : Fin de Chaine : SPEGYPBR1;Fin de chaine SPEGYPBR1;Dummy;No;1;No;CTMSRV;NRJNRJ_J24TRT_04_Q;root;;;3v0nt
NRJ-ENERGY;NRJNRJ_J24TRT_04_Q;NRJNRJ_J24TRT_04_CAL10_Q;"June 26, 2026";"June 26, 2026 8:43:02 PM";"June 26, 2026 8:59:26 PM";;Ended OK;SPEGYPBR1.exe: calcul des estimations compteur suivant base référence technique (wdknrji04);NRJNRJ_J24TRT_04_CAL10_Q.cmd;Job;No;1;No;CTMSRV;NRJNRJ_J24TRT_04_Q;svce_cm;wdkenep14;A_W_ENE14;3v0nq
NRJ-ENERGY;NRJNRJ_J24TRT_04_Q;NRJNRJ_J24TRT_04_CAL97_Q;"June 26, 2026";"June 26, 2026 8:43:02 PM";"June 26, 2026 8:59:26 PM";;Ended OK;SPEGYPBR1.exe: calcul des estimations compteur suivant base référence technique (wdknrji01);NRJNRJ_J24TRT_04_CAL97_Q.cmd;Job;No;1;No;CTMSRV;NRJNRJ_J24TRT_04_Q;svce_cm;wdkenep11;A_W_ENE11;3v0nr
NRJ-ENERGY;NRJNRJ_J24TRT_04_Q;NRJNRJ_J24TRT_04_CAL98_Q;"June 26, 2026";"June 26, 2026 8:43:02 PM";"June 26, 2026 8:59:21 PM";;Ended OK;SPEGYPBR1.exe: calcul des estimations compteur suivant base référence technique (wdknrji02);NRJNRJ_J24TRT_04_CAL98_Q.cmd;Job;No;1;No;CTMSRV;NRJNRJ_J24TRT_04_Q;svce_cm;wdkenep12;A_W_ENE12;3v0ns
NRJ-ENERGY;NRJNRJ_J24TRT_04_Q;NRJNRJ_J24TRT_04_CAL99_Q;"June 26, 2026";"June 26, 2026 8:43:02 PM";"June 26, 2026 8:59:23 PM";;Ended OK;SPEGYPBR1.exe: calcul des estimations compteur suivant base référence technique (wdknrji03);NRJNRJ_J24TRT_04_CAL99_Q.cmd;Job;No;1;No;CTMSRV;NRJNRJ_J24TRT_04_Q;svce_cm;wdkenep13;A_W_ENE13;3v0np
NRJ-ENERGY;NRJNRJ_J24TRT_04_Q;NRJNRJ_J24TRT_04_Q;"June 26, 2026";"June 26, 2026 8:43:02 PM";"June 26, 2026 8:59:28 PM";;Ended OK;SPEGYPBR1:  calcul des estimations compteur suivant base référence technique;;SMART Table;No;1;No;CTMSRV;NRJNRJ_J24TRT_04_Q;;ldkctmp50;;3v0no
NRJ-ENERGY;NRJNRJ_J25TRT_04_Q;NRJNRJ_J25TRT_04_WRK01_Q;"June 26, 2026";"June 26, 2026 8:59:28 PM";"June 26, 2026 9:58:21 PM";;Ended OK;NRJ : Consolidation des index estimés à partir des estimations;SPEGYPBR2.sh;Job;No;1;No;CTMSRV;NRJNRJ_J25TRT_04_Q;dbanrj;ldkenep12;A_L_ENE12;3v0jb
NRJ-ENERGY;NRJNRJ_J26TRT_04_Q;NRJNRJ_J26TRT_04_99999_Q;"June 26, 2026";"June 26, 2026 10:03:35 PM";"June 26, 2026 10:03:35 PM";;Ended OK;SPEGYEVT10 : Fin de chaîne : Tableaux de bord;U112440999;Dummy;No;1;No;CTMSRV;NRJNRJ_J26TRT_04_Q;root;;;3v1fn
NRJ-ENERGY;NRJNRJ_J26TRT_04_Q;NRJNRJ_J26TRT_04_WRK01_Q;"June 26, 2026";"June 26, 2026 9:58:22 PM";"June 26, 2026 9:58:34 PM";;Ended OK;NRJ : injection automatique des données;SPEGYEVT10.exe;Job;No;1;No;CTMSRV;NRJNRJ_J26TRT_04_Q;dbanrj;wdkenep11;A_W_ENE11;3v1fj
NRJ-ENERGY;NRJNRJ_J26TRT_04_Q;NRJNRJ_J26TRT_04_WRK02_Q;"June 26, 2026";"June 26, 2026 9:58:22 PM";"June 26, 2026 10:03:34 PM";;Ended OK;NRJ : injection automatique des données;SPEGYEVT10.exe;Job;No;1;No;CTMSRV;NRJNRJ_J26TRT_04_Q;dbanrj;wdkenep13;A_W_ENE13;3v1fm
NRJ-ENERGY;NRJNRJ_J26TRT_04_Q;NRJNRJ_J26TRT_04_WRK03_Q;"June 26, 2026";"June 26, 2026 9:58:22 PM";"June 26, 2026 10:03:34 PM";;Ended OK;NRJ : injection automatique des données;SPEGYEVT10.exe;Job;No;1;No;CTMSRV;NRJNRJ_J26TRT_04_Q;dbanrj;wdkenep12;A_W_ENE12;3v1fk
NRJ-ENERGY;NRJNRJ_J26TRT_04_Q;NRJNRJ_J26TRT_04_WRK04_Q;"June 26, 2026";"June 26, 2026 9:58:22 PM";"June 26, 2026 10:03:34 PM";;Ended OK;NRJ : injection automatique des données;SPEGYEVT10.exe;Job;No;1;No;CTMSRV;NRJNRJ_J26TRT_04_Q;dbanrj;wdkenep14;A_W_ENE14;3v1fl
NRJ-ENERGY;NRJNRJ_J27TRT_04_Q;NRJNRJ_J27TRT_04_99999_Q;"June 26, 2026";"June 26, 2026 11:05:34 PM";"June 26, 2026 11:05:34 PM";;Ended OK;SPEGYEVT10 : Fin de chaîne : Tableaux de bord;U112440999;Dummy;No;1;No;CTMSRV;NRJNRJ_J27TRT_04_Q;root;;;3uznl
NRJ-ENERGY;NRJNRJ_J27TRT_04_Q;NRJNRJ_J27TRT_04_WRK01_Q;"June 26, 2026";"June 26, 2026 10:57:15 PM";"June 26, 2026 11:05:31 PM";;Ended OK;NRJ : calcul ratio réel;SPEGYCAL2.exe;Job;No;1;No;CTMSRV;NRJNRJ_J27TRT_04_Q;dbanrj;wdkenep11;A_W_ENE11;3uznh
NRJ-ENERGY;NRJNRJ_J27TRT_04_Q;NRJNRJ_J27TRT_04_WRK02_Q;"June 26, 2026";"June 26, 2026 10:57:15 PM";"June 26, 2026 11:05:33 PM";;Ended OK;NRJ :calcul ratio réel;SPEGYCAL2.exe;Job;No;1;No;CTMSRV;NRJNRJ_J27TRT_04_Q;dbanrj;wdkenep13;A_W_ENE13;3uznk
NRJ-ENERGY;NRJNRJ_J27TRT_04_Q;NRJNRJ_J27TRT_04_WRK03_Q;"June 26, 2026";"June 26, 2026 10:57:15 PM";"June 26, 2026 11:05:33 PM";;Ended OK;NRJ : calcul ratio réel;SPEGYCAL2.exe;Job;No;1;No;CTMSRV;NRJNRJ_J27TRT_04_Q;dbanrj;wdkenep12;A_W_ENE12;3uzni
NRJ-ENERGY;NRJNRJ_J27TRT_04_Q;NRJNRJ_J27TRT_04_WRK04_Q;"June 26, 2026";"June 26, 2026 10:57:15 PM";"June 26, 2026 11:05:33 PM";;Ended OK;NRJ : calcul ratio réel;SPEGYCAL2.exe;Job;No;1;No;CTMSRV;NRJNRJ_J27TRT_04_Q;dbanrj;wdkenep14;A_W_ENE14;3uznj
NRJ-ENERGY;NRJNRJ_J28TRT_04_Q;NRJNRJ_J28TRT_04_WRK01_Q;"June 26, 2026";"June 27, 2026 1:30:38 AM";"June 27, 2026 1:30:40 AM";;Ended OK;NRJ : SPEGYPLA1 :  Orchestration des OT RP1 par Energy dans Orion;SPEGYPLA1.sh;Job;No;1;No;CTMSRV;NRJNRJ_J28TRT_04_Q;dbanrj;ldkenep12;A_L_ENE12;3v0w4
NRJ-ENERGY;NRJNRJ_K12SVG_03_Q;NRJNRJ_K12SVG_03_ARC01_Q;"June 26, 2026";"June 27, 2026 5:30:00 AM";"June 27, 2026 5:30:00 AM";1300;Wait for Event;Sauvegarde Archivelogs de DBONRJP1  (Base 10g) -;backup_rman_10.sh;Dummy;No;9;Yes;CTMSRV;NRJNRJ_K12SVG_03_Q;oracle;;NOTEXIST;3v07g
NRJ-ENERGY;NRJNRJ_K12SVG_03_Q;NRJNRJ_K12SVG_03_AVA01_Q;"June 26, 2026";"June 27, 2026 4:00:02 AM";"June 27, 2026 4:00:02 AM";;Ended OK;Sauvegarde AVAMAR du serveur UDKNRJP01:serveur decomm depuis le 14062019;LaunchSave.sh;Dummy;No;1;No;CTMSRV;NRJNRJ_K12SVG_03_Q;root;;NOTEXIST;3v07f
NRJ-ENERGY;NRJNRJ_K12SVG_03_Q;NRJNRJ_K12SVG_03_FLG01_Q;"June 26, 2026";"June 26, 2026 7:00:39 PM";"June 26, 2026 7:00:39 PM";;Ended OK;"Fin des sauvegardes av Batch; base DPRNRJ";U512003910;Dummy;No;1;No;CTMSRV;NRJNRJ_K12SVG_03_Q;root;;;3v07h
NRJ-ENERGY;NRJNRJ_K12SVG_03_Q;NRJNRJ_K12SVG_03_FLG02_Q;"June 26, 2026";"June 26, 2026 7:00:40 PM";"June 26, 2026 7:00:40 PM";;Ended OK;Fin Save av batch redemarrage  DPRNRJ;U512003919;Dummy;No;1;No;CTMSRV;NRJNRJ_K12SVG_03_Q;root;;;3v07i
NRJ-ENERGY;NRJNRJ_K12SVG_03_Q;NRJNRJ_K12SVG_03_NBU02_Q;"June 26, 2026";"June 26, 2026 7:00:38 PM";"June 26, 2026 7:00:38 PM";;Ended OK;Save NBK jour de DPRNRJ sur UDKIFP01;BackupNetbackupRemote.ksh;Dummy;No;1;No;CTMSRV;NRJNRJ_K12SVG_03_Q;root;;NOTEXIST;3v07j
NRJ-ENERGY;NRJNRJ_K12SVG_03_Q;NRJNRJ_K12SVG_03_NBU10_Q;"June 26, 2026";"June 27, 2026 12:15:01 AM";"June 27, 2026 12:15:01 AM";;Ended OK;Save Netbackup jour de DKAFR-MS100;NetbackupRemoteWinFull.ksh;Dummy;No;1;No;CTMSRV;NRJNRJ_K12SVG_03_Q;root;;NOTEXIST;3v07l
NRJ-ENERGY;NRJNRJ_K12SVG_03_Q;NRJNRJ_K12SVG_03_NBU99_Q;"June 26, 2026";"June 27, 2026 12:15:01 AM";"June 27, 2026 12:15:01 AM";;Ended OK;Save Netbackup jour de DKAFR-MS099;NetbackupRemoteWinFull.ksh;Dummy;No;1;No;CTMSRV;NRJNRJ_K12SVG_03_Q;root;;NOTEXIST;3v07k
NRJ-ENERGY;NRJNRJ_K12SVG_03_Q;NRJNRJ_K12SVG_03_RMA01_Q;"June 26, 2026";"June 27, 2026 4:00:00 AM";"June 27, 2026 4:00:00 AM";;Ended OK;Sauvegarde RMAN sur disque de DBONRJP1 (Base 10g) -;backup_rman_10.sh;Dummy;No;1;No;CTMSRV;NRJNRJ_K12SVG_03_Q;oracle;;NOTEXIST;3v07d
NRJ-ENERGY;NRJNRJ_K12SVG_03_Q;NRJNRJ_K12SVG_03_RMA02_Q;"June 26, 2026";"June 27, 2026 4:00:01 AM";"June 27, 2026 4:00:01 AM";>;Ended OK;Sauvegarde RMAN sur bande de DBONRJP1 (Base 10g) -;backup_rman_10.sh;Dummy;No;1;No;CTMSRV;NRJNRJ_K12SVG_03_Q;oracle;;NOTEXIST;3v07e
NRJ-ENERGY;NRJXXX_J11GEN_06_Q;NRJXXX_J11GEN_06_EXP01_Q;"June 26, 2026";"June 26, 2026 6:00:00 PM";"June 26, 2026 6:00:20 PM";1900;Ended OK;NRJ : Interface sortante des données PATRIMOINE ENERGY pour DACTECH CID CELERIS PIRENE;IEEGYDTE01.sh;Job;No;5;Yes;CTMSRV;NRJXXX_J11GEN_06_Q;dbanrj;ldkenep12;A_L_ENE12;3uzf4
NRJ-ENERGY;NRJXXX_J11GEN_06_Q;NRJXXX_J11GEN_06_FTP01_Q;"June 26, 2026";"June 26, 2026 6:11:00 PM";"June 26, 2026 6:11:01 PM";1900;Ended OK;NRJ : Envoi FTP du PATRIMOINEENERGY*.xml vers PFE;FTP_MULTI_GENERIQUE.ksh;Job;No;5;Yes;CTMSRV;NRJXXX_J11GEN_06_Q;root;ldkpfep11;A_L_PFE11;3uzf3
NRJ-ENERGY;NRJXXX_J11GEN_06_Q;NRJXXX_J11GEN_06_Q;"June 26, 2026";"June 26, 2026 1:30:10 PM";"June 26, 2026 6:11:01 PM";;Ended OK;NRJ : Interface sortante des données PATRIMOINE ENERGY pour DACTECH CID CELERIS PIRENE;;SMART Table;No;1;No;CTMSRV;NRJXXX_J11GEN_06_Q;dbanrj;ldkctmp50;;3uzf2
NRJ-ENERGY;NRJXXX_J15GEN_06_H;NRJXXX_J15GEN_06_EXP02_H;"June 26, 2026";;;;Wait for Event;Export full des stations météo le samedi;NRJXXX_J15GEN_06_EXP02_H.ksh;Job;No;0;No;CTMSRV;NRJXXX_J15GEN_06_H;dbanrj;A_L_ENE12;A_L_ENE12;3v0s2
NRJ-ENERGY;NRJXXX_J15GEN_06_Q;NRJXXX_J15GEN_06_EXP01_Q;"June 26, 2026";"June 27, 2026 5:31:01 AM";"June 27, 2026 5:31:04 AM";;Ended OK;Export full des stations météo une fois par jour ( parm2 = 5);NRJXXX_J15GEN_06_EXP01_Q.ksh;Job;No;1;No;CTMSRV;NRJXXX_J15GEN_06_Q;dbanrj;ldkenep12;A_L_ENE12;3v12k
NRJ-ENERGY;NRJXXX_J15GEN_06_Q;NRJXXX_J15GEN_06_FTP01_Q;"June 26, 2026";"June 27, 2026 5:31:05 AM";"June 27, 2026 5:31:07 AM";;Ended OK;NRJ : Envoi FTP du stationsmeteo vers PFE;FTP_MULTI_GENERIQUE.ksh;Job;No;1;No;CTMSRV;NRJXXX_J15GEN_06_Q;root;ldkpfep11;A_L_PFE11;3v12l
NRJ-ENERGY;NRJXXX_J15GEN_06_Q;NRJXXX_J15GEN_06_Q;"June 26, 2026";"June 26, 2026 1:30:11 PM";"June 27, 2026 5:31:07 AM";;Ended OK;Export full des stations météo une fois par jour;;SMART Table;No;1;No;CTMSRV;NRJXXX_J15GEN_06_Q;;ldkctmp50;;3v12j
NRJ-ENERGY;NRJXXX_J16GEN_06_Q;NRJXXX_J16GEN_06_EXP01_Q;"June 26, 2026";"June 27, 2026 5:31:05 AM";"June 27, 2026 5:32:03 AM";;Ended OK;Quotidien : Export des données météo (PARAM=05);NRJXXX_J16GEN_06_EXP01_Q.ksh;Job;No;1;No;CTMSRV;NRJXXX_J16GEN_06_Q;dbanrj;ldkenep12;A_L_ENE12;3uzov
NRJ-ENERGY;NRJXXX_J16GEN_06_Q;NRJXXX_J16GEN_06_FTP01_Q;"June 26, 2026";"June 27, 2026 5:32:04 AM";"June 27, 2026 5:32:06 AM";;Ended OK;NRJ Transfert de donneesmeteo_* vers PFE;FTP_MULTI_GENERIQUE.ksh;Job;No;1;No;CTMSRV;NRJXXX_J16GEN_06_Q;root;ldkpfep11;A_L_PFE11;3uzow
NRJ-ENERGY;NRJXXX_J16GEN_06_Q;NRJXXX_J16GEN_06_Q;"June 26, 2026";"June 26, 2026 1:30:11 PM";"June 27, 2026 5:32:07 AM";;Ended OK;;;SMART Table;No;1;No;CTMSRV;NRJXXX_J16GEN_06_Q;;ldkctmp50;;3uzou
NRJ-ENERGY;NRJXXX_J17GEN_06_Q;NRJXXX_J17GEN_06_EXP01_Q;"June 26, 2026";"June 26, 2026 2:30:56 PM";"June 26, 2026 2:31:45 PM";;Ended OK;Horaire : Export des données météo (PARAM=14);NRJXXX_J17GEN_06_EXP01_Q.ksh;Job;No;1;No;CTMSRV;NRJXXX_J17GEN_06_Q;dbanrj;ldkenep12;A_L_ENE12;3uz40
NRJ-ENERGY;NRJXXX_J17GEN_06_Q;NRJXXX_J17GEN_06_FTP01_Q;"June 26, 2026";"June 26, 2026 2:31:46 PM";"June 26, 2026 2:32:04 PM";;Ended OK;NRJ Transfert de donneesmeteo_* vers PFE;FTP_MULTI_GENERIQUE.ksh;Job;No;1;No;CTMSRV;NRJXXX_J17GEN_06_Q;root;ldkpfep11;A_L_PFE11;3uz41
NRJ-ENERGY;NRJXXX_J17GEN_06_Q;NRJXXX_J17GEN_06_Q;"June 26, 2026";"June 26, 2026 1:30:10 PM";"June 26, 2026 2:32:05 PM";;Ended OK;;;SMART Table;No;1;No;CTMSRV;NRJXXX_J17GEN_06_Q;;ldkctmp50;;3uz3z
NRJ-ENERGY;NRJXXX_J18GEN_06_Q;NRJXXX_J18GEN_06_EXP01_Q;"June 26, 2026";"June 26, 2026 6:31:08 PM";"June 26, 2026 6:31:58 PM";;Ended OK;Tri horaire : Export des données météo (PARAM=18);NRJXXX_J18GEN_06_EXP01_Q.ksh;Job;No;1;No;CTMSRV;NRJXXX_J18GEN_06_Q;dbanrj;ldkenep12;A_L_ENE12;3uz36
NRJ-ENERGY;NRJXXX_J18GEN_06_Q;NRJXXX_J18GEN_06_FTP01_Q;"June 26, 2026";"June 26, 2026 6:31:59 PM";"June 26, 2026 6:32:01 PM";;Ended OK;NRJ Transfert de donneesmeteo_* vers PFE;FTP_MULTI_GENERIQUE.ksh;Job;No;1;No;CTMSRV;NRJXXX_J18GEN_06_Q;root;ldkpfep11;A_L_PFE11;3uz37
NRJ-ENERGY;NRJXXX_J18GEN_06_Q;NRJXXX_J18GEN_06_Q;"June 26, 2026";"June 26, 2026 1:30:10 PM";"June 26, 2026 6:32:01 PM";;Ended OK;;;SMART Table;No;1;No;CTMSRV;NRJXXX_J18GEN_06_Q;;ldkctmp50;;3uz35
NRJ-ENERGY;NRJXXX_J19GEN_06_H;NRJXXX_J19GEN_06_EXP01_H;"June 26, 2026";;;;Wait for Event;Tri horaire : Export des données météo (PARAM=10);NRJXXX_J19GEN_06_EXP01_H.ksh;Job;No;0;No;CTMSRV;NRJXXX_J19GEN_06_H;dbanrj;A_L_ENE12;A_L_ENE12;3v120
NRJ-ENERGY;NRJXXX_J19GEN_06_H;NRJXXX_J19GEN_06_FTP01_H;"June 26, 2026";;;;Wait for Event;NRJ Transfert de donneesmeteo_* vers PFE;FTP_MULTI_GENERIQUE.ksh;Job;No;0;No;CTMSRV;NRJXXX_J19GEN_06_H;root;A_L_PFE11;A_L_PFE11;3v121
NRJ-ENERGY;NRJXXX_J19GEN_06_Q;NRJXXX_J19GEN_06_EXP01_Q;"June 26, 2026";"June 26, 2026 10:53:35 PM";"June 26, 2026 11:00:12 PM";;Ended OK;NRJ : Interface sortante des données ENERGY pour INDICATEUR ENERGY INDICATEUR ELEMENT ENERGY ET EVENEMENT ENERGY POUR DATALAKE EVENEMENT ENERGY POUR CID CELERIS PIRENE;IEEGYLAK01.sh;Job;No;1;No;CTMSRV;NRJXXX_J19GEN_06_Q;dbanrj;ldkenep12;A_L_ENE12;3uz9k
NRJ-ENERGY;NRJXXX_J19GEN_06_Q;NRJXXX_J19GEN_06_FTP01_Q;"June 26, 2026";"June 26, 2026 11:00:13 PM";"June 26, 2026 11:00:15 PM";;Ended OK;NRJ : Envoi FTP du INDICATEURSENERGY_*.xml vers PFE;FTP_MULTI_GENERIQUE.ksh;Job;No;1;No;CTMSRV;NRJXXX_J19GEN_06_Q;root;ldkpfep11;A_L_PFE11;3uz9j
NRJ-ENERGY;NRJXXX_J19GEN_06_Q;NRJXXX_J19GEN_06_FTP02_Q;"June 26, 2026";"June 26, 2026 11:00:13 PM";"June 26, 2026 11:00:15 PM";;Ended OK;NRJ : Envoi FTP du EVENEMENTSENERGY_*.xml vers PFE;FTP_MULTI_GENERIQUE.ksh;Job;No;1;No;CTMSRV;NRJXXX_J19GEN_06_Q;root;ldkpfep11;A_L_PFE11;3uz9l
NRJ-ENERGY;NRJXXX_J19GEN_06_Q;NRJXXX_J19GEN_06_FTP03_Q;"June 26, 2026";"June 26, 2026 11:00:13 PM";"June 26, 2026 11:00:19 PM";;Ended OK;NRJ : Envoi FTP du INDICATEURSELEMENTENERGY_*.xml vers PFE;FTP_MULTI_GENERIQUE.ksh;Job;No;1;No;CTMSRV;NRJXXX_J19GEN_06_Q;root;ldkpfep11;A_L_PFE11;3uz9m
NRJ-ENERGY;NRJXXX_J19GEN_06_Q;NRJXXX_J19GEN_06_Q;"June 26, 2026";"June 26, 2026 1:30:10 PM";"June 26, 2026 11:00:20 PM";;Ended OK;NRJ : Interface sortante des données ENERGY pour INDICATEUR ENERGY INDICATEUR ELEMENT ENERGY ET EVENEMENT ENERGY POUR DATALAKE EVENEMENT ENERGY POUR CID CELERIS PIRENE;;SMART Table;No;1;No;CTMSRV;NRJXXX_J19GEN_06_Q;dbanrj;ldkctmp50;;3uz9i
NRJ-ENERGY;NRJXXX_J20GEN_06_Q;NRJXXX_J20GEN_06_EXP01_Q;"June 26, 2026";;;;Wait for Event;Tri horaire : Export des données météo (PARAM=09);NRJXXX_J20GEN_06_EXP01_Q.ksh;Job;No;0;No;CTMSRV;NRJXXX_J20GEN_06_Q;dbanrj;A_L_ENE12;A_L_ENE12;3uz4k
NRJ-ENERGY;NRJXXX_J20GEN_06_Q;NRJXXX_J20GEN_06_FTP01_Q;"June 26, 2026";;;;Wait for Event;NRJ Transfert de donneesmeteo_* vers PFE;FTP_MULTI_GENERIQUE.ksh;Job;No;0;No;CTMSRV;NRJXXX_J20GEN_06_Q;root;A_L_PFE11;A_L_PFE11;3uz4l
OCPU;OCPARR_E11STP_01;OCPARR_E11STP_01;"June 26, 2026";;;;Wait for Event;;;SMART Table;No;0;No;CTMSRV;OCPARR_E11STP_01;oracle;;;3v1ar
OCPU;OCPARR_E11STP_01;ORAOCP_E11STP_00_STP01_Q;"June 26, 2026";;;;Wait for Event;arret des  OCPU  GESTION  --mis en dummy tempo --;opc-action.ksh;Job;No;0;No;CTMSRV;OCPARR_E11STP_01;root;A_L_OEM02;A_L_OEM02;3v1as
OCPU;OCPETI_E11ARR_01;OCPETI_E11ARR_01;"June 26, 2026";"June 26, 2026 8:00:00 PM";"June 26, 2026 8:04:01 PM";;Ended OK;;;SMART Table;No;1;No;CTMSRV;OCPETI_E11ARR_01;;ldkctmp50;;3uzpz
OCPU;OCPETI_E11ARR_01;OCPETI_E11ARR_11_FLAG01_Q;"June 26, 2026";"June 26, 2026 8:00:00 PM";"June 26, 2026 8:00:01 PM";;Ended OK;arret des OCPU sur la pre-production;flags-opc.ksh;Job;No;1;No;CTMSRV;OCPETI_E11ARR_01;ocpuflags;ldkoemp02;A_L_OEM02;3uzq2
OCPU;OCPETI_E11ARR_01;OCPETI_E11ARR_12_ARR02_Q;"June 26, 2026";"June 26, 2026 8:00:01 PM";"June 26, 2026 8:03:56 PM";;Ended OK;mail ::diminution des OCPU sur la  eti -mis en dummy tempo --;opc-action.ksh;Job;No;1;No;CTMSRV;OCPETI_E11ARR_01;root;ldkoemp02;A_L_OEM02;3uzq0
OCPU;OCPETI_E11ARR_01;OCPETI_E11ARR_13_TST02_Q;"June 26, 2026";"June 26, 2026 8:03:57 PM";"June 26, 2026 8:04:00 PM";;Ended OK;mail ::test diminution des OCPU sur la  eti -mis en dummy tempo --;opc-action.ksh;Job;No;1;No;CTMSRV;OCPETI_E11ARR_01;root;ldkoemp02;A_L_OEM02;3uzq3
OCPU;OCPETI_E11ARR_01;OCPETI_E11ARR_15_FLAG01_Q;"June 26, 2026";"June 26, 2026 8:04:00 PM";"June 26, 2026 8:04:01 PM";;Ended OK;mail ::diminution des OCPU sur la  eti;flags-opc.ksh;Job;No;1;No;CTMSRV;OCPETI_E11ARR_01;ocpuflags;ldkoemp02;A_L_OEM02;3uzq1
ORA-ORA;CDBCRT_K13SVG_01_Q;CDBCRT_K13SVG_02_ARCH_Q;"June 26, 2026";"June 26, 2026 10:00:00 PM";"June 26, 2026 10:20:49 PM";;Ended OK;Sauvegarde EXACC : Backup Arch -CRT standby;;Command;No;1;No;CTMSRV;CDBCRT_K13SVG_01_Q1;oracle;ldkoemp03;A_L_OEM03;3uzn7
ORA-ORA;CDBDTR_K13SVG_01_Q;CDBDTR_K13SVG_02_INC01_Q;"June 26, 2026";"June 26, 2026 9:00:00 PM";"June 26, 2026 10:07:28 PM";;Ended OK;Sauvegarde EXACC : TEST;;Command;No;1;No;CTMSRV;CDBDTR_K13SVG_01_Q;oracle;ldkoemp02;A_L_OEM02;3v15q
ORA-ORA;CDBFIN_K13SVG_01_Q;CDBFIN_K13SVG_02_ARCH_Q;"June 26, 2026";"June 26, 2026 5:00:00 PM";"June 26, 2026 5:04:50 PM";;Ended OK;Sauvegarde EXACC : Backup Finance archive rman intermediaire;;Command;No;1;No;CTMSRV;CDBFIN_K13SVG_01_Q;oracle;ldkoemp02;A_L_OEM02;3v0c5
ORA-ORA;CDBNRJ_K13SVG_01_Q;CDBNRJ_K13SVG_02_INC01_Q;"June 26, 2026";"June 26, 2026 6:00:00 PM";"June 26, 2026 6:12:12 PM";;Ended OK;Sauvegarde EXACC : backup NRJ inc1 quotidienne en semaine du lundi au samedi;;Command;No;1;No;CTMSRV;CDBNRJ_K13SVG_01_H;oracle;ldkoemp02;A_L_OEM02;3v16q
ORA-ORA;CDBPFE_K13SVG_01_Q;CDBPFE_K13SVG_02_INC01_Q;"June 26, 2026";"June 26, 2026 7:00:00 PM";"June 26, 2026 7:06:40 PM";;Ended OK;Sauvegarde EXACC : Backup Full - inc1 PFE;;Command;No;1;No;CTMSRV;CDBPFE_K13SVG_01_Q;oracle;ldkoemp02;A_L_OEM02;3uzh2
ORA-ORA;CDBSSO_K13SVG_01_Q;CDBSSO_K13SVG_02_INC01_Q;"June 26, 2026";"June 26, 2026 7:30:00 PM";"June 26, 2026 7:31:03 PM";;Ended OK;Sauvegarde EXACC : Backup Full - inc1 SSO;;Command;No;1;No;CTMSRV;CDBSSO_K13SVG_01_Q1;oracle;ldkoemp02;A_L_OEM02;3v0a1
PFE-PFE;PFEPFE_E13PRG_13_Q;PFEPFE_E13PRG_13_PFE01_Q;"June 26, 2026";"June 26, 2026 1:30:10 PM";"June 26, 2026 1:30:11 PM";;Ended OK;PURGE 01;Purg-LogsEMS LDKPFEP01;Command;No;1;No;CTMSRV;PFEPFE_E13PRG_13_Q;root;ldkpfep11;A_L_PFE11;3uziq
PFE-PFE;PFEPFE_E13PRG_13_Q;PFEPFE_E13PRG_13_PFE02_Q;"June 26, 2026";"June 26, 2026 1:30:10 PM";"June 26, 2026 1:30:12 PM";;Ended OK;PURGE 01;Purg-LogsEMS LDKPFEP02;Command;No;1;No;CTMSRV;PFEPFE_E13PRG_13_Q;root;ldkpfep12;A_L_PFE12;3uzir
PFE-PFE;PFEPFE_E13PRG_13_Q;PFEPFE_E13PRG_13_PFE03_Q;"June 26, 2026";"June 26, 2026 1:30:11 PM";"June 26, 2026 1:30:12 PM";;Ended OK;PURGE 01;Purg-LogsEMS LDKPFEP03;Command;No;1;No;CTMSRV;PFEPFE_E13PRG_13_Q;root;ldkpfep13;A_L_PFE13;3uzis
PFE-PFE;PFEPFE_E13PRG_13_Q;PFEPFE_E13PRG_13_PFE04_Q;"June 26, 2026";"June 26, 2026 1:30:11 PM";"June 26, 2026 1:30:12 PM";;Ended OK;PURGE 01;Purg-LogsEMS LDKPFEP04;Command;No;1;No;CTMSRV;PFEPFE_E13PRG_13_Q;root;ldkpfep14;A_L_PFE14;3uzit
PFE-PFE;PFEPFE_E13PRG_13_Q;PFEPFE_E13PRG_13_PFE05_Q;"June 26, 2026";"June 26, 2026 1:30:11 PM";"June 26, 2026 1:30:12 PM";;Ended OK;PURGE 01;Purg-LogsEMS LDKPFEP05;Command;No;1;No;CTMSRV;PFEPFE_E13PRG_13_Q;root;ldkpfep15;A_L_PFE15;3uziu
PFE-PFE;PFEPFE_E13PRG_13_Q;PFEPFE_E13PRG_13_PFE06_Q;"June 26, 2026";"June 26, 2026 1:30:11 PM";"June 26, 2026 1:30:12 PM";;Ended OK;PURGE 01;Purg-LogsEMS LDKPFEP06;Command;No;1;No;CTMSRV;PFEPFE_E13PRG_13_Q;root;ldkpfep16;A_L_PFE16;3uziv
PKI-PKI;CRTPKI_J11TRT_04_Q;CRTPKI_J11_TRT_04_PRT_Q;"June 26, 2026";"June 26, 2026 11:55:00 PM";"June 26, 2026 11:55:07 PM";2359;Wait for Event;script sofrel ::Sofrel.ps1;"powershell -command ""Sofrel.ps1""";Command;No;126;Yes;CTMSRV;CRTPKI_J11TRT_04_Q;WDKCRTSFP01\NETWORK SERVICE;wdkcrtsfp01;A_W_CRTSF01;3uzms
PKI-PKI;PKICRT_J11TRT_04_Q;PKICRT_J11TRT_04_Q;"June 26, 2026";"June 26, 2026 1:30:11 PM";"June 27, 2026 1:02:20 AM";;Ended OK;;;SMART Table;No;1;No;CTMSRV;PKICRT_J11TRT_04_Q;;ldkctmp50;;3v0qt
PKI-PKI;PKICRT_J11TRT_04_Q;PKICRT_J11_TRT_04_PRT_Q;"June 26, 2026";"June 27, 2026 1:00:00 AM";"June 27, 2026 1:02:19 AM";>;Ended OK;generation de la CRL;;Command;No;1;No;CTMSRV;PKICRT_J11TRT_04_Q;crtprd\pki-adm-srv;wdkcrtpkp10;A_W_CRTPK10;3v0qu
PKI-PKI;PKIPKI_EXPLOI_04_Q;PKIPKI_EXPLOI_04_GEN01_Q;"June 26, 2026";"June 27, 2026 2:17:23 AM";"June 27, 2026 2:17:28 AM";;Ended OK;Génération de la CRL;certutil.exe;Command;No;1;No;CTMSRV;PKIPKI_EXPLOI_04_Q;svce_cm;wdkpkip10;A_W_PKI10;3v0or
PKI-PKI;PKIPKI_EXPLOI_04_Q;PKIPKI_EXPLOI_04_MDB01_Q;"June 26, 2026";"June 27, 2026 5:00:00 AM";"June 27, 2026 5:00:04 AM";;Ended OK;Maintenance de la Base de donnée;maintenance_DB.ps1;Command;No;1;No;CTMSRV;PKIPKI_EXPLOI_04_Q;svce_cm;wdkpkip10;A_W_PKI10;3v0ot
PKI-PKI;PKIPKI_EXPLOI_04_Q;PKIPKI_EXPLOI_04_PUR01_Q;"June 26, 2026";"June 27, 2026 4:00:00 AM";"June 27, 2026 4:00:05 AM";;Ended OK;Purge des sauvegardes de logs;Purge_des_fichiers_de_logs.ps1;Command;No;1;No;CTMSRV;PKIPKI_EXPLOI_04_Q;svce_cm;wdkpkip10;A_W_PKI10;3v0oq
PKI-PKI;PKIPKI_EXPLOI_04_Q;PKIPKI_EXPLOI_04_Q;"June 26, 2026";"June 26, 2026 1:30:11 PM";"June 27, 2026 5:00:04 AM";;Ended Not OK;Traitement en interne pour l'application PKI avec reboot;;SMART Table;No;1;No;CTMSRV;PKIPKI_EXPLOI_04_Q;;ldkctmp50;;3v0op
PKI-PKI;PKIPKI_EXPLOI_04_Q;PKIPKI_EXPLOI_04_SVG01_Q;"June 26, 2026";"June 27, 2026 2:00:00 AM";"June 27, 2026 2:00:06 AM";;Ended Not OK;Sauvegarde;Backup.ps1;Command;No;1;No;CTMSRV;PKIPKI_EXPLOI_04_Q;svce_cm;wdkpkip10;A_W_PKI10;3v0os
PKI-PKI;PKIPKI_K11SVG_03_Q;PKIPKI_K11SVG_03_Q;"June 26, 2026";"June 26, 2026 1:30:11 PM";"June 26, 2026 1:32:20 PM";;Ended OK;;;SMART Table;No;1;No;CTMSRV;PKIPKI_K11SVG_03_Q;;ldkctmp50;;3v1ic
PKI-PKI;PKIPKI_K11SVG_03_Q;PKIPKI_K11SVG_03_SAV_Q;"June 26, 2026";"June 26, 2026 1:30:12 PM";"June 26, 2026 1:32:20 PM";0100;Ended OK;Backup de l'enviroment PKI;backup.cmd;Job;No;1;No;CTMSRV;PKIPKI_K11SVG_03_Q;crtprd\pki-adm-srv;wdkcrtpkp10;A_W_CRTPK10;3v1id
SI-GESTION;MAINTENANCE_OEM_GESTION;MAINTENANCE_OEM_GESTION;"June 26, 2026";"June 26, 2026 1:30:11 PM";"June 26, 2026 1:30:13 PM";;Ended OK;MAINTENANCE_OEM_GESTION;;SMART Table;No;1;No;CTMSRV;MAINTENANCE_OEM_GESTION;;;;3uzya
SRN-SIRENE;SRNSRN_J11FLX_07_Q;SRNSRN_J11FLX_07_MOV01_Q;"June 26, 2026";"June 26, 2026 1:35:15 PM";"June 26, 2026 1:35:17 PM";;Ended Not OK;SRN : Move du fichier SIRENE_Etablissement_*.csv vers la PFE;;Command;No;1;No;CTMSRV;SRNSRN_J11FLX_07_Q;root;ldksrnp01;A_L_SRN01;3v190
SRN-SIRENE;SRNSRN_J11FLX_07_Q;SRNSRN_J11FLX_07_MOV02_Q;"June 26, 2026";;;;Wait for Event;SRN : Move du fichier SIRENE_Entreprise_*.csv vers la PFE;;Command;No;0;No;CTMSRV;SRNSRN_J11FLX_07_Q;root;A_L_SRN01;A_L_SRN01;3v191
SRN-SIRENE;SRNSRN_J11FLX_07_Q;SRNSRN_J11FLX_07_Q;"June 26, 2026";"June 26, 2026 1:35:15 PM";;;Executing;;;SMART Table;No;1;No;CTMSRV;SRNSRN_J11FLX_07_Q;;ldkctmp50;;3v18z
SRN-SIRENE;SRNSRN_J11TRT_04_Q;SRNSRN_J11TRT_04_Q;"June 26, 2026";"June 26, 2026 1:30:11 PM";"June 26, 2026 1:35:15 PM";;Ended OK;;;SMART Table;No;1;No;CTMSRV;SRNSRN_J11TRT_04_Q;;ldkctmp50;;3v0e7
SRN-SIRENE;SRNSRN_J11TRT_04_Q;SRNSRN_J11TRT_04_WRK01_Q;"June 26, 2026";"June 26, 2026 1:30:11 PM";"June 26, 2026 1:34:55 PM";;Ended OK;SRN : Batch de mise a jour depuis la base INSEE;insee.sh;Job;No;1;No;CTMSRV;SRNSRN_J11TRT_04_Q;dalkia-adm;ldksrnp01;A_L_SRN01;3v0e8
SRN-SIRENE;SRNSRN_J11TRT_04_Q;SRNSRN_J11TRT_04_WRK02_Q;"June 26, 2026";"June 26, 2026 1:34:55 PM";"June 26, 2026 1:35:14 PM";;Ended OK;SRN : Batch de diffusion des mises a jour partenaires;diffusion-quotidienne.sh;Job;No;1;No;CTMSRV;SRNSRN_J11TRT_04_Q;dalkia-adm;ldksrnp01;A_L_SRN01;3v0e9
