Application;Group Name;Job Name;Odate;Start Time;End Time;Run Time;Status;Description;Member Name;Task Type;Deleted;Rerun Counter;Cyclic;CONTROL-M Name;Table;Run as User;Hostname;Nodegroup;Order id;
CEL-CELERIS;CELCEL_J11TRT_04_H;CELCEL_J11TRT_04_H;"June 27, 2026";"June 27, 2026 1:30:13 PM";"June 27, 2026 3:26:32 PM";;Ended OK;CELERIS : Traitement Maintenance Bdd;;SMART Table;No;1;No;CTMSRV;CELCEL_J11TRT_04_H;;ldkctmp50;;3v3j4
CEL-CELERIS;CELCEL_J11TRT_04_H;CELCEL_J11TRT_04_WRK01_H;"June 27, 2026";"June 27, 2026 2:00:00 PM";"June 27, 2026 3:26:32 PM";;Ended OK;CELERIS : Traitement Maintenance Bdd;lance_Traitement_Interne.bat;Job;No;1;No;CTMSRV;CELCEL_J11TRT_04_H;svce_cm;wdkcelp12;A_W_CEL12;3v3j5
CID-CONTRACTUAL INVO;CIDCID_F20TRT_04_H;CIDCID_F20TRT_04_H;"June 27, 2026";"June 27, 2026 1:30:13 PM";"June 27, 2026 4:02:01 PM";;Ended OK;Allegement PDF Facturation;;SMART Table;No;1;No;CTMSRV;CIDCID_F20TRT_04_H;;ldkctmp50;;3v37a
CID-CONTRACTUAL INVO;CIDCID_F20TRT_04_H;CIDCID_F20TRT_04_WRK01_H;"June 27, 2026";"June 27, 2026 2:00:00 PM";"June 27, 2026 4:02:00 PM";;Ended OK;Allegement PDF Facturation;lance_Traitement_Interne.bat;Job;No;1;No;CTMSRV;CIDCID_F20TRT_04_H;svce_cm;wdkcidp12;A_W_CID12;3v37b
CID-CONTRACTUAL INVO;CIDCID_K12SVG_03_H;CIDCID_K12SVG_03_NBU01_H;"June 27, 2026";"June 28, 2026 5:00:00 AM";"June 28, 2026 5:00:00 AM";;Ended OK;Sauvegarde Full NBU du serveur WDKCIDP01;NetbackupRemoteCtm_Full.ksh;Dummy;No;1;No;CTMSRV;CIDCID_K12SVG_03_H;root;;NOTEXIST;3v2y6
CID-CONTRACTUAL INVO;CIDCID_K12SVG_03_H;CIDCID_K12SVG_03_NBU02_H;"June 27, 2026";"June 28, 2026 5:00:00 AM";"June 28, 2026 5:00:00 AM";;Ended OK;Sauvegarde Full NBU du serveur WDKCIDP02;NetbackupRemoteCtm_Full.ksh;Dummy;No;1;No;CTMSRV;CIDCID_K12SVG_03_H;root;;NOTEXIST;3v2y7
CID-CONTRACTUAL INVO;CIDCID_K12SVG_03_H;CIDCID_K12SVG_03_NBU03_H;"June 27, 2026";;;;Wait for Event;Sauvegarde Full NBU du serveur WDKCIDP03;NetbackupRemoteCtm_Full.ksh;Dummy;No;0;No;CTMSRV;CIDCID_K12SVG_03_H;root;NOTEXIST;NOTEXIST;3v2y8
CID-CONTRACTUAL INVO;CIDECO_F11INT_05_Q;CIDECO_F11INT_05_LIM01_Q;"June 27, 2026";"June 28, 2026 12:00:00 AM";"June 28, 2026 12:00:00 AM";;Ended OK;limite horaire 00H00 CID si pb A00ON  ECO;W512_LIMITCID0200;Dummy;No;1;No;CTMSRV;CIDECO_F11INT_05_Q;root;;;3v1j3
CID-CONTRACTUAL INVO;CIDEXT_F11GEN_06_Q;CIDEXT_F11GEN_06_Q;"June 27, 2026";"June 27, 2026 1:30:13 PM";"June 27, 2026 1:30:14 PM";;Ended OK;;;SMART Table;No;1;No;CTMSRV;CIDEXT_F11GEN_06_Q;;;;3v1j8
CID-CONTRACTUAL INVO;CIDOAP_F11GEN_06_Q;CIDOAP_F11GEN_06_Q;"June 27, 2026";"June 27, 2026 1:30:12 PM";"June 27, 2026 1:30:14 PM";;Ended OK;;;SMART Table;No;1;No;CTMSRV;CIDOAP_F11GEN_06_Q;;;;3v2dz
CID-CONTRACTUAL INVO;CIDPEL_F11GEN_06_Q;CIDPEL_F11GEN_06_Q;"June 27, 2026";"June 27, 2026 1:30:13 PM";"June 27, 2026 1:30:14 PM";;Ended OK;;;SMART Table;No;1;No;CTMSRV;CIDPEL_F11GEN_06_Q;;;;3v389
CID-CONTRACTUAL INVO;CIDSIC_F11GEN_06_Q;CIDSIC_F11GEN_06_Q;"June 27, 2026";"June 27, 2026 1:30:12 PM";"June 27, 2026 1:30:14 PM";;Ended OK;;;SMART Table;No;1;No;CTMSRV;CIDSIC_F11GEN_06_Q;;;;3v2oe
CRT-CRT;CRTCRT_E21TEC_V1_Q;CRTCRT_E21TEC_V1_PUR01_Q;"June 27, 2026";"June 27, 2026 3:00:00 PM";"June 27, 2026 3:00:09 PM";;Ended OK;Purge des logs;PURGE_FICHIER.exe;Job;No;1;No;CTMSRV;CRTCRT_E21TEC_V1_Q;crtuser;wdkcrtv1p03;wdkcrtv1p03;3v2s7
CRT-CRT;CRTCRT_E21TEC_V1_Q;CRTCRT_E21TEC_V1_Q;"June 27, 2026";"June 27, 2026 1:30:12 PM";"June 27, 2026 3:00:09 PM";;Ended OK;Chaine de purge  des logs sur le serveur WDKMOSVP03;;SMART Table;No;1;No;CTMSRV;CRTCRT_E21TEC_V1_Q;;ldkctmp50;;3v2s6
CRT-CRT;CRTCRT_E21TEC_XX_Q;CRTCRT_E21TEC_XX_ARC01_Q;"June 27, 2026";"June 28, 2026 7:30:00 AM";"June 28, 2026 7:30:01 AM";;Wait for Event;Archivage des logs;Archivage_Logs_BridgeClient.bat;Job;No;19;Yes;CTMSRV;CRTCRT_E21TEC_XX_Q;crtuser;wdkcrtbcp04;wdkcrtbcp04;3v1s1
CRT-CRT;CRTCRT_E21TEC_XX_Q;CRTCRT_E21TEC_XX_ARC01_Q;"June 27, 2026";"June 28, 2026 7:30:00 AM";"June 28, 2026 7:30:01 AM";;Wait for Event;Archivage des logs;Archivage_Logs_BridgeClient.bat;Job;No;19;Yes;CTMSRV;CRTCRT_E21TEC_XX_Q;crtuser;wdkcrttdp01;wdkcrttdp01;3v1s5
CRT-CRT;CRTCRT_E21TEC_XX_Q;CRTCRT_E21TEC_XX_ARC01_Q;"June 27, 2026";"June 28, 2026 7:30:00 AM";"June 28, 2026 7:30:01 AM";;Wait for Event;Archivage des logs;Archivage_Logs_BridgeClient.bat;Job;No;19;Yes;CTMSRV;CRTCRT_E21TEC_XX_Q;crtuser;wdkcrttdp02;wdkcrttdp02;3v1s6
CRT-CRT;CRTCRT_E21TEC_XX_Q;CRTCRT_E21TEC_XX_ARC01_Q;"June 27, 2026";"June 28, 2026 7:30:00 AM";"June 28, 2026 7:30:01 AM";;Wait for Event;Archivage des logs;Archivage_Logs_BridgeClient.bat;Job;No;19;Yes;CTMSRV;CRTCRT_E21TEC_XX_Q;crtuser;wdkcrttmp01;wdkcrttmp01;3v1sc
CRT-CRT;CRTCRT_E21TEC_XX_Q;CRTCRT_E21TEC_XX_ARC01_Q;"June 27, 2026";"June 28, 2026 7:30:00 AM";"June 28, 2026 7:30:01 AM";;Wait for Event;Archivage des logs;Archivage_Logs_BridgeClient.bat;Job;No;19;Yes;CTMSRV;CRTCRT_E21TEC_XX_Q;crtuser;wdkcrttmp02;wdkcrttmp02;3v1sd
CRT-CRT;CRTCRT_E21TEC_XX_Q;CRTCRT_E21TEC_XX_ARC01_Q;"June 27, 2026";"June 28, 2026 7:30:00 AM";"June 28, 2026 7:30:01 AM";;Wait for Event;Archivage des logs;Archivage_Logs_BridgeClient.bat;Job;No;19;Yes;CTMSRV;CRTCRT_E21TEC_XX_Q;crtuser;wdkcrttmp03;wdkcrttmp03;3v1se
CRT-CRT;CRTCRT_E21TEC_XX_Q;CRTCRT_E21TEC_XX_ARC01_Q;"June 27, 2026";"June 28, 2026 7:30:00 AM";"June 28, 2026 7:30:01 AM";;Wait for Event;Archivage des logs;Archivage_Logs_BridgeClient.bat;Job;No;19;Yes;CTMSRV;CRTCRT_E21TEC_XX_Q;crtuser;wdkcrttmp04;wdkcrttmp04;3v1sf
CRT-CRT;CRTCRT_E21TEC_XX_Q;CRTCRT_E21TEC_XX_ARC01_Q;"June 27, 2026";"June 28, 2026 7:30:00 AM";"June 28, 2026 7:30:01 AM";;Wait for Event;Archivage des logs;Archivage_Logs_BridgeClient.bat;Job;No;19;Yes;CTMSRV;CRTCRT_E21TEC_XX_Q;crtuser;wdkcrttmp05;wdkcrttmp05;3v1sg
CRT-CRT;CRTCRT_E21TEC_XX_Q;CRTCRT_E21TEC_XX_ARC01_Q;"June 27, 2026";"June 28, 2026 7:30:00 AM";"June 28, 2026 7:30:02 AM";;Wait for Event;Archivage des logs;Archivage_Logs_BridgeClient.bat;Job;No;19;Yes;CTMSRV;CRTCRT_E21TEC_XX_Q;crtuser;wdkcrtbcp03;wdkcrtbcp03;3v1s0
CRT-CRT;CRTCRT_E21TEC_XX_Q;CRTCRT_E21TEC_XX_ARC01_Q;"June 27, 2026";"June 28, 2026 7:30:00 AM";"June 28, 2026 7:30:02 AM";;Wait for Event;Archivage des logs;Archivage_Logs_BridgeClient.bat;Job;No;19;Yes;CTMSRV;CRTCRT_E21TEC_XX_Q;crtuser;wdkcrttdp03;wdkcrttdp03;3v1s7
CRT-CRT;CRTCRT_E21TEC_XX_Q;CRTCRT_E21TEC_XX_ARC01_Q;"June 27, 2026";"June 28, 2026 7:30:00 AM";"June 28, 2026 7:30:02 AM";;Wait for Event;Archivage des logs;Archivage_Logs_BridgeClient.bat;Job;No;19;Yes;CTMSRV;CRTCRT_E21TEC_XX_Q;crtuser;wdkcrttdp05;wdkcrttdp05;3v1s9
CRT-CRT;CRTCRT_E21TEC_XX_Q;CRTCRT_E21TEC_XX_ARC01_Q;"June 27, 2026";"June 28, 2026 7:30:00 AM";"June 28, 2026 7:30:03 AM";;Wait for Event;Archivage des logs;Archivage_Logs_BridgeClient.bat;Job;No;19;Yes;CTMSRV;CRTCRT_E21TEC_XX_Q;crtuser;wdkcrttdp06;wdkcrttdp06;3v1sa
CRT-CRT;CRTCRT_E21TEC_XX_Q;CRTCRT_E21TEC_XX_ARC01_Q;"June 27, 2026";"June 28, 2026 7:30:00 AM";"June 28, 2026 7:30:04 AM";;Wait for Event;Archivage des logs;Archivage_Logs_BridgeClient.bat;Job;No;19;Yes;CTMSRV;CRTCRT_E21TEC_XX_Q;crtuser;wdkcrttdp04;wdkcrttdp04;3v1s8
CRT-CRT;CRTCRT_E21TEC_XX_Q;CRTCRT_E21TEC_XX_ARC01_Q;"June 27, 2026";"June 28, 2026 7:30:00 AM";"June 28, 2026 7:30:06 AM";;Wait for Event;Archivage des logs;Archivage_Logs_BridgeClient.bat;Job;No;19;Yes;CTMSRV;CRTCRT_E21TEC_XX_Q;crtuser;wdkcrttcp02;wdkcrttcp02;3v1s3
CRT-CRT;CRTCRT_E21TEC_XX_Q;CRTCRT_E21TEC_XX_ARC01_Q;"June 27, 2026";"June 28, 2026 7:30:00 AM";"June 28, 2026 7:30:06 AM";;Wait for Event;Archivage des logs;Archivage_Logs_BridgeClient.bat;Job;No;19;Yes;CTMSRV;CRTCRT_E21TEC_XX_Q;crtuser;wdkcrttgp01;wdkcrttgp01;3v1sb
CRT-CRT;CRTCRT_E21TEC_XX_Q;CRTCRT_E21TEC_XX_ARC01_Q;"June 27, 2026";"June 28, 2026 7:30:00 AM";"June 28, 2026 7:30:07 AM";;Wait for Event;Archivage des logs;Archivage_Logs_BridgeClient.bat;Job;No;19;Yes;CTMSRV;CRTCRT_E21TEC_XX_Q;crtuser;wdkcrttcp01;wdkcrttcp01;3v1s2
CRT-CRT;CRTCRT_E21TEC_XX_Q;CRTCRT_E21TEC_XX_ARC01_Q;"June 27, 2026";"June 28, 2026 7:30:00 AM";"June 28, 2026 7:30:07 AM";;Wait for Event;Archivage des logs;Archivage_Logs_BridgeClient.bat;Job;No;19;Yes;CTMSRV;CRTCRT_E21TEC_XX_Q;crtuser;wdkcrttcp03;wdkcrttcp03;3v1s4
CRT-CRT;CRTCRT_E21TEC_XX_Q;CRTCRT_E21TEC_XX_ARC01_Q;"June 27, 2026";"June 28, 2026 7:30:00 AM";"June 28, 2026 7:30:08 AM";;Wait for Event;Archivage des logs;Archivage_Logs_BridgeClient.bat;Job;No;19;Yes;CTMSRV;CRTCRT_E21TEC_XX_Q;crtuser;wdkcrtbcp02;wdkcrtbcp02;3v1rz
CRT-CRT;CRTCRT_E21TEC_XX_Q;CRTCRT_E21TEC_XX_ARC01_Q;"June 27, 2026";"June 28, 2026 7:30:00 AM";"June 28, 2026 7:30:11 AM";;Wait for Event;Archivage des logs;Archivage_Logs_BridgeClient.bat;Job;No;19;Yes;CTMSRV;CRTCRT_E21TEC_XX_Q;crtuser;wdkcrtbcp01;wdkcrtbcp01;3v1ry
CRT-CRT;CRTCRT_E21TEC_XX_Q;CRTCRT_E21TEC_XX_PUR01_Q;"June 27, 2026";"June 28, 2026 7:00:00 AM";"June 28, 2026 7:00:03 AM";;Ended OK;Purge des logs;PURGE_FICHIER.exe;Job;No;1;No;CTMSRV;CRTCRT_E21TEC_XX_Q;crtuser;wdkcrttdp03;wdkcrttdp03;3v1rj
CRT-CRT;CRTCRT_E21TEC_XX_Q;CRTCRT_E21TEC_XX_PUR01_Q;"June 27, 2026";"June 28, 2026 7:00:00 AM";"June 28, 2026 7:00:04 AM";;Ended OK;Purge des logs;PURGE_FICHIER.exe;Job;No;1;No;CTMSRV;CRTCRT_E21TEC_XX_Q;crtuser;wdkcrtg2p01;wdkcrtg2p01;3v1rb
CRT-CRT;CRTCRT_E21TEC_XX_Q;CRTCRT_E21TEC_XX_PUR01_Q;"June 27, 2026";"June 28, 2026 7:00:00 AM";"June 28, 2026 7:00:04 AM";;Ended OK;Purge des logs;PURGE_FICHIER.exe;Job;No;1;No;CTMSRV;CRTCRT_E21TEC_XX_Q;crtuser;wdkcrtg2p02;wdkcrtg2p02;3v1rc
CRT-CRT;CRTCRT_E21TEC_XX_Q;CRTCRT_E21TEC_XX_PUR01_Q;"June 27, 2026";"June 28, 2026 7:00:00 AM";"June 28, 2026 7:00:04 AM";;Ended OK;Purge des logs;PURGE_FICHIER.exe;Job;No;1;No;CTMSRV;CRTCRT_E21TEC_XX_Q;crtuser;wdkcrttdp02;wdkcrttdp02;3v1ri
CRT-CRT;CRTCRT_E21TEC_XX_Q;CRTCRT_E21TEC_XX_PUR01_Q;"June 27, 2026";"June 28, 2026 7:00:00 AM";"June 28, 2026 7:00:06 AM";;Ended OK;Purge des logs;PURGE_FICHIER.exe;Job;No;1;No;CTMSRV;CRTCRT_E21TEC_XX_Q;crtuser;wdkcrtbcp03;wdkcrtbcp03;3v1r4
CRT-CRT;CRTCRT_E21TEC_XX_Q;CRTCRT_E21TEC_XX_PUR01_Q;"June 27, 2026";"June 28, 2026 7:00:00 AM";"June 28, 2026 7:00:06 AM";;Ended OK;Purge des logs;PURGE_FICHIER.exe;Job;No;1;No;CTMSRV;CRTCRT_E21TEC_XX_Q;crtuser;wdkcrtbcp04;wdkcrtbcp04;3v1r5
CRT-CRT;CRTCRT_E21TEC_XX_Q;CRTCRT_E21TEC_XX_PUR01_Q;"June 27, 2026";"June 28, 2026 7:00:00 AM";"June 28, 2026 7:00:07 AM";;Ended OK;Purge des logs;PURGE_FICHIER.exe;Job;No;1;No;CTMSRV;CRTCRT_E21TEC_XX_Q;crtuser;wdkcrttdp01;wdkcrttdp01;3v1rh
CRT-CRT;CRTCRT_E21TEC_XX_Q;CRTCRT_E21TEC_XX_PUR01_Q;"June 27, 2026";"June 28, 2026 7:00:00 AM";"June 28, 2026 7:00:07 AM";;Ended OK;Purge des logs;PURGE_FICHIER.exe;Job;No;1;No;CTMSRV;CRTCRT_E21TEC_XX_Q;crtuser;wdkcrttdp04;wdkcrttdp04;3v1rk
CRT-CRT;CRTCRT_E21TEC_XX_Q;CRTCRT_E21TEC_XX_PUR01_Q;"June 27, 2026";"June 28, 2026 7:00:00 AM";"June 28, 2026 7:00:08 AM";;Ended OK;Purge des logs;PURGE_FICHIER.exe;Job;No;1;No;CTMSRV;CRTCRT_E21TEC_XX_Q;crtuser;wdkcrtwbp02;wdkcrtwbp02;3v1rw
CRT-CRT;CRTCRT_E21TEC_XX_Q;CRTCRT_E21TEC_XX_PUR01_Q;"June 27, 2026";"June 28, 2026 7:00:00 AM";"June 28, 2026 7:00:08 AM";;Ended OK;Purge des logs;PURGE_FICHIER.exe;Job;No;1;No;CTMSRV;CRTCRT_E21TEC_XX_Q;crtuser;wdkcrtwbp03;wdkcrtwbp03;3v1rx
CRT-CRT;CRTCRT_E21TEC_XX_Q;CRTCRT_E21TEC_XX_PUR01_Q;"June 27, 2026";"June 28, 2026 7:00:00 AM";"June 28, 2026 7:00:09 AM";;Ended OK;Purge des logs;PURGE_FICHIER.exe;Job;No;1;No;CTMSRV;CRTCRT_E21TEC_XX_Q;crtuser;wdkcrtbgp01;wdkcrtbgp01;3v1r7
CRT-CRT;CRTCRT_E21TEC_XX_Q;CRTCRT_E21TEC_XX_PUR01_Q;"June 27, 2026";"June 28, 2026 7:00:00 AM";"June 28, 2026 7:00:09 AM";;Ended OK;Purge des logs;PURGE_FICHIER.exe;Job;No;1;No;CTMSRV;CRTCRT_E21TEC_XX_Q;crtuser;wdkcrttdp05;wdkcrttdp05;3v1rl
CRT-CRT;CRTCRT_E21TEC_XX_Q;CRTCRT_E21TEC_XX_PUR01_Q;"June 27, 2026";"June 28, 2026 7:00:00 AM";"June 28, 2026 7:00:09 AM";;Ended OK;Purge des logs;PURGE_FICHIER.exe;Job;No;1;No;CTMSRV;CRTCRT_E21TEC_XX_Q;crtuser;wdkcrttdp06;wdkcrttdp06;3v1rm
CRT-CRT;CRTCRT_E21TEC_XX_Q;CRTCRT_E21TEC_XX_PUR01_Q;"June 27, 2026";"June 28, 2026 7:00:00 AM";"June 28, 2026 7:00:11 AM";;Ended OK;Purge des logs;PURGE_FICHIER.exe;Job;No;1;No;CTMSRV;CRTCRT_E21TEC_XX_Q;crtuser;wdkcrtecp01;wdkcrtecp01;3v1r8
CRT-CRT;CRTCRT_E21TEC_XX_Q;CRTCRT_E21TEC_XX_PUR01_Q;"June 27, 2026";"June 28, 2026 7:00:00 AM";"June 28, 2026 7:00:13 AM";;Ended OK;Purge des logs;PURGE_FICHIER.exe;Job;No;1;No;CTMSRV;CRTCRT_E21TEC_XX_Q;crtuser;wdkcrtecp02;wdkcrtecp02;3v1r9
CRT-CRT;CRTCRT_E21TEC_XX_Q;CRTCRT_E21TEC_XX_PUR01_Q;"June 27, 2026";"June 28, 2026 7:00:00 AM";"June 28, 2026 7:00:21 AM";;Ended OK;Purge des logs;PURGE_FICHIER.exe;Job;No;1;No;CTMSRV;CRTCRT_E21TEC_XX_Q;crtuser;wdkcrtbcp02;wdkcrtbcp02;3v1r3
CRT-CRT;CRTCRT_E21TEC_XX_Q;CRTCRT_E21TEC_XX_PUR01_Q;"June 27, 2026";"June 28, 2026 7:00:00 AM";"June 28, 2026 7:00:24 AM";;Ended OK;Purge des logs;PURGE_FICHIER.exe;Job;No;1;No;CTMSRV;CRTCRT_E21TEC_XX_Q;crtuser;wdkcrtbcp05;wdkcrtbcp05;3v1r6
CRT-CRT;CRTCRT_E21TEC_XX_Q;CRTCRT_E21TEC_XX_PUR01_Q;"June 27, 2026";"June 28, 2026 7:00:00 AM";"June 28, 2026 7:00:30 AM";;Ended OK;Purge des logs;PURGE_FICHIER.exe;Job;No;1;No;CTMSRV;CRTCRT_E21TEC_XX_Q;crtuser;wdkcrtbcp01;wdkcrtbcp01;3v1r2
CRT-CRT;CRTCRT_E21TEC_XX_Q;CRTCRT_E21TEC_XX_PUR01_Q;"June 27, 2026";"June 28, 2026 7:00:00 AM";"June 28, 2026 7:00:53 AM";;Ended OK;Purge des logs;PURGE_FICHIER.exe;Job;No;1;No;CTMSRV;CRTCRT_E21TEC_XX_Q;crtuser;wdkcrttcp03;wdkcrttcp03;3v1rg
CRT-CRT;CRTCRT_E21TEC_XX_Q;CRTCRT_E21TEC_XX_PUR01_Q;"June 27, 2026";"June 28, 2026 7:00:00 AM";"June 28, 2026 7:06:01 AM";;Ended OK;Purge des logs;PURGE_FICHIER.exe;Job;No;1;No;CTMSRV;CRTCRT_E21TEC_XX_Q;crtuser;wdkcrtb2p01;wdkcrtb2p01;3v1r1
CRT-CRT;CRTCRT_E21TEC_XX_Q;CRTCRT_E21TEC_XX_PUR01_Q;"June 27, 2026";"June 28, 2026 7:00:00 AM";"June 28, 2026 7:10:01 AM";;Ended OK;Purge des logs;PURGE_FICHIER.exe;Job;No;1;No;CTMSRV;CRTCRT_E21TEC_XX_Q;crtuser;wdkcrtexp01;wdkcrtexp01;3v1ra
CRT-CRT;CRTCRT_E21TEC_XX_Q;CRTCRT_E21TEC_XX_PUR01_Q;"June 27, 2026";"June 28, 2026 7:00:00 AM";"June 28, 2026 7:10:02 AM";;Ended OK;Purge des logs;PURGE_FICHIER.exe;Job;No;1;No;CTMSRV;CRTCRT_E21TEC_XX_Q;crtuser;wdkcrttwp01;wdkcrttwp01;3v1ru
CRT-CRT;CRTCRT_E21TEC_XX_Q;CRTCRT_E21TEC_XX_PUR01_Q;"June 27, 2026";"June 28, 2026 7:00:00 AM";"June 28, 2026 7:10:04 AM";;Ended OK;Purge des logs;PURGE_FICHIER.exe;Job;No;1;No;CTMSRV;CRTCRT_E21TEC_XX_Q;crtuser;wdkcrttcp01;wdkcrttcp01;3v1re
CRT-CRT;CRTCRT_E21TEC_XX_Q;CRTCRT_E21TEC_XX_PUR01_Q;"June 27, 2026";"June 28, 2026 7:00:00 AM";;;Ended Not OK;Purge des logs;PURGE_FICHIER.exe;Job;No;1;No;CTMSRV;CRTCRT_E21TEC_XX_Q;crtuser;wdkcrtinp01;wdkcrtinp01;3v1rd
CRT-CRT;CRTCRT_E21TEC_XX_Q;CRTCRT_E21TEC_XX_PUR01_Q;"June 27, 2026";"June 28, 2026 7:00:00 AM";;;Ended Not OK;Purge des logs;PURGE_FICHIER.exe;Job;No;1;No;CTMSRV;CRTCRT_E21TEC_XX_Q;crtuser;wdkcrttcp02;wdkcrttcp02;3v1rf
CRT-CRT;CRTCRT_E21TEC_XX_Q;CRTCRT_E21TEC_XX_PUR01_Q;"June 27, 2026";"June 28, 2026 7:00:00 AM";;;Ended Not OK;Purge des logs;PURGE_FICHIER.exe;Job;No;1;No;CTMSRV;CRTCRT_E21TEC_XX_Q;crtuser;wdkcrttgp01;wdkcrttgp01;3v1rn
CRT-CRT;CRTCRT_E21TEC_XX_Q;CRTCRT_E21TEC_XX_PUR01_Q;"June 27, 2026";"June 28, 2026 7:00:00 AM";;;Ended Not OK;Purge des logs;PURGE_FICHIER.exe;Job;No;1;No;CTMSRV;CRTCRT_E21TEC_XX_Q;crtuser;wdkcrttmp01;wdkcrttmp01;3v1ro
CRT-CRT;CRTCRT_E21TEC_XX_Q;CRTCRT_E21TEC_XX_PUR01_Q;"June 27, 2026";"June 28, 2026 7:00:00 AM";;;Ended Not OK;Purge des logs;PURGE_FICHIER.exe;Job;No;1;No;CTMSRV;CRTCRT_E21TEC_XX_Q;crtuser;wdkcrttmp02;wdkcrttmp02;3v1rp
CRT-CRT;CRTCRT_E21TEC_XX_Q;CRTCRT_E21TEC_XX_PUR01_Q;"June 27, 2026";"June 28, 2026 7:00:00 AM";;;Ended Not OK;Purge des logs;PURGE_FICHIER.exe;Job;No;1;No;CTMSRV;CRTCRT_E21TEC_XX_Q;crtuser;wdkcrttmp03;wdkcrttmp03;3v1rq
CRT-CRT;CRTCRT_E21TEC_XX_Q;CRTCRT_E21TEC_XX_PUR01_Q;"June 27, 2026";"June 28, 2026 7:00:00 AM";;;Ended Not OK;Purge des logs;PURGE_FICHIER.exe;Job;No;1;No;CTMSRV;CRTCRT_E21TEC_XX_Q;crtuser;wdkcrttmp04;wdkcrttmp04;3v1rr
CRT-CRT;CRTCRT_E21TEC_XX_Q;CRTCRT_E21TEC_XX_PUR01_Q;"June 27, 2026";"June 28, 2026 7:00:00 AM";;;Ended Not OK;Purge des logs;PURGE_FICHIER.exe;Job;No;1;No;CTMSRV;CRTCRT_E21TEC_XX_Q;crtuser;wdkcrttmp05;wdkcrttmp05;3v1rs
CRT-CRT;CRTCRT_E21TEC_XX_Q;CRTCRT_E21TEC_XX_PUR01_Q;"June 27, 2026";"June 28, 2026 7:00:00 AM";;;Executing;Purge des logs;PURGE_FICHIER.exe;Job;No;1;No;CTMSRV;CRTCRT_E21TEC_XX_Q;crtuser;wdkcrttsp01;wdkcrttsp01;3v1rt
CRT-CRT;CRTCRT_E21TEC_XX_Q;CRTCRT_E21TEC_XX_PUR01_Q;"June 27, 2026";"June 28, 2026 7:00:00 AM";;;Executing;Purge des logs;PURGE_FICHIER.exe;Job;No;1;No;CTMSRV;CRTCRT_E21TEC_XX_Q;crtuser;wdkcrtwbp01;wdkcrtwbp01;3v1rv
CRT-CRT;CRTCRT_E21TEC_XX_Q;CRTCRT_E21TEC_XX_Q;"June 27, 2026";"June 27, 2026 1:30:12 PM";;;Executing;Chaine de purge et archivage  des logs sur les serveurs CRT;;SMART Table;No;1;No;CTMSRV;CRTCRT_E21TEC_XX_Q;;ldkctmp50;;3v1r0
CRT-CRT;CRTCRT_E21TRT_TW_Q;CRTCRT_E21TRT_TW_Q;"June 27, 2026";"June 27, 2026 3:00:00 PM";"June 27, 2026 9:01:08 PM";;Ended OK;Lancement du module de détection de trous d'historique CRT - 15h et 21h;;SMART Table;No;1;No;CTMSRV;CRTCRT_E21TRT_TW_Q;;ldkctmp50;;3v29v
CRT-CRT;CRTCRT_E21TRT_TW_Q;CRTCRT_E21TRT_TW_WRK01_Q;"June 27, 2026";"June 27, 2026 9:00:00 PM";"June 27, 2026 9:01:08 PM";;Ended OK;Lancement du module de détection de trous d'historique CRT - 15h et 21h;historique_recherche_trou.bat;Job;No;2;Yes;CTMSRV;CRTCRT_E21TRT_TW_Q;crtuser;wdkcrttwp01;wdkcrttwp01;3v29w
CRT-CRT;CRTCRT_EXPLOI_XX_Q;CRTCRT_E22TEC_BC_CTL01_Q;"June 27, 2026";"June 28, 2026 7:00:00 AM";"June 28, 2026 7:00:06 AM";;Ended OK;WDKCRTBCxxx : Check Service PanoAdmin;CRT_CHECK_BRIDGECTRL;Command;No;1;No;CTMSRV;CRTCRT_EXPLOI_XX_Q/CRTCRT_E22TEC_BC_Q;crtuser;wdkcrtbcp04;wdkcrtbcp04;3v26b
CRT-CRT;CRTCRT_EXPLOI_XX_Q;CRTCRT_E22TEC_BC_CTL01_Q;"June 27, 2026";"June 28, 2026 7:00:00 AM";"June 28, 2026 7:00:07 AM";;Ended OK;WDKCRTBCxxx : Check Service PanoAdmin;CRT_CHECK_BRIDGECTRL;Command;No;1;No;CTMSRV;CRTCRT_EXPLOI_XX_Q/CRTCRT_E22TEC_BC_Q;crtuser;wdkcrtbcp03;wdkcrtbcp03;3v26a
CRT-CRT;CRTCRT_EXPLOI_XX_Q;CRTCRT_E22TEC_BC_CTL01_Q;"June 27, 2026";"June 28, 2026 7:00:00 AM";"June 28, 2026 7:00:14 AM";;Ended OK;WDKCRTBCxxx : Check Service PanoAdmin;CRT_CHECK_BRIDGECTRL;Command;No;1;No;CTMSRV;CRTCRT_EXPLOI_XX_Q/CRTCRT_E22TEC_BC_Q;crtuser;wdkcrtbcp02;wdkcrtbcp02;3v269
CRT-CRT;CRTCRT_EXPLOI_XX_Q;CRTCRT_E22TEC_BC_CTL01_Q;"June 27, 2026";"June 28, 2026 7:00:00 AM";"June 28, 2026 7:00:16 AM";;Ended OK;WDKCRTBCxxx : Check Service PanoAdmin;CRT_CHECK_BRIDGECTRL;Command;No;1;No;CTMSRV;CRTCRT_EXPLOI_XX_Q/CRTCRT_E22TEC_BC_Q;crtuser;wdkcrtbcp05;wdkcrtbcp05;3v26c
CRT-CRT;CRTCRT_EXPLOI_XX_Q;CRTCRT_E22TEC_BC_CTL01_Q;"June 27, 2026";"June 28, 2026 7:00:00 AM";"June 28, 2026 7:00:17 AM";;Ended OK;WDKCRTBCxxx : Check Service PanoAdmin;CRT_CHECK_BRIDGECTRL;Command;No;1;No;CTMSRV;CRTCRT_EXPLOI_XX_Q/CRTCRT_E22TEC_BC_Q;crtuser;wdkcrtbcp01;wdkcrtbcp01;3v268
CRT-CRT;CRTCRT_EXPLOI_XX_Q;CRTCRT_E22TEC_BC_CTL02_Q;"June 27, 2026";"June 28, 2026 7:00:00 AM";"June 28, 2026 7:00:05 AM";;Ended OK;WDKCRTBCxxx : Check Service Composer;CRT_CHECK_BRIDGECTRL;Command;No;1;No;CTMSRV;CRTCRT_EXPLOI_XX_Q/CRTCRT_E22TEC_BC_Q;crtuser;wdkcrtbcp04;wdkcrtbcp04;3v26g
CRT-CRT;CRTCRT_EXPLOI_XX_Q;CRTCRT_E22TEC_BC_CTL02_Q;"June 27, 2026";"June 28, 2026 7:00:00 AM";"June 28, 2026 7:00:06 AM";;Ended OK;WDKCRTBCxxx : Check Service Composer;CRT_CHECK_BRIDGECTRL;Command;No;1;No;CTMSRV;CRTCRT_EXPLOI_XX_Q/CRTCRT_E22TEC_BC_Q;crtuser;wdkcrtbcp03;wdkcrtbcp03;3v26f
CRT-CRT;CRTCRT_EXPLOI_XX_Q;CRTCRT_E22TEC_BC_CTL02_Q;"June 27, 2026";"June 28, 2026 7:00:00 AM";"June 28, 2026 7:00:11 AM";;Ended OK;WDKCRTBCxxx : Check Service Composer;CRT_CHECK_BRIDGECTRL;Command;No;1;No;CTMSRV;CRTCRT_EXPLOI_XX_Q/CRTCRT_E22TEC_BC_Q;crtuser;wdkcrtbcp01;wdkcrtbcp01;3v26d
CRT-CRT;CRTCRT_EXPLOI_XX_Q;CRTCRT_E22TEC_BC_CTL02_Q;"June 27, 2026";"June 28, 2026 7:00:00 AM";"June 28, 2026 7:00:14 AM";;Ended OK;WDKCRTBCxxx : Check Service Composer;CRT_CHECK_BRIDGECTRL;Command;No;1;No;CTMSRV;CRTCRT_EXPLOI_XX_Q/CRTCRT_E22TEC_BC_Q;crtuser;wdkcrtbcp02;wdkcrtbcp02;3v26e
CRT-CRT;CRTCRT_EXPLOI_XX_Q;CRTCRT_E22TEC_BC_CTL02_Q;"June 27, 2026";"June 28, 2026 7:00:00 AM";"June 28, 2026 7:00:18 AM";;Ended OK;WDKCRTBCxxx : Check Service Composer;CRT_CHECK_BRIDGECTRL;Command;No;1;No;CTMSRV;CRTCRT_EXPLOI_XX_Q/CRTCRT_E22TEC_BC_Q;crtuser;wdkcrtbcp05;wdkcrtbcp05;3v26h
CRT-CRT;CRTCRT_EXPLOI_XX_Q;CRTCRT_E22TEC_BC_Q;"June 27, 2026";"June 28, 2026 7:00:00 AM";"June 28, 2026 7:00:19 AM";;Ended OK;Controle Service BACNET;;Sub-Table;No;1;No;CTMSRV;CRTCRT_EXPLOI_XX_Q;crtuser;ldkctmp50;;3v267
CRT-CRT;CRTCRT_EXPLOI_XX_Q;CRTCRT_E22TEC_BG_CTL01_Q;"June 27, 2026";"June 28, 2026 7:00:00 AM";"June 28, 2026 7:00:25 AM";;Ended OK;WDKCRTBGx01 : Check BridgeCtrl.exe STATUS;CRT_CHECK_BRIDGECTRL;Command;No;1;No;CTMSRV;CRTCRT_EXPLOI_XX_Q/CRTCRT_E22TEC_BG_Q;crtuser;wdkcrttwp01;A_W_CRTTW01;3v26j
CRT-CRT;CRTCRT_EXPLOI_XX_Q;CRTCRT_E22TEC_BG_Q;"June 27, 2026";"June 28, 2026 7:00:00 AM";"June 28, 2026 7:00:25 AM";;Ended OK;Controle Bridge Clients  et les CRTs;;Sub-Table;No;1;No;CTMSRV;CRTCRT_EXPLOI_XX_Q;crtuser;ldkctmp50;;3v26i
CRT-CRT;CRTCRT_EXPLOI_XX_Q;CRTCRT_E22TEC_BS_CTL01_Q;"June 27, 2026";"June 28, 2026 7:00:00 AM";"June 28, 2026 7:00:15 AM";;Ended OK;LDKCRTBSx01 : Check KafkaZookeeper;AllKafkaZookeeper.sh;Command;No;1;No;CTMSRV;CRTCRT_EXPLOI_XX_Q/CRTCRT_E22TEC_BS_Q;crt-admin;ldkcrtbap01;A_L_CRTBA01;3v26l
CRT-CRT;CRTCRT_EXPLOI_XX_Q;CRTCRT_E22TEC_BS_CTL02_Q;"June 27, 2026";"June 28, 2026 7:00:00 AM";"June 28, 2026 7:00:03 AM";;Ended OK;LDKCRTBSx01 : Check Worker et Master;spark-cluster-status;Command;No;1;No;CTMSRV;CRTCRT_EXPLOI_XX_Q/CRTCRT_E22TEC_BS_Q;busadm;ldkcrtbsp01;A_L_CRTBS01;3v26m
CRT-CRT;CRTCRT_EXPLOI_XX_Q;CRTCRT_E22TEC_BS_CTL03_Q;"June 27, 2026";"June 28, 2026 7:00:00 AM";"June 28, 2026 7:00:03 AM";;Ended OK;LDKCRTBSx01 : Check Applications;spark-apps-status;Command;No;1;No;CTMSRV;CRTCRT_EXPLOI_XX_Q/CRTCRT_E22TEC_BS_Q;busadm;ldkcrtbsp01;A_L_CRTBS01;3v26n
CRT-CRT;CRTCRT_EXPLOI_XX_Q;CRTCRT_E22TEC_BS_Q;"June 27, 2026";"June 28, 2026 7:00:00 AM";"June 28, 2026 7:00:16 AM";;Ended OK;Controle du Bus Streaming;;Sub-Table;No;1;No;CTMSRV;CRTCRT_EXPLOI_XX_Q;busadm;ldkctmp50;;3v26k
CRT-CRT;CRTCRT_EXPLOI_XX_Q;CRTCRT_E22TEC_EC_CTL01_Q;"June 27, 2026";"June 28, 2026 7:00:00 AM";"June 28, 2026 7:00:05 AM";;Ended OK;WDKCRTECxxx : Check Service CRT TransFTP;CRT_CHECK_BRIDGECTRL;Command;No;1;No;CTMSRV;CRTCRT_EXPLOI_XX_Q/CRTCRT_E22TEC_EC_Q;crtuser;wdkcrtecp02;wdkcrtecp02;3v26q
CRT-CRT;CRTCRT_EXPLOI_XX_Q;CRTCRT_E22TEC_EC_CTL01_Q;"June 27, 2026";"June 28, 2026 7:00:00 AM";"June 28, 2026 7:00:06 AM";;Ended OK;WDKCRTECxxx : Check Service CRT TransFTP;CRT_CHECK_BRIDGECTRL;Command;No;1;No;CTMSRV;CRTCRT_EXPLOI_XX_Q/CRTCRT_E22TEC_EC_Q;crtuser;wdkcrtecp01;wdkcrtecp01;3v26p
CRT-CRT;CRTCRT_EXPLOI_XX_Q;CRTCRT_E22TEC_EC_Q;"June 27, 2026";"June 28, 2026 7:00:00 AM";"June 28, 2026 7:00:06 AM";;Ended OK;Controle Service CRT TransFTP;;Sub-Table;No;1;No;CTMSRV;CRTCRT_EXPLOI_XX_Q;crtuser;ldkctmp50;;3v26o
CRT-CRT;CRTCRT_EXPLOI_XX_Q;CRTCRT_E22TEC_MS_CTL01_Q;"June 27, 2026";"June 28, 2026 7:00:00 AM";"June 28, 2026 7:00:04 AM";;Ended OK;LDKCRTMSxxx : Check des commandes curl MicroServices;check_microservices.ksh;Job;No;1;No;CTMSRV;CRTCRT_EXPLOI_XX_Q/CRTCRT_E22TEC_MS_Q;root;ldkcrtmsp01;ldkcrtmsp01;3v26s
CRT-CRT;CRTCRT_EXPLOI_XX_Q;CRTCRT_E22TEC_MS_CTL01_Q;"June 27, 2026";"June 28, 2026 7:00:00 AM";"June 28, 2026 7:00:04 AM";;Ended OK;LDKCRTMSxxx : Check des commandes curl MicroServices;check_microservices.ksh;Job;No;1;No;CTMSRV;CRTCRT_EXPLOI_XX_Q/CRTCRT_E22TEC_MS_Q;root;ldkcrtmsp02;ldkcrtmsp02;3v26t
CRT-CRT;CRTCRT_EXPLOI_XX_Q;CRTCRT_E22TEC_MS_Q;"June 27, 2026";"June 28, 2026 7:00:00 AM";"June 28, 2026 7:00:05 AM";;Ended OK;Controle des MicroServices;;Sub-Table;No;1;No;CTMSRV;CRTCRT_EXPLOI_XX_Q;root;ldkctmp50;;3v26r
CRT-CRT;CRTCRT_EXPLOI_XX_Q;CRTCRT_E22TEC_TD_CTL01_Q;"June 27, 2026";"June 28, 2026 7:00:00 AM";"June 28, 2026 7:00:02 AM";;Ended OK;WDKCRTTDxxx : Check Service datarelay;CRT_CHECK_BRIDGECTRL;Command;No;1;No;CTMSRV;CRTCRT_EXPLOI_XX_Q/CRTCRT_E22TEC_TD_Q;crtuser;wdkcrttdp02;wdkcrttdp02;3v26w
CRT-CRT;CRTCRT_EXPLOI_XX_Q;CRTCRT_E22TEC_TD_CTL01_Q;"June 27, 2026";"June 28, 2026 7:00:00 AM";"June 28, 2026 7:00:02 AM";;Ended OK;WDKCRTTDxxx : Check Service datarelay;CRT_CHECK_BRIDGECTRL;Command;No;1;No;CTMSRV;CRTCRT_EXPLOI_XX_Q/CRTCRT_E22TEC_TD_Q;crtuser;wdkcrttdp03;wdkcrttdp03;3v26x
CRT-CRT;CRTCRT_EXPLOI_XX_Q;CRTCRT_E22TEC_TD_CTL01_Q;"June 27, 2026";"June 28, 2026 7:00:00 AM";"June 28, 2026 7:00:05 AM";;Ended OK;WDKCRTTDxxx : Check Service datarelay;CRT_CHECK_BRIDGECTRL;Command;No;1;No;CTMSRV;CRTCRT_EXPLOI_XX_Q/CRTCRT_E22TEC_TD_Q;crtuser;wdkcrttdp01;wdkcrttdp01;3v26v
CRT-CRT;CRTCRT_EXPLOI_XX_Q;CRTCRT_E22TEC_TD_CTL01_Q;"June 27, 2026";"June 28, 2026 7:00:00 AM";"June 28, 2026 7:00:05 AM";;Ended OK;WDKCRTTDxxx : Check Service datarelay;CRT_CHECK_BRIDGECTRL;Command;No;1;No;CTMSRV;CRTCRT_EXPLOI_XX_Q/CRTCRT_E22TEC_TD_Q;crtuser;wdkcrttdp04;wdkcrttdp04;3v26y
CRT-CRT;CRTCRT_EXPLOI_XX_Q;CRTCRT_E22TEC_TD_CTL01_Q;"June 27, 2026";"June 28, 2026 7:00:00 AM";"June 28, 2026 7:00:05 AM";;Ended OK;WDKCRTTDxxx : Check Service datarelay;CRT_CHECK_BRIDGECTRL;Command;No;1;No;CTMSRV;CRTCRT_EXPLOI_XX_Q/CRTCRT_E22TEC_TD_Q;crtuser;wdkcrttdp05;wdkcrttdp05;3v26z
CRT-CRT;CRTCRT_EXPLOI_XX_Q;CRTCRT_E22TEC_TD_CTL01_Q;"June 27, 2026";"June 28, 2026 7:00:01 AM";"June 28, 2026 7:00:06 AM";;Ended OK;WDKCRTTDxxx : Check Service datarelay;CRT_CHECK_BRIDGECTRL;Command;No;1;No;CTMSRV;CRTCRT_EXPLOI_XX_Q/CRTCRT_E22TEC_TD_Q;crtuser;wdkcrttdp06;wdkcrttdp06;3v270
CRT-CRT;CRTCRT_EXPLOI_XX_Q;CRTCRT_E22TEC_TD_Q;"June 27, 2026";"June 28, 2026 7:00:00 AM";"June 28, 2026 7:00:06 AM";;Ended OK;Controle Service Trend;;Sub-Table;No;1;No;CTMSRV;CRTCRT_EXPLOI_XX_Q;crtuser;ldkctmp50;;3v26u
CRT-CRT;CRTCRT_EXPLOI_XX_Q;CRTCRT_E22TEC_TW_CTL01_Q;"June 27, 2026";"June 28, 2026 7:00:01 AM";"June 28, 2026 7:00:07 AM";;Ended OK;WDKCRTTWx01 : Check Service CRT SpvApp;CRT_CHECK_BRIDGECTRL;Command;No;1;No;CTMSRV;CRTCRT_EXPLOI_XX_Q/CRTCRT_E22TEC_TW_Q;crtuser;wdkcrttwp01;wdkcrttwp01;3v272
CRT-CRT;CRTCRT_EXPLOI_XX_Q;CRTCRT_E22TEC_TW_Q;"June 27, 2026";"June 28, 2026 7:00:00 AM";"June 28, 2026 7:00:07 AM";;Ended OK;Controle Service CRT SpvApp;;Sub-Table;No;1;No;CTMSRV;CRTCRT_EXPLOI_XX_Q;crtuser;ldkctmp50;;3v271
CRT-CRT;CRTCRT_EXPLOI_XX_Q;CRTCRT_E22TEC_XX_MEL01_O;"June 27, 2026";"June 28, 2026 7:00:27 AM";"June 28, 2026 7:00:29 AM";;Ended OK;Notification par Mail du suivi quotidien du CRT;CRT_NOTIF_MAIL;Command;No;1;No;CTMSRV;CRTCRT_E22TEC_XX_O;root;ldkctmp50;ldkctmp50;3v3l0
CRT-CRT;CRTCRT_EXPLOI_XX_Q;CRTCRT_E23TEC_BG_CTL01_Q;"June 27, 2026";"June 28, 2026 7:00:01 AM";"June 28, 2026 7:00:01 AM";;Ended OK;WDKCRTBGxxx : Check Service Tomcat7  Bridge générique;CRT_CHECK_BRIDGECTRL;Dummy;No;1;No;CTMSRV;CRTCRT_EXPLOI_XX_Q/CRTCRT_E23TEC_BG_Q;crtuser;;A_W_CRTBG01;3v274
CRT-CRT;CRTCRT_EXPLOI_XX_Q;CRTCRT_E23TEC_BG_CTL02_Q;"June 27, 2026";"June 28, 2026 7:00:01 AM";"June 28, 2026 7:00:01 AM";;Ended OK;WDKCRTBGxxx : Check Service CRTService Bridge générique;CRT_CHECK_BRIDGECTRL;Dummy;No;1;No;CTMSRV;CRTCRT_EXPLOI_XX_Q/CRTCRT_E23TEC_BG_Q;crtuser;;A_W_CRTBG01;3v275
CRT-CRT;CRTCRT_EXPLOI_XX_Q;CRTCRT_E23TEC_BG_Q;"June 27, 2026";"June 28, 2026 7:00:00 AM";"June 28, 2026 7:00:02 AM";;Ended OK;Controle Services Bridge Générique;;Sub-Table;No;1;No;CTMSRV;CRTCRT_EXPLOI_XX_Q;crtuser;ldkctmp50;;3v273
CRT-CRT;CRTCRT_EXPLOI_XX_Q;CRTCRT_E23TEC_TS_CTL01_Q;"June 27, 2026";"June 28, 2026 7:00:01 AM";"June 28, 2026 7:00:02 AM";;Ended OK;WDKCRTTSx01 : Check Service Tomcat7;CRT_CHECK_BRIDGECTRL;Command;No;1;No;CTMSRV;CRTCRT_EXPLOI_XX_Q/CRTCRT_E23TEC_TS_Q;crtuser;wdkcrttsp01;A_W_CRTTS01;3v277
CRT-CRT;CRTCRT_EXPLOI_XX_Q;CRTCRT_E23TEC_TS_CTL02_Q;"June 27, 2026";"June 28, 2026 7:00:01 AM";"June 28, 2026 7:00:02 AM";;Ended OK;WDKCRTTSx01 : Check Service CRT CipRip;CRT_CHECK_BRIDGECTRL;Command;No;1;No;CTMSRV;CRTCRT_EXPLOI_XX_Q/CRTCRT_E23TEC_TS_Q;crtuser;wdkcrttsp01;A_W_CRTTS01;3v278
CRT-CRT;CRTCRT_EXPLOI_XX_Q;CRTCRT_E23TEC_TS_Q;"June 27, 2026";"June 28, 2026 7:00:00 AM";"June 28, 2026 7:00:02 AM";;Ended OK;Controle Services Bridge Générique;;Sub-Table;No;1;No;CTMSRV;CRTCRT_EXPLOI_XX_Q;crtuser;ldkctmp50;;3v276
CRT-CRT;CRTCRT_EXPLOI_XX_Q;CRTCRT_EXPLOI_XX_Q;"June 27, 2026";"June 28, 2026 7:00:00 AM";"June 28, 2026 7:00:26 AM";;Ended OK;CRT : Controle de la plateforme CRT;;SMART Table;No;1;No;CTMSRV;CRTCRT_EXPLOI_XX_Q;crtuser;ldkctmp50;;3v266
CRT-CRT;CRTCRT_J11TRT_04_Q;CRTCRT_J11TRT_04_CAL01_Q;"June 27, 2026";"June 27, 2026 8:00:00 PM";"June 27, 2026 8:01:25 PM";;Ended OK;CRT : Module Calcul;;Command;No;1;No;CTMSRV;CRTCRT_J11TRT_04_Q;crtuser;wdkcrttsp01;A_W_CRTTS01;3v3hr
CRT-CRT;CRTCRT_J11TRT_04_Q;CRTCRT_J11TRT_04_CAL02_Q;"June 27, 2026";"June 27, 2026 3:00:00 PM";"June 27, 2026 3:01:17 PM";;Ended OK;CRT : ModuleCalculSansEchec;;Command;No;1;No;CTMSRV;CRTCRT_J11TRT_04_Q;crtuser;wdkcrttsp01;A_W_CRTTS01;3v3hs
CRT-CRT;CRTCRT_J11TRT_04_Q;CRTCRT_J11TRT_04_CAL03_Q;"June 27, 2026";"June 27, 2026 1:30:13 PM";"June 27, 2026 1:31:47 PM";;Ended OK;CRT : ModuleCalculTMA;;Command;No;1;No;CTMSRV;CRTCRT_J11TRT_04_Q;crtuser;wdkcrttsp01;A_W_CRTTS01;3v3ht
CRT-CRT;CRTCRT_J11TRT_04_Q;CRTCRT_J11TRT_04_Q;"June 27, 2026";"June 27, 2026 1:30:13 PM";;;Executing;CRT : Batchs APP CRT;;SMART Table;No;1;No;CTMSRV;CRTCRT_J11TRT_04_Q;crtuser;;;3v3ho
CRT-CRT;CRTCRT_J11TRT_04_Q;CRTCRT_J11TRT_04_WRK01_Q;"June 27, 2026";"June 28, 2026 7:36:00 AM";"June 28, 2026 7:36:01 AM";;Wait for Event;CRT : Memory_Check;;Command;No;1067;Yes;CTMSRV;CRTCRT_J11TRT_04_Q;crtuser;wdkcrtg2p01;A_W_CRTG201;3v3hp
CRT-CRT;CRTCRT_J11TRT_04_Q;CRTCRT_J11TRT_04_WRK02_Q;"June 27, 2026";"June 28, 2026 7:36:00 AM";"June 28, 2026 7:36:01 AM";;Wait for Event;CRT : Memory_Check;;Command;No;1067;Yes;CTMSRV;CRTCRT_J11TRT_04_Q;crtuser;wdkcrtg2p02;A_W_CRTG202;3v3hq
CRT-CRT;CRTCRT_J12TRT_04_Q;CRTCRT_J12TRT_04_EXP27_Q;"June 27, 2026";"June 27, 2026 10:30:00 PM";"June 27, 2026 10:32:44 PM";;Ended OK;CRT : Lancement de l'export hierarchie CRT;ExportHisto.bat;Job;No;1;No;CTMSRV;CRTCRT_J12TRT_04_Q;crtuser;wdkcrtexp01;A_W_CRTEX01;3v1wn
CRT-CRT;CRTCRT_J12TRT_04_Q;CRTCRT_J12TRT_04_Q;"June 27, 2026";"June 27, 2026 1:30:12 PM";;;Executing;CRT : Batchs Echanges CRT;;SMART Table;No;1;No;CTMSRV;CRTCRT_J12TRT_04_Q;crtuser;;;3v1wk
CRT-CRT;CRTCRT_J12TRT_04_Q;CRTCRT_J12TRT_04_WRK06_Q;"June 27, 2026";"June 27, 2026 8:50:00 PM";"June 27, 2026 8:50:04 PM";;Ended OK;Déplacement des fichiers courbes de charges de valeurs corrigée mensuel pour prodelec;;Command;No;1;No;CTMSRV;CRTCRT_J12TRT_04_Q;crtuser;wdkcrtinp01;A_W_CRTIN01;3v1wl
CRT-CRT;CRTCRT_J12TRT_04_Q;CRTCRT_J12TRT_04_WRK07_Q;"June 27, 2026";"June 28, 2026 7:15:00 AM";"June 28, 2026 7:15:08 AM";;Wait for Event;Traitement des fichiers d'Energie de Strasbourg;;Command;No;18;Yes;CTMSRV;CRTCRT_J12TRT_04_Q;crtuser;wdkcrtinp01;A_W_CRTIN01;3v1wm
CRT-CRT;CRTCRT_J13TRT_04_Q;CRTCRT_J13TRT_04_EXP01_Q;"June 27, 2026";"June 27, 2026 10:00:00 PM";"June 27, 2026 10:00:04 PM";;Ended OK;CRT : Export_TLC;;Command;No;1;No;CTMSRV;CRTCRT_J13TRT_04_Q;crtuser;wdkcrttcp01;wdkcrttcp01;3v3f6
CRT-CRT;CRTCRT_J13TRT_04_Q;CRTCRT_J13TRT_04_EXP01_Q;"June 27, 2026";"June 27, 2026 10:00:00 PM";"June 27, 2026 10:00:04 PM";;Ended OK;CRT : Export_TLC;;Command;No;1;No;CTMSRV;CRTCRT_J13TRT_04_Q;crtuser;wdkcrttcp03;wdkcrttcp03;3v3f8
CRT-CRT;CRTCRT_J13TRT_04_Q;CRTCRT_J13TRT_04_EXP01_Q;"June 27, 2026";"June 27, 2026 10:00:00 PM";"June 27, 2026 10:00:05 PM";;Ended OK;CRT : Export_TLC;;Command;No;1;No;CTMSRV;CRTCRT_J13TRT_04_Q;crtuser;wdkcrttcp02;wdkcrttcp02;3v3f7
CRT-CRT;CRTCRT_J13TRT_04_Q;CRTCRT_J13TRT_04_Q;"June 27, 2026";"June 27, 2026 1:30:13 PM";;;Executing;CRT : Batchs Frontaux CRT;;SMART Table;No;1;No;CTMSRV;CRTCRT_J13TRT_04_Q;crtuser;;;3v3ez
CRT-CRT;CRTCRT_J13TRT_04_Q;CRTCRT_J13TRT_04_WRK01_Q;"June 27, 2026";"June 28, 2026 7:36:00 AM";"June 28, 2026 7:36:02 AM";;Wait for Event;CRT : Suivi_Mémoire_Frontal_BACnet;;Command;No;1087;Yes;CTMSRV;CRTCRT_J13TRT_04_Q;crtuser;wdkcrtbcp04;wdkcrtbcp04;3v3f3
CRT-CRT;CRTCRT_J13TRT_04_Q;CRTCRT_J13TRT_04_WRK01_Q;"June 27, 2026";"June 28, 2026 7:36:00 AM";"June 28, 2026 7:36:03 AM";;Executing;CRT : Suivi_Mémoire_Frontal_BACnet;;Command;No;1087;Yes;CTMSRV;CRTCRT_J13TRT_04_Q;crtuser;wdkcrtbcp01;wdkcrtbcp01;3v3f0
CRT-CRT;CRTCRT_J13TRT_04_Q;CRTCRT_J13TRT_04_WRK01_Q;"June 27, 2026";"June 28, 2026 7:36:00 AM";"June 28, 2026 7:36:03 AM";;Wait for Event;CRT : Suivi_Mémoire_Frontal_BACnet;;Command;No;1087;Yes;CTMSRV;CRTCRT_J13TRT_04_Q;crtuser;wdkcrtbcp02;wdkcrtbcp02;3v3f1
CRT-CRT;CRTCRT_J13TRT_04_Q;CRTCRT_J13TRT_04_WRK01_Q;"June 27, 2026";"June 28, 2026 7:36:00 AM";"June 28, 2026 7:36:03 AM";;Wait for Event;CRT : Suivi_Mémoire_Frontal_BACnet;;Command;No;1087;Yes;CTMSRV;CRTCRT_J13TRT_04_Q;crtuser;wdkcrtbcp03;wdkcrtbcp03;3v3f2
CRT-CRT;CRTCRT_J13TRT_04_Q;CRTCRT_J13TRT_04_WRK01_Q;"June 27, 2026";"June 28, 2026 7:36:00 AM";"June 28, 2026 7:36:03 AM";;Wait for Event;CRT : Suivi_Mémoire_Frontal_BACnet;;Command;No;1087;Yes;CTMSRV;CRTCRT_J13TRT_04_Q;crtuser;wdkcrtbcp05;wdkcrtbcp05;3v3f4
CRT-CRT;CRTCRT_J13TRT_04_Q;CRTCRT_J13TRT_04_WRK02_Q;"June 27, 2026";"June 28, 2026 7:36:00 AM";"June 28, 2026 7:36:00 AM";;Wait for Event;CRT : Suivi_Mémoire_Frontal_TeleMetry;;Dummy;No;1087;Yes;CTMSRV;CRTCRT_J13TRT_04_Q;crtuser;;wdkcrtcwp01;3v3f5
CRT-CRT;CRTCRT_J13TRT_04_Q;CRTCRT_J13TRT_04_WRK03_Q;"June 27, 2026";"June 28, 2026 7:36:00 AM";"June 28, 2026 7:36:02 AM";;Wait for Event;CRT : Suivi_Mémoire_Frontal_Trend;;Command;No;1087;Yes;CTMSRV;CRTCRT_J13TRT_04_Q;crtuser;wdkcrttdp01;wdkcrttdp01;3v3f9
CRT-CRT;CRTCRT_J13TRT_04_Q;CRTCRT_J13TRT_04_WRK03_Q;"June 27, 2026";"June 28, 2026 7:36:00 AM";"June 28, 2026 7:36:02 AM";;Wait for Event;CRT : Suivi_Mémoire_Frontal_Trend;;Command;No;1087;Yes;CTMSRV;CRTCRT_J13TRT_04_Q;crtuser;wdkcrttdp02;wdkcrttdp02;3v3fa
CRT-CRT;CRTCRT_J13TRT_04_Q;CRTCRT_J13TRT_04_WRK03_Q;"June 27, 2026";"June 28, 2026 7:36:00 AM";"June 28, 2026 7:36:02 AM";;Wait for Event;CRT : Suivi_Mémoire_Frontal_Trend;;Command;No;1087;Yes;CTMSRV;CRTCRT_J13TRT_04_Q;crtuser;wdkcrttdp03;wdkcrttdp03;3v3fb
CRT-CRT;CRTCRT_J13TRT_04_Q;CRTCRT_J13TRT_04_WRK03_Q;"June 27, 2026";"June 28, 2026 7:36:00 AM";"June 28, 2026 7:36:02 AM";;Wait for Event;CRT : Suivi_Mémoire_Frontal_Trend;;Command;No;1087;Yes;CTMSRV;CRTCRT_J13TRT_04_Q;crtuser;wdkcrttdp05;wdkcrttdp05;3v3fd
CRT-CRT;CRTCRT_J13TRT_04_Q;CRTCRT_J13TRT_04_WRK03_Q;"June 27, 2026";"June 28, 2026 7:36:00 AM";"June 28, 2026 7:36:02 AM";;Wait for Event;CRT : Suivi_Mémoire_Frontal_Trend;;Command;No;1087;Yes;CTMSRV;CRTCRT_J13TRT_04_Q;crtuser;wdkcrttdp06;wdkcrttdp06;3v3fe
CRT-CRT;CRTCRT_J13TRT_04_Q;CRTCRT_J13TRT_04_WRK03_Q;"June 27, 2026";"June 28, 2026 7:36:00 AM";"June 28, 2026 7:36:03 AM";;Executing;CRT : Suivi_Mémoire_Frontal_Trend;;Command;No;1087;Yes;CTMSRV;CRTCRT_J13TRT_04_Q;crtuser;wdkcrttdp04;wdkcrttdp04;3v3fc
CRT-CRT;CRTCRT_J13TRT_04_Q;CRTCRT_J13TRT_04_WRK04_Q;"June 27, 2026";"June 28, 2026 7:36:00 AM";"June 28, 2026 7:36:02 AM";;Wait for Event;CRT : Suivi_Mémoire_Frontal_Telemetry;;Command;No;1087;Yes;CTMSRV;CRTCRT_J13TRT_04_Q;crtuser;wdkcrttmp04;wdkcrttmp04;3v3fi
CRT-CRT;CRTCRT_J13TRT_04_Q;CRTCRT_J13TRT_04_WRK04_Q;"June 27, 2026";"June 28, 2026 7:36:00 AM";"June 28, 2026 7:36:02 AM";;Wait for Event;CRT : Suivi_Mémoire_Frontal_Telemetry;;Command;No;1087;Yes;CTMSRV;CRTCRT_J13TRT_04_Q;crtuser;wdkcrttmp05;wdkcrttmp05;3v3fj
CRT-CRT;CRTCRT_J13TRT_04_Q;CRTCRT_J13TRT_04_WRK04_Q;"June 27, 2026";"June 28, 2026 7:36:00 AM";"June 28, 2026 7:36:03 AM";;Executing;CRT : Suivi_Mémoire_Frontal_Telemetry;;Command;No;1087;Yes;CTMSRV;CRTCRT_J13TRT_04_Q;crtuser;wdkcrttmp01;wdkcrttmp01;3v3ff
CRT-CRT;CRTCRT_J13TRT_04_Q;CRTCRT_J13TRT_04_WRK04_Q;"June 27, 2026";"June 28, 2026 7:36:00 AM";"June 28, 2026 7:36:03 AM";;Wait for Event;CRT : Suivi_Mémoire_Frontal_Telemetry;;Command;No;1087;Yes;CTMSRV;CRTCRT_J13TRT_04_Q;crtuser;wdkcrttmp02;wdkcrttmp02;3v3fg
CRT-CRT;CRTCRT_J13TRT_04_Q;CRTCRT_J13TRT_04_WRK04_Q;"June 27, 2026";"June 28, 2026 7:36:00 AM";"June 28, 2026 7:36:03 AM";;Wait for Event;CRT : Suivi_Mémoire_Frontal_Telemetry;;Command;No;1087;Yes;CTMSRV;CRTCRT_J13TRT_04_Q;crtuser;wdkcrttmp03;wdkcrttmp03;3v3fh
CTM-CONTROL-M;CTMCTM_E11AJF_08_A;CTMCTM_E11AJF_08_AJF01_A;"June 27, 2026";"June 27, 2026 1:30:15 PM";"June 27, 2026 1:30:15 PM";;Ended OK;AJF tables Annuelles (CTMPA);U512AJF010;Dummy;No;1;No;CTMSRV;CTMCTM_E11AJF_08_A;controlm;;SRV_PRIMAIRE;3v2np
CTM-CONTROL-M;CTMCTM_E11AJF_08_H;CTMCTM_E11AJF_08_AJF01_H;"June 27, 2026";"June 27, 2026 1:30:27 PM";"June 27, 2026 1:30:27 PM";;Ended OK;AJF tables Hebdomadaires (CTMPH);U512AJF010;Dummy;No;1;No;CTMSRV;CTMCTM_E11AJF_08_H;controlm;;SRV_PRIMAIRE;3v2zk
CTM-CONTROL-M;CTMCTM_E11AJF_08_H;CTMCTM_E11AJF_08_AJF03_H;"June 27, 2026";"June 27, 2026 1:30:35 PM";"June 27, 2026 1:30:35 PM";;Ended OK;AJF tables Hebdomadaires CSCPH (CSC);U512AJF556;Dummy;No;1;No;CTMSRV;CTMCTM_E11AJF_08_H;controlm;;SRV_PRIMAIRE;3v2zl
CTM-CONTROL-M;CTMCTM_E11AJF_08_H;CTMCTM_E11AJF_08_AJF04_H;"June 27, 2026";"June 27, 2026 1:30:34 PM";"June 27, 2026 1:30:34 PM";;Ended OK;AJF tables Hebdomadaires DIS (Dispatch);U512AJF556;Dummy;No;1;No;CTMSRV;CTMCTM_E11AJF_08_H;controlm;;SRV_PRIMAIRE;3v2zm
CTM-CONTROL-M;CTMCTM_E11AJF_08_M;CTMCTM_E11AJF_08_AJF01_M;"June 27, 2026";"June 27, 2026 1:30:32 PM";"June 27, 2026 1:30:32 PM";;Ended OK;AJF tables Mensuelles (CTMPM);U512AJF010;Dummy;No;1;No;CTMSRV;CTMCTM_E11AJF_08_M;controlm;;SRV_PRIMAIRE;3v2wu
CTM-CONTROL-M;CTMCTM_E11AJF_08_Q;CTMCTM_E11AJF_08_AJF01_Q;"June 27, 2026";"June 27, 2026 1:30:16 PM";"June 27, 2026 1:30:16 PM";;Ended OK;AJF tables Quotidiennes (CTMPQ);U512AJF010;Dummy;No;1;No;CTMSRV;CTMCTM_E11AJF_08_Q;controlm;;SRV_PRIMAIRE;3v2tn
CTM-CONTROL-M;CTMCTM_E11AJF_08_Q;CTMCTM_E11AJF_08_AJF04_Q;"June 27, 2026";"June 27, 2026 1:30:16 PM";"June 27, 2026 1:30:16 PM";;Ended OK;AJF tables Quotidiennes ETRM;U512AJF025;Dummy;No;1;No;CTMSRV;CTMCTM_E11AJF_08_Q;controlm;;SRV_PRIMAIRE;3v2te
CTM-CONTROL-M;CTMCTM_E11AJF_08_Q;CTMCTM_E11AJF_08_AJF04_Q;"June 27, 2026";"June 27, 2026 1:30:31 PM";"June 27, 2026 1:30:31 PM";;Ended OK;AJF tables Quotidiennes ETRM;U512AJF025;Dummy;No;1;No;CTMSRV;CTMCTM_E11AJF_08_Q;controlm;;SRV_PRIMAIRE;3v2tx
CTM-CONTROL-M;CTMCTM_E11AJF_08_Q;CTMCTM_E11AJF_08_AJF15_Q;"June 27, 2026";"June 27, 2026 1:30:26 PM";"June 27, 2026 1:30:26 PM";;Ended OK;AJF tables Journalieres MDM;U512AJF170;Dummy;No;1;No;CTMSRV;CTMCTM_E11AJF_08_Q;controlm;;SRV_PRIMAIRE;3v2tf
CTM-CONTROL-M;CTMCTM_E11AJF_08_Q;CTMCTM_E11AJF_08_AJF20_Q;"June 27, 2026";"June 27, 2026 1:30:17 PM";"June 27, 2026 1:30:17 PM";;Ended OK;AJF tables Quotidiennes CID;U512AJF550;Dummy;No;1;No;CTMSRV;CTMCTM_E11AJF_08_Q;controlm;;SRV_PRIMAIRE;3v2tg
CTM-CONTROL-M;CTMCTM_E11AJF_08_Q;CTMCTM_E11AJF_08_AJF21_Q;"June 27, 2026";"June 27, 2026 1:30:20 PM";"June 27, 2026 1:30:20 PM";;Ended OK;AJF tables Quoditiennes CID DEMANDE;U512AJF550;Dummy;No;1;No;CTMSRV;CTMCTM_E11AJF_08_Q;controlm;;SRV_PRIMAIRE;3v2th
CTM-CONTROL-M;CTMCTM_E11AJF_08_Q;CTMCTM_E11AJF_08_AJF23_Q;"June 27, 2026";"June 27, 2026 1:30:24 PM";"June 27, 2026 1:30:24 PM";;Ended OK;AJF tables Quotidiennes CSC;U512AJF556;Dummy;No;1;No;CTMSRV;CTMCTM_E11AJF_08_Q;controlm;;SRV_PRIMAIRE;3v2ti
CTM-CONTROL-M;CTMCTM_E11AJF_08_Q;CTMCTM_E11AJF_08_AJF24_Q;"June 27, 2026";"June 27, 2026 1:31:00 PM";"June 27, 2026 1:31:00 PM";;Ended OK;ADD COND DWH a la montee au plan;U512AJF010;Dummy;No;1;No;CTMSRV;CTMCTM_E11AJF_08_Q;controlm;;SRV_PRIMAIRE;3v2tj
CTM-CONTROL-M;CTMCTM_E11AJF_08_Q;CTMCTM_E11AJF_08_AJF27_Q;"June 27, 2026";"June 27, 2026 1:30:29 PM";"June 27, 2026 1:30:29 PM";;Ended OK;AJF tables Quotidiennes DISPATCH;U512AJF556;Dummy;No;1;No;CTMSRV;CTMCTM_E11AJF_08_Q;controlm;;SRV_PRIMAIRE;3v2to
CTM-CONTROL-M;CTMCTM_E11AJF_08_Q;CTMCTM_E11AJF_08_AJF39_Q;"June 27, 2026";"June 27, 2026 1:30:12 PM";"June 27, 2026 1:30:12 PM";;Ended OK;ADD COND SIGMA a la montee au plan;U512AJF010;Dummy;No;1;No;CTMSRV;CTMCTM_E11AJF_08_Q;controlm;;SRV_PRIMAIRE;3v2tk
CTM-CONTROL-M;CTMCTM_E11AJF_08_Q;CTMCTM_E11AJF_08_AJF432_Q;"June 27, 2026";"June 27, 2026 1:30:29 PM";"June 27, 2026 1:30:29 PM";;Ended OK;AJF tables Journalieres ENERGY sauf Samedi;U512AJF410;Dummy;No;1;No;CTMSRV;CTMCTM_E11AJF_08_Q;controlm;;SRV_PRIMAIRE;3v2tp
CTM-CONTROL-M;CTMCTM_E11AJF_08_Q;CTMCTM_E11AJF_08_AJF47_Q;"June 27, 2026";"June 27, 2026 1:30:14 PM";"June 27, 2026 1:30:14 PM";;Ended OK;ADD COND OAP a la montee au plan;U512AJF010;Dummy;No;1;No;CTMSRV;CTMCTM_E11AJF_08_Q;controlm;;SRV_PRIMAIRE;3v2tl
CTM-CONTROL-M;CTMCTM_E11AJF_08_Q;CTMCTM_E11AJF_08_AJF55_Q;"June 27, 2026";"June 27, 2026 1:30:15 PM";"June 27, 2026 1:30:15 PM";;Ended OK;ADD COND OFA a la montee au plan;U512AJF010;Dummy;No;1;No;CTMSRV;CTMCTM_E11AJF_08_Q;controlm;;SRV_PRIMAIRE;3v2tm
CTM-CONTROL-M;CTMCTM_E11AJF_08_Q;CTMCTM_E11AJF_08_AJF58_Q;"June 27, 2026";"June 27, 2026 1:30:30 PM";"June 27, 2026 1:30:30 PM";;Ended OK;AJF tables Journalieres KDR;U512AJF170;Dummy;No;1;No;CTMSRV;CTMCTM_E11AJF_08_Q;controlm;;SRV_PRIMAIRE;3v2tq
CTM-CONTROL-M;CTMCTM_E11AJF_08_Q;CTMCTM_E11AJF_08_AJF59_Q;"June 27, 2026";"June 27, 2026 1:30:33 PM";"June 27, 2026 1:30:33 PM";;Ended OK;AJF tables Journalieres FINANCE;U512AJF170;Dummy;No;1;No;CTMSRV;CTMCTM_E11AJF_08_Q;controlm;;SRV_PRIMAIRE;3v2ts
CTM-CONTROL-M;CTMCTM_E11AJF_08_Q;CTMCTM_E11AJF_08_AJF60_Q;"June 27, 2026";"June 27, 2026 1:30:36 PM";"June 27, 2026 1:30:36 PM";;Ended OK;AJF tables Journaliere PREDTR;U512AJF170;Dummy;No;1;No;CTMSRV;CTMCTM_E11AJF_08_Q;controlm;;SRV_PRIMAIRE;3v2tr
CTM-CONTROL-M;CTMCTM_E11AJF_08_Q;CTMCTM_E11AJF_08_AJF61_Q;"June 27, 2026";"June 27, 2026 1:30:22 PM";"June 27, 2026 1:30:22 PM";;Ended OK;AJF tables Journalieres ARS;U512AJF170;Dummy;No;1;No;CTMSRV;CTMCTM_E11AJF_08_Q;controlm;;SRV_PRIMAIRE;3v2tt
CTM-CONTROL-M;CTMCTM_E11AJF_08_Q;CTMCTM_E11AJF_08_AJF62_Q;"June 27, 2026";"June 27, 2026 1:30:23 PM";"June 27, 2026 1:30:23 PM";;Ended OK;AJF tables Journalieres MBB;U512AJF170;Dummy;No;1;No;CTMSRV;CTMCTM_E11AJF_08_Q;controlm;;SRV_PRIMAIRE;3v2tu
CTM-CONTROL-M;CTMCTM_E11AJF_08_Q;CTMCTM_E11AJF_08_AJF63_Q;"June 27, 2026";"June 27, 2026 1:30:27 PM";"June 27, 2026 1:30:27 PM";;Ended OK;AJF tables Quotidiennes GDR;U512AJF025;Dummy;No;1;No;CTMSRV;CTMCTM_E11AJF_08_Q;controlm;;SRV_PRIMAIRE;3v2tv
CTM-CONTROL-M;CTMCTM_E11AJF_08_Q;CTMCTM_E11AJF_08_AJF64_Q;"June 27, 2026";"June 27, 2026 1:30:25 PM";"June 27, 2026 1:30:25 PM";;Ended OK;AJF tables Quotidiennes PKI;U512AJF025;Dummy;No;1;No;CTMSRV;CTMCTM_E11AJF_08_Q;controlm;;SRV_PRIMAIRE;3v2tw
CTM-CONTROL-M;CTMCTM_E11STP_01_Q;CTMCTM_E11STP_01_SUB02_Q;"June 27, 2026";"June 27, 2026 8:00:00 PM";"June 27, 2026 8:00:00 PM";;Ended OK;Arret du serveur UDKEMB;ARRET_UDKEMB;Dummy;No;1;No;CTMSRV;CTMCTM_E11STP_01_Q;root;;;3v29m
CTM-CONTROL-M;CTMCTM_E11TEC_04_Q;CTMCTM_E11TEC_04_SUB01_Q;"June 27, 2026";"June 28, 2026 12:05:00 AM";"June 28, 2026 12:05:00 AM";;Ended OK;Soumission scripts DWH a 00h05;SUBT0005 DWH;Dummy;No;1;No;CTMSRV;CTMCTM_E11TEC_04_Q;svce_cm;;;3v21r
CTM-CONTROL-M;CTMCTM_E11TEC_04_Q;CTMCTM_E11TEC_04_SUB02_Q;"June 27, 2026";"June 28, 2026 2:00:00 AM";"June 28, 2026 2:00:00 AM";;Ended OK;Soumission scripts CITY a 01h00;CITY SUBT0200;Dummy;No;1;No;CTMSRV;CTMCTM_E11TEC_04_Q;svce_cm;;;3v21s
CTM-CONTROL-M;CTMCTM_E11TEC_04_Q;CTMCTM_E11TEC_04_SUB03_Q;"June 27, 2026";"June 28, 2026 3:00:00 AM";"June 28, 2026 3:00:00 AM";;Ended OK;Soumission deblocage scripts HERCULE a 03h00;HERCULE SUBT0300 start  prod;Dummy;No;1;No;CTMSRV;CTMCTM_E11TEC_04_Q;svce_cm;;;3v21t
CTM-CONTROL-M;CTMCTM_E11TEC_04_Q;CTMCTM_E11TEC_04_SUB10_Q;"June 27, 2026";"June 27, 2026 1:30:12 PM";"June 27, 2026 1:30:12 PM";;Ended OK;Soumission scripts a 13H30;SUBT1330;Dummy;No;1;No;CTMSRV;CTMCTM_E11TEC_04_Q;svce_cm;;;3v21u
CTM-CONTROL-M;CTMCTM_E11TEC_04_Q;CTMCTM_E11TEC_04_SUB11_Q;"June 27, 2026";"June 27, 2026 2:00:00 PM";"June 27, 2026 2:00:00 PM";;Ended OK;Soumission scripts a 14h00;SUBT1400;Dummy;No;1;No;CTMSRV;CTMCTM_E11TEC_04_Q;svce_cm;;;3v21v
CTM-CONTROL-M;CTMCTM_E11TEC_04_Q;CTMCTM_E11TEC_04_SUB12_Q;"June 27, 2026";"June 27, 2026 3:00:00 PM";"June 27, 2026 3:00:00 PM";;Ended OK;Soumission scripts a 15h00;SUBT1500;Dummy;No;1;No;CTMSRV;CTMCTM_E11TEC_04_Q;svce_cm;;;3v21w
CTM-CONTROL-M;CTMCTM_E11TEC_04_Q;CTMCTM_E11TEC_04_SUB16_Q;"June 27, 2026";"June 28, 2026 6:00:00 AM";"June 28, 2026 6:00:00 AM";;Ended OK;Soumission start service HERCULE à 07h00;HERCULE SUBT0700 stop prod;Dummy;No;1;No;CTMSRV;CTMCTM_E11TEC_04_Q;root;;;3v21x
CTM-CONTROL-M;CTMCTM_E11TEC_04_Q;CTMCTM_E11TEC_04_SUB28_Q;"June 27, 2026";"June 27, 2026 2:00:00 PM";"June 27, 2026 2:00:00 PM";;Ended OK;Soumission scripts à 14h00;SUBT1400;Dummy;No;1;No;CTMSRV;CTMCTM_E11TEC_04_Q;root;;;3v21y
CTM-CONTROL-M;CTMCTM_E11TEC_04_Q;CTMCTM_E11TEC_04_SUB29_Q;"June 27, 2026";"June 27, 2026 3:00:00 PM";"June 27, 2026 3:00:00 PM";;Ended OK;Soumission scripts à 15h00;SUBT1500;Dummy;No;1;No;CTMSRV;CTMCTM_E11TEC_04_Q;root;;;3v21z
CTM-CONTROL-M;CTMCTM_E11TEC_04_Q;CTMCTM_E11TEC_04_SUB34_Q;"June 27, 2026";"June 27, 2026 9:30:00 PM";"June 27, 2026 9:30:00 PM";;Ended OK;Soumission scripts à 21H30;SUBT2130;Dummy;No;1;No;CTMSRV;CTMCTM_E11TEC_04_Q;root;;;3v220
CTM-CONTROL-M;CTMCTM_E12AJF_08_Q;CTMCTM_E12AJF_08_ACC01_Q;"June 27, 2026";"June 27, 2026 3:00:00 PM";"June 27, 2026 3:00:19 PM";;Ended OK;Accumulation des statistiques control_m;U512AJF510;Command;No;1;No;CTMSRV;CTMCTM_E12AJF_08_Q;controlm;ldkctmp50;SRV_PRIMAIRE;3v2em
CTM-CONTROL-M;CTMCTM_E12AJF_08_Q;CTMCTM_E12AJF_08_DEL01_Q;"June 27, 2026";"June 27, 2026 1:30:16 PM";"June 27, 2026 1:31:18 PM";;Ended OK;Delete des conditions anterieures a 7 jours;U512AJF500;Command;No;1;No;CTMSRV;CTMCTM_E12AJF_08_Q;controlm;ldkctmp50;SRV_PRIMAIRE;3v2el
CTM-CONTROL-M;CTMCTM_E12AJF_08_Q;CTMCTM_E12AJF_08_EXT01_Q;"June 27, 2026";"June 27, 2026 6:45:00 PM";"June 27, 2026 6:45:05 PM";;Ended OK;ctmldnrs: creation fic. conditions AJF absentes nof U514;U512AJF800;Command;No;1;No;CTMSRV;CTMCTM_E12AJF_08_Q;controlm;ldkctmp50;SRV_PRIMAIRE;3v2es
CTM-CONTROL-M;CTMCTM_E12AJF_08_Q;CTMCTM_E12AJF_08_ORP01_Q;"June 27, 2026";"June 27, 2026 6:45:05 PM";"June 27, 2026 6:45:06 PM";;Ended OK;ctmldnrs: load des conditions AJF absentes (VEH*);U512AJF820;Command;No;1;No;CTMSRV;CTMCTM_E12AJF_08_Q;controlm;ldkctmp50;SRV_PRIMAIRE;3v2et
CTM-CONTROL-M;CTMCTM_E12AJF_08_Q;CTMCTM_E12AJF_08_ORP02_Q;"June 27, 2026";"June 27, 2026 6:45:06 PM";"June 27, 2026 6:45:07 PM";;Ended OK;ctmldnrs: load des conditions AJF absentes (PRE*);U512AJF810;Command;No;1;No;CTMSRV;CTMCTM_E12AJF_08_Q;controlm;ldkctmp50;SRV_PRIMAIRE;3v2en
CTM-CONTROL-M;CTMCTM_E12AJF_08_Q;CTMCTM_E12AJF_08_ORP03_Q;"June 27, 2026";"June 27, 2026 6:45:08 PM";"June 27, 2026 6:45:09 PM";;Ended OK;ctmldnrs: load des conditions AJF absentes (CID*);U512AJF811;Command;No;1;No;CTMSRV;CTMCTM_E12AJF_08_Q;controlm;ldkctmp50;SRV_PRIMAIRE;3v2eo
CTM-CONTROL-M;CTMCTM_E12AJF_08_Q;CTMCTM_E12AJF_08_ORP04_Q;"June 27, 2026";"June 27, 2026 6:45:09 PM";"June 27, 2026 6:45:10 PM";;Ended OK;ctmldnrs: load des conditions AJF absentes (EAI*);U512AJF812;Command;No;1;No;CTMSRV;CTMCTM_E12AJF_08_Q;controlm;ldkctmp50;SRV_PRIMAIRE;3v2ep
CTM-CONTROL-M;CTMCTM_E12AJF_08_Q;CTMCTM_E12AJF_08_ORP05_Q;"June 27, 2026";"June 27, 2026 6:45:11 PM";"June 27, 2026 6:45:12 PM";;Ended OK;ctmldnrs: load des conditions AJF absentes (ETR*);U512AJF813;Command;No;1;No;CTMSRV;CTMCTM_E12AJF_08_Q;controlm;ldkctmp50;SRV_PRIMAIRE;3v2eq
CTM-CONTROL-M;CTMCTM_E12AJF_08_Q;CTMCTM_E12AJF_08_ORP06_Q;"June 27, 2026";"June 27, 2026 6:45:13 PM";"June 27, 2026 6:45:14 PM";;Ended OK;ctmldnrs: load des conditions AJF absentes (BOC*);U512AJF815;Command;No;1;No;CTMSRV;CTMCTM_E12AJF_08_Q;controlm;ldkctmp50;SRV_PRIMAIRE;3v2er
CTM-CONTROL-M;CTMCTM_E12AJF_08_Q;CTMCTM_E12AJF_08_ORP07_Q;"June 27, 2026";"June 27, 2026 6:45:14 PM";"June 27, 2026 6:45:15 PM";;Ended OK;ctmldnrs: load des conditions AJF absentes (OAP*);AJF_CTM_860;Command;No;1;No;CTMSRV;CTMCTM_E12AJF_08_Q;controlm;ldkctmp50;SRV_PRIMAIRE;3v2ey
CTM-CONTROL-M;CTMCTM_E12AJF_08_Q;CTMCTM_E12AJF_08_ORP08_Q;"June 27, 2026";"June 27, 2026 6:45:16 PM";"June 27, 2026 6:45:17 PM";;Ended OK;ctmldnrs: load des conditions AJF absentes (ECO*);AJF_CTM_820;Command;No;1;No;CTMSRV;CTMCTM_E12AJF_08_Q;controlm;ldkctmp50;SRV_PRIMAIRE;3v2eu
CTM-CONTROL-M;CTMCTM_E12AJF_08_Q;CTMCTM_E12AJF_08_ORP09_Q;"June 27, 2026";"June 27, 2026 6:45:18 PM";"June 27, 2026 6:45:19 PM";;Ended OK;ctmldnrs: load des conditions AJF absentes (XFB*);AJF_CTM_830;Command;No;1;No;CTMSRV;CTMCTM_E12AJF_08_Q;controlm;ldkctmp50;SRV_PRIMAIRE;3v2ev
CTM-CONTROL-M;CTMCTM_E12AJF_08_Q;CTMCTM_E12AJF_08_ORP10_Q;"June 27, 2026";"June 27, 2026 6:45:19 PM";"June 27, 2026 6:45:20 PM";;Ended OK;ctmldnrs: load des conditions AJF absentes (ALA*);AJF_CTM_840;Command;No;1;No;CTMSRV;CTMCTM_E12AJF_08_Q;controlm;ldkctmp50;SRV_PRIMAIRE;3v2ew
CTM-CONTROL-M;CTMCTM_E12AJF_08_Q;CTMCTM_E12AJF_08_ORP11_Q;"June 27, 2026";"June 27, 2026 6:45:21 PM";"June 27, 2026 6:45:22 PM";;Ended OK;ctmldnrs: load des conditions AJF absentes (SIG*);AJF_CTM_850;Command;No;1;No;CTMSRV;CTMCTM_E12AJF_08_Q;controlm;ldkctmp50;SRV_PRIMAIRE;3v2ex
CTM-CONTROL-M;CTMCTM_E12AJF_08_Q;CTMCTM_E12AJF_08_ORP12_Q;"June 27, 2026";"June 27, 2026 6:45:22 PM";"June 27, 2026 6:45:23 PM";;Ended OK;ctmldnrs: load des conditions AJF absentes (SAG*);AJF_CTM_850;Command;No;1;No;CTMSRV;CTMCTM_E12AJF_08_Q;controlm;ldkctmp50;SRV_PRIMAIRE;3v2ez
CTM-CONTROL-M;CTMCTM_E12AJF_08_Q;CTMCTM_E12AJF_08_ORP13_Q;"June 27, 2026";"June 27, 2026 6:45:24 PM";"June 27, 2026 6:45:25 PM";;Ended OK;ctmldnrs: load des conditions AJF absentes (HRA*);AJF_CTM_850;Command;No;1;No;CTMSRV;CTMCTM_E12AJF_08_Q;controlm;ldkctmp50;SRV_PRIMAIRE;3v2f0
CTM-CONTROL-M;CTMCTM_E12AJF_08_Q;CTMCTM_E12AJF_08_ORP14_Q;"June 27, 2026";"June 27, 2026 6:45:25 PM";"June 27, 2026 6:45:26 PM";;Ended OK;ctmldnrs: load des conditions AJF absentes (DWH*);AJF_CTM_850;Command;No;1;No;CTMSRV;CTMCTM_E12AJF_08_Q;controlm;ldkctmp50;SRV_PRIMAIRE;3v2f1
CTM-CONTROL-M;CTMCTM_E12AJF_08_Q;CTMCTM_E12AJF_08_ORP15_Q;"June 27, 2026";"June 27, 2026 6:45:26 PM";"June 27, 2026 6:45:27 PM";;Ended OK;ctmldnrs: load des conditions AJF absentes (CSC*);AJF_CTM_850;Command;No;1;No;CTMSRV;CTMCTM_E12AJF_08_Q;controlm;ldkctmp50;SRV_PRIMAIRE;3v2f2
CTM-CONTROL-M;CTMCTM_E12AJF_08_Q;CTMCTM_E12AJF_08_ORP16_Q;"June 27, 2026";"June 27, 2026 6:45:28 PM";"June 27, 2026 6:45:29 PM";;Ended OK;ctmldnrs: load des conditions AJF absentes (MDM*);AJF_CTM_850;Command;No;1;No;CTMSRV;CTMCTM_E12AJF_08_Q;controlm;ldkctmp50;SRV_PRIMAIRE;3v2f3
CTM-CONTROL-M;CTMCTM_E12AJF_08_Q;CTMCTM_E12AJF_08_ORP17_Q;"June 27, 2026";"June 27, 2026 6:45:30 PM";"June 27, 2026 6:45:31 PM";;Ended OK;ctmldnrs: load des conditions AJF absentes (HA8*);AJF_CTM_850;Command;No;1;No;CTMSRV;CTMCTM_E12AJF_08_Q;controlm;ldkctmp50;SRV_PRIMAIRE;3v2f4
CTM-CONTROL-M;CTMCTM_E12AJF_08_Q;CTMCTM_E12AJF_08_ORP18_Q;"June 27, 2026";"June 27, 2026 6:45:31 PM";"June 27, 2026 6:45:35 PM";;Ended OK;ctmldnrs: load des conditions AJF absentes (NRJ*);AJF_CTM_850;Command;No;1;No;CTMSRV;CTMCTM_E12AJF_08_Q;controlm;ldkctmp50;SRV_PRIMAIRE;3v2f5
CTM-CONTROL-M;CTMCTM_E12AJF_08_Q;CTMCTM_E12AJF_08_ORP19_Q;"June 27, 2026";"June 27, 2026 6:45:36 PM";"June 27, 2026 6:45:37 PM";;Ended OK;ctmldnrs: load des conditions AJF absentes (OAF*);AJF_CTM_850;Command;No;1;No;CTMSRV;CTMCTM_E12AJF_08_Q;controlm;ldkctmp50;SRV_PRIMAIRE;3v2f6
CTM-CONTROL-M;CTMCTM_E12AJF_08_Q;CTMCTM_E12AJF_08_ORP20_Q;"June 27, 2026";"June 27, 2026 6:45:38 PM";"June 27, 2026 6:45:39 PM";;Ended OK;ctmldnrs: load des conditions AJF absentes (OPM*);AJF_CTM_850;Command;No;1;No;CTMSRV;CTMCTM_E12AJF_08_Q;controlm;ldkctmp50;SRV_PRIMAIRE;3v2f7
CTM-CONTROL-M;CTMCTM_E12AJF_08_Q;CTMCTM_E12AJF_08_ORP21_Q;"June 27, 2026";"June 27, 2026 6:45:40 PM";"June 27, 2026 6:45:41 PM";;Ended OK;ctmldnrs: load des conditions AJF absentes (OAA*);AJF_CTM_850;Command;No;1;No;CTMSRV;CTMCTM_E12AJF_08_Q;controlm;ldkctmp50;SRV_PRIMAIRE;3v2f8
CTM-CONTROL-M;CTMCTM_E12AJF_08_Q;CTMCTM_E12AJF_08_ORP22_Q;"June 27, 2026";"June 27, 2026 6:45:41 PM";"June 27, 2026 6:45:42 PM";;Ended OK;ctmldnrs: load des conditions AJF absentes (PRO*);AJF_CTM_850;Command;No;1;No;CTMSRV;CTMCTM_E12AJF_08_Q;controlm;ldkctmp50;SRV_PRIMAIRE;3v2f9
CTM-CONTROL-M;CTMCTM_E12AJF_08_Q;CTMCTM_E12AJF_08_ORP23_Q;"June 27, 2026";"June 27, 2026 6:45:43 PM";"June 27, 2026 6:45:44 PM";;Ended OK;ctmldnrs: load des conditions AJF absentes (DWS*);AJF_CTM_850;Command;No;1;No;CTMSRV;CTMCTM_E12AJF_08_Q;controlm;ldkctmp50;SRV_PRIMAIRE;3v2fa
CTM-CONTROL-M;CTMCTM_E12AJF_08_Q;CTMCTM_E12AJF_08_ORP24_Q;"June 27, 2026";"June 27, 2026 6:45:45 PM";"June 27, 2026 6:45:46 PM";;Ended OK;ctmldnrs: load des conditions AJF absentes (DWA*);AJF_CTM_850;Command;No;1;No;CTMSRV;CTMCTM_E12AJF_08_Q;controlm;ldkctmp50;SRV_PRIMAIRE;3v2fb
CTM-CONTROL-M;CTMCTM_E12AJF_08_Q;CTMCTM_E12AJF_08_ORP25_Q;"June 27, 2026";"June 27, 2026 6:45:47 PM";"June 27, 2026 6:45:47 PM";;Ended OK;ctmldnrs: load des conditions AJF absentes (DWF*);AJF_CTM_850;Command;No;1;No;CTMSRV;CTMCTM_E12AJF_08_Q;controlm;ldkctmp50;SRV_PRIMAIRE;3v2fc
CTM-CONTROL-M;CTMCTM_E12AJF_08_Q;CTMCTM_E12AJF_08_ORP26_Q;"June 27, 2026";"June 27, 2026 6:45:48 PM";"June 27, 2026 6:45:49 PM";;Ended OK;ctmldnrs: load des conditions AJF absentes (OPT*);AJF_CTM_850;Command;No;1;No;CTMSRV;CTMCTM_E12AJF_08_Q;controlm;ldkctmp50;SRV_PRIMAIRE;3v2fd
CTM-CONTROL-M;CTMCTM_E12AJF_08_Q;CTMCTM_E12AJF_08_ORP27_Q;"June 27, 2026";"June 27, 2026 6:45:50 PM";"June 27, 2026 6:45:51 PM";;Ended OK;ctmldnrs: load des conditions AJF absentes (GTG*);AJF_CTM_850;Command;No;1;No;CTMSRV;CTMCTM_E12AJF_08_Q;controlm;ldkctmp50;SRV_PRIMAIRE;3v2fe
CTM-CONTROL-M;CTMCTM_E12AJF_08_Q;CTMCTM_E12AJF_08_ORP28_Q;"June 27, 2026";"June 27, 2026 6:45:51 PM";"June 27, 2026 6:45:52 PM";;Ended OK;ctmldnrs: load des conditions AJF absentes (ARI*);AJF_CTM_850;Command;No;1;No;CTMSRV;CTMCTM_E12AJF_08_Q;controlm;ldkctmp50;SRV_PRIMAIRE;3v2ff
CTM-CONTROL-M;CTMCTM_E12AJF_08_Q;CTMCTM_E12AJF_08_ORP29_Q;"June 27, 2026";"June 27, 2026 6:45:53 PM";"June 27, 2026 6:45:54 PM";;Ended OK;ctmldnrs: load des conditions AJF absentes (SRV*);AJF_CTM_850;Command;No;1;No;CTMSRV;CTMCTM_E12AJF_08_Q;controlm;ldkctmp50;SRV_PRIMAIRE;3v2fg
CTM-CONTROL-M;CTMCTM_E12AJF_08_Q;CTMCTM_E12AJF_08_ORP30_Q;"June 27, 2026";"June 27, 2026 6:45:54 PM";"June 27, 2026 6:45:55 PM";;Ended OK;ctmldnrs: load des conditions AJF absentes (FST*);AJF_CTM_850;Command;No;1;No;CTMSRV;CTMCTM_E12AJF_08_Q;controlm;ldkctmp50;SRV_PRIMAIRE;3v2fh
CTM-CONTROL-M;CTMCTM_E12AJF_08_Q;CTMCTM_E12AJF_08_ORP31_Q;"June 27, 2026";"June 27, 2026 6:45:56 PM";"June 27, 2026 6:45:57 PM";;Ended OK;ctmldnrs: load des conditions AJF absentes (PIC*);AJF_CTM_850;Command;No;1;No;CTMSRV;CTMCTM_E12AJF_08_Q;controlm;ldkctmp50;SRV_PRIMAIRE;3v2fi
CTM-CONTROL-M;CTMCTM_E12AJF_08_Q;CTMCTM_E12AJF_08_ORP32_Q;"June 27, 2026";"June 27, 2026 6:45:58 PM";"June 27, 2026 6:45:58 PM";;Ended OK;ctmldnrs: load des conditions AJF absentes (SES*);AJF_CTM_850;Command;No;1;No;CTMSRV;CTMCTM_E12AJF_08_Q;controlm;ldkctmp50;SRV_PRIMAIRE;3v2fj
CTM-CONTROL-M;CTMCTM_E12AJF_08_Q;CTMCTM_E12AJF_08_ORP33_Q;"June 27, 2026";"June 27, 2026 6:45:59 PM";"June 27, 2026 6:46:00 PM";;Ended OK;ctmldnrs: load des conditions AJF absentes (DIS*);AJF_CTM_850;Command;No;1;No;CTMSRV;CTMCTM_E12AJF_08_Q;controlm;ldkctmp50;SRV_PRIMAIRE;3v2fk
CTM-CONTROL-M;CTMCTM_E12AJF_08_Q;CTMCTM_E12AJF_08_ORP34_Q;"June 27, 2026";"June 27, 2026 6:46:01 PM";"June 27, 2026 6:46:02 PM";;Ended OK;ctmldnrs: load des conditions AJF absentes (DIC*);AJF_CTM_850;Command;No;1;No;CTMSRV;CTMCTM_E12AJF_08_Q;controlm;ldkctmp50;SRV_PRIMAIRE;3v2fl
CTM-CONTROL-M;CTMCTM_E12AJF_08_Q;CTMCTM_E12AJF_08_ORP35_Q;"June 27, 2026";"June 27, 2026 6:46:02 PM";"June 27, 2026 6:46:03 PM";;Ended OK;ctmldnrs: load des conditions AJF absentes (HAM*);AJF_CTM_850;Command;No;1;No;CTMSRV;CTMCTM_E12AJF_08_Q;controlm;ldkctmp50;SRV_PRIMAIRE;3v2fm
CTM-CONTROL-M;CTMCTM_E12AJF_08_Q;CTMCTM_E12AJF_08_ORP36_Q;"June 27, 2026";"June 27, 2026 6:46:03 PM";"June 27, 2026 6:46:05 PM";;Ended OK;ctmldnrs: load des conditions AJF absentes (DWC*);AJF_CTM_850;Command;No;1;No;CTMSRV;CTMCTM_E12AJF_08_Q;controlm;ldkctmp50;SRV_PRIMAIRE;3v2fn
CTM-CONTROL-M;CTMCTM_E12AJF_08_Q;CTMCTM_E12AJF_08_ORP37_Q;"June 27, 2026";"June 27, 2026 6:46:06 PM";"June 27, 2026 6:46:07 PM";;Ended OK;ctmldnrs: load des conditions AJF absentes (DTR*);AJF_CTM_850;Command;No;1;No;CTMSRV;CTMCTM_E12AJF_08_Q;controlm;ldkctmp50;SRV_PRIMAIRE;3v2fo
CTM-CONTROL-M;CTMCTM_E12AJF_08_Q;CTMCTM_E12AJF_08_ORP38_Q;"June 27, 2026";"June 27, 2026 6:46:07 PM";"June 27, 2026 6:46:09 PM";;Ended OK;ctmldnrs: load des conditions AJF absentes (PEL*);AJF_CTM_850;Command;No;1;No;CTMSRV;CTMCTM_E12AJF_08_Q;controlm;ldkctmp50;SRV_PRIMAIRE;3v2fp
CTM-CONTROL-M;CTMCTM_E12AJF_08_Q;CTMCTM_E12AJF_08_ORP39_Q;"June 27, 2026";"June 27, 2026 6:46:10 PM";"June 27, 2026 6:46:11 PM";;Ended OK;ctmldnrs: load des conditions AJF absentes (HAV*);AJF_CTM_850;Command;No;1;No;CTMSRV;CTMCTM_E12AJF_08_Q;controlm;ldkctmp50;SRV_PRIMAIRE;3v2fq
CTM-CONTROL-M;CTMCTM_E12AJF_08_Q;CTMCTM_E12AJF_08_ORP40_Q;"June 27, 2026";"June 27, 2026 6:46:11 PM";"June 27, 2026 6:46:12 PM";;Ended OK;ctmldnrs: load des conditions AJF absentes (HO*) HOLD et HOLD2;AJF_CTM_850;Command;No;1;No;CTMSRV;CTMCTM_E12AJF_08_Q;controlm;ldkctmp50;SRV_PRIMAIRE;3v2fr
CTM-CONTROL-M;CTMCTM_E12AJF_08_Q;CTMCTM_E12AJF_08_ORP41_Q;"June 27, 2026";"June 27, 2026 6:46:13 PM";"June 27, 2026 6:46:14 PM";;Ended OK;ctmldnrs: load des conditions AJF absentes (SIC*);AJF_CTM_850;Command;No;1;No;CTMSRV;CTMCTM_E12AJF_08_Q;controlm;ldkctmp50;SRV_PRIMAIRE;3v2fs
CTM-CONTROL-M;CTMCTM_E12AJF_08_Q;CTMCTM_E12AJF_08_ORP42_Q;"June 27, 2026";"June 27, 2026 6:46:15 PM";"June 27, 2026 6:46:16 PM";;Ended OK;ctmldnrs: load des conditions AJF absentes (OFA*);AJF_CTM_850;Command;No;1;No;CTMSRV;CTMCTM_E12AJF_08_Q;controlm;ldkctmp50;SRV_PRIMAIRE;3v2ft
CTM-CONTROL-M;CTMCTM_E12AJF_08_Q;CTMCTM_E12AJF_08_ORP43_Q;"June 27, 2026";"June 27, 2026 6:46:17 PM";"June 27, 2026 6:46:17 PM";;Ended OK;ctmldnrs: load des conditions AJF absentes (AGG*);AJF_CTM_850;Command;No;1;No;CTMSRV;CTMCTM_E12AJF_08_Q;controlm;ldkctmp50;SRV_PRIMAIRE;3v2fu
CTM-CONTROL-M;CTMCTM_E12AJF_08_Q;CTMCTM_E12AJF_08_ORP44_Q;"June 27, 2026";"June 27, 2026 6:46:18 PM";"June 27, 2026 6:46:19 PM";;Ended OK;ctmldnrs: load des conditions AJF absentes (GRT*);AJF_CTM_850;Command;No;1;No;CTMSRV;CTMCTM_E12AJF_08_Q;controlm;ldkctmp50;SRV_PRIMAIRE;3v2fv
CTM-CONTROL-M;CTMCTM_E12AJF_08_Q;CTMCTM_E12AJF_08_ORP45_Q;"June 27, 2026";"June 27, 2026 6:46:20 PM";"June 27, 2026 6:46:21 PM";;Ended OK;ctmldnrs: load des conditions AJF absentes (NSI*);AJF_CTM_850;Command;No;1;No;CTMSRV;CTMCTM_E12AJF_08_Q;controlm;ldkctmp50;SRV_PRIMAIRE;3v2fw
CTM-CONTROL-M;CTMCTM_E12AJF_08_Q;CTMCTM_E12AJF_08_ORP46_Q;"June 27, 2026";"June 27, 2026 6:46:21 PM";"June 27, 2026 6:46:22 PM";;Ended OK;ctmldnrs: load des conditions AJF absentes (C2E*);AJF_CTM_850;Command;No;1;No;CTMSRV;CTMCTM_E12AJF_08_Q;controlm;ldkctmp50;SRV_PRIMAIRE;3v2fx
CTM-CONTROL-M;CTMCTM_E12AJF_08_Q;CTMCTM_E12AJF_08_ORP47_Q;"June 27, 2026";"June 27, 2026 6:46:23 PM";"June 27, 2026 6:46:24 PM";;Ended OK;ctmldnrs: load des conditions AJF absentes (MYD*);AJF_CTM_850;Command;No;1;No;CTMSRV;CTMCTM_E12AJF_08_Q;controlm;ldkctmp50;SRV_PRIMAIRE;3v2fy
CTM-CONTROL-M;CTMCTM_E12AJF_08_Q;CTMCTM_E12AJF_08_ORP48_Q;"June 27, 2026";"June 27, 2026 6:46:25 PM";"June 27, 2026 6:46:26 PM";;Ended OK;ctmldnrs: load des conditions AJF absentes (DEC*);AJF_CTM_850;Command;No;1;No;CTMSRV;CTMCTM_E12AJF_08_Q;controlm;ldkctmp50;SRV_PRIMAIRE;3v2fz
CTM-CONTROL-M;CTMCTM_E12AJF_08_Q;CTMCTM_E12AJF_08_ORP49_Q;"June 27, 2026";"June 27, 2026 6:46:27 PM";"June 27, 2026 6:46:28 PM";;Ended OK;ctmldnrs: load des conditions AJF absentes (CTX*);AJF_CTM_850;Command;No;1;No;CTMSRV;CTMCTM_E12AJF_08_Q;controlm;ldkctmp50;SRV_PRIMAIRE;3v2g0
CTM-CONTROL-M;CTMCTM_E12AJF_08_Q;CTMCTM_E12AJF_08_ORP50_Q;"June 27, 2026";"June 27, 2026 6:46:28 PM";"June 27, 2026 6:46:29 PM";;Ended OK;ctmldnrs: load des conditions AJF absentes (FAX*);AJF_CTM_850;Command;No;1;No;CTMSRV;CTMCTM_E12AJF_08_Q;controlm;ldkctmp50;SRV_PRIMAIRE;3v2g1
CTM-CONTROL-M;CTMCTM_E12AJF_08_Q;CTMCTM_E12AJF_08_ORP51_Q;"June 27, 2026";"June 27, 2026 6:46:30 PM";"June 27, 2026 6:46:31 PM";;Ended OK;ctmldnrs: load des conditions AJF absentes (ALP*);AJF_CTM_850;Command;No;1;No;CTMSRV;CTMCTM_E12AJF_08_Q;controlm;ldkctmp50;SRV_PRIMAIRE;3v2g2
CTM-CONTROL-M;CTMCTM_E12AJF_08_Q;CTMCTM_E12AJF_08_ORP52_Q;"June 27, 2026";"June 27, 2026 6:46:32 PM";"June 27, 2026 6:46:33 PM";;Ended OK;ctmldnrs: load des conditions AJF absentes (HAD*);AJF_CTM_850;Command;No;1;No;CTMSRV;CTMCTM_E12AJF_08_Q;controlm;ldkctmp50;SRV_PRIMAIRE;3v2g3
CTM-CONTROL-M;CTMCTM_E12AJF_08_Q;CTMCTM_E12AJF_08_ORP53_Q;"June 27, 2026";"June 27, 2026 6:46:33 PM";"June 27, 2026 6:46:35 PM";;Ended OK;ctmldnrs: load des conditions AJF absentes (BDM*);AJF_CTM_850;Command;No;1;No;CTMSRV;CTMCTM_E12AJF_08_Q;controlm;ldkctmp50;SRV_PRIMAIRE;3v2g4
CTM-CONTROL-M;CTMCTM_E12AJF_08_Q;CTMCTM_E12AJF_08_ORP54_Q;"June 27, 2026";"June 27, 2026 6:46:35 PM";"June 27, 2026 6:46:36 PM";;Ended OK;ctmldnrs: load des conditions AJF absentes (BAB*);AJF_CTM_850;Command;No;1;No;CTMSRV;CTMCTM_E12AJF_08_Q;controlm;ldkctmp50;SRV_PRIMAIRE;3v2g5
CTM-CONTROL-M;CTMCTM_E12AJF_08_Q;CTMCTM_E12AJF_08_ORP55_Q;"June 27, 2026";"June 27, 2026 6:46:37 PM";"June 27, 2026 6:46:38 PM";;Ended OK;ctmldnrs: load des conditions AJF absentes (ECA*);AJF_CTM_850;Command;No;1;No;CTMSRV;CTMCTM_E12AJF_08_Q;controlm;ldkctmp50;SRV_PRIMAIRE;3v2g6
CTM-CONTROL-M;CTMCTM_E12AJF_08_Q;CTMCTM_E12AJF_08_ORP56_Q;"June 27, 2026";"June 27, 2026 6:46:39 PM";"June 27, 2026 6:46:40 PM";;Ended OK;ctmldnrs: load des conditions AJF absentes (CTM*);AJF_CTM_850;Command;No;1;No;CTMSRV;CTMCTM_E12AJF_08_Q;controlm;ldkctmp50;SRV_PRIMAIRE;3v2g7
CTM-CONTROL-M;CTMCTM_E12AJF_08_Q;CTMCTM_E12AJF_08_ORP57_Q;"June 27, 2026";"June 27, 2026 6:46:40 PM";"June 27, 2026 6:46:41 PM";;Ended OK;ctmldnrs: load des conditions AJF absentes (NES*);AJF_CTM_850;Command;No;1;No;CTMSRV;CTMCTM_E12AJF_08_Q;controlm;ldkctmp50;SRV_PRIMAIRE;3v2g8
CTM-CONTROL-M;CTMCTM_E12AJF_08_Q;CTMCTM_E12AJF_08_ORP58_Q;"June 27, 2026";"June 27, 2026 6:46:42 PM";"June 27, 2026 6:46:43 PM";;Ended OK;ctmldnrs: load des conditions AJF absentes (V4D*);CTMCTM_E12AJF_08_ORP58_Q;Command;No;1;No;CTMSRV;CTMCTM_E12AJF_08_Q;controlm;ldkctmp50;SRV_PRIMAIRE;3v2ga
CTM-CONTROL-M;CTMCTM_E12AJF_08_Q;CTMCTM_E12AJF_08_ORP59_Q;"June 27, 2026";"June 27, 2026 6:46:43 PM";"June 27, 2026 6:46:44 PM";;Ended OK;ctmldnrs: load des conditions AJF absentes (REF*);CTMCTM_E12AJF_08_ORP59_Q;Command;No;1;No;CTMSRV;CTMCTM_E12AJF_08_Q;controlm;ldkctmp50;SRV_PRIMAIRE;3v2g9
CTM-CONTROL-M;CTMCTM_E12AJF_08_Q;CTMCTM_E12AJF_08_ORP60_Q;"June 27, 2026";"June 27, 2026 6:46:44 PM";"June 27, 2026 6:46:45 PM";;Ended OK;ctmldnrs: load des conditions AJF absentes (CIT*);CTMCTM_E12AJF_08_ORP60_Q;Command;No;1;No;CTMSRV;CTMCTM_E12AJF_08_Q;controlm;ldkctmp50;SRV_PRIMAIRE;3v2gc
CTM-CONTROL-M;CTMCTM_E12AJF_08_Q;CTMCTM_E12AJF_08_ORP61_Q;"June 27, 2026";"June 27, 2026 6:46:46 PM";"June 27, 2026 6:46:47 PM";;Ended OK;ctmldnrs: load des conditions AJF absentes (HEC*);CTMCTM_E12AJF_08_ORP61_Q;Command;No;1;No;CTMSRV;CTMCTM_E12AJF_08_Q;controlm;ldkctmp50;SRV_PRIMAIRE;3v2gb
CTM-CONTROL-M;CTMCTM_E12AJF_08_Q;CTMCTM_E12AJF_08_ORP62_Q;"June 27, 2026";"June 27, 2026 6:46:39 PM";"June 27, 2026 6:46:40 PM";;Ended OK;ctmldnrs: load des conditions AJF absentes (CEL*);CTMCTM_E12AJF_08_ORP62_Q;Command;No;1;No;CTMSRV;CTMCTM_E12AJF_08_Q;controlm;ldkctmp50;SRV_PRIMAIRE;3v2gd
CTM-CONTROL-M;CTMCTM_E12AJF_08_Q;CTMCTM_E12AJF_08_ORP63_Q;"June 27, 2026";"June 27, 2026 6:46:39 PM";"June 27, 2026 6:46:41 PM";;Ended OK;ctmldnrs: load des conditions AJF absentes (GTN*);CTMCTM_E12AJF_08_ORP62_Q;Command;No;1;No;CTMSRV;CTMCTM_E12AJF_08_Q;controlm;ldkctmp50;SRV_PRIMAIRE;3v2ge
CTM-CONTROL-M;CTMCTM_E12AJF_08_Q;CTMCTM_E12AJF_08_ORP64_Q;"June 27, 2026";"June 27, 2026 6:46:41 PM";"June 27, 2026 6:46:42 PM";;Ended OK;ctmldnrs: load des conditions AJF absentes (FIN*);CTMCTM_E12AJF_08_ORP62_Q;Command;No;1;No;CTMSRV;CTMCTM_E12AJF_08_Q;controlm;ldkctmp50;SRV_PRIMAIRE;3v2gf
CTM-CONTROL-M;CTMCTM_E12AJF_08_Q;CTMCTM_E12AJF_08_ORP65_Q;"June 27, 2026";"June 27, 2026 6:46:42 PM";"June 27, 2026 6:46:43 PM";;Ended OK;ctmldnrs: load des conditions AJF absentes (PFE*);CTMCTM_E12AJF_08_ORP62_Q;Command;No;1;No;CTMSRV;CTMCTM_E12AJF_08_Q;controlm;ldkctmp50;SRV_PRIMAIRE;3v2gg
CTM-CONTROL-M;CTMCTM_E12AJF_08_Q;CTMCTM_E12AJF_08_ORP66_Q;"June 27, 2026";"June 27, 2026 6:46:44 PM";"June 27, 2026 6:46:45 PM";;Ended OK;ctmldnrs: load des conditions AJF absentes (KDR*);CTMCTM_E12AJF_08_ORP62_Q;Command;No;1;No;CTMSRV;CTMCTM_E12AJF_08_Q;controlm;ldkctmp50;SRV_PRIMAIRE;3v2gh
CTM-CONTROL-M;CTMCTM_E12TEC_04_Q;CTMCTM_E12TEC_04_SUB16_Q;"June 27, 2026";"June 28, 2026 4:00:00 AM";"June 28, 2026 4:00:00 AM";;Ended OK;Soumission scripts DWH à 04h00;SUBT0400 DWH;Dummy;No;1;No;CTMSRV;CTMCTM_E12TEC_04_Q;root;;;3v3h7
CTM-CONTROL-M;CTMCTM_E12TEC_04_Q;CTMCTM_E12TEC_04_SUB24_Q;"June 27, 2026";"June 28, 2026 6:30:00 AM";"June 28, 2026 6:30:00 AM";;Ended OK;Soumission scripts XFB à 06h30;SUBT0630 XFB;Dummy;No;1;No;CTMSRV;CTMCTM_E12TEC_04_Q;root;;;3v3h8
CTM-CONTROL-M;CTMCTM_E12TEC_04_Q;CTMCTM_E12TEC_04_SUB27_Q;"June 27, 2026";;;;Wait for Event;Soumission scripts DWH à 07h40;SUBT0740 DWH;Dummy;No;0;No;CTMSRV;CTMCTM_E12TEC_04_Q;root;;;3v3h9
CTM-CONTROL-M;CTMCTM_E12TEC_04_Q;CTMCTM_E12TEC_04_SUB28_Q;"June 27, 2026";;;;Wait for Event;Soumission scripts DWH à 08h00;SUBT0800 DWH;Dummy;No;0;No;CTMSRV;CTMCTM_E12TEC_04_Q;root;;;3v3ha
CTM-CONTROL-M;CTMCTM_E12TEC_04_Q;CTMCTM_E12TEC_04_SUB30_Q;"June 27, 2026";;;;Wait for Event;Soumission scripts à 11h00 DWH;SUBT1100 DWH;Dummy;No;0;No;CTMSRV;CTMCTM_E12TEC_04_Q;root;;;3v3hb
CTM-CONTROL-M;CTMCTM_E13TEC_04_Q;CTMCTM_E13TEC_04_SUB38_Q;"June 27, 2026";"June 28, 2026 3:30:00 AM";"June 28, 2026 3:30:00 AM";;Ended OK;Soumission scripts PEL à 03h30;SUBT0330 PEL;Dummy;No;1;No;CTMSRV;CTMCTM_E13TEC_04_Q;root;;;3v1t5
CTM-CONTROL-M;CTMCTM_E13TEC_04_Q;CTMCTM_E13TEC_04_SUB39_Q;"June 27, 2026";"June 28, 2026 4:00:00 AM";"June 28, 2026 4:00:00 AM";;Ended OK;Soumission scripts à 04h00 PEL;SUBT0400 PEL;Dummy;No;1;No;CTMSRV;CTMCTM_E13TEC_04_Q;root;;;3v1t6
CTM-CONTROL-M;CTMCTM_E13TEC_04_Q;CTMCTM_E13TEC_04_SUB40_Q;"June 27, 2026";"June 28, 2026 4:30:00 AM";"June 28, 2026 4:30:00 AM";;Ended OK;Soumission scripts PEL à 04h30;SUBT0430 PEL;Dummy;No;1;No;CTMSRV;CTMCTM_E13TEC_04_Q;root;;;3v1t7
CTM-CONTROL-M;CTMCTM_E13TEC_04_Q;CTMCTM_E13TEC_04_SUB42_Q;"June 27, 2026";"June 28, 2026 4:15:00 AM";"June 28, 2026 4:15:00 AM";;Ended OK;Soumission scripts PEL à 04h15;SUBT0530 PEL;Dummy;No;1;No;CTMSRV;CTMCTM_E13TEC_04_Q;root;;;3v1t8
CTM-CONTROL-M;CTMCTM_E13TEC_04_Q;CTMCTM_E13TEC_04_SUB43_Q;"June 27, 2026";"June 28, 2026 6:00:00 AM";"June 28, 2026 6:00:00 AM";;Ended OK;Lancement PEL 06h00;SUBT0600 PEL;Dummy;No;1;No;CTMSRV;CTMCTM_E13TEC_04_Q;root;;;3v1t9
CTM-CONTROL-M;CTMCTM_E13TEC_04_Q;CTMCTM_E13TEC_04_SUB44_Q;"June 27, 2026";"June 28, 2026 6:15:00 AM";"June 28, 2026 6:15:00 AM";;Ended OK;Lancement PEL 06h15;SUBT0615 PEL;Dummy;No;1;No;CTMSRV;CTMCTM_E13TEC_04_Q;root;;;3v1ta
CTM-CONTROL-M;CTMCTM_E13TEC_04_Q;CTMCTM_E13TEC_04_SUB45_Q;"June 27, 2026";"June 28, 2026 6:30:00 AM";"June 28, 2026 6:30:00 AM";;Ended OK;Lancement PEL 06h30;SUBT0630 PEL;Dummy;No;1;No;CTMSRV;CTMCTM_E13TEC_04_Q;root;;;3v1tb
CTM-CONTROL-M;CTMCTM_E13TEC_04_Q;CTMCTM_E13TEC_04_SUB46_Q;"June 27, 2026";"June 28, 2026 7:00:00 AM";"June 28, 2026 7:00:00 AM";;Ended OK;Lancement PEL 07h00;SUBT0700 PEL;Dummy;No;1;No;CTMSRV;CTMCTM_E13TEC_04_Q;root;;;3v1tc
CTM-CONTROL-M;CTMCTM_E13TEC_04_Q;CTMCTM_E13TEC_04_SUB47_Q;"June 27, 2026";"June 28, 2026 7:15:00 AM";"June 28, 2026 7:15:00 AM";;Ended OK;Lancement PEL 07h15;SUBT0715 PEL;Dummy;No;1;No;CTMSRV;CTMCTM_E13TEC_04_Q;root;;;3v1td
CTM-CONTROL-M;CTMCTM_E13TEC_04_Q;CTMCTM_E13TEC_04_SUB51_Q;"June 27, 2026";"June 27, 2026 7:30:00 PM";"June 27, 2026 7:30:00 PM";;Ended OK;Soumission scripts PEL  à 21h00;SUBT2100 PEL;Dummy;No;1;No;CTMSRV;CTMCTM_E13TEC_04_Q;root;;;3v1te
CTM-CONTROL-M;CTMCTM_E14TEC_04_Q;CTMCTM_E14TEC_04_EXP01_Q;"June 27, 2026";"June 28, 2026 7:06:22 AM";"June 28, 2026 7:06:23 AM";0810;Wait for Event;ExtractJobsCTM  &  Envoi : Suivi + PrairieCloture;ExtractCsvPlanCurrent_HELIOS_V9.ksh;Job;No;1;Yes;CTMSRV;CTMCTM_E14TEC_04_Q;controlm;ldkctmp50;SRV_PRIMAIRE;3v2ld
CTM-CONTROL-M;CTMCTM_E14TEC_04_Q;CTMCTM_E14TEC_04_EXP02_Q;"June 27, 2026";"June 27, 2026 1:45:22 PM";"June 27, 2026 1:45:22 PM";;Ended OK;ExtractCsvPlanArch => Extract_Full_YYYYMM.csv;ExtractCsvPlanArch.ksh;Dummy;No;1;No;CTMSRV;CTMCTM_E14TEC_04_Q;controlm;;SRV_PRIMAIRE;3v2le
CTM-CONTROL-M;CTMCTM_E14TEC_04_Q;CTMCTM_E14TEC_04_EXP03_Q;"June 27, 2026";"June 27, 2026 4:00:00 PM";"June 27, 2026 4:04:23 PM";;Ended OK;ExtractCTMIndicMens => ODAT: yymmjj.csv;ExtractCTMIndicMens.ksh;Job;No;1;No;CTMSRV;CTMCTM_E14TEC_04_Q;controlm;ldkctmp50;SRV_PRIMAIRE;3v2lf
CTM-CONTROL-M;CTMCTM_E14TEC_04_Q;CTMCTM_E14TEC_04_EXP04_Q;"June 27, 2026";"June 27, 2026 4:45:22 PM";"June 27, 2026 4:45:24 PM";;Ended OK;ExtractJobsCTM Manuelle : Suivi + PrairieCloture;ExtractCsvPlanCurrent_HELIOS_V9.ksh;Job;No;2;Yes;CTMSRV;CTMCTM_E14TEC_04_Q;controlm;ldkctmp50;SRV_PRIMAIRE;3v2lh
CTM-CONTROL-M;CTMCTM_E14TEC_04_Q;CTMCTM_E14TEC_04_EXP06_Q;"June 27, 2026";"June 27, 2026 2:00:00 PM";"June 27, 2026 2:04:22 PM";;Ended OK;ExtractJobsCTM Plan -1  : Suivi + PrairieCloture;ExtractCsvPlanCurrent_Jm1.ksh;Job;No;1;No;CTMSRV;CTMCTM_E14TEC_04_Q;controlm;ldkctmp50;SRV_PRIMAIRE;3v2lg
CTM-CONTROL-M;CTMCTM_E14TEC_04_Q;CTMCTM_E14TEC_04_EXP12_Q;"June 27, 2026";"June 28, 2026 6:00:00 AM";"June 28, 2026 6:00:02 AM";;Wait for Event;ExtractJobsCTM  &  Envoi : Suivi + PrairieCloture  DTR;ExtractCsvPlanCurrent_HELIOS_DTR_V9.ksh;Job;No;1;Yes;CTMSRV;CTMCTM_E14TEC_04_Q;controlm;ldkctmp50;SRV_PRIMAIRE;3v2lm
CTM-CONTROL-M;CTMCTM_E14TEC_04_Q;CTMCTM_E14TEC_04_EXP13_Q;"June 27, 2026";"June 28, 2026 6:00:02 AM";"June 28, 2026 6:02:14 AM";;Wait for Event;ExtractJobsCTM  &  Envoi : Suivi + PrairieCloture Finance;ExtractCsvPlanCurrent_HELIOS_Finance_V9.ksh;Job;No;1;Yes;CTMSRV;CTMCTM_E14TEC_04_Q;controlm;ldkctmp50;SRV_PRIMAIRE;3v2lo
CTM-CONTROL-M;CTMCTM_E14TEC_04_Q;CTMCTM_E14TEC_04_SUB04_Q;"June 27, 2026";"June 27, 2026 2:00:00 PM";"June 27, 2026 2:00:00 PM";;Ended OK;declenchement des travaux batch a 14h00;SUBT1400;Dummy;No;1;No;CTMSRV;CTMCTM_E14TEC_04_Q;root;;;3v2la
CTM-CONTROL-M;CTMCTM_E14TEC_04_Q;CTMCTM_E14TEC_04_SUB05_Q;"June 27, 2026";"June 27, 2026 5:00:00 PM";"June 27, 2026 5:00:00 PM";;Ended OK;declenchement des travaux batch a 17h00;SUBT1700;Dummy;No;1;No;CTMSRV;CTMCTM_E14TEC_04_Q;root;;;3v2lb
CTM-CONTROL-M;CTMCTM_E14TEC_04_Q;CTMCTM_E14TEC_04_SUB08_Q;"June 27, 2026";"June 27, 2026 1:30:12 PM";"June 27, 2026 1:30:12 PM";;Ended OK;Go lancement prod sur ECS;UEMASUB_GO_ECS;Dummy;No;1;No;CTMSRV;CTMCTM_E14TEC_04_Q;root;;;3v2lc
CTM-CONTROL-M;CTMCTM_E14TEC_04_Q;CTMCTM_E14TEC_04_WRK01_Q;"June 27, 2026";"June 28, 2026 7:36:00 AM";;0810;Executing;START FIRST : ExtractCsvPlanCourant ReportingFacility V8;Reporting_ctm_courant_csv_v9.bat;Job;No;2;Yes;CTMSRV;CTMCTM_E14TEC_04_Q;svce_cm;wdkpmadp01;A_W_PMAD01;3v2lk
CTM-CONTROL-M;CTMCTM_E14TEC_04_Q;CTMCTM_E14TEC_04_WRK02_Q;"June 27, 2026";"June 27, 2026 1:45:00 PM";"June 27, 2026 1:45:21 PM";;Ended OK;START FIRST : ExtractCsvPlanArch ReportingFacility V8;Reporting_ctm_archiv_csv_v9 .bat;Job;No;1;No;CTMSRV;CTMCTM_E14TEC_04_Q;svce_cm;wdkpmadp01;A_W_PMAD01;3v2li
CTM-CONTROL-M;CTMCTM_E14TEC_04_Q;CTMCTM_E14TEC_04_WRK04_Q;"June 27, 2026";"June 27, 2026 4:45:00 PM";"June 27, 2026 4:45:21 PM";;Ended OK;START FIRST : ExtractCsvPlanCourant ReportingFacility V8;Reporting_ctm_courant_csv_v9.bat;Job;No;2;Yes;CTMSRV;CTMCTM_E14TEC_04_Q;svce_cm;wdkpmadp01;A_W_PMAD01;3v2lj
CTM-CONTROL-M;CTMCTM_E14TEC_04_Q;CTMCTM_E14TEC_04_WRK12_Q;"June 27, 2026";"June 28, 2026 5:50:23 AM";"June 28, 2026 5:50:42 AM";;Wait for Event;START FIRST : ExtractCsvPlanCourant ReportingFacility V8 DTR;Reporting_ctm_courant_csv_v9.bat;Job;No;1;Yes;CTMSRV;CTMCTM_E14TEC_04_Q;svce_cm;wdkpmadp01;A_W_PMAD01;3v2ll
CTM-CONTROL-M;CTMCTM_E14TEC_04_Q;CTMCTM_E14TEC_04_WRK13_Q;"June 27, 2026";"June 28, 2026 5:50:00 AM";"June 28, 2026 5:50:22 AM";;Wait for Event;START FIRST : ExtractCsvPlanCourant ReportingFacility V8 Finance;Reporting_ctm_courant_csv_v9.bat;Job;No;1;Yes;CTMSRV;CTMCTM_E14TEC_04_Q;svce_cm;wdkpmadp01;A_W_PMAD01;3v2ln
CTM-CONTROL-M;CTMCTM_E15TEC_04_Q;CTMCTM_E15TEC_04_SUB04_Q;"June 27, 2026";"June 27, 2026 2:00:00 PM";"June 27, 2026 2:00:00 PM";;Ended OK;declenchement des travaux SES  batchs a 14h00;SUBT1400 SESAME;Dummy;No;1;No;CTMSRV;CTMCTM_E15TEC_04_Q;root;;;3v1ul
CTM-CONTROL-M;CTMCTM_E16TEC_04_H;CTMCTM_E16TEC_04_SUB01_H;"June 27, 2026";"June 27, 2026 2:00:00 PM";"June 27, 2026 2:00:00 PM";;Ended OK;declenchement des batch de 19h à 14h le samedi;SUBT1400;Dummy;No;1;No;CTMSRV;CTMCTM_E16TEC_04_H;root;;;3v1u0
CTM-CONTROL-M;CTMCTM_E17TEC_04_Q;CTMCTM_E17TEC_04_SUB08_Q;"June 27, 2026";"June 27, 2026 1:30:12 PM";"June 27, 2026 1:30:12 PM";;Ended OK;Go lancement prod sur SESAME;UEMBSUB_GO_SESAME;Dummy;No;1;No;CTMSRV;CTMCTM_E17TEC_04_Q;root;;;3v1zc
CTM-CONTROL-M;CTMCTM_E18TEC_04_Q;CTMCTM_E18TEC_04_SUB53_Q;"June 27, 2026";"June 28, 2026 6:00:00 AM";"June 28, 2026 6:00:00 AM";;Ended OK;job de soumission batch HAV 06h00;SUBT0600 HAV;Dummy;No;1;No;CTMSRV;CTMCTM_E18TEC_04_Q;CONTROLM;;;3v1ww
CTM-CONTROL-M;CTMCTM_E19TEC_04_Q;CTMCTM_E19TEC_04_SUB63_Q;"June 27, 2026";"June 28, 2026 6:00:00 AM";"June 28, 2026 6:00:00 AM";;Ended OK;Soumission scripts  DPRHORA a 06h00;SUBT0700  DPRHORA;Dummy;No;1;No;CTMSRV;CTMCTM_E19TEC_04_Q;root;;;3v3c0
CTM-CONTROL-M;CTMCTM_E1ATEC_04_Q;CTMCTM_E1ATEC_04_SUB1G_Q;"June 27, 2026";;;;Wait for Event;Soumission scripts NRJ NES a 11h00;SUBT1100 NRJ NES;Dummy;No;0;No;CTMSRV;CTMCTM_E1ATEC_04_Q;root;;;3v30p
CTM-CONTROL-M;CTMCTM_E1ATEC_04_Q;CTMCTM_E1ATEC_04_SUB1R_Q;"June 27, 2026";"June 27, 2026 2:00:00 PM";"June 27, 2026 2:00:00 PM";;Ended OK;Soumission scripts a 14h00 HOL SIG NES NRJ;SUBT1400 HOL SIG NES NRJ;Dummy;No;1;No;CTMSRV;CTMCTM_E1ATEC_04_Q;root;;;3v30q
CTM-CONTROL-M;CTMCTM_E1ATEC_04_Q;CTMCTM_E1ATEC_04_SUB2A_Q;"June 27, 2026";"June 27, 2026 5:00:00 PM";"June 27, 2026 5:00:00 PM";;Ended OK;Soumission scripts NEJ NES  a 17h00;SUBT1700 NRJ NES;Dummy;No;1;No;CTMSRV;CTMCTM_E1ATEC_04_Q;root;;;3v30r
CTM-CONTROL-M;CTMCTM_E1ATEC_04_Q;CTMCTM_E1ATEC_04_SUB86_Q;"June 27, 2026";"June 28, 2026 12:15:00 AM";"June 28, 2026 12:15:00 AM";;Ended OK;Soumission scripts HOLD a 00h15;SUBT0015 HOLD;Dummy;No;1;No;CTMSRV;CTMCTM_E1ATEC_04_Q;root;;;3v30i
CTM-CONTROL-M;CTMCTM_E1ATEC_04_Q;CTMCTM_E1ATEC_04_SUB87_Q;"June 27, 2026";"June 28, 2026 2:00:00 AM";"June 28, 2026 2:00:00 AM";;Ended OK;Soumission scripts NRJ NES a 02h00;SUBT0200 NRJ NES;Dummy;No;1;No;CTMSRV;CTMCTM_E1ATEC_04_Q;root;;;3v30j
CTM-CONTROL-M;CTMCTM_E1ATEC_04_Q;CTMCTM_E1ATEC_04_SUB90_Q;"June 27, 2026";"June 28, 2026 6:00:00 AM";"June 28, 2026 6:00:00 AM";;Ended OK;Soumission scripts HOLD  a 06h00;SUBT0600 HOLD;Dummy;No;1;No;CTMSRV;CTMCTM_E1ATEC_04_Q;root;;;3v30k
CTM-CONTROL-M;CTMCTM_E1ATEC_04_Q;CTMCTM_E1ATEC_04_SUB91_Q;"June 27, 2026";"June 28, 2026 6:30:00 AM";"June 28, 2026 6:30:00 AM";;Ended OK;Soumission scripts XFB  a 06h30;SUBT0630 XFB;Dummy;No;1;No;CTMSRV;CTMCTM_E1ATEC_04_Q;root;;;3v30l
CTM-CONTROL-M;CTMCTM_E1ATEC_04_Q;CTMCTM_E1ATEC_04_SUB92_Q;"June 27, 2026";"June 28, 2026 7:00:00 AM";"June 28, 2026 7:00:00 AM";;Ended OK;Soumission scripts SIG a 07h00;SUBT0700 SIG;Dummy;No;1;No;CTMSRV;CTMCTM_E1ATEC_04_Q;root;;;3v30m
CTM-CONTROL-M;CTMCTM_E1ATEC_04_Q;CTMCTM_E1ATEC_04_SUB93_Q;"June 27, 2026";"June 28, 2026 7:15:00 AM";"June 28, 2026 7:15:00 AM";;Ended OK;Soumission scripts HOLD a 07h15;SUBT0715 HOLD;Dummy;No;1;No;CTMSRV;CTMCTM_E1ATEC_04_Q;root;;;3v30n
CTM-CONTROL-M;CTMCTM_E1ATEC_04_Q;CTMCTM_E1ATEC_04_SUB96_Q;"June 27, 2026";;;;Wait for Event;Soumission scripts NRJ NES a 08h00;SUBT0800 NRJ NES;Dummy;No;0;No;CTMSRV;CTMCTM_E1ATEC_04_Q;root;;;3v30o
CTM-CONTROL-M;CTMCTM_E1BTEC_04_Q;CTMCTM_E1BTEC_04_SUB2Q_Q;"June 27, 2026";"June 28, 2026 12:05:00 AM";"June 28, 2026 12:05:00 AM";;Ended OK;Soumission scripts OAP a 00h05;SUBT0005 OAP;Dummy;No;1;No;CTMSRV;CTMCTM_E1BTEC_04_Q;root;;;3v2ko
CTM-CONTROL-M;CTMCTM_E1BTEC_04_Q;CTMCTM_E1BTEC_04_SUB2R_Q;"June 27, 2026";"June 28, 2026 3:00:00 AM";"June 28, 2026 3:00:00 AM";;Ended OK;Soumission scripts  OAP  a 03h00;SUBT0300  OAP;Dummy;No;1;No;CTMSRV;CTMCTM_E1BTEC_04_Q;root;;;3v2kp
CTM-CONTROL-M;CTMCTM_E1BTEC_04_Q;CTMCTM_E1BTEC_04_SUB2U_Q;"June 27, 2026";"June 28, 2026 6:00:00 AM";"June 28, 2026 6:00:00 AM";;Ended OK;Soumission  OAP  scripts a 06h00;SUBT0600  OAP;Dummy;No;1;No;CTMSRV;CTMCTM_E1BTEC_04_Q;root;;;3v2kq
CTM-CONTROL-M;CTMCTM_E1BTEC_04_Q;CTMCTM_E1BTEC_04_SUB2V_Q;"June 27, 2026";"June 28, 2026 6:30:00 AM";"June 28, 2026 6:30:00 AM";;Ended OK;Soumission scripts OAP a 06h30;SUBT0630  OAP;Dummy;No;1;No;CTMSRV;CTMCTM_E1BTEC_04_Q;root;;;3v2kr
CTM-CONTROL-M;CTMCTM_E1BTEC_04_Q;CTMCTM_E1BTEC_04_SUB2W_Q;"June 27, 2026";"June 28, 2026 7:00:00 AM";"June 28, 2026 7:00:00 AM";;Ended OK;Soumission scripts  OAP a 07h00;SUBT0700  OAP;Dummy;No;1;No;CTMSRV;CTMCTM_E1BTEC_04_Q;root;;;3v2ks
CTM-CONTROL-M;CTMCTM_E1BTEC_04_Q;CTMCTM_E1BTEC_04_SUB3A_Q;"June 27, 2026";;;;Wait for Event;Soumission scripts  OAP a 08h00;SUBT0805  OAP;Dummy;No;0;No;CTMSRV;CTMCTM_E1BTEC_04_Q;root;;;3v2kt
CTM-CONTROL-M;CTMCTM_E1BTEC_04_Q;CTMCTM_E1BTEC_04_SUB3D_Q;"June 27, 2026";;;;Wait for Event;Soumission scripts  OAP a 08h45;SUBT0845  OAP;Dummy;No;0;No;CTMSRV;CTMCTM_E1BTEC_04_Q;root;;;3v2ku
CTM-CONTROL-M;CTMCTM_E1BTEC_04_Q;CTMCTM_E1BTEC_04_SUB3H_Q;"June 27, 2026";;;;Wait for Event;Soumission scripts  OAP a 11h00;SUBT1100  OAP;Dummy;No;0;No;CTMSRV;CTMCTM_E1BTEC_04_Q;root;;;3v2kv
CTM-CONTROL-M;CTMCTM_E1BTEC_04_Q;CTMCTM_E1BTEC_04_SUB3K_Q;"June 27, 2026";;;;Wait for Event;Soumission scripts  OAP  a 12h00;SUBT1200  OAP;Dummy;No;0;No;CTMSRV;CTMCTM_E1BTEC_04_Q;root;;;3v2kw
CTM-CONTROL-M;CTMCTM_E1BTEC_04_Q;CTMCTM_E1BTEC_04_SUB3N_Q;"June 27, 2026";"June 27, 2026 1:45:00 PM";"June 27, 2026 1:45:00 PM";;Ended OK;Soumission scripts  OAP a 13h45;SUBT1345  OAP;Dummy;No;1;No;CTMSRV;CTMCTM_E1BTEC_04_Q;root;;;3v2kx
CTM-CONTROL-M;CTMCTM_E1BTEC_04_Q;CTMCTM_E1BTEC_04_SUB3P_Q;"June 27, 2026";"June 27, 2026 2:00:00 PM";"June 27, 2026 2:00:00 PM";;Ended OK;Soumission scripts  OAP a 14h00;SUBT1400  OAP;Dummy;No;1;No;CTMSRV;CTMCTM_E1BTEC_04_Q;root;;;3v2ky
CTM-CONTROL-M;CTMCTM_E1BTEC_04_Q;CTMCTM_E1BTEC_04_SUB3S_Q;"June 27, 2026";"June 27, 2026 5:00:00 PM";"June 27, 2026 5:00:00 PM";;Ended OK;Soumission scripts  OAP a 17h00;SUBT1700  OAP;Dummy;No;1;No;CTMSRV;CTMCTM_E1BTEC_04_Q;root;;;3v2kz
CTM-CONTROL-M;CTMCTM_E1BTEC_04_Q;CTMCTM_E1BTEC_04_SUB3W_Q;"June 27, 2026";"June 27, 2026 6:30:00 PM";"June 27, 2026 6:30:00 PM";;Ended OK;Soumission scripts  OAP a 18h30;SUBT1830  OAP;Dummy;No;1;No;CTMSRV;CTMCTM_E1BTEC_04_Q;root;;;3v2l0
CTM-CONTROL-M;CTMCTM_E1DTEC_04_Q;CTMCTM_E1DTEC_04_SUB4F_Q;"June 27, 2026";"June 28, 2026 12:15:00 AM";"June 28, 2026 12:15:00 AM";;Ended OK;Soumission scripts OAF  à 00h15;SUBT0015 OAF;Dummy;No;1;No;CTMSRV;CTMCTM_E1DTEC_04_Q;root;;;3v1vc
CTM-CONTROL-M;CTMCTM_E1DTEC_04_Q;CTMCTM_E1DTEC_04_SUB4P_Q;"June 27, 2026";"June 28, 2026 6:30:00 AM";"June 28, 2026 6:30:00 AM";;Ended OK;Soumission scripts OAF à 06h30;SUBT0630 OAF;Dummy;No;1;No;CTMSRV;CTMCTM_E1DTEC_04_Q;root;;;3v1vd
CTM-CONTROL-M;CTMCTM_E1DTEC_04_Q;CTMCTM_E1DTEC_04_SUB4R_Q;"June 27, 2026";"June 28, 2026 6:55:00 AM";"June 28, 2026 6:55:00 AM";;Ended OK;Soumission scripts OAF à 06h55;SUBT0655 OAF;Dummy;No;1;No;CTMSRV;CTMCTM_E1DTEC_04_Q;root;;;3v1ve
CTM-CONTROL-M;CTMCTM_E1DTEC_04_Q;CTMCTM_E1DTEC_04_SUB4S_Q;"June 27, 2026";;;;Wait for Event;Soumission scripts OAF  à 08h00;SUBT0800 OAF;Dummy;No;0;No;CTMSRV;CTMCTM_E1DTEC_04_Q;root;;;3v1vf
CTM-CONTROL-M;CTMCTM_E1DTEC_04_Q;CTMCTM_E1DTEC_04_SUB4U_Q;"June 27, 2026";;;;Wait for Event;Soumission scripts OAF à 11h00;SUBT1100 OAF;Dummy;No;0;No;CTMSRV;CTMCTM_E1DTEC_04_Q;root;;;3v1vg
CTM-CONTROL-M;CTMCTM_E1ETEC_04_Q;CTMCTM_E1ETEC_04_SUB5B_Q;"June 27, 2026";"June 28, 2026 12:15:00 AM";"June 28, 2026 12:15:00 AM";;Ended OK;Soumission scripts a 00h15;SUBT0015;Dummy;No;1;No;CTMSRV;CTMCTM_E1ETEC_04_Q;root;;;3v2re
CTM-CONTROL-M;CTMCTM_E1ETEC_04_Q;CTMCTM_E1ETEC_04_SUB5C_Q;"June 27, 2026";"June 28, 2026 1:00:00 AM";"June 28, 2026 1:00:00 AM";;Ended OK;Soumission scripts a 01h00;SUBT0100;Dummy;No;1;No;CTMSRV;CTMCTM_E1ETEC_04_Q;root;;;3v2rf
CTM-CONTROL-M;CTMCTM_E1ETEC_04_Q;CTMCTM_E1ETEC_04_SUB5D_Q;"June 27, 2026";"June 28, 2026 2:00:00 AM";"June 28, 2026 2:00:00 AM";;Ended OK;Soumission scripts a 02h00;SUBT0200;Dummy;No;1;No;CTMSRV;CTMCTM_E1ETEC_04_Q;root;;;3v2rg
CTM-CONTROL-M;CTMCTM_E1ETEC_04_Q;CTMCTM_E1ETEC_04_SUB5E_Q;"June 27, 2026";"June 28, 2026 3:00:00 AM";"June 28, 2026 3:00:00 AM";;Ended OK;Soumission scripts a 03h00;SUBT0300;Dummy;No;1;No;CTMSRV;CTMCTM_E1ETEC_04_Q;root;;;3v2rh
CTM-CONTROL-M;CTMCTM_E1ETEC_04_Q;CTMCTM_E1ETEC_04_SUB5R_Q;"June 27, 2026";;;;Wait for Event;Soumission scripts a 11h00;SUBT1100;Dummy;No;0;No;CTMSRV;CTMCTM_E1ETEC_04_Q;root;;;3v2ri
CTM-CONTROL-M;CTMCTM_E1ETEC_04_Q;CTMCTM_E1ETEC_04_SUB5Z_Q;"June 27, 2026";"June 27, 2026 7:00:00 PM";"June 27, 2026 7:00:00 PM";;Ended OK;Soumission scripts a 19h00;SUBT1900;Dummy;No;1;No;CTMSRV;CTMCTM_E1ETEC_04_Q;root;;;3v2rj
CTM-CONTROL-M;CTMCTM_E1ETEC_04_Q;CTMCTM_E1ETEC_04_SUB6B_Q;"June 27, 2026";"June 27, 2026 8:50:00 PM";"June 27, 2026 8:50:00 PM";;Ended OK;Soumission scripts a 20h50;SUBT2100;Dummy;No;1;No;CTMSRV;CTMCTM_E1ETEC_04_Q;root;;;3v2rk
CTM-CONTROL-M;CTMCTM_E1ETEC_04_Q;CTMCTM_E1ETEC_04_SUB6C_Q;"June 27, 2026";"June 27, 2026 10:00:00 PM";"June 27, 2026 10:00:00 PM";;Ended OK;Soumission scripts a 22h00;SUBT2200;Dummy;No;1;No;CTMSRV;CTMCTM_E1ETEC_04_Q;root;;;3v2rl
CTM-CONTROL-M;CTMCTM_E1GTEC_04_Q;CTMCTM_E1GTEC_04_LIM04_Q;"June 27, 2026";"June 28, 2026 6:30:00 AM";"June 28, 2026 6:30:00 AM";;Ended OK;Heure limite de soumission des batchs;LIMITBATCH;Dummy;No;1;No;CTMSRV;CTMCTM_E1GTEC_04_Q;root;;;3v20i
CTM-CONTROL-M;CTMCTM_E1GTEC_04_Q;CTMCTM_E1GTEC_04_LIM05_Q;"June 27, 2026";"June 28, 2026 12:15:00 AM";"June 28, 2026 12:15:00 AM";;Ended OK;Heure limite de soumission des batchs;LIMITE0015;Dummy;No;1;No;CTMSRV;CTMCTM_E1GTEC_04_Q;root;;;3v20j
CTM-CONTROL-M;CTMCTM_E1GTEC_04_Q;CTMCTM_E1GTEC_04_LIM06_Q;"June 27, 2026";"June 28, 2026 1:30:00 AM";"June 28, 2026 1:30:00 AM";;Ended OK;Heure limite de soumission des batchs;LIMITE0130;Dummy;No;1;No;CTMSRV;CTMCTM_E1GTEC_04_Q;root;;;3v20k
CTM-CONTROL-M;CTMCTM_E1GTEC_04_Q;CTMCTM_E1GTEC_04_LIM07_Q;"June 27, 2026";"June 28, 2026 2:00:00 AM";"June 28, 2026 2:00:00 AM";;Ended OK;Heure limite de soumission des batchs;LIMITE0200;Dummy;No;1;No;CTMSRV;CTMCTM_E1GTEC_04_Q;root;;;3v20l
CTM-CONTROL-M;CTMCTM_E1GTEC_04_Q;CTMCTM_E1GTEC_04_LIM08_Q;"June 27, 2026";"June 28, 2026 3:00:00 AM";"June 28, 2026 3:00:00 AM";;Ended OK;Heure limite de soumission des batchs;LIMITE0300;Dummy;No;1;No;CTMSRV;CTMCTM_E1GTEC_04_Q;root;;;3v20m
CTM-CONTROL-M;CTMCTM_E1GTEC_04_Q;CTMCTM_E1GTEC_04_LIM09_Q;"June 27, 2026";"June 28, 2026 3:45:00 AM";"June 28, 2026 3:45:00 AM";;Ended OK;Heure limite de soumission des batchs;LIMITE0345;Dummy;No;1;No;CTMSRV;CTMCTM_E1GTEC_04_Q;root;;;3v20n
CTM-CONTROL-M;CTMCTM_E1GTEC_04_Q;CTMCTM_E1GTEC_04_LIM10_Q;"June 27, 2026";"June 28, 2026 4:00:00 AM";"June 28, 2026 4:00:00 AM";;Ended OK;Heure limite de soumission des batchs;LIMITE0400;Dummy;No;1;No;CTMSRV;CTMCTM_E1GTEC_04_Q;root;;;3v20o
CTM-CONTROL-M;CTMCTM_E1GTEC_04_Q;CTMCTM_E1GTEC_04_LIM11_Q;"June 27, 2026";"June 28, 2026 5:00:00 AM";"June 28, 2026 5:00:00 AM";;Ended OK;Heure limite de soumission des batchs;LIMITE0500;Dummy;No;1;No;CTMSRV;CTMCTM_E1GTEC_04_Q;root;;;3v20p
CTM-CONTROL-M;CTMCTM_E1GTEC_04_Q;CTMCTM_E1GTEC_04_LIM12_Q;"June 27, 2026";"June 27, 2026 11:45:00 PM";"June 27, 2026 11:45:00 PM";;Ended OK;Heure limite de soumission des batchs;LIMITE2345;Dummy;No;1;No;CTMSRV;CTMCTM_E1GTEC_04_Q;root;;;3v20q
CTM-CONTROL-M;CTMCTM_E1GTEC_04_Q;CTMCTM_E1GTEC_04_SUB85_Q;"June 27, 2026";"June 28, 2026 7:30:00 AM";"June 28, 2026 7:30:00 AM";;Ended OK;Soumission scripts a 07h30;SBTU512H16;Dummy;No;1;No;CTMSRV;CTMCTM_E1GTEC_04_Q;root;;;3v20r
CTM-CONTROL-M;CTMCTM_E1HTEC_04_Q;CTMCTM_E1HTEC_04_LIM13_Q;"June 27, 2026";"June 28, 2026 6:00:00 AM";"June 28, 2026 6:00:00 AM";;Ended OK;Heure limite de soumission des batchs;LIMITBATCH;Dummy;No;1;No;CTMSRV;CTMCTM_E1HTEC_04_Q;root;;;3v38m
CTM-CONTROL-M;CTMCTM_E1HTEC_04_Q;CTMCTM_E1HTEC_04_LIM14_Q;"June 27, 2026";"June 28, 2026 1:00:00 AM";"June 28, 2026 1:00:00 AM";;Ended OK;Heure limite de soumission batch;LIMITE0100;Dummy;No;1;No;CTMSRV;CTMCTM_E1HTEC_04_Q;root;;;3v38n
CTM-CONTROL-M;CTMCTM_E1HTEC_04_Q;CTMCTM_E1HTEC_04_LIM15_Q;"June 27, 2026";"June 28, 2026 4:00:00 AM";"June 28, 2026 4:00:00 AM";;Ended OK;Heure limite de soumission batch 04h00;LIMITE0500;Dummy;No;1;No;CTMSRV;CTMCTM_E1HTEC_04_Q;root;;;3v38o
CTM-CONTROL-M;CTMCTM_E1HTEC_04_Q;CTMCTM_E1HTEC_04_LIM16_Q;"June 27, 2026";"June 28, 2026 6:00:00 AM";"June 28, 2026 6:00:00 AM";;Ended OK;Heure limite de soumission batch;LIMITE0600;Dummy;No;1;No;CTMSRV;CTMCTM_E1HTEC_04_Q;root;;;3v38p
CTM-CONTROL-M;CTMCTM_E1HTEC_04_Q;CTMCTM_E1HTEC_04_LIM17_Q;"June 27, 2026";;;;Wait for Event;Heure limite de soumission batch;LIMITE0900;Dummy;No;0;No;CTMSRV;CTMCTM_E1HTEC_04_Q;root;;;3v38q
CTM-CONTROL-M;CTMCTM_E1HTEC_04_Q;CTMCTM_E1HTEC_04_LIM18_Q;"June 27, 2026";"June 27, 2026 8:00:00 PM";"June 27, 2026 8:00:00 PM";;Ended OK;Heure limite de soumission batch;LIMITE2000;Dummy;No;1;No;CTMSRV;CTMCTM_E1HTEC_04_Q;root;;;3v38r
CTM-CONTROL-M;CTMCTM_E1HTEC_04_Q;CTMCTM_E1HTEC_04_LIM19_Q;"June 27, 2026";"June 27, 2026 10:00:00 PM";"June 27, 2026 10:00:00 PM";;Ended OK;Heure limite de soumission batch;LIMITE2200;Dummy;No;1;No;CTMSRV;CTMCTM_E1HTEC_04_Q;root;;;3v38s
CTM-CONTROL-M;CTMCTM_E1RTEC_04_Q;CTMCTM_E1RTEC_04_DEL01_Q;"June 27, 2026";"June 27, 2026 2:00:00 PM";"June 27, 2026 2:00:02 PM";;Ended OK;SERVITUDE : Purge des log Control-M EM;;Command;No;1;No;CTMSRV;CTMCTM_E1RTEC_04_Q;emuser;ldkctmp50;A_L_CTM01;3v3dv
CTM-CONTROL-M;CTMCTM_E1RTEC_04_Q;CTMCTM_E1RTEC_04_DEL02_Q;"June 27, 2026";"June 27, 2026 2:00:00 PM";"June 27, 2026 2:00:00 PM";;Ended OK;SERVITUDE : Purge les logs et travaux present dans la directory /opt/exploit/;;Dummy;No;1;No;CTMSRV;CTMCTM_E1RTEC_04_Q;emuser;;A_L_CTM01;3v3dw
CTM-CONTROL-M;CTMCTM_E1ZTEC_04_Q;CTMCTM_E1ZTEC_04_CTL01_Q;"June 27, 2026";"June 27, 2026 6:46:39 PM";"June 27, 2026 6:46:39 PM";;Ended OK;Controle execution des jobs avec Condition PREV;;Dummy;No;1;No;CTMSRV;CTMCTM_E1ZTEC_04_Q;root;;;3v3e1
CTM-CONTROL-M;CTMCTM_E1ZTEC_04_Q;CTMCTM_E1ZTEC_04_CTL03_Q;"June 27, 2026";"June 27, 2026 5:00:00 PM";"June 27, 2026 5:00:00 PM";1730;Ended OK;CONTROLM : Controle des calendriers non upload;CTM_controle_calendar_not_upload;Dummy;No;3;Yes;CTMSRV;CTMCTM_E1ZTEC_04_Q;emuser;;;3v3e2
CTM-CONTROL-M;CTMSRV_J1YTEC_04_Q;CTMSRV_J1YTEC_04_00000_Q;"June 27, 2026";"June 27, 2026 1:30:12 PM";"June 27, 2026 1:30:12 PM";;Ended OK;Chaîne : Historisation des logs;U512010;Dummy;No;1;No;CTMSRV;CTMSRV_J1YTEC_04_Q;root;;;3v2bt
CTM-CONTROL-M;CTMSRV_J1YTEC_04_Q;CTMSRV_J1YTEC_04_99999_Q;"June 27, 2026";"June 27, 2026 6:46:39 PM";"June 27, 2026 6:46:39 PM";;Ended OK;Fin : Historisation des logs;U512010999;Dummy;No;1;No;CTMSRV;CTMSRV_J1YTEC_04_Q;root;;;3v2bs
DHCP-REGION;DHCDHC_E11REB_12_H;DCHDCH_E11REB_07_WAI10_H;"June 27, 2026";"June 27, 2026 10:00:11 PM";"June 27, 2026 10:05:14 PM";;Ended OK;DHCP: WAIT REBOOT WDKDHCP07;DHCP: WAIT REBOOT WDKDHCP07;Command;No;1;No;CTMSRV;DHCDHC_E11REB_12_H;root;ldkctmp50;SRV_PRIMAIRE;3v1p7
DHCP-REGION;DHCDHC_E11REB_12_H;DCHDCH_E11REB_08_WAI10_H;"June 27, 2026";"June 27, 2026 10:00:12 PM";"June 27, 2026 10:05:15 PM";;Ended OK;DHCP: WAIT REBOOT WDKDHCP08;DHCP: WAIT REBOOT WDKDHCP07;Command;No;1;No;CTMSRV;DHCDHC_E11REB_12_H;root;ldkctmp50;SRV_PRIMAIRE;3v1pa
DHCP-REGION;DHCDHC_E11REB_12_H;DHCDHC_E11REB_07_MEL01_H;"June 27, 2026";"June 27, 2026 10:00:00 PM";"June 27, 2026 10:00:01 PM";;Ended OK;DHCP : Notification Mail DEBUT reboot DHCP Bordeaux;Notification_Plan_Refresh.ksh;Job;No;1;No;CTMSRV;DHCDHC_E11REB_12_H;root;ldkctmp50;SRV_PRIMAIRE;3v1p4
DHCP-REGION;DHCDHC_E11REB_12_H;DHCDHC_E11REB_07_MEL02_H;"June 27, 2026";"June 27, 2026 10:05:15 PM";"June 27, 2026 10:05:15 PM";;Ended OK;DHCP : Notification Mail FIN reboot de Bordeaux;Notification_Plan_Refresh.ksh;Job;No;1;No;CTMSRV;DHCDHC_E11REB_12_H;root;ldkctmp50;SRV_PRIMAIRE;3v1p5
DHCP-REGION;DHCDHC_E11REB_12_H;DHCDHC_E11REB_07_REB11_H;"June 27, 2026";"June 27, 2026 10:00:01 PM";"June 27, 2026 10:00:11 PM";;Ended OK;Reboot serveurs: WDKDHCP07;Reboot serveurs: WDKDHCP07;Command;No;1;No;CTMSRV;DHCDHC_E11REB_12_H;svce_cm;wdkdhcp07;A_W_DHC07;3v1p6
DHCP-REGION;DHCDHC_E11REB_12_H;DHCDHC_E11REB_08_MEL01_H;"June 27, 2026";"June 27, 2026 10:00:00 PM";"June 27, 2026 10:00:01 PM";;Ended OK;DHCP : Notification Mail DEBUT reboot DHCP Rouen;Notification_Plan_Refresh.ksh;Job;No;1;No;CTMSRV;DHCDHC_E11REB_12_H;root;ldkctmp50;SRV_PRIMAIRE;3v1p8
DHCP-REGION;DHCDHC_E11REB_12_H;DHCDHC_E11REB_08_MEL02_H;"June 27, 2026";"June 27, 2026 10:05:15 PM";"June 27, 2026 10:05:16 PM";;Ended OK;DHCP : Notification Mail FIN reboot de Rouen;Notification_Plan_Refresh.ksh;Job;No;1;No;CTMSRV;DHCDHC_E11REB_12_H;root;ldkctmp50;SRV_PRIMAIRE;3v1pb
DHCP-REGION;DHCDHC_E11REB_12_H;DHCDHC_E11REB_08_REB11_H;"June 27, 2026";"June 27, 2026 10:00:01 PM";"June 27, 2026 10:00:11 PM";;Ended OK;Reboot serveurs: WDKDHCP08;Reboot serveurs: WDKDHCP07;Command;No;1;No;CTMSRV;DHCDHC_E11REB_12_H;svce_cm;wdkdhcp08;A_W_DHC08;3v1p9
DHCP-REGION;DHCDHC_E11REB_12_H;DHCDHC_E11REB_12_H;"June 27, 2026";"June 27, 2026 10:00:00 PM";"June 27, 2026 10:05:17 PM";;Ended OK;DHCP : Plan de maintenance DHCP Bordeaux et Rouen;;SMART Table;No;1;No;CTMSRV;DHCDHC_E11REB_12_H;;ldkctmp50;;3v1p3
DTR-DECISIONNEL TRAN;DTRDTR_E11REB_12_Q;DTRDTR_E11REB_12_CTL01_Q;"June 27, 2026";"June 28, 2026 12:13:58 AM";"June 28, 2026 12:14:04 AM";;Ended OK;Redemarrage DTR : TEST si serveur demarre (wdkdtrp12);dir;Command;No;1;No;CTMSRV;DTRDTR_E11REB_12_Q;svce_cm;wdkdtrp12;A_W_DTR12;3v28b
DTR-DECISIONNEL TRAN;DTRDTR_E11REB_12_Q;DTRDTR_E11REB_12_CTL02_Q;"June 27, 2026";"June 28, 2026 12:14:16 AM";"June 28, 2026 12:14:18 AM";;Ended OK;Info sur le Redemarrage DTR BI4 :  (WDKDTRP12);net statistics WORKSTATION;Command;No;1;No;CTMSRV;DTRDTR_E11REB_12_Q;svce_cm;wdkdtrp12;A_W_DTR12;3v28n
DTR-DECISIONNEL TRAN;DTRDTR_E11REB_12_Q;DTRDTR_E11REB_12_CTL03_Q;"June 27, 2026";"June 28, 2026 12:18:16 AM";"June 28, 2026 12:18:22 AM";;Ended OK;Redemarrage DTR : TEST si serveur demarre (WDKDTRP13);dir;Command;No;1;No;CTMSRV;DTRDTR_E11REB_12_Q;svce_cm;wdkdtrp13;A_W_DTR13;3v28j
DTR-DECISIONNEL TRAN;DTRDTR_E11REB_12_Q;DTRDTR_E11REB_12_CTL04_Q;"June 27, 2026";"June 28, 2026 12:18:35 AM";"June 28, 2026 12:18:37 AM";;Ended OK;Info sur le Redemarrage DTR BI4 :  (WDKDTRP13);net statistics WORKSTATION;Command;No;1;No;CTMSRV;DTRDTR_E11REB_12_Q;svce_cm;wdkdtrp13;A_W_DTR13;3v28o
DTR-DECISIONNEL TRAN;DTRDTR_E11REB_12_Q;DTRDTR_E11REB_12_CTL04_Q;"June 27, 2026";"June 28, 2026 12:18:45 AM";"June 28, 2026 12:18:50 AM";;Ended OK;Info sur le Redemarrage DTR :  (WDKDTRP14);net statistics WORKSTATION;Command;No;1;No;CTMSRV;DTRDTR_E11REB_12_Q;svce_cm;wdkdtrp14;A_W_DTR14;3v28s
DTR-DECISIONNEL TRAN;DTRDTR_E11REB_12_Q;DTRDTR_E11REB_12_MEL01_Q;"June 27, 2026";"June 28, 2026 12:10:00 AM";"June 28, 2026 12:10:01 AM";;Ended OK;"DTR SAP BI: Notification Mail DEBUT Plan de Maintenance quotidien des serveur WDKDTRP12 ; WDKDTRP13";Notification_Plan_Maintenance.ksh;Job;No;1;No;CTMSRV;DTRDTR_E11REB_12_Q;root;ldkctmp50;SRV_PRIMAIRE;3v28p
DTR-DECISIONNEL TRAN;DTRDTR_E11REB_12_Q;DTRDTR_E11REB_12_MEL02_Q;"June 27, 2026";"June 28, 2026 12:18:51 AM";"June 28, 2026 12:18:52 AM";;Ended OK;DTR SAP BI : Notification Mail FIN Plan de Maintenance quotidien des serveurs WDKDTRP12 et WDKDTRP13;Notification_Plan_Maintenance.ksh;Job;No;1;No;CTMSRV;DTRDTR_E11REB_12_Q;root;ldkctmp50;SRV_PRIMAIRE;3v28q
DTR-DECISIONNEL TRAN;DTRDTR_E11REB_12_Q;DTRDTR_E11REB_12_NAS12_Q;"June 27, 2026";"June 28, 2026 12:14:05 AM";"June 28, 2026 12:14:07 AM";;Ended OK;Mapper le Disque NAS EDF;Mapper  Disque NAS EDF;Command;No;1;Yes;CTMSRV;DTRDTR_E11REB_12_Q;svc_sapbi;wdkdtrp12;A_W_DTR12;3v28c
DTR-DECISIONNEL TRAN;DTRDTR_E11REB_12_Q;DTRDTR_E11REB_12_NAS13_Q;"June 27, 2026";"June 28, 2026 12:18:23 AM";"June 28, 2026 12:18:25 AM";;Ended OK;Mapper le Disque NAS EDF;Mapper  Disque NAS EDF;Command;No;1;Yes;CTMSRV;DTRDTR_E11REB_12_Q;svc_sapbi;wdkdtrp13;A_W_DTR13;3v28k
DTR-DECISIONNEL TRAN;DTRDTR_E11REB_12_Q;DTRDTR_E11REB_12_Q;"June 27, 2026";"June 28, 2026 12:10:00 AM";"June 28, 2026 12:18:53 AM";;Ended OK;Plan de Maintenance quotidien des serveurs DTR SAP BI;;SMART Table;No;1;No;CTMSRV;DTRDTR_E11REB_12_Q;;ldkctmp50;;3v286
DTR-DECISIONNEL TRAN;DTRDTR_E11REB_12_Q;DTRDTR_E11REB_12_REB12_Q;"June 27, 2026";"June 28, 2026 12:10:32 AM";"June 28, 2026 12:10:34 AM";;Ended OK;Redemarrage DTR BI4: REBOOT du serveur (wdkdtrp12);Shutdown_wdkdtrp12;Command;No;1;No;CTMSRV;DTRDTR_E11REB_12_Q;svce_cm;wdkdtrp12;A_W_DTR12;3v289
DTR-DECISIONNEL TRAN;DTRDTR_E11REB_12_Q;DTRDTR_E11REB_12_REB13_Q;"June 27, 2026";"June 28, 2026 12:14:49 AM";"June 28, 2026 12:14:51 AM";;Ended OK;Redemarrage DTR BI4: REBOOT du serveur (WDKDTRP13);Shutdown WDKDTRP13;Command;No;1;No;CTMSRV;DTRDTR_E11REB_12_Q;svce_cm;wdkdtrp13;A_W_DTR13;3v28h
DTR-DECISIONNEL TRAN;DTRDTR_E11REB_12_Q;DTRDTR_E11REB_12_REB14_Q;"June 27, 2026";"June 28, 2026 12:18:38 AM";"June 28, 2026 12:18:44 AM";;Ended OK;Redemarrage DTR : REBOOT du serveur (WDKDTRP14);Shutdown WDKDTRP14;Command;No;1;No;CTMSRV;DTRDTR_E11REB_12_Q;svce_cm;wdkdtrp14;A_W_DTR14;3v28r
DTR-DECISIONNEL TRAN;DTRDTR_E11REB_12_Q;DTRDTR_E11REB_12_SLP12_Q;"June 27, 2026";"June 28, 2026 12:10:35 AM";"June 28, 2026 12:13:57 AM";;Ended OK;Redemarrage DTR BI4 : SLEEP pour test si serveur demarre (wdkdtrp12);sleep 200_et_test;Command;No;1;No;CTMSRV;DTRDTR_E11REB_12_Q;root;ldkctmp50;SRV_PRIMAIRE;3v28a
DTR-DECISIONNEL TRAN;DTRDTR_E11REB_12_Q;DTRDTR_E11REB_12_SLP13_Q;"June 27, 2026";"June 28, 2026 12:14:52 AM";"June 28, 2026 12:18:15 AM";;Ended OK;Redemarrage DTR BI4 : SLEEP pour test si serveur demarre (WDKDTRP13);sleep 200_et_test;Command;No;1;No;CTMSRV;DTRDTR_E11REB_12_Q;root;ldkctmp50;SRV_PRIMAIRE;3v28i
DTR-DECISIONNEL TRAN;DTRDTR_E11REB_12_Q;DTRDTR_E11REB_12_STP01_Q;"June 27, 2026";"June 28, 2026 12:10:01 AM";"June 28, 2026 12:10:18 AM";;Ended OK;ARRET  BOEXI40SIAWDKDTRP12: STOP  (WDKDTRP12);stop BO_WDKDTRP12;Command;No;1;No;CTMSRV;DTRDTR_E11REB_12_Q;svc_sapbi;wdkdtrp12;A_W_DTR12;3v287
DTR-DECISIONNEL TRAN;DTRDTR_E11REB_12_Q;DTRDTR_E11REB_12_STP02_Q;"June 27, 2026";"June 28, 2026 12:10:19 AM";"June 28, 2026 12:10:31 AM";;Ended OK;ARRET  BOEXI40Tomcat: STOP  (WDKDTRP12);stop_Tomcat_WDKDTRP12;Command;No;1;No;CTMSRV;DTRDTR_E11REB_12_Q;svc_sapbi;wdkdtrp12;A_W_DTR12;3v288
DTR-DECISIONNEL TRAN;DTRDTR_E11REB_12_Q;DTRDTR_E11REB_12_STP03_Q;"June 27, 2026";"June 28, 2026 12:14:19 AM";"June 28, 2026 12:14:35 AM";;Ended OK;ARRET  BOEXI40SIAWDKDTRE13: STOP  (WDKDTRP13);stop BO_WDKDTRP13;Command;No;1;No;CTMSRV;DTRDTR_E11REB_12_Q;svc_sapbi;wdkdtrp13;A_W_DTR13;3v28f
DTR-DECISIONNEL TRAN;DTRDTR_E11REB_12_Q;DTRDTR_E11REB_12_STP04_Q;"June 27, 2026";"June 28, 2026 12:14:36 AM";"June 28, 2026 12:14:48 AM";;Ended OK;ARRET  BOEXI40Tomcat: STOP  (WDKDTRP13);stop Tomcat WDKDTRP13;Command;No;1;No;CTMSRV;DTRDTR_E11REB_12_Q;svc_sapbi;wdkdtrp13;A_W_DTR13;3v28g
DTR-DECISIONNEL TRAN;DTRDTR_E11REB_12_Q;DTRDTR_E11REB_12_STR01_Q;"June 27, 2026";"June 28, 2026 12:14:08 AM";"June 28, 2026 12:14:16 AM";;Ended OK;DEMARRAGE  BOEXI40SIAWDKDTRE12: START  (WDKDTRP12);start BO_WDKDTRP12;Command;No;1;No;CTMSRV;DTRDTR_E11REB_12_Q;svc_sapbi;wdkdtrp12;A_W_DTR12;3v28e
DTR-DECISIONNEL TRAN;DTRDTR_E11REB_12_Q;DTRDTR_E11REB_12_STR02_Q;"June 27, 2026";"June 28, 2026 12:14:07 AM";"June 28, 2026 12:14:07 AM";;Ended OK;DEMARRAGE  BOEXI40Tomcat: START  (WDKDTRP12);start Tomcat WDKDTRP12;Dummy;No;1;No;CTMSRV;DTRDTR_E11REB_12_Q;svc_sapbi;;A_W_DTR12;3v28d
DTR-DECISIONNEL TRAN;DTRDTR_E11REB_12_Q;DTRDTR_E11REB_12_STR03_Q;"June 27, 2026";"June 28, 2026 12:18:27 AM";"June 28, 2026 12:18:34 AM";;Ended OK;DEMARRAGE  BOEXI40SIAWDKDTRP13: START  (WDKDTRP13);start BO_WDKDTRP13;Command;No;1;No;CTMSRV;DTRDTR_E11REB_12_Q;svc_sapbi;wdkdtrp13;A_W_DTR13;3v28m
DTR-DECISIONNEL TRAN;DTRDTR_E11REB_12_Q;DTRDTR_E11REB_12_STR04_Q;"June 27, 2026";"June 28, 2026 12:18:26 AM";"June 28, 2026 12:18:26 AM";;Ended OK;DEMARRAGE  BOEXI40Tomcat: START  (WDKDTRP13);start Tomcat WDKDTRP13;Dummy;No;1;No;CTMSRV;DTRDTR_E11REB_12_Q;svc_sapbi;;A_W_DTR13;3v28l
DTR-DECISIONNEL TRAN;DTRDTR_J11TEC_04_Q;DTRDTR_J11TEC_04_CTL01_Q;"June 27, 2026";"June 27, 2026 6:46:06 PM";"June 27, 2026 6:46:06 PM";;Ended OK;Jalon de controle des COND PREV postees (Plan de prod DTR precedent termine);;Dummy;No;1;No;CTMSRV;DTRDTR_J11TEC_04_Q;root;;NOTEXIST;3v2jn
DTR-DECISIONNEL TRAN;DTRDTR_J11TEC_04_Q;DTRDTR_J11TEC_04_FLG01_Q;"June 27, 2026";"June 27, 2026 6:46:06 PM";"June 27, 2026 6:46:06 PM";;Ended OK;DTR : Jalon de fin de la production DTRP01;UDTR_PROD_ENDED;Dummy;No;1;No;CTMSRV;DTRDTR_J11TEC_04_Q;svce_cm;;NOTEXIST;3v2jl
DTR-DECISIONNEL TRAN;DTRDTR_J11TEC_04_Q;DTRDTR_J11TEC_04_FLG04_Q;"June 27, 2026";"June 27, 2026 7:00:00 PM";"June 27, 2026 7:00:00 PM";;Ended OK;Jalon de demarrage de la production DTRP01;UDTR_PROD_START_001J;Dummy;No;1;No;CTMSRV;DTRDTR_J11TEC_04_Q;svce_cm;;NOTEXIST;3v2jm
DTR-DECISIONNEL TRAN;DTRDTR_K12SVG_03_H;DTRDTR_K12SVG_03_NBU01_H;"June 27, 2026";"June 28, 2026 5:00:00 AM";"June 28, 2026 5:00:00 AM";;Ended OK;Sauvegarde Full NBU du serveur WDKBOBP01;NetbackupRemoteCtm_Full.ksh;Dummy;No;1;No;CTMSRV;DTRDTR_K12SVG_03_H;root;;NOTEXIST;3v2gy
DTR-DECISIONNEL TRAN;DTRDTR_K12SVG_03_H;DTRDTR_K12SVG_03_NBU02_H;"June 27, 2026";"June 28, 2026 5:00:00 AM";"June 28, 2026 5:00:00 AM";;Ended OK;Sauvegarde Hebdo NBU du serveur LDKDTRP01;BackupNetbackupNew.ksh;Dummy;No;1;No;CTMSRV;DTRDTR_K12SVG_03_H;root;;NOTEXIST;3v2gz
DTR-DECISIONNEL TRAN;DTRDTR_K12SVG_03_H;DTRDTR_K12SVG_03_NBU04_H;"June 27, 2026";"June 28, 2026 5:00:00 AM";"June 28, 2026 5:00:00 AM";;Ended OK;Save NBK hebdo de DTR sur UDKDWP02;BackupNetbackupRemote.ksh;Dummy;No;1;No;CTMSRV;DTRDTR_K12SVG_03_H;root;;NOTEXIST;3v2h0
DTR-DECISIONNEL TRAN;DTRHEC_J11INT_05_Q;DTRHEC_J11INT_05_IMP01_Q;"June 27, 2026";"June 28, 2026 12:38:48 AM";"June 28, 2026 12:39:53 AM";;Ended OK;DTR : Lancement du plan d' execution  DTR_HERCULE_REC_PLAN;Lance_Interface_DTR_KDR.ksh;Job;No;1;No;CTMSRV;DTRHEC_J11INT_05_Q;root;ldkdtrp02;M_L_DTR01;3v25d
DTR-DECISIONNEL TRAN;DTRHEC_J11INT_05_Q;DTRHEC_J11INT_05_IMP02_Q;"June 27, 2026";"June 28, 2026 12:39:54 AM";"June 28, 2026 12:40:25 AM";;Ended OK;DTR : Lancement du plan d' execution  DTR_HERCULE_REC_COPIE_PLAN;Lance_Interface_DTR_KDR.ksh;Job;No;1;No;CTMSRV;DTRHEC_J11INT_05_Q;root;ldkdtrp03;M_L_DTR01;3v25e
DTR-DECISIONNEL TRAN;DTRHEC_J11INT_05_Q;DTRHEC_J11INT_05_IMP03_Q;"June 27, 2026";"June 28, 2026 12:33:50 AM";"June 28, 2026 12:34:41 AM";;Ended OK;DTR : Lancement du plan d' execution  DTR_HERCULE_REC_P2_PLAN;Lance_Interface_DTR_KDR.ksh;Job;No;1;No;CTMSRV;DTRHEC_J11INT_05_Q;root;ldkdtrp03;M_L_DTR01;3v25f
DTR-DECISIONNEL TRAN;DTRHEC_J11INT_05_Q;DTRHEC_J11INT_05_IMP04_Q;"June 27, 2026";"June 28, 2026 12:34:42 AM";"June 28, 2026 12:35:11 AM";;Ended OK;DTR : Lancement du plan d' execution  DTR_HERCULE_REC_COPIE_P2_PLAN;Lance_Interface_DTR_KDR.ksh;Job;No;1;No;CTMSRV;DTRHEC_J11INT_05_Q;root;ldkdtrp02;M_L_DTR01;3v25g
DTR-DECISIONNEL TRAN;DTRHEC_J11INT_05_Q;DTRHEC_J11INT_05_MOV01_Q;"June 27, 2026";"June 28, 2026 12:30:00 AM";"June 28, 2026 12:30:01 AM";;Ended OK;Deplacer les fichiers du NAS vers DTR;MOVE_GENERIQUE.sh;Job;No;1;No;CTMSRV;DTRHEC_J11INT_05_Q;root;ldkdtrp02;M_L_DTR01;3v25c
DTR-DECISIONNEL TRAN;DTRHEC_J11INT_05_Q;DTRHEC_J11INT_05_Q;"June 27, 2026";"June 27, 2026 1:30:12 PM";"June 28, 2026 12:40:26 AM";;Ended OK;DTR : Integration des Donnees HEC;;SMART Table;No;1;No;CTMSRV;DTRHEC_J11INT_05_Q;root;ldkctmp50;;3v25b
DTR-DECISIONNEL TRAN;DTRKDR_J12INT_05_Q;DTRKDR_J12INT_05_IMP01_Q;"June 27, 2026";"June 28, 2026 12:30:01 AM";"June 28, 2026 12:38:01 AM";;Ended OK;DTR : Lancement du plan d' execution  DTR_REFERENTIEL_REC_PLAN;Lance_Interface_DTR_KDR.ksh;Job;No;1;No;CTMSRV;DTRKDR_J12INT_05_Q;root;ldkdtrp02;M_L_DTR01;3v36h
DTR-DECISIONNEL TRAN;DTRKDR_J12INT_05_Q;DTRKDR_J12INT_05_IMP02_Q;"June 27, 2026";"June 28, 2026 12:38:01 AM";"June 28, 2026 12:38:47 AM";;Ended OK;DTR : Lancement du plan d' execution  DTR_REFERENTIEL_REC_COPIE_PLAN;Lance_Interface_DTR_KDR.ksh;Job;No;1;No;CTMSRV;DTRKDR_J12INT_05_Q;root;ldkdtrp03;M_L_DTR01;3v36i
DTR-DECISIONNEL TRAN;DTRKDR_J12INT_05_Q;DTRKDR_J12INT_05_IMP03_Q;"June 27, 2026";"June 28, 2026 12:30:01 AM";"June 28, 2026 12:33:01 AM";;Ended OK;DTR : Lancement du plan d' execution  DTR_REFERENTIEL_REC_P2_PLAN;Lance_Interface_DTR_KDR.ksh;Job;No;1;No;CTMSRV;DTRKDR_J12INT_05_Q;root;ldkdtrp03;M_L_DTR01;3v36j
DTR-DECISIONNEL TRAN;DTRKDR_J12INT_05_Q;DTRKDR_J12INT_05_IMP04_Q;"June 27, 2026";"June 28, 2026 12:33:01 AM";"June 28, 2026 12:33:49 AM";;Ended OK;DTR : Lancement du plan d' execution  DTR_REFERENTIEL_REC_COPIE_P2_PLAN;Lance_Interface_DTR_KDR.ksh;Job;No;1;No;CTMSRV;DTRKDR_J12INT_05_Q;root;ldkdtrp02;M_L_DTR01;3v36k
DTR-DECISIONNEL TRAN;DTRKDR_J12INT_05_Q;DTRKDR_J12INT_05_MOV01_Q;"June 27, 2026";"June 28, 2026 12:30:00 AM";"June 28, 2026 12:30:01 AM";;Ended OK;Deplacer les fichiers du NAS vers DTR;DTRKDR_J12INT_05_MOV01_Q.ksh;Job;No;1;No;CTMSRV;DTRKDR_J12INT_05_Q;root;ldkdtrp03;M_L_DTR01;3v36l
DTR-DECISIONNEL TRAN;DTRKDR_J13INT_05_Q;DTRKDR_J13INT_05_IMP01_Q;"June 27, 2026";;;;Wait for Event;DTR : Lancement du plan d'execution DTR_REFERENTIEL_REC_TRANSCOS_PLAN;Lance_Interface_DTR_KDR.ksh;Job;No;0;No;CTMSRV;DTRKDR_J13INT_05_Q;root;M_L_DTR01;M_L_DTR01;3v24i
DTR-DECISIONNEL TRAN;DTRKDR_J13INT_05_Q;DTRKDR_J13INT_05_MOV01_Q;"June 27, 2026";;;;Wait for Event;Deplacer les fichiers du NAS vers DTR;MOVE_GENERIQUE.sh;Job;No;0;No;CTMSRV;DTRKDR_J13INT_05_Q;root;M_L_DTR01;M_L_DTR01;3v24h
DTR-DECISIONNEL TRAN;DTRKDR_J14INT_05_Q;DTRKDR_J14INT_05_IMP01_Q;"June 27, 2026";"June 28, 2026 12:38:48 AM";"June 28, 2026 12:42:07 AM";;Ended OK;DTR : Lancement du plan d'exécution DTR_REFERENTIEL_REC_RESSOURCE_PLAN;Lance_Interface_DTR_KDR.ksh;Job;No;1;No;CTMSRV;DTRKDR_J14INT_05_Q;root;ldkdtrp03;M_L_DTR01;3v2n5
DTR-DECISIONNEL TRAN;DTRKDR_J14INT_05_Q;DTRKDR_J14INT_05_MOV01_Q;"June 27, 2026";"June 28, 2026 12:08:00 AM";"June 28, 2026 12:08:01 AM";;Ended OK;Deplacer les fichiers du NAS vers DTR;DTRKDR_J14INT_05_MOV01_Q.ksh;Job;No;1;No;CTMSRV;DTRKDR_J14INT_05_Q;root;ldkdtrp03;M_L_DTR01;3v2n4
DTR-DECISIONNEL TRAN;DTRKDR_J15INT_05_Q;DTRKDR_J15INT_05_IMP01_Q;"June 27, 2026";"June 28, 2026 12:38:48 AM";"June 28, 2026 12:42:07 AM";;Ended OK;DTR : Lancement du plan d'exécution DTR_REFERENTIEL_REC_PARTENAIRE_PLAN;Lance_Interface_DTR_KDR.ksh;Job;No;1;No;CTMSRV;DTRKDR_J15INT_05_Q;root;ldkdtrp02;M_L_DTR01;3v27q
DTR-DECISIONNEL TRAN;DTRKDR_J15INT_05_Q;DTRKDR_J15INT_05_MOV01_Q;"June 27, 2026";"June 27, 2026 9:34:14 PM";"June 27, 2026 9:34:15 PM";;Ended OK;Deplacer les fichiers du NAS vers DTR;DTRKDR_J15INT_05_MOV01_Q.ksh;Job;No;1;No;CTMSRV;DTRKDR_J15INT_05_Q;root;ldkdtrp02;M_L_DTR01;3v27p
DTR-DECISIONNEL TRAN;DTRKDR_J16INT_05_Q;DTRKDR_J16INT_05_IMP01_Q;"June 27, 2026";"June 28, 2026 3:40:20 AM";"June 28, 2026 3:44:24 AM";;Ended OK;DTR : Lancement du plan d'execution DTR_REFERENTIEL_REC_SEE_PLAN;Lance_Interface_DTR_KDR.ksh;Job;No;1;No;CTMSRV;DTRKDR_J16INT_05_Q;root;ldkdtrp03;M_L_DTR01;3v2q9
DTR-DECISIONNEL TRAN;DTRKDR_J16INT_05_Q;DTRKDR_J16INT_05_IMP02_Q;"June 27, 2026";"June 28, 2026 3:44:25 AM";"June 28, 2026 3:45:59 AM";;Ended OK;DTR : Lancement du plan d'execution DTR_REFERENTIEL_REC_TRANSCOS_SEE_PLAN;Lance_Interface_DTR_KDR.ksh;Job;No;1;No;CTMSRV;DTRKDR_J16INT_05_Q;root;ldkdtrp02;M_L_DTR01;3v2qa
DTR-DECISIONNEL TRAN;DTRKDR_J16INT_05_Q;DTRKDR_J16INT_05_MOV01_Q;"June 27, 2026";"June 28, 2026 3:40:17 AM";"June 28, 2026 3:40:19 AM";;Ended OK;Deplacer les fichiers zip du NAS vers DTR;DTRKDR_J16INT_05_MOV01_Q.ksh;Job;No;1;No;CTMSRV;DTRKDR_J16INT_05_Q;root;ldkdtrp02;M_L_DTR01;3v2q8
DTR-DECISIONNEL TRAN;DTRKDR_J16INT_05_Q;DTRKDR_J16INT_05_Q;"June 27, 2026";"June 27, 2026 1:30:12 PM";"June 28, 2026 3:46:00 AM";;Ended OK;DTR: Projet DTR_REFERENTIEL;;SMART Table;No;1;No;CTMSRV;DTRKDR_J16INT_05_Q;;ldkctmp50;;3v2q7
DTR-DECISIONNEL TRAN;DTRMDM_J11INT_05_Q;DTRMDM_J11INT_05_FWT04_Q;"June 27, 2026";"June 28, 2026 12:00:00 AM";"June 28, 2026 12:00:03 AM";0800;Ended OK;Scrutation des fichiers MDM;FileWatcher_Mult_Fic.ksh;Job;No;1;Yes;CTMSRV;DTRMDM_J11INT_05_Q;ctmag900;ldkdtrp03;M_L_DTR01;3v3gm
DTR-DECISIONNEL TRAN;DTRMDM_J11INT_05_Q;DTRMDM_J11INT_05_IMP05_Q;"June 27, 2026";"June 28, 2026 12:00:03 AM";"June 28, 2026 12:00:28 AM";;Ended OK;Plan d'execution transfert Fichier;Lance_Interface_DTR_MDM.ksh;Job;No;1;No;CTMSRV;DTRMDM_J11INT_05_Q;root;ldkdtrp02;M_L_DTR01;3v3gn
DTR-DECISIONNEL TRAN;DTRMDM_J11INT_05_Q;DTRMDM_J11INT_05_IMP06_Q;"June 27, 2026";"June 28, 2026 12:00:29 AM";"June 28, 2026 12:07:08 AM";;Ended OK;Lancement des plans d'execution SOCLE;Lance_Interface_DTR_MDM.ksh;Job;No;1;No;CTMSRV;DTRMDM_J11INT_05_Q;root;ldkdtrp03;M_L_DTR01;3v3go
DTR-DECISIONNEL TRAN;DTRMDM_J11INT_05_Q;DTRMDM_J11INT_05_IMP07_Q;"June 27, 2026";"June 28, 2026 12:07:09 AM";"June 28, 2026 12:10:04 AM";;Ended OK;Lancement des plans d'execution MAIEXP;Lance_Interface_DTR_MDM.ksh;Job;No;1;No;CTMSRV;DTRMDM_J11INT_05_Q;root;ldkdtrp02;M_L_DTR01;3v3gp
DTR-DECISIONNEL TRAN;DTRMDM_J11INT_05_Q;DTRMDM_J11INT_05_LIM01_Q;"June 27, 2026";"June 28, 2026 12:40:00 AM";"June 28, 2026 12:40:00 AM";;Ended OK;Limite horaire 0h40 du matin;;Dummy;No;1;No;CTMSRV;DTRMDM_J11INT_05_Q;ctmag900;;M_L_DTR01;3v3gq
EAI-EAI;EAIEAI_E11TEC_04_Q;EAIEAI_E11TEC_04_WRK01_Q;"June 27, 2026";"June 27, 2026 6:00:00 PM";"June 27, 2026 6:00:05 PM";;Ended OK;Envoi ODATE vers PFE \\prod.dalkia.org\PFE\APPS\EAI\filesharing\ODATE\ODATE.txt;CreateOdate.bat;Job;No;1;No;CTMSRV;EAIEAI_E11TEC_04_Q;svce_cm;wdkpfep13;A_W_PFE13;3v31l
ETR-ETRM;ETRMEC_J11FLX_07_Q;ETRMEC_J11FLX_07_MOV01_Q;"June 27, 2026";;;;Wait for Event;"PFE : Deplacement des fichiers ""MEC.zip"" depuis PFE vers ETRM";MOV_Generique_DKA.bat;Job;No;0;No;CTMSRV;ETRMEC_J11FLX_07_Q;svce_cm;A_W_ETR24;A_W_ETR24;3v2u9
ETR-ETRM;ETRMEC_J11FLX_07_Q;ETRMEC_J11FLX_07_Q;"June 27, 2026";"June 27, 2026 1:30:12 PM";;;Executing;PFE : Flux MEC;;SMART Table;No;1;No;CTMSRV;ETRMEC_J11FLX_07_Q;svce_cm;;;3v2u8
FIN-FINANCE;FINEXT_J11INT_05_Q;FINEXT_J11INT_05_LIM01_Q;"June 27, 2026";"June 27, 2026 10:30:00 PM";"June 27, 2026 10:30:00 PM";;Ended OK;FINANCE : Limite horaire notification PFE XEROX;;Dummy;No;1;No;CTMSRV;FINEXT_J11INT_05_Q;opfinbac;;M_L_FIN12;3v3fy
FIN-FINANCE;FINEXT_J11INT_05_Q;FINEXT_J11INT_05_Q;"June 27, 2026";"June 27, 2026 7:02:08 PM";"June 27, 2026 10:52:06 PM";2230;Ended OK;FINANCE : Chargement factures Xerox;;SMART Table;No;1;No;CTMSRV;FINEXT_J11INT_05_Q;opfinbac;ldkctmp50;;3v3fw
FIN-FINANCE;FINEXT_J11INT_05_Q;FINEXT_J11INT_05_WRK02_Q;"June 27, 2026";"June 27, 2026 10:30:00 PM";"June 27, 2026 10:52:06 PM";;Ended OK;XEROX : Intégration factures;;Job;No;1;No;CTMSRV;FINEXT_J11INT_05_Q;EXPLOITATION;ldkfinp11;M_L_FIN12;3v3fx
FIN-FINANCE;FINEXT_J12INT_05_Q;FINEXT_J12INT_05_CON01_Q;"June 27, 2026";"June 27, 2026 8:33:42 PM";"June 27, 2026 8:34:00 PM";;Ended OK;FINANCE : Concaténer les fichiers L56VFRTDSPAR*.TR1 dans un fichier ZCI_DAL.csv;CON_Generique_DKA.ksh;Job;No;1;No;CTMSRV;FINEXT_J12INT_05_Q;opfinbac;ldkfinp11;M_L_FIN12;3v3im
FIN-FINANCE;FINEXT_J12INT_05_Q;FINEXT_J12INT_05_CTL01_Q;"June 27, 2026";"June 27, 2026 8:33:40 PM";"June 27, 2026 8:33:42 PM";;Ended OK;FINANCE : Controle de fichiers L56VFRTDSPAR*.TIF;CON_Generique_DKA.ksh;Command;No;1;No;CTMSRV;FINEXT_J12INT_05_Q;opfinbac;ldkfinp01;M_L_FIN12;3v3in
FIN-FINANCE;FINEXT_J12INT_05_Q;FINEXT_J12INT_05_FIN01_Q;"June 27, 2026";"June 27, 2026 8:35:21 PM";"June 27, 2026 8:35:21 PM";;Ended OK;FINANCE : Fin de Chaine TradeShift;;Dummy;No;1;No;CTMSRV;FINEXT_J12INT_05_Q;opfinbac;;M_L_FIN12;3v3io
FIN-FINANCE;FINEXT_J12INT_05_Q;FINEXT_J12INT_05_IMP01_Q;"June 27, 2026";"June 27, 2026 8:34:01 PM";"June 27, 2026 8:35:20 PM";;Ended OK;TRADESHIFT : Chargement factures;;Job;No;1;No;CTMSRV;FINEXT_J12INT_05_Q;EXPLOITATION;ldkfinp01;M_L_FIN12;3v3ik
FIN-FINANCE;FINEXT_J12INT_05_Q;FINEXT_J12INT_05_MOV01_Q;"June 27, 2026";"June 27, 2026 8:33:35 PM";"June 27, 2026 8:33:37 PM";2228;Ended OK;FINANCE : Move du fichier L56VFRTDSPAR__DLK* depuis NAS;MOV_IN_Generique_DKA.ksh;Job;No;1;No;CTMSRV;FINEXT_J12INT_05_Q;opfinbac;ldkfinp01;M_L_FIN12;3v3ij
FIN-FINANCE;FINEXT_J12INT_05_Q;FINEXT_J12INT_05_Q;"June 27, 2026";"June 27, 2026 7:02:08 PM";"June 27, 2026 8:35:22 PM";2230;Ended OK;FINANCE : Chargement factures TradeShift;;SMART Table;No;1;No;CTMSRV;FINEXT_J12INT_05_Q;opfinbac;ldkctmp50;;3v3ii
FIN-FINANCE;FINEXT_J12INT_05_Q;FINEXT_J12INT_05_ZIP01_Q;"June 27, 2026";"June 27, 2026 8:33:37 PM";"June 27, 2026 8:33:40 PM";;Ended OK;FINANCE : Decompression du fichier L56VFRTDSPAR__DLK*.zip;DEZIP_Generique_DKA.ksh;Job;No;1;No;CTMSRV;FINEXT_J12INT_05_Q;opfinbac;ldkfinp11;M_L_FIN12;3v3il
FIN-FINANCE;FINEXT_J15INT_05_Q;FINEXT_J15INT_05_Q;"June 27, 2026";"June 27, 2026 1:30:12 PM";"June 27, 2026 1:30:14 PM";;Ended OK;FINANCE : Interface d'import des fournisseurs dans Oracle;;SMART Table;No;1;No;CTMSRV;FINEXT_J15INT_05_Q;opfinbac;;;3v2hm
FIN-FINANCE;FINEXT_J17INT_05_Q;FINEXT_J17INT_05_Q;"June 27, 2026";"June 27, 2026 1:30:12 PM";"June 27, 2026 1:30:14 PM";;Ended OK;FINANCE : Interface d'import des commandes iValua;;SMART Table;No;1;No;CTMSRV;FINEXT_J17INT_05_Q;opfinbac;;;3v21a
FIN-FINANCE;FINEXT_J18GEN_06;FINEXT_J18GEN_06_Q;"June 27, 2026";"June 28, 2026 12:16:50 AM";"June 28, 2026 12:43:38 AM";;Ended OK;FINANCE : Export des données factures vers iValua;;SMART Table;No;1;No;CTMSRV;FINEXT_J18GEN_06_Q;opfinbac;ldkctmp50;;3v37w
FIN-FINANCE;FINEXT_J18GEN_06_Q;FINEXT_J18GEN_06_EXP01_Q;"June 27, 2026";"June 28, 2026 12:16:50 AM";"June 28, 2026 12:43:17 AM";;Ended OK;Export des données factures vers iValua;;Job;No;1;No;CTMSRV;FINEXT_J18GEN_06_Q;EXPLOITATION;ldkfinp01;M_L_FIN12;3v37x
FIN-FINANCE;FINEXT_J18GEN_06_Q;FINEXT_J18GEN_06_MOV01_Q;"June 27, 2026";"June 28, 2026 12:43:19 AM";"June 28, 2026 12:43:23 AM";;Ended OK;FINANCE : Move du fichier DSP01_INV_*.CSV vers le NAS;MOV_OUT_Generique_DKA.ksh;Job;No;1;No;CTMSRV;FINEXT_J18GEN_06_Q;opfinbac;ldkfinp01;M_L_FIN12;3v37y
FIN-FINANCE;FINEXT_J18GEN_06_Q;FINEXT_J18GEN_06_MOV02_Q;"June 27, 2026";"June 28, 2026 12:43:19 AM";"June 28, 2026 12:43:37 AM";;Ended OK;FINANCE : Move du fichier DSP01_INV_*.ZIP vers le NAS;MOV_OUT_Generique_DKA.ksh;Job;No;1;No;CTMSRV;FINEXT_J18GEN_06_Q;opfinbac;ldkfinp11;M_L_FIN12;3v37z
FIN-FINANCE;FINEXT_J18GEN_06_Q;FINEXT_J18GEN_06_MOV03_Q;"June 27, 2026";"June 28, 2026 12:43:18 AM";"June 28, 2026 12:43:18 AM";;Ended OK;FINANCE : Move des fichiers *.LOG vers le GDR;MOV_OUT_GDR_DKA.ksh;Dummy;No;1;No;CTMSRV;FINEXT_J18GEN_06_Q;opfinbac;;M_L_FIN12;3v380
FIN-FINANCE;FINEXT_J18INT_05_Q;FINEXT_J18INT_05_Q;"June 27, 2026";"June 27, 2026 1:30:12 PM";"June 27, 2026 1:30:14 PM";;Ended OK;FINANCE : Interface d'import des réceptions;;SMART Table;No;1;No;CTMSRV;FINEXT_J18INT_05_Q;opfinbac;;;3v2l5
FIN-FINANCE;FINEXT_J19GEN_06_Q;FINEXT_J19GEN_06_EXP01_Q;"June 27, 2026";"June 28, 2026 12:43:18 AM";"June 28, 2026 12:43:18 AM";;Ended OK;Export et envoi vers IVALUA des transferts de commandes à un tiers;;Dummy;No;1;No;CTMSRV;FINEXT_J19GEN_06_Q;EXPLOITATION;;M_L_FIN12;3v2yu
FIN-FINANCE;FINEXT_J19GEN_06_Q;FINEXT_J19GEN_06_Q;"June 27, 2026";"June 27, 2026 1:30:12 PM";"June 28, 2026 12:43:19 AM";;Ended OK;FINANCE : Export des données factures vers iValua;;SMART Table;No;1;No;CTMSRV;FINEXT_J19GEN_06_Q;opfinbac;ldkctmp50;;3v2yt
FIN-FINANCE;FINEXT_J19INT_05_Q;FINEXT_J19INT_05_Q;"June 27, 2026";"June 27, 2026 1:30:12 PM";"June 27, 2026 1:30:14 PM";;Ended OK;FINANCE : Import des codes de déblocage facture depuis iValua;;SMART Table;No;1;No;CTMSRV;FINEXT_J19INT_05_Q;opfinbac;;;3v23c
FIN-FINANCE;FINEXT_J20GEN_06_Q;FINEXT_J20GEN_06_EXP01_Q;"June 27, 2026";"June 27, 2026 11:25:54 PM";"June 27, 2026 11:29:13 PM";;Ended OK;"Export et envoi vers DATALAKE des Entêtes; Lignes et Règlements de factures fournisseurs";;Job;No;1;No;CTMSRV;FINEXT_J20GEN_06_Q;EXPLOITATION;ldkfinp01;M_L_FIN12;3v3k4
FIN-FINANCE;FINEXT_J20GEN_06_Q;FINEXT_J20GEN_06_EXP02_Q;"June 27, 2026";"June 27, 2026 11:25:54 PM";"June 27, 2026 11:27:29 PM";;Ended OK;Export et envoi vers DATALAKE des blocages;;Job;No;1;No;CTMSRV;FINEXT_J20GEN_06_Q;EXPLOITATION;ldkfinp11;M_L_FIN12;3v3k5
FIN-FINANCE;FINEXT_J20GEN_06_Q;FINEXT_J20GEN_06_MOV01_Q;"June 27, 2026";"June 27, 2026 11:29:14 PM";"June 27, 2026 11:29:48 PM";;Ended OK;FINANCE : Move du fichier DKA_EXP_FACTURE_ENTETE_ddMMYYYY-HHMMss.csv vers le NAS;MOV_OUT_Generique_DKA.ksh;Job;No;1;No;CTMSRV;FINEXT_J20GEN_06_Q;opfinbac;ldkfinp11;M_L_FIN12;3v3k7
FIN-FINANCE;FINEXT_J20GEN_06_Q;FINEXT_J20GEN_06_MOV02_Q;"June 27, 2026";"June 27, 2026 11:29:14 PM";"June 27, 2026 11:29:32 PM";;Ended OK;FINANCE : Move du fichier DKA_EXP_FACTURE_LIGNE_ddMMYYYY-HHMMss.csv vers le NAS;MOV_OUT_Generique_DKA.ksh;Job;No;1;No;CTMSRV;FINEXT_J20GEN_06_Q;opfinbac;ldkfinp01;M_L_FIN12;3v3k6
FIN-FINANCE;FINEXT_J20GEN_06_Q;FINEXT_J20GEN_06_MOV03_Q;"June 27, 2026";"June 27, 2026 11:29:14 PM";"June 27, 2026 11:29:32 PM";;Ended OK;FINANCE : Move du fichier DKA_EXP_FACTURE_LIGNE_ddMMYYYY-HHMMss.csv vers le NAS;MOV_OUT_Generique_DKA.ksh;Job;No;1;No;CTMSRV;FINEXT_J20GEN_06_Q;opfinbac;ldkfinp01;M_L_FIN12;3v3k8
FIN-FINANCE;FINEXT_J20GEN_06_Q;FINEXT_J20GEN_06_MOV04_Q;"June 27, 2026";"June 27, 2026 11:27:30 PM";"June 27, 2026 11:27:43 PM";;Ended OK;FINANCE : Move du fichier DKA_EXP_BLOCAGE_ddMMYYYY-HHMMss.csv vers le NAS;MOV_OUT_Generique_DKA.ksh;Job;No;1;No;CTMSRV;FINEXT_J20GEN_06_Q;opfinbac;ldkfinp11;M_L_FIN12;3v3k9
FIN-FINANCE;FINEXT_J20GEN_06_Q;FINEXT_J20GEN_06_Q;"June 27, 2026";"June 27, 2026 11:25:54 PM";"June 27, 2026 11:29:49 PM";;Ended OK;"FINANCE : Export des données fdes Entêtes; Lignes; blocages et Règlements de factures fournisseurs";;SMART Table;No;1;No;CTMSRV;FINEXT_J20GEN_06_Q;opfinbac;ldkctmp50;;3v3k3
FIN-FINANCE;FINEXT_J20INT_05_Q;FINEXT_J20INT_05_IMP01_Q;"June 27, 2026";;;;Wait for Event;IVALUA : Chargement CONTROL_DSP.CSV;;Job;No;0;No;CTMSRV;FINEXT_J20INT_05_Q;EXPLOITATION;M_L_FIN12;M_L_FIN12;3v39o
FIN-FINANCE;FINEXT_J20INT_05_Q;FINEXT_J20INT_05_IMP02_Q;"June 27, 2026";;;;Wait for Event;IVALUA : Chargement factures PO FLIP;;Job;No;0;No;CTMSRV;FINEXT_J20INT_05_Q;EXPLOITATION;M_L_FIN12;M_L_FIN12;3v39u
FIN-FINANCE;FINEXT_J20INT_05_Q;FINEXT_J20INT_05_MOV01_Q;"June 27, 2026";;;2220;Wait for Event;FINANCE : Move du fichier DKA.DSP.CONTROL.*.csv depuis la PFE;MOV_IN_Generique_DKA.ksh;Job;No;0;No;CTMSRV;FINEXT_J20INT_05_Q;opfinbac;M_L_FIN12;M_L_FIN12;3v39m
FIN-FINANCE;FINEXT_J20INT_05_Q;FINEXT_J20INT_05_MOV02_Q;"June 27, 2026";;;;Wait for Event;FINANCE : Move du fichier DKA.DSP.*.TR1 depuis la PFE;MOV_IN_Generique_DKA.ksh;Job;No;0;No;CTMSRV;FINEXT_J20INT_05_Q;opfinbac;M_L_FIN12;M_L_FIN12;3v39q
FIN-FINANCE;FINEXT_J20INT_05_Q;FINEXT_J20INT_05_MOV03_Q;"June 27, 2026";;;;Wait for Event;FINANCE : Move du fichier DKA.DSP.IMAGE depuis la PFE;MOV_IN_Generique_DKA.ksh;Job;No;0;No;CTMSRV;FINEXT_J20INT_05_Q;opfinbac;M_L_FIN12;M_L_FIN12;3v39s
FIN-FINANCE;FINEXT_J20INT_05_Q;FINEXT_J20INT_05_Q;"June 27, 2026";"June 27, 2026 7:02:08 PM";;1114;Executing;IVALUA : Chargement CONTROL_DSP.CSV;;SMART Table;No;1;No;CTMSRV;FINEXT_J20INT_05_Q;;ldkctmp50;;3v39l
FIN-FINANCE;FINEXT_J20INT_05_Q;FINEXT_J20INT_05_WRK01_Q;"June 27, 2026";"June 27, 2026 10:52:06 PM";"June 27, 2026 10:54:08 PM";;Ended OK;IVALUA : Contrôle de flux PO FLIP;;Job;No;1;No;CTMSRV;FINEXT_J20INT_05_Q;EXPLOITATION;ldkfinp11;M_L_FIN12;3v39p
FIN-FINANCE;FINEXT_J20INT_05_Q;FINEXT_J20INT_05_ZIP01_Q;"June 27, 2026";;;;Wait for Event;FINANCE : Decompression du fichier DKA.DSP.IMAGE.*.zip;FINEXT_J20INT_05_ZIP01_Q.ksh;Job;No;0;No;CTMSRV;FINEXT_J20INT_05_Q;opfinbac;M_L_FIN12;M_L_FIN12;3v39t
FIN-FINANCE;FINEXT_J20INT_05_Q;FINEXT_J20NT_05_CON01_Q;"June 27, 2026";;;;Wait for Event;FINANCE : Concatener les fichiers DKA.DSP.CONTROL*.csv en CONTROL_DSP.csv;FINEXT_J20INT_05_CON01_Q.ksh;Job;No;0;No;CTMSRV;FINEXT_J20INT_05_Q;opfinbac;M_L_FIN12;M_L_FIN12;3v39n
FIN-FINANCE;FINEXT_J20INT_05_Q;FINEXT_J20NT_05_CON02_Q;"June 27, 2026";;;;Wait for Event;FINANCE : Concatener les fichiers DKA.DSP.*.TR1 en DSP_DAL.csv;CON_Generique_DKA.ksh;Job;No;0;No;CTMSRV;FINEXT_J20INT_05_Q;opfinbac;M_L_FIN12;M_L_FIN12;3v39r
FIN-FINANCE;FINFIN_E11STP_01_Q;FINFIN_E11STP_01_ARR01_Q;"June 27, 2026";"June 27, 2026 7:00:00 PM";"June 27, 2026 7:00:07 PM";;Ended OK;Fermeture TP R12 - Stop OHS no 1;ebsstop.ksh;Job;No;1;No;CTMSRV;FINFIN_E11STP_01_Q;opfinbac;ldkfinp06;A_L_FIN06;3v3cl
FIN-FINANCE;FINFIN_E11STP_01_Q;FINFIN_E11STP_01_ARR02_Q;"June 27, 2026";"June 27, 2026 7:00:00 PM";"June 27, 2026 7:00:07 PM";;Ended OK;Fermeture TP R12 - Stop OHS no 2;ebsstop.ksh;Job;No;1;No;CTMSRV;FINFIN_E11STP_01_Q;opfinbac;ldkfinp05;A_L_FIN05;3v3cn
FIN-FINANCE;FINFIN_E11STP_01_Q;FINFIN_E11STP_01_ARR03_Q;"June 27, 2026";"June 27, 2026 7:00:07 PM";"June 27, 2026 7:00:14 PM";;Ended OK;ARRET des MS sur le %%hostname;ebskillfmrweb.ksh;Job;No;1;No;CTMSRV;FINFIN_E11STP_01_Q;opfinbac;ldkfinp03;A_L_FIN03;3v3co
FIN-FINANCE;FINFIN_E11STP_01_Q;FINFIN_E11STP_01_ARR04_Q;"June 27, 2026";"June 27, 2026 7:00:07 PM";"June 27, 2026 7:00:14 PM";;Ended OK;ARRET des MS sur le %%hostname;ebskillfmrweb.ksh;Job;No;1;No;CTMSRV;FINFIN_E11STP_01_Q;opfinbac;ldkfinp04;A_L_FIN04;3v3cp
FIN-FINANCE;FINFIN_E11STP_01_Q;FINFIN_E11STP_01_ATP01_Q;"June 27, 2026";"June 27, 2026 7:00:00 PM";"June 27, 2026 7:00:00 PM";;Ended OK;Fermeture TP R12 - Lock USERS;LOCK_USERS.ksh;Dummy;No;1;No;CTMSRV;FINFIN_E11STP_01_Q;opfinbac;;NOTEXIST;3v3cm
FIN-FINANCE;FINFIN_E11STP_01_Q;FINFIN_E11STP_01_Q;"June 27, 2026";"June 27, 2026 7:00:00 PM";"June 27, 2026 7:02:06 PM";;Ended OK;FINANCE : Fermeture TP OracleR12;;SMART Table;No;1;No;CTMSRV;FINFIN_E11STP_01_Q;opfinbac;ldkctmp50;;3v3cj
FIN-FINANCE;FINFIN_E11STP_01_Q;FINFIN_E11STP_01_WRK01_Q;"June 27, 2026";"June 27, 2026 7:00:15 PM";"June 27, 2026 7:02:06 PM";;Ended OK;Fermeture TP R12 - Flag TP;;Job;No;1;No;CTMSRV;FINFIN_E11STP_01_Q;EXPLOITATION;ldkfinp01;M_L_FIN12;3v3ck
FIN-FINANCE;FINFIN_E11STR_02_Q;FINFIN_E11STR_02_Q;"June 27, 2026";"June 28, 2026 7:00:00 AM";"June 28, 2026 7:00:01 AM";;Ended OK;FINANCE : Ouverture TP OracleR12;;SMART Table;No;1;No;CTMSRV;FINFIN_E11STR_02_Q;opfinbac;ldkctmp50;;3v2ly
FIN-FINANCE;FINFIN_E12STR_02_Q;FINFIN_E12STR_02_DEM01_Q;"June 27, 2026";"June 27, 2026 7:02:07 PM";"June 27, 2026 7:02:22 PM";;Ended OK;Ouverture TP R12 - Start OHS no 1;ebsstart.ksh;Job;No;1;No;CTMSRV;FINFIN_E12STR_02_Q;opfinbac;ldkfinp06;A_L_FIN06;3v305
FIN-FINANCE;FINFIN_E12STR_02_Q;FINFIN_E12STR_02_DEM02_Q;"June 27, 2026";"June 27, 2026 7:02:23 PM";"June 27, 2026 7:02:38 PM";;Ended OK;Ouverture TP R12 - Start OHS no 2;ebsstart.ksh;Job;No;1;No;CTMSRV;FINFIN_E12STR_02_Q;opfinbac;ldkfinp05;A_L_FIN05;3v304
FIN-FINANCE;FINFIN_E12STR_02_Q;FINFIN_E12STR_02_Q;"June 27, 2026";"June 27, 2026 7:02:07 PM";"June 27, 2026 7:02:39 PM";;Ended OK;FINANCE : Ouverture TP OracleR12;;SMART Table;No;1;No;CTMSRV;FINFIN_E12STR_02_Q;opfinfrt;ldkctmp50;;3v303
FIN-FINANCE;FINFIN_J11TEC_04_DEB01_Q;FINFIN_J11TEC_04_DEB01_Q;"June 27, 2026";"June 27, 2026 7:02:06 PM";"June 27, 2026 7:02:06 PM";;Ended OK;FINANCE : Jalon Debut Finance;;SMART Table;No;1;No;CTMSRV;FINFIN_J11TEC_04_DEB01_Q;opfinbac;ldkctmp50;;3v38x
FIN-FINANCE;FINFIN_J11TEC_04_DEB02_Q;FINFIN_J11TEC_04_DEB02_Q;"June 27, 2026";"June 28, 2026 12:05:00 AM";"June 28, 2026 12:05:00 AM";;Ended OK;FINANCE : Jalon Debut Confirmation des règlements pour prélèvements;;SMART Table;No;1;No;CTMSRV;FINFIN_J11TEC_04_DEB02_Q;opfinbac;ldkctmp50;;3v2eg
FIN-FINANCE;FINFIN_J11TEC_04_FCL01_Q;FINFIN_J11TEC_04_FCL01_Q;"June 27, 2026";"June 28, 2026 12:16:49 AM";"June 28, 2026 12:16:49 AM";;Ended OK;FINANCE : Jalon fin Cloture;;SMART Table;No;1;No;CTMSRV;FINFIN_J11TEC_04_FCL01_Q;opfinbac;ldkctmp50;;3v29d
FIN-FINANCE;FINFIN_J11TEC_04_FIN01_Q;FINFIN_J11TEC_04_FIN01_Q;"June 27, 2026";"June 28, 2026 12:16:51 AM";"June 28, 2026 12:16:51 AM";;Ended OK;FINANCE : Jalon fin Finance;;SMART Table;No;1;No;CTMSRV;FINFIN_J11TEC_04_FIN01_Q;opfinbac;ldkctmp50;;3v205
FIN-FINANCE;FINFIN_J11TEC_04_FJA01_Q;FINFIN_J11TEC_04_FJA01_Q;"June 27, 2026";"June 27, 2026 11:37:24 PM";"June 27, 2026 11:37:24 PM";;Ended OK;FINANCE : Debut des campagnes de reglements ();;SMART Table;No;1;No;CTMSRV;FINFIN_J11TEC_04_FJA01_Q;opfinbac;ldkctmp50;;3v2py
FIN-FINANCE;FINFIN_J11TEC_04_FJA02_Q;FINFIN_J11TEC_04_FJA02_Q;"June 27, 2026";"June 27, 2026 11:37:24 PM";"June 27, 2026 11:37:24 PM";;Ended OK;FINANCE : Jalon campagnes de reglements (Bloc 1);;SMART Table;No;1;No;CTMSRV;FINFIN_J11TEC_04_FJA02_Q;opfinbac;ldkctmp50;;3v35g
FIN-FINANCE;FINFIN_J11TEC_04_FJA03_Q;FINFIN_J11TEC_04_FJA03_Q;"June 27, 2026";"June 27, 2026 11:37:25 PM";"June 27, 2026 11:37:25 PM";;Ended OK;FINANCE : Jalon campagnes de reglements (Bloc 2);;SMART Table;No;1;No;CTMSRV;FINFIN_J11TEC_04_FJA03_Q;opfinbac;ldkctmp50;;3v3d2
FIN-FINANCE;FINFIN_J11TEC_04_FJA04_Q;FINFIN_J11TEC_04_FJA04_Q;"June 27, 2026";"June 27, 2026 11:37:26 PM";"June 27, 2026 11:37:26 PM";;Ended OK;FINANCE : Jalon Campagnes de reglements (Bloc 3);;SMART Table;No;1;No;CTMSRV;FINFIN_J11TEC_04_FJA04_Q;opfinbac;ldkctmp50;;3v2dd
FIN-FINANCE;FINFIN_J11TEC_04_FJA05_Q;FINFIN_J11TEC_04_FJA05_Q;"June 27, 2026";"June 27, 2026 11:37:27 PM";"June 27, 2026 11:37:27 PM";;Ended OK;FINANCE : Jalon Campagnes de reglements (Bloc 4);;SMART Table;No;1;No;CTMSRV;FINFIN_J11TEC_04_FJA05_Q;opfinbac;ldkctmp50;;3v1v2
FIN-FINANCE;FINFIN_J11TEC_04_FJA06_Q;FINFIN_J11TEC_04_FJA06_Q;"June 27, 2026";"June 27, 2026 11:37:28 PM";"June 27, 2026 11:37:28 PM";;Ended OK;FINANCE : Fin des campagnes de reglements;;SMART Table;No;1;No;CTMSRV;FINFIN_J11TEC_04_FJA06_Q;opfinbac;ldkctmp50;;3v2t9
FIN-FINANCE;FINFIN_J11TEC_04_FJO01_Q;FINFIN_J11TEC_04_FJO01_Q;"June 27, 2026";"June 27, 2026 11:25:54 PM";"June 27, 2026 11:25:54 PM";;Ended OK;FINANCE : Jalon fin Journaliere;;SMART Table;No;1;No;CTMSRV;FINFIN_J11TEC_04_FJO01_Q;opfinbac;ldkctmp50;;3v2ss
FIN-FINANCE;FINFIN_J11TEC_04_FPE01_Q;FINFIN_J11TEC_04_FPE01_Q;"June 27, 2026";"June 28, 2026 12:16:48 AM";"June 28, 2026 12:16:48 AM";;Ended OK;FINANCE : Jalon fin des Periodique;;SMART Table;No;1;No;CTMSRV;FINFIN_J11TEC_04_FPE01_Q;opfinbac;ldkctmp50;;3v2or
FIN-FINANCE;FINFIN_J11TEC_04_FRE01_Q;FINFIN_J11TEC_04_FRE01_Q;"June 27, 2026";"June 28, 2026 12:16:50 AM";"June 28, 2026 12:16:50 AM";;Ended OK;FINANCE : Jalon fin Referentiel;;SMART Table;No;1;No;CTMSRV;FINFIN_J11TEC_04_FRE01_Q;opfinbac;ldkctmp50;;3v2hh
FIN-FINANCE;FINFIN_J11TRT_04_H;FINFIN_J11TRT_04_H;"June 27, 2026";"June 27, 2026 11:25:54 PM";"June 27, 2026 11:29:43 PM";;Ended OK;FINANCE : Prise en compte GL Hebdomadaire -- Samedi;;SMART Table;No;1;No;CTMSRV;FINFIN_J11TRT_04_H;opfinbac;ldkctmp50;;3v2a1
FIN-FINANCE;FINFIN_J11TRT_04_H;FINFIN_J11TRT_04_WRK01_H;"June 27, 2026";"June 27, 2026 11:25:54 PM";"June 27, 2026 11:29:42 PM";;Ended OK;FINANCE : Prise en compte GL Hebdomadaire -- Samedi;;Job;No;1;No;CTMSRV;FINFIN_J11TRT_04_H;EXPLOITATION;ldkfinp11;M_L_FIN12;3v2a2
FIN-FINANCE;FINFIN_J12TEC_04_Q;FINFIN_J12TEC_04_PUR01_Q;"June 27, 2026";"June 27, 2026 4:00:00 PM";"June 27, 2026 4:00:01 PM";;Ended OK;"Archivage des repertoires IN; OUT et OUT_SEPA";FINFIN_J12TEC_04_PUR01_Q.ksh;Job;No;1;No;CTMSRV;FINFIN_J12TEC_04_Q;opfinbac;ldkfinp01;M_L_FIN12;3v2ka
FIN-FINANCE;FINFIN_J12TEC_04_Q;FINFIN_J12TEC_04_PUR02_Q;"June 27, 2026";;;;Wait for Event;"Archivage des repertoires IN; OUT et OUT_SEPA";FINFIN_J12TEC_04_PUR01_Q.ksh;Job;No;0;No;CTMSRV;FINFIN_J12TEC_04_Q;opfinbac;M_L_FIN12;M_L_FIN12;3v2kb
FIN-FINANCE;FINFIN_J12TEC_04_Q;FINFIN_J12TEC_04_Q;"June 27, 2026";"June 27, 2026 1:30:12 PM";;;Executing;"FINANCE : Archivage des repertoires IN; OUT et OUT_SEPA";;SMART Table;No;1;No;CTMSRV;FINFIN_J12TEC_04_Q;root;;;3v2k9
FIN-FINANCE;FINFIN_J12TRT_04_H;FINFIN_J12TRT_04_H;"June 27, 2026";"June 27, 2026 11:25:54 PM";"June 28, 2026 12:16:48 AM";;Ended OK;FINANCE : Lettrage automatique GL -- Samedi;;SMART Table;No;1;No;CTMSRV;FINFIN_J12TRT_04_H;opfinbac;ldkctmp50;;3v1q8
FIN-FINANCE;FINFIN_J12TRT_04_H;FINFIN_J12TRT_04_WRK01_H;"June 27, 2026";"June 27, 2026 11:29:43 PM";"June 28, 2026 12:16:47 AM";;Ended OK;FINANCE : Lettrage automatique GL -- Samedi;;Job;No;1;No;CTMSRV;FINFIN_J12TRT_04_H;EXPLOITATION;ldkfinp11;M_L_FIN12;3v1q9
FIN-FINANCE;FINFIN_J12TRT_04_Q;FINFIN_J12TRT_04_Q;"June 27, 2026";"June 27, 2026 7:02:08 PM";"June 27, 2026 11:25:54 PM";;Ended OK;FINANCE : Prise en compte GL/AP/AR du jour;;SMART Table;No;1;No;CTMSRV;FINFIN_J12TRT_04_Q;opfinbac;ldkctmp50;;3v1l0
FIN-FINANCE;FINFIN_J12TRT_04_Q;FINFIN_J12TRT_04_WRK02_Q;"June 27, 2026";"June 27, 2026 10:52:06 PM";"June 27, 2026 11:25:53 PM";;Ended OK;Prise en compte AP du jour;;Job;No;1;No;CTMSRV;FINFIN_J12TRT_04_Q;EXPLOITATION;ldkfinp01;M_L_FIN12;3v1l1
FIN-FINANCE;FINFIN_J12TRT_04_Q;FINFIN_J12TRT_04_WRK04_Q;"June 27, 2026";"June 27, 2026 7:02:08 PM";"June 27, 2026 7:14:38 PM";;Ended OK;Prise en compte AR du jour;;Job;No;1;No;CTMSRV;FINFIN_J12TRT_04_Q;EXPLOITATION;ldkfinp01;M_L_FIN12;3v1l2
FIN-FINANCE;FINFIN_J12TRT_04_Q;FINFIN_J12TRT_04_WRK05_Q;"June 27, 2026";"June 27, 2026 7:02:08 PM";"June 27, 2026 7:24:53 PM";;Ended OK;Prise en compte AR du jour;;Job;No;1;No;CTMSRV;FINFIN_J12TRT_04_Q;EXPLOITATION;ldkfinp11;M_L_FIN12;3v1l3
FIN-FINANCE;FINFIN_J13TRT_04_Q;FINFIN_J13TRT_04_Q;"June 27, 2026";"June 27, 2026 7:02:08 PM";"June 27, 2026 11:53:54 PM";;Ended OK;FINANCE : Workflow validation factures;;SMART Table;No;1;No;CTMSRV;FINFIN_J13TRT_04_Q;opfinbac;ldkctmp50;;3v1ob
FIN-FINANCE;FINFIN_J13TRT_04_Q;FINFIN_J13TRT_04_WRK01_Q;"June 27, 2026";"June 27, 2026 11:29:52 PM";"June 27, 2026 11:37:23 PM";;Ended OK;FINANCE : Workflow validation factures;;Job;No;1;No;CTMSRV;FINFIN_J13TRT_04_Q;EXPLOITATION;ldkfinp01;M_L_FIN12;3v1oc
FIN-FINANCE;FINFIN_J13TRT_04_Q;FINFIN_J13TRT_04_WRK02_Q;"June 27, 2026";"June 27, 2026 11:37:24 PM";"June 27, 2026 11:39:12 PM";;Ended OK;FINANCE : Approbation auto des notifications;;Job;No;1;No;CTMSRV;FINFIN_J13TRT_04_Q;EXPLOITATION;ldkfinp11;M_L_FIN12;3v1od
FIN-FINANCE;FINFIN_J13TRT_04_Q;FINFIN_J13TRT_04_WRK03_Q;"June 27, 2026";"June 27, 2026 11:39:13 PM";"June 27, 2026 11:46:31 PM";;Ended OK;FINANCE : Workflow en arriere plan DKACSP;;Job;No;1;No;CTMSRV;FINFIN_J13TRT_04_Q;EXPLOITATION;ldkfinp01;M_L_FIN12;3v1oe
FIN-FINANCE;FINFIN_J13TRT_04_Q;FINFIN_J13TRT_04_WRK04_Q;"June 27, 2026";"June 27, 2026 11:46:32 PM";"June 27, 2026 11:48:53 PM";;Ended OK;FINANCE : Reporting des mvts sans image;;Job;No;1;No;CTMSRV;FINFIN_J13TRT_04_Q;EXPLOITATION;ldkfinp11;M_L_FIN12;3v1of
FIN-FINANCE;FINFIN_J13TRT_04_Q;FINFIN_J13TRT_04_WRK05_Q;"June 27, 2026";"June 27, 2026 11:51:25 PM";"June 27, 2026 11:51:25 PM";;Ended OK;FINANCE : Suivi des notifications ouvertes;;Dummy;No;1;No;CTMSRV;FINFIN_J13TRT_04_Q;EXPLOITATION;;M_L_FIN12;3v1og
FIN-FINANCE;FINFIN_J13TRT_04_Q;FINFIN_J13TRT_04_WRK06_Q;"June 27, 2026";"June 27, 2026 11:51:26 PM";"June 27, 2026 11:53:53 PM";;Ended OK;FINANCE : Purge des workflow obsoletes;;Job;No;1;No;CTMSRV;FINFIN_J13TRT_04_Q;EXPLOITATION;ldkfinp11;M_L_FIN12;3v1oh
FIN-FINANCE;FINFIN_J13TRT_04_Q;FINFIN_J13TRT_04_WRK08_Q;"June 27, 2026";"June 27, 2026 11:48:54 PM";"June 27, 2026 11:51:25 PM";;Ended OK;FINANCE : Annulation des notifications obsoletes CSP;;Job;No;1;No;CTMSRV;FINFIN_J13TRT_04_Q;EXPLOITATION;ldkfinp01;M_L_FIN12;3v1oi
FIN-FINANCE;FINFIN_J22TRT_04_Q;FINFIN_J22TRT_04_Q;"June 27, 2026";"June 27, 2026 1:30:12 PM";"June 27, 2026 1:30:14 PM";;Ended OK;FINANCE : Duplication des sites fournisseurs;;SMART Table;No;1;No;CTMSRV;FINFIN_J22TRT_04_Q;opfinbac;;;3v2di
FIN-FINANCE;FINFIN_J23TRT_04_H;FINFIN_J23TRT_04_WRK01_H;"June 27, 2026";"June 27, 2026 7:02:07 PM";"June 27, 2026 7:04:24 PM";;Ended Not OK;lettrage a ZERO dans le module AR;;Job;No;1;No;CTMSRV;FINFIN_J23TRT_04_H;EXPLOITATION;ldkfinp11;M_L_FIN12;3v2xj
FIN-FINANCE;FINFIN_J23TRT_06_Q;FINFIN_J23TRT_06_CTL01_Q;"June 27, 2026";"June 28, 2026 12:16:50 AM";"June 28, 2026 1:51:04 AM";;Ended OK;REFERENTIEL: Extraction SQL MOA - AP;;Job;No;1;No;CTMSRV;FINFIN_J23TRT_06_Q;EXPLOITATION;ldkfinp01;M_L_FIN12;3v32t
FIN-FINANCE;FINFIN_J23TRT_06_Q;FINFIN_J23TRT_06_CTL02_Q;"June 27, 2026";"June 28, 2026 12:16:50 AM";"June 28, 2026 12:19:54 AM";;Ended OK;REFERENTIEL: Extraction SQL MOA - AR;;Job;No;1;No;CTMSRV;FINFIN_J23TRT_06_Q;EXPLOITATION;ldkfinp11;M_L_FIN12;3v32u
FIN-FINANCE;FINFIN_J23TRT_06_Q;FINFIN_J23TRT_06_CTL03_Q;"June 27, 2026";"June 28, 2026 12:16:50 AM";"June 28, 2026 12:41:04 AM";;Ended OK;REFERENTIEL: Extraction SQL MOA - GL;;Job;No;1;No;CTMSRV;FINFIN_J23TRT_06_Q;EXPLOITATION;ldkfinp01;M_L_FIN12;3v32v
FIN-FINANCE;FINFIN_J23TRT_06_Q;FINFIN_J23TRT_06_CTL04_Q;"June 27, 2026";"June 28, 2026 12:16:50 AM";"June 28, 2026 12:30:37 AM";;Ended OK;REFERENTIEL: Extraction SQL MOA - CSP;;Job;No;1;No;CTMSRV;FINFIN_J23TRT_06_Q;EXPLOITATION;ldkfinp11;M_L_FIN12;3v32w
FIN-FINANCE;FINFIN_J23TRT_06_Q;FINFIN_J23TRT_06_Q;"June 27, 2026";"June 27, 2026 1:30:13 PM";"June 28, 2026 1:51:05 AM";;Ended OK;REFERENTIEL : Extraction SQL MOA;;SMART Table;No;1;No;CTMSRV;FINFIN_J23TRT_06_Q;opfinbac;ldkctmp50;;3v32s
FIN-FINANCE;FINFIN_J33TRT_04_Q;FINFIN_J33TRT_04_Q;"June 27, 2026";"June 27, 2026 1:30:13 PM";"June 27, 2026 4:36:35 PM";;Ended OK;;;SMART Table;No;1;No;CTMSRV;FINFIN_J33TRT_04_Q;;ldkctmp50;;3v3fo
FIN-FINANCE;FINFIN_J33TRT_04_Q;FINFIN_J33TRT_04_WRK01_Q;"June 27, 2026";"June 27, 2026 4:00:00 PM";"June 27, 2026 4:01:11 PM";;Ended OK;"Collecter les statistiques de la table AP; AP_INVOICES_INTERFACE";;Job;No;1;No;CTMSRV;FINFIN_J33TRT_04_Q;EXPLOITATION;ldkfinp11;M_L_FIN12;3v3fp
FIN-FINANCE;FINFIN_J33TRT_04_Q;FINFIN_J33TRT_04_WRK02_Q;"June 27, 2026";"June 27, 2026 4:00:00 PM";"June 27, 2026 4:02:26 PM";;Ended OK;"Collecter les statistiques de la table AP; AP_INVOICES_ALL";;Job;No;1;No;CTMSRV;FINFIN_J33TRT_04_Q;EXPLOITATION;ldkfinp01;M_L_FIN12;3v3fq
FIN-FINANCE;FINFIN_J33TRT_04_Q;FINFIN_J33TRT_04_WRK03_Q;"June 27, 2026";"June 27, 2026 4:30:00 PM";"June 27, 2026 4:36:34 PM";;Ended OK;Collecter les statistiques du schéma  APPLSYS;;Job;No;1;No;CTMSRV;FINFIN_J33TRT_04_Q;EXPLOITATION;ldkfinp11;M_L_FIN12;3v3fr
FIN-FINANCE;FINFIN_J34TRT_04_H;FINFIN_J34TRT_04_H;"June 27, 2026";"June 27, 2026 1:30:12 PM";;;Executing;;;SMART Table;No;1;No;CTMSRV;FINFIN_J34TRT_04_H;;;;3v1vl
FIN-FINANCE;FINFIN_J34TRT_04_H;FINFIN_J34TRT_04_WRK01_H;"June 27, 2026";;;;Wait for Event;Collecter les statistiques du schéma  AR;;Job;No;0;No;CTMSRV;FINFIN_J34TRT_04_H;EXPLOITATION;M_L_FIN12;M_L_FIN12;3v1vm
FIN-FINANCE;FINFIN_J34TRT_04_H;FINFIN_J34TRT_04_WRK02_H;"June 27, 2026";;;;Wait for Event;Collecter les statistiques du schéma  IBY;;Job;No;0;No;CTMSRV;FINFIN_J34TRT_04_H;EXPLOITATION;M_L_FIN12;M_L_FIN12;3v1vn
FIN-FINANCE;FINFIN_J34TRT_04_H;FINFIN_J34TRT_04_WRK03_H;"June 27, 2026";;;;Wait for Event;Collecter les statistiques du schéma  ZX;;Job;No;0;No;CTMSRV;FINFIN_J34TRT_04_H;EXPLOITATION;M_L_FIN12;M_L_FIN12;3v1vo
FIN-FINANCE;FINFIN_J34TRT_04_H;FINFIN_J34TRT_04_WRK04_H;"June 27, 2026";"June 27, 2026 1:45:00 PM";"June 27, 2026 2:05:14 PM";;Ended OK;Collecter les statistiques du schéma  XLA;;Job;No;1;No;CTMSRV;FINFIN_J34TRT_04_H;EXPLOITATION;ldkfinp01;M_L_FIN12;3v1vp
FIN-FINANCE;FINFIN_J34TRT_04_H;FINFIN_J34TRT_04_WRK05_H;"June 27, 2026";"June 27, 2026 2:00:00 PM";"June 27, 2026 2:01:25 PM";;Ended OK;Collecter les statistiques du schéma  FA;;Job;No;1;No;CTMSRV;FINFIN_J34TRT_04_H;EXPLOITATION;ldkfinp11;M_L_FIN12;3v1vq
FIN-FINANCE;FINFIN_J34TRT_04_H;FINFIN_J34TRT_04_WRK06_H;"June 27, 2026";"June 27, 2026 2:15:00 PM";"June 27, 2026 2:20:12 PM";;Ended OK;Collecter les statistiques du schéma  PO;;Job;No;1;No;CTMSRV;FINFIN_J34TRT_04_H;EXPLOITATION;ldkfinp01;M_L_FIN12;3v1vr
FIN-FINANCE;FINFIN_J34TRT_04_H;FINFIN_J34TRT_04_WRK07_H;"June 27, 2026";"June 27, 2026 2:30:00 PM";"June 27, 2026 8:04:35 PM";;Ended OK;Collecter les statistiques du schéma  GL;;Job;No;1;No;CTMSRV;FINFIN_J34TRT_04_H;EXPLOITATION;ldkfinp11;M_L_FIN12;3v1vs
FIN-FINANCE;FINFIN_J34TRT_04_H;FINFIN_J34TRT_04_WRK08_H;"June 27, 2026";"June 27, 2026 2:45:00 PM";"June 27, 2026 3:02:18 PM";;Ended OK;Collecter les statistiques du schéma  AP;;Job;No;1;No;CTMSRV;FINFIN_J34TRT_04_H;EXPLOITATION;ldkfinp01;M_L_FIN12;3v1vt
FIN-FINANCE;FINFIN_J34TRT_04_H;FINFIN_J34TRT_04_WRK09_H;"June 27, 2026";"June 27, 2026 3:00:00 PM";"June 27, 2026 3:13:19 PM";;Ended OK;Collecter les statistiques du schéma  PA;;Job;No;1;No;CTMSRV;FINFIN_J34TRT_04_H;EXPLOITATION;ldkfinp11;M_L_FIN12;3v1vu
FIN-FINANCE;FINFIN_J35TRT_04_H;FINFIN_J35TRT_04_H;"June 27, 2026";"June 27, 2026 1:30:13 PM";"June 27, 2026 1:30:14 PM";;Ended OK;;;SMART Table;No;1;No;CTMSRV;FINFIN_J35TRT_04_H;;;;3v2m3
FIN-FINANCE;FINFIN_J36TRT_04_H;FINFIN_J36TRT_04_H;"June 27, 2026";"June 27, 2026 1:30:13 PM";"June 27, 2026 1:30:14 PM";;Ended OK;;;SMART Table;No;1;No;CTMSRV;FINFIN_J36TRT_04_H;;;;3v3ce
FIN-FINANCE;FINXXX_J14INT_05_Q;FINXXX_J14INT_05_MOV01_Q;"June 27, 2026";"June 27, 2026 11:25:54 PM";"June 27, 2026 11:25:59 PM";;Ended Not OK;FINANCE : MOV du fichier MAG_DAL*.zip.;MOV_IN_Generique_DKA.ksh;Job;No;1;No;CTMSRV;FINXXX_J14INT_05_Q;opfinbac;ldkfinp01;M_L_FIN12;3v3dl
FIN-FINANCE;FINXXX_J14INT_05_Q;FINXXX_J14INT_05_Q;"June 27, 2026";"June 27, 2026 7:02:08 PM";;;Executing;FINANCE : Rattachement des images XEROX/ALADIN;;SMART Table;No;1;No;CTMSRV;FINXXX_J14INT_05_Q;opfinbac;ldkctmp50;;3v3dj
FIN-FINANCE;FINXXX_J14INT_05_Q;FINXXX_J14INT_05_WRK01_Q;"June 27, 2026";"June 27, 2026 11:26:00 PM";"June 27, 2026 11:29:51 PM";;Ended OK;Rattachement des images XEROX - Tradeshift;;Job;No;1;No;CTMSRV;FINXXX_J14INT_05_Q;EXPLOITATION;ldkfinp01;M_L_FIN12;3v3dk
FIN-FINANCE;FINXXX_J14INT_05_Q;FINXXX_J14INT_05_ZIP01_Q;"June 27, 2026";;;;Wait for Event;FINANCE : Decompression du fichiers MAG_DAL*.zip;FINXXX_J14INT_05_ZIP01_Q.ksh;Job;No;0;No;CTMSRV;FINXXX_J14INT_05_Q;opfinbac;M_L_FIN12;M_L_FIN12;3v3dm
GDR-GESTION DES REJETS;GDRFIN_J11INT_05_Q;GDRFIN_J11INT_05_IMP01_Q;"June 27, 2026";;;;Wait for Event;Integre les fichiers de type EcritureComptable GL depuis la PFE vers GDR;lance_Traitement_Interne_GDR.bat;Job;No;0;Yes;CTMSRV;GDRFIN_J11INT_05_Q;svce_cm;A_W_GDR01;A_W_GDR01;3v347
GDR-GESTION DES REJETS;GDRFIN_J11INT_05_Q;GDRFIN_J11INT_05_IMP02_Q;"June 27, 2026";"June 27, 2026 7:45:11 PM";"June 27, 2026 7:45:18 PM";2000;Wait for Event;Integre les fichiers de type EcritureComptable GL depuis la PFE vers GDR;lance_Traitement_Interne_GDR.bat;Job;No;26;Yes;CTMSRV;GDRFIN_J11INT_05_Q;svce_cm;wdkgdrctlpa01;A_W_GDR01;3v348
GDR-GESTION DES REJETS;GDRFIN_J11INT_05_Q;GDRFIN_J11INT_05_IMP03_Q;"June 27, 2026";;;;Wait for Event;Integre les fichiers de type Factures Client depuis la PFE vers GDR;lance_Traitement_Interne_GDR.bat;Job;No;0;Yes;CTMSRV;GDRFIN_J11INT_05_Q;svce_cm;A_W_GDR01;A_W_GDR01;3v344
GDR-GESTION DES REJETS;GDRFIN_J11INT_05_Q;GDRFIN_J11INT_05_IMP04_Q;"June 27, 2026";"June 27, 2026 7:45:26 PM";"June 27, 2026 7:45:33 PM";2000;Wait for Event;Integre les fichiers de type Factures Client depuis la PFE vers GDR;lance_Traitement_Interne_GDR.bat;Job;No;26;Yes;CTMSRV;GDRFIN_J11INT_05_Q;svce_cm;wdkgdrctlpa01;A_W_GDR01;3v349
GDR-GESTION DES REJETS;GDRFIN_J11INT_05_Q;GDRFIN_J11INT_05_IMP05_Q;"June 27, 2026";;;;Wait for Event;Integre les fichiers de type Factures Fournisseur depuis la PFE vers GDR;lance_Traitement_Interne_GDR.bat;Job;No;0;Yes;CTMSRV;GDRFIN_J11INT_05_Q;svce_cm;A_W_GDR01;A_W_GDR01;3v345
GDR-GESTION DES REJETS;GDRFIN_J11INT_05_Q;GDRFIN_J11INT_05_IMP06_Q;"June 27, 2026";"June 27, 2026 7:45:18 PM";"June 27, 2026 7:45:25 PM";2000;Wait for Event;Integre les fichiers de type Factures Fournisseur depuis la PFE vers GDR;lance_Traitement_Interne_GDR.bat;Job;No;26;Yes;CTMSRV;GDRFIN_J11INT_05_Q;svce_cm;wdkgdrctlpa01;A_W_GDR01;3v34a
GDR-GESTION DES REJETS;GDRFIN_J11INT_05_Q;GDRFIN_J11INT_05_IMP07_Q;"June 27, 2026";;;;Wait for Event;Integre les fichiers de type Factures Erreur Source depuis la PFE vers GDR;lance_Traitement_Interne_GDR.bat;Job;No;0;Yes;CTMSRV;GDRFIN_J11INT_05_Q;svce_cm;A_W_GDR01;A_W_GDR01;3v346
GDR-GESTION DES REJETS;GDRFIN_J11INT_05_Q;GDRFIN_J11INT_05_IMP08_Q;"June 27, 2026";"June 27, 2026 7:45:00 PM";"June 27, 2026 7:45:10 PM";2000;Wait for Event;Integre les fichiers de type Factures Erreur Source depuis la PFE vers GDR;lance_Traitement_Interne_GDR.bat;Job;No;26;Yes;CTMSRV;GDRFIN_J11INT_05_Q;svce_cm;wdkgdrctlpa01;A_W_GDR01;3v34b
GDR-GESTION DES REJETS;GDRFIN_J11INT_05_Q;GDRFIN_J11INT_05_Q;"June 27, 2026";"June 27, 2026 1:30:13 PM";;;Executing;Intégration des fichiers de type facture;;SMART Table;No;1;No;CTMSRV;GDRFIN_J11INT_05_Q;svce_cm;;;3v343
GDR-GESTION DES REJETS;GDRGDR_J11TRT_04_Q;GDRGDR_J11TRT_04_Q;"June 27, 2026";"June 27, 2026 1:30:12 PM";"June 27, 2026 1:30:14 PM";;Ended OK;Listing des factures restantes à corriger;;SMART Table;No;1;No;CTMSRV;GDRGDR_J11TRT_04_Q;uSvcGDR;;;3v2zf
HEC-HERCULE CHIFFRAG;HECDTR_J11GEN_05_Q;HECDTR_J11GEN_05_EXP01_Q;"June 27, 2026";"June 27, 2026 7:00:00 PM";"June 27, 2026 7:00:08 PM";;Ended OK;HEC : Generation applicative;lance_Traitement_Interne.bat;Job;No;1;No;CTMSRV;HECDTR_J11GEN_05_Q;uSvcHEC-p;wdkhecp11;A_W_HEC11;3v1ka
HEC-HERCULE CHIFFRAG;HECDTR_J11GEN_05_Q;HECDTR_J11GEN_05_MOV01_Q;"June 27, 2026";"June 27, 2026 7:00:09 PM";"June 27, 2026 7:00:10 PM";;Ended OK;HERCULE : Transfert du fichier HER01_*.csv vers PFE;MOV_Generique_DKA.bat;Job;No;1;No;CTMSRV;HECDTR_J11GEN_05_Q;svce_cm;wdkhecp11;A_W_HEC11;3v1kb
HEC-HERCULE CHIFFRAG;HECDTR_J11GEN_05_Q;HECDTR_J11GEN_05_Q;"June 27, 2026";"June 27, 2026 1:30:13 PM";"June 27, 2026 7:00:11 PM";;Ended OK;HERCULE : Export des Donnees DTR;;SMART Table;No;1;No;CTMSRV;HECDTR_J11GEN_05_Q;;ldkctmp50;;3v1k9
HEC-HERCULE CHIFFRAG;HECFIN_J12INT_05_Q;HECFIN_J12INT_05_MOV01_Q;"June 27, 2026";;;;Wait for Event;HERCULE : Transfert du fichier ENCAISSEMENTS_CLIENTS_*.csv vers HEC;MOVOUT_Generique_DKA.bat;Job;No;0;No;CTMSRV;HECFIN_J12INT_05_Q;svce_cm;A_W_HEC11;A_W_HEC11;3v34x
HEC-HERCULE CHIFFRAG;HECFIN_J12INT_05_Q;HECFIN_J12INT_05_Q;"June 27, 2026";"June 27, 2026 1:30:13 PM";;;Executing;;;SMART Table;No;1;No;CTMSRV;HECFIN_J12INT_05_Q;;;;3v34w
HEC-HERCULE CHIFFRAG;HECFIN_J12INT_05_Q;HECFIN_J12INT_05_WRK01_Q;"June 27, 2026";;;;Wait for Event;HEC : Integration applicative du fichier ENCAISSEMENTS_CLIENTS_*.csv;lance_Traitement_Interne.bat;Job;No;0;No;CTMSRV;HECFIN_J12INT_05_Q;uSvcHEC-p;A_W_HEC11;A_W_HEC11;3v34y
KDR-KADOR;KDREXT_J12INT_05_Q;KDREXT_J12INT_05_IMP01_Q;"June 27, 2026";"June 28, 2026 1:03:06 AM";"June 28, 2026 1:04:07 AM";;Ended OK;KDR : Process Ressource Insert;BATCH_Generique_DKA.ksh;Job;No;1;No;CTMSRV;KDREXT_J12INT_05_Q;dalkia-adm;ldkmdmp21;A_L_MDM21;3v2r0
KDR-KADOR;KDREXT_J12INT_05_Q;KDREXT_J12INT_05_MOV01_Q;"June 27, 2026";"June 28, 2026 1:03:04 AM";"June 28, 2026 1:03:05 AM";;Ended OK;KDR : Deplacement du fichier *.zip vers KDR;MOV_IN_Generique_DKA.ksh;Job;No;1;No;CTMSRV;KDREXT_J12INT_05_Q;root;ldkmdmp21;A_L_MDM21;3v2r1
KDR-KADOR;KDREXT_J12INT_05_Q;KDREXT_J12INT_05_Q;"June 27, 2026";"June 28, 2026 1:03:04 AM";"June 28, 2026 1:04:08 AM";;Ended OK;KADOR : Process Ressource Insert;;SMART Table;No;1;No;CTMSRV;KDREXT_J12INT_05_Q;dalkia-adm;ldkctmp50;;3v2qz
KDR-KADOR;KDREXT_J13INT_05_Q;KDREXT_J13INT_05_IMP01_Q;"June 27, 2026";;;;Wait for Event;KDR - JDV : Import du fichier de JEUXDEVALEURS;executeBatchImportGXPLOV.sh;Job;No;0;No;CTMSRV;KDREXT_J13INT_05_Q;dalkia-adm;A_L_MDM21;A_L_MDM21;3v2u3
KDR-KADOR;KDREXT_J13INT_05_Q;KDREXT_J13INT_05_MOV01_Q;"June 27, 2026";"June 28, 2026 12:23:01 AM";"June 28, 2026 12:23:02 AM";;Ended Not OK;KDR - JDV : Deplacement du fichier *.ZIP vers KDR;MOV_IN_DKA.ksh;Job;No;1;No;CTMSRV;KDREXT_J13INT_05_Q;dalkia-adm;ldkmdmp21;A_L_MDM21;3v2u2
KDR-KADOR;KDRKDR_J11TRT_04_Q;KDRKDR_J11TRT_04_MOV01_Q;"June 27, 2026";"June 27, 2026 11:31:49 PM";"June 27, 2026 11:31:50 PM";;Ended OK;Transfert du zip des donnees FULL FINANCE vers NAS PFE (TEMP);MOV_OUT_Generique_DKA.ksh;Job;No;1;No;CTMSRV;KDRKDR_J11TRT_04_Q;root;ldkmdmp21;A_L_MDM21;3v1xm
KDR-KADOR;KDRKDR_J11TRT_04_Q;KDRKDR_J11TRT_04_MOV02_Q;"June 27, 2026";"June 27, 2026 11:31:51 PM";"June 27, 2026 11:31:51 PM";;Ended OK;Transfert du zip des donnees FULL FINANCE vers NAS PFE;;Command;No;1;No;CTMSRV;KDRKDR_J11TRT_04_Q;root;ldkmdmp21;A_L_MDM21;3v1xn
KDR-KADOR;KDRKDR_J11TRT_04_Q;KDRKDR_J11TRT_04_Q;"June 27, 2026";"June 27, 2026 11:30:00 PM";"June 27, 2026 11:31:52 PM";;Ended OK;KDR : Bascule Statut Objet;;SMART Table;No;1;No;CTMSRV;KDRKDR_J11TRT_04_Q;infadm;ldkctmp50;;3v1xj
KDR-KADOR;KDRKDR_J11TRT_04_Q;KDRKDR_J11TRT_04_WRK01_Q;"June 27, 2026";"June 27, 2026 11:30:00 PM";"June 27, 2026 11:30:35 PM";;Ended OK;Bascule Statut Objet;BATCH_Generique_DKA.ksh;Job;No;1;No;CTMSRV;KDRKDR_J11TRT_04_Q;dalkia-adm;ldkmdmp21;A_L_MDM21;3v1xk
KDR-KADOR;KDRKDR_J11TRT_04_Q;KDRKDR_J11TRT_04_WRK02_Q;"June 27, 2026";"June 27, 2026 11:30:36 PM";"June 27, 2026 11:31:48 PM";;Ended OK;Export full finance;BATCH_Generique_DKA.ksh;Job;No;1;No;CTMSRV;KDRKDR_J11TRT_04_Q;dalkia-adm;ldkmdmp21;A_L_MDM21;3v1xl
KDR-KADOR;KDRKDR_J16TRT_04_Q;KDRKDR_J16TRT_04_EXP01_Q;"June 27, 2026";"June 28, 2026 12:30:00 AM";"June 28, 2026 12:30:26 AM";;Ended OK;Export full RH;BATCH_Generique_DKA.ksh;Job;No;1;No;CTMSRV;KDRKDR_J16TRT_04_Q;dalkia-adm;ldkmdmp21;A_L_MDM21;3v25o
KDR-KADOR;KDRKDR_J16TRT_04_Q;KDRKDR_J16TRT_04_MOV01_Q;"June 27, 2026";"June 28, 2026 12:30:26 AM";"June 28, 2026 12:30:27 AM";;Ended OK;Move des fichiers FULL RH vers le NAS;MOV_OUT_Generique_DKA.ksh;Job;No;1;No;CTMSRV;KDRKDR_J16TRT_04_Q;root;ldkmdmp21;A_L_MDM21;3v25p
KDR-KADOR;KDRKDR_J16TRT_04_Q;KDRKDR_J16TRT_04_Q;"June 27, 2026";"June 27, 2026 11:30:00 PM";"June 28, 2026 12:30:28 AM";;Ended OK;KDR : Bascule Statut Objet;;SMART Table;No;1;No;CTMSRV;KDRKDR_J16TRT_04_Q;infadm;ldkctmp50;;3v25l
KDR-KADOR;KDRKDR_J16TRT_04_Q;KDRKDR_J16TRT_04_WRK01_Q;"June 27, 2026";"June 27, 2026 11:30:00 PM";"June 27, 2026 11:31:47 PM";;Ended OK;Chaine CALCUL_RESSOURCE_ORGA;BATCH_Generique_DKA.ksh;Job;No;1;No;CTMSRV;KDRKDR_J16TRT_04_Q;dalkia-adm;ldkmdmp21;A_L_MDM21;3v25m
KDR-KADOR;KDRKDR_J16TRT_04_Q;KDRKDR_J16TRT_04_WRK02_Q;"June 27, 2026";"June 28, 2026 12:30:00 AM";"June 28, 2026 12:30:12 AM";;Ended OK;Chaine DIFFUSION_RESSOURCE_ORGA;BATCH_Generique_DKA.ksh;Job;No;1;No;CTMSRV;KDRKDR_J16TRT_04_Q;dalkia-adm;ldkmdmp21;A_L_MDM21;3v25n
KDR-KADOR;KDRXXX_J11GEN_06_Q;KDRXXX_J11GEN_06_EXP01_Q;"June 27, 2026";"June 28, 2026 12:00:00 AM";"June 28, 2026 12:00:03 AM";;Ended OK;KDR : Export XML en deltas quotidiens par objets a destination du DTR Affaire;BATCH_Generique_DKA.ksh;Job;No;1;No;CTMSRV;KDRXXX_J11GEN_06_Q;dalkia-adm;ldkmdmp21;A_L_MDM21;3v2cf
KDR-KADOR;KDRXXX_J11GEN_06_Q;KDRXXX_J11GEN_06_MOV01_Q;"June 27, 2026";"June 28, 2026 12:00:03 AM";"June 28, 2026 12:00:04 AM";;Ended OK;KDR : Move des fichiers REF02_*_AFFAIRE-Q_001_*.xml vers le NAS;MOV_OUT_Generique_DKA.ksh;Job;No;1;No;CTMSRV;KDRXXX_J11GEN_06_Q;root;ldkmdmp21;A_L_MDM21;3v2cg
KDR-KADOR;KDRXXX_J11GEN_06_Q;KDRXXX_J11GEN_06_Q;"June 27, 2026";"June 28, 2026 12:00:00 AM";"June 28, 2026 12:00:04 AM";;Ended OK;KDR : Exports a destination de PFE;;SMART Table;No;1;No;CTMSRV;KDRXXX_J11GEN_06_Q;dalkia-adm;ldkctmp50;;3v2ce
KDR-KADOR;KDRXXX_J11TEC_04_Q;KDRXXX_J11TEC_04_Q;"June 27, 2026";"June 28, 2026 12:00:00 AM";"June 28, 2026 12:00:02 AM";;Ended OK;KDR : Ajout date derniere extraction dans Libmemsym;;SMART Table;No;1;No;CTMSRV;KDRXXX_J11TEC_04_Q;infadm;ldkctmp50;;3v1yt
KDR-KADOR;KDRXXX_J11TEC_04_Q;KDRXXX_J11TEC_04_WRK01_Q;"June 27, 2026";"June 28, 2026 12:00:00 AM";"June 28, 2026 12:00:01 AM";;Ended OK;KDR : Ajout date derniere extraction dans Libmemsym;;Command;No;1;No;CTMSRV;KDRXXX_J11TEC_04_Q;controlm;ldkctmp50;SRV_PRIMAIRE;3v1yu
KDR-KADOR;KDRXXX_J11TEC_04_Q;KDRXXX_J11TEC_04_WRK02_Q;"June 27, 2026";"June 28, 2026 12:00:02 AM";"June 28, 2026 12:00:02 AM";;Ended OK;KDR : Ajout date derniere extraction dans Libmemsym;SED_libmemsym_DALKIA_KDR_libmemsym_DALKIA.ksh;Job;No;1;No;CTMSRV;KDRXXX_J11TEC_04_Q;controlm;ldkctmp50;SRV_PRIMAIRE;3v1yv
KDR-KADOR;KDRXXX_J18GEN_06_Q;KDRXXX_J18GEN_06_EXP01_Q;"June 27, 2026";"June 28, 2026 12:00:00 AM";"June 28, 2026 12:00:02 AM";;Ended OK;KDR : Export au format XML des Centres Finance modifies dans le Referentiel;BATCH_Generique_DKA.ksh;Job;No;1;No;CTMSRV;KDRXXX_J18GEN_06_Q;dalkia-adm;ldkmdmp21;A_L_MDM21;3v3jt
KDR-KADOR;KDRXXX_J18GEN_06_Q;KDRXXX_J18GEN_06_MOV01_Q;"June 27, 2026";"June 28, 2026 12:00:02 AM";"June 28, 2026 12:00:03 AM";;Ended OK;KDR : Move des fichiers REF02_*_CENTRE-FINANCE-Q_001_*_*.xml vers le NAS;MOV_OUT_Generique_DKA.ksh;Job;No;1;No;CTMSRV;KDRXXX_J18GEN_06_Q;root;ldkmdmp21;A_L_MDM21;3v3ju
KDR-KADOR;KDRXXX_J18GEN_06_Q;KDRXXX_J18GEN_06_Q;"June 27, 2026";"June 28, 2026 12:00:00 AM";"June 28, 2026 12:00:03 AM";;Ended OK;;;SMART Table;No;1;No;CTMSRV;KDRXXX_J18GEN_06_Q;;ldkctmp50;;3v3js
KDR-KADOR;KDRXXX_J19GEN_06_Q;KDRXXX_J19GEN_06_EXP01_Q;"June 27, 2026";"June 28, 2026 12:00:00 AM";"June 28, 2026 12:00:08 AM";;Ended OK;KDR : Export au format XML les Projets Finance modifies dans le Referentiel depuis une date passee en parametre;BATCH_Generique_DKA.ksh;Job;No;1;No;CTMSRV;KDRXXX_J19GEN_06_Q;dalkia-adm;ldkmdmp21;A_L_MDM21;3v336
KDR-KADOR;KDRXXX_J19GEN_06_Q;KDRXXX_J19GEN_06_MOV01_Q;"June 27, 2026";"June 28, 2026 12:00:09 AM";"June 28, 2026 12:00:10 AM";;Ended OK;KDR : Move des fichiers REF02_*_PROJET-FINANCE-Q_001_*_*.xml vers le NAS;MOV_OUT_Generique_DKA.ksh;Job;No;1;No;CTMSRV;KDRXXX_J19GEN_06_Q;root;ldkmdmp21;A_L_MDM21;3v337
KDR-KADOR;KDRXXX_J19GEN_06_Q;KDRXXX_J19GEN_06_Q;"June 27, 2026";"June 28, 2026 12:00:00 AM";"June 28, 2026 12:00:11 AM";;Ended OK;;;SMART Table;No;1;No;CTMSRV;KDRXXX_J19GEN_06_Q;;ldkctmp50;;3v335
KDR-KADOR;KDRXXX_J20GEN_06_Q;KDRXXX_J20GEN_06_EXP01_Q;"June 27, 2026";"June 28, 2026 12:00:00 AM";"June 28, 2026 12:01:35 AM";;Ended OK;KDR : Export au format XML les Taches Finance modifiees dans le Referentiel depuis une date passee en parametre;BATCH_Generique_DKA.ksh;Job;No;1;No;CTMSRV;KDRXXX_J20GEN_06_Q;dalkia-adm;ldkmdmp21;A_L_MDM21;3v2nj
KDR-KADOR;KDRXXX_J20GEN_06_Q;KDRXXX_J20GEN_06_MOV01_Q;"June 27, 2026";"June 28, 2026 12:01:36 AM";"June 28, 2026 12:01:36 AM";;Ended OK;KDR : Move des fichiers REF02_*_TACHE-FINANCE-Q_001_*_*.xml vers le NAS;MOV_OUT_Generique_DKA.ksh;Job;No;1;No;CTMSRV;KDRXXX_J20GEN_06_Q;root;ldkmdmp21;A_L_MDM21;3v2nk
KDR-KADOR;KDRXXX_J20GEN_06_Q;KDRXXX_J20GEN_06_Q;"June 27, 2026";"June 28, 2026 12:00:00 AM";"June 28, 2026 12:01:37 AM";;Ended OK;;;SMART Table;No;1;No;CTMSRV;KDRXXX_J20GEN_06_Q;;ldkctmp50;;3v2ni
KDR-KADOR;KDRXXX_J22GEN_06_Q;KDRXXX_J22GEN_06_EXP01_Q;"June 27, 2026";"June 28, 2026 12:00:00 AM";"June 28, 2026 12:00:02 AM";;Ended OK;KDR : Export au format XML les Organisations modifiees dans le Referentiel depuis une date passee en parametre;BATCH_Generique_DKA.ksh;Job;No;1;No;CTMSRV;KDRXXX_J22GEN_06_Q;dalkia-adm;ldkmdmp21;A_L_MDM21;3v2hs
KDR-KADOR;KDRXXX_J22GEN_06_Q;KDRXXX_J22GEN_06_MOV01_Q;"June 27, 2026";"June 28, 2026 12:00:03 AM";"June 28, 2026 12:00:03 AM";;Ended OK;KDR : Move des fichiers REF02_*_ORGANISATION-Q_001_*_*.xml vers le NAS;MOV_OUT_Generique_DKA.ksh;Job;No;1;No;CTMSRV;KDRXXX_J22GEN_06_Q;root;ldkmdmp21;A_L_MDM21;3v2ht
KDR-KADOR;KDRXXX_J22GEN_06_Q;KDRXXX_J22GEN_06_Q;"June 27, 2026";"June 28, 2026 12:00:00 AM";"June 28, 2026 12:00:03 AM";;Ended OK;;;SMART Table;No;1;No;CTMSRV;KDRXXX_J22GEN_06_Q;;ldkctmp50;;3v2hr
KDR-KADOR;KDRXXX_J23GEN_06_Q;KDRXXX_J23GEN_06_EXP01_Q;"June 27, 2026";"June 28, 2026 12:00:00 AM";"June 28, 2026 12:00:10 AM";;Ended OK;KDR : Export au format XML les Ressources modifiees dans le Referentiel depuis une date passee en parametre;BATCH_Generique_DKA.ksh;Job;No;1;No;CTMSRV;KDRXXX_J23GEN_06_Q;dalkia-adm;ldkmdmp21;A_L_MDM21;3v2uu
KDR-KADOR;KDRXXX_J23GEN_06_Q;KDRXXX_J23GEN_06_MOV01_Q;"June 27, 2026";"June 28, 2026 12:00:11 AM";"June 28, 2026 12:00:11 AM";;Ended OK;KDR :  Move des fichiers REF02_*_RESSOURCE-RESTREINT-Q_001_*_*.xml vers le NAS;MOV_OUT_Generique_DKA.ksh;Job;No;1;No;CTMSRV;KDRXXX_J23GEN_06_Q;root;ldkmdmp21;A_L_MDM21;3v2ut
KDR-KADOR;KDRXXX_J23GEN_06_Q;KDRXXX_J23GEN_06_MOV02_Q;"June 27, 2026";"June 28, 2026 12:00:12 AM";"June 28, 2026 12:00:13 AM";;Ended OK;KDR :  Move des fichiers REF02_*_RESSOURCE-Q_001_*_*.xml vers le NAS;MOV_OUT_Generique_DKA.ksh;Job;No;1;No;CTMSRV;KDRXXX_J23GEN_06_Q;root;ldkmdmp21;A_L_MDM21;3v2uv
KDR-KADOR;KDRXXX_J23GEN_06_Q;KDRXXX_J23GEN_06_Q;"June 27, 2026";"June 28, 2026 12:00:00 AM";"June 28, 2026 12:00:14 AM";;Ended OK;;;SMART Table;No;1;No;CTMSRV;KDRXXX_J23GEN_06_Q;;ldkctmp50;;3v2us
KDR-KADOR;KDRXXX_J24GEN_06_Q;KDRXXX_J24GEN_06_EXP01_Q;"June 27, 2026";"June 28, 2026 12:00:00 AM";"June 28, 2026 12:00:05 AM";;Ended OK;KDR : Export au format XML les Jeux de Valeurs modifies dans le Referentiel depuis une date passee en parametre;BATCH_Generique_DKA.ksh;Job;No;1;No;CTMSRV;KDRXXX_J24GEN_06_Q;dalkia-adm;ldkmdmp21;A_L_MDM21;3v3gc
KDR-KADOR;KDRXXX_J24GEN_06_Q;KDRXXX_J24GEN_06_MOV01_Q;"June 27, 2026";"June 28, 2026 12:00:06 AM";"June 28, 2026 12:00:07 AM";;Ended OK;KDR :  Move des fichiers REF02_*_JDV-Q_001_*_*.xml vers le NAS;MOV_OUT_Generique_DKA.ksh;Job;No;1;No;CTMSRV;KDRXXX_J24GEN_06_Q;root;ldkmdmp21;A_L_MDM21;3v3gd
KDR-KADOR;KDRXXX_J24GEN_06_Q;KDRXXX_J24GEN_06_Q;"June 27, 2026";"June 28, 2026 12:00:00 AM";"June 28, 2026 12:00:07 AM";;Ended OK;;;SMART Table;No;1;No;CTMSRV;KDRXXX_J24GEN_06_Q;;ldkctmp50;;3v3gb
KDR-KADOR;KDRXXX_J25GEN_06_Q;KDRXXX_J25GEN_06_EXP01_Q;"June 27, 2026";"June 28, 2026 12:00:00 AM";"June 28, 2026 12:00:00 AM";;Ended OK;KDR : Export CSV en FULL quotidien des transcodifications a destination du DTR Referentiel et de la plateforme d echanges;BATCH_Generique_DKA.ksh;Dummy;No;1;No;CTMSRV;KDRXXX_J25GEN_06_Q;dalkia-adm;;A_L_MDM21;3v315
KDR-KADOR;KDRXXX_J25GEN_06_Q;KDRXXX_J25GEN_06_MOV01_Q;"June 27, 2026";"June 28, 2026 12:00:00 AM";"June 28, 2026 12:00:00 AM";;Ended OK;KDR : Move des fichiers REF02_*_TRANSCO-TF-ORG*.csv vers le NAS;MOV_OUT_Generique_DKA.ksh;Dummy;No;1;No;CTMSRV;KDRXXX_J25GEN_06_Q;root;;A_L_MDM21;3v318
KDR-KADOR;KDRXXX_J25GEN_06_Q;KDRXXX_J25GEN_06_MOV02_Q;"June 27, 2026";"June 28, 2026 12:00:01 AM";"June 28, 2026 12:00:01 AM";;Ended OK;KDR : Move des fichiers REF02_*_TRANSCO-*.csv vers le NAS;MOV_OUT_Generique_DKA.ksh;Dummy;No;1;No;CTMSRV;KDRXXX_J25GEN_06_Q;root;;A_L_MDM21;3v316
KDR-KADOR;KDRXXX_J25GEN_06_Q;KDRXXX_J25GEN_06_Q;"June 27, 2026";"June 28, 2026 12:00:00 AM";"June 28, 2026 12:00:02 AM";;Ended OK;;;SMART Table;No;1;No;CTMSRV;KDRXXX_J25GEN_06_Q;;ldkctmp50;;3v314
KDR-KADOR;KDRXXX_J25GEN_06_Q;KDRXXX_J25GEN_06_WAI01_Q;"June 27, 2026";"June 28, 2026 12:00:01 AM";"June 28, 2026 12:00:01 AM";;Ended OK;KDR : WAIT PFE;MOV_OUT_Generique_DKA.ksh;Dummy;No;1;No;CTMSRV;KDRXXX_J25GEN_06_Q;root;;A_L_MDM21;3v317
KDR-KADOR;KDRXXX_J26GEN_06_Q;KDRXXX_J26GEN_06_PUR01_Q;"June 27, 2026";"June 28, 2026 12:01:37 AM";"June 28, 2026 12:01:38 AM";;Ended OK;KDR : Purge des exports de plus de 30 jours;PURGE_EXPORT_TRAITE.ksh;Job;No;1;No;CTMSRV;KDRXXX_J26GEN_06_Q;dalkia-adm;ldkmdmp21;A_L_MDM21;3v2j3
KDR-KADOR;KDRXXX_J26GEN_06_Q;KDRXXX_J26GEN_06_PUR02_Q;"June 27, 2026";"June 28, 2026 12:30:00 AM";;;Ended OK;"KDR : le premier du mois; génère une archive zippée; supprime tous les fichiers datant de plus de 1 semaine";manageArchives.sh;Job;No;1;No;CTMSRV;KDRXXX_J26GEN_06_Q;dalkia-adm;ldkmdmp21;A_L_MDM21;3v2j4
KDR-KADOR;KDRXXX_J26GEN_06_Q;KDRXXX_J26GEN_06_Q;"June 27, 2026";"June 27, 2026 1:30:12 PM";"June 28, 2026 12:30:00 AM";;Ended OK;;;SMART Table;No;1;No;CTMSRV;KDRXXX_J26GEN_06_Q;;ldkctmp50;;3v2j2
KDR-KADOR;SEEREF_J11INT_05_Q;SEEREF_J11INT_05_IMP01_Q;"June 27, 2026";"June 27, 2026 9:31:16 PM";"June 27, 2026 9:31:17 PM";;Ended OK;Importation des partenaires;importPartenaire.sh;Job;No;1;No;CTMSRV;SEEREF_J11INT_05_Q;dalkia-adm;ldkmdmp21;A_L_MDM21;3v1qn
KDR-KADOR;SEEREF_J11INT_05_Q;SEEREF_J11INT_05_MOV01_Q;"June 27, 2026";"June 27, 2026 9:31:14 PM";"June 27, 2026 9:31:15 PM";;Ended OK;Move du ou des fichiers SEE01_*_PARTENAIRE-* de /data/flf/shares/files/REF02/INBOUND/SEE01.C_DELTA_PARTENAIRE vers input DTR /app/echanges/kador/import/kds/partenaire/input/;MOV_IN_DKA.ksh;Job;No;1;No;CTMSRV;SEEREF_J11INT_05_Q;dalkia-adm;ldkmdmp21;A_L_MDM21;3v1qm
KDR-KADOR;SEEREF_J12INT_05_Q;SEEREF_J12INT_05_IMP01_Q;"June 27, 2026";"June 27, 2026 9:34:16 PM";"June 27, 2026 9:34:16 PM";;Ended OK;Importation des societes;importSociete.sh;Job;No;1;No;CTMSRV;SEEREF_J12INT_05_Q;dalkia-adm;ldkmdmp21;A_L_MDM21;3v2p5
KDR-KADOR;SEEREF_J12INT_05_Q;SEEREF_J12INT_05_MOV01_Q;"June 27, 2026";"June 27, 2026 9:34:14 PM";"June 27, 2026 9:34:15 PM";;Ended OK;Move du fichier *.zip de /data/flf/shares/files/REF02/INBOUND/SEE01.C_DELTA_SOCIETE vers input DTR /app/echanges/kador/import/kds/societe/input/;MOV_IN_DKA.ksh;Job;No;1;No;CTMSRV;SEEREF_J12INT_05_Q;dalkia-adm;ldkmdmp21;A_L_MDM21;3v2p4
MOS-MOS PI;MOSMOS_E21TEC_PI_Q;MOSMOS_E21TEC_PI_PUR01_Q;"June 27, 2026";"June 27, 2026 2:00:00 PM";"June 27, 2026 2:10:21 PM";;Ended OK;Purge des logs;PURGE_FICHIER.exe;Job;No;1;No;CTMSRV;MOSMOS_E21TEC_PI_Q;crtuser;wdkmosinp01;wdkmosinp01;3v2c9
MOS-MOS PI;MOSMOS_E21TEC_PI_Q;MOSMOS_E21TEC_PI_Q;"June 27, 2026";"June 27, 2026 1:30:12 PM";"June 27, 2026 2:10:21 PM";;Ended OK;Chaine de purge  des logs sur le serveur WDKMOSINP01;;SMART Table;No;1;No;CTMSRV;MOSMOS_E21TEC_PI_Q;;ldkctmp50;;3v2c8
NRJ-ENERGY;NRJBDM_J14GEN_06_W;NRJBDM_J14GEN_06_W;"June 27, 2026";"June 27, 2026 1:30:13 PM";"June 27, 2026 7:18:48 PM";;Ended OK;;;SMART Table;No;1;No;CTMSRV;NRJBDM_J14GEN_06_W;;ldkctmp50;;3v2mm
NRJ-ENERGY;NRJBDM_J14GEN_06_W;NRJBDM_J14GEN_06_WRK01_W;"June 27, 2026";"June 27, 2026 6:45:35 PM";"June 27, 2026 7:18:47 PM";;Ended OK;SPEGYMET2 : BD meteo - traitement de nuit;U112068010.sh;Job;No;1;No;CTMSRV;NRJBDM_J14GEN_06_W;root;ldkenep12;A_L_ENE12;3v2mn
NRJ-ENERGY;NRJCID_J12GEN_06_W;NRJCID_J12GEN_06_W;"June 27, 2026";"June 27, 2026 1:30:13 PM";"June 27, 2026 6:45:35 PM";;Ended OK;;;SMART Table;No;1;No;CTMSRV;NRJCID_J12GEN_06_W;;ldkctmp50;;3v2c2
NRJ-ENERGY;NRJCID_J12GEN_06_W;NRJCID_J12GEN_06_WRK01_W;"June 27, 2026";"June 27, 2026 6:45:32 PM";"June 27, 2026 6:45:35 PM";;Ended OK;SPEGYMET1 : BD meteo - traitement de nuit;U112062010.sh;Job;No;1;No;CTMSRV;NRJCID_J12GEN_06_W;root;ldkenep12;A_L_ENE12;3v2c3
NRJ-ENERGY;NRJCRT_J11INT_05_Q;NRJCRT_J11INT_05_FTP01_Q;"June 27, 2026";"June 28, 2026 7:30:00 AM";"June 28, 2026 7:30:02 AM";;Wait for Event;NRJ : Envoi FTP des fichiers index*gaz*.csv depuis PFE;FTP_MULTI_GENERIQUE.ksh;Job;No;3;Yes;CTMSRV;NRJCRT_J11INT_05_Q;root;ldkpfep11;A_L_PFE11;3v2vc
NRJ-ENERGY;NRJCRT_J11INT_05_Q;NRJCRT_J11INT_05_IMP01_Q;"June 27, 2026";"June 28, 2026 7:30:02 AM";"June 28, 2026 7:35:00 AM";;Wait for Event;NRJ : Interface sortante indexes des compteurs gaz et hors gaz pour CRT;IICRTEGY01.sh;Job;No;3;Yes;CTMSRV;NRJCRT_J11INT_05_Q;dbanrj;ldkenep12;A_L_ENE12;3v2vd
NRJ-ENERGY;NRJCRT_J11INT_05_Q;NRJCRT_J11INT_05_Q;"June 27, 2026";"June 27, 2026 1:30:12 PM";;;Executing;;;SMART Table;No;1;No;CTMSRV;NRJCRT_J11INT_05_Q;;;;3v2vb
NRJ-ENERGY;NRJEXT_J13INT_05_Q;NRJEXT_J13INT_05_IMP01_Q;"June 27, 2026";"June 28, 2026 5:30:00 AM";"June 28, 2026 5:30:58 AM";;Ended OK;Interface : intégrations des données météo issues de Météo France;NRJEXT_J13INT_05_IMP01_Q.ksh;Job;No;1;No;CTMSRV;NRJEXT_J13INT_05_Q;dbanrj;ldkenep12;A_L_ENE12;3v1wc
NRJ-ENERGY;NRJEXT_J13INT_05_Q;NRJEXT_J13INT_05_IMP02_Q;"June 27, 2026";;;;Wait for Event;Interface : intégrations des données météo issues de Météo France;NRJEXT_J13INT_05_IMP02_Q.ksh;Job;No;0;No;CTMSRV;NRJEXT_J13INT_05_Q;dbanrj;A_L_ENE12;A_L_ENE12;3v1wd
NRJ-ENERGY;NRJEXT_J13INT_05_Q;NRJEXT_J13INT_05_IMP03_Q;"June 27, 2026";"June 27, 2026 2:30:00 PM";"June 27, 2026 2:31:33 PM";;Ended OK;Interface : intégrations des données météo issues de Météo France;NRJEXT_J13INT_05_IMP03_Q.ksh;Job;No;1;No;CTMSRV;NRJEXT_J13INT_05_Q;dbanrj;ldkenep12;A_L_ENE12;3v1we
NRJ-ENERGY;NRJEXT_J13INT_05_Q;NRJEXT_J13INT_05_IMP04_Q;"June 27, 2026";"June 27, 2026 6:30:00 PM";"June 27, 2026 6:31:07 PM";;Ended OK;Interface : intégrations des données météo issues de Météo France;NRJEXT_J13INT_05_IMP04_Q.ksh;Job;No;1;No;CTMSRV;NRJEXT_J13INT_05_Q;dbanrj;ldkenep12;A_L_ENE12;3v1wf
NRJ-ENERGY;NRJEXT_J13INT_05_Q;NRJEXT_J13INT_05_Q;"June 27, 2026";"June 27, 2026 1:30:12 PM";;;Executing;;;SMART Table;No;1;No;CTMSRV;NRJEXT_J13INT_05_Q;;;;3v1wb
NRJ-ENERGY;NRJEXT_J14INT_05_Q;NRJEXT_J14INT_05_IMP01_Q;"June 27, 2026";"June 28, 2026 1:30:00 AM";"June 28, 2026 1:30:43 AM";;Ended OK;Import TPV2_Jxxxxxxxxx_YYYYMMDD_*.csv;IIGDDEGY01.sh;Job;No;1;No;CTMSRV;NRJEXT_J14INT_05_Q;dbanrj;ldkenep12;A_L_ENE12;3v3iu
NRJ-ENERGY;NRJEXT_J14INT_05_Q;NRJEXT_J14INT_05_MOV01_Q;"June 27, 2026";"June 28, 2026 12:45:00 AM";"June 28, 2026 12:45:01 AM";0100;Ended Not OK;NRJ : Envoi FTP TPV2_Jxxxxxxxxx_YYYYMMDD_Customer.csv depuis NAS EDF vers Energy;FTP_MULTI_GENERIQUE.ksh;Job;No;4;Yes;CTMSRV;NRJEXT_J14INT_05_Q;root;ldkpfep11;A_L_PFE11;3v3iv
NRJ-ENERGY;NRJEXT_J14INT_05_Q;NRJEXT_J14INT_05_Q;"June 27, 2026";"June 27, 2026 1:30:13 PM";"June 28, 2026 1:30:43 AM";;Ended Not OK;;;SMART Table;No;1;No;CTMSRV;NRJEXT_J14INT_05_Q;;ldkctmp50;;3v3it
NRJ-ENERGY;NRJNRJ_B11TEC_04_Q;NRJNRJ_B11TEC_04_FJA96_Q;"June 27, 2026";"June 27, 2026 6:45:33 PM";"June 27, 2026 6:45:33 PM";;Ended OK;Fin trait. Valorisation Budget NRJ;U112_BUDGET;Dummy;No;1;No;CTMSRV;NRJNRJ_B11TEC_04_Q;ctmuser;;;3v1tn
NRJ-ENERGY;NRJNRJ_E01TEC_04_Q;NRJNRJ_E01TEC_04_STA01_Q;"June 27, 2026";"June 28, 2026 5:00:00 AM";"June 28, 2026 5:15:00 AM";;Ended Not OK;Statistiques quotidiennes Oracle sur la base dprnrj;NRJNRJ_E01TEC_04_STA01_Q.sh;Job;No;1;No;CTMSRV;NRJNRJ_E01TEC_04_Q;root;ldkenep12;A_L_ENE12;3v2lt
NRJ-ENERGY;NRJNRJ_E11REB_12_H;NRJNRJ_E11REB_00_MEL01_H;"June 27, 2026";"June 27, 2026 2:00:00 PM";"June 27, 2026 2:00:02 PM";;Ended OK;ENERGY : Notification Mail DEBUT Plan de Maintenance hebdomadaire de l'application ENERGY;Notification_Plan_Maintenance.ksh;Job;No;1;No;CTMSRV;NRJNRJ_E11REB_12_H;root;ldkctmp50;SRV_PRIMAIRE;3v32j
NRJ-ENERGY;NRJNRJ_E11REB_12_H;NRJNRJ_E11REB_06_MEL02_H;"June 27, 2026";"June 27, 2026 2:10:22 PM";"June 27, 2026 2:10:23 PM";;Ended OK;ENERGY : Notification Mail FIN Plan de Maintenance hebdomadaire de l'application ENERGY;Notification_Plan_Maintenance.ksh;Job;No;1;No;CTMSRV;NRJNRJ_E11REB_12_H;root;ldkctmp50;SRV_PRIMAIRE;3v32k
NRJ-ENERGY;NRJNRJ_E11REB_12_H;NRJNRJ_E11REB_12_CTL10_H;"June 27, 2026";"June 27, 2026 2:10:14 PM";"June 27, 2026 2:10:20 PM";;Ended OK;test si serveur démarré WDKENEP14;CHECK_REB_WDKENEP14;Command;No;1;No;CTMSRV;NRJNRJ_E11REB_12_H;svce_cm;wdkenep14;A_W_ENE14;3v32h
NRJ-ENERGY;NRJNRJ_E11REB_12_H;NRJNRJ_E11REB_12_CTL12_H;"June 27, 2026";"June 27, 2026 2:10:12 PM";"June 27, 2026 2:10:15 PM";;Ended OK;test si serveur démarré LDKENEP12;CHECK_REB_LDKENEP12;Command;No;1;No;CTMSRV;NRJNRJ_E11REB_12_H;root;ldkenep12;A_L_ENE12;3v32n
NRJ-ENERGY;NRJNRJ_E11REB_12_H;NRJNRJ_E11REB_12_CTL97_H;"June 27, 2026";"June 27, 2026 2:10:14 PM";"June 27, 2026 2:10:20 PM";;Ended OK;test si serveur démarré WDKENEP11;CHECK_REB_WDKENEP11;Command;No;1;No;CTMSRV;NRJNRJ_E11REB_12_H;svce_cm;wdkenep11;A_W_ENE11;3v322
NRJ-ENERGY;NRJNRJ_E11REB_12_H;NRJNRJ_E11REB_12_CTL98_H;"June 27, 2026";"June 27, 2026 2:10:12 PM";"June 27, 2026 2:10:18 PM";;Ended OK;test si serveur démarré WDKENEP12;CHECK_REB_WDKENEP12;Command;No;1;No;CTMSRV;NRJNRJ_E11REB_12_H;svce_cm;wdkenep12;A_W_ENE12;3v327
NRJ-ENERGY;NRJNRJ_E11REB_12_H;NRJNRJ_E11REB_12_CTL99_H;"June 27, 2026";"June 27, 2026 2:10:13 PM";"June 27, 2026 2:10:19 PM";;Ended OK;test si serveur démarré WDKENEP13;CHECK_REB_WDKENEP13;Command;No;1;No;CTMSRV;NRJNRJ_E11REB_12_H;svce_cm;wdkenep13;A_W_ENE13;3v32c
NRJ-ENERGY;NRJNRJ_E11REB_12_H;NRJNRJ_E11REB_12_H;"June 27, 2026";"June 27, 2026 1:30:12 PM";"June 27, 2026 2:10:24 PM";;Ended OK;Plan de Maintenance des serveurs ENERGY hebdomadaire;;SMART Table;No;1;No;CTMSRV;NRJNRJ_E11REB_12_H;;ldkctmp50;;3v31y
NRJ-ENERGY;NRJNRJ_E11REB_12_H;NRJNRJ_E11REB_12_REB10_H;"June 27, 2026";"June 27, 2026 2:00:10 PM";"June 27, 2026 2:00:12 PM";;Ended OK;REBOOT du serveur WDKENE14;REBOOT_WDKENE14;Command;No;1;No;CTMSRV;NRJNRJ_E11REB_12_H;svce_cm;wdkenep14;A_W_ENE14;3v32g
NRJ-ENERGY;NRJNRJ_E11REB_12_H;NRJNRJ_E11REB_12_REB12_H;"June 27, 2026";"June 27, 2026 2:00:10 PM";"June 27, 2026 2:00:11 PM";;Ended OK;REBOOT du serveur LDKENEP12;REBOOT_LDKENEP12;Command;No;1;No;CTMSRV;NRJNRJ_E11REB_12_H;root;ldkenep12;A_L_ENE12;3v32l
NRJ-ENERGY;NRJNRJ_E11REB_12_H;NRJNRJ_E11REB_12_REB97_H;"June 27, 2026";"June 27, 2026 2:00:10 PM";"June 27, 2026 2:00:12 PM";;Ended OK;REBOOT du serveur WDKENEP11;REBOOT_WDKENEP11;Command;No;1;No;CTMSRV;NRJNRJ_E11REB_12_H;svce_cm;wdkenep11;A_W_ENE11;3v321
NRJ-ENERGY;NRJNRJ_E11REB_12_H;NRJNRJ_E11REB_12_REB98_H;"June 27, 2026";"June 27, 2026 2:00:09 PM";"June 27, 2026 2:00:11 PM";;Ended OK;REBOOT du serveur WDKENEP12;REBOOT_WDKENEP12;Command;No;1;No;CTMSRV;NRJNRJ_E11REB_12_H;svce_cm;wdkenep12;A_W_ENE12;3v326
NRJ-ENERGY;NRJNRJ_E11REB_12_H;NRJNRJ_E11REB_12_REB99_H;"June 27, 2026";"June 27, 2026 2:00:09 PM";"June 27, 2026 2:00:11 PM";;Ended OK;REBOOT du serveur WDKENEP13;REBOOT_WDKENEP13;Command;No;1;No;CTMSRV;NRJNRJ_E11REB_12_H;svce_cm;wdkenep13;A_W_ENE13;3v32b
NRJ-ENERGY;NRJNRJ_E11REB_12_H;NRJNRJ_E11REB_12_STP10_H;"June 27, 2026";"June 27, 2026 2:00:03 PM";"June 27, 2026 2:00:09 PM";;Ended OK;Arrêt des services NRJ sur WDKNRJP04;start_stop_appli_NRJ.bat;Job;No;1;No;CTMSRV;NRJNRJ_E11REB_12_H;ENERGY;wdkenep14;A_W_ENE14;3v32e
NRJ-ENERGY;NRJNRJ_E11REB_12_H;NRJNRJ_E11REB_12_STP97_H;"June 27, 2026";"June 27, 2026 2:00:03 PM";"June 27, 2026 2:00:09 PM";;Ended OK;Arrêt des services NRJ sur WDKNRJP01;start_stop_appli_NRJ.bat;Job;No;1;No;CTMSRV;NRJNRJ_E11REB_12_H;ENERGY;wdkenep11;A_W_ENE11;3v31z
NRJ-ENERGY;NRJNRJ_E11REB_12_H;NRJNRJ_E11REB_12_STP98_H;"June 27, 2026";"June 27, 2026 2:00:03 PM";"June 27, 2026 2:00:09 PM";;Ended OK;Arrêt des services NRJ sur WDKNRJP12;start_stop_appli_NRJ.bat;Job;No;1;No;CTMSRV;NRJNRJ_E11REB_12_H;ENERGY;wdkenep12;A_W_ENE12;3v324
NRJ-ENERGY;NRJNRJ_E11REB_12_H;NRJNRJ_E11REB_12_STP99_H;"June 27, 2026";"June 27, 2026 2:00:03 PM";"June 27, 2026 2:00:09 PM";;Ended OK;Arrêt des services NRJ sur WDKNRJP03;start_stop_appli_NRJ.bat;Job;No;1;No;CTMSRV;NRJNRJ_E11REB_12_H;ENERGY;wdkenep13;A_W_ENE13;3v329
NRJ-ENERGY;NRJNRJ_E11REB_12_H;NRJNRJ_E11REB_12_STR10_H;"June 27, 2026";"June 27, 2026 2:10:21 PM";"June 27, 2026 2:10:21 PM";;Ended OK;Démarrage des services NRJ sur WDKNRJP04;start_stop_appli_NRJ.bat;Dummy;No;1;No;CTMSRV;NRJNRJ_E11REB_12_H;ENERGY;;A_W_ENE14;3v32f
NRJ-ENERGY;NRJNRJ_E11REB_12_H;NRJNRJ_E11REB_12_STR97_H;"June 27, 2026";"June 27, 2026 2:10:21 PM";"June 27, 2026 2:10:21 PM";;Ended OK;Démarrage des services NRJ sur WDKNRJP01;start_stop_appli_NRJ.bat;Dummy;No;1;No;CTMSRV;NRJNRJ_E11REB_12_H;ENERGY;;A_W_ENE11;3v320
NRJ-ENERGY;NRJNRJ_E11REB_12_H;NRJNRJ_E11REB_12_STR98_H;"June 27, 2026";"June 27, 2026 2:10:19 PM";"June 27, 2026 2:10:19 PM";;Ended OK;Démarrage des services NRJ sur WDKNRJP02;start_stop_appli_NRJ.bat;Dummy;No;1;No;CTMSRV;NRJNRJ_E11REB_12_H;ENERGY;;A_W_ENE12;3v325
NRJ-ENERGY;NRJNRJ_E11REB_12_H;NRJNRJ_E11REB_12_STR99_H;"June 27, 2026";"June 27, 2026 2:10:20 PM";"June 27, 2026 2:10:20 PM";;Ended OK;Démarrage des services NRJ sur WDKNRJP03;start_stop_appli_NRJ.bat;Dummy;No;1;No;CTMSRV;NRJNRJ_E11REB_12_H;ENERGY;;A_W_ENE13;3v32a
NRJ-ENERGY;NRJNRJ_E11REB_12_H;NRJNRJ_E11REB_12_WAI10_H;"June 27, 2026";"June 27, 2026 2:00:13 PM";"June 27, 2026 2:10:13 PM";;Ended OK;test wait serveur WDKENEP14;sleep 600;Command;No;1;No;CTMSRV;NRJNRJ_E11REB_12_H;root;ldkctmp50;SRV_PRIMAIRE;3v32i
NRJ-ENERGY;NRJNRJ_E11REB_12_H;NRJNRJ_E11REB_12_WAI12_H;"June 27, 2026";"June 27, 2026 2:00:11 PM";"June 27, 2026 2:10:12 PM";;Ended OK;test wait serveur LDKENEP12;sleep 600;Command;No;1;No;CTMSRV;NRJNRJ_E11REB_12_H;root;ldkctmp50;SRV_PRIMAIRE;3v32m
NRJ-ENERGY;NRJNRJ_E11REB_12_H;NRJNRJ_E11REB_12_WAI97_H;"June 27, 2026";"June 27, 2026 2:00:13 PM";"June 27, 2026 2:10:13 PM";;Ended OK;test wait serveur WDKENEP11;sleep 600;Command;No;1;No;CTMSRV;NRJNRJ_E11REB_12_H;root;ldkctmp50;SRV_PRIMAIRE;3v323
NRJ-ENERGY;NRJNRJ_E11REB_12_H;NRJNRJ_E11REB_12_WAI98_H;"June 27, 2026";"June 27, 2026 2:00:11 PM";"June 27, 2026 2:10:12 PM";;Ended OK;test wait serveur WDKENEP12;sleep 600;Command;No;1;No;CTMSRV;NRJNRJ_E11REB_12_H;root;ldkctmp50;SRV_PRIMAIRE;3v328
NRJ-ENERGY;NRJNRJ_E11REB_12_H;NRJNRJ_E11REB_12_WAI99_H;"June 27, 2026";"June 27, 2026 2:00:11 PM";"June 27, 2026 2:10:12 PM";;Ended OK;test wait serveur WDKENEP13;sleep 600;Command;No;1;No;CTMSRV;NRJNRJ_E11REB_12_H;root;ldkctmp50;SRV_PRIMAIRE;3v32d
NRJ-ENERGY;NRJNRJ_J11TEC_04_Q;NRJNRJ_J11TEC_04_FBV99_Q;"June 27, 2026";"June 27, 2026 1:30:13 PM";"June 27, 2026 1:30:13 PM";;Ended OK;controle heure fin trait.  DPRNRJ;FIN_BATCH_VEILLE;Dummy;No;1;No;CTMSRV;NRJNRJ_J11TEC_04_Q;eblondez;;;3v1m2
NRJ-ENERGY;NRJNRJ_J11TEC_04_Q;NRJNRJ_J11TEC_04_FIN99_Q;"June 27, 2026";;;;Wait for Event;Fin trait. NRJ;U112_FIN;Dummy;No;0;No;CTMSRV;NRJNRJ_J11TEC_04_Q;ctmuser;;;3v1m3
NRJ-ENERGY;NRJNRJ_J11TEC_04_Q;NRJNRJ_J11TEC_04_FJA97_Q;"June 27, 2026";"June 27, 2026 6:45:32 PM";"June 27, 2026 6:45:32 PM";;Ended OK;Fin trait. Interfaces entrantes NRJ;U112_INTERFACE_ENT;Dummy;No;1;No;CTMSRV;NRJNRJ_J11TEC_04_Q;ctmuser;;;3v1m4
NRJ-ENERGY;NRJNRJ_J11TEC_04_Q;NRJNRJ_J11TEC_04_FJA98_Q;"June 27, 2026";"June 27, 2026 6:45:32 PM";"June 27, 2026 6:45:32 PM";;Ended OK;Fin trait. Interfaces sortantes NRJ;U112_INTERFACE_SOR;Dummy;No;1;No;CTMSRV;NRJNRJ_J11TEC_04_Q;ctmuser;;;3v1m5
NRJ-ENERGY;NRJNRJ_J11TEC_04_Q;NRJNRJ_J11TEC_04_FJA99_Q;"June 27, 2026";;;;Wait for Event;Fin trait. specifiques NRJ (hors trait harry );U112_TRAIT;Dummy;No;0;No;CTMSRV;NRJNRJ_J11TEC_04_Q;ctmuser;;;3v1m6
NRJ-ENERGY;NRJNRJ_J11TEC_04_Q;NRJNRJ_J11TEC_04_Q;"June 27, 2026";"June 27, 2026 1:30:13 PM";;;Executing;ENERGY: JALON;;SMART Table;No;1;No;CTMSRV;NRJNRJ_J11TEC_04_Q;;;;3v1m1
NRJ-ENERGY;NRJNRJ_J12TEC_04_Q;NRJNRJ_J12TEC_04_CPY03_Q;"June 27, 2026";;;;Wait for Event;Copie fichiers IN-OUT FIN DE BATCH sur DKA_IMNORD;U512012220;Dummy;No;0;No;CTMSRV;NRJNRJ_J12TEC_04_Q;root;A_L_ENE12;A_L_ENE12;3v355
NRJ-ENERGY;NRJNRJ_J12TEC_04_Q;NRJNRJ_J12TEC_04_DEL04_Q;"June 27, 2026";;;;Wait for Event;"delete des /index/admin/DPRNRJ/[b;c]dump/*.trc";U512012230.sh;Dummy;No;0;No;CTMSRV;NRJNRJ_J12TEC_04_Q;root;A_L_ENE12;A_L_ENE12;3v356
NRJ-ENERGY;NRJNRJ_J12TEC_04_Q;NRJNRJ_J12TEC_04_LOG01_Q;"June 27, 2026";;;;Wait for Event;Mise A DISPO LOGS EN FIN DE BATCH sur DKA_IMNORD;U512012210;Dummy;No;0;No;CTMSRV;NRJNRJ_J12TEC_04_Q;root;A_L_ENE12;A_L_ENE12;3v353
NRJ-ENERGY;NRJNRJ_J12TEC_04_Q;NRJNRJ_J12TEC_04_MOV02_Q;"June 27, 2026";;;;Wait for Event;DEPLACEMENT DES FIC7* dans /index/energy/ficharry;U512012215.sh;Dummy;No;0;No;CTMSRV;NRJNRJ_J12TEC_04_Q;root;A_L_ENE12;A_L_ENE12;3v354
NRJ-ENERGY;NRJNRJ_J12TEC_04_Q;NRJNRJ_J12TEC_04_PUR01_Q;"June 27, 2026";;;;Wait for Event;Purge des logs apres transfert sur DKA_IMNORD;Purge_Log.sh;Job;No;0;No;CTMSRV;NRJNRJ_J12TEC_04_Q;root;A_L_ENE12;A_L_ENE12;3v357
NRJ-ENERGY;NRJNRJ_J13TRT_04_W;NRJNRJ_J13TRT_04_EXP97_W;"June 27, 2026";"June 27, 2026 6:45:32 PM";"June 27, 2026 6:59:53 PM";;Ended OK;NRJ : SPEGYEVT4 : Generation releves compteurs fictifs;U112410010.cmd;Job;No;1;No;CTMSRV;NRJNRJ_J13TRT_04_W;svce_cm;wdkenep11;A_W_ENE11;3v1yo
NRJ-ENERGY;NRJNRJ_J13TRT_04_W;NRJNRJ_J13TRT_04_W;"June 27, 2026";"June 27, 2026 1:30:12 PM";"June 27, 2026 6:59:54 PM";;Ended OK;;;SMART Table;No;1;No;CTMSRV;NRJNRJ_J13TRT_04_W;;ldkctmp50;;3v1yn
NRJ-ENERGY;NRJNRJ_J14TRT_04_W;NRJNRJ_J14TRT_04_W;"June 27, 2026";"June 27, 2026 1:30:12 PM";"June 27, 2026 7:37:26 PM";;Ended OK;;;SMART Table;No;1;No;CTMSRV;NRJNRJ_J14TRT_04_W;;ldkctmp50;;3v2um
NRJ-ENERGY;NRJNRJ_J14TRT_04_W;NRJNRJ_J14TRT_04_WRK01_W;"June 27, 2026";"June 27, 2026 6:59:54 PM";"June 27, 2026 7:37:25 PM";;Ended OK;NRJ : SPEGYEVT2 : Detection releves complets;U112420010.sh;Job;No;1;No;CTMSRV;NRJNRJ_J14TRT_04_W;root;ldkenep12;A_L_ENE12;3v2un
NRJ-ENERGY;NRJNRJ_J16TRT_04_W;NRJNRJ_J16TRT_04_00000_W;"June 27, 2026";"June 27, 2026 8:37:55 PM";"June 27, 2026 8:37:55 PM";;Ended OK;SPEGYTBT1 : Debut Chaine : Tableaux de bord;U112440;Dummy;No;1;No;CTMSRV;NRJNRJ_J16TRT_04_W;root;;;3v281
NRJ-ENERGY;NRJNRJ_J16TRT_04_W;NRJNRJ_J16TRT_04_99999_W;"June 27, 2026";"June 27, 2026 9:08:59 PM";"June 27, 2026 9:08:59 PM";;Ended OK;SPEGYTBT1 : Fin de chaîne : Tableaux de bord;U112440999;Dummy;No;1;No;CTMSRV;NRJNRJ_J16TRT_04_W;root;;;3v280
NRJ-ENERGY;NRJNRJ_J16TRT_04_W;NRJNRJ_J16TRT_04_CAL10_W;"June 27, 2026";"June 27, 2026 8:37:56 PM";"June 27, 2026 9:08:59 PM";;Ended OK;SPEGYTBT1 : Execution calcul tableaux de bord techniques FR04;U112440040.cmd;Job;No;1;No;CTMSRV;NRJNRJ_J16TRT_04_W;DCDKETI/svce_cm;wdkenep14;A_W_ENE14;3v27z
NRJ-ENERGY;NRJNRJ_J16TRT_04_W;NRJNRJ_J16TRT_04_CAL97_W;"June 27, 2026";"June 27, 2026 8:37:56 PM";"June 27, 2026 8:45:35 PM";;Ended OK;SPEGYTBT1 : Execution calcul tableaux de bord techniques;U112440010.cmd;Job;No;1;No;CTMSRV;NRJNRJ_J16TRT_04_W;svce_cm;wdkenep11;A_W_ENE11;3v27w
NRJ-ENERGY;NRJNRJ_J16TRT_04_W;NRJNRJ_J16TRT_04_CAL98_W;"June 27, 2026";"June 27, 2026 8:37:56 PM";"June 27, 2026 8:48:27 PM";;Ended OK;SPEGYTBT1 : Execution calcul tableaux de bord techniques FR02;U112440020.cmd;Job;No;1;No;CTMSRV;NRJNRJ_J16TRT_04_W;svce_cm;wdkenep12;A_W_ENE12;3v27x
NRJ-ENERGY;NRJNRJ_J16TRT_04_W;NRJNRJ_J16TRT_04_CAL99_W;"June 27, 2026";"June 27, 2026 8:37:56 PM";"June 27, 2026 9:00:43 PM";;Ended OK;SPEGYTBT1 : Execution calcul tableaux de bord techniques FR01;U112440030.cmd;Job;No;1;No;CTMSRV;NRJNRJ_J16TRT_04_W;svce_cm;wdkenep13;A_W_ENE13;3v27y
NRJ-ENERGY;NRJNRJ_J16TRT_04_W;NRJNRJ_J16TRT_04_W;"June 27, 2026";"June 27, 2026 1:30:13 PM";"June 27, 2026 9:09:00 PM";;Ended OK;;;SMART Table;No;1;No;CTMSRV;NRJNRJ_J16TRT_04_W;;ldkctmp50;;3v27v
NRJ-ENERGY;NRJNRJ_J17TRT_04_W;NRJNRJ_J17TRT_04_00000_W;"June 27, 2026";"June 27, 2026 9:14:52 PM";"June 27, 2026 9:14:52 PM";;Ended OK;NRJ : SPEGYINT1 : Calcul de l interessement et suivi contractuel;U112460;Dummy;No;1;No;CTMSRV;NRJNRJ_J17TRT_04_W;root;;;3v2v6
NRJ-ENERGY;NRJNRJ_J17TRT_04_W;NRJNRJ_J17TRT_04_99999_W;"June 27, 2026";"June 27, 2026 9:20:24 PM";"June 27, 2026 9:20:24 PM";;Ended OK;NRJ : SPEGYINT1 : Calcul de l interessement et suivi contractuel;U112460999;Dummy;No;1;No;CTMSRV;NRJNRJ_J17TRT_04_W;root;;;3v2v5
NRJ-ENERGY;NRJNRJ_J17TRT_04_W;NRJNRJ_J17TRT_04_CAL10_W;"June 27, 2026";"June 27, 2026 9:14:53 PM";"June 27, 2026 9:20:23 PM";;Ended OK;NRJ : SPEGYINT1 : Calcul de l interessement et suivi contractuel;U112460040.cmd;Job;No;1;No;CTMSRV;NRJNRJ_J17TRT_04_W;svce_cm;wdkenep14;A_W_ENE14;3v2v4
NRJ-ENERGY;NRJNRJ_J17TRT_04_W;NRJNRJ_J17TRT_04_CAL97_W;"June 27, 2026";"June 27, 2026 9:14:53 PM";"June 27, 2026 9:18:40 PM";;Ended OK;NRJ : SPEGYINT1 : Calcul de l interessement et suivi contractuel;U112460010.cmd;Job;No;1;No;CTMSRV;NRJNRJ_J17TRT_04_W;svce_cm;wdkenep11;A_W_ENE11;3v2v1
NRJ-ENERGY;NRJNRJ_J17TRT_04_W;NRJNRJ_J17TRT_04_CAL98_W;"June 27, 2026";"June 27, 2026 9:14:53 PM";"June 27, 2026 9:20:23 PM";;Ended OK;NRJ : SPEGYINT1 : Calcul de l interessement et suivi contractuel;U112460020.cmd;Job;No;1;No;CTMSRV;NRJNRJ_J17TRT_04_W;svce_cm;wdkenep12;A_W_ENE12;3v2v2
NRJ-ENERGY;NRJNRJ_J17TRT_04_W;NRJNRJ_J17TRT_04_CAL99_W;"June 27, 2026";"June 27, 2026 9:14:53 PM";"June 27, 2026 9:20:23 PM";;Ended OK;NRJ : SPEGYINT1 : Calcul de l interessement et suivi contractuel;U112460030.cmd;Job;No;1;No;CTMSRV;NRJNRJ_J17TRT_04_W;svce_cm;wdkenep13;A_W_ENE13;3v2v3
NRJ-ENERGY;NRJNRJ_J17TRT_04_W;NRJNRJ_J17TRT_04_W;"June 27, 2026";"June 27, 2026 1:30:12 PM";"June 27, 2026 9:20:25 PM";;Ended OK;;;SMART Table;No;1;No;CTMSRV;NRJNRJ_J17TRT_04_W;;ldkctmp50;;3v2v0
NRJ-ENERGY;NRJNRJ_J1ITRT_04_W;NRJNRJ_J1ITRT_04_00000_W;"June 27, 2026";"June 27, 2026 9:09:00 PM";"June 27, 2026 9:09:00 PM";;Ended OK;NRJ : Debut Chaine : Tableaux de bord;U112440;Dummy;No;1;No;CTMSRV;NRJNRJ_J1ITRT_04_W;root;;;3v1y2
NRJ-ENERGY;NRJNRJ_J1ITRT_04_W;NRJNRJ_J1ITRT_04_99999_W;"June 27, 2026";"June 27, 2026 9:14:51 PM";"June 27, 2026 9:14:51 PM";;Ended OK;NRJ : Fin de chaîne : Tableaux de bord;U112440999;Dummy;No;1;No;CTMSRV;NRJNRJ_J1ITRT_04_W;root;;;3v1y1
NRJ-ENERGY;NRJNRJ_J1ITRT_04_W;NRJNRJ_J1ITRT_04_CAL10_W;"June 27, 2026";"June 27, 2026 9:09:01 PM";"June 27, 2026 9:14:36 PM";;Ended OK;NRJ : SPEGYTBT1 : 2eme passes calcul tableaux de bord;U112440040.cmd;Job;No;1;No;CTMSRV;NRJNRJ_J1ITRT_04_W;svce_cm;wdkenep14;A_W_ENE14;3v1xw
NRJ-ENERGY;NRJNRJ_J1ITRT_04_W;NRJNRJ_J1ITRT_04_CAL97_W;"June 27, 2026";"June 27, 2026 9:09:01 PM";"June 27, 2026 9:14:49 PM";;Ended OK;NRJ : SPEGYTBT1 : 2eme passes calcul tableaux de bord;U112440010.cmd;Job;No;1;No;CTMSRV;NRJNRJ_J1ITRT_04_W;svce_cm;wdkenep11;A_W_ENE11;3v1xt
NRJ-ENERGY;NRJNRJ_J1ITRT_04_W;NRJNRJ_J1ITRT_04_CAL98_W;"June 27, 2026";"June 27, 2026 9:09:01 PM";"June 27, 2026 9:13:49 PM";;Ended OK;NRJ : SPEGYTBT1 : 2eme passes calcul tableaux de bord;U112440020.cmd;Job;No;1;No;CTMSRV;NRJNRJ_J1ITRT_04_W;svce_cm;wdkenep12;A_W_ENE12;3v1xu
NRJ-ENERGY;NRJNRJ_J1ITRT_04_W;NRJNRJ_J1ITRT_04_CAL99_W;"June 27, 2026";"June 27, 2026 9:09:01 PM";"June 27, 2026 9:13:49 PM";;Ended OK;NRJ : SPEGYTBT1 : 2eme passes calcul tableaux de bord;U112440030.cmd;Job;No;1;No;CTMSRV;NRJNRJ_J1ITRT_04_W;svce_cm;wdkenep13;A_W_ENE13;3v1xv
NRJ-ENERGY;NRJNRJ_J1ITRT_04_W;NRJNRJ_J1ITRT_04_FLG01_W;"June 27, 2026";"June 27, 2026 9:13:50 PM";"June 27, 2026 9:13:50 PM";;Ended OK;Fin de chaîne : Tableaux de bord FR01;U112440399;Dummy;No;1;No;CTMSRV;NRJNRJ_J1ITRT_04_W;root;;;3v1xz
NRJ-ENERGY;NRJNRJ_J1ITRT_04_W;NRJNRJ_J1ITRT_04_FLG02_W;"June 27, 2026";"June 27, 2026 9:13:50 PM";"June 27, 2026 9:13:50 PM";;Ended OK;Fin de chaîne : Tableaux de bord FR02;U112440299;Dummy;No;1;No;CTMSRV;NRJNRJ_J1ITRT_04_W;root;;;3v1xy
NRJ-ENERGY;NRJNRJ_J1ITRT_04_W;NRJNRJ_J1ITRT_04_FLG03_W;"June 27, 2026";"June 27, 2026 9:14:50 PM";"June 27, 2026 9:14:50 PM";;Ended OK;Fin de chaîne : Tableaux de bord FR03;U112440199;Dummy;No;1;No;CTMSRV;NRJNRJ_J1ITRT_04_W;root;;;3v1xx
NRJ-ENERGY;NRJNRJ_J1ITRT_04_W;NRJNRJ_J1ITRT_04_FLG04_W;"June 27, 2026";"June 27, 2026 9:14:36 PM";"June 27, 2026 9:14:36 PM";;Ended OK;Fin de chaîne : Tableaux de bord FR04;U112440499;Dummy;No;1;No;CTMSRV;NRJNRJ_J1ITRT_04_W;root;;;3v1y0
NRJ-ENERGY;NRJNRJ_J1ITRT_04_W;NRJNRJ_J1ITRT_04_W;"June 27, 2026";"June 27, 2026 1:30:12 PM";"June 27, 2026 9:14:52 PM";;Ended OK;;;SMART Table;No;1;No;CTMSRV;NRJNRJ_J1ITRT_04_W;;ldkctmp50;;3v1xs
NRJ-ENERGY;NRJNRJ_J23TRT_04_W;NRJNRJ_J23TRT_04_W;"June 27, 2026";"June 27, 2026 1:30:13 PM";"June 27, 2026 8:01:14 PM";;Ended OK;;;SMART Table;No;1;No;CTMSRV;NRJNRJ_J23TRT_04_W;;ldkctmp50;;3v1jk
NRJ-ENERGY;NRJNRJ_J23TRT_04_W;NRJNRJ_J23TRT_04_WRK01_W;"June 27, 2026";"June 27, 2026 8:01:08 PM";"June 27, 2026 8:01:13 PM";;Ended OK;NRJ : SPEGYEVT9;NRJNRJ_J23TRT_04_WRK01_Q.ksh;Job;No;1;No;CTMSRV;NRJNRJ_J23TRT_04_W;dbanrj;ldkenep12;A_L_ENE12;3v1jl
NRJ-ENERGY;NRJNRJ_J24TRT_04_W;NRJNRJ_J24TRT_04_99999_W;"June 27, 2026";"June 27, 2026 7:38:06 PM";"June 27, 2026 7:38:06 PM";;Ended OK;NRJ : Fin de Chaine : SPEGYPBR1;Fin de chaine SPEGYPBR1;Dummy;No;1;No;CTMSRV;NRJNRJ_J24TRT_04_W;root;;;3v1kv
NRJ-ENERGY;NRJNRJ_J24TRT_04_W;NRJNRJ_J24TRT_04_CAL10_W;"June 27, 2026";"June 27, 2026 7:18:48 PM";"June 27, 2026 7:37:59 PM";;Ended OK;SPEGYPBR1.exe: calcul des estimations compteur suivant base référence technique (wdknrji04);NRJNRJ_J24TRT_04_CAL10_Q.cmd;Job;No;1;No;CTMSRV;NRJNRJ_J24TRT_04_W;svce_cm;wdkenep14;A_W_ENE14;3v1ks
NRJ-ENERGY;NRJNRJ_J24TRT_04_W;NRJNRJ_J24TRT_04_CAL97_W;"June 27, 2026";"June 27, 2026 7:18:48 PM";"June 27, 2026 7:38:06 PM";;Ended OK;SPEGYPBR1.exe: calcul des estimations compteur suivant base référence technique (wdknrji01);NRJNRJ_J24TRT_04_CAL97_Q.cmd;Job;No;1;No;CTMSRV;NRJNRJ_J24TRT_04_W;svce_cm;wdkenep11;A_W_ENE11;3v1kt
NRJ-ENERGY;NRJNRJ_J24TRT_04_W;NRJNRJ_J24TRT_04_CAL98_W;"June 27, 2026";"June 27, 2026 7:18:48 PM";"June 27, 2026 7:37:59 PM";;Ended OK;SPEGYPBR1.exe: calcul des estimations compteur suivant base référence technique (wdknrji02);NRJNRJ_J24TRT_04_CAL98_Q.cmd;Job;No;1;No;CTMSRV;NRJNRJ_J24TRT_04_W;svce_cm;wdkenep12;A_W_ENE12;3v1ku
NRJ-ENERGY;NRJNRJ_J24TRT_04_W;NRJNRJ_J24TRT_04_CAL99_W;"June 27, 2026";"June 27, 2026 7:18:48 PM";"June 27, 2026 7:37:59 PM";;Ended OK;SPEGYPBR1.exe: calcul des estimations compteur suivant base référence technique (wdknrji03);NRJNRJ_J24TRT_04_CAL99_Q.cmd;Job;No;1;No;CTMSRV;NRJNRJ_J24TRT_04_W;svce_cm;wdkenep13;A_W_ENE13;3v1kr
NRJ-ENERGY;NRJNRJ_J24TRT_04_W;NRJNRJ_J24TRT_04_W;"June 27, 2026";"June 27, 2026 1:30:13 PM";"June 27, 2026 7:38:07 PM";;Ended OK;SPEGYPBR1:  calcul des estimations compteur suivant base référence technique;;SMART Table;No;1;No;CTMSRV;NRJNRJ_J24TRT_04_W;;ldkctmp50;;3v1kq
NRJ-ENERGY;NRJNRJ_J25TRT_04_W;NRJNRJ_J25TRT_04_W;"June 27, 2026";"June 27, 2026 1:30:13 PM";"June 27, 2026 8:32:38 PM";;Ended OK;;;SMART Table;No;1;No;CTMSRV;NRJNRJ_J25TRT_04_W;;ldkctmp50;;3v3ja
NRJ-ENERGY;NRJNRJ_J25TRT_04_W;NRJNRJ_J25TRT_04_WRK01_W;"June 27, 2026";"June 27, 2026 7:38:07 PM";"June 27, 2026 8:32:38 PM";;Ended OK;NRJ : Consolidation des index estimés à partir des estimations;SPEGYPBR2.sh;Job;No;1;No;CTMSRV;NRJNRJ_J25TRT_04_W;dbanrj;ldkenep12;A_L_ENE12;3v3jb
NRJ-ENERGY;NRJNRJ_J26TRT_04_W;NRJNRJ_J26TRT_04_99999_W;"June 27, 2026";"June 27, 2026 8:37:54 PM";"June 27, 2026 8:37:54 PM";;Ended OK;SPEGYEVT10 : Fin de chaîne : Tableaux de bord;U112440999;Dummy;No;1;No;CTMSRV;NRJNRJ_J26TRT_04_W;root;;;3v33y
NRJ-ENERGY;NRJNRJ_J26TRT_04_W;NRJNRJ_J26TRT_04_W;"June 27, 2026";"June 27, 2026 1:30:12 PM";"June 27, 2026 8:37:55 PM";;Ended OK;;;SMART Table;No;1;No;CTMSRV;NRJNRJ_J26TRT_04_W;;ldkctmp50;;3v33t
NRJ-ENERGY;NRJNRJ_J26TRT_04_W;NRJNRJ_J26TRT_04_WRK01_W;"June 27, 2026";"June 27, 2026 8:32:38 PM";"June 27, 2026 8:32:52 PM";;Ended OK;NRJ : injection automatique des données;SPEGYEVT10.exe;Job;No;1;No;CTMSRV;NRJNRJ_J26TRT_04_W;dbanrj;wdkenep11;A_W_ENE11;3v33u
NRJ-ENERGY;NRJNRJ_J26TRT_04_W;NRJNRJ_J26TRT_04_WRK02_W;"June 27, 2026";"June 27, 2026 8:32:38 PM";"June 27, 2026 8:37:53 PM";;Ended OK;NRJ : injection automatique des données;SPEGYEVT10.exe;Job;No;1;No;CTMSRV;NRJNRJ_J26TRT_04_W;dbanrj;wdkenep13;A_W_ENE13;3v33x
NRJ-ENERGY;NRJNRJ_J26TRT_04_W;NRJNRJ_J26TRT_04_WRK03_W;"June 27, 2026";"June 27, 2026 8:32:38 PM";"June 27, 2026 8:37:51 PM";;Ended OK;NRJ : injection automatique des données;SPEGYEVT10.exe;Job;No;1;No;CTMSRV;NRJNRJ_J26TRT_04_W;dbanrj;wdkenep12;A_W_ENE12;3v33v
NRJ-ENERGY;NRJNRJ_J26TRT_04_W;NRJNRJ_J26TRT_04_WRK04_W;"June 27, 2026";"June 27, 2026 8:32:38 PM";"June 27, 2026 8:37:51 PM";;Ended OK;NRJ : injection automatique des données;SPEGYEVT10.exe;Job;No;1;No;CTMSRV;NRJNRJ_J26TRT_04_W;dbanrj;wdkenep14;A_W_ENE14;3v33w
NRJ-ENERGY;NRJNRJ_J28TRT_04_Q;NRJNRJ_J28TRT_04_WRK01_Q;"June 27, 2026";"June 28, 2026 1:30:43 AM";"June 28, 2026 1:30:46 AM";;Ended OK;NRJ : SPEGYPLA1 :  Orchestration des OT RP1 par Energy dans Orion;SPEGYPLA1.sh;Job;No;1;No;CTMSRV;NRJNRJ_J28TRT_04_Q;dbanrj;ldkenep12;A_L_ENE12;3v33c
NRJ-ENERGY;NRJNRJ_K12SVG_03_Q;NRJNRJ_K12SVG_03_ARC01_Q;"June 27, 2026";"June 28, 2026 7:30:00 AM";"June 28, 2026 7:30:00 AM";1300;Wait for Event;Sauvegarde Archivelogs de DBONRJP1  (Base 10g) -;backup_rman_10.sh;Dummy;No;10;Yes;CTMSRV;NRJNRJ_K12SVG_03_Q;oracle;;NOTEXIST;3v2i9
NRJ-ENERGY;NRJNRJ_K12SVG_03_Q;NRJNRJ_K12SVG_03_AVA01_Q;"June 27, 2026";"June 28, 2026 4:00:01 AM";"June 28, 2026 4:00:01 AM";;Ended OK;Sauvegarde AVAMAR du serveur UDKNRJP01:serveur decomm depuis le 14062019;LaunchSave.sh;Dummy;No;1;No;CTMSRV;NRJNRJ_K12SVG_03_Q;root;;NOTEXIST;3v2i8
NRJ-ENERGY;NRJNRJ_K12SVG_03_Q;NRJNRJ_K12SVG_03_RMA01_Q;"June 27, 2026";"June 28, 2026 4:00:00 AM";"June 28, 2026 4:00:00 AM";;Ended OK;Sauvegarde RMAN sur disque de DBONRJP1 (Base 10g) -;backup_rman_10.sh;Dummy;No;1;No;CTMSRV;NRJNRJ_K12SVG_03_Q;oracle;;NOTEXIST;3v2i6
NRJ-ENERGY;NRJNRJ_K12SVG_03_Q;NRJNRJ_K12SVG_03_RMA02_Q;"June 27, 2026";"June 28, 2026 4:00:00 AM";"June 28, 2026 4:00:00 AM";>;Ended OK;Sauvegarde RMAN sur bande de DBONRJP1 (Base 10g) -;backup_rman_10.sh;Dummy;No;1;No;CTMSRV;NRJNRJ_K12SVG_03_Q;oracle;;NOTEXIST;3v2i7
NRJ-ENERGY;NRJNRJ_K14SVG_03_H;NRJNRJ_K14SVG_03_DMP01_H;"June 27, 2026";"June 27, 2026 8:00:00 PM";"June 27, 2026 8:00:01 PM";;Ended Not OK;Shell d export de la base DPRNRJ;export_EGY.sh;Job;No;1;No;CTMSRV;NRJNRJ_K14SVG_03_H;dbanrj;ldkenep12;A_L_ENE12;3v1l8
NRJ-ENERGY;NRJXXX_J15GEN_06_Q;NRJXXX_J15GEN_06_EXP01_Q;"June 27, 2026";"June 28, 2026 5:30:58 AM";"June 28, 2026 5:31:02 AM";;Ended OK;Export full des stations météo une fois par jour ( parm2 = 5);NRJXXX_J15GEN_06_EXP01_Q.ksh;Job;No;1;No;CTMSRV;NRJXXX_J15GEN_06_Q;dbanrj;ldkenep12;A_L_ENE12;3v397
NRJ-ENERGY;NRJXXX_J15GEN_06_Q;NRJXXX_J15GEN_06_FTP01_Q;"June 27, 2026";"June 28, 2026 5:31:03 AM";"June 28, 2026 5:31:05 AM";;Ended OK;NRJ : Envoi FTP du stationsmeteo vers PFE;FTP_MULTI_GENERIQUE.ksh;Job;No;1;No;CTMSRV;NRJXXX_J15GEN_06_Q;root;ldkpfep11;A_L_PFE11;3v398
NRJ-ENERGY;NRJXXX_J15GEN_06_Q;NRJXXX_J15GEN_06_Q;"June 27, 2026";"June 27, 2026 1:30:13 PM";"June 28, 2026 5:31:06 AM";;Ended OK;Export full des stations météo une fois par jour;;SMART Table;No;1;No;CTMSRV;NRJXXX_J15GEN_06_Q;;ldkctmp50;;3v396
NRJ-ENERGY;NRJXXX_J16GEN_06_Q;NRJXXX_J16GEN_06_EXP01_Q;"June 27, 2026";"June 28, 2026 5:31:03 AM";"June 28, 2026 5:31:58 AM";;Ended OK;Quotidien : Export des données météo (PARAM=05);NRJXXX_J16GEN_06_EXP01_Q.ksh;Job;No;1;No;CTMSRV;NRJXXX_J16GEN_06_Q;dbanrj;ldkenep12;A_L_ENE12;3v22i
NRJ-ENERGY;NRJXXX_J16GEN_06_Q;NRJXXX_J16GEN_06_FTP01_Q;"June 27, 2026";"June 28, 2026 5:31:59 AM";"June 28, 2026 5:32:02 AM";;Ended OK;NRJ Transfert de donneesmeteo_* vers PFE;FTP_MULTI_GENERIQUE.ksh;Job;No;1;No;CTMSRV;NRJXXX_J16GEN_06_Q;root;ldkpfep11;A_L_PFE11;3v22j
NRJ-ENERGY;NRJXXX_J16GEN_06_Q;NRJXXX_J16GEN_06_Q;"June 27, 2026";"June 27, 2026 1:30:12 PM";"June 28, 2026 5:32:02 AM";;Ended OK;;;SMART Table;No;1;No;CTMSRV;NRJXXX_J16GEN_06_Q;;ldkctmp50;;3v22h
NRJ-ENERGY;NRJXXX_J17GEN_06_Q;NRJXXX_J17GEN_06_EXP01_Q;"June 27, 2026";"June 27, 2026 2:31:34 PM";"June 27, 2026 2:32:34 PM";;Ended OK;Horaire : Export des données météo (PARAM=14);NRJXXX_J17GEN_06_EXP01_Q.ksh;Job;No;1;No;CTMSRV;NRJXXX_J17GEN_06_Q;dbanrj;ldkenep12;A_L_ENE12;3v1jv
NRJ-ENERGY;NRJXXX_J17GEN_06_Q;NRJXXX_J17GEN_06_FTP01_Q;"June 27, 2026";"June 27, 2026 2:32:35 PM";"June 27, 2026 2:32:38 PM";;Ended OK;NRJ Transfert de donneesmeteo_* vers PFE;FTP_MULTI_GENERIQUE.ksh;Job;No;1;No;CTMSRV;NRJXXX_J17GEN_06_Q;root;ldkpfep11;A_L_PFE11;3v1jw
NRJ-ENERGY;NRJXXX_J17GEN_06_Q;NRJXXX_J17GEN_06_Q;"June 27, 2026";"June 27, 2026 1:30:13 PM";"June 27, 2026 2:32:39 PM";;Ended OK;;;SMART Table;No;1;No;CTMSRV;NRJXXX_J17GEN_06_Q;;ldkctmp50;;3v1ju
NRJ-ENERGY;NRJXXX_J18GEN_06_Q;NRJXXX_J18GEN_06_EXP01_Q;"June 27, 2026";"June 27, 2026 6:31:07 PM";"June 27, 2026 6:32:00 PM";;Ended OK;Tri horaire : Export des données météo (PARAM=18);NRJXXX_J18GEN_06_EXP01_Q.ksh;Job;No;1;No;CTMSRV;NRJXXX_J18GEN_06_Q;dbanrj;ldkenep12;A_L_ENE12;3v1je
NRJ-ENERGY;NRJXXX_J18GEN_06_Q;NRJXXX_J18GEN_06_FTP01_Q;"June 27, 2026";"June 27, 2026 6:32:00 PM";"June 27, 2026 6:32:02 PM";;Ended OK;NRJ Transfert de donneesmeteo_* vers PFE;FTP_MULTI_GENERIQUE.ksh;Job;No;1;No;CTMSRV;NRJXXX_J18GEN_06_Q;root;ldkpfep11;A_L_PFE11;3v1jf
NRJ-ENERGY;NRJXXX_J18GEN_06_Q;NRJXXX_J18GEN_06_Q;"June 27, 2026";"June 27, 2026 1:30:13 PM";"June 27, 2026 6:32:02 PM";;Ended OK;;;SMART Table;No;1;No;CTMSRV;NRJXXX_J18GEN_06_Q;;ldkctmp50;;3v1jd
NRJ-ENERGY;NRJXXX_J20GEN_06_Q;NRJXXX_J20GEN_06_EXP01_Q;"June 27, 2026";;;;Wait for Event;Tri horaire : Export des données météo (PARAM=09);NRJXXX_J20GEN_06_EXP01_Q.ksh;Job;No;0;No;CTMSRV;NRJXXX_J20GEN_06_Q;dbanrj;A_L_ENE12;A_L_ENE12;3v1kg
NRJ-ENERGY;NRJXXX_J20GEN_06_Q;NRJXXX_J20GEN_06_FTP01_Q;"June 27, 2026";;;;Wait for Event;NRJ Transfert de donneesmeteo_* vers PFE;FTP_MULTI_GENERIQUE.ksh;Job;No;0;No;CTMSRV;NRJXXX_J20GEN_06_Q;root;A_L_PFE11;A_L_PFE11;3v1kh
ORA-ORA;CDBCRT_K13SVG_01_Q;CDBCRT_K13SVG_02_ARCH_Q;"June 27, 2026";"June 27, 2026 10:00:00 PM";"June 27, 2026 10:17:42 PM";;Ended OK;Sauvegarde EXACC : Backup Arch -CRT standby;;Command;No;1;No;CTMSRV;CDBCRT_K13SVG_01_Q1;oracle;ldkoemp03;A_L_OEM03;3v210
ORA-ORA;CDBCRT_K13SVG_01_Q;CDBCRT_K13SVG_03_INC0_H;"June 27, 2026";;;;Wait for Event;Sauvegarde EXACC : backup Rman inc0 full hebdo;;Command;No;0;No;CTMSRV;CDBCRT_K13SVG_01_Q1;oracle;A_L_OEM03;A_L_OEM03;3v211
ORA-ORA;CDBDTR_K13SVG_01_Q;CDBDTR_K13SVG_01_INC0_Q;"June 27, 2026";;;;Wait for Event;Sauvegarde EXACC : Backup Full DTR inc0;;Command;No;0;No;CTMSRV;CDBDTR_K13SVG_01_Q;oracle;A_L_OEM02;A_L_OEM02;3v3av
ORA-ORA;CDBFIN_K13SVG_01_Q;CDBFIN_K13SVG_01_INC0_H;"June 27, 2026";;;>;Wait for Event;Sauvegarde EXACC : Backup FULL Finance;;Command;No;0;No;CTMSRV;CDBFIN_K13SVG_01_Q;oracle;A_L_OEM02;A_L_OEM02;3v2m8
ORA-ORA;CDBFIN_K13SVG_01_Q;CDBFIN_K13SVG_02_ARCH_Q;"June 27, 2026";"June 27, 2026 5:00:00 PM";"June 27, 2026 5:07:08 PM";;Ended OK;Sauvegarde EXACC : Backup Finance archive rman intermediaire;;Command;No;1;No;CTMSRV;CDBFIN_K13SVG_01_Q;oracle;ldkoemp02;A_L_OEM02;3v2m9
ORA-ORA;CDBNRJ_K13SVG_01_Q;CDBNRJ_K13SVG_02_INC01_Q;"June 27, 2026";"June 27, 2026 6:00:00 PM";"June 27, 2026 6:12:13 PM";;Ended OK;Sauvegarde EXACC : backup NRJ inc1 quotidienne en semaine du lundi au samedi;;Command;No;1;No;CTMSRV;CDBNRJ_K13SVG_01_H;oracle;ldkoemp02;A_L_OEM02;3v3c5
ORA-ORA;CDBPFE_K13SVG_01_Q;CDBPFE_K13SVG_02_INC01_Q;"June 27, 2026";"June 27, 2026 7:00:00 PM";"June 27, 2026 7:03:39 PM";;Ended OK;Sauvegarde EXACC : Backup Full - inc1 PFE;;Command;No;1;No;CTMSRV;CDBPFE_K13SVG_01_Q;oracle;ldkoemp02;A_L_OEM02;3v1v7
ORA-ORA;CDBSSO_K13SVG_01_Q;CDBSSO_K13SVG_02_INC01_Q;"June 27, 2026";"June 27, 2026 7:30:00 PM";"June 27, 2026 7:31:16 PM";;Ended OK;Sauvegarde EXACC : Backup Full - inc1 SSO;;Command;No;1;No;CTMSRV;CDBSSO_K13SVG_01_Q1;oracle;ldkoemp02;A_L_OEM02;3v2js
PFE-PFE;PFEPFE_E13PRG_13_Q;PFEPFE_E13PRG_13_PFE01_Q;"June 27, 2026";"June 27, 2026 1:30:12 PM";"June 27, 2026 1:30:13 PM";;Ended OK;PURGE 01;Purg-LogsEMS LDKPFEP01;Command;No;1;No;CTMSRV;PFEPFE_E13PRG_13_Q;root;ldkpfep11;A_L_PFE11;3v1x5
PFE-PFE;PFEPFE_E13PRG_13_Q;PFEPFE_E13PRG_13_PFE02_Q;"June 27, 2026";"June 27, 2026 1:30:12 PM";"June 27, 2026 1:30:13 PM";;Ended OK;PURGE 01;Purg-LogsEMS LDKPFEP02;Command;No;1;No;CTMSRV;PFEPFE_E13PRG_13_Q;root;ldkpfep12;A_L_PFE12;3v1x6
PFE-PFE;PFEPFE_E13PRG_13_Q;PFEPFE_E13PRG_13_PFE03_Q;"June 27, 2026";"June 27, 2026 1:30:12 PM";"June 27, 2026 1:30:13 PM";;Ended OK;PURGE 01;Purg-LogsEMS LDKPFEP03;Command;No;1;No;CTMSRV;PFEPFE_E13PRG_13_Q;root;ldkpfep13;A_L_PFE13;3v1x7
PFE-PFE;PFEPFE_E13PRG_13_Q;PFEPFE_E13PRG_13_PFE04_Q;"June 27, 2026";"June 27, 2026 1:30:12 PM";"June 27, 2026 1:30:13 PM";;Ended OK;PURGE 01;Purg-LogsEMS LDKPFEP04;Command;No;1;No;CTMSRV;PFEPFE_E13PRG_13_Q;root;ldkpfep14;A_L_PFE14;3v1x8
PFE-PFE;PFEPFE_E13PRG_13_Q;PFEPFE_E13PRG_13_PFE05_Q;"June 27, 2026";"June 27, 2026 1:30:12 PM";"June 27, 2026 1:30:13 PM";;Ended OK;PURGE 01;Purg-LogsEMS LDKPFEP05;Command;No;1;No;CTMSRV;PFEPFE_E13PRG_13_Q;root;ldkpfep15;A_L_PFE15;3v1x9
PFE-PFE;PFEPFE_E13PRG_13_Q;PFEPFE_E13PRG_13_PFE06_Q;"June 27, 2026";"June 27, 2026 1:30:12 PM";"June 27, 2026 1:30:13 PM";;Ended OK;PURGE 01;Purg-LogsEMS LDKPFEP06;Command;No;1;No;CTMSRV;PFEPFE_E13PRG_13_Q;root;ldkpfep16;A_L_PFE16;3v1xa
PKI-PKI;PKICRT_J11TRT_04_Q;PKICRT_J11TRT_04_Q;"June 27, 2026";"June 27, 2026 1:30:13 PM";"June 28, 2026 1:02:20 AM";;Ended OK;;;SMART Table;No;1;No;CTMSRV;PKICRT_J11TRT_04_Q;;ldkctmp50;;3v2xw
PKI-PKI;PKICRT_J11TRT_04_Q;PKICRT_J11_TRT_04_PRT_Q;"June 27, 2026";"June 28, 2026 1:00:00 AM";"June 28, 2026 1:02:19 AM";>;Ended OK;generation de la CRL;;Command;No;1;No;CTMSRV;PKICRT_J11TRT_04_Q;crtprd\pki-adm-srv;wdkcrtpkp10;A_W_CRTPK10;3v2xx
PKI-PKI;PKIPKI_EXPLOI_04_Q;PKIPKI_EXPLOI_04_GEN01_Q;"June 27, 2026";"June 28, 2026 2:00:00 AM";"June 28, 2026 2:00:05 AM";;Ended OK;Génération de la CRL;certutil.exe;Command;No;1;No;CTMSRV;PKIPKI_EXPLOI_04_Q;svce_cm;wdkpkip10;A_W_PKI10;3v2w7
PKI-PKI;PKIPKI_EXPLOI_04_Q;PKIPKI_EXPLOI_04_MDB01_Q;"June 27, 2026";"June 28, 2026 5:00:00 AM";"June 28, 2026 5:00:05 AM";;Ended OK;Maintenance de la Base de donnée;maintenance_DB.ps1;Command;No;1;No;CTMSRV;PKIPKI_EXPLOI_04_Q;svce_cm;wdkpkip10;A_W_PKI10;3v2w9
PKI-PKI;PKIPKI_EXPLOI_04_Q;PKIPKI_EXPLOI_04_Q;"June 27, 2026";"June 27, 2026 1:30:12 PM";"June 28, 2026 5:00:05 AM";;Ended Not OK;Traitement en interne pour l'application PKI avec reboot;;SMART Table;No;1;No;CTMSRV;PKIPKI_EXPLOI_04_Q;;ldkctmp50;;3v2w6
PKI-PKI;PKIPKI_EXPLOI_04_Q;PKIPKI_EXPLOI_04_SVG01_Q;"June 27, 2026";"June 28, 2026 2:00:00 AM";"June 28, 2026 2:00:05 AM";;Ended Not OK;Sauvegarde;Backup.ps1;Command;No;1;No;CTMSRV;PKIPKI_EXPLOI_04_Q;svce_cm;wdkpkip10;A_W_PKI10;3v2w8
PKI-PKI;PKIPKI_K11SVG_03_Q;PKIPKI_K11SVG_03_Q;"June 27, 2026";"June 27, 2026 1:30:13 PM";"June 27, 2026 1:32:20 PM";;Ended OK;;;SMART Table;No;1;No;CTMSRV;PKIPKI_K11SVG_03_Q;;ldkctmp50;;3v3ke
PKI-PKI;PKIPKI_K11SVG_03_Q;PKIPKI_K11SVG_03_SAV_Q;"June 27, 2026";"June 27, 2026 1:30:13 PM";"June 27, 2026 1:32:19 PM";0100;Ended OK;Backup de l'enviroment PKI;backup.cmd;Job;No;1;No;CTMSRV;PKIPKI_K11SVG_03_Q;crtprd\pki-adm-srv;wdkcrtpkp10;A_W_CRTPK10;3v3kf
SI-GESTION;MAINTENANCE_OEM_GESTION;MAINTENANCE_OEM_GESTION;"June 27, 2026";"June 27, 2026 1:30:12 PM";"June 27, 2026 1:30:14 PM";;Ended OK;MAINTENANCE_OEM_GESTION;;SMART Table;No;1;No;CTMSRV;MAINTENANCE_OEM_GESTION;;;;3v2af
