Application;Group Name;Job Name;Odate;Start Time;End Time;Run Time;Status;Description;Member Name;Task Type;Deleted;Rerun Counter;Cyclic;CONTROL-M Name;Table;Run as User;Hostname;Nodegroup;Order id;
CEL-CELERIS;CELALA_J13INT_05_Q;CELALA_J13INT_05_IMP01_Q;"January 30, 2026";"January 30, 2026 7:30:00 PM";"January 30, 2026 7:30:11 PM";;Ended OK;CELERIS Integration des factures fournisseur ALADIN;lance_Traitement_Interne.bat;Job;No;3;Yes;CTMSRV;CELALA_J13INT_05_Q;svce_cm;wdkcelp12;A_W_CEL12;3l3mh
CEL-CELERIS;CELCEL_E11STP_01_Q;CELCEL_E11STP_01_ARR01_Q;"January 30, 2026";"January 30, 2026 7:00:00 PM";"January 30, 2026 7:00:05 PM";;Ended OK;CELERIS: STOP IIS (Front);Start_Stop_Celeris.bat;Job;No;1;No;CTMSRV;CELCEL_E11STP_01_Q;svce_cm;wdkcelp11;A_W_CEL11;3l46z
CEL-CELERIS;CELCEL_E11STP_01_Q;CELCEL_E11STP_01_ARR02_Q;"January 30, 2026";"January 30, 2026 7:00:05 PM";"January 30, 2026 7:00:45 PM";;Ended OK;CELERIS: STOP IIS (Back);Start_Stop_Celeris.bat;Job;No;1;No;CTMSRV;CELCEL_E11STP_01_Q;svce_cm;wdkcelp12;A_W_CEL12;3l470
CEL-CELERIS;CELCEL_E11STR_02_Q;CELCEL_E11STR_02_DEM01_Q;"January 30, 2026";"January 31, 2026 6:00:00 AM";"January 31, 2026 6:00:05 AM";;Ended OK;CELERIS : START IIS (Front);Start_Stop_Celeris.bat;Job;No;1;No;CTMSRV;CELCEL_E11STR_02_Q;svce_cm;wdkcelp11;A_W_CEL11;3l3ti
CEL-CELERIS;CELCEL_E11STR_02_Q;CELCEL_E11STR_02_DEM02_Q;"January 30, 2026";"January 30, 2026 7:15:00 PM";"January 30, 2026 7:15:04 PM";;Ended OK;CELERIS : START IIS (Back);Start_Stop_Celeris.bat;Job;No;1;No;CTMSRV;CELCEL_E11STR_02_Q;svce_cm;wdkcelp12;A_W_CEL12;3l3tj
CEL-CELERIS;CELCEL_E11TEC_04_Q;CELCEL_E11TEC_04_FIN01_Q;"January 30, 2026";"January 30, 2026 8:54:36 PM";"January 30, 2026 8:54:36 PM";;Ended OK;CELERIS Fin des traitements batch;;Dummy;No;1;No;CTMSRV;CELCEL_E11TEC_04_Q;svce_cm;;;3l4rp
CEL-CELERIS;CELCEL_F10TRT_04_Q;CELCEL_F10TRT_04_Q;"January 30, 2026";"January 30, 2026 1:30:13 PM";;;Executing;CELERIS : Rejeu de l'intégration des TF;;SMART Table;No;1;No;CTMSRV;CELCEL_F10TRT_04_Q;;;;3l4bp
CEL-CELERIS;CELCEL_F10TRT_04_Q;CELCEL_F10TRT_04_WRK01_Q;"January 30, 2026";"January 30, 2026 3:36:00 PM";"January 30, 2026 3:43:29 PM";1630;Wait for Event;CELERIS : Rejeu de l'intégration des TF;RejeuEai.bat;Job;No;2;Yes;CTMSRV;CELCEL_F10TRT_04_Q;svce_cm;wdkcelp12;A_W_CEL12;3l4bq
CEL-CELERIS;CELCEL_F10TRT_04_Q;CELCEL_F10TRT_04_WRK01_Q;"January 30, 2026";"January 31, 2026 7:00:00 AM";"January 31, 2026 7:05:40 AM";1125;Wait for Event;CELERIS : Rejeu de l'intégration des TF;RejeuEai.bat;Job;No;1;Yes;CTMSRV;CELCEL_F10TRT_04_Q;svce_cm;wdkcelp12;A_W_CEL12;3l4br
CEL-CELERIS;CELCEL_J11INT_05_Q;CELCEL_J11INT_05_LIM01_Q;"January 30, 2026";"January 30, 2026 9:15:00 PM";"January 30, 2026 9:15:00 PM";;Ended OK;CELERIS : limitation horaire 21h15;;Dummy;No;1;No;CTMSRV;CELCEL_J11INT_05_Q;DUMMYUSR;;;3l331
CEL-CELERIS;CELCEL_J11INT_05_Q;CELCEL_J11INT_05_MOV01_Q;"January 30, 2026";"January 30, 2026 8:03:02 PM";"January 30, 2026 8:03:08 PM";;Ended OK;CELERIS : Copie Factures dematerialisees sur CELERIS depuis PFE;MOV_Generique_DKA.bat;Job;No;1;No;CTMSRV;CELCEL_J11INT_05_Q;svce_cm;wdkcelp12;A_W_CEL12;3l32y
CEL-CELERIS;CELCEL_J11INT_05_Q;CELCEL_J11INT_05_WRK01_Q;"January 30, 2026";"January 30, 2026 8:03:11 PM";"January 30, 2026 8:03:30 PM";;Ended OK;CELERIS : integration facture dematerialisees;lance_Traitement_Interne.bat;Job;No;1;No;CTMSRV;CELCEL_J11INT_05_Q;svce_cm;wdkcelp12;A_W_CEL12;3l330
CEL-CELERIS;CELCEL_J11INT_05_Q;CELCEL_J11INT_05_ZIP01_Q;"January 30, 2026";"January 30, 2026 8:03:08 PM";"January 30, 2026 8:03:10 PM";;Ended OK;CELERIS : Decompression facture dematerialisees;DZIP_ARC_CEL_V2.bat;Job;No;1;No;CTMSRV;CELCEL_J11INT_05_Q;svce_cm;wdkcelp12;A_W_CEL12;3l32z
CEL-CELERIS;CELCEL_J11TRT_04_Q;CELCEL_J11TRT_04_WRK01_Q;"January 30, 2026";"January 30, 2026 8:26:49 PM";"January 30, 2026 8:26:58 PM";;Ended OK;CELERIS Basculement de cycle des factures;lance_Traitement_Interne.bat;Job;No;1;No;CTMSRV;CELCEL_J11TRT_04_Q;svce_cm;wdkcelp12;A_W_CEL12;3l37g
CEL-CELERIS;CELCEL_J12TRT_04_Q;CELCEL_J12TRT_04_CAL01_Q;"January 30, 2026";"January 30, 2026 8:26:59 PM";"January 30, 2026 8:52:23 PM";;Ended OK;CELERIS Calcul des factures;lance_Traitement_Interne.bat;Job;No;1;No;CTMSRV;CELCEL_J12TRT_04_Q;svce_cm;wdkcelp12;A_W_CEL12;3l3bx
CEL-CELERIS;CELCEL_J13TRT_04_Q;CELCEL_J13TRT_04_WRK01_Q;"January 30, 2026";"January 30, 2026 8:26:41 PM";"January 30, 2026 8:26:49 PM";;Ended OK;CELERIS Prolongation des contrats;lance_Traitement_Interne.bat;Job;No;1;No;CTMSRV;CELCEL_J13TRT_04_Q;svce_cm;wdkcelp12;A_W_CEL12;3l2ml
CEL-CELERIS;CELCEL_J14TRT_04_Q;CELCEL_J14TRT_04_WRK01_Q;"January 30, 2026";"January 30, 2026 8:26:39 PM";"January 30, 2026 8:26:40 PM";;Ended OK;CELERIS Mise a jour des compteurs;lance_Traitement_Interne.bat;Job;No;1;No;CTMSRV;CELCEL_J14TRT_04_Q;svce_cm;wdkcelp13;A_W_CEL13;3l3c2
CEL-CELERIS;CELCEL_J15TRT_04_Q;CELCEL_J15TRT_04_WRK01_Q;"January 30, 2026";"January 30, 2026 8:52:24 PM";"January 30, 2026 8:54:22 PM";;Ended OK;CELERIS Traitement des cycles facture;lance_Traitement_Interne.bat;Job;No;1;No;CTMSRV;CELCEL_J15TRT_04_Q;svce_cm;wdkcelp12;A_W_CEL12;3l4gm
CEL-CELERIS;CELCEL_J17TRT_04_Q;CELCEL_J17TRT_04_WRK01_Q;"January 30, 2026";"January 31, 2026 7:00:00 AM";"January 31, 2026 7:00:40 AM";;Ended OK;CELERIS - EndNuitApplicative;EndNuitApplicative.bat;Job;No;1;No;CTMSRV;CELCEL_J17TRT_04_Q;svce_cm;wdkcelp12;A_W_CEL12;3l356
CEL-CELERIS;CELCID_J11GEN_06_Q;CELCID_J11GEN_06_EXP01_Q;"January 30, 2026";"January 30, 2026 8:04:02 PM";"January 30, 2026 8:04:15 PM";;Ended OK;Génération du fichier de refacturation (CEL01_SRC_ERF_*);ExportRefacturationCelCid.bat;Job;No;1;No;CTMSRV;CELCID_J11GEN_06_Q;svce_cm;wdkcelp12;A_W_CEL12;3l3z7
CEL-CELERIS;CELCID_J11GEN_06_Q;CELCID_J11GEN_06_MOV01_Q;"January 30, 2026";"January 30, 2026 8:04:16 PM";"January 30, 2026 8:04:18 PM";;Ended OK;CELERIS : Déplacement du fichier de refacturation vers la PFE;MOV_Generique_DKA.bat;Job;No;1;No;CTMSRV;CELCID_J11GEN_06_Q;svce_cm;wdkcelp12;A_W_CEL12;3l3z8
CEL-CELERIS;CELCID_J11GEN_06_Q;CELCID_J11GEN_06_Q;"January 30, 2026";"January 30, 2026 1:30:13 PM";"January 30, 2026 8:04:19 PM";;Ended OK;Génération et déplacement du fichier de refacturation;;SMART Table;No;1;No;CTMSRV;CELCID_J11GEN_06_Q;;ldkctmp50;;3l3z6
CEL-CELERIS;CELCID_J11INT_05_Q;CELCID_J11INT_05_IMP01_Q;"January 30, 2026";"January 30, 2026 8:13:10 PM";"January 30, 2026 8:26:24 PM";2310;Ended OK;CELERIS Integration des donnees du fichier du referentiel partage CID;lance_Traitement_Interne.bat;Job;No;1;No;CTMSRV;CELCID_J11INT_05_Q;svce_cm;wdkcelp12;A_W_CEL12;3l4f5
CEL-CELERIS;CELCID_J11INT_05_Q;CELCID_J11INT_05_LIM01_Q;"January 30, 2026";"January 30, 2026 11:15:00 PM";"January 30, 2026 11:15:00 PM";;Ended OK;CELERIS Limite horaire Integration des donnees du fichier du referentiel partage CID;;Dummy;No;1;No;CTMSRV;CELCID_J11INT_05_Q;svce_cm;;A_W_CEL12;3l4f6
CEL-CELERIS;CELCID_J12INT_05_Q;CELCID_J12INT_05_IMP01_Q;"January 30, 2026";"January 30, 2026 8:13:01 PM";"January 30, 2026 8:13:09 PM";2250;Ended OK;CELERIS Integration des liens PCECompteurs en provenance de CID;lance_Traitement_Interne.bat;Job;No;1;No;CTMSRV;CELCID_J12INT_05_Q;svce_cm;wdkcelp12;A_W_CEL12;3l433
CEL-CELERIS;CELCID_J12INT_05_Q;CELCID_J12INT_05_LIM01_Q;"January 30, 2026";"January 30, 2026 11:05:00 PM";"January 30, 2026 11:05:00 PM";;Ended OK;CELERIS Limite horaire Integration des liens PCECompteurs en provenance de CID;;Dummy;No;1;No;CTMSRV;CELCID_J12INT_05_Q;svce_cm;;A_W_CEL12;3l434
CEL-CELERIS;CELCRT_J11INT_05_Q;CELCRT_J11INT_05_IMP01_Q;"January 30, 2026";"January 30, 2026 9:03:38 PM";"January 30, 2026 9:04:01 PM";0000;Ended OK;CELERIS Integration des donnees du fichier des releves compteur CRT;lance_Traitement_Interne.bat;Job;No;1;No;CTMSRV;CELCRT_J11INT_05_Q;svce_cm;wdkcelp13;A_W_CEL13;3l3nu
CEL-CELERIS;CELCRT_J11INT_05_Q;CELCRT_J11INT_05_LIM01_Q;"January 30, 2026";"January 31, 2026 12:10:00 AM";"January 31, 2026 12:10:00 AM";;Ended OK;CELERIS Limite horaire Integration des donnees du fichier des releves compteur CRT;;Dummy;No;1;No;CTMSRV;CELCRT_J11INT_05_Q;svce_cm;;A_W_CEL13;3l3nv
CEL-CELERIS;CELNRJ_J11GEN_06_Q;CELNRJ_J11GEN_06_EXP01_Q;"January 30, 2026";"January 30, 2026 8:54:23 PM";"January 30, 2026 8:54:36 PM";;Ended OK;CELERIS Export des liens PTA PCS;lance_Traitement_Interne.bat;Job;No;1;No;CTMSRV;CELNRJ_J11GEN_06_Q;svce_cm;wdkcelp12;A_W_CEL12;3l36l
CEL-CELERIS;CELNRJ_J16INT_05_Q;CELNRJ_J16INT_05_FW01_Q;"January 30, 2026";"January 30, 2026 7:00:00 PM";"January 30, 2026 7:00:07 PM";;Ended OK;CELERIS : Scrutation du fichier PATRIMOINEENERGY_*.xml de la PFE au serveur CELERIS;FileWatcher.bat;Job;No;1;No;CTMSRV;CELNRJ_J16INT_05_Q;svce_cm;wdkcelp13;A_W_CEL13;3l4jj
CEL-CELERIS;CELNRJ_J16INT_05_Q;CELNRJ_J16INT_05_FW02_Q;"January 30, 2026";"January 30, 2026 7:00:00 PM";"January 30, 2026 7:01:06 PM";;Ended OK;CELERIS : Scrutation du fichier PATRIMOINEENERGY_*.xml  de la PFE au serveur CELERIS;FileWatcher.bat;Job;No;1;No;CTMSRV;CELNRJ_J16INT_05_Q;svce_cm;wdkcelp13;A_W_CEL13;3l4jm
CEL-CELERIS;CELNRJ_J16INT_05_Q;CELNRJ_J16INT_05_FW03_Q;"January 30, 2026";"January 30, 2026 7:00:00 PM";"January 30, 2026 7:00:06 PM";;Ended OK;CELERIS : Scrutation du fichier EVENEMENTSENERGY_*.xml de la PFE au serveur CELERIS;FileWatcher.bat;Job;No;1;No;CTMSRV;CELNRJ_J16INT_05_Q;svce_cm;wdkcelp13;A_W_CEL13;3l4jl
CEL-CELERIS;CELNRJ_J16INT_05_Q;CELNRJ_J16INT_05_FW04_Q;"January 30, 2026";"January 30, 2026 7:00:00 PM";"January 30, 2026 7:01:06 PM";;Ended OK;CELERIS : Scrutation du fichier EVENEMENTSENERGY_*.xml de la PFE au serveur CELERIS;FileWatcher.bat;Job;No;1;No;CTMSRV;CELNRJ_J16INT_05_Q;svce_cm;wdkcelp13;A_W_CEL13;3l4jk
CEL-CELERIS;CELNRJ_J16INT_05_Q;CELNRJ_J16INT_05_IMP01_Q;"January 30, 2026";"January 30, 2026 7:30:00 PM";"January 30, 2026 7:34:57 PM";;Ended OK;CELERIS : Intégration du fichier PATRIMOINEENERGY dans CELERIS;lance_Traitement_Interne.bat;Job;No;1;No;CTMSRV;CELNRJ_J16INT_05_Q;svce_cm;wdkcelp13;A_W_CEL13;3l4jf
CEL-CELERIS;CELNRJ_J16INT_05_Q;CELNRJ_J16INT_05_IMP02_Q;"January 30, 2026";"January 30, 2026 8:30:00 PM";"January 30, 2026 8:59:57 PM";;Ended OK;CELERIS : Intégration du fichier EVENEMENTSENERGY dans CELERIS;lance_Traitement_Interne.bat;Job;No;1;No;CTMSRV;CELNRJ_J16INT_05_Q;svce_cm;wdkcelp13;A_W_CEL13;3l4ji
CEL-CELERIS;CELNRJ_J16INT_05_Q;CELNRJ_J16INT_05_MOV01_Q;"January 30, 2026";"January 30, 2026 7:00:07 PM";"January 30, 2026 7:00:13 PM";;Ended OK;CELERIS : Deplacement du fichier PATRIMOINEENERGY_*.xml depuis le NAS EDF;MOV_Multi_Generique_DKA.bat;Job;No;1;No;CTMSRV;CELNRJ_J16INT_05_Q;svce_cm;wdkcelp13;A_W_CEL13;3l4jg
CEL-CELERIS;CELNRJ_J16INT_05_Q;CELNRJ_J16INT_05_MOV02_Q;"January 30, 2026";"January 30, 2026 7:00:06 PM";"January 30, 2026 7:00:10 PM";;Ended OK;CELERIS : Deplacement du fichier EVENEMENTSENERGY_*.xml depuis le NAS EDF;MOV_Multi_Generique_DKA.bat;Job;No;1;No;CTMSRV;CELNRJ_J16INT_05_Q;svce_cm;wdkcelp13;A_W_CEL13;3l4jh
CEL-CELERIS;CELNRJ_J16INT_05_Q;CELNRJ_J16INT_05_Q;"January 30, 2026";"January 30, 2026 7:00:00 PM";"January 30, 2026 8:59:58 PM";;Ended OK;SEE CEL01: Gestion des flux PATRIMOINEENERGY et EVENEMENTSENERGY;;SMART Table;No;1;No;CTMSRV;CELNRJ_J16INT_05_Q;;ldkctmp50;;3l4je
CEL-CELERIS;CELOAF_J11GEN_06_Q;CELOAF_J11GEN_06_EXP01_Q;"January 30, 2026";"January 30, 2026 8:03:31 PM";"January 30, 2026 8:03:56 PM";;Ended OK;CELERIS Export des ecritures comptables AP et GL;lance_Traitement_Interne.bat;Job;No;1;No;CTMSRV;CELOAF_J11GEN_06_Q;svce_cm;wdkcelp12;A_W_CEL12;3l53h
CEL-CELERIS;CELOAF_J11GEN_06_Q;CELOAF_J11GEN_06_MOV01_Q;"January 30, 2026";"January 30, 2026 8:03:57 PM";"January 30, 2026 8:03:59 PM";;Ended OK;CELERIS : Deplacement des fichiers donnees Ecritures AP vers EAI;MOV_Generique_DKA.bat;Job;No;1;No;CTMSRV;CELOAF_J11GEN_06_Q;svce_cm;wdkcelp12;A_W_CEL12;3l53i
CEL-CELERIS;CELOAF_J11GEN_06_Q;CELOAF_J11GEN_06_MOV02_Q;"January 30, 2026";"January 30, 2026 8:04:00 PM";"January 30, 2026 8:04:01 PM";;Ended OK;CELERIS : Deplacement des fichiers controle Ecritures AP vers EAI;MOV_Generique_DKA.bat;Job;No;1;No;CTMSRV;CELOAF_J11GEN_06_Q;svce_cm;wdkcelp12;A_W_CEL12;3l53j
CEL-CELERIS;CELOAF_J12INT_05_Q;CELOAF_J12INT_05_IMP01_Q;"January 30, 2026";"January 30, 2026 8:26:31 PM";"January 30, 2026 8:26:38 PM";0000;Ended OK;CELERIS Integration des donnees du fichier des fournisseurs;lance_Traitement_Interne.bat;Job;No;1;No;CTMSRV;CELOAF_J12INT_05_Q;svce_cm;wdkcelp13;A_W_CEL13;3l2qz
CEL-CELERIS;CELOAF_J12INT_05_Q;CELOAF_J12INT_05_LIM01_Q;"January 30, 2026";"January 31, 2026 12:10:00 AM";"January 31, 2026 12:10:00 AM";;Ended OK;CELERIS Limite horaire Integration des donnees du fichier des fournisseurs;;Dummy;No;1;No;CTMSRV;CELOAF_J12INT_05_Q;svce_cm;;A_W_CEL12;3l2r0
CEL-CELERIS;CELOAF_J12INT_05_Q;CELOAF_J12INT_05_MOV01_Q;"January 30, 2026";"January 30, 2026 8:26:25 PM";"January 30, 2026 8:26:30 PM";;Ended OK;CELERIS : Deplacement du fichier fournisseur de l'EAI vers repertoire donnees entrantes;MOV_Generique_DKA.bat;Job;No;1;No;CTMSRV;CELOAF_J12INT_05_Q;svce_cm;wdkcelp13;A_W_CEL13;3l2r1
CEL-CELERIS;CELXXX_J11GEN_06_Q;CELXXX_J11GEN_06_MOV01_Q;"January 30, 2026";"January 30, 2026 8:04:05 PM";"January 30, 2026 8:04:09 PM";;Ended OK;CELERIS : Deplacement dU fichier ALADIN vers PFE;MOV_Generique_DKA.bat;Job;No;1;No;CTMSRV;CELXXX_J11GEN_06_Q;svce_cm;wdkcelp12;A_W_CEL12;3l4d3
CEL-CELERIS;CELXXX_J11GEN_06_Q;CELXXX_J11GEN_06_Q;"January 30, 2026";"January 30, 2026 1:30:13 PM";"January 30, 2026 8:04:10 PM";;Ended OK;;;SMART Table;No;1;No;CTMSRV;CELXXX_J11GEN_06_Q;;ldkctmp50;;3l4d1
CEL-CELERIS;CELXXX_J11GEN_06_Q;CELXXX_J11GEN_06_ZIP01_Q;"January 30, 2026";"January 30, 2026 8:04:02 PM";"January 30, 2026 8:04:05 PM";;Ended OK;compression des fichiers TIF et PDF dans aladin-tif.zip;ZIP_ALA_FACT.bat;Job;No;1;No;CTMSRV;CELXXX_J11GEN_06_Q;svce_cm;wdkcelp12;A_W_CEL12;3l4d2
CID-CONTRACTUAL INVO;CIDCEL_F11GEN_06_Q;CIDCEL_F11GEN_06_EXP01_Q;"January 30, 2026";"January 30, 2026 8:00:00 PM";"January 30, 2026 8:08:41 PM";;Ended OK;CID Export donnees du referentiel partage CID vers CELERIS;lance_Traitement_Interne.bat;Job;No;1;No;CTMSRV;CIDCEL_F11GEN_06_Q;svce_cm;wdkcidp12;A_W_CID12;3l4n0
CID-CONTRACTUAL INVO;CIDCEL_F11GEN_06_Q;CIDCEL_F11GEN_06_MOV01_Q;"January 30, 2026";"January 30, 2026 8:08:42 PM";"January 30, 2026 8:08:44 PM";;Ended OK;Move du fichier depuis le repertoire CID vers PFE;MOVE_IN_TO_OUT.bat;Job;No;1;No;CTMSRV;CIDCEL_F11GEN_06_Q;svce_cm;wdkcidp12;A_W_CID12;3l4n1
CID-CONTRACTUAL INVO;CIDCEL_F11INT_05_Q;CIDCEL_F11INT_05_INT01_Q;"January 30, 2026";"January 30, 2026 8:18:02 PM";"January 30, 2026 11:23:24 PM";;Ended OK;CONTRACTUAL INVO : Intégration du fichier de refacturation;ImportRefacturationCelCid.bat;Job;No;1;No;CTMSRV;CIDCEL_F11INT_05_Q;svce_cm;wdkcidp12;A_W_CID12;3l30a
CID-CONTRACTUAL INVO;CIDCEL_F11INT_05_Q;CIDCEL_F11INT_05_MOV01_Q;"January 30, 2026";"January 30, 2026 8:18:00 PM";"January 30, 2026 8:18:02 PM";;Ended OK;CID : Déplacement du fichier de refacturation : PFE > CID;MOV_Generique_DKA.bat;Job;No;1;No;CTMSRV;CIDCEL_F11INT_05_Q;svce_cm;wdkcidp12;A_W_CID12;3l30b
CID-CONTRACTUAL INVO;CIDCEL_F11INT_05_Q;CIDCEL_F11INT_05_Q;"January 30, 2026";"January 30, 2026 1:30:12 PM";"January 30, 2026 11:23:24 PM";;Ended OK;Déplacement du fichier de refacturation vers CID;;SMART Table;No;1;No;CTMSRV;CIDCEL_F11INT_05_Q;;ldkctmp50;;3l309
CID-CONTRACTUAL INVO;CIDCEL_J11GEN_06_Q;CIDCEL_J11GEN_06_EXP01_Q;"January 30, 2026";"January 30, 2026 8:08:45 PM";"January 30, 2026 8:08:54 PM";;Ended OK;CID Generation du fichier PCE Compteur vers CELERIS;lance_Traitement_Interne.bat;Job;No;1;No;CTMSRV;CIDCEL_J11GEN_06_Q;svce_cm;wdkcidp12;A_W_CID12;3l36a
CID-CONTRACTUAL INVO;CIDCEL_J11GEN_06_Q;CIDCEL_J11GEN_06_MOV01_Q;"January 30, 2026";"January 30, 2026 8:08:55 PM";"January 30, 2026 8:08:57 PM";;Ended OK;CID Deplacement du fichier PCECompteur vers PFE;MOVE_IN_TO_OUT.bat;Job;No;1;No;CTMSRV;CIDCEL_J11GEN_06_Q;svce_cm;wdkcidp12;A_W_CID12;3l36b
CID-CONTRACTUAL INVO;CIDCID_E11STP_01_Q;CIDCID_E11STP_01_ATP01_Q;"January 30, 2026";"January 30, 2026 7:00:00 PM";"January 30, 2026 7:00:12 PM";;Ended OK;Arret de l'application CID sur WDKCIDP11;start_stop_appli_CID.bat;Job;No;1;No;CTMSRV;CIDCID_E11STP_01_Q;svce_cm;wdkcidp11;A_W_CID11;3l4cc
CID-CONTRACTUAL INVO;CIDCID_E11STR_02_Q;CIDCID_E11STR_02_DTP01_Q;"January 30, 2026";"January 31, 2026 6:00:00 AM";"January 31, 2026 6:00:05 AM";;Ended OK;Demarrage de l'application CID sur WDKCIDP11;start_stop_appli_CID.bat;Job;No;1;No;CTMSRV;CIDCID_E11STR_02_Q;svce_cm;wdkcidp11;A_W_CID11;3l52c
CID-CONTRACTUAL INVO;CIDCID_F11TEC_04_Q;CIDCID_F11TEC_04_DEB01_Q;"January 30, 2026";"January 30, 2026 7:00:00 PM";"January 30, 2026 7:00:00 PM";;Ended OK;Jalon de demarrage de la production CID;CID_PROD_START_ALL_001J;Dummy;No;1;No;CTMSRV;CIDCID_F11TEC_04_Q;svce_cm;;;3l42k
CID-CONTRACTUAL INVO;CIDCID_F11TEC_04_Q;CIDCID_F11TEC_04_FIN99_Q;"January 30, 2026";"January 31, 2026 2:24:17 AM";"January 31, 2026 2:24:17 AM";;Ended OK;Jalon de fin de la production CID;CID_PROD_END_ALL_001J;Dummy;No;1;No;CTMSRV;CIDCID_F11TEC_04_Q;svce_cm;;;3l42j
CID-CONTRACTUAL INVO;CIDCID_F11TEC_04_Q;CIDCID_F11TEC_04_FJA97_Q;"January 30, 2026";"January 31, 2026 12:00:37 AM";"January 31, 2026 12:00:37 AM";;Ended OK;G1 G2 G3  fin des interfaces ENTRANTES;CIDFIN_INT_ENTRANT;Dummy;No;1;No;CTMSRV;CIDCID_F11TEC_04_Q;svce_cm;;A_W_CID13;3l42m
CID-CONTRACTUAL INVO;CIDCID_F11TEC_04_Q;CIDCID_F11TEC_04_FJA98_Q;"January 30, 2026";"January 31, 2026 1:10:27 AM";"January 31, 2026 1:10:27 AM";;Ended OK;G5 fin des traitements INTERNE;FIN_TRT_INTERNE;Dummy;No;1;No;CTMSRV;CIDCID_F11TEC_04_Q;svce_cm;;A_W_CID13;3l42o
CID-CONTRACTUAL INVO;CIDCID_F11TEC_04_Q;CIDCID_F11TEC_04_FJA99_Q;"January 30, 2026";"January 31, 2026 2:24:16 AM";"January 31, 2026 2:24:16 AM";;Ended OK;G4 G6 G8 G9 fin des interfaces SORTANTES;CIDFIN_INT_SORTANT;Dummy;No;1;No;CTMSRV;CIDCID_F11TEC_04_Q;svce_cm;;A_W_CID13;3l42n
CID-CONTRACTUAL INVO;CIDCID_F11TEC_04_Q;CIDCID_F11TEC_04_SC001_Q;"January 30, 2026";"January 30, 2026 3:00:00 PM";"January 30, 2026 3:00:00 PM";;Ended OK;"CID ; TEST PRESENCE COND SC_WCID107_OK";SC_WCID107_OK;Dummy;No;1;No;CTMSRV;CIDCID_F11TEC_04_Q;root;;;3l42l
CID-CONTRACTUAL INVO;CIDCID_F12TRT_04_Q;CIDCID_F12TRT_04_CAL01_Q;"January 30, 2026";"January 31, 2026 12:00:38 AM";"January 31, 2026 12:05:52 AM";;Ended OK;G5 calcul type affiné;lance_Traitement_Interne.bat;Job;No;1;No;CTMSRV;CIDCID_F12TRT_04_Q;svce_cm;wdkcidp12;A_W_CID12;3l4ru
CID-CONTRACTUAL INVO;CIDCID_F13TRT_04_Q;CIDCID_F13TRT_04_WRK01_Q;"January 30, 2026";"January 31, 2026 12:00:38 AM";"January 31, 2026 12:00:45 AM";;Ended OK;G5 raj et substitution indices;lance_Traitement_Interne.bat;Job;No;1;No;CTMSRV;CIDCID_F13TRT_04_Q;svce_cm;wdkcidp12;A_W_CID12;3l2xl
CID-CONTRACTUAL INVO;CIDCID_F14TRT_04_Q;CIDCID_F14TRT_04_CAL01_Q;"January 30, 2026";"January 31, 2026 12:05:52 AM";"January 31, 2026 12:09:07 AM";;Ended OK;G5  calcul des factures regie Negoces;lance_Traitement_Interne.bat;Job;No;1;No;CTMSRV;CIDCID_F14TRT_04_Q;svce_cm;wdkcidp12;A_W_CID12;3l2zn
CID-CONTRACTUAL INVO;CIDCID_F14TRT_04_Q;CIDCID_F14TRT_04_Q;"January 30, 2026";"January 30, 2026 1:30:14 PM";"January 31, 2026 12:09:08 AM";;Ended OK;;;SMART Table;No;1;No;CTMSRV;CIDCID_F14TRT_04_Q;;ldkctmp50;;3l2zm
CID-CONTRACTUAL INVO;CIDCID_F15TRT_04_Q;CIDCID_F15TRT_04_CAL01_Q;"January 30, 2026";"January 31, 2026 12:40:35 AM";"January 31, 2026 1:08:20 AM";;Ended OK;G5 calcul des factures;lance_Traitement_Interne.bat;Job;No;1;No;CTMSRV;CIDCID_F15TRT_04_Q;svce_cm;wdkcidp12;A_W_CID12;3l45d
CID-CONTRACTUAL INVO;CIDCID_F15TRT_04_Q;CIDCID_F15TRT_04_CAL02_Q;"January 30, 2026";"January 31, 2026 1:08:21 AM";"January 31, 2026 1:10:27 AM";;Ended OK;G5 calcul facture individuel;lance_Traitement_Interne.bat;Job;No;1;No;CTMSRV;CIDCID_F15TRT_04_Q;svce_cm;wdkcidp12;A_W_CID12;3l45e
CID-CONTRACTUAL INVO;CIDCID_F15TRT_04_Q;CIDCID_F15TRT_04_CAL03_Q;"January 30, 2026";"January 31, 2026 1:10:27 AM";"January 31, 2026 1:10:35 AM";;Ended OK;G5 calcul des factures specifique;CalculFactureSpecifique.bat;Job;No;1;No;CTMSRV;CIDCID_F15TRT_04_Q;svce_cm;wdkcidp12;A_W_CID12;3l45f
CID-CONTRACTUAL INVO;CIDCID_F18TRT_04_Q;CIDCID_F18TRT_04_WRK01_Q;"January 30, 2026";"January 30, 2026 7:15:00 PM";"January 30, 2026 7:25:02 PM";;Ended OK;G5 Relance Instance;lance_Traitement_Interne.bat;Job;No;1;No;CTMSRV;CIDCID_F18TRT_04_Q;svce_cm;wdkcidp12;A_W_CID12;3l3v8
CID-CONTRACTUAL INVO;CIDCID_F19TRT_04_H;CIDCID_F19TRT_04_WRK01_H;"January 30, 2026";"January 31, 2026 12:00:38 AM";"January 31, 2026 12:00:51 AM";;Ended OK;G5 proposition de relance;lance_Traitement_Interne.bat;Job;No;1;No;CTMSRV;CIDCID_F19TRT_04_H;svce_cm;wdkcidp12;A_W_CID12;3l54h
CID-CONTRACTUAL INVO;CIDCID_F19TRT_04_Q;CIDCID_F19TRT_04_WRK01_Q;"January 30, 2026";"January 31, 2026 7:00:00 AM";"January 31, 2026 7:01:07 AM";;Ended OK;CID Reinitialise les donnees de la nuit applicative precedente;lance_Traitement_Interne.bat;Job;No;1;No;CTMSRV;CIDCID_F19TRT_04_Q;svce_cm;wdkcidp12;A_W_CID12;3l2ot
CID-CONTRACTUAL INVO;CIDCID_F20TRT_04_Q;CIDCID_F20TRT_04_WRK01_Q;"January 30, 2026";"January 30, 2026 5:30:00 PM";"January 30, 2026 5:30:43 PM";1812;Wait for Event;CID batch rejeu;RejeuEai.bat;Job;No;3;Yes;CTMSRV;CIDCID_F20TRT_04_Q;svce_cm;wdkcidp12;A_W_CID12;3l3gf
CID-CONTRACTUAL INVO;CIDCID_F21TRT_04_H;CIDCID_F21TRT_04_CAL01_H;"January 30, 2026";"January 31, 2026 12:00:47 AM";"January 31, 2026 12:00:52 AM";;Ended OK;CID ::Calculer Simu Effet Prix;CalculerSimuEffetPrix.bat;Job;No;1;No;CTMSRV;CIDCID_F21TRT_04_H;svce_cm;wdkcidp12;A_W_CID12;3l56d
CID-CONTRACTUAL INVO;CIDCID_F21TRT_04_H;CIDCID_F21TRT_04_EXT01_H;"January 30, 2026";"January 31, 2026 12:00:38 AM";"January 31, 2026 12:00:46 AM";;Ended OK;CID ::extraction Simu Effet Prix;ExtractionSimuEffetPrix.bat;Job;No;1;No;CTMSRV;CIDCID_F21TRT_04_H;svce_cm;wdkcidp12;A_W_CID12;3l56c
CID-CONTRACTUAL INVO;CIDCID_F21TRT_04_H;CIDCID_F21TRT_04_H;"January 30, 2026";"January 30, 2026 1:30:11 PM";"January 31, 2026 12:00:53 AM";;Ended OK;CID ::Simu Effet Prix;;SMART Table;No;1;No;CTMSRV;CIDCID_F21TRT_04_H;;ldkctmp50;;3l56b
CID-CONTRACTUAL INVO;CIDCID_F21TRT_04_Q;CIDCID_F21TRT_04_CAL01_Q;"January 30, 2026";"January 31, 2026 12:09:08 AM";"January 31, 2026 12:40:35 AM";;Ended OK;CID : Calcul Vente Forfaitaire;lance_Traitement_Interne.bat;Job;No;1;No;CTMSRV;CIDCID_F21TRT_04_Q;svce_cm;wdkcidp12;A_W_CID12;3l3a1
CID-CONTRACTUAL INVO;CIDCID_F21TRT_04_Q;CIDCID_F21TRT_04_Q;"January 30, 2026";"January 30, 2026 1:30:12 PM";"January 31, 2026 12:40:35 AM";;Ended OK;;;SMART Table;No;1;No;CTMSRV;CIDCID_F21TRT_04_Q;;ldkctmp50;;3l3a0
CID-CONTRACTUAL INVO;CIDCID_J11TRT_04_Q;CIDCID_J11TRT_04_Q;"January 30, 2026";"January 30, 2026 1:30:13 PM";"January 31, 2026 6:03:31 AM";;Ended OK;Traitement Indexation Meilisearch;;SMART Table;No;1;No;CTMSRV;CIDCID_J11TRT_04_Q;;ldkctmp50;;3l4aw
CID-CONTRACTUAL INVO;CIDCID_J11TRT_04_Q;CIDCID_J11TRT_04_WRK01_Q;"January 30, 2026";"January 31, 2026 6:00:06 AM";"January 31, 2026 6:03:31 AM";;Ended OK;Traitement Indexation Meilisearch;IndexationMeilisearch.bat;Job;No;1;No;CTMSRV;CIDCID_J11TRT_04_Q;svce_cm;wdkcidp12;A_W_CID12;3l4ax
CID-CONTRACTUAL INVO;CIDCID_K12SVG_03_Q;CIDCID_K12SVG_03_FWT01_Q;"January 30, 2026";"January 30, 2026 8:00:00 PM";"January 30, 2026 8:00:00 PM";;Ended OK;Controle dump log apres 20h sur wdkcidp03;test_fin_dump.bat;Dummy;No;1;No;CTMSRV;CIDCID_K12SVG_03_Q;svce_cm;;NOTEXIST;3l4t9
CID-CONTRACTUAL INVO;CIDCID_K12SVG_03_Q;CIDCID_K12SVG_03_FWT02_Q;"January 30, 2026";"January 31, 2026 4:00:00 AM";"January 31, 2026 4:00:00 AM";;Ended OK;Controle dump log apres 04h sur wdkcidp03;test_fin_dump.bat;Dummy;No;1;No;CTMSRV;CIDCID_K12SVG_03_Q;svce_cm;;NOTEXIST;3l4t8
CID-CONTRACTUAL INVO;CIDCID_K12SVG_03_Q;CIDCID_K12SVG_03_NBU01_Q;"January 30, 2026";"January 31, 2026 5:00:00 AM";"January 31, 2026 5:00:00 AM";;Ended OK;Sauvegarde Incremental NBU du serveur WDKCIDP01;NetbackupRemoteCtm_Incr.ksh;Dummy;No;1;No;CTMSRV;CIDCID_K12SVG_03_Q;root;;NOTEXIST;3l4ta
CID-CONTRACTUAL INVO;CIDCID_K12SVG_03_Q;CIDCID_K12SVG_03_NBU02_Q;"January 30, 2026";"January 31, 2026 5:00:00 AM";"January 31, 2026 5:00:00 AM";;Ended OK;Sauvegarde Incremental NBU du serveur WDKCIDP02;NetbackupRemoteCtm_Incr.ksh;Dummy;No;1;No;CTMSRV;CIDCID_K12SVG_03_Q;root;;NOTEXIST;3l4tb
CID-CONTRACTUAL INVO;CIDCID_K12SVG_03_Q;CIDCID_K12SVG_03_NBU03_Q;"January 30, 2026";"January 31, 2026 8:00:00 AM";"January 31, 2026 8:00:00 AM";;Ended OK;Sauvegarde Incremental NBU du serveur WDKCIDP03;NetbackupRemoteCtm_Incr.ksh;Dummy;No;1;No;CTMSRV;CIDCID_K12SVG_03_Q;root;;NOTEXIST;3l4tc
CID-CONTRACTUAL INVO;CIDDTR_F11GEN_06_Q;CIDDTR_F11GEN_06_EXP01_Q;"January 30, 2026";"January 31, 2026 2:19:48 AM";"January 31, 2026 2:20:13 AM";;Ended OK;Genration fichier DTR_CONTRAT;Lance_INTERFACE.bat;Job;No;1;No;CTMSRV;CIDDTR_F11GEN_06_Q;svce_cm;wdkcidp13;A_W_CID13;3l4rb
CID-CONTRACTUAL INVO;CIDDTR_F11GEN_06_Q;CIDDTR_F11GEN_06_EXP02_Q;"January 30, 2026";"January 31, 2026 2:20:14 AM";"January 31, 2026 2:20:23 AM";;Ended OK;Generation du fichier DTR_SLP_VPR;Lance_INTERFACE.bat;Job;No;1;No;CTMSRV;CIDDTR_F11GEN_06_Q;svce_cm;wdkcidp13;A_W_CID13;3l4rc
CID-CONTRACTUAL INVO;CIDDTR_F11GEN_06_Q;CIDDTR_F11GEN_06_EXP03_Q;"January 30, 2026";"January 31, 2026 2:20:24 AM";"January 31, 2026 2:21:06 AM";;Ended OK;Generation fichier DTR_SLP_ATT;Lance_INTERFACE.bat;Job;No;1;No;CTMSRV;CIDDTR_F11GEN_06_Q;svce_cm;wdkcidp13;A_W_CID13;3l4rd
CID-CONTRACTUAL INVO;CIDDTR_F11GEN_06_Q;CIDDTR_F11GEN_06_EXP04_Q;"January 30, 2026";"January 31, 2026 2:21:06 AM";"January 31, 2026 2:21:37 AM";;Ended OK;Generation fichier DTR_SLP_IMP;Lance_INTERFACE.bat;Job;No;1;No;CTMSRV;CIDDTR_F11GEN_06_Q;svce_cm;wdkcidp13;A_W_CID13;3l4re
CID-CONTRACTUAL INVO;CIDDTR_F11GEN_06_Q;CIDDTR_F11GEN_06_EXP05_Q;"January 30, 2026";"January 31, 2026 2:21:38 AM";"January 31, 2026 2:22:12 AM";;Ended OK;Generation fichier DTR_SLP_DT;Lance_INTERFACE.bat;Job;No;1;No;CTMSRV;CIDDTR_F11GEN_06_Q;svce_cm;wdkcidp13;A_W_CID13;3l4rf
CID-CONTRACTUAL INVO;CIDDTR_F11GEN_06_Q;CIDDTR_F11GEN_06_EXP06_Q;"January 30, 2026";"January 31, 2026 2:22:13 AM";"January 31, 2026 2:23:05 AM";;Ended OK;Generation fichier DTR_SLP_DR;Lance_INTERFACE.bat;Job;No;1;No;CTMSRV;CIDDTR_F11GEN_06_Q;svce_cm;wdkcidp13;A_W_CID13;3l4rg
CID-CONTRACTUAL INVO;CIDDTR_F11GEN_06_Q;CIDDTR_F11GEN_06_EXP07_Q;"January 30, 2026";"January 31, 2026 2:23:06 AM";"January 31, 2026 2:23:26 AM";;Ended OK;Generation fichier DTR_SLP_DA;Lance_INTERFACE.bat;Job;No;1;No;CTMSRV;CIDDTR_F11GEN_06_Q;svce_cm;wdkcidp13;A_W_CID13;3l4rh
CID-CONTRACTUAL INVO;CIDDTR_F11GEN_06_Q;CIDDTR_F11GEN_06_EXP08_Q;"January 30, 2026";"January 31, 2026 2:23:27 AM";"January 31, 2026 2:23:55 AM";;Ended OK;Generation fichier DTR_SLP_RFAC;Lance_INTERFACE.bat;Job;No;1;No;CTMSRV;CIDDTR_F11GEN_06_Q;svce_cm;wdkcidp13;A_W_CID13;3l4ri
CID-CONTRACTUAL INVO;CIDDTR_F11GEN_06_Q;CIDDTR_F11GEN_06_EXP09_Q;"January 30, 2026";"January 31, 2026 2:23:56 AM";"January 31, 2026 2:24:05 AM";;Ended OK;Generation fichier DTR_COEF_BLOQUE;Lance_INTERFACE.bat;Job;No;1;No;CTMSRV;CIDDTR_F11GEN_06_Q;svce_cm;wdkcidp13;A_W_CID13;3l4rj
CID-CONTRACTUAL INVO;CIDDTR_F11GEN_06_Q;CIDDTR_F11GEN_06_EXP10_Q;"January 30, 2026";"January 31, 2026 2:24:06 AM";"January 31, 2026 2:24:15 AM";;Ended OK;Generation fichier DTR_VIN;Lance_INTERFACE.bat;Job;No;1;No;CTMSRV;CIDDTR_F11GEN_06_Q;svce_cm;wdkcidp13;A_W_CID13;3l4rk
CID-CONTRACTUAL INVO;CIDECO_F11INT_05_Q;CIDECO_F11INT_05_LIM01_Q;"January 30, 2026";"January 31, 2026 12:00:00 AM";"January 31, 2026 12:00:00 AM";;Ended OK;limite horaire 00H00 CID si pb A00ON  ECO;W512_LIMITCID0200;Dummy;No;1;No;CTMSRV;CIDECO_F11INT_05_Q;root;;;3l2mg
CID-CONTRACTUAL INVO;CIDEXT_F11GEN_06_Q;CIDEXT_F11GEN_06_EXP01_Q;"January 30, 2026";"January 31, 2026 1:41:50 AM";"January 31, 2026 1:41:56 AM";;Ended OK;Prélèvement vers Next;Lance_INTERFACE.bat;Job;No;1;No;CTMSRV;CIDEXT_F11GEN_06_Q;svce_cm;wdkcidp13;A_W_CID13;3l2mr
CID-CONTRACTUAL INVO;CIDEXT_F11GEN_06_Q;CIDEXT_F11GEN_06_Q;"January 30, 2026";"January 30, 2026 1:30:14 PM";"January 31, 2026 1:41:57 AM";;Ended OK;;;SMART Table;No;1;No;CTMSRV;CIDEXT_F11GEN_06_Q;;ldkctmp50;;3l2mq
CID-CONTRACTUAL INVO;CIDEXT_F12FLX_07_Q;CIDEXT_F12FLX_07_FWT03_Q;"January 30, 2026";"January 31, 2026 1:10:27 AM";"January 31, 2026 1:22:02 AM";0700;Ended OK;Scrutation fichier pilote fact couleur  & generation du zip sur NAS PFE;nFW_Fac_DOCAPOST.bat;Job;No;1;Yes;CTMSRV;CIDEXT_F12FLX_07_Q;svce_cm;wdkcidp12;A_W_CID12;3l2oy
CID-CONTRACTUAL INVO;CIDEXT_F13FLX_07_Q;CIDEXT_F13FLX_07_ARC01_Q;"January 30, 2026";"January 31, 2026 1:25:15 AM";"January 31, 2026 1:25:16 AM";;Ended OK;Archiver les fichiers EDI;CIDEXT_F13FLX_07_ARC01_Q.bat;Job;No;1;No;CTMSRV;CIDEXT_F13FLX_07_Q;svce_cm;wdkcidp12;A_W_CID12;3l42w
CID-CONTRACTUAL INVO;CIDEXT_F13FLX_07_Q;CIDEXT_F13FLX_07_FWT01_Q;"January 30, 2026";"January 30, 2026 10:45:26 PM";"January 31, 2026 1:21:59 AM";0700;Ended OK;Scrutation du fichier FLAG;CIDEXT_F13FLX_07_FWT01_Q.bat;Job;No;2;Yes;CTMSRV;CIDEXT_F13FLX_07_Q;svce_cm;wdkcidp12;A_W_CID12;3l42t
CID-CONTRACTUAL INVO;CIDEXT_F13FLX_07_Q;CIDEXT_F13FLX_07_MOV01_Q;"January 30, 2026";"January 31, 2026 1:25:06 AM";"January 31, 2026 1:25:14 AM";;Ended OK;Move de Factures_EDI_*.zip vers PFE;CIDEXT_F13FLX_07_MOV01_Q.bat;Job;No;1;No;CTMSRV;CIDEXT_F13FLX_07_Q;svce_cm;wdkcidp12;A_W_CID12;3l42v
CID-CONTRACTUAL INVO;CIDEXT_F13FLX_07_Q;CIDEXT_F13FLX_07_PUR01_Q;"January 30, 2026";"January 31, 2026 1:25:17 AM";"January 31, 2026 1:31:14 AM";;Ended OK;Purge des fichiers EDI xml;CIDEXT_F13FLX_07_PUR01_Q.bat;Job;No;1;No;CTMSRV;CIDEXT_F13FLX_07_Q;svce_cm;wdkcidp12;A_W_CID12;3l42x
CID-CONTRACTUAL INVO;CIDEXT_F13FLX_07_Q;CIDEXT_F13FLX_07_PUR02_Q;"January 30, 2026";"January 31, 2026 1:31:15 AM";"January 31, 2026 1:31:16 AM";;Ended OK;Purge des fichiers ZIP -15 jours;CIDEXT_F13FLX_07_PUR02_Q.bat;Job;No;1;No;CTMSRV;CIDEXT_F13FLX_07_Q;svce_cm;wdkcidp12;A_W_CID12;3l42y
CID-CONTRACTUAL INVO;CIDEXT_F13FLX_07_Q;CIDEXT_F13FLX_07_ZIP01_Q;"January 30, 2026";"January 31, 2026 1:22:00 AM";"January 31, 2026 1:25:05 AM";;Ended OK;CID : Création du fichier Factures_EDI_aaaammjj.zip;CIDEXT_F13FLX_07_ZIP01_Q.bat;Job;No;1;No;CTMSRV;CIDEXT_F13FLX_07_Q;svce_cm;wdkcidp12;A_W_CID12;3l42u
CID-CONTRACTUAL INVO;CIDEXT_F13GEN_06_Q;CIDEXT_F13GEN_06_CPY01_Q;"January 30, 2026";"January 30, 2026 8:01:10 PM";"January 30, 2026 8:01:12 PM";;Ended OK;Copie du fichier depuis le repertoire CID vers EAI;MOV_Generique_DKA.bat;Job;No;1;No;CTMSRV;CIDEXT_F13GEN_06_Q;svce_cm;wdkcidp13;A_W_CID13;3l44y
CID-CONTRACTUAL INVO;CIDEXT_F13GEN_06_Q;CIDEXT_F13GEN_06_EXP01_Q;"January 30, 2026";"January 30, 2026 8:00:00 PM";"January 30, 2026 8:01:10 PM";;Ended OK;Generation du fichier Lien partenaire Code D;Lance_INTERFACE.bat;Job;No;1;No;CTMSRV;CIDEXT_F13GEN_06_Q;svce_cm;wdkcidp13;A_W_CID13;3l44x
CID-CONTRACTUAL INVO;CIDEXT_J11INT_05_Q;CIDEXT_J11INT_05_MOV01_Q;"January 30, 2026";"January 30, 2026 8:13:02 PM";"January 30, 2026 8:13:07 PM";;Ended OK;CID : deplacement ALADIN-TIF.ZIP depuis PFE;MOV_Generique_DKA.bat;Job;No;1;No;CTMSRV;CIDEXT_J11INT_05_Q;svce_cm;wdkcidp13;A_W_CID13;3l3yb
CID-CONTRACTUAL INVO;CIDEXT_J11INT_05_Q;CIDEXT_J11INT_05_Q;"January 30, 2026";"January 30, 2026 1:30:13 PM";"January 30, 2026 8:13:15 PM";;Ended OK;;;SMART Table;No;1;No;CTMSRV;CIDEXT_J11INT_05_Q;;ldkctmp50;;3l3ya
CID-CONTRACTUAL INVO;CIDEXT_J11INT_05_Q;CIDEXT_J11INT_05_TRT01_Q;"January 30, 2026";"January 30, 2026 8:13:11 PM";"January 30, 2026 8:13:14 PM";;Ended OK;CIDY : traitement permettant le transfert aladin_tif sur le NAS_EDF;DeplacementImage.bat;Job;No;1;No;CTMSRV;CIDEXT_J11INT_05_Q;svce_cm;wdkcidp13;A_W_CID13;3l3yd
CID-CONTRACTUAL INVO;CIDEXT_J11INT_05_Q;CIDEXT_J11INT_05_ZIP01_Q;"January 30, 2026";"January 30, 2026 8:13:07 PM";"January 30, 2026 8:13:10 PM";;Ended OK;CID : Decompression ALADIN-TIF.ZIP;DZIP_ALA_CID.bat;Job;No;1;No;CTMSRV;CIDEXT_J11INT_05_Q;svce_cm;wdkcidp13;A_W_CID13;3l3yc
CID-CONTRACTUAL INVO;CIDEXT_J12INT_05_Q;CIDEXT_J12INT_05_FW01_Q;"January 30, 2026";"January 30, 2026 11:05:46 PM";"January 31, 2026 12:05:56 AM";0000;Wait for Event;CID : Scrutation du fichier CHORUS STATUTSSERENSIA.FAC02   de la  PFE au serveur CITY;FileWatcher.bat;Job;No;6;Yes;CTMSRV;CIDEXT_J12INT_05_Q;svce_cm;wdkcidp12;A_W_CID12;3l43n
CID-CONTRACTUAL INVO;CIDEXT_J12INT_05_Q;CIDEXT_J12INT_05_FW02_Q;"January 30, 2026";"January 30, 2026 11:07:20 PM";"January 31, 2026 12:07:22 AM";0000;Wait for Event;CID : Scrutation du fichier CHORUS STATUTSSERENSIA.FAC02 pour intégration;FileWatcher.bat;Job;No;6;Yes;CTMSRV;CIDEXT_J12INT_05_Q;svce_cm;wdkcidp12;A_W_CID12;3l43o
CID-CONTRACTUAL INVO;CIDEXT_J12INT_05_Q;CIDEXT_J12INT_05_IMP01_Q;"January 30, 2026";"January 30, 2026 7:01:02 PM";"January 30, 2026 7:01:09 PM";;Wait for Event;CID :integration  fchier  STATUTSSERENSIA.FAC02;ImportFluxRetourSerensia.bat;Job;No;1;Yes;CTMSRV;CIDEXT_J12INT_05_Q;svce_cm;wdkcidp12;A_W_CID12;3l43m
CID-CONTRACTUAL INVO;CIDEXT_J12INT_05_Q;CIDEXT_J12INT_05_MOV01_Q;"January 30, 2026";"January 30, 2026 7:00:03 PM";"January 30, 2026 7:00:04 PM";0000;Wait for Event;CID : Transfert du fichier  STATUTSSERENSIA.FAC02   de la  PFE au serveur CID;MOVOUT_Generique_DKA.bat;Job;No;1;Yes;CTMSRV;CIDEXT_J12INT_05_Q;svce_cm;wdkcidp12;A_W_CID12;3l43l
CID-CONTRACTUAL INVO;CIDGRT_F11INT_05_Q;CIDGRT_F11INT_05_CON01_Q;"January 30, 2026";"January 30, 2026 9:30:02 PM";"January 30, 2026 9:30:04 PM";;Ended OK;Controle du type de fichier recu et ren _ concat;CIDConcat.cmd;Job;No;1;No;CTMSRV;CIDGRT_F11INT_05_Q;svce_cm;wdkcidp13;A_W_CID13;3l3hi
CID-CONTRACTUAL INVO;CIDGRT_F11INT_05_Q;CIDGRT_F11INT_05_FWT01_Q;"January 30, 2026";"January 30, 2026 9:30:00 PM";"January 30, 2026 9:30:02 PM";;Ended OK;Scrutation du fichier CTGCID_QTEGST;FileWatcher_CID.bat;Job;No;1;No;CTMSRV;CIDGRT_F11INT_05_Q;svce_cm;wdkcidp13;A_W_CID13;3l3hh
CID-CONTRACTUAL INVO;CIDGRT_F11INT_05_Q;CIDGRT_F11INT_05_IMP01_Q;"January 30, 2026";"January 30, 2026 9:30:04 PM";"January 30, 2026 9:30:32 PM";;Ended OK;integ CTGCID_QTEGST  du fichier Donnees Gen;Lance_INTERFACE.bat;Job;No;1;No;CTMSRV;CIDGRT_F11INT_05_Q;svce_cm;wdkcidp13;A_W_CID13;3l3hj
CID-CONTRACTUAL INVO;CIDMDM_J11TRT_04_Q;CIDMDM_J11TRT_04_WRK01_Q;"January 30, 2026";"January 31, 2026 1:41:50 AM";"January 31, 2026 1:42:53 AM";;Ended OK;CID : Batch appel du WS de MDM360 pour envoyer les maj des contrats;lance_Traitement_Interne.bat;Job;No;1;No;CTMSRV;CIDMDM_J11TRT_04_Q;svce_cm;wdkcidp12;A_W_CID12;3l3zd
CID-CONTRACTUAL INVO;CIDMEC_F11INT_05_Q;CIDMEC_F11INT_05_IMP01_Q;"January 30, 2026";"January 31, 2026 1:10:29 AM";"January 31, 2026 1:41:06 AM";;Ended OK;Integration du Fichier ContratTop;Lance_INTERFACE.bat;Job;No;1;No;CTMSRV;CIDMEC_F11INT_05_Q;svce_cm;wdkcidp13;A_W_CID13;3l3bi
CID-CONTRACTUAL INVO;CIDMEC_F11INT_05_Q;CIDMEC_F11INT_05_Q;"January 30, 2026";"January 30, 2026 1:30:12 PM";"January 31, 2026 1:41:50 AM";;Ended OK;;;SMART Table;No;1;No;CTMSRV;CIDMEC_F11INT_05_Q;;ldkctmp50;;3l3bh
CID-CONTRACTUAL INVO;CIDMEC_F11INT_05_Q;CIDMEC_F11INT_05_WRK01_Q;"January 30, 2026";"January 31, 2026 1:41:07 AM";"January 31, 2026 1:41:42 AM";;Ended OK;Migration formule;lance_Traitement_Interne.bat;Job;No;1;No;CTMSRV;CIDMEC_F11INT_05_Q;svce_cm;wdkcidp12;A_W_CID12;3l3bj
CID-CONTRACTUAL INVO;CIDMEC_F11INT_05_Q;CIDMEC_F11INT_05_WRK02_Q;"January 30, 2026";"January 31, 2026 1:41:43 AM";"January 31, 2026 1:41:49 AM";;Ended OK;Production des rapport MEC;MEC_RapportsMec.bat;Job;No;1;No;CTMSRV;CIDMEC_F11INT_05_Q;svce_cm;wdkcidp13;A_W_CID13;3l3bk
CID-CONTRACTUAL INVO;CIDNRJ_F11INT_05_Q;CIDNRJ_F11INT_05_CON01_Q;"January 30, 2026";"January 31, 2026 12:00:05 AM";"January 31, 2026 12:00:06 AM";;Ended OK;Controle du type de fichier recu et ren _ concat;CIDConcat.cmd;Job;No;1;No;CTMSRV;CIDNRJ_F11INT_05_Q;svce_cm;wdkcidp13;A_W_CID13;3l3sa
CID-CONTRACTUAL INVO;CIDNRJ_F11INT_05_Q;CIDNRJ_F11INT_05_FWT01_Q;"January 30, 2026";"January 31, 2026 12:00:00 AM";"January 31, 2026 12:00:02 AM";;Ended OK;Scrutation du fichier;FileWatcher_CID.bat;Job;No;1;No;CTMSRV;CIDNRJ_F11INT_05_Q;svce_cm;wdkcidp13;A_W_CID13;3l3s9
CID-CONTRACTUAL INVO;CIDNRJ_F11INT_05_Q;CIDNRJ_F11INT_05_IMP01_Q;"January 30, 2026";"January 31, 2026 12:00:06 AM";"January 31, 2026 12:00:14 AM";;Ended OK;integration ene_station   du fichier L00YL_NF;Lance_INTERFACE.bat;Job;No;1;No;CTMSRV;CIDNRJ_F11INT_05_Q;svce_cm;wdkcidp13;A_W_CID13;3l3sb
CID-CONTRACTUAL INVO;CIDNRJ_F12INT_05_Q;CIDNRJ_F12INT_05_CON01_Q;"January 30, 2026";"January 31, 2026 12:00:03 AM";"January 31, 2026 12:00:04 AM";;Ended OK;Controle du type de fichier recu et ren _ concat;CIDConcat.cmd;Job;No;1;No;CTMSRV;CIDNRJ_F12INT_05_Q;svce_cm;wdkcidp13;A_W_CID13;3l4so
CID-CONTRACTUAL INVO;CIDNRJ_F12INT_05_Q;CIDNRJ_F12INT_05_FWT01_Q;"January 30, 2026";"January 31, 2026 12:00:00 AM";"January 31, 2026 12:00:02 AM";;Ended OK;Scrutation du fichier;FileWatcher_CID.bat;Job;No;1;No;CTMSRV;CIDNRJ_F12INT_05_Q;svce_cm;wdkcidp13;A_W_CID13;3l4sn
CID-CONTRACTUAL INVO;CIDNRJ_F12INT_05_Q;CIDNRJ_F12INT_05_IMP01_Q;"January 30, 2026";"January 31, 2026 12:00:05 AM";"January 31, 2026 12:00:36 AM";;Ended OK;integration ene_station   du fichier L00YM_NF_*;Lance_INTERFACE.bat;Job;No;1;No;CTMSRV;CIDNRJ_F12INT_05_Q;svce_cm;wdkcidp13;A_W_CID13;3l4sp
CID-CONTRACTUAL INVO;CIDNRJ_J11INT_05_Q;CIDNRJ_J11INT_05_FW01_Q;"January 30, 2026";"January 30, 2026 7:00:00 PM";"January 30, 2026 7:00:08 PM";;Ended OK;CID : Scrutation du fichier PATRIMOINEENERGYde la PFE au serveur CID;FileWatcher.bat;Job;No;1;No;CTMSRV;CIDNRJ_J11INT_05_Q;svce_cm;wdkcidp13;A_W_CID13;3l4vc
CID-CONTRACTUAL INVO;CIDNRJ_J11INT_05_Q;CIDNRJ_J11INT_05_FW02_Q;"January 30, 2026";"January 30, 2026 7:00:00 PM";"January 30, 2026 7:01:06 PM";;Ended OK;CID : Scrutation du fichier CEFM_.*xmll de la PFE au serveur CID;FileWatcher.bat;Job;No;1;No;CTMSRV;CIDNRJ_J11INT_05_Q;svce_cm;wdkcidp13;A_W_CID13;3l4vd
CID-CONTRACTUAL INVO;CIDNRJ_J11INT_05_Q;CIDNRJ_J11INT_05_FW03_Q;"January 30, 2026";"January 30, 2026 7:00:00 PM";"January 30, 2026 7:00:07 PM";;Ended OK;CID : Scrutation du fichier EVENEMENTSENERGY de la PFE au serveur CID (20h30);FileWatcher.bat;Job;No;1;No;CTMSRV;CIDNRJ_J11INT_05_Q;svce_cm;wdkcidp13;A_W_CID13;3l4ve
CID-CONTRACTUAL INVO;CIDNRJ_J11INT_05_Q;CIDNRJ_J11INT_05_FW04_Q;"January 30, 2026";"January 30, 2026 7:00:00 PM";"January 30, 2026 7:01:07 PM";;Ended OK;CID : Scrutation du fichier EVENEMENTSENERGY de la PFE au serveur CID;FileWatcher.bat;Job;No;1;No;CTMSRV;CIDNRJ_J11INT_05_Q;svce_cm;wdkcidp13;A_W_CID13;3l4vf
CID-CONTRACTUAL INVO;CIDNRJ_J11INT_05_Q;CIDNRJ_J11INT_05_FW05_Q;"January 30, 2026";"January 30, 2026 10:30:00 PM";"January 30, 2026 10:30:02 PM";;Ended OK;CID : Scrutation du fichier EVENEMENTSENERGY de la PFE au serveur CID (22h45);FileWatcher.bat;Job;No;1;No;CTMSRV;CIDNRJ_J11INT_05_Q;svce_cm;wdkcidp13;A_W_CID13;3l4vh
CID-CONTRACTUAL INVO;CIDNRJ_J11INT_05_Q;CIDNRJ_J11INT_05_FW06_Q;"January 30, 2026";"January 30, 2026 10:30:00 PM";"January 30, 2026 10:30:04 PM";;Ended OK;CID : Scrutation du fichier EVENEMENTSENERGY de la PFE au serveur CID;FileWatcher.bat;Job;No;1;No;CTMSRV;CIDNRJ_J11INT_05_Q;svce_cm;wdkcidp13;A_W_CID13;3l4vj
CID-CONTRACTUAL INVO;CIDNRJ_J11INT_05_Q;CIDNRJ_J11INT_05_IMP01_Q;"January 30, 2026";"January 30, 2026 7:30:00 PM";"January 30, 2026 7:35:09 PM";;Ended OK;CONTRACTUAL INVO : Intégration du fichier PATRIMOINEENERGY dans CID;lance_INTERFACE.bat;Job;No;1;No;CTMSRV;CIDNRJ_J11INT_05_Q;svce_cm;wdkcidp13;A_W_CID13;3l4v8
CID-CONTRACTUAL INVO;CIDNRJ_J11INT_05_Q;CIDNRJ_J11INT_05_IMP02_Q;"January 30, 2026";"January 30, 2026 8:30:00 PM";"January 30, 2026 11:51:36 PM";;Ended OK;CONTRACTUAL INVO : Intégration du fichier EVENEMENTSENERGY dans CID (20h30);lance_INTERFACE.bat;Job;No;1;No;CTMSRV;CIDNRJ_J11INT_05_Q;svce_cm;wdkcidp13;A_W_CID13;3l4vb
CID-CONTRACTUAL INVO;CIDNRJ_J11INT_05_Q;CIDNRJ_J11INT_05_IMP03_Q;"January 30, 2026";"January 30, 2026 11:51:37 PM";"January 31, 2026 1:37:36 AM";;Ended OK;CONTRACTUAL INVO : Intégration du fichier EVENEMENTSENERGY dans CID (22h45);lance_INTERFACE.bat;Job;No;1;No;CTMSRV;CIDNRJ_J11INT_05_Q;svce_cm;wdkcidp13;A_W_CID13;3l4vg
CID-CONTRACTUAL INVO;CIDNRJ_J11INT_05_Q;CIDNRJ_J11INT_05_MOV01_Q;"January 30, 2026";"January 30, 2026 7:00:08 PM";"January 30, 2026 7:00:12 PM";;Ended OK;CID : Deplacement du fichier PATRIMOINEENERGY_*.xml depuis le NAS EDF;MOV_Multi_Generique_DKA.bat;Job;No;1;No;CTMSRV;CIDNRJ_J11INT_05_Q;svce_cm;wdkcidp13;A_W_CID13;3l4v9
CID-CONTRACTUAL INVO;CIDNRJ_J11INT_05_Q;CIDNRJ_J11INT_05_MOV02_Q;"January 30, 2026";"January 30, 2026 7:00:07 PM";"January 30, 2026 7:00:09 PM";;Ended OK;CID : Deplacement du fichier EVENEMENTSENERGY_*.xml depuis le NAS EDF (20h30);MOV_Multi_Generique_DKA.bat;Job;No;1;No;CTMSRV;CIDNRJ_J11INT_05_Q;svce_cm;wdkcidp13;A_W_CID13;3l4va
CID-CONTRACTUAL INVO;CIDNRJ_J11INT_05_Q;CIDNRJ_J11INT_05_MOV03_Q;"January 30, 2026";"January 30, 2026 10:30:02 PM";"January 30, 2026 10:30:03 PM";;Ended OK;CID : Deplacement du fichier EVENEMENTSENERGY_*.xml depuis le NAS EDF (22h45);MOV_Multi_Generique_DKA.bat;Job;No;1;No;CTMSRV;CIDNRJ_J11INT_05_Q;svce_cm;wdkcidp13;A_W_CID13;3l4vi
CID-CONTRACTUAL INVO;CIDNRJ_J11INT_05_Q;CIDNRJ_J11INT_05_Q;"January 30, 2026";"January 30, 2026 7:00:00 PM";"January 31, 2026 1:37:37 AM";;Ended OK;SEE FAC02: Gestion des flux PATRIMOINEENERGY et EVENEMENTSENERGY;;SMART Table;No;1;No;CTMSRV;CIDNRJ_J11INT_05_Q;;ldkctmp50;;3l4v7
CID-CONTRACTUAL INVO;CIDOAP_F11GEN_06_Q;CIDOAP_F11GEN_06_EXP01_Q;"January 30, 2026";"January 31, 2026 1:41:50 AM";"January 31, 2026 1:47:01 AM";;Ended OK;CID Export des ecritures comptables AR;BATCH_Generique_DKA.bat;Job;No;1;No;CTMSRV;CIDOAP_F11GEN_06_Q;svce_cm;wdkcidp12;A_W_CID12;3l3n1
CID-CONTRACTUAL INVO;CIDOAP_F11GEN_06_Q;CIDOAP_F11GEN_06_EXP02_Q;"January 30, 2026";"January 31, 2026 1:47:01 AM";"January 31, 2026 1:47:30 AM";;Ended OK;CID Export des ecritures comptables AP;BATCH_Generique_DKA.bat;Job;No;1;No;CTMSRV;CIDOAP_F11GEN_06_Q;svce_cm;wdkcidp12;A_W_CID12;3l3n2
CID-CONTRACTUAL INVO;CIDOAP_F11GEN_06_Q;CIDOAP_F11GEN_06_EXP03_Q;"January 30, 2026";"January 31, 2026 1:47:31 AM";"January 31, 2026 1:48:20 AM";;Ended OK;CID Export des ecritures comptables GL (Individuelle);BATCH_Generique_DKA.bat;Job;No;1;No;CTMSRV;CIDOAP_F11GEN_06_Q;svce_cm;wdkcidp12;A_W_CID12;3l3n3
CID-CONTRACTUAL INVO;CIDOAP_F11GEN_06_Q;CIDOAP_F11GEN_06_MOV01_Q;"January 30, 2026";"January 31, 2026 1:47:01 AM";"January 31, 2026 1:47:03 AM";;Ended OK;CID : Deplacement des fichiers donnees Ecritures AR vers EAI;MOV_Generique_DKA.bat;Job;No;1;No;CTMSRV;CIDOAP_F11GEN_06_Q;svce_cm;wdkcidp12;A_W_CID12;3l3n4
CID-CONTRACTUAL INVO;CIDOAP_F11GEN_06_Q;CIDOAP_F11GEN_06_MOV02_Q;"January 30, 2026";"January 31, 2026 1:47:03 AM";"January 31, 2026 1:47:04 AM";;Ended OK;CID : Deplacement des fichiers donnees Ecritures AR vers EAI;MOV_Generique_DKA.bat;Job;No;1;No;CTMSRV;CIDOAP_F11GEN_06_Q;svce_cm;wdkcidp12;A_W_CID12;3l3n5
CID-CONTRACTUAL INVO;CIDOAP_F11GEN_06_Q;CIDOAP_F11GEN_06_MOV03_Q;"January 30, 2026";"January 31, 2026 1:47:31 AM";"January 31, 2026 1:47:32 AM";;Ended OK;CID : Deplacement des fichiers donnees Ecritures AP vers EAI;MOV_Generique_DKA.bat;Job;No;1;No;CTMSRV;CIDOAP_F11GEN_06_Q;svce_cm;wdkcidp12;A_W_CID12;3l3n6
CID-CONTRACTUAL INVO;CIDOAP_F11GEN_06_Q;CIDOAP_F11GEN_06_MOV04_Q;"January 30, 2026";"January 31, 2026 1:47:33 AM";"January 31, 2026 1:47:34 AM";;Ended OK;CID : Deplacement des fichiers donnees Ecritures AP vers EAI;MOV_Generique_DKA.bat;Job;No;1;No;CTMSRV;CIDOAP_F11GEN_06_Q;svce_cm;wdkcidp12;A_W_CID12;3l3n7
CID-CONTRACTUAL INVO;CIDOAP_F11GEN_06_Q;CIDOAP_F11GEN_06_MOV05_Q;"January 30, 2026";"January 31, 2026 1:48:21 AM";"January 31, 2026 1:48:22 AM";;Ended OK;CID : Deplacement des fichiers donnees Ecritures GL vers EAI (Individuelle);MOV_Generique_DKA.bat;Job;No;1;No;CTMSRV;CIDOAP_F11GEN_06_Q;svce_cm;wdkcidp12;A_W_CID12;3l3n8
CID-CONTRACTUAL INVO;CIDOAP_F11GEN_06_Q;CIDOAP_F11GEN_06_MOV06_Q;"January 30, 2026";"January 31, 2026 1:48:23 AM";"January 31, 2026 1:48:24 AM";;Ended OK;CID : Deplacement des fichiers donnees Ecritures GL vers EAI (Individuelle);MOV_Generique_DKA.bat;Job;No;1;No;CTMSRV;CIDOAP_F11GEN_06_Q;svce_cm;wdkcidp12;A_W_CID12;3l3n9
CID-CONTRACTUAL INVO;CIDOAP_F11GEN_06_Q;CIDOAP_F11GEN_06_Q;"January 30, 2026";"January 30, 2026 1:30:13 PM";"January 31, 2026 1:48:25 AM";;Ended OK;;;SMART Table;No;1;No;CTMSRV;CIDOAP_F11GEN_06_Q;;ldkctmp50;;3l3n0
CID-CONTRACTUAL INVO;CIDPEL_F11GEN_06_Q;CIDPEL_F11GEN_06_CPY01_Q;"January 30, 2026";"January 31, 2026 2:15:59 AM";"January 31, 2026 2:16:00 AM";;Ended OK;G9 DTR  PEL facturation - copie local du fichier PEC_FACTURE;Copy_CID_local.bat;Job;No;1;No;CTMSRV;CIDPEL_F11GEN_06_Q;svce_cm;wdkcidp13;A_W_CID13;3l4ny
CID-CONTRACTUAL INVO;CIDPEL_F11GEN_06_Q;CIDPEL_F11GEN_06_EXP01_Q;"January 30, 2026";"January 31, 2026 1:48:21 AM";"January 31, 2026 1:53:09 AM";;Ended OK;G9 DTR  PEL contrat prestation;Lance_INTERFACE.bat;Job;No;1;No;CTMSRV;CIDPEL_F11GEN_06_Q;svce_cm;wdkcidp13;A_W_CID13;3l4nm
CID-CONTRACTUAL INVO;CIDPEL_F11GEN_06_Q;CIDPEL_F11GEN_06_EXP02_Q;"January 30, 2026";"January 31, 2026 1:53:10 AM";"January 31, 2026 1:53:51 AM";;Ended OK;G9 DTR  PEL Affaire;Lance_INTERFACE.bat;Job;No;1;No;CTMSRV;CIDPEL_F11GEN_06_Q;svce_cm;wdkcidp13;A_W_CID13;3l4nn
CID-CONTRACTUAL INVO;CIDPEL_F11GEN_06_Q;CIDPEL_F11GEN_06_EXP03_Q;"January 30, 2026";"January 31, 2026 1:53:51 AM";"January 31, 2026 1:55:50 AM";;Ended OK;G9 DTR  PEL FCP COMPTEUR;Lance_INTERFACE.bat;Job;No;1;No;CTMSRV;CIDPEL_F11GEN_06_Q;svce_cm;wdkcidp13;A_W_CID13;3l4no
CID-CONTRACTUAL INVO;CIDPEL_F11GEN_06_Q;CIDPEL_F11GEN_06_EXP04_Q;"January 30, 2026";"January 31, 2026 1:55:51 AM";"January 31, 2026 1:57:21 AM";;Ended OK;G9 DTR  PEL indice de revision;Lance_INTERFACE.bat;Job;No;1;No;CTMSRV;CIDPEL_F11GEN_06_Q;svce_cm;wdkcidp13;A_W_CID13;3l4np
CID-CONTRACTUAL INVO;CIDPEL_F11GEN_06_Q;CIDPEL_F11GEN_06_EXP05_Q;"January 30, 2026";"January 31, 2026 1:57:21 AM";"January 31, 2026 2:15:58 AM";;Ended OK;G9 DTR  PEL facturation;Lance_INTERFACE.bat;Job;No;1;No;CTMSRV;CIDPEL_F11GEN_06_Q;svce_cm;wdkcidp13;A_W_CID13;3l4nq
CID-CONTRACTUAL INVO;CIDPEL_F11GEN_06_Q;CIDPEL_F11GEN_06_EXP07_Q;"January 30, 2026";"January 31, 2026 2:15:59 AM";"January 31, 2026 2:18:54 AM";;Ended OK;G9 DTR  PEL Interessement;Lance_INTERFACE.bat;Job;No;1;No;CTMSRV;CIDPEL_F11GEN_06_Q;svce_cm;wdkcidp13;A_W_CID13;3l4nr
CID-CONTRACTUAL INVO;CIDPEL_F11GEN_06_Q;CIDPEL_F11GEN_06_EXP08_Q;"January 30, 2026";"January 31, 2026 2:18:54 AM";"January 31, 2026 2:18:59 AM";;Ended OK;G9 DTR  PEL valeur Indice;Lance_INTERFACE.bat;Job;No;1;No;CTMSRV;CIDPEL_F11GEN_06_Q;svce_cm;wdkcidp13;A_W_CID13;3l4ns
CID-CONTRACTUAL INVO;CIDPEL_F11GEN_06_Q;CIDPEL_F11GEN_06_EXP09_Q;"January 30, 2026";"January 31, 2026 2:19:00 AM";"January 31, 2026 2:19:09 AM";;Ended OK;G9 DTR  PEL Utilisateur;Lance_INTERFACE.bat;Job;No;1;No;CTMSRV;CIDPEL_F11GEN_06_Q;svce_cm;wdkcidp13;A_W_CID13;3l4nt
CID-CONTRACTUAL INVO;CIDPEL_F11GEN_06_Q;CIDPEL_F11GEN_06_EXP10_Q;"January 30, 2026";"January 31, 2026 2:19:10 AM";"January 31, 2026 2:19:22 AM";;Ended OK;G9 DTR  PEL BAPC;Lance_INTERFACE.bat;Job;No;1;No;CTMSRV;CIDPEL_F11GEN_06_Q;svce_cm;wdkcidp13;A_W_CID13;3l4nu
CID-CONTRACTUAL INVO;CIDPEL_F11GEN_06_Q;CIDPEL_F11GEN_06_EXP11_Q;"January 30, 2026";"January 31, 2026 2:19:23 AM";"January 31, 2026 2:19:33 AM";;Ended OK;G9 DTR  PEL Instances;Lance_INTERFACE.bat;Job;No;1;No;CTMSRV;CIDPEL_F11GEN_06_Q;svce_cm;wdkcidp13;A_W_CID13;3l4nv
CID-CONTRACTUAL INVO;CIDPEL_F11GEN_06_Q;CIDPEL_F11GEN_06_EXP12_Q;"January 30, 2026";"January 31, 2026 2:19:34 AM";"January 31, 2026 2:19:44 AM";;Ended OK;G9 DTR  PEL lignes Instances;Lance_INTERFACE.bat;Job;No;1;No;CTMSRV;CIDPEL_F11GEN_06_Q;svce_cm;wdkcidp13;A_W_CID13;3l4nw
CID-CONTRACTUAL INVO;CIDPEL_F11GEN_06_Q;CIDPEL_F11GEN_06_EXP13_Q;"January 30, 2026";"January 31, 2026 2:19:45 AM";"January 31, 2026 2:19:47 AM";;Ended OK;G9 DTR  PEL BUDGET des ventes;Lance_INTERFACE.bat;Job;No;1;No;CTMSRV;CIDPEL_F11GEN_06_Q;svce_cm;wdkcidp13;A_W_CID13;3l4nx
CID-CONTRACTUAL INVO;CIDPEL_F11GEN_06_Q;CIDPEL_F11GEN_06_MOV01_Q;"January 30, 2026";"January 31, 2026 2:16:01 AM";"January 31, 2026 2:16:03 AM";;Ended OK;CID :Transfert du fichier PEL FACTURE depuis CID pour FAC02.FACTURATIONCID;MOV_Multi_Generique_DKA.bat;Job;No;1;No;CTMSRV;CIDPEL_F11GEN_06_Q;svce_cm;wdkcidp13;A_W_CID13;3l4nz
CID-CONTRACTUAL INVO;CIDPEL_F11GEN_06_Q;CIDPEL_F11GEN_06_Q;"January 30, 2026";"January 30, 2026 1:30:13 PM";"January 31, 2026 2:19:48 AM";;Ended OK;;;SMART Table;No;1;No;CTMSRV;CIDPEL_F11GEN_06_Q;;ldkctmp50;;3l4nl
CID-CONTRACTUAL INVO;CIDPRN_J11GEN_06_Q;CIDPRN_J11GEN_06_EXP01_Q;"January 30, 2026";"January 31, 2026 1:41:50 AM";"January 31, 2026 1:41:54 AM";;Ended OK;CID : G6 interface extraction indice revision  P2 P3;Lance_INTERFACE.bat;Job;No;1;No;CTMSRV;CIDPRN_J11GEN_06_Q;svce_cm;wdkcidp13;A_W_CID13;3l4s7
CID-CONTRACTUAL INVO;CIDPRN_J11INT_05_Q;CIDPRN_J11INT_05_IMP01_Q;"January 30, 2026";"January 31, 2026 12:00:00 AM";"January 31, 2026 12:00:19 AM";;Ended OK;CID Integration des avis reçu pendant la journee;Lance_INTERFACE.bat;Job;No;1;No;CTMSRV;CIDPRN_J11INT_05_Q;svce_cm;wdkcidp13;A_W_CID13;3l2rn
CID-CONTRACTUAL INVO;CIDSIC_F11GEN_06_Q;CIDSIC_F11GEN_06_EXP01_Q;"January 30, 2026";"January 31, 2026 1:41:50 AM";"January 31, 2026 1:42:05 AM";;Ended OK;G4 interface extraction contrat1;Lance_INTERFACE.bat;Job;No;1;No;CTMSRV;CIDSIC_F11GEN_06_Q;svce_cm;wdkcidp13;A_W_CID13;3l3zj
CID-CONTRACTUAL INVO;CIDSIC_F11GEN_06_Q;CIDSIC_F11GEN_06_EXP02_Q;"January 30, 2026";"January 31, 2026 1:42:05 AM";"January 31, 2026 1:42:22 AM";;Ended OK;G4 interface extraction contrat2;Lance_INTERFACE.bat;Job;No;1;No;CTMSRV;CIDSIC_F11GEN_06_Q;svce_cm;wdkcidp13;A_W_CID13;3l3zk
CID-CONTRACTUAL INVO;CIDSIC_F11GEN_06_Q;CIDSIC_F11GEN_06_EXP03_Q;"January 30, 2026";"January 31, 2026 1:42:23 AM";"January 31, 2026 1:42:40 AM";;Ended OK;G4 interface extraction contrat3;Lance_INTERFACE.bat;Job;No;1;No;CTMSRV;CIDSIC_F11GEN_06_Q;svce_cm;wdkcidp13;A_W_CID13;3l3zl
CID-CONTRACTUAL INVO;CIDSIC_F11GEN_06_Q;CIDSIC_F11GEN_06_EXP05_Q;"January 30, 2026";"January 31, 2026 1:42:41 AM";"January 31, 2026 1:42:54 AM";;Ended OK;G4 interface extraction contrat5;Lance_INTERFACE.bat;Job;No;1;No;CTMSRV;CIDSIC_F11GEN_06_Q;svce_cm;wdkcidp13;A_W_CID13;3l3zm
CID-CONTRACTUAL INVO;CIDSIC_F11GEN_06_Q;CIDSIC_F11GEN_06_Q;"January 30, 2026";"January 30, 2026 1:30:13 PM";"January 31, 2026 1:42:55 AM";;Ended OK;;;SMART Table;No;1;No;CTMSRV;CIDSIC_F11GEN_06_Q;;ldkctmp50;;3l3zi
CIT-CITY;CITCID_J11INT_05_Q;CITCID_J11INT_05_CPY01_Q;"January 30, 2026";"January 31, 2026 1:00:08 AM";"January 31, 2026 1:00:13 AM";;Ended OK;Copie du fichier liens projet-partenaire de PFE vers repertoire donnees entrantes CITY;Copy_EAI_CIT.bat;Job;No;1;No;CTMSRV;CITCID_J11INT_05_Q;svce_cm;wdkcitp12;A_W_CIT12;3l3cd
CIT-CITY;CITCID_J11INT_05_Q;CITCID_J11INT_05_FWT01_Q;"January 30, 2026";"January 31, 2026 1:00:01 AM";"January 31, 2026 1:00:08 AM";;Ended OK;CITY Scrutation du fichier LienPartenaireProjet_yyyyMMdd.csv sur PFE;FileWatcher.bat;Job;No;1;No;CTMSRV;CITCID_J11INT_05_Q;svce_cm;wdkcitp12;A_W_CIT12;3l3cc
CIT-CITY;CITCID_J11INT_05_Q;CITCID_J11INT_05_IMP01_Q;"January 30, 2026";"January 31, 2026 1:00:13 AM";"January 31, 2026 1:00:33 AM";;Ended OK;Integration donnees du fichier lien code D-client dans l'application CITY;lance_Traitement_Interne.bat;Job;No;1;No;CTMSRV;CITCID_J11INT_05_Q;adm-citbatch;wdkcitp12;A_W_CIT12;3l3ce
CIT-CITY;CITCIT_E11STP_01_Q;CITCIT_E11STP_01_ARR01_Q;"January 30, 2026";"January 30, 2026 7:00:00 PM";"January 30, 2026 7:00:04 PM";;Ended OK;ARRET  city : STOP  (WDKCITP11);application.stop.bat;Job;No;1;No;CTMSRV;CITCIT_E11STP_01_Q;svce_cm;wdkcitp11;A_W_CIT11;3l41i
CIT-CITY;CITCIT_E11STR_02_Q;CITCIT_E11STR_02_DEM01_Q;"January 30, 2026";"January 31, 2026 6:00:00 AM";"January 31, 2026 6:00:05 AM";;Ended OK;DEMMARAGE city: START (WDKCITP11);application.start.bat;Job;No;1;No;CTMSRV;CITCIT_E11STR_02_Q;svce_cm;wdkcitp11;A_W_CIT11;3l2sd
CIT-CITY;CITCIT_J11TEC_04_Q;CITCIT_J11TEC_04_DEB01_Q;"January 30, 2026";"January 31, 2026 1:00:00 AM";"January 31, 2026 1:00:00 AM";;Ended OK;Jalon de demarrage 01h00 de la production CITY;Jalon de demarrage 01h00 de la production CITY;Dummy;No;1;No;CTMSRV;CITCIT_J11TEC_04_Q;svce_cm;;;3l4pr
CIT-CITY;CITCIT_J11TRT_04_Q;CITCIT_J11TRT_04_WRK01_Q;"January 30, 2026";"January 31, 2026 1:00:35 AM";"January 31, 2026 1:04:12 AM";;Ended OK;CITY Numerotation des factures validees;lance_Traitement_Interne.bat;Job;No;1;No;CTMSRV;CITCIT_J11TRT_04_Q;adm-citbatch;wdkcitp12;A_W_CIT12;3l4ur
CIT-CITY;CITCIT_J12TEC_04_Q;CITCIT_J12TEC_04_FJA01_Q;"January 30, 2026";"January 31, 2026 1:00:34 AM";"January 31, 2026 1:00:34 AM";;Ended OK;CITY Fin des interfaces ENTRANTES;CITY Fin des interfaces ENTRANTES;Dummy;No;1;No;CTMSRV;CITCIT_J12TEC_04_Q;svce_cm;;;3l2p3
CIT-CITY;CITCIT_J12TRT_04_Q;CITCIT_J12TRT_04_WRK01_Q;"January 30, 2026";"January 31, 2026 1:04:12 AM";"January 31, 2026 1:12:02 AM";;Ended OK;CITY Production des fichiers pdf pour les factures precedemment numerotees;lance_Traitement_Interne.bat;Job;No;1;No;CTMSRV;CITCIT_J12TRT_04_Q;adm-citbatch;wdkcitp12;A_W_CIT12;3l3il
CIT-CITY;CITCIT_J13TEC_04_Q;CITCIT_J13TEC_04_DEB01_Q;"January 30, 2026";"January 31, 2026 1:12:02 AM";"January 31, 2026 1:12:02 AM";;Ended OK;CITY Debut des sortants Docapost et amonts;CITY Debut des sortants Docapost et amonts;Dummy;No;1;No;CTMSRV;CITCIT_J13TEC_04_Q;svce_cm;;;3l38n
CIT-CITY;CITCIT_J14TEC_04_Q;CITCIT_J14TEC_04_DEB01_Q;"January 30, 2026";"January 31, 2026 1:04:12 AM";"January 31, 2026 1:04:12 AM";;Ended OK;CITY Debut des sortants compta et décisionnel;CITY Debut des sortants compta et décisionnel;Dummy;No;1;No;CTMSRV;CITCIT_J14TEC_04_Q;svce_cm;;;3l4jv
CIT-CITY;CITCIT_J15TEC_04_Q;CITCIT_J15TEC_04_FJA01_Q;"January 30, 2026";"January 31, 2026 1:15:47 AM";"January 31, 2026 1:15:47 AM";;Ended OK;CITY Fin des interfaces SORTANTES;CITY Fin des interfaces SORTANTES;Dummy;No;1;No;CTMSRV;CITCIT_J15TEC_04_Q;svce_cm;;;3l2rs
CIT-CITY;CITCIT_J16TEC_04_Q;CITCIT_J16TEC_04_FJA01_Q;"January 30, 2026";"January 31, 2026 1:15:48 AM";"January 31, 2026 1:15:48 AM";;Ended OK;CITY Jalon de fin de la production;CITY Jalon de fin de la production;Dummy;No;1;No;CTMSRV;CITCIT_J16TEC_04_Q;svce_cm;;;3l4pm
CIT-CITY;CITEXT_J11GEN_06_Q;CITEXT_J11GEN_06_CPY02_Q;"January 30, 2026";"January 31, 2026 1:14:39 AM";"January 31, 2026 1:14:44 AM";;Ended OK;CITY Deplacement du fichier Factures_EDI_travaux_aaaammjj.zip vers NAS;CITEXT_J11GEN_06_CPY02_Q.bat;Job;No;1;No;CTMSRV;CITEXT_J11GEN_06_Q;svce_cm;wdkcitp12;A_W_CIT12;3l41p
CIT-CITY;CITEXT_J11GEN_06_Q;CITEXT_J11GEN_06_WRK01_Q;"January 30, 2026";"January 31, 2026 1:12:03 AM";"January 31, 2026 1:13:53 AM";;Ended OK;CITY Generation du fichier pilote;lance_Traitement_Interne.bat;Job;No;1;No;CTMSRV;CITEXT_J11GEN_06_Q;adm-citbatch;wdkcitp12;A_W_CIT12;3l41n
CIT-CITY;CITEXT_J11GEN_06_Q;CITEXT_J11GEN_06_ZIP02_Q;"January 30, 2026";"January 31, 2026 1:13:54 AM";"January 31, 2026 1:14:38 AM";;Ended OK;CITY Creation du fichier Factures_EDI_travaux_aaaammjj.zip;CITEXT_J11GEN_06_ZIP02_Q.bat;Job;No;1;No;CTMSRV;CITEXT_J11GEN_06_Q;svce_cm;wdkcitp12;A_W_CIT12;3l41o
CIT-CITY;CITEXT_J12INT_05_Q;CITEXT_J12INT_05_IMP01_Q;"January 30, 2026";"January 30, 2026 7:00:06 PM";"January 30, 2026 7:00:28 PM";;Ended OK;CITY: Integration fichier STATUTSSERENSIA.FAC02;FluxRetourSerensia.bat;Job;No;1;No;CTMSRV;CITEXT_J12INT_05_Q;svce_cm;wdkcitp12;A_W_CIT12;3l31t
CIT-CITY;CITEXT_J12INT_05_Q;CITEXT_J12INT_05_MOV01_Q;"January 30, 2026";"January 30, 2026 7:00:00 PM";"January 30, 2026 7:00:05 PM";0000;Ended OK;CITY : Transfert du fichier  STATUTSSERENSIA.HEF01 de la PFE vers le serveur CITY;MOVOUT_Generique_DKA.bat;Job;No;1;No;CTMSRV;CITEXT_J12INT_05_Q;svce_cm;wdkcitp12;A_W_CIT12;3l31s
CIT-CITY;CITOAF_J11GEN_06_Q;CITOAF_J11GEN_06_MOV01_Q;"January 30, 2026";"January 31, 2026 1:04:40 AM";"January 31, 2026 1:04:45 AM";;Ended OK;CITY : Deplacement des fichiers donnees Ecritures AR vers EAI;MOV_Generique_DKA.bat;Job;No;1;No;CTMSRV;CITOAF_J11GEN_06_Q;svce_cm;wdkcitp12;A_W_CIT12;3l4ci
CIT-CITY;CITOAF_J11GEN_06_Q;CITOAF_J11GEN_06_MOV02_Q;"January 30, 2026";"January 31, 2026 1:04:45 AM";"January 31, 2026 1:04:48 AM";;Ended OK;CITY : Deplacement des fichiers controle Ecritures AR vers EAI;MOV_Generique_DKA.bat;Job;No;1;No;CTMSRV;CITOAF_J11GEN_06_Q;svce_cm;wdkcitp12;A_W_CIT12;3l4cj
CIT-CITY;CITOAF_J11GEN_06_Q;CITOAF_J11GEN_06_MOV03_Q;"January 30, 2026";"January 31, 2026 1:04:53 AM";"January 31, 2026 1:04:56 AM";;Ended OK;CITY : Deplacement des fichiers donnees Ecritures AP vers EAI;MOV_Generique_DKA.bat;Job;No;1;No;CTMSRV;CITOAF_J11GEN_06_Q;svce_cm;wdkcitp12;A_W_CIT12;3l4ck
CIT-CITY;CITOAF_J11GEN_06_Q;CITOAF_J11GEN_06_MOV04_Q;"January 30, 2026";"January 31, 2026 1:04:57 AM";"January 31, 2026 1:05:01 AM";;Ended OK;CITY : Deplacement des fichiers controle Ecritures AP vers EAI;MOV_Generique_DKA.bat;Job;No;1;No;CTMSRV;CITOAF_J11GEN_06_Q;svce_cm;wdkcitp12;A_W_CIT12;3l4cl
CIT-CITY;CITOAF_J11GEN_06_Q;CITOAF_J11GEN_06_WRK01_Q;"January 30, 2026";"January 31, 2026 1:04:13 AM";"January 31, 2026 1:04:40 AM";;Ended OK;CITY Generation des fichiers pour la compta Vente (AR);lance_Traitement_Interne.bat;Job;No;1;No;CTMSRV;CITOAF_J11GEN_06_Q;adm-citbatch;wdkcitp12;A_W_CIT12;3l4cm
CIT-CITY;CITOAF_J11GEN_06_Q;CITOAF_J11GEN_06_WRK02_Q;"January 30, 2026";"January 31, 2026 1:04:40 AM";"January 31, 2026 1:04:53 AM";;Ended OK;CITY Generation des fichiers pour la compta Achat (AP);lance_Traitement_Interne.bat;Job;No;1;No;CTMSRV;CITOAF_J11GEN_06_Q;adm-citbatch;wdkcitp12;A_W_CIT12;3l4ch
CIT-CITY;CITOAF_J11INT_05_Q;CITOAF_J11INT_05_IMP01_Q;"January 30, 2026";"January 31, 2026 2:00:01 AM";"January 31, 2026 2:00:01 AM";;Ended OK;Integration donnees du fichier societe dans l'application CITY;lance_Traitement_Interne.bat;Dummy;No;1;No;CTMSRV;CITOAF_J11INT_05_Q;adm-citbatch;;A_W_CIT12;3l3gt
CIT-CITY;CITOAF_J11INT_05_Q;CITOAF_J11INT_05_MOV01_Q;"January 30, 2026";"January 31, 2026 2:00:00 AM";"January 31, 2026 2:00:00 AM";;Ended OK;CITY Deplacement du fichier societe de l'EAI vers repertoire donnees entrantes;MOV_REN_Generique_DKA.bat;Dummy;No;1;No;CTMSRV;CITOAF_J11INT_05_Q;svce_cm;;A_W_CIT12;3l3gs
CIT-CITY;CITPEL_J11GEN_06_Q;CITPEL_J11GEN_06_CPY01_Q;"January 30, 2026";"January 31, 2026 1:06:46 AM";"January 31, 2026 1:06:49 AM";;Ended OK;CITY Copie des fichiers DOSSIER pour les applications amont;MOV_REN_Generique_DKA.bat;Job;No;1;No;CTMSRV;CITPEL_J11GEN_06_Q;adm-citbatch;wdkcitp12;A_W_CIT12;3l2v7
CIT-CITY;CITPEL_J11GEN_06_Q;CITPEL_J11GEN_06_CPY02_Q;"January 30, 2026";"January 31, 2026 1:06:46 AM";"January 31, 2026 1:06:49 AM";;Ended OK;CITY Copie des fichiers DEVIS pour les applications amont;MOV_REN_Generique_DKA.bat;Job;No;1;No;CTMSRV;CITPEL_J11GEN_06_Q;adm-citbatch;wdkcitp12;A_W_CIT12;3l2v8
CIT-CITY;CITPEL_J11GEN_06_Q;CITPEL_J11GEN_06_CPY03_Q;"January 30, 2026";"January 31, 2026 1:06:46 AM";"January 31, 2026 1:06:49 AM";;Ended OK;CITY Copie des fichiers FACTURE pour les applications amont;MOV_REN_Generique_DKA.bat;Job;No;1;No;CTMSRV;CITPEL_J11GEN_06_Q;adm-citbatch;wdkcitp12;A_W_CIT12;3l2v9
CIT-CITY;CITPEL_J11GEN_06_Q;CITPEL_J11GEN_06_CPY04_Q;"January 30, 2026";"January 31, 2026 1:06:50 AM";"January 31, 2026 1:06:54 AM";;Ended OK;CITY Copie des fichiers CTL DOSSIER pour les applications amont;MOV_REN_Generique_DKA.bat;Job;No;1;No;CTMSRV;CITPEL_J11GEN_06_Q;adm-citbatch;wdkcitp12;A_W_CIT12;3l2va
CIT-CITY;CITPEL_J11GEN_06_Q;CITPEL_J11GEN_06_CPY05_Q;"January 30, 2026";"January 31, 2026 1:06:50 AM";"January 31, 2026 1:06:54 AM";;Ended OK;CITY Copie des fichiers CTL DEVIS pour les applications amont;MOV_REN_Generique_DKA.bat;Job;No;1;No;CTMSRV;CITPEL_J11GEN_06_Q;adm-citbatch;wdkcitp12;A_W_CIT12;3l2vb
CIT-CITY;CITPEL_J11GEN_06_Q;CITPEL_J11GEN_06_CPY06_Q;"January 30, 2026";"January 31, 2026 1:06:50 AM";"January 31, 2026 1:06:57 AM";;Ended OK;CITY Copie des fichiers CTL FACTURE pour les applications amont;MOV_REN_Generique_DKA.bat;Job;No;1;No;CTMSRV;CITPEL_J11GEN_06_Q;adm-citbatch;wdkcitp12;A_W_CIT12;3l2vc
CIT-CITY;CITPEL_J11GEN_06_Q;CITPEL_J11GEN_06_WRK01_Q;"January 30, 2026";"January 31, 2026 1:05:01 AM";"January 31, 2026 1:06:45 AM";;Ended OK;CITY Generation des fichiers pour les applications amont;lance_Traitement_Interne.bat;Job;No;1;No;CTMSRV;CITPEL_J11GEN_06_Q;adm-citbatch;wdkcitp12;A_W_CIT12;3l2v6
CIT-CITY;CITXXX_J11FLX_07_Q;CITXXX_J11FLX_07_FTP01_Q;"January 30, 2026";"January 31, 2026 1:14:45 AM";"January 31, 2026 1:15:12 AM";;Ended OK;CITY Copie des fichiers pdf vers le serveur de fichier EAI;lance_Traitement_Interne.bat;Job;No;1;No;CTMSRV;CITXXX_J11FLX_07_Q;svce_cm;wdkcitp12;A_W_CIT12;3l34v
CIT-CITY;CITXXX_J11GEN_06_Q;CITXXX_J11GEN_06_CPY01_Q;"January 30, 2026";"January 31, 2026 1:15:44 AM";"January 31, 2026 1:15:46 AM";;Ended OK;CITY Copie du fichier xml facture vers PFE;MOV_Generique_DKA.bat;Job;No;1;No;CTMSRV;CITXXX_J11GEN_06_Q;svce_cm;wdkcitp12;A_W_CIT12;3l3np
CIT-CITY;CITXXX_J11GEN_06_Q;CITXXX_J11GEN_06_WRK01_Q;"January 30, 2026";"January 31, 2026 1:15:13 AM";"January 31, 2026 1:15:43 AM";;Ended OK;CITY Generation du fichier xml facture pour les amonts devis;lance_Traitement_Interne.bat;Job;No;1;No;CTMSRV;CITXXX_J11GEN_06_Q;svce_cm;wdkcitp12;A_W_CIT12;3l3no
CIT-CITY;CITXXX_J11TEC_07_Q;CITXXX_J11TEC_07_ARC01_Q;"January 30, 2026";"January 31, 2026 1:14:45 AM";"January 31, 2026 1:14:47 AM";;Ended OK;Archivage du fichier Factures_EDI_travaux_*.zip;CITXXX_J11TEC_07_ARC01_Q.bat;Job;No;1;No;CTMSRV;CITXXX_J11TEC_07_Q;svce_cm;wdkcitp12;A_W_CIT12;3l4wn
CIT-CITY;CITXXX_J11TEC_07_Q;CITXXX_J11TEC_07_PUR01_Q;"January 30, 2026";"January 31, 2026 1:14:48 AM";"January 31, 2026 1:15:45 AM";;Ended OK;Purge de fichier .pdf .txt;CITXXX_J11TEC_07_PUR01_Q.bat;Job;No;1;No;CTMSRV;CITXXX_J11TEC_07_Q;svce_cm;wdkcitp12;A_W_CIT12;3l4wm
CIT-CITY;CITXXX_J11TEC_07_Q;CITXXX_J11TEC_07_PUR02_Q;"January 30, 2026";"January 31, 2026 1:15:46 AM";"January 31, 2026 1:15:47 AM";;Ended OK;Purge de fichier zip;CITXXX_J11TEC_07_PUR02_Q.bat;Job;No;1;No;CTMSRV;CITXXX_J11TEC_07_Q;svce_cm;wdkcitp12;A_W_CIT12;3l4wo
CRT-CRT;CRTCRT_E21TEC_V1_Q;CRTCRT_E21TEC_V1_PUR01_Q;"January 30, 2026";"January 30, 2026 3:00:00 PM";"January 30, 2026 3:00:09 PM";;Ended OK;Purge des logs;PURGE_FICHIER.exe;Job;No;1;No;CTMSRV;CRTCRT_E21TEC_V1_Q;crtuser;wdkcrtv1p03;wdkcrtv1p03;3l44s
CRT-CRT;CRTCRT_E21TEC_V1_Q;CRTCRT_E21TEC_V1_Q;"January 30, 2026";"January 30, 2026 1:30:13 PM";"January 30, 2026 3:00:09 PM";;Ended OK;Chaine de purge  des logs sur le serveur WDKMOSVP03;;SMART Table;No;1;No;CTMSRV;CRTCRT_E21TEC_V1_Q;;ldkctmp50;;3l44r
CRT-CRT;CRTCRT_E21TEC_XX_Q;CRTCRT_E21TEC_XX_ARC01_Q;"January 30, 2026";"January 30, 2026 5:30:00 PM";"January 30, 2026 5:30:08 PM";;Wait Host;Archivage des logs;Archivage_Logs_BridgeClient.bat;Job;No;5;Yes;CTMSRV;CRTCRT_E21TEC_XX_Q;crtuser;wdkcrttep01;wdkcrttep01;3l2x6
CRT-CRT;CRTCRT_E21TEC_XX_Q;CRTCRT_E21TEC_XX_ARC01_Q;"January 30, 2026";"January 31, 2026 7:30:00 AM";"January 31, 2026 7:30:02 AM";;Wait for Event;Archivage des logs;Archivage_Logs_BridgeClient.bat;Job;No;19;Yes;CTMSRV;CRTCRT_E21TEC_XX_Q;crtuser;wdkcrttdp04;wdkcrttdp04;3l2x3
CRT-CRT;CRTCRT_E21TEC_XX_Q;CRTCRT_E21TEC_XX_ARC01_Q;"January 30, 2026";"January 31, 2026 7:30:00 AM";"January 31, 2026 7:30:02 AM";;Wait for Event;Archivage des logs;Archivage_Logs_BridgeClient.bat;Job;No;19;Yes;CTMSRV;CRTCRT_E21TEC_XX_Q;crtuser;wdkcrttdp05;wdkcrttdp05;3l2x4
CRT-CRT;CRTCRT_E21TEC_XX_Q;CRTCRT_E21TEC_XX_ARC01_Q;"January 30, 2026";"January 31, 2026 7:30:00 AM";"January 31, 2026 7:30:03 AM";;Wait for Event;Archivage des logs;Archivage_Logs_BridgeClient.bat;Job;No;19;Yes;CTMSRV;CRTCRT_E21TEC_XX_Q;crtuser;wdkcrttdp02;wdkcrttdp02;3l2x1
CRT-CRT;CRTCRT_E21TEC_XX_Q;CRTCRT_E21TEC_XX_ARC01_Q;"January 30, 2026";"January 31, 2026 7:30:00 AM";"January 31, 2026 7:30:03 AM";;Wait for Event;Archivage des logs;Archivage_Logs_BridgeClient.bat;Job;No;19;Yes;CTMSRV;CRTCRT_E21TEC_XX_Q;crtuser;wdkcrttdp03;wdkcrttdp03;3l2x2
CRT-CRT;CRTCRT_E21TEC_XX_Q;CRTCRT_E21TEC_XX_ARC01_Q;"January 30, 2026";"January 31, 2026 7:30:00 AM";"January 31, 2026 7:30:03 AM";;Wait for Event;Archivage des logs;Archivage_Logs_BridgeClient.bat;Job;No;19;Yes;CTMSRV;CRTCRT_E21TEC_XX_Q;crtuser;wdkcrttdp06;wdkcrttdp06;3l2x5
CRT-CRT;CRTCRT_E21TEC_XX_Q;CRTCRT_E21TEC_XX_ARC01_Q;"January 30, 2026";"January 31, 2026 7:30:00 AM";"January 31, 2026 7:30:03 AM";;Wait for Event;Archivage des logs;Archivage_Logs_BridgeClient.bat;Job;No;19;Yes;CTMSRV;CRTCRT_E21TEC_XX_Q;crtuser;wdkcrttgp01;wdkcrttgp01;3l2x7
CRT-CRT;CRTCRT_E21TEC_XX_Q;CRTCRT_E21TEC_XX_ARC01_Q;"January 30, 2026";"January 31, 2026 7:30:00 AM";"January 31, 2026 7:30:04 AM";;Wait for Event;Archivage des logs;Archivage_Logs_BridgeClient.bat;Job;No;19;Yes;CTMSRV;CRTCRT_E21TEC_XX_Q;crtuser;wdkcrtbcp02;wdkcrtbcp02;3l2wt
CRT-CRT;CRTCRT_E21TEC_XX_Q;CRTCRT_E21TEC_XX_ARC01_Q;"January 30, 2026";"January 31, 2026 7:30:00 AM";"January 31, 2026 7:30:05 AM";;Wait for Event;Archivage des logs;Archivage_Logs_BridgeClient.bat;Job;No;19;Yes;CTMSRV;CRTCRT_E21TEC_XX_Q;crtuser;wdkcrtbcp04;wdkcrtbcp04;3l2wv
CRT-CRT;CRTCRT_E21TEC_XX_Q;CRTCRT_E21TEC_XX_ARC01_Q;"January 30, 2026";"January 31, 2026 7:30:00 AM";"January 31, 2026 7:30:05 AM";;Wait for Event;Archivage des logs;Archivage_Logs_BridgeClient.bat;Job;No;19;Yes;CTMSRV;CRTCRT_E21TEC_XX_Q;crtuser;wdkcrtcwp01;wdkcrtcwp01;3l2ww
CRT-CRT;CRTCRT_E21TEC_XX_Q;CRTCRT_E21TEC_XX_ARC01_Q;"January 30, 2026";"January 31, 2026 7:30:00 AM";"January 31, 2026 7:30:05 AM";;Wait for Event;Archivage des logs;Archivage_Logs_BridgeClient.bat;Job;No;19;Yes;CTMSRV;CRTCRT_E21TEC_XX_Q;crtuser;wdkcrttdp01;wdkcrttdp01;3l2x0
CRT-CRT;CRTCRT_E21TEC_XX_Q;CRTCRT_E21TEC_XX_ARC01_Q;"January 30, 2026";"January 31, 2026 7:30:00 AM";"January 31, 2026 7:30:07 AM";;Wait for Event;Archivage des logs;Archivage_Logs_BridgeClient.bat;Job;No;19;Yes;CTMSRV;CRTCRT_E21TEC_XX_Q;crtuser;wdkcrttcp01;wdkcrttcp01;3l2wx
CRT-CRT;CRTCRT_E21TEC_XX_Q;CRTCRT_E21TEC_XX_ARC01_Q;"January 30, 2026";"January 31, 2026 7:30:00 AM";"January 31, 2026 7:30:07 AM";;Wait for Event;Archivage des logs;Archivage_Logs_BridgeClient.bat;Job;No;19;Yes;CTMSRV;CRTCRT_E21TEC_XX_Q;crtuser;wdkcrttcp03;wdkcrttcp03;3l2wz
CRT-CRT;CRTCRT_E21TEC_XX_Q;CRTCRT_E21TEC_XX_ARC01_Q;"January 30, 2026";"January 31, 2026 7:30:00 AM";"January 31, 2026 7:30:11 AM";;Wait for Event;Archivage des logs;Archivage_Logs_BridgeClient.bat;Job;No;19;Yes;CTMSRV;CRTCRT_E21TEC_XX_Q;crtuser;wdkcrtbcp03;wdkcrtbcp03;3l2wu
CRT-CRT;CRTCRT_E21TEC_XX_Q;CRTCRT_E21TEC_XX_ARC01_Q;"January 30, 2026";"January 31, 2026 7:30:00 AM";"January 31, 2026 7:30:12 AM";;Wait for Event;Archivage des logs;Archivage_Logs_BridgeClient.bat;Job;No;19;Yes;CTMSRV;CRTCRT_E21TEC_XX_Q;crtuser;wdkcrttcp02;wdkcrttcp02;3l2wy
CRT-CRT;CRTCRT_E21TEC_XX_Q;CRTCRT_E21TEC_XX_ARC01_Q;"January 30, 2026";"January 31, 2026 7:30:00 AM";"January 31, 2026 7:30:14 AM";;Wait for Event;Archivage des logs;Archivage_Logs_BridgeClient.bat;Job;No;19;Yes;CTMSRV;CRTCRT_E21TEC_XX_Q;crtuser;wdkcrtbcp01;wdkcrtbcp01;3l2ws
CRT-CRT;CRTCRT_E21TEC_XX_Q;CRTCRT_E21TEC_XX_ARC01_Q;"January 30, 2026";"January 31, 2026 7:30:00 AM";"January 31, 2026 7:30:28 AM";;Wait for Event;Archivage des logs;Archivage_Logs_BridgeClient.bat;Job;No;19;Yes;CTMSRV;CRTCRT_E21TEC_XX_Q;crtuser;wdkcrttmp03;wdkcrttmp03;3l2xa
CRT-CRT;CRTCRT_E21TEC_XX_Q;CRTCRT_E21TEC_XX_ARC01_Q;"January 30, 2026";"January 31, 2026 7:30:00 AM";"January 31, 2026 7:30:29 AM";;Wait for Event;Archivage des logs;Archivage_Logs_BridgeClient.bat;Job;No;19;Yes;CTMSRV;CRTCRT_E21TEC_XX_Q;crtuser;wdkcrttmp01;wdkcrttmp01;3l2x8
CRT-CRT;CRTCRT_E21TEC_XX_Q;CRTCRT_E21TEC_XX_ARC01_Q;"January 30, 2026";"January 31, 2026 7:30:00 AM";"January 31, 2026 7:30:32 AM";;Wait for Event;Archivage des logs;Archivage_Logs_BridgeClient.bat;Job;No;19;Yes;CTMSRV;CRTCRT_E21TEC_XX_Q;crtuser;wdkcrttmp02;wdkcrttmp02;3l2x9
CRT-CRT;CRTCRT_E21TEC_XX_Q;CRTCRT_E21TEC_XX_ARC01_Q;"January 30, 2026";"January 31, 2026 7:30:00 AM";"January 31, 2026 7:30:33 AM";;Wait for Event;Archivage des logs;Archivage_Logs_BridgeClient.bat;Job;No;19;Yes;CTMSRV;CRTCRT_E21TEC_XX_Q;crtuser;wdkcrttmp05;wdkcrttmp05;3l2xc
CRT-CRT;CRTCRT_E21TEC_XX_Q;CRTCRT_E21TEC_XX_ARC01_Q;"January 30, 2026";"January 31, 2026 7:30:00 AM";"January 31, 2026 7:30:34 AM";;Wait for Event;Archivage des logs;Archivage_Logs_BridgeClient.bat;Job;No;19;Yes;CTMSRV;CRTCRT_E21TEC_XX_Q;crtuser;wdkcrttmp04;wdkcrttmp04;3l2xb
CRT-CRT;CRTCRT_E21TEC_XX_Q;CRTCRT_E21TEC_XX_PUR01_Q;"January 30, 2026";"January 31, 2026 7:00:00 AM";"January 31, 2026 7:00:02 AM";;Ended OK;Purge des logs;PURGE_FICHIER.exe;Job;No;1;No;CTMSRV;CRTCRT_E21TEC_XX_Q;crtuser;wdkcrtg2p02;wdkcrtg2p02;3l2w6
CRT-CRT;CRTCRT_E21TEC_XX_Q;CRTCRT_E21TEC_XX_PUR01_Q;"January 30, 2026";"January 31, 2026 7:00:00 AM";"January 31, 2026 7:00:03 AM";;Ended OK;Purge des logs;PURGE_FICHIER.exe;Job;No;1;No;CTMSRV;CRTCRT_E21TEC_XX_Q;crtuser;wdkcrtg2p01;wdkcrtg2p01;3l2w5
CRT-CRT;CRTCRT_E21TEC_XX_Q;CRTCRT_E21TEC_XX_PUR01_Q;"January 30, 2026";"January 31, 2026 7:00:00 AM";"January 31, 2026 7:00:04 AM";;Ended OK;Purge des logs;PURGE_FICHIER.exe;Job;No;1;No;CTMSRV;CRTCRT_E21TEC_XX_Q;crtuser;wdkcrtcwp01;wdkcrtcwp01;3l2w1
CRT-CRT;CRTCRT_E21TEC_XX_Q;CRTCRT_E21TEC_XX_PUR01_Q;"January 30, 2026";"January 31, 2026 7:00:00 AM";"January 31, 2026 7:00:04 AM";;Ended OK;Purge des logs;PURGE_FICHIER.exe;Job;No;1;No;CTMSRV;CRTCRT_E21TEC_XX_Q;crtuser;wdkcrttdp04;wdkcrttdp04;3l2we
CRT-CRT;CRTCRT_E21TEC_XX_Q;CRTCRT_E21TEC_XX_PUR01_Q;"January 30, 2026";"January 31, 2026 7:00:00 AM";"January 31, 2026 7:00:05 AM";;Ended OK;Purge des logs;PURGE_FICHIER.exe;Job;No;1;No;CTMSRV;CRTCRT_E21TEC_XX_Q;crtuser;wdkcrttdp02;wdkcrttdp02;3l2wc
CRT-CRT;CRTCRT_E21TEC_XX_Q;CRTCRT_E21TEC_XX_PUR01_Q;"January 30, 2026";"January 31, 2026 7:00:00 AM";"January 31, 2026 7:00:05 AM";;Ended OK;Purge des logs;PURGE_FICHIER.exe;Job;No;1;No;CTMSRV;CRTCRT_E21TEC_XX_Q;crtuser;wdkcrttdp03;wdkcrttdp03;3l2wd
CRT-CRT;CRTCRT_E21TEC_XX_Q;CRTCRT_E21TEC_XX_PUR01_Q;"January 30, 2026";"January 31, 2026 7:00:00 AM";"January 31, 2026 7:00:06 AM";;Ended OK;Purge des logs;PURGE_FICHIER.exe;Job;No;1;No;CTMSRV;CRTCRT_E21TEC_XX_Q;crtuser;wdkcrttdp01;wdkcrttdp01;3l2wb
CRT-CRT;CRTCRT_E21TEC_XX_Q;CRTCRT_E21TEC_XX_PUR01_Q;"January 30, 2026";"January 31, 2026 7:00:00 AM";"January 31, 2026 7:00:09 AM";;Ended OK;Purge des logs;PURGE_FICHIER.exe;Job;No;1;No;CTMSRV;CRTCRT_E21TEC_XX_Q;crtuser;wdkcrtbgp01;wdkcrtbgp01;3l2w0
CRT-CRT;CRTCRT_E21TEC_XX_Q;CRTCRT_E21TEC_XX_PUR01_Q;"January 30, 2026";"January 31, 2026 7:00:00 AM";"January 31, 2026 7:00:09 AM";;Ended OK;Purge des logs;PURGE_FICHIER.exe;Job;No;1;No;CTMSRV;CRTCRT_E21TEC_XX_Q;crtuser;wdkcrttcp03;wdkcrttcp03;3l2wa
CRT-CRT;CRTCRT_E21TEC_XX_Q;CRTCRT_E21TEC_XX_PUR01_Q;"January 30, 2026";"January 31, 2026 7:00:00 AM";"January 31, 2026 7:00:09 AM";;Ended OK;Purge des logs;PURGE_FICHIER.exe;Job;No;1;No;CTMSRV;CRTCRT_E21TEC_XX_Q;crtuser;wdkcrttdp05;wdkcrttdp05;3l2wf
CRT-CRT;CRTCRT_E21TEC_XX_Q;CRTCRT_E21TEC_XX_PUR01_Q;"January 30, 2026";"January 31, 2026 7:00:00 AM";"January 31, 2026 7:00:10 AM";;Ended OK;Purge des logs;PURGE_FICHIER.exe;Job;No;1;No;CTMSRV;CRTCRT_E21TEC_XX_Q;crtuser;wdkcrtbcp04;wdkcrtbcp04;3l2vy
CRT-CRT;CRTCRT_E21TEC_XX_Q;CRTCRT_E21TEC_XX_PUR01_Q;"January 30, 2026";"January 31, 2026 7:00:00 AM";"January 31, 2026 7:00:10 AM";;Ended OK;Purge des logs;PURGE_FICHIER.exe;Job;No;1;No;CTMSRV;CRTCRT_E21TEC_XX_Q;crtuser;wdkcrttcp01;wdkcrttcp01;3l2w8
CRT-CRT;CRTCRT_E21TEC_XX_Q;CRTCRT_E21TEC_XX_PUR01_Q;"January 30, 2026";"January 31, 2026 7:00:00 AM";"January 31, 2026 7:00:11 AM";;Ended OK;Purge des logs;PURGE_FICHIER.exe;Job;No;1;No;CTMSRV;CRTCRT_E21TEC_XX_Q;crtuser;wdkcrttmp04;wdkcrttmp04;3l2wl
CRT-CRT;CRTCRT_E21TEC_XX_Q;CRTCRT_E21TEC_XX_PUR01_Q;"January 30, 2026";"January 31, 2026 7:00:00 AM";"January 31, 2026 7:00:12 AM";;Ended OK;Purge des logs;PURGE_FICHIER.exe;Job;No;1;No;CTMSRV;CRTCRT_E21TEC_XX_Q;crtuser;wdkcrtbcp03;wdkcrtbcp03;3l2vx
CRT-CRT;CRTCRT_E21TEC_XX_Q;CRTCRT_E21TEC_XX_PUR01_Q;"January 30, 2026";"January 31, 2026 7:00:00 AM";"January 31, 2026 7:00:12 AM";;Ended OK;Purge des logs;PURGE_FICHIER.exe;Job;No;1;No;CTMSRV;CRTCRT_E21TEC_XX_Q;crtuser;wdkcrtecp01;wdkcrtecp01;3l2w2
CRT-CRT;CRTCRT_E21TEC_XX_Q;CRTCRT_E21TEC_XX_PUR01_Q;"January 30, 2026";"January 31, 2026 7:00:00 AM";"January 31, 2026 7:00:12 AM";;Ended OK;Purge des logs;PURGE_FICHIER.exe;Job;No;1;No;CTMSRV;CRTCRT_E21TEC_XX_Q;crtuser;wdkcrttcp02;wdkcrttcp02;3l2w9
CRT-CRT;CRTCRT_E21TEC_XX_Q;CRTCRT_E21TEC_XX_PUR01_Q;"January 30, 2026";"January 31, 2026 7:00:00 AM";"January 31, 2026 7:00:12 AM";;Ended OK;Purge des logs;PURGE_FICHIER.exe;Job;No;1;No;CTMSRV;CRTCRT_E21TEC_XX_Q;crtuser;wdkcrttmp01;wdkcrttmp01;3l2wi
CRT-CRT;CRTCRT_E21TEC_XX_Q;CRTCRT_E21TEC_XX_PUR01_Q;"January 30, 2026";"January 31, 2026 7:00:00 AM";"January 31, 2026 7:00:13 AM";;Ended OK;Purge des logs;PURGE_FICHIER.exe;Job;No;1;No;CTMSRV;CRTCRT_E21TEC_XX_Q;crtuser;wdkcrtecp02;wdkcrtecp02;3l2w3
CRT-CRT;CRTCRT_E21TEC_XX_Q;CRTCRT_E21TEC_XX_PUR01_Q;"January 30, 2026";"January 31, 2026 7:00:00 AM";"January 31, 2026 7:00:13 AM";;Ended OK;Purge des logs;PURGE_FICHIER.exe;Job;No;1;No;CTMSRV;CRTCRT_E21TEC_XX_Q;crtuser;wdkcrttmp03;wdkcrttmp03;3l2wk
CRT-CRT;CRTCRT_E21TEC_XX_Q;CRTCRT_E21TEC_XX_PUR01_Q;"January 30, 2026";"January 31, 2026 7:00:00 AM";"January 31, 2026 7:00:14 AM";;Ended OK;Purge des logs;PURGE_FICHIER.exe;Job;No;1;No;CTMSRV;CRTCRT_E21TEC_XX_Q;crtuser;wdkcrttdp06;wdkcrttdp06;3l2wg
CRT-CRT;CRTCRT_E21TEC_XX_Q;CRTCRT_E21TEC_XX_PUR01_Q;"January 30, 2026";"January 31, 2026 7:00:00 AM";"January 31, 2026 7:00:17 AM";;Ended OK;Purge des logs;PURGE_FICHIER.exe;Job;No;1;No;CTMSRV;CRTCRT_E21TEC_XX_Q;crtuser;wdkcrtbcp05;wdkcrtbcp05;3l2vz
CRT-CRT;CRTCRT_E21TEC_XX_Q;CRTCRT_E21TEC_XX_PUR01_Q;"January 30, 2026";"January 31, 2026 7:00:00 AM";"January 31, 2026 7:00:17 AM";;Ended OK;Purge des logs;PURGE_FICHIER.exe;Job;No;1;No;CTMSRV;CRTCRT_E21TEC_XX_Q;crtuser;wdkcrttmp05;wdkcrttmp05;3l2wm
CRT-CRT;CRTCRT_E21TEC_XX_Q;CRTCRT_E21TEC_XX_PUR01_Q;"January 30, 2026";"January 31, 2026 7:00:00 AM";"January 31, 2026 7:00:18 AM";;Ended OK;Purge des logs;PURGE_FICHIER.exe;Job;No;1;No;CTMSRV;CRTCRT_E21TEC_XX_Q;crtuser;wdkcrtbcp01;wdkcrtbcp01;3l2vv
CRT-CRT;CRTCRT_E21TEC_XX_Q;CRTCRT_E21TEC_XX_PUR01_Q;"January 30, 2026";"January 31, 2026 7:00:00 AM";"January 31, 2026 7:00:20 AM";;Ended OK;Purge des logs;PURGE_FICHIER.exe;Job;No;1;No;CTMSRV;CRTCRT_E21TEC_XX_Q;crtuser;wdkcrttmp02;wdkcrttmp02;3l2wj
CRT-CRT;CRTCRT_E21TEC_XX_Q;CRTCRT_E21TEC_XX_PUR01_Q;"January 30, 2026";"January 31, 2026 7:00:00 AM";"January 31, 2026 7:00:23 AM";;Ended OK;Purge des logs;PURGE_FICHIER.exe;Job;No;1;No;CTMSRV;CRTCRT_E21TEC_XX_Q;crtuser;wdkcrtbcp02;wdkcrtbcp02;3l2vw
CRT-CRT;CRTCRT_E21TEC_XX_Q;CRTCRT_E21TEC_XX_PUR01_Q;"January 30, 2026";"January 31, 2026 7:00:00 AM";"January 31, 2026 7:01:23 AM";;Ended OK;Purge des logs;PURGE_FICHIER.exe;Job;No;1;No;CTMSRV;CRTCRT_E21TEC_XX_Q;crtuser;wdkcrtwbp02;wdkcrtwbp02;3l2wq
CRT-CRT;CRTCRT_E21TEC_XX_Q;CRTCRT_E21TEC_XX_PUR01_Q;"January 30, 2026";"January 31, 2026 7:00:00 AM";"January 31, 2026 7:10:01 AM";;Ended OK;Purge des logs;PURGE_FICHIER.exe;Job;No;1;No;CTMSRV;CRTCRT_E21TEC_XX_Q;crtuser;wdkcrtexp01;wdkcrtexp01;3l2w4
CRT-CRT;CRTCRT_E21TEC_XX_Q;CRTCRT_E21TEC_XX_PUR01_Q;"January 30, 2026";"January 31, 2026 7:00:00 AM";"January 31, 2026 7:10:01 AM";;Ended OK;Purge des logs;PURGE_FICHIER.exe;Job;No;1;No;CTMSRV;CRTCRT_E21TEC_XX_Q;crtuser;wdkcrtwbp03;wdkcrtwbp03;3l2wr
CRT-CRT;CRTCRT_E21TEC_XX_Q;CRTCRT_E21TEC_XX_PUR01_Q;"January 30, 2026";"January 31, 2026 7:00:00 AM";"January 31, 2026 7:10:02 AM";;Ended OK;Purge des logs;PURGE_FICHIER.exe;Job;No;1;No;CTMSRV;CRTCRT_E21TEC_XX_Q;crtuser;wdkcrtb2p01;wdkcrtb2p01;3l2vu
CRT-CRT;CRTCRT_E21TEC_XX_Q;CRTCRT_E21TEC_XX_PUR01_Q;"January 30, 2026";"January 31, 2026 7:00:00 AM";"January 31, 2026 7:10:02 AM";;Ended OK;Purge des logs;PURGE_FICHIER.exe;Job;No;1;No;CTMSRV;CRTCRT_E21TEC_XX_Q;crtuser;wdkcrtinp01;wdkcrtinp01;3l2w7
CRT-CRT;CRTCRT_E21TEC_XX_Q;CRTCRT_E21TEC_XX_PUR01_Q;"January 30, 2026";"January 31, 2026 7:00:00 AM";;;Executing;Purge des logs;PURGE_FICHIER.exe;Job;No;1;No;CTMSRV;CRTCRT_E21TEC_XX_Q;crtuser;wdkcrttgp01;wdkcrttgp01;3l2wh
CRT-CRT;CRTCRT_E21TEC_XX_Q;CRTCRT_E21TEC_XX_PUR01_Q;"January 30, 2026";"January 31, 2026 7:00:00 AM";;;Executing;Purge des logs;PURGE_FICHIER.exe;Job;No;1;No;CTMSRV;CRTCRT_E21TEC_XX_Q;crtuser;wdkcrttsp01;wdkcrttsp01;3l2wn
CRT-CRT;CRTCRT_E21TEC_XX_Q;CRTCRT_E21TEC_XX_PUR01_Q;"January 30, 2026";"January 31, 2026 7:00:00 AM";;;Executing;Purge des logs;PURGE_FICHIER.exe;Job;No;1;No;CTMSRV;CRTCRT_E21TEC_XX_Q;crtuser;wdkcrttwp01;wdkcrttwp01;3l2wo
CRT-CRT;CRTCRT_E21TEC_XX_Q;CRTCRT_E21TEC_XX_PUR01_Q;"January 30, 2026";"January 31, 2026 7:00:00 AM";;;Executing;Purge des logs;PURGE_FICHIER.exe;Job;No;1;No;CTMSRV;CRTCRT_E21TEC_XX_Q;crtuser;wdkcrtwbp01;wdkcrtwbp01;3l2wp
CRT-CRT;CRTCRT_E21TEC_XX_Q;CRTCRT_E21TEC_XX_Q;"January 30, 2026";"January 30, 2026 1:30:11 PM";;;Executing;Chaine de purge et archivage  des logs sur les serveurs CRT;;SMART Table;No;1;No;CTMSRV;CRTCRT_E21TEC_XX_Q;;;;3l2vt
CRT-CRT;CRTCRT_E21TRT_TW_Q;CRTCRT_E21TRT_TW_Q;"January 30, 2026";"January 30, 2026 3:00:00 PM";"January 30, 2026 9:00:36 PM";;Ended OK;Lancement du module de détection de trous d'historique CRT - 15h et 21h;;SMART Table;No;1;No;CTMSRV;CRTCRT_E21TRT_TW_Q;;ldkctmp50;;3l3i1
CRT-CRT;CRTCRT_E21TRT_TW_Q;CRTCRT_E21TRT_TW_WRK01_Q;"January 30, 2026";"January 30, 2026 9:00:00 PM";"January 30, 2026 9:00:35 PM";;Ended OK;Lancement du module de détection de trous d'historique CRT - 15h et 21h;historique_recherche_trou.bat;Job;No;2;Yes;CTMSRV;CRTCRT_E21TRT_TW_Q;crtuser;wdkcrttwp01;wdkcrttwp01;3l3i2
CRT-CRT;CRTCRT_EXPLOI_XX_Q;CRTCRT_E22TEC_BC_CTL01_Q;"January 30, 2026";"January 31, 2026 7:00:00 AM";"January 31, 2026 7:00:08 AM";;Ended OK;WDKCRTBCxxx : Check Service PanoAdmin;CRT_CHECK_BRIDGECTRL;Command;No;1;No;CTMSRV;CRTCRT_EXPLOI_XX_Q/CRTCRT_E22TEC_BC_Q;crtuser;wdkcrtbcp03;wdkcrtbcp03;3l3dp
CRT-CRT;CRTCRT_EXPLOI_XX_Q;CRTCRT_E22TEC_BC_CTL01_Q;"January 30, 2026";"January 31, 2026 7:00:00 AM";"January 31, 2026 7:00:09 AM";;Ended OK;WDKCRTBCxxx : Check Service PanoAdmin;CRT_CHECK_BRIDGECTRL;Command;No;1;No;CTMSRV;CRTCRT_EXPLOI_XX_Q/CRTCRT_E22TEC_BC_Q;crtuser;wdkcrtbcp02;wdkcrtbcp02;3l3do
CRT-CRT;CRTCRT_EXPLOI_XX_Q;CRTCRT_E22TEC_BC_CTL01_Q;"January 30, 2026";"January 31, 2026 7:00:00 AM";"January 31, 2026 7:00:12 AM";;Ended OK;WDKCRTBCxxx : Check Service PanoAdmin;CRT_CHECK_BRIDGECTRL;Command;No;1;No;CTMSRV;CRTCRT_EXPLOI_XX_Q/CRTCRT_E22TEC_BC_Q;crtuser;wdkcrtbcp01;wdkcrtbcp01;3l3dn
CRT-CRT;CRTCRT_EXPLOI_XX_Q;CRTCRT_E22TEC_BC_CTL01_Q;"January 30, 2026";"January 31, 2026 7:00:01 AM";"January 31, 2026 7:00:07 AM";;Ended OK;WDKCRTBCxxx : Check Service PanoAdmin;CRT_CHECK_BRIDGECTRL;Command;No;1;No;CTMSRV;CRTCRT_EXPLOI_XX_Q/CRTCRT_E22TEC_BC_Q;crtuser;wdkcrtbcp04;wdkcrtbcp04;3l3dq
CRT-CRT;CRTCRT_EXPLOI_XX_Q;CRTCRT_E22TEC_BC_CTL01_Q;"January 30, 2026";"January 31, 2026 7:00:01 AM";"January 31, 2026 7:00:10 AM";;Ended OK;WDKCRTBCxxx : Check Service PanoAdmin;CRT_CHECK_BRIDGECTRL;Command;No;1;No;CTMSRV;CRTCRT_EXPLOI_XX_Q/CRTCRT_E22TEC_BC_Q;crtuser;wdkcrtbcp05;wdkcrtbcp05;3l3dr
CRT-CRT;CRTCRT_EXPLOI_XX_Q;CRTCRT_E22TEC_BC_CTL02_Q;"January 30, 2026";"January 31, 2026 7:00:01 AM";"January 31, 2026 7:00:07 AM";;Ended OK;WDKCRTBCxxx : Check Service Composer;CRT_CHECK_BRIDGECTRL;Command;No;1;No;CTMSRV;CRTCRT_EXPLOI_XX_Q/CRTCRT_E22TEC_BC_Q;crtuser;wdkcrtbcp03;wdkcrtbcp03;3l3du
CRT-CRT;CRTCRT_EXPLOI_XX_Q;CRTCRT_E22TEC_BC_CTL02_Q;"January 30, 2026";"January 31, 2026 7:00:01 AM";"January 31, 2026 7:00:07 AM";;Ended OK;WDKCRTBCxxx : Check Service Composer;CRT_CHECK_BRIDGECTRL;Command;No;1;No;CTMSRV;CRTCRT_EXPLOI_XX_Q/CRTCRT_E22TEC_BC_Q;crtuser;wdkcrtbcp04;wdkcrtbcp04;3l3dv
CRT-CRT;CRTCRT_EXPLOI_XX_Q;CRTCRT_E22TEC_BC_CTL02_Q;"January 30, 2026";"January 31, 2026 7:00:01 AM";"January 31, 2026 7:00:08 AM";;Ended OK;WDKCRTBCxxx : Check Service Composer;CRT_CHECK_BRIDGECTRL;Command;No;1;No;CTMSRV;CRTCRT_EXPLOI_XX_Q/CRTCRT_E22TEC_BC_Q;crtuser;wdkcrtbcp02;wdkcrtbcp02;3l3dt
CRT-CRT;CRTCRT_EXPLOI_XX_Q;CRTCRT_E22TEC_BC_CTL02_Q;"January 30, 2026";"January 31, 2026 7:00:01 AM";"January 31, 2026 7:00:10 AM";;Ended OK;WDKCRTBCxxx : Check Service Composer;CRT_CHECK_BRIDGECTRL;Command;No;1;No;CTMSRV;CRTCRT_EXPLOI_XX_Q/CRTCRT_E22TEC_BC_Q;crtuser;wdkcrtbcp01;wdkcrtbcp01;3l3ds
CRT-CRT;CRTCRT_EXPLOI_XX_Q;CRTCRT_E22TEC_BC_CTL02_Q;"January 30, 2026";"January 31, 2026 7:00:01 AM";"January 31, 2026 7:00:10 AM";;Ended OK;WDKCRTBCxxx : Check Service Composer;CRT_CHECK_BRIDGECTRL;Command;No;1;No;CTMSRV;CRTCRT_EXPLOI_XX_Q/CRTCRT_E22TEC_BC_Q;crtuser;wdkcrtbcp05;wdkcrtbcp05;3l3dw
CRT-CRT;CRTCRT_EXPLOI_XX_Q;CRTCRT_E22TEC_BC_Q;"January 30, 2026";"January 31, 2026 7:00:00 AM";"January 31, 2026 7:00:12 AM";;Ended OK;Controle Service BACNET;;Sub-Table;No;1;No;CTMSRV;CRTCRT_EXPLOI_XX_Q;crtuser;ldkctmp50;;3l3dm
CRT-CRT;CRTCRT_EXPLOI_XX_Q;CRTCRT_E22TEC_BG_CTL01_Q;"January 30, 2026";"January 31, 2026 7:00:01 AM";"January 31, 2026 7:00:16 AM";;Ended OK;WDKCRTBGx01 : Check BridgeCtrl.exe STATUS;CRT_CHECK_BRIDGECTRL;Command;No;1;No;CTMSRV;CRTCRT_EXPLOI_XX_Q/CRTCRT_E22TEC_BG_Q;crtuser;wdkcrttwp01;A_W_CRTTW01;3l3dy
CRT-CRT;CRTCRT_EXPLOI_XX_Q;CRTCRT_E22TEC_BG_Q;"January 30, 2026";"January 31, 2026 7:00:00 AM";"January 31, 2026 7:00:16 AM";;Ended OK;Controle Bridge Clients  et les CRTs;;Sub-Table;No;1;No;CTMSRV;CRTCRT_EXPLOI_XX_Q;crtuser;ldkctmp50;;3l3dx
CRT-CRT;CRTCRT_EXPLOI_XX_Q;CRTCRT_E22TEC_BS_CTL01_Q;"January 30, 2026";"January 31, 2026 7:00:01 AM";"January 31, 2026 7:00:14 AM";;Ended OK;LDKCRTBSx01 : Check KafkaZookeeper;AllKafkaZookeeper.sh;Command;No;1;No;CTMSRV;CRTCRT_EXPLOI_XX_Q/CRTCRT_E22TEC_BS_Q;crt-admin;ldkcrtbap01;A_L_CRTBA01;3l3e0
CRT-CRT;CRTCRT_EXPLOI_XX_Q;CRTCRT_E22TEC_BS_CTL02_Q;"January 30, 2026";"January 31, 2026 7:00:01 AM";"January 31, 2026 7:00:03 AM";;Ended OK;LDKCRTBSx01 : Check Worker et Master;spark-cluster-status;Command;No;1;No;CTMSRV;CRTCRT_EXPLOI_XX_Q/CRTCRT_E22TEC_BS_Q;busadm;ldkcrtbsp01;A_L_CRTBS01;3l3e1
CRT-CRT;CRTCRT_EXPLOI_XX_Q;CRTCRT_E22TEC_BS_CTL03_Q;"January 30, 2026";"January 31, 2026 7:00:01 AM";"January 31, 2026 7:00:03 AM";;Ended OK;LDKCRTBSx01 : Check Applications;spark-apps-status;Command;No;1;No;CTMSRV;CRTCRT_EXPLOI_XX_Q/CRTCRT_E22TEC_BS_Q;busadm;ldkcrtbsp01;A_L_CRTBS01;3l3e2
CRT-CRT;CRTCRT_EXPLOI_XX_Q;CRTCRT_E22TEC_BS_Q;"January 30, 2026";"January 31, 2026 7:00:00 AM";"January 31, 2026 7:00:15 AM";;Ended OK;Controle du Bus Streaming;;Sub-Table;No;1;No;CTMSRV;CRTCRT_EXPLOI_XX_Q;busadm;ldkctmp50;;3l3dz
CRT-CRT;CRTCRT_EXPLOI_XX_Q;CRTCRT_E22TEC_EC_CTL01_Q;"January 30, 2026";"January 31, 2026 7:00:01 AM";"January 31, 2026 7:00:06 AM";;Ended OK;WDKCRTECxxx : Check Service CRT TransFTP;CRT_CHECK_BRIDGECTRL;Command;No;1;No;CTMSRV;CRTCRT_EXPLOI_XX_Q/CRTCRT_E22TEC_EC_Q;crtuser;wdkcrtecp01;wdkcrtecp01;3l3e4
CRT-CRT;CRTCRT_EXPLOI_XX_Q;CRTCRT_E22TEC_EC_CTL01_Q;"January 30, 2026";"January 31, 2026 7:00:01 AM";"January 31, 2026 7:00:06 AM";;Ended OK;WDKCRTECxxx : Check Service CRT TransFTP;CRT_CHECK_BRIDGECTRL;Command;No;1;No;CTMSRV;CRTCRT_EXPLOI_XX_Q/CRTCRT_E22TEC_EC_Q;crtuser;wdkcrtecp02;wdkcrtecp02;3l3e5
CRT-CRT;CRTCRT_EXPLOI_XX_Q;CRTCRT_E22TEC_EC_Q;"January 30, 2026";"January 31, 2026 7:00:00 AM";"January 31, 2026 7:00:06 AM";;Ended OK;Controle Service CRT TransFTP;;Sub-Table;No;1;No;CTMSRV;CRTCRT_EXPLOI_XX_Q;crtuser;ldkctmp50;;3l3e3
CRT-CRT;CRTCRT_EXPLOI_XX_Q;CRTCRT_E22TEC_MS_CTL01_Q;"January 30, 2026";"January 31, 2026 7:00:01 AM";"January 31, 2026 7:00:02 AM";;Ended OK;LDKCRTMSxxx : Check des commandes curl MicroServices;check_microservices.ksh;Job;No;1;No;CTMSRV;CRTCRT_EXPLOI_XX_Q/CRTCRT_E22TEC_MS_Q;root;ldkcrtmsp01;ldkcrtmsp01;3l3e7
CRT-CRT;CRTCRT_EXPLOI_XX_Q;CRTCRT_E22TEC_MS_CTL01_Q;"January 30, 2026";"January 31, 2026 7:00:01 AM";"January 31, 2026 7:00:03 AM";;Ended OK;LDKCRTMSxxx : Check des commandes curl MicroServices;check_microservices.ksh;Job;No;1;No;CTMSRV;CRTCRT_EXPLOI_XX_Q/CRTCRT_E22TEC_MS_Q;root;ldkcrtmsp02;ldkcrtmsp02;3l3e8
CRT-CRT;CRTCRT_EXPLOI_XX_Q;CRTCRT_E22TEC_MS_Q;"January 30, 2026";"January 31, 2026 7:00:00 AM";"January 31, 2026 7:00:04 AM";;Ended OK;Controle des MicroServices;;Sub-Table;No;1;No;CTMSRV;CRTCRT_EXPLOI_XX_Q;root;ldkctmp50;;3l3e6
CRT-CRT;CRTCRT_EXPLOI_XX_Q;CRTCRT_E22TEC_TD_CTL01_Q;"January 30, 2026";"January 31, 2026 7:00:01 AM";"January 31, 2026 7:00:02 AM";;Ended OK;WDKCRTTDxxx : Check Service datarelay;CRT_CHECK_BRIDGECTRL;Command;No;1;No;CTMSRV;CRTCRT_EXPLOI_XX_Q/CRTCRT_E22TEC_TD_Q;crtuser;wdkcrttdp01;wdkcrttdp01;3l3ea
CRT-CRT;CRTCRT_EXPLOI_XX_Q;CRTCRT_E22TEC_TD_CTL01_Q;"January 30, 2026";"January 31, 2026 7:00:01 AM";"January 31, 2026 7:00:02 AM";;Ended OK;WDKCRTTDxxx : Check Service datarelay;CRT_CHECK_BRIDGECTRL;Command;No;1;No;CTMSRV;CRTCRT_EXPLOI_XX_Q/CRTCRT_E22TEC_TD_Q;crtuser;wdkcrttdp02;wdkcrttdp02;3l3eb
CRT-CRT;CRTCRT_EXPLOI_XX_Q;CRTCRT_E22TEC_TD_CTL01_Q;"January 30, 2026";"January 31, 2026 7:00:01 AM";"January 31, 2026 7:00:02 AM";;Ended OK;WDKCRTTDxxx : Check Service datarelay;CRT_CHECK_BRIDGECTRL;Command;No;1;No;CTMSRV;CRTCRT_EXPLOI_XX_Q/CRTCRT_E22TEC_TD_Q;crtuser;wdkcrttdp03;wdkcrttdp03;3l3ec
CRT-CRT;CRTCRT_EXPLOI_XX_Q;CRTCRT_E22TEC_TD_CTL01_Q;"January 30, 2026";"January 31, 2026 7:00:01 AM";"January 31, 2026 7:00:02 AM";;Ended OK;WDKCRTTDxxx : Check Service datarelay;CRT_CHECK_BRIDGECTRL;Command;No;1;No;CTMSRV;CRTCRT_EXPLOI_XX_Q/CRTCRT_E22TEC_TD_Q;crtuser;wdkcrttdp04;wdkcrttdp04;3l3ed
CRT-CRT;CRTCRT_EXPLOI_XX_Q;CRTCRT_E22TEC_TD_CTL01_Q;"January 30, 2026";"January 31, 2026 7:00:01 AM";"January 31, 2026 7:00:03 AM";;Ended OK;WDKCRTTDxxx : Check Service datarelay;CRT_CHECK_BRIDGECTRL;Command;No;1;No;CTMSRV;CRTCRT_EXPLOI_XX_Q/CRTCRT_E22TEC_TD_Q;crtuser;wdkcrttdp06;wdkcrttdp06;3l3ef
CRT-CRT;CRTCRT_EXPLOI_XX_Q;CRTCRT_E22TEC_TD_CTL01_Q;"January 30, 2026";"January 31, 2026 7:00:01 AM";"January 31, 2026 7:00:06 AM";;Ended OK;WDKCRTTDxxx : Check Service datarelay;CRT_CHECK_BRIDGECTRL;Command;No;1;No;CTMSRV;CRTCRT_EXPLOI_XX_Q/CRTCRT_E22TEC_TD_Q;crtuser;wdkcrttdp05;wdkcrttdp05;3l3ee
CRT-CRT;CRTCRT_EXPLOI_XX_Q;CRTCRT_E22TEC_TD_Q;"January 30, 2026";"January 31, 2026 7:00:00 AM";"January 31, 2026 7:00:06 AM";;Ended OK;Controle Service Trend;;Sub-Table;No;1;No;CTMSRV;CRTCRT_EXPLOI_XX_Q;crtuser;ldkctmp50;;3l3e9
CRT-CRT;CRTCRT_EXPLOI_XX_Q;CRTCRT_E22TEC_TW_CTL01_Q;"January 30, 2026";"January 31, 2026 7:00:01 AM";"January 31, 2026 7:00:06 AM";;Ended OK;WDKCRTTWx01 : Check Service CRT SpvApp;CRT_CHECK_BRIDGECTRL;Command;No;1;No;CTMSRV;CRTCRT_EXPLOI_XX_Q/CRTCRT_E22TEC_TW_Q;crtuser;wdkcrttwp01;wdkcrttwp01;3l3eh
CRT-CRT;CRTCRT_EXPLOI_XX_Q;CRTCRT_E22TEC_TW_Q;"January 30, 2026";"January 31, 2026 7:00:00 AM";"January 31, 2026 7:00:07 AM";;Ended OK;Controle Service CRT SpvApp;;Sub-Table;No;1;No;CTMSRV;CRTCRT_EXPLOI_XX_Q;crtuser;ldkctmp50;;3l3eg
CRT-CRT;CRTCRT_EXPLOI_XX_Q;CRTCRT_E22TEC_XX_MEL01_O;"January 30, 2026";"January 31, 2026 7:00:18 AM";"January 31, 2026 7:00:19 AM";;Ended OK;Notification par Mail du suivi quotidien du CRT;CRT_NOTIF_MAIL;Command;No;1;No;CTMSRV;CRTCRT_E22TEC_XX_O;root;ldkctmp50;ldkctmp50;3l57t
CRT-CRT;CRTCRT_EXPLOI_XX_Q;CRTCRT_E23TEC_BG_CTL01_Q;"January 30, 2026";"January 31, 2026 7:00:01 AM";"January 31, 2026 7:00:01 AM";;Ended OK;WDKCRTBGxxx : Check Service Tomcat7  Bridge générique;CRT_CHECK_BRIDGECTRL;Dummy;No;1;No;CTMSRV;CRTCRT_EXPLOI_XX_Q/CRTCRT_E23TEC_BG_Q;crtuser;;A_W_CRTBG01;3l3ej
CRT-CRT;CRTCRT_EXPLOI_XX_Q;CRTCRT_E23TEC_BG_CTL02_Q;"January 30, 2026";"January 31, 2026 7:00:01 AM";"January 31, 2026 7:00:01 AM";;Ended OK;WDKCRTBGxxx : Check Service CRTService Bridge générique;CRT_CHECK_BRIDGECTRL;Dummy;No;1;No;CTMSRV;CRTCRT_EXPLOI_XX_Q/CRTCRT_E23TEC_BG_Q;crtuser;;A_W_CRTBG01;3l3ek
CRT-CRT;CRTCRT_EXPLOI_XX_Q;CRTCRT_E23TEC_BG_Q;"January 30, 2026";"January 31, 2026 7:00:00 AM";"January 31, 2026 7:00:01 AM";;Ended OK;Controle Services Bridge Générique;;Sub-Table;No;1;No;CTMSRV;CRTCRT_EXPLOI_XX_Q;crtuser;ldkctmp50;;3l3ei
CRT-CRT;CRTCRT_EXPLOI_XX_Q;CRTCRT_E23TEC_TS_CTL01_Q;"January 30, 2026";"January 31, 2026 7:00:01 AM";"January 31, 2026 7:00:06 AM";;Ended OK;WDKCRTTSx01 : Check Service Tomcat7;CRT_CHECK_BRIDGECTRL;Command;No;1;No;CTMSRV;CRTCRT_EXPLOI_XX_Q/CRTCRT_E23TEC_TS_Q;crtuser;wdkcrttsp01;A_W_CRTTS01;3l3em
CRT-CRT;CRTCRT_EXPLOI_XX_Q;CRTCRT_E23TEC_TS_CTL02_Q;"January 30, 2026";"January 31, 2026 7:00:01 AM";"January 31, 2026 7:00:06 AM";;Ended OK;WDKCRTTSx01 : Check Service CRT CipRip;CRT_CHECK_BRIDGECTRL;Command;No;1;No;CTMSRV;CRTCRT_EXPLOI_XX_Q/CRTCRT_E23TEC_TS_Q;crtuser;wdkcrttsp01;A_W_CRTTS01;3l3en
CRT-CRT;CRTCRT_EXPLOI_XX_Q;CRTCRT_E23TEC_TS_Q;"January 30, 2026";"January 31, 2026 7:00:00 AM";"January 31, 2026 7:00:07 AM";;Ended OK;Controle Services Bridge Générique;;Sub-Table;No;1;No;CTMSRV;CRTCRT_EXPLOI_XX_Q;crtuser;ldkctmp50;;3l3el
CRT-CRT;CRTCRT_EXPLOI_XX_Q;CRTCRT_EXPLOI_XX_Q;"January 30, 2026";"January 31, 2026 7:00:00 AM";"January 31, 2026 7:00:17 AM";;Ended OK;CRT : Controle de la plateforme CRT;;SMART Table;No;1;No;CTMSRV;CRTCRT_EXPLOI_XX_Q;crtuser;ldkctmp50;;3l3dl
CRT-CRT;CRTCRT_J11TRT_04_Q;CRTCRT_J11TRT_04_CAL01_Q;"January 30, 2026";"January 30, 2026 8:00:00 PM";"January 30, 2026 8:01:12 PM";;Ended OK;CRT : Module Calcul;;Command;No;1;No;CTMSRV;CRTCRT_J11TRT_04_Q;crtuser;wdkcrttsp01;A_W_CRTTS01;3l53a
CRT-CRT;CRTCRT_J11TRT_04_Q;CRTCRT_J11TRT_04_CAL02_Q;"January 30, 2026";"January 30, 2026 3:00:00 PM";"January 30, 2026 3:01:04 PM";;Ended OK;CRT : ModuleCalculSansEchec;;Command;No;1;No;CTMSRV;CRTCRT_J11TRT_04_Q;crtuser;wdkcrttsp01;A_W_CRTTS01;3l53b
CRT-CRT;CRTCRT_J11TRT_04_Q;CRTCRT_J11TRT_04_CAL03_Q;"January 30, 2026";"January 30, 2026 1:30:14 PM";"January 30, 2026 1:32:09 PM";;Ended OK;CRT : ModuleCalculTMA;;Command;No;1;No;CTMSRV;CRTCRT_J11TRT_04_Q;crtuser;wdkcrttsp01;A_W_CRTTS01;3l53c
CRT-CRT;CRTCRT_J11TRT_04_Q;CRTCRT_J11TRT_04_Q;"January 30, 2026";"January 30, 2026 1:30:13 PM";;;Executing;CRT : Batchs APP CRT;;SMART Table;No;1;No;CTMSRV;CRTCRT_J11TRT_04_Q;crtuser;;;3l537
CRT-CRT;CRTCRT_J11TRT_04_Q;CRTCRT_J11TRT_04_WRK01_Q;"January 30, 2026";"January 31, 2026 8:06:00 AM";"January 31, 2026 8:06:02 AM";;Wait for Event;CRT : Memory_Check;;Command;No;1097;Yes;CTMSRV;CRTCRT_J11TRT_04_Q;crtuser;wdkcrtg2p01;A_W_CRTG201;3l538
CRT-CRT;CRTCRT_J11TRT_04_Q;CRTCRT_J11TRT_04_WRK02_Q;"January 30, 2026";"January 31, 2026 8:06:00 AM";"January 31, 2026 8:06:02 AM";;Wait for Event;CRT : Memory_Check;;Command;No;1097;Yes;CTMSRV;CRTCRT_J11TRT_04_Q;crtuser;wdkcrtg2p02;A_W_CRTG202;3l539
CRT-CRT;CRTCRT_J12TRT_04_Q;CRTCRT_J12TRT_04_EXP27_Q;"January 30, 2026";"January 30, 2026 10:30:00 PM";"January 30, 2026 10:32:28 PM";;Ended OK;CRT : Lancement de l'export hierarchie CRT;ExportHisto.bat;Job;No;1;No;CTMSRV;CRTCRT_J12TRT_04_Q;crtuser;wdkcrtexp01;A_W_CRTEX01;3l31n
CRT-CRT;CRTCRT_J12TRT_04_Q;CRTCRT_J12TRT_04_Q;"January 30, 2026";"January 30, 2026 1:30:11 PM";;;Executing;CRT : Batchs Echanges CRT;;SMART Table;No;1;No;CTMSRV;CRTCRT_J12TRT_04_Q;crtuser;;;3l31k
CRT-CRT;CRTCRT_J12TRT_04_Q;CRTCRT_J12TRT_04_WRK06_Q;"January 30, 2026";"January 30, 2026 8:50:00 PM";"January 30, 2026 8:50:05 PM";;Ended OK;Déplacement des fichiers courbes de charges de valeurs corrigée mensuel pour prodelec;;Command;No;1;No;CTMSRV;CRTCRT_J12TRT_04_Q;crtuser;wdkcrtinp01;A_W_CRTIN01;3l31l
CRT-CRT;CRTCRT_J12TRT_04_Q;CRTCRT_J12TRT_04_WRK07_Q;"January 30, 2026";"January 31, 2026 7:15:00 AM";"January 31, 2026 7:15:09 AM";;Wait for Event;Traitement des fichiers d'Energie de Strasbourg;;Command;No;18;Yes;CTMSRV;CRTCRT_J12TRT_04_Q;crtuser;wdkcrtinp01;A_W_CRTIN01;3l31m
CRT-CRT;CRTCRT_J13TRT_04_Q;CRTCRT_J13TRT_04_EXP01_Q;"January 30, 2026";"January 30, 2026 10:00:00 PM";"January 30, 2026 10:00:05 PM";;Ended OK;CRT : Export_TLC;;Command;No;1;No;CTMSRV;CRTCRT_J13TRT_04_Q;crtuser;wdkcrttcp01;wdkcrttcp01;3l4yc
CRT-CRT;CRTCRT_J13TRT_04_Q;CRTCRT_J13TRT_04_EXP01_Q;"January 30, 2026";"January 30, 2026 10:00:00 PM";"January 30, 2026 10:00:05 PM";;Ended OK;CRT : Export_TLC;;Command;No;1;No;CTMSRV;CRTCRT_J13TRT_04_Q;crtuser;wdkcrttcp02;wdkcrttcp02;3l4yd
CRT-CRT;CRTCRT_J13TRT_04_Q;CRTCRT_J13TRT_04_EXP01_Q;"January 30, 2026";"January 30, 2026 10:00:00 PM";"January 30, 2026 10:00:05 PM";;Ended OK;CRT : Export_TLC;;Command;No;1;No;CTMSRV;CRTCRT_J13TRT_04_Q;crtuser;wdkcrttcp03;wdkcrttcp03;3l4ye
CRT-CRT;CRTCRT_J13TRT_04_Q;CRTCRT_J13TRT_04_Q;"January 30, 2026";"January 30, 2026 1:30:13 PM";;;Executing;CRT : Batchs Frontaux CRT;;SMART Table;No;1;No;CTMSRV;CRTCRT_J13TRT_04_Q;crtuser;;;3l4y5
CRT-CRT;CRTCRT_J13TRT_04_Q;CRTCRT_J13TRT_04_WRK01_Q;"January 30, 2026";"January 31, 2026 8:06:00 AM";"January 31, 2026 8:06:03 AM";;Executing;CRT : Suivi_Mémoire_Frontal_BACnet;;Command;No;1117;Yes;CTMSRV;CRTCRT_J13TRT_04_Q;crtuser;wdkcrtbcp04;wdkcrtbcp04;3l4y9
CRT-CRT;CRTCRT_J13TRT_04_Q;CRTCRT_J13TRT_04_WRK01_Q;"January 30, 2026";"January 31, 2026 8:06:00 AM";;;Executing;CRT : Suivi_Mémoire_Frontal_BACnet;;Command;No;1117;Yes;CTMSRV;CRTCRT_J13TRT_04_Q;crtuser;wdkcrtbcp01;wdkcrtbcp01;3l4y6
CRT-CRT;CRTCRT_J13TRT_04_Q;CRTCRT_J13TRT_04_WRK01_Q;"January 30, 2026";"January 31, 2026 8:06:00 AM";;;Executing;CRT : Suivi_Mémoire_Frontal_BACnet;;Command;No;1117;Yes;CTMSRV;CRTCRT_J13TRT_04_Q;crtuser;wdkcrtbcp02;wdkcrtbcp02;3l4y7
CRT-CRT;CRTCRT_J13TRT_04_Q;CRTCRT_J13TRT_04_WRK01_Q;"January 30, 2026";"January 31, 2026 8:06:00 AM";;;Executing;CRT : Suivi_Mémoire_Frontal_BACnet;;Command;No;1117;Yes;CTMSRV;CRTCRT_J13TRT_04_Q;crtuser;wdkcrtbcp05;wdkcrtbcp05;3l4ya
CRT-CRT;CRTCRT_J13TRT_04_Q;CRTCRT_J13TRT_04_WRK01_Q;"January 30, 2026";"January 31, 2026 8:06:03 AM";;;Executing;CRT : Suivi_Mémoire_Frontal_BACnet;;Command;No;1117;Yes;CTMSRV;CRTCRT_J13TRT_04_Q;crtuser;wdkcrtbcp03;wdkcrtbcp03;3l4y8
CRT-CRT;CRTCRT_J13TRT_04_Q;CRTCRT_J13TRT_04_WRK02_Q;"January 30, 2026";"January 31, 2026 8:06:00 AM";"January 31, 2026 8:06:02 AM";;Wait for Event;CRT : Suivi_Mémoire_Frontal_TeleMetry;;Command;No;1117;Yes;CTMSRV;CRTCRT_J13TRT_04_Q;crtuser;wdkcrtcwp01;wdkcrtcwp01;3l4yb
CRT-CRT;CRTCRT_J13TRT_04_Q;CRTCRT_J13TRT_04_WRK03_Q;"January 30, 2026";"January 31, 2026 8:06:00 AM";"January 31, 2026 8:06:02 AM";;Wait for Event;CRT : Suivi_Mémoire_Frontal_Trend;;Command;No;1117;Yes;CTMSRV;CRTCRT_J13TRT_04_Q;crtuser;wdkcrttdp01;wdkcrttdp01;3l4yf
CRT-CRT;CRTCRT_J13TRT_04_Q;CRTCRT_J13TRT_04_WRK03_Q;"January 30, 2026";"January 31, 2026 8:06:00 AM";"January 31, 2026 8:06:02 AM";;Wait for Event;CRT : Suivi_Mémoire_Frontal_Trend;;Command;No;1117;Yes;CTMSRV;CRTCRT_J13TRT_04_Q;crtuser;wdkcrttdp02;wdkcrttdp02;3l4yg
CRT-CRT;CRTCRT_J13TRT_04_Q;CRTCRT_J13TRT_04_WRK03_Q;"January 30, 2026";"January 31, 2026 8:06:00 AM";"January 31, 2026 8:06:02 AM";;Wait for Event;CRT : Suivi_Mémoire_Frontal_Trend;;Command;No;1117;Yes;CTMSRV;CRTCRT_J13TRT_04_Q;crtuser;wdkcrttdp03;wdkcrttdp03;3l4yh
CRT-CRT;CRTCRT_J13TRT_04_Q;CRTCRT_J13TRT_04_WRK03_Q;"January 30, 2026";"January 31, 2026 8:06:00 AM";"January 31, 2026 8:06:02 AM";;Wait for Event;CRT : Suivi_Mémoire_Frontal_Trend;;Command;No;1117;Yes;CTMSRV;CRTCRT_J13TRT_04_Q;crtuser;wdkcrttdp04;wdkcrttdp04;3l4yi
CRT-CRT;CRTCRT_J13TRT_04_Q;CRTCRT_J13TRT_04_WRK03_Q;"January 30, 2026";"January 31, 2026 8:06:00 AM";"January 31, 2026 8:06:02 AM";;Wait for Event;CRT : Suivi_Mémoire_Frontal_Trend;;Command;No;1117;Yes;CTMSRV;CRTCRT_J13TRT_04_Q;crtuser;wdkcrttdp05;wdkcrttdp05;3l4yj
CRT-CRT;CRTCRT_J13TRT_04_Q;CRTCRT_J13TRT_04_WRK03_Q;"January 30, 2026";"January 31, 2026 8:06:00 AM";"January 31, 2026 8:06:02 AM";;Wait for Event;CRT : Suivi_Mémoire_Frontal_Trend;;Command;No;1117;Yes;CTMSRV;CRTCRT_J13TRT_04_Q;crtuser;wdkcrttdp06;wdkcrttdp06;3l4yk
CRT-CRT;CRTCRT_J13TRT_04_Q;CRTCRT_J13TRT_04_WRK04_Q;"January 30, 2026";"January 31, 2026 8:06:00 AM";"January 31, 2026 8:06:02 AM";;Wait for Event;CRT : Suivi_Mémoire_Frontal_Telemetry;;Command;No;1117;Yes;CTMSRV;CRTCRT_J13TRT_04_Q;crtuser;wdkcrttmp01;wdkcrttmp01;3l4yl
CRT-CRT;CRTCRT_J13TRT_04_Q;CRTCRT_J13TRT_04_WRK04_Q;"January 30, 2026";"January 31, 2026 8:06:00 AM";"January 31, 2026 8:06:02 AM";;Wait for Event;CRT : Suivi_Mémoire_Frontal_Telemetry;;Command;No;1117;Yes;CTMSRV;CRTCRT_J13TRT_04_Q;crtuser;wdkcrttmp02;wdkcrttmp02;3l4ym
CRT-CRT;CRTCRT_J13TRT_04_Q;CRTCRT_J13TRT_04_WRK04_Q;"January 30, 2026";"January 31, 2026 8:06:00 AM";"January 31, 2026 8:06:02 AM";;Wait for Event;CRT : Suivi_Mémoire_Frontal_Telemetry;;Command;No;1117;Yes;CTMSRV;CRTCRT_J13TRT_04_Q;crtuser;wdkcrttmp04;wdkcrttmp04;3l4yo
CRT-CRT;CRTCRT_J13TRT_04_Q;CRTCRT_J13TRT_04_WRK04_Q;"January 30, 2026";"January 31, 2026 8:06:00 AM";"January 31, 2026 8:06:02 AM";;Wait for Event;CRT : Suivi_Mémoire_Frontal_Telemetry;;Command;No;1117;Yes;CTMSRV;CRTCRT_J13TRT_04_Q;crtuser;wdkcrttmp05;wdkcrttmp05;3l4yp
CRT-CRT;CRTCRT_J13TRT_04_Q;CRTCRT_J13TRT_04_WRK04_Q;"January 30, 2026";"January 31, 2026 8:06:00 AM";"January 31, 2026 8:06:03 AM";;Wait for Event;CRT : Suivi_Mémoire_Frontal_Telemetry;;Command;No;1117;Yes;CTMSRV;CRTCRT_J13TRT_04_Q;crtuser;wdkcrttmp03;wdkcrttmp03;3l4yn
CTM-CONTROL-M;CTMCTM_E11AJF_08_A;CTMCTM_E11AJF_08_AJF01_A;"January 30, 2026";"January 30, 2026 1:30:11 PM";"January 30, 2026 1:30:11 PM";;Ended OK;AJF tables Annuelles (CTMPA);U512AJF010;Dummy;No;1;No;CTMSRV;CTMCTM_E11AJF_08_A;controlm;;SRV_PRIMAIRE;3l3yi
CTM-CONTROL-M;CTMCTM_E11AJF_08_H;CTMCTM_E11AJF_08_AJF01_H;"January 30, 2026";"January 30, 2026 1:30:52 PM";"January 30, 2026 1:30:52 PM";;Ended OK;AJF tables Hebdomadaires (CTMPH);U512AJF010;Dummy;No;1;No;CTMSRV;CTMCTM_E11AJF_08_H;controlm;;SRV_PRIMAIRE;3l4ed
CTM-CONTROL-M;CTMCTM_E11AJF_08_H;CTMCTM_E11AJF_08_AJF03_H;"January 30, 2026";"January 30, 2026 1:30:54 PM";"January 30, 2026 1:30:54 PM";;Ended OK;AJF tables Hebdomadaires CSCPH (CSC);U512AJF556;Dummy;No;1;No;CTMSRV;CTMCTM_E11AJF_08_H;controlm;;SRV_PRIMAIRE;3l4ee
CTM-CONTROL-M;CTMCTM_E11AJF_08_H;CTMCTM_E11AJF_08_AJF04_H;"January 30, 2026";"January 30, 2026 1:30:55 PM";"January 30, 2026 1:30:55 PM";;Ended OK;AJF tables Hebdomadaires DIS (Dispatch);U512AJF556;Dummy;No;1;No;CTMSRV;CTMCTM_E11AJF_08_H;controlm;;SRV_PRIMAIRE;3l4ef
CTM-CONTROL-M;CTMCTM_E11AJF_08_M;CTMCTM_E11AJF_08_AJF01_M;"January 30, 2026";"January 30, 2026 1:30:50 PM";"January 30, 2026 1:30:50 PM";;Ended OK;AJF tables Mensuelles (CTMPM);U512AJF010;Dummy;No;1;No;CTMSRV;CTMCTM_E11AJF_08_M;controlm;;SRV_PRIMAIRE;3l4ar
CTM-CONTROL-M;CTMCTM_E11AJF_08_M;CTMCTM_E11AJF_08_AJF04_M;"January 30, 2026";"January 30, 2026 1:30:43 PM";"January 30, 2026 1:30:43 PM";;Ended OK;"AJF tables CLOTURE Prov ou Def DWH Finance L1; L3 et D2";U512AJF230;Dummy;No;1;No;CTMSRV;CTMCTM_E11AJF_08_M;controlm;;SRV_PRIMAIRE;3l4aj
CTM-CONTROL-M;CTMCTM_E11AJF_08_M;CTMCTM_E11AJF_08_AJF05_M;"January 30, 2026";"January 30, 2026 1:30:46 PM";"January 30, 2026 1:30:46 PM";;Ended OK;AJF tables CLOTURE Prov +1 DWH Achats;U512AJF240;Dummy;No;1;No;CTMSRV;CTMCTM_E11AJF_08_M;controlm;;SRV_PRIMAIRE;3l4ak
CTM-CONTROL-M;CTMCTM_E11AJF_08_M;CTMCTM_E11AJF_08_AJF09_M;"January 30, 2026";"January 30, 2026 1:30:48 PM";"January 30, 2026 1:30:48 PM";;Ended OK;AJF tables Mensuelles CID;U512AJF554;Dummy;No;1;No;CTMSRV;CTMCTM_E11AJF_08_M;controlm;;SRV_PRIMAIRE;3l4al
CTM-CONTROL-M;CTMCTM_E11AJF_08_M;CTMCTM_E11AJF_08_AJF12_M;"January 30, 2026";"January 30, 2026 1:31:00 PM";"January 30, 2026 1:31:00 PM";;Ended OK;AJF tables CLOTURE Prov ou Def DWH L1 D2;U512AJF070;Dummy;No;1;No;CTMSRV;CTMCTM_E11AJF_08_M;controlm;;SRV_PRIMAIRE;3l4am
CTM-CONTROL-M;CTMCTM_E11AJF_08_M;CTMCTM_E11AJF_08_AJF20_M;"January 30, 2026";"January 30, 2026 1:30:49 PM";"January 30, 2026 1:30:49 PM";;Ended OK;AJF tables CLOTURE provisoire OA Finance L1;U512AJF130;Dummy;No;1;No;CTMSRV;CTMCTM_E11AJF_08_M;controlm;;SRV_PRIMAIRE;3l4an
CTM-CONTROL-M;CTMCTM_E11AJF_08_M;CTMCTM_E11AJF_08_AJF21_M;"January 30, 2026";"January 30, 2026 1:30:47 PM";"January 30, 2026 1:30:47 PM";;Ended OK;AJF tables CLOTURE Prov ou Def OA Finance L1 D2;U512AJF150;Dummy;No;1;No;CTMSRV;CTMCTM_E11AJF_08_M;controlm;;SRV_PRIMAIRE;3l4ao
CTM-CONTROL-M;CTMCTM_E11AJF_08_M;CTMCTM_E11AJF_08_AJF27_M;"January 30, 2026";"January 30, 2026 1:30:53 PM";"January 30, 2026 1:30:53 PM";;Ended OK;"AJF tables CLOTURE OA Finance L2;L1;D2;D3";U512AJF240;Dummy;No;1;No;CTMSRV;CTMCTM_E11AJF_08_M;controlm;;SRV_PRIMAIRE;3l4ap
CTM-CONTROL-M;CTMCTM_E11AJF_08_M;CTMCTM_E11AJF_08_AJF28_M;"January 30, 2026";"January 30, 2026 1:30:56 PM";"January 30, 2026 1:30:56 PM";;Ended OK;"AJF tables CLOTURE OFA L1; L3; D1 et D2";U512AJF150;Dummy;No;1;No;CTMSRV;CTMCTM_E11AJF_08_M;controlm;;SRV_PRIMAIRE;3l4aq
CTM-CONTROL-M;CTMCTM_E11AJF_08_M;CTMCTM_E11AJF_08_AJF41_M;"January 30, 2026";"January 30, 2026 1:30:42 PM";"January 30, 2026 1:30:42 PM";;Ended OK;AJF tables CLOTURE provisoire OAP L1;U512AJF200;Dummy;No;1;No;CTMSRV;CTMCTM_E11AJF_08_M;controlm;;SRV_PRIMAIRE;3l4ai
CTM-CONTROL-M;CTMCTM_E11AJF_08_Q;CTMCTM_E11AJF_08_AJF01_Q;"January 30, 2026";"January 30, 2026 1:30:34 PM";"January 30, 2026 1:30:34 PM";;Ended OK;AJF tables Quotidiennes (CTMPQ);U512AJF010;Dummy;No;1;No;CTMSRV;CTMCTM_E11AJF_08_Q;controlm;;SRV_PRIMAIRE;3l46k
CTM-CONTROL-M;CTMCTM_E11AJF_08_Q;CTMCTM_E11AJF_08_AJF04_Q;"January 30, 2026";"January 30, 2026 1:30:22 PM";"January 30, 2026 1:30:22 PM";;Ended OK;AJF tables Quotidiennes ETRM;U512AJF025;Dummy;No;1;No;CTMSRV;CTMCTM_E11AJF_08_Q;controlm;;SRV_PRIMAIRE;3l461
CTM-CONTROL-M;CTMCTM_E11AJF_08_Q;CTMCTM_E11AJF_08_AJF04_Q;"January 30, 2026";"January 30, 2026 1:30:38 PM";"January 30, 2026 1:30:38 PM";;Ended OK;AJF tables Quotidiennes ETRM;U512AJF025;Dummy;No;1;No;CTMSRV;CTMCTM_E11AJF_08_Q;controlm;;SRV_PRIMAIRE;3l46u
CTM-CONTROL-M;CTMCTM_E11AJF_08_Q;CTMCTM_E11AJF_08_AJF06_Q;"January 30, 2026";"January 30, 2026 1:30:23 PM";"January 30, 2026 1:30:23 PM";;Ended OK;AJF tables Journalieres DWH;U512AJF080;Dummy;No;1;No;CTMSRV;CTMCTM_E11AJF_08_Q;controlm;;SRV_PRIMAIRE;3l462
CTM-CONTROL-M;CTMCTM_E11AJF_08_Q;CTMCTM_E11AJF_08_AJF09_Q;"January 30, 2026";"January 30, 2026 1:30:24 PM";"January 30, 2026 1:30:24 PM";;Ended OK;AJF tables Journalieres ALADIN;U512AJF100;Dummy;No;1;No;CTMSRV;CTMCTM_E11AJF_08_Q;controlm;;SRV_PRIMAIRE;3l463
CTM-CONTROL-M;CTMCTM_E11AJF_08_Q;CTMCTM_E11AJF_08_AJF12_Q;"January 30, 2026";"January 30, 2026 1:30:25 PM";"January 30, 2026 1:30:25 PM";;Ended OK;AJF tables Journalieres ECO;U512AJF120;Dummy;No;1;No;CTMSRV;CTMCTM_E11AJF_08_Q;controlm;;SRV_PRIMAIRE;3l464
CTM-CONTROL-M;CTMCTM_E11AJF_08_Q;CTMCTM_E11AJF_08_AJF15_Q;"January 30, 2026";"January 30, 2026 1:30:26 PM";"January 30, 2026 1:30:26 PM";;Ended OK;AJF tables Journalieres MDM;U512AJF170;Dummy;No;1;No;CTMSRV;CTMCTM_E11AJF_08_Q;controlm;;SRV_PRIMAIRE;3l465
CTM-CONTROL-M;CTMCTM_E11AJF_08_Q;CTMCTM_E11AJF_08_AJF20_Q;"January 30, 2026";"January 30, 2026 1:30:27 PM";"January 30, 2026 1:30:27 PM";;Ended OK;AJF tables Quotidiennes CID;U512AJF550;Dummy;No;1;No;CTMSRV;CTMCTM_E11AJF_08_Q;controlm;;SRV_PRIMAIRE;3l466
CTM-CONTROL-M;CTMCTM_E11AJF_08_Q;CTMCTM_E11AJF_08_AJF21_Q;"January 30, 2026";"January 30, 2026 1:30:28 PM";"January 30, 2026 1:30:28 PM";;Ended OK;AJF tables Quoditiennes CID DEMANDE;U512AJF550;Dummy;No;1;No;CTMSRV;CTMCTM_E11AJF_08_Q;controlm;;SRV_PRIMAIRE;3l467
CTM-CONTROL-M;CTMCTM_E11AJF_08_Q;CTMCTM_E11AJF_08_AJF23_Q;"January 30, 2026";"January 30, 2026 1:30:27 PM";"January 30, 2026 1:30:27 PM";;Ended OK;AJF tables Quotidiennes CSC;U512AJF556;Dummy;No;1;No;CTMSRV;CTMCTM_E11AJF_08_Q;controlm;;SRV_PRIMAIRE;3l468
CTM-CONTROL-M;CTMCTM_E11AJF_08_Q;CTMCTM_E11AJF_08_AJF24_Q;"January 30, 2026";"January 30, 2026 1:31:00 PM";"January 30, 2026 1:31:00 PM";;Ended OK;ADD COND DWH a la montee au plan;U512AJF010;Dummy;No;1;No;CTMSRV;CTMCTM_E11AJF_08_Q;controlm;;SRV_PRIMAIRE;3l469
CTM-CONTROL-M;CTMCTM_E11AJF_08_Q;CTMCTM_E11AJF_08_AJF27_Q;"January 30, 2026";"January 30, 2026 1:30:37 PM";"January 30, 2026 1:30:37 PM";;Ended OK;AJF tables Quotidiennes DISPATCH;U512AJF556;Dummy;No;1;No;CTMSRV;CTMCTM_E11AJF_08_Q;controlm;;SRV_PRIMAIRE;3l46l
CTM-CONTROL-M;CTMCTM_E11AJF_08_Q;CTMCTM_E11AJF_08_AJF28_Q;"January 30, 2026";"January 30, 2026 1:31:01 PM";"January 30, 2026 1:31:01 PM";;Ended OK;AJF tables Quotidiennes DTR;U512AJF080;Dummy;No;1;No;CTMSRV;CTMCTM_E11AJF_08_Q;controlm;;SRV_PRIMAIRE;3l46a
CTM-CONTROL-M;CTMCTM_E11AJF_08_Q;CTMCTM_E11AJF_08_AJF30_Q;"January 30, 2026";"January 30, 2026 1:30:31 PM";"January 30, 2026 1:30:31 PM";;Ended OK;AJF tables Journalieres PELICAN;U512AJF020;Dummy;No;1;No;CTMSRV;CTMCTM_E11AJF_08_Q;controlm;;SRV_PRIMAIRE;3l46b
CTM-CONTROL-M;CTMCTM_E11AJF_08_Q;CTMCTM_E11AJF_08_AJF39_Q;"January 30, 2026";"January 30, 2026 1:30:29 PM";"January 30, 2026 1:30:29 PM";;Ended OK;ADD COND SIGMA a la montee au plan;U512AJF010;Dummy;No;1;No;CTMSRV;CTMCTM_E11AJF_08_Q;controlm;;SRV_PRIMAIRE;3l46c
CTM-CONTROL-M;CTMCTM_E11AJF_08_Q;CTMCTM_E11AJF_08_AJF40_Q;"January 30, 2026";"January 30, 2026 1:30:33 PM";"January 30, 2026 1:30:33 PM";;Ended OK;AJF tables Journalieres SIGMA;U512AJF020;Dummy;No;1;No;CTMSRV;CTMCTM_E11AJF_08_Q;controlm;;SRV_PRIMAIRE;3l46d
CTM-CONTROL-M;CTMCTM_E11AJF_08_Q;CTMCTM_E11AJF_08_AJF432_Q;"January 30, 2026";"January 30, 2026 1:30:39 PM";"January 30, 2026 1:30:39 PM";;Ended OK;AJF tables Journalieres ENERGY sauf Samedi;U512AJF410;Dummy;No;1;No;CTMSRV;CTMCTM_E11AJF_08_Q;controlm;;SRV_PRIMAIRE;3l46m
CTM-CONTROL-M;CTMCTM_E11AJF_08_Q;CTMCTM_E11AJF_08_AJF43_Q;"January 30, 2026";"January 30, 2026 1:30:41 PM";"January 30, 2026 1:30:41 PM";;Ended OK;AJF tables Journalieres ENERGY;U512AJF410;Dummy;No;1;No;CTMSRV;CTMCTM_E11AJF_08_Q;controlm;;SRV_PRIMAIRE;3l46e
CTM-CONTROL-M;CTMCTM_E11AJF_08_Q;CTMCTM_E11AJF_08_AJF47_Q;"January 30, 2026";"January 30, 2026 1:30:29 PM";"January 30, 2026 1:30:29 PM";;Ended OK;ADD COND OAP a la montee au plan;U512AJF010;Dummy;No;1;No;CTMSRV;CTMCTM_E11AJF_08_Q;controlm;;SRV_PRIMAIRE;3l46f
CTM-CONTROL-M;CTMCTM_E11AJF_08_Q;CTMCTM_E11AJF_08_AJF48_Q;"January 30, 2026";"January 30, 2026 1:30:30 PM";"January 30, 2026 1:30:30 PM";;Ended OK;AJF tables Journalieres OAP;U512AJF020;Dummy;No;1;No;CTMSRV;CTMCTM_E11AJF_08_Q;controlm;;SRV_PRIMAIRE;3l46g
CTM-CONTROL-M;CTMCTM_E11AJF_08_Q;CTMCTM_E11AJF_08_AJF49_Q;"January 30, 2026";"January 30, 2026 1:30:32 PM";"January 30, 2026 1:30:32 PM";;Ended OK;AJF tables Journalieres matin OAP;U512AJF030;Dummy;No;1;No;CTMSRV;CTMCTM_E11AJF_08_Q;controlm;;SRV_PRIMAIRE;3l46h
CTM-CONTROL-M;CTMCTM_E11AJF_08_Q;CTMCTM_E11AJF_08_AJF52_Q;"January 30, 2026";"January 30, 2026 1:30:35 PM";"January 30, 2026 1:30:35 PM";;Ended OK;AJF tables Journalieres SIC;U512AJF410;Dummy;No;1;No;CTMSRV;CTMCTM_E11AJF_08_Q;controlm;;SRV_PRIMAIRE;3l46i
CTM-CONTROL-M;CTMCTM_E11AJF_08_Q;CTMCTM_E11AJF_08_AJF55_Q;"January 30, 2026";"January 30, 2026 1:30:20 PM";"January 30, 2026 1:30:20 PM";;Ended OK;ADD COND OFA a la montee au plan;U512AJF010;Dummy;No;1;No;CTMSRV;CTMCTM_E11AJF_08_Q;controlm;;SRV_PRIMAIRE;3l46j
CTM-CONTROL-M;CTMCTM_E11AJF_08_Q;CTMCTM_E11AJF_08_AJF58_Q;"January 30, 2026";"January 30, 2026 1:30:40 PM";"January 30, 2026 1:30:40 PM";;Ended OK;AJF tables Journalieres KDR;U512AJF170;Dummy;No;1;No;CTMSRV;CTMCTM_E11AJF_08_Q;controlm;;SRV_PRIMAIRE;3l46n
CTM-CONTROL-M;CTMCTM_E11AJF_08_Q;CTMCTM_E11AJF_08_AJF59_Q;"January 30, 2026";"January 30, 2026 1:30:41 PM";"January 30, 2026 1:30:41 PM";;Ended OK;AJF tables Journalieres FINANCE;U512AJF170;Dummy;No;1;No;CTMSRV;CTMCTM_E11AJF_08_Q;controlm;;SRV_PRIMAIRE;3l46p
CTM-CONTROL-M;CTMCTM_E11AJF_08_Q;CTMCTM_E11AJF_08_AJF60_Q;"January 30, 2026";"January 30, 2026 1:30:45 PM";"January 30, 2026 1:30:45 PM";;Ended OK;AJF tables Journaliere PREDTR;U512AJF170;Dummy;No;1;No;CTMSRV;CTMCTM_E11AJF_08_Q;controlm;;SRV_PRIMAIRE;3l46o
CTM-CONTROL-M;CTMCTM_E11AJF_08_Q;CTMCTM_E11AJF_08_AJF61_Q;"January 30, 2026";"January 30, 2026 1:30:44 PM";"January 30, 2026 1:30:44 PM";;Ended OK;AJF tables Journalieres ARS;U512AJF170;Dummy;No;1;No;CTMSRV;CTMCTM_E11AJF_08_Q;controlm;;SRV_PRIMAIRE;3l46q
CTM-CONTROL-M;CTMCTM_E11AJF_08_Q;CTMCTM_E11AJF_08_AJF62_Q;"January 30, 2026";"January 30, 2026 1:30:23 PM";"January 30, 2026 1:30:23 PM";;Ended OK;AJF tables Journalieres MBB;U512AJF170;Dummy;No;1;No;CTMSRV;CTMCTM_E11AJF_08_Q;controlm;;SRV_PRIMAIRE;3l46r
CTM-CONTROL-M;CTMCTM_E11AJF_08_Q;CTMCTM_E11AJF_08_AJF63_Q;"January 30, 2026";"January 30, 2026 1:30:26 PM";"January 30, 2026 1:30:26 PM";;Ended OK;AJF tables Quotidiennes GDR;U512AJF025;Dummy;No;1;No;CTMSRV;CTMCTM_E11AJF_08_Q;controlm;;SRV_PRIMAIRE;3l46s
CTM-CONTROL-M;CTMCTM_E11AJF_08_Q;CTMCTM_E11AJF_08_AJF64_Q;"January 30, 2026";"January 30, 2026 1:30:36 PM";"January 30, 2026 1:30:36 PM";;Ended OK;AJF tables Quotidiennes PKI;U512AJF025;Dummy;No;1;No;CTMSRV;CTMCTM_E11AJF_08_Q;controlm;;SRV_PRIMAIRE;3l46t
CTM-CONTROL-M;CTMCTM_E11AJF_08_S;CTMCTM_E11AJF_08_AJF01_S;"January 30, 2026";"January 30, 2026 1:30:51 PM";"January 30, 2026 1:30:51 PM";;Ended OK;AJF tables Semestrielles (CTMPS);U512AJF010;Dummy;No;1;No;CTMSRV;CTMCTM_E11AJF_08_S;controlm;;SRV_PRIMAIRE;3l4fw
CTM-CONTROL-M;CTMCTM_E11STP_01_Q;CTMCTM_E11STP_01_SUB02_Q;"January 30, 2026";"January 30, 2026 8:00:00 PM";"January 30, 2026 8:00:00 PM";;Ended OK;Arret du serveur UDKEMB;ARRET_UDKEMB;Dummy;No;1;No;CTMSRV;CTMCTM_E11STP_01_Q;root;;;3l3gy
CTM-CONTROL-M;CTMCTM_E11TEC_04_Q;CTMCTM_E11TEC_04_SUB01_Q;"January 30, 2026";"January 31, 2026 12:05:00 AM";"January 31, 2026 12:05:00 AM";;Ended OK;Soumission scripts DWH a 00h05;SUBT0005 DWH;Dummy;No;1;No;CTMSRV;CTMCTM_E11TEC_04_Q;svce_cm;;;3l37l
CTM-CONTROL-M;CTMCTM_E11TEC_04_Q;CTMCTM_E11TEC_04_SUB02_Q;"January 30, 2026";"January 31, 2026 2:00:00 AM";"January 31, 2026 2:00:00 AM";;Ended OK;Soumission scripts CITY a 01h00;CITY SUBT0200;Dummy;No;1;No;CTMSRV;CTMCTM_E11TEC_04_Q;svce_cm;;;3l37m
CTM-CONTROL-M;CTMCTM_E11TEC_04_Q;CTMCTM_E11TEC_04_SUB03_Q;"January 30, 2026";"January 31, 2026 3:00:00 AM";"January 31, 2026 3:00:00 AM";;Ended OK;Soumission deblocage scripts HERCULE a 03h00;HERCULE SUBT0300 start  prod;Dummy;No;1;No;CTMSRV;CTMCTM_E11TEC_04_Q;svce_cm;;;3l37n
CTM-CONTROL-M;CTMCTM_E11TEC_04_Q;CTMCTM_E11TEC_04_SUB10_Q;"January 30, 2026";"January 30, 2026 1:30:12 PM";"January 30, 2026 1:30:12 PM";;Ended OK;Soumission scripts a 13H30;SUBT1330;Dummy;No;1;No;CTMSRV;CTMCTM_E11TEC_04_Q;svce_cm;;;3l37o
CTM-CONTROL-M;CTMCTM_E11TEC_04_Q;CTMCTM_E11TEC_04_SUB11_Q;"January 30, 2026";"January 30, 2026 2:00:00 PM";"January 30, 2026 2:00:00 PM";;Ended OK;Soumission scripts a 14h00;SUBT1400;Dummy;No;1;No;CTMSRV;CTMCTM_E11TEC_04_Q;svce_cm;;;3l37p
CTM-CONTROL-M;CTMCTM_E11TEC_04_Q;CTMCTM_E11TEC_04_SUB12_Q;"January 30, 2026";"January 30, 2026 3:00:00 PM";"January 30, 2026 3:00:00 PM";;Ended OK;Soumission scripts a 15h00;SUBT1500;Dummy;No;1;No;CTMSRV;CTMCTM_E11TEC_04_Q;svce_cm;;;3l37q
CTM-CONTROL-M;CTMCTM_E11TEC_04_Q;CTMCTM_E11TEC_04_SUB16_Q;"January 30, 2026";"January 31, 2026 6:00:00 AM";"January 31, 2026 6:00:00 AM";;Ended OK;Soumission start service HERCULE à 07h00;HERCULE SUBT0700 stop prod;Dummy;No;1;No;CTMSRV;CTMCTM_E11TEC_04_Q;root;;;3l37r
CTM-CONTROL-M;CTMCTM_E11TEC_04_Q;CTMCTM_E11TEC_04_SUB28_Q;"January 30, 2026";"January 30, 2026 2:00:00 PM";"January 30, 2026 2:00:00 PM";;Ended OK;Soumission scripts à 14h00;SUBT1400;Dummy;No;1;No;CTMSRV;CTMCTM_E11TEC_04_Q;root;;;3l37s
CTM-CONTROL-M;CTMCTM_E11TEC_04_Q;CTMCTM_E11TEC_04_SUB29_Q;"January 30, 2026";"January 30, 2026 3:00:00 PM";"January 30, 2026 3:00:00 PM";;Ended OK;Soumission scripts à 15h00;SUBT1500;Dummy;No;1;No;CTMSRV;CTMCTM_E11TEC_04_Q;root;;;3l37t
CTM-CONTROL-M;CTMCTM_E11TEC_04_Q;CTMCTM_E11TEC_04_SUB34_Q;"January 30, 2026";"January 30, 2026 9:30:00 PM";"January 30, 2026 9:30:00 PM";;Ended OK;Soumission scripts à 21H30;SUBT2130;Dummy;No;1;No;CTMSRV;CTMCTM_E11TEC_04_Q;root;;;3l37u
CTM-CONTROL-M;CTMCTM_E12AJF_08_Q;CTMCTM_E12AJF_08_ACC01_Q;"January 30, 2026";"January 30, 2026 3:00:00 PM";"January 30, 2026 3:00:21 PM";;Ended OK;Accumulation des statistiques control_m;U512AJF510;Command;No;1;No;CTMSRV;CTMCTM_E12AJF_08_Q;controlm;ldkctmp50;SRV_PRIMAIRE;3l3o1
CTM-CONTROL-M;CTMCTM_E12AJF_08_Q;CTMCTM_E12AJF_08_DEL01_Q;"January 30, 2026";"January 30, 2026 1:30:20 PM";"January 30, 2026 1:30:24 PM";;Ended OK;Delete des conditions anterieures a 7 jours;U512AJF500;Command;No;1;No;CTMSRV;CTMCTM_E12AJF_08_Q;controlm;ldkctmp50;SRV_PRIMAIRE;3l3o0
CTM-CONTROL-M;CTMCTM_E12AJF_08_Q;CTMCTM_E12AJF_08_EXT01_Q;"January 30, 2026";"January 30, 2026 6:45:00 PM";"January 30, 2026 6:45:05 PM";;Ended OK;ctmldnrs: creation fic. conditions AJF absentes nof U514;U512AJF800;Command;No;1;No;CTMSRV;CTMCTM_E12AJF_08_Q;controlm;ldkctmp50;SRV_PRIMAIRE;3l3o7
CTM-CONTROL-M;CTMCTM_E12AJF_08_Q;CTMCTM_E12AJF_08_ORP01_Q;"January 30, 2026";"January 30, 2026 6:45:06 PM";"January 30, 2026 6:45:07 PM";;Ended OK;ctmldnrs: load des conditions AJF absentes (VEH*);U512AJF820;Command;No;1;No;CTMSRV;CTMCTM_E12AJF_08_Q;controlm;ldkctmp50;SRV_PRIMAIRE;3l3o8
CTM-CONTROL-M;CTMCTM_E12AJF_08_Q;CTMCTM_E12AJF_08_ORP02_Q;"January 30, 2026";"January 30, 2026 6:45:08 PM";"January 30, 2026 6:45:09 PM";;Ended OK;ctmldnrs: load des conditions AJF absentes (PRE*);U512AJF810;Command;No;1;No;CTMSRV;CTMCTM_E12AJF_08_Q;controlm;ldkctmp50;SRV_PRIMAIRE;3l3o2
CTM-CONTROL-M;CTMCTM_E12AJF_08_Q;CTMCTM_E12AJF_08_ORP03_Q;"January 30, 2026";"January 30, 2026 6:45:09 PM";"January 30, 2026 6:45:11 PM";;Ended OK;ctmldnrs: load des conditions AJF absentes (CID*);U512AJF811;Command;No;1;No;CTMSRV;CTMCTM_E12AJF_08_Q;controlm;ldkctmp50;SRV_PRIMAIRE;3l3o3
CTM-CONTROL-M;CTMCTM_E12AJF_08_Q;CTMCTM_E12AJF_08_ORP04_Q;"January 30, 2026";"January 30, 2026 6:45:12 PM";"January 30, 2026 6:45:13 PM";;Ended OK;ctmldnrs: load des conditions AJF absentes (EAI*);U512AJF812;Command;No;1;No;CTMSRV;CTMCTM_E12AJF_08_Q;controlm;ldkctmp50;SRV_PRIMAIRE;3l3o4
CTM-CONTROL-M;CTMCTM_E12AJF_08_Q;CTMCTM_E12AJF_08_ORP05_Q;"January 30, 2026";"January 30, 2026 6:45:13 PM";"January 30, 2026 6:45:14 PM";;Ended OK;ctmldnrs: load des conditions AJF absentes (ETR*);U512AJF813;Command;No;1;No;CTMSRV;CTMCTM_E12AJF_08_Q;controlm;ldkctmp50;SRV_PRIMAIRE;3l3o5
CTM-CONTROL-M;CTMCTM_E12AJF_08_Q;CTMCTM_E12AJF_08_ORP06_Q;"January 30, 2026";"January 30, 2026 6:45:15 PM";"January 30, 2026 6:45:16 PM";;Ended OK;ctmldnrs: load des conditions AJF absentes (BOC*);U512AJF815;Command;No;1;No;CTMSRV;CTMCTM_E12AJF_08_Q;controlm;ldkctmp50;SRV_PRIMAIRE;3l3o6
CTM-CONTROL-M;CTMCTM_E12AJF_08_Q;CTMCTM_E12AJF_08_ORP07_Q;"January 30, 2026";"January 30, 2026 6:45:17 PM";"January 30, 2026 6:45:18 PM";;Ended OK;ctmldnrs: load des conditions AJF absentes (OAP*);AJF_CTM_860;Command;No;1;No;CTMSRV;CTMCTM_E12AJF_08_Q;controlm;ldkctmp50;SRV_PRIMAIRE;3l3od
CTM-CONTROL-M;CTMCTM_E12AJF_08_Q;CTMCTM_E12AJF_08_ORP08_Q;"January 30, 2026";"January 30, 2026 6:45:19 PM";"January 30, 2026 6:45:19 PM";;Ended OK;ctmldnrs: load des conditions AJF absentes (ECO*);AJF_CTM_820;Command;No;1;No;CTMSRV;CTMCTM_E12AJF_08_Q;controlm;ldkctmp50;SRV_PRIMAIRE;3l3o9
CTM-CONTROL-M;CTMCTM_E12AJF_08_Q;CTMCTM_E12AJF_08_ORP09_Q;"January 30, 2026";"January 30, 2026 6:45:20 PM";"January 30, 2026 6:45:21 PM";;Ended OK;ctmldnrs: load des conditions AJF absentes (XFB*);AJF_CTM_830;Command;No;1;No;CTMSRV;CTMCTM_E12AJF_08_Q;controlm;ldkctmp50;SRV_PRIMAIRE;3l3oa
CTM-CONTROL-M;CTMCTM_E12AJF_08_Q;CTMCTM_E12AJF_08_ORP10_Q;"January 30, 2026";"January 30, 2026 6:45:22 PM";"January 30, 2026 6:45:22 PM";;Ended OK;ctmldnrs: load des conditions AJF absentes (ALA*);AJF_CTM_840;Command;No;1;No;CTMSRV;CTMCTM_E12AJF_08_Q;controlm;ldkctmp50;SRV_PRIMAIRE;3l3ob
CTM-CONTROL-M;CTMCTM_E12AJF_08_Q;CTMCTM_E12AJF_08_ORP11_Q;"January 30, 2026";"January 30, 2026 6:45:23 PM";"January 30, 2026 6:45:24 PM";;Ended OK;ctmldnrs: load des conditions AJF absentes (SIG*);AJF_CTM_850;Command;No;1;No;CTMSRV;CTMCTM_E12AJF_08_Q;controlm;ldkctmp50;SRV_PRIMAIRE;3l3oc
CTM-CONTROL-M;CTMCTM_E12AJF_08_Q;CTMCTM_E12AJF_08_ORP12_Q;"January 30, 2026";"January 30, 2026 6:45:25 PM";"January 30, 2026 6:45:26 PM";;Ended OK;ctmldnrs: load des conditions AJF absentes (SAG*);AJF_CTM_850;Command;No;1;No;CTMSRV;CTMCTM_E12AJF_08_Q;controlm;ldkctmp50;SRV_PRIMAIRE;3l3oe
CTM-CONTROL-M;CTMCTM_E12AJF_08_Q;CTMCTM_E12AJF_08_ORP13_Q;"January 30, 2026";"January 30, 2026 6:45:27 PM";"January 30, 2026 6:45:27 PM";;Ended OK;ctmldnrs: load des conditions AJF absentes (HRA*);AJF_CTM_850;Command;No;1;No;CTMSRV;CTMCTM_E12AJF_08_Q;controlm;ldkctmp50;SRV_PRIMAIRE;3l3of
CTM-CONTROL-M;CTMCTM_E12AJF_08_Q;CTMCTM_E12AJF_08_ORP14_Q;"January 30, 2026";"January 30, 2026 6:45:28 PM";"January 30, 2026 6:45:29 PM";;Ended OK;ctmldnrs: load des conditions AJF absentes (DWH*);AJF_CTM_850;Command;No;1;No;CTMSRV;CTMCTM_E12AJF_08_Q;controlm;ldkctmp50;SRV_PRIMAIRE;3l3og
CTM-CONTROL-M;CTMCTM_E12AJF_08_Q;CTMCTM_E12AJF_08_ORP15_Q;"January 30, 2026";"January 30, 2026 6:45:30 PM";"January 30, 2026 6:45:31 PM";;Ended OK;ctmldnrs: load des conditions AJF absentes (CSC*);AJF_CTM_850;Command;No;1;No;CTMSRV;CTMCTM_E12AJF_08_Q;controlm;ldkctmp50;SRV_PRIMAIRE;3l3oh
CTM-CONTROL-M;CTMCTM_E12AJF_08_Q;CTMCTM_E12AJF_08_ORP16_Q;"January 30, 2026";"January 30, 2026 6:45:32 PM";"January 30, 2026 6:45:33 PM";;Ended OK;ctmldnrs: load des conditions AJF absentes (MDM*);AJF_CTM_850;Command;No;1;No;CTMSRV;CTMCTM_E12AJF_08_Q;controlm;ldkctmp50;SRV_PRIMAIRE;3l3oi
CTM-CONTROL-M;CTMCTM_E12AJF_08_Q;CTMCTM_E12AJF_08_ORP17_Q;"January 30, 2026";"January 30, 2026 6:45:33 PM";"January 30, 2026 6:45:34 PM";;Ended OK;ctmldnrs: load des conditions AJF absentes (HA8*);AJF_CTM_850;Command;No;1;No;CTMSRV;CTMCTM_E12AJF_08_Q;controlm;ldkctmp50;SRV_PRIMAIRE;3l3oj
CTM-CONTROL-M;CTMCTM_E12AJF_08_Q;CTMCTM_E12AJF_08_ORP18_Q;"January 30, 2026";"January 30, 2026 6:45:35 PM";"January 30, 2026 6:45:36 PM";;Ended OK;ctmldnrs: load des conditions AJF absentes (NRJ*);AJF_CTM_850;Command;No;1;No;CTMSRV;CTMCTM_E12AJF_08_Q;controlm;ldkctmp50;SRV_PRIMAIRE;3l3ok
CTM-CONTROL-M;CTMCTM_E12AJF_08_Q;CTMCTM_E12AJF_08_ORP19_Q;"January 30, 2026";"January 30, 2026 6:45:37 PM";"January 30, 2026 6:45:38 PM";;Ended OK;ctmldnrs: load des conditions AJF absentes (OAF*);AJF_CTM_850;Command;No;1;No;CTMSRV;CTMCTM_E12AJF_08_Q;controlm;ldkctmp50;SRV_PRIMAIRE;3l3ol
CTM-CONTROL-M;CTMCTM_E12AJF_08_Q;CTMCTM_E12AJF_08_ORP20_Q;"January 30, 2026";"January 30, 2026 6:45:39 PM";"January 30, 2026 6:45:40 PM";;Ended OK;ctmldnrs: load des conditions AJF absentes (OPM*);AJF_CTM_850;Command;No;1;No;CTMSRV;CTMCTM_E12AJF_08_Q;controlm;ldkctmp50;SRV_PRIMAIRE;3l3om
CTM-CONTROL-M;CTMCTM_E12AJF_08_Q;CTMCTM_E12AJF_08_ORP21_Q;"January 30, 2026";"January 30, 2026 6:45:40 PM";"January 30, 2026 6:45:41 PM";;Ended OK;ctmldnrs: load des conditions AJF absentes (OAA*);AJF_CTM_850;Command;No;1;No;CTMSRV;CTMCTM_E12AJF_08_Q;controlm;ldkctmp50;SRV_PRIMAIRE;3l3on
CTM-CONTROL-M;CTMCTM_E12AJF_08_Q;CTMCTM_E12AJF_08_ORP22_Q;"January 30, 2026";"January 30, 2026 6:45:42 PM";"January 30, 2026 6:45:43 PM";;Ended OK;ctmldnrs: load des conditions AJF absentes (PRO*);AJF_CTM_850;Command;No;1;No;CTMSRV;CTMCTM_E12AJF_08_Q;controlm;ldkctmp50;SRV_PRIMAIRE;3l3oo
CTM-CONTROL-M;CTMCTM_E12AJF_08_Q;CTMCTM_E12AJF_08_ORP23_Q;"January 30, 2026";"January 30, 2026 6:45:44 PM";"January 30, 2026 6:45:45 PM";;Ended OK;ctmldnrs: load des conditions AJF absentes (DWS*);AJF_CTM_850;Command;No;1;No;CTMSRV;CTMCTM_E12AJF_08_Q;controlm;ldkctmp50;SRV_PRIMAIRE;3l3op
CTM-CONTROL-M;CTMCTM_E12AJF_08_Q;CTMCTM_E12AJF_08_ORP24_Q;"January 30, 2026";"January 30, 2026 6:45:45 PM";"January 30, 2026 6:45:46 PM";;Ended OK;ctmldnrs: load des conditions AJF absentes (DWA*);AJF_CTM_850;Command;No;1;No;CTMSRV;CTMCTM_E12AJF_08_Q;controlm;ldkctmp50;SRV_PRIMAIRE;3l3oq
CTM-CONTROL-M;CTMCTM_E12AJF_08_Q;CTMCTM_E12AJF_08_ORP25_Q;"January 30, 2026";"January 30, 2026 6:45:47 PM";"January 30, 2026 6:45:48 PM";;Ended OK;ctmldnrs: load des conditions AJF absentes (DWF*);AJF_CTM_850;Command;No;1;No;CTMSRV;CTMCTM_E12AJF_08_Q;controlm;ldkctmp50;SRV_PRIMAIRE;3l3or
CTM-CONTROL-M;CTMCTM_E12AJF_08_Q;CTMCTM_E12AJF_08_ORP26_Q;"January 30, 2026";"January 30, 2026 6:45:49 PM";"January 30, 2026 6:45:49 PM";;Ended OK;ctmldnrs: load des conditions AJF absentes (OPT*);AJF_CTM_850;Command;No;1;No;CTMSRV;CTMCTM_E12AJF_08_Q;controlm;ldkctmp50;SRV_PRIMAIRE;3l3os
CTM-CONTROL-M;CTMCTM_E12AJF_08_Q;CTMCTM_E12AJF_08_ORP27_Q;"January 30, 2026";"January 30, 2026 6:45:50 PM";"January 30, 2026 6:45:51 PM";;Ended OK;ctmldnrs: load des conditions AJF absentes (GTG*);AJF_CTM_850;Command;No;1;No;CTMSRV;CTMCTM_E12AJF_08_Q;controlm;ldkctmp50;SRV_PRIMAIRE;3l3ot
CTM-CONTROL-M;CTMCTM_E12AJF_08_Q;CTMCTM_E12AJF_08_ORP28_Q;"January 30, 2026";"January 30, 2026 6:45:52 PM";"January 30, 2026 6:45:53 PM";;Ended OK;ctmldnrs: load des conditions AJF absentes (ARI*);AJF_CTM_850;Command;No;1;No;CTMSRV;CTMCTM_E12AJF_08_Q;controlm;ldkctmp50;SRV_PRIMAIRE;3l3ou
CTM-CONTROL-M;CTMCTM_E12AJF_08_Q;CTMCTM_E12AJF_08_ORP29_Q;"January 30, 2026";"January 30, 2026 6:45:54 PM";"January 30, 2026 6:45:54 PM";;Ended OK;ctmldnrs: load des conditions AJF absentes (SRV*);AJF_CTM_850;Command;No;1;No;CTMSRV;CTMCTM_E12AJF_08_Q;controlm;ldkctmp50;SRV_PRIMAIRE;3l3ov
CTM-CONTROL-M;CTMCTM_E12AJF_08_Q;CTMCTM_E12AJF_08_ORP30_Q;"January 30, 2026";"January 30, 2026 6:45:55 PM";"January 30, 2026 6:45:56 PM";;Ended OK;ctmldnrs: load des conditions AJF absentes (FST*);AJF_CTM_850;Command;No;1;No;CTMSRV;CTMCTM_E12AJF_08_Q;controlm;ldkctmp50;SRV_PRIMAIRE;3l3ow
CTM-CONTROL-M;CTMCTM_E12AJF_08_Q;CTMCTM_E12AJF_08_ORP31_Q;"January 30, 2026";"January 30, 2026 6:45:57 PM";"January 30, 2026 6:45:57 PM";;Ended OK;ctmldnrs: load des conditions AJF absentes (PIC*);AJF_CTM_850;Command;No;1;No;CTMSRV;CTMCTM_E12AJF_08_Q;controlm;ldkctmp50;SRV_PRIMAIRE;3l3ox
CTM-CONTROL-M;CTMCTM_E12AJF_08_Q;CTMCTM_E12AJF_08_ORP32_Q;"January 30, 2026";"January 30, 2026 6:45:58 PM";"January 30, 2026 6:45:59 PM";;Ended OK;ctmldnrs: load des conditions AJF absentes (SES*);AJF_CTM_850;Command;No;1;No;CTMSRV;CTMCTM_E12AJF_08_Q;controlm;ldkctmp50;SRV_PRIMAIRE;3l3oy
CTM-CONTROL-M;CTMCTM_E12AJF_08_Q;CTMCTM_E12AJF_08_ORP33_Q;"January 30, 2026";"January 30, 2026 6:46:00 PM";"January 30, 2026 6:46:00 PM";;Ended OK;ctmldnrs: load des conditions AJF absentes (DIS*);AJF_CTM_850;Command;No;1;No;CTMSRV;CTMCTM_E12AJF_08_Q;controlm;ldkctmp50;SRV_PRIMAIRE;3l3oz
CTM-CONTROL-M;CTMCTM_E12AJF_08_Q;CTMCTM_E12AJF_08_ORP34_Q;"January 30, 2026";"January 30, 2026 6:46:01 PM";"January 30, 2026 6:46:02 PM";;Ended OK;ctmldnrs: load des conditions AJF absentes (DIC*);AJF_CTM_850;Command;No;1;No;CTMSRV;CTMCTM_E12AJF_08_Q;controlm;ldkctmp50;SRV_PRIMAIRE;3l3p0
CTM-CONTROL-M;CTMCTM_E12AJF_08_Q;CTMCTM_E12AJF_08_ORP35_Q;"January 30, 2026";"January 30, 2026 6:46:02 PM";"January 30, 2026 6:46:03 PM";;Ended OK;ctmldnrs: load des conditions AJF absentes (HAM*);AJF_CTM_850;Command;No;1;No;CTMSRV;CTMCTM_E12AJF_08_Q;controlm;ldkctmp50;SRV_PRIMAIRE;3l3p1
CTM-CONTROL-M;CTMCTM_E12AJF_08_Q;CTMCTM_E12AJF_08_ORP36_Q;"January 30, 2026";"January 30, 2026 6:46:04 PM";"January 30, 2026 6:46:05 PM";;Ended OK;ctmldnrs: load des conditions AJF absentes (DWC*);AJF_CTM_850;Command;No;1;No;CTMSRV;CTMCTM_E12AJF_08_Q;controlm;ldkctmp50;SRV_PRIMAIRE;3l3p2
CTM-CONTROL-M;CTMCTM_E12AJF_08_Q;CTMCTM_E12AJF_08_ORP37_Q;"January 30, 2026";"January 30, 2026 6:46:06 PM";"January 30, 2026 6:46:06 PM";;Ended OK;ctmldnrs: load des conditions AJF absentes (DTR*);AJF_CTM_850;Command;No;1;No;CTMSRV;CTMCTM_E12AJF_08_Q;controlm;ldkctmp50;SRV_PRIMAIRE;3l3p3
CTM-CONTROL-M;CTMCTM_E12AJF_08_Q;CTMCTM_E12AJF_08_ORP38_Q;"January 30, 2026";"January 30, 2026 6:46:07 PM";"January 30, 2026 6:46:09 PM";;Ended OK;ctmldnrs: load des conditions AJF absentes (PEL*);AJF_CTM_850;Command;No;1;No;CTMSRV;CTMCTM_E12AJF_08_Q;controlm;ldkctmp50;SRV_PRIMAIRE;3l3p4
CTM-CONTROL-M;CTMCTM_E12AJF_08_Q;CTMCTM_E12AJF_08_ORP39_Q;"January 30, 2026";"January 30, 2026 6:46:10 PM";"January 30, 2026 6:46:11 PM";;Ended OK;ctmldnrs: load des conditions AJF absentes (HAV*);AJF_CTM_850;Command;No;1;No;CTMSRV;CTMCTM_E12AJF_08_Q;controlm;ldkctmp50;SRV_PRIMAIRE;3l3p5
CTM-CONTROL-M;CTMCTM_E12AJF_08_Q;CTMCTM_E12AJF_08_ORP40_Q;"January 30, 2026";"January 30, 2026 6:46:11 PM";"January 30, 2026 6:46:12 PM";;Ended OK;ctmldnrs: load des conditions AJF absentes (HO*) HOLD et HOLD2;AJF_CTM_850;Command;No;1;No;CTMSRV;CTMCTM_E12AJF_08_Q;controlm;ldkctmp50;SRV_PRIMAIRE;3l3p6
CTM-CONTROL-M;CTMCTM_E12AJF_08_Q;CTMCTM_E12AJF_08_ORP41_Q;"January 30, 2026";"January 30, 2026 6:46:13 PM";"January 30, 2026 6:46:14 PM";;Ended OK;ctmldnrs: load des conditions AJF absentes (SIC*);AJF_CTM_850;Command;No;1;No;CTMSRV;CTMCTM_E12AJF_08_Q;controlm;ldkctmp50;SRV_PRIMAIRE;3l3p7
CTM-CONTROL-M;CTMCTM_E12AJF_08_Q;CTMCTM_E12AJF_08_ORP42_Q;"January 30, 2026";"January 30, 2026 6:46:15 PM";"January 30, 2026 6:46:15 PM";;Ended OK;ctmldnrs: load des conditions AJF absentes (OFA*);AJF_CTM_850;Command;No;1;No;CTMSRV;CTMCTM_E12AJF_08_Q;controlm;ldkctmp50;SRV_PRIMAIRE;3l3p8
CTM-CONTROL-M;CTMCTM_E12AJF_08_Q;CTMCTM_E12AJF_08_ORP43_Q;"January 30, 2026";"January 30, 2026 6:46:16 PM";"January 30, 2026 6:46:17 PM";;Ended OK;ctmldnrs: load des conditions AJF absentes (AGG*);AJF_CTM_850;Command;No;1;No;CTMSRV;CTMCTM_E12AJF_08_Q;controlm;ldkctmp50;SRV_PRIMAIRE;3l3p9
CTM-CONTROL-M;CTMCTM_E12AJF_08_Q;CTMCTM_E12AJF_08_ORP44_Q;"January 30, 2026";"January 30, 2026 6:46:18 PM";"January 30, 2026 6:46:19 PM";;Ended OK;ctmldnrs: load des conditions AJF absentes (GRT*);AJF_CTM_850;Command;No;1;No;CTMSRV;CTMCTM_E12AJF_08_Q;controlm;ldkctmp50;SRV_PRIMAIRE;3l3pa
CTM-CONTROL-M;CTMCTM_E12AJF_08_Q;CTMCTM_E12AJF_08_ORP45_Q;"January 30, 2026";"January 30, 2026 6:46:20 PM";"January 30, 2026 6:46:20 PM";;Ended OK;ctmldnrs: load des conditions AJF absentes (NSI*);AJF_CTM_850;Command;No;1;No;CTMSRV;CTMCTM_E12AJF_08_Q;controlm;ldkctmp50;SRV_PRIMAIRE;3l3pb
CTM-CONTROL-M;CTMCTM_E12AJF_08_Q;CTMCTM_E12AJF_08_ORP46_Q;"January 30, 2026";"January 30, 2026 6:46:21 PM";"January 30, 2026 6:46:22 PM";;Ended OK;ctmldnrs: load des conditions AJF absentes (C2E*);AJF_CTM_850;Command;No;1;No;CTMSRV;CTMCTM_E12AJF_08_Q;controlm;ldkctmp50;SRV_PRIMAIRE;3l3pc
CTM-CONTROL-M;CTMCTM_E12AJF_08_Q;CTMCTM_E12AJF_08_ORP47_Q;"January 30, 2026";"January 30, 2026 6:46:23 PM";"January 30, 2026 6:46:24 PM";;Ended OK;ctmldnrs: load des conditions AJF absentes (MYD*);AJF_CTM_850;Command;No;1;No;CTMSRV;CTMCTM_E12AJF_08_Q;controlm;ldkctmp50;SRV_PRIMAIRE;3l3pd
CTM-CONTROL-M;CTMCTM_E12AJF_08_Q;CTMCTM_E12AJF_08_ORP48_Q;"January 30, 2026";"January 30, 2026 6:46:25 PM";"January 30, 2026 6:46:25 PM";;Ended OK;ctmldnrs: load des conditions AJF absentes (DEC*);AJF_CTM_850;Command;No;1;No;CTMSRV;CTMCTM_E12AJF_08_Q;controlm;ldkctmp50;SRV_PRIMAIRE;3l3pe
CTM-CONTROL-M;CTMCTM_E12AJF_08_Q;CTMCTM_E12AJF_08_ORP49_Q;"January 30, 2026";"January 30, 2026 6:46:26 PM";"January 30, 2026 6:46:27 PM";;Ended OK;ctmldnrs: load des conditions AJF absentes (CTX*);AJF_CTM_850;Command;No;1;No;CTMSRV;CTMCTM_E12AJF_08_Q;controlm;ldkctmp50;SRV_PRIMAIRE;3l3pf
CTM-CONTROL-M;CTMCTM_E12AJF_08_Q;CTMCTM_E12AJF_08_ORP50_Q;"January 30, 2026";"January 30, 2026 6:46:28 PM";"January 30, 2026 6:46:29 PM";;Ended OK;ctmldnrs: load des conditions AJF absentes (FAX*);AJF_CTM_850;Command;No;1;No;CTMSRV;CTMCTM_E12AJF_08_Q;controlm;ldkctmp50;SRV_PRIMAIRE;3l3pg
CTM-CONTROL-M;CTMCTM_E12AJF_08_Q;CTMCTM_E12AJF_08_ORP51_Q;"January 30, 2026";"January 30, 2026 6:46:30 PM";"January 30, 2026 6:46:30 PM";;Ended OK;ctmldnrs: load des conditions AJF absentes (ALP*);AJF_CTM_850;Command;No;1;No;CTMSRV;CTMCTM_E12AJF_08_Q;controlm;ldkctmp50;SRV_PRIMAIRE;3l3ph
CTM-CONTROL-M;CTMCTM_E12AJF_08_Q;CTMCTM_E12AJF_08_ORP52_Q;"January 30, 2026";"January 30, 2026 6:46:31 PM";"January 30, 2026 6:46:32 PM";;Ended OK;ctmldnrs: load des conditions AJF absentes (HAD*);AJF_CTM_850;Command;No;1;No;CTMSRV;CTMCTM_E12AJF_08_Q;controlm;ldkctmp50;SRV_PRIMAIRE;3l3pi
CTM-CONTROL-M;CTMCTM_E12AJF_08_Q;CTMCTM_E12AJF_08_ORP53_Q;"January 30, 2026";"January 30, 2026 6:46:33 PM";"January 30, 2026 6:46:34 PM";;Ended OK;ctmldnrs: load des conditions AJF absentes (BDM*);AJF_CTM_850;Command;No;1;No;CTMSRV;CTMCTM_E12AJF_08_Q;controlm;ldkctmp50;SRV_PRIMAIRE;3l3pj
CTM-CONTROL-M;CTMCTM_E12AJF_08_Q;CTMCTM_E12AJF_08_ORP54_Q;"January 30, 2026";"January 30, 2026 6:46:35 PM";"January 30, 2026 6:46:36 PM";;Ended OK;ctmldnrs: load des conditions AJF absentes (BAB*);AJF_CTM_850;Command;No;1;No;CTMSRV;CTMCTM_E12AJF_08_Q;controlm;ldkctmp50;SRV_PRIMAIRE;3l3pk
CTM-CONTROL-M;CTMCTM_E12AJF_08_Q;CTMCTM_E12AJF_08_ORP55_Q;"January 30, 2026";"January 30, 2026 6:46:37 PM";"January 30, 2026 6:46:37 PM";;Ended OK;ctmldnrs: load des conditions AJF absentes (ECA*);AJF_CTM_850;Command;No;1;No;CTMSRV;CTMCTM_E12AJF_08_Q;controlm;ldkctmp50;SRV_PRIMAIRE;3l3pl
CTM-CONTROL-M;CTMCTM_E12AJF_08_Q;CTMCTM_E12AJF_08_ORP56_Q;"January 30, 2026";"January 30, 2026 6:46:38 PM";"January 30, 2026 6:46:39 PM";;Ended OK;ctmldnrs: load des conditions AJF absentes (CTM*);AJF_CTM_850;Command;No;1;No;CTMSRV;CTMCTM_E12AJF_08_Q;controlm;ldkctmp50;SRV_PRIMAIRE;3l3pm
CTM-CONTROL-M;CTMCTM_E12AJF_08_Q;CTMCTM_E12AJF_08_ORP57_Q;"January 30, 2026";"January 30, 2026 6:46:39 PM";"January 30, 2026 6:46:40 PM";;Ended OK;ctmldnrs: load des conditions AJF absentes (NES*);AJF_CTM_850;Command;No;1;No;CTMSRV;CTMCTM_E12AJF_08_Q;controlm;ldkctmp50;SRV_PRIMAIRE;3l3pn
CTM-CONTROL-M;CTMCTM_E12AJF_08_Q;CTMCTM_E12AJF_08_ORP58_Q;"January 30, 2026";"January 30, 2026 6:46:41 PM";"January 30, 2026 6:46:41 PM";;Ended OK;ctmldnrs: load des conditions AJF absentes (V4D*);CTMCTM_E12AJF_08_ORP58_Q;Command;No;1;No;CTMSRV;CTMCTM_E12AJF_08_Q;controlm;ldkctmp50;SRV_PRIMAIRE;3l3pp
CTM-CONTROL-M;CTMCTM_E12AJF_08_Q;CTMCTM_E12AJF_08_ORP59_Q;"January 30, 2026";"January 30, 2026 6:46:42 PM";"January 30, 2026 6:46:43 PM";;Ended OK;ctmldnrs: load des conditions AJF absentes (REF*);CTMCTM_E12AJF_08_ORP59_Q;Command;No;1;No;CTMSRV;CTMCTM_E12AJF_08_Q;controlm;ldkctmp50;SRV_PRIMAIRE;3l3po
CTM-CONTROL-M;CTMCTM_E12AJF_08_Q;CTMCTM_E12AJF_08_ORP60_Q;"January 30, 2026";"January 30, 2026 6:46:44 PM";"January 30, 2026 6:46:45 PM";;Ended OK;ctmldnrs: load des conditions AJF absentes (CIT*);CTMCTM_E12AJF_08_ORP60_Q;Command;No;1;No;CTMSRV;CTMCTM_E12AJF_08_Q;controlm;ldkctmp50;SRV_PRIMAIRE;3l3pr
CTM-CONTROL-M;CTMCTM_E12AJF_08_Q;CTMCTM_E12AJF_08_ORP61_Q;"January 30, 2026";"January 30, 2026 6:46:46 PM";"January 30, 2026 6:46:46 PM";;Ended OK;ctmldnrs: load des conditions AJF absentes (HEC*);CTMCTM_E12AJF_08_ORP61_Q;Command;No;1;No;CTMSRV;CTMCTM_E12AJF_08_Q;controlm;ldkctmp50;SRV_PRIMAIRE;3l3pq
CTM-CONTROL-M;CTMCTM_E12AJF_08_Q;CTMCTM_E12AJF_08_ORP62_Q;"January 30, 2026";"January 30, 2026 6:46:39 PM";"January 30, 2026 6:46:40 PM";;Ended OK;ctmldnrs: load des conditions AJF absentes (CEL*);CTMCTM_E12AJF_08_ORP62_Q;Command;No;1;No;CTMSRV;CTMCTM_E12AJF_08_Q;controlm;ldkctmp50;SRV_PRIMAIRE;3l3ps
CTM-CONTROL-M;CTMCTM_E12AJF_08_Q;CTMCTM_E12AJF_08_ORP63_Q;"January 30, 2026";"January 30, 2026 6:46:39 PM";"January 30, 2026 6:46:39 PM";;Ended OK;ctmldnrs: load des conditions AJF absentes (GTN*);CTMCTM_E12AJF_08_ORP62_Q;Command;No;1;No;CTMSRV;CTMCTM_E12AJF_08_Q;controlm;ldkctmp50;SRV_PRIMAIRE;3l3pt
CTM-CONTROL-M;CTMCTM_E12AJF_08_Q;CTMCTM_E12AJF_08_ORP64_Q;"January 30, 2026";"January 30, 2026 6:46:40 PM";"January 30, 2026 6:46:41 PM";;Ended OK;ctmldnrs: load des conditions AJF absentes (FIN*);CTMCTM_E12AJF_08_ORP62_Q;Command;No;1;No;CTMSRV;CTMCTM_E12AJF_08_Q;controlm;ldkctmp50;SRV_PRIMAIRE;3l3pu
CTM-CONTROL-M;CTMCTM_E12AJF_08_Q;CTMCTM_E12AJF_08_ORP65_Q;"January 30, 2026";"January 30, 2026 6:46:41 PM";"January 30, 2026 6:46:42 PM";;Ended OK;ctmldnrs: load des conditions AJF absentes (PFE*);CTMCTM_E12AJF_08_ORP62_Q;Command;No;1;No;CTMSRV;CTMCTM_E12AJF_08_Q;controlm;ldkctmp50;SRV_PRIMAIRE;3l3pv
CTM-CONTROL-M;CTMCTM_E12AJF_08_Q;CTMCTM_E12AJF_08_ORP66_Q;"January 30, 2026";"January 30, 2026 6:46:42 PM";"January 30, 2026 6:46:43 PM";;Ended OK;ctmldnrs: load des conditions AJF absentes (KDR*);CTMCTM_E12AJF_08_ORP62_Q;Command;No;1;No;CTMSRV;CTMCTM_E12AJF_08_Q;controlm;ldkctmp50;SRV_PRIMAIRE;3l3pw
CTM-CONTROL-M;CTMCTM_E12TEC_04_Q;CTMCTM_E12TEC_04_SUB16_Q;"January 30, 2026";"January 31, 2026 4:00:00 AM";"January 31, 2026 4:00:00 AM";;Ended OK;Soumission scripts DWH à 04h00;SUBT0400 DWH;Dummy;No;1;No;CTMSRV;CTMCTM_E12TEC_04_Q;root;;;3l52l
CTM-CONTROL-M;CTMCTM_E12TEC_04_Q;CTMCTM_E12TEC_04_SUB24_Q;"January 30, 2026";"January 31, 2026 6:30:00 AM";"January 31, 2026 6:30:00 AM";;Ended OK;Soumission scripts XFB à 06h30;SUBT0630 XFB;Dummy;No;1;No;CTMSRV;CTMCTM_E12TEC_04_Q;root;;;3l52m
CTM-CONTROL-M;CTMCTM_E12TEC_04_Q;CTMCTM_E12TEC_04_SUB27_Q;"January 30, 2026";"January 31, 2026 7:40:00 AM";"January 31, 2026 7:40:00 AM";;Ended OK;Soumission scripts DWH à 07h40;SUBT0740 DWH;Dummy;No;1;No;CTMSRV;CTMCTM_E12TEC_04_Q;root;;;3l52n
CTM-CONTROL-M;CTMCTM_E12TEC_04_Q;CTMCTM_E12TEC_04_SUB28_Q;"January 30, 2026";"January 31, 2026 8:00:00 AM";"January 31, 2026 8:00:00 AM";;Ended OK;Soumission scripts DWH à 08h00;SUBT0800 DWH;Dummy;No;1;No;CTMSRV;CTMCTM_E12TEC_04_Q;root;;;3l52o
CTM-CONTROL-M;CTMCTM_E12TEC_04_Q;CTMCTM_E12TEC_04_SUB30_Q;"January 30, 2026";;;;Wait for Event;Soumission scripts à 11h00 DWH;SUBT1100 DWH;Dummy;No;0;No;CTMSRV;CTMCTM_E12TEC_04_Q;root;;;3l52p
CTM-CONTROL-M;CTMCTM_E13TEC_04_Q;CTMCTM_E13TEC_04_SUB38_Q;"January 30, 2026";"January 31, 2026 3:30:00 AM";"January 31, 2026 3:30:00 AM";;Ended OK;Soumission scripts PEL à 03h30;SUBT0330 PEL;Dummy;No;1;No;CTMSRV;CTMCTM_E13TEC_04_Q;root;;;3l2ye
CTM-CONTROL-M;CTMCTM_E13TEC_04_Q;CTMCTM_E13TEC_04_SUB39_Q;"January 30, 2026";"January 31, 2026 4:00:00 AM";"January 31, 2026 4:00:00 AM";;Ended OK;Soumission scripts à 04h00 PEL;SUBT0400 PEL;Dummy;No;1;No;CTMSRV;CTMCTM_E13TEC_04_Q;root;;;3l2yf
CTM-CONTROL-M;CTMCTM_E13TEC_04_Q;CTMCTM_E13TEC_04_SUB40_Q;"January 30, 2026";"January 31, 2026 4:30:00 AM";"January 31, 2026 4:30:00 AM";;Ended OK;Soumission scripts PEL à 04h30;SUBT0430 PEL;Dummy;No;1;No;CTMSRV;CTMCTM_E13TEC_04_Q;root;;;3l2yg
CTM-CONTROL-M;CTMCTM_E13TEC_04_Q;CTMCTM_E13TEC_04_SUB42_Q;"January 30, 2026";"January 31, 2026 4:15:00 AM";"January 31, 2026 4:15:00 AM";;Ended OK;Soumission scripts PEL à 04h15;SUBT0530 PEL;Dummy;No;1;No;CTMSRV;CTMCTM_E13TEC_04_Q;root;;;3l2yh
CTM-CONTROL-M;CTMCTM_E13TEC_04_Q;CTMCTM_E13TEC_04_SUB43_Q;"January 30, 2026";"January 31, 2026 6:00:00 AM";"January 31, 2026 6:00:00 AM";;Ended OK;Lancement PEL 06h00;SUBT0600 PEL;Dummy;No;1;No;CTMSRV;CTMCTM_E13TEC_04_Q;root;;;3l2yi
CTM-CONTROL-M;CTMCTM_E13TEC_04_Q;CTMCTM_E13TEC_04_SUB44_Q;"January 30, 2026";"January 31, 2026 6:15:00 AM";"January 31, 2026 6:15:00 AM";;Ended OK;Lancement PEL 06h15;SUBT0615 PEL;Dummy;No;1;No;CTMSRV;CTMCTM_E13TEC_04_Q;root;;;3l2yj
CTM-CONTROL-M;CTMCTM_E13TEC_04_Q;CTMCTM_E13TEC_04_SUB45_Q;"January 30, 2026";"January 31, 2026 6:30:00 AM";"January 31, 2026 6:30:00 AM";;Ended OK;Lancement PEL 06h30;SUBT0630 PEL;Dummy;No;1;No;CTMSRV;CTMCTM_E13TEC_04_Q;root;;;3l2yk
CTM-CONTROL-M;CTMCTM_E13TEC_04_Q;CTMCTM_E13TEC_04_SUB46_Q;"January 30, 2026";"January 31, 2026 7:00:00 AM";"January 31, 2026 7:00:00 AM";;Ended OK;Lancement PEL 07h00;SUBT0700 PEL;Dummy;No;1;No;CTMSRV;CTMCTM_E13TEC_04_Q;root;;;3l2yl
CTM-CONTROL-M;CTMCTM_E13TEC_04_Q;CTMCTM_E13TEC_04_SUB47_Q;"January 30, 2026";"January 31, 2026 7:15:00 AM";"January 31, 2026 7:15:00 AM";;Ended OK;Lancement PEL 07h15;SUBT0715 PEL;Dummy;No;1;No;CTMSRV;CTMCTM_E13TEC_04_Q;root;;;3l2ym
CTM-CONTROL-M;CTMCTM_E13TEC_04_Q;CTMCTM_E13TEC_04_SUB51_Q;"January 30, 2026";"January 30, 2026 7:30:00 PM";"January 30, 2026 7:30:00 PM";;Ended OK;Soumission scripts PEL  à 21h00;SUBT2100 PEL;Dummy;No;1;No;CTMSRV;CTMCTM_E13TEC_04_Q;root;;;3l2yn
CTM-CONTROL-M;CTMCTM_E14TEC_04_Q;CTMCTM_E14TEC_04_EXP01_Q;"January 30, 2026";"January 31, 2026 7:36:22 AM";"January 31, 2026 7:36:23 AM";0810;Wait for Event;ExtractJobsCTM  &  Envoi : Suivi + PrairieCloture;ExtractCsvPlanCurrent_HELIOS_V9.ksh;Job;No;2;Yes;CTMSRV;CTMCTM_E14TEC_04_Q;controlm;ldkctmp50;SRV_PRIMAIRE;3l3vn
CTM-CONTROL-M;CTMCTM_E14TEC_04_Q;CTMCTM_E14TEC_04_EXP02_Q;"January 30, 2026";"January 30, 2026 1:45:24 PM";"January 30, 2026 1:45:24 PM";;Ended OK;ExtractCsvPlanArch => Extract_Full_YYYYMM.csv;ExtractCsvPlanArch.ksh;Dummy;No;1;No;CTMSRV;CTMCTM_E14TEC_04_Q;controlm;;SRV_PRIMAIRE;3l3vo
CTM-CONTROL-M;CTMCTM_E14TEC_04_Q;CTMCTM_E14TEC_04_EXP03_Q;"January 30, 2026";"January 30, 2026 4:00:00 PM";"January 30, 2026 4:04:24 PM";;Ended OK;ExtractCTMIndicMens => ODAT: yymmjj.csv;ExtractCTMIndicMens.ksh;Job;No;1;No;CTMSRV;CTMCTM_E14TEC_04_Q;controlm;ldkctmp50;SRV_PRIMAIRE;3l3vp
CTM-CONTROL-M;CTMCTM_E14TEC_04_Q;CTMCTM_E14TEC_04_EXP04_Q;"January 30, 2026";"January 30, 2026 4:45:24 PM";"January 30, 2026 4:45:25 PM";;Ended OK;ExtractJobsCTM Manuelle : Suivi + PrairieCloture;ExtractCsvPlanCurrent_HELIOS_V9.ksh;Job;No;2;Yes;CTMSRV;CTMCTM_E14TEC_04_Q;controlm;ldkctmp50;SRV_PRIMAIRE;3l3vr
CTM-CONTROL-M;CTMCTM_E14TEC_04_Q;CTMCTM_E14TEC_04_EXP06_Q;"January 30, 2026";"January 30, 2026 2:00:00 PM";"January 30, 2026 2:04:23 PM";;Ended OK;ExtractJobsCTM Plan -1  : Suivi + PrairieCloture;ExtractCsvPlanCurrent_Jm1.ksh;Job;No;1;No;CTMSRV;CTMCTM_E14TEC_04_Q;controlm;ldkctmp50;SRV_PRIMAIRE;3l3vq
CTM-CONTROL-M;CTMCTM_E14TEC_04_Q;CTMCTM_E14TEC_04_EXP12_Q;"January 30, 2026";"January 31, 2026 6:00:00 AM";"January 31, 2026 6:00:02 AM";;Wait for Event;ExtractJobsCTM  &  Envoi : Suivi + PrairieCloture  DTR;ExtractCsvPlanCurrent_HELIOS_DTR_V9.ksh;Job;No;1;Yes;CTMSRV;CTMCTM_E14TEC_04_Q;controlm;ldkctmp50;SRV_PRIMAIRE;3l3vw
CTM-CONTROL-M;CTMCTM_E14TEC_04_Q;CTMCTM_E14TEC_04_EXP13_Q;"January 30, 2026";"January 31, 2026 6:00:02 AM";"January 31, 2026 6:02:14 AM";;Wait for Event;ExtractJobsCTM  &  Envoi : Suivi + PrairieCloture Finance;ExtractCsvPlanCurrent_HELIOS_Finance_V9.ksh;Job;No;1;Yes;CTMSRV;CTMCTM_E14TEC_04_Q;controlm;ldkctmp50;SRV_PRIMAIRE;3l3vy
CTM-CONTROL-M;CTMCTM_E14TEC_04_Q;CTMCTM_E14TEC_04_SUB04_Q;"January 30, 2026";"January 30, 2026 2:00:00 PM";"January 30, 2026 2:00:00 PM";;Ended OK;declenchement des travaux batch a 14h00;SUBT1400;Dummy;No;1;No;CTMSRV;CTMCTM_E14TEC_04_Q;root;;;3l3vk
CTM-CONTROL-M;CTMCTM_E14TEC_04_Q;CTMCTM_E14TEC_04_SUB05_Q;"January 30, 2026";"January 30, 2026 5:00:00 PM";"January 30, 2026 5:00:00 PM";;Ended OK;declenchement des travaux batch a 17h00;SUBT1700;Dummy;No;1;No;CTMSRV;CTMCTM_E14TEC_04_Q;root;;;3l3vl
CTM-CONTROL-M;CTMCTM_E14TEC_04_Q;CTMCTM_E14TEC_04_SUB08_Q;"January 30, 2026";"January 30, 2026 1:30:13 PM";"January 30, 2026 1:30:13 PM";;Ended OK;Go lancement prod sur ECS;UEMASUB_GO_ECS;Dummy;No;1;No;CTMSRV;CTMCTM_E14TEC_04_Q;root;;;3l3vm
CTM-CONTROL-M;CTMCTM_E14TEC_04_Q;CTMCTM_E14TEC_04_WRK01_Q;"January 30, 2026";"January 31, 2026 8:06:00 AM";;0810;Executing;START FIRST : ExtractCsvPlanCourant ReportingFacility V8;Reporting_ctm_courant_csv_v9.bat;Job;No;3;Yes;CTMSRV;CTMCTM_E14TEC_04_Q;svce_cm;wdkpmadp01;A_W_PMAD01;3l3vu
CTM-CONTROL-M;CTMCTM_E14TEC_04_Q;CTMCTM_E14TEC_04_WRK02_Q;"January 30, 2026";"January 30, 2026 1:45:00 PM";"January 30, 2026 1:45:23 PM";;Ended OK;START FIRST : ExtractCsvPlanArch ReportingFacility V8;Reporting_ctm_archiv_csv_v9 .bat;Job;No;1;No;CTMSRV;CTMCTM_E14TEC_04_Q;svce_cm;wdkpmadp01;A_W_PMAD01;3l3vs
CTM-CONTROL-M;CTMCTM_E14TEC_04_Q;CTMCTM_E14TEC_04_WRK04_Q;"January 30, 2026";"January 30, 2026 4:45:00 PM";"January 30, 2026 4:45:23 PM";;Ended OK;START FIRST : ExtractCsvPlanCourant ReportingFacility V8;Reporting_ctm_courant_csv_v9.bat;Job;No;2;Yes;CTMSRV;CTMCTM_E14TEC_04_Q;svce_cm;wdkpmadp01;A_W_PMAD01;3l3vt
CTM-CONTROL-M;CTMCTM_E14TEC_04_Q;CTMCTM_E14TEC_04_WRK12_Q;"January 30, 2026";"January 31, 2026 5:50:24 AM";"January 31, 2026 5:50:43 AM";;Wait for Event;START FIRST : ExtractCsvPlanCourant ReportingFacility V8 DTR;Reporting_ctm_courant_csv_v9.bat;Job;No;1;Yes;CTMSRV;CTMCTM_E14TEC_04_Q;svce_cm;wdkpmadp01;A_W_PMAD01;3l3vv
CTM-CONTROL-M;CTMCTM_E14TEC_04_Q;CTMCTM_E14TEC_04_WRK13_Q;"January 30, 2026";"January 31, 2026 5:50:00 AM";"January 31, 2026 5:50:23 AM";;Wait for Event;START FIRST : ExtractCsvPlanCourant ReportingFacility V8 Finance;Reporting_ctm_courant_csv_v9.bat;Job;No;1;Yes;CTMSRV;CTMCTM_E14TEC_04_Q;svce_cm;wdkpmadp01;A_W_PMAD01;3l3vx
CTM-CONTROL-M;CTMCTM_E15TEC_04_Q;CTMCTM_E15TEC_04_SUB04_Q;"January 30, 2026";"January 30, 2026 2:00:00 PM";"January 30, 2026 2:00:00 PM";;Ended OK;declenchement des travaux SES  batchs a 14h00;SUBT1400 SESAME;Dummy;No;1;No;CTMSRV;CTMCTM_E15TEC_04_Q;root;;;3l300
CTM-CONTROL-M;CTMCTM_E17TEC_04_Q;CTMCTM_E17TEC_04_SUB08_Q;"January 30, 2026";"January 30, 2026 1:30:12 PM";"January 30, 2026 1:30:12 PM";;Ended OK;Go lancement prod sur SESAME;UEMBSUB_GO_SESAME;Dummy;No;1;No;CTMSRV;CTMCTM_E17TEC_04_Q;root;;;3l34m
CTM-CONTROL-M;CTMCTM_E18TEC_04_Q;CTMCTM_E18TEC_04_SUB53_Q;"January 30, 2026";"January 31, 2026 6:00:00 AM";"January 31, 2026 6:00:00 AM";;Ended OK;job de soumission batch HAV 06h00;SUBT0600 HAV;Dummy;No;1;No;CTMSRV;CTMCTM_E18TEC_04_Q;CONTROLM;;;3l31y
CTM-CONTROL-M;CTMCTM_E19TEC_04_Q;CTMCTM_E19TEC_04_SUB63_Q;"January 30, 2026";"January 31, 2026 6:00:00 AM";"January 31, 2026 6:00:00 AM";;Ended OK;Soumission scripts  DPRHORA a 06h00;SUBT0700  DPRHORA;Dummy;No;1;No;CTMSRV;CTMCTM_E19TEC_04_Q;root;;;3l4ub
CTM-CONTROL-M;CTMCTM_E1ATEC_04_Q;CTMCTM_E1ATEC_04_SUB1G_Q;"January 30, 2026";;;;Wait for Event;Soumission scripts NRJ NES a 11h00;SUBT1100 NRJ NES;Dummy;No;0;No;CTMSRV;CTMCTM_E1ATEC_04_Q;root;;;3l4fi
CTM-CONTROL-M;CTMCTM_E1ATEC_04_Q;CTMCTM_E1ATEC_04_SUB1R_Q;"January 30, 2026";"January 30, 2026 2:00:00 PM";"January 30, 2026 2:00:00 PM";;Ended OK;Soumission scripts a 14h00 HOL SIG NES NRJ;SUBT1400 HOL SIG NES NRJ;Dummy;No;1;No;CTMSRV;CTMCTM_E1ATEC_04_Q;root;;;3l4fj
CTM-CONTROL-M;CTMCTM_E1ATEC_04_Q;CTMCTM_E1ATEC_04_SUB2A_Q;"January 30, 2026";"January 30, 2026 5:00:00 PM";"January 30, 2026 5:00:00 PM";;Ended OK;Soumission scripts NEJ NES  a 17h00;SUBT1700 NRJ NES;Dummy;No;1;No;CTMSRV;CTMCTM_E1ATEC_04_Q;root;;;3l4fk
CTM-CONTROL-M;CTMCTM_E1ATEC_04_Q;CTMCTM_E1ATEC_04_SUB86_Q;"January 30, 2026";"January 31, 2026 12:15:00 AM";"January 31, 2026 12:15:00 AM";;Ended OK;Soumission scripts HOLD a 00h15;SUBT0015 HOLD;Dummy;No;1;No;CTMSRV;CTMCTM_E1ATEC_04_Q;root;;;3l4fb
CTM-CONTROL-M;CTMCTM_E1ATEC_04_Q;CTMCTM_E1ATEC_04_SUB87_Q;"January 30, 2026";"January 31, 2026 2:00:00 AM";"January 31, 2026 2:00:00 AM";;Ended OK;Soumission scripts NRJ NES a 02h00;SUBT0200 NRJ NES;Dummy;No;1;No;CTMSRV;CTMCTM_E1ATEC_04_Q;root;;;3l4fc
CTM-CONTROL-M;CTMCTM_E1ATEC_04_Q;CTMCTM_E1ATEC_04_SUB90_Q;"January 30, 2026";"January 31, 2026 6:00:00 AM";"January 31, 2026 6:00:00 AM";;Ended OK;Soumission scripts HOLD  a 06h00;SUBT0600 HOLD;Dummy;No;1;No;CTMSRV;CTMCTM_E1ATEC_04_Q;root;;;3l4fd
CTM-CONTROL-M;CTMCTM_E1ATEC_04_Q;CTMCTM_E1ATEC_04_SUB91_Q;"January 30, 2026";"January 31, 2026 6:30:00 AM";"January 31, 2026 6:30:00 AM";;Ended OK;Soumission scripts XFB  a 06h30;SUBT0630 XFB;Dummy;No;1;No;CTMSRV;CTMCTM_E1ATEC_04_Q;root;;;3l4fe
CTM-CONTROL-M;CTMCTM_E1ATEC_04_Q;CTMCTM_E1ATEC_04_SUB92_Q;"January 30, 2026";"January 31, 2026 7:00:00 AM";"January 31, 2026 7:00:00 AM";;Ended OK;Soumission scripts SIG a 07h00;SUBT0700 SIG;Dummy;No;1;No;CTMSRV;CTMCTM_E1ATEC_04_Q;root;;;3l4ff
CTM-CONTROL-M;CTMCTM_E1ATEC_04_Q;CTMCTM_E1ATEC_04_SUB93_Q;"January 30, 2026";"January 31, 2026 7:15:00 AM";"January 31, 2026 7:15:00 AM";;Ended OK;Soumission scripts HOLD a 07h15;SUBT0715 HOLD;Dummy;No;1;No;CTMSRV;CTMCTM_E1ATEC_04_Q;root;;;3l4fg
CTM-CONTROL-M;CTMCTM_E1ATEC_04_Q;CTMCTM_E1ATEC_04_SUB96_Q;"January 30, 2026";"January 31, 2026 8:00:00 AM";"January 31, 2026 8:00:00 AM";;Ended OK;Soumission scripts NRJ NES a 08h00;SUBT0800 NRJ NES;Dummy;No;1;No;CTMSRV;CTMCTM_E1ATEC_04_Q;root;;;3l4fh
CTM-CONTROL-M;CTMCTM_E1BTEC_04_Q;CTMCTM_E1BTEC_04_SUB2Q_Q;"January 30, 2026";"January 31, 2026 12:05:00 AM";"January 31, 2026 12:05:00 AM";;Ended OK;Soumission scripts OAP a 00h05;SUBT0005 OAP;Dummy;No;1;No;CTMSRV;CTMCTM_E1BTEC_04_Q;root;;;3l3w3
CTM-CONTROL-M;CTMCTM_E1BTEC_04_Q;CTMCTM_E1BTEC_04_SUB2R_Q;"January 30, 2026";"January 31, 2026 3:00:00 AM";"January 31, 2026 3:00:00 AM";;Ended OK;Soumission scripts  OAP  a 03h00;SUBT0300  OAP;Dummy;No;1;No;CTMSRV;CTMCTM_E1BTEC_04_Q;root;;;3l3w4
CTM-CONTROL-M;CTMCTM_E1BTEC_04_Q;CTMCTM_E1BTEC_04_SUB2U_Q;"January 30, 2026";"January 31, 2026 6:00:00 AM";"January 31, 2026 6:00:00 AM";;Ended OK;Soumission  OAP  scripts a 06h00;SUBT0600  OAP;Dummy;No;1;No;CTMSRV;CTMCTM_E1BTEC_04_Q;root;;;3l3w5
CTM-CONTROL-M;CTMCTM_E1BTEC_04_Q;CTMCTM_E1BTEC_04_SUB2V_Q;"January 30, 2026";"January 31, 2026 6:30:00 AM";"January 31, 2026 6:30:00 AM";;Ended OK;Soumission scripts OAP a 06h30;SUBT0630  OAP;Dummy;No;1;No;CTMSRV;CTMCTM_E1BTEC_04_Q;root;;;3l3w6
CTM-CONTROL-M;CTMCTM_E1BTEC_04_Q;CTMCTM_E1BTEC_04_SUB2W_Q;"January 30, 2026";"January 31, 2026 7:00:00 AM";"January 31, 2026 7:00:00 AM";;Ended OK;Soumission scripts  OAP a 07h00;SUBT0700  OAP;Dummy;No;1;No;CTMSRV;CTMCTM_E1BTEC_04_Q;root;;;3l3w7
CTM-CONTROL-M;CTMCTM_E1BTEC_04_Q;CTMCTM_E1BTEC_04_SUB3A_Q;"January 30, 2026";"January 31, 2026 8:00:00 AM";"January 31, 2026 8:00:00 AM";;Ended OK;Soumission scripts  OAP a 08h00;SUBT0805  OAP;Dummy;No;1;No;CTMSRV;CTMCTM_E1BTEC_04_Q;root;;;3l3w8
CTM-CONTROL-M;CTMCTM_E1BTEC_04_Q;CTMCTM_E1BTEC_04_SUB3D_Q;"January 30, 2026";;;;Wait for Event;Soumission scripts  OAP a 08h45;SUBT0845  OAP;Dummy;No;0;No;CTMSRV;CTMCTM_E1BTEC_04_Q;root;;;3l3w9
CTM-CONTROL-M;CTMCTM_E1BTEC_04_Q;CTMCTM_E1BTEC_04_SUB3H_Q;"January 30, 2026";;;;Wait for Event;Soumission scripts  OAP a 11h00;SUBT1100  OAP;Dummy;No;0;No;CTMSRV;CTMCTM_E1BTEC_04_Q;root;;;3l3wa
CTM-CONTROL-M;CTMCTM_E1BTEC_04_Q;CTMCTM_E1BTEC_04_SUB3K_Q;"January 30, 2026";;;;Wait for Event;Soumission scripts  OAP  a 12h00;SUBT1200  OAP;Dummy;No;0;No;CTMSRV;CTMCTM_E1BTEC_04_Q;root;;;3l3wb
CTM-CONTROL-M;CTMCTM_E1BTEC_04_Q;CTMCTM_E1BTEC_04_SUB3N_Q;"January 30, 2026";"January 30, 2026 1:45:00 PM";"January 30, 2026 1:45:00 PM";;Ended OK;Soumission scripts  OAP a 13h45;SUBT1345  OAP;Dummy;No;1;No;CTMSRV;CTMCTM_E1BTEC_04_Q;root;;;3l3wc
CTM-CONTROL-M;CTMCTM_E1BTEC_04_Q;CTMCTM_E1BTEC_04_SUB3P_Q;"January 30, 2026";"January 30, 2026 2:00:00 PM";"January 30, 2026 2:00:00 PM";;Ended OK;Soumission scripts  OAP a 14h00;SUBT1400  OAP;Dummy;No;1;No;CTMSRV;CTMCTM_E1BTEC_04_Q;root;;;3l3wd
CTM-CONTROL-M;CTMCTM_E1BTEC_04_Q;CTMCTM_E1BTEC_04_SUB3S_Q;"January 30, 2026";"January 30, 2026 5:00:00 PM";"January 30, 2026 5:00:00 PM";;Ended OK;Soumission scripts  OAP a 17h00;SUBT1700  OAP;Dummy;No;1;No;CTMSRV;CTMCTM_E1BTEC_04_Q;root;;;3l3we
CTM-CONTROL-M;CTMCTM_E1BTEC_04_Q;CTMCTM_E1BTEC_04_SUB3W_Q;"January 30, 2026";"January 30, 2026 6:30:00 PM";"January 30, 2026 6:30:00 PM";;Ended OK;Soumission scripts  OAP a 18h30;SUBT1830  OAP;Dummy;No;1;No;CTMSRV;CTMCTM_E1BTEC_04_Q;root;;;3l3wf
CTM-CONTROL-M;CTMCTM_E1DTEC_04_Q;CTMCTM_E1DTEC_04_SUB4F_Q;"January 30, 2026";"January 31, 2026 12:15:00 AM";"January 31, 2026 12:15:00 AM";;Ended OK;Soumission scripts OAF  à 00h15;SUBT0015 OAF;Dummy;No;1;No;CTMSRV;CTMCTM_E1DTEC_04_Q;root;;;3l312
CTM-CONTROL-M;CTMCTM_E1DTEC_04_Q;CTMCTM_E1DTEC_04_SUB4P_Q;"January 30, 2026";"January 31, 2026 6:30:00 AM";"January 31, 2026 6:30:00 AM";;Ended OK;Soumission scripts OAF à 06h30;SUBT0630 OAF;Dummy;No;1;No;CTMSRV;CTMCTM_E1DTEC_04_Q;root;;;3l313
CTM-CONTROL-M;CTMCTM_E1DTEC_04_Q;CTMCTM_E1DTEC_04_SUB4R_Q;"January 30, 2026";"January 31, 2026 6:55:00 AM";"January 31, 2026 6:55:00 AM";;Ended OK;Soumission scripts OAF à 06h55;SUBT0655 OAF;Dummy;No;1;No;CTMSRV;CTMCTM_E1DTEC_04_Q;root;;;3l314
CTM-CONTROL-M;CTMCTM_E1DTEC_04_Q;CTMCTM_E1DTEC_04_SUB4S_Q;"January 30, 2026";"January 31, 2026 8:00:00 AM";"January 31, 2026 8:00:00 AM";;Ended OK;Soumission scripts OAF  à 08h00;SUBT0800 OAF;Dummy;No;1;No;CTMSRV;CTMCTM_E1DTEC_04_Q;root;;;3l315
CTM-CONTROL-M;CTMCTM_E1DTEC_04_Q;CTMCTM_E1DTEC_04_SUB4U_Q;"January 30, 2026";;;;Wait for Event;Soumission scripts OAF à 11h00;SUBT1100 OAF;Dummy;No;0;No;CTMSRV;CTMCTM_E1DTEC_04_Q;root;;;3l316
CTM-CONTROL-M;CTMCTM_E1ETEC_04_Q;CTMCTM_E1ETEC_04_SUB5B_Q;"January 30, 2026";"January 31, 2026 12:15:00 AM";"January 31, 2026 12:15:00 AM";;Ended OK;Soumission scripts a 00h15;SUBT0015;Dummy;No;1;No;CTMSRV;CTMCTM_E1ETEC_04_Q;root;;;3l43x
CTM-CONTROL-M;CTMCTM_E1ETEC_04_Q;CTMCTM_E1ETEC_04_SUB5C_Q;"January 30, 2026";"January 31, 2026 1:00:00 AM";"January 31, 2026 1:00:00 AM";;Ended OK;Soumission scripts a 01h00;SUBT0100;Dummy;No;1;No;CTMSRV;CTMCTM_E1ETEC_04_Q;root;;;3l43y
CTM-CONTROL-M;CTMCTM_E1ETEC_04_Q;CTMCTM_E1ETEC_04_SUB5D_Q;"January 30, 2026";"January 31, 2026 2:00:00 AM";"January 31, 2026 2:00:00 AM";;Ended OK;Soumission scripts a 02h00;SUBT0200;Dummy;No;1;No;CTMSRV;CTMCTM_E1ETEC_04_Q;root;;;3l43z
CTM-CONTROL-M;CTMCTM_E1ETEC_04_Q;CTMCTM_E1ETEC_04_SUB5E_Q;"January 30, 2026";"January 31, 2026 3:00:00 AM";"January 31, 2026 3:00:00 AM";;Ended OK;Soumission scripts a 03h00;SUBT0300;Dummy;No;1;No;CTMSRV;CTMCTM_E1ETEC_04_Q;root;;;3l440
CTM-CONTROL-M;CTMCTM_E1ETEC_04_Q;CTMCTM_E1ETEC_04_SUB5R_Q;"January 30, 2026";;;;Wait for Event;Soumission scripts a 11h00;SUBT1100;Dummy;No;0;No;CTMSRV;CTMCTM_E1ETEC_04_Q;root;;;3l441
CTM-CONTROL-M;CTMCTM_E1ETEC_04_Q;CTMCTM_E1ETEC_04_SUB5Z_Q;"January 30, 2026";"January 30, 2026 7:00:00 PM";"January 30, 2026 7:00:00 PM";;Ended OK;Soumission scripts a 19h00;SUBT1900;Dummy;No;1;No;CTMSRV;CTMCTM_E1ETEC_04_Q;root;;;3l442
CTM-CONTROL-M;CTMCTM_E1ETEC_04_Q;CTMCTM_E1ETEC_04_SUB6B_Q;"January 30, 2026";"January 30, 2026 8:50:00 PM";"January 30, 2026 8:50:00 PM";;Ended OK;Soumission scripts a 20h50;SUBT2100;Dummy;No;1;No;CTMSRV;CTMCTM_E1ETEC_04_Q;root;;;3l443
CTM-CONTROL-M;CTMCTM_E1ETEC_04_Q;CTMCTM_E1ETEC_04_SUB6C_Q;"January 30, 2026";"January 30, 2026 10:00:00 PM";"January 30, 2026 10:00:00 PM";;Ended OK;Soumission scripts a 22h00;SUBT2200;Dummy;No;1;No;CTMSRV;CTMCTM_E1ETEC_04_Q;root;;;3l444
CTM-CONTROL-M;CTMCTM_E1GTEC_04_Q;CTMCTM_E1GTEC_04_LIM04_Q;"January 30, 2026";"January 31, 2026 6:30:00 AM";"January 31, 2026 6:30:00 AM";;Ended OK;Heure limite de soumission des batchs;LIMITBATCH;Dummy;No;1;No;CTMSRV;CTMCTM_E1GTEC_04_Q;root;;;3l35w
CTM-CONTROL-M;CTMCTM_E1GTEC_04_Q;CTMCTM_E1GTEC_04_LIM05_Q;"January 30, 2026";"January 31, 2026 12:15:00 AM";"January 31, 2026 12:15:00 AM";;Ended OK;Heure limite de soumission des batchs;LIMITE0015;Dummy;No;1;No;CTMSRV;CTMCTM_E1GTEC_04_Q;root;;;3l35x
CTM-CONTROL-M;CTMCTM_E1GTEC_04_Q;CTMCTM_E1GTEC_04_LIM06_Q;"January 30, 2026";"January 31, 2026 1:30:00 AM";"January 31, 2026 1:30:00 AM";;Ended OK;Heure limite de soumission des batchs;LIMITE0130;Dummy;No;1;No;CTMSRV;CTMCTM_E1GTEC_04_Q;root;;;3l35y
CTM-CONTROL-M;CTMCTM_E1GTEC_04_Q;CTMCTM_E1GTEC_04_LIM07_Q;"January 30, 2026";"January 31, 2026 2:00:00 AM";"January 31, 2026 2:00:00 AM";;Ended OK;Heure limite de soumission des batchs;LIMITE0200;Dummy;No;1;No;CTMSRV;CTMCTM_E1GTEC_04_Q;root;;;3l35z
CTM-CONTROL-M;CTMCTM_E1GTEC_04_Q;CTMCTM_E1GTEC_04_LIM08_Q;"January 30, 2026";"January 31, 2026 3:00:00 AM";"January 31, 2026 3:00:00 AM";;Ended OK;Heure limite de soumission des batchs;LIMITE0300;Dummy;No;1;No;CTMSRV;CTMCTM_E1GTEC_04_Q;root;;;3l360
CTM-CONTROL-M;CTMCTM_E1GTEC_04_Q;CTMCTM_E1GTEC_04_LIM09_Q;"January 30, 2026";"January 31, 2026 3:45:00 AM";"January 31, 2026 3:45:00 AM";;Ended OK;Heure limite de soumission des batchs;LIMITE0345;Dummy;No;1;No;CTMSRV;CTMCTM_E1GTEC_04_Q;root;;;3l361
CTM-CONTROL-M;CTMCTM_E1GTEC_04_Q;CTMCTM_E1GTEC_04_LIM10_Q;"January 30, 2026";"January 31, 2026 4:00:00 AM";"January 31, 2026 4:00:00 AM";;Ended OK;Heure limite de soumission des batchs;LIMITE0400;Dummy;No;1;No;CTMSRV;CTMCTM_E1GTEC_04_Q;root;;;3l362
CTM-CONTROL-M;CTMCTM_E1GTEC_04_Q;CTMCTM_E1GTEC_04_LIM11_Q;"January 30, 2026";"January 31, 2026 5:00:00 AM";"January 31, 2026 5:00:00 AM";;Ended OK;Heure limite de soumission des batchs;LIMITE0500;Dummy;No;1;No;CTMSRV;CTMCTM_E1GTEC_04_Q;root;;;3l363
CTM-CONTROL-M;CTMCTM_E1GTEC_04_Q;CTMCTM_E1GTEC_04_LIM12_Q;"January 30, 2026";"January 30, 2026 11:45:00 PM";"January 30, 2026 11:45:00 PM";;Ended OK;Heure limite de soumission des batchs;LIMITE2345;Dummy;No;1;No;CTMSRV;CTMCTM_E1GTEC_04_Q;root;;;3l364
CTM-CONTROL-M;CTMCTM_E1GTEC_04_Q;CTMCTM_E1GTEC_04_SUB85_Q;"January 30, 2026";"January 31, 2026 7:30:00 AM";"January 31, 2026 7:30:00 AM";;Ended OK;Soumission scripts a 07h30;SBTU512H16;Dummy;No;1;No;CTMSRV;CTMCTM_E1GTEC_04_Q;root;;;3l365
CTM-CONTROL-M;CTMCTM_E1HTEC_04_Q;CTMCTM_E1HTEC_04_LIM13_Q;"January 30, 2026";"January 31, 2026 6:00:00 AM";"January 31, 2026 6:00:00 AM";;Ended OK;Heure limite de soumission des batchs;LIMITBATCH;Dummy;No;1;No;CTMSRV;CTMCTM_E1HTEC_04_Q;root;;;3l4on
CTM-CONTROL-M;CTMCTM_E1HTEC_04_Q;CTMCTM_E1HTEC_04_LIM14_Q;"January 30, 2026";"January 31, 2026 1:00:00 AM";"January 31, 2026 1:00:00 AM";;Ended OK;Heure limite de soumission batch;LIMITE0100;Dummy;No;1;No;CTMSRV;CTMCTM_E1HTEC_04_Q;root;;;3l4oo
CTM-CONTROL-M;CTMCTM_E1HTEC_04_Q;CTMCTM_E1HTEC_04_LIM15_Q;"January 30, 2026";"January 31, 2026 4:00:00 AM";"January 31, 2026 4:00:00 AM";;Ended OK;Heure limite de soumission batch 04h00;LIMITE0500;Dummy;No;1;No;CTMSRV;CTMCTM_E1HTEC_04_Q;root;;;3l4op
CTM-CONTROL-M;CTMCTM_E1HTEC_04_Q;CTMCTM_E1HTEC_04_LIM16_Q;"January 30, 2026";"January 31, 2026 6:00:00 AM";"January 31, 2026 6:00:00 AM";;Ended OK;Heure limite de soumission batch;LIMITE0600;Dummy;No;1;No;CTMSRV;CTMCTM_E1HTEC_04_Q;root;;;3l4oq
CTM-CONTROL-M;CTMCTM_E1HTEC_04_Q;CTMCTM_E1HTEC_04_LIM17_Q;"January 30, 2026";;;;Wait for Event;Heure limite de soumission batch;LIMITE0900;Dummy;No;0;No;CTMSRV;CTMCTM_E1HTEC_04_Q;root;;;3l4or
CTM-CONTROL-M;CTMCTM_E1HTEC_04_Q;CTMCTM_E1HTEC_04_LIM18_Q;"January 30, 2026";"January 30, 2026 8:00:00 PM";"January 30, 2026 8:00:00 PM";;Ended OK;Heure limite de soumission batch;LIMITE2000;Dummy;No;1;No;CTMSRV;CTMCTM_E1HTEC_04_Q;root;;;3l4os
CTM-CONTROL-M;CTMCTM_E1HTEC_04_Q;CTMCTM_E1HTEC_04_LIM19_Q;"January 30, 2026";"January 30, 2026 10:00:00 PM";"January 30, 2026 10:00:00 PM";;Ended OK;Heure limite de soumission batch;LIMITE2200;Dummy;No;1;No;CTMSRV;CTMCTM_E1HTEC_04_Q;root;;;3l4ot
CTM-CONTROL-M;CTMCTM_E1RTEC_04_Q;CTMCTM_E1RTEC_04_DEL01_Q;"January 30, 2026";"January 30, 2026 2:00:00 PM";"January 30, 2026 2:00:02 PM";;Ended OK;SERVITUDE : Purge des log Control-M EM;;Command;No;1;No;CTMSRV;CTMCTM_E1RTEC_04_Q;emuser;ldkctmp50;A_L_CTM01;3l4wt
CTM-CONTROL-M;CTMCTM_E1RTEC_04_Q;CTMCTM_E1RTEC_04_DEL02_Q;"January 30, 2026";"January 30, 2026 2:00:00 PM";"January 30, 2026 2:00:00 PM";;Ended OK;SERVITUDE : Purge les logs et travaux present dans la directory /opt/exploit/;;Dummy;No;1;No;CTMSRV;CTMCTM_E1RTEC_04_Q;emuser;;A_L_CTM01;3l4wu
CTM-CONTROL-M;CTMCTM_E1ZTEC_04_Q;CTMCTM_E1ZTEC_04_CTL01_Q;"January 30, 2026";"January 30, 2026 6:46:39 PM";"January 30, 2026 6:46:39 PM";;Ended OK;Controle execution des jobs avec Condition PREV;;Dummy;No;1;No;CTMSRV;CTMCTM_E1ZTEC_04_Q;root;;;3l4xx
CTM-CONTROL-M;CTMCTM_E1ZTEC_04_Q;CTMCTM_E1ZTEC_04_CTL02_Q;"January 30, 2026";;;;Wait for Event;Controle d'activité du mirroir controlm serveur;CONTROLM SERVITUDES CONTROLE MIRROIR;Dummy;No;0;No;CTMSRV;CTMCTM_E1ZTEC_04_Q;controlm;;;3l4xz
CTM-CONTROL-M;CTMCTM_E1ZTEC_04_Q;CTMCTM_E1ZTEC_04_CTL03_Q;"January 30, 2026";"January 30, 2026 5:00:00 PM";"January 30, 2026 5:00:00 PM";1730;Ended OK;CONTROLM : Controle des calendriers non upload;CTM_controle_calendar_not_upload;Dummy;No;3;Yes;CTMSRV;CTMCTM_E1ZTEC_04_Q;emuser;;;3l4xy
CTM-CONTROL-M;CTMCTM_E1ZTEC_04_Q;CTMCTM_E1ZTEC_04_CTL04_Q;"January 30, 2026";"January 30, 2026 3:30:00 PM";"January 30, 2026 3:30:00 PM";;Ended OK;CONTROLM : Controle hebdomadaire des tables locked;CTM_controle_table_locked.;Dummy;No;1;No;CTMSRV;CTMCTM_E1ZTEC_04_Q;emuser;;;3l4y0
CTM-CONTROL-M;CTMSRV_J1YTEC_04_Q;CTMSRV_J1YTEC_04_00000_Q;"January 30, 2026";"January 30, 2026 1:30:13 PM";"January 30, 2026 1:30:13 PM";;Ended OK;Chaîne : Historisation des logs;U512010;Dummy;No;1;No;CTMSRV;CTMSRV_J1YTEC_04_Q;root;;;3l3ke
CTM-CONTROL-M;CTMSRV_J1YTEC_04_Q;CTMSRV_J1YTEC_04_99999_Q;"January 30, 2026";"January 30, 2026 1:30:21 PM";"January 30, 2026 1:30:21 PM";;Ended OK;Fin : Historisation des logs;U512010999;Dummy;No;1;No;CTMSRV;CTMSRV_J1YTEC_04_Q;root;;;3l3kd
CTM-CONTROL-M;CTMSRV_J1YTEC_04_Q;CTMSRV_J1YTEC_04_HIS01_Q;"January 30, 2026";"January 30, 2026 1:30:20 PM";"January 30, 2026 1:30:20 PM";;Ended OK;Historisation des logs;U512010010.sh;Dummy;No;1;No;CTMSRV;CTMSRV_J1YTEC_04_Q;root;;NOTEXIST;3l3kc
DTR-DECISIONNEL TRAN;DTRCID_J11INT_05_Q;DTRCID_J11INT_05_IMP01_Q;"January 30, 2026";;;;Wait for Event;Lancement des plans d'execution DTR_FACTURE_PLAN;Lance_Interface_DTR_CID.ksh;Job;No;0;No;CTMSRV;DTRCID_J11INT_05_Q;root;M_L_DTR01;M_L_DTR01;3l3xb
DTR-DECISIONNEL TRAN;DTRCID_J13INT_05_Q;DTRCID_J13INT_05_FWT01_Q;"January 30, 2026";;;;Wait for Event;FWT : Controle sur le serveur DTR de la presence des fichiers CID et CIT;FileWatcher_Mult_Fic.ksh;Job;No;0;Yes;CTMSRV;DTRCID_J13INT_05_Q;ctmag900;M_L_DTR01;M_L_DTR01;3l2ne
DTR-DECISIONNEL TRAN;DTRCID_J13INT_05_Q;DTRCID_J13INT_05_IMP01_Q;"January 30, 2026";;;;Wait for Event;Lancement des plans d execution DTR_SOCLE_EMPLOYE_FAC_PLAN (projet DTR_SOCLE);Lance_Interface_DTR_CID.ksh;Job;No;0;No;CTMSRV;DTRCID_J13INT_05_Q;root;M_L_DTR01;M_L_DTR01;3l2nd
DTR-DECISIONNEL TRAN;DTRCID_J13INT_05_Q;DTRCID_J13INT_05_MOV01_Q;"January 30, 2026";;;;Wait for Event;DTR : Deplacer les fichiers provenant de l'application CID/CITY;MOVE_GENERIQUE_2.sh;Job;No;0;No;CTMSRV;DTRCID_J13INT_05_Q;root;M_L_DTR01;M_L_DTR01;3l2nc
DTR-DECISIONNEL TRAN;DTRCID_J15INT_05_Q;DTRCID_J15INT_05_IMP01_Q;"January 30, 2026";;;;Wait for Event;Lancement des plans d execution DTR_SOCLE_CONTRAT_FAC_PLAN;Lance_Interface_DTR_CID.ksh;Job;No;0;No;CTMSRV;DTRCID_J15INT_05_Q;root;M_L_DTR01;M_L_DTR01;3l54m
DTR-DECISIONNEL TRAN;DTRCID_J18INT_05_Q;DTRCID_J18INT_05_IMP01_Q;"January 30, 2026";;;;Wait for Event;Lancement des plans d'execution TAC_SOCLE_SLP_NR_DAILY_PLAN;Lance_Interface_DTR_CID.ksh;Job;No;0;No;CTMSRV;DTRCID_J18INT_05_Q;root;M_L_DTR01;M_L_DTR01;3l34h
DTR-DECISIONNEL TRAN;DTRCRT_J11INT_05_Q;DTRCRT_J11INT_05_CPY01_Q;"January 30, 2026";"January 31, 2026 12:34:47 AM";"January 31, 2026 12:34:48 AM";;Ended OK;déplace les fichier de /data/EAI/in/crt vers /bi/data/in/common;DTRCRT_J11INT_05_CPY01_Q.sh;Job;No;1;No;CTMSRV;DTRCRT_J11INT_05_Q;root;ldkdtrp02;M_L_DTR01;3l3tp
DTR-DECISIONNEL TRAN;DTRCRT_J11INT_05_Q;DTRCRT_J11INT_05_FWT01_Q;"January 30, 2026";"January 31, 2026 12:34:43 AM";"January 31, 2026 12:34:46 AM";;Ended OK;Scrutation des fichiers dans FWparam_DTRCRT_J11INT_05_FWT01_Q.parm (DTR01);FileWatcher_Mult_Fic.ksh;Job;No;1;Yes;CTMSRV;DTRCRT_J11INT_05_Q;ctmag900;ldkdtrp02;M_L_DTR01;3l3to
DTR-DECISIONNEL TRAN;DTRCRT_J11INT_05_Q;DTRCRT_J11INT_05_IMP01_Q;"January 30, 2026";;;;Wait for Event;Lancement des plans d'execution TAC_TSAR_CRT_DAILY_PLAN;Lance_Interface_DTR_CRT.ksh;Job;No;0;No;CTMSRV;DTRCRT_J11INT_05_Q;root;M_L_DTR01;M_L_DTR01;3l3tq
DTR-DECISIONNEL TRAN;DTRCSC_J13INT_05_Q;DTRCSC_J13INT_05_FLG01_Q;"January 30, 2026";"January 31, 2026 12:30:01 AM";"January 31, 2026 12:30:01 AM";;Ended OK;DTR : Creation Flag TOP_OK_DEMANDE_INTERVENTION.txt;;Dummy;No;1;No;CTMSRV;DTRCSC_J13INT_05_Q;svc_sapbi;;M_W_DTR00;3l39e
DTR-DECISIONNEL TRAN;DTRCSC_J13INT_05_Q;DTRCSC_J13INT_05_FWT01_Q;"January 30, 2026";"January 31, 2026 12:30:00 AM";"January 31, 2026 12:30:00 AM";;Ended OK;Scrutation des fichiers CSC j-1;FileWatcher_Mult_Fic.ksh;Dummy;No;1;Yes;CTMSRV;DTRCSC_J13INT_05_Q;ctmag900;;M_L_DTR01;3l39b
DTR-DECISIONNEL TRAN;DTRCSC_J13INT_05_Q;DTRCSC_J13INT_05_IMP01_Q;"January 30, 2026";"January 31, 2026 12:30:00 AM";"January 31, 2026 12:30:00 AM";;Ended OK;INTEGRATION  j-1 fichiers CSC;Lance_Interface_DTR_CSC.ksh;Dummy;No;1;No;CTMSRV;DTRCSC_J13INT_05_Q;root;;M_L_DTR01;3l39c
DTR-DECISIONNEL TRAN;DTRCSC_J13INT_05_Q;DTRCSC_J13INT_05_WRK01_Q;"January 30, 2026";"January 31, 2026 12:30:00 AM";"January 31, 2026 12:30:00 AM";;Ended OK;Charge la date -1 des fichiers pour le filewatcher;create_flwparm_csc_dtr.ksh;Dummy;No;1;No;CTMSRV;DTRCSC_J13INT_05_Q;root;;M_L_DTR01;3l39d
DTR-DECISIONNEL TRAN;DTRCSC_J14INT_05_Q;DTRCSC_J14INT_05_IMP04_Q;"January 30, 2026";"January 31, 2026 12:30:01 AM";"January 31, 2026 12:30:01 AM";;Ended OK;INTEGRATION  j-1 fichiers DECLIC CSC;Lance_Interface_DTR_DEC.ksh;Dummy;No;1;No;CTMSRV;DTRCSC_J14INT_05_Q;root;;M_L_DTR01;3l3mm
DTR-DECISIONNEL TRAN;DTRDEC_J11INT_05_Q;DTRDEC_J11INT_05_IMP01_Q;"January 30, 2026";"January 30, 2026 6:46:06 PM";"January 30, 2026 6:46:06 PM";;Ended OK;Lancement des plans d'execution TAC_SOCLE_SLP_DECLIC_NRJ_PLAN;Lance_Interface_DTR_DEC.ksh;Dummy;No;1;No;CTMSRV;DTRDEC_J11INT_05_Q;root;;M_L_DTR01;3l2z9
DTR-DECISIONNEL TRAN;DTRDTR_E11REB_12_Q;DTRDTR_E11REB_12_CTL01_Q;"January 30, 2026";"January 31, 2026 12:13:59 AM";"January 31, 2026 12:14:05 AM";;Ended OK;Redemarrage DTR : TEST si serveur demarre (wdkdtrp12);dir;Command;No;1;No;CTMSRV;DTRDTR_E11REB_12_Q;svce_cm;wdkdtrp12;A_W_DTR12;3l3ff
DTR-DECISIONNEL TRAN;DTRDTR_E11REB_12_Q;DTRDTR_E11REB_12_CTL02_Q;"January 30, 2026";"January 31, 2026 12:14:18 AM";"January 31, 2026 12:14:20 AM";;Ended OK;Info sur le Redemarrage DTR BI4 :  (WDKDTRP12);net statistics WORKSTATION;Command;No;1;No;CTMSRV;DTRDTR_E11REB_12_Q;svce_cm;wdkdtrp12;A_W_DTR12;3l3fr
DTR-DECISIONNEL TRAN;DTRDTR_E11REB_12_Q;DTRDTR_E11REB_12_CTL03_Q;"January 30, 2026";"January 31, 2026 12:18:17 AM";"January 31, 2026 12:18:23 AM";;Ended OK;Redemarrage DTR : TEST si serveur demarre (WDKDTRP13);dir;Command;No;1;No;CTMSRV;DTRDTR_E11REB_12_Q;svce_cm;wdkdtrp13;A_W_DTR13;3l3fn
DTR-DECISIONNEL TRAN;DTRDTR_E11REB_12_Q;DTRDTR_E11REB_12_CTL04_Q;"January 30, 2026";"January 31, 2026 12:18:36 AM";"January 31, 2026 12:18:38 AM";;Ended OK;Info sur le Redemarrage DTR BI4 :  (WDKDTRP13);net statistics WORKSTATION;Command;No;1;No;CTMSRV;DTRDTR_E11REB_12_Q;svce_cm;wdkdtrp13;A_W_DTR13;3l3fs
DTR-DECISIONNEL TRAN;DTRDTR_E11REB_12_Q;DTRDTR_E11REB_12_CTL04_Q;"January 30, 2026";"January 31, 2026 12:18:46 AM";"January 31, 2026 12:18:51 AM";;Ended OK;Info sur le Redemarrage DTR :  (WDKDTRP14);net statistics WORKSTATION;Command;No;1;No;CTMSRV;DTRDTR_E11REB_12_Q;svce_cm;wdkdtrp14;A_W_DTR14;3l3fw
DTR-DECISIONNEL TRAN;DTRDTR_E11REB_12_Q;DTRDTR_E11REB_12_MEL01_Q;"January 30, 2026";"January 31, 2026 12:10:00 AM";"January 31, 2026 12:10:01 AM";;Ended OK;"DTR SAP BI: Notification Mail DEBUT Plan de Maintenance quotidien des serveur WDKDTRP12 ; WDKDTRP13";Notification_Plan_Maintenance.ksh;Job;No;1;No;CTMSRV;DTRDTR_E11REB_12_Q;root;ldkctmp50;SRV_PRIMAIRE;3l3ft
DTR-DECISIONNEL TRAN;DTRDTR_E11REB_12_Q;DTRDTR_E11REB_12_MEL02_Q;"January 30, 2026";"January 31, 2026 12:18:52 AM";"January 31, 2026 12:18:54 AM";;Ended OK;DTR SAP BI : Notification Mail FIN Plan de Maintenance quotidien des serveurs WDKDTRP12 et WDKDTRP13;Notification_Plan_Maintenance.ksh;Job;No;1;No;CTMSRV;DTRDTR_E11REB_12_Q;root;ldkctmp50;SRV_PRIMAIRE;3l3fu
DTR-DECISIONNEL TRAN;DTRDTR_E11REB_12_Q;DTRDTR_E11REB_12_NAS12_Q;"January 30, 2026";"January 31, 2026 12:14:06 AM";"January 31, 2026 12:14:08 AM";;Ended OK;Mapper le Disque NAS EDF;Mapper  Disque NAS EDF;Command;No;1;Yes;CTMSRV;DTRDTR_E11REB_12_Q;svc_sapbi;wdkdtrp12;A_W_DTR12;3l3fg
DTR-DECISIONNEL TRAN;DTRDTR_E11REB_12_Q;DTRDTR_E11REB_12_NAS13_Q;"January 30, 2026";"January 31, 2026 12:18:24 AM";"January 31, 2026 12:18:26 AM";;Ended OK;Mapper le Disque NAS EDF;Mapper  Disque NAS EDF;Command;No;1;Yes;CTMSRV;DTRDTR_E11REB_12_Q;svc_sapbi;wdkdtrp13;A_W_DTR13;3l3fo
DTR-DECISIONNEL TRAN;DTRDTR_E11REB_12_Q;DTRDTR_E11REB_12_Q;"January 30, 2026";"January 31, 2026 12:10:00 AM";"January 31, 2026 12:18:54 AM";;Ended OK;Plan de Maintenance quotidien des serveurs DTR SAP BI;;SMART Table;No;1;No;CTMSRV;DTRDTR_E11REB_12_Q;;ldkctmp50;;3l3fa
DTR-DECISIONNEL TRAN;DTRDTR_E11REB_12_Q;DTRDTR_E11REB_12_REB12_Q;"January 30, 2026";"January 31, 2026 12:10:32 AM";"January 31, 2026 12:10:35 AM";;Ended OK;Redemarrage DTR BI4: REBOOT du serveur (wdkdtrp12);Shutdown_wdkdtrp12;Command;No;1;No;CTMSRV;DTRDTR_E11REB_12_Q;svce_cm;wdkdtrp12;A_W_DTR12;3l3fd
DTR-DECISIONNEL TRAN;DTRDTR_E11REB_12_Q;DTRDTR_E11REB_12_REB13_Q;"January 30, 2026";"January 31, 2026 12:14:51 AM";"January 31, 2026 12:14:52 AM";;Ended OK;Redemarrage DTR BI4: REBOOT du serveur (WDKDTRP13);Shutdown WDKDTRP13;Command;No;1;No;CTMSRV;DTRDTR_E11REB_12_Q;svce_cm;wdkdtrp13;A_W_DTR13;3l3fl
DTR-DECISIONNEL TRAN;DTRDTR_E11REB_12_Q;DTRDTR_E11REB_12_REB14_Q;"January 30, 2026";"January 31, 2026 12:18:39 AM";"January 31, 2026 12:18:45 AM";;Ended OK;Redemarrage DTR : REBOOT du serveur (WDKDTRP14);Shutdown WDKDTRP14;Command;No;1;No;CTMSRV;DTRDTR_E11REB_12_Q;svce_cm;wdkdtrp14;A_W_DTR14;3l3fv
DTR-DECISIONNEL TRAN;DTRDTR_E11REB_12_Q;DTRDTR_E11REB_12_SLP12_Q;"January 30, 2026";"January 31, 2026 12:10:36 AM";"January 31, 2026 12:13:58 AM";;Ended OK;Redemarrage DTR BI4 : SLEEP pour test si serveur demarre (wdkdtrp12);sleep 200_et_test;Command;No;1;No;CTMSRV;DTRDTR_E11REB_12_Q;root;ldkctmp50;SRV_PRIMAIRE;3l3fe
DTR-DECISIONNEL TRAN;DTRDTR_E11REB_12_Q;DTRDTR_E11REB_12_SLP13_Q;"January 30, 2026";"January 31, 2026 12:14:53 AM";"January 31, 2026 12:18:16 AM";;Ended OK;Redemarrage DTR BI4 : SLEEP pour test si serveur demarre (WDKDTRP13);sleep 200_et_test;Command;No;1;No;CTMSRV;DTRDTR_E11REB_12_Q;root;ldkctmp50;SRV_PRIMAIRE;3l3fm
DTR-DECISIONNEL TRAN;DTRDTR_E11REB_12_Q;DTRDTR_E11REB_12_STP01_Q;"January 30, 2026";"January 31, 2026 12:10:01 AM";"January 31, 2026 12:10:19 AM";;Ended OK;ARRET  BOEXI40SIAWDKDTRP12: STOP  (WDKDTRP12);stop BO_WDKDTRP12;Command;No;1;No;CTMSRV;DTRDTR_E11REB_12_Q;svc_sapbi;wdkdtrp12;A_W_DTR12;3l3fb
DTR-DECISIONNEL TRAN;DTRDTR_E11REB_12_Q;DTRDTR_E11REB_12_STP02_Q;"January 30, 2026";"January 31, 2026 12:10:19 AM";"January 31, 2026 12:10:32 AM";;Ended OK;ARRET  BOEXI40Tomcat: STOP  (WDKDTRP12);stop_Tomcat_WDKDTRP12;Command;No;1;No;CTMSRV;DTRDTR_E11REB_12_Q;svc_sapbi;wdkdtrp12;A_W_DTR12;3l3fc
DTR-DECISIONNEL TRAN;DTRDTR_E11REB_12_Q;DTRDTR_E11REB_12_STP03_Q;"January 30, 2026";"January 31, 2026 12:14:20 AM";"January 31, 2026 12:14:37 AM";;Ended OK;ARRET  BOEXI40SIAWDKDTRE13: STOP  (WDKDTRP13);stop BO_WDKDTRP13;Command;No;1;No;CTMSRV;DTRDTR_E11REB_12_Q;svc_sapbi;wdkdtrp13;A_W_DTR13;3l3fj
DTR-DECISIONNEL TRAN;DTRDTR_E11REB_12_Q;DTRDTR_E11REB_12_STP04_Q;"January 30, 2026";"January 31, 2026 12:14:38 AM";"January 31, 2026 12:14:50 AM";;Ended OK;ARRET  BOEXI40Tomcat: STOP  (WDKDTRP13);stop Tomcat WDKDTRP13;Command;No;1;No;CTMSRV;DTRDTR_E11REB_12_Q;svc_sapbi;wdkdtrp13;A_W_DTR13;3l3fk
DTR-DECISIONNEL TRAN;DTRDTR_E11REB_12_Q;DTRDTR_E11REB_12_STR01_Q;"January 30, 2026";"January 31, 2026 12:14:10 AM";"January 31, 2026 12:14:17 AM";;Ended OK;DEMARRAGE  BOEXI40SIAWDKDTRE12: START  (WDKDTRP12);start BO_WDKDTRP12;Command;No;1;No;CTMSRV;DTRDTR_E11REB_12_Q;svc_sapbi;wdkdtrp12;A_W_DTR12;3l3fi
DTR-DECISIONNEL TRAN;DTRDTR_E11REB_12_Q;DTRDTR_E11REB_12_STR02_Q;"January 30, 2026";"January 31, 2026 12:14:09 AM";"January 31, 2026 12:14:09 AM";;Ended OK;DEMARRAGE  BOEXI40Tomcat: START  (WDKDTRP12);start Tomcat WDKDTRP12;Dummy;No;1;No;CTMSRV;DTRDTR_E11REB_12_Q;svc_sapbi;;A_W_DTR12;3l3fh
DTR-DECISIONNEL TRAN;DTRDTR_E11REB_12_Q;DTRDTR_E11REB_12_STR03_Q;"January 30, 2026";"January 31, 2026 12:18:28 AM";"January 31, 2026 12:18:35 AM";;Ended OK;DEMARRAGE  BOEXI40SIAWDKDTRP13: START  (WDKDTRP13);start BO_WDKDTRP13;Command;No;1;No;CTMSRV;DTRDTR_E11REB_12_Q;svc_sapbi;wdkdtrp13;A_W_DTR13;3l3fq
DTR-DECISIONNEL TRAN;DTRDTR_E11REB_12_Q;DTRDTR_E11REB_12_STR04_Q;"January 30, 2026";"January 31, 2026 12:18:27 AM";"January 31, 2026 12:18:27 AM";;Ended OK;DEMARRAGE  BOEXI40Tomcat: START  (WDKDTRP13);start Tomcat WDKDTRP13;Dummy;No;1;No;CTMSRV;DTRDTR_E11REB_12_Q;svc_sapbi;;A_W_DTR13;3l3fp
DTR-DECISIONNEL TRAN;DTRDTR_J11INT_05_Q;DTRDTR_J11INT_05_IMP01_Q;"January 30, 2026";"January 31, 2026 12:09:55 AM";"January 31, 2026 12:09:55 AM";;Ended OK;Plan d'execution DTR_SOCLE_MAIEXP_SIGMA_PLAN;Lance_Interface_DTR_SIG.ksh;Dummy;No;1;No;CTMSRV;DTRDTR_J11INT_05_Q;root;;M_L_DTR01;3l56i
DTR-DECISIONNEL TRAN;DTRDTR_J11TEC_04_Q;DTRDTR_J11TEC_04_CTL01_Q;"January 30, 2026";"January 30, 2026 6:46:06 PM";"January 30, 2026 6:46:06 PM";;Ended OK;Jalon de controle des COND PREV postees (Plan de prod DTR precedent termine);;Dummy;No;1;No;CTMSRV;DTRDTR_J11TEC_04_Q;root;;NOTEXIST;3l3u9
DTR-DECISIONNEL TRAN;DTRDTR_J11TEC_04_Q;DTRDTR_J11TEC_04_FLG01_Q;"January 30, 2026";"January 31, 2026 4:51:41 AM";"January 31, 2026 4:51:41 AM";;Ended OK;DTR : Jalon de fin de la production DTRP01;UDTR_PROD_ENDED;Dummy;No;1;No;CTMSRV;DTRDTR_J11TEC_04_Q;svce_cm;;NOTEXIST;3l3u7
DTR-DECISIONNEL TRAN;DTRDTR_J11TEC_04_Q;DTRDTR_J11TEC_04_FLG04_Q;"January 30, 2026";"January 31, 2026 4:51:42 AM";"January 31, 2026 4:51:42 AM";;Ended OK;Jalon de demarrage de la production DTRP01;UDTR_PROD_START_001J;Dummy;No;1;No;CTMSRV;DTRDTR_J11TEC_04_Q;svce_cm;;NOTEXIST;3l3u8
DTR-DECISIONNEL TRAN;DTRDTR_J11TRT_05_Q;DTRDTR_J11TRT_05_IMP01_Q;"January 30, 2026";;;;Wait for Event;Lancement des plans d'execution TAC_SOCLE_MAJ_SLP_DAILY_PLAN;Lance_Interface_DTR_SLP.ksh;Job;No;0;No;CTMSRV;DTRDTR_J11TRT_05_Q;root;M_L_DTR01;M_L_DTR01;3l4ng
DTR-DECISIONNEL TRAN;DTRDTR_J12INT_05_Q;DTRDTR_J12INT_05_IMP01_Q;"January 30, 2026";"January 31, 2026 12:09:57 AM";"January 31, 2026 12:09:57 AM";;Ended OK;Plan d'execution DTR_MAIEXP_MAXIMO_SIGMA_PLAN;Lance_Interface_DTR_SIG.ksh;Dummy;No;1;No;CTMSRV;DTRDTR_J12INT_05_Q;root;;M_L_DTR01;3l40w
DTR-DECISIONNEL TRAN;DTRDTR_J12TRT_05_Q;DTRDTR_J12TRT_05_IMP01_Q;"January 30, 2026";"January 31, 2026 4:51:41 AM";"January 31, 2026 4:51:57 AM";;Ended OK;Lancement des plans d'execution TAC_SOCLE_ALIM_PIVOT_DAILY_PLAN;Lance_Interface_DTR_PIVOT.ksh;Job;No;1;No;CTMSRV;DTRDTR_J12TRT_05_Q;root;ldkdtrp03;M_L_DTR01;3l2pv
DTR-DECISIONNEL TRAN;DTRDTR_J13TRT_05_Q;DTRDTR_J13TRT_05_IMP01_Q;"January 30, 2026";;;;Wait for Event;Lancement des plans d'execution TAC_EXTRACT_DAILY_PLAN;Lance_Interface_DTR_EXTRACT.ksh;Job;No;0;No;CTMSRV;DTRDTR_J13TRT_05_Q;root;M_L_DTR01;M_L_DTR01;3l486
DTR-DECISIONNEL TRAN;DTRDTR_J14TRT_04_Q;DTRDTR_J14TRT_04_IMP01_Q;"January 30, 2026";;;;Wait for Event;Lancement des plans d'execution TAC_SALESFORCE_TSAR;Lance_Interface_DTR_TSAR.ksh;Job;No;0;No;CTMSRV;DTRDTR_J14TRT_04_Q;root;M_L_DTR01;M_L_DTR01;3l3d9
DTR-DECISIONNEL TRAN;DTRDTR_J15TRT_04_Q;DTRDTR_J15TRT_04_FLG01_Q;"January 30, 2026";;;;Wait for Event;DTR : Creation Flag TOP_OK_OPTIMISATION_DES_DEPLACEMENTS.txt;;Command;No;0;No;CTMSRV;DTRDTR_J15TRT_04_Q;svc_sapbi;M_W_DTR00;M_W_DTR00;3l49e
DTR-DECISIONNEL TRAN;DTRDTR_J15TRT_04_Q;DTRDTR_J15TRT_04_STA01_Q;"January 30, 2026";;;;Wait for Event;Lancement des plans d'execution DTR_PLAN_OPTIM_STATS;Lance_Interface_DTR_MASTERNAUT.ksh;Job;No;0;No;CTMSRV;DTRDTR_J15TRT_04_Q;root;M_L_DTR01;M_L_DTR01;3l49d
DTR-DECISIONNEL TRAN;DTRDTR_J17TRT_05_Q;DTRDTR_J17TRT_05_IMP01_Q;"January 30, 2026";;;;Wait for Event;Lancement des plans d'execution TAC_OUT_ESPACE_CLIENT_DAILY_PLAN;Lance_Interface_DTR_EXTRACT.ksh;Job;No;0;No;CTMSRV;DTRDTR_J17TRT_05_Q;root;M_L_DTR01;M_L_DTR01;3l4h0
DTR-DECISIONNEL TRAN;DTREXT_J11INT_05_Q;DTREXT_J11INT_05_IMP01_Q;"January 30, 2026";"January 31, 2026 5:41:23 AM";"January 31, 2026 5:41:41 AM";;Ended OK;DTR MASTERNAUT Toutes regions : Lancement des plans d'execution DTR_MAS_PLAN;Lance_Interface_DTR_MASTERNAUT.ksh;Job;No;1;No;CTMSRV;DTREXT_J11INT_05_Q;root;ldkdtrp03;M_L_DTR01;3l3m8
DTR-DECISIONNEL TRAN;DTREXT_J11INT_DC_Q;DTREXT_J11INT_DC_CPY01_Q;"January 30, 2026";"January 31, 2026 5:41:18 AM";"January 31, 2026 5:41:21 AM";;Ended OK;DTR MASTERNAUT Region DC : Déplace les fichiers de EAI/in  vers /bi/data/in/common;DTREXT_J11INT_DC_CPY01_Q.sh;Job;No;1;No;CTMSRV;DTREXT_J11INT_DC_Q;root;ldkdtrp03;M_L_DTR01;3l4k1
DTR-DECISIONNEL TRAN;DTREXT_J11INT_DC_Q;DTREXT_J11INT_DC_FWT01_Q;"January 30, 2026";"January 31, 2026 5:41:15 AM";"January 31, 2026 5:41:18 AM";2000;Ended OK;DTR MASTERNAUT Region DC : Scrutation des fichiers dans FWparam_DTREXT_J11INT_DC_FWT01_Q.parm;FileWatcher_Mult_Fic.ksh;Job;No;1;Yes;CTMSRV;DTREXT_J11INT_DC_Q;ctmag900;ldkdtrp02;M_L_DTR01;3l4k0
DTR-DECISIONNEL TRAN;DTREXT_J11INT_DE_Q;DTREXT_J11INT_DE_CPY01_Q;"January 30, 2026";"January 31, 2026 5:41:18 AM";"January 31, 2026 5:41:20 AM";;Ended OK;DTR MASTERNAUT Region DE : Déplace les fichiers de EAI/in  vers /bi/data/in/common;DTREXT_J11INT_DE_CPY01_Q.sh;Job;No;1;No;CTMSRV;DTREXT_J11INT_DE_Q;root;ldkdtrp03;M_L_DTR01;3l348
DTR-DECISIONNEL TRAN;DTREXT_J11INT_DE_Q;DTREXT_J11INT_DE_FWT01_Q;"January 30, 2026";"January 31, 2026 5:41:14 AM";"January 31, 2026 5:41:18 AM";2000;Ended OK;DTR MASTERNAUT Region DE : Scrutation des fichiers dans FWparam_DTREXT_J11INT_DE_FWT01_Q.parm;FileWatcher_Mult_Fic.ksh;Job;No;1;Yes;CTMSRV;DTREXT_J11INT_DE_Q;ctmag900;ldkdtrp03;M_L_DTR01;3l347
DTR-DECISIONNEL TRAN;DTREXT_J11INT_DL_Q;DTREXT_J11INT_DL_CPY01_Q;"January 30, 2026";"January 31, 2026 5:41:18 AM";"January 31, 2026 5:41:21 AM";;Ended OK;DTR MASTERNAUT Region DL : Déplace les fichiers de EAI/in  vers /bi/data/in/common;DTREXT_J11INT_DL_CPY01_Q.sh;Job;No;1;No;CTMSRV;DTREXT_J11INT_DL_Q;root;ldkdtrp02;M_L_DTR01;3l545
DTR-DECISIONNEL TRAN;DTREXT_J11INT_DL_Q;DTREXT_J11INT_DL_FWT01_Q;"January 30, 2026";"January 31, 2026 5:41:15 AM";"January 31, 2026 5:41:18 AM";2000;Ended OK;DTR MASTERNAUT Region DL : Scrutation des fichiers dans FWparam_DTREXT_J11INT_DL_FWT01_Q.parm;FileWatcher_Mult_Fic.ksh;Job;No;1;Yes;CTMSRV;DTREXT_J11INT_DL_Q;ctmag900;ldkdtrp02;M_L_DTR01;3l544
DTR-DECISIONNEL TRAN;DTREXT_J11INT_DM_Q;DTREXT_J11INT_DM_CPY01_Q;"January 30, 2026";"January 31, 2026 5:41:18 AM";"January 31, 2026 5:41:20 AM";;Ended OK;DTR MASTERNAUT Region DM : Déplace les fichiers de EAI/in  vers /bi/data/in/common;DTREXT_J11INT_DM_CPY01_Q.sh;Job;No;1;No;CTMSRV;DTREXT_J11INT_DM_Q;root;ldkdtrp02;M_L_DTR01;3l4mk
DTR-DECISIONNEL TRAN;DTREXT_J11INT_DM_Q;DTREXT_J11INT_DM_FWT01_Q;"January 30, 2026";"January 31, 2026 5:41:15 AM";"January 31, 2026 5:41:18 AM";2000;Ended OK;DTR MASTERNAUT Region DM : Scrutation des fichiers dans FWparam_DTREXT_J11INT_DM_FWT01_Q.parm;FileWatcher_Mult_Fic.ksh;Job;No;1;Yes;CTMSRV;DTREXT_J11INT_DM_Q;ctmag900;ldkdtrp02;M_L_DTR01;3l4mj
DTR-DECISIONNEL TRAN;DTREXT_J11INT_DN_Q;DTREXT_J11INT_DN_CPY01_Q;"January 30, 2026";"January 31, 2026 5:41:18 AM";"January 31, 2026 5:41:21 AM";;Ended OK;DTR MASTERNAUT Region DN : Déplace les fichiers de EAI/in  vers /bi/data/in/common;DTREXT_J11INT_DN_CPY01_Q.sh;Job;No;1;No;CTMSRV;DTREXT_J11INT_DN_Q;root;ldkdtrp02;M_L_DTR01;3l4bx
DTR-DECISIONNEL TRAN;DTREXT_J11INT_DN_Q;DTREXT_J11INT_DN_FWT01_Q;"January 30, 2026";"January 31, 2026 5:41:15 AM";"January 31, 2026 5:41:18 AM";2000;Ended OK;DTR MASTERNAUT Region DN : Scrutation des fichiers dans FWparam_DTREXT_J11INT_DN_FWT01_Q.parm;FileWatcher_Mult_Fic.ksh;Job;No;1;Yes;CTMSRV;DTREXT_J11INT_DN_Q;ctmag900;ldkdtrp03;M_L_DTR01;3l4bw
DTR-DECISIONNEL TRAN;DTREXT_J11INT_DO_Q;DTREXT_J11INT_DO_CPY01_Q;"January 30, 2026";"January 31, 2026 5:41:19 AM";"January 31, 2026 5:41:21 AM";;Ended OK;DTR MASTERNAUT Region DO : Déplace les fichiers de EAI/in  vers /bi/data/in/common;DTREXT_J11INT_DO_CPY01_Q.sh;Job;No;1;No;CTMSRV;DTREXT_J11INT_DO_Q;root;ldkdtrp03;M_L_DTR01;3l4lj
DTR-DECISIONNEL TRAN;DTREXT_J11INT_DO_Q;DTREXT_J11INT_DO_FWT01_Q;"January 30, 2026";"January 31, 2026 5:41:15 AM";"January 31, 2026 5:41:19 AM";2000;Ended OK;DTR MASTERNAUT Region DO : Scrutation des fichiers dans FWparam_DTREXT_J11INT_DO_FWT01_Q.parm;FileWatcher_Mult_Fic.ksh;Job;No;1;Yes;CTMSRV;DTREXT_J11INT_DO_Q;ctmag900;ldkdtrp02;M_L_DTR01;3l4li
DTR-DECISIONNEL TRAN;DTREXT_J11INT_DR_Q;DTREXT_J11INT_DR_CPY01_Q;"January 30, 2026";"January 31, 2026 5:41:19 AM";"January 31, 2026 5:41:22 AM";;Ended OK;DTR MASTERNAUT Region DR : Déplace les fichiers de EAI/in  vers /bi/data/in/common;DTREXT_J11INT_DR_CPY01_Q.sh;Job;No;1;No;CTMSRV;DTREXT_J11INT_DR_Q;root;ldkdtrp02;M_L_DTR01;3l4xm
DTR-DECISIONNEL TRAN;DTREXT_J11INT_DR_Q;DTREXT_J11INT_DR_FWT01_Q;"January 30, 2026";"January 31, 2026 5:41:15 AM";"January 31, 2026 5:41:19 AM";2000;Ended OK;DTR MASTERNAUT Region DR : Scrutation des fichiers dans FWparam_DTREXT_J11INT_DR_FWT01_Q.parm;FileWatcher_Mult_Fic.ksh;Job;No;1;Yes;CTMSRV;DTREXT_J11INT_DR_Q;ctmag900;ldkdtrp02;M_L_DTR01;3l4xl
DTR-DECISIONNEL TRAN;DTREXT_J11INT_DS_Q;DTREXT_J11INT_DS_CPY01_Q;"January 30, 2026";"January 31, 2026 5:41:18 AM";"January 31, 2026 5:41:22 AM";;Ended OK;DTR MASTERNAUT Region DS : Déplace les fichiers de EAI/in  vers /bi/data/in/common;DTREXT_J11INT_DS_CPY01_Q.sh;Job;No;1;No;CTMSRV;DTREXT_J11INT_DS_Q;root;ldkdtrp02;M_L_DTR01;3l4e2
DTR-DECISIONNEL TRAN;DTREXT_J11INT_DS_Q;DTREXT_J11INT_DS_FWT01_Q;"January 30, 2026";"January 31, 2026 5:41:14 AM";"January 31, 2026 5:41:18 AM";2000;Ended OK;DTR MASTERNAUT Region DS : Scrutation des fichiers dans FWparam_DTREXT_J11INT_DS_FWT01_Q.parm;FileWatcher_Mult_Fic.ksh;Job;No;1;Yes;CTMSRV;DTREXT_J11INT_DS_Q;ctmag900;ldkdtrp02;M_L_DTR01;3l4e1
DTR-DECISIONNEL TRAN;DTREXT_J21INT_05_Q;DTREXT_J21INT_05_IMP01_Q;"January 30, 2026";;;;Wait for Event;DTR KUANTIC Toutes Regions : Lancement des plans d'execution DTR_KUA_PLAN;Lance_Interface_DTR_MASTERNAUT.ksh;Job;No;0;No;CTMSRV;DTREXT_J21INT_05_Q;root;M_L_DTR01;M_L_DTR01;3l552
DTR-DECISIONNEL TRAN;DTREXT_J21INT_DC_Q;DTREXT_J21INT_DC_CPY01_Q;"January 30, 2026";;;;Wait for Event;DTR KUANTIC Region DC : Déplace les fichiers de EAI/in  vers /bi/data/in/common;DTREXT_J21INT_DC_CPY01_Q.sh;Job;No;0;No;CTMSRV;DTREXT_J21INT_DC_Q;root;M_L_DTR01;M_L_DTR01;3l4qk
DTR-DECISIONNEL TRAN;DTREXT_J21INT_DC_Q;DTREXT_J21INT_DC_FWT01_Q;"January 30, 2026";"January 31, 2026 8:01:00 AM";"January 31, 2026 8:06:02 AM";2000;Wait for Event;DTR KUANTIC Region DC : Scrutation des fichiers dans FWparam_DTREXT_J21INT_DC_FWT01_Q.parm;FileWatcher_Mult_Fic.ksh;Job;No;15;Yes;CTMSRV;DTREXT_J21INT_DC_Q;ctmag900;ldkdtrp02;M_L_DTR01;3l4qj
DTR-DECISIONNEL TRAN;DTREXT_J21INT_DE_Q;DTREXT_J21INT_DE_CPY01_Q;"January 30, 2026";"January 31, 2026 6:51:02 AM";"January 31, 2026 6:51:03 AM";;Ended OK;DTR KUANTIC Region DE : Déplace les fichiers de EAI/in  vers /bi/data/in/common;DTREXT_J21INT_DE_CPY01_Q.sh;Job;No;1;No;CTMSRV;DTREXT_J21INT_DE_Q;root;ldkdtrp03;M_L_DTR01;3l4q9
DTR-DECISIONNEL TRAN;DTREXT_J21INT_DE_Q;DTREXT_J21INT_DE_FWT01_Q;"January 30, 2026";"January 31, 2026 6:51:00 AM";"January 31, 2026 6:51:02 AM";2000;Ended OK;DTR KUANTIC Region DE : Scrutation des fichiers dans FWparam_DTREXT_J21INT_DE_FWT01_Q.parm;FileWatcher_Mult_Fic.ksh;Job;No;8;Yes;CTMSRV;DTREXT_J21INT_DE_Q;ctmag900;ldkdtrp02;M_L_DTR01;3l4q8
DTR-DECISIONNEL TRAN;DTREXT_J21INT_DL_Q;DTREXT_J21INT_DL_CPY01_Q;"January 30, 2026";;;;Wait for Event;DTR KUANTIC Region DL : Déplace les fichiers de EAI/in  vers /bi/data/in/common;DTREXT_J21INT_DL_CPY01_Q.sh;Job;No;0;No;CTMSRV;DTREXT_J21INT_DL_Q;root;M_L_DTR01;M_L_DTR01;3l3ic
DTR-DECISIONNEL TRAN;DTREXT_J21INT_DL_Q;DTREXT_J21INT_DL_FWT01_Q;"January 30, 2026";"January 31, 2026 8:01:00 AM";"January 31, 2026 8:06:02 AM";2000;Wait for Event;DTR KUANTIC Region DL : Scrutation des fichiers dans FWparam_DTREXT_J21INT_DL_FWT01_Q.parm;FileWatcher_Mult_Fic.ksh;Job;No;15;Yes;CTMSRV;DTREXT_J21INT_DL_Q;ctmag900;ldkdtrp03;M_L_DTR01;3l3ib
DTR-DECISIONNEL TRAN;DTREXT_J21INT_DM_Q;DTREXT_J21INT_DM_CPY01_Q;"January 30, 2026";;;;Wait for Event;DTR KUANTIC Region DM : Déplace les fichiers de EAI/in  vers /bi/data/in/common;DTREXT_J21INT_DM_CPY01_Q.sh;Job;No;0;No;CTMSRV;DTREXT_J21INT_DM_Q;root;M_L_DTR01;M_L_DTR01;3l4yv
DTR-DECISIONNEL TRAN;DTREXT_J21INT_DM_Q;DTREXT_J21INT_DM_FWT01_Q;"January 30, 2026";"January 31, 2026 8:01:00 AM";"January 31, 2026 8:06:02 AM";2000;Wait for Event;DTR KUANTIC Region DM : Scrutation des fichiers dans FWparam_DTREXT_J21INT_DM_FWT01_Q.parm;FileWatcher_Mult_Fic.ksh;Job;No;15;Yes;CTMSRV;DTREXT_J21INT_DM_Q;ctmag900;ldkdtrp02;M_L_DTR01;3l4yu
DTR-DECISIONNEL TRAN;DTREXT_J21INT_DN_Q;DTREXT_J21INT_DN_CPY01_Q;"January 30, 2026";"January 31, 2026 5:41:18 AM";"January 31, 2026 5:41:20 AM";;Ended OK;DTR KUANTIC Region DN : Déplace les fichiers de EAI/in  vers /bi/data/in/common;DTREXT_J21INT_DN_CPY01_Q.sh;Job;No;1;No;CTMSRV;DTREXT_J21INT_DN_Q;root;ldkdtrp03;M_L_DTR01;3l396
DTR-DECISIONNEL TRAN;DTREXT_J21INT_DN_Q;DTREXT_J21INT_DN_FWT01_Q;"January 30, 2026";"January 31, 2026 5:41:14 AM";"January 31, 2026 5:41:18 AM";2000;Ended OK;DTR KUANTIC Region DN : Scrutation des fichiers dans FWparam_DTREXT_J21INT_DN_FWT01_Q.parm;FileWatcher_Mult_Fic.ksh;Job;No;1;Yes;CTMSRV;DTREXT_J21INT_DN_Q;ctmag900;ldkdtrp03;M_L_DTR01;3l395
DTR-DECISIONNEL TRAN;DTREXT_J21INT_DO_Q;DTREXT_J21INT_DO_CPY01_Q;"January 30, 2026";"January 31, 2026 5:41:18 AM";"January 31, 2026 5:41:20 AM";;Ended OK;DTR KUANTIC Region DO : Déplace les fichiers de EAI/in  vers /bi/data/in/common;DTREXT_J21INT_DO_CPY01_Q.sh;Job;No;1;No;CTMSRV;DTREXT_J21INT_DO_Q;root;ldkdtrp03;M_L_DTR01;3l4oc
DTR-DECISIONNEL TRAN;DTREXT_J21INT_DO_Q;DTREXT_J21INT_DO_FWT01_Q;"January 30, 2026";"January 31, 2026 5:41:15 AM";"January 31, 2026 5:41:18 AM";2000;Ended OK;DTR KUANTIC Region DO : Scrutation des fichiers dans FWparam_DTREXT_J21INT_DO_FWT01_Q.parm;FileWatcher_Mult_Fic.ksh;Job;No;1;Yes;CTMSRV;DTREXT_J21INT_DO_Q;ctmag900;ldkdtrp03;M_L_DTR01;3l4ob
DTR-DECISIONNEL TRAN;DTREXT_J21INT_DR_Q;DTREXT_J21INT_DR_CPY01_Q;"January 30, 2026";;;;Wait for Event;DTR KUANTIC Region DR : Déplace les fichiers de EAI/in  vers /bi/data/in/common;DTREXT_J21INT_DR_CPY01_Q.sh;Job;No;0;No;CTMSRV;DTREXT_J21INT_DR_Q;root;M_L_DTR01;M_L_DTR01;3l4hl
DTR-DECISIONNEL TRAN;DTREXT_J21INT_DR_Q;DTREXT_J21INT_DR_FWT01_Q;"January 30, 2026";"January 31, 2026 8:01:00 AM";"January 31, 2026 8:06:03 AM";2000;Wait for Event;DTR KUANTIC Region DR : Scrutation des fichiers dans FWparam_DTREXT_J21INT_DR_FWT01_Q.parm;FileWatcher_Mult_Fic.ksh;Job;No;15;Yes;CTMSRV;DTREXT_J21INT_DR_Q;ctmag900;ldkdtrp03;M_L_DTR01;3l4hk
DTR-DECISIONNEL TRAN;DTREXT_J21INT_DS_Q;DTREXT_J21INT_DS_CPY01_Q;"January 30, 2026";"January 31, 2026 5:51:02 AM";"January 31, 2026 5:51:03 AM";;Ended OK;DTR KUANTIC Region DS : Déplace les fichiers de EAI/in  vers /bi/data/in/common;DTREXT_J21INT_DS_CPY01_Q.sh;Job;No;1;No;CTMSRV;DTREXT_J21INT_DS_Q;root;ldkdtrp02;M_L_DTR01;3l522
DTR-DECISIONNEL TRAN;DTREXT_J21INT_DS_Q;DTREXT_J21INT_DS_FWT01_Q;"January 30, 2026";"January 31, 2026 5:51:00 AM";"January 31, 2026 5:51:02 AM";2000;Ended OK;DTR KUANTIC Region DS : Scrutation des fichiers dans FWparam_DTREXT_J21INT_DS_FWT01_Q.parm;FileWatcher_Mult_Fic.ksh;Job;No;2;Yes;CTMSRV;DTREXT_J21INT_DS_Q;ctmag900;ldkdtrp03;M_L_DTR01;3l521
DTR-DECISIONNEL TRAN;DTRFIN_J15TRT_04_Q;DTRFIN_J15TRT_04_FLG01_Q;"January 30, 2026";;;;Wait for Event;DTR : Creation Flag TOP_FIN_ALIM_OK_FINANCE_ACHATS_DWH.txt;;Command;No;0;No;CTMSRV;DTRFIN_J15TRT_04_Q;svc_sapbi;M_W_DTR00;M_W_DTR00;3l4x6
DTR-DECISIONNEL TRAN;DTRFIN_J15TRT_04_Q;DTRFIN_J15TRT_04_FLG02_Q;"January 30, 2026";;;;Wait for Event;DTR : Creation Flag TOP_FIN_ALIM_OK_FINANCE_ACHATS_DTM_GESTION_ANALYTIQUE.txt;;Command;No;0;No;CTMSRV;DTRFIN_J15TRT_04_Q;svc_sapbi;M_W_DTR00;M_W_DTR00;3l4x8
DTR-DECISIONNEL TRAN;DTRFIN_J15TRT_04_Q;DTRFIN_J15TRT_04_FLG03_Q;"January 30, 2026";;;;Wait for Event;DTR : Creation Flag TOP_FIN_ALIM_OK_FINANCE_ACHATS_DTM_FACTURE_CLIENT.txt;;Command;No;0;No;CTMSRV;DTRFIN_J15TRT_04_Q;svc_sapbi;M_W_DTR00;M_W_DTR00;3l4xe
DTR-DECISIONNEL TRAN;DTRFIN_J15TRT_04_Q;DTRFIN_J15TRT_04_FLG04_Q;"January 30, 2026";;;;Wait for Event;DTR : Creation Flag TOP_FIN_ALIM_OK_FINANCE_ACHATS_P2P.txt;;Command;No;0;No;CTMSRV;DTRFIN_J15TRT_04_Q;svc_sapbi;M_W_DTR00;M_W_DTR00;3l4xa
DTR-DECISIONNEL TRAN;DTRFIN_J15TRT_04_Q;DTRFIN_J15TRT_04_FLG05_Q;"January 30, 2026";;;;Wait for Event;DTR : Creation Flag TOP_FIN_ALIM_OK_FINANCE_ACHATS_DTM_AUTRE.txt;;Command;No;0;No;CTMSRV;DTRFIN_J15TRT_04_Q;svc_sapbi;M_W_DTR00;M_W_DTR00;3l4xf
DTR-DECISIONNEL TRAN;DTRFIN_J15TRT_04_Q;DTRFIN_J15TRT_04_FLG06_Q;"January 30, 2026";;;;Wait for Event;DTR : Creation Flag TOP_FIN_ALIM_OK_FINANCE_ACHATS_DTM_FIN.txt;;Command;No;0;No;CTMSRV;DTRFIN_J15TRT_04_Q;svc_sapbi;M_W_DTR00;M_W_DTR00;3l4xg
DTR-DECISIONNEL TRAN;DTRFIN_J15TRT_04_Q;DTRFIN_J15TRT_04_FWT01_Q;"January 30, 2026";;;;Wait for Event;FWT : Controle sur le serveur DTR de la presence des fichiers DTR_FINANCE;FileWatcher_Mult_Fic.ksh;Job;No;0;Yes;CTMSRV;DTRFIN_J15TRT_04_Q;ctmag900;A_L_DTR07;A_L_DTR07;3l4x2
DTR-DECISIONNEL TRAN;DTRFIN_J15TRT_04_Q;DTRFIN_J15TRT_04_FWT02_Q;"January 30, 2026";;;;Wait for Event;FWT : Controle sur le serveur Talend de la presence des fichiers CE-BANK-BRANCHES-V et DTR-AR-EVENTS-V;FileWatcher_Mult_Fic.ksh;Job;No;0;Yes;CTMSRV;DTRFIN_J15TRT_04_Q;ctmag900;M_L_DTR01;M_L_DTR01;3l4x4
DTR-DECISIONNEL TRAN;DTRFIN_J15TRT_04_Q;DTRFIN_J15TRT_04_LIM01_Q;"January 30, 2026";"January 31, 2026 2:30:00 AM";"January 31, 2026 2:30:00 AM";;Ended OK;Limite horaire 1h30 du matin;;Dummy;No;1;No;CTMSRV;DTRFIN_J15TRT_04_Q;ctmag900;;M_L_DTR01;3l4x3
DTR-DECISIONNEL TRAN;DTRFIN_J15TRT_04_Q;DTRFIN_J15TRT_04_MOV01_Q;"January 30, 2026";;;;Wait for Event;Copie des fichiers FINANCE du NAS EAI vers le DTR;MOVE_GENERIQUE.sh;Job;No;0;No;CTMSRV;DTRFIN_J15TRT_04_Q;root;A_L_DTR07;A_L_DTR07;3l4x1
DTR-DECISIONNEL TRAN;DTRFIN_J15TRT_04_Q;DTRFIN_J15TRT_04_MOV02_Q;"January 30, 2026";;;;Wait for Event;Copie des fichiers FINANCE du NAS EAI vers le DTR;MOVE_GENERIQUE.sh;Job;No;0;No;CTMSRV;DTRFIN_J15TRT_04_Q;root;M_L_DTR01;M_L_DTR01;3l4x5
DTR-DECISIONNEL TRAN;DTRFIN_J15TRT_04_Q;DTRFIN_J15TRT_04_TAL01_Q;"January 30, 2026";;;;Wait for Event;Lancement DTR_FINANCE_DWH_PLAN;Lance_Interface_DTR_KDR.ksh;Job;No;0;No;CTMSRV;DTRFIN_J15TRT_04_Q;root;M_L_DTR01;M_L_DTR01;3l4x0
DTR-DECISIONNEL TRAN;DTRFIN_J15TRT_04_Q;DTRFIN_J15TRT_04_TAL02_Q;"January 30, 2026";;;;Wait for Event;Lancement du plan  execution DTM_GESTION_ANALYTIQUE_PLAN;Lance_Interface_DTR_KDR.ksh;Job;No;0;No;CTMSRV;DTRFIN_J15TRT_04_Q;root;M_L_DTR01;M_L_DTR01;3l4x7
DTR-DECISIONNEL TRAN;DTRFIN_J15TRT_04_Q;DTRFIN_J15TRT_04_TAL03_Q;"January 30, 2026";;;;Wait for Event;Lancement du plan  execution DTM_FACTURE_CLIENT_PLAN;Lance_Interface_DTR_KDR.ksh;Job;No;0;No;CTMSRV;DTRFIN_J15TRT_04_Q;root;M_L_DTR01;M_L_DTR01;3l4xb
DTR-DECISIONNEL TRAN;DTRFIN_J15TRT_04_Q;DTRFIN_J15TRT_04_TAL04_Q;"January 30, 2026";;;;Wait for Event;Lancement DTR_FINANCE_P2P_PLAN;Lance_Interface_DTR_KDR.ksh;Job;No;0;No;CTMSRV;DTRFIN_J15TRT_04_Q;root;M_L_DTR01;M_L_DTR01;3l4x9
DTR-DECISIONNEL TRAN;DTRFIN_J15TRT_04_Q;DTRFIN_J15TRT_04_TAL05_Q;"January 30, 2026";;;;Wait for Event;Lancement du plan  execution DTM_AUTRE_PLAN;Lance_Interface_DTR_KDR.ksh;Job;No;0;No;CTMSRV;DTRFIN_J15TRT_04_Q;root;M_L_DTR01;M_L_DTR01;3l4xc
DTR-DECISIONNEL TRAN;DTRFIN_J15TRT_04_Q;DTRFIN_J15TRT_04_TAL06_Q;"January 30, 2026";;;;Wait for Event;Lancement du plan  execution DTM_FIN_PLAN;Lance_Interface_DTR_KDR.ksh;Job;No;0;No;CTMSRV;DTRFIN_J15TRT_04_Q;root;M_L_DTR01;M_L_DTR01;3l4xd
DTR-DECISIONNEL TRAN;DTRFIN_J15TRT_04_Q;DTRFIN_J15TRT_04_WRK01_Q;"January 30, 2026";"January 31, 2026 12:35:13 AM";"January 31, 2026 12:36:20 AM";;Ended OK;Lance le plan d' execution DTR_REF_COPY_4_FINANCE_PLAN;Lance_Interface_DTR_KDR.ksh;Job;No;1;No;CTMSRV;DTRFIN_J15TRT_04_Q;root;ldkdtrp03;M_L_DTR01;3l4wz
DTR-DECISIONNEL TRAN;DTRFIN_J16TRT_04_Q;DTRFIN_J16TRT_04_FLG01_Q;"January 30, 2026";;;;Wait for Event;DTR : Creation Flag TOP_OK_FINANCE_ACHATS_P2P.txt;;Dummy;No;0;No;CTMSRV;DTRFIN_J16TRT_04_Q;root;NOTEXIST;NOTEXIST;3l4pa
DTR-DECISIONNEL TRAN;DTRFIN_J16TRT_04_Q;DTRFIN_J16TRT_04_TAL01_Q;"January 30, 2026";;;;Wait for Event;Lance le plan d'execution DTR_FINANCE_P2P_PLAN du job talend DTR_FINANCE_P2P du Projet DTR_FINANCE;Lance_Interface_DTR_KDR.ksh;Dummy;No;0;No;CTMSRV;DTRFIN_J16TRT_04_Q;root;M_L_DTR01;M_L_DTR01;3l4p9
DTR-DECISIONNEL TRAN;DTRFIN_J17TRT_04_Q;DTRFIN_J17TRT_04_WRK01_Q;"January 30, 2026";"January 31, 2026 12:36:48 AM";"January 31, 2026 12:37:20 AM";;Ended OK;Lance le plan d' execution  DTR_HEC_COPY_4_FINANCE_PLAN;Lance_Interface_DTR_KDR.ksh;Job;No;1;No;CTMSRV;DTRFIN_J17TRT_04_Q;root;ldkdtrp03;M_L_DTR01;3l4vt
DTR-DECISIONNEL TRAN;DTRHEC_J11INT_05_Q;DTRHEC_J11INT_05_IMP01_Q;"January 30, 2026";"January 31, 2026 12:35:45 AM";"January 31, 2026 12:36:44 AM";;Ended OK;DTR : Lancement du plan d' execution  DTR_HERCULE_REC_PLAN;Lance_Interface_DTR_KDR.ksh;Job;No;1;No;CTMSRV;DTRHEC_J11INT_05_Q;root;ldkdtrp02;M_L_DTR01;3l3cu
DTR-DECISIONNEL TRAN;DTRHEC_J11INT_05_Q;DTRHEC_J11INT_05_IMP02_Q;"January 30, 2026";"January 31, 2026 12:36:45 AM";"January 31, 2026 12:37:20 AM";;Ended OK;DTR : Lancement du plan d' execution  DTR_HERCULE_REC_COPIE_PLAN;Lance_Interface_DTR_KDR.ksh;Job;No;1;No;CTMSRV;DTRHEC_J11INT_05_Q;root;ldkdtrp02;M_L_DTR01;3l3cv
DTR-DECISIONNEL TRAN;DTRHEC_J11INT_05_Q;DTRHEC_J11INT_05_IMP03_Q;"January 30, 2026";"January 31, 2026 12:35:13 AM";"January 31, 2026 12:36:06 AM";;Ended OK;DTR : Lancement du plan d' execution  DTR_HERCULE_REC_P2_PLAN;Lance_Interface_DTR_KDR.ksh;Job;No;1;No;CTMSRV;DTRHEC_J11INT_05_Q;root;ldkdtrp02;M_L_DTR01;3l3cw
DTR-DECISIONNEL TRAN;DTRHEC_J11INT_05_Q;DTRHEC_J11INT_05_IMP04_Q;"January 30, 2026";"January 31, 2026 12:36:07 AM";"January 31, 2026 12:36:47 AM";;Ended OK;DTR : Lancement du plan d' execution  DTR_HERCULE_REC_COPIE_P2_PLAN;Lance_Interface_DTR_KDR.ksh;Job;No;1;No;CTMSRV;DTRHEC_J11INT_05_Q;root;ldkdtrp03;M_L_DTR01;3l3cx
DTR-DECISIONNEL TRAN;DTRHEC_J11INT_05_Q;DTRHEC_J11INT_05_MOV01_Q;"January 30, 2026";"January 31, 2026 12:30:00 AM";"January 31, 2026 12:30:01 AM";;Ended OK;Deplacer les fichiers du NAS vers DTR;MOVE_GENERIQUE.sh;Job;No;1;No;CTMSRV;DTRHEC_J11INT_05_Q;root;ldkdtrp03;M_L_DTR01;3l3ct
DTR-DECISIONNEL TRAN;DTRHEC_J11INT_05_Q;DTRHEC_J11INT_05_Q;"January 30, 2026";"January 30, 2026 1:30:12 PM";"January 31, 2026 12:37:21 AM";;Ended OK;DTR : Integration des Donnees HEC;;SMART Table;No;1;No;CTMSRV;DTRHEC_J11INT_05_Q;root;ldkctmp50;;3l3cs
DTR-DECISIONNEL TRAN;DTRKDR_J12INT_05_Q;DTRKDR_J12INT_05_IMP01_Q;"January 30, 2026";"January 31, 2026 12:30:02 AM";"January 31, 2026 12:34:42 AM";;Ended OK;DTR : Lancement du plan d' execution  DTR_REFERENTIEL_REC_PLAN;Lance_Interface_DTR_KDR.ksh;Job;No;1;No;CTMSRV;DTRKDR_J12INT_05_Q;root;ldkdtrp02;M_L_DTR01;3l4ma
DTR-DECISIONNEL TRAN;DTRKDR_J12INT_05_Q;DTRKDR_J12INT_05_IMP02_Q;"January 30, 2026";"January 31, 2026 12:34:43 AM";"January 31, 2026 12:35:44 AM";;Ended OK;DTR : Lancement du plan d' execution  DTR_REFERENTIEL_REC_COPIE_PLAN;Lance_Interface_DTR_KDR.ksh;Job;No;1;No;CTMSRV;DTRKDR_J12INT_05_Q;root;ldkdtrp03;M_L_DTR01;3l4mb
DTR-DECISIONNEL TRAN;DTRKDR_J12INT_05_Q;DTRKDR_J12INT_05_IMP03_Q;"January 30, 2026";"January 31, 2026 12:30:02 AM";"January 31, 2026 12:34:12 AM";;Ended OK;DTR : Lancement du plan d' execution  DTR_REFERENTIEL_REC_P2_PLAN;Lance_Interface_DTR_KDR.ksh;Job;No;1;No;CTMSRV;DTRKDR_J12INT_05_Q;root;ldkdtrp03;M_L_DTR01;3l4mc
DTR-DECISIONNEL TRAN;DTRKDR_J12INT_05_Q;DTRKDR_J12INT_05_IMP04_Q;"January 30, 2026";"January 31, 2026 12:34:13 AM";"January 31, 2026 12:35:12 AM";;Ended OK;DTR : Lancement du plan d' execution  DTR_REFERENTIEL_REC_COPIE_P2_PLAN;Lance_Interface_DTR_KDR.ksh;Job;No;1;No;CTMSRV;DTRKDR_J12INT_05_Q;root;ldkdtrp03;M_L_DTR01;3l4md
DTR-DECISIONNEL TRAN;DTRKDR_J12INT_05_Q;DTRKDR_J12INT_05_MOV01_Q;"January 30, 2026";"January 31, 2026 12:30:00 AM";"January 31, 2026 12:30:02 AM";;Ended OK;Deplacer les fichiers du NAS vers DTR;DTRKDR_J12INT_05_MOV01_Q.ksh;Job;No;1;No;CTMSRV;DTRKDR_J12INT_05_Q;root;ldkdtrp02;M_L_DTR01;3l4me
DTR-DECISIONNEL TRAN;DTRKDR_J13INT_05_Q;DTRKDR_J13INT_05_IMP01_Q;"January 30, 2026";"January 31, 2026 12:35:45 AM";"January 31, 2026 12:36:05 AM";;Ended OK;DTR : Lancement du plan d'execution DTR_REFERENTIEL_REC_TRANSCOS_PLAN;Lance_Interface_DTR_KDR.ksh;Job;No;1;No;CTMSRV;DTRKDR_J13INT_05_Q;root;ldkdtrp03;M_L_DTR01;3l3b8
DTR-DECISIONNEL TRAN;DTRKDR_J13INT_05_Q;DTRKDR_J13INT_05_MOV01_Q;"January 30, 2026";"January 31, 2026 12:04:06 AM";"January 31, 2026 12:04:08 AM";;Ended OK;Deplacer les fichiers du NAS vers DTR;MOVE_GENERIQUE.sh;Job;No;1;No;CTMSRV;DTRKDR_J13INT_05_Q;root;ldkdtrp03;M_L_DTR01;3l3b7
DTR-DECISIONNEL TRAN;DTRKDR_J14INT_05_Q;DTRKDR_J14INT_05_IMP01_Q;"January 30, 2026";"January 31, 2026 12:35:45 AM";"January 31, 2026 12:36:54 AM";;Ended Not OK;DTR : Lancement du plan d'exécution DTR_REFERENTIEL_REC_RESSOURCE_PLAN;Lance_Interface_DTR_KDR.ksh;Job;No;1;No;CTMSRV;DTRKDR_J14INT_05_Q;root;ldkdtrp02;M_L_DTR01;3l3yo
DTR-DECISIONNEL TRAN;DTRKDR_J14INT_05_Q;DTRKDR_J14INT_05_MOV01_Q;"January 30, 2026";"January 31, 2026 12:08:00 AM";"January 31, 2026 12:08:02 AM";;Ended OK;Deplacer les fichiers du NAS vers DTR;DTRKDR_J14INT_05_MOV01_Q.ksh;Job;No;1;No;CTMSRV;DTRKDR_J14INT_05_Q;root;ldkdtrp02;M_L_DTR01;3l3yn
DTR-DECISIONNEL TRAN;DTRKDR_J15INT_05_Q;DTRKDR_J15INT_05_IMP01_Q;"January 30, 2026";"January 31, 2026 12:35:45 AM";"January 31, 2026 12:37:47 AM";;Ended OK;DTR : Lancement du plan d'exécution DTR_REFERENTIEL_REC_PARTENAIRE_PLAN;Lance_Interface_DTR_KDR.ksh;Job;No;1;No;CTMSRV;DTRKDR_J15INT_05_Q;root;ldkdtrp03;M_L_DTR01;3l3f5
DTR-DECISIONNEL TRAN;DTRKDR_J15INT_05_Q;DTRKDR_J15INT_05_MOV01_Q;"January 30, 2026";"January 30, 2026 8:34:41 PM";"January 30, 2026 8:34:42 PM";;Ended OK;Deplacer les fichiers du NAS vers DTR;DTRKDR_J15INT_05_MOV01_Q.ksh;Job;No;1;No;CTMSRV;DTRKDR_J15INT_05_Q;root;ldkdtrp03;M_L_DTR01;3l3f4
DTR-DECISIONNEL TRAN;DTRKDR_J16INT_05_Q;DTRKDR_J16INT_05_IMP01_Q;"January 30, 2026";;;;Wait for Event;DTR : Lancement du plan d'execution DTR_REFERENTIEL_REC_SEE_PLAN;Lance_Interface_DTR_KDR.ksh;Job;No;0;No;CTMSRV;DTRKDR_J16INT_05_Q;root;M_L_DTR01;M_L_DTR01;3l429
DTR-DECISIONNEL TRAN;DTRKDR_J16INT_05_Q;DTRKDR_J16INT_05_IMP02_Q;"January 30, 2026";;;;Wait for Event;DTR : Lancement du plan d'execution DTR_REFERENTIEL_REC_TRANSCOS_SEE_PLAN;Lance_Interface_DTR_KDR.ksh;Job;No;0;No;CTMSRV;DTRKDR_J16INT_05_Q;root;M_L_DTR01;M_L_DTR01;3l42a
DTR-DECISIONNEL TRAN;DTRKDR_J16INT_05_Q;DTRKDR_J16INT_05_MOV01_Q;"January 30, 2026";"January 31, 2026 4:23:29 AM";"January 31, 2026 4:23:31 AM";;Ended OK;Deplacer les fichiers zip du NAS vers DTR;DTRKDR_J16INT_05_MOV01_Q.ksh;Job;No;1;No;CTMSRV;DTRKDR_J16INT_05_Q;root;ldkdtrp02;M_L_DTR01;3l428
DTR-DECISIONNEL TRAN;DTRKDR_J16INT_05_Q;DTRKDR_J16INT_05_Q;"January 30, 2026";"January 30, 2026 1:30:12 PM";;;Executing;DTR: Projet DTR_REFERENTIEL;;SMART Table;No;1;No;CTMSRV;DTRKDR_J16INT_05_Q;;;;3l427
DTR-DECISIONNEL TRAN;DTRMDM_J11INT_05_Q;DTRMDM_J11INT_05_FWT04_Q;"January 30, 2026";"January 31, 2026 12:00:00 AM";"January 31, 2026 12:00:04 AM";0800;Ended OK;Scrutation des fichiers MDM;FileWatcher_Mult_Fic.ksh;Job;No;1;Yes;CTMSRV;DTRMDM_J11INT_05_Q;ctmag900;ldkdtrp02;M_L_DTR01;3l51s
DTR-DECISIONNEL TRAN;DTRMDM_J11INT_05_Q;DTRMDM_J11INT_05_IMP05_Q;"January 30, 2026";"January 31, 2026 12:00:04 AM";"January 31, 2026 12:00:33 AM";;Ended OK;Plan d'execution transfert Fichier;Lance_Interface_DTR_MDM.ksh;Job;No;1;No;CTMSRV;DTRMDM_J11INT_05_Q;root;ldkdtrp03;M_L_DTR01;3l51t
DTR-DECISIONNEL TRAN;DTRMDM_J11INT_05_Q;DTRMDM_J11INT_05_IMP06_Q;"January 30, 2026";"January 31, 2026 12:00:33 AM";"January 31, 2026 12:09:49 AM";;Ended OK;Lancement des plans d'execution SOCLE;Lance_Interface_DTR_MDM.ksh;Job;No;1;No;CTMSRV;DTRMDM_J11INT_05_Q;root;ldkdtrp02;M_L_DTR01;3l51u
DTR-DECISIONNEL TRAN;DTRMDM_J11INT_05_Q;DTRMDM_J11INT_05_IMP07_Q;"January 30, 2026";"January 31, 2026 12:09:50 AM";"January 31, 2026 12:14:35 AM";;Ended OK;Lancement des plans d'execution MAIEXP;Lance_Interface_DTR_MDM.ksh;Job;No;1;No;CTMSRV;DTRMDM_J11INT_05_Q;root;ldkdtrp03;M_L_DTR01;3l51v
DTR-DECISIONNEL TRAN;DTRMDM_J11INT_05_Q;DTRMDM_J11INT_05_LIM01_Q;"January 30, 2026";"January 31, 2026 12:40:00 AM";"January 31, 2026 12:40:00 AM";;Ended OK;Limite horaire 0h40 du matin;;Dummy;No;1;No;CTMSRV;DTRMDM_J11INT_05_Q;ctmag900;;M_L_DTR01;3l51w
DTR-DECISIONNEL TRAN;DTRNRJ_J11INT_05_Q;DTRNRJ_J11INT_05_IMP01_Q;"January 30, 2026";"January 31, 2026 12:14:23 AM";"January 31, 2026 4:51:40 AM";;Ended OK;Traitement DTR ENERGY Quotidien;Lance_Interface_DTR_EGY.ksh;Job;No;1;No;CTMSRV;DTRNRJ_J11INT_05_Q;root;ldkdtrp02;M_L_DTR01;3l3ve
DTR-DECISIONNEL TRAN;DTRNRJ_J11INT_05_Q;DTRNRJ_J11INT_05_IMP02_Q;"January 30, 2026";"January 31, 2026 12:09:50 AM";"January 31, 2026 12:14:22 AM";;Ended OK;Intégration du DUMP Energy dans l'ODS;dtrenergy_datapump.sh;Job;No;1;No;CTMSRV;DTRNRJ_J11INT_05_Q;root;ldkdtrp07;A_L_DTR07;3l3vd
DTR-DECISIONNEL TRAN;DTRNRJ_J11INT_05_Q;DTRNRJ_J11INT_05_IMP03_Q;"January 30, 2026";"January 31, 2026 4:51:41 AM";"January 31, 2026 7:05:45 AM";;Ended OK;Traitement DTR ENERGY EGY_FAIT;Lance_Interface_DTR_EGY.ksh;Job;No;1;No;CTMSRV;DTRNRJ_J11INT_05_Q;root;ldkdtrp02;M_L_DTR01;3l3vf
DTR-DECISIONNEL TRAN;DTRREF_J11INT_05_Q;DTRREF_J11INT_05_EAI01_Q;"January 30, 2026";;;;Wait for Event;DTR REFERENTIEL : Deplace les fichiers de /data/eai/in/ref vers /bi/data/in/common;DTRREF_J11INT_05_EAI01_Q.sh;Dummy;No;0;No;CTMSRV;DTRREF_J11INT_05_Q;root;NOTEXIST;NOTEXIST;3l38u
DTR-DECISIONNEL TRAN;DTRREF_J11INT_05_Q;DTRREF_J11INT_05_FWT01_Q;"January 30, 2026";;;;Wait for Event;DTR REFERENTIEL : Scrutation des fichiers dans FWparam_DTRREF_J11INT_05_FWT01_Q.parm;FileWatcher_Mult_Fic.ksh;Dummy;No;0;Yes;CTMSRV;DTRREF_J11INT_05_Q;ctmagv7;NOTEXIST;NOTEXIST;3l38s
DTR-DECISIONNEL TRAN;DTRREF_J11INT_05_Q;DTRREF_J11INT_05_TAL01_Q;"January 30, 2026";;;;Wait for Event;DTR REFERENTIEL : Lancement des plans d'execution DTR_REF;Lance_Interface_REF.ksh;Dummy;No;0;No;CTMSRV;DTRREF_J11INT_05_Q;root;M_L_DTR01;M_L_DTR01;3l38t
DTR-DECISIONNEL TRAN;DTRSIC_J11INT_05_Q;DTRSIC_J11INT_05_CPY02_Q;"January 30, 2026";"January 30, 2026 6:46:07 PM";"January 30, 2026 6:46:07 PM";;Ended OK;déplace les fichier de SIC vers /bi/data/in/common;;Dummy;No;1;No;CTMSRV;DTRSIC_J11INT_05_Q;root;;NOTEXIST;3l3uj
DTR-DECISIONNEL TRAN;DTRSIC_J11INT_05_Q;DTRSIC_J11INT_05_FWT02_Q;"January 30, 2026";"January 30, 2026 6:46:06 PM";"January 30, 2026 6:46:06 PM";;Ended OK;déplace les fichier de EAI/in Sic vers /bi/data/in/common;FileWatcher_Mult_Fic.ksh;Dummy;No;1;Yes;CTMSRV;DTRSIC_J11INT_05_Q;ctmag900;;NOTEXIST;3l3ul
DTR-DECISIONNEL TRAN;DTRSIC_J11INT_05_Q;DTRSIC_J11INT_05_IMP02_Q;"January 30, 2026";"January 30, 2026 6:46:08 PM";"January 30, 2026 6:46:08 PM";;Ended OK;Lancement des plans d'execution TAC_SOCLE_COPART_DAILY_PLAN;Lance_Interface_DTR_CID.ksh;Dummy;No;1;No;CTMSRV;DTRSIC_J11INT_05_Q;root;;M_L_DTR01;3l3uk
DTR-DECISIONNEL TRAN;DTRSIG_J11INT_05_Q;DTRSIG_J11INT_05_CPY01_Q;"January 30, 2026";"January 31, 2026 12:09:51 AM";"January 31, 2026 12:09:51 AM";;Ended OK;déplace les fichier de EAI/in sigma vers /bi/data/in/common;;Dummy;No;1;No;CTMSRV;DTRSIG_J11INT_05_Q;root;;NOTEXIST;3l4zt
DTR-DECISIONNEL TRAN;DTRSIG_J11INT_05_Q;DTRSIG_J11INT_05_FWT01_Q;"January 30, 2026";"January 31, 2026 12:09:50 AM";"January 31, 2026 12:09:50 AM";;Ended OK;FileWatcher des Fichier SIG01_*_DAILY_D001*.dmp.gz et SIG01_*_DAILY_F001*.dmp.gz;FileWatcher_Mult_Fic.ksh;Dummy;No;1;Yes;CTMSRV;DTRSIG_J11INT_05_Q;ctmagv7;;NOTEXIST;3l4zw
DTR-DECISIONNEL TRAN;DTRSIG_J11INT_05_Q;DTRSIG_J11INT_05_IMP01_Q;"January 30, 2026";"January 31, 2026 12:09:55 AM";"January 31, 2026 12:09:55 AM";;Ended OK;Charg réc quotidien data domaines Sig analyse;Lance_Interface_DTR_SIG.ksh;Dummy;No;1;No;CTMSRV;DTRSIG_J11INT_05_Q;root;;M_L_DTR01;3l4zv
DTR-DECISIONNEL TRAN;DTRSIG_J11INT_05_Q;DTRSIG_J11INT_05_IMP02_Q;"January 30, 2026";"January 31, 2026 12:09:56 AM";"January 31, 2026 12:09:56 AM";;Ended OK;Charg réc quotidien data domaines Sig planning;Lance_Interface_DTR_SIG.ksh;Dummy;No;1;No;CTMSRV;DTRSIG_J11INT_05_Q;root;;M_L_DTR01;3l4zu
DTR-DECISIONNEL TRAN;DTRSIG_J11INT_05_Q;DTRSIG_J11INT_05_IMP04_Q;"January 30, 2026";"January 31, 2026 12:09:54 AM";"January 31, 2026 12:09:54 AM";;Ended OK;Charg réc quotidien data communes domaines Sig;Lance_Interface_DTR_SIG.ksh;Dummy;No;1;No;CTMSRV;DTRSIG_J11INT_05_Q;root;;M_L_DTR01;3l4zz
DTR-DECISIONNEL TRAN;DTRSIG_J11INT_05_Q;DTRSIG_J11INT_05_IMP05_Q;"January 30, 2026";"January 31, 2026 12:09:52 AM";"January 31, 2026 12:09:52 AM";;Ended OK;Traitement du plan SIG_GET_BATCH_DATE;Lance_Interface_DTR_SIG.ksh;Dummy;No;1;No;CTMSRV;DTRSIG_J11INT_05_Q;root;;M_L_DTR01;3l4zx
DTR-DECISIONNEL TRAN;DTRSIG_J11INT_05_Q;DTRSIG_J11INT_05_IMP06_Q;"January 30, 2026";"January 31, 2026 12:09:53 AM";"January 31, 2026 12:09:53 AM";;Ended OK;lancement du plan SIG_DAILY_DATAFLOW_INTEGRATION;Lance_Interface_DTR_SIG.ksh;Dummy;No;1;No;CTMSRV;DTRSIG_J11INT_05_Q;root;;M_L_DTR01;3l4zy
DTR-DECISIONNEL TRAN;DTRVEH_J11INT_05_Q;DTRVEH_J11INT_05_CPY01_Q;"January 30, 2026";"January 31, 2026 5:40:02 AM";"January 31, 2026 5:40:03 AM";;Ended OK;DTR VEHICULE : Deplace les fichiers DACAR vers /bi/data/in/common;DTRVEH_J11INT_05_CPY01_Q.sh;Job;No;1;No;CTMSRV;DTRVEH_J11INT_05_Q;root;ldkdtrp03;M_L_DTR01;3l53z
DTR-DECISIONNEL TRAN;DTRVEH_J11INT_05_Q;DTRVEH_J11INT_05_FWT01_Q;"January 30, 2026";"January 31, 2026 5:40:00 AM";"January 31, 2026 5:40:02 AM";0900;Ended OK;FWT : Controle des fichiers provenant de l'application DACAR;FileWatcher_Mult_Fic.ksh;Job;No;12;Yes;CTMSRV;DTRVEH_J11INT_05_Q;ctmag900;ldkdtrp02;M_L_DTR01;3l53y
DTR-DECISIONNEL TRAN;DTRVEH_J11INT_05_Q;DTRVEH_J11INT_05_IMP01_Q;"January 30, 2026";"January 31, 2026 5:40:03 AM";"January 31, 2026 5:41:14 AM";;Ended OK;DTR VEHICULE : Lancement des plans d'execution DTR_SOCLE_PLAN_VEHICULE;Lance_Interface_DTR_VEHICULE.ksh;Job;No;1;No;CTMSRV;DTRVEH_J11INT_05_Q;root;ldkdtrp02;M_L_DTR01;3l53x
EAI-EAI;EAIEAI_E11TEC_04_Q;EAIEAI_E11TEC_04_WRK01_Q;"January 30, 2026";"January 30, 2026 6:00:00 PM";"January 30, 2026 6:00:05 PM";;Ended OK;Envoi ODATE vers PFE \\prod.dalkia.org\PFE\APPS\EAI\filesharing\ODATE\ODATE.txt;CreateOdate.bat;Job;No;1;No;CTMSRV;EAIEAI_E11TEC_04_Q;svce_cm;wdkpfep13;A_W_PFE13;3l4gr
ETR-ETRM;ETRMEC_J11FLX_07_Q;ETRMEC_J11FLX_07_MOV01_Q;"January 30, 2026";;;;Wait for Event;"PFE : Deplacement des fichiers ""MEC.zip"" depuis PFE vers ETRM";MOV_Generique_DKA.bat;Job;No;0;No;CTMSRV;ETRMEC_J11FLX_07_Q;svce_cm;A_W_ETR24;A_W_ETR24;3l47b
ETR-ETRM;ETRMEC_J11FLX_07_Q;ETRMEC_J11FLX_07_Q;"January 30, 2026";"January 30, 2026 1:30:13 PM";;;Executing;PFE : Flux MEC;;SMART Table;No;1;No;CTMSRV;ETRMEC_J11FLX_07_Q;svce_cm;;;3l47a
FIN-FINANCE;FINDTR_J11GEN_06_Q;FINDTR_J11GEN_06_EXP01_Q;"January 30, 2026";;;;Wait for Event;FINANCE : Extraction Datapump Oracle pour DTR;BATCH_Generique_DKA.ksh;Job;No;0;No;CTMSRV;FINDTR_J11GEN_06_Q;opdtpump;M_L_FIN12;M_L_FIN12;3l4ui
FIN-FINANCE;FINDTR_J11GEN_06_Q;FINDTR_J11GEN_06_EXP02_Q;"January 30, 2026";;;;Wait for Event;FINANCE : Extraction des banques et agences pour DTR;;Job;No;0;No;CTMSRV;FINDTR_J11GEN_06_Q;EXPLOITATION;M_L_FIN12;M_L_FIN12;3l4uj
FIN-FINANCE;FINDTR_J11GEN_06_Q;FINDTR_J11GEN_06_EXP03_Q;"January 30, 2026";;;;Wait for Event;FINANCE : Extraction des evenements AR pour DTR;;Job;No;0;No;CTMSRV;FINDTR_J11GEN_06_Q;EXPLOITATION;M_L_FIN12;M_L_FIN12;3l4ul
FIN-FINANCE;FINDTR_J11GEN_06_Q;FINDTR_J11GEN_06_MOV01_Q;"January 30, 2026";;;;Wait for Event;FINANCE : Move du fichier FIN01*.tar.gz vers le NAS;MOV_OUT_PUMP_DKA.ksh;Job;No;0;No;CTMSRV;FINDTR_J11GEN_06_Q;opfinbac;M_L_FIN12;M_L_FIN12;3l4uh
FIN-FINANCE;FINDTR_J11GEN_06_Q;FINDTR_J11GEN_06_MOV02_Q;"January 30, 2026";;;;Wait for Event;FINANCE : Move du fichier FIN01_*CE-BANK-BRANCHES-V_001_*.csv vers le NAS;MOV_OUT_PUMP_DKA.ksh;Job;No;0;No;CTMSRV;FINDTR_J11GEN_06_Q;opfinbac;M_L_FIN12;M_L_FIN12;3l4uk
FIN-FINANCE;FINDTR_J11GEN_06_Q;FINDTR_J11GEN_06_MOV03_Q;"January 30, 2026";;;;Wait for Event;FINANCE : Move du fichier FIN01_*DTR-AR-EVENTS-V_001_*.csv vers le NAS;MOV_OUT_PUMP_DKA.ksh;Job;No;0;No;CTMSRV;FINDTR_J11GEN_06_Q;opfinbac;M_L_FIN12;M_L_FIN12;3l4um
FIN-FINANCE;FINDTR_J11GEN_06_Q;FINDTR_J11GEN_06_Q;"January 30, 2026";;;;Wait for Event;FINANCE : Extraction Datapump Oracle pour DTR;;SMART Table;No;0;No;CTMSRV;FINDTR_J11GEN_06_Q;opdtpump;;;3l4ug
FIN-FINANCE;FINDTR_J11TEC_04_Q;FINDTR_J11TEC_04_Q;"January 30, 2026";;;;Wait for Event;FINANCE : Ajout date derniere DATAPUMP dans Libmemsym pour DTR;;SMART Table;No;0;No;CTMSRV;FINDTR_J11TEC_04_Q;root;;;3l2tr
FIN-FINANCE;FINDTR_J11TEC_04_Q;FINDTR_J11TEC_04_WRK01_Q;"January 30, 2026";;;;Wait for Event;FINANCE : Ajout date derniere DATAPUMP dans Libmemsym pour DTR;SED_LAST_DATAPUMPDTR.ksh;Job;No;0;No;CTMSRV;FINDTR_J11TEC_04_Q;controlm;SRV_PRIMAIRE;SRV_PRIMAIRE;3l2ts
FIN-FINANCE;FINEXT_C11GEN_06_M;FINEXT_C11GEN_06_EXP01_M;"January 30, 2026";;;;Wait for Event;Extraction des données PO pour HYPERION;;Job;No;0;No;CTMSRV;FINEXT_C11GEN_06_M;EXPLOITATION;M_L_FIN12;M_L_FIN12;3l51b
FIN-FINANCE;FINEXT_C11GEN_06_M;FINEXT_C11GEN_06_M;"January 30, 2026";"January 30, 2026 11:08:37 PM";;;Executing;FINANCE : Extraction des données PO pour HYPERION - L1;;SMART Table;No;1;No;CTMSRV;FINEXT_C11GEN_06_M;opfinbac;ldkctmp50;;3l51a
FIN-FINANCE;FINEXT_C11GEN_06_M;FINEXT_C11GEN_06_MOV01_M;"January 30, 2026";;;;Wait for Event;FINANCE : Move du fichier FIN01_SRC_COMMANDESPO_*.csv vers le NAS;MOV_OUT_Generique_DKA.ksh;Job;No;0;No;CTMSRV;FINEXT_C11GEN_06_M;opfinbac;M_L_FIN12;M_L_FIN12;3l51c
FIN-FINANCE;FINEXT_J11GEN_06_Q;FINEXT_J11GEN_06_EXP01_Q;"January 30, 2026";"January 30, 2026 7:55:26 PM";"January 30, 2026 7:56:25 PM";;Ended OK;Exportation Commandes XEROX et Tradeshift;;Job;No;1;No;CTMSRV;FINEXT_J11GEN_06_Q;EXPLOITATION;ldkfinp01;M_L_FIN12;3l2sr
FIN-FINANCE;FINEXT_J11GEN_06_Q;FINEXT_J11GEN_06_MOV01_Q;"January 30, 2026";"January 30, 2026 7:56:26 PM";"January 30, 2026 7:56:27 PM";;Ended OK;FINANCE : Move du fichier DK1.DAL.CDE.* vers le NAS;MOV_OUT_Generique_DKA.ksh;Job;No;1;No;CTMSRV;FINEXT_J11GEN_06_Q;opfinbac;ldkfinp11;M_L_FIN12;3l2ss
FIN-FINANCE;FINEXT_J11GEN_06_Q;FINEXT_J11GEN_06_Q;"January 30, 2026";"January 30, 2026 7:01:15 PM";"January 30, 2026 7:56:28 PM";;Ended OK;FINANCE : Exportation Commandes XEROX et Tradeshift;;SMART Table;No;1;No;CTMSRV;FINEXT_J11GEN_06_Q;opfinbac;ldkctmp50;;3l2sq
FIN-FINANCE;FINEXT_J11INT_05_Q;FINEXT_J11INT_05_CON01_Q;"January 30, 2026";"January 30, 2026 8:03:09 PM";"January 30, 2026 8:03:10 PM";;Ended OK;FINANCE : Concatener les fichiers VE1.DAL*.TR1 dans un fichier VE1_DAL.csv;CON_Generique_DKA.ksh;Job;No;1;No;CTMSRV;FINEXT_J11INT_05_Q;opfinbac;ldkfinp11;M_L_FIN12;3l50j
FIN-FINANCE;FINEXT_J11INT_05_Q;FINEXT_J11INT_05_CON02_Q;"January 30, 2026";"January 30, 2026 8:00:20 PM";"January 30, 2026 8:00:22 PM";;Ended OK;FINANCE : Concatener les fichiers CSV_DAL*.csv en CONTROL.csv;FINEXT_J11INT_05_CON02_Q.ksh;Job;No;1;No;CTMSRV;FINEXT_J11INT_05_Q;opfinbac;ldkfinp01;M_L_FIN12;3l50k
FIN-FINANCE;FINEXT_J11INT_05_Q;FINEXT_J11INT_05_IMP01_Q;"January 30, 2026";"January 30, 2026 8:03:11 PM";"January 30, 2026 8:04:29 PM";;Ended OK;XEROX : Chargement factures;;Job;No;1;No;CTMSRV;FINEXT_J11INT_05_Q;EXPLOITATION;ldkfinp01;M_L_FIN12;3l50e
FIN-FINANCE;FINEXT_J11INT_05_Q;FINEXT_J11INT_05_IMP03_Q;"January 30, 2026";"January 30, 2026 8:00:22 PM";"January 30, 2026 8:03:03 PM";;Ended OK;XEROX : Chargement CONTROL.csv;;Job;No;1;No;CTMSRV;FINEXT_J11INT_05_Q;EXPLOITATION;ldkfinp11;M_L_FIN12;3l50g
FIN-FINANCE;FINEXT_J11INT_05_Q;FINEXT_J11INT_05_LIM01_Q;"January 30, 2026";"January 30, 2026 10:30:00 PM";"January 30, 2026 10:30:00 PM";;Ended OK;FINANCE : Limite horaire notification PFE XEROX;;Dummy;No;1;No;CTMSRV;FINEXT_J11INT_05_Q;opfinbac;;M_L_FIN12;3l50n
FIN-FINANCE;FINEXT_J11INT_05_Q;FINEXT_J11INT_05_MOV01_Q;"January 30, 2026";"January 30, 2026 8:03:04 PM";"January 30, 2026 8:03:06 PM";;Ended OK;FINANCE : Move du fichier TRA_DAL*.zip depuis le NAS;MOV_IN_Generique_DKA.ksh;Job;No;1;No;CTMSRV;FINEXT_J11INT_05_Q;opfinbac;ldkfinp11;M_L_FIN12;3l50d
FIN-FINANCE;FINEXT_J11INT_05_Q;FINEXT_J11INT_05_MOV02_Q;"January 30, 2026";"January 30, 2026 8:00:00 PM";"January 30, 2026 8:00:01 PM";2220;Ended OK;FINANCE : Move du fichier CSV_DAL*.ZIP depuis le NAS;MOV_IN_Generique_DKA.ksh;Job;No;1;No;CTMSRV;FINEXT_J11INT_05_Q;opfinbac;ldkfinp01;M_L_FIN12;3l50l
FIN-FINANCE;FINEXT_J11INT_05_Q;FINEXT_J11INT_05_Q;"January 30, 2026";"January 30, 2026 7:01:15 PM";"January 30, 2026 10:30:00 PM";2230;Ended OK;FINANCE : Chargement factures Xerox;;SMART Table;No;1;No;CTMSRV;FINEXT_J11INT_05_Q;opfinbac;ldkctmp50;;3l50c
FIN-FINANCE;FINEXT_J11INT_05_Q;FINEXT_J11INT_05_WRK02_Q;"January 30, 2026";"January 30, 2026 8:35:56 PM";"January 30, 2026 9:36:25 PM";;Ended OK;XEROX : Intégration factures;;Job;No;1;No;CTMSRV;FINEXT_J11INT_05_Q;EXPLOITATION;ldkfinp01;M_L_FIN12;3l50h
FIN-FINANCE;FINEXT_J11INT_05_Q;FINEXT_J11INT_05_WRK04_Q;"January 30, 2026";"January 30, 2026 9:36:26 PM";"January 30, 2026 9:38:28 PM";;Ended OK;XEROX : Contrôle de flux;;Job;No;1;No;CTMSRV;FINEXT_J11INT_05_Q;EXPLOITATION;ldkfinp11;M_L_FIN12;3l50i
FIN-FINANCE;FINEXT_J11INT_05_Q;FINEXT_J11INT_05_ZIP01_Q;"January 30, 2026";"January 30, 2026 8:03:07 PM";"January 30, 2026 8:03:08 PM";;Ended OK;FINANCE : Decompression du fichier TRA_DAL*.zip;DEZIP_Generique_DKA.ksh;Job;No;1;No;CTMSRV;FINEXT_J11INT_05_Q;opfinbac;ldkfinp01;M_L_FIN12;3l50f
FIN-FINANCE;FINEXT_J11INT_05_Q;FINEXT_J11INT_05_ZIP02_Q;"January 30, 2026";"January 30, 2026 8:00:01 PM";"January 30, 2026 8:00:20 PM";;Ended OK;FINANCE : Decompression du fichier CSV_DAL*.zip;DEZIP_Generique_DKA.ksh;Job;No;1;No;CTMSRV;FINEXT_J11INT_05_Q;opfinbac;ldkfinp01;M_L_FIN12;3l50m
FIN-FINANCE;FINEXT_J12GEN_06_Q;FINEXT_J12GEN_06_EXP01_Q;"January 30, 2026";"January 30, 2026 7:01:15 PM";"January 30, 2026 7:03:22 PM";;Ended OK;FINANCE : Export du référentiel employé vers NOTILUS;;Job;No;1;No;CTMSRV;FINEXT_J12GEN_06_Q;EXPLOITATION;ldkfinp11;M_L_FIN12;3l4sd
FIN-FINANCE;FINEXT_J12GEN_06_Q;FINEXT_J12GEN_06_MOV01_Q;"January 30, 2026";"January 30, 2026 7:03:23 PM";"January 30, 2026 7:03:24 PM";;Ended OK;FINANCE : Move du fichier EMPLOYES_AAAAMMJJ.csv  vers le NAS;MOV_OUT_Generique_DKA.ksh;Job;No;1;No;CTMSRV;FINEXT_J12GEN_06_Q;opfinbac;ldkfinp01;M_L_FIN12;3l4se
FIN-FINANCE;FINEXT_J12GEN_06_Q;FINEXT_J12GEN_06_Q;"January 30, 2026";"January 30, 2026 7:01:15 PM";"January 30, 2026 7:03:25 PM";;Ended OK;FINANCE : Export du referentiel employe vers NOTILUS;;SMART Table;No;1;No;CTMSRV;FINEXT_J12GEN_06_Q;opfinbac;ldkctmp50;;3l4sc
FIN-FINANCE;FINEXT_J12INT_05_Q;FINEXT_J12INT_05_CON01_Q;"January 30, 2026";"January 30, 2026 8:33:42 PM";"January 30, 2026 8:33:43 PM";;Ended OK;FINANCE : Concaténer les fichiers L56VFRTDSPAR*.TR1 dans un fichier ZCI_DAL.csv;CON_Generique_DKA.ksh;Job;No;1;No;CTMSRV;FINEXT_J12INT_05_Q;opfinbac;ldkfinp01;M_L_FIN12;3l54v
FIN-FINANCE;FINEXT_J12INT_05_Q;FINEXT_J12INT_05_CTL01_Q;"January 30, 2026";"January 30, 2026 8:33:40 PM";"January 30, 2026 8:33:41 PM";;Ended OK;FINANCE : Controle de fichiers L56VFRTDSPAR*.TIF;CON_Generique_DKA.ksh;Command;No;1;No;CTMSRV;FINEXT_J12INT_05_Q;opfinbac;ldkfinp11;M_L_FIN12;3l54w
FIN-FINANCE;FINEXT_J12INT_05_Q;FINEXT_J12INT_05_FIN01_Q;"January 30, 2026";"January 30, 2026 8:35:55 PM";"January 30, 2026 8:35:55 PM";;Ended OK;FINANCE : Fin de Chaine TradeShift;;Dummy;No;1;No;CTMSRV;FINEXT_J12INT_05_Q;opfinbac;;M_L_FIN12;3l54x
FIN-FINANCE;FINEXT_J12INT_05_Q;FINEXT_J12INT_05_IMP01_Q;"January 30, 2026";"January 30, 2026 8:33:44 PM";"January 30, 2026 8:35:54 PM";;Ended OK;TRADESHIFT : Chargement factures;;Job;No;1;No;CTMSRV;FINEXT_J12INT_05_Q;EXPLOITATION;ldkfinp11;M_L_FIN12;3l54t
FIN-FINANCE;FINEXT_J12INT_05_Q;FINEXT_J12INT_05_MOV01_Q;"January 30, 2026";"January 30, 2026 8:33:33 PM";"January 30, 2026 8:33:34 PM";2228;Ended OK;FINANCE : Move du fichier L56VFRTDSPAR__DLK* depuis NAS;MOV_IN_Generique_DKA.ksh;Job;No;1;No;CTMSRV;FINEXT_J12INT_05_Q;opfinbac;ldkfinp11;M_L_FIN12;3l54s
FIN-FINANCE;FINEXT_J12INT_05_Q;FINEXT_J12INT_05_Q;"January 30, 2026";"January 30, 2026 7:01:15 PM";"January 30, 2026 8:35:56 PM";2230;Ended OK;FINANCE : Chargement factures TradeShift;;SMART Table;No;1;No;CTMSRV;FINEXT_J12INT_05_Q;opfinbac;ldkctmp50;;3l54r
FIN-FINANCE;FINEXT_J12INT_05_Q;FINEXT_J12INT_05_ZIP01_Q;"January 30, 2026";"January 30, 2026 8:33:35 PM";"January 30, 2026 8:33:39 PM";;Ended OK;FINANCE : Decompression du fichier L56VFRTDSPAR__DLK*.zip;DEZIP_Generique_DKA.ksh;Job;No;1;No;CTMSRV;FINEXT_J12INT_05_Q;opfinbac;ldkfinp01;M_L_FIN12;3l54u
FIN-FINANCE;FINEXT_J13GEN_06_Q;FINEXT_J13GEN_06_EXP01_Q;"January 30, 2026";"January 30, 2026 7:25:28 PM";"January 30, 2026 7:32:29 PM";;Ended OK;FINANCE : Export Recouvrement;;Job;No;1;No;CTMSRV;FINEXT_J13GEN_06_Q;EXPLOITATION;ldkfinp11;M_L_FIN12;3l4m4
FIN-FINANCE;FINEXT_J13GEN_06_Q;FINEXT_J13GEN_06_MOV01_Q;"January 30, 2026";"January 30, 2026 7:32:30 PM";"January 30, 2026 7:32:33 PM";;Ended OK;FINANCE : Move du fichier ENCOURS_RECOUVREMENT_*.csv vers le NAS;MOV_OUT_Generique_DKA.ksh;Job;No;1;No;CTMSRV;FINEXT_J13GEN_06_Q;opfinbac;ldkfinp01;M_L_FIN12;3l4m5
FIN-FINANCE;FINEXT_J13GEN_06_Q;FINEXT_J13GEN_06_Q;"January 30, 2026";"January 30, 2026 7:01:15 PM";"January 30, 2026 7:32:34 PM";;Ended OK;FINANCE : Export Recouvrement;;SMART Table;No;1;No;CTMSRV;FINEXT_J13GEN_06_Q;opfinbac;ldkctmp50;;3l4m3
FIN-FINANCE;FINEXT_J13INT_05_Q;FINEXT_J13INT_05_IMP01_Q;"January 30, 2026";"January 30, 2026 6:46:40 PM";"January 30, 2026 6:49:24 PM";;Ended OK;Importation des Employes de GXP;;Job;No;1;No;CTMSRV;FINEXT_J13INT_05_Q;EXPLOITATION;ldkfinp11;M_L_FIN12;3l3x6
FIN-FINANCE;FINEXT_J13INT_05_Q;FINEXT_J13INT_05_Q;"January 30, 2026";"January 30, 2026 6:46:40 PM";"January 30, 2026 6:49:25 PM";;Ended OK;FINANCE : Importation des Employes de GXP;;SMART Table;No;1;No;CTMSRV;FINEXT_J13INT_05_Q;opfinbac;ldkctmp50;;3l3x5
FIN-FINANCE;FINEXT_J14GEN_06_Q;FINEXT_J14GEN_06_EXP01_Q;"January 30, 2026";;;;Wait for Event;FINANCE : Extraction du Contrôle de Flux vers l'EAI;;Job;No;0;No;CTMSRV;FINEXT_J14GEN_06_Q;EXPLOITATION;M_L_FIN12;M_L_FIN12;3l4lt
FIN-FINANCE;FINEXT_J14GEN_06_Q;FINEXT_J14GEN_06_MOV01_Q;"January 30, 2026";;;;Wait for Event;FINANCE : Move du fichier FIN01_CTL_ECRITURES* vers le NAS;MOV_OUT_Generique_DKA.ksh;Job;No;0;No;CTMSRV;FINEXT_J14GEN_06_Q;opfinbac;M_L_FIN12;M_L_FIN12;3l4lu
FIN-FINANCE;FINEXT_J14GEN_06_Q;FINEXT_J14GEN_06_Q;"January 30, 2026";;;;Wait for Event;FINANCE : Extraction du Controle de Flux vers lEAI;;SMART Table;No;0;No;CTMSRV;FINEXT_J14GEN_06_Q;opfinbac;;;3l4ls
FIN-FINANCE;FINEXT_J14INT_05_Q;FINEXT_J14INT_05_CON01_Q;"January 30, 2026";;;;Wait for Event;FINANCE : Concaténer les fichiers Compteur*.txt dans un fichier AFB120.txt;CON_Generique_DKA.ksh;Job;No;0;No;CTMSRV;FINEXT_J14INT_05_Q;opfinbac;M_L_FIN12;M_L_FIN12;3l2rd
FIN-FINANCE;FINEXT_J14INT_05_Q;FINEXT_J14INT_05_IMP01_Q;"January 30, 2026";;;1200;Wait for Event;RB : Importation relevés dans RB;;Job;No;0;No;CTMSRV;FINEXT_J14INT_05_Q;EXPLOITATION;M_L_FIN12;M_L_FIN12;3l2r7
FIN-FINANCE;FINEXT_J14INT_05_Q;FINEXT_J14INT_05_LIM01_Q;"January 30, 2026";;;;Wait for Event;FINANCE :  Limite Horaire;;Dummy;No;0;No;CTMSRV;FINEXT_J14INT_05_Q;DUMMYUSR;;;3l2re
FIN-FINANCE;FINEXT_J14INT_05_Q;FINEXT_J14INT_05_MEL01_Q;"January 30, 2026";;;;Wait for Event;RB : Edition des releves manquants par mail;;Job;No;0;No;CTMSRV;FINEXT_J14INT_05_Q;EXPLOITATION;M_L_FIN12;M_L_FIN12;3l2ra
FIN-FINANCE;FINEXT_J14INT_05_Q;FINEXT_J14INT_05_MOV01_Q;"January 30, 2026";;;;Wait for Event;FINANCE : Move du fichier Compteur.zip depuis NAS;MOV_IN_Generique_DKA.ksh;Job;No;0;No;CTMSRV;FINEXT_J14INT_05_Q;opfinbac;M_L_FIN12;M_L_FIN12;3l2rb
FIN-FINANCE;FINEXT_J14INT_05_Q;FINEXT_J14INT_05_Q;"January 30, 2026";;;;Wait for Event;FINANCE : Import des releves dans RB;;SMART Table;No;0;No;CTMSRV;FINEXT_J14INT_05_Q;opfinbac;;;3l2r6
FIN-FINANCE;FINEXT_J14INT_05_Q;FINEXT_J14INT_05_WRK01_Q;"January 30, 2026";;;1200;Wait for Event;RB : Filtre du fichier AFB120.txt;;Dummy;No;0;No;CTMSRV;FINEXT_J14INT_05_Q;EXPLOITATION;M_L_FIN12;M_L_FIN12;3l2r8
FIN-FINANCE;FINEXT_J14INT_05_Q;FINEXT_J14INT_05_WRK02_Q;"January 30, 2026";;;;Wait for Event;RB : Edition des releves bancaires pour les CSP;;Job;No;0;No;CTMSRV;FINEXT_J14INT_05_Q;EXPLOITATION;M_L_FIN12;M_L_FIN12;3l2r9
FIN-FINANCE;FINEXT_J14INT_05_Q;FINEXT_J14INT_05_ZIP01_Q;"January 30, 2026";;;;Wait for Event;FINANCE : Decompression du fichier Compteur.zip;DEZIP_Generique_DKA.ksh;Job;No;0;No;CTMSRV;FINEXT_J14INT_05_Q;opfinbac;M_L_FIN12;M_L_FIN12;3l2rc
FIN-FINANCE;FINEXT_J15INT_05_Q;FINEXT_J15INT_05_IMP01_Q;"January 30, 2026";"January 30, 2026 5:00:02 PM";"January 30, 2026 5:05:23 PM";;Ended OK;FINANCE : Interface d'import des fournisseurs dans Oracle (soir);;Job;No;1;No;CTMSRV;FINEXT_J15INT_05_Q;EXPLOITATION;ldkfinp01;M_L_FIN12;3l3qt
FIN-FINANCE;FINEXT_J15INT_05_Q;FINEXT_J15INT_05_IMP03_Q;"January 30, 2026";"January 30, 2026 7:11:13 PM";"January 30, 2026 7:19:56 PM";;Ended OK;FINANCE : Interface d'import des fournisseurs homologations dans Oracle (soir);;Job;No;1;No;CTMSRV;FINEXT_J15INT_05_Q;EXPLOITATION;ldkfinp01;M_L_FIN12;3l3qv
FIN-FINANCE;FINEXT_J15INT_05_Q;FINEXT_J15INT_05_MOV01_Q;"January 30, 2026";"January 30, 2026 5:00:00 PM";"January 30, 2026 5:00:01 PM";;Ended OK;FINANCE : Deplacement des fichiers fournisseurs DSP01_SUP*.csv dans Oracle (soir);MOV_IN_Generique_DKA.ksh;Job;No;1;No;CTMSRV;FINEXT_J15INT_05_Q;opfinbac;ldkfinp11;M_L_FIN12;3l3qs
FIN-FINANCE;FINEXT_J15INT_05_Q;FINEXT_J15INT_05_MOV03_Q;"January 30, 2026";"January 30, 2026 7:11:11 PM";"January 30, 2026 7:11:13 PM";;Ended OK;FINANCE : Deplacement des fichiers fournisseurs DSP01_SUP_HOMOLOGATIONS.csv dans Oracle (soir);MOV_IN_Generique_DKA.ksh;Job;No;1;No;CTMSRV;FINEXT_J15INT_05_Q;opfinbac;ldkfinp11;M_L_FIN12;3l3qu
FIN-FINANCE;FINEXT_J15INT_05_Q;FINEXT_J15INT_05_Q;"January 30, 2026";"January 30, 2026 1:30:13 PM";"January 30, 2026 7:19:57 PM";;Ended OK;FINANCE : Interface d'import des fournisseurs dans Oracle;;SMART Table;No;1;No;CTMSRV;FINEXT_J15INT_05_Q;opfinbac;ldkctmp50;;3l3qr
FIN-FINANCE;FINEXT_J16GEN_06_Q;FINEXT_J16GEN_06_EXP01_Q;"January 30, 2026";;;;Wait for Event;FINANCE : Exportation GL vers HYPERION;;Job;No;0;No;CTMSRV;FINEXT_J16GEN_06_Q;EXPLOITATION;M_L_FIN12;M_L_FIN12;3l55f
FIN-FINANCE;FINEXT_J16GEN_06_Q;FINEXT_J16GEN_06_MOV01_Q;"January 30, 2026";;;;Wait for Event;FINANCE : Move du fichier HYPERION_*_*.txt vers le NAS;MOV_OUT_Generique_DKA.ksh;Job;No;0;No;CTMSRV;FINEXT_J16GEN_06_Q;opfinbac;M_L_FIN12;M_L_FIN12;3l55g
FIN-FINANCE;FINEXT_J16GEN_06_Q;FINEXT_J16GEN_06_Q;"January 30, 2026";"January 30, 2026 10:53:10 PM";;;Executing;FINANCE : Exportation GL vers Séléné -- Quotidien;;SMART Table;No;1;No;CTMSRV;FINEXT_J16GEN_06_Q;opfinbac;ldkctmp50;;3l55e
FIN-FINANCE;FINEXT_J17GEN_06_Q;FINEXT_J17GEN_06_EXP01_Q;"January 30, 2026";;;;Wait for Event;FINANCE : Export des factures pour Tradeshift vers PFE;;Job;No;0;No;CTMSRV;FINEXT_J17GEN_06_Q;EXPLOITATION;M_L_FIN12;M_L_FIN12;3l3zx
FIN-FINANCE;FINEXT_J17GEN_06_Q;FINEXT_J17GEN_06_MOV01_Q;"January 30, 2026";;;;Wait for Event;FINANCE : Move du fichier STATUTSFACTURES_*.csv vers le NAS;MOV_OUT_Generique_DKA.ksh;Job;No;0;No;CTMSRV;FINEXT_J17GEN_06_Q;opfinbac;M_L_FIN12;M_L_FIN12;3l3zy
FIN-FINANCE;FINEXT_J17GEN_06_Q;FINEXT_J17GEN_06_Q;"January 30, 2026";;;;Wait for Event;FINANCE : Export des factures pour Tradeshift vers PFE;;SMART Table;No;0;No;CTMSRV;FINEXT_J17GEN_06_Q;opfinbac;;;3l3zw
FIN-FINANCE;FINEXT_J17INT_05_Q;FINEXT_J17INT_05_IMP01_Q;"January 30, 2026";"January 30, 2026 7:20:07 PM";"January 30, 2026 7:43:46 PM";;Ended OK;FINANCE : Interface d'import des commandes iValua (soir);;Job;No;1;No;CTMSRV;FINEXT_J17INT_05_Q;EXPLOITATION;ldkfinp11;M_L_FIN12;3l36s
FIN-FINANCE;FINEXT_J17INT_05_Q;FINEXT_J17INT_05_IMP03_Q;"January 30, 2026";"January 30, 2026 7:43:47 PM";"January 30, 2026 7:45:33 PM";;Ended OK;FINANCE: chargement des contrats SSTR venant d'Ivalua;;Job;No;1;No;CTMSRV;FINEXT_J17INT_05_Q;EXPLOITATION;ldkfinp11;M_L_FIN12;3l36t
FIN-FINANCE;FINEXT_J17INT_05_Q;FINEXT_J17INT_05_MOV01_Q;"January 30, 2026";"January 30, 2026 7:19:57 PM";"January 30, 2026 7:20:06 PM";;Ended OK;FINANCE : Deplacement des fichiers commandes DSP01_PO*.csv dans Oracle (soir);MOV_IN_Generique_DKA.ksh;Job;No;1;No;CTMSRV;FINEXT_J17INT_05_Q;opfinbac;ldkfinp01;M_L_FIN12;3l36r
FIN-FINANCE;FINEXT_J17INT_05_Q;FINEXT_J17INT_05_Q;"January 30, 2026";"January 30, 2026 1:30:12 PM";"January 30, 2026 7:45:33 PM";;Ended OK;FINANCE : Interface d'import des commandes iValua;;SMART Table;No;1;No;CTMSRV;FINEXT_J17INT_05_Q;opfinbac;ldkctmp50;;3l36q
FIN-FINANCE;FINEXT_J18INT_05_Q;FINEXT_J18INT_05_IMP01_Q;"January 30, 2026";"January 30, 2026 7:45:45 PM";"January 30, 2026 7:55:25 PM";;Ended OK;FINANCE : Interface d'import des receptions iValua (soir);;Job;No;1;No;CTMSRV;FINEXT_J18INT_05_Q;EXPLOITATION;ldkfinp11;M_L_FIN12;3l3uw
FIN-FINANCE;FINEXT_J18INT_05_Q;FINEXT_J18INT_05_MOV01_Q;"January 30, 2026";"January 30, 2026 7:45:33 PM";"January 30, 2026 7:45:44 PM";;Ended OK;FINANCE : Deplacement des fichiers receptions DSP01_REC*.csv dans Oracle (soir);MOV_IN_Generique_DKA.ksh;Job;No;1;No;CTMSRV;FINEXT_J18INT_05_Q;opfinbac;ldkfinp01;M_L_FIN12;3l3uv
FIN-FINANCE;FINEXT_J18INT_05_Q;FINEXT_J18INT_05_Q;"January 30, 2026";"January 30, 2026 1:30:13 PM";"January 30, 2026 7:55:26 PM";;Ended OK;FINANCE : Interface d'import des réceptions;;SMART Table;No;1;No;CTMSRV;FINEXT_J18INT_05_Q;opfinbac;ldkctmp50;;3l3uu
FIN-FINANCE;FINEXT_J19GEN_06_Q;FINEXT_J19GEN_06_EXP01_Q;"January 30, 2026";"January 30, 2026 6:46:40 PM";"January 30, 2026 6:46:40 PM";;Ended OK;Export et envoi vers IVALUA des transferts de commandes à un tiers;;Dummy;No;1;No;CTMSRV;FINEXT_J19GEN_06_Q;EXPLOITATION;;M_L_FIN12;3l4cs
FIN-FINANCE;FINEXT_J19GEN_06_Q;FINEXT_J19GEN_06_Q;"January 30, 2026";"January 30, 2026 1:30:13 PM";"January 30, 2026 6:46:41 PM";;Ended OK;FINANCE : Export des données factures vers iValua;;SMART Table;No;1;No;CTMSRV;FINEXT_J19GEN_06_Q;opfinbac;ldkctmp50;;3l4cr
FIN-FINANCE;FINEXT_J19INT_05_Q;FINEXT_J19INT_05_IMP01_Q;"January 30, 2026";"January 30, 2026 9:36:28 PM";"January 30, 2026 9:38:45 PM";;Ended OK;Import des codes de déblocage facture depuis iValua;;Job;No;1;No;CTMSRV;FINEXT_J19INT_05_Q;EXPLOITATION;ldkfinp01;M_L_FIN12;3l3ab
FIN-FINANCE;FINEXT_J19INT_05_Q;FINEXT_J19INT_05_MOV01_Q;"January 30, 2026";"January 30, 2026 9:36:26 PM";"January 30, 2026 9:36:27 PM";;Ended OK;FINANCE : Move des Factures deblocage depuis le NAS;MOV_IN_Generique_DKA.ksh;Job;No;1;No;CTMSRV;FINEXT_J19INT_05_Q;opfinbac;ldkfinp11;M_L_FIN12;3l3ac
FIN-FINANCE;FINEXT_J19INT_05_Q;FINEXT_J19INT_05_Q;"January 30, 2026";"January 30, 2026 1:30:12 PM";"January 30, 2026 9:38:46 PM";;Ended OK;FINANCE : Import des codes de déblocage facture depuis iValua;;SMART Table;No;1;No;CTMSRV;FINEXT_J19INT_05_Q;opfinbac;ldkctmp50;;3l3aa
FIN-FINANCE;FINEXT_J20GEN_06_Q;FINEXT_J20GEN_06_EXP01_Q;"January 30, 2026";"January 30, 2026 10:53:10 PM";"January 30, 2026 10:55:57 PM";;Ended OK;"Export et envoi vers DATALAKE des Entêtes; Lignes et Règlements de factures fournisseurs";;Job;No;1;No;CTMSRV;FINEXT_J20GEN_06_Q;EXPLOITATION;ldkfinp11;M_L_FIN12;3l56s
FIN-FINANCE;FINEXT_J20GEN_06_Q;FINEXT_J20GEN_06_EXP02_Q;"January 30, 2026";"January 30, 2026 10:53:10 PM";"January 30, 2026 10:55:19 PM";;Ended OK;Export et envoi vers DATALAKE des blocages;;Job;No;1;No;CTMSRV;FINEXT_J20GEN_06_Q;EXPLOITATION;ldkfinp01;M_L_FIN12;3l56t
FIN-FINANCE;FINEXT_J20GEN_06_Q;FINEXT_J20GEN_06_MOV01_Q;"January 30, 2026";"January 30, 2026 10:55:58 PM";"January 30, 2026 10:56:00 PM";;Ended OK;FINANCE : Move du fichier DKA_EXP_FACTURE_ENTETE_ddMMYYYY-HHMMss.csv vers le NAS;MOV_OUT_Generique_DKA.ksh;Job;No;1;No;CTMSRV;FINEXT_J20GEN_06_Q;opfinbac;ldkfinp01;M_L_FIN12;3l56v
FIN-FINANCE;FINEXT_J20GEN_06_Q;FINEXT_J20GEN_06_MOV02_Q;"January 30, 2026";"January 30, 2026 10:55:58 PM";"January 30, 2026 10:55:59 PM";;Ended OK;FINANCE : Move du fichier DKA_EXP_FACTURE_LIGNE_ddMMYYYY-HHMMss.csv vers le NAS;MOV_OUT_Generique_DKA.ksh;Job;No;1;No;CTMSRV;FINEXT_J20GEN_06_Q;opfinbac;ldkfinp01;M_L_FIN12;3l56u
FIN-FINANCE;FINEXT_J20GEN_06_Q;FINEXT_J20GEN_06_MOV03_Q;"January 30, 2026";"January 30, 2026 10:55:58 PM";"January 30, 2026 10:56:05 PM";;Ended OK;FINANCE : Move du fichier DKA_EXP_FACTURE_LIGNE_ddMMYYYY-HHMMss.csv vers le NAS;MOV_OUT_Generique_DKA.ksh;Job;No;1;No;CTMSRV;FINEXT_J20GEN_06_Q;opfinbac;ldkfinp11;M_L_FIN12;3l56w
FIN-FINANCE;FINEXT_J20GEN_06_Q;FINEXT_J20GEN_06_MOV04_Q;"January 30, 2026";"January 30, 2026 10:55:19 PM";"January 30, 2026 10:56:04 PM";;Ended OK;FINANCE : Move du fichier DKA_EXP_BLOCAGE_ddMMYYYY-HHMMss.csv vers le NAS;MOV_OUT_Generique_DKA.ksh;Job;No;1;No;CTMSRV;FINEXT_J20GEN_06_Q;opfinbac;ldkfinp11;M_L_FIN12;3l56x
FIN-FINANCE;FINEXT_J20GEN_06_Q;FINEXT_J20GEN_06_Q;"January 30, 2026";"January 30, 2026 10:53:10 PM";"January 30, 2026 10:56:05 PM";;Ended OK;"FINANCE : Export des données fdes Entêtes; Lignes; blocages et Règlements de factures fournisseurs";;SMART Table;No;1;No;CTMSRV;FINEXT_J20GEN_06_Q;opfinbac;ldkctmp50;;3l56r
FIN-FINANCE;FINEXT_J20INT_05_Q;FINEXT_J20INT_05_IMP01_Q;"January 30, 2026";"January 30, 2026 8:00:03 PM";"January 30, 2026 8:01:05 PM";;Ended OK;IVALUA : Chargement CONTROL_DSP.CSV;;Job;No;1;No;CTMSRV;FINEXT_J20INT_05_Q;EXPLOITATION;ldkfinp11;M_L_FIN12;3l4qw
FIN-FINANCE;FINEXT_J20INT_05_Q;FINEXT_J20INT_05_IMP02_Q;"January 30, 2026";"January 30, 2026 8:01:24 PM";"January 30, 2026 8:02:43 PM";;Ended OK;IVALUA : Chargement factures PO FLIP;;Job;No;1;No;CTMSRV;FINEXT_J20INT_05_Q;EXPLOITATION;ldkfinp01;M_L_FIN12;3l4r2
FIN-FINANCE;FINEXT_J20INT_05_Q;FINEXT_J20INT_05_MOV01_Q;"January 30, 2026";"January 30, 2026 8:00:00 PM";"January 30, 2026 8:00:01 PM";2220;Ended OK;FINANCE : Move du fichier DKA.DSP.CONTROL.*.csv depuis la PFE;MOV_IN_Generique_DKA.ksh;Job;No;1;No;CTMSRV;FINEXT_J20INT_05_Q;opfinbac;ldkfinp11;M_L_FIN12;3l4qu
FIN-FINANCE;FINEXT_J20INT_05_Q;FINEXT_J20INT_05_MOV02_Q;"January 30, 2026";"January 30, 2026 8:01:06 PM";"January 30, 2026 8:01:07 PM";;Ended OK;FINANCE : Move du fichier DKA.DSP.*.TR1 depuis la PFE;MOV_IN_Generique_DKA.ksh;Job;No;1;No;CTMSRV;FINEXT_J20INT_05_Q;opfinbac;ldkfinp01;M_L_FIN12;3l4qy
FIN-FINANCE;FINEXT_J20INT_05_Q;FINEXT_J20INT_05_MOV03_Q;"January 30, 2026";"January 30, 2026 8:01:21 PM";"January 30, 2026 8:01:22 PM";;Ended OK;FINANCE : Move du fichier DKA.DSP.IMAGE depuis la PFE;MOV_IN_Generique_DKA.ksh;Job;No;1;No;CTMSRV;FINEXT_J20INT_05_Q;opfinbac;ldkfinp01;M_L_FIN12;3l4r0
FIN-FINANCE;FINEXT_J20INT_05_Q;FINEXT_J20INT_05_Q;"January 30, 2026";"January 30, 2026 7:01:15 PM";"January 30, 2026 9:38:15 PM";1114;Ended OK;IVALUA : Chargement CONTROL_DSP.CSV;;SMART Table;No;1;No;CTMSRV;FINEXT_J20INT_05_Q;;ldkctmp50;;3l4qt
FIN-FINANCE;FINEXT_J20INT_05_Q;FINEXT_J20INT_05_WRK01_Q;"January 30, 2026";"January 30, 2026 9:36:25 PM";"January 30, 2026 9:38:14 PM";;Ended OK;IVALUA : Contrôle de flux PO FLIP;;Job;No;1;No;CTMSRV;FINEXT_J20INT_05_Q;EXPLOITATION;ldkfinp01;M_L_FIN12;3l4qx
FIN-FINANCE;FINEXT_J20INT_05_Q;FINEXT_J20INT_05_ZIP01_Q;"January 30, 2026";"January 30, 2026 8:01:23 PM";"January 30, 2026 8:01:24 PM";;Ended OK;FINANCE : Decompression du fichier DKA.DSP.IMAGE.*.zip;FINEXT_J20INT_05_ZIP01_Q.ksh;Job;No;1;No;CTMSRV;FINEXT_J20INT_05_Q;opfinbac;ldkfinp11;M_L_FIN12;3l4r1
FIN-FINANCE;FINEXT_J20INT_05_Q;FINEXT_J20NT_05_CON01_Q;"January 30, 2026";"January 30, 2026 8:00:01 PM";"January 30, 2026 8:00:03 PM";;Ended OK;FINANCE : Concatener les fichiers DKA.DSP.CONTROL*.csv en CONTROL_DSP.csv;FINEXT_J20INT_05_CON01_Q.ksh;Job;No;1;No;CTMSRV;FINEXT_J20INT_05_Q;opfinbac;ldkfinp11;M_L_FIN12;3l4qv
FIN-FINANCE;FINEXT_J20INT_05_Q;FINEXT_J20NT_05_CON02_Q;"January 30, 2026";"January 30, 2026 8:01:08 PM";"January 30, 2026 8:01:20 PM";;Ended OK;FINANCE : Concatener les fichiers DKA.DSP.*.TR1 en DSP_DAL.csv;CON_Generique_DKA.ksh;Job;No;1;No;CTMSRV;FINEXT_J20INT_05_Q;opfinbac;ldkfinp11;M_L_FIN12;3l4qz
FIN-FINANCE;FINFIN_C11TRT_04_M;FINFIN_C11TRT_04_M;"January 30, 2026";"January 30, 2026 11:08:37 PM";"January 30, 2026 11:54:44 PM";;Ended OK;"FINANCE : Refacturation - L2; L3; L4; L1";;SMART Table;No;1;No;CTMSRV;FINFIN_C11TRT_04_M;opfinbac;ldkctmp50;;3l4b2
FIN-FINANCE;FINFIN_C11TRT_04_M;FINFIN_C11TRT_04_WRK02_M;"January 30, 2026";"January 30, 2026 11:08:37 PM";"January 30, 2026 11:18:59 PM";;Ended OK;Refacturation L2 (bloquant si KO);;Job;No;1;No;CTMSRV;FINFIN_C11TRT_04_M;EXPLOITATION;ldkfinp01;M_L_FIN12;3l4b3
FIN-FINANCE;FINFIN_C11TRT_04_M;FINFIN_C12TRT_04_WRK01_M;"January 30, 2026";"January 30, 2026 11:19:00 PM";"January 30, 2026 11:51:28 PM";;Ended OK;Prise en compte AP (cloture);;Job;No;1;No;CTMSRV;FINFIN_C11TRT_04_M;EXPLOITATION;ldkfinp01;M_L_FIN12;3l4b5
FIN-FINANCE;FINFIN_C11TRT_04_M;FINFIN_C16TRT_04_WRK01_M;"January 30, 2026";"January 30, 2026 11:19:00 PM";"January 30, 2026 11:32:43 PM";;Ended OK;Prise en compte AR (Cloture);;Job;No;1;No;CTMSRV;FINFIN_C11TRT_04_M;EXPLOITATION;ldkfinp11;M_L_FIN12;3l4b4
FIN-FINANCE;FINFIN_C11TRT_04_M;FINFIN_C1OTRT_04_WRK01_M;"January 30, 2026";"January 30, 2026 11:51:29 PM";"January 30, 2026 11:54:43 PM";;Ended OK;Edition Refacturation;;Job;No;1;No;CTMSRV;FINFIN_C11TRT_04_M;EXPLOITATION;ldkfinp11;M_L_FIN12;3l4b6
FIN-FINANCE;FINFIN_C13TRT_04_M;FINFIN_C13TRT_04_M;"January 30, 2026";"January 30, 2026 11:08:37 PM";"January 30, 2026 11:56:50 PM";;Ended OK;FINANCE : Cloture AP - L1;;SMART Table;No;1;No;CTMSRV;FINFIN_C13TRT_04_M;opfinbac;ldkctmp50;;3l4h5
FIN-FINANCE;FINFIN_C13TRT_04_M;FINFIN_C13TRT_04_WRK01_M;"January 30, 2026";"January 30, 2026 11:51:29 PM";"January 30, 2026 11:56:49 PM";;Ended OK;Cloture AP;;Job;No;1;No;CTMSRV;FINFIN_C13TRT_04_M;EXPLOITATION;ldkfinp01;M_L_FIN12;3l4h6
FIN-FINANCE;FINFIN_C14TRT_04_M;FINFIN_C14TRT_04_M;"January 30, 2026";"January 30, 2026 11:08:37 PM";"January 31, 2026 1:34:23 AM";;Ended Not OK;FINANCE : Calcul des CAP fournisseurs - L1;;SMART Table;No;1;No;CTMSRV;FINFIN_C14TRT_04_M;opfinbac;ldkctmp50;;3l52u
FIN-FINANCE;FINFIN_C14TRT_04_M;FINFIN_C14TRT_04_WRK01_M;"January 30, 2026";"January 30, 2026 11:56:50 PM";"January 31, 2026 1:34:23 AM";;Ended Not OK;Calcul des CAP fournisseurs;;Job;No;1;No;CTMSRV;FINFIN_C14TRT_04_M;EXPLOITATION;ldkfinp01;M_L_FIN12;3l52v
FIN-FINANCE;FINFIN_C15TRT_04_M;FINFIN_C15TRT_04_M;"January 30, 2026";"January 30, 2026 11:08:37 PM";;;Executing;FINANCE : Calcul CUT-OFF SSTR - L1;;SMART Table;No;1;No;CTMSRV;FINFIN_C15TRT_04_M;opfinbac;ldkctmp50;;3l3d2
FIN-FINANCE;FINFIN_C15TRT_04_M;FINFIN_C15TRT_04_WRK01_M;"January 30, 2026";;;;Wait for Event;Calcul CUT-OFF SSTR;;Job;No;0;No;CTMSRV;FINFIN_C15TRT_04_M;EXPLOITATION;M_L_FIN12;M_L_FIN12;3l3d3
FIN-FINANCE;FINFIN_C15TRT_04_M;FINFIN_C15TRT_04_WRK02_M;"January 30, 2026";;;;Wait for Event;FINANCE : Calcul CUT-OFF SSTR-IVALUA;;Job;No;0;No;CTMSRV;FINFIN_C15TRT_04_M;EXPLOITATION;M_L_FIN12;M_L_FIN12;3l3d4
FIN-FINANCE;FINFIN_C17TRT_04_M;FINFIN_C17TRT_04_M;"January 30, 2026";"January 30, 2026 11:08:37 PM";;;Executing;FINANCE : Cloture PO - L1;;SMART Table;No;1;No;CTMSRV;FINFIN_C17TRT_04_M;opfinbac;ldkctmp50;;3l45u
FIN-FINANCE;FINFIN_C17TRT_04_M;FINFIN_C17TRT_04_WRK01_M;"January 30, 2026";;;;Wait for Event;Cloture PO;;Job;No;0;No;CTMSRV;FINFIN_C17TRT_04_M;EXPLOITATION;M_L_FIN12;M_L_FIN12;3l45v
FIN-FINANCE;FINFIN_C17TRT_04_M;FINFIN_C17TRT_04_WRK02_M;"January 30, 2026";;;;Wait for Event;RAZ des provisions fin de periode;;Job;No;0;No;CTMSRV;FINFIN_C17TRT_04_M;EXPLOITATION;M_L_FIN12;M_L_FIN12;3l45w
FIN-FINANCE;FINFIN_C18TRT_04_M;FINFIN_C18TRT_04_M;"January 30, 2026";"January 30, 2026 11:08:37 PM";;;Executing;"FINANCE : Prise en compte GL (Cloture) - L1; L2; L3; L4; L5; L6";;SMART Table;No;1;No;CTMSRV;FINFIN_C18TRT_04_M;opfinbac;ldkctmp50;;3l4th
FIN-FINANCE;FINFIN_C18TRT_04_M;FINFIN_C18TRT_04_WRK01_M;"January 30, 2026";;;;Wait for Event;Prise en compte GL (Cloture);;Job;No;0;No;CTMSRV;FINFIN_C18TRT_04_M;EXPLOITATION;M_L_FIN12;M_L_FIN12;3l4ti
FIN-FINANCE;FINFIN_C19TRT_04_M;FINFIN_C19TRT_04_M;"January 30, 2026";"January 30, 2026 11:08:37 PM";;;Executing;FINANCE : Calcul des TEC et PCA  - L1;;SMART Table;No;1;No;CTMSRV;FINFIN_C19TRT_04_M;opfinbac;ldkctmp50;;3l49t
FIN-FINANCE;FINFIN_C19TRT_04_M;FINFIN_C19TRT_04_WRK01_M;"January 30, 2026";;;;Wait for Event;Calcul des TEC et PCA;;Job;No;0;No;CTMSRV;FINFIN_C19TRT_04_M;EXPLOITATION;M_L_FIN12;M_L_FIN12;3l49u
FIN-FINANCE;FINFIN_C1ATRT_04_M;FINFIN_C1ATRT_04_M;"January 30, 2026";"January 30, 2026 11:08:37 PM";;;Executing;FINANCE : CCA sur sinistre hors automobile - L1;;SMART Table;No;1;No;CTMSRV;FINFIN_C1ATRT_04_M;opfinbac;ldkctmp50;;3l3js
FIN-FINANCE;FINFIN_C1ATRT_04_M;FINFIN_C1ATRT_04_WRK01_M;"January 30, 2026";;;;Wait for Event;CCA sur sinistre hors automobile;;Job;No;0;No;CTMSRV;FINFIN_C1ATRT_04_M;EXPLOITATION;M_L_FIN12;M_L_FIN12;3l3jt
FIN-FINANCE;FINFIN_C1BTRT_04_M;FINFIN_C1BTRT_04_M;"January 30, 2026";"January 30, 2026 11:08:37 PM";;;Executing;FINANCE : Cloture AR;;SMART Table;No;1;No;CTMSRV;FINFIN_C1BTRT_04_M;opfinbac;ldkctmp50;;3l2ys
FIN-FINANCE;FINFIN_C1BTRT_04_M;FINFIN_C1BTRT_04_WRK01_M;"January 30, 2026";;;;Wait for Event;Cloture AR;;Job;No;0;No;CTMSRV;FINFIN_C1BTRT_04_M;EXPLOITATION;M_L_FIN12;M_L_FIN12;3l2yt
FIN-FINANCE;FINFIN_C1CTRT_04_M;FINFIN_C1CTRT_04_M;"January 30, 2026";"January 30, 2026 11:08:37 PM";;;Executing;FINANCE : Cloture PA - L1;;SMART Table;No;1;No;CTMSRV;FINFIN_C1CTRT_04_M;opfinbac;ldkctmp50;;3l4kh
FIN-FINANCE;FINFIN_C1CTRT_04_M;FINFIN_C1CTRT_04_WRK01_M;"January 30, 2026";;;;Wait for Event;Cloture PA;;Job;No;0;No;CTMSRV;FINFIN_C1CTRT_04_M;EXPLOITATION;M_L_FIN12;M_L_FIN12;3l4ki
FIN-FINANCE;FINFIN_C1DTRT_04_M;FINFIN_C1DTRT_04_M;"January 30, 2026";"January 30, 2026 11:08:37 PM";;;Executing;"FINANCE : Prise en compte GL (Cloture) - L1; D2";;SMART Table;No;1;No;CTMSRV;FINFIN_C1DTRT_04_M;opfinbac;ldkctmp50;;3l4hu
FIN-FINANCE;FINFIN_C1DTRT_04_M;FINFIN_C1DTRT_04_WRK01_M;"January 30, 2026";;;;Wait for Event;Prise en compte GL (Cloture);;Job;No;0;No;CTMSRV;FINFIN_C1DTRT_04_M;EXPLOITATION;M_L_FIN12;M_L_FIN12;3l4hv
FIN-FINANCE;FINFIN_C1ETRT_04_M;FINFIN_C1ETRT_04_M;"January 30, 2026";"January 30, 2026 11:08:37 PM";;;Executing;"FINANCE : Equilibre par centre de gestion - L1; D2";;SMART Table;No;1;No;CTMSRV;FINFIN_C1ETRT_04_M;opfinbac;ldkctmp50;;3l49z
FIN-FINANCE;FINFIN_C1ETRT_04_M;FINFIN_C1ETRT_04_WRK01_M;"January 30, 2026";;;;Wait for Event;Equilibre par centre de gestion;;Job;No;0;No;CTMSRV;FINFIN_C1ETRT_04_M;EXPLOITATION;M_L_FIN12;M_L_FIN12;3l4a0
FIN-FINANCE;FINFIN_C1FTRT_04_M;FINFIN_C1FTRT_04_M;"January 30, 2026";"January 30, 2026 11:08:37 PM";;;Executing;"FINANCE : Comptabilisation et Controles VECTOR - L1; D2";;SMART Table;No;1;No;CTMSRV;FINFIN_C1FTRT_04_M;opfinbac;ldkctmp50;;3l578
FIN-FINANCE;FINFIN_C1FTRT_04_M;FINFIN_C1FTRT_04_WRK01_M;"January 30, 2026";;;;Wait for Event;Comptabilisation et Controles VECTOR;;Job;No;0;No;CTMSRV;FINFIN_C1FTRT_04_M;EXPLOITATION;M_L_FIN12;M_L_FIN12;3l579
FIN-FINANCE;FINFIN_C1HTRT_04_M;FINFIN_C1HTRT_04_M;"January 30, 2026";"January 30, 2026 11:08:37 PM";;;Executing;"FINANCE : Cloture GL - L1; D2";;SMART Table;No;1;No;CTMSRV;FINFIN_C1HTRT_04_M;opfinbac;ldkctmp50;;3l323
FIN-FINANCE;FINFIN_C1HTRT_04_M;FINFIN_C1HTRT_04_WRK01_M;"January 30, 2026";;;;Wait for Event;Cloture GL;;Job;No;0;No;CTMSRV;FINFIN_C1HTRT_04_M;EXPLOITATION;M_L_FIN12;M_L_FIN12;3l324
FIN-FINANCE;FINFIN_C1MTRT_04_M;FINFIN_C1MTRT_04_M;"January 30, 2026";"January 30, 2026 11:08:37 PM";;;Executing;FINANCE : Flux SI-CM Recouvrement Extraction AR (Mensuelle);;SMART Table;No;1;No;CTMSRV;FINFIN_C1MTRT_04_M;opfinbac;ldkctmp50;;3l55p
FIN-FINANCE;FINFIN_C1MTRT_04_M;FINFIN_C1MTRT_04_MOV01_M;"January 30, 2026";;;;Wait for Event;FINANCE : Move du fichier ENCOURS_RECOUVREMENT_MEN*.csv vers le NAS;MOV_OUT_Generique_DKA.ksh;Job;No;0;No;CTMSRV;FINFIN_C1MTRT_04_M;opfinbac;M_L_FIN12;M_L_FIN12;3l55r
FIN-FINANCE;FINFIN_C1MTRT_04_M;FINFIN_C1MTRT_04_WRK01_M;"January 30, 2026";;;;Wait for Event;Flux SI-CM Recouvrement Extraction AR (Mensuelle);;Job;No;0;No;CTMSRV;FINFIN_C1MTRT_04_M;EXPLOITATION;M_L_FIN12;M_L_FIN12;3l55q
FIN-FINANCE;FINFIN_C1NTRT_04_M;FINFIN_C1NTRT_04_M;"January 30, 2026";"January 30, 2026 11:08:37 PM";;;Executing;FINANCE : Mise à jour mensuelle des projets - L1;;SMART Table;No;1;No;CTMSRV;FINFIN_C1NTRT_04_M;opfinbac;ldkctmp50;;3l4tr
FIN-FINANCE;FINFIN_C1NTRT_04_M;FINFIN_C1NTRT_04_WRK01_M;"January 30, 2026";;;;Wait for Event;Mise à jour mensuelle des projets;;Job;No;0;No;CTMSRV;FINFIN_C1NTRT_04_M;EXPLOITATION;M_L_FIN12;M_L_FIN12;3l4ts
FIN-FINANCE;FINFIN_C1QTRT_04_M;FINFIN_C1QTRT_04_M;"January 30, 2026";"January 30, 2026 11:08:37 PM";;;Executing;Génération des OD CAP multi-société - L1;;SMART Table;No;1;No;CTMSRV;FINFIN_C1QTRT_04_M;opfinbac;ldkctmp50;;3l2tg
FIN-FINANCE;FINFIN_C1QTRT_04_M;FINFIN_C1QTRT_04_WRK01_M;"January 30, 2026";;;;Wait for Event;Génération des OD CAP multi-société;;Job;No;0;No;CTMSRV;FINFIN_C1QTRT_04_M;EXPLOITATION;M_L_FIN12;M_L_FIN12;3l2th
FIN-FINANCE;FINFIN_C1RTRT_04_M;FINFIN_C1RTRT_04_M;"January 30, 2026";"January 30, 2026 1:30:13 PM";;;Executing;FINANCE : Balance âgée par chargé de recouvrement (PDF);;SMART Table;No;1;No;CTMSRV;FINFIN_C1RTRT_04_M;opfinbac;;;3l4na
FIN-FINANCE;FINFIN_C1RTRT_04_M;FINFIN_C1RTRT_04_WRK01_M;"January 30, 2026";;;;Wait for Event;Balance âgée par chargé de recouvrement;;Job;No;0;No;CTMSRV;FINFIN_C1RTRT_04_M;EXPLOITATION;M_L_FIN12;M_L_FIN12;3l4nb
FIN-FINANCE;FINFIN_C1STRT_04_M;FINFIN_C1STRT_04_M;"January 30, 2026";"January 30, 2026 11:08:37 PM";"January 30, 2026 11:08:37 PM";;Ended OK;"FINANCE : Prise en compte GL (Cloture) - L2; L3; L4; L5; L6";;SMART Table;No;1;No;CTMSRV;FINFIN_C1STRT_04_M;opfinbac;ldkctmp50;;3l45k
FIN-FINANCE;FINFIN_E11STP_01_Q;FINFIN_E11STP_01_ARR01_Q;"January 30, 2026";"January 30, 2026 7:00:01 PM";"January 30, 2026 7:00:08 PM";;Ended OK;Fermeture TP R12 - Stop OHS no 1;ebsstop.ksh;Job;No;1;No;CTMSRV;FINFIN_E11STP_01_Q;opfinbac;ldkfinp06;A_L_FIN06;3l4uy
FIN-FINANCE;FINFIN_E11STP_01_Q;FINFIN_E11STP_01_ARR02_Q;"January 30, 2026";"January 30, 2026 7:00:01 PM";"January 30, 2026 7:00:08 PM";;Ended OK;Fermeture TP R12 - Stop OHS no 2;ebsstop.ksh;Job;No;1;No;CTMSRV;FINFIN_E11STP_01_Q;opfinbac;ldkfinp05;A_L_FIN05;3l4v0
FIN-FINANCE;FINFIN_E11STP_01_Q;FINFIN_E11STP_01_ARR03_Q;"January 30, 2026";"January 30, 2026 7:00:08 PM";"January 30, 2026 7:00:14 PM";;Ended OK;ARRET des MS sur le %%hostname;ebskillfmrweb.ksh;Job;No;1;No;CTMSRV;FINFIN_E11STP_01_Q;opfinbac;ldkfinp03;A_L_FIN03;3l4v1
FIN-FINANCE;FINFIN_E11STP_01_Q;FINFIN_E11STP_01_ARR04_Q;"January 30, 2026";"January 30, 2026 7:00:08 PM";"January 30, 2026 7:00:14 PM";;Ended OK;ARRET des MS sur le %%hostname;ebskillfmrweb.ksh;Job;No;1;No;CTMSRV;FINFIN_E11STP_01_Q;opfinbac;ldkfinp04;A_L_FIN04;3l4v2
FIN-FINANCE;FINFIN_E11STP_01_Q;FINFIN_E11STP_01_ATP01_Q;"January 30, 2026";"January 30, 2026 7:00:00 PM";"January 30, 2026 7:00:00 PM";;Ended OK;Fermeture TP R12 - Lock USERS;LOCK_USERS.ksh;Dummy;No;1;No;CTMSRV;FINFIN_E11STP_01_Q;opfinbac;;NOTEXIST;3l4uz
FIN-FINANCE;FINFIN_E11STP_01_Q;FINFIN_E11STP_01_Q;"January 30, 2026";"January 30, 2026 7:00:00 PM";"January 30, 2026 7:01:14 PM";;Ended OK;FINANCE : Fermeture TP OracleR12;;SMART Table;No;1;No;CTMSRV;FINFIN_E11STP_01_Q;opfinbac;ldkctmp50;;3l4uw
FIN-FINANCE;FINFIN_E11STP_01_Q;FINFIN_E11STP_01_WRK01_Q;"January 30, 2026";"January 30, 2026 7:00:15 PM";"January 30, 2026 7:01:13 PM";;Ended OK;Fermeture TP R12 - Flag TP;;Job;No;1;No;CTMSRV;FINFIN_E11STP_01_Q;EXPLOITATION;ldkfinp11;M_L_FIN12;3l4ux
FIN-FINANCE;FINFIN_E11STR_02_Q;FINFIN_E11STR_02_Q;"January 30, 2026";;;;Wait for Event;FINANCE : Ouverture TP OracleR12;;SMART Table;No;0;No;CTMSRV;FINFIN_E11STR_02_Q;opfinbac;ldkctmp50;;3l3xg
FIN-FINANCE;FINFIN_E12STR_02_Q;FINFIN_E12STR_02_DEM01_Q;"January 30, 2026";"January 30, 2026 7:01:15 PM";"January 30, 2026 7:01:31 PM";;Ended OK;Ouverture TP R12 - Start OHS no 1;ebsstart.ksh;Job;No;1;No;CTMSRV;FINFIN_E12STR_02_Q;opfinbac;ldkfinp06;A_L_FIN06;3l4fr
FIN-FINANCE;FINFIN_E12STR_02_Q;FINFIN_E12STR_02_DEM02_Q;"January 30, 2026";"January 30, 2026 7:01:32 PM";"January 30, 2026 7:01:47 PM";;Ended OK;Ouverture TP R12 - Start OHS no 2;ebsstart.ksh;Job;No;1;No;CTMSRV;FINFIN_E12STR_02_Q;opfinbac;ldkfinp05;A_L_FIN05;3l4fq
FIN-FINANCE;FINFIN_E12STR_02_Q;FINFIN_E12STR_02_Q;"January 30, 2026";"January 30, 2026 7:01:15 PM";"January 30, 2026 7:01:47 PM";;Ended OK;FINANCE : Ouverture TP OracleR12;;SMART Table;No;1;No;CTMSRV;FINFIN_E12STR_02_Q;opfinfrt;ldkctmp50;;3l4fp
FIN-FINANCE;FINFIN_J11TEC_04_DEB01_Q;FINFIN_J11TEC_04_DEB01_Q;"January 30, 2026";"January 30, 2026 7:01:14 PM";"January 30, 2026 7:01:14 PM";;Ended OK;FINANCE : Jalon Debut Finance;;SMART Table;No;1;No;CTMSRV;FINFIN_J11TEC_04_DEB01_Q;opfinbac;ldkctmp50;;3l4q3
FIN-FINANCE;FINFIN_J11TEC_04_DEB02_Q;FINFIN_J11TEC_04_DEB02_Q;"January 30, 2026";"January 31, 2026 12:05:00 AM";"January 31, 2026 12:05:00 AM";;Ended OK;FINANCE : Jalon Debut Confirmation des règlements pour prélèvements;;SMART Table;No;1;No;CTMSRV;FINFIN_J11TEC_04_DEB02_Q;opfinbac;ldkctmp50;;3l3q1
FIN-FINANCE;FINFIN_J11TEC_04_FCL01_Q;FINFIN_J11TEC_04_FCL01_Q;"January 30, 2026";;;;Wait for Event;FINANCE : Jalon fin Cloture;;SMART Table;No;0;No;CTMSRV;FINFIN_J11TEC_04_FCL01_Q;opfinbac;;;3l3h3
FIN-FINANCE;FINFIN_J11TEC_04_FIN01_Q;FINFIN_J11TEC_04_FIN01_Q;"January 30, 2026";;;;Wait for Event;FINANCE : Jalon fin Finance;;SMART Table;No;0;No;CTMSRV;FINFIN_J11TEC_04_FIN01_Q;opfinbac;;;3l36g
FIN-FINANCE;FINFIN_J11TEC_04_FJA01_Q;FINFIN_J11TEC_04_FJA01_Q;"January 30, 2026";"January 30, 2026 11:08:30 PM";"January 30, 2026 11:08:30 PM";;Ended OK;FINANCE : Debut des campagnes de reglements ();;SMART Table;No;1;No;CTMSRV;FINFIN_J11TEC_04_FJA01_Q;opfinbac;ldkctmp50;;3l41u
FIN-FINANCE;FINFIN_J11TEC_04_FJA02_Q;FINFIN_J11TEC_04_FJA02_Q;"January 30, 2026";"January 30, 2026 11:08:30 PM";"January 30, 2026 11:08:30 PM";;Ended OK;FINANCE : Jalon campagnes de reglements (Bloc 1);;SMART Table;No;1;No;CTMSRV;FINFIN_J11TEC_04_FJA02_Q;opfinbac;ldkctmp50;;3l4kn
FIN-FINANCE;FINFIN_J11TEC_04_FJA03_Q;FINFIN_J11TEC_04_FJA03_Q;"January 30, 2026";"January 30, 2026 11:08:31 PM";"January 30, 2026 11:08:31 PM";;Ended OK;FINANCE : Jalon campagnes de reglements (Bloc 2);;SMART Table;No;1;No;CTMSRV;FINFIN_J11TEC_04_FJA03_Q;opfinbac;ldkctmp50;;3l4vo
FIN-FINANCE;FINFIN_J11TEC_04_FJA04_Q;FINFIN_J11TEC_04_FJA04_Q;"January 30, 2026";"January 30, 2026 11:08:32 PM";"January 30, 2026 11:08:32 PM";;Ended OK;FINANCE : Jalon Campagnes de reglements (Bloc 3);;SMART Table;No;1;No;CTMSRV;FINFIN_J11TEC_04_FJA04_Q;opfinbac;ldkctmp50;;3l3lt
FIN-FINANCE;FINFIN_J11TEC_04_FJA05_Q;FINFIN_J11TEC_04_FJA05_Q;"January 30, 2026";"January 30, 2026 11:08:33 PM";"January 30, 2026 11:08:33 PM";;Ended OK;FINANCE : Jalon Campagnes de reglements (Bloc 4);;SMART Table;No;1;No;CTMSRV;FINFIN_J11TEC_04_FJA05_Q;opfinbac;ldkctmp50;;3l30g
FIN-FINANCE;FINFIN_J11TEC_04_FJA06_Q;FINFIN_J11TEC_04_FJA06_Q;"January 30, 2026";"January 30, 2026 11:08:35 PM";"January 30, 2026 11:08:35 PM";;Ended OK;FINANCE : Fin des campagnes de reglements;;SMART Table;No;1;No;CTMSRV;FINFIN_J11TEC_04_FJA06_Q;opfinbac;ldkctmp50;;3l475
FIN-FINANCE;FINFIN_J11TEC_04_FJO01_Q;FINFIN_J11TEC_04_FJO01_Q;"January 30, 2026";"January 30, 2026 10:53:09 PM";"January 30, 2026 10:53:09 PM";;Ended OK;FINANCE : Jalon fin Journaliere;;SMART Table;No;1;No;CTMSRV;FINFIN_J11TEC_04_FJO01_Q;opfinbac;ldkctmp50;;3l45p
FIN-FINANCE;FINFIN_J11TEC_04_FPE01_Q;FINFIN_J11TEC_04_FPE01_Q;"January 30, 2026";"January 30, 2026 11:08:36 PM";"January 30, 2026 11:08:36 PM";;Ended OK;FINANCE : Jalon fin des Periodique;;SMART Table;No;1;No;CTMSRV;FINFIN_J11TEC_04_FPE01_Q;opfinbac;ldkctmp50;;3l3zr
FIN-FINANCE;FINFIN_J11TEC_04_FRE01_Q;FINFIN_J11TEC_04_FRE01_Q;"January 30, 2026";;;;Wait for Event;FINANCE : Jalon fin Referentiel;;SMART Table;No;0;No;CTMSRV;FINFIN_J11TEC_04_FRE01_Q;opfinbac;;;3l3r4
FIN-FINANCE;FINFIN_J12TEC_04_Q;FINFIN_J12TEC_04_PUR01_Q;"January 30, 2026";"January 30, 2026 4:00:00 PM";"January 30, 2026 4:00:01 PM";;Ended OK;"Archivage des repertoires IN; OUT et OUT_SEPA";FINFIN_J12TEC_04_PUR01_Q.ksh;Job;No;1;No;CTMSRV;FINFIN_J12TEC_04_Q;opfinbac;ldkfinp11;M_L_FIN12;3l3v2
FIN-FINANCE;FINFIN_J12TEC_04_Q;FINFIN_J12TEC_04_PUR02_Q;"January 30, 2026";;;;Wait for Event;"Archivage des repertoires IN; OUT et OUT_SEPA";FINFIN_J12TEC_04_PUR01_Q.ksh;Job;No;0;No;CTMSRV;FINFIN_J12TEC_04_Q;opfinbac;M_L_FIN12;M_L_FIN12;3l3v3
FIN-FINANCE;FINFIN_J12TEC_04_Q;FINFIN_J12TEC_04_Q;"January 30, 2026";"January 30, 2026 1:30:13 PM";;;Executing;"FINANCE : Archivage des repertoires IN; OUT et OUT_SEPA";;SMART Table;No;1;No;CTMSRV;FINFIN_J12TEC_04_Q;root;;;3l3v1
FIN-FINANCE;FINFIN_J12TRT_04_M;FINFIN_J12TRT_04_M;"January 30, 2026";"January 30, 2026 1:30:13 PM";"January 31, 2026 5:56:44 AM";;Ended OK;FINANCE : TVA - Declaration detaillee de la TVA deductible -- L1;;SMART Table;No;1;No;CTMSRV;FINFIN_J12TRT_04_M;opfinbac;ldkctmp50;;3l3z0
FIN-FINANCE;FINFIN_J12TRT_04_M;FINFIN_J12TRT_04_WRK01_M;"January 30, 2026";"January 31, 2026 12:05:00 AM";"January 31, 2026 5:56:44 AM";;Ended OK;FINANCE : TVA - Declaration detaillee de la TVA deductible -- D5;;Job;No;1;No;CTMSRV;FINFIN_J12TRT_04_M;EXPLOITATION;ldkfinp11;M_L_FIN12;3l3z1
FIN-FINANCE;FINFIN_J12TRT_04_Q;FINFIN_J12TRT_04_Q;"January 30, 2026";"January 30, 2026 7:01:15 PM";"January 30, 2026 10:53:09 PM";;Ended OK;FINANCE : Prise en compte GL/AP/AR du jour;;SMART Table;No;1;No;CTMSRV;FINFIN_J12TRT_04_Q;opfinbac;ldkctmp50;;3l2of
FIN-FINANCE;FINFIN_J12TRT_04_Q;FINFIN_J12TRT_04_WRK01_Q;"January 30, 2026";"January 30, 2026 7:14:16 PM";"January 30, 2026 7:25:27 PM";;Ended OK;Prise en compte AR du jour;;Job;No;1;No;CTMSRV;FINFIN_J12TRT_04_Q;EXPLOITATION;ldkfinp11;M_L_FIN12;3l2og
FIN-FINANCE;FINFIN_J12TRT_04_Q;FINFIN_J12TRT_04_WRK02_Q;"January 30, 2026";"January 30, 2026 9:38:46 PM";"January 30, 2026 10:39:29 PM";;Ended OK;Prise en compte AP du jour;;Job;No;1;No;CTMSRV;FINFIN_J12TRT_04_Q;EXPLOITATION;ldkfinp11;M_L_FIN12;3l2oh
FIN-FINANCE;FINFIN_J12TRT_04_Q;FINFIN_J12TRT_04_WRK03_Q;"January 30, 2026";"January 30, 2026 10:39:30 PM";"January 30, 2026 10:53:08 PM";;Ended OK;Prise en compte GL du jour;;Job;No;1;No;CTMSRV;FINFIN_J12TRT_04_Q;EXPLOITATION;ldkfinp01;M_L_FIN12;3l2oi
FIN-FINANCE;FINFIN_J12TRT_04_Q;FINFIN_J12TRT_04_WRK04_Q;"January 30, 2026";"January 30, 2026 7:01:15 PM";"January 30, 2026 7:10:30 PM";;Ended OK;Prise en compte AR du jour;;Job;No;1;No;CTMSRV;FINFIN_J12TRT_04_Q;EXPLOITATION;ldkfinp01;M_L_FIN12;3l2oj
FIN-FINANCE;FINFIN_J12TRT_04_Q;FINFIN_J12TRT_04_WRK05_Q;"January 30, 2026";"January 30, 2026 7:01:15 PM";"January 30, 2026 7:20:36 PM";;Ended OK;Prise en compte AR du jour;;Job;No;1;No;CTMSRV;FINFIN_J12TRT_04_Q;EXPLOITATION;ldkfinp11;M_L_FIN12;3l2ok
FIN-FINANCE;FINFIN_J13TRT_04_M;FINFIN_J13TRT_04_M;"January 30, 2026";"January 30, 2026 1:30:13 PM";"January 31, 2026 6:08:00 AM";;Ended OK;FINANCE : TVA - Justificatif sur decaissement -- D5;;SMART Table;No;1;No;CTMSRV;FINFIN_J13TRT_04_M;opfinbac;ldkctmp50;;3l3xp
FIN-FINANCE;FINFIN_J13TRT_04_M;FINFIN_J13TRT_04_WRK01_M;"January 30, 2026";"January 31, 2026 5:56:44 AM";"January 31, 2026 6:07:59 AM";;Ended OK;FINANCE : TVA - Justificatif sur decaissement -- D5;;Job;No;1;No;CTMSRV;FINFIN_J13TRT_04_M;EXPLOITATION;ldkfinp01;M_L_FIN12;3l3xq
FIN-FINANCE;FINFIN_J13TRT_04_Q;FINFIN_J13TRT_04_Q;"January 30, 2026";"January 30, 2026 7:01:15 PM";"January 30, 2026 11:28:03 PM";;Ended OK;FINANCE : Workflow validation factures;;SMART Table;No;1;No;CTMSRV;FINFIN_J13TRT_04_Q;opfinbac;ldkctmp50;;3l2s1
FIN-FINANCE;FINFIN_J13TRT_04_Q;FINFIN_J13TRT_04_WRK01_Q;"January 30, 2026";"January 30, 2026 10:44:10 PM";"January 30, 2026 11:08:29 PM";;Ended OK;FINANCE : Workflow validation factures;;Job;No;1;No;CTMSRV;FINFIN_J13TRT_04_Q;EXPLOITATION;ldkfinp01;M_L_FIN12;3l2s2
FIN-FINANCE;FINFIN_J13TRT_04_Q;FINFIN_J13TRT_04_WRK02_Q;"January 30, 2026";"January 30, 2026 11:08:30 PM";"January 30, 2026 11:10:27 PM";;Ended OK;FINANCE : Approbation auto des notifications;;Job;No;1;No;CTMSRV;FINFIN_J13TRT_04_Q;EXPLOITATION;ldkfinp11;M_L_FIN12;3l2s3
FIN-FINANCE;FINFIN_J13TRT_04_Q;FINFIN_J13TRT_04_WRK03_Q;"January 30, 2026";"January 30, 2026 11:10:28 PM";"January 30, 2026 11:20:19 PM";;Ended OK;FINANCE : Workflow en arriere plan DKACSP;;Job;No;1;No;CTMSRV;FINFIN_J13TRT_04_Q;EXPLOITATION;ldkfinp11;M_L_FIN12;3l2s4
FIN-FINANCE;FINFIN_J13TRT_04_Q;FINFIN_J13TRT_04_WRK04_Q;"January 30, 2026";"January 30, 2026 11:20:19 PM";"January 30, 2026 11:21:39 PM";;Ended OK;FINANCE : Reporting des mvts sans image;;Job;No;1;No;CTMSRV;FINFIN_J13TRT_04_Q;EXPLOITATION;ldkfinp01;M_L_FIN12;3l2s5
FIN-FINANCE;FINFIN_J13TRT_04_Q;FINFIN_J13TRT_04_WRK05_Q;"January 30, 2026";"January 30, 2026 11:23:35 PM";"January 30, 2026 11:26:17 PM";;Ended OK;FINANCE : Suivi des notifications ouvertes;;Job;No;1;No;CTMSRV;FINFIN_J13TRT_04_Q;EXPLOITATION;ldkfinp01;M_L_FIN12;3l2s8
FIN-FINANCE;FINFIN_J13TRT_04_Q;FINFIN_J13TRT_04_WRK06_Q;"January 30, 2026";"January 30, 2026 11:26:17 PM";"January 30, 2026 11:28:03 PM";;Ended OK;FINANCE : Purge des workflow obsoletes;;Job;No;1;No;CTMSRV;FINFIN_J13TRT_04_Q;EXPLOITATION;ldkfinp11;M_L_FIN12;3l2s6
FIN-FINANCE;FINFIN_J13TRT_04_Q;FINFIN_J13TRT_04_WRK08_Q;"January 30, 2026";"January 30, 2026 11:21:40 PM";"January 30, 2026 11:23:34 PM";;Ended OK;FINANCE : Annulation des notifications obsoletes CSP;;Job;No;1;No;CTMSRV;FINFIN_J13TRT_04_Q;EXPLOITATION;ldkfinp11;M_L_FIN12;3l2s7
FIN-FINANCE;FINFIN_J14TRT_04_M;FINFIN_J14TRT_04_M;"January 30, 2026";"January 30, 2026 1:30:12 PM";"January 31, 2026 6:20:52 AM";;Ended OK;FINANCE : TVA - Declaration de la TVA deductible -- D5;;SMART Table;No;1;No;CTMSRV;FINFIN_J14TRT_04_M;opfinbac;ldkctmp50;;3l38z
FIN-FINANCE;FINFIN_J14TRT_04_M;FINFIN_J14TRT_04_WRK01_M;"January 30, 2026";"January 31, 2026 6:08:00 AM";"January 31, 2026 6:20:52 AM";;Ended OK;FINANCE : TVA - Declaration de la TVA deductible -- D5;;Job;No;1;No;CTMSRV;FINFIN_J14TRT_04_M;EXPLOITATION;ldkfinp11;M_L_FIN12;3l390
FIN-FINANCE;FINFIN_J14TRT_04_Q;FINFIN_J14TRT_04_Q;"January 30, 2026";;;;Wait for Event;FINANCE : Importation des donnees GL dans RB;;SMART Table;No;0;No;CTMSRV;FINFIN_J14TRT_04_Q;opfinbac;;;3l3g9
FIN-FINANCE;FINFIN_J14TRT_04_Q;FINFIN_J14TRT_04_WRK01_Q;"January 30, 2026";;;;Wait for Event;RB : Importation des donnees GL dans RB;;Job;No;0;No;CTMSRV;FINFIN_J14TRT_04_Q;EXPLOITATION;M_L_FIN12;M_L_FIN12;3l3ga
FIN-FINANCE;FINFIN_J15TRT_04_M;FINFIN_J15TRT_04_M;"January 30, 2026";"January 30, 2026 1:30:11 PM";;;Executing;FINANCE : Registre des reglements non lettres -- D1;;SMART Table;No;1;No;CTMSRV;FINFIN_J15TRT_04_M;opfinbac;;;3l2xq
FIN-FINANCE;FINFIN_J15TRT_04_M;FINFIN_J15TRT_04_WRK01_M;"January 30, 2026";;;;Wait for Event;FINANCE : Registre des reglements non lettres -- D1;;Job;No;0;No;CTMSRV;FINFIN_J15TRT_04_M;EXPLOITATION;M_L_FIN12;M_L_FIN12;3l2xr
FIN-FINANCE;FINFIN_J15TRT_04_Q;FINFIN_J15TRT_04_Q;"January 30, 2026";;;;Wait for Event;FINANCE : Rapprochement automatique;;SMART Table;No;0;No;CTMSRV;FINFIN_J15TRT_04_Q;opfinbac;;;3l453
FIN-FINANCE;FINFIN_J15TRT_04_Q;FINFIN_J15TRT_04_WRK01_Q;"January 30, 2026";;;;Wait for Event;RB : rapprochement automatique;;Job;No;0;No;CTMSRV;FINFIN_J15TRT_04_Q;EXPLOITATION;M_L_FIN12;M_L_FIN12;3l454
FIN-FINANCE;FINFIN_J16TRT_04_M;FINFIN_J16TRT_04_M;"January 30, 2026";"January 30, 2026 1:30:12 PM";;;Executing;FINANCE : TVA - Justificatif de l en-cours sur Encaissement -- D1;;SMART Table;No;1;No;CTMSRV;FINFIN_J16TRT_04_M;opfinbac;;;3l35g
FIN-FINANCE;FINFIN_J16TRT_04_M;FINFIN_J16TRT_04_WRK01_M;"January 30, 2026";;;;Wait for Event;FINANCE : TVA - Justificatif de l en-cours sur Encaissement -- D1;;Job;No;0;No;CTMSRV;FINFIN_J16TRT_04_M;EXPLOITATION;M_L_FIN12;M_L_FIN12;3l35h
FIN-FINANCE;FINFIN_J17TRT_04_Q;FINFIN_J17TRT_04_Q;"January 30, 2026";;;;Wait for Event;FINANCE : Securisation du workflow POAPPRV/REQAPPRV;;SMART Table;No;0;No;CTMSRV;FINFIN_J17TRT_04_Q;opfinbac;;;3l4o4
FIN-FINANCE;FINFIN_J17TRT_04_Q;FINFIN_J17TRT_04_WRK01_Q;"January 30, 2026";;;;Wait for Event;WF : Securisation du workflow POAPPRV;;Job;No;0;No;CTMSRV;FINFIN_J17TRT_04_Q;EXPLOITATION;M_L_FIN12;M_L_FIN12;3l4o5
FIN-FINANCE;FINFIN_J17TRT_04_Q;FINFIN_J17TRT_04_WRK02_Q;"January 30, 2026";;;;Wait for Event;WF : Securisation du workflow REQAPPRV;;Job;No;0;No;CTMSRV;FINFIN_J17TRT_04_Q;EXPLOITATION;M_L_FIN12;M_L_FIN12;3l4o6
FIN-FINANCE;FINFIN_J18TRT_04_Q;FINFIN_J18TRT_04_IMP02_Q;"January 30, 2026";"January 30, 2026 6:45:00 PM";"January 30, 2026 6:47:44 PM";1900;Wait for Event;Import des projets dans PA (Apres-midi);;Job;No;22;Yes;CTMSRV;FINFIN_J18TRT_04_Q;EXPLOITATION;ldkfinp11;M_L_FIN12;3l4mv
FIN-FINANCE;FINFIN_J18TRT_04_Q;FINFIN_J18TRT_04_Q;"January 30, 2026";"January 30, 2026 1:30:13 PM";;;Executing;FINANCE : Import des projets dans PA;;SMART Table;No;1;No;CTMSRV;FINFIN_J18TRT_04_Q;opfinbac;;;3l4mu
FIN-FINANCE;FINFIN_J19TRT_04_Q;FINFIN_J19TRT_04_Q;"January 30, 2026";"January 30, 2026 7:01:15 PM";"January 30, 2026 10:40:56 PM";;Ended OK;FINANCE : Extraction des status factures AP;;SMART Table;No;1;No;CTMSRV;FINFIN_J19TRT_04_Q;opfinbac;ldkctmp50;;3l3sz
FIN-FINANCE;FINFIN_J19TRT_04_Q;FINFIN_J19TRT_04_WRK01_Q;"January 30, 2026";"January 30, 2026 10:39:30 PM";"January 30, 2026 10:40:56 PM";;Ended OK;Extraction des status factures AP;;Job;No;1;No;CTMSRV;FINFIN_J19TRT_04_Q;EXPLOITATION;ldkfinp01;M_L_FIN12;3l3t0
FIN-FINANCE;FINFIN_J1BTRT_04_M;FINFIN_J1BTRT_04_M;"January 30, 2026";"January 30, 2026 1:30:13 PM";;;Executing;FINANCE : TVA - TVA Collectee - etat preparatoire -- L1;;SMART Table;No;1;No;CTMSRV;FINFIN_J1BTRT_04_M;opfinbac;;;3l4z0
FIN-FINANCE;FINFIN_J1BTRT_04_M;FINFIN_J1BTRT_04_WRK01_M;"January 30, 2026";;;;Wait for Event;FINANCE : TVA - TVA Collectee - etat preparatoire -- D4;;Job;No;0;No;CTMSRV;FINFIN_J1BTRT_04_M;EXPLOITATION;M_L_FIN12;M_L_FIN12;3l4z1
FIN-FINANCE;FINFIN_J1DTRT_04_M;FINFIN_J1DTRT_04_M;"January 30, 2026";"January 30, 2026 1:30:12 PM";;;Executing;FINANCE : TVA - Edition etats TVA societe 001 -- D3;;SMART Table;No;1;No;CTMSRV;FINFIN_J1DTRT_04_M;opfinbac;;;3l3jy
FIN-FINANCE;FINFIN_J1DTRT_04_M;FINFIN_J1DTRT_04_WRK01_M;"January 30, 2026";;;;Wait for Event;FINANCE : TVA - Edition etats TVA societe 001;;Job;No;0;No;CTMSRV;FINFIN_J1DTRT_04_M;EXPLOITATION;M_L_FIN12;M_L_FIN12;3l3jz
FIN-FINANCE;FINFIN_J1OTRT_04_M;FINFIN_J1OTRT_04_CTL06_M;"January 30, 2026";;;;Wait for Event;FINANCE : Controle de pre-cloture - GL;;Job;No;0;No;CTMSRV;FINFIN_J1OTRT_04_M;EXPLOITATION;M_L_FIN12;M_L_FIN12;3l531
FIN-FINANCE;FINFIN_J1OTRT_04_M;FINFIN_J1OTRT_04_CTL07_M;"January 30, 2026";;;;Wait for Event;FINANCE : Controle de pre-cloture - PA;;Job;No;0;No;CTMSRV;FINFIN_J1OTRT_04_M;EXPLOITATION;M_L_FIN12;M_L_FIN12;3l532
FIN-FINANCE;FINFIN_J1OTRT_04_M;FINFIN_J1OTRT_04_M;"January 30, 2026";;;;Wait for Event;FINANCE : Controles pre-cloture;;SMART Table;No;0;No;CTMSRV;FINFIN_J1OTRT_04_M;opfinbac;;;3l530
FIN-FINANCE;FINFIN_J20TRT_04_Q;FINFIN_J20TRT_04_Q;"January 30, 2026";"January 30, 2026 7:01:15 PM";"January 30, 2026 7:37:59 PM";;Ended OK;FINANCE : Prise en compte FA du jour;;SMART Table;No;1;No;CTMSRV;FINFIN_J20TRT_04_Q;opfinbac;ldkctmp50;;3l4gc
FIN-FINANCE;FINFIN_J20TRT_04_Q;FINFIN_J20TRT_04_WRK01_Q;"January 30, 2026";"January 30, 2026 7:01:15 PM";"January 30, 2026 7:37:58 PM";;Ended OK;Prise en compte FA du jour;;Job;No;1;No;CTMSRV;FINFIN_J20TRT_04_Q;EXPLOITATION;ldkfinp01;M_L_FIN12;3l4gd
FIN-FINANCE;FINFIN_J21TRT_04_Q;FINFIN_J21TRT_04_Q;"January 30, 2026";"January 30, 2026 7:01:15 PM";"January 30, 2026 7:03:57 PM";;Ended OK;FINANCE : Chargement catalogue;;SMART Table;No;1;No;CTMSRV;FINFIN_J21TRT_04_Q;opfinbac;ldkctmp50;;3l3tc
FIN-FINANCE;FINFIN_J21TRT_04_Q;FINFIN_J21TRT_04_WRK01_Q;"January 30, 2026";"January 30, 2026 7:01:15 PM";"January 30, 2026 7:03:56 PM";;Ended OK;FINANCE : Chargement catalogue;;Job;No;1;No;CTMSRV;FINFIN_J21TRT_04_Q;EXPLOITATION;ldkfinp11;M_L_FIN12;3l3td
FIN-FINANCE;FINFIN_J22TRT_04_Q;FINFIN_J22TRT_04_Q;"January 30, 2026";"January 30, 2026 1:30:12 PM";;;Executing;FINANCE : Duplication des sites fournisseurs;;SMART Table;No;1;No;CTMSRV;FINFIN_J22TRT_04_Q;opfinbac;;;3l3m2
FIN-FINANCE;FINFIN_J22TRT_04_Q;FINFIN_J22TRT_04_WRK02_Q;"January 30, 2026";"January 30, 2026 6:55:00 PM";"January 30, 2026 6:57:11 PM";1900;Wait for Event;FINANCE : Duplication des sites fournisseurs (midi);;Job;No;33;Yes;CTMSRV;FINFIN_J22TRT_04_Q;EXPLOITATION;ldkfinp01;M_L_FIN12;3l3m3
FIN-FINANCE;FINFIN_J23TRT_06_Q;FINFIN_J23TRT_06_CTL01_Q;"January 30, 2026";;;;Wait for Event;REFERENTIEL: Extraction SQL MOA - AP;;Job;No;0;No;CTMSRV;FINFIN_J23TRT_06_Q;EXPLOITATION;M_L_FIN12;M_L_FIN12;3l4hc
FIN-FINANCE;FINFIN_J23TRT_06_Q;FINFIN_J23TRT_06_CTL02_Q;"January 30, 2026";;;;Wait for Event;REFERENTIEL: Extraction SQL MOA - AR;;Job;No;0;No;CTMSRV;FINFIN_J23TRT_06_Q;EXPLOITATION;M_L_FIN12;M_L_FIN12;3l4hd
FIN-FINANCE;FINFIN_J23TRT_06_Q;FINFIN_J23TRT_06_CTL03_Q;"January 30, 2026";;;;Wait for Event;REFERENTIEL: Extraction SQL MOA - GL;;Job;No;0;No;CTMSRV;FINFIN_J23TRT_06_Q;EXPLOITATION;M_L_FIN12;M_L_FIN12;3l4he
FIN-FINANCE;FINFIN_J23TRT_06_Q;FINFIN_J23TRT_06_CTL04_Q;"January 30, 2026";;;;Wait for Event;REFERENTIEL: Extraction SQL MOA - CSP;;Job;No;0;No;CTMSRV;FINFIN_J23TRT_06_Q;EXPLOITATION;M_L_FIN12;M_L_FIN12;3l4hf
FIN-FINANCE;FINFIN_J23TRT_06_Q;FINFIN_J23TRT_06_Q;"January 30, 2026";"January 30, 2026 1:30:13 PM";;;Executing;REFERENTIEL : Extraction SQL MOA;;SMART Table;No;1;No;CTMSRV;FINFIN_J23TRT_06_Q;opfinbac;;;3l4hb
FIN-FINANCE;FINFIN_J33TRT_04_Q;FINFIN_J33TRT_04_Q;"January 30, 2026";"January 30, 2026 1:30:13 PM";"January 30, 2026 4:37:47 PM";;Ended OK;;;SMART Table;No;1;No;CTMSRV;FINFIN_J33TRT_04_Q;;ldkctmp50;;3l504
FIN-FINANCE;FINFIN_J33TRT_04_Q;FINFIN_J33TRT_04_WRK01_Q;"January 30, 2026";"January 30, 2026 4:00:00 PM";"January 30, 2026 4:01:12 PM";;Ended OK;"Collecter les statistiques de la table AP; AP_INVOICES_INTERFACE";;Job;No;1;No;CTMSRV;FINFIN_J33TRT_04_Q;EXPLOITATION;ldkfinp01;M_L_FIN12;3l505
FIN-FINANCE;FINFIN_J33TRT_04_Q;FINFIN_J33TRT_04_WRK02_Q;"January 30, 2026";"January 30, 2026 4:00:00 PM";"January 30, 2026 4:02:18 PM";;Ended OK;"Collecter les statistiques de la table AP; AP_INVOICES_ALL";;Job;No;1;No;CTMSRV;FINFIN_J33TRT_04_Q;EXPLOITATION;ldkfinp11;M_L_FIN12;3l506
FIN-FINANCE;FINFIN_J33TRT_04_Q;FINFIN_J33TRT_04_WRK03_Q;"January 30, 2026";"January 30, 2026 4:30:00 PM";"January 30, 2026 4:37:46 PM";;Ended OK;Collecter les statistiques du schéma  APPLSYS;;Job;No;1;No;CTMSRV;FINFIN_J33TRT_04_Q;EXPLOITATION;ldkfinp11;M_L_FIN12;3l507
FIN-FINANCE;FINFIN_J35TRT_04_H;FINFIN_J35TRT_04_H;"January 30, 2026";"January 30, 2026 1:30:13 PM";"January 30, 2026 1:30:16 PM";;Ended OK;;;SMART Table;No;1;No;CTMSRV;FINFIN_J35TRT_04_H;;ldkctmp50;;3l3x0
FIN-FINANCE;FINFIN_J36TRT_04_H;FINFIN_J36TRT_04_H;"January 30, 2026";"January 30, 2026 1:30:13 PM";"January 30, 2026 1:30:16 PM";;Ended OK;;;SMART Table;No;1;No;CTMSRV;FINFIN_J36TRT_04_H;;ldkctmp50;;3l4u6
FIN-FINANCE;FINHEC_J11GEN_06_Q;FINHEC_J11GEN_06_EXP01_Q;"January 30, 2026";"January 31, 2026 12:15:00 AM";"January 31, 2026 1:00:14 AM";;Ended OK;FINANCE : Interface des engages vers Hercule;;Job;No;1;No;CTMSRV;FINHEC_J11GEN_06_Q;EXPLOITATION;ldkfinp01;M_L_FIN12;3l3df
FIN-FINANCE;FINHEC_J11GEN_06_Q;FINHEC_J11GEN_06_MOV01_Q;"January 30, 2026";"January 31, 2026 1:00:15 AM";"January 31, 2026 1:00:21 AM";;Ended OK;FINANCE : Move du fichier Engages_ORACLE_*.zip vers le NAS;MOV_OUT_Generique_DKA.ksh;Job;No;1;No;CTMSRV;FINHEC_J11GEN_06_Q;opfinbac;ldkfinp11;M_L_FIN12;3l3dg
FIN-FINANCE;FINHEC_J11GEN_06_Q;FINHEC_J11GEN_06_Q;"January 30, 2026";"January 31, 2026 12:15:00 AM";"January 31, 2026 1:00:22 AM";;Ended OK;FINANCE : Interface des engages vers Hercule;;SMART Table;No;1;No;CTMSRV;FINHEC_J11GEN_06_Q;opfinbac;ldkctmp50;;3l3de
FIN-FINANCE;FINHEC_J13GEN_06_M;FINHEC_J13GEN_06_EXP04_M;"January 30, 2026";"January 30, 2026 7:10:31 PM";"January 30, 2026 7:23:42 PM";;Ended OK;FINANCE : Interface Export des encaissements clients vers Hercule (L1);;Job;No;1;No;CTMSRV;FINHEC_J13GEN_06_M;EXPLOITATION;ldkfinp11;M_L_FIN12;3l558
FIN-FINANCE;FINHEC_J13GEN_06_M;FINHEC_J13GEN_06_M;"January 30, 2026";"January 30, 2026 1:30:13 PM";"January 30, 2026 7:23:44 PM";;Ended OK;FINANCE EXPORT Encaissement Client D1 D8 L7 L1;;SMART Table;No;1;No;CTMSRV;FINHEC_J13GEN_06_M;opfinbac;ldkctmp50;;3l557
FIN-FINANCE;FINHEC_J13GEN_06_M;FINHEC_J13GEN_06_MOV04_M;"January 30, 2026";"January 30, 2026 7:23:42 PM";"January 30, 2026 7:23:43 PM";;Ended OK;FINANCE : Move du fichier ENCAISSEMENTS_CLIENTS_*.csv vers le NAS PFE (L1);MOV_OUT_Generique_DKA.ksh;Job;No;1;No;CTMSRV;FINHEC_J13GEN_06_M;opfinbac;ldkfinp01;M_L_FIN12;3l559
FIN-FINANCE;FINSIC_J11INT_05_Q;FINSIC_J11INT_05_IMP01_Q;"January 30, 2026";"January 30, 2026 5:00:00 PM";"January 30, 2026 5:07:41 PM";;Ended OK;Importation des clients;;Job;No;1;No;CTMSRV;FINSIC_J11INT_05_Q;EXPLOITATION;ldkfinp11;M_L_FIN12;3l4bg
FIN-FINANCE;FINSIC_J11INT_05_Q;FINSIC_J11INT_05_Q;"January 30, 2026";"January 30, 2026 5:00:00 PM";"January 30, 2026 5:07:41 PM";;Ended OK;FINANCE : Importation des clients;;SMART Table;No;1;No;CTMSRV;FINSIC_J11INT_05_Q;opfinbac;ldkctmp50;;3l4bf
FIN-FINANCE;FINXXX_J11GEN_06_Q;FINXXX_J11GEN_06_EXP01_Q;"January 30, 2026";"January 30, 2026 7:01:15 PM";"January 30, 2026 7:11:08 PM";;Ended OK;Export Fournisseur (Delta);;Job;No;1;No;CTMSRV;FINXXX_J11GEN_06_Q;EXPLOITATION;ldkfinp01;M_L_FIN12;3l33q
FIN-FINANCE;FINXXX_J11GEN_06_Q;FINXXX_J11GEN_06_MOV01_Q;"January 30, 2026";"January 30, 2026 7:11:09 PM";"January 30, 2026 7:11:11 PM";;Ended OK;FINANCE : Move le flux FOURNISSEURS_*DELTA* vers EAI;MOV_OUT_Generique_DKA.ksh;Job;No;1;No;CTMSRV;FINXXX_J11GEN_06_Q;opfinbac;ldkfinp01;M_L_FIN12;3l33r
FIN-FINANCE;FINXXX_J11GEN_06_Q;FINXXX_J11GEN_06_Q;"January 30, 2026";"January 30, 2026 7:01:15 PM";"January 30, 2026 7:11:11 PM";;Ended OK;FINANCE : Export Fournisseur (Delta);;SMART Table;No;1;No;CTMSRV;FINXXX_J11GEN_06_Q;opfinbac;ldkctmp50;;3l33p
FIN-FINANCE;FINXXX_J11INT_05_Q;FINXXX_J11INT_05_IMP01_Q;"January 30, 2026";"January 30, 2026 7:11:11 PM";"January 30, 2026 7:16:52 PM";;Ended Not OK;Import factures AP;;Job;No;1;No;CTMSRV;FINXXX_J11INT_05_Q;EXPLOITATION;ldkfinp01;M_L_FIN12;3l3qm
FIN-FINANCE;FINXXX_J11INT_05_Q;FINXXX_J11INT_05_Q;"January 30, 2026";"January 30, 2026 7:01:15 PM";"January 30, 2026 7:16:52 PM";;Ended Not OK;FINANCE : Import factures AP;;SMART Table;No;1;No;CTMSRV;FINXXX_J11INT_05_Q;opfinbac;ldkctmp50;;3l3ql
FIN-FINANCE;FINXXX_J12INT_05_Q;FINXXX_J12INT_05_IMP01_Q;"January 30, 2026";"January 30, 2026 8:00:00 PM";"January 30, 2026 8:02:10 PM";;Ended OK;Importation des donnees GL_INTERFACE;;Job;No;1;No;CTMSRV;FINXXX_J12INT_05_Q;EXPLOITATION;ldkfinp01;M_L_FIN12;3l4g7
FIN-FINANCE;FINXXX_J12INT_05_Q;FINXXX_J12INT_05_Q;"January 30, 2026";"January 30, 2026 7:01:15 PM";"January 30, 2026 8:02:11 PM";;Ended OK;FINANCE : Importation des données GL_INTERFACE;;SMART Table;No;1;No;CTMSRV;FINXXX_J12INT_05_Q;opfinbac;ldkctmp50;;3l4g6
FIN-FINANCE;FINXXX_J13INT_05_Q;FINXXX_J13INT_05_IMP01_Q;"January 30, 2026";"January 30, 2026 7:11:11 PM";"January 30, 2026 7:14:15 PM";;Ended OK;Import Factures Clients AR;;Job;No;1;No;CTMSRV;FINXXX_J13INT_05_Q;EXPLOITATION;ldkfinp11;M_L_FIN12;3l4l5
FIN-FINANCE;FINXXX_J13INT_05_Q;FINXXX_J13INT_05_Q;"January 30, 2026";"January 30, 2026 7:01:15 PM";"January 30, 2026 7:14:16 PM";;Ended OK;FINANCE : Import Factures Clients AR;;SMART Table;No;1;No;CTMSRV;FINXXX_J13INT_05_Q;opfinbac;ldkctmp50;;3l4l4
FIN-FINANCE;FINXXX_J14INT_05_Q;FINXXX_J14INT_05_MOV01_Q;"January 30, 2026";"January 30, 2026 10:39:30 PM";"January 30, 2026 10:39:39 PM";;Ended OK;FINANCE : MOV du fichier MAG_DAL*.zip.;MOV_IN_Generique_DKA.ksh;Job;No;1;No;CTMSRV;FINXXX_J14INT_05_Q;opfinbac;ldkfinp11;M_L_FIN12;3l4wa
FIN-FINANCE;FINXXX_J14INT_05_Q;FINXXX_J14INT_05_MOV02_Q;"January 30, 2026";"January 30, 2026 10:44:13 PM";"January 30, 2026 10:44:15 PM";;Ended OK;FINANCE : Move du fichier aladin_tif_*  de NAS;MOV_IN_Generique_DKA.ksh;Job;No;1;No;CTMSRV;FINXXX_J14INT_05_Q;opfinbac;ldkfinp11;M_L_FIN12;3l4w8
FIN-FINANCE;FINXXX_J14INT_05_Q;FINXXX_J14INT_05_MOV03_Q;"January 30, 2026";"January 30, 2026 10:44:10 PM";"January 30, 2026 10:44:12 PM";;Ended OK;FINANCE : Move du fichier PRN01_SRC_FACTURESFOURNISSEURS_*.zip  de NAS;MOV_IN_Generique_DKA.ksh;Job;No;1;No;CTMSRV;FINXXX_J14INT_05_Q;opfinbac;ldkfinp11;M_L_FIN12;3l4wc
FIN-FINANCE;FINXXX_J14INT_05_Q;FINXXX_J14INT_05_Q;"January 30, 2026";"January 30, 2026 7:01:15 PM";"January 30, 2026 10:46:54 PM";;Ended OK;FINANCE : Rattachement des images XEROX/ALADIN;;SMART Table;No;1;No;CTMSRV;FINXXX_J14INT_05_Q;opfinbac;ldkctmp50;;3l4w5
FIN-FINANCE;FINXXX_J14INT_05_Q;FINXXX_J14INT_05_WRK01_Q;"January 30, 2026";"January 30, 2026 10:40:22 PM";"January 30, 2026 10:44:09 PM";;Ended OK;Rattachement des images XEROX - Tradeshift;;Job;No;1;No;CTMSRV;FINXXX_J14INT_05_Q;EXPLOITATION;ldkfinp01;M_L_FIN12;3l4w6
FIN-FINANCE;FINXXX_J14INT_05_Q;FINXXX_J14INT_05_WRK02_Q;"January 30, 2026";"January 30, 2026 10:44:18 PM";"January 30, 2026 10:46:54 PM";;Ended OK;Rattachement des images ALADIN;;Job;No;1;No;CTMSRV;FINXXX_J14INT_05_Q;EXPLOITATION;ldkfinp01;M_L_FIN12;3l4w7
FIN-FINANCE;FINXXX_J14INT_05_Q;FINXXX_J14INT_05_ZIP01_Q;"January 30, 2026";"January 30, 2026 10:39:40 PM";"January 30, 2026 10:40:22 PM";;Ended OK;FINANCE : Decompression du fichiers MAG_DAL*.zip;FINXXX_J14INT_05_ZIP01_Q.ksh;Job;No;1;No;CTMSRV;FINXXX_J14INT_05_Q;opfinbac;ldkfinp11;M_L_FIN12;3l4wb
FIN-FINANCE;FINXXX_J14INT_05_Q;FINXXX_J14INT_05_ZIP02_Q;"January 30, 2026";"January 30, 2026 10:44:15 PM";"January 30, 2026 10:44:18 PM";;Ended OK;FINANCE : Decompression du fichiers aladin_tif_*.zip;FINXXX_J14INT_05_ZIP02V02_Q.new.ksh;Job;No;1;No;CTMSRV;FINXXX_J14INT_05_Q;opfinbac;ldkfinp11;M_L_FIN12;3l4w9
FIN-FINANCE;FINXXX_J14INT_05_Q;FINXXX_J14INT_05_ZIP03_Q;"January 30, 2026";"January 30, 2026 10:44:13 PM";"January 30, 2026 10:44:16 PM";;Ended OK;FINANCE : Decompression du fichiers PRN01_SRC_FACTURESFOURNISSEURS_*.zip;FINXXX_J14INT_05_ZIP03V2_Q.ksh;Job;No;1;No;CTMSRV;FINXXX_J14INT_05_Q;opfinbac;ldkfinp01;M_L_FIN12;3l4wd
GDC-GESTION CONSIGNE;GDCREF_J11INT_05_Q;GDCREF_J11INT_05_DEL01_Q;"January 30, 2026";;;;Wait for Event;Consignes : Menage A00YH.dat suite traitement ok;GDCREF_J11INT_05_DEL00_Q.ksh;Job;No;0;No;CTMSRV;GDCREF_J11INT_05_Q;dispatch;NOTEXIST;NOTEXIST;3l2xx
GDC-GESTION CONSIGNE;GDCREF_J11INT_05_Q;GDCREF_J11INT_05_DEL02_Q;"January 30, 2026";;;;Wait for Event;Consignes : Menage A00YG.dat suite traitement ok;GDCREF_J11INT_05_DEL00_Q.ksh;Job;No;0;No;CTMSRV;GDCREF_J11INT_05_Q;dispatch;NOTEXIST;NOTEXIST;3l2xy
GDC-GESTION CONSIGNE;GDCREF_J11INT_05_Q;GDCREF_J11INT_05_DEL03_Q;"January 30, 2026";;;;Wait for Event;Consignes : Menage A00YA.dat suite traitement ok;GDCREF_J11INT_05_DEL00_Q.ksh;Job;No;0;No;CTMSRV;GDCREF_J11INT_05_Q;dispatch;NOTEXIST;NOTEXIST;3l2xz
GDC-GESTION CONSIGNE;GDCREF_J11INT_05_Q;GDCREF_J11INT_05_DEL04_Q;"January 30, 2026";;;;Wait for Event;Consignes : Menage REFAYL.csv suite traitement ok;GDCREF_J11INT_05_DEL00_Q.ksh;Job;No;0;No;CTMSRV;GDCREF_J11INT_05_Q;dispatch;NOTEXIST;NOTEXIST;3l2y0
GDC-GESTION CONSIGNE;GDCREF_J11INT_05_Q;GDCREF_J11INT_05_IMP01_Q;"January 30, 2026";;;;Wait for Event;Consignes : Integration des fichiers en provenance du referentiel appartenances;GDCREF_J11INT_05_IMP01_Q.ksh;Job;No;0;No;CTMSRV;GDCREF_J11INT_05_Q;dispatch;NOTEXIST;NOTEXIST;3l2xw
GDR-GESTION DES REJETS;GDRFIN_J11GEN_06_Q;GDRFIN_J11GEN_06_EXP01_Q;"January 30, 2026";"January 30, 2026 5:30:00 PM";"January 30, 2026 5:30:06 PM";;Wait for Event;Export de l'ensemble des factures corrigees vers la PFE pour tous les types de factures à destination d'Oracle;lance_Traitement_Interne_GDR.bat;Job;No;1;Yes;CTMSRV;GDRFIN_J11GEN_06_Q;uSvcAppGDR;wdkgdrctlpa01;A_W_GDR01;3l3u2
GDR-GESTION DES REJETS;GDRFIN_J11GEN_06_Q;GDRFIN_J11GEN_06_Q;"January 30, 2026";"January 30, 2026 1:30:13 PM";;;Executing;Export des factures corrigées;;SMART Table;No;1;No;CTMSRV;GDRFIN_J11GEN_06_Q;uSvcGDR;;;3l3u1
GDR-GESTION DES REJETS;GDRFIN_J11INT_05_Q;GDRFIN_J11INT_05_IMP01_Q;"January 30, 2026";;;;Wait for Event;Integre les fichiers de type EcritureComptable GL depuis la PFE vers GDR;lance_Traitement_Interne_GDR.bat;Job;No;0;Yes;CTMSRV;GDRFIN_J11INT_05_Q;svce_cm;A_W_GDR01;A_W_GDR01;3l4iw
GDR-GESTION DES REJETS;GDRFIN_J11INT_05_Q;GDRFIN_J11INT_05_IMP02_Q;"January 30, 2026";"January 30, 2026 7:45:15 PM";"January 30, 2026 7:45:21 PM";2000;Wait for Event;Integre les fichiers de type EcritureComptable GL depuis la PFE vers GDR;lance_Traitement_Interne_GDR.bat;Job;No;26;Yes;CTMSRV;GDRFIN_J11INT_05_Q;svce_cm;wdkgdrctlpa01;A_W_GDR01;3l4ix
GDR-GESTION DES REJETS;GDRFIN_J11INT_05_Q;GDRFIN_J11INT_05_IMP03_Q;"January 30, 2026";;;;Wait for Event;Integre les fichiers de type Factures Client depuis la PFE vers GDR;lance_Traitement_Interne_GDR.bat;Job;No;0;Yes;CTMSRV;GDRFIN_J11INT_05_Q;svce_cm;A_W_GDR01;A_W_GDR01;3l4it
GDR-GESTION DES REJETS;GDRFIN_J11INT_05_Q;GDRFIN_J11INT_05_IMP04_Q;"January 30, 2026";"January 30, 2026 7:45:00 PM";"January 30, 2026 7:45:08 PM";2000;Wait for Event;Integre les fichiers de type Factures Client depuis la PFE vers GDR;lance_Traitement_Interne_GDR.bat;Job;No;26;Yes;CTMSRV;GDRFIN_J11INT_05_Q;svce_cm;wdkgdrctlpa01;A_W_GDR01;3l4iy
GDR-GESTION DES REJETS;GDRFIN_J11INT_05_Q;GDRFIN_J11INT_05_IMP05_Q;"January 30, 2026";;;;Wait for Event;Integre les fichiers de type Factures Fournisseur depuis la PFE vers GDR;lance_Traitement_Interne_GDR.bat;Job;No;0;Yes;CTMSRV;GDRFIN_J11INT_05_Q;svce_cm;A_W_GDR01;A_W_GDR01;3l4iu
GDR-GESTION DES REJETS;GDRFIN_J11INT_05_Q;GDRFIN_J11INT_05_IMP06_Q;"January 30, 2026";"January 30, 2026 7:45:09 PM";"January 30, 2026 7:45:15 PM";2000;Wait for Event;Integre les fichiers de type Factures Fournisseur depuis la PFE vers GDR;lance_Traitement_Interne_GDR.bat;Job;No;26;Yes;CTMSRV;GDRFIN_J11INT_05_Q;svce_cm;wdkgdrctlpa01;A_W_GDR01;3l4iz
GDR-GESTION DES REJETS;GDRFIN_J11INT_05_Q;GDRFIN_J11INT_05_IMP07_Q;"January 30, 2026";;;;Wait for Event;Integre les fichiers de type Factures Erreur Source depuis la PFE vers GDR;lance_Traitement_Interne_GDR.bat;Job;No;0;Yes;CTMSRV;GDRFIN_J11INT_05_Q;svce_cm;A_W_GDR01;A_W_GDR01;3l4iv
GDR-GESTION DES REJETS;GDRFIN_J11INT_05_Q;GDRFIN_J11INT_05_IMP08_Q;"January 30, 2026";"January 30, 2026 7:45:22 PM";"January 30, 2026 7:45:27 PM";2000;Wait for Event;Integre les fichiers de type Factures Erreur Source depuis la PFE vers GDR;lance_Traitement_Interne_GDR.bat;Job;No;26;Yes;CTMSRV;GDRFIN_J11INT_05_Q;svce_cm;wdkgdrctlpa01;A_W_GDR01;3l4j0
GDR-GESTION DES REJETS;GDRFIN_J11INT_05_Q;GDRFIN_J11INT_05_Q;"January 30, 2026";"January 30, 2026 1:30:13 PM";;;Executing;Intégration des fichiers de type facture;;SMART Table;No;1;No;CTMSRV;GDRFIN_J11INT_05_Q;svce_cm;;;3l4is
GDR-GESTION DES REJETS;GDRFIN_J11TEC_04_Q;GDRFIN_J11TEC_04_HIS01_Q;"January 30, 2026";"January 30, 2026 9:36:25 PM";"January 30, 2026 9:36:30 PM";;Ended Not OK;FINANCE : Requete  ST factures;lance_Traitement_Interne_GDR.bat;Job;No;1;No;CTMSRV;GDRFIN_J11TEC_04_Q;svce_cm;wdkgdrctlpa01;A_W_GDR01;3l3nf
GDR-GESTION DES REJETS;GDRFIN_J11TEC_04_Q;GDRFIN_J11TEC_04_Q;"January 30, 2026";"January 30, 2026 1:30:13 PM";"January 30, 2026 9:36:31 PM";2200;Ended Not OK;FINANCE : Chargement factures Xerox;;SMART Table;No;1;No;CTMSRV;GDRFIN_J11TEC_04_Q;svce_cm;ldkctmp50;;3l3ne
GDR-GESTION DES REJETS;GDRFIN_J12GEN_06_Q;GDRFIN_J12GEN_06_EXP01_Q;"January 30, 2026";"January 31, 2026 7:00:00 AM";"January 31, 2026 7:00:00 AM";;Ended OK;Extraction des exports de syntheses effectuee la veille par les utilisateurs GDR;lance_Traitement_Interne_GDR.bat;Dummy;No;1;No;CTMSRV;GDRFIN_J12GEN_06_Q;uSvcAppGDR;;A_W_GDR01;3l49k
GDR-GESTION DES REJETS;GDRFIN_J12GEN_06_Q;GDRFIN_J12GEN_06_Q;"January 30, 2026";"January 30, 2026 1:30:13 PM";"January 31, 2026 7:00:01 AM";;Ended OK;Extraction des exports de synthese;;SMART Table;No;1;No;CTMSRV;GDRFIN_J12GEN_06_Q;uSvcGDR;ldkctmp50;;3l49j
GDR-GESTION DES REJETS;GDRFIN_J15TEC_04_Q;GDRFIN_J15INT_05_HIS02_Q;"January 30, 2026";"January 30, 2026 6:46:40 PM";"January 30, 2026 6:46:42 PM";;Ended Not OK;FINANCE : Requete  ST fournisseurs midi;lance_Traitement_Interne_GDR.bat;Job;No;1;No;CTMSRV;GDRFIN_J15TEC_04_Q;svce_cm;wdkgdrctlpa01;A_W_GDR01;3l40d
GDR-GESTION DES REJETS;GDRFIN_J15TEC_04_Q;GDRFIN_J15TEC_04_HIS01_Q;"January 30, 2026";"January 30, 2026 5:05:24 PM";"January 30, 2026 5:05:26 PM";;Ended Not OK;FINANCE : Requete  ST fournisseurs soir;lance_Traitement_Interne_GDR.bat;Job;No;1;No;CTMSRV;GDRFIN_J15TEC_04_Q;svce_cm;wdkgdrctlpa01;A_W_GDR01;3l40c
GDR-GESTION DES REJETS;GDRFIN_J15TEC_04_Q;GDRFIN_J15TEC_04_Q;"January 30, 2026";"January 30, 2026 1:30:13 PM";"January 30, 2026 6:46:43 PM";;Ended Not OK;FINANCE : Interface d'import des fournisseurs dans Oracle;;SMART Table;No;1;No;CTMSRV;GDRFIN_J15TEC_04_Q;svce_cm;ldkctmp50;;3l40b
GDR-GESTION DES REJETS;GDRFIN_J18TEC_04_Q;GDRFIN_J18INT_05_HIS02_Q;"January 30, 2026";"January 30, 2026 6:46:40 PM";"January 30, 2026 6:46:42 PM";;Ended Not OK;FINANCE : Requete  ST reception midi;lance_Traitement_Interne_GDR.bat;Job;No;1;No;CTMSRV;GDRFIN_J18TEC_04_Q;svce_cm;wdkgdrctlpa01;A_W_GDR01;3l2pq
GDR-GESTION DES REJETS;GDRFIN_J18TEC_04_Q;GDRFIN_J18TEC_04_HIS01_Q;"January 30, 2026";"January 30, 2026 7:55:26 PM";"January 30, 2026 7:55:31 PM";;Ended Not OK;FINANCE : Requete  ST reception soir;lance_Traitement_Interne_GDR.bat;Job;No;1;No;CTMSRV;GDRFIN_J18TEC_04_Q;svce_cm;wdkgdrctlpa01;A_W_GDR01;3l2pp
GDR-GESTION DES REJETS;GDRFIN_J18TEC_04_Q;GDRFIN_J18TEC_04_Q;"January 30, 2026";"January 30, 2026 1:30:14 PM";"January 30, 2026 7:55:32 PM";;Ended Not OK;FINANCE : Interface d'import des réceptions;;SMART Table;No;1;No;CTMSRV;GDRFIN_J18TEC_04_Q;svce_cm;ldkctmp50;;3l2po
GDR-GESTION DES REJETS;GDRFIN_J19TEC_04_Q;GDRFIN_J19TEC_04_HIS01_Q;"January 30, 2026";"January 30, 2026 9:38:46 PM";"January 30, 2026 9:38:47 PM";;Ended Not OK;FINANCE : Requete  ST deblocage facture;lance_Traitement_Interne_GDR.bat;Job;No;1;No;CTMSRV;GDRFIN_J19TEC_04_Q;svce_cm;wdkgdrctlpa01;A_W_GDR01;3l4zk
GDR-GESTION DES REJETS;GDRFIN_J19TEC_04_Q;GDRFIN_J19TEC_04_Q;"January 30, 2026";"January 30, 2026 1:30:13 PM";"January 30, 2026 9:38:48 PM";;Ended Not OK;FINANCE : Import des codes de déblocage facture depuis iValua;;SMART Table;No;1;No;CTMSRV;GDRFIN_J19TEC_04_Q;svce_cm;ldkctmp50;;3l4zj
GDR-GESTION DES REJETS;GDRGDR_J11TRT_04_Q;GDRGDR_J11TRT_04_Q;"January 30, 2026";"January 30, 2026 1:30:13 PM";"January 30, 2026 2:30:09 PM";;Ended OK;Listing des factures restantes à corriger;;SMART Table;No;1;No;CTMSRV;GDRGDR_J11TRT_04_Q;uSvcGDR;ldkctmp50;;3l4e7
GDR-GESTION DES REJETS;GDRGDR_J11TRT_04_Q;GDRGDR_J11TRT_04_WRK02_Q;"January 30, 2026";"January 30, 2026 2:30:00 PM";"January 30, 2026 2:30:09 PM";;Ended OK;Liste dans un fichier csv les factures restantes à corriger pour chaque région (apres midi);lance_Traitement_Interne_GDR.bat;Job;No;1;No;CTMSRV;GDRGDR_J11TRT_04_Q;uSvcAppGDR;wdkgdrctlpa01;A_W_GDR01;3l4e8
HEC-HERCULE CHIFFRAG;HECCID_J11INT_05_Q;HECCID_J11INT_05_CPY01_Q;"January 30, 2026";"January 31, 2026 5:00:30 AM";"January 31, 2026 5:00:31 AM";;Ended OK;Copie fichierliens Code D-clients de PFE vers repertoire donnees entrantes HERCULE CHIFFRAGE;Copy_EAI_HEC.bat;Job;No;1;No;CTMSRV;HECCID_J11INT_05_Q;svce_cm;wdkhecp11;A_W_HEC11;3l3qf
HEC-HERCULE CHIFFRAG;HECCID_J11INT_05_Q;HECCID_J11INT_05_FWT01_Q;"January 30, 2026";"January 31, 2026 3:00:11 AM";"January 31, 2026 3:00:13 AM";;Ended OK;HERCULE Scrutation du fichier LienPartenaireProjet_yyyyMMdd.csv sur PFE;FileWatcher.bat;Job;No;1;No;CTMSRV;HECCID_J11INT_05_Q;svce_cm;wdkhecp11;A_W_HEC11;3l3qe
HEC-HERCULE CHIFFRAG;HECCID_J11INT_05_Q;HECCID_J11INT_05_IMP01_Q;"January 30, 2026";"January 31, 2026 5:00:40 AM";"January 31, 2026 5:12:38 AM";;Ended OK;Integration donnees du fichier lien code D client dans l'application HERCULE CHIFFRAGE;lance_Traitement_Interne.bat;Job;No;1;No;CTMSRV;HECCID_J11INT_05_Q;uSvcHEC-p;wdkhecp11;A_W_HEC11;3l3qg
HEC-HERCULE CHIFFRAG;HECCID_J12INT_05_Q;HECCID_J12INT_05_CPY01_Q;"January 30, 2026";"January 31, 2026 3:00:06 AM";"January 31, 2026 3:00:08 AM";;Wait for Event;Copie fichier zip  PELFACTURE de PFE vers repertoire donnees entrantes PELFACTURE;Copy_EAI_HEC.bat;Job;No;1;Yes;CTMSRV;HECCID_J12INT_05_Q;svce_cm;wdkhecp11;A_W_HEC11;3l4i8
HEC-HERCULE CHIFFRAG;HECCID_J12INT_05_Q;HECCID_J12INT_05_FWT01_Q;"January 30, 2026";"January 31, 2026 7:30:32 AM";;;Executing;HERCULE Scrutation du fichier zip  DONNEECID sur PFE;FileWatcher.bat;Job;No;6;Yes;CTMSRV;HECCID_J12INT_05_Q;svce_cm;wdkhecp11;A_W_HEC11;3l4i7
HEC-HERCULE CHIFFRAG;HECCID_J12INT_05_Q;HECCID_J12INT_05_IMP01_Q;"January 30, 2026";"January 31, 2026 3:00:11 AM";"January 31, 2026 3:00:56 AM";;Wait for Event;Integration donnees du fichier PELFACTURE dans l'application PELFACTURE;lance_Traitement_Interne.bat;Job;No;1;Yes;CTMSRV;HECCID_J12INT_05_Q;uSvcHEC-p;wdkhecp11;A_W_HEC11;3l4i9
HEC-HERCULE CHIFFRAG;HECCIT_J11INT_05_Q;HECCIT_J11INT_05_CPY01_Q;"January 30, 2026";"January 31, 2026 3:00:14 AM";"January 31, 2026 3:00:16 AM";;Ended OK;Copie fichierliens factures travaux de PFE vers repertoire donnees entrantes HERCULE CHIFFRAGE;Copy_EAI_HEC.bat;Job;No;1;No;CTMSRV;HECCIT_J11INT_05_Q;svce_cm;wdkhecp11;A_W_HEC11;3l33f
HEC-HERCULE CHIFFRAG;HECCIT_J11INT_05_Q;HECCIT_J11INT_05_FWT01_Q;"January 30, 2026";"January 31, 2026 3:00:11 AM";"January 31, 2026 3:00:13 AM";;Ended OK;HERCULE Scrutation du fichier CITY_FACTURE_yyyymmdd.xml sur PFE;FileWatcher.bat;Job;No;1;No;CTMSRV;HECCIT_J11INT_05_Q;svce_cm;wdkhecp11;A_W_HEC11;3l33e
HEC-HERCULE CHIFFRAG;HECCIT_J11INT_05_Q;HECCIT_J11INT_05_IMP01_Q;"January 30, 2026";"January 31, 2026 3:00:17 AM";"January 31, 2026 3:00:58 AM";;Ended OK;Integration donnees du fichier CITY_FACTURE dans l'application HERCULE CHIFFRAGE;lance_Traitement_Interne.bat;Job;No;1;No;CTMSRV;HECCIT_J11INT_05_Q;uSvcHEC-p;wdkhecp11;A_W_HEC11;3l33g
HEC-HERCULE CHIFFRAG;HECDTR_J11GEN_05_Q;HECDTR_J11GEN_05_EXP01_Q;"January 30, 2026";"January 30, 2026 7:00:00 PM";"January 30, 2026 7:00:10 PM";;Ended OK;HEC : Generation applicative;lance_Traitement_Interne.bat;Job;No;1;No;CTMSRV;HECDTR_J11GEN_05_Q;uSvcHEC-p;wdkhecp11;A_W_HEC11;3l2no
HEC-HERCULE CHIFFRAG;HECDTR_J11GEN_05_Q;HECDTR_J11GEN_05_MOV01_Q;"January 30, 2026";"January 30, 2026 7:00:11 PM";"January 30, 2026 7:00:13 PM";;Ended OK;HERCULE : Transfert du fichier HER01_*.csv vers PFE;MOV_Generique_DKA.bat;Job;No;1;No;CTMSRV;HECDTR_J11GEN_05_Q;svce_cm;wdkhecp11;A_W_HEC11;3l2np
HEC-HERCULE CHIFFRAG;HECDTR_J11GEN_05_Q;HECDTR_J11GEN_05_Q;"January 30, 2026";"January 30, 2026 1:30:14 PM";"January 30, 2026 7:00:14 PM";;Ended OK;HERCULE : Export des Donnees DTR;;SMART Table;No;1;No;CTMSRV;HECDTR_J11GEN_05_Q;;ldkctmp50;;3l2nn
HEC-HERCULE CHIFFRAG;HECEXT_J11INT_05_Q;HECEXT_J11INT_05_CPY01_Q;"January 30, 2026";;;;Wait for Event;Copie fichier recouvrement de PFE vers repertoire donnees entrantes HERCULE CHIFFRAGE;Copy_EAI_HEC.bat;Job;No;0;No;CTMSRV;HECEXT_J11INT_05_Q;svce_cm;A_W_HEC11;A_W_HEC11;3l2pd
HEC-HERCULE CHIFFRAG;HECEXT_J11INT_05_Q;HECEXT_J11INT_05_FWT01_Q;"January 30, 2026";"January 31, 2026 3:00:11 AM";"January 31, 2026 4:00:21 AM";;Ended Not OK;HERCULE Scrutation du fichier dalkia_syrushercule_yyyyMMdd.csv sur PFE;FileWatcher.bat;Job;No;1;No;CTMSRV;HECEXT_J11INT_05_Q;svce_cm;wdkhecp11;A_W_HEC11;3l2pc
HEC-HERCULE CHIFFRAG;HECEXT_J11INT_05_Q;HECEXT_J11INT_05_IMP01_Q;"January 30, 2026";;;;Wait for Event;Integration donnees du fichier Recouvrement dans l'application HERCULE CHIFFRAGE;lance_Traitement_Interne.bat;Job;No;0;No;CTMSRV;HECEXT_J11INT_05_Q;uSvcHEC-p;A_W_HEC11;A_W_HEC11;3l2pe
HEC-HERCULE CHIFFRAG;HECFIN_J11FLX_07_Q ;HECFIN_J11FLX_07_MOV01_Q;"January 30, 2026";"January 31, 2026 1:32:59 AM";"January 31, 2026 1:33:04 AM";;Ended OK;PFE : Job de déplacement de l'archive vers HEC;MOV_Generique_DKA.bat;Job;No;1;No;CTMSRV;HECFIN_J11FLX_07_Q ;svce_cm;wdkhecp11;A_W_HEC11;3l4mp
HEC-HERCULE CHIFFRAG;HECFIN_J12INT_05_Q;HECFIN_J12INT_05_MOV01_Q;"January 30, 2026";"January 30, 2026 7:27:53 PM";"January 30, 2026 7:27:58 PM";;Ended OK;HERCULE : Transfert du fichier ENCAISSEMENTS_CLIENTS_*.csv vers HEC;MOVOUT_Generique_DKA.bat;Job;No;1;No;CTMSRV;HECFIN_J12INT_05_Q;svce_cm;wdkhecp11;A_W_HEC11;3l4kb
HEC-HERCULE CHIFFRAG;HECFIN_J12INT_05_Q;HECFIN_J12INT_05_Q;"January 30, 2026";"January 30, 2026 1:30:13 PM";"January 30, 2026 7:28:45 PM";;Ended OK;;;SMART Table;No;1;No;CTMSRV;HECFIN_J12INT_05_Q;;ldkctmp50;;3l4ka
HEC-HERCULE CHIFFRAG;HECFIN_J12INT_05_Q;HECFIN_J12INT_05_WRK01_Q;"January 30, 2026";"January 30, 2026 7:27:59 PM";"January 30, 2026 7:28:44 PM";;Ended OK;HEC : Integration applicative du fichier ENCAISSEMENTS_CLIENTS_*.csv;lance_Traitement_Interne.bat;Job;No;1;No;CTMSRV;HECFIN_J12INT_05_Q;uSvcHEC-p;wdkhecp11;A_W_HEC11;3l4kc
HEC-HERCULE CHIFFRAG;HECHEC_E11STP_01_Q;HECHEC_E11STP_01_ARR01_Q;"January 30, 2026";"January 31, 2026 3:00:00 AM";"January 31, 2026 3:00:10 AM";;Ended OK;Redemarrage Hercule: STOP IIS (WDKHECP11);Start_Stop_Hercules.bat;Job;No;1;No;CTMSRV;HECHEC_E11STP_01_Q;svce_cm;wdkhecp11;A_W_HEC11;3l2pj
HEC-HERCULE CHIFFRAG;HECHEC_E11STR_02_Q;HECHEC_E11STR_02_DEM01_Q;"January 30, 2026";"January 31, 2026 5:00:32 AM";"January 31, 2026 5:00:38 AM";;Ended OK;Redemarrage Hercule: START IIS (WDKHECP11);Start_Stop_Hercules.bat;Job;No;1;No;CTMSRV;HECHEC_E11STR_02_Q;svce_cm;wdkhecp11;A_W_HEC11;3l2n7
HEC-HERCULE CHIFFRAG;HECHEC_J11TEC_04_Q;HECHEC_J11TEC_04_DEB01_Q;"January 30, 2026";"January 31, 2026 3:00:11 AM";"January 31, 2026 3:00:11 AM";;Ended OK;Jalon de demarrage 03h00 de la production HERCULE CHIFFRAGE;Jalon de demarrage 03h00 HERCULE;Dummy;No;1;No;CTMSRV;HECHEC_J11TEC_04_Q;svce_cm;;;3l2qq
HEC-HERCULE CHIFFRAG;HECHEC_J11TRT_04_Q;HECHEC_J11TRT_04_LIM01_Q;"January 30, 2026";"January 31, 2026 2:00:00 AM";"January 31, 2026 2:00:00 AM";;Ended OK;Limite Horaire 0200;;Dummy;No;1;No;CTMSRV;HECHEC_J11TRT_04_Q;uSvcHEC-p;;A_W_HEC11;3l3tw
HEC-HERCULE CHIFFRAG;HECHEC_J11TRT_04_Q;HECHEC_J11TRT_04_WRK01_Q;"January 30, 2026";"January 30, 2026 11:31:07 PM";"January 30, 2026 11:32:26 PM";;Ended OK;Daily Hercule;HECHEC_J11TRT_04_WRK01_Q.bat;Job;No;1;No;CTMSRV;HECHEC_J11TRT_04_Q;uSvcHEC-p;wdkhecp11;A_W_HEC11;3l3tv
HEC-HERCULE CHIFFRAG;HECHEC_J12TEC_04_Q;HECHEC_J12TEC_04_FJA01_Q;"January 30, 2026";"January 31, 2026 5:00:30 AM";"January 31, 2026 5:00:30 AM";;Ended OK;HERCULE Fin des interfaces ENTRANTES;HERCULE Fin des interfaces ENTRANTES;Dummy;No;1;No;CTMSRV;HECHEC_J12TEC_04_Q;svce_cm;;;3l44m
HEC-HERCULE CHIFFRAG;HECHEC_J12TRT_04_Q;HECHEC_J12TRT_04_WRK01_Q;"January 30, 2026";"January 31, 2026 1:33:07 AM";"January 31, 2026 1:40:38 AM";;Ended OK;HEC : Integration applicative;lance_Traitement_Interne.bat;Job;No;1;No;CTMSRV;HECHEC_J12TRT_04_Q;uSvcHEC-p;wdkhecp11;A_W_HEC11;3l2t2
HEC-HERCULE CHIFFRAG;HECHEC_J12TRT_04_Q;HECHEC_J12TRT_04_ZIP01_Q;"January 30, 2026";"January 31, 2026 1:33:04 AM";"January 31, 2026 1:33:06 AM";;Ended OK;HEC : unzip archive;DZIP_GEN_HEC.bat;Job;No;1;No;CTMSRV;HECHEC_J12TRT_04_Q;svce_cm;wdkhecp11;A_W_HEC11;3l2t1
HEC-HERCULE CHIFFRAG;HECOAF_J11INT_05_Q;HECOAF_J11INT_05_CPY01_Q;"January 30, 2026";;;;Wait for Event;Copie fichier Societe de PFE vers repertoire donnees entrantes HERCULE CHIFFRAGE;Copy_EAI_HEC.bat;Job;No;0;No;CTMSRV;HECOAF_J11INT_05_Q;svce_cm;A_W_HEC11;A_W_HEC11;3l4pg
HEC-HERCULE CHIFFRAG;HECOAF_J11INT_05_Q;HECOAF_J11INT_05_FWT01_Q;"January 30, 2026";"January 31, 2026 3:00:11 AM";"January 31, 2026 4:00:20 AM";;Ended Not OK;HERCULE Scrutation du fichier DONNEES_GEN.txt sur PFE;FileWatcher.bat;Job;No;1;No;CTMSRV;HECOAF_J11INT_05_Q;svce_cm;wdkhecp11;A_W_HEC11;3l4pf
HEC-HERCULE CHIFFRAG;HECOAF_J11INT_05_Q;HECOAF_J11INT_05_IMP01_Q;"January 30, 2026";;;;Wait for Event;Integration donnees du fichier Societe dans l'application HERCULE CHIFFRAGE;lance_Traitement_Interne.bat;Job;No;0;No;CTMSRV;HECOAF_J11INT_05_Q;uSvcHEC-p;A_W_HEC11;A_W_HEC11;3l4ph
HEC-HERCULE CHIFFRAG;HECOAF_J12INT_05_Q;HECOAF_J12INT_05_CPY01_Q;"January 30, 2026";;;;Wait for Event;Copie fichier donnees sociales de PFE vers repertoire donnees entrantes HERCULE CHIFFRAGE;Copy_EAI_HEC.bat;Job;No;0;No;CTMSRV;HECOAF_J12INT_05_Q;svce_cm;A_W_HEC11;A_W_HEC11;3l2um
HEC-HERCULE CHIFFRAG;HECOAF_J12INT_05_Q;HECOAF_J12INT_05_FWT01_Q;"January 30, 2026";"January 31, 2026 4:00:20 AM";"January 31, 2026 5:00:29 AM";;Ended Not OK;HERCULE Scrutation du fichier DONNEES_SOCIALES.txt sur PFE;FileWatcher.bat;Job;No;1;No;CTMSRV;HECOAF_J12INT_05_Q;svce_cm;wdkhecp11;A_W_HEC11;3l2ul
HEC-HERCULE CHIFFRAG;HECOAF_J12INT_05_Q;HECOAF_J12INT_05_IMP01_Q;"January 30, 2026";;;;Wait for Event;Integration donnees du fichier donnees sociales dans l'application HERCULE CHIFFRAGE;lance_Traitement_Interne.bat;Job;No;0;No;CTMSRV;HECOAF_J12INT_05_Q;uSvcHEC-p;A_W_HEC11;A_W_HEC11;3l2un
KDR-KADOR;KDREXT_J11INT_05_Q;KDREXT_J11INT_05_IMP01_Q;"January 30, 2026";;;;Wait for Event;"KDR : Enrichit Societes; Etablissements et Adresses du MDM360";BATCH_Generique_DKA.ksh;Job;No;0;No;CTMSRV;KDREXT_J11INT_05_Q;dalkia-adm;A_L_MDM21;A_L_MDM21;3l4kt
KDR-KADOR;KDREXT_J11INT_05_Q;KDREXT_J11INT_05_MOV01_Q;"January 30, 2026";;;;Wait for Event;KDR : Deplacement du fichier SIRENE_Entreprise_*.csv vers KDR;MOV_IN_Generique_DKA.ksh;Job;No;0;No;CTMSRV;KDREXT_J11INT_05_Q;root;A_L_MDM21;A_L_MDM21;3l4ku
KDR-KADOR;KDREXT_J11INT_05_Q;KDREXT_J11INT_05_MOV02_Q;"January 30, 2026";;;;Wait for Event;KDR : Deplacement du fichier SIRENE_Etablissement_*.csv vers KDR;MOV_IN_Generique_DKA.ksh;Job;No;0;No;CTMSRV;KDREXT_J11INT_05_Q;root;A_L_MDM21;A_L_MDM21;3l4kv
KDR-KADOR;KDREXT_J11INT_05_Q;KDREXT_J11INT_05_Q;"January 30, 2026";"January 30, 2026 6:46:43 PM";;;Executing;"KADOR : Enrichit Societes; Etablissements et Adresses du MDM360";;SMART Table;No;1;No;CTMSRV;KDREXT_J11INT_05_Q;dalkia-adm;ldkctmp50;;3l4ks
KDR-KADOR;KDREXT_J12INT_05_Q;KDREXT_J12INT_05_IMP01_Q;"January 30, 2026";"January 31, 2026 1:03:07 AM";"January 31, 2026 1:05:20 AM";;Ended OK;KDR : Process Ressource Insert;BATCH_Generique_DKA.ksh;Job;No;1;No;CTMSRV;KDREXT_J12INT_05_Q;dalkia-adm;ldkmdmp21;A_L_MDM21;3l43f
KDR-KADOR;KDREXT_J12INT_05_Q;KDREXT_J12INT_05_MOV01_Q;"January 30, 2026";"January 31, 2026 1:03:05 AM";"January 31, 2026 1:03:06 AM";;Ended OK;KDR : Deplacement du fichier *.zip vers KDR;MOV_IN_Generique_DKA.ksh;Job;No;1;No;CTMSRV;KDREXT_J12INT_05_Q;root;ldkmdmp21;A_L_MDM21;3l43g
KDR-KADOR;KDREXT_J12INT_05_Q;KDREXT_J12INT_05_Q;"January 30, 2026";"January 31, 2026 1:03:05 AM";"January 31, 2026 1:05:21 AM";;Ended OK;KADOR : Process Ressource Insert;;SMART Table;No;1;No;CTMSRV;KDREXT_J12INT_05_Q;dalkia-adm;ldkctmp50;;3l43e
KDR-KADOR;KDREXT_J13INT_05_Q;KDREXT_J13INT_05_IMP01_Q;"January 30, 2026";"January 31, 2026 12:23:02 AM";"January 31, 2026 12:23:08 AM";;Ended OK;KDR - JDV : Import du fichier de JEUXDEVALEURS;executeBatchImportGXPLOV.sh;Job;No;1;No;CTMSRV;KDREXT_J13INT_05_Q;dalkia-adm;ldkmdmp21;A_L_MDM21;3l47h
KDR-KADOR;KDREXT_J13INT_05_Q;KDREXT_J13INT_05_MOV01_Q;"January 30, 2026";"January 31, 2026 12:23:01 AM";"January 31, 2026 12:23:02 AM";;Ended OK;KDR - JDV : Deplacement du fichier *.ZIP vers KDR;MOV_IN_DKA.ksh;Job;No;1;No;CTMSRV;KDREXT_J13INT_05_Q;dalkia-adm;ldkmdmp21;A_L_MDM21;3l47g
KDR-KADOR;KDRKDR_J11TRT_04_Q;KDRKDR_J11TRT_04_MOV01_Q;"January 30, 2026";"January 30, 2026 11:32:17 PM";"January 30, 2026 11:32:18 PM";;Ended OK;Transfert du zip des donnees FULL FINANCE vers NAS PFE (TEMP);MOV_OUT_Generique_DKA.ksh;Job;No;1;No;CTMSRV;KDRKDR_J11TRT_04_Q;root;ldkmdmp21;A_L_MDM21;3l32o
KDR-KADOR;KDRKDR_J11TRT_04_Q;KDRKDR_J11TRT_04_MOV02_Q;"January 30, 2026";"January 30, 2026 11:32:19 PM";"January 30, 2026 11:32:19 PM";;Ended OK;Transfert du zip des donnees FULL FINANCE vers NAS PFE;;Command;No;1;No;CTMSRV;KDRKDR_J11TRT_04_Q;root;ldkmdmp21;A_L_MDM21;3l32p
KDR-KADOR;KDRKDR_J11TRT_04_Q;KDRKDR_J11TRT_04_Q;"January 30, 2026";"January 30, 2026 11:30:00 PM";"January 30, 2026 11:32:20 PM";;Ended OK;KDR : Bascule Statut Objet;;SMART Table;No;1;No;CTMSRV;KDRKDR_J11TRT_04_Q;infadm;ldkctmp50;;3l32l
KDR-KADOR;KDRKDR_J11TRT_04_Q;KDRKDR_J11TRT_04_WRK01_Q;"January 30, 2026";"January 30, 2026 11:30:00 PM";"January 30, 2026 11:31:06 PM";;Ended OK;Bascule Statut Objet;BATCH_Generique_DKA.ksh;Job;No;1;No;CTMSRV;KDRKDR_J11TRT_04_Q;dalkia-adm;ldkmdmp21;A_L_MDM21;3l32m
KDR-KADOR;KDRKDR_J11TRT_04_Q;KDRKDR_J11TRT_04_WRK02_Q;"January 30, 2026";"January 30, 2026 11:31:07 PM";"January 30, 2026 11:32:16 PM";;Ended OK;Export full finance;BATCH_Generique_DKA.ksh;Job;No;1;No;CTMSRV;KDRKDR_J11TRT_04_Q;dalkia-adm;ldkmdmp21;A_L_MDM21;3l32n
KDR-KADOR;KDRKDR_J16TRT_04_Q;KDRKDR_J16TRT_04_EXP01_Q;"January 30, 2026";"January 31, 2026 12:30:00 AM";"January 31, 2026 12:30:26 AM";;Ended OK;Export full RH;BATCH_Generique_DKA.ksh;Job;No;1;No;CTMSRV;KDRKDR_J16TRT_04_Q;dalkia-adm;ldkmdmp21;A_L_MDM21;3l3cm
KDR-KADOR;KDRKDR_J16TRT_04_Q;KDRKDR_J16TRT_04_MOV01_Q;"January 30, 2026";"January 31, 2026 12:30:27 AM";"January 31, 2026 12:30:28 AM";;Ended OK;Move des fichiers FULL RH vers le NAS;MOV_OUT_Generique_DKA.ksh;Job;No;1;No;CTMSRV;KDRKDR_J16TRT_04_Q;root;ldkmdmp21;A_L_MDM21;3l3cn
KDR-KADOR;KDRKDR_J16TRT_04_Q;KDRKDR_J16TRT_04_Q;"January 30, 2026";"January 30, 2026 11:30:00 PM";"January 31, 2026 12:30:28 AM";;Ended OK;KDR : Bascule Statut Objet;;SMART Table;No;1;No;CTMSRV;KDRKDR_J16TRT_04_Q;infadm;ldkctmp50;;3l3cj
KDR-KADOR;KDRKDR_J16TRT_04_Q;KDRKDR_J16TRT_04_WRK01_Q;"January 30, 2026";"January 30, 2026 11:30:00 PM";"January 30, 2026 11:31:23 PM";;Ended OK;Chaine CALCUL_RESSOURCE_ORGA;BATCH_Generique_DKA.ksh;Job;No;1;No;CTMSRV;KDRKDR_J16TRT_04_Q;dalkia-adm;ldkmdmp21;A_L_MDM21;3l3ck
KDR-KADOR;KDRKDR_J16TRT_04_Q;KDRKDR_J16TRT_04_WRK02_Q;"January 30, 2026";"January 31, 2026 12:30:00 AM";"January 31, 2026 12:30:20 AM";;Ended OK;Chaine DIFFUSION_RESSOURCE_ORGA;BATCH_Generique_DKA.ksh;Job;No;1;No;CTMSRV;KDRKDR_J16TRT_04_Q;dalkia-adm;ldkmdmp21;A_L_MDM21;3l3cl
KDR-KADOR;KDRXXX_J11GEN_06_Q;KDRXXX_J11GEN_06_EXP01_Q;"January 30, 2026";"January 31, 2026 12:00:00 AM";"January 31, 2026 12:00:10 AM";;Ended OK;KDR : Export XML en deltas quotidiens par objets a destination du DTR Affaire;BATCH_Generique_DKA.ksh;Job;No;1;No;CTMSRV;KDRXXX_J11GEN_06_Q;dalkia-adm;ldkmdmp21;A_L_MDM21;3l3ku
KDR-KADOR;KDRXXX_J11GEN_06_Q;KDRXXX_J11GEN_06_MOV01_Q;"January 30, 2026";"January 31, 2026 12:00:11 AM";"January 31, 2026 12:00:11 AM";;Ended OK;KDR : Move des fichiers REF02_*_AFFAIRE-Q_001_*.xml vers le NAS;MOV_OUT_Generique_DKA.ksh;Job;No;1;No;CTMSRV;KDRXXX_J11GEN_06_Q;root;ldkmdmp21;A_L_MDM21;3l3kv
KDR-KADOR;KDRXXX_J11GEN_06_Q;KDRXXX_J11GEN_06_Q;"January 30, 2026";"January 31, 2026 12:00:00 AM";"January 31, 2026 12:00:12 AM";;Ended OK;KDR : Exports a destination de PFE;;SMART Table;No;1;No;CTMSRV;KDRXXX_J11GEN_06_Q;dalkia-adm;ldkctmp50;;3l3kt
KDR-KADOR;KDRXXX_J11TEC_04_Q;KDRXXX_J11TEC_04_Q;"January 30, 2026";"January 31, 2026 12:00:00 AM";"January 31, 2026 12:00:03 AM";;Ended OK;KDR : Ajout date derniere extraction dans Libmemsym;;SMART Table;No;1;No;CTMSRV;KDRXXX_J11TEC_04_Q;infadm;ldkctmp50;;3l340
KDR-KADOR;KDRXXX_J11TEC_04_Q;KDRXXX_J11TEC_04_WRK01_Q;"January 30, 2026";"January 31, 2026 12:00:00 AM";"January 31, 2026 12:00:01 AM";;Ended OK;KDR : Ajout date derniere extraction dans Libmemsym;;Command;No;1;No;CTMSRV;KDRXXX_J11TEC_04_Q;controlm;ldkctmp50;SRV_PRIMAIRE;3l341
KDR-KADOR;KDRXXX_J11TEC_04_Q;KDRXXX_J11TEC_04_WRK02_Q;"January 30, 2026";"January 31, 2026 12:00:02 AM";"January 31, 2026 12:00:02 AM";;Ended OK;KDR : Ajout date derniere extraction dans Libmemsym;SED_libmemsym_DALKIA_KDR_libmemsym_DALKIA.ksh;Job;No;1;No;CTMSRV;KDRXXX_J11TEC_04_Q;controlm;ldkctmp50;SRV_PRIMAIRE;3l342
KDR-KADOR;KDRXXX_J18GEN_06_Q;KDRXXX_J18GEN_06_EXP01_Q;"January 30, 2026";"January 31, 2026 12:00:00 AM";"January 31, 2026 12:00:08 AM";;Ended OK;KDR : Export au format XML des Centres Finance modifies dans le Referentiel;BATCH_Generique_DKA.ksh;Job;No;1;No;CTMSRV;KDRXXX_J18GEN_06_Q;dalkia-adm;ldkmdmp21;A_L_MDM21;3l565
KDR-KADOR;KDRXXX_J18GEN_06_Q;KDRXXX_J18GEN_06_MOV01_Q;"January 30, 2026";"January 31, 2026 12:00:09 AM";"January 31, 2026 12:00:09 AM";;Ended OK;KDR : Move des fichiers REF02_*_CENTRE-FINANCE-Q_001_*_*.xml vers le NAS;MOV_OUT_Generique_DKA.ksh;Job;No;1;No;CTMSRV;KDRXXX_J18GEN_06_Q;root;ldkmdmp21;A_L_MDM21;3l566
KDR-KADOR;KDRXXX_J18GEN_06_Q;KDRXXX_J18GEN_06_Q;"January 30, 2026";"January 31, 2026 12:00:00 AM";"January 31, 2026 12:00:10 AM";;Ended OK;;;SMART Table;No;1;No;CTMSRV;KDRXXX_J18GEN_06_Q;;ldkctmp50;;3l564
KDR-KADOR;KDRXXX_J19GEN_06_Q;KDRXXX_J19GEN_06_EXP01_Q;"January 30, 2026";"January 31, 2026 12:00:00 AM";"January 31, 2026 12:01:16 AM";;Ended OK;KDR : Export au format XML les Projets Finance modifies dans le Referentiel depuis une date passee en parametre;BATCH_Generique_DKA.ksh;Job;No;1;No;CTMSRV;KDRXXX_J19GEN_06_Q;dalkia-adm;ldkmdmp21;A_L_MDM21;3l4i1
KDR-KADOR;KDRXXX_J19GEN_06_Q;KDRXXX_J19GEN_06_MOV01_Q;"January 30, 2026";"January 31, 2026 12:01:17 AM";"January 31, 2026 12:01:18 AM";;Ended OK;KDR : Move des fichiers REF02_*_PROJET-FINANCE-Q_001_*_*.xml vers le NAS;MOV_OUT_Generique_DKA.ksh;Job;No;1;No;CTMSRV;KDRXXX_J19GEN_06_Q;root;ldkmdmp21;A_L_MDM21;3l4i2
KDR-KADOR;KDRXXX_J19GEN_06_Q;KDRXXX_J19GEN_06_Q;"January 30, 2026";"January 31, 2026 12:00:00 AM";"January 31, 2026 12:01:19 AM";;Ended OK;;;SMART Table;No;1;No;CTMSRV;KDRXXX_J19GEN_06_Q;;ldkctmp50;;3l4i0
KDR-KADOR;KDRXXX_J20GEN_06_Q;KDRXXX_J20GEN_06_EXP01_Q;"January 30, 2026";"January 31, 2026 12:00:00 AM";"January 31, 2026 12:03:42 AM";;Ended OK;KDR : Export au format XML les Taches Finance modifiees dans le Referentiel depuis une date passee en parametre;BATCH_Generique_DKA.ksh;Job;No;1;No;CTMSRV;KDRXXX_J20GEN_06_Q;dalkia-adm;ldkmdmp21;A_L_MDM21;3l3y4
KDR-KADOR;KDRXXX_J20GEN_06_Q;KDRXXX_J20GEN_06_MOV01_Q;"January 30, 2026";"January 31, 2026 12:03:42 AM";"January 31, 2026 12:03:43 AM";;Ended OK;KDR : Move des fichiers REF02_*_TACHE-FINANCE-Q_001_*_*.xml vers le NAS;MOV_OUT_Generique_DKA.ksh;Job;No;1;No;CTMSRV;KDRXXX_J20GEN_06_Q;root;ldkmdmp21;A_L_MDM21;3l3y5
KDR-KADOR;KDRXXX_J20GEN_06_Q;KDRXXX_J20GEN_06_Q;"January 30, 2026";"January 31, 2026 12:00:00 AM";"January 31, 2026 12:03:44 AM";;Ended OK;;;SMART Table;No;1;No;CTMSRV;KDRXXX_J20GEN_06_Q;;ldkctmp50;;3l3y3
KDR-KADOR;KDRXXX_J22GEN_06_Q;KDRXXX_J22GEN_06_EXP01_Q;"January 30, 2026";"January 31, 2026 12:00:00 AM";"January 31, 2026 12:00:08 AM";;Ended OK;KDR : Export au format XML les Organisations modifiees dans le Referentiel depuis une date passee en parametre;BATCH_Generique_DKA.ksh;Job;No;1;No;CTMSRV;KDRXXX_J22GEN_06_Q;dalkia-adm;ldkmdmp21;A_L_MDM21;3l3re
KDR-KADOR;KDRXXX_J22GEN_06_Q;KDRXXX_J22GEN_06_MOV01_Q;"January 30, 2026";"January 31, 2026 12:00:08 AM";"January 31, 2026 12:00:09 AM";;Ended OK;KDR : Move des fichiers REF02_*_ORGANISATION-Q_001_*_*.xml vers le NAS;MOV_OUT_Generique_DKA.ksh;Job;No;1;No;CTMSRV;KDRXXX_J22GEN_06_Q;root;ldkmdmp21;A_L_MDM21;3l3rf
KDR-KADOR;KDRXXX_J22GEN_06_Q;KDRXXX_J22GEN_06_Q;"January 30, 2026";"January 31, 2026 12:00:00 AM";"January 31, 2026 12:00:09 AM";;Ended OK;;;SMART Table;No;1;No;CTMSRV;KDRXXX_J22GEN_06_Q;;ldkctmp50;;3l3rd
KDR-KADOR;KDRXXX_J23GEN_06_Q;KDRXXX_J23GEN_06_EXP01_Q;"January 30, 2026";"January 31, 2026 12:00:00 AM";"January 31, 2026 12:00:30 AM";;Ended OK;KDR : Export au format XML les Ressources modifiees dans le Referentiel depuis une date passee en parametre;BATCH_Generique_DKA.ksh;Job;No;1;No;CTMSRV;KDRXXX_J23GEN_06_Q;dalkia-adm;ldkmdmp21;A_L_MDM21;3l48d
KDR-KADOR;KDRXXX_J23GEN_06_Q;KDRXXX_J23GEN_06_MOV01_Q;"January 30, 2026";"January 31, 2026 12:00:31 AM";"January 31, 2026 12:00:31 AM";;Ended OK;KDR :  Move des fichiers REF02_*_RESSOURCE-RESTREINT-Q_001_*_*.xml vers le NAS;MOV_OUT_Generique_DKA.ksh;Job;No;1;No;CTMSRV;KDRXXX_J23GEN_06_Q;root;ldkmdmp21;A_L_MDM21;3l48c
KDR-KADOR;KDRXXX_J23GEN_06_Q;KDRXXX_J23GEN_06_MOV02_Q;"January 30, 2026";"January 31, 2026 12:00:32 AM";"January 31, 2026 12:00:32 AM";;Ended OK;KDR :  Move des fichiers REF02_*_RESSOURCE-Q_001_*_*.xml vers le NAS;MOV_OUT_Generique_DKA.ksh;Job;No;1;No;CTMSRV;KDRXXX_J23GEN_06_Q;root;ldkmdmp21;A_L_MDM21;3l48e
KDR-KADOR;KDRXXX_J23GEN_06_Q;KDRXXX_J23GEN_06_Q;"January 30, 2026";"January 31, 2026 12:00:00 AM";"January 31, 2026 12:00:33 AM";;Ended OK;;;SMART Table;No;1;No;CTMSRV;KDRXXX_J23GEN_06_Q;;ldkctmp50;;3l48b
KDR-KADOR;KDRXXX_J24GEN_06_Q;KDRXXX_J24GEN_06_EXP01_Q;"January 30, 2026";"January 31, 2026 12:00:00 AM";"January 31, 2026 12:00:06 AM";;Ended OK;KDR : Export au format XML les Jeux de Valeurs modifies dans le Referentiel depuis une date passee en parametre;BATCH_Generique_DKA.ksh;Job;No;1;No;CTMSRV;KDRXXX_J24GEN_06_Q;dalkia-adm;ldkmdmp21;A_L_MDM21;3l51m
KDR-KADOR;KDRXXX_J24GEN_06_Q;KDRXXX_J24GEN_06_MOV01_Q;"January 30, 2026";"January 31, 2026 12:00:06 AM";"January 31, 2026 12:00:07 AM";;Ended OK;KDR :  Move des fichiers REF02_*_JDV-Q_001_*_*.xml vers le NAS;MOV_OUT_Generique_DKA.ksh;Job;No;1;No;CTMSRV;KDRXXX_J24GEN_06_Q;root;ldkmdmp21;A_L_MDM21;3l51n
KDR-KADOR;KDRXXX_J24GEN_06_Q;KDRXXX_J24GEN_06_Q;"January 30, 2026";"January 31, 2026 12:00:00 AM";"January 31, 2026 12:00:08 AM";;Ended OK;;;SMART Table;No;1;No;CTMSRV;KDRXXX_J24GEN_06_Q;;ldkctmp50;;3l51l
KDR-KADOR;KDRXXX_J25GEN_06_Q;KDRXXX_J25GEN_06_EXP01_Q;"January 30, 2026";"January 31, 2026 12:00:00 AM";"January 31, 2026 12:00:32 AM";;Ended OK;KDR : Export CSV en FULL quotidien des transcodifications a destination du DTR Referentiel et de la plateforme d echanges;BATCH_Generique_DKA.ksh;Job;No;1;No;CTMSRV;KDRXXX_J25GEN_06_Q;dalkia-adm;ldkmdmp21;A_L_MDM21;3l4ex
KDR-KADOR;KDRXXX_J25GEN_06_Q;KDRXXX_J25GEN_06_MOV01_Q;"January 30, 2026";"January 31, 2026 12:00:33 AM";"January 31, 2026 12:00:33 AM";;Ended OK;KDR : Move des fichiers REF02_*_TRANSCO-TF-ORG*.csv vers le NAS;MOV_OUT_Generique_DKA.ksh;Job;No;1;No;CTMSRV;KDRXXX_J25GEN_06_Q;root;ldkmdmp21;A_L_MDM21;3l4f0
KDR-KADOR;KDRXXX_J25GEN_06_Q;KDRXXX_J25GEN_06_MOV02_Q;"January 30, 2026";"January 31, 2026 12:01:36 AM";"January 31, 2026 12:01:36 AM";;Ended OK;KDR : Move des fichiers REF02_*_TRANSCO-*.csv vers le NAS;MOV_OUT_Generique_DKA.ksh;Job;No;1;No;CTMSRV;KDRXXX_J25GEN_06_Q;root;ldkmdmp21;A_L_MDM21;3l4ey
KDR-KADOR;KDRXXX_J25GEN_06_Q;KDRXXX_J25GEN_06_Q;"January 30, 2026";"January 31, 2026 12:00:00 AM";"January 31, 2026 12:01:37 AM";;Ended OK;;;SMART Table;No;1;No;CTMSRV;KDRXXX_J25GEN_06_Q;;ldkctmp50;;3l4ew
KDR-KADOR;KDRXXX_J25GEN_06_Q;KDRXXX_J25GEN_06_WAI01_Q;"January 30, 2026";"January 31, 2026 12:00:34 AM";"January 31, 2026 12:01:35 AM";;Ended OK;KDR : WAIT PFE;MOV_OUT_Generique_DKA.ksh;Command;No;1;No;CTMSRV;KDRXXX_J25GEN_06_Q;root;ldkmdmp21;A_L_MDM21;3l4ez
KDR-KADOR;KDRXXX_J26GEN_06_Q;KDRXXX_J26GEN_06_PUR01_Q;"January 30, 2026";"January 31, 2026 12:03:44 AM";"January 31, 2026 12:03:45 AM";;Ended OK;KDR : Purge des exports de plus de 30 jours;PURGE_EXPORT_TRAITE.ksh;Job;No;1;No;CTMSRV;KDRXXX_J26GEN_06_Q;dalkia-adm;ldkmdmp21;A_L_MDM21;3l3t6
KDR-KADOR;KDRXXX_J26GEN_06_Q;KDRXXX_J26GEN_06_PUR02_Q;"January 30, 2026";"January 31, 2026 12:30:00 AM";;;Ended OK;"KDR : le premier du mois; génère une archive zippée; supprime tous les fichiers datant de plus de 1 semaine";manageArchives.sh;Job;No;1;No;CTMSRV;KDRXXX_J26GEN_06_Q;dalkia-adm;ldkmdmp21;A_L_MDM21;3l3t7
KDR-KADOR;KDRXXX_J26GEN_06_Q;KDRXXX_J26GEN_06_Q;"January 30, 2026";"January 30, 2026 1:30:13 PM";"January 31, 2026 12:30:00 AM";;Ended OK;;;SMART Table;No;1;No;CTMSRV;KDRXXX_J26GEN_06_Q;;ldkctmp50;;3l3t5
KDR-KADOR;SEEREF_J11INT_05_Q;SEEREF_J11INT_05_IMP01_Q;"January 30, 2026";"January 30, 2026 8:34:43 PM";"January 30, 2026 8:34:50 PM";;Ended OK;Importation des partenaires;importPartenaire.sh;Job;No;1;No;CTMSRV;SEEREF_J11INT_05_Q;dalkia-adm;ldkmdmp21;A_L_MDM21;3l2ux
KDR-KADOR;SEEREF_J11INT_05_Q;SEEREF_J11INT_05_MOV01_Q;"January 30, 2026";"January 30, 2026 8:34:41 PM";"January 30, 2026 8:34:42 PM";;Ended OK;Move du ou des fichiers SEE01_*_PARTENAIRE-* de /data/flf/shares/files/REF02/INBOUND/SEE01.C_DELTA_PARTENAIRE vers input DTR /app/echanges/kador/import/kds/partenaire/input/;MOV_IN_DKA.ksh;Job;No;1;No;CTMSRV;SEEREF_J11INT_05_Q;dalkia-adm;ldkmdmp21;A_L_MDM21;3l2uw
KDR-KADOR;SEEREF_J12INT_05_Q;SEEREF_J12INT_05_IMP01_Q;"January 30, 2026";"January 30, 2026 8:34:43 PM";"January 30, 2026 8:34:44 PM";;Ended OK;Importation des societes;importSociete.sh;Job;No;1;No;CTMSRV;SEEREF_J12INT_05_Q;dalkia-adm;ldkmdmp21;A_L_MDM21;3l40j
KDR-KADOR;SEEREF_J12INT_05_Q;SEEREF_J12INT_05_MOV01_Q;"January 30, 2026";"January 30, 2026 8:34:41 PM";"January 30, 2026 8:34:42 PM";;Ended OK;Move du fichier *.zip de /data/flf/shares/files/REF02/INBOUND/SEE01.C_DELTA_SOCIETE vers input DTR /app/echanges/kador/import/kds/societe/input/;MOV_IN_DKA.ksh;Job;No;1;No;CTMSRV;SEEREF_J12INT_05_Q;dalkia-adm;ldkmdmp21;A_L_MDM21;3l40i
MBB-MOBILITE BANCAIRE;MBBEXT_J11FLX_07_Q;MBBEXT_J11FLX_07_FTP01_Q;"January 30, 2026";;;;Wait for Event;FLUX : EDF01.SG.MOBILITEBANCAIRE PFE vers MBB;MOV_Generique_DKA.bat;Job;No;0;No;CTMSRV;MBBEXT_J11FLX_07_Q;svce_cm;A_W_MBB01;A_W_MBB01;3l351
MBB-MOBILITE BANCAIRE;MBBEXT_J11FLX_07_Q;MBBEXT_J11FLX_07_Q;"January 30, 2026";;;;Wait for Event;FLUX : EDF01.SG.MOBILITEBANCAIRE PFE vers MBB;;SMART Table;No;0;No;CTMSRV;MBBEXT_J11FLX_07_Q;svce_cm;;;3l350
MBB-MOBILITE BANCAIRE;MBBMBB_J01INT_05_Q;MBBMBB_J01INT_05_Q;"January 30, 2026";;;;Wait for Event;INT : Integration applicative Mobilité Bancaire;;SMART Table;No;0;No;CTMSRV;MBBMBB_J01INT_05_Q;svce_cm;;;3l3wu
MBB-MOBILITE BANCAIRE;MBBMBB_J01INT_05_Q;MBBMBB_J01INT_05_WRK01_Q;"January 30, 2026";;;;Wait for Event;WRK : Integration applicative Mobilité Bancaire;Dalkia.MoveBank.BatchListener.exe;Job;No;0;No;CTMSRV;MBBMBB_J01INT_05_Q;svce_cm;A_W_MBB01;A_W_MBB01;3l3wv
MOS-MOS PI;MOSMOS_E21TEC_PI_Q;MOSMOS_E21TEC_PI_PUR01_Q;"January 30, 2026";"January 30, 2026 2:00:00 PM";"January 30, 2026 2:10:10 PM";;Ended OK;Purge des logs;PURGE_FICHIER.exe;Job;No;1;No;CTMSRV;MOSMOS_E21TEC_PI_Q;crtuser;wdkmosinp01;wdkmosinp01;3l3kk
MOS-MOS PI;MOSMOS_E21TEC_PI_Q;MOSMOS_E21TEC_PI_Q;"January 30, 2026";"January 30, 2026 1:30:13 PM";"January 30, 2026 2:10:10 PM";;Ended OK;Chaine de purge  des logs sur le serveur WDKMOSINP01;;SMART Table;No;1;No;CTMSRV;MOSMOS_E21TEC_PI_Q;;ldkctmp50;;3l3kj
NRJ-ENERGY;NRJBDM_J13GEN_06_Q;NRJBDM_J13GEN_06_CVN01_Q;"January 30, 2026";"January 30, 2026 7:29:14 PM";"January 30, 2026 7:29:14 PM";;Ended OK;NRJ Script de conversion de fichier LFLUB;killcr.sh;Dummy;No;1;No;CTMSRV;NRJBDM_J13GEN_06_Q;root;;A_L_ENE12;3l57f
NRJ-ENERGY;NRJBDM_J13GEN_06_Q;NRJBDM_J13GEN_06_CVN02_Q;"January 30, 2026";"January 30, 2026 7:29:14 PM";"January 30, 2026 7:29:14 PM";;Ended OK;NRJ Script de conversion de fichier LR0YM;killcr.sh;Dummy;No;1;No;CTMSRV;NRJBDM_J13GEN_06_Q;root;;A_L_ENE12;3l57g
NRJ-ENERGY;NRJBDM_J13GEN_06_Q;NRJBDM_J13GEN_06_FTP03_Q;"January 30, 2026";"January 30, 2026 7:29:14 PM";"January 30, 2026 7:29:14 PM";;Ended OK;NRJ copie fichier LFLUB vers PFE;FTP_GENERIQUE.ksh;Dummy;No;1;No;CTMSRV;NRJBDM_J13GEN_06_Q;root;;A_L_PFE11;3l57h
NRJ-ENERGY;NRJBDM_J13GEN_06_Q;NRJBDM_J13GEN_06_FTP04_Q;"January 30, 2026";"January 30, 2026 7:29:14 PM";"January 30, 2026 7:29:14 PM";;Ended OK;NRJ copie fichier LR0YM vers PFE;FTP_GENERIQUE.ksh;Dummy;No;1;No;CTMSRV;NRJBDM_J13GEN_06_Q;root;;A_L_PFE11;3l57i
NRJ-ENERGY;NRJBDM_J13GEN_06_Q;NRJBDM_J13GEN_06_FTP05_Q;"January 30, 2026";"January 30, 2026 7:29:14 PM";"January 30, 2026 7:29:16 PM";;Ended OK;NRJ copie fichier L00YM_NF vers PFE;FTP_GENERIQUE.ksh;Job;No;1;No;CTMSRV;NRJBDM_J13GEN_06_Q;root;ldkpfep11;A_L_PFE11;3l57j
NRJ-ENERGY;NRJBDM_J13GEN_06_Q;NRJBDM_J13GEN_06_FTP06_Q;"January 30, 2026";"January 30, 2026 7:29:14 PM";"January 30, 2026 7:29:16 PM";;Ended OK;NRJ copie fichier L00YL_NF vers PFE;FTP_GENERIQUE.ksh;Job;No;1;No;CTMSRV;NRJBDM_J13GEN_06_Q;root;ldkpfep11;A_L_PFE11;3l57k
NRJ-ENERGY;NRJBDM_J13GEN_06_Q;NRJBDM_J13GEN_06_WRK01_Q;"January 30, 2026";"January 30, 2026 7:28:08 PM";"January 30, 2026 7:29:13 PM";;Ended OK;NRJ Interf sortante retroalim. donnees bd meteo;NRJBDM_J13GEN_06_WRK01_Q.ksh;Job;No;1;No;CTMSRV;NRJBDM_J13GEN_06_Q;dbanrj;ldkenep12;A_L_ENE12;3l57e
NRJ-ENERGY;NRJBDM_J14GEN_06_Q;NRJBDM_J14GEN_06_WRK01_Q;"January 30, 2026";"January 30, 2026 7:00:45 PM";"January 30, 2026 7:28:08 PM";;Ended OK;SPEGYMET2 : BD meteo - traitement de nuit;U112068010.sh;Job;No;1;No;CTMSRV;NRJBDM_J14GEN_06_Q;root;ldkenep12;A_L_ENE12;3l4g1
NRJ-ENERGY;NRJCEL_J12INT_05_Q;NRJCEL_J12INT_05_FLG01_Q;"January 30, 2026";"January 30, 2026 9:04:20 PM";"January 30, 2026 9:04:20 PM";;Ended OK;Fin trait : interface entrante Quantite livree;;Dummy;No;1;No;CTMSRV;NRJCEL_J12INT_05_Q;ctmagv7;;A_L_ENE12;3l2u6
NRJ-ENERGY;NRJCEL_J12INT_05_Q;NRJCEL_J12INT_05_FTP01_Q;"January 30, 2026";"January 30, 2026 9:03:00 PM";"January 30, 2026 9:03:01 PM";2300;Ended OK;NRJ Transfert du fichier DFR01_QUANTITESLIVREES_*.txt depuis PFE;FTP_MULTI_GENERIQUE.ksh;Job;No;1;No;CTMSRV;NRJCEL_J12INT_05_Q;root;ldkpfep11;A_L_PFE11;3l2u7
NRJ-ENERGY;NRJCEL_J12INT_05_Q;NRJCEL_J12INT_05_LIM01_Q;"January 30, 2026";"January 30, 2026 11:05:00 PM";"January 30, 2026 11:05:00 PM";;Ended OK;NRJ : Limite horaire;;Dummy;No;1;No;CTMSRV;NRJCEL_J12INT_05_Q;root;;A_L_ENE12;3l2u8
NRJ-ENERGY;NRJCEL_J12INT_05_Q;NRJCEL_J12INT_05_WRK01_Q;"January 30, 2026";"January 30, 2026 9:03:02 PM";"January 30, 2026 9:04:19 PM";2300;Ended OK;Interf entrante quantite livree;NRJCEL_J12INT_05_WRK01_Q.ksh;Job;No;1;No;CTMSRV;NRJCEL_J12INT_05_Q;dbanrj;ldkenep12;A_L_ENE12;3l2u5
NRJ-ENERGY;NRJCID_J12GEN_06_Q;NRJCID_J12GEN_06_WRK01_Q;"January 30, 2026";"January 30, 2026 7:00:41 PM";"January 30, 2026 7:00:44 PM";;Ended OK;SPEGYMET1 : BD meteo - traitement de nuit;U112062010.sh;Job;No;1;No;CTMSRV;NRJCID_J12GEN_06_Q;root;ldkenep12;A_L_ENE12;3l411
NRJ-ENERGY;NRJCRT_J11INT_05_Q;NRJCRT_J11INT_05_FTP01_Q;"January 30, 2026";"January 31, 2026 7:30:00 AM";"January 31, 2026 7:30:01 AM";;Wait for Event;NRJ : Envoi FTP des fichiers index*gaz*.csv depuis PFE;FTP_MULTI_GENERIQUE.ksh;Job;No;3;Yes;CTMSRV;NRJCRT_J11INT_05_Q;root;ldkpfep11;A_L_PFE11;3l47r
NRJ-ENERGY;NRJCRT_J11INT_05_Q;NRJCRT_J11INT_05_IMP01_Q;"January 30, 2026";"January 31, 2026 7:30:02 AM";"January 31, 2026 7:34:19 AM";;Wait for Event;NRJ : Interface sortante indexes des compteurs gaz et hors gaz pour CRT;IICRTEGY01.sh;Job;No;3;Yes;CTMSRV;NRJCRT_J11INT_05_Q;dbanrj;ldkenep12;A_L_ENE12;3l47s
NRJ-ENERGY;NRJCRT_J11INT_05_Q;NRJCRT_J11INT_05_Q;"January 30, 2026";"January 30, 2026 1:30:13 PM";;;Executing;;;SMART Table;No;1;No;CTMSRV;NRJCRT_J11INT_05_Q;;;;3l47q
NRJ-ENERGY;NRJDTR_J11GEN_06_Q;NRJDTR_J11GEN_06_EXP01_Q;"January 30, 2026";"January 30, 2026 10:15:24 PM";"January 30, 2026 10:18:32 PM";;Ended OK;Extraction data Energy vers DWHBI EAI;U112441010.sh;Job;No;1;No;CTMSRV;NRJDTR_J11GEN_06_Q;root;ldkenep12;A_L_ENE12;3l4oy
NRJ-ENERGY;NRJDTR_J11GEN_06_Q;NRJDTR_J11GEN_06_EXP02_Q;"January 30, 2026";"January 30, 2026 10:18:33 PM";"January 30, 2026 10:19:35 PM";;Ended OK;lancement IEEGYDTR01_ExportBDD;U112441020.sh;Job;No;1;No;CTMSRV;NRJDTR_J11GEN_06_Q;root;ldkenep12;A_L_ENE12;3l4oz
NRJ-ENERGY;NRJDTR_J11GEN_06_Q;NRJDTR_J11GEN_06_EXP03_Q;"January 30, 2026";"January 30, 2026 10:19:35 PM";"January 30, 2026 10:19:37 PM";;Ended OK;Transfert ftp;U503IXX900.sh;Job;No;1;No;CTMSRV;NRJDTR_J11GEN_06_Q;dbanrj;ldkenep12;A_L_ENE12;3l4p0
NRJ-ENERGY;NRJEXT_J13INT_05_Q;NRJEXT_J13INT_05_IMP01_Q;"January 30, 2026";"January 31, 2026 5:30:00 AM";"January 31, 2026 5:31:02 AM";;Ended OK;Interface : intégrations des données météo issues de Météo France;NRJEXT_J13INT_05_IMP01_Q.ksh;Job;No;1;No;CTMSRV;NRJEXT_J13INT_05_Q;dbanrj;ldkenep12;A_L_ENE12;3l31c
NRJ-ENERGY;NRJEXT_J13INT_05_Q;NRJEXT_J13INT_05_IMP02_Q;"January 30, 2026";;;;Wait for Event;Interface : intégrations des données météo issues de Météo France;NRJEXT_J13INT_05_IMP02_Q.ksh;Job;No;0;No;CTMSRV;NRJEXT_J13INT_05_Q;dbanrj;A_L_ENE12;A_L_ENE12;3l31d
NRJ-ENERGY;NRJEXT_J13INT_05_Q;NRJEXT_J13INT_05_IMP03_Q;"January 30, 2026";"January 30, 2026 2:30:00 PM";"January 30, 2026 2:31:17 PM";;Ended OK;Interface : intégrations des données météo issues de Météo France;NRJEXT_J13INT_05_IMP03_Q.ksh;Job;No;1;No;CTMSRV;NRJEXT_J13INT_05_Q;dbanrj;ldkenep12;A_L_ENE12;3l31e
NRJ-ENERGY;NRJEXT_J13INT_05_Q;NRJEXT_J13INT_05_IMP04_Q;"January 30, 2026";"January 30, 2026 6:30:00 PM";"January 30, 2026 6:31:06 PM";;Ended OK;Interface : intégrations des données météo issues de Météo France;NRJEXT_J13INT_05_IMP04_Q.ksh;Job;No;1;No;CTMSRV;NRJEXT_J13INT_05_Q;dbanrj;ldkenep12;A_L_ENE12;3l31f
NRJ-ENERGY;NRJEXT_J13INT_05_Q;NRJEXT_J13INT_05_Q;"January 30, 2026";"January 30, 2026 1:30:12 PM";;;Executing;;;SMART Table;No;1;No;CTMSRV;NRJEXT_J13INT_05_Q;;;;3l31b
NRJ-ENERGY;NRJEXT_J14INT_05_Q;NRJEXT_J14INT_05_IMP01_Q;"January 30, 2026";"January 31, 2026 1:30:00 AM";"January 31, 2026 1:30:42 AM";;Ended OK;Import TPV2_Jxxxxxxxxx_YYYYMMDD_*.csv;IIGDDEGY01.sh;Job;No;1;No;CTMSRV;NRJEXT_J14INT_05_Q;dbanrj;ldkenep12;A_L_ENE12;3l54b
NRJ-ENERGY;NRJEXT_J14INT_05_Q;NRJEXT_J14INT_05_MOV01_Q;"January 30, 2026";"January 31, 2026 12:45:00 AM";"January 31, 2026 12:45:01 AM";0100;Ended Not OK;NRJ : Envoi FTP TPV2_Jxxxxxxxxx_YYYYMMDD_Customer.csv depuis NAS EDF vers Energy;FTP_MULTI_GENERIQUE.ksh;Job;No;4;Yes;CTMSRV;NRJEXT_J14INT_05_Q;root;ldkpfep11;A_L_PFE11;3l54c
NRJ-ENERGY;NRJEXT_J14INT_05_Q;NRJEXT_J14INT_05_Q;"January 30, 2026";"January 30, 2026 1:30:14 PM";"January 31, 2026 1:30:43 AM";;Ended Not OK;;;SMART Table;No;1;No;CTMSRV;NRJEXT_J14INT_05_Q;;ldkctmp50;;3l54a
NRJ-ENERGY;NRJLAK_J11GEN_06_Q;NRJLAK_J11GEN_06_EXP01_Q;"January 30, 2026";"January 30, 2026 6:00:00 PM";"January 30, 2026 6:01:56 PM";;Wait for Event;NRJ : Interface sortante des données ENERGY pour DataLAKE;IEEGYLAK01.sh;Job;No;1;Yes;CTMSRV;NRJLAK_J11GEN_06_Q;dbanrj;ldkenep12;A_L_ENE12;3l3hq
NRJ-ENERGY;NRJLAK_J11GEN_06_Q;NRJLAK_J11GEN_06_FTP01_Q;"January 30, 2026";"January 30, 2026 6:01:57 PM";"January 30, 2026 6:01:59 PM";;Wait for Event;NRJ : Envoi FTP du INDICATEURSENERGY_*.xml vers PFE;FTP_MULTI_GENERIQUE.ksh;Job;No;1;Yes;CTMSRV;NRJLAK_J11GEN_06_Q;root;ldkpfep11;A_L_PFE11;3l3hp
NRJ-ENERGY;NRJLAK_J11GEN_06_Q;NRJLAK_J11GEN_06_FTP02_Q;"January 30, 2026";"January 30, 2026 6:01:57 PM";"January 30, 2026 6:01:59 PM";;Wait for Event;NRJ : Envoi FTP du EVENEMENTSENERGY_*.xml vers PFE;FTP_MULTI_GENERIQUE.ksh;Job;No;1;Yes;CTMSRV;NRJLAK_J11GEN_06_Q;root;ldkpfep11;A_L_PFE11;3l3hr
NRJ-ENERGY;NRJLAK_J11GEN_06_Q;NRJLAK_J11GEN_06_FTP03_Q;"January 30, 2026";"January 30, 2026 6:01:57 PM";"January 30, 2026 6:02:00 PM";;Wait for Event;NRJ : Envoi FTP du INDICATEURSELEMENTENERGY_*.xml vers PFE;FTP_MULTI_GENERIQUE.ksh;Job;No;1;Yes;CTMSRV;NRJLAK_J11GEN_06_Q;root;ldkpfep11;A_L_PFE11;3l3hs
NRJ-ENERGY;NRJLAK_J11GEN_06_Q;NRJLAK_J11GEN_06_Q;"January 30, 2026";"January 30, 2026 1:30:12 PM";;;Executing;NRJ : Interface sortante des données ENERGY pour DataLAKE;;SMART Table;No;1;No;CTMSRV;NRJLAK_J11GEN_06_Q;dbanrj;;;3l3ho
NRJ-ENERGY;NRJLAK_J11GEN_06_Q;NRJLAK_J12GEN_06_Q;"January 30, 2026";"January 30, 2026 1:30:13 PM";"January 30, 2026 10:18:37 PM";;Ended OK;;;SMART Table;No;1;No;CTMSRV;NRJLAK_J12GEN_06_Q;;ldkctmp50;;3l4za
NRJ-ENERGY;NRJLAK_J12GEN_06_Q;NRJLAK_J12GEN_06_FTP01_Q;"January 30, 2026";"January 30, 2026 10:18:33 PM";"January 30, 2026 10:18:35 PM";;Ended OK;NRJ : Envoi FTP du DATA_BRUT_LIENELEMENT_*.tar.gz vers PFE;FTP_MULTI_GENERIQUE.ksh;Job;No;1;No;CTMSRV;NRJLAK_J12GEN_06_Q;root;ldkpfep11;A_L_PFE11;3l4zb
NRJ-ENERGY;NRJLAK_J12GEN_06_Q;NRJLAK_J12GEN_06_FTP02_Q;"January 30, 2026";"January 30, 2026 10:18:33 PM";"January 30, 2026 10:18:35 PM";;Ended OK;NRJ : Envoi FTP du DATA_BRUT_PROPDATE_*.tar.gz vers PFE;FTP_MULTI_GENERIQUE.ksh;Job;No;1;No;CTMSRV;NRJLAK_J12GEN_06_Q;root;ldkpfep11;A_L_PFE11;3l4zc
NRJ-ENERGY;NRJLAK_J12GEN_06_Q;NRJLAK_J12GEN_06_MOV01_Q;"January 30, 2026";"January 30, 2026 10:18:35 PM";"January 30, 2026 10:18:36 PM";;Ended OK;NRJ : MOVE du fichier DATA_BRUT_LIENELEMENT_*.tar.gz du répertoire temporaire vers le répertoire cible;MOV_DKA.ksh;Job;No;1;No;CTMSRV;NRJLAK_J12GEN_06_Q;root;ldkpfep11;A_L_PFE11;3l4zd
NRJ-ENERGY;NRJLAK_J12GEN_06_Q;NRJLAK_J12GEN_06_MOV02_Q;"January 30, 2026";"January 30, 2026 10:18:35 PM";"January 30, 2026 10:18:36 PM";;Ended OK;NRJ : MOVE du fichier DATA_BRUT_LIENELEMENT_*.tar.gz du répertoire temporaire vers le répertoire cible;MOV_DKA.ksh;Job;No;1;No;CTMSRV;NRJLAK_J12GEN_06_Q;root;ldkpfep11;A_L_PFE11;3l4ze
NRJ-ENERGY;NRJNRJ_B11TEC_04_Q;NRJNRJ_B11TEC_04_FJA96_Q;"January 30, 2026";"January 30, 2026 7:06:17 PM";"January 30, 2026 7:06:17 PM";;Ended OK;Fin trait. Valorisation Budget NRJ;U112_BUDGET;Dummy;No;1;No;CTMSRV;NRJNRJ_B11TEC_04_Q;ctmuser;;;3l2y5
NRJ-ENERGY;NRJNRJ_B12TRT_04_Q;NRJNRJ_B12TRT_04_99999_Q;"January 30, 2026";"January 30, 2026 7:06:16 PM";"January 30, 2026 7:06:16 PM";;Ended OK;Traitement des Calcul du budget des quantites;U112510999;Dummy;No;1;No;CTMSRV;NRJNRJ_B12TRT_04_Q;root;;;3l3mr
NRJ-ENERGY;NRJNRJ_B12TRT_04_Q;NRJNRJ_B12TRT_04_CAL01_Q;"January 30, 2026";"January 30, 2026 7:00:45 PM";"January 30, 2026 7:01:44 PM";;Ended OK;SPEGYBUD3 : Calcul du budget des quantites FR03;U112510010.cmd;Job;No;1;No;CTMSRV;NRJNRJ_B12TRT_04_Q;svce_cm;wdkenep11;A_W_ENE11;3l3mv
NRJ-ENERGY;NRJNRJ_B12TRT_04_Q;NRJNRJ_B12TRT_04_CAL02_Q;"January 30, 2026";"January 30, 2026 7:00:45 PM";"January 30, 2026 7:06:15 PM";;Ended OK;SPEGYBUD3 : Calcul du budget des quantites FR02;U112510020.cmd;Job;No;1;No;CTMSRV;NRJNRJ_B12TRT_04_Q;svce_cm;wdkenep12;A_W_ENE12;3l3ms
NRJ-ENERGY;NRJNRJ_B12TRT_04_Q;NRJNRJ_B12TRT_04_CAL03_Q;"January 30, 2026";"January 30, 2026 7:00:45 PM";"January 30, 2026 7:06:15 PM";;Ended OK;SPEGYBUD3 : Calcul du budget des quantites FR12;U112510030.cmd;Job;No;1;No;CTMSRV;NRJNRJ_B12TRT_04_Q;svce_cm;wdkenep13;A_W_ENE13;3l3mt
NRJ-ENERGY;NRJNRJ_B12TRT_04_Q;NRJNRJ_B12TRT_04_CAL04_Q;"January 30, 2026";"January 30, 2026 7:00:45 PM";"January 30, 2026 7:06:15 PM";;Ended OK;SPEGYBUD3 : Calcul du budget des quantites FR13;U112510040.cmd;Job;No;1;No;CTMSRV;NRJNRJ_B12TRT_04_Q;svce_cm;wdkenep14;A_W_ENE14;3l3mu
NRJ-ENERGY;NRJNRJ_E01TEC_04_Q;NRJNRJ_E01TEC_04_STA01_Q;"January 30, 2026";"January 31, 2026 5:00:00 AM";"January 31, 2026 5:01:32 AM";;Ended Not OK;Statistiques quotidiennes Oracle sur la base dprnrj;NRJNRJ_E01TEC_04_STA01_Q.sh;Job;No;1;No;CTMSRV;NRJNRJ_E01TEC_04_Q;root;ldkenep12;A_L_ENE12;3l3wk
NRJ-ENERGY;NRJNRJ_E11STP_01_Q;NRJNRJ_E11STP_01_99999_Q;"January 30, 2026";"January 30, 2026 7:00:36 PM";"January 30, 2026 7:00:36 PM";;Ended OK;Fin : Fermeture des TP ENERGY;U112001999;Dummy;No;1;No;CTMSRV;NRJNRJ_E11STP_01_Q;ENERGY;;;3l3j3
NRJ-ENERGY;NRJNRJ_E11STP_01_Q;NRJNRJ_E11STP_01_ARR01_Q;"January 30, 2026";"January 30, 2026 7:00:00 PM";"January 30, 2026 7:00:09 PM";;Ended OK;"Arrêt du service ""SPEGYEVT7"" A_W_ENE14";stop_service.cmd;Job;No;1;No;CTMSRV;NRJNRJ_E11STP_01_Q;ENERGY;wdkenep14;A_W_ENE14;3l3jb
NRJ-ENERGY;NRJNRJ_E11STP_01_Q;NRJNRJ_E11STP_01_ARR03_Q;"January 30, 2026";"January 30, 2026 7:00:13 PM";"January 30, 2026 7:00:15 PM";;Ended OK;"Arrêt du service ""IIEAIEGY01"" A_W_ENE14";stop_service.cmd;Job;No;1;No;CTMSRV;NRJNRJ_E11STP_01_Q;ENERGY;wdkenep14;A_W_ENE14;3l3jc
NRJ-ENERGY;NRJNRJ_E11STP_01_Q;NRJNRJ_E11STP_01_ARR08_Q;"January 30, 2026";"January 30, 2026 7:00:09 PM";"January 30, 2026 7:00:12 PM";;Ended OK;Arrêt des sites ENERGY sur WDKNRJP04;STOP_SITE_ENERGY;Command;No;1;No;CTMSRV;NRJNRJ_E11STP_01_Q;svce_cm;wdkenep14;A_W_ENE14;3l3jj
NRJ-ENERGY;NRJNRJ_E11STP_01_Q;NRJNRJ_E11STP_01_ARR71_Q;"January 30, 2026";"January 30, 2026 7:00:00 PM";"January 30, 2026 7:00:09 PM";;Ended OK;"Arrêt du service ""SPEGYEVT7""  A_W_ENE11";stop_service.cmd;Job;No;1;No;CTMSRV;NRJNRJ_E11STP_01_Q;ENERGY;wdkenep11;A_W_ENE11;3l3j4
NRJ-ENERGY;NRJNRJ_E11STP_01_Q;NRJNRJ_E11STP_01_ARR78_Q;"January 30, 2026";"January 30, 2026 7:00:09 PM";"January 30, 2026 7:00:12 PM";;Ended OK;Arrêt des sites ENERGY sur le seveur WDKNRJx01;STOP_SITE_ENERGY;Command;No;1;No;CTMSRV;NRJNRJ_E11STP_01_Q;svce_cm;wdkenep11;A_W_ENE11;3l3jk
NRJ-ENERGY;NRJNRJ_E11STP_01_Q;NRJNRJ_E11STP_01_ARR81_Q;"January 30, 2026";"January 30, 2026 7:00:00 PM";"January 30, 2026 7:00:09 PM";;Ended OK;"Arrêt du service ""SPEGYEVT7"" A_W_ENE12";stop_service.cmd;Job;No;1;No;CTMSRV;NRJNRJ_E11STP_01_Q;ENERGY;wdkenep12;A_W_ENE12;3l3j6
NRJ-ENERGY;NRJNRJ_E11STP_01_Q;NRJNRJ_E11STP_01_ARR83_Q;"January 30, 2026";"January 30, 2026 7:00:19 PM";"January 30, 2026 7:00:25 PM";;Ended OK;"Arrêt du service ""IEEGYELT01"" A_W_ENE12";stop_service.cmd;Job;No;1;No;CTMSRV;NRJNRJ_E11STP_01_Q;ENERGY;wdkenep12;A_W_ENE12;3l3j7
NRJ-ENERGY;NRJNRJ_E11STP_01_Q;NRJNRJ_E11STP_01_ARR87_Q;"January 30, 2026";"January 30, 2026 7:00:12 PM";"January 30, 2026 7:00:18 PM";;Ended OK;"Arrêt du service ""IIEAIEGY01"" A_W_ENE12";stop_service.cmd;Job;No;1;No;CTMSRV;NRJNRJ_E11STP_01_Q;ENERGY;wdkenep12;A_W_ENE12;3l3jf
NRJ-ENERGY;NRJNRJ_E11STP_01_Q;NRJNRJ_E11STP_01_ARR88_Q;"January 30, 2026";"January 30, 2026 7:00:09 PM";"January 30, 2026 7:00:12 PM";;Ended OK;Arrêt des sites ENERGY sur le seveur WDKNRJx02;STOP_SITE_ENERGY;Command;No;1;No;CTMSRV;NRJNRJ_E11STP_01_Q;svce_cm;wdkenep12;A_W_ENE12;3l3jm
NRJ-ENERGY;NRJNRJ_E11STP_01_Q;NRJNRJ_E11STP_01_ARR91_Q;"January 30, 2026";"January 30, 2026 7:00:00 PM";"January 30, 2026 7:00:09 PM";;Ended OK;"Arrêt du service ""SPEGYEVT7"" A_W_ENE13";stop_service.cmd;Job;No;1;No;CTMSRV;NRJNRJ_E11STP_01_Q;ENERGY;wdkenep13;A_W_ENE13;3l3j9
NRJ-ENERGY;NRJNRJ_E11STP_01_Q;NRJNRJ_E11STP_01_ARR93_Q;"January 30, 2026";"January 30, 2026 7:00:09 PM";"January 30, 2026 7:00:12 PM";;Ended OK;Arrêt des sites ENERGY sur le seveur WDKNRJx03;STOP_SITE_ENERGY;Command;No;1;No;CTMSRV;NRJNRJ_E11STP_01_Q;svce_cm;wdkenep13;A_W_ENE13;3l3jl
NRJ-ENERGY;NRJNRJ_E11STP_01_Q;NRJNRJ_E11STP_01_ARR97_Q;"January 30, 2026";"January 30, 2026 7:00:13 PM";"January 30, 2026 7:00:19 PM";;Ended OK;"Arrêt du service ""SPEGYTBT3"" A_W_ENE13";stop_service.cmd;Job;No;1;No;CTMSRV;NRJNRJ_E11STP_01_Q;ENERGY;wdkenep13;A_W_ENE13;3l3jg
NRJ-ENERGY;NRJNRJ_E11STP_01_Q;NRJNRJ_E11STP_01_ARR98_Q;"January 30, 2026";"January 30, 2026 7:00:20 PM";"January 30, 2026 7:00:26 PM";;Ended OK;"Arrêt du service ""SPEGYBUD6"" A_W_ENE13";stop_service.cmd;Job;No;1;No;CTMSRV;NRJNRJ_E11STP_01_Q;ENERGY;wdkenep13;A_W_ENE13;3l3jh
NRJ-ENERGY;NRJNRJ_E11STP_01_Q;NRJNRJ_E11STP_01_ARR99_Q;"January 30, 2026";"January 30, 2026 7:00:27 PM";"January 30, 2026 7:00:33 PM";;Ended OK;"Arrêt du service ""IEEGYAPI01"" A_W_ENE13";stop_service.cmd;Job;No;1;No;CTMSRV;NRJNRJ_E11STP_01_Q;ENERGY;wdkenep13;A_W_ENE13;3l3jn
NRJ-ENERGY;NRJNRJ_E11STP_01_Q;NRJNRJ_E11STP_01_PUR07_Q;"January 30, 2026";"January 30, 2026 7:00:15 PM";"January 30, 2026 7:00:17 PM";;Ended OK;Purge Fichier PNG A_W_ENE14;Purge_PNG.cmd;Job;No;1;No;CTMSRV;NRJNRJ_E11STP_01_Q;ENERGY;wdkenep14;A_W_ENE14;3l3jd
NRJ-ENERGY;NRJNRJ_E11STP_01_Q;NRJNRJ_E11STP_01_PUR77_Q;"January 30, 2026";"January 30, 2026 7:00:12 PM";"January 30, 2026 7:00:14 PM";;Ended OK;Purge Fichier PNG A_W_ENE11;Purge_PNG.cmd;Job;No;1;No;CTMSRV;NRJNRJ_E11STP_01_Q;ENERGY;wdkenep11;A_W_ENE11;3l3j5
NRJ-ENERGY;NRJNRJ_E11STP_01_Q;NRJNRJ_E11STP_01_PUR87_Q;"January 30, 2026";"January 30, 2026 7:00:25 PM";"January 30, 2026 7:00:27 PM";;Ended OK;Purge Fichier PNG A_W_ENE12;Purge_PNG.cmd;Job;No;1;No;CTMSRV;NRJNRJ_E11STP_01_Q;ENERGY;wdkenep12;A_W_ENE12;3l3j8
NRJ-ENERGY;NRJNRJ_E11STP_01_Q;NRJNRJ_E11STP_01_PUR97_Q;"January 30, 2026";"January 30, 2026 7:00:34 PM";"January 30, 2026 7:00:36 PM";;Ended OK;Purge Fichier PNG A_W_ENE13;Purge_PNG.cmd;Job;No;1;No;CTMSRV;NRJNRJ_E11STP_01_Q;ENERGY;wdkenep13;A_W_ENE13;3l3ja
NRJ-ENERGY;NRJNRJ_E11STP_01_Q;NRJNRJ_E11STP_01_Q;"January 30, 2026";"January 30, 2026 1:30:13 PM";"January 30, 2026 7:00:38 PM";;Ended OK;ENERGY: stop applicatif;;SMART Table;No;1;No;CTMSRV;NRJNRJ_E11STP_01_Q;;ldkctmp50;;3l3j2
NRJ-ENERGY;NRJNRJ_E11STP_01_Q;NRJNRJ_E11STP_01_SUB01_Q;"January 30, 2026";"January 30, 2026 7:00:37 PM";"January 30, 2026 7:00:37 PM";;Ended OK;Arret des Interactifs ENERGY;Arret des Interactifs ENERGY;Dummy;No;1;No;CTMSRV;NRJNRJ_E11STP_01_Q;root;;;3l3je
NRJ-ENERGY;NRJNRJ_E11STP_01_Q;NRJNRJ_E11STP_01_WRK01_Q;"January 30, 2026";"January 30, 2026 7:00:00 PM";"January 30, 2026 7:00:01 PM";;Ended OK;NRJ : Affectation des droits sur energy;U512010120;Command;No;1;No;CTMSRV;NRJNRJ_E11STP_01_Q;root;ldkenep12;A_L_ENE12;3l3ji
NRJ-ENERGY;NRJNRJ_J11TEC_04_Q;NRJNRJ_J11TEC_04_FBA99_Q;"January 30, 2026";;;;Wait for Event;controle heure fin trait.  DPRNRJ;FIN_BATCH;Dummy;No;0;No;CTMSRV;NRJNRJ_J11TEC_04_Q;eblondez;;;3l2q2
NRJ-ENERGY;NRJNRJ_J11TEC_04_Q;NRJNRJ_J11TEC_04_FBV99_Q;"January 30, 2026";"January 30, 2026 1:30:14 PM";"January 30, 2026 1:30:14 PM";;Ended OK;controle heure fin trait.  DPRNRJ;FIN_BATCH_VEILLE;Dummy;No;1;No;CTMSRV;NRJNRJ_J11TEC_04_Q;eblondez;;;3l2q3
NRJ-ENERGY;NRJNRJ_J11TEC_04_Q;NRJNRJ_J11TEC_04_FIN99_Q;"January 30, 2026";;;;Wait for Event;Fin trait. NRJ;U112_FIN;Dummy;No;0;No;CTMSRV;NRJNRJ_J11TEC_04_Q;ctmuser;;;3l2q6
NRJ-ENERGY;NRJNRJ_J11TEC_04_Q;NRJNRJ_J11TEC_04_FJA97_Q;"January 30, 2026";"January 30, 2026 7:00:41 PM";"January 30, 2026 7:00:41 PM";;Ended OK;Fin trait. Interfaces entrantes NRJ;U112_INTERFACE_ENT;Dummy;No;1;No;CTMSRV;NRJNRJ_J11TEC_04_Q;ctmuser;;;3l2q7
NRJ-ENERGY;NRJNRJ_J11TEC_04_Q;NRJNRJ_J11TEC_04_FJA98_Q;"January 30, 2026";"January 30, 2026 7:00:41 PM";"January 30, 2026 7:00:41 PM";;Ended OK;Fin trait. Interfaces sortantes NRJ;U112_INTERFACE_SOR;Dummy;No;1;No;CTMSRV;NRJNRJ_J11TEC_04_Q;ctmuser;;;3l2q8
NRJ-ENERGY;NRJNRJ_J11TEC_04_Q;NRJNRJ_J11TEC_04_FJA99_Q;"January 30, 2026";;;;Wait for Event;Fin trait. specifiques NRJ (hors trait harry );U112_TRAIT;Dummy;No;0;No;CTMSRV;NRJNRJ_J11TEC_04_Q;ctmuser;;;3l2q9
NRJ-ENERGY;NRJNRJ_J11TEC_04_Q;NRJNRJ_J11TEC_04_FRE99_Q;"January 30, 2026";"January 30, 2026 8:28:50 PM";"January 30, 2026 8:28:50 PM";;Ended OK;controle heure fin refer.  DPRNRJ;FIN_112430;Dummy;No;1;No;CTMSRV;NRJNRJ_J11TEC_04_Q;eblondez;;;3l2q1
NRJ-ENERGY;NRJNRJ_J11TEC_04_Q;NRJNRJ_J11TEC_04_Q;"January 30, 2026";"January 30, 2026 1:30:14 PM";;;Executing;ENERGY: JALON;;SMART Table;No;1;No;CTMSRV;NRJNRJ_J11TEC_04_Q;;;;3l2q0
NRJ-ENERGY;NRJNRJ_J11TEC_04_Q;NRJNRJ_J11TEC_04_SC001_Q;"January 30, 2026";"January 30, 2026 3:00:00 PM";"January 30, 2026 3:00:00 PM";;Ended OK;TEST PRESENCE COND  SC_U503I_OK;SC_U503I;Dummy;No;1;No;CTMSRV;NRJNRJ_J11TEC_04_Q;root;;;3l2q4
NRJ-ENERGY;NRJNRJ_J11TEC_04_Q;NRJNRJ_J11TEC_04_SC002_Q;"January 30, 2026";"January 30, 2026 3:00:00 PM";"January 30, 2026 3:00:00 PM";;Ended OK;"NRJ; TEST PRESENCE COND  SC_U512NRJ_OK";SC_U512NRJ;Dummy;No;1;No;CTMSRV;NRJNRJ_J11TEC_04_Q;root;;;3l2q5
NRJ-ENERGY;NRJNRJ_J11TRT_04_Q;NRJNRJ_J11TRT_04_00000_Q;"January 30, 2026";;;;Wait for Event;SPEGYPMT1: calcul des previsions a long terme;U112680;Dummy;No;0;No;CTMSRV;NRJNRJ_J11TRT_04_Q;root;;;3l515
NRJ-ENERGY;NRJNRJ_J11TRT_04_Q;NRJNRJ_J11TRT_04_99999_Q;"January 30, 2026";;;;Wait for Event;Fin chne SPEGYPMT1: calcul des previsions lg terme;U112680999;Dummy;No;0;No;CTMSRV;NRJNRJ_J11TRT_04_Q;root;;;3l514
NRJ-ENERGY;NRJNRJ_J11TRT_04_Q;NRJNRJ_J11TRT_04_CAL10_Q;"January 30, 2026";;;;Wait for Event;SPEGYPMT1: calcul des previsions long terme;U112680040.cmd;Job;No;0;No;CTMSRV;NRJNRJ_J11TRT_04_Q;svce_cm;A_W_ENE14;A_W_ENE14;3l50z
NRJ-ENERGY;NRJNRJ_J11TRT_04_Q;NRJNRJ_J11TRT_04_CAL97_Q;"January 30, 2026";;;;Wait for Event;SPEGYPMT1: calcul des previsions long terme;U112680010.cmd;Job;No;0;No;CTMSRV;NRJNRJ_J11TRT_04_Q;svce_cm;A_W_ENE11;A_W_ENE11;3l50w
NRJ-ENERGY;NRJNRJ_J11TRT_04_Q;NRJNRJ_J11TRT_04_CAL98_Q;"January 30, 2026";;;;Wait for Event;SPEGYPMT1: calcul des previsions long terme;U112680020.cmd;Job;No;0;No;CTMSRV;NRJNRJ_J11TRT_04_Q;svce_cm;A_W_ENE12;A_W_ENE12;3l50x
NRJ-ENERGY;NRJNRJ_J11TRT_04_Q;NRJNRJ_J11TRT_04_CAL99_Q;"January 30, 2026";;;;Wait for Event;SPEGYPMT1: calcul des previsions long terme;U112680030.cmd;Job;No;0;No;CTMSRV;NRJNRJ_J11TRT_04_Q;svce_cm;A_W_ENE13;A_W_ENE13;3l50y
NRJ-ENERGY;NRJNRJ_J11TRT_04_Q;NRJNRJ_J11TRT_04_FLG01_Q;"January 30, 2026";;;;Wait for Event;Fin chne SPEGYPMT1: calcul des previsions lg terme;U112680199;Dummy;No;0;No;CTMSRV;NRJNRJ_J11TRT_04_Q;root;;;3l510
NRJ-ENERGY;NRJNRJ_J11TRT_04_Q;NRJNRJ_J11TRT_04_FLG02_Q;"January 30, 2026";;;;Wait for Event;Fin chne SPEGYPMT1: calcul des previsions lg terme;U112680299;Dummy;No;0;No;CTMSRV;NRJNRJ_J11TRT_04_Q;root;;;3l511
NRJ-ENERGY;NRJNRJ_J11TRT_04_Q;NRJNRJ_J11TRT_04_FLG03_Q;"January 30, 2026";;;;Wait for Event;Fin chne SPEGYPMT1: calcul des previsions lg terme;U112680399;Dummy;No;0;No;CTMSRV;NRJNRJ_J11TRT_04_Q;root;;;3l512
NRJ-ENERGY;NRJNRJ_J11TRT_04_Q;NRJNRJ_J11TRT_04_FLG04_Q;"January 30, 2026";;;;Wait for Event;Fin chne SPEGYPMT1: calcul des previsions lg terme;U112680499;Dummy;No;0;No;CTMSRV;NRJNRJ_J11TRT_04_Q;root;;;3l513
NRJ-ENERGY;NRJNRJ_J12TEC_04_Q;NRJNRJ_J12TEC_04_CPY03_Q;"January 30, 2026";;;;Wait for Event;Copie fichiers IN-OUT FIN DE BATCH sur DKA_IMNORD;U512012220;Dummy;No;0;No;CTMSRV;NRJNRJ_J12TEC_04_Q;root;A_L_ENE12;A_L_ENE12;3l4j7
NRJ-ENERGY;NRJNRJ_J12TEC_04_Q;NRJNRJ_J12TEC_04_DEL04_Q;"January 30, 2026";;;;Wait for Event;"delete des /index/admin/DPRNRJ/[b;c]dump/*.trc";U512012230.sh;Dummy;No;0;No;CTMSRV;NRJNRJ_J12TEC_04_Q;root;A_L_ENE12;A_L_ENE12;3l4j8
NRJ-ENERGY;NRJNRJ_J12TEC_04_Q;NRJNRJ_J12TEC_04_LOG01_Q;"January 30, 2026";;;;Wait for Event;Mise A DISPO LOGS EN FIN DE BATCH sur DKA_IMNORD;U512012210;Dummy;No;0;No;CTMSRV;NRJNRJ_J12TEC_04_Q;root;A_L_ENE12;A_L_ENE12;3l4j5
NRJ-ENERGY;NRJNRJ_J12TEC_04_Q;NRJNRJ_J12TEC_04_MOV02_Q;"January 30, 2026";;;;Wait for Event;DEPLACEMENT DES FIC7* dans /index/energy/ficharry;U512012215.sh;Dummy;No;0;No;CTMSRV;NRJNRJ_J12TEC_04_Q;root;A_L_ENE12;A_L_ENE12;3l4j6
NRJ-ENERGY;NRJNRJ_J12TEC_04_Q;NRJNRJ_J12TEC_04_PUR01_Q;"January 30, 2026";;;;Wait for Event;Purge des logs apres transfert sur DKA_IMNORD;Purge_Log.sh;Job;No;0;No;CTMSRV;NRJNRJ_J12TEC_04_Q;root;A_L_ENE12;A_L_ENE12;3l4j9
NRJ-ENERGY;NRJNRJ_J13TRT_04_H;NRJNRJ_J13TRT_04_PUR01_H;"January 30, 2026";"January 30, 2026 10:08:57 PM";"January 30, 2026 10:16:19 PM";;Ended OK;SPEGYPUR1 : Purge tables TRACE et LOG ACCESS;U112445010.sh;Job;No;1;No;CTMSRV;NRJNRJ_J13TRT_04_H;root;ldkenep12;A_L_ENE12;3l3l0
NRJ-ENERGY;NRJNRJ_J13TRT_04_Q;NRJNRJ_J13TRT_04_EXP97_Q;"January 30, 2026";"January 30, 2026 7:00:41 PM";"January 30, 2026 7:28:35 PM";;Ended OK;NRJ : SPEGYEVT4 : Generation releves compteurs fictifs;U112410010.cmd;Job;No;1;No;CTMSRV;NRJNRJ_J13TRT_04_Q;svce_cm;wdkenep11;A_W_ENE11;3l4ie
NRJ-ENERGY;NRJNRJ_J14TRT_04_Q;NRJNRJ_J14TRT_04_WRK01_Q;"January 30, 2026";"January 30, 2026 7:28:36 PM";"January 30, 2026 7:37:43 PM";;Ended OK;NRJ : SPEGYEVT2 : Detection releves complets;U112420010.sh;Job;No;1;No;CTMSRV;NRJNRJ_J14TRT_04_Q;root;ldkenep12;A_L_ENE12;3l47x
NRJ-ENERGY;NRJNRJ_J15TRT_04_M;NRJNRJ_J15TRT_04_CAL97_M;"January 30, 2026";"January 30, 2026 10:15:11 PM";"January 30, 2026 10:15:23 PM";;Ended OK;NRJ : SPEGYERF1 : recalcul des conso. des stocks J-3;U112144010.cmd;Job;No;1;No;CTMSRV;NRJNRJ_J15TRT_04_M;svce_cm;wdkenep11;A_W_ENE11;3l44h
NRJ-ENERGY;NRJNRJ_J15TRT_04_Q;NRJNRJ_J15TRT_04_WRK01_Q;"January 30, 2026";"January 30, 2026 8:01:08 PM";"January 30, 2026 8:28:49 PM";;Ended OK;NRJ : SPEGYEVT3 : Detection releves manquants;U112430010.sh;Job;No;1;No;CTMSRV;NRJNRJ_J15TRT_04_Q;root;ldkenep12;A_L_ENE12;3l4qe
NRJ-ENERGY;NRJNRJ_J16TRT_04_Q;NRJNRJ_J16TRT_04_00000_Q;"January 30, 2026";"January 30, 2026 9:32:51 PM";"January 30, 2026 9:32:51 PM";;Ended OK;SPEGYTBT1 : Debut Chaine : Tableaux de bord;U112440;Dummy;No;1;No;CTMSRV;NRJNRJ_J16TRT_04_Q;root;;;3l3sq
NRJ-ENERGY;NRJNRJ_J16TRT_04_Q;NRJNRJ_J16TRT_04_99999_Q;"January 30, 2026";"January 30, 2026 10:01:34 PM";"January 30, 2026 10:01:34 PM";;Ended OK;SPEGYTBT1 : Fin de chaîne : Tableaux de bord;U112440999;Dummy;No;1;No;CTMSRV;NRJNRJ_J16TRT_04_Q;root;;;3l3sp
NRJ-ENERGY;NRJNRJ_J16TRT_04_Q;NRJNRJ_J16TRT_04_CAL10_Q;"January 30, 2026";"January 30, 2026 9:32:52 PM";"January 30, 2026 9:44:54 PM";;Ended OK;SPEGYTBT1 : Execution calcul tableaux de bord techniques FR04;U112440040.cmd;Job;No;1;No;CTMSRV;NRJNRJ_J16TRT_04_Q;DCDKETI/svce_cm;wdkenep14;A_W_ENE14;3l3sn
NRJ-ENERGY;NRJNRJ_J16TRT_04_Q;NRJNRJ_J16TRT_04_CAL97_Q;"January 30, 2026";"January 30, 2026 9:32:52 PM";"January 30, 2026 10:01:33 PM";;Ended OK;SPEGYTBT1 : Execution calcul tableaux de bord techniques;U112440010.cmd;Job;No;1;No;CTMSRV;NRJNRJ_J16TRT_04_Q;svce_cm;wdkenep11;A_W_ENE11;3l3sk
NRJ-ENERGY;NRJNRJ_J16TRT_04_Q;NRJNRJ_J16TRT_04_CAL98_Q;"January 30, 2026";"January 30, 2026 9:32:52 PM";"January 30, 2026 9:44:23 PM";;Ended OK;SPEGYTBT1 : Execution calcul tableaux de bord techniques FR02;U112440020.cmd;Job;No;1;No;CTMSRV;NRJNRJ_J16TRT_04_Q;svce_cm;wdkenep12;A_W_ENE12;3l3sl
NRJ-ENERGY;NRJNRJ_J16TRT_04_Q;NRJNRJ_J16TRT_04_CAL99_Q;"January 30, 2026";"January 30, 2026 9:32:52 PM";"January 30, 2026 9:44:12 PM";;Ended OK;SPEGYTBT1 : Execution calcul tableaux de bord techniques FR01;U112440030.cmd;Job;No;1;No;CTMSRV;NRJNRJ_J16TRT_04_Q;svce_cm;wdkenep13;A_W_ENE13;3l3sm
NRJ-ENERGY;NRJNRJ_J16TRT_04_Q;NRJNRJ_J16TRT_04_LIM01_Q;"January 30, 2026";"January 31, 2026 2:00:00 AM";"January 31, 2026 2:00:00 AM";;Ended OK;SPEGYTBT1 : limite horaire;U112440990;Dummy;No;1;No;CTMSRV;NRJNRJ_J16TRT_04_Q;root;;;3l3so
NRJ-ENERGY;NRJNRJ_J17TRT_04_Q;NRJNRJ_J17TRT_04_00000_Q;"January 30, 2026";"January 30, 2026 10:08:57 PM";"January 30, 2026 10:08:57 PM";;Ended OK;NRJ : SPEGYINT1 : Calcul de l interessement et suivi contractuel;U112460;Dummy;No;1;No;CTMSRV;NRJNRJ_J17TRT_04_Q;root;;;3l35r
NRJ-ENERGY;NRJNRJ_J17TRT_04_Q;NRJNRJ_J17TRT_04_99999_Q;"January 30, 2026";"January 30, 2026 10:15:10 PM";"January 30, 2026 10:15:10 PM";;Ended OK;NRJ : SPEGYINT1 : Calcul de l interessement et suivi contractuel;U112460999;Dummy;No;1;No;CTMSRV;NRJNRJ_J17TRT_04_Q;root;;;3l35q
NRJ-ENERGY;NRJNRJ_J17TRT_04_Q;NRJNRJ_J17TRT_04_CAL10_Q;"January 30, 2026";"January 30, 2026 10:08:58 PM";"January 30, 2026 10:14:28 PM";;Ended OK;NRJ : SPEGYINT1 : Calcul de l interessement et suivi contractuel;U112460040.cmd;Job;No;1;No;CTMSRV;NRJNRJ_J17TRT_04_Q;svce_cm;wdkenep14;A_W_ENE14;3l35p
NRJ-ENERGY;NRJNRJ_J17TRT_04_Q;NRJNRJ_J17TRT_04_CAL97_Q;"January 30, 2026";"January 30, 2026 10:08:58 PM";"January 30, 2026 10:15:09 PM";;Ended OK;NRJ : SPEGYINT1 : Calcul de l interessement et suivi contractuel;U112460010.cmd;Job;No;1;No;CTMSRV;NRJNRJ_J17TRT_04_Q;svce_cm;wdkenep11;A_W_ENE11;3l35m
NRJ-ENERGY;NRJNRJ_J17TRT_04_Q;NRJNRJ_J17TRT_04_CAL98_Q;"January 30, 2026";"January 30, 2026 10:08:58 PM";"January 30, 2026 10:14:28 PM";;Ended OK;NRJ : SPEGYINT1 : Calcul de l interessement et suivi contractuel;U112460020.cmd;Job;No;1;No;CTMSRV;NRJNRJ_J17TRT_04_Q;svce_cm;wdkenep12;A_W_ENE12;3l35n
NRJ-ENERGY;NRJNRJ_J17TRT_04_Q;NRJNRJ_J17TRT_04_CAL99_Q;"January 30, 2026";"January 30, 2026 10:08:58 PM";"January 30, 2026 10:14:28 PM";;Ended OK;NRJ : SPEGYINT1 : Calcul de l interessement et suivi contractuel;U112460030.cmd;Job;No;1;No;CTMSRV;NRJNRJ_J17TRT_04_Q;svce_cm;wdkenep13;A_W_ENE13;3l35o
NRJ-ENERGY;NRJNRJ_J18TRT_04_Q;NRJNRJ_J18TRT_04_CPY01_Q;"January 30, 2026";"January 30, 2026 7:00:41 PM";"January 30, 2026 7:00:44 PM";;Ended OK;NRJ : SPEGYCAL1 : Recopie donnees calendrier chauffage;U112505010.sh;Job;No;1;No;CTMSRV;NRJNRJ_J18TRT_04_Q;root;ldkenep12;A_L_ENE12;3l383
NRJ-ENERGY;NRJNRJ_J1ATRT_04_M;NRJNRJ_J1ATRT_04_WRK01_M;"January 30, 2026";"January 30, 2026 7:00:41 PM";"January 30, 2026 7:00:50 PM";;Ended OK;SPEGYTBT4J:calcul des indic. d interessement (J);U112435010.sh;Job;No;1;No;CTMSRV;NRJNRJ_J1ATRT_04_M;root;ldkenep12;A_L_ENE12;3l2tm
NRJ-ENERGY;NRJNRJ_J1CTRT_04_M;NRJNRJ_J1CTRT_04_WRK01_M;"January 30, 2026";"January 30, 2026 7:28:36 PM";"January 30, 2026 7:28:37 PM";;Ended OK;SPEGYSTA4:indicateurs evenements par region;U112485010.sh;Job;No;1;No;CTMSRV;NRJNRJ_J1CTRT_04_M;root;ldkenep12;A_L_ENE12;3l3c7
NRJ-ENERGY;NRJNRJ_J1ITRT_04_Q;NRJNRJ_J1ITRT_04_00000_Q;"January 30, 2026";"January 30, 2026 10:01:35 PM";"January 30, 2026 10:01:35 PM";;Ended OK;NRJ : Debut Chaine : Tableaux de bord;U112440;Dummy;No;1;No;CTMSRV;NRJNRJ_J1ITRT_04_Q;root;;;3l3ay
NRJ-ENERGY;NRJNRJ_J1ITRT_04_Q;NRJNRJ_J1ITRT_04_99999_Q;"January 30, 2026";"January 30, 2026 10:08:56 PM";"January 30, 2026 10:08:56 PM";;Ended OK;NRJ : Fin de chaîne : Tableaux de bord;U112440999;Dummy;No;1;No;CTMSRV;NRJNRJ_J1ITRT_04_Q;root;;;3l3ax
NRJ-ENERGY;NRJNRJ_J1ITRT_04_Q;NRJNRJ_J1ITRT_04_CAL10_Q;"January 30, 2026";"January 30, 2026 10:01:36 PM";"January 30, 2026 10:06:49 PM";;Ended OK;NRJ : SPEGYTBT1 : 2eme passes calcul tableaux de bord;U112440040.cmd;Job;No;1;No;CTMSRV;NRJNRJ_J1ITRT_04_Q;svce_cm;wdkenep14;A_W_ENE14;3l3as
NRJ-ENERGY;NRJNRJ_J1ITRT_04_Q;NRJNRJ_J1ITRT_04_CAL97_Q;"January 30, 2026";"January 30, 2026 10:01:36 PM";"January 30, 2026 10:08:54 PM";;Ended OK;NRJ : SPEGYTBT1 : 2eme passes calcul tableaux de bord;U112440010.cmd;Job;No;1;No;CTMSRV;NRJNRJ_J1ITRT_04_Q;svce_cm;wdkenep11;A_W_ENE11;3l3ap
NRJ-ENERGY;NRJNRJ_J1ITRT_04_Q;NRJNRJ_J1ITRT_04_CAL98_Q;"January 30, 2026";"January 30, 2026 10:01:36 PM";"January 30, 2026 10:06:49 PM";;Ended OK;NRJ : SPEGYTBT1 : 2eme passes calcul tableaux de bord;U112440020.cmd;Job;No;1;No;CTMSRV;NRJNRJ_J1ITRT_04_Q;svce_cm;wdkenep12;A_W_ENE12;3l3aq
NRJ-ENERGY;NRJNRJ_J1ITRT_04_Q;NRJNRJ_J1ITRT_04_CAL99_Q;"January 30, 2026";"January 30, 2026 10:01:36 PM";"January 30, 2026 10:07:09 PM";;Ended OK;NRJ : SPEGYTBT1 : 2eme passes calcul tableaux de bord;U112440030.cmd;Job;No;1;No;CTMSRV;NRJNRJ_J1ITRT_04_Q;svce_cm;wdkenep13;A_W_ENE13;3l3ar
NRJ-ENERGY;NRJNRJ_J1ITRT_04_Q;NRJNRJ_J1ITRT_04_FLG01_Q;"January 30, 2026";"January 30, 2026 10:07:10 PM";"January 30, 2026 10:07:10 PM";;Ended OK;Fin de chaîne : Tableaux de bord FR01;U112440399;Dummy;No;1;No;CTMSRV;NRJNRJ_J1ITRT_04_Q;root;;;3l3av
NRJ-ENERGY;NRJNRJ_J1ITRT_04_Q;NRJNRJ_J1ITRT_04_FLG02_Q;"January 30, 2026";"January 30, 2026 10:06:50 PM";"January 30, 2026 10:06:50 PM";;Ended OK;Fin de chaîne : Tableaux de bord FR02;U112440299;Dummy;No;1;No;CTMSRV;NRJNRJ_J1ITRT_04_Q;root;;;3l3au
NRJ-ENERGY;NRJNRJ_J1ITRT_04_Q;NRJNRJ_J1ITRT_04_FLG03_Q;"January 30, 2026";"January 30, 2026 10:08:55 PM";"January 30, 2026 10:08:55 PM";;Ended OK;Fin de chaîne : Tableaux de bord FR03;U112440199;Dummy;No;1;No;CTMSRV;NRJNRJ_J1ITRT_04_Q;root;;;3l3at
NRJ-ENERGY;NRJNRJ_J1ITRT_04_Q;NRJNRJ_J1ITRT_04_FLG04_Q;"January 30, 2026";"January 30, 2026 10:06:49 PM";"January 30, 2026 10:06:49 PM";;Ended OK;Fin de chaîne : Tableaux de bord FR04;U112440499;Dummy;No;1;No;CTMSRV;NRJNRJ_J1ITRT_04_Q;root;;;3l3aw
NRJ-ENERGY;NRJNRJ_J20TRT_04_Q;NRJNRJ_J20TRT_04_WRK01_Q;"January 30, 2026";"January 30, 2026 10:26:47 PM";"January 30, 2026 10:26:52 PM";0500;Ended OK;ENERGY suppression elements jamais actives;NRJNRJ_J20TRT_04_WRK01_Q.ksh;Job;No;1;No;CTMSRV;NRJNRJ_J20TRT_04_Q;dbanrj;ldkenep12;A_L_ENE12;3l4sz
NRJ-ENERGY;NRJNRJ_J23TRT_04_Q;NRJNRJ_J23TRT_04_WRK01_Q;"January 30, 2026";"January 30, 2026 8:28:50 PM";"January 30, 2026 8:28:57 PM";;Ended OK;NRJ : SPEGYEVT9;NRJNRJ_J23TRT_04_WRK01_Q.ksh;Job;No;1;No;CTMSRV;NRJNRJ_J23TRT_04_Q;dbanrj;ldkenep12;A_L_ENE12;3l527
NRJ-ENERGY;NRJNRJ_J24TRT_04_Q;NRJNRJ_J24TRT_04_99999_Q;"January 30, 2026";"January 30, 2026 8:46:29 PM";"January 30, 2026 8:46:29 PM";;Ended OK;NRJ : Fin de Chaine : SPEGYPBR1;Fin de chaine SPEGYPBR1;Dummy;No;1;No;CTMSRV;NRJNRJ_J24TRT_04_Q;root;;;3l48w
NRJ-ENERGY;NRJNRJ_J24TRT_04_Q;NRJNRJ_J24TRT_04_CAL10_Q;"January 30, 2026";"January 30, 2026 8:28:58 PM";"January 30, 2026 8:46:28 PM";;Ended OK;SPEGYPBR1.exe: calcul des estimations compteur suivant base référence technique (wdknrji04);NRJNRJ_J24TRT_04_CAL10_Q.cmd;Job;No;1;No;CTMSRV;NRJNRJ_J24TRT_04_Q;svce_cm;wdkenep14;A_W_ENE14;3l48t
NRJ-ENERGY;NRJNRJ_J24TRT_04_Q;NRJNRJ_J24TRT_04_CAL97_Q;"January 30, 2026";"January 30, 2026 8:28:58 PM";"January 30, 2026 8:46:25 PM";;Ended OK;SPEGYPBR1.exe: calcul des estimations compteur suivant base référence technique (wdknrji01);NRJNRJ_J24TRT_04_CAL97_Q.cmd;Job;No;1;No;CTMSRV;NRJNRJ_J24TRT_04_Q;svce_cm;wdkenep11;A_W_ENE11;3l48u
NRJ-ENERGY;NRJNRJ_J24TRT_04_Q;NRJNRJ_J24TRT_04_CAL98_Q;"January 30, 2026";"January 30, 2026 8:28:58 PM";"January 30, 2026 8:46:27 PM";;Ended OK;SPEGYPBR1.exe: calcul des estimations compteur suivant base référence technique (wdknrji02);NRJNRJ_J24TRT_04_CAL98_Q.cmd;Job;No;1;No;CTMSRV;NRJNRJ_J24TRT_04_Q;svce_cm;wdkenep12;A_W_ENE12;3l48v
NRJ-ENERGY;NRJNRJ_J24TRT_04_Q;NRJNRJ_J24TRT_04_CAL99_Q;"January 30, 2026";"January 30, 2026 8:28:58 PM";"January 30, 2026 8:46:28 PM";;Ended OK;SPEGYPBR1.exe: calcul des estimations compteur suivant base référence technique (wdknrji03);NRJNRJ_J24TRT_04_CAL99_Q.cmd;Job;No;1;No;CTMSRV;NRJNRJ_J24TRT_04_Q;svce_cm;wdkenep13;A_W_ENE13;3l48s
NRJ-ENERGY;NRJNRJ_J24TRT_04_Q;NRJNRJ_J24TRT_04_Q;"January 30, 2026";"January 30, 2026 8:28:58 PM";"January 30, 2026 8:46:30 PM";;Ended OK;SPEGYPBR1:  calcul des estimations compteur suivant base référence technique;;SMART Table;No;1;No;CTMSRV;NRJNRJ_J24TRT_04_Q;;ldkctmp50;;3l48r
NRJ-ENERGY;NRJNRJ_J25TRT_04_Q;NRJNRJ_J25TRT_04_WRK01_Q;"January 30, 2026";"January 30, 2026 8:46:30 PM";"January 30, 2026 9:27:36 PM";;Ended OK;NRJ : Consolidation des index estimés à partir des estimations;SPEGYPBR2.sh;Job;No;1;No;CTMSRV;NRJNRJ_J25TRT_04_Q;dbanrj;ldkenep12;A_L_ENE12;3l439
NRJ-ENERGY;NRJNRJ_J26TRT_04_Q;NRJNRJ_J26TRT_04_99999_Q;"January 30, 2026";"January 30, 2026 9:32:50 PM";"January 30, 2026 9:32:50 PM";;Ended OK;SPEGYEVT10 : Fin de chaîne : Tableaux de bord;U112440999;Dummy;No;1;No;CTMSRV;NRJNRJ_J26TRT_04_Q;root;;;3l53s
NRJ-ENERGY;NRJNRJ_J26TRT_04_Q;NRJNRJ_J26TRT_04_WRK01_Q;"January 30, 2026";"January 30, 2026 9:27:37 PM";"January 30, 2026 9:27:49 PM";;Ended OK;NRJ : injection automatique des données;SPEGYEVT10.exe;Job;No;1;No;CTMSRV;NRJNRJ_J26TRT_04_Q;dbanrj;wdkenep11;A_W_ENE11;3l53o
NRJ-ENERGY;NRJNRJ_J26TRT_04_Q;NRJNRJ_J26TRT_04_WRK02_Q;"January 30, 2026";"January 30, 2026 9:27:37 PM";"January 30, 2026 9:32:49 PM";;Ended OK;NRJ : injection automatique des données;SPEGYEVT10.exe;Job;No;1;No;CTMSRV;NRJNRJ_J26TRT_04_Q;dbanrj;wdkenep13;A_W_ENE13;3l53r
NRJ-ENERGY;NRJNRJ_J26TRT_04_Q;NRJNRJ_J26TRT_04_WRK03_Q;"January 30, 2026";"January 30, 2026 9:27:37 PM";"January 30, 2026 9:32:49 PM";;Ended OK;NRJ : injection automatique des données;SPEGYEVT10.exe;Job;No;1;No;CTMSRV;NRJNRJ_J26TRT_04_Q;dbanrj;wdkenep12;A_W_ENE12;3l53p
NRJ-ENERGY;NRJNRJ_J26TRT_04_Q;NRJNRJ_J26TRT_04_WRK04_Q;"January 30, 2026";"January 30, 2026 9:27:37 PM";"January 30, 2026 9:32:49 PM";;Ended OK;NRJ : injection automatique des données;SPEGYEVT10.exe;Job;No;1;No;CTMSRV;NRJNRJ_J26TRT_04_Q;dbanrj;wdkenep14;A_W_ENE14;3l53q
NRJ-ENERGY;NRJNRJ_J27TRT_04_Q;NRJNRJ_J27TRT_04_99999_Q;"January 30, 2026";"January 30, 2026 10:26:46 PM";"January 30, 2026 10:26:46 PM";;Ended OK;SPEGYEVT10 : Fin de chaîne : Tableaux de bord;U112440999;Dummy;No;1;No;CTMSRV;NRJNRJ_J27TRT_04_Q;root;;;3l37b
NRJ-ENERGY;NRJNRJ_J27TRT_04_Q;NRJNRJ_J27TRT_04_WRK01_Q;"January 30, 2026";"January 30, 2026 10:19:38 PM";"January 30, 2026 10:26:42 PM";;Ended OK;NRJ : calcul ratio réel;SPEGYCAL2.exe;Job;No;1;No;CTMSRV;NRJNRJ_J27TRT_04_Q;dbanrj;wdkenep11;A_W_ENE11;3l377
NRJ-ENERGY;NRJNRJ_J27TRT_04_Q;NRJNRJ_J27TRT_04_WRK02_Q;"January 30, 2026";"January 30, 2026 10:19:38 PM";"January 30, 2026 10:26:45 PM";;Ended OK;NRJ :calcul ratio réel;SPEGYCAL2.exe;Job;No;1;No;CTMSRV;NRJNRJ_J27TRT_04_Q;dbanrj;wdkenep13;A_W_ENE13;3l37a
NRJ-ENERGY;NRJNRJ_J27TRT_04_Q;NRJNRJ_J27TRT_04_WRK03_Q;"January 30, 2026";"January 30, 2026 10:19:38 PM";"January 30, 2026 10:26:45 PM";;Ended OK;NRJ : calcul ratio réel;SPEGYCAL2.exe;Job;No;1;No;CTMSRV;NRJNRJ_J27TRT_04_Q;dbanrj;wdkenep12;A_W_ENE12;3l378
NRJ-ENERGY;NRJNRJ_J27TRT_04_Q;NRJNRJ_J27TRT_04_WRK04_Q;"January 30, 2026";"January 30, 2026 10:19:38 PM";"January 30, 2026 10:26:45 PM";;Ended OK;NRJ : calcul ratio réel;SPEGYCAL2.exe;Job;No;1;No;CTMSRV;NRJNRJ_J27TRT_04_Q;dbanrj;wdkenep14;A_W_ENE14;3l379
NRJ-ENERGY;NRJNRJ_J28TRT_04_Q;NRJNRJ_J28TRT_04_WRK01_Q;"January 30, 2026";"January 31, 2026 1:30:43 AM";"January 31, 2026 1:30:45 AM";;Ended OK;NRJ : SPEGYPLA1 :  Orchestration des OT RP1 par Energy dans Orion;SPEGYPLA1.sh;Job;No;1;No;CTMSRV;NRJNRJ_J28TRT_04_Q;dbanrj;ldkenep12;A_L_ENE12;3l4ij
NRJ-ENERGY;NRJNRJ_K12SVG_03_Q;NRJNRJ_K12SVG_03_ARC01_Q;"January 30, 2026";"January 31, 2026 7:30:00 AM";"January 31, 2026 7:30:00 AM";1300;Wait for Event;Sauvegarde Archivelogs de DBONRJP1  (Base 10g) -;backup_rman_10.sh;Dummy;No;10;Yes;CTMSRV;NRJNRJ_K12SVG_03_Q;oracle;;NOTEXIST;3l3rr
NRJ-ENERGY;NRJNRJ_K12SVG_03_Q;NRJNRJ_K12SVG_03_AVA01_Q;"January 30, 2026";"January 31, 2026 4:00:01 AM";"January 31, 2026 4:00:01 AM";;Ended OK;Sauvegarde AVAMAR du serveur UDKNRJP01:serveur decomm depuis le 14062019;LaunchSave.sh;Dummy;No;1;No;CTMSRV;NRJNRJ_K12SVG_03_Q;root;;NOTEXIST;3l3rq
NRJ-ENERGY;NRJNRJ_K12SVG_03_Q;NRJNRJ_K12SVG_03_FLG01_Q;"January 30, 2026";"January 30, 2026 7:00:40 PM";"January 30, 2026 7:00:40 PM";;Ended OK;"Fin des sauvegardes av Batch; base DPRNRJ";U512003910;Dummy;No;1;No;CTMSRV;NRJNRJ_K12SVG_03_Q;root;;;3l3rs
NRJ-ENERGY;NRJNRJ_K12SVG_03_Q;NRJNRJ_K12SVG_03_FLG02_Q;"January 30, 2026";"January 30, 2026 7:00:40 PM";"January 30, 2026 7:00:40 PM";;Ended OK;Fin Save av batch redemarrage  DPRNRJ;U512003919;Dummy;No;1;No;CTMSRV;NRJNRJ_K12SVG_03_Q;root;;;3l3rt
NRJ-ENERGY;NRJNRJ_K12SVG_03_Q;NRJNRJ_K12SVG_03_NBU02_Q;"January 30, 2026";"January 30, 2026 7:00:38 PM";"January 30, 2026 7:00:38 PM";;Ended OK;Save NBK jour de DPRNRJ sur UDKIFP01;BackupNetbackupRemote.ksh;Dummy;No;1;No;CTMSRV;NRJNRJ_K12SVG_03_Q;root;;NOTEXIST;3l3ru
NRJ-ENERGY;NRJNRJ_K12SVG_03_Q;NRJNRJ_K12SVG_03_NBU10_Q;"January 30, 2026";"January 31, 2026 12:15:00 AM";"January 31, 2026 12:15:00 AM";;Ended OK;Save Netbackup jour de DKAFR-MS100;NetbackupRemoteWinFull.ksh;Dummy;No;1;No;CTMSRV;NRJNRJ_K12SVG_03_Q;root;;NOTEXIST;3l3rw
NRJ-ENERGY;NRJNRJ_K12SVG_03_Q;NRJNRJ_K12SVG_03_NBU99_Q;"January 30, 2026";"January 31, 2026 12:15:00 AM";"January 31, 2026 12:15:00 AM";;Ended OK;Save Netbackup jour de DKAFR-MS099;NetbackupRemoteWinFull.ksh;Dummy;No;1;No;CTMSRV;NRJNRJ_K12SVG_03_Q;root;;NOTEXIST;3l3rv
NRJ-ENERGY;NRJNRJ_K12SVG_03_Q;NRJNRJ_K12SVG_03_RMA01_Q;"January 30, 2026";"January 31, 2026 4:00:00 AM";"January 31, 2026 4:00:00 AM";;Ended OK;Sauvegarde RMAN sur disque de DBONRJP1 (Base 10g) -;backup_rman_10.sh;Dummy;No;1;No;CTMSRV;NRJNRJ_K12SVG_03_Q;oracle;;NOTEXIST;3l3ro
NRJ-ENERGY;NRJNRJ_K12SVG_03_Q;NRJNRJ_K12SVG_03_RMA02_Q;"January 30, 2026";"January 31, 2026 4:00:00 AM";"January 31, 2026 4:00:00 AM";>;Ended OK;Sauvegarde RMAN sur bande de DBONRJP1 (Base 10g) -;backup_rman_10.sh;Dummy;No;1;No;CTMSRV;NRJNRJ_K12SVG_03_Q;oracle;;NOTEXIST;3l3rp
NRJ-ENERGY;NRJXXX_J11GEN_06_Q;NRJXXX_J11GEN_06_EXP01_Q;"January 30, 2026";"January 30, 2026 6:00:00 PM";"January 30, 2026 6:00:24 PM";1900;Ended OK;NRJ : Interface sortante des données PATRIMOINE ENERGY pour DACTECH CID CELERIS PIRENE;IEEGYDTE01.sh;Job;No;5;Yes;CTMSRV;NRJXXX_J11GEN_06_Q;dbanrj;ldkenep12;A_L_ENE12;3l2z0
NRJ-ENERGY;NRJXXX_J11GEN_06_Q;NRJXXX_J11GEN_06_FTP01_Q;"January 30, 2026";"January 30, 2026 6:11:00 PM";"January 30, 2026 6:11:01 PM";1900;Ended OK;NRJ : Envoi FTP du PATRIMOINEENERGY*.xml vers PFE;FTP_MULTI_GENERIQUE.ksh;Job;No;5;Yes;CTMSRV;NRJXXX_J11GEN_06_Q;root;ldkpfep11;A_L_PFE11;3l2yz
NRJ-ENERGY;NRJXXX_J11GEN_06_Q;NRJXXX_J11GEN_06_Q;"January 30, 2026";"January 30, 2026 1:30:14 PM";"January 30, 2026 6:11:01 PM";;Ended OK;NRJ : Interface sortante des données PATRIMOINE ENERGY pour DACTECH CID CELERIS PIRENE;;SMART Table;No;1;No;CTMSRV;NRJXXX_J11GEN_06_Q;dbanrj;ldkctmp50;;3l2yy
NRJ-ENERGY;NRJXXX_J15GEN_06_H;NRJXXX_J15GEN_06_EXP02_H;"January 30, 2026";;;;Wait for Event;Export full des stations météo le samedi;NRJXXX_J15GEN_06_EXP02_H.ksh;Job;No;0;No;CTMSRV;NRJXXX_J15GEN_06_H;dbanrj;A_L_ENE12;A_L_ENE12;3l4do
NRJ-ENERGY;NRJXXX_J15GEN_06_Q;NRJXXX_J15GEN_06_EXP01_Q;"January 30, 2026";"January 31, 2026 5:31:02 AM";"January 31, 2026 5:31:06 AM";;Ended OK;Export full des stations météo une fois par jour ( parm2 = 5);NRJXXX_J15GEN_06_EXP01_Q.ksh;Job;No;1;No;CTMSRV;NRJXXX_J15GEN_06_Q;dbanrj;ldkenep12;A_L_ENE12;3l4px
NRJ-ENERGY;NRJXXX_J15GEN_06_Q;NRJXXX_J15GEN_06_FTP01_Q;"January 30, 2026";"January 31, 2026 5:31:07 AM";"January 31, 2026 5:31:08 AM";;Ended OK;NRJ : Envoi FTP du stationsmeteo vers PFE;FTP_MULTI_GENERIQUE.ksh;Job;No;1;No;CTMSRV;NRJXXX_J15GEN_06_Q;root;ldkpfep11;A_L_PFE11;3l4py
NRJ-ENERGY;NRJXXX_J15GEN_06_Q;NRJXXX_J15GEN_06_Q;"January 30, 2026";"January 30, 2026 1:30:13 PM";"January 31, 2026 5:31:09 AM";;Ended OK;Export full des stations météo une fois par jour;;SMART Table;No;1;No;CTMSRV;NRJXXX_J15GEN_06_Q;;ldkctmp50;;3l4pw
NRJ-ENERGY;NRJXXX_J16GEN_06_Q;NRJXXX_J16GEN_06_EXP01_Q;"January 30, 2026";"January 31, 2026 5:31:07 AM";"January 31, 2026 5:32:01 AM";;Ended OK;Quotidien : Export des données météo (PARAM=05);NRJXXX_J16GEN_06_EXP01_Q.ksh;Job;No;1;No;CTMSRV;NRJXXX_J16GEN_06_Q;dbanrj;ldkenep12;A_L_ENE12;3l389
NRJ-ENERGY;NRJXXX_J16GEN_06_Q;NRJXXX_J16GEN_06_FTP01_Q;"January 30, 2026";"January 31, 2026 5:32:01 AM";"January 31, 2026 5:32:04 AM";;Ended OK;NRJ Transfert de donneesmeteo_* vers PFE;FTP_MULTI_GENERIQUE.ksh;Job;No;1;No;CTMSRV;NRJXXX_J16GEN_06_Q;root;ldkpfep11;A_L_PFE11;3l38a
NRJ-ENERGY;NRJXXX_J16GEN_06_Q;NRJXXX_J16GEN_06_Q;"January 30, 2026";"January 30, 2026 1:30:12 PM";"January 31, 2026 5:32:04 AM";;Ended OK;;;SMART Table;No;1;No;CTMSRV;NRJXXX_J16GEN_06_Q;;ldkctmp50;;3l388
NRJ-ENERGY;NRJXXX_J17GEN_06_Q;NRJXXX_J17GEN_06_EXP01_Q;"January 30, 2026";"January 30, 2026 2:31:18 PM";"January 30, 2026 2:32:10 PM";;Ended OK;Horaire : Export des données météo (PARAM=14);NRJXXX_J17GEN_06_EXP01_Q.ksh;Job;No;1;No;CTMSRV;NRJXXX_J17GEN_06_Q;dbanrj;ldkenep12;A_L_ENE12;3l2nv
NRJ-ENERGY;NRJXXX_J17GEN_06_Q;NRJXXX_J17GEN_06_FTP01_Q;"January 30, 2026";"January 30, 2026 2:32:11 PM";"January 30, 2026 2:32:13 PM";;Ended OK;NRJ Transfert de donneesmeteo_* vers PFE;FTP_MULTI_GENERIQUE.ksh;Job;No;1;No;CTMSRV;NRJXXX_J17GEN_06_Q;root;ldkpfep11;A_L_PFE11;3l2nw
NRJ-ENERGY;NRJXXX_J17GEN_06_Q;NRJXXX_J17GEN_06_Q;"January 30, 2026";"January 30, 2026 1:30:14 PM";"January 30, 2026 2:32:13 PM";;Ended OK;;;SMART Table;No;1;No;CTMSRV;NRJXXX_J17GEN_06_Q;;ldkctmp50;;3l2nu
NRJ-ENERGY;NRJXXX_J18GEN_06_Q;NRJXXX_J18GEN_06_EXP01_Q;"January 30, 2026";"January 30, 2026 6:31:07 PM";"January 30, 2026 6:31:57 PM";;Ended OK;Tri horaire : Export des données météo (PARAM=18);NRJXXX_J18GEN_06_EXP01_Q.ksh;Job;No;1;No;CTMSRV;NRJXXX_J18GEN_06_Q;dbanrj;ldkenep12;A_L_ENE12;3l2n1
NRJ-ENERGY;NRJXXX_J18GEN_06_Q;NRJXXX_J18GEN_06_FTP01_Q;"January 30, 2026";"January 30, 2026 6:31:57 PM";"January 30, 2026 6:32:00 PM";;Ended OK;NRJ Transfert de donneesmeteo_* vers PFE;FTP_MULTI_GENERIQUE.ksh;Job;No;1;No;CTMSRV;NRJXXX_J18GEN_06_Q;root;ldkpfep11;A_L_PFE11;3l2n2
NRJ-ENERGY;NRJXXX_J18GEN_06_Q;NRJXXX_J18GEN_06_Q;"January 30, 2026";"January 30, 2026 1:30:14 PM";"January 30, 2026 6:32:00 PM";;Ended OK;;;SMART Table;No;1;No;CTMSRV;NRJXXX_J18GEN_06_Q;;ldkctmp50;;3l2n0
NRJ-ENERGY;NRJXXX_J19GEN_06_H;NRJXXX_J19GEN_06_EXP01_H;"January 30, 2026";;;;Wait for Event;Tri horaire : Export des données météo (PARAM=10);NRJXXX_J19GEN_06_EXP01_H.ksh;Job;No;0;No;CTMSRV;NRJXXX_J19GEN_06_H;dbanrj;A_L_ENE12;A_L_ENE12;3l4oh
NRJ-ENERGY;NRJXXX_J19GEN_06_H;NRJXXX_J19GEN_06_FTP01_H;"January 30, 2026";;;;Wait for Event;NRJ Transfert de donneesmeteo_* vers PFE;FTP_MULTI_GENERIQUE.ksh;Job;No;0;No;CTMSRV;NRJXXX_J19GEN_06_H;root;A_L_PFE11;A_L_PFE11;3l4oi
NRJ-ENERGY;NRJXXX_J19GEN_06_Q;NRJXXX_J19GEN_06_EXP01_Q;"January 30, 2026";"January 30, 2026 10:15:11 PM";"January 30, 2026 10:18:45 PM";;Ended OK;NRJ : Interface sortante des données ENERGY pour INDICATEUR ENERGY INDICATEUR ELEMENT ENERGY ET EVENEMENT ENERGY POUR DATALAKE EVENEMENT ENERGY POUR CID CELERIS PIRENE;IEEGYLAK01.sh;Job;No;1;No;CTMSRV;NRJXXX_J19GEN_06_Q;dbanrj;ldkenep12;A_L_ENE12;3l2t9
NRJ-ENERGY;NRJXXX_J19GEN_06_Q;NRJXXX_J19GEN_06_FTP01_Q;"January 30, 2026";"January 30, 2026 10:18:45 PM";"January 30, 2026 10:18:47 PM";;Ended OK;NRJ : Envoi FTP du INDICATEURSENERGY_*.xml vers PFE;FTP_MULTI_GENERIQUE.ksh;Job;No;1;No;CTMSRV;NRJXXX_J19GEN_06_Q;root;ldkpfep11;A_L_PFE11;3l2t8
NRJ-ENERGY;NRJXXX_J19GEN_06_Q;NRJXXX_J19GEN_06_FTP02_Q;"January 30, 2026";"January 30, 2026 10:18:45 PM";"January 30, 2026 10:18:47 PM";;Ended OK;NRJ : Envoi FTP du EVENEMENTSENERGY_*.xml vers PFE;FTP_MULTI_GENERIQUE.ksh;Job;No;1;No;CTMSRV;NRJXXX_J19GEN_06_Q;root;ldkpfep11;A_L_PFE11;3l2ta
NRJ-ENERGY;NRJXXX_J19GEN_06_Q;NRJXXX_J19GEN_06_FTP03_Q;"January 30, 2026";"January 30, 2026 10:18:45 PM";"January 30, 2026 10:18:50 PM";;Ended OK;NRJ : Envoi FTP du INDICATEURSELEMENTENERGY_*.xml vers PFE;FTP_MULTI_GENERIQUE.ksh;Job;No;1;No;CTMSRV;NRJXXX_J19GEN_06_Q;root;ldkpfep11;A_L_PFE11;3l2tb
NRJ-ENERGY;NRJXXX_J19GEN_06_Q;NRJXXX_J19GEN_06_Q;"January 30, 2026";"January 30, 2026 1:30:11 PM";"January 30, 2026 10:18:51 PM";;Ended OK;NRJ : Interface sortante des données ENERGY pour INDICATEUR ENERGY INDICATEUR ELEMENT ENERGY ET EVENEMENT ENERGY POUR DATALAKE EVENEMENT ENERGY POUR CID CELERIS PIRENE;;SMART Table;No;1;No;CTMSRV;NRJXXX_J19GEN_06_Q;dbanrj;ldkctmp50;;3l2t7
NRJ-ENERGY;NRJXXX_J20GEN_06_Q;NRJXXX_J20GEN_06_EXP01_Q;"January 30, 2026";;;;Wait for Event;Tri horaire : Export des données météo (PARAM=09);NRJXXX_J20GEN_06_EXP01_Q.ksh;Job;No;0;No;CTMSRV;NRJXXX_J20GEN_06_Q;dbanrj;A_L_ENE12;A_L_ENE12;3l2o1
NRJ-ENERGY;NRJXXX_J20GEN_06_Q;NRJXXX_J20GEN_06_FTP01_Q;"January 30, 2026";;;;Wait for Event;NRJ Transfert de donneesmeteo_* vers PFE;FTP_MULTI_GENERIQUE.ksh;Job;No;0;No;CTMSRV;NRJXXX_J20GEN_06_Q;root;A_L_PFE11;A_L_PFE11;3l2o2
OCPU;OCPARR_E11STP_01;OCPARR_E11STP_01;"January 30, 2026";;;;Wait for Event;;;SMART Table;No;0;No;CTMSRV;OCPARR_E11STP_01;oracle;;;3l4xr
OCPU;OCPARR_E11STP_01;ORAOCP_E11STP_00_STP01_Q;"January 30, 2026";;;;Wait for Event;arret des  OCPU  GESTION  --mis en dummy tempo --;opc-action.ksh;Job;No;0;No;CTMSRV;OCPARR_E11STP_01;root;A_L_OEM02;A_L_OEM02;3l4xs
OCPU;OCPETI_E11ARR_01;OCPETI_E11ARR_01;"January 30, 2026";"January 30, 2026 8:00:00 PM";"January 30, 2026 8:05:38 PM";;Ended OK;;;SMART Table;No;1;No;CTMSRV;OCPETI_E11ARR_01;;ldkctmp50;;3l39r
OCPU;OCPETI_E11ARR_01;OCPETI_E11ARR_11_FLAG01_Q;"January 30, 2026";"January 30, 2026 8:00:00 PM";"January 30, 2026 8:00:00 PM";;Ended OK;arret des OCPU sur la pre-production;flags-opc.ksh;Job;No;1;No;CTMSRV;OCPETI_E11ARR_01;ocpuflags;ldkoemp02;A_L_OEM02;3l39u
OCPU;OCPETI_E11ARR_01;OCPETI_E11ARR_12_ARR02_Q;"January 30, 2026";"January 30, 2026 8:00:00 PM";"January 30, 2026 8:05:32 PM";;Ended OK;mail ::diminution des OCPU sur la  eti -mis en dummy tempo --;opc-action.ksh;Job;No;1;No;CTMSRV;OCPETI_E11ARR_01;root;ldkoemp02;A_L_OEM02;3l39s
OCPU;OCPETI_E11ARR_01;OCPETI_E11ARR_13_TST02_Q;"January 30, 2026";"January 30, 2026 8:05:33 PM";"January 30, 2026 8:05:35 PM";;Ended OK;mail ::test diminution des OCPU sur la  eti -mis en dummy tempo --;opc-action.ksh;Job;No;1;No;CTMSRV;OCPETI_E11ARR_01;root;ldkoemp02;A_L_OEM02;3l39v
OCPU;OCPETI_E11ARR_01;OCPETI_E11ARR_15_FLAG01_Q;"January 30, 2026";"January 30, 2026 8:05:36 PM";"January 30, 2026 8:05:37 PM";;Ended OK;mail ::diminution des OCPU sur la  eti;flags-opc.ksh;Job;No;1;No;CTMSRV;OCPETI_E11ARR_01;ocpuflags;ldkoemp02;A_L_OEM02;3l39t
ORA-ORA;CDBCRT_K13SVG_01_Q;CDBCRT_K13SVG_02_ARCH_Q;"January 30, 2026";;;;Wait Host;Sauvegarde EXACC : Backup Arch -CRT standby;;Command;No;0;No;CTMSRV;CDBCRT_K13SVG_01_Q1;oracle;A_L_OEM03;A_L_OEM03;3l36y
ORA-ORA;CDBDTR_K13SVG_01_Q;CDBDTR_K13SVG_02_INC01_Q;"January 30, 2026";"January 30, 2026 9:00:00 PM";"January 30, 2026 10:19:49 PM";;Ended OK;Sauvegarde EXACC : TEST;;Command;No;1;No;CTMSRV;CDBDTR_K13SVG_01_Q;oracle;ldkoemp02;A_L_OEM02;3l4su
ORA-ORA;CDBFIN_K13SVG_01_Q;CDBFIN_K13SVG_02_ARCH_Q;"January 30, 2026";"January 30, 2026 5:00:00 PM";"January 30, 2026 5:04:54 PM";;Ended OK;Sauvegarde EXACC : Backup Finance archive rman intermediaire;;Command;No;1;No;CTMSRV;CDBFIN_K13SVG_01_Q;oracle;ldkoemp02;A_L_OEM02;3l3wp
ORA-ORA;CDBNRJ_K13SVG_01_Q;CDBNRJ_K13SVG_02_INC01_Q;"January 30, 2026";"January 30, 2026 6:00:00 PM";"January 30, 2026 6:04:30 PM";;Ended OK;Sauvegarde EXACC : backup NRJ inc1 quotidienne en semaine du lundi au samedi;;Command;No;1;No;CTMSRV;CDBNRJ_K13SVG_01_H;oracle;ldkoemp02;A_L_OEM02;3l4u1
ORA-ORA;CDBPFE_K13SVG_01_Q;CDBPFE_K13SVG_02_INC01_Q;"January 30, 2026";"January 30, 2026 7:00:00 PM";"January 30, 2026 7:05:15 PM";;Ended OK;Sauvegarde EXACC : Backup Full - inc1 PFE;;Command;No;1;No;CTMSRV;CDBPFE_K13SVG_01_Q;oracle;ldkoemp02;A_L_OEM02;3l30p
ORA-ORA;CDBSSO_K13SVG_01_Q;CDBSSO_K13SVG_02_INC01_Q;"January 30, 2026";"January 30, 2026 7:30:00 PM";"January 30, 2026 7:31:12 PM";;Ended OK;Sauvegarde EXACC : Backup Full - inc1 SSO;;Command;No;1;No;CTMSRV;CDBSSO_K13SVG_01_Q1;oracle;ldkoemp02;A_L_OEM02;3l3ue
PKI-PKI;CRTPKI_J11TRT_04_Q;CRTPKI_J11_TRT_04_PRT_Q;"January 30, 2026";"January 30, 2026 11:55:00 PM";"January 30, 2026 11:55:07 PM";2359;Wait for Event;script sofrel ::Sofrel.ps1;"powershell -command ""Sofrel.ps1""";Command;No;126;Yes;CTMSRV;CRTPKI_J11TRT_04_Q;WDKCRTSFP01\NETWORK SERVICE;wdkcrtsfp01;A_W_CRTSF01;3l35b
PKI-PKI;PKICRT_J11TRT_04_Q;PKICRT_J11TRT_04_Q;"January 30, 2026";"January 30, 2026 1:30:13 PM";"January 31, 2026 1:02:45 AM";;Ended OK;;;SMART Table;No;1;No;CTMSRV;PKICRT_J11TRT_04_Q;;ldkctmp50;;3l4c2
PKI-PKI;PKICRT_J11TRT_04_Q;PKICRT_J11_TRT_04_PRT_Q;"January 30, 2026";"January 31, 2026 1:00:00 AM";"January 31, 2026 1:02:44 AM";>;Ended OK;generation de la CRL;;Command;No;1;No;CTMSRV;PKICRT_J11TRT_04_Q;crtprd\pki-adm-srv;wdkcrtpkp10;A_W_CRTPK10;3l4c3
PKI-PKI;PKIPKI_EXPLOI_04_Q;PKIPKI_EXPLOI_04_GEN01_Q;"January 30, 2026";"January 31, 2026 2:00:00 AM";"January 31, 2026 2:00:06 AM";;Ended OK;Génération de la CRL;certutil.exe;Command;No;1;No;CTMSRV;PKIPKI_EXPLOI_04_Q;svce_cm;wdkpkip10;A_W_PKI10;3l4ab
PKI-PKI;PKIPKI_EXPLOI_04_Q;PKIPKI_EXPLOI_04_MDB01_Q;"January 30, 2026";"January 31, 2026 5:00:00 AM";"January 31, 2026 5:00:04 AM";;Ended OK;Maintenance de la Base de donnée;maintenance_DB.ps1;Command;No;1;No;CTMSRV;PKIPKI_EXPLOI_04_Q;svce_cm;wdkpkip10;A_W_PKI10;3l4ad
PKI-PKI;PKIPKI_EXPLOI_04_Q;PKIPKI_EXPLOI_04_PUR01_Q;"January 30, 2026";"January 31, 2026 4:00:00 AM";"January 31, 2026 4:00:05 AM";;Ended OK;Purge des sauvegardes de logs;Purge_des_fichiers_de_logs.ps1;Command;No;1;No;CTMSRV;PKIPKI_EXPLOI_04_Q;svce_cm;wdkpkip10;A_W_PKI10;3l4aa
PKI-PKI;PKIPKI_EXPLOI_04_Q;PKIPKI_EXPLOI_04_Q;"January 30, 2026";"January 30, 2026 1:30:13 PM";"January 31, 2026 5:00:05 AM";;Ended Not OK;Traitement en interne pour l'application PKI avec reboot;;SMART Table;No;1;No;CTMSRV;PKIPKI_EXPLOI_04_Q;;ldkctmp50;;3l4a9
PKI-PKI;PKIPKI_EXPLOI_04_Q;PKIPKI_EXPLOI_04_SVG01_Q;"January 30, 2026";"January 31, 2026 2:00:00 AM";"January 31, 2026 2:00:04 AM";;Ended Not OK;Sauvegarde;Backup.ps1;Command;No;1;No;CTMSRV;PKIPKI_EXPLOI_04_Q;svce_cm;wdkpkip10;A_W_PKI10;3l4ac
PKI-PKI;PKIPKI_K11SVG_03_Q;PKIPKI_K11SVG_03_Q;"January 30, 2026";"January 30, 2026 1:30:14 PM";"January 30, 2026 1:32:46 PM";;Ended OK;;;SMART Table;No;1;No;CTMSRV;PKIPKI_K11SVG_03_Q;;ldkctmp50;;3l572
PKI-PKI;PKIPKI_K11SVG_03_Q;PKIPKI_K11SVG_03_SAV_Q;"January 30, 2026";"January 30, 2026 1:30:14 PM";"January 30, 2026 1:32:45 PM";0100;Ended OK;Backup de l'enviroment PKI;backup.cmd;Job;No;1;No;CTMSRV;PKIPKI_K11SVG_03_Q;crtprd\pki-adm-srv;wdkcrtpkp10;A_W_CRTPK10;3l573
SI-GESTION;MAINTENANCE_OEM_GESTION;MAINTENANCE_OEM_GESTION;"January 30, 2026";"January 30, 2026 1:30:12 PM";"January 30, 2026 1:30:16 PM";;Ended OK;MAINTENANCE_OEM_GESTION;;SMART Table;No;1;No;CTMSRV;MAINTENANCE_OEM_GESTION;;ldkctmp50;;3l3hc
SRN-SIRENE;SRNSRN_J11FLX_07_Q;SRNSRN_J11FLX_07_MOV01_Q;"January 30, 2026";;;;Wait for Event;SRN : Move du fichier SIRENE_Etablissement_*.csv vers la PFE;;Command;No;0;No;CTMSRV;SRNSRN_J11FLX_07_Q;root;A_L_SRN01;A_L_SRN01;3l4vz
SRN-SIRENE;SRNSRN_J11FLX_07_Q;SRNSRN_J11FLX_07_MOV02_Q;"January 30, 2026";;;;Wait for Event;SRN : Move du fichier SIRENE_Entreprise_*.csv vers la PFE;;Command;No;0;No;CTMSRV;SRNSRN_J11FLX_07_Q;root;A_L_SRN01;A_L_SRN01;3l4w0
SRN-SIRENE;SRNSRN_J11FLX_07_Q;SRNSRN_J11FLX_07_Q;"January 30, 2026";;;;Wait for Event;;;SMART Table;No;0;No;CTMSRV;SRNSRN_J11FLX_07_Q;;;;3l4vy
SRN-SIRENE;SRNSRN_J11TRT_04_Q;SRNSRN_J11TRT_04_Q;"January 30, 2026";"January 30, 2026 1:30:13 PM";;;Executing;;;SMART Table;No;1;No;CTMSRV;SRNSRN_J11TRT_04_Q;;ldkctmp50;;3l3yt
SRN-SIRENE;SRNSRN_J11TRT_04_Q;SRNSRN_J11TRT_04_WRK01_Q;"January 30, 2026";"January 30, 2026 1:30:13 PM";"January 30, 2026 2:19:02 PM";;Ended Not OK;SRN : Batch de mise a jour depuis la base INSEE;insee.sh;Job;No;1;No;CTMSRV;SRNSRN_J11TRT_04_Q;dalkia-adm;ldksrnp01;A_L_SRN01;3l3yu
SRN-SIRENE;SRNSRN_J11TRT_04_Q;SRNSRN_J11TRT_04_WRK02_Q;"January 30, 2026";;;;Wait for Event;SRN : Batch de diffusion des mises a jour partenaires;diffusion-quotidienne.sh;Job;No;0;No;CTMSRV;SRNSRN_J11TRT_04_Q;dalkia-adm;A_L_SRN01;A_L_SRN01;3l3yv
